date,code,open,high,low,close,preclose,volume,amount,adjustflag,turn,tradestatus,pctChg,peTTM,pbMRQ,psTTM,pcfNcfTTM,isST
2023-06-26,sh.601999,6.8264420000,6.9337146600,6.4363596000,6.4558637200,6.8752023000,11167180,75561315.2000,2,2.027000,1,-6.099300,45.907418,1.493727,1.413583,50.208072,0
2023-06-27,sh.601999,6.5436322600,6.6216487400,6.3973513600,6.5728884400,6.4558637200,10621736,71143825.3100,2,1.928000,1,1.812700,46.739577,1.520803,1.439207,51.118188,0
2023-06-28,sh.601999,6.5241281400,6.5338802000,6.2510704600,6.4656157800,6.5728884400,12193100,79689756.0000,2,2.213200,1,-1.632000,45.976764,1.495983,1.415719,50.283915,0
2023-06-29,sh.601999,6.4948719600,6.5631363800,6.3973513600,6.4948719600,6.4656157800,11061110,73487017.5000,2,2.007800,1,0.452500,46.184804,1.502752,1.422125,50.511444,0
2023-06-30,sh.601999,6.4948719600,6.5728884400,6.4071034200,6.5338802000,6.4948719600,7681110,51198994.1000,2,1.394200,1,0.600600,46.462190,1.511778,1.430666,50.814816,0
2023-07-03,sh.601999,6.5338802000,6.5436322600,6.3485910600,6.4948719600,6.5338802000,9938610,65688567.5000,2,1.804000,1,-0.597000,46.184804,1.502752,1.422125,50.511444,0
2023-07-04,sh.601999,6.4461116600,6.4948719600,6.4168554800,6.4753678400,6.4948719600,6131310,40547293.9000,2,1.112900,1,-0.300300,46.046111,1.498239,1.417854,50.359758,0
2023-07-05,sh.601999,6.4558637200,6.5046240200,6.4071034200,6.4266075400,6.4753678400,7961700,52655155.0000,2,1.445200,1,-0.753000,45.699378,1.486957,1.407177,49.980543,0
2023-07-06,sh.601999,6.4266075400,6.4851199000,6.3875993000,6.3973513600,6.4266075400,6938900,45775128.0000,2,1.259500,1,-0.455200,45.491339,1.480188,1.400771,49.753014,0
2023-07-07,sh.601999,6.4168554800,6.4363596000,6.2705745800,6.3875993000,6.3973513600,7572426,49377779.7000,2,1.374500,1,-0.152400,45.421992,1.477932,1.398636,49.677171,0
2023-07-10,sh.601999,6.3778472400,6.4851199000,6.3778472400,6.4753678400,6.3875993000,6244635,41302895.4000,2,1.133500,1,1.374000,46.046111,1.498239,1.417854,50.359758,0
2023-07-11,sh.601999,6.4461116600,6.5241281400,6.3583431200,6.4656157800,6.4753678400,6586500,43657560.0000,2,1.195600,1,-0.150600,45.976764,1.495983,1.415719,50.283915,0
2023-07-12,sh.601999,6.4461116600,6.5143760800,6.3095828200,6.3193348800,6.4656157800,7077610,46439134.7000,2,1.284700,1,-2.262400,44.936566,1.462137,1.383689,49.146270,0
2023-07-13,sh.601999,6.2998307600,6.5143760800,6.2803266400,6.4948719600,6.3193348800,11483875,75650670.9000,2,2.084500,1,2.777800,46.184804,1.502752,1.422125,50.511444,0
2023-07-14,sh.601999,6.5533843200,6.7679296400,6.5436322600,6.7386734600,6.4948719600,17807200,122146215.1600,2,3.232300,1,3.753800,47.918468,1.559162,1.475508,52.407519,0
2023-07-17,sh.601999,6.6801611000,6.7971858200,6.5436322600,6.6899131600,6.7386734600,11020400,75388804.9000,2,2.000400,1,-0.723600,47.571735,1.547880,1.464831,52.028304,0
2023-07-18,sh.601999,6.6801611000,6.6801611000,6.5533843200,6.5728884400,6.6899131600,7256096,49122119.0400,2,1.317100,1,-1.749300,46.739577,1.520803,1.439207,51.118188,0
2023-07-19,sh.601999,6.5533843200,6.6899131600,6.5533843200,6.6899131600,6.5728884400,6735900,45827025.0000,2,1.222700,1,1.780400,47.571735,1.547880,1.464831,52.028304,0
2023-07-20,sh.601999,6.6704090400,6.7386734600,6.5826405000,6.6118966800,6.6899131600,6910593,47191539.8400,2,1.254400,1,-1.166200,47.016963,1.529829,1.447749,51.421560,0
2023-07-21,sh.601999,6.6606569800,6.7191693400,6.5631363800,6.6606569800,6.6118966800,6861200,46783923.0000,2,1.245400,1,0.737500,47.363696,1.541111,1.458425,51.800775,0
2023-07-24,sh.601999,6.6021446200,6.7679296400,6.5826405000,6.7191693400,6.6606569800,6257400,43008671.0000,2,1.135800,1,0.878500,47.779775,1.554649,1.471237,52.255833,0
2023-07-25,sh.601999,6.7484255200,6.8556981800,6.6704090400,6.7971858200,6.7191693400,7266100,50423018.0000,2,1.318900,1,1.161100,48.334547,1.572700,1.488320,52.862577,0
2023-07-26,sh.601999,6.7581775800,6.7776817000,6.6314008000,6.6801611000,6.7971858200,6930700,47482553.0000,2,1.258000,1,-1.721700,47.502389,1.545624,1.462696,51.952461,0
2023-07-27,sh.601999,6.6801611000,6.6996652200,6.5338802000,6.5436322600,6.6801611000,6437016,43574497.2000,2,1.168400,1,-2.043800,46.531537,1.514034,1.432801,50.890659,0
2023-07-28,sh.601999,6.5241281400,6.5533843200,6.4363596000,6.4851199000,6.5436322600,7793196,51854143.4600,2,1.414600,1,-0.894200,46.115458,1.500496,1.419989,50.435601,0
2023-07-31,sh.601999,6.4851199000,6.7191693400,6.4461116600,6.6996652200,6.4851199000,10187201,69113084.6500,2,1.849100,1,3.308300,47.641082,1.550136,1.466966,52.104147,0
2023-08-01,sh.601999,6.6996652200,6.7484255200,6.6216487400,6.7191693400,6.6996652200,9405400,64569166.0100,2,1.707200,1,0.291100,47.779775,1.554649,1.471237,52.255833,0
2023-08-02,sh.601999,6.7094172800,6.7094172800,6.5533843200,6.6021446200,6.7191693400,8680026,58886640.9900,2,1.575600,1,-1.741700,46.947616,1.527572,1.445613,51.345717,0
2023-08-03,sh.601999,6.6118966800,6.6118966800,6.5143760800,6.5241281400,6.6021446200,5451600,36577750.7500,2,0.989600,1,-1.181700,46.392844,1.509521,1.428531,50.738973,0
2023-08-04,sh.601999,6.5143760800,6.7289214000,6.5143760800,6.6801611000,6.5241281400,9050525,61737324.2500,2,1.642800,1,2.391600,47.502389,1.545624,1.462696,51.952461,0
2023-08-07,sh.601999,6.6899131600,6.8556981800,6.6606569800,6.7971858200,6.6801611000,12751225,88451576.8000,2,2.314600,1,1.751800,48.334547,1.572700,1.488320,52.862577,0
2023-08-08,sh.601999,6.7581775800,7.4798300200,6.7386734600,7.4798300200,6.7971858200,19979154,150515461.9300,2,3.626500,1,10.043000,53.188806,1.730647,1.637792,58.171588,0
2023-08-09,sh.601999,7.4700779600,7.7723918200,7.1872682200,7.2555326400,7.4798300200,63439780,486032684.0500,2,11.515400,1,-2.998700,51.593835,1.678750,1.588680,56.427199,0
2023-08-10,sh.601999,7.2555326400,7.2847888200,7.0604914400,7.1482599800,7.2555326400,32739550,239686390.7000,2,5.942800,1,-1.478500,50.831023,1.653930,1.565191,55.592926,0
2023-08-11,sh.601999,7.1092517400,7.1677641000,6.9824749600,7.0994996800,7.1482599800,25838345,187221671.0500,2,4.690100,1,-0.682100,50.484290,1.642648,1.554515,55.213710,0
2023-08-14,sh.601999,7.0214832000,7.3823094200,6.8264420000,7.3823094200,7.0994996800,42474847,312492325.5900,2,7.709900,1,3.983500,52.495340,1.708083,1.616439,57.413158,0
2023-08-15,sh.601999,7.2360285200,7.2457805800,6.9727229000,7.0117311400,7.3823094200,27558050,199941271.7500,2,5.002200,1,-5.019800,49.860171,1.622341,1.535297,54.531123,0
2023-08-16,sh.601999,7.0117311400,7.0117311400,6.5338802000,6.6606569800,7.0117311400,28798329,197431506.1600,2,5.227400,1,-5.007000,47.363696,1.541111,1.458425,51.800775,0
2023-08-17,sh.601999,6.6314008000,6.6509049200,6.3875993000,6.5533843200,6.6606569800,17171162,114402985.2100,2,3.116800,1,-1.610500,46.600883,1.516290,1.434937,50.966502,0
2023-08-18,sh.601999,6.5143760800,6.5826405000,6.2510704600,6.2510704600,6.5533843200,18513201,121541184.4400,2,3.360400,1,-4.613100,44.451140,1.446343,1.368742,48.615369,0
2023-08-21,sh.601999,6.2413184000,6.3095828200,6.1437978000,6.2315663400,6.2510704600,14385808,91859152.5400,2,2.611300,1,-0.312000,44.312447,1.441830,1.364471,48.463683,0
2023-08-22,sh.601999,6.2218142800,6.4071034200,6.1437978000,6.4071034200,6.2315663400,14907926,96213886.2800,2,2.706000,1,2.816900,45.560685,1.482445,1.402907,49.828857,0
2023-08-23,sh.601999,6.3388390000,6.4461116600,6.2315663400,6.3680951800,6.4071034200,13880375,90414269.2500,2,2.519500,1,-0.608800,45.283299,1.473419,1.394365,49.525485,0
2023-08-24,sh.601999,6.3290869400,6.9922270200,6.3290869400,6.7971858200,6.3680951800,38877930,268197114.4700,2,7.057000,1,6.738100,48.334547,1.572700,1.488320,52.862577,0
2023-08-25,sh.601999,6.7383364500,6.8854617000,6.5225527500,6.5519778000,6.7971865500,22776451,155397451.0000,2,4.134300,1,-3.607500,46.323497,1.507265,1.426395,50.663130,0
2023-08-28,sh.601999,6.9345034500,7.0129702500,6.6010195500,6.6206362500,6.5519778000,15856500,108530969.0000,2,2.878200,1,1.047900,46.808923,1.523060,1.441343,51.194031,0
2023-08-29,sh.601999,6.5912112000,6.9246951000,6.5519778000,6.8952700500,6.6206362500,16324959,113372966.1500,2,2.963200,1,4.148100,48.750627,1.586238,1.501132,53.317635,0
2023-08-30,sh.601999,6.8658450000,6.9541201500,6.7775698500,6.8952700500,6.8952700500,15556847,108759134.7100,2,2.823800,1,0.000000,41.673189,1.589751,1.447577,34.241656,0
2023-08-31,sh.601999,6.8560366500,6.8952700500,6.7775698500,6.8168032500,6.8952700500,10069100,70025956.0000,2,1.827700,1,-1.138000,41.198957,1.571660,1.431104,33.851993,0
2023-09-01,sh.601999,6.7775698500,6.8756533500,6.6892947000,6.7089114000,6.8168032500,9930372,68347820.0200,2,1.802500,1,-1.582700,40.546887,1.546784,1.408453,33.316206,0
2023-09-04,sh.601999,6.7481448000,6.7971865500,6.6892947000,6.7579531500,6.7089114000,7255208,49856696.6400,2,1.316900,1,0.731000,40.843282,1.558091,1.418749,33.559745,0
2023-09-05,sh.601999,6.7481448000,6.8168032500,6.5814028500,6.6108279000,6.7579531500,8767895,59271203.3500,2,1.591500,1,-2.177100,39.954096,1.524171,1.387862,32.829127,0
2023-09-06,sh.601999,6.5814028500,6.5814028500,6.4538943000,6.4735110000,6.6108279000,8562700,56638177.0000,2,1.554300,1,-2.077200,39.124189,1.492511,1.359034,32.147216,0
2023-09-07,sh.601999,6.4637026500,6.5323611000,6.3754275000,6.3754275000,6.4735110000,6798700,44538139.0000,2,1.234100,1,-1.515200,38.531398,1.469897,1.338442,31.660137,0
2023-09-08,sh.601999,6.3165774000,6.3656191500,6.2381106000,6.2675356500,6.3754275000,7590300,48619990.0000,2,1.377800,1,-1.692300,37.879329,1.445022,1.315792,31.124350,0
2023-09-11,sh.601999,6.2577273000,6.4146609000,6.2479189500,6.3950442000,6.2675356500,9916000,64028109.0000,2,1.799900,1,2.034400,38.649957,1.474420,1.342561,31.757553,0
2023-09-12,sh.601999,6.3558108000,6.3852358500,6.3067690500,6.3656191500,6.3950442000,6144272,39761532.9800,2,1.115300,1,-0.460100,38.472119,1.467636,1.336383,31.611429,0
2023-09-13,sh.601999,6.3165774000,6.3558108000,6.2577273000,6.2871523500,6.3656191500,7363600,47252280.0000,2,1.336600,1,-1.232700,37.997887,1.449545,1.319910,31.221766,0
2023-09-14,sh.601999,6.2871523500,6.2871523500,6.1792605000,6.2381106000,6.2871523500,7223600,45862770.0000,2,1.311200,1,-0.780000,37.701491,1.438238,1.309614,30.978226,0
2023-09-15,sh.601999,6.2086855500,6.3460024500,6.2086855500,6.2871523500,6.2381106000,6161900,39550519.0000,2,1.118500,1,0.786200,37.997887,1.449545,1.319910,31.221766,0
2023-09-18,sh.601999,6.2675356500,6.3852358500,6.1890688500,6.3460024500,6.2871523500,5601800,36029117.0000,2,1.016800,1,0.936000,38.353561,1.463113,1.332265,31.514013,0
2023-09-19,sh.601999,6.3361941000,6.4146609000,6.2675356500,6.2675356500,6.3460024500,5140900,33132178.0000,2,0.933200,1,-1.236500,37.879329,1.445022,1.315792,31.124350,0
2023-09-20,sh.601999,6.2577273000,6.3067690500,6.2086855500,6.2086855500,6.2675356500,5092100,32455237.0000,2,0.924300,1,-0.939000,37.523654,1.431454,1.303437,30.832103,0
2023-09-21,sh.601999,6.1890688500,6.2381106000,6.1204104000,6.1596438000,6.2086855500,4505300,28348575.0000,2,0.817800,1,-0.789900,37.227259,1.420147,1.293141,30.588563,0
2023-09-22,sh.601999,6.1596438000,6.3754275000,6.1204104000,6.3558108000,6.1596438000,8640817,55418679.8400,2,1.568400,1,3.184700,38.412840,1.465375,1.334324,31.562721,0
2023-09-25,sh.601999,6.3656191500,6.3656191500,6.2381106000,6.2773440000,6.3558108000,6332825,40560449.7500,2,1.149500,1,-1.234600,37.938608,1.447284,1.317851,31.173058,0
2023-09-26,sh.601999,6.2871523500,6.3361941000,6.2479189500,6.3165774000,6.2773440000,5784601,37230288.1100,2,1.050000,1,0.625000,38.175724,1.456329,1.326087,31.367890,0
2023-09-27,sh.601999,6.3165774000,6.3361941000,6.2675356500,6.2969607000,6.3165774000,4988900,32054997.0000,2,0.905600,1,-0.310600,38.057166,1.451806,1.321969,31.270474,0
2023-09-28,sh.601999,6.2969607000,6.3950442000,6.2871523500,6.3558108000,6.2969607000,5077101,32860876.4500,2,0.921600,1,0.934600,38.412840,1.465375,1.334324,31.562721,0
2023-10-09,sh.601999,6.3754275000,6.3950442000,6.2577273000,6.2675356500,6.3558108000,8133025,52431278.1400,2,1.476300,1,-1.388900,37.879329,1.445022,1.315792,31.124350,0
2023-10-10,sh.601999,6.3067690500,6.3754275000,6.2675356500,6.3361941000,6.2675356500,5582100,36042883.0000,2,1.013200,1,1.095500,38.294282,1.460852,1.330206,31.465306,0
2023-10-11,sh.601999,6.3754275000,6.5323611000,6.3067690500,6.4244692500,6.3361941000,10121439,66550119.5600,2,1.837200,1,1.393200,38.827794,1.481204,1.348738,31.903677,0
2023-10-12,sh.601999,6.4342776000,6.4637026500,6.2675356500,6.2675356500,6.4244692500,8148400,52336727.0000,2,1.479100,1,-2.442700,37.879329,1.445022,1.315792,31.124350,0
2023-10-13,sh.601999,6.2479189500,6.2969607000,6.1988772000,6.2086855500,6.2675356500,4286307,27237327.3000,2,0.778000,1,-0.939000,37.523654,1.431454,1.303437,30.832103,0
2023-10-16,sh.601999,6.1988772000,6.2184939000,6.1204104000,6.1596438000,6.2086855500,4155951,26068485.2400,2,0.754400,1,-0.789900,37.227259,1.420147,1.293141,30.588563,0
2023-10-17,sh.601999,6.1596438000,6.2184939000,6.1400271000,6.1792605000,6.1596438000,3681049,23180622.7000,2,0.668200,1,0.318500,37.345817,1.424670,1.297259,30.685979,0
2023-10-18,sh.601999,6.1302187500,6.1596438000,6.0027102000,6.0125185500,6.1792605000,4473100,27561498.0000,2,0.811900,1,-2.698400,36.338073,1.386226,1.262254,29.857945,0
2023-10-19,sh.601999,5.9732851500,6.1302187500,5.9732851500,6.0027102000,6.0125185500,3799362,23477208.4400,2,0.689600,1,-0.163100,36.278794,1.383965,1.260195,29.809237,0
2023-10-20,sh.601999,6.0223269000,6.0517519500,5.9046267000,5.9536684500,6.0027102000,4943600,29997290.0000,2,0.897300,1,-0.817000,35.982398,1.372658,1.249899,29.565697,0
2023-10-23,sh.601999,5.9340517500,5.9438601000,5.7673098000,5.8065432000,5.9536684500,3445400,20495489.0000,2,0.625400,1,-2.471200,35.093212,1.338737,1.219012,28.835079,0
2023-10-24,sh.601999,5.8065432000,6.0419436000,5.8065432000,5.9929018500,5.8065432000,4514900,27406651.0000,2,0.819500,1,3.209500,36.219514,1.381704,1.258136,29.760529,0
2023-10-25,sh.601999,6.0321352500,6.1596438000,6.0223269000,6.0713686500,5.9929018500,5375300,33423565.0000,2,0.975700,1,1.309300,36.693747,1.399795,1.274609,30.150192,0
2023-10-26,sh.601999,5.9929018500,6.1106020500,5.9929018500,6.0909853500,6.0713686500,2731400,16885086.0000,2,0.495800,1,0.323100,36.812305,1.404317,1.278727,30.247608,0
2023-10-27,sh.601999,6.0909853500,6.1498354500,6.0223269000,6.1400271000,6.0909853500,3411100,21208077.0000,2,0.619200,1,0.805200,37.108701,1.415624,1.289023,30.491147,0
2023-10-30,sh.601999,6.1890688500,6.3460024500,6.1694521500,6.3361941000,6.1400271000,8118330,52127222.2500,2,1.473600,1,3.194900,34.489676,1.431376,1.391870,19.607570,0
2023-10-31,sh.601999,6.3460024500,6.4440859500,6.2871523500,6.3558108000,6.3361941000,8113254,52640769.2200,2,1.472700,1,0.309600,34.596455,1.435807,1.396179,19.668274,0
2023-11-01,sh.601999,6.3460024500,6.4931277000,6.3165774000,6.4735110000,6.3558108000,8030601,52796502.5500,2,1.457700,1,1.851900,35.237130,1.462396,1.422034,20.032502,0
2023-11-02,sh.601999,6.4146609000,6.6304446000,6.4146609000,6.5814028500,6.4735110000,8748012,58649614.8700,2,1.587900,1,1.666700,35.824416,1.486770,1.445735,20.366377,0
2023-11-03,sh.601999,6.5323611000,6.5912112000,6.4637026500,6.5225527500,6.5814028500,7051734,46922076.1500,2,1.280000,1,-0.894200,35.504078,1.473475,1.432807,20.184263,0
2023-11-06,sh.601999,6.5715945000,6.7187197500,6.5617861500,6.7089114000,6.5225527500,8450497,57392156.8600,2,1.533900,1,2.857100,36.518480,1.515575,1.473744,20.760956,0
2023-11-07,sh.601999,6.7285281000,6.8266116000,6.6892947000,6.8069949000,6.7089114000,8703900,60081202.0000,2,1.579900,1,1.462000,37.052376,1.537732,1.495290,21.064479,0
2023-11-08,sh.601999,6.7775698500,7.0129702500,6.7677615000,6.9443118000,6.8069949000,11748200,83111499.8300,2,2.132500,1,2.017300,37.799830,1.568753,1.525455,21.489411,0
2023-11-09,sh.601999,6.9443118000,7.0620120000,6.8658450000,6.9148867500,6.9443118000,10664119,75222122.0700,2,1.935700,1,-0.423700,37.639662,1.562105,1.518991,21.398354,0
2023-11-10,sh.601999,6.9443118000,6.9541201500,6.7579531500,6.7873782000,6.9148867500,8315800,57776720.2200,2,1.509500,1,-1.844000,36.945597,1.533301,1.490981,21.003774,0
2023-11-13,sh.601999,6.7677615000,6.9246951000,6.7677615000,6.8658450000,6.7873782000,7554463,52822747.4900,2,1.371300,1,1.156100,37.372714,1.551027,1.508218,21.246593,0
2023-11-14,sh.601999,6.9050784000,6.9050784000,6.7775698500,6.7971865500,6.8658450000,4858913,33715837.3500,2,0.882000,1,-1.000000,36.998987,1.535516,1.493136,21.034127,0
2023-11-15,sh.601999,6.8266116000,6.8756533500,6.7383364500,6.7481448000,6.7971865500,5086140,35250164.6000,2,0.923200,1,-0.721500,36.732039,1.524438,1.482363,20.882365,0
2023-11-16,sh.601999,6.7383364500,6.9541201500,6.6991030500,6.9050784000,6.7481448000,9117901,64126737.1300,2,1.655000,1,2.325600,37.586272,1.559890,1.516836,21.368002,0
2023-11-17,sh.601999,6.9443118000,7.0129702500,6.8854617000,6.9737368500,6.9050784000,8705600,61796070.0000,2,1.580200,1,0.994300,37.959999,1.575400,1.531918,21.580468,0
2023-11-20,sh.601999,6.9737368500,7.1012454000,6.9345034500,7.0522036500,6.9737368500,7434900,53410292.0000,2,1.349600,1,1.125200,38.387116,1.593126,1.549155,21.823286,0
2023-11-21,sh.601999,7.0620120000,7.1699038500,7.0325869500,7.1208621000,7.0522036500,7523498,54601500.5800,2,1.365600,1,0.973600,38.760843,1.608636,1.564237,22.035752,0
2023-11-22,sh.601999,7.0914370500,7.3366458000,7.0718203500,7.1895205500,7.1208621000,10450471,76883214.1400,2,1.896900,1,0.964200,39.134570,1.624146,1.579320,22.248218,0
2023-11-23,sh.601999,7.1404788000,7.1895205500,7.0620120000,7.1110537500,7.1895205500,10103000,73367958.0000,2,1.833900,1,-1.091400,38.707454,1.606420,1.562083,22.005399,0
2023-11-24,sh.601999,7.1600955000,7.3268374500,7.0227786000,7.1404788000,7.1110537500,11351800,82900785.0000,2,2.060500,1,0.413800,38.867622,1.613068,1.568547,22.096456,0
2023-11-27,sh.601999,7.0325869500,7.1404788000,6.9835452000,7.0325869500,7.1404788000,8984401,64452870.1500,2,1.630800,1,-1.511000,38.280337,1.588694,1.544846,21.762581,0
2023-11-28,sh.601999,6.9933535500,7.1502871500,6.9933535500,7.0522036500,7.0325869500,6057162,43487411.1000,2,1.099500,1,0.278900,38.387116,1.593126,1.549155,21.823286,0
2023-11-29,sh.601999,7.0423953000,7.0620120000,6.9246951000,6.9737368500,7.0522036500,4893600,34835897.0000,2,0.888300,1,-1.112700,37.959999,1.575400,1.531918,21.580468,0
2023-11-30,sh.601999,6.9737368500,7.1110537500,6.9246951000,6.9639285000,6.9737368500,5789339,41244728.6400,2,1.050900,1,-0.140600,37.906610,1.573184,1.529764,21.550115,0
2023-12-01,sh.601999,6.9639285000,7.2091372500,6.9345034500,7.1797122000,6.9639285000,7758171,56340452.3000,2,1.408200,1,3.098600,39.081181,1.621931,1.577165,22.217865,0
2023-12-04,sh.601999,7.2385623000,7.3366458000,7.1895205500,7.2581790000,7.1797122000,7967074,59033514.3400,2,1.446200,1,1.092900,39.508297,1.639657,1.594402,22.460684,0
2023-12-05,sh.601999,7.2483706500,7.6407046500,7.2189456000,7.2385623000,7.2581790000,14864562,111542147.7300,2,2.698200,1,-0.270300,39.401518,1.635225,1.590093,22.399979,0
2023-12-06,sh.601999,7.1699038500,7.9643802000,7.1012454000,7.9643802000,7.2385623000,24049222,188545585.3600,2,4.365300,1,10.027100,43.352348,1.799191,1.749533,24.646047,0
2023-12-07,sh.601999,8.1899722500,8.7588565500,7.9643802000,8.7588565500,7.9643802000,88959182,759683723.0100,2,16.147500,1,9.975400,47.676905,1.978667,1.924055,27.104582,0
2023-12-08,sh.601999,8.2684390500,8.6313480000,7.8859134000,7.9938052500,8.7588565500,70205058,585496443.3100,2,12.743400,1,-8.734600,43.512517,1.805838,1.755997,24.737104,0
2023-12-11,sh.601999,7.7289798000,8.7980899500,7.6603213500,8.7980899500,7.9938052500,67092360,569304371.7300,2,12.178400,1,10.061300,47.890463,1.987530,1.932674,27.225991,0
2023-12-12,sh.601999,9.1119571500,9.1806156000,8.5136478000,8.8078983000,8.7980899500,82714912,744722670.7500,2,15.014100,1,0.111500,47.943853,1.989746,1.934828,27.256343,0
2023-12-13,sh.601999,8.5136478000,8.8961734500,8.3469058500,8.5921146000,8.8078983000,52743050,461706884.1700,2,9.573700,1,-2.449900,46.769282,1.940999,1.887427,26.588593,0
2023-12-14,sh.601999,8.5626895500,9.0629154000,8.5136478000,8.5724979000,8.5921146000,55219046,493797414.1800,2,10.023200,1,-0.228300,46.662503,1.936567,1.883118,26.527888,0
2023-12-15,sh.601999,8.5332645000,9.4258243500,8.5332645000,9.4258243500,8.5724979000,80321802,753448220.7200,2,14.579700,1,9.954200,51.307397,2.129338,2.070568,29.168536,0
2023-12-18,sh.601999,9.3571659000,9.3571659000,8.6803897500,8.8863651000,9.4258243500,70424594,637310114.7700,2,12.783200,1,-5.723200,48.370970,2.007472,1.952065,27.499161,0
2023-12-19,sh.601999,8.8177066500,9.1217655000,8.2095889500,8.3174808000,8.8863651000,54578583,476021096.1500,2,9.906900,1,-6.401800,45.274373,1.878958,1.827098,25.738729,0
2023-12-20,sh.601999,8.2880557500,8.4253726500,7.9447635000,8.0232303000,8.3174808000,39688771,327710440.1300,2,7.204200,1,-3.537700,43.672686,1.812485,1.762460,24.828161,0
2023-12-21,sh.601999,7.8564883500,8.0820804000,7.8270633000,7.8662967000,8.0232303000,32623927,264227347.4700,2,5.921800,1,-1.956000,42.818452,1.777033,1.727987,24.342525,0
2023-12-22,sh.601999,7.8662967000,7.9349551500,7.3562625000,7.4641543500,7.8662967000,34693627,268922236.5600,2,6.297500,1,-5.112200,40.629479,1.686187,1.639648,23.098081,0
2023-12-25,sh.601999,7.4347293000,7.4739627000,7.0914370500,7.3072207500,7.4641543500,17537738,129694913.8900,2,3.183400,1,-2.102500,39.775245,1.650735,1.605175,22.612445,0
2023-12-26,sh.601999,7.2876040500,7.3366458000,7.0816287000,7.1797122000,7.3072207500,14075430,102847853.2000,2,2.554900,1,-1.745000,39.081181,1.621931,1.577165,22.217865,0
2023-12-27,sh.601999,7.1306704500,7.2189456000,7.0423953000,7.1699038500,7.1797122000,11601143,84231913.2200,2,2.105800,1,-0.136600,39.027791,1.619715,1.575010,22.187513,0
2023-12-28,sh.601999,7.1012454000,7.1895205500,7.0423953000,7.1502871500,7.1699038500,13783609,100367474.6200,2,2.501900,1,-0.273600,38.921012,1.615283,1.570701,22.126809,0
2023-12-29,sh.601999,7.1502871500,7.3268374500,7.1110537500,7.2974124000,7.1502871500,21363338,157965341.5700,2,3.877800,1,2.057600,39.721856,1.648520,1.603020,22.582093,0
2024-01-02,sh.601999,7.2974124000,7.4739627000,7.2876040500,7.3366458000,7.2974124000,17512301,131927196.4100,2,3.178800,1,0.537600,39.935414,1.657383,1.611639,22.703502,0
2024-01-03,sh.601999,7.3464541500,7.5916629000,7.1993289000,7.5131961000,7.3366458000,25638601,195343055.4000,2,4.653800,1,2.406400,40.896427,1.697266,1.650421,23.249843,0
2024-01-04,sh.601999,7.4543460000,7.5131961000,7.3072207500,7.4739627000,7.5131961000,14360119,108879807.9200,2,2.606600,1,-0.522200,40.682868,1.688403,1.641803,23.128434,0
2024-01-05,sh.601999,7.4739627000,7.5131961000,7.1797122000,7.2385623000,7.4739627000,15530095,115665456.4000,2,2.819000,1,-3.149600,39.401518,1.635225,1.590093,22.399979,0
2024-01-08,sh.601999,7.1895205500,7.5131961000,7.1895205500,7.3170291000,7.2385623000,17817901,133619251.4900,2,3.234200,1,1.084000,39.828635,1.652951,1.607329,22.642797,0
2024-01-09,sh.601999,7.3268374500,7.4347293000,7.1502871500,7.2581790000,7.3170291000,15411800,114006608.0000,2,2.797500,1,-0.804300,39.508297,1.639657,1.594402,22.460684,0
2024-01-10,sh.601999,7.1895205500,7.2876040500,6.9345034500,7.0718203500,7.2581790000,15695130,112997383.1000,2,2.848900,1,-2.567600,38.493895,1.597557,1.553464,21.883990,0
2024-01-11,sh.601999,7.0423953000,7.2091372500,7.0423953000,7.1502871500,7.0718203500,8463501,61694300.3000,2,1.536300,1,1.109600,38.921012,1.615283,1.570701,22.126809,0
2024-01-12,sh.601999,7.1502871500,7.2581790000,7.0718203500,7.0718203500,7.1502871500,8357700,60755867.0000,2,1.517100,1,-1.097400,38.493895,1.597557,1.553464,21.883990,0
2024-01-15,sh.601999,7.0522036500,7.2091372500,7.0129702500,7.1306704500,7.0718203500,7213000,52546494.0000,2,1.309300,1,0.832200,38.814233,1.610852,1.566392,22.066104,0
2024-01-16,sh.601999,7.1208621000,7.1797122000,6.8854617000,7.0031619000,7.1306704500,9679294,68790767.3400,2,1.756900,1,-1.788200,38.120168,1.582047,1.538382,21.671524,0
2024-01-17,sh.601999,7.0031619000,7.0522036500,6.8560366500,6.8658450000,7.0031619000,6258694,44420352.2200,2,1.136100,1,-1.960800,37.372714,1.551027,1.508218,21.246593,0
2024-01-18,sh.601999,6.8854617000,6.9148867500,6.5715945000,6.7775698500,6.8658450000,9757600,66729766.0000,2,1.771200,1,-1.285700,36.892207,1.531085,1.488827,20.973422,0
2024-01-19,sh.601999,6.8854617000,6.9345034500,6.7089114000,6.7187197500,6.7775698500,9455412,65671170.4000,2,1.716300,1,-0.868300,36.571870,1.517790,1.475899,20.791308,0
2024-01-22,sh.601999,6.6696780000,6.7775698500,6.1988772000,6.2675356500,6.7187197500,11511601,75776717.7700,2,2.089500,1,-6.715300,34.115949,1.415866,1.376787,19.395104,0
2024-01-23,sh.601999,6.2184939000,6.2773440000,6.0909853500,6.2381106000,6.2675356500,11264926,70982920.9100,2,2.044800,1,-0.469500,33.955780,1.409218,1.370324,19.304047,0
2024-01-24,sh.601999,6.2479189500,6.3460024500,6.0713686500,6.3361941000,6.2381106000,9259847,58579476.2000,2,1.680800,1,1.572300,34.489676,1.431376,1.391870,19.607570,0
2024-01-25,sh.601999,6.3656191500,6.8952700500,6.2871523500,6.8952700500,6.3361941000,16850794,114808667.9400,2,3.058700,1,8.823500,37.532883,1.557674,1.514682,21.337649,0
2024-01-26,sh.601999,6.8069949000,7.0129702500,6.7873782000,6.9148867500,6.8952700500,14450960,101811577.6200,2,2.623100,1,0.284500,37.639662,1.562105,1.518991,21.398354,0
2024-01-29,sh.601999,6.8658450000,6.9050784000,6.6010195500,6.6696780000,6.9148867500,8609300,58923726.0000,2,1.562700,1,-3.546100,36.304922,1.506712,1.465126,20.639547,0
2024-01-30,sh.601999,6.6010195500,6.6206362500,6.3950442000,6.4244692500,6.6696780000,7664875,50901836.3000,2,1.391300,1,-3.676500,34.970182,1.451318,1.411261,19.880740,0
2024-01-31,sh.601999,6.4440859500,6.8168032500,6.3361941000,6.5029360500,6.4244692500,26939900,181907302.0000,2,4.890000,1,1.221400,35.397299,1.469044,1.428498,20.123558,0
2024-02-01,sh.601999,6.3263857500,6.4735110000,5.9732851500,6.1302187500,6.5029360500,28047617,175991635.5500,2,5.091100,1,-5.731500,33.368494,1.384845,1.346623,18.970172,0
2024-02-02,sh.601999,6.0811770000,6.3558108000,5.7084597000,5.8261599000,6.1302187500,17993406,111089481.8200,2,3.266100,1,-4.960000,31.713417,1.316157,1.279831,18.029251,0
2024-02-05,sh.601999,5.7869265000,5.7967348500,5.2474672500,5.2474672500,5.8261599000,18011300,97900375.3900,2,3.269300,1,-9.932700,28.563431,1.185427,1.152709,16.238467,0
2024-02-06,sh.601999,4.7472414000,5.1788088000,4.7276247000,4.9826418000,5.2474672500,28659822,141663720.7600,2,5.202200,1,-5.046700,27.121912,1.125602,1.094535,15.418956,0
2024-02-07,sh.601999,4.9826418000,5.0414919000,4.4824159500,4.4922243000,4.9826418000,34082446,162525928.7400,2,6.186500,1,-9.842500,24.452433,1.014815,0.986805,13.901342,0
2024-02-08,sh.601999,4.5314577000,4.9336000500,4.3450990500,4.9237917000,4.4922243000,31335480,148383078.2700,2,5.687900,1,9.607000,26.801575,1.112308,1.081608,15.236842,0
2024-02-19,sh.601999,5.0513002500,5.4142092000,5.0513002500,5.3945925000,4.9237917000,33037269,178573179.2000,2,5.996800,1,9.561800,29.364275,1.218664,1.185028,16.693751,0
2024-02-20,sh.601999,5.3945925000,5.5907595000,5.1493837500,5.5515261000,5.3945925000,26376622,146507318.4200,2,4.787800,1,2.909100,30.218509,1.254116,1.219502,17.179388,0
2024-02-21,sh.601999,5.4730593000,5.8065432000,5.3945925000,5.5809511500,5.5515261000,21265581,121120360.5800,2,3.860000,1,0.530000,30.378677,1.260763,1.225966,17.270445,0
2024-02-22,sh.601999,5.4926760000,5.7476931000,5.4926760000,5.7476931000,5.5809511500,13569219,78113578.6400,2,2.463000,1,2.987700,31.286300,1.298431,1.262594,17.786433,0
2024-02-23,sh.601999,5.7673098000,6.0615603000,5.6986513500,6.0321352500,5.7476931000,14989302,90326653.4800,2,2.720800,1,4.948800,32.834599,1.362688,1.325077,18.666649,0
2024-02-26,sh.601999,6.0125185500,6.1988772000,5.8948183500,6.0615603000,6.0321352500,15072001,92874348.3500,2,2.735800,1,0.487800,32.994767,1.369335,1.331541,18.757706,0
2024-02-27,sh.601999,6.0419436000,6.2675356500,5.9830935000,6.2675356500,6.0615603000,11038089,69362027.3500,2,2.003600,1,3.398100,34.115949,1.415866,1.376787,19.395104,0
2024-02-28,sh.601999,6.2577273000,6.4735110000,5.6692263000,5.7084597000,6.2675356500,19379738,120926178.1300,2,3.517700,1,-8.920200,31.072742,1.289568,1.253975,17.665024,0
2024-02-29,sh.601999,5.6888430000,6.0027102000,5.5809511500,5.9732851500,5.7084597000,12190200,72795043.0000,2,2.212700,1,4.639200,32.514261,1.349393,1.312150,18.484536,0
2024-03-01,sh.601999,5.9830935000,6.1400271000,5.8948183500,6.1106020500,5.9732851500,14659400,89912140.0000,2,2.660900,1,2.298900,33.261715,1.380414,1.342314,18.909467,0
2024-03-04,sh.601999,6.0517519500,6.1400271000,5.9046267000,6.1007937000,6.1106020500,10804800,66589333.4600,2,1.961200,1,-0.160500,33.208326,1.378198,1.340159,18.879115,0
2024-03-05,sh.601999,6.0517519500,6.1204104000,5.9242434000,6.0027102000,6.1007937000,8379058,51546429.7000,2,1.520900,1,-1.607700,32.674430,1.356040,1.318613,18.575592,0
2024-03-06,sh.601999,5.9438601000,6.0713686500,5.9046267000,5.9536684500,6.0027102000,7318559,44631432.1700,2,1.328400,1,-0.817000,32.407482,1.344962,1.307840,18.423831,0
2024-03-07,sh.601999,5.9732851500,6.5519778000,5.8359682500,6.5519778000,5.9536684500,30204800,194027092.6400,2,5.482700,1,10.049400,35.664247,1.480122,1.439271,20.275320,0
2024-03-08,sh.601999,6.3754275000,6.5814028500,6.1400271000,6.4637026500,6.5519778000,51014486,326958880.3900,2,9.260000,1,-1.347300,35.183741,1.460181,1.419879,20.002149,0
2024-03-11,sh.601999,6.2773440000,6.3558108000,6.1792605000,6.3361941000,6.4637026500,32063771,205317279.2300,2,5.820100,1,-1.972700,34.489676,1.431376,1.391870,19.607570,0
2024-03-12,sh.601999,6.3263857500,6.3263857500,6.1890688500,6.2577273000,6.3361941000,27741286,176433073.2400,2,5.035500,1,-1.238400,34.062559,1.413650,1.374633,19.364752,0
2024-03-13,sh.601999,6.2871523500,6.5029360500,6.1988772000,6.3950442000,6.2577273000,39247550,253595203.0800,2,7.124100,1,2.194400,34.810013,1.444670,1.404797,19.789683,0
2024-03-14,sh.601999,6.3263857500,6.3361941000,6.0615603000,6.1792605000,6.3950442000,26295156,166270743.6700,2,4.773000,1,-3.374200,33.635442,1.395924,1.357396,19.121933,0
2024-03-15,sh.601999,6.1792605000,6.2086855500,6.0713686500,6.1988772000,6.1792605000,14474935,90750081.7900,2,2.627400,1,0.317500,33.742222,1.400355,1.361705,19.182638,0
2024-03-18,sh.601999,6.2283022500,6.3754275000,6.1890688500,6.3656191500,6.1988772000,21641116,138618123.8400,2,3.928200,1,2.689900,34.649845,1.438023,1.398333,19.698627,0
2024-03-19,sh.601999,6.3754275000,6.5617861500,6.3656191500,6.4146609000,6.3656191500,28624409,188047367.0800,2,5.195800,1,0.770400,34.916793,1.449102,1.409106,19.850388,0
2024-03-20,sh.601999,6.4440859500,6.6696780000,6.4048525500,6.6304446000,6.4146609000,28135220,187770547.1800,2,5.107000,1,3.363900,36.091364,1.497849,1.456508,20.518138,0
2024-03-21,sh.601999,6.9148867500,7.1600955000,6.7775698500,6.9050784000,6.6304446000,41047927,290018415.1600,2,7.450900,1,4.142000,37.586272,1.559890,1.516836,21.368002,0
2024-03-22,sh.601999,6.8560366500,7.3366458000,6.7775698500,7.1895205500,6.9050784000,44260917,319069305.9800,2,8.034100,1,4.119300,39.134570,1.624146,1.579320,22.248218,0
2024-03-25,sh.601999,7.1404788000,7.1502871500,6.6304446000,6.6304446000,7.1895205500,32312434,226402373.0800,2,5.865200,1,-7.776300,36.091364,1.497849,1.456508,20.518138,0
2024-03-26,sh.601999,6.6304446000,6.7677615000,6.4048525500,6.5421694500,6.6304446000,19909960,133505752.2200,2,3.614000,1,-1.331400,35.610857,1.477907,1.437116,20.244968,0
2024-03-27,sh.601999,6.5323611000,6.6304446000,6.2184939000,6.2184939000,6.5421694500,15865989,102684509.3000,2,2.879900,1,-4.947500,33.849001,1.404787,1.366014,19.243342,0
2024-03-28,sh.601999,6.1988772000,6.5029360500,6.1694521500,6.4440859500,6.2184939000,13905863,90584614.8700,2,2.524100,1,3.627800,35.076961,1.455749,1.415570,19.941445,0
2024-03-29,sh.601999,6.4146609000,6.4538943000,6.2577273000,6.3263857500,6.4440859500,12742700,82170654.0000,2,2.313000,1,-1.826500,34.436286,1.429160,1.389715,19.577217,0
2024-04-01,sh.601999,6.3263857500,6.5814028500,6.2773440000,6.5715945000,6.3263857500,13150381,86932247.5700,2,2.387000,1,3.876000,35.771026,1.484554,1.443580,20.336024,0
2024-04-02,sh.601999,6.5421694500,6.5715945000,6.3558108000,6.4244692500,6.5715945000,11296585,74036955.4600,2,2.050500,1,-2.238800,34.970182,1.451318,1.411261,19.880740,0
2024-04-03,sh.601999,6.3852358500,6.4048525500,6.1106020500,6.2577273000,6.4244692500,12426289,78771916.0500,2,2.255600,1,-2.595400,34.062559,1.413650,1.374633,19.364752,0
2024-04-08,sh.601999,6.2184939000,6.2479189500,6.0321352500,6.0517519500,6.2577273000,9607580,59775987.8600,2,1.743900,1,-3.291500,32.941378,1.367119,1.329386,18.727354,0
2024-04-09,sh.601999,6.0517519500,6.1694521500,6.0321352500,6.1694521500,6.0517519500,7050100,43960932.0000,2,1.279700,1,1.944900,33.582053,1.393708,1.355242,19.091581,0
2024-04-10,sh.601999,6.1694521500,6.1694521500,5.9242434000,5.9929018500,6.1694521500,7494700,45984617.0000,2,1.360400,1,-2.861700,32.621040,1.353825,1.316459,18.545240,0
2024-04-11,sh.601999,5.9340517500,6.1890688500,5.9046267000,6.1106020500,5.9929018500,8360800,52102725.5100,2,1.517600,1,1.964000,33.261715,1.380414,1.342314,18.909467,0
2024-04-12,sh.601999,6.1007937000,6.1204104000,5.9438601000,5.9634768000,6.1106020500,6913784,42405804.4400,2,1.255000,1,-2.407700,32.460871,1.347177,1.309995,18.454183,0
2024-04-15,sh.601999,5.9438601000,6.0125185500,5.5809511500,5.6594179500,5.9634768000,10882150,63587148.0000,2,1.975300,1,-5.098700,30.805794,1.278489,1.243202,17.513263,0
2024-04-16,sh.601999,5.6005678500,5.6398012500,5.0905336500,5.0905336500,5.6594179500,13780577,74389860.1200,2,2.501400,1,-10.052000,27.709198,1.149975,1.118236,15.752831,0
2024-04-17,sh.601999,5.2180422000,5.6005678500,5.1984255000,5.6005678500,5.0905336500,7829863,43676099.6900,2,1.421200,1,10.019300,30.485457,1.265195,1.230275,17.331149,0
2024-04-18,sh.601999,5.6496096000,5.6888430000,5.4926760000,5.5515261000,5.6005678500,12490162,70886486.4600,2,2.267200,1,-0.875700,30.218509,1.254116,1.219502,17.179388,0
2024-04-19,sh.601999,5.5417177500,5.6790346500,5.4534426000,5.4730593000,5.5515261000,9688486,54872805.8800,2,1.758600,1,-1.413400,29.791392,1.236390,1.202265,16.936570,0
2024-04-22,sh.601999,5.4534426000,5.5809511500,5.2965090000,5.5024843500,5.4730593000,7883686,43943349.3200,2,1.431000,1,0.537600,29.951561,1.243037,1.208729,17.027626,0
2024-04-23,sh.601999,5.5221010500,5.6790346500,5.5024843500,5.6201845500,5.5024843500,8723268,50067630.3200,2,1.583400,1,2.139000,30.592236,1.269626,1.234584,17.391854,0
2024-04-24,sh.601999,5.6201845500,5.8850100000,5.5809511500,5.8261599000,5.6201845500,9455000,55542591.0000,2,1.716200,1,3.664900,31.713417,1.316157,1.279831,18.029251,0
2024-04-25,sh.601999,5.7673098000,5.8359682500,5.7182680500,5.8065432000,5.8261599000,6989700,41216402.0000,2,1.268700,1,-0.336700,31.606638,1.311725,1.275521,17.968547,0
2024-04-26,sh.601999,5.7673098000,5.9929018500,5.7575014500,5.9144350500,5.8065432000,7605843,45789796.2700,2,1.380600,1,1.858100,32.193923,1.336099,1.299222,18.302422,0
2024-04-29,sh.601999,5.8752016500,6.0027102000,5.8555849500,5.9732851500,5.9144350500,10023523,60647063.5300,2,1.819400,1,0.995000,30.863240,1.326109,1.387450,27.920908,0
2024-04-30,sh.601999,5.9634768000,5.9929018500,5.8555849500,5.9242434000,5.9732851500,7695101,46499789.0900,2,1.396800,1,-0.821000,30.609847,1.315222,1.376059,27.691672,0
2024-05-06,sh.601999,5.9830935000,6.0419436000,5.9536684500,6.0027102000,5.9242434000,6617744,40461313.8300,2,1.201200,1,1.324500,31.015276,1.332642,1.394285,28.058449,0
2024-05-07,sh.601999,5.9732851500,6.1007937000,5.9536684500,5.9929018500,6.0027102000,6334500,38854796.0000,2,1.149800,1,-0.163400,30.964597,1.330464,1.392007,28.012602,0
2024-05-08,sh.601999,6.0027102000,6.0027102000,5.8457766000,5.8457766000,5.9929018500,5589801,33635515.9800,2,1.014600,1,-2.455000,30.204419,1.297801,1.357833,27.324895,0
2024-05-09,sh.601999,5.8653933000,5.9242434000,5.8457766000,5.8850100000,5.8457766000,4347244,26138656.9900,2,0.789100,1,0.671100,30.407133,1.306511,1.366946,27.508284,0
2024-05-10,sh.601999,5.8850100000,5.9438601000,5.7575014500,5.7869265000,5.8850100000,6036854,35757290.7400,2,1.095800,1,-1.666700,29.900348,1.284736,1.344164,27.049812,0
2024-05-13,sh.601999,5.7575014500,5.7673098000,5.5907595000,5.6496096000,5.7869265000,5561843,32099142.8200,2,1.009600,1,-2.372900,29.190848,1.254251,1.312268,26.407952,0
2024-05-14,sh.601999,5.6201845500,5.8261599000,5.6201845500,5.8065432000,5.6496096000,5363501,31538777.8900,2,0.973600,1,2.777800,30.001705,1.289091,1.348720,27.141506,0
2024-05-15,sh.601999,5.8163515500,5.8752016500,5.7575014500,5.7575014500,5.8065432000,3846401,22794798.8800,2,0.698200,1,-0.844600,29.748312,1.278204,1.337329,26.912271,0
2024-05-16,sh.601999,5.8163515500,5.8752016500,5.7476931000,5.8163515500,5.7575014500,5218000,30951328.0000,2,0.947200,1,1.022100,30.052383,1.291269,1.350999,27.187354,0
2024-05-17,sh.601999,5.8163515500,5.8555849500,5.7476931000,5.8163515500,5.8163515500,4524301,26696079.8700,2,0.821200,1,0.000000,30.052383,1.291269,1.350999,27.187354,0
2024-05-20,sh.601999,5.8163515500,5.8948183500,5.7673098000,5.8653933000,5.8163515500,5555800,33154112.0000,2,1.008500,1,0.843200,30.305776,1.302156,1.362390,27.416589,0
2024-05-21,sh.601999,5.8555849500,5.8948183500,5.7967348500,5.8163515500,5.8653933000,3101800,18440462.0000,2,0.563000,1,-0.836100,30.052383,1.291269,1.350999,27.187354,0
2024-05-22,sh.601999,5.7869265000,5.8555849500,5.7771181500,5.7869265000,5.8163515500,5180900,30649024.0000,2,0.940400,1,-0.505900,29.900348,1.284736,1.344164,27.049812,0
2024-05-23,sh.601999,5.7771181500,5.7869265000,5.5809511500,5.5907595000,5.7869265000,5286670,30452035.7300,2,0.959600,1,-3.389800,28.886776,1.241186,1.298599,26.132869,0
2024-05-24,sh.601999,5.6103762000,5.6398012500,5.5515261000,5.5613344500,5.5907595000,4098000,23391085.0000,2,0.743900,1,-0.526300,28.734741,1.234653,1.291764,25.995328,0
2024-05-27,sh.601999,5.5711428000,5.6005678500,5.4730593000,5.5907595000,5.5613344500,3419748,19262555.6400,2,0.620700,1,0.529100,28.886776,1.241186,1.298599,26.132869,0
2024-05-28,sh.601999,5.5907595000,5.6005678500,5.4632509500,5.4730593000,5.5907595000,3354300,18830463.0000,2,0.608900,1,-2.105300,28.278634,1.215056,1.271260,25.582704,0
2024-05-29,sh.601999,5.4828676500,5.5417177500,5.3847841500,5.4142092000,5.4730593000,3829500,21258804.0000,2,0.695100,1,-1.075300,27.974562,1.201991,1.257591,25.307621,0
2024-05-30,sh.601999,5.4142092000,5.4828676500,5.3357424000,5.4436342500,5.4142092000,3327300,18442327.0000,2,0.604000,1,0.543500,28.126598,1.208523,1.264425,25.445162,0
2024-05-31,sh.601999,5.4436342500,5.5417177500,5.3945925000,5.5221010500,5.4436342500,3733200,20901685.0000,2,0.677600,1,1.441400,28.532027,1.225943,1.282651,25.811939,0
2024-06-03,sh.601999,5.4828676500,5.5515261000,5.3259340500,5.4142092000,5.5221010500,5345348,29573508.5200,2,0.970300,1,-1.953800,27.974562,1.201991,1.257591,25.307621,0
2024-06-04,sh.601999,5.4142092000,5.4436342500,5.2965090000,5.3749758000,5.4142092000,4395000,23949470.0000,2,0.797800,1,-0.724600,27.771848,1.193280,1.248478,25.124232,0
2024-06-05,sh.601999,5.3749758000,5.3749758000,5.2180422000,5.2180422000,5.3749758000,4953400,26677807.0000,2,0.899100,1,-2.919700,26.960991,1.158440,1.212026,24.390678,0
2024-06-06,sh.601999,5.2180422000,5.2670839500,4.9826418000,5.0316835500,5.2180422000,6136600,31777858.0000,2,1.113900,1,-3.571400,25.998099,1.117067,1.168739,23.519582,0
2024-06-07,sh.601999,5.1395754000,5.2376589000,5.1003420000,5.2278505500,5.0316835500,5800100,30669341.0000,2,1.052800,1,3.898600,27.011670,1.160618,1.214304,24.436525,0
2024-06-11,sh.601999,5.1788088000,5.1984255000,5.0611086000,5.1395754000,5.2278505500,4100508,21411627.6000,2,0.744300,1,-1.688600,26.555563,1.141020,1.193800,24.023901,0
2024-06-12,sh.601999,5.1493837500,5.4044008500,5.1199587000,5.3847841500,5.1395754000,6414169,34799068.0000,2,1.164300,1,4.771000,27.822527,1.195458,1.250756,25.170079,0
2024-06-13,sh.601999,5.3847841500,5.4730593000,5.3063173500,5.3161257000,5.3847841500,4041515,22093588.3000,2,0.733600,1,-1.275000,27.467777,1.180215,1.234808,24.849150,0
2024-06-14,sh.601999,5.2965090000,5.4044008500,5.2768923000,5.3357424000,5.3161257000,4203815,22919124.6000,2,0.763100,1,0.369000,27.569134,1.184570,1.239365,24.940844,0
2024-06-17,sh.601999,5.3063173500,5.3161257000,5.1984255000,5.2082338500,5.3357424000,4217400,22601157.0000,2,0.765500,1,-2.389700,26.910313,1.156263,1.209747,24.344831,0
2024-06-18,sh.601999,5.1984255000,5.2572756000,5.1886171500,5.2376589000,5.2082338500,3336801,17780876.3400,2,0.605700,1,0.565000,27.062348,1.162795,1.216582,24.482372,0
2024-06-19,sh.601999,5.2376589000,5.2768923000,5.1886171500,5.1984255000,5.2376589000,2658000,14152317.0000,2,0.482500,1,-0.749100,26.859634,1.154085,1.207469,24.298984,0
2024-06-20,sh.601999,5.1886171500,5.2278505500,5.0218752000,5.1395754000,5.1984255000,6075000,31707041.0000,2,1.102700,1,-1.132100,26.555563,1.141020,1.193800,24.023901,0
2024-06-21,sh.601999,5.1395754000,5.1886171500,5.0513002500,5.0611086000,5.1395754000,3660100,19064382.0000,2,0.664400,1,-1.526700,26.150135,1.123600,1.175574,23.657124,0
2024-06-24,sh.601999,5.0414919000,5.0611086000,4.8551332500,4.8649416000,5.0611086000,4410100,22138974.0100,2,0.800500,1,-3.876000,25.136563,1.080050,1.130009,22.740181,0
2024-06-25,sh.601999,4.8649416000,4.9434084000,4.8551332500,4.9139833500,4.8649416000,3018300,15085596.0000,2,0.547900,1,1.008100,25.389956,1.090937,1.141400,22.969417,0
2024-06-26,sh.601999,4.8747499500,5.1788088000,4.8747499500,5.1788088000,4.9139833500,5331400,27469716.0000,2,0.967700,1,5.389200,26.758277,1.149730,1.202913,24.207290,0
2024-06-27,sh.601999,5.1788088000,5.2965090000,5.1199587000,5.1788088000,5.1788088000,5908600,31555039.0000,2,1.072500,1,0.000000,26.758277,1.149730,1.202913,24.207290,0
2024-06-28,sh.601999,5.1690004500,5.2278505500,5.1003420000,5.1199587000,5.1788088000,4618500,24336555.0000,2,0.838300,1,-1.136400,26.454206,1.136665,1.189243,23.932207,0
2024-07-01,sh.601999,5.0709169500,5.2670839500,5.0218752000,5.2474672500,5.1199587000,5050200,26571713.0000,2,0.916700,1,2.490400,27.113027,1.164973,1.218860,24.528220,0
2024-07-02,sh.601999,5.1984255000,5.3357424000,5.1788088000,5.3063173500,5.2474672500,4209000,22724791.0000,2,0.764000,1,1.121500,27.417098,1.178038,1.232530,24.803302,0
2024-07-03,sh.601999,5.3357424000,5.3455507500,5.2474672500,5.2965090000,5.3063173500,2604100,14102765.0000,2,0.472700,1,-0.184800,27.366420,1.175860,1.230252,24.757455,0
2024-07-04,sh.601999,5.3357424000,5.3357424000,5.0709169500,5.0807253000,5.2965090000,5075400,26745388.0000,2,0.921300,1,-4.074100,26.251492,1.127955,1.180130,23.748818,0
2024-07-05,sh.601999,5.1003420000,5.1886171500,5.0022585000,5.1591921000,5.0807253000,4361600,22768109.0000,2,0.791700,1,1.544400,26.656920,1.145375,1.198356,24.115595,0
2024-07-08,sh.601999,5.1493837500,5.1493837500,5.0022585000,5.0316835500,5.1591921000,3637400,18682575.0000,2,0.660200,1,-2.471500,25.998099,1.117067,1.168739,23.519582,0
2024-07-09,sh.601999,5.0316835500,5.0807253000,4.9041750000,5.0709169500,5.0316835500,3605300,18409417.0000,2,0.654400,1,0.779700,26.200813,1.125777,1.177852,23.702971,0
2024-07-10,sh.601999,5.0218752000,5.1003420000,4.9532167500,4.9826418000,5.0709169500,3636600,18617782.0000,2,0.660100,1,-1.740800,25.744706,1.106180,1.157348,23.290347,0
2024-07-11,sh.601999,5.0611086000,5.1395754000,5.0120668500,5.1101503500,4.9826418000,4147500,21533029.0000,2,0.752800,1,2.559100,26.403527,1.134487,1.186965,23.886360,0
2024-07-12,sh.601999,5.1101503500,5.1886171500,5.0513002500,5.0709169500,5.1101503500,3258115,16959888.9000,2,0.591400,1,-0.767800,26.200813,1.125777,1.177852,23.702971,0
2024-07-15,sh.601999,5.0905336500,5.0905336500,4.9826418000,5.0218752000,5.0709169500,2190600,11212465.0000,2,0.397600,1,-0.967100,25.947420,1.114890,1.166461,23.473735,0
2024-07-16,sh.601999,5.0218752000,5.0513002500,4.9630251000,5.0120668500,5.0218752000,1943600,9918733.0000,2,0.352800,1,-0.195300,25.896742,1.112712,1.164183,23.427888,0
2024-07-17,sh.601999,5.0218752000,5.0905336500,4.9630251000,4.9924501500,5.0120668500,2574200,13141211.0000,2,0.467300,1,-0.391400,25.795385,1.108357,1.159626,23.336194,0
2024-07-18,sh.601999,4.9826418000,4.9826418000,4.8453249000,4.9336000500,4.9924501500,4696190,23483187.2000,2,0.852400,1,-1.178800,25.491313,1.095292,1.145957,23.061111,0
2024-07-19,sh.601999,4.9237917000,5.0022585000,4.9041750000,4.9630251000,4.9336000500,2635100,13304256.0000,2,0.478300,1,0.596400,25.643349,1.101825,1.152791,23.198653,0
2024-07-22,sh.601999,4.9630251000,5.0316835500,4.8943666500,5.0218752000,4.9630251000,3026100,15342573.0000,2,0.549300,1,1.185800,25.947420,1.114890,1.166461,23.473735,0
2024-07-23,sh.601999,5.0120668500,5.0513002500,4.9336000500,4.9336000500,5.0218752000,2043800,10406878.0000,2,0.371000,1,-1.757800,25.491313,1.095292,1.145957,23.061111,0
2024-07-24,sh.601999,4.9532167500,4.9630251000,4.8747499500,4.9139833500,4.9336000500,3307800,16573002.0000,2,0.600400,1,-0.397600,25.389956,1.090937,1.141400,22.969417,0
2024-07-25,sh.601999,4.9139833500,5.0218752000,4.8649416000,5.0022585000,4.9139833500,3471309,17542599.5900,2,0.630100,1,1.796400,25.846063,1.110535,1.161904,23.382041,0
2024-07-26,sh.601999,5.0022585000,5.0611086000,4.9728334500,5.0513002500,5.0022585000,2892108,14823011.1200,2,0.525000,1,0.980400,26.099456,1.121422,1.173296,23.611277,0
2024-07-29,sh.601999,5.0513002500,5.1199587000,5.0218752000,5.1101503500,5.0513002500,2772808,14352040.6000,2,0.503300,1,1.165000,26.403527,1.134487,1.186965,23.886360,0
2024-07-30,sh.601999,5.0807253000,5.1788088000,5.0807253000,5.1591921000,5.1101503500,3086022,16151271.2800,2,0.560200,1,0.959700,26.656920,1.145375,1.198356,24.115595,0
2024-07-31,sh.601999,5.1788088000,5.3847841500,5.1493837500,5.3651674500,5.1591921000,5848308,31628470.2000,2,1.061600,1,3.992400,27.721170,1.191103,1.246199,25.078385,0
2024-08-01,sh.601999,5.3553591000,5.4044008500,5.2965090000,5.3357424000,5.3651674500,4354808,23738453.3600,2,0.790500,1,-0.548400,27.569134,1.184570,1.239365,24.940844,0
2024-08-02,sh.601999,5.3357424000,5.3651674500,5.2867006500,5.3063173500,5.3357424000,3351400,18207993.0000,2,0.608300,1,-0.551500,27.417098,1.178038,1.232530,24.803302,0
2024-08-05,sh.601999,5.2965090000,5.3749758000,5.1690004500,5.2082338500,5.3063173500,3950401,21297900.3100,2,0.717100,1,-1.848400,26.910313,1.156263,1.209747,24.344831,0
2024-08-06,sh.601999,5.2278505500,5.3161257000,5.2278505500,5.3063173500,5.2082338500,3080901,16582320.4000,2,0.559200,1,1.883200,27.417098,1.178038,1.232530,24.803302,0
2024-08-07,sh.601999,5.3553591000,5.3553591000,5.2768923000,5.3161257000,5.3063173500,2434900,13201508.0000,2,0.442000,1,0.184800,27.467777,1.180215,1.234808,24.849150,0
2024-08-08,sh.601999,5.2867006500,5.3651674500,5.2278505500,5.3455507500,5.3161257000,2915701,15793112.4500,2,0.529200,1,0.553500,27.619813,1.186748,1.241643,24.986691,0
2024-08-09,sh.601999,5.3357424000,5.3651674500,5.2278505500,5.2376589000,5.3455507500,2590600,13977028.0000,2,0.470200,1,-2.018300,27.062348,1.162795,1.216582,24.482372,0
2024-08-12,sh.601999,5.2474672500,5.3063173500,5.1984255000,5.2670839500,5.2376589000,2886600,15474560.0000,2,0.524000,1,0.561800,27.214384,1.169328,1.223417,24.619914,0
2024-08-13,sh.601999,5.2670839500,5.2768923000,5.1395754000,5.1984255000,5.2670839500,2258500,11979804.0000,2,0.410000,1,-1.303500,26.859634,1.154085,1.207469,24.298984,0
2024-08-14,sh.601999,5.2082338500,5.2572756000,5.1984255000,5.2180422000,5.1984255000,2555200,13609632.0000,2,0.463800,1,0.377400,26.960991,1.158440,1.212026,24.390678,0
2024-08-15,sh.601999,5.2180422000,5.3455507500,5.1591921000,5.3161257000,5.2180422000,3580600,19260277.0000,2,0.649900,1,1.879700,27.467777,1.180215,1.234808,24.849150,0
2024-08-16,sh.601999,5.3359593200,5.3756318800,5.2764504800,5.2764504800,5.3161230400,2283100,12219138.0000,2,0.414400,1,-0.746300,26.960991,1.158440,1.212026,24.390678,0
2024-08-19,sh.601999,5.2764504800,5.3359593200,5.2566142000,5.3062049000,5.2764504800,2393200,12797876.0000,2,0.434400,1,0.563900,27.113027,1.164973,1.218860,24.528220,0
2024-08-20,sh.601999,5.2863686200,5.7326849200,5.2566142000,5.4847314200,5.3062049000,14104743,77501882.0800,2,2.560200,1,3.364500,28.025241,1.204168,1.259869,25.353468,0
2024-08-21,sh.601999,5.4549770000,5.4946495600,5.2566142000,5.2863686200,5.4847314200,11475100,61974008.0000,2,2.082900,1,-3.616600,27.011670,1.160618,1.214304,24.436525,0
2024-08-22,sh.601999,5.2367779200,5.3557956000,5.0780876800,5.0979239600,5.2863686200,7150500,37499182.0000,2,1.297900,1,-3.564700,26.048777,1.119245,1.171017,23.565430,0
2024-08-23,sh.601999,5.0880058200,5.1276783800,5.0086607000,5.0582514000,5.0979239600,4500000,22965905.0000,2,0.816800,1,-0.778200,25.846063,1.110535,1.161904,23.382041,0
2024-08-26,sh.601999,5.0681695400,5.1375965200,4.9491518600,5.0979239600,5.0582514000,3857965,19684767.8000,2,0.700300,1,0.784300,26.048777,1.119245,1.171017,23.565430,0
2024-08-27,sh.601999,5.0681695400,5.1475146600,5.0185788400,5.0384151200,5.0979239600,2386400,12197670.0000,2,0.433200,1,-1.167300,25.744706,1.106180,1.157348,23.290347,0
2024-08-28,sh.601999,4.9689881400,5.1574328000,4.9392337200,5.1276783800,5.0384151200,4255300,21743886.0000,2,0.772400,1,1.771700,26.200813,1.125777,1.177852,23.702971,0
2024-08-29,sh.601999,5.1177602400,5.1375965200,5.0483332600,5.1078421000,5.1276783800,2783600,14330059.0000,2,0.505300,1,-0.386800,26.099456,1.121422,1.173296,23.611277,0
2024-08-30,sh.601999,5.1177602400,5.3756318800,5.1177602400,5.3359593200,5.1078421000,6384900,34173755.0000,2,1.159000,1,4.466000,26.312570,1.161748,1.252194,33.760132,0
2024-09-02,sh.601999,5.3756318800,5.3756318800,5.2863686200,5.2962867600,5.3359593200,4541700,24415804.0000,2,0.824400,1,-0.743500,26.116937,1.153110,1.242884,33.509127,0
2024-09-03,sh.601999,5.3359593200,5.3756318800,5.2466960600,5.3557956000,5.2962867600,3828000,20548482.0000,2,0.694800,1,1.123600,26.410386,1.166067,1.256849,33.885634,0
2024-09-04,sh.601999,5.3161230400,5.4053863000,5.2863686200,5.3359593200,5.3557956000,2970500,16008249.0000,2,0.539200,1,-0.370400,26.312570,1.161748,1.252194,33.760132,0
2024-09-05,sh.601999,5.3557956000,5.4351407200,5.3062049000,5.4153044400,5.3359593200,3316900,18057496.0000,2,0.602100,1,1.487000,26.703835,1.179023,1.270814,34.262141,0
2024-09-06,sh.601999,5.3756318800,5.4549770000,5.3557956000,5.3756318800,5.4153044400,3698500,20150138.0000,2,0.671300,1,-0.732600,26.508202,1.170386,1.261504,34.011137,0
2024-09-09,sh.601999,5.3260411800,5.4252225800,5.2962867600,5.3657137400,5.3756318800,2682600,14527009.0000,2,0.486900,1,-0.184500,26.459294,1.168226,1.259176,33.948386,0
2024-09-10,sh.601999,5.3756318800,5.4252225800,5.3062049000,5.4053863000,5.3657137400,2761856,14935920.6400,2,0.501300,1,0.739400,26.654927,1.176864,1.268486,34.199390,0
2024-09-11,sh.601999,5.3855500200,5.4252225800,5.3161230400,5.3458774600,5.4053863000,2435200,13175212.0000,2,0.442000,1,-1.100900,26.361478,1.163907,1.254521,33.822883,0
2024-09-12,sh.601999,5.3855500200,5.4153044400,5.3458774600,5.3557956000,5.3458774600,2551800,13825178.0000,2,0.463200,1,0.185500,26.410386,1.166067,1.256849,33.885634,0
2024-09-13,sh.601999,5.3657137400,5.4053863000,5.3062049000,5.3359593200,5.3557956000,2103400,11341051.0000,2,0.381800,1,-0.370400,26.312570,1.161748,1.252194,33.760132,0
2024-09-18,sh.601999,5.3161230400,5.3359593200,5.1673509400,5.2466960600,5.3359593200,3079025,16275613.5000,2,0.558900,1,-1.672900,25.872397,1.142314,1.231247,33.195371,0
2024-09-19,sh.601999,5.2466960600,5.3954681600,5.2367779200,5.3855500200,5.2466960600,3103800,16718547.0000,2,0.563400,1,2.646500,26.557110,1.172545,1.263831,34.073888,0
2024-09-20,sh.601999,5.4053863000,5.4252225800,5.3458774600,5.4252225800,5.3855500200,2559600,13910668.0000,2,0.464600,1,0.736600,26.752743,1.181182,1.273141,34.324893,0
2024-09-23,sh.601999,5.4450588600,5.4450588600,5.3657137400,5.4351407200,5.4252225800,2096400,11449801.0000,2,0.380500,1,0.182800,26.801651,1.183342,1.275469,34.387644,0
2024-09-24,sh.601999,5.4748132800,5.5839128200,5.4252225800,5.5839128200,5.4351407200,4699825,26131366.5000,2,0.853100,1,2.737200,27.535273,1.215733,1.310381,35.328911,0
2024-09-25,sh.601999,5.6632579400,5.8219481800,5.6235853800,5.6533398000,5.5839128200,6958900,40110079.0000,2,1.263200,1,1.243300,27.877630,1.230848,1.326674,35.768170,0
2024-09-26,sh.601999,5.6632579400,5.7822756200,5.6235853800,5.7723574800,5.6533398000,4725500,27254687.0000,2,0.857800,1,2.105300,28.464527,1.256761,1.354604,36.521184,0
2024-09-27,sh.601999,5.8517026000,5.9310477200,5.8021119000,5.9211295800,5.7723574800,4108100,24332189.0000,2,0.745700,1,2.577300,29.198149,1.289152,1.389516,37.462451,0
2024-09-30,sh.601999,6.0500654000,6.4467910000,5.9310477200,6.3773640200,5.9211295800,17439250,109238853.4000,2,3.165500,1,7.705200,31.447923,1.388483,1.496581,40.349005,0
2024-10-08,sh.601999,6.9922887000,6.9922887000,6.3178551800,6.5955631000,6.3773640200,22320068,148721669.6600,2,4.051500,1,3.421500,32.523901,1.435990,1.547786,41.729531,0
2024-10-09,sh.601999,6.4368728600,6.4864635600,5.9508840000,5.9608021400,6.5955631000,13877147,86610013.1700,2,2.518900,1,-9.624100,29.393781,1.297789,1.398826,37.713456,0
2024-10-10,sh.601999,6.0103928400,6.2484282000,5.8715388800,6.0897379600,5.9608021400,9975371,61086307.8400,2,1.810700,1,2.163100,30.029587,1.325861,1.429084,38.529221,0
2024-10-11,sh.601999,6.0500654000,6.0897379600,5.7624393400,5.8120300400,6.0897379600,7436875,44322658.2500,2,1.349900,1,-4.560300,28.660160,1.265398,1.363914,36.772188,0
2024-10-14,sh.601999,5.8318663200,5.9806384200,5.8021119000,5.9409658600,5.8120300400,6009467,35758312.3400,2,1.090800,1,2.218400,29.295965,1.293470,1.394171,37.587954,0
2024-10-15,sh.601999,5.9707202800,6.0798198200,5.8417844600,5.9608021400,5.9409658600,8198400,49514624.0000,2,1.488100,1,0.333900,29.393781,1.297789,1.398826,37.713456,0
2024-10-16,sh.601999,5.9211295800,6.0897379600,5.8616207400,6.0203109800,5.9608021400,5832501,35367640.0700,2,1.058700,1,0.998300,29.687230,1.310745,1.412791,38.089963,0
2024-10-17,sh.601999,6.0699016800,6.2285919200,5.9905565600,6.0004747000,6.0203109800,5456900,33579793.0000,2,0.990500,1,-0.329500,29.589414,1.306427,1.408136,37.964461,0
2024-10-18,sh.601999,6.0103928400,6.1095742400,5.9310477200,6.0203109800,6.0004747000,8085600,49263348.0000,2,1.467700,1,0.330600,29.687230,1.310745,1.412791,38.089963,0
2024-10-21,sh.601999,6.0302291200,6.1591649400,6.0302291200,6.1095742400,6.0203109800,8137100,50088809.0000,2,1.477000,1,1.482700,30.127403,1.330180,1.433739,38.654724,0
2024-10-22,sh.601999,6.1095742400,6.4170365800,6.1095742400,6.2682644800,6.1095742400,11177516,70797749.4800,2,2.028900,1,2.597400,30.909933,1.364730,1.470979,39.658742,0
2024-10-23,sh.601999,6.2087556400,6.2980189000,6.1690830800,6.2285919200,6.2682644800,6969500,43789013.0000,2,1.265100,1,-0.632900,30.714301,1.356092,1.461669,39.407738,0
2024-10-24,sh.601999,6.1988375000,6.3178551800,6.1591649400,6.2881007600,6.2285919200,7891500,49734499.0000,2,1.432400,1,0.955400,31.007750,1.369049,1.475634,39.784245,0
2024-10-25,sh.601999,6.2583463400,6.3773640200,6.2484282000,6.3773640200,6.2881007600,8990793,57464198.3200,2,1.632000,1,1.419600,31.447923,1.388483,1.496581,40.349005,0
2024-10-28,sh.601999,6.3773640200,6.5856449600,6.3674458800,6.5856449600,6.3773640200,9708025,63573390.6300,2,1.762200,1,3.265900,32.474993,1.433830,1.545459,41.666780,0
2024-10-29,sh.601999,6.7344170600,6.8038440400,6.3773640200,6.3872821600,6.5856449600,12546917,83129128.5200,2,2.277500,1,-3.012000,31.496831,1.390643,1.498909,40.411757,0
2024-10-30,sh.601999,6.2781826200,6.4567091400,6.2285919200,6.3476096000,6.3872821600,8745800,55974150.0000,2,1.587500,1,-0.621100,38.047556,1.384316,1.473829,37.611783,0
2024-10-31,sh.601999,6.3575277400,6.4864635600,6.3178551800,6.4071184400,6.3476096000,9091700,58879831.0000,2,1.650300,1,0.937500,38.404252,1.397294,1.487646,37.964393,0
2024-11-01,sh.601999,6.4071184400,6.4467910000,6.0897379600,6.0996561000,6.4071184400,10745627,67451518.6100,2,1.950500,1,-4.798800,36.561324,1.330242,1.416257,36.142573,0
2024-11-04,sh.601999,6.1492468000,6.2186737800,6.0798198200,6.2186737800,6.0996561000,6221100,38604164.0000,2,1.129200,1,1.951200,37.274715,1.356197,1.443892,36.847794,0
2024-11-05,sh.601999,6.2682644800,6.4170365800,6.2186737800,6.3972003000,6.2186737800,7399801,47184488.3100,2,1.343200,1,2.870800,38.344803,1.395131,1.485343,37.905625,0
2024-11-06,sh.601999,6.4765454200,6.5658086800,6.3476096000,6.5162179800,6.3972003000,8305809,54325513.2200,2,1.507600,1,1.860500,39.058195,1.421087,1.512977,38.610846,0
2024-11-07,sh.601999,6.4666272800,6.6451538000,6.4666272800,6.6451538000,6.5162179800,7850501,52062723.6700,2,1.425000,1,1.978700,39.831036,1.449206,1.542914,39.374835,0
2024-11-08,sh.601999,6.7244989200,6.7244989200,6.5459724000,6.5658086800,6.6451538000,7522400,50241292.0000,2,1.365400,1,-1.194000,39.355441,1.431902,1.524492,38.904688,0
2024-11-11,sh.601999,6.5459724000,6.8335984600,6.5459724000,6.8236803200,6.5658086800,11190800,75956318.0000,2,2.031300,1,3.927500,40.901123,1.488140,1.584366,40.432667,0
2024-11-12,sh.601999,6.8335984600,6.8335984600,6.5558905400,6.6253175200,6.8236803200,8415801,56830369.8100,2,1.527600,1,-2.907000,39.712137,1.444880,1.538309,39.257298,0
2024-11-13,sh.601999,6.5757268200,6.7939259000,6.5757268200,6.7840077600,6.6253175200,9005100,60895867.0000,2,1.634600,1,2.395200,40.663326,1.479488,1.575154,40.197593,0
2024-11-14,sh.601999,6.7443352000,6.8335984600,6.5360542600,6.5459724000,6.7840077600,7125300,47855678.0000,2,1.293400,1,-3.508800,39.236543,1.427576,1.519886,38.787151,0
2024-11-15,sh.601999,6.5261361200,6.7840077600,6.5062998400,6.5856449600,6.5459724000,9525800,64151200.8300,2,1.729100,1,0.606100,39.474340,1.436228,1.529097,39.022225,0
2024-11-18,sh.601999,6.5955631000,6.6451538000,6.2583463400,6.3376914600,6.5856449600,8690801,56029684.4600,2,1.577500,1,-3.765100,37.988107,1.382153,1.471526,37.553014,0
2024-11-19,sh.601999,6.3575277400,6.4567091400,6.2484282000,6.4269547200,6.3376914600,6040400,38745102.0000,2,1.096400,1,1.408500,38.523151,1.401620,1.492252,38.081930,0
2024-11-20,sh.601999,6.4071184400,6.7244989200,6.4071184400,6.6848263600,6.4269547200,8763100,58607947.0000,2,1.590600,1,4.012300,40.068833,1.457858,1.552126,39.609909,0
2024-11-21,sh.601999,6.6848263600,6.9327798600,6.6848263600,6.7641714800,6.6848263600,9719200,66472803.0000,2,1.764200,1,1.186900,40.544427,1.475162,1.570549,40.080056,0
2024-11-22,sh.601999,6.8038440400,7.0121249800,6.6054812400,6.6451538000,6.7641714800,12185000,84102638.0000,2,2.211800,1,-1.759500,39.831036,1.449206,1.542914,39.374835,0
2024-11-25,sh.601999,6.6451538000,6.8534347400,6.4467910000,6.8534347400,6.6451538000,10309739,69654217.4400,2,1.871400,1,3.134300,41.079471,1.494629,1.591274,40.608972,0
2024-11-26,sh.601999,6.8633528800,7.0914701000,6.8137621800,6.8633528800,6.8534347400,16224600,113606081.0000,2,2.945000,1,0.144700,41.138920,1.496792,1.593577,40.667740,0
2024-11-27,sh.601999,6.8038440400,7.0220431200,6.5955631000,7.0121249800,6.8633528800,13816400,94760677.0000,2,2.507900,1,2.167600,42.030660,1.529237,1.628120,41.549266,0
2024-11-28,sh.601999,7.0121249800,7.1608970800,6.9129435800,6.9625342800,7.0121249800,11903210,84206812.8000,2,2.160600,1,-0.707200,41.733413,1.518422,1.616606,41.255424,0
2024-11-29,sh.601999,6.9823705600,7.0418794000,6.8633528800,6.8931073000,6.9625342800,8839501,61821565.9400,2,1.604500,1,-0.997200,41.317268,1.503281,1.600486,40.844045,0
2024-12-02,sh.601999,6.8931073000,7.0914701000,6.8633528800,7.0220431200,6.8931073000,9946700,70264501.0000,2,1.805500,1,1.870500,42.090109,1.531400,1.630423,41.608035,0
2024-12-03,sh.601999,7.0319612600,7.1410608000,6.9426980000,7.0121249800,7.0220431200,7897600,56030271.0000,2,1.433500,1,-0.141200,42.030660,1.529237,1.628120,41.549266,0
2024-12-04,sh.601999,7.0418794000,7.0418794000,6.7244989200,6.7740896200,7.0121249800,8383602,57870100.8400,2,1.521800,1,-3.394600,40.603877,1.477325,1.572852,40.138825,0
2024-12-05,sh.601999,6.7344170600,6.9526161400,6.7344170600,6.9426980000,6.7740896200,8122000,56540340.0000,2,1.474300,1,2.489000,41.614515,1.514096,1.612000,41.137888,0
2024-12-06,sh.601999,6.9426980000,7.6369678000,6.9426980000,7.4782775600,6.9426980000,34429230,256941376.3000,2,6.249500,1,7.714300,44.824777,1.630898,1.736354,44.311382,0
2024-12-09,sh.601999,7.3096691800,7.4584412800,7.2005696400,7.2402422000,7.4782775600,31058998,228311845.5400,2,5.637700,1,-3.183000,43.397994,1.578986,1.681086,42.900940,0
2024-12-10,sh.601999,7.4088505800,7.4881957000,7.2303240600,7.2402422000,7.2402422000,18304011,135095069.7900,2,3.322500,1,0.000000,43.397994,1.578986,1.681086,42.900940,0
2024-12-11,sh.601999,7.2104877800,7.6667222200,7.1807333600,7.4683594200,7.2402422000,16971254,126572187.4600,2,3.080600,1,3.150700,44.765328,1.628735,1.734052,44.252613,0
2024-12-12,sh.601999,7.4683594200,7.5972952400,7.3195873200,7.5377864000,7.4683594200,14477510,108886277.6000,2,2.627900,1,0.929600,45.181473,1.643876,1.750172,44.663992,0
2024-12-13,sh.601999,7.4782775600,8.0138571200,7.4386050000,7.6369678000,7.5377864000,23134631,181340367.3500,2,4.199300,1,1.315800,45.775966,1.665506,1.773200,45.251676,0
2024-12-16,sh.601999,7.6964766400,8.4006645800,7.6171315200,7.9146757200,7.6369678000,45325100,368103783.2500,2,8.227200,1,3.636400,47.440547,1.726069,1.837680,46.897192,0
2024-12-17,sh.601999,7.8154943200,7.8353306000,7.2104877800,7.3493417400,7.9146757200,36647021,275211656.8600,2,6.652000,1,-7.142900,44.051936,1.602779,1.706417,43.547392,0
2024-12-18,sh.601999,7.6369678000,7.9146757200,7.3295054600,7.4683594200,7.3493417400,29625672,226464872.8000,2,5.377500,1,1.619400,44.765328,1.628735,1.734052,44.252613,0
2024-12-19,sh.601999,7.5080319800,7.5873771000,7.0914701000,7.4683594200,7.4683594200,25543702,188459593.8600,2,4.636600,1,0.000000,44.765328,1.628735,1.734052,44.252613,0
2024-12-20,sh.601999,7.4286868600,7.4881957000,7.1113063800,7.1311426600,7.4683594200,18925642,137849287.5200,2,3.435300,1,-4.515300,42.744052,1.555193,1.655754,42.254487,0
2024-12-23,sh.601999,7.1410608000,7.1410608000,6.4963817000,6.5261361200,7.1311426600,19806300,133991631.0000,2,3.595200,1,-8.484000,39.117644,1.423250,1.515280,38.669614,0
2024-12-24,sh.601999,6.5558905400,6.6550719400,6.3476096000,6.6253175200,6.5261361200,14570615,95730844.1500,2,2.644800,1,1.519800,39.712137,1.444880,1.538309,39.257298,0
2024-12-25,sh.601999,6.6253175200,6.8732710200,6.5261361200,6.7244989200,6.6253175200,16847317,114005268.3900,2,3.058100,1,1.497000,40.306630,1.466510,1.561337,39.844982,0
2024-12-26,sh.601999,6.6749082200,6.8931073000,6.5558905400,6.5856449600,6.7244989200,9936500,67004086.0000,2,1.803600,1,-2.064900,39.474340,1.436228,1.529097,39.022225,0
2024-12-27,sh.601999,6.5757268200,6.7145807800,6.4864635600,6.6451538000,6.5856449600,7657000,51209647.0000,2,1.389900,1,0.903600,39.831036,1.449206,1.542914,39.374835,0
2024-12-30,sh.601999,6.6253175200,6.6352356600,6.3773640200,6.4368728600,6.6451538000,8322617,54042499.4900,2,1.510700,1,-3.134300,38.582600,1.403783,1.494554,38.140699,0
2024-12-31,sh.601999,6.4269547200,6.5360542600,6.2186737800,6.2186737800,6.4368728600,11328900,72638964.0000,2,2.056400,1,-3.389800,37.274715,1.356197,1.443892,36.847794,0
2025-01-02,sh.601999,6.2087556400,6.4071184400,6.1492468000,6.2385100600,6.2186737800,8155836,51737166.5600,2,1.480400,1,0.319000,37.393614,1.360523,1.448497,36.965330,0
2025-01-03,sh.601999,6.2385100600,6.2781826200,5.8814570200,5.9310477200,6.2385100600,9891858,60058510.8400,2,1.795500,1,-4.928500,35.550686,1.293471,1.377109,35.143510,0
2025-01-06,sh.601999,5.9211295800,5.9905565600,5.6731760800,5.8913751600,5.9310477200,8206600,48474182.0000,2,1.489600,1,-0.668900,35.312888,1.284819,1.367897,34.908436,0
2025-01-07,sh.601999,5.7723574800,5.9806384200,5.7723574800,5.9608021400,5.8913751600,5203900,30978748.0000,2,0.944600,1,1.178500,35.729033,1.299960,1.384017,35.319815,0
2025-01-08,sh.601999,5.9409658600,6.0401472600,5.8021119000,5.9806384200,5.9608021400,5574801,33391077.8600,2,1.011900,1,0.332800,35.847932,1.304286,1.388623,35.437352,0
2025-01-09,sh.601999,5.9409658600,6.0798198200,5.9310477200,6.0302291200,5.9806384200,5340201,32481764.0700,2,0.969300,1,0.829200,36.145179,1.315101,1.400137,35.731194,0
2025-01-10,sh.601999,6.0897379600,6.0897379600,5.8021119000,5.8021119000,6.0302291200,5812200,34772352.0000,2,1.055000,1,-3.782900,34.777845,1.265352,1.347172,34.379520,0
2025-01-13,sh.601999,5.7624393400,5.8417844600,5.6335035200,5.8120300400,5.8021119000,5041082,29192584.8800,2,0.915000,1,0.170900,34.837294,1.267515,1.349474,34.438289,0
2025-01-14,sh.601999,5.8715388800,6.0897379600,5.8219481800,6.0897379600,5.8120300400,7388700,44731836.0000,2,1.341200,1,4.778200,36.501874,1.328079,1.413954,36.083804,0
2025-01-15,sh.601999,6.0897379600,6.2087556400,6.0699016800,6.1690830800,6.0897379600,6708300,41596111.0000,2,1.217700,1,1.302900,36.977469,1.345382,1.432377,36.553951,0
2025-01-16,sh.601999,6.1194923800,6.3178551800,6.1194923800,6.2285919200,6.1690830800,6138700,38565872.0000,2,1.114300,1,0.964600,37.334165,1.358360,1.446194,36.906562,0
2025-01-17,sh.601999,6.1790012200,6.1988375000,6.0897379600,6.1492468000,6.2285919200,4500365,27872981.7000,2,0.816900,1,-1.273900,36.858570,1.341056,1.427772,36.436415,0
2025-01-20,sh.601999,6.1790012200,6.3178551800,6.1095742400,6.2980189000,6.1492468000,5869800,37063530.0000,2,1.065500,1,2.419400,37.750310,1.373501,1.462314,37.317941,0
2025-01-21,sh.601999,6.3277733200,6.3575277400,6.1790012200,6.2285919200,6.2980189000,5367678,33797665.7200,2,0.974300,1,-1.102400,37.334165,1.358360,1.446194,36.906562,0
2025-01-22,sh.601999,6.2285919200,6.2285919200,6.1194923800,6.1294105200,6.2285919200,4078201,25356136.1900,2,0.740300,1,-1.592400,36.739672,1.336731,1.423166,36.318878,0
2025-01-23,sh.601999,6.1988375000,6.3476096000,6.1690830800,6.2682644800,6.1294105200,6807800,43085468.0000,2,1.235700,1,2.265400,37.571962,1.367012,1.455406,37.141636,0
2025-01-24,sh.601999,6.2980189000,6.3972003000,6.1790012200,6.3972003000,6.2682644800,6735444,42809344.8900,2,1.222600,1,2.057000,38.344803,1.395131,1.485343,37.905625,0
2025-01-27,sh.601999,6.4368728600,6.5558905400,6.3872821600,6.4666272800,6.3972003000,6108573,39884912.4100,2,1.108800,1,1.085300,38.760948,1.410272,1.501463,38.317004,0
2025-02-05,sh.601999,6.4963817000,6.6550719400,6.4765454200,6.6451538000,6.4666272800,6460500,43089555.0000,2,1.172700,1,2.760700,39.831036,1.449206,1.542914,39.374835,0
2025-02-06,sh.601999,6.6253175200,6.6649900800,6.5558905400,6.6253175200,6.6451538000,5532401,36810590.6200,2,1.004200,1,-0.298500,39.712137,1.444880,1.538309,39.257298,0
2025-02-07,sh.601999,6.6352356600,6.7244989200,6.5459724000,6.6054812400,6.6253175200,7194701,48211689.6500,2,1.306000,1,-0.299400,39.593238,1.440554,1.533703,39.139762,0
2025-02-10,sh.601999,6.6550719400,6.9228617200,6.6253175200,6.9129435800,6.6054812400,8426465,57734658.7500,2,1.529500,1,4.654700,41.436167,1.507607,1.605092,40.961582,0
2025-02-11,sh.601999,6.9327798600,6.9724524200,6.7939259000,6.9526161400,6.9129435800,7555865,52398467.0000,2,1.371500,1,0.573900,41.673964,1.516259,1.614303,41.196656,0
2025-02-12,sh.601999,7.0319612600,7.2699966200,6.9228617200,7.0121249800,6.9526161400,13376143,95331187.0100,2,2.428000,1,0.855900,42.030660,1.529237,1.628120,41.549266,0
2025-02-13,sh.601999,7.0121249800,7.0914701000,6.9129435800,6.9625342800,7.0121249800,8244458,57991273.8400,2,1.496500,1,-0.707200,41.733413,1.518422,1.616606,41.255424,0
2025-02-14,sh.601999,7.0022068400,7.0022068400,6.8435166000,6.9426980000,6.9625342800,6777358,47249415.8400,2,1.230200,1,-0.284900,41.614515,1.514096,1.612000,41.137888,0
2025-02-17,sh.601999,6.9426980000,7.0022068400,6.8534347400,6.9228617200,6.9426980000,5559223,38869924.3100,2,1.009100,1,-0.285700,41.495616,1.509770,1.607394,41.020351,0
2025-02-18,sh.601999,6.9327798600,6.9526161400,6.6153993800,6.6451538000,6.9228617200,8413723,57343380.7800,2,1.527200,1,-4.011500,39.831036,1.449206,1.542914,39.374835,0
2025-02-19,sh.601999,6.6947445000,6.8137621800,6.6253175200,6.8038440400,6.6451538000,6669700,45277234.0000,2,1.210700,1,2.388100,40.782225,1.483814,1.579760,40.315130,0
2025-02-20,sh.601999,6.7840077600,7.1608970800,6.7740896200,6.8435166000,6.8038440400,10634443,74284295.7000,2,1.930300,1,0.583100,41.020022,1.492466,1.588972,40.550203,0
2025-02-21,sh.601999,6.8137621800,6.8931073000,6.7244989200,6.8831891600,6.8435166000,7280150,50072979.5000,2,1.321500,1,0.579700,41.257819,1.501118,1.598183,40.785277,0
2025-02-24,sh.601999,6.8335984600,6.8732710200,6.6848263600,6.7939259000,6.8831891600,6728008,46036608.7200,2,1.221200,1,-1.296800,40.722775,1.481651,1.577457,40.256361,0
2025-02-25,sh.601999,6.7145807800,6.7939259000,6.6550719400,6.6947445000,6.7939259000,4769994,32352524.3800,2,0.865800,1,-1.459900,40.128282,1.460021,1.554429,39.668677,0
2025-02-26,sh.601999,6.6947445000,6.8236803200,6.6550719400,6.6749082200,6.6947445000,4769300,32213076.0000,2,0.865700,1,-0.296300,40.009384,1.455695,1.549823,39.551140,0
2025-02-27,sh.601999,6.6749082200,6.7542533400,6.5459724000,6.6153993800,6.6749082200,6477834,43352652.7800,2,1.175800,1,-0.891500,39.652688,1.442717,1.536006,39.198530,0
2025-02-28,sh.601999,6.5856449600,6.6054812400,6.3872821600,6.4071184400,6.6153993800,5903300,38585384.0000,2,1.071500,1,-3.148400,38.404252,1.397294,1.487646,37.964393,0
2025-03-03,sh.601999,6.4666272800,6.5658086800,6.3575277400,6.4368728600,6.4071184400,4465200,29167298.0000,2,0.810500,1,0.464400,38.582600,1.403783,1.494554,38.140699,0
2025-03-04,sh.601999,6.3872821600,6.5360542600,6.3872821600,6.5062998400,6.4368728600,3718101,24324240.5700,2,0.674900,1,1.078600,38.998745,1.418924,1.510674,38.552077,0
2025-03-05,sh.601999,6.4963817000,6.4963817000,6.3575277400,6.4269547200,6.5062998400,4016400,25909130.0000,2,0.729000,1,-1.219500,38.523151,1.401620,1.492252,38.081930,0
2025-03-06,sh.601999,6.4467910000,6.6749082200,6.4368728600,6.6253175200,6.4269547200,5881701,38985204.6800,2,1.067600,1,3.086400,39.712137,1.444880,1.538309,39.257298,0
2025-03-07,sh.601999,6.6550719400,6.7046626400,6.5856449600,6.6352356600,6.6253175200,4531300,30352172.0000,2,0.822500,1,0.149700,39.771586,1.447043,1.540612,39.316067,0
2025-03-10,sh.601999,6.6153993800,6.6550719400,6.5062998400,6.5757268200,6.6352356600,4476200,29661757.0000,2,0.812500,1,-0.896900,39.414890,1.434065,1.526794,38.963456,0
2025-03-11,sh.601999,6.5261361200,6.6253175200,6.4963817000,6.6253175200,6.5757268200,3221800,21358172.0000,2,0.584800,1,0.754100,39.712137,1.444880,1.538309,39.257298,0
2025-03-12,sh.601999,6.6153993800,6.7840077600,6.6153993800,6.7542533400,6.6253175200,5241200,35605271.0000,2,0.951400,1,1.946100,40.484978,1.472999,1.568246,40.021288,0
2025-03-13,sh.601999,6.7046626400,6.7443352000,6.5162179800,6.6253175200,6.7542533400,4582600,30534281.0000,2,0.831800,1,-1.909000,39.712137,1.444880,1.538309,39.257298,0
2025-03-14,sh.601999,6.6352356600,6.8137621800,6.5459724000,6.8038440400,6.6253175200,6144666,41678598.4000,2,1.115400,1,2.694600,40.782225,1.483814,1.579760,40.315130,0
2025-03-17,sh.601999,6.8335984600,6.8435166000,6.7344170600,6.7443352000,6.8038440400,4765800,32580076.0000,2,0.865100,1,-0.874600,40.425529,1.470836,1.565943,39.962519,0
2025-03-18,sh.601999,6.7740896200,6.8236803200,6.6848263600,6.7939259000,6.7443352000,4368500,29804437.0000,2,0.793000,1,0.735300,40.722775,1.481651,1.577457,40.256361,0
2025-03-19,sh.601999,6.8236803200,6.8236803200,6.6749082200,6.7145807800,6.7939259000,5060100,34234886.0000,2,0.918500,1,-1.167900,40.247181,1.464347,1.559034,39.786214,0
2025-03-20,sh.601999,6.7145807800,6.7244989200,6.6352356600,6.6451538000,6.7145807800,4225600,28490730.0000,2,0.767000,1,-1.034000,39.831036,1.449206,1.542914,39.374835,0
2025-03-21,sh.601999,6.7046626400,6.7046626400,6.5062998400,6.5360542600,6.6451538000,5402200,35875172.0000,2,0.980600,1,-1.641800,39.177093,1.425413,1.517583,38.728383,0
2025-03-24,sh.601999,6.5757268200,6.9030254400,6.3872821600,6.7641714800,6.5360542600,22204950,148145397.2000,2,4.030600,1,3.490100,40.544427,1.475162,1.570549,40.080056,0
2025-03-25,sh.601999,6.5459724000,6.5757268200,6.1194923800,6.1889193600,6.7641714800,35868053,226617605.9400,2,6.510600,1,-8.504400,37.096367,1.349708,1.436983,36.671488,0
2025-03-26,sh.601999,6.1393286600,6.2781826200,6.0798198200,6.2285919200,6.1889193600,12628776,78912439.0400,2,2.292300,1,0.641000,37.334165,1.358360,1.446194,36.906562,0
2025-03-27,sh.601999,6.1988375000,6.2881007600,6.0798198200,6.2285919200,6.2285919200,11842339,74143102.9200,2,2.149600,1,0.000000,37.334165,1.358360,1.446194,36.906562,0
2025-03-28,sh.601999,6.2285919200,6.2980189000,6.1393286600,6.2285919200,6.2285919200,9378601,58809267.2500,2,1.702400,1,0.000000,37.334165,1.358360,1.446194,36.906562,0
2025-03-31,sh.601999,6.1492468000,6.2285919200,6.0500654000,6.1294105200,6.2285919200,8113000,50131179.0000,2,1.472600,1,-1.592400,36.739672,1.336731,1.423166,36.318878,0
2025-04-01,sh.601999,6.1194923800,6.3277733200,6.1194923800,6.2285919200,6.1294105200,7760900,48958105.0000,2,1.408700,1,1.618100,37.334165,1.358360,1.446194,36.906562,0
2025-04-02,sh.601999,6.2285919200,6.3376914600,6.2285919200,6.2583463400,6.2285919200,4837700,30658148.9000,2,0.878100,1,0.477700,37.512513,1.364849,1.453103,37.082867,0
2025-04-03,sh.601999,6.2186737800,6.4368728600,6.1988375000,6.3376914600,6.2583463400,7776900,49666426.0000,2,1.411600,1,1.267800,37.988107,1.382153,1.471526,37.553014,0
2025-04-07,sh.601999,6.1492468000,6.1492468000,5.7029305000,5.7029305000,6.3376914600,12870800,76032053.9900,2,2.336300,1,-10.015600,34.183351,1.243722,1.324143,33.791836,0
2025-04-08,sh.601999,5.5640765400,5.8021119000,5.5244039800,5.6731760800,5.7029305000,12483800,71336194.0000,2,2.266000,1,-0.521700,34.005004,1.237233,1.317234,33.615531,0
2025-04-09,sh.601999,5.5045677000,5.7326849200,5.1673509400,5.7029305000,5.6731760800,12414900,68704477.0000,2,2.253500,1,0.524500,34.183351,1.243722,1.324143,33.791836,0
2025-04-10,sh.601999,5.9211295800,6.2781826200,5.8715388800,6.1294105200,5.7029305000,27948600,173752094.0000,2,5.073100,1,7.478300,33.321383,1.306598,1.403255,99.685090,0
2025-04-11,sh.601999,6.1294105200,6.1988375000,5.9508840000,5.9508840000,6.1294105200,17129500,104748943.0000,2,3.109300,1,-2.912600,32.350857,1.268542,1.362383,96.781641,0
2025-04-14,sh.601999,5.9905565600,6.1790012200,5.9905565600,6.1194923800,5.9508840000,9360600,57561622.0000,2,1.699100,1,2.833300,33.267465,1.304484,1.400984,99.523788,0
2025-04-15,sh.601999,6.0996561000,6.2186737800,6.0599835400,6.1889193600,6.1194923800,7178700,44466327.0000,2,1.303100,1,1.134500,33.644891,1.319283,1.416878,100.652907,0
2025-04-16,sh.601999,6.1492468000,6.3079370400,6.0302291200,6.1294105200,6.1889193600,9420900,58657402.0000,2,1.710000,1,-0.961500,33.321383,1.306598,1.403255,99.685090,0
2025-04-17,sh.601999,6.0599835400,6.2285919200,6.0302291200,6.1988375000,6.1294105200,6015000,37426670.0000,2,1.091800,1,1.132700,33.698809,1.321398,1.419149,100.814209,0
2025-04-18,sh.601999,6.1988375000,6.2285919200,6.1095742400,6.2087556400,6.1988375000,5965343,37155326.1800,2,1.082800,1,0.160000,33.752727,1.323512,1.421420,100.975512,0
2025-04-21,sh.601999,6.1690830800,6.4071184400,6.1393286600,6.3376914600,6.2087556400,7449041,47323661.5800,2,1.352100,1,2.076700,34.453663,1.350997,1.450938,103.072448,0
2025-04-22,sh.601999,6.3277733200,6.3972003000,6.2980189000,6.3575277400,6.3376914600,5873000,37538666.0000,2,1.066000,1,0.313000,34.561499,1.355225,1.455479,103.395053,0
2025-04-23,sh.601999,6.3575277400,6.4368728600,6.2781826200,6.3178551800,6.3575277400,5045200,32192711.0000,2,0.915800,1,-0.624000,34.345826,1.346768,1.446397,102.749842,0
2025-04-24,sh.601999,6.2781826200,6.3277733200,6.2186737800,6.2484282000,6.3178551800,5727900,36137201.0000,2,1.039700,1,-1.098900,33.968400,1.331969,1.430502,101.620723,0
2025-04-25,sh.601999,6.2484282000,6.3674458800,6.2484282000,6.3178551800,6.2484282000,5807400,37050127.0000,2,1.054100,1,1.111100,34.345826,1.346768,1.446397,102.749842,0
2025-04-28,sh.601999,6.3277733200,6.3277733200,6.0599835400,6.1393286600,6.3178551800,9032700,56062722.0000,2,1.639600,1,-2.825700,29.206651,1.305303,1.395305,77.993990,0
2025-04-29,sh.601999,6.0996561000,6.2583463400,6.0599835400,6.1889193600,6.1393286600,7754400,48432906.0000,2,1.407600,1,0.807800,29.442570,1.315847,1.406575,78.623990,0
2025-04-30,sh.601999,6.1690830800,6.3277733200,6.1690830800,6.2186737800,6.1889193600,5507817,34793399.4200,2,0.999800,1,0.480800,29.584120,1.322173,1.413338,79.001990,0
2025-05-06,sh.601999,6.2285919200,6.3277733200,6.2285919200,6.3178551800,6.2186737800,6488200,41157865.0000,2,1.177700,1,1.594900,30.055956,1.343261,1.435879,80.261990,0
2025-05-07,sh.601999,6.3476096000,6.3872821600,6.2980189000,6.3773640200,6.3178551800,5655605,36205237.0500,2,1.026600,1,0.941900,30.339058,1.355913,1.449404,81.017989,0
2025-05-08,sh.601999,6.3674458800,6.4864635600,6.3178551800,6.4765454200,6.3773640200,5690410,36886174.6000,2,1.032900,1,1.555200,30.810894,1.377000,1.471945,82.277989,0
2025-05-09,sh.601999,6.4765454200,6.4765454200,6.3476096000,6.3872821600,6.4765454200,6203876,39950547.6800,2,1.126100,1,-1.378300,30.386242,1.358022,1.451658,81.143989,0
2025-05-12,sh.601999,6.3872821600,6.4269547200,6.3178551800,6.3674458800,6.3872821600,4801300,30795825.0000,2,0.871500,1,-0.310600,30.291874,1.353804,1.447150,80.891989,0
2025-05-13,sh.601999,6.3674458800,6.4269547200,6.3178551800,6.3476096000,6.3674458800,4484200,28778406.0000,2,0.814000,1,-0.311500,30.197507,1.349587,1.442641,80.639989,0
2025-05-14,sh.601999,6.3277733200,6.3872821600,6.2781826200,6.3476096000,6.3476096000,4898100,31259924.0000,2,0.889100,1,0.000000,30.197507,1.349587,1.442641,80.639989,0
2025-05-15,sh.601999,6.3476096000,6.3476096000,6.2682644800,6.3178551800,6.3476096000,3829105,24376801.9000,2,0.695000,1,-0.468800,30.055956,1.343261,1.435879,80.261990,0
2025-05-16,sh.601999,6.3178551800,6.4170365800,6.2980189000,6.3476096000,6.3178551800,4669600,29965521.0000,2,0.847600,1,0.471000,30.197507,1.349587,1.442641,80.639989,0
2025-05-19,sh.601999,6.3476096000,6.4963817000,6.3277733200,6.4864635600,6.3476096000,7792800,50666080.0000,2,1.414500,1,2.187500,30.858078,1.379109,1.474199,82.403989,0
2025-05-20,sh.601999,6.4864635600,6.5558905400,6.4170365800,6.5459724000,6.4864635600,5439100,35674419.0000,2,0.987300,1,0.917400,31.141179,1.391761,1.487724,83.159989,0
2025-05-21,sh.601999,6.5757268200,6.5856449600,6.4567091400,6.4864635600,6.5459724000,3856500,25246998.0000,2,0.700000,1,-0.909100,30.858078,1.379109,1.474199,82.403989,0
2025-05-22,sh.601999,6.4864635600,6.5162179800,6.3575277400,6.4170365800,6.4864635600,3918000,25383618.0000,2,0.711200,1,-1.070300,30.527792,1.364348,1.458420,81.521989,0
2025-05-23,sh.601999,6.3972003000,6.4467910000,6.2583463400,6.2583463400,6.4170365800,5312000,34052499.0000,2,0.964200,1,-2.473000,29.772855,1.330608,1.422354,79.505990,0
2025-05-26,sh.601999,6.2484282000,6.4765454200,6.2484282000,6.4368728600,6.2583463400,6503200,41999945.0000,2,1.180400,1,2.852600,30.622160,1.368565,1.462929,81.773989,0
2025-05-27,sh.601999,6.4170365800,6.5162179800,6.3674458800,6.5162179800,6.4368728600,5388400,35106053.9500,2,0.978100,1,1.232700,30.999628,1.385435,1.480962,82.781989,0
2025-05-28,sh.601999,6.5062998400,6.5360542600,6.4170365800,6.4963817000,6.5162179800,4184000,27262442.0000,2,0.759500,1,-0.304400,30.905261,1.381218,1.476453,82.529989,0
2025-05-29,sh.601999,6.4864635600,6.6451538000,6.4467910000,6.6253175200,6.4963817000,6739800,44663657.0000,2,1.223400,1,1.984700,31.518648,1.408631,1.505757,84.167989,0
2025-05-30,sh.601999,6.6947445000,6.7939259000,6.5360542600,6.5558905400,6.6253175200,7348201,49039677.7000,2,1.333800,1,-1.047900,31.188363,1.393870,1.489978,83.285989,0
2025-06-03,sh.601999,6.5162179800,6.7244989200,6.4765454200,6.6550719400,6.5558905400,7443300,50003195.0000,2,1.351100,1,1.512900,31.660199,1.414957,1.512519,84.545989,0
2025-06-04,sh.601999,6.6352356600,6.7641714800,6.6352356600,6.7443352000,6.6550719400,6165800,41746428.0000,2,1.119200,1,1.341300,32.084851,1.433936,1.532806,85.679989,0
2025-06-05,sh.601999,6.7443352000,6.8137621800,6.6848263600,6.7145807800,6.7443352000,5615300,38234236.0000,2,1.019300,1,-0.441200,31.943301,1.427610,1.526044,85.301989,0
2025-06-06,sh.601999,6.6947445000,6.7740896200,6.6451538000,6.7244989200,6.7145807800,4834800,32610207.0000,2,0.877600,1,0.147700,31.990484,1.429718,1.528298,85.427989,0
2025-06-09,sh.601999,6.7344170600,6.7740896200,6.7046626400,6.7443352000,6.7244989200,5393901,36698803.7800,2,0.979100,1,0.295000,32.084851,1.433936,1.532806,85.679989,0
2025-06-10,sh.601999,6.7641714800,6.7939259000,6.6352356600,6.7542533400,6.7443352000,5874101,39825610.9300,2,1.066200,1,0.147100,32.132035,1.436045,1.535061,85.805989,0
2025-06-11,sh.601999,6.7344170600,6.8534347400,6.7344170600,6.8335984600,6.7542533400,5049543,34713360.5500,2,0.916600,1,1.174700,32.509504,1.452914,1.553094,86.813989,0
2025-06-12,sh.601999,6.8335984600,6.9526161400,6.7641714800,6.8931073000,6.8335984600,7270301,50343600.9400,2,1.319700,1,0.870800,32.792605,1.465567,1.566618,87.569989,0
2025-06-13,sh.601999,6.8534347400,6.8831891600,6.6550719400,6.7046626400,6.8931073000,7820900,52979908.0000,2,1.419600,1,-2.733800,31.896117,1.425501,1.523790,85.175989,0
2025-06-16,sh.601999,6.6550719400,6.8534347400,6.6550719400,6.8137621800,6.7046626400,6516310,44655149.5000,2,1.182800,1,1.627200,32.415137,1.448697,1.548585,86.561989,0
2025-06-17,sh.601999,6.8236803200,6.8335984600,6.7145807800,6.7443352000,6.8137621800,4502900,30636124.0000,2,0.817300,1,-1.018900,32.084851,1.433936,1.532806,85.679989,0
2025-06-18,sh.601999,6.7145807800,6.7740896200,6.5955631000,6.6451538000,6.7443352000,4562000,30607679.0000,2,0.828100,1,-1.470600,31.613015,1.412849,1.510265,84.419989,0
2025-06-19,sh.601999,6.6550719400,6.7641714800,6.5856449600,6.6352356600,6.6451538000,7151700,48028190.0000,2,1.298200,1,-0.149300,31.565832,1.410740,1.508011,84.293989,0
2025-06-20,sh.601999,6.6253175200,6.6352356600,6.4567091400,6.4864635600,6.6352356600,5468376,35909338.0400,2,0.992600,1,-2.242200,30.858078,1.379109,1.474199,82.403989,0
2025-06-23,sh.601999,6.4467910000,6.6451538000,6.4467910000,6.6153993800,6.4864635600,5806950,38558650.6400,2,1.054100,1,1.987800,31.471465,1.406522,1.503503,84.041989,0
2025-06-24,sh.601999,6.6550719400,6.9625342800,6.6253175200,6.8137621800,6.6153993800,6898700,47273074.9900,2,1.252200,1,2.998500,32.415137,1.448697,1.548585,86.561989,0
2025-06-25,sh.601999,6.8831891600,6.8831891600,6.7344170600,6.8137621800,6.8137621800,5169900,35403145.0000,2,0.938400,1,0.000000,32.415137,1.448697,1.548585,86.561989,0
2025-06-26,sh.601999,6.8137621800,6.9030254400,6.7244989200,6.8435166000,6.8137621800,6899310,47358420.5000,2,1.252300,1,0.436700,32.556687,1.455023,1.555348,86.939989,0
2025-06-27,sh.601999,6.8236803200,6.9228617200,6.7939259000,6.8931073000,6.8435166000,6056838,41904616.9500,2,1.099400,1,0.724600,32.792605,1.465567,1.566618,87.569989,0
2025-06-30,sh.601999,6.8931073000,6.9526161400,6.8335984600,6.9327798600,6.8931073000,5008300,34896035.0000,2,0.909100,1,0.575500,32.981340,1.474002,1.575635,88.073989,0
2025-07-01,sh.601999,6.9030254400,7.0022068400,6.7840077600,6.8335984600,6.9327798600,7696700,53157007.0000,2,1.397100,1,-1.430600,32.509504,1.452914,1.553094,86.813989,0
2025-07-02,sh.601999,6.8335984600,6.8831891600,6.7840077600,6.8732710200,6.8335984600,4316800,29763729.0000,2,0.783600,1,0.580600,32.698238,1.461349,1.562110,87.317989,0
2025-07-03,sh.601999,6.8931073000,6.9526161400,6.8335984600,6.8931073000,6.8732710200,3655300,25366974.0000,2,0.663500,1,0.288600,32.792605,1.465567,1.566618,87.569989,0
2025-07-04,sh.601999,6.9030254400,6.9327798600,6.8435166000,6.8633528800,6.8931073000,4244000,29478775.0000,2,0.770400,1,-0.431700,32.651055,1.459241,1.559856,87.191989,0
2025-07-07,sh.601999,6.8236803200,6.9625342800,6.8038440400,6.9426980000,6.8633528800,4608170,32167594.7000,2,0.836500,1,1.156100,33.028523,1.476111,1.577889,88.199989,0
2025-07-08,sh.601999,6.9426980000,7.0418794000,6.9030254400,7.0220431200,6.9426980000,4645100,32842125.0000,2,0.843200,1,1.142900,33.405992,1.492980,1.595922,89.207988,0
2025-07-09,sh.601999,7.0418794000,7.0914701000,6.9922887000,7.0418794000,7.0220431200,5133100,36452855.0000,2,0.931700,1,0.282500,33.500360,1.497198,1.600430,89.459988,0
2025-07-10,sh.601999,7.0418794000,7.1212245200,7.0121249800,7.0815519600,7.0418794000,4440901,31620974.0900,2,0.806100,1,0.563400,33.689094,1.505633,1.609447,89.963988,0
2025-07-11,sh.601999,7.0914701000,7.1311426600,7.0022068400,7.0914701000,7.0815519600,3877500,27602692.0000,2,0.703800,1,0.140100,33.736278,1.507741,1.611701,90.089988,0
2025-07-14,sh.601999,7.1113063800,7.1113063800,7.0022068400,7.0815519600,7.0914701000,3652100,25997737.0000,2,0.662900,1,-0.139900,33.689094,1.505633,1.609447,89.963988,0
2025-07-15,sh.601999,7.0815519600,7.1013882400,6.9228617200,6.9823705600,7.0815519600,5471969,38562877.5900,2,0.993300,1,-1.400600,33.217258,1.484545,1.586906,88.703988,0
2025-07-16,sh.601999,7.0121249800,7.0815519600,6.9724524200,7.0418794000,6.9823705600,4865500,34582956.0000,2,0.883200,1,0.852300,33.500360,1.497198,1.600430,89.459988,0
2025-07-17,sh.601999,7.0815519600,7.1410608000,7.0121249800,7.0319612600,7.0418794000,4631600,32982321.0000,2,0.840700,1,-0.140800,33.453176,1.495089,1.598176,89.333988,0
2025-07-18,sh.601999,7.0617156800,7.0914701000,6.9922887000,7.0418794000,7.0319612600,3215000,22800384.0000,2,0.583600,1,0.141000,33.500360,1.497198,1.600430,89.459988,0
2025-07-21,sh.601999,7.0418794000,7.1311426600,7.0121249800,7.1013882400,7.0418794000,4995773,35635028.2200,2,0.906800,1,0.845100,33.783461,1.509850,1.613955,90.215988,0
2025-07-22,sh.601999,7.1311426600,7.1509789400,7.0517975400,7.1013882400,7.1013882400,4916900,35206563.0000,2,0.892500,1,0.000000,33.783461,1.509850,1.613955,90.215988,0
2025-07-23,sh.601999,7.0716338200,7.1410608000,7.0121249800,7.0319612600,7.1013882400,3681000,26243901.0000,2,0.668200,1,-0.977700,33.453176,1.495089,1.598176,89.333988,0
2025-07-24,sh.601999,7.0319612600,7.1113063800,7.0121249800,7.1013882400,7.0319612600,3631000,25880056.0000,2,0.659100,1,0.987300,33.783461,1.509850,1.613955,90.215988,0
2025-07-25,sh.601999,7.1013882400,7.2204059200,7.0716338200,7.1608970800,7.1013882400,5733701,41396836.2100,2,1.040800,1,0.838000,34.066563,1.522503,1.627480,90.971988,0
2025-07-28,sh.601999,7.1410608000,7.2501603400,7.1410608000,7.1807333600,7.1608970800,4709800,34085401.0000,2,0.854900,1,0.277000,34.160930,1.526720,1.631988,91.223988,0
2025-07-29,sh.601999,7.1906515000,7.2005696400,7.0418794000,7.1608970800,7.1807333600,4217500,30277527.0000,2,0.765500,1,-0.276200,34.066563,1.522503,1.627480,90.971988,0
2025-07-30,sh.601999,7.1608970800,7.2501603400,7.1410608000,7.2005696400,7.1608970800,5072901,36816278.2400,2,0.920800,1,0.554000,34.255297,1.530937,1.636496,91.475988,0
2025-07-31,sh.601999,7.2005696400,7.2104877800,7.0716338200,7.1013882400,7.2005696400,4674501,33641923.2000,2,0.848500,1,-1.377400,33.783461,1.509850,1.613955,90.215988,0
2025-08-01,sh.601999,7.1311426600,7.2204059200,7.0815519600,7.2104877800,7.1013882400,5451301,39372662.2400,2,0.989500,1,1.536300,34.302481,1.533046,1.638750,91.601988,0
2025-08-04,sh.601999,7.1708152200,7.2501603400,7.1013882400,7.2501603400,7.2104877800,4896600,35507631.0000,2,0.888800,1,0.550200,34.491215,1.541481,1.647767,92.105988,0
2025-08-05,sh.601999,7.2600784800,7.4187687200,7.2104877800,7.3394236000,7.2501603400,6291200,46377350.9900,2,1.142000,1,1.231200,34.915868,1.560460,1.668054,93.239988,0
2025-08-06,sh.601999,7.2997510400,7.4187687200,7.2699966200,7.3195873200,7.3394236000,5501100,40650684.0000,2,0.998500,1,-0.270300,34.821500,1.556242,1.663546,92.987988,0
2025-08-07,sh.601999,7.3394236000,7.3394236000,7.2402422000,7.2600784800,7.3195873200,4367400,32080550.0000,2,0.792800,1,-0.813000,34.538399,1.543590,1.650021,92.231988,0
2025-08-08,sh.601999,7.2699966200,7.2898329000,7.2204059200,7.2600784800,7.2600784800,3962100,28963239.0000,2,0.719200,1,0.000000,34.538399,1.543590,1.650021,92.231988,0
2025-08-11,sh.601999,7.2898329000,7.3790961600,7.2303240600,7.3592598800,7.2600784800,4287100,31678074.0000,2,0.778200,1,1.366100,35.010235,1.564677,1.672562,93.491988,0
2025-08-12,sh.601999,7.3790961600,7.3890143000,7.2799147600,7.2997510400,7.3592598800,3596200,26522183.0000,2,0.652800,1,-0.808600,34.727133,1.552025,1.659038,92.735988,0
2025-08-13,sh.601999,7.2997510400,7.3394236000,7.2303240600,7.2303240600,7.2997510400,3597000,26335758.0000,2,0.652900,1,-0.951100,34.396848,1.537264,1.643259,91.853988,0
2025-08-14,sh.601999,7.2303240600,7.2600784800,6.9922887000,7.0121249800,7.2303240600,6316400,45326159.0000,2,1.146500,1,-3.017800,33.358809,1.490872,1.593668,89.081988,0
2025-08-15,sh.601999,6.9922887000,7.0617156800,6.9724524200,7.0220431200,7.0121249800,5629600,39858672.0000,2,1.021900,1,0.141400,33.405992,1.492980,1.595922,89.207988,0
2025-08-18,sh.601999,7.0517975400,7.2402422000,7.0418794000,7.1013882400,7.0220431200,7029901,50751953.1400,2,1.276000,1,1.129900,33.783461,1.509850,1.613955,90.215988,0
2025-08-19,sh.601999,7.1013882400,7.3295054600,7.0022068400,7.2501603400,7.1013882400,6880900,49836198.0000,2,1.249000,1,2.095000,34.491215,1.541481,1.647767,92.105988,0
2025-08-20,sh.601999,7.2303240600,7.2997510400,7.1608970800,7.2699966200,7.2501603400,5199201,37834800.2500,2,0.943700,1,0.273600,34.585582,1.545699,1.652275,92.357988,0
2025-08-21,sh.601999,7.3100000000,7.3400000000,7.2100000000,7.3000000000,7.2700000000,4993714,36401295.6200,2,0.906400,1,0.412700,34.444032,1.539372,1.645513,91.979988,0
2025-08-22,sh.601999,7.3000000000,7.3500000000,7.1900000000,7.2700000000,7.3000000000,6091284,44144304.4800,2,1.105700,1,-0.411000,34.302481,1.533046,1.638750,91.601988,0
2025-08-25,sh.601999,7.3000000000,7.3500000000,7.2000000000,7.2800000000,7.2700000000,6792952,49321644.9600,2,1.233000,1,0.137600,34.349664,1.535155,1.641005,91.727988,0
2025-08-26,sh.601999,7.2600000000,7.3900000000,7.2000000000,7.3700000000,7.2800000000,6201031,45547329.6700,2,1.125600,1,1.236300,34.774317,1.554133,1.661292,92.861988,0
2025-08-27,sh.601999,7.3900000000,7.4200000000,7.1100000000,7.1200000000,7.3700000000,6727568,48930544.5500,2,1.221200,1,-3.392100,33.594727,1.501415,1.604939,89.711988,0
2025-08-28,sh.601999,7.1600000000,7.2700000000,6.8500000000,7.1200000000,7.1200000000,7905957,55882423.0300,2,1.435100,1,0.000000,33.594727,1.501415,1.604939,89.711988,0
2025-08-29,sh.601999,7.1200000000,7.1400000000,6.9600000000,7.0100000000,7.1200000000,5778229,40609036.2600,2,1.048800,1,-1.544900,33.075707,1.478219,1.580143,88.325988,0
2025-09-01,sh.601999,7.0900000000,7.3500000000,7.0800000000,7.2200000000,7.0100000000,11705424,84515353.3200,2,2.124700,1,2.995700,30.116694,1.520463,1.677127,37.000144,0
2025-09-02,sh.601999,7.1500000000,7.2700000000,7.0000000000,7.1000000000,7.2200000000,6608900,46923089.0000,2,1.199600,1,-1.662000,29.616140,1.495192,1.649252,36.385183,0
2025-09-03,sh.601999,7.1100000000,7.1300000000,6.9000000000,6.9100000000,7.1000000000,6525800,45571726.7200,2,1.184500,1,-2.676100,28.823595,1.455180,1.605117,35.411495,0
2025-09-04,sh.601999,6.9300000000,7.0900000000,6.8800000000,7.0400000000,6.9100000000,7173800,50330326.0000,2,1.302200,1,1.881300,29.365863,1.482556,1.635315,36.077702,0
2025-09-05,sh.601999,7.0700000000,7.2400000000,6.8700000000,7.1700000000,7.0400000000,6791500,48129181.0000,2,1.232800,1,1.846600,29.908130,1.509933,1.665512,36.743910,0
2025-09-08,sh.601999,7.1500000000,7.3200000000,7.1500000000,7.2900000000,7.1700000000,6013653,43699717.8300,2,1.091600,1,1.673600,30.408684,1.535204,1.693387,37.358871,0
2025-09-09,sh.601999,7.2700000000,7.4300000000,7.2600000000,7.4000000000,7.2900000000,8580882,63197838.4900,2,1.557600,1,1.508900,30.867526,1.558369,1.718939,37.922585,0
2025-09-10,sh.601999,7.4100000000,7.5300000000,7.3400000000,7.4500000000,7.4000000000,7141179,53211614.2800,2,1.296200,1,0.675700,31.076090,1.568899,1.730553,38.178818,0
2025-09-11,sh.601999,7.4600000000,7.5400000000,7.2800000000,7.5100000000,7.4500000000,7988105,59326117.6000,2,1.450000,1,0.805400,31.326368,1.581534,1.744490,38.486299,0
2025-09-12,sh.601999,7.5900000000,7.6800000000,7.4100000000,7.4500000000,7.5100000000,7124799,53421948.5800,2,1.293300,1,-0.798900,31.076090,1.568899,1.730553,38.178818,0
2025-09-15,sh.601999,7.4800000000,7.4900000000,7.2800000000,7.3500000000,7.4500000000,5859000,43004382.0000,2,1.063500,1,-1.342300,30.658962,1.547840,1.707324,37.666351,0
2025-09-16,sh.601999,7.3400000000,7.3800000000,7.2400000000,7.3200000000,7.3500000000,4890700,35733623.0000,2,0.887700,1,-0.408200,30.533823,1.541522,1.700356,37.512611,0
2025-09-17,sh.601999,7.2900000000,7.3400000000,7.2200000000,7.2800000000,7.3200000000,4575700,33176296.0000,2,0.830600,1,-0.546400,30.366971,1.533098,1.691064,37.307624,0
2025-09-18,sh.601999,7.2900000000,7.2900000000,7.0400000000,7.0900000000,7.2800000000,6821299,48906290.7800,2,1.238200,1,-2.609900,29.574427,1.493086,1.646929,36.333936,0
2025-09-19,sh.601999,7.1000000000,7.1400000000,6.9300000000,7.0200000000,7.0900000000,5226200,36609335.0000,2,0.948600,1,-0.987300,29.282437,1.478345,1.630669,35.975209,0
2025-09-22,sh.601999,6.9900000000,7.0200000000,6.8000000000,6.9400000000,7.0200000000,3916583,27096699.3000,2,0.710900,1,-1.139600,28.948734,1.461497,1.612086,35.565235,0
2025-09-23,sh.601999,6.9000000000,6.9400000000,6.5800000000,6.7100000000,6.9400000000,8302900,55580947.0000,2,1.507100,1,-3.314100,27.989338,1.413062,1.558659,34.386560,0
2025-09-24,sh.601999,6.7100000000,6.8800000000,6.6600000000,6.8700000000,6.7100000000,5227800,35615856.0000,2,0.948900,1,2.384500,28.656744,1.446756,1.595825,35.206508,0
2025-09-25,sh.601999,6.8500000000,6.9300000000,6.7600000000,6.7800000000,6.8700000000,5493800,37536852.0000,2,0.997200,1,-1.310000,28.281328,1.427803,1.574919,34.745287,0
2025-09-26,sh.601999,6.7600000000,6.8400000000,6.6900000000,6.7900000000,6.7800000000,5297200,35846153.0000,2,0.961500,1,0.147500,28.323041,1.429909,1.577242,34.796534,0
2025-09-29,sh.601999,6.7500000000,6.9300000000,6.7400000000,6.8800000000,6.7900000000,7536600,51604395.0000,2,1.368000,1,1.325500,28.698457,1.448862,1.598148,35.257755,0
2025-09-30,sh.601999,6.9200000000,7.0100000000,6.8700000000,6.9300000000,6.8800000000,5132300,35620653.0000,2,0.931600,1,0.726700,28.907021,1.459392,1.609763,35.513988,0
2025-10-09,sh.601999,6.9200000000,6.9600000000,6.7300000000,6.7800000000,6.9300000000,7327700,49744844.9800,2,1.330100,1,-2.164500,28.281328,1.427803,1.574919,34.745287,0
2025-10-10,sh.601999,6.7700000000,6.9100000000,6.7500000000,6.8900000000,6.7800000000,6502092,44593180.9300,2,1.180200,1,1.622400,28.740169,1.450968,1.600471,35.309001,0
2025-10-13,sh.601999,6.7600000000,6.8700000000,6.6100000000,6.8700000000,6.8900000000,5600328,38003286.3600,2,1.016600,1,-0.290300,28.656744,1.446756,1.595825,35.206508,0
2025-10-14,sh.601999,6.8900000000,6.9600000000,6.8300000000,6.8600000000,6.8700000000,5716600,39310229.0000,2,1.037700,1,-0.145600,28.615031,1.444650,1.593503,35.155261,0
2025-10-15,sh.601999,6.8600000000,6.9500000000,6.8400000000,6.9300000000,6.8600000000,5593001,38658506.9000,2,1.015200,1,1.020400,28.907021,1.459392,1.609763,35.513988,0
2025-10-16,sh.601999,6.9500000000,6.9900000000,6.8700000000,6.9000000000,6.9300000000,4407131,30503914.1100,2,0.800000,1,-0.432900,28.781882,1.453074,1.602794,35.360248,0
2025-10-17,sh.601999,6.8700000000,6.9500000000,6.8400000000,6.8400000000,6.9000000000,4159703,28674615.6700,2,0.755100,1,-0.869600,28.531605,1.440438,1.588857,35.052768,0
2025-10-20,sh.601999,6.8900000000,6.9000000000,6.7900000000,6.8500000000,6.8400000000,3388202,23149231.6400,2,0.615000,1,0.146200,28.573318,1.442544,1.591180,35.104014,0
2025-10-21,sh.601999,6.8400000000,7.1400000000,6.8400000000,7.1100000000,6.8500000000,6983700,49128448.0000,2,1.267700,1,3.795600,29.657853,1.497298,1.651575,36.436429,0
2025-10-22,sh.601999,7.1000000000,7.2600000000,7.0900000000,7.2000000000,7.1100000000,6187600,44607550.0000,2,1.123200,1,1.265800,30.033268,1.516251,1.672481,36.897650,0
2025-10-23,sh.601999,7.2100000000,7.3500000000,7.1800000000,7.3300000000,7.2000000000,6235784,45267091.2000,2,1.131900,1,1.805600,30.575536,1.543628,1.702678,37.563858,0
2025-10-24,sh.601999,7.3600000000,7.3600000000,7.2000000000,7.2300000000,7.3300000000,4972200,36059343.0000,2,0.902500,1,-1.364300,30.158407,1.522569,1.679450,37.051390,0
2025-10-27,sh.601999,7.3200000000,7.3200000000,7.0800000000,7.1900000000,7.2300000000,7188911,51526522.4700,2,1.304900,1,-0.553300,29.991556,1.514145,1.670158,36.846403,0
2025-10-28,sh.601999,7.1500000000,7.3300000000,7.1300000000,7.2700000000,7.1900000000,5040350,36491064.5400,2,0.914900,1,1.112700,30.325259,1.530992,1.688741,37.256377,0
2025-10-29,sh.601999,7.2300000000,7.2600000000,7.0700000000,7.1500000000,7.2700000000,5213410,37169686.7000,2,0.946300,1,-1.650600,29.824704,1.505721,1.660866,36.641416,0
2025-10-30,sh.601999,7.1500000000,7.2000000000,7.0600000000,7.0900000000,7.1500000000,6413910,45713059.5000,2,1.164200,1,-0.839200,28.873109,1.474330,1.683192,56.555896,0
2025-10-31,sh.601999,7.1000000000,7.2300000000,7.0800000000,7.2200000000,7.0900000000,6713600,48288493.0000,2,1.218600,1,1.833600,29.402517,1.501363,1.714054,57.592887,0
2025-11-03,sh.601999,7.2300000000,7.4100000000,7.1900000000,7.3900000000,7.2200000000,7597900,55646008.0000,2,1.379100,1,2.354600,30.094820,1.536713,1.754413,58.948953,0
2025-11-04,sh.601999,7.3900000000,7.4600000000,7.3200000000,7.4500000000,7.3900000000,7210301,53395155.4100,2,1.308800,1,0.811900,30.339163,1.549190,1.768657,59.427564,0
2025-11-05,sh.601999,7.3800000000,8.2000000000,7.3600000000,7.9700000000,7.4500000000,30042470,238120824.3700,2,5.453200,1,6.979900,32.456796,1.657321,1.892107,63.575528,0
2025-11-06,sh.601999,7.8900000000,7.9000000000,7.5700000000,7.6300000000,7.9700000000,37705805,288864914.7800,2,6.844200,1,-4.266000,31.072189,1.586620,1.811390,60.863398,0
2025-11-07,sh.601999,7.6200000000,7.8000000000,7.5800000000,7.6300000000,7.6300000000,21134200,162124741.1600,2,3.836200,1,0.000000,31.072189,1.586620,1.811390,60.863398,0
2025-11-10,sh.601999,7.6000000000,7.9000000000,7.6000000000,7.6900000000,7.6300000000,15490568,119810156.6000,2,2.811800,1,0.786400,31.316532,1.599097,1.825634,61.342009,0
2025-11-11,sh.601999,7.6800000000,7.7500000000,7.6000000000,7.6200000000,7.6900000000,11876229,91065139.7500,2,2.155700,1,-0.910300,31.031466,1.584541,1.809016,60.783629,0
2025-11-12,sh.601999,7.6400000000,7.7000000000,7.6100000000,7.6700000000,7.6200000000,7695091,58870937.9700,2,1.396800,1,0.656200,31.235084,1.594938,1.820886,61.182472,0
2025-11-13,sh.601999,7.6400000000,7.7000000000,7.6000000000,7.6900000000,7.6700000000,7307000,55941072.0000,2,1.326300,1,0.260800,31.316532,1.599097,1.825634,61.342009,0
2025-11-14,sh.601999,7.6200000000,7.7600000000,7.6000000000,7.6400000000,7.6900000000,7211869,55379690.4000,2,1.309100,1,-0.650200,31.112913,1.588700,1.813764,60.943166,0
2025-11-17,sh.601999,7.6400000000,7.6500000000,7.5000000000,7.6500000000,7.6400000000,6797879,51705149.7700,2,1.233900,1,0.130900,31.153637,1.590779,1.816138,61.022935,0
2025-11-18,sh.601999,7.6600000000,7.6700000000,7.5500000000,7.6200000000,7.6500000000,4902900,37237015.0000,2,0.890000,1,-0.392200,31.031466,1.584541,1.809016,60.783629,0
2025-11-19,sh.601999,7.6200000000,7.6300000000,7.3600000000,7.3800000000,7.6200000000,8298100,61802898.0000,2,1.506200,1,-3.149600,30.054097,1.534634,1.752039,58.869184,0
2025-11-20,sh.601999,7.4400000000,7.4700000000,7.2400000000,7.3100000000,7.3800000000,7075300,51987482.0000,2,1.284300,1,-0.948500,29.769031,1.520078,1.735421,58.310804,0
2025-11-21,sh.601999,7.2300000000,7.4400000000,7.0700000000,7.1500000000,7.3100000000,7809200,56446224.0000,2,1.417500,1,-2.188800,29.117451,1.486806,1.697436,57.034508,0
2025-11-24,sh.601999,7.2300000000,7.3800000000,7.1600000000,7.3500000000,7.1500000000,6494000,47264677.0000,2,1.178800,1,2.797200,29.931926,1.528395,1.744917,58.629878,0
2025-11-25,sh.601999,7.3600000000,7.5900000000,7.3600000000,7.5100000000,7.3500000000,7300028,54881618.8800,2,1.325100,1,2.176900,30.583505,1.561667,1.782901,59.906175,0
2025-11-26,sh.601999,7.5100000000,7.6900000000,7.4500000000,7.4700000000,7.5100000000,6930900,52176691.0000,2,1.258100,1,-0.532600,30.420610,1.553349,1.773405,59.587101,0
2025-11-27,sh.601999,7.4500000000,7.5400000000,7.3900000000,7.4700000000,7.4700000000,5361700,40060907.0000,2,0.973200,1,0.000000,30.420610,1.553349,1.773405,59.587101,0
2025-11-28,sh.601999,7.4900000000,7.7400000000,7.4800000000,7.6600000000,7.4700000000,11414200,87232644.0000,2,2.071900,1,2.543500,31.194361,1.592858,1.818512,61.102703,0
2025-12-01,sh.601999,7.6600000000,7.7300000000,7.5700000000,7.6500000000,7.6600000000,8048600,61564528.0000,2,1.461000,1,-0.130500,31.153637,1.590779,1.816138,61.022935,0
2025-12-02,sh.601999,7.6500000000,7.6500000000,7.5500000000,7.6000000000,7.6500000000,5055702,38357556.1400,2,0.917700,1,-0.653600,30.950018,1.580382,1.804268,60.624092,0
2025-12-03,sh.601999,7.6300000000,7.7200000000,7.4500000000,7.5800000000,7.6000000000,7352300,55591499.0000,2,1.334600,1,-0.263200,30.868571,1.576223,1.799520,60.464555,0
2025-12-04,sh.601999,7.5500000000,7.6000000000,7.4000000000,7.4300000000,7.5800000000,5532000,41330748.0000,2,1.004100,1,-1.978900,30.257715,1.545031,1.763909,59.268027,0
2025-12-05,sh.601999,7.4500000000,7.4700000000,7.3600000000,7.4000000000,7.4300000000,5868900,43509785.0000,2,1.065300,1,-0.403800,30.135544,1.538793,1.756787,59.028721,0
2025-12-08,sh.601999,7.4700000000,7.5200000000,7.3300000000,7.3500000000,7.4000000000,4583250,33843677.0000,2,0.831900,1,-0.675700,29.931926,1.528395,1.744917,58.629878,0
2025-12-09,sh.601999,7.3500000000,7.4500000000,7.2900000000,7.3700000000,7.3500000000,5295451,39087613.3800,2,0.961200,1,0.272100,30.013373,1.532554,1.749665,58.789416,0
2025-12-10,sh.601999,7.3700000000,7.4700000000,7.2700000000,7.3100000000,7.3700000000,5832902,42870543.6900,2,1.058800,1,-0.814100,29.769031,1.520078,1.735421,58.310804,0
2025-12-11,sh.601999,7.3500000000,7.3500000000,7.0300000000,7.0400000000,7.3100000000,7092810,50627762.0000,2,1.287500,1,-3.693600,28.669491,1.463933,1.671322,56.157054,0
2025-12-12,sh.601999,7.0600000000,7.1500000000,6.9000000000,6.9000000000,7.0400000000,6881578,48311167.5400,2,1.249100,1,-1.988600,28.099359,1.434820,1.638085,55.040294,0
2025-12-15,sh.601999,6.9000000000,6.9500000000,6.8400000000,6.9000000000,6.9000000000,5326700,36717650.0000,2,0.966900,1,0.000000,28.099359,1.434820,1.638085,55.040294,0
2025-12-16,sh.601999,6.9100000000,6.9200000000,6.7200000000,6.7200000000,6.9000000000,4971020,33716945.0000,2,0.902300,1,-2.608700,27.366332,1.397390,1.595353,53.604460,0
2025-12-17,sh.601999,6.7000000000,6.7400000000,6.6000000000,6.7100000000,6.7200000000,5187200,34626843.0000,2,0.941600,1,-0.148800,27.325608,1.395311,1.592979,53.524692,0
2025-12-18,sh.601999,6.6900000000,6.8200000000,6.6300000000,6.7700000000,6.7100000000,5339400,36152294.0000,2,0.969200,1,0.894200,27.569951,1.407787,1.607223,54.003303,0
2025-12-19,sh.601999,6.7900000000,6.9300000000,6.7700000000,6.9100000000,6.7700000000,4699601,32262320.9000,2,0.853100,1,2.067900,28.140082,1.436900,1.640459,55.120063,0
2025-12-22,sh.601999,6.8800000000,6.9500000000,6.8100000000,6.8400000000,6.9100000000,5991991,41168978.6200,2,1.087600,1,-1.013000,27.855017,1.422344,1.623841,54.561683,0
2025-12-23,sh.601999,6.8200000000,6.8700000000,6.7900000000,6.8000000000,6.8400000000,4122300,28120910.0000,2,0.748300,1,-0.584800,27.692122,1.414026,1.614345,54.242609,0
2025-12-24,sh.601999,6.8200000000,6.8300000000,6.7400000000,6.7900000000,6.8000000000,3929700,26705037.0000,2,0.713300,1,-0.147100,27.651398,1.411946,1.611971,54.162840,0
2025-12-25,sh.601999,6.8100000000,6.8900000000,6.7900000000,6.8500000000,6.7900000000,4438120,30363990.0000,2,0.805600,1,0.883700,27.895740,1.424423,1.626215,54.641451,0
2025-12-26,sh.601999,6.8600000000,7.1100000000,6.8100000000,6.9300000000,6.8500000000,9402000,65593314.0000,2,1.706600,1,1.167900,28.221530,1.441059,1.645207,55.279600,0
2025-12-29,sh.601999,6.9100000000,6.9300000000,6.7900000000,6.8200000000,6.9300000000,5617000,38420121.0000,2,1.019600,1,-1.587300,27.773569,1.418185,1.619093,54.402146,0
2025-12-30,sh.601999,6.8200000000,6.9000000000,6.7800000000,6.8300000000,6.8200000000,4388100,29999664.0000,2,0.796500,1,0.146600,27.814293,1.420264,1.621467,54.481914,0
2025-12-31,sh.601999,6.8300000000,6.9200000000,6.7700000000,6.8700000000,6.8300000000,4451400,30533461.0000,2,0.808000,1,0.585700,27.977188,1.428582,1.630963,54.800988,0
2026-01-05,sh.601999,6.8900000000,7.0300000000,6.8700000000,6.9900000000,6.8700000000,5612979,39034102.2000,2,1.018800,1,1.746700,28.465872,1.453535,1.659452,55.758211,0
2026-01-06,sh.601999,7.0000000000,7.0400000000,6.9600000000,7.0000000000,6.9900000000,5547077,38810902.6900,2,1.006900,1,0.143100,28.506596,1.455615,1.661826,55.837979,0
2026-01-07,sh.601999,6.9800000000,7.0400000000,6.9500000000,6.9700000000,7.0000000000,5334186,37260943.9200,2,0.968200,1,-0.428600,28.384425,1.449376,1.654704,55.598674,0
2026-01-08,sh.601999,6.9600000000,7.0600000000,6.9100000000,7.0300000000,6.9700000000,4452164,31151082.7000,2,0.808100,1,0.860800,28.628767,1.461853,1.668948,56.077285,0
2026-01-09,sh.601999,7.0300000000,7.1800000000,7.0100000000,7.1800000000,7.0300000000,6193501,43955275.1300,2,1.124200,1,2.133700,29.239623,1.493045,1.704558,57.273813,0
2026-01-12,sh.601999,7.2100000000,7.4400000000,7.2100000000,7.4400000000,7.1800000000,13088030,96369302.1000,2,2.375700,1,3.621200,30.298439,1.547111,1.766283,59.347795,0
2026-01-13,sh.601999,7.4800000000,7.5800000000,7.3700000000,7.4100000000,7.4400000000,14878591,111511009.4100,2,2.700700,1,-0.403200,30.176268,1.540872,1.759161,59.108490,0
2026-01-14,sh.601999,7.4400000000,7.7600000000,7.4100000000,7.5900000000,7.4100000000,14571712,110497912.8700,2,2.645000,1,2.429100,30.909295,1.578302,1.801894,60.544323,0
2026-01-15,sh.601999,7.5200000000,7.6200000000,7.4700000000,7.5500000000,7.5900000000,8194800,61628310.3400,2,1.487500,1,-0.527000,30.746400,1.569984,1.792398,60.225249,0
2026-01-16,sh.601999,7.5500000000,7.5900000000,7.2200000000,7.2500000000,7.5500000000,9514500,69544121.0000,2,1.727000,1,-3.973500,29.524689,1.507601,1.721177,57.832193,0
2026-01-19,sh.601999,7.2200000000,7.3100000000,7.1500000000,7.2700000000,7.2500000000,5290691,38358226.8400,2,0.960300,1,0.275900,29.606136,1.511760,1.725925,57.991730,0
2026-01-20,sh.601999,7.2700000000,7.4700000000,7.2700000000,7.4100000000,7.2700000000,6829900,50383053.0000,2,1.239700,1,1.925700,30.176268,1.540872,1.759161,59.108490,0
2026-01-21,sh.601999,7.3400000000,7.4500000000,7.3000000000,7.3800000000,7.4100000000,6211560,45906088.0000,2,1.127500,1,-0.404900,30.054097,1.534634,1.752039,58.869184,0
2026-01-22,sh.601999,7.3900000000,7.4900000000,7.3500000000,7.4600000000,7.3800000000,5438010,40423021.9000,2,0.987100,1,1.084000,30.379886,1.551269,1.771031,59.507332,0
2026-01-23,sh.601999,7.4600000000,7.5100000000,7.4100000000,7.5000000000,7.4600000000,5044501,37700937.4500,2,0.915700,1,0.536200,30.542781,1.559587,1.780527,59.826407,0
2026-01-26,sh.601999,7.4700000000,7.4900000000,7.2700000000,7.4700000000,7.5000000000,7338300,54203183.5400,2,1.332000,1,-0.400000,30.420610,1.553349,1.773405,59.587101,0
2026-01-27,sh.601999,7.4300000000,7.5000000000,7.2600000000,7.3500000000,7.4700000000,5597000,41089777.0000,2,1.015900,1,-1.606400,29.931926,1.528395,1.744917,58.629878,0
2026-01-28,sh.601999,7.3500000000,7.3600000000,7.2600000000,7.2800000000,7.3500000000,5356153,39139861.4900,2,0.972200,1,-0.952400,29.646860,1.513839,1.728299,58.071499,0
2026-01-29,sh.601999,7.3000000000,7.5100000000,7.2000000000,7.4100000000,7.2800000000,8666453,64323507.2600,2,1.573100,1,1.785700,30.176268,1.540872,1.759161,59.108490,0
2026-01-30,sh.601999,7.4400000000,7.5700000000,7.3500000000,7.5500000000,7.4100000000,9410300,70419234.0000,2,1.708100,1,1.889300,30.746400,1.569984,1.792398,60.225249,0
2026-02-02,sh.601999,7.4700000000,7.7000000000,7.4700000000,7.5300000000,7.5500000000,8157282,62126999.1700,2,1.480700,1,-0.264900,30.664952,1.565826,1.787650,60.065712,0
2026-02-03,sh.601999,7.5500000000,7.6400000000,7.4900000000,7.5900000000,7.5300000000,6636883,50096103.0200,2,1.204700,1,0.796800,30.909295,1.578302,1.801894,60.544323,0
2026-02-04,sh.601999,7.6000000000,7.6100000000,7.4900000000,7.5400000000,7.5900000000,5805101,43821024.5200,2,1.053700,1,-0.658800,30.705676,1.567905,1.790024,60.145481,0
2026-02-05,sh.601999,7.5800000000,7.7300000000,7.5400000000,7.6600000000,7.5400000000,7417500,56877522.0000,2,1.346400,1,1.591500,31.194361,1.592858,1.818512,61.102703,0
2026-02-06,sh.601999,7.6500000000,7.6700000000,7.4700000000,7.5200000000,7.6600000000,6050194,45739950.6400,2,1.098200,1,-1.827700,30.624229,1.563746,1.785276,59.985944,0
2026-02-09,sh.601999,7.6400000000,7.7400000000,7.5700000000,7.6900000000,7.5200000000,7428856,56983346.2000,2,1.348500,1,2.260600,31.316532,1.599097,1.825634,61.342009,0
2026-02-10,sh.601999,7.7600000000,8.2700000000,7.7600000000,8.0400000000,7.6900000000,29127599,233812407.8800,2,5.287100,1,4.551400,32.741862,1.671878,1.908725,64.133908,0
2026-02-11,sh.601999,7.9700000000,8.0300000000,7.7000000000,7.8400000000,8.0400000000,17417869,136061944.9200,2,3.161600,1,-2.487600,31.927387,1.630289,1.861245,62.538537,0
2026-02-12,sh.601999,7.7900000000,7.8000000000,7.5100000000,7.5800000000,7.8400000000,13314090,101245908.9400,2,2.416700,1,-3.316300,30.868571,1.576223,1.799520,60.464555,0
2026-02-13,sh.601999,7.5600000000,7.6600000000,7.5000000000,7.5000000000,7.5800000000,11214100,85236329.0000,2,2.035500,1,-1.055400,30.542781,1.559587,1.780527,59.826407,0
2026-02-24,sh.601999,7.5200000000,7.5600000000,7.4000000000,7.5300000000,7.5000000000,9112038,68209926.5800,2,1.654000,1,0.400000,30.664952,1.565826,1.787650,60.065712,0
2026-02-25,sh.601999,7.5400000000,7.6500000000,7.4800000000,7.5300000000,7.5300000000,7014538,53088479.6600,2,1.273300,1,0.000000,30.664952,1.565826,1.787650,60.065712,0
2026-02-26,sh.601999,7.5700000000,7.6700000000,7.4600000000,7.5100000000,7.5300000000,8431400,63720514.0000,2,1.530400,1,-0.265600,30.583505,1.561667,1.782901,59.906175,0
2026-02-27,sh.601999,7.4900000000,7.7300000000,7.4400000000,7.6100000000,7.5100000000,6947472,52910946.3600,2,1.261100,1,1.331600,30.990742,1.582461,1.806642,60.703861,0
2026-03-02,sh.601999,7.5700000000,7.5700000000,7.2000000000,7.2200000000,7.6100000000,8681000,63428313.0000,2,1.575700,1,-5.124800,29.402517,1.501363,1.714054,57.592887,0
2026-03-03,sh.601999,7.2200000000,7.3200000000,7.0800000000,7.0800000000,7.2200000000,5662505,40761483.8000,2,1.027800,1,-1.939100,28.832386,1.472250,1.680818,56.476128,0
2026-03-04,sh.601999,7.0300000000,7.0700000000,6.8400000000,6.9000000000,7.0800000000,6390847,44322028.7400,2,1.160000,1,-2.542400,28.099359,1.434820,1.638085,55.040294,0
2026-03-05,sh.601999,7.0100000000,7.0800000000,6.9600000000,6.9900000000,6.9000000000,4845194,34020935.2400,2,0.879500,1,1.304300,28.465872,1.453535,1.659452,55.758211,0
2026-03-06,sh.601999,7.0000000000,7.2400000000,6.9800000000,7.1800000000,6.9900000000,5783600,41485949.0000,2,1.049800,1,2.718200,29.239623,1.493045,1.704558,57.273813,0
2026-03-09,sh.601999,7.1000000000,7.1900000000,7.0700000000,7.1500000000,7.1800000000,4979400,35546046.0000,2,0.903800,1,-0.417800,29.117451,1.486806,1.697436,57.034508,0
2026-03-10,sh.601999,7.2000000000,7.2900000000,7.1600000000,7.2900000000,7.1500000000,5308503,38371423.8400,2,0.963600,1,1.958000,29.687583,1.515919,1.730673,58.151267,0
2026-03-11,sh.601999,7.2900000000,7.3400000000,7.2200000000,7.2500000000,7.2900000000,4123190,29956023.4600,2,0.748400,1,-0.548700,29.524689,1.507601,1.721177,57.832193,0
2026-03-12,sh.601999,7.2200000000,7.2900000000,7.1400000000,7.1700000000,7.2500000000,5222800,37640255.0000,2,0.948000,1,-1.103400,29.198899,1.490965,1.702184,57.194045,0
2026-03-13,sh.601999,7.1700000000,7.2500000000,7.1300000000,7.1500000000,7.1700000000,3239300,23340665.0000,2,0.588000,1,-0.278900,29.117451,1.486806,1.697436,57.034508,0
2026-03-16,sh.601999,7.1600000000,7.5900000000,7.0900000000,7.5500000000,7.1500000000,18828040,140403247.7900,2,3.417600,1,5.594400,30.746400,1.569984,1.792398,60.225249,0
2026-03-17,sh.601999,7.6600000000,7.8300000000,7.4500000000,7.4500000000,7.5500000000,15910469,121677173.5000,2,2.888000,1,-1.324500,30.339163,1.549190,1.768657,59.427564,0
2026-03-18,sh.601999,7.4800000000,8.2000000000,7.3800000000,7.7900000000,7.4500000000,41747722,332395521.3700,2,7.577900,1,4.563800,31.723769,1.619891,1.849375,62.139694,0
