date,code,open,high,low,close,preclose,volume,amount,adjustflag,turn,tradestatus,pctChg,peTTM,pbMRQ,psTTM,pcfNcfTTM,isST
2023-06-26,sh.605507,20.0397827000,20.3262017000,19.9824989000,20.1829922000,20.0302354000,2115460,44767849.0000,2,0.701100,1,0.762600,12.909003,1.607308,1.983804,9.154028,0
2023-06-27,sh.605507,20.1734449000,20.2307287000,20.0493300000,20.1543503000,20.1829922000,1168018,24648703.8200,2,0.387100,1,-0.141900,12.890684,1.605027,1.980988,9.141037,0
2023-06-28,sh.605507,20.1829922000,20.1829922000,19.9156678000,20.0015935000,20.1543503000,1081010,22679275.8000,2,0.358300,1,-0.757900,12.792981,1.592862,1.965974,9.071754,0
2023-06-29,sh.605507,20.0493300000,20.2307287000,19.9061205000,20.1638976000,20.0015935000,1456173,30617208.9900,2,0.482600,1,0.811500,12.896790,1.605787,1.981927,9.145367,0
2023-06-30,sh.605507,20.1543503000,20.4121274000,20.1257084000,20.3071071000,20.1638976000,1358505,28918803.5000,2,0.450300,1,0.710200,12.988387,1.617192,1.996003,9.210320,0
2023-07-03,sh.605507,20.2880125000,20.4121274000,20.2498233000,20.3452963000,20.3071071000,1600535,34115025.6500,2,0.530500,1,0.188100,13.012813,1.620233,1.999757,9.227641,0
2023-07-04,sh.605507,20.3071071000,20.5935261000,20.2593706000,20.5266950000,20.3452963000,1466704,31414149.7400,2,0.486100,1,0.891600,13.128835,1.634679,2.017586,9.309915,0
2023-07-05,sh.605507,20.5171477000,20.5744315000,20.3834855000,20.4121274000,20.5266950000,1197010,25623482.2000,2,0.396700,1,-0.558100,13.055558,1.625555,2.006325,9.257952,0
2023-07-06,sh.605507,20.3834855000,20.4598639000,20.2689179000,20.2975598000,20.4121274000,805000,17152006.0000,2,0.266800,1,-0.561300,12.982280,1.616432,1.995065,9.205990,0
2023-07-07,sh.605507,20.2498233000,20.4216747000,20.2020868000,20.3071071000,20.2975598000,900220,19154677.1000,2,0.298400,1,0.047000,12.988387,1.617192,1.996003,9.210320,0
2023-07-10,sh.605507,20.4121274000,20.4789585000,20.2498233000,20.2880125000,20.3071071000,1070018,22789065.7600,2,0.354600,1,-0.094000,12.976174,1.615671,1.994126,9.201660,0
2023-07-11,sh.605507,20.3166544000,20.3834855000,20.2211814000,20.3548436000,20.2880125000,1073920,22833663.8200,2,0.355900,1,0.329400,13.018919,1.620994,2.000695,9.231971,0
2023-07-12,sh.605507,20.3262017000,20.4121274000,20.2975598000,20.3452963000,20.3548436000,837339,17840955.1600,2,0.277500,1,-0.046900,13.012813,1.620233,1.999757,9.227641,0
2023-07-13,sh.605507,20.3452963000,20.5553369000,20.3452963000,20.4598639000,20.3452963000,1209852,25944906.7300,2,0.401000,1,0.563100,13.086090,1.629357,2.011018,9.279603,0
2023-07-14,sh.605507,20.4789585000,20.5457896000,20.2689179000,20.3071071000,20.4598639000,1424500,30380775.0000,2,0.472100,1,-0.746600,12.988387,1.617192,1.996003,9.210320,0
2023-07-17,sh.605507,20.3166544000,20.3548436000,20.1734449000,20.3262017000,20.3071071000,1034465,21940615.7000,2,0.342900,1,0.094000,13.000600,1.618713,1.997880,9.218981,0
2023-07-18,sh.605507,20.3834855000,20.5266950000,20.2880125000,20.5266950000,20.3262017000,1480813,31675605.3400,2,0.490800,1,0.986400,13.128835,1.634679,2.017586,9.309915,0
2023-07-19,sh.605507,20.5076004000,20.7749248000,20.4121274000,20.7271883000,20.5266950000,1888212,40918792.0600,2,0.625800,1,0.976700,13.257070,1.650646,2.037293,9.400849,0
2023-07-20,sh.605507,20.8226613000,20.8226613000,20.5839788000,20.6030734000,20.7271883000,1237900,26820786.0000,2,0.410300,1,-0.598800,13.177686,1.640762,2.025094,9.344556,0
2023-07-21,sh.605507,20.5553369000,20.7844721000,20.5553369000,20.7080937000,20.6030734000,1084600,23519951.0000,2,0.359500,1,0.509700,13.244857,1.649125,2.035416,9.392188,0
2023-07-24,sh.605507,20.6985464000,21.2713844000,20.6221680000,21.1472695000,20.7080937000,3226995,71102751.1300,2,1.069500,1,2.120800,13.525753,1.684100,2.078583,9.591377,0
2023-07-25,sh.605507,21.1950060000,21.2904790000,21.0804384000,21.1950060000,21.1472695000,2463196,54671078.5000,2,0.816400,1,0.225700,13.556285,1.687901,2.083275,9.613028,0
2023-07-26,sh.605507,21.1950060000,21.3859520000,21.1281749000,21.2236479000,21.1950060000,2570300,57293750.0000,2,0.851900,1,0.135100,13.574605,1.690182,2.086091,9.626019,0
2023-07-27,sh.605507,21.2331952000,21.3573101000,21.1090803000,21.1568168000,21.2236479000,2801400,62253583.0000,2,0.928500,1,-0.314900,13.531860,1.684860,2.079522,9.595707,0
2023-07-28,sh.605507,21.0995330000,21.2045533000,20.9945127000,21.0517965000,21.1568168000,3250900,71681331.0000,2,1.077400,1,-0.496400,13.464689,1.676497,2.069199,9.548075,0
2023-07-31,sh.605507,20.7176410000,20.7749248000,20.1734449000,20.2402760000,21.0517965000,7104207,152137584.8300,2,2.354600,1,-3.854900,15.123840,1.650598,2.033070,44.957533,0
2023-08-01,sh.605507,20.2307287000,20.2307287000,19.8201948000,19.9634043000,20.2402760000,4791284,100428557.6500,2,1.588000,1,-1.367900,14.916957,1.628019,2.005259,44.342547,0
2023-08-02,sh.605507,19.9252151000,20.0111408000,19.8583840000,19.9061205000,19.9634043000,1852600,38678175.0000,2,0.614000,1,-0.286900,14.874154,1.623348,1.999505,44.215309,0
2023-08-03,sh.605507,19.9347624000,20.1448030000,19.8870259000,20.0970665000,19.9061205000,1603694,33668517.7600,2,0.531500,1,0.959200,15.016832,1.638920,2.018685,44.639437,0
2023-08-04,sh.605507,20.1066138000,20.1638976000,20.0493300000,20.0588773000,20.0970665000,1681000,35367534.0000,2,0.557100,1,-0.190000,14.988296,1.635805,2.014849,44.554611,0
2023-08-07,sh.605507,20.0493300000,20.0493300000,19.8679313000,19.8870259000,20.0588773000,1493772,31129495.4400,2,0.495100,1,-0.856700,14.859886,1.621791,1.997587,44.172896,0
2023-08-08,sh.605507,19.8583840000,19.9729516000,19.8392894000,19.8488367000,19.8870259000,1555234,32385838.3200,2,0.515500,1,-0.192000,14.831351,1.618676,1.993751,44.088071,0
2023-08-09,sh.605507,19.8583840000,20.1066138000,19.8297421000,20.0493300000,19.8488367000,1679100,35208068.0000,2,0.556500,1,1.010100,14.981162,1.635027,2.013890,44.533405,0
2023-08-10,sh.605507,20.0493300000,20.0970665000,19.9347624000,19.9920462000,20.0493300000,1084700,22698871.0000,2,0.359500,1,-0.285700,14.938359,1.630355,2.008136,44.406167,0
2023-08-11,sh.605507,19.9634043000,20.0970665000,19.8774786000,19.8870259000,19.9920462000,1430282,29952080.4400,2,0.474000,1,-0.525300,14.859886,1.621791,1.997587,44.172896,0
2023-08-14,sh.605507,19.8392894000,19.8870259000,19.5146812000,19.5815123000,19.8870259000,2607100,53558535.0000,2,0.864100,1,-1.536200,14.631602,1.596876,1.966899,43.494292,0
2023-08-15,sh.605507,19.6101542000,19.7151745000,19.4096609000,19.7151745000,19.5815123000,1428200,29269512.0000,2,0.473300,1,0.682600,14.731476,1.607776,1.980325,43.791181,0
2023-08-16,sh.605507,19.7151745000,20.0111408000,19.6483434000,19.7820056000,19.7151745000,1610400,33491997.0000,2,0.533700,1,0.339000,14.781413,1.613226,1.987038,43.939626,0
2023-08-17,sh.605507,19.7629110000,19.8965732000,19.6674380000,19.8488367000,19.7820056000,858600,17774932.2600,2,0.284600,1,0.337800,14.831351,1.618676,1.993751,44.088071,0
2023-08-18,sh.605507,19.8583840000,19.8965732000,19.5528704000,19.5815123000,19.8488367000,1217602,25134117.4200,2,0.403600,1,-1.346800,14.631602,1.596876,1.966899,43.494292,0
2023-08-21,sh.605507,19.5528704000,19.6197015000,19.4192082000,19.4287555000,19.5815123000,1119194,22870670.3400,2,0.370900,1,-0.780100,14.517460,1.584419,1.951556,43.154990,0
2023-08-22,sh.605507,19.4287555000,19.5528704000,19.0564108000,19.2855460000,19.4287555000,1792758,36046796.5800,2,0.594200,1,-0.737100,14.410451,1.572740,1.937171,42.836894,0
2023-08-23,sh.605507,19.3428298000,19.3428298000,19.1041473000,19.1041473000,19.2855460000,834571,16776436.8900,2,0.276600,1,-0.940600,14.274907,1.557947,1.918950,42.433973,0
2023-08-24,sh.605507,19.1136946000,19.2187149000,19.0182216000,19.0659581000,19.1041473000,1678204,33562310.8400,2,0.556200,1,-0.199900,14.246372,1.554832,1.915114,42.349147,0
2023-08-25,sh.605507,18.9991270000,19.1041473000,18.7318026000,18.8368229000,19.0659581000,1371532,27214735.4400,2,0.454600,1,-1.201800,14.075159,1.536146,1.892098,41.840194,0
2023-08-28,sh.605507,19.6674380000,19.7820056000,18.9322959000,18.9704851000,18.8368229000,1781802,36111335.0700,2,0.590500,1,0.709600,14.175033,1.547047,1.905524,42.137084,0
2023-08-29,sh.605507,18.9227486000,19.4096609000,18.8750121000,19.3810190000,18.9704851000,1470402,29659994.7800,2,0.487300,1,2.164100,14.481790,1.580526,1.946761,43.048958,0
2023-08-30,sh.605507,19.3332825000,19.4573974000,19.2378095000,19.2759987000,19.3810190000,1306800,26478012.5600,2,0.433100,1,-0.541900,14.403317,1.571961,1.936212,42.815688,0
2023-08-31,sh.605507,19.2759987000,19.3810190000,19.1041473000,19.2664514000,19.2759987000,879407,17677439.4900,2,0.291500,1,-0.049500,14.396183,1.571183,1.935253,42.794481,0
2023-09-01,sh.605507,19.2664514000,19.3619244000,19.1996203000,19.3428298000,19.2664514000,825600,16693105.0000,2,0.273600,1,0.396400,14.453255,1.577411,1.942925,42.964133,0
2023-09-04,sh.605507,19.3619244000,19.4478501000,19.2378095000,19.4001136000,19.3428298000,906000,18358775.0000,2,0.300300,1,0.296200,14.496058,1.582083,1.948679,43.091371,0
2023-09-05,sh.605507,19.3619244000,19.4573974000,19.3428298000,19.3714717000,19.4001136000,747310,15166001.8000,2,0.247700,1,-0.147600,14.474656,1.579747,1.945802,43.027752,0
2023-09-06,sh.605507,19.4096609000,19.4478501000,19.1900730000,19.3810190000,19.3714717000,679102,13751382.5000,2,0.225100,1,0.049300,14.481790,1.580526,1.946761,43.048958,0
2023-09-07,sh.605507,19.2855460000,19.3523771000,19.1327892000,19.1518838000,19.3810190000,766802,15438290.1400,2,0.254100,1,-1.182300,14.310577,1.561840,1.923745,42.540005,0
2023-09-08,sh.605507,19.1518838000,19.2664514000,19.0373162000,19.0564108000,19.1518838000,799810,16018867.7600,2,0.265100,1,-0.498500,14.239238,1.554054,1.914155,42.327941,0
2023-09-11,sh.605507,19.0946000000,19.4287555000,19.0182216000,19.3905663000,19.0564108000,1384500,28049217.0000,2,0.458900,1,1.753500,14.488924,1.581304,1.947720,43.070164,0
2023-09-12,sh.605507,19.3810190000,19.5051339000,19.3237352000,19.4383028000,19.3905663000,846800,17238600.0000,2,0.280700,1,0.246200,14.524593,1.585197,1.952515,43.176196,0
2023-09-13,sh.605507,19.4669447000,19.5051339000,19.2759987000,19.3905663000,19.4383028000,1182500,23987355.0000,2,0.391900,1,-0.245600,14.488924,1.581304,1.947720,43.070164,0
2023-09-14,sh.605507,19.3905663000,19.4669447000,19.2664514000,19.3523771000,19.3905663000,624200,12637862.0000,2,0.206900,1,-0.196900,14.460388,1.578190,1.943884,42.985339,0
2023-09-15,sh.605507,19.2950933000,19.5910596000,19.2950933000,19.4192082000,19.3523771000,1684082,34376018.9400,2,0.558200,1,0.345300,14.510326,1.583640,1.950597,43.133784,0
2023-09-18,sh.605507,19.4001136000,19.9443097000,19.3810190000,19.8392894000,19.4192082000,3539807,73135244.1300,2,1.173200,1,2.163200,14.824217,1.617898,1.992792,44.066864,0
2023-09-19,sh.605507,19.8488367000,19.8965732000,19.6769853000,19.6960799000,19.8392894000,897536,18578713.9000,2,0.297500,1,-0.721800,14.717208,1.606219,1.978407,43.748769,0
2023-09-20,sh.605507,19.6387961000,19.8488367000,19.6387961000,19.6578907000,19.6960799000,862558,17808052.9600,2,0.285900,1,-0.193900,14.688673,1.603105,1.974571,43.663943,0
2023-09-21,sh.605507,19.6006069000,19.7056272000,19.4860393000,19.5051339000,19.6578907000,748400,15346053.0000,2,0.248000,1,-0.777100,14.574531,1.590647,1.959228,43.324641,0
2023-09-22,sh.605507,19.5242285000,19.7151745000,19.3810190000,19.6960799000,19.5051339000,853378,17495930.0200,2,0.282800,1,0.979000,14.717208,1.606219,1.978407,43.748769,0
2023-09-25,sh.605507,19.7151745000,19.9729516000,19.6197015000,19.9347624000,19.6960799000,1743378,36286614.9400,2,0.577800,1,1.211800,14.895556,1.625684,2.002382,44.278928,0
2023-09-26,sh.605507,19.8965732000,19.9538570000,19.7438164000,19.7724583000,19.9347624000,738400,15343426.0000,2,0.244700,1,-0.814200,14.774279,1.612448,1.986079,43.918420,0
2023-09-27,sh.605507,19.6960799000,20.1066138000,19.6960799000,20.0015935000,19.7724583000,1563355,32711772.9500,2,0.518100,1,1.158900,14.945493,1.631134,2.009095,44.427373,0
2023-09-28,sh.605507,19.9252151000,20.0875192000,19.8965732000,20.0015935000,20.0015935000,1240300,26000414.0000,2,0.411100,1,0.000000,14.945493,1.631134,2.009095,44.427373,0
2023-10-09,sh.605507,20.0493300000,20.0493300000,19.7533637000,19.8488367000,20.0015935000,963195,20017005.2000,2,0.319200,1,-0.763700,14.831351,1.618676,1.993751,44.088071,0
2023-10-10,sh.605507,19.9252151000,19.9634043000,19.6197015000,19.6292488000,19.8488367000,945067,19548039.5200,2,0.313200,1,-1.106300,14.667271,1.600769,1.971694,43.600324,0
2023-10-11,sh.605507,19.6387961000,20.1257084000,19.6387961000,19.8106475000,19.6292488000,1760573,36828042.7800,2,0.583500,1,0.924100,14.802815,1.615562,1.989915,44.003245,0
2023-10-12,sh.605507,19.7915529000,20.1448030000,19.7820056000,19.9252151000,19.8106475000,1250800,26182290.0000,2,0.414600,1,0.578300,14.888422,1.624905,2.001423,44.257722,0
2023-10-13,sh.605507,19.9824989000,20.2116341000,19.8011002000,20.1448030000,19.9252151000,2373400,50044393.0000,2,0.786600,1,1.102100,15.052501,1.642812,2.023480,44.745469,0
2023-10-16,sh.605507,20.1925395000,20.3071071000,20.0015935000,20.0684246000,20.1448030000,2271000,47920960.0000,2,0.752700,1,-0.379100,14.995430,1.636584,2.015808,44.575818,0
2023-10-17,sh.605507,20.0684246000,20.1161611000,19.6674380000,19.8011002000,20.0684246000,1657300,34397635.0000,2,0.549300,1,-1.332100,14.795681,1.614783,1.988956,43.982039,0
2023-10-18,sh.605507,19.8201948000,19.8583840000,19.1232419000,19.1518838000,19.8011002000,2186778,44297438.1400,2,0.724800,1,-3.278700,14.310577,1.561840,1.923745,42.540005,0
2023-10-19,sh.605507,18.8750121000,18.8750121000,18.0348497000,18.2926268000,19.1518838000,3290488,63107263.1500,2,1.090600,1,-4.486500,15.541963,1.464907,1.891355,-109.733263,0
2023-10-20,sh.605507,18.2830795000,18.2830795000,18.0634916000,18.1207754000,18.2926268000,1680100,31930938.0000,2,0.556800,1,-0.939500,15.395953,1.451145,1.873586,-108.702366,0
2023-10-23,sh.605507,18.1780592000,18.2735322000,17.8629983000,17.9011875000,18.1207754000,1635500,30908178.0000,2,0.542100,1,-1.211800,15.209385,1.433560,1.850882,-107.385108,0
2023-10-24,sh.605507,17.8725456000,18.4644782000,17.8343564000,18.2544376000,17.9011875000,1732800,33015678.0000,2,0.574300,1,1.973300,15.509517,1.461849,1.887406,-109.504175,0
2023-10-25,sh.605507,18.3212687000,18.4071944000,18.1685119000,18.1780592000,18.2544376000,1438200,27527903.0000,2,0.476700,1,-0.418400,15.444623,1.455732,1.879509,-109.045998,0
2023-10-26,sh.605507,18.1589646000,18.1971538000,17.9584713000,18.0921335000,18.1780592000,1363890,25756365.3000,2,0.452000,1,-0.472700,15.371618,1.448851,1.870625,-108.530550,0
2023-10-27,sh.605507,18.0825862000,18.7699918000,17.9584713000,18.6936134000,18.0921335000,2653562,51368835.2000,2,0.879500,1,3.324500,15.882654,1.497019,1.932814,-112.138689,0
2023-10-30,sh.605507,18.6554242000,19.0564108000,18.6363296000,18.9513905000,18.6936134000,1452800,28816773.0000,2,0.481500,1,1.379000,16.101669,1.517662,1.959467,-113.685035,0
2023-10-31,sh.605507,18.9800324000,19.0850527000,18.8845594000,18.9991270000,18.9513905000,1387900,27612411.0000,2,0.460000,1,0.251900,16.142227,1.521485,1.964403,-113.971395,0
2023-11-01,sh.605507,19.0946000000,19.1041473000,18.6840661000,18.9800324000,18.9991270000,1339400,26442027.0000,2,0.443900,1,-0.100500,16.126004,1.519956,1.962428,-113.856851,0
2023-11-02,sh.605507,19.0564108000,19.0659581000,18.8368229000,18.9036540000,18.9800324000,844100,16740444.0000,2,0.279800,1,-0.402400,16.061110,1.513839,1.954531,-113.398675,0
2023-11-03,sh.605507,18.8081810000,19.0373162000,18.7508972000,18.7508972000,18.9036540000,1330310,26277002.4000,2,0.440900,1,-0.808100,15.931324,1.501606,1.938737,-112.482322,0
2023-11-06,sh.605507,18.8081810000,19.1518838000,18.8081810000,19.1136946000,18.7508972000,2022900,40310347.0000,2,0.670500,1,1.934800,16.239567,1.530660,1.976248,-114.658660,0
2023-11-07,sh.605507,19.1614311000,19.1709784000,18.9227486000,18.9418432000,19.1136946000,1505200,29961867.0000,2,0.498900,1,-0.899100,16.093557,1.516898,1.958480,-113.627763,0
2023-11-08,sh.605507,18.9418432000,19.0850527000,18.7699918000,18.8559175000,18.9418432000,1816800,36018490.0000,2,0.602100,1,-0.453600,16.020552,1.510017,1.949596,-113.112314,0
2023-11-09,sh.605507,18.7699918000,18.9704851000,18.5694985000,18.6458769000,18.8559175000,2252512,44106964.5200,2,0.746600,1,-1.113900,15.842095,1.493196,1.927879,-111.852329,0
2023-11-10,sh.605507,18.5885931000,18.8272756000,18.4358363000,18.6076877000,18.6458769000,1877000,36652376.0000,2,0.622100,1,-0.204800,15.809648,1.490138,1.923930,-111.623241,0
2023-11-13,sh.605507,18.6363296000,18.7986337000,18.2257957000,18.4358363000,18.6076877000,2183600,42054310.0000,2,0.723700,1,-0.923600,15.663638,1.476376,1.906162,-110.592344,0
2023-11-14,sh.605507,18.3976471000,18.5885931000,18.3499106000,18.4262890000,18.4358363000,1213968,23429247.1000,2,0.402300,1,-0.051800,15.655527,1.475611,1.905174,-110.535072,0
2023-11-15,sh.605507,18.5026674000,18.6649715000,18.4453836000,18.4644782000,18.4262890000,2085912,40445921.1400,2,0.691300,1,0.207300,15.687973,1.478669,1.909123,-110.764160,0
2023-11-16,sh.605507,18.4549309000,18.5408566000,18.2257957000,18.2544376000,18.4644782000,1947500,37402790.0000,2,0.645500,1,-1.137500,15.509517,1.461849,1.887406,-109.504175,0
2023-11-17,sh.605507,18.2162484000,18.4931201000,18.1780592000,18.4644782000,18.2544376000,2286000,43890106.0000,2,0.757700,1,1.150600,15.687973,1.478669,1.909123,-110.764160,0
2023-11-20,sh.605507,18.4358363000,18.6363296000,18.4071944000,18.5408566000,18.4644782000,2445902,47472531.9800,2,0.810600,1,0.413700,15.752867,1.484786,1.917020,-111.222336,0
2023-11-21,sh.605507,18.5694985000,18.7127080000,18.5217620000,18.6267823000,18.5408566000,2267879,44263560.4800,2,0.751600,1,0.463400,15.825872,1.491667,1.925904,-111.737785,0
2023-11-22,sh.605507,18.6076877000,18.6840661000,18.5217620000,18.5313093000,18.6267823000,1499000,29185107.0000,2,0.496800,1,-0.512600,15.744755,1.484021,1.916033,-111.165064,0
2023-11-23,sh.605507,18.6649715000,18.8845594000,18.6172350000,18.8750121000,18.5313093000,3367202,66293821.1600,2,1.116000,1,1.854700,16.036775,1.511546,1.951570,-113.226858,0
2023-11-24,sh.605507,18.9991270000,19.5910596000,18.9609378000,19.2855460000,18.8750121000,7220545,146142720.8600,2,2.393100,1,2.175000,16.385577,1.544422,1.994017,-115.689557,0
2023-11-27,sh.605507,19.2473568000,19.5051339000,18.7031607000,18.7127080000,19.2855460000,5196622,103058877.9800,2,1.722300,1,-2.970300,15.898877,1.498548,1.934789,-112.253233,0
2023-11-28,sh.605507,18.8081810000,19.0468635000,18.3403633000,18.9227486000,18.7127080000,3890523,76369083.8800,2,1.289400,1,1.122400,16.077334,1.515368,1.956506,-113.513219,0
2023-11-29,sh.605507,18.8845594000,18.9227486000,18.5790458000,18.6076877000,18.9227486000,2213423,43400411.9600,2,0.733600,1,-1.665000,15.809648,1.490138,1.923930,-111.623241,0
2023-11-30,sh.605507,18.5981404000,18.6840661000,18.4453836000,18.6172350000,18.6076877000,1724100,33508733.0000,2,0.571400,1,0.051300,15.817760,1.490902,1.924917,-111.680513,0
2023-12-01,sh.605507,18.6363296000,18.7127080000,18.4931201000,18.5885931000,18.6172350000,1612700,31414133.0000,2,0.534500,1,-0.153800,15.793425,1.488609,1.921956,-111.508697,0
2023-12-04,sh.605507,18.5504039000,18.6649715000,18.2830795000,18.4358363000,18.5885931000,1955800,37806821.0000,2,0.648200,1,-0.821800,15.663638,1.476376,1.906162,-110.592344,0
2023-12-05,sh.605507,18.3403633000,18.4358363000,18.1971538000,18.2162484000,18.4358363000,2318500,44417052.0000,2,0.768400,1,-1.191100,15.477070,1.458791,1.883457,-109.275086,0
2023-12-06,sh.605507,18.2353430000,18.5217620000,18.0921335000,18.3594579000,18.2162484000,1843858,35366880.3400,2,0.611100,1,0.786200,15.598745,1.470259,1.898265,-110.134167,0
2023-12-07,sh.605507,18.3594579000,18.3594579000,18.1685119000,18.1876065000,18.3594579000,1694358,32337456.3200,2,0.561600,1,-0.936000,15.452735,1.456497,1.880496,-109.103270,0
2023-12-08,sh.605507,18.2257957000,18.2257957000,18.0253024000,18.0348497000,18.1876065000,2012323,38157529.2500,2,0.666900,1,-0.839900,15.322948,1.444264,1.864702,-108.186917,0
2023-12-11,sh.605507,17.9680186000,17.9966605000,17.6720523000,17.9775659000,18.0348497000,2073100,38732614.0000,2,0.687100,1,-0.317600,15.274278,1.439677,1.858779,-107.843285,0
2023-12-12,sh.605507,17.9775659000,18.1016808000,17.8820929000,18.0157551000,17.9775659000,1418712,26758114.1800,2,0.470200,1,0.212400,15.306725,1.442735,1.862728,-108.072373,0
2023-12-13,sh.605507,17.9298294000,18.3212687000,17.9107348000,18.0730389000,18.0157551000,1810199,34455546.9800,2,0.600000,1,0.318000,15.355395,1.447322,1.868650,-108.416005,0
2023-12-14,sh.605507,18.0253024000,18.2162484000,17.9489240000,17.9584713000,18.0730389000,1365358,25814383.4000,2,0.452500,1,-0.633900,15.258055,1.438147,1.856805,-107.728741,0
2023-12-15,sh.605507,17.9680186000,18.0253024000,17.6243158000,17.6720523000,17.9584713000,2294600,42681591.0000,2,0.760500,1,-1.594900,15.014705,1.415210,1.827191,-106.010579,0
2023-12-18,sh.605507,17.5861266000,17.6529577000,17.2615184000,17.3188022000,17.6720523000,2214724,40476784.3600,2,0.734000,1,-1.998900,14.714573,1.386921,1.790667,-103.891513,0
2023-12-19,sh.605507,17.2710657000,17.3283495000,16.9560048000,17.0610251000,17.3188022000,2335602,41743597.7000,2,0.774100,1,-1.488400,14.495558,1.366278,1.764014,-102.345167,0
2023-12-20,sh.605507,17.0610251000,17.1851400000,17.0037413000,17.0419305000,17.0610251000,1308925,23451383.2800,2,0.433800,1,-0.111900,14.479334,1.364749,1.762040,-102.230623,0
2023-12-21,sh.605507,17.0228359000,17.2233292000,16.7937007000,17.2137819000,17.0419305000,1584310,28276010.0000,2,0.525100,1,1.008400,14.625344,1.378511,1.779808,-103.261520,0
2023-12-22,sh.605507,17.2137819000,17.2137819000,17.0228359000,17.0992143000,17.2137819000,1101434,19730049.9200,2,0.365000,1,-0.665600,14.528004,1.369336,1.767962,-102.574256,0
2023-12-25,sh.605507,16.6504912000,16.8796264000,16.0490113000,16.2113154000,17.0992143000,4285144,73178719.9200,2,1.420200,1,-5.192600,13.773619,1.298232,1.676159,-97.247954,0
2023-12-26,sh.605507,16.1635789000,16.3067884000,16.0967478000,16.1158424000,16.2113154000,1325538,22435521.8200,2,0.439300,1,-0.588900,13.692502,1.290586,1.666287,-96.675234,0
2023-12-27,sh.605507,16.1158424000,16.3163357000,16.0203694000,16.3067884000,16.1158424000,1333200,22615772.0000,2,0.441900,1,1.184800,13.854736,1.305878,1.686030,-97.820675,0
2023-12-28,sh.605507,16.3067884000,16.6218493000,16.2208627000,16.5454709000,16.3067884000,1823244,31411575.0400,2,0.604300,1,1.463700,14.057527,1.324992,1.710708,-99.252476,0
2023-12-29,sh.605507,16.5454709000,16.7937007000,16.4881871000,16.7650588000,16.5454709000,1447900,25334214.0000,2,0.479900,1,1.327200,14.244096,1.342577,1.733413,-100.569734,0
2024-01-02,sh.605507,16.8127953000,16.9369102000,16.7364169000,16.8414372000,16.7650588000,1455905,25722941.7800,2,0.482500,1,0.455600,14.308989,1.348693,1.741310,-101.027910,0
2024-01-03,sh.605507,16.8414372000,17.0801197000,16.7937007000,17.0037413000,16.8414372000,1594041,28326470.2900,2,0.528300,1,0.963700,14.446888,1.361691,1.758091,-102.001535,0
2024-01-04,sh.605507,17.0323832000,17.0323832000,16.7077750000,16.8605318000,17.0037413000,1617905,28500587.6100,2,0.536200,1,-0.842200,14.325213,1.350222,1.743284,-101.142454,0
2024-01-05,sh.605507,16.8223426000,16.8796264000,16.5454709000,16.6218493000,16.8605318000,1304859,22840816.3500,2,0.432500,1,-1.415600,14.122421,1.331108,1.718606,-99.710653,0
2024-01-08,sh.605507,16.5645655000,16.5741128000,16.2304100000,16.2304100000,16.6218493000,1415500,24263033.0000,2,0.469100,1,-2.355000,13.789842,1.299761,1.678133,-97.362498,0
2024-01-09,sh.605507,16.2590519000,16.4786398000,16.1635789000,16.3163357000,16.2304100000,1741900,29722465.0000,2,0.577300,1,0.529400,13.862847,1.306642,1.687017,-97.877947,0
2024-01-10,sh.605507,16.3163357000,16.4213560000,16.1062951000,16.2972411000,16.3163357000,1185964,20241681.6000,2,0.393100,1,-0.117000,13.846624,1.305113,1.685043,-97.763403,0
2024-01-11,sh.605507,16.3354303000,16.4690925000,16.2304100000,16.4404506000,16.2972411000,1408350,24150413.5000,2,0.466800,1,0.878700,13.968299,1.316581,1.699850,-98.622484,0
2024-01-12,sh.605507,16.3927141000,16.5072817000,16.2304100000,16.2399573000,16.4404506000,1531250,26223975.5000,2,0.507500,1,-1.219500,13.797954,1.300526,1.679120,-97.419770,0
2024-01-15,sh.605507,16.1922208000,16.2399573000,16.0108221000,16.1158424000,16.2399573000,1554746,26263086.0600,2,0.515300,1,-0.764300,13.692502,1.290586,1.666287,-96.675234,0
2024-01-16,sh.605507,16.0967478000,16.1826735000,15.7816869000,15.9344437000,16.1158424000,1828144,30540376.7400,2,0.605900,1,-1.125600,13.538380,1.276060,1.647532,-95.587065,0
2024-01-17,sh.605507,15.9058018000,15.9439910000,15.5048152000,15.5143625000,15.9344437000,1790300,29516032.0000,2,0.593400,1,-2.636300,13.181467,1.242419,1.604098,-93.067094,0
2024-01-18,sh.605507,15.4666260000,15.5620990000,14.8937880000,15.1993016000,15.5143625000,2890591,45798469.7700,2,0.958000,1,-2.030800,12.913782,1.217188,1.571522,-91.177116,0
2024-01-19,sh.605507,15.1420178000,15.4379841000,15.1133759000,15.2374908000,15.1993016000,1729700,27671707.4000,2,0.573300,1,0.251300,12.946228,1.220246,1.575471,-91.406204,0
2024-01-22,sh.605507,15.2470381000,15.2661327000,14.3304973000,14.4355176000,15.2374908000,2301693,35696269.0300,2,0.762900,1,-5.263200,12.264848,1.156023,1.492551,-86.595351,0
2024-01-23,sh.605507,14.4641595000,14.7505785000,14.3973284000,14.6742001000,14.4355176000,2134743,32610377.7100,2,0.707500,1,1.653400,12.467640,1.175137,1.517230,-88.027153,0
2024-01-24,sh.605507,14.8746934000,14.9128826000,14.2254770000,14.6742001000,14.6742001000,2383712,36383730.2000,2,0.790000,1,0.000000,12.467640,1.175137,1.517230,-88.027153,0
2024-01-25,sh.605507,14.6742001000,15.1706597000,14.5978217000,15.1515651000,14.6742001000,2540900,39715254.0000,2,0.842100,1,3.253100,12.873223,1.213365,1.566586,-90.890756,0
2024-01-26,sh.605507,15.0751867000,15.2756800000,14.9892610000,15.0560921000,15.1515651000,1842052,29219148.1400,2,0.610500,1,-0.630100,12.792107,1.205720,1.556715,-90.318035,0
2024-01-29,sh.605507,15.0847340000,15.5334571000,14.9510718000,14.9988083000,15.0560921000,2594123,41211542.7000,2,0.859800,1,-0.380500,12.743437,1.201132,1.550792,-89.974403,0
2024-01-30,sh.605507,14.8460515000,14.8460515000,14.4164230000,14.4450649000,14.9988083000,2239050,34301399.0000,2,0.742100,1,-3.691900,12.272960,1.156787,1.493538,-86.652624,0
2024-01-31,sh.605507,14.3495919000,14.5500852000,13.8626796000,13.9581526000,14.4450649000,2489498,36889579.7800,2,0.825100,1,-3.370800,11.859264,1.117795,1.443194,-83.731749,0
2024-02-01,sh.605507,13.8626796000,14.2159297000,13.6430917000,13.8531323000,13.9581526000,2165280,31499974.9000,2,0.717600,1,-0.752400,11.770036,1.109384,1.432336,-83.101756,0
2024-02-02,sh.605507,13.8053958000,13.9867945000,13.0511591000,13.4235038000,13.8531323000,3574558,50994831.3400,2,1.184700,1,-3.101300,11.405011,1.074979,1.387915,-80.524513,0
2024-02-05,sh.605507,13.2516524000,13.2611997000,12.4210373000,12.8602131000,13.4235038000,4919759,66206753.3400,2,1.630600,1,-4.196300,10.926422,1.029869,1.329674,-77.145462,0
2024-02-06,sh.605507,12.8793077000,14.0440783000,12.5356049000,13.9963418000,12.8602131000,4350530,61035161.9000,2,1.441900,1,8.834400,11.891711,1.120853,1.447143,-83.960837,0
2024-02-07,sh.605507,13.8626796000,14.6932947000,13.8626796000,14.5214433000,13.9963418000,4754860,71936455.8300,2,1.575900,1,3.751700,12.337853,1.162904,1.501435,-87.110800,0
2024-02-08,sh.605507,14.5309906000,15.2661327000,14.3686865000,15.0179029000,14.5214433000,4888467,77016404.5500,2,1.620200,1,3.418800,12.759660,1.202661,1.552767,-90.088947,0
2024-02-19,sh.605507,15.2088489000,15.2088489000,14.6360109000,14.8078623000,15.0179029000,3450611,53721258.7500,2,1.143600,1,-1.398600,12.581203,1.185841,1.531050,-88.828962,0
2024-02-20,sh.605507,14.7792204000,14.9892610000,14.6742001000,14.8746934000,14.8078623000,2233110,34704115.1000,2,0.740100,1,0.451300,12.637985,1.191193,1.537959,-89.229866,0
2024-02-21,sh.605507,14.7792204000,15.1993016000,14.6551055000,14.8460515000,14.8746934000,3074000,48248795.0000,2,1.018800,1,-0.192600,12.613650,1.188899,1.534998,-89.058050,0
2024-02-22,sh.605507,14.8460515000,14.9701664000,14.7601258000,14.8746934000,14.8460515000,2320290,36090117.3000,2,0.769000,1,0.192900,12.637985,1.191193,1.537959,-89.229866,0
2024-02-23,sh.605507,14.8651461000,14.9988083000,14.7505785000,14.9892610000,14.8746934000,3101600,48356004.0000,2,1.028000,1,0.770200,12.735325,1.200368,1.549805,-89.917131,0
2024-02-26,sh.605507,14.9510718000,15.3234165000,14.8651461000,15.1802070000,14.9892610000,3714488,58590719.8000,2,1.231100,1,1.273900,12.897558,1.215659,1.569548,-91.062572,0
2024-02-27,sh.605507,15.1133759000,15.2947746000,15.0560921000,15.2852273000,15.1802070000,2611858,41513460.9800,2,0.865600,1,0.691800,12.986787,1.224069,1.580406,-91.692565,0
2024-02-28,sh.605507,15.2852273000,15.7148558000,14.8937880000,14.9033353000,15.2852273000,4524718,72582812.7800,2,1.499600,1,-2.498400,12.662320,1.193486,1.540921,-89.401682,0
2024-02-29,sh.605507,14.8651461000,15.2088489000,14.8174096000,15.1133759000,14.9033353000,2757830,43421633.4400,2,0.914000,1,1.409400,12.840777,1.210307,1.562638,-90.661668,0
2024-03-01,sh.605507,15.1706597000,15.1993016000,14.9892610000,15.0751867000,15.1133759000,1840358,29033801.9800,2,0.610000,1,-0.252700,12.808330,1.207249,1.558689,-90.432579,0
2024-03-04,sh.605507,15.0847340000,15.3329638000,14.9224299000,15.0847340000,15.0751867000,3075122,48460775.9600,2,1.019200,1,0.063300,12.816442,1.208013,1.559677,-90.489851,0
2024-03-05,sh.605507,15.0083556000,15.0179029000,14.6837474000,14.7601258000,15.0847340000,2715110,42083744.3000,2,0.899900,1,-2.151900,12.540645,1.182018,1.526114,-88.542601,0
2024-03-06,sh.605507,14.7505785000,14.9128826000,14.5309906000,14.6742001000,14.7601258000,1974002,30417273.5800,2,0.654200,1,-0.582100,12.467640,1.175137,1.517230,-88.027153,0
2024-03-07,sh.605507,14.6837474000,14.7792204000,14.5405379000,14.5882744000,14.6742001000,1623700,24929777.0000,2,0.538100,1,-0.585600,12.394635,1.168256,1.508345,-87.511704,0
2024-03-08,sh.605507,14.5691798000,14.6837474000,14.4259703000,14.5978217000,14.5882744000,1558888,23746986.4400,2,0.516700,1,0.065400,12.402746,1.169020,1.509333,-87.568976,0
2024-03-11,sh.605507,14.6073690000,14.7792204000,14.5023487000,14.7601258000,14.5978217000,1651400,25357440.0000,2,0.547300,1,1.111800,12.540645,1.182018,1.526114,-88.542601,0
2024-03-12,sh.605507,14.8460515000,15.0274502000,14.8269569000,14.9797137000,14.7601258000,2319913,36317752.8000,2,0.768900,1,1.487700,12.727213,1.199603,1.548818,-89.859859,0
2024-03-13,sh.605507,14.9224299000,15.0083556000,14.7505785000,14.9415245000,14.9797137000,1967500,30679872.0000,2,0.652100,1,-0.254900,12.694766,1.196545,1.544869,-89.630771,0
2024-03-14,sh.605507,14.9797137000,15.1706597000,14.7792204000,14.9033353000,14.9415245000,1992800,31323358.0000,2,0.660500,1,-0.255600,12.662320,1.193486,1.540921,-89.401682,0
2024-03-15,sh.605507,14.8651461000,14.9701664000,14.7983150000,14.9224299000,14.9033353000,1924900,30029603.0000,2,0.638000,1,0.128100,12.678543,1.195016,1.542895,-89.516226,0
2024-03-18,sh.605507,14.9224299000,15.0847340000,14.8174096000,15.0847340000,14.9224299000,2741320,42926115.5000,2,0.908600,1,1.087700,12.816442,1.208013,1.559677,-90.489851,0
2024-03-19,sh.605507,15.0560921000,15.1515651000,15.0179029000,15.0369975000,15.0847340000,1929400,30458896.0000,2,0.639500,1,-0.316500,12.775883,1.204190,1.554741,-90.203491,0
2024-03-20,sh.605507,15.0179029000,15.1802070000,14.9510718000,15.1706597000,15.0369975000,2138200,33798642.0100,2,0.708700,1,0.888900,12.889447,1.214894,1.568561,-91.005300,0
2024-03-21,sh.605507,15.1802070000,15.2183962000,14.9797137000,15.1038286000,15.1706597000,2002409,31662648.1100,2,0.663700,1,-0.440500,12.832665,1.209542,1.561651,-90.604395,0
2024-03-22,sh.605507,15.0465448000,15.0847340000,14.6169163000,14.6455582000,15.1038286000,2771500,42830319.0000,2,0.918600,1,-3.034100,12.443305,1.172843,1.514268,-87.855337,0
2024-03-25,sh.605507,14.5978217000,14.6742001000,14.3209500000,14.3209500000,14.6455582000,2289813,34685975.1200,2,0.758900,1,-2.216400,12.167508,1.146848,1.480706,-85.908087,0
2024-03-26,sh.605507,14.3304973000,14.4259703000,14.2063824000,14.3973284000,14.3209500000,2012800,30185312.0000,2,0.667100,1,0.533300,12.232401,1.152965,1.488603,-86.366263,0
2024-03-27,sh.605507,14.3304973000,14.4641595000,14.1681932000,14.1872878000,14.3973284000,1706300,25631255.0000,2,0.565500,1,-1.458900,12.053944,1.136144,1.466886,-85.106278,0
2024-03-28,sh.605507,14.1395513000,14.4068757000,14.0918148000,14.3114027000,14.1872878000,1867100,27939597.0000,2,0.618800,1,0.874800,12.159396,1.146083,1.479718,-85.850815,0
2024-03-29,sh.605507,14.2732135000,14.3973284000,14.2541189000,14.3973284000,14.3114027000,1421400,21339326.0000,2,0.471100,1,0.600400,12.232401,1.152965,1.488603,-86.366263,0
2024-04-01,sh.605507,14.4546122000,14.7314839000,14.3973284000,14.7123893000,14.3973284000,2215400,33839564.0000,2,0.734300,1,2.188300,12.500086,1.178195,1.521178,-88.256241,0
2024-04-02,sh.605507,14.7123893000,14.8555988000,14.5882744000,14.8365042000,14.7123893000,2265275,34963792.7500,2,0.750800,1,0.843600,12.605538,1.188135,1.534011,-89.000778,0
2024-04-03,sh.605507,14.8365042000,14.9033353000,14.6932947000,14.8365042000,14.8365042000,2161345,33516622.2900,2,0.716300,1,0.000000,12.605538,1.188135,1.534011,-89.000778,0
2024-04-08,sh.605507,14.7792204000,14.8460515000,14.6073690000,14.6169163000,14.8365042000,2176400,33487881.0000,2,0.721300,1,-1.480100,12.418970,1.170550,1.511307,-87.683521,0
2024-04-09,sh.605507,14.6264636000,14.9510718000,14.5787271000,14.9510718000,14.6169163000,2761800,42838756.0000,2,0.915300,1,2.286100,12.702878,1.197309,1.545857,-89.688043,0
2024-04-10,sh.605507,14.9128826000,15.0083556000,14.6742001000,14.8269569000,14.9510718000,2869400,44664058.0000,2,0.951000,1,-0.830100,12.597426,1.187370,1.533024,-88.943506,0
2024-04-11,sh.605507,14.7410312000,14.8937880000,14.6646528000,14.8460515000,14.8269569000,2161300,33575452.0000,2,0.716300,1,0.128800,12.613650,1.188899,1.534998,-89.058050,0
2024-04-12,sh.605507,14.8269569000,14.9797137000,14.7410312000,14.7696731000,14.8460515000,2432858,37819185.3200,2,0.806300,1,-0.514500,12.548756,1.182783,1.527101,-88.599873,0
2024-04-15,sh.605507,14.6551055000,14.8746934000,14.2732135000,14.5118960000,14.7696731000,3357715,51151947.1100,2,1.112800,1,-1.745300,12.329741,1.162139,1.500448,-87.053528,0
2024-04-16,sh.605507,15.2756800000,15.9630856000,15.0274502000,15.9630856000,14.5118960000,23755766,390165703.3200,2,7.873400,1,10.000000,15.154144,1.228898,1.770282,-41.032883,0
2024-04-17,sh.605507,15.2756800000,15.9917275000,15.1324705000,15.7816869000,15.9630856000,18603436,306083762.8500,2,6.165800,1,-1.136400,14.981938,1.214933,1.750165,-40.566600,0
2024-04-18,sh.605507,15.8580653000,16.1635789000,15.4475314000,15.4857206000,15.7816869000,11896109,196127115.2200,2,3.942700,1,-1.875400,14.700970,1.192148,1.717343,-39.805823,0
2024-04-19,sh.605507,15.1515651000,15.4093422000,14.8937880000,15.2947746000,15.4857206000,8885879,141043962.0200,2,2.945100,1,-1.233000,14.519700,1.177449,1.696168,-39.314999,0
2024-04-22,sh.605507,15.2183962000,15.7530450000,15.1897543000,15.4761733000,15.2947746000,8263069,134600638.7400,2,2.738600,1,1.186000,14.691906,1.191413,1.716284,-39.781282,0
2024-04-23,sh.605507,15.3329638000,15.6384774000,15.1611124000,15.2661327000,15.4761733000,5871600,94737920.0000,2,1.946000,1,-1.357200,14.492510,1.175244,1.692991,-39.241375,0
2024-04-24,sh.605507,15.1993016000,15.3711530000,14.9988083000,15.3425111000,15.2661327000,4768252,75804478.5400,2,1.580300,1,0.500300,14.565017,1.181124,1.701461,-39.437705,0
2024-04-25,sh.605507,15.2661327000,15.6384774000,15.2279435000,15.4666260000,15.3425111000,4974912,80782348.6400,2,1.648800,1,0.809000,14.682843,1.190678,1.715226,-39.756740,0
2024-04-26,sh.605507,15.2852273000,15.5334571000,15.2852273000,15.5239098000,15.4666260000,5223572,84539997.6800,2,1.731300,1,0.370400,14.737224,1.195088,1.721578,-39.903988,0
2024-04-29,sh.605507,15.5239098000,15.7434977000,15.3807003000,15.7244031000,15.5239098000,5519365,90385393.7200,2,1.829300,1,1.291500,14.927557,1.210523,1.743813,-40.419353,0
2024-04-30,sh.605507,15.6766666000,16.0681059000,15.6289301000,15.9058018000,15.7244031000,6632505,110282840.6400,2,2.198200,1,1.153600,15.099763,1.224488,1.763930,-40.885636,0
2024-05-06,sh.605507,16.2113154000,16.6218493000,16.0967478000,16.5932074000,15.9058018000,9771848,167832891.7600,2,3.238700,1,4.321700,15.752334,1.277407,1.840162,-42.652602,0
2024-05-07,sh.605507,16.7077750000,17.8057145000,16.5741128000,17.2424238000,16.5932074000,16322041,292258734.2300,2,5.409600,1,3.912500,16.368651,1.327386,1.912159,-44.321403,0
2024-05-08,sh.605507,16.9941940000,17.2710657000,16.6600385000,17.0323832000,17.2424238000,10651556,188808436.9200,2,3.530300,1,-1.218200,16.169254,1.311216,1.888866,-43.781497,0
2024-05-09,sh.605507,16.7650588000,17.1660454000,16.6218493000,17.0323832000,17.0323832000,9171356,162681932.5200,2,3.039700,1,0.000000,16.169254,1.311216,1.888866,-43.781497,0
2024-05-10,sh.605507,16.9655521000,17.3569914000,16.5645655000,16.6600385000,17.0323832000,10262458,181725074.3200,2,3.401300,1,-2.186100,15.815778,1.282552,1.847573,-42.824390,0
2024-05-13,sh.605507,16.4309033000,17.0323832000,16.4309033000,16.9941940000,16.6600385000,7798500,137656769.0000,2,2.584700,1,2.005700,16.133000,1.308276,1.884631,-43.683332,0
2024-05-14,sh.605507,16.8796264000,17.5574847000,16.8032480000,17.4524644000,16.9941940000,7936562,143443464.9000,2,2.630400,1,2.696600,16.568047,1.343556,1.935452,-44.861310,0
2024-05-15,sh.605507,17.3951806000,17.5670320000,17.1660454000,17.2042346000,17.4524644000,5968000,108311445.0000,2,1.978000,1,-1.422300,16.332397,1.324446,1.907924,-44.223238,0
2024-05-16,sh.605507,17.1851400000,17.6529577000,17.0705724000,17.5192955000,17.2042346000,5602200,101816473.2300,2,1.856700,1,1.831300,16.631492,1.348700,1.942864,-45.033098,0
2024-05-17,sh.605507,17.4429171000,18.0062078000,17.4142752000,17.8439037000,17.5192955000,8193150,152077654.0000,2,2.715500,1,1.852900,16.939650,1.373690,1.978862,-45.867499,0
2024-05-20,sh.605507,17.8820929000,18.0348497000,17.5861266000,17.7675253000,17.8439037000,4876307,91044248.1800,2,1.616200,1,-0.428000,16.867142,1.367810,1.970392,-45.671169,0
2024-05-21,sh.605507,17.6625050000,17.8248091000,17.5765793000,17.6529577000,17.7675253000,3206400,59346809.0000,2,1.062700,1,-0.644800,16.758380,1.358990,1.957687,-45.376675,0
2024-05-22,sh.605507,17.6147685000,17.7579780000,17.4333698000,17.5383901000,17.6529577000,3284100,60366230.0000,2,1.088500,1,-0.649000,16.649619,1.350170,1.944981,-45.082180,0
2024-05-23,sh.605507,17.5383901000,17.5956739000,17.0037413000,17.1660454000,17.5383901000,4402052,79421306.5800,2,1.459000,1,-2.123000,16.296143,1.321506,1.903689,-44.125074,0
2024-05-24,sh.605507,17.2997076000,17.3760860000,17.0896670000,17.2424238000,17.1660454000,2783200,50334203.0000,2,0.922400,1,0.444900,16.368651,1.327386,1.912159,-44.321403,0
2024-05-27,sh.605507,17.2233292000,17.5192955000,17.0132886000,17.5002009000,17.2424238000,2825400,51156487.0000,2,0.936400,1,1.495000,16.613365,1.347230,1.940746,-44.984016,0
2024-05-28,sh.605507,17.5002009000,17.5097482000,17.2997076000,17.3474441000,17.5002009000,2035600,37048835.0000,2,0.674700,1,-0.872900,16.468349,1.335471,1.923806,-44.591356,0
2024-05-29,sh.605507,17.4429171000,17.4429171000,17.0610251000,17.1278562000,17.3474441000,2176000,39091630.0000,2,0.721200,1,-1.265800,16.259889,1.318566,1.899454,-44.026909,0
2024-05-30,sh.605507,17.3856333000,17.4238225000,16.8987210000,17.1564981000,17.1278562000,2114200,37938200.0000,2,0.700700,1,0.167200,16.287079,1.320771,1.902630,-44.100532,0
2024-05-31,sh.605507,17.1564981000,17.3283495000,17.1087616000,17.1183089000,17.1564981000,1272642,22916966.8400,2,0.421800,1,-0.222600,16.250825,1.317831,1.898395,-44.002368,0
2024-06-03,sh.605507,17.1660454000,17.1660454000,16.6409439000,16.7077750000,17.1183089000,2953000,52040439.0000,2,0.978700,1,-2.398200,15.861096,1.286227,1.852867,-42.947096,0
2024-06-04,sh.605507,16.7459642000,16.9560048000,16.6123020000,16.9178156000,16.7077750000,1529100,26906822.0000,2,0.506800,1,1.257100,16.060492,1.302396,1.876160,-43.487003,0
2024-06-05,sh.605507,16.9560048000,17.1564981000,16.8223426000,16.8509845000,16.9178156000,2017358,35904967.7200,2,0.668600,1,-0.395000,15.997048,1.297251,1.868749,-43.315214,0
2024-06-06,sh.605507,16.6695858000,16.9464575000,16.2876938000,16.4690925000,16.8509845000,2944900,50846065.0000,2,0.976000,1,-2.266300,15.634508,1.267852,1.826398,-42.333566,0
2024-06-07,sh.605507,16.4977344000,16.6313966000,16.2876938000,16.5454709000,16.4690925000,1739790,30043036.0400,2,0.576600,1,0.463800,15.707016,1.273732,1.834868,-42.529896,0
2024-06-11,sh.605507,16.4499979000,16.7077750000,16.3449776000,16.6504912000,16.5454709000,1381958,23943480.3600,2,0.458000,1,0.634700,15.806715,1.281817,1.846515,-42.799849,0
2024-06-12,sh.605507,16.6504912000,17.0610251000,16.5645655000,16.7746061000,16.6504912000,2097458,36891817.6400,2,0.695200,1,0.745400,15.924540,1.291372,1.860279,-43.118885,0
2024-06-13,sh.605507,16.7173223000,16.7650588000,16.4022614000,16.4404506000,16.7746061000,1285500,22215981.0000,2,0.426100,1,-1.992000,15.607318,1.265647,1.823221,-42.259943,0
2024-06-14,sh.605507,16.5667689000,16.5862020600,16.3432875600,16.4696031000,16.4404533600,1271800,21561757.0000,2,0.421500,1,0.177300,15.362604,1.245802,1.794634,-41.597330,0
2024-06-17,sh.605507,16.5376191600,16.9554321000,16.4307367800,16.9457155200,16.4696031000,2738174,47412449.9200,2,0.907500,1,2.890900,15.806715,1.281817,1.846515,-42.799849,0
2024-06-18,sh.605507,16.8485497200,17.0331647400,16.8291165600,16.9748652600,16.9457155200,1611181,28081367.6300,2,0.534000,1,0.172000,15.833905,1.284022,1.849691,-42.873473,0
2024-06-19,sh.605507,16.9845818400,17.0525979000,16.6833678600,16.7319507600,16.9748652600,1492600,25795787.0000,2,0.494700,1,-1.431000,15.607318,1.265647,1.823221,-42.259943,0
2024-06-20,sh.605507,16.6639347000,16.9068492000,16.5279025800,16.6153518000,16.7319507600,1332400,22872563.0000,2,0.441600,1,-0.696900,15.498556,1.256827,1.810516,-41.965448,0
2024-06-21,sh.605507,16.4987528400,16.8582663000,16.4696031000,16.8582663000,16.6153518000,1524300,26181099.0000,2,0.505200,1,1.462000,15.725143,1.275202,1.836985,-42.578978,0
2024-06-24,sh.605507,16.4890362600,16.7708170800,16.1489559600,16.1683891200,16.8582663000,1986300,33624938.0000,2,0.658300,1,-4.092200,15.081636,1.223018,1.761812,-40.836553,0
2024-06-25,sh.605507,16.1683891200,16.4404533600,16.1586725400,16.2655549200,16.1683891200,1401000,23524500.0000,2,0.464300,1,0.601000,15.172271,1.230368,1.772400,-41.081965,0
2024-06-26,sh.605507,16.1878222800,16.7805336600,16.0906564800,16.7513839200,16.2655549200,1903475,32479125.7500,2,0.630900,1,2.986900,15.625445,1.267117,1.825339,-42.309025,0
2024-06-27,sh.605507,16.7125176000,16.7805336600,16.2752715000,16.3141378200,16.7513839200,1496400,25317908.0000,2,0.496000,1,-2.610200,15.217588,1.234043,1.777694,-41.204671,0
2024-06-28,sh.605507,16.2849880800,16.5667689000,16.1295228000,16.1781057000,16.3141378200,1493824,25122860.6000,2,0.495100,1,-0.833800,15.090699,1.223753,1.762871,-40.861094,0
2024-07-01,sh.605507,16.0906564800,16.3821538800,15.9837741000,16.3238544000,16.1781057000,1626579,27098055.3000,2,0.539100,1,0.900900,15.226652,1.234778,1.778753,-41.229212,0
2024-07-02,sh.605507,16.2655549200,16.3724373000,16.0906564800,16.1198062200,16.3238544000,1137100,18933453.2600,2,0.376900,1,-1.250000,15.036319,1.219343,1.756518,-40.713847,0
2024-07-03,sh.605507,16.0615067400,16.4696031000,16.0615067400,16.2364051800,16.1198062200,1792858,30163139.8200,2,0.594200,1,0.723300,15.145080,1.228163,1.769223,-41.008342,0
2024-07-04,sh.605507,16.3335709800,16.3335709800,15.7214264400,15.7797259200,16.2364051800,1493315,24468204.8800,2,0.494900,1,-2.812700,14.719097,1.193618,1.719461,-39.854905,0
2024-07-05,sh.605507,15.7505761800,16.2849880800,15.7019932800,16.2266886000,15.7797259200,1586500,26231594.0000,2,0.525800,1,2.832500,15.136017,1.227428,1.768165,-40.983800,0
2024-07-08,sh.605507,16.2752715000,16.3724373000,15.4590787800,15.5659611600,16.2266886000,2404702,38942442.8800,2,0.797000,1,-4.071900,14.519700,1.177449,1.696168,-39.314999,0
2024-07-09,sh.605507,15.5951109000,15.9837741000,15.5173782600,15.9351912000,15.5659611600,1902903,30839796.1200,2,0.630700,1,2.372000,14.864112,1.205378,1.736401,-40.247564,0
2024-07-10,sh.605507,16.1489559600,16.1489559600,15.7797259200,15.9351912000,15.9351912000,1472200,24157807.0000,2,0.487900,1,0.000000,14.864112,1.205378,1.736401,-40.247564,0
2024-07-11,sh.605507,16.0906564800,16.4501699400,16.0809399000,16.3432875600,15.9351912000,1753838,29373423.1200,2,0.581300,1,2.561000,15.244779,1.236248,1.780870,-41.278295,0
2024-07-12,sh.605507,16.4015870400,17.0720310600,16.2752715000,16.9845818400,16.3432875600,5620200,97042942.0000,2,1.862700,1,3.923900,15.842969,1.284757,1.850750,-42.898014,0
2024-07-15,sh.605507,16.9748652600,17.0331647400,16.5570523200,16.6736512800,16.9845818400,3205045,55097436.2000,2,1.062300,1,-1.830700,15.552937,1.261237,1.816869,-42.112695,0
2024-07-16,sh.605507,16.6542181200,16.7125176000,16.3821538800,16.4987528400,16.6736512800,1720741,29177110.7200,2,0.570300,1,-1.049000,15.389794,1.248007,1.797811,-41.670954,0
2024-07-17,sh.605507,16.4696031000,16.6153518000,16.2266886000,16.4696031000,16.4987528400,2669625,45015161.2500,2,0.884800,1,-0.176700,15.362604,1.245802,1.794634,-41.597330,0
2024-07-18,sh.605507,16.4696031000,16.5959186400,16.2461217600,16.4793196800,16.4696031000,1689100,28596797.0000,2,0.559800,1,0.059000,15.371667,1.246537,1.795693,-41.621872,0
2024-07-19,sh.605507,16.4696031000,16.5473357400,16.3335709800,16.4307367800,16.4793196800,1861800,31508652.0000,2,0.617100,1,-0.294800,15.326350,1.242862,1.790399,-41.499166,0
2024-07-22,sh.605507,16.4404533600,16.4987528400,16.1878222800,16.4598865200,16.4307367800,1669800,28120184.5900,2,0.553400,1,0.177400,15.353540,1.245067,1.793575,-41.572789,0
2024-07-23,sh.605507,16.4696031000,16.5473357400,16.0517901600,16.0906564800,16.4598865200,1571500,26275311.0000,2,0.520800,1,-2.243200,15.009128,1.217138,1.753342,-40.640224,0
2024-07-24,sh.605507,16.0129238400,16.1295228000,15.5076616800,15.6145440600,16.0906564800,2501400,40382166.0000,2,0.829000,1,-2.958900,14.565017,1.181124,1.701461,-39.437705,0
2024-07-25,sh.605507,15.4979451000,15.9351912000,15.4882285200,15.6825601200,15.6145440600,1492400,24171340.0000,2,0.494600,1,0.435600,14.628462,1.186268,1.708873,-39.609493,0
2024-07-26,sh.605507,15.7602927600,15.9157580400,15.6339772200,15.8768917200,15.6825601200,1422200,23135094.0000,2,0.471400,1,1.239200,14.809731,1.200968,1.730049,-40.100317,0
2024-07-29,sh.605507,15.9060414600,15.9351912000,15.6048274800,15.6242606400,15.8768917200,1066024,17218216.1600,2,0.353300,1,-1.591200,14.574081,1.181858,1.702520,-39.462246,0
2024-07-30,sh.605507,15.5562445800,15.7019932800,15.4007793000,15.4007793000,15.6242606400,1617200,25760661.7600,2,0.536000,1,-1.430300,14.365621,1.164954,1.678168,-38.897799,0
2024-07-31,sh.605507,15.4299290400,16.4890362600,15.3619129800,16.4501699400,15.4007793000,3223300,53475105.8600,2,1.068300,1,6.813900,15.344477,1.244332,1.792517,-41.548248,0
2024-08-01,sh.605507,16.4210202000,16.6833678600,16.3238544000,16.5279025800,16.4501699400,3106200,52789180.0000,2,1.029500,1,0.472500,15.416985,1.250212,1.800987,-41.744578,0
2024-08-02,sh.605507,16.5181860000,17.2080631800,16.3627207200,16.9165657800,16.5279025800,4830420,84201881.6400,2,1.600900,1,2.351600,15.779524,1.279612,1.843338,-42.726225,0
2024-08-05,sh.605507,16.7125176000,16.9457155200,16.3724373000,16.3724373000,16.9165657800,3607400,61932869.0000,2,1.195600,1,-3.216500,15.271969,1.238452,1.784046,-41.351918,0
2024-08-06,sh.605507,16.4598865200,16.7902502400,16.4598865200,16.7611005000,16.3724373000,1949099,33431964.7600,2,0.646000,1,2.373900,15.634508,1.267852,1.826398,-42.333566,0
2024-08-07,sh.605507,16.7708170800,17.0040150000,16.5376191600,16.8193999800,16.7611005000,2084700,36103339.0000,2,0.690900,1,0.347800,15.688889,1.272262,1.832750,-42.480813,0
2024-08-08,sh.605507,17.0525979000,17.1400471200,16.7611005000,16.9359989400,16.8193999800,1994800,34847127.0000,2,0.661100,1,0.693200,15.797651,1.281082,1.845456,-42.775308,0
2024-08-09,sh.605507,16.9068492000,17.1497637000,16.7125176000,16.7611005000,16.9359989400,2858900,49563305.5500,2,0.947500,1,-1.032700,15.634508,1.267852,1.826398,-42.333566,0
2024-08-12,sh.605507,16.7805336600,17.2469295000,16.7708170800,17.0331647400,16.7611005000,3212300,56468355.0000,2,1.064700,1,1.623200,15.888286,1.288432,1.856044,-43.020720,0
2024-08-13,sh.605507,16.9845818400,17.1400471200,16.9262823600,17.0428813200,17.0331647400,2063600,36171965.0000,2,0.683900,1,0.057000,15.897349,1.289167,1.857102,-43.045261,0
2024-08-14,sh.605507,17.1206139600,17.1206139600,16.9068492000,16.9165657800,17.0428813200,2053200,35939918.0000,2,0.680500,1,-0.741200,15.779524,1.279612,1.843338,-42.726225,0
2024-08-15,sh.605507,16.9651486800,17.1011808000,16.8388331400,16.9262823600,16.9165657800,1584500,27673687.0000,2,0.525200,1,0.057400,15.788588,1.280347,1.844397,-42.750767,0
2024-08-16,sh.605507,16.8582663000,17.1594802800,16.6930844400,17.0720310600,16.9262823600,2328600,40660036.0000,2,0.771800,1,0.861100,15.924540,1.291372,1.860279,-43.118885,0
2024-08-19,sh.605507,17.0040150000,17.1691968600,16.8193999800,16.8776994600,17.0720310600,1616815,28189010.8000,2,0.535900,1,-1.138300,15.743270,1.276672,1.839103,-42.628061,0
2024-08-20,sh.605507,16.8291165600,16.9651486800,16.4501699400,16.6930844400,16.8776994600,2030245,34833753.2000,2,0.672900,1,-1.093800,15.571064,1.262707,1.818986,-42.161778,0
2024-08-21,sh.605507,16.5181860000,16.7611005000,16.4210202000,16.4696031000,16.6930844400,1158141,19707008.1800,2,0.383800,1,-1.338800,15.362604,1.245802,1.794634,-41.597330,0
2024-08-22,sh.605507,16.4890362600,16.5570523200,16.2364051800,16.2752715000,16.4696031000,860500,14474980.0000,2,0.285200,1,-1.179900,15.181334,1.231103,1.773459,-41.106506,0
2024-08-23,sh.605507,16.2266886000,16.3821538800,16.1392393800,16.2364051800,16.2752715000,1058400,17668252.0000,2,0.350800,1,-0.238800,15.145080,1.228163,1.769223,-41.008342,0
2024-08-26,sh.605507,16.1975388600,16.2947046600,16.0323570000,16.1392393800,16.2364051800,1048800,17374857.0000,2,0.347600,1,-0.598400,15.054446,1.220813,1.758636,-40.762930,0
2024-08-27,sh.605507,15.9351912000,16.2072554400,15.8866083000,16.1683891200,16.1392393800,1202900,19944512.0000,2,0.398700,1,0.180600,15.081636,1.223018,1.761812,-40.836553,0
2024-08-28,sh.605507,16.2169720200,16.5667689000,16.0809399000,16.4210202000,16.1683891200,1447100,24403682.0000,2,0.479600,1,1.562500,15.317287,1.242127,1.789340,-41.474624,0
2024-08-29,sh.605507,16.2849880800,16.7513839200,16.2752715000,16.6542181200,16.4210202000,1758800,30036495.0000,2,0.582900,1,1.420100,15.534810,1.259767,1.814751,-42.063613,0
2024-08-30,sh.605507,17.0817476400,17.9756730000,16.8874160400,17.7230419200,16.6542181200,7191450,130348006.5000,2,2.383500,1,6.417700,15.453419,1.346411,1.876433,-20.201727,0
2024-09-02,sh.605507,17.7716248200,18.2963201400,17.6550258600,18.0534056400,17.7230419200,7903902,146978377.1400,2,2.619600,1,1.864000,15.741477,1.371509,1.911410,-20.578294,0
2024-09-03,sh.605507,18.0242559000,18.6849833400,17.8882237800,18.3837693600,18.0534056400,5584871,106094069.9200,2,1.851000,1,1.829900,16.029534,1.396607,1.946387,-20.954861,0
2024-09-04,sh.605507,18.5100849000,18.7335662400,18.3254698800,18.5198014800,18.3837693600,5384724,102884658.6800,2,1.784700,1,0.740000,16.148146,1.406941,1.960790,-21.109918,0
2024-09-05,sh.605507,18.5975341200,18.8307320400,18.4712185800,18.7627159800,18.5198014800,4373324,84141414.7600,2,1.449500,1,1.311600,16.359952,1.425395,1.986509,-21.386806,0
2024-09-06,sh.605507,18.8210154600,18.8501652000,18.2671704000,18.3157533000,18.7627159800,3141600,59603453.0000,2,1.041200,1,-2.382200,15.970228,1.391439,1.939186,-20.877333,0
2024-09-09,sh.605507,18.3740527800,18.5781009600,18.1602880200,18.3934859400,18.3157533000,3132300,59404417.0000,2,1.038100,1,0.424400,16.038006,1.397345,1.947416,-20.965937,0
2024-09-10,sh.605507,18.4615020000,18.5392346400,18.0728388000,18.2380206600,18.3934859400,1781800,33418583.0000,2,0.590500,1,-0.845200,15.902450,1.385534,1.930956,-20.788729,0
2024-09-11,sh.605507,18.1602880200,18.4615020000,18.1019885400,18.3449030400,18.2380206600,1833500,34555931.0000,2,0.607700,1,0.586000,15.995645,1.393654,1.942273,-20.910559,0
2024-09-12,sh.605507,18.3837693600,18.3837693600,18.0922719600,18.1214217000,18.3449030400,2235100,41832874.0000,2,0.740800,1,-1.218200,15.800782,1.376676,1.918611,-20.655822,0
2024-09-13,sh.605507,18.2671704000,18.2671704000,17.9951061600,18.0436890600,18.1214217000,1870000,34816839.0000,2,0.619800,1,-0.429000,15.733004,1.370771,1.910381,-20.567218,0
2024-09-18,sh.605507,17.9659564200,18.0534056400,17.6161595400,17.7813414000,18.0436890600,1962002,35857947.3600,2,0.650300,1,-1.454000,15.504253,1.350840,1.882605,-20.268180,0
2024-09-19,sh.605507,17.7813414000,18.0728388000,17.7036087600,17.7813414000,17.7813414000,1991981,36601864.9700,2,0.660200,1,0.000000,15.504253,1.350840,1.882605,-20.268180,0
2024-09-20,sh.605507,17.6938921800,17.8299243000,17.4121113600,17.5675766400,17.7813414000,2613800,47229053.0000,2,0.866300,1,-1.202200,15.317863,1.334601,1.859973,-20.024518,0
2024-09-23,sh.605507,17.4898440000,17.6938921800,17.1497637000,17.2760792400,17.5675766400,2578500,46004176.0000,2,0.854600,1,-1.659300,15.063695,1.312456,1.829110,-19.692253,0
2024-09-24,sh.605507,17.3829616200,17.5675766400,17.2080631800,17.4606942600,17.2760792400,3513400,62902200.0000,2,1.164400,1,1.068600,15.224668,1.326481,1.848657,-19.902688,0
2024-09-25,sh.605507,17.5578600600,18.0048227400,17.5384269000,17.5578600600,17.4606942600,3773030,68995703.5000,2,1.250500,1,0.556500,15.309391,1.333863,1.858944,-20.013443,0
2024-09-26,sh.605507,17.4898440000,17.7230419200,17.1108973800,17.7230419200,17.5578600600,5243700,93854826.0000,2,1.737900,1,0.940800,15.453419,1.346411,1.876433,-20.201727,0
2024-09-27,sh.605507,17.8493574600,18.5878175400,17.8396408800,18.5489512200,17.7230419200,4232301,79696198.5700,2,1.402700,1,4.660100,16.173562,1.409155,1.963876,-21.143145,0
2024-09-30,sh.605507,19.1902455000,20.4048180000,19.1125128600,20.3951014200,18.5489512200,10596122,217505171.1600,2,3.511900,1,9.952900,17.783294,1.549407,2.159338,-23.247491,0
2024-10-08,sh.605507,22.4355832200,22.4355832200,20.3951014200,21.2793102000,20.3951014200,11668332,256209301.3200,2,3.867200,1,4.335400,18.554270,1.616579,2.252954,-24.255363,0
2024-10-09,sh.605507,21.2793102000,21.4444920600,19.9675719000,19.9675719000,21.2793102000,8155480,173210975.9000,2,2.703000,1,-6.164400,17.410514,1.516927,2.114073,-22.760169,0
2024-10-10,sh.605507,20.2882190400,20.6477325000,19.8218232000,19.9675719000,19.9675719000,6025531,125276517.5100,2,1.997000,1,0.000000,17.410514,1.516927,2.114073,-22.760169,0
2024-10-11,sh.605507,20.0453045400,20.0453045400,19.1902455000,19.4040102600,19.9675719000,4508895,90419276.8000,2,1.494400,1,-2.822400,16.919122,1.474114,2.054406,-22.117789,0
2024-10-14,sh.605507,19.4040102600,19.6469247600,18.9667641600,19.5789087000,19.4040102600,4223900,84117800.0000,2,1.399900,1,0.901400,17.071623,1.487401,2.072923,-22.317149,0
2024-10-15,sh.605507,19.6760745000,20.7643314600,19.4331600000,19.5594755400,19.5789087000,6373695,130687695.2500,2,2.112400,1,-0.099300,17.054678,1.485924,2.070866,-22.294998,0
2024-10-16,sh.605507,19.5011760600,19.8121066200,19.2388284000,19.5789087000,19.5594755400,3120295,62786856.0000,2,1.034200,1,0.099400,17.071623,1.487401,2.072923,-22.317149,0
2024-10-17,sh.605507,19.5303258000,19.8898392600,19.5303258000,19.5303258000,19.5789087000,2662900,53982715.4100,2,0.882600,1,-0.248100,17.029262,1.483710,2.067780,-22.261771,0
2024-10-18,sh.605507,19.4817429000,20.1813366600,19.4817429000,19.9189890000,19.5303258000,4860858,99660552.4400,2,1.611000,1,1.990000,17.368152,1.513236,2.108929,-22.704791,0
2024-10-21,sh.605507,20.1133206000,20.6380159200,19.8995558400,20.1619035000,19.9189890000,6436578,134176094.7800,2,2.133300,1,1.219500,16.511444,1.478959,2.029287,-35.430367,0
2024-10-22,sh.605507,19.9967216400,20.3270853600,19.8121066200,20.0453045400,20.1619035000,3474840,71610270.8000,2,1.151700,1,-0.578300,16.415956,1.470406,2.017552,-35.225468,0
2024-10-23,sh.605507,20.0453045400,20.1230371800,19.5886252800,19.7538071400,20.0453045400,4306400,87685183.0000,2,1.427300,1,-1.454200,16.177236,1.449024,1.988213,-34.713222,0
2024-10-24,sh.605507,19.7343739800,19.8509729400,19.5886252800,19.7246574000,19.7538071400,2634957,53405113.8200,2,0.873300,1,-0.147600,16.153364,1.446885,1.985279,-34.661997,0
2024-10-25,sh.605507,19.7246574000,19.9189890000,19.5303258000,19.8412563600,19.7246574000,3684522,74775592.3600,2,1.221200,1,0.591100,16.248852,1.455438,1.997014,-34.866896,0
2024-10-28,sh.605507,19.6955076600,19.9189890000,19.5011760600,19.7926734600,19.8412563600,3625892,73564849.6700,2,1.201700,1,-0.244900,16.209065,1.451875,1.992124,-34.781522,0
2024-10-29,sh.605507,19.8218232000,19.8995558400,19.3165610400,19.3554273600,19.7926734600,3637454,73117064.1800,2,1.205600,1,-2.209100,15.850986,1.419801,1.948116,-34.013152,0
2024-10-30,sh.605507,19.4234434200,19.4817429000,19.0542133800,19.2388284000,19.3554273600,2653959,52535831.8100,2,0.879600,1,-0.602400,15.755498,1.411248,1.936380,-33.808254,0
2024-10-31,sh.605507,19.2291118200,19.2582615600,18.8210154600,18.9861973200,19.2388284000,3558198,69672223.6600,2,1.179300,1,-1.313100,15.548608,1.392716,1.910953,-33.364307,0
2024-11-01,sh.605507,18.9376144200,19.1902455000,18.8210154600,18.9084646800,18.9861973200,3929128,76812438.9200,2,1.302200,1,-0.409400,15.484949,1.387014,1.903129,-33.227708,0
2024-11-04,sh.605507,18.9473310000,18.9861973200,18.3740527800,18.8890315200,18.9084646800,6467000,124077359.0000,2,2.143400,1,-0.102800,15.469034,1.385589,1.901173,-33.193558,0
2024-11-05,sh.605507,18.9473310000,19.1222294400,18.6849833400,19.1027962800,18.8890315200,6017986,117391899.1200,2,1.994500,1,1.131700,15.644096,1.401269,1.922689,-33.569205,0
2024-11-06,sh.605507,19.1222294400,19.2679781400,18.8501652000,19.0833631200,19.1027962800,5241142,102842611.6200,2,1.737100,1,-0.101700,15.628181,1.399844,1.920733,-33.535056,0
2024-11-07,sh.605507,19.0444968000,19.5594755400,18.9278978400,19.4817429000,19.0833631200,5564320,110631653.5000,2,1.844200,1,2.087600,15.954431,1.429066,1.960829,-34.235126,0
2024-11-08,sh.605507,19.5691921200,19.8704061000,19.4331600000,19.7538071400,19.4817429000,6124126,124024986.8300,2,2.029700,1,1.396500,16.177236,1.449024,1.988213,-34.713222,0
2024-11-11,sh.605507,19.8801226800,21.2404438800,19.7538071400,21.1821444000,19.7538071400,12991410,277734932.4400,2,4.305800,1,7.230700,17.346963,1.553798,2.131974,-37.223229,0
2024-11-12,sh.605507,21.1821444000,21.3764760000,20.7837646200,20.9100801600,21.1821444000,7212514,156166464.2500,2,2.390400,1,-1.284400,17.124158,1.533841,2.104591,-36.745132,0
2024-11-13,sh.605507,20.8420641000,20.9003635800,20.2104864000,20.4728340600,20.9100801600,4773629,100652937.4600,2,1.582100,1,-2.091100,16.766078,1.501767,2.060582,-35.976763,0
2024-11-14,sh.605507,20.3659516800,20.4825506400,19.8801226800,19.9287055800,20.4728340600,3153757,65465883.8800,2,1.045300,1,-2.657800,16.320468,1.461853,2.005816,-35.020570,0
2024-11-15,sh.605507,19.9189890000,20.1716200800,19.8023900400,19.8315397800,19.9287055800,2774420,57048261.4000,2,0.919500,1,-0.487600,16.240895,1.454726,1.996036,-34.849821,0
2024-11-18,sh.605507,19.8995558400,20.2007698200,19.7052242400,19.8606895200,19.8315397800,3677300,75390795.9800,2,1.218800,1,0.147000,16.264767,1.456864,1.998970,-34.901046,0
2024-11-19,sh.605507,20.0453045400,20.9392299000,19.8898392600,20.8809304200,19.8606895200,8857067,188095602.8900,2,2.935500,1,5.137000,17.100286,1.531703,2.101657,-36.693908,0
2024-11-20,sh.605507,20.7060319800,21.5513744400,20.5991496000,21.3570428400,20.8809304200,8258629,180773670.8300,2,2.737200,1,2.280100,17.490194,1.566627,2.149578,-37.530577,0
2024-11-21,sh.605507,21.3181765200,21.4542086400,20.9489464800,21.0849786000,21.3570428400,3467409,75403464.3000,2,1.149200,1,-1.273900,17.267389,1.546670,2.122194,-37.052480,0
2024-11-22,sh.605507,21.1821444000,21.2210107200,20.6574490800,20.6671656600,21.0849786000,3966952,85212177.8700,2,1.314800,1,-1.981600,16.925224,1.516022,2.080142,-36.318260,0
2024-11-25,sh.605507,20.5602832800,21.4736418000,20.5602832800,20.9295133200,20.6671656600,4239288,92008479.8700,2,1.405000,1,1.269400,17.140072,1.535266,2.106547,-36.779282,0
2024-11-26,sh.605507,20.8614972600,21.2307273000,20.6963154000,20.7351817200,20.9295133200,3008134,64703692.3000,2,0.997000,1,-0.928500,16.980926,1.521011,2.086988,-36.437785,0
2024-11-27,sh.605507,20.7740480400,21.0169625400,20.3756682600,21.0169625400,20.7351817200,3068400,65294994.0000,2,1.017000,1,1.359000,17.211688,1.541681,2.115349,-36.932956,0
2024-11-28,sh.605507,21.0266791200,21.1141283400,20.8129143600,20.9100801600,21.0169625400,2652400,57159013.0000,2,0.879100,1,-0.508600,17.124158,1.533841,2.104591,-36.745132,0
2024-11-29,sh.605507,20.8712138400,21.3764760000,20.8712138400,21.2598770400,20.9100801600,2989127,65201052.0100,2,0.990700,1,1.672900,17.410621,1.559500,2.139798,-37.359828,0
2024-12-02,sh.605507,21.4444920600,21.8623050000,21.2015775600,21.3861925800,21.2598770400,5282775,117055351.8200,2,1.750900,1,0.594100,17.514066,1.568766,2.152512,-37.581801,0
2024-12-03,sh.605507,21.4056257400,21.7457060400,21.1432780800,21.6485402400,21.3861925800,3677803,81479500.3100,2,1.218900,1,1.226700,17.728914,1.588010,2.178917,-38.042823,0
2024-12-04,sh.605507,21.6291070800,21.7068397200,20.8420641000,20.9197967400,21.6485402400,3049700,66481562.0000,2,1.010800,1,-3.366200,17.132115,1.534554,2.105569,-36.762207,0
2024-12-05,sh.605507,20.9295133200,20.9392299000,20.5602832800,20.6185827600,20.9197967400,2902500,61793454.0000,2,0.962000,1,-1.439900,16.885438,1.512458,2.075252,-36.232886,0
2024-12-06,sh.605507,20.6088661800,20.7448983000,20.4145345800,20.7254651400,20.6185827600,2737500,58079884.2600,2,0.907300,1,0.518400,16.972968,1.520299,2.086010,-36.420710,0
2024-12-09,sh.605507,20.8129143600,20.8809304200,20.4825506400,20.5797164400,20.7254651400,1994758,42432645.7200,2,0.661100,1,-0.703200,16.853609,1.509607,2.071340,-36.164587,0
2024-12-10,sh.605507,21.0363957000,21.0849786000,20.4339677400,20.4534009000,20.5797164400,3735800,79528396.0000,2,1.238200,1,-0.613800,16.750163,1.500342,2.058626,-35.942613,0
2024-12-11,sh.605507,20.4825506400,20.6671656600,20.4339677400,20.5214169600,20.4534009000,1865953,39435226.1800,2,0.618400,1,0.332500,16.805865,1.505331,2.065472,-36.062137,0
2024-12-12,sh.605507,20.5408501200,20.5408501200,20.2299195600,20.4048180000,20.5214169600,4031322,84457458.6800,2,1.336100,1,-0.568200,16.710377,1.496778,2.053737,-35.857239,0
2024-12-13,sh.605507,20.3562351000,20.4436843200,20.0161548000,20.0550211200,20.4048180000,3456800,71636123.0000,2,1.145700,1,-1.714300,16.423913,1.471119,2.018530,-35.242543,0
2024-12-16,sh.605507,20.0938874400,20.1619035000,19.9287055800,19.9675719000,20.0550211200,2291753,47267123.1000,2,0.759600,1,-0.436000,16.352297,1.464704,2.009728,-35.088869,0
2024-12-17,sh.605507,19.9675719000,20.1521869200,19.7052242400,19.7829568800,19.9675719000,2137344,43734323.8400,2,0.708400,1,-0.924600,16.201108,1.451162,1.991146,-34.764447,0
2024-12-18,sh.605507,19.8121066200,20.0064382200,19.7343739800,19.8023900400,19.7829568800,1693400,34595466.0000,2,0.561200,1,0.098200,16.217023,1.452587,1.993102,-34.798597,0
2024-12-19,sh.605507,19.6760745000,19.8995558400,19.4817429000,19.8995558400,19.8023900400,1621211,32821623.1100,2,0.537300,1,0.490700,16.296596,1.459715,2.002882,-34.969345,0
2024-12-20,sh.605507,19.9384221600,20.0355879600,19.8218232000,19.9481387400,19.8995558400,1618600,33185936.0000,2,0.536500,1,0.244100,16.336383,1.463279,2.007772,-35.054720,0
2024-12-23,sh.605507,19.9967216400,20.2687858800,19.8023900400,19.9578553200,19.9481387400,2709108,56061970.4000,2,0.897900,1,0.048700,16.344340,1.463991,2.008750,-35.071795,0
2024-12-24,sh.605507,19.9578553200,20.3270853600,19.9287055800,20.2687858800,19.9578553200,3458300,72010125.0000,2,1.146200,1,1.557900,16.598974,1.486799,2.040045,-35.618191,0
2024-12-25,sh.605507,20.3173687800,20.4339677400,20.2104864000,20.4145345800,20.2687858800,2615650,54817369.0000,2,0.866900,1,0.719100,16.718334,1.497491,2.054715,-35.874314,0
2024-12-26,sh.605507,20.4436843200,20.4436843200,20.0355879600,20.0938874400,20.4145345800,2063859,42849657.5300,2,0.684000,1,-1.570700,16.455742,1.473970,2.022442,-35.310843,0
2024-12-27,sh.605507,20.0938874400,20.6185827600,20.0258713800,20.4242511600,20.0938874400,3143300,65791614.0000,2,1.041800,1,1.644100,16.726291,1.498203,2.055693,-35.891389,0
2024-12-30,sh.605507,20.3951014200,20.7643314600,20.3270853600,20.5311335400,20.4242511600,2632642,55701156.7200,2,0.872500,1,0.523300,16.813822,1.506044,2.066450,-36.079212,0
2024-12-31,sh.605507,20.5505667000,20.5894330200,20.1521869200,20.2396361400,20.5311335400,3172201,66349290.3300,2,1.051400,1,-1.419800,16.575102,1.484661,2.037111,-35.566966,0
2025-01-02,sh.605507,20.2104864000,20.4145345800,19.4331600000,19.5108926400,20.2396361400,4258540,86971988.8000,2,1.411400,1,-3.600600,15.978303,1.431205,1.963763,-34.286350,0
2025-01-03,sh.605507,19.5108926400,20.1424703400,19.5108926400,19.6760745000,19.5108926400,4334650,88556366.6600,2,1.436600,1,0.846600,16.113578,1.443321,1.980389,-34.576623,0
2025-01-06,sh.605507,19.7635237200,20.0355879600,19.4525931600,19.6177750200,19.6760745000,3480900,70521865.0000,2,1.153700,1,-0.296300,16.065834,1.439045,1.974521,-34.474174,0
2025-01-07,sh.605507,19.5983418600,19.6080584400,19.0736465400,19.1999620800,19.6177750200,3079100,61030798.0000,2,1.020500,1,-2.129800,15.723669,1.408397,1.932468,-33.739954,0
2025-01-08,sh.605507,19.2388284000,19.2874113000,18.7529994000,19.0153470600,19.1999620800,3024100,59145884.9400,2,1.002300,1,-0.961500,15.572480,1.394854,1.913887,-33.415532,0
2025-01-09,sh.605507,18.9181812600,19.1125128600,18.2768869800,18.3643362000,19.0153470600,3950600,75898286.0000,2,1.309400,1,-3.423600,15.039339,1.347100,1.848363,-32.271515,0
2025-01-10,sh.605507,18.4032025200,18.5975341200,18.1505714400,18.4323522600,18.3643362000,3249100,61498188.0000,2,1.076900,1,0.370400,15.095040,1.352089,1.855209,-32.391039,0
2025-01-13,sh.605507,18.3837693600,18.6461170200,18.2477372400,18.6461170200,18.4323522600,2738200,52056225.0000,2,0.907500,1,1.159700,15.270101,1.367770,1.876724,-32.766686,0
2025-01-14,sh.605507,18.6169672800,18.9181812600,18.4323522600,18.9181812600,18.6461170200,3275266,63145509.0600,2,1.085500,1,1.459100,15.492906,1.387727,1.904107,-33.244783,0
2025-01-15,sh.605507,18.8404486200,19.0930797000,18.7044165000,18.9959139000,18.9181812600,2478309,48369987.0000,2,0.821400,1,0.410900,15.556565,1.393429,1.911931,-33.381382,0
2025-01-16,sh.605507,19.0542133800,19.2874113000,18.8307320400,18.8404486200,18.9959139000,2347063,45987589.2000,2,0.777900,1,-0.818400,15.429248,1.382025,1.896283,-33.108184,0
2025-01-17,sh.605507,18.8210154600,18.9084646800,18.5878175400,18.7529994000,18.8404486200,2056743,39632265.0300,2,0.681700,1,-0.464200,15.357632,1.375610,1.887482,-32.954510,0
2025-01-20,sh.605507,18.9084646800,19.4331600000,18.7724325600,19.1222294400,18.7529994000,3115897,61685097.3000,2,1.032700,1,1.968900,15.660010,1.402695,1.924645,-33.603355,0
2025-01-21,sh.605507,19.2193952400,19.2193952400,18.8307320400,19.0930797000,19.1222294400,2181100,42691140.4000,2,0.722900,1,-0.152400,15.636138,1.400556,1.921711,-33.552131,0
2025-01-22,sh.605507,19.0736465400,19.3457107800,18.9278978400,19.1805289200,19.0930797000,1578300,31026211.0000,2,0.523100,1,0.458000,15.707754,1.406971,1.930512,-33.705804,0
2025-01-23,sh.605507,19.2679781400,19.9578553200,19.2679781400,19.6372081800,19.1805289200,4107229,83254561.7600,2,1.361300,1,2.381000,16.081748,1.440470,1.976477,-34.508324,0
2025-01-24,sh.605507,19.6274916000,19.8606895200,19.5108926400,19.7440905600,19.6372081800,2310600,46910713.0000,2,0.765800,1,0.544300,16.169279,1.448311,1.987235,-34.696147,0
2025-01-27,sh.605507,19.8315397800,20.3853848400,19.7149408200,20.1036040200,19.7440905600,3070822,63743062.9300,2,1.017800,1,1.820900,16.463700,1.474683,2.023420,-35.327918,0
2025-02-05,sh.605507,20.2202029800,20.2590693000,19.6372081800,19.7052242400,20.1036040200,2286200,46877936.0000,2,0.757700,1,-1.981600,16.137450,1.445460,1.983323,-34.627848,0
2025-02-06,sh.605507,19.6857910800,19.8315397800,19.5886252800,19.7926734600,19.7052242400,2460300,49885544.0000,2,0.815400,1,0.443800,16.209065,1.451875,1.992124,-34.781522,0
2025-02-07,sh.605507,19.6857910800,19.9092724200,19.6566413400,19.7538071400,19.7926734600,2314717,47135769.9300,2,0.767200,1,-0.196400,16.177236,1.449024,1.988213,-34.713222,0
2025-02-10,sh.605507,19.7538071400,19.8606895200,19.4623097400,19.4623097400,19.7538071400,2838500,57412188.0000,2,0.940800,1,-1.475700,15.938517,1.427641,1.958873,-34.200976,0
2025-02-11,sh.605507,19.5108926400,19.8121066200,19.1708123400,19.7538071400,19.4623097400,3555900,71285480.0000,2,1.178500,1,1.497800,16.177236,1.449024,1.988213,-34.713222,0
2025-02-12,sh.605507,19.6760745000,19.8121066200,19.4817429000,19.5886252800,19.7538071400,1864700,37674911.0000,2,0.618000,1,-0.836200,16.041962,1.436907,1.971587,-34.422949,0
2025-02-13,sh.605507,19.6663579200,19.6663579200,19.3359942000,19.3651439400,19.5886252800,1985900,39797159.0000,2,0.658200,1,-1.140900,15.858943,1.420513,1.949094,-34.030227,0
2025-02-14,sh.605507,19.3457107800,19.7246574000,19.3457107800,19.5983418600,19.3651439400,1795311,36199746.5500,2,0.595000,1,1.204200,16.049919,1.437619,1.972565,-34.440024,0
2025-02-17,sh.605507,19.6857910800,19.7246574000,19.2582615600,19.3554273600,19.5983418600,3061961,61227093.4000,2,1.014800,1,-1.239500,15.850986,1.419801,1.948116,-34.013152,0
2025-02-18,sh.605507,19.3554273600,19.5497589600,19.1416626000,19.3359942000,19.3554273600,2221700,44251673.0000,2,0.736300,1,-0.100400,15.835071,1.418375,1.946160,-33.979002,0
2025-02-19,sh.605507,19.3262776200,19.5108926400,19.1805289200,19.4428765800,19.3359942000,1603700,32036919.0000,2,0.531500,1,0.552800,15.922602,1.426215,1.956918,-34.166826,0
2025-02-20,sh.605507,19.5108926400,19.6566413400,19.2485449800,19.2971278800,19.4428765800,2223450,44410869.5000,2,0.736900,1,-0.749600,15.803242,1.415524,1.942248,-33.910703,0
2025-02-21,sh.605507,19.2388284000,19.4623097400,19.0347802200,19.1319460200,19.2971278800,2699672,53206467.6800,2,0.894800,1,-0.856000,15.667968,1.403407,1.925623,-33.620430,0
2025-02-24,sh.605507,19.1999620800,19.2874113000,19.0056304800,19.0347802200,19.1319460200,2517800,49548104.0000,2,0.834500,1,-0.507900,15.588394,1.396280,1.915843,-33.449681,0
2025-02-25,sh.605507,18.9570475800,19.0444968000,18.8307320400,18.8404486200,19.0347802200,2118600,41267510.0000,2,0.702200,1,-1.020900,15.429248,1.382025,1.896283,-33.108184,0
2025-02-26,sh.605507,18.8501652000,19.1222294400,18.8501652000,19.0056304800,18.8404486200,1603371,31335417.3700,2,0.531400,1,0.876700,15.564522,1.394142,1.912909,-33.398457,0
2025-02-27,sh.605507,19.0153470600,19.0930797000,18.8501652000,19.0250636400,19.0056304800,1954300,38152969.0000,2,0.647700,1,0.102200,15.580437,1.395567,1.914865,-33.432606,0
2025-02-28,sh.605507,19.1222294400,19.5497589600,19.1125128600,19.3165610400,19.0250636400,4754625,94727130.2000,2,1.575800,1,1.532200,15.819157,1.416950,1.944204,-33.944853,0
2025-03-03,sh.605507,19.3165610400,19.4817429000,18.7724325600,18.9278978400,19.3165610400,5393903,105736059.6700,2,1.787700,1,-2.012100,15.500864,1.388440,1.905085,-33.261858,0
2025-03-04,sh.605507,18.9278978400,19.1805289200,18.8598817800,18.9959139000,18.9278978400,2831100,55544600.0000,2,0.938300,1,0.359300,15.556565,1.393429,1.911931,-33.381382,0
2025-03-05,sh.605507,19.0444968000,19.0444968000,18.7335662400,18.8307320400,18.9959139000,2063400,40006282.0000,2,0.683900,1,-0.869600,15.421291,1.381312,1.895305,-33.091109,0
2025-03-06,sh.605507,18.8793149400,18.8890315200,18.6558336000,18.7724325600,18.8307320400,2753800,53254176.0000,2,0.912700,1,-0.309600,15.373547,1.377036,1.889438,-32.988660,0
2025-03-07,sh.605507,18.6946999200,18.8210154600,18.4615020000,18.5489512200,18.7724325600,4329300,82897981.0000,2,1.434900,1,-1.190500,15.190528,1.360642,1.866944,-32.595938,0
2025-03-10,sh.605507,18.5975341200,18.7044165000,18.3934859400,18.6072507000,18.5489512200,2151317,41031684.0400,2,0.713000,1,0.314300,15.238272,1.364919,1.872812,-32.698387,0
2025-03-11,sh.605507,18.6461170200,18.8112988800,18.4226356800,18.7821491400,18.6072507000,3048300,58502787.0000,2,1.010300,1,0.939900,15.381504,1.377748,1.890416,-33.005735,0
2025-03-12,sh.605507,18.7724325600,19.3165610400,18.7238496600,19.0250636400,18.7821491400,4502717,88381328.8700,2,1.492300,1,1.293300,15.580437,1.395567,1.914865,-33.432606,0
2025-03-13,sh.605507,19.0250636400,19.1416626000,18.8307320400,18.9473310000,19.0250636400,1974350,38516719.5000,2,0.654400,1,-0.408600,15.516778,1.389865,1.907041,-33.296007,0
2025-03-14,sh.605507,18.9570475800,19.3262776200,18.9181812600,19.3068444600,18.9473310000,2634800,51928666.0000,2,0.873300,1,1.897400,15.811199,1.416237,1.943226,-33.927778,0
2025-03-17,sh.605507,19.3359942000,19.5886252800,19.2193952400,19.4720263200,19.3068444600,2817600,56339282.0000,2,0.933800,1,0.855600,15.946474,1.428354,1.959851,-34.218051,0
2025-03-18,sh.605507,19.4525931600,19.8509729400,19.4525931600,19.5983418600,19.4720263200,2726183,55131166.7500,2,0.903500,1,0.648700,16.049919,1.437619,1.972565,-34.440024,0
2025-03-19,sh.605507,19.5400423800,19.6566413400,19.3845771000,19.5303258000,19.5983418600,2459600,49364521.0000,2,0.815200,1,-0.347100,15.994218,1.432630,1.965719,-34.320500,0
2025-03-20,sh.605507,19.4525931600,19.5789087000,19.2291118200,19.3165610400,19.5303258000,2353871,46850214.0000,2,0.780100,1,-1.094500,15.819157,1.416950,1.944204,-33.944853,0
2025-03-21,sh.605507,19.4137268400,19.4428765800,19.1416626000,19.2193952400,19.3165610400,2335200,46328024.0000,2,0.774000,1,-0.503000,15.739583,1.409822,1.934424,-33.774104,0
2025-03-24,sh.605507,19.2291118200,19.3651439400,19.0153470600,19.1999620800,19.2193952400,2108500,41655849.0000,2,0.698800,1,-0.101100,15.723669,1.408397,1.932468,-33.739954,0
2025-03-25,sh.605507,19.2582615600,19.4623097400,19.1805289200,19.4623097400,19.1999620800,3157400,62889631.0000,2,1.046500,1,1.366400,15.938517,1.427641,1.958873,-34.200976,0
2025-03-26,sh.605507,19.5206092200,20.2202029800,19.4040102600,20.0258713800,19.4623097400,6446400,131837245.0000,2,2.136500,1,2.895700,16.400041,1.468981,2.015596,-35.191319,0
2025-03-27,sh.605507,19.8704061000,20.2299195600,19.8509729400,20.0453045400,20.0258713800,6815700,140478215.0000,2,2.258900,1,0.097000,16.415956,1.470406,2.017552,-35.225468,0
2025-03-28,sh.605507,20.2590693000,21.0655454400,20.0841708600,20.4048180000,20.0453045400,13137278,278556806.6200,2,4.354100,1,1.793500,15.014537,1.458282,1.992126,-70.333034,0
2025-03-31,sh.605507,20.3173687800,20.4922672200,19.5886252800,19.8315397800,20.4048180000,8343600,171910913.0000,2,2.765300,1,-2.809500,14.592700,1.417311,1.936157,-68.357011,0
2025-04-01,sh.605507,19.9772884800,21.0072459600,19.7538071400,20.4922672200,19.8315397800,10735800,227363386.0000,2,3.558200,1,3.331700,15.078885,1.464532,2.000664,-70.634461,0
2025-04-02,sh.605507,20.5117003800,20.7546148800,20.3465185200,20.5019838000,20.4922672200,5539238,117084797.2600,2,1.835900,1,0.047400,15.086035,1.465226,2.001612,-70.667953,0
2025-04-03,sh.605507,20.3659516800,20.9100801600,20.3076522000,20.7448983000,20.5019838000,5636161,119922610.5600,2,1.868000,1,1.184800,15.264779,1.482587,2.025328,-71.505251,0
2025-04-07,sh.605507,19.9287055800,20.3951014200,18.6752667600,18.6752667600,20.7448983000,10337133,206719323.3500,2,3.426000,1,-9.976600,13.741876,1.334675,1.823270,-64.371472,0
2025-04-08,sh.605507,18.8793149400,19.4137268400,18.7044165000,19.0542133800,18.6752667600,8555690,167756153.1000,2,2.835600,1,2.029100,14.020718,1.361758,1.860266,-65.677657,0
2025-04-09,sh.605507,18.9570475800,18.9570475800,18.1019885400,18.7141330800,19.0542133800,7766362,147987691.9300,2,2.574000,1,-1.784800,13.770475,1.337453,1.827064,-64.505440,0
2025-04-10,sh.605507,18.8501652000,19.2582615600,18.7724325600,19.0250636400,18.7141330800,4768000,93330738.0000,2,1.580300,1,1.661500,13.999268,1.359675,1.857420,-65.577181,0
2025-04-11,sh.605507,18.9473310000,19.2582615600,18.8015823000,19.1513791800,19.0250636400,3465000,68126729.0000,2,1.148400,1,0.663900,14.092216,1.368702,1.869752,-66.012576,0
2025-04-14,sh.605507,19.2582615600,19.2679781400,18.8890315200,19.1708123400,19.1513791800,6320610,124107771.1700,2,2.094800,1,0.101500,14.106515,1.370091,1.871650,-66.079560,0
2025-04-15,sh.605507,19.1027962800,19.4234434200,18.7335662400,19.4040102600,19.1708123400,6075889,119579164.4100,2,2.013700,1,1.216400,14.278110,1.386757,1.894417,-66.883366,0
2025-04-16,sh.605507,19.0639299600,19.1027962800,18.1797211800,18.3934859400,19.4040102600,13578297,257069611.1300,2,4.500300,1,-5.207800,13.258938,1.281426,1.765385,-25.526603,0
2025-04-17,sh.605507,18.2768869800,18.4032025200,18.1894377600,18.2963201400,18.3934859400,4324204,81431462.8700,2,1.433200,1,-0.528300,13.188896,1.274657,1.756060,-25.391756,0
2025-04-18,sh.605507,18.2866035600,18.5586678000,18.1700046000,18.1797211800,18.2963201400,4917500,92379966.3400,2,1.629800,1,-0.637300,13.104845,1.266534,1.744869,-25.229939,0
2025-04-21,sh.605507,18.2185875000,18.3837693600,18.0048227400,18.3643362000,18.1797211800,4443862,83678027.4900,2,1.472800,1,1.015500,13.237925,1.279396,1.762588,-25.486149,0
2025-04-22,sh.605507,18.3643362000,18.8501652000,18.1797211800,18.7724325600,18.3643362000,6711449,128273741.6900,2,2.224400,1,2.222200,13.532101,1.307827,1.801756,-26.052508,0
2025-04-23,sh.605507,18.7529994000,18.8501652000,18.5781009600,18.5975341200,18.7724325600,3911153,75147524.7100,2,1.296300,1,-0.931700,13.406026,1.295642,1.784970,-25.809782,0
2025-04-24,sh.605507,18.6364004400,19.0444968000,18.6169672800,18.7724325600,18.5975341200,3674000,71304738.0000,2,1.217700,1,0.940400,13.532101,1.307827,1.801756,-26.052508,0
2025-04-25,sh.605507,18.9278978400,18.9278978400,18.5586678000,18.6169672800,18.7724325600,2936358,56368988.7000,2,0.973200,1,-0.828200,13.420034,1.296996,1.786835,-25.836752,0
2025-04-28,sh.605507,18.6849833400,18.7529994000,18.3934859400,18.4809351600,18.6169672800,2063500,39320690.0000,2,0.683900,1,-0.730700,13.321975,1.287519,1.773779,-25.647966,0
2025-04-29,sh.605507,18.4712185800,18.6655501800,18.4712185800,18.5198014800,18.4809351600,2140756,40858394.2400,2,0.709500,1,0.210300,13.349992,1.290226,1.777509,-25.701905,0
2025-04-30,sh.605507,18.5878175400,18.8015823000,18.5878175400,18.6266838600,18.5198014800,2418227,46527419.6700,2,0.801500,1,0.577100,13.427038,1.297673,1.787768,-25.850237,0
2025-05-06,sh.605507,18.7238496600,18.7335662400,18.4420688400,18.5295180600,18.6266838600,5694212,108488906.9200,2,1.887200,1,-0.521600,13.356996,1.290903,1.778442,-25.715389,0
2025-05-07,sh.605507,18.6072507000,18.7821491400,18.5003683200,18.5683843800,18.5295180600,4601400,88017569.0000,2,1.525000,1,0.209800,13.385013,1.293611,1.782172,-25.769328,0
2025-05-08,sh.605507,18.5878175400,18.6364004400,18.5003683200,18.5781009600,18.5683843800,3219800,61561719.0000,2,1.067100,1,0.052300,13.392017,1.294288,1.783105,-25.782813,0
2025-05-09,sh.605507,18.5878175400,18.6849833400,18.5295180600,18.6655501800,18.5781009600,4108414,78665149.0800,2,1.361700,1,0.470700,13.455055,1.300380,1.791498,-25.904176,0
2025-05-12,sh.605507,18.7238496600,18.8210154600,18.6364004400,18.7627159800,18.6655501800,3841594,74099922.9400,2,1.273200,1,0.520600,13.525097,1.307150,1.800824,-26.039023,0
2025-05-13,sh.605507,18.8015823000,18.9959139000,18.7432828200,18.9181812600,18.7627159800,4107856,79849917.0400,2,1.361500,1,0.828600,13.637164,1.317980,1.815745,-26.254779,0
2025-05-14,sh.605507,18.8890315200,18.9473310000,18.7335662400,18.8501652000,18.9181812600,2761000,53469395.0000,2,0.915100,1,-0.359500,13.588135,1.313242,1.809217,-26.160386,0
2025-05-15,sh.605507,18.8793149400,19.0930797000,18.7529994000,19.0347802200,18.8501652000,2936898,57292956.6600,2,0.973400,1,0.979400,13.721214,1.326104,1.826936,-26.416595,0
2025-05-16,sh.605507,18.9473310000,19.1027962800,18.9181812600,19.0542133800,19.0347802200,3139864,61578399.2200,2,1.040600,1,0.102100,13.735223,1.327457,1.828801,-26.443565,0
2025-05-19,sh.605507,19.0347802200,19.1027962800,18.7821491400,18.9181812600,19.0542133800,2907326,56539542.4200,2,0.963600,1,-0.713900,13.637164,1.317980,1.815745,-26.254779,0
2025-05-20,sh.605507,18.9667641600,19.5108926400,18.9667641600,19.3651439400,18.9181812600,5552066,110419312.4800,2,1.840100,1,2.362600,13.959357,1.349119,1.858644,-26.875076,0
2025-05-21,sh.605507,19.3165610400,19.6663579200,19.2776947200,19.4234434200,19.3651439400,4490060,90151919.7800,2,1.488100,1,0.301100,14.001382,1.353181,1.864240,-26.955985,0
2025-05-22,sh.605507,19.4234434200,19.4720263200,19.1319460200,19.1610957600,19.4234434200,2493052,49402829.2200,2,0.826300,1,-1.350700,13.812269,1.334904,1.839060,-26.591897,0
2025-05-23,sh.605507,19.1805289200,19.5303258000,19.1805289200,19.2971278800,19.1610957600,3372257,67365617.2400,2,1.117700,1,0.709900,13.910327,1.344381,1.852116,-26.780683,0
2025-05-26,sh.605507,19.2388284000,19.3845771000,18.9473310000,18.9861973200,19.2971278800,3306220,64927509.8200,2,1.095800,1,-1.611300,13.686193,1.322719,1.822273,-26.349172,0
2025-05-27,sh.605507,19.0056304800,19.1902455000,18.9084646800,19.1125128600,18.9861973200,2433850,47717947.0000,2,0.806700,1,0.665300,13.777248,1.331519,1.834397,-26.524473,0
2025-05-28,sh.605507,19.1708123400,19.3651439400,19.0444968000,19.2096786600,19.1125128600,2387400,47209979.0000,2,0.791300,1,0.508400,13.847290,1.338288,1.843723,-26.659321,0
2025-05-29,sh.605507,19.1805289200,19.6372081800,19.1805289200,19.5400423800,19.2096786600,4597671,92185540.3000,2,1.523800,1,1.719800,14.085432,1.361304,1.875431,-27.117802,0
2025-05-30,sh.605507,19.5206092200,19.9675719000,19.5206092200,19.7538071400,19.5400423800,4182545,85176320.6500,2,1.386200,1,1.094000,14.239525,1.376196,1.895948,-27.414466,0
2025-06-03,sh.605507,19.6760745000,19.8898392600,19.6372081800,19.8121066200,19.7538071400,2940700,59851225.0000,2,0.974600,1,0.295100,14.281550,1.380258,1.901543,-27.495374,0
2025-06-04,sh.605507,19.8218232000,19.9772884800,19.6760745000,19.9384221600,19.8121066200,2881223,58816526.7600,2,0.954900,1,0.637600,14.372604,1.389058,1.913667,-27.670676,0
2025-06-05,sh.605507,20.0161548000,20.1133206000,19.5691921200,19.6760745000,19.9384221600,3113157,63223312.2600,2,1.031800,1,-1.315800,14.183491,1.370781,1.888487,-27.306588,0
2025-06-06,sh.605507,19.6760745000,19.9384221600,19.6760745000,19.8121066200,19.6760745000,3024226,61713579.0600,2,1.002300,1,0.691400,14.281550,1.380258,1.901543,-27.495374,0
2025-06-09,sh.605507,19.7246574000,20.0647377000,19.7246574000,19.9481387400,19.8121066200,2520266,51773650.0000,2,0.835300,1,0.686600,14.379608,1.389735,1.914599,-27.684161,0
2025-06-10,sh.605507,20.0064382200,20.2007698200,19.8898392600,20.1036040200,19.9481387400,3814125,78721848.0000,2,1.264100,1,0.779300,14.491675,1.400566,1.929521,-27.899916,0
2025-06-11,sh.605507,20.1619035000,20.2299195600,20.0550211200,20.1910532400,20.1036040200,2645900,54870385.0000,2,0.876900,1,0.435000,14.554713,1.406658,1.937914,-28.021279,0
2025-06-12,sh.605507,20.0938874400,20.6574490800,20.0841708600,20.5699998600,20.1910532400,5897989,124325759.9100,2,1.954800,1,1.876800,14.827877,1.433058,1.974285,-28.547184,0
2025-06-13,sh.605507,20.6300000000,20.8000000000,20.1900000000,20.3800000000,20.5700000000,4660927,95456228.0200,2,1.544800,1,-0.923700,14.274546,1.379581,1.900610,-27.481890,0
2025-06-16,sh.605507,20.3700000000,20.4800000000,20.1200000000,20.2800000000,20.3800000000,2962200,60173733.0000,2,0.981800,1,-0.490700,14.204504,1.372812,1.891285,-27.347042,0
2025-06-17,sh.605507,20.2800000000,20.5800000000,20.0000000000,20.0500000000,20.2800000000,2799300,56569301.0000,2,0.927800,1,-1.134100,14.043407,1.357242,1.869835,-27.036893,0
2025-06-18,sh.605507,20.0100000000,20.0700000000,19.7600000000,19.8400000000,20.0500000000,2426600,48185650.0000,2,0.804200,1,-1.047400,13.896319,1.343027,1.850251,-26.753714,0
2025-06-19,sh.605507,19.8000000000,19.8800000000,19.6000000000,19.7200000000,19.8400000000,2341800,46118928.1500,2,0.776100,1,-0.604800,13.812269,1.334904,1.839060,-26.591897,0
2025-06-20,sh.605507,19.8000000000,20.1300000000,19.7200000000,19.9900000000,19.7200000000,2358433,47058066.8800,2,0.781700,1,1.369200,14.001382,1.353181,1.864240,-26.955985,0
2025-06-23,sh.605507,19.9900000000,19.9900000000,19.5500000000,19.7400000000,19.9900000000,3166300,62408558.0000,2,1.049400,1,-1.250600,13.826277,1.336258,1.840925,-26.618866,0
2025-06-24,sh.605507,19.8100000000,20.0100000000,19.7600000000,19.9200000000,19.7400000000,2602800,51753822.4200,2,0.862600,1,0.911900,13.952353,1.348442,1.857711,-26.861592,0
2025-06-25,sh.605507,19.9200000000,19.9800000000,19.7900000000,19.9000000000,19.9200000000,2546595,50613669.6000,2,0.844000,1,-0.100400,13.938344,1.347088,1.855846,-26.834622,0
2025-06-26,sh.605507,19.9400000000,19.9400000000,19.5400000000,19.6400000000,19.9000000000,3502095,68746473.4000,2,1.160700,1,-1.306500,13.756235,1.329488,1.831599,-26.484019,0
2025-06-27,sh.605507,19.5800000000,19.8400000000,19.5800000000,19.7000000000,19.6400000000,2205500,43529576.0000,2,0.731000,1,0.305500,13.798260,1.333550,1.837195,-26.564928,0
2025-06-30,sh.605507,19.7100000000,19.8300000000,19.6300000000,19.7700000000,19.7000000000,3073100,60579772.0000,2,1.018500,1,0.355300,13.847290,1.338288,1.843723,-26.659321,0
2025-07-01,sh.605507,19.7700000000,19.8700000000,19.6700000000,19.8700000000,19.7700000000,3165100,62542128.0000,2,1.049000,1,0.505800,13.917332,1.345058,1.853049,-26.794168,0
2025-07-02,sh.605507,19.8100000000,20.0300000000,19.7500000000,19.8400000000,19.8700000000,3075513,61100612.9200,2,1.019300,1,-0.151000,13.896319,1.343027,1.850251,-26.753714,0
2025-07-03,sh.605507,19.8000000000,20.3200000000,19.8000000000,20.2600000000,19.8400000000,4211964,84936333.5600,2,1.396000,1,2.116900,14.190495,1.371458,1.889419,-27.320073,0
2025-07-04,sh.605507,20.2400000000,20.4700000000,20.2200000000,20.3200000000,20.2600000000,2393800,48731879.0000,2,0.793400,1,0.296200,14.232520,1.375519,1.895015,-27.400981,0
2025-07-07,sh.605507,20.2800000000,20.5500000000,20.1300000000,20.3400000000,20.3200000000,2514812,50984773.2800,2,0.833500,1,0.098400,14.246529,1.376873,1.896880,-27.427951,0
2025-07-08,sh.605507,20.3800000000,20.5300000000,20.1500000000,20.3700000000,20.3400000000,3894850,79088308.5000,2,1.290900,1,0.147500,14.267541,1.378904,1.899678,-27.468405,0
2025-07-09,sh.605507,20.3400000000,20.4500000000,20.2300000000,20.3900000000,20.3700000000,2199058,44742776.0200,2,0.728800,1,0.098200,14.281550,1.380258,1.901543,-27.495374,0
2025-07-10,sh.605507,20.4000000000,20.8000000000,20.3700000000,20.7100000000,20.3900000000,3749352,77295230.3000,2,1.242700,1,1.569400,14.505684,1.401920,1.931386,-27.926886,0
2025-07-11,sh.605507,20.7200000000,20.8700000000,20.5700000000,20.6400000000,20.7100000000,3042899,63045099.9800,2,1.008500,1,-0.338000,14.456655,1.397181,1.924858,-27.832493,0
2025-07-14,sh.605507,20.5500000000,20.8200000000,20.5000000000,20.6800000000,20.6400000000,2830541,58513102.9300,2,0.938100,1,0.193800,14.484671,1.399889,1.928588,-27.886432,0
2025-07-15,sh.605507,20.7700000000,20.7800000000,20.4600000000,20.6700000000,20.6800000000,2067440,42581980.8000,2,0.685200,1,-0.048400,14.477667,1.399212,1.927655,-27.872947,0
2025-07-16,sh.605507,20.5700000000,20.8700000000,20.5700000000,20.8500000000,20.6700000000,2287058,47508785.1400,2,0.758000,1,0.870800,14.603743,1.411397,1.944442,-28.115672,0
2025-07-17,sh.605507,20.8500000000,21.0100000000,20.8400000000,20.8500000000,20.8500000000,2232300,46686986.0000,2,0.739900,1,0.000000,14.603743,1.411397,1.944442,-28.115672,0
2025-07-18,sh.605507,20.8700000000,20.9300000000,20.5200000000,20.8600000000,20.8500000000,2982500,61753126.0000,2,0.988500,1,0.048000,14.610747,1.412074,1.945375,-28.129157,0
2025-07-21,sh.605507,20.7700000000,20.9200000000,20.7400000000,20.8800000000,20.8600000000,2725258,56875498.2000,2,0.903200,1,0.095900,14.624755,1.413427,1.947240,-28.156126,0
2025-07-22,sh.605507,20.9000000000,21.1800000000,20.9000000000,21.1200000000,20.8800000000,3843700,81048788.0000,2,1.273900,1,1.149400,14.792856,1.429674,1.969622,-28.479760,0
2025-07-23,sh.605507,21.0700000000,21.2800000000,21.0100000000,21.0700000000,21.1200000000,3237627,68509284.6200,2,1.073000,1,-0.236700,14.757835,1.426289,1.964959,-28.412336,0
2025-07-24,sh.605507,21.1000000000,21.3500000000,21.0000000000,21.2100000000,21.0700000000,3206000,67804432.0000,2,1.062600,1,0.664500,14.855894,1.435766,1.978015,-28.601123,0
2025-07-25,sh.605507,21.2700000000,21.5800000000,21.1100000000,21.4500000000,21.2100000000,3909300,83827710.8400,2,1.295700,1,1.131500,15.023994,1.452012,2.000397,-28.924756,0
2025-07-28,sh.605507,21.3800000000,21.5500000000,21.3300000000,21.3600000000,21.4500000000,3367500,72153405.0000,2,1.116100,1,-0.419600,14.960956,1.445920,1.992004,-28.803394,0
2025-07-29,sh.605507,21.4300000000,21.5500000000,21.2300000000,21.5300000000,21.3600000000,3907716,83858449.8100,2,1.295100,1,0.795900,15.080028,1.457428,2.007858,-29.032634,0
2025-07-30,sh.605507,22.1800000000,23.6800000000,22.1800000000,23.6800000000,21.5300000000,15997774,374962664.1000,2,5.302200,1,9.986100,15.894143,1.642420,2.196424,149.290619,0
2025-07-31,sh.605507,23.8300000000,24.0100000000,22.9300000000,23.2500000000,23.6800000000,25934598,606079683.5100,2,8.595500,1,-1.815900,15.605524,1.612596,2.156539,146.579683,0
2025-08-01,sh.605507,23.6600000000,24.0900000000,23.2400000000,23.5000000000,23.2500000000,17950696,425807242.9600,2,5.949400,1,1.075300,15.773326,1.629935,2.179728,148.155808,0
2025-08-04,sh.605507,23.3800000000,24.4200000000,23.2800000000,24.2900000000,23.5000000000,16741700,402115634.2100,2,5.548700,1,3.361700,16.303578,1.684729,2.253004,153.136365,0
2025-08-05,sh.605507,24.2000000000,24.2100000000,23.6100000000,23.7100000000,24.2900000000,12972500,309323822.0000,2,4.299500,1,-2.387800,15.914279,1.644501,2.199206,149.479754,0
2025-08-06,sh.605507,23.6200000000,23.7700000000,23.1000000000,23.1100000000,23.7100000000,12890000,300425733.0000,2,4.272100,1,-2.530600,15.511556,1.602885,2.143554,145.697052,0
2025-08-07,sh.605507,23.2900000000,23.4300000000,23.1600000000,23.2800000000,23.1100000000,7710235,179514981.6500,2,2.555400,1,0.735600,15.625661,1.614676,2.159322,146.768818,0
2025-08-08,sh.605507,23.2500000000,23.3500000000,22.9000000000,23.0800000000,23.2800000000,5620100,129883029.0000,2,1.862700,1,-0.859100,15.491420,1.600805,2.140771,145.507917,0
2025-08-11,sh.605507,23.0700000000,23.6300000000,23.0000000000,23.3200000000,23.0800000000,8268416,192602180.5000,2,2.740400,1,1.039900,15.652509,1.617451,2.163032,147.020998,0
2025-08-12,sh.605507,23.3200000000,23.4000000000,23.0600000000,23.1000000000,23.3200000000,5055900,117247729.0000,2,1.675700,1,-0.943400,15.504844,1.602192,2.142626,145.634007,0
2025-08-13,sh.605507,23.1000000000,23.4800000000,22.9600000000,23.3300000000,23.1000000000,6792000,157847087.0000,2,2.251100,1,0.995700,15.659221,1.618144,2.163960,147.084043,0
2025-08-14,sh.605507,23.3300000000,23.5500000000,23.1200000000,23.1600000000,23.3300000000,5066759,118086398.6700,2,1.679300,1,-0.728700,15.545116,1.606353,2.148192,146.012277,0
2025-08-15,sh.605507,23.0800000000,23.4500000000,23.0200000000,23.3700000000,23.1600000000,6354900,147956593.0000,2,2.106200,1,0.906700,15.686069,1.620919,2.167670,147.336223,0
2025-08-18,sh.605507,23.3800000000,23.5500000000,23.2200000000,23.3400000000,23.3700000000,7608874,177867299.4000,2,2.521800,1,-0.128400,15.665933,1.618838,2.164887,147.147088,0
2025-08-19,sh.605507,23.4500000000,23.6200000000,22.9100000000,22.9200000000,23.3400000000,8212324,190236628.2800,2,2.721800,1,-1.799500,15.384027,1.589707,2.125930,144.499197,0
2025-08-20,sh.605507,22.9100000000,23.0700000000,22.4900000000,23.0700000000,22.9200000000,7858800,179172115.0000,2,2.604600,1,0.654500,15.484708,1.600111,2.139844,145.444872,0
2025-08-21,sh.605507,23.5000000000,23.5300000000,23.0800000000,23.1800000000,23.0700000000,7767000,181034356.0000,2,2.574200,1,0.476800,15.558540,1.607741,2.150047,146.138367,0
2025-08-22,sh.605507,23.1800000000,23.2300000000,22.9400000000,23.1200000000,23.1800000000,4874700,112516385.0000,2,1.615600,1,-0.258800,15.518268,1.603579,2.144481,145.760097,0
2025-08-25,sh.605507,23.1200000000,23.5000000000,23.0800000000,23.3200000000,23.1200000000,6555800,152623858.0000,2,2.172800,1,0.865100,15.652509,1.617451,2.163032,147.020998,0
2025-08-26,sh.605507,23.3100000000,23.4600000000,23.0900000000,23.2600000000,23.3200000000,4197140,97689260.9900,2,1.391100,1,-0.257300,15.612237,1.613289,2.157467,146.642728,0
2025-08-27,sh.605507,23.2200000000,23.8600000000,23.1400000000,23.1600000000,23.2600000000,8134200,191069912.0000,2,2.695900,1,-0.429900,15.545116,1.606353,2.148192,146.012277,0
2025-08-28,sh.605507,23.1000000000,23.4900000000,22.7500000000,23.2700000000,23.1600000000,7528225,174347584.2500,2,2.495100,1,0.475000,15.618949,1.613983,2.158394,146.705773,0
2025-08-29,sh.605507,23.2400000000,23.7700000000,23.1000000000,23.4900000000,23.2700000000,7757594,181887283.0500,2,2.571100,1,0.945400,15.766614,1.629242,2.178800,148.092763,0
2025-09-01,sh.605507,23.5800000000,23.5800000000,23.0300000000,23.0900000000,23.4900000000,6337458,147090786.7400,2,2.100400,1,-1.702900,15.498132,1.601498,2.141699,145.570962,0
2025-09-02,sh.605507,23.1100000000,23.3700000000,22.6200000000,22.9800000000,23.0900000000,6354295,145927055.1000,2,2.106000,1,-0.476400,15.424299,1.593869,2.131496,144.877467,0
2025-09-03,sh.605507,22.9200000000,23.2400000000,22.6200000000,23.0100000000,22.9800000000,6140950,140507169.7600,2,2.035300,1,0.130500,15.444435,1.595950,2.134278,145.066602,0
2025-09-04,sh.605507,23.0400000000,23.6000000000,22.6800000000,23.1000000000,23.0100000000,8110332,187838419.1200,2,2.688000,1,0.391100,15.504844,1.602192,2.142626,145.634007,0
2025-09-05,sh.605507,23.1000000000,23.6800000000,22.8500000000,23.5800000000,23.1000000000,7270900,170087055.0000,2,2.409800,1,2.077900,15.827022,1.635484,2.187148,148.660168,0
2025-09-08,sh.605507,23.7800000000,25.1000000000,23.6800000000,24.1900000000,23.5800000000,11806200,285971565.0000,2,3.912900,1,2.586900,16.236458,1.677793,2.243729,152.505915,0
2025-09-09,sh.605507,24.2000000000,24.3700000000,23.5900000000,23.7300000000,24.1900000000,6261214,149991735.1200,2,2.075200,1,-1.901600,15.927703,1.645888,2.201062,149.605844,0
2025-09-10,sh.605507,23.6100000000,24.0200000000,23.3800000000,23.4200000000,23.7300000000,4426700,104431609.7200,2,1.467100,1,-1.306400,15.719629,1.624387,2.172308,147.651448,0
2025-09-11,sh.605507,23.3900000000,23.3900000000,22.8800000000,23.3700000000,23.4200000000,4442700,103110270.0000,2,1.472400,1,-0.213500,15.686069,1.620919,2.167670,147.336223,0
2025-09-12,sh.605507,23.3600000000,23.4300000000,23.0000000000,23.0800000000,23.3700000000,4296700,99348918.0000,2,1.424100,1,-1.240900,15.491420,1.600805,2.140771,145.507917,0
2025-09-15,sh.605507,23.0800000000,23.1800000000,22.9200000000,22.9600000000,23.0800000000,3172290,72961012.2000,2,1.051400,1,-0.519900,15.410875,1.592482,2.129641,144.751377,0
2025-09-16,sh.605507,22.9700000000,23.0300000000,22.6500000000,22.7800000000,22.9600000000,3093800,70470957.0000,2,1.025400,1,-0.784000,15.290058,1.579997,2.112945,143.616566,0
2025-09-17,sh.605507,22.8400000000,22.9300000000,22.6200000000,22.7900000000,22.7800000000,3097701,70549640.7700,2,1.026700,1,0.043900,15.296770,1.580691,2.113872,143.679611,0
2025-09-18,sh.605507,22.7400000000,22.9400000000,22.3400000000,22.6400000000,22.7900000000,4428700,100258297.0000,2,1.467800,1,-0.658200,15.196089,1.570287,2.099959,142.733936,0
2025-09-19,sh.605507,22.5700000000,22.6800000000,22.3400000000,22.5400000000,22.6400000000,3407200,76537607.0000,2,1.129300,1,-0.441700,15.128969,1.563351,2.090684,142.103486,0
2025-09-22,sh.605507,22.5800000000,22.7800000000,22.3000000000,22.3700000000,22.5400000000,3568300,80319486.0000,2,1.182600,1,-0.754200,15.014864,1.551560,2.074916,141.031720,0
2025-09-23,sh.605507,22.3500000000,22.4400000000,21.8300000000,22.2200000000,22.3700000000,3736017,82401934.6400,2,1.238200,1,-0.670500,14.914183,1.541156,2.061002,140.086045,0
2025-09-24,sh.605507,22.2200000000,22.6000000000,22.1500000000,22.5700000000,22.2200000000,2260200,50777204.0000,2,0.749100,1,1.575200,15.149105,1.565432,2.093466,142.292621,0
2025-09-25,sh.605507,22.6200000000,22.6500000000,22.3200000000,22.4500000000,22.5700000000,2029520,45606768.4200,2,0.672600,1,-0.531700,15.068560,1.557109,2.082336,141.536081,0
2025-09-26,sh.605507,22.3800000000,22.4200000000,22.0100000000,22.3100000000,22.4500000000,2793257,62083849.9700,2,0.925800,1,-0.623600,14.974591,1.547398,2.069350,140.653450,0
2025-09-29,sh.605507,22.2900000000,22.3900000000,22.0300000000,22.2200000000,22.3100000000,3529861,78153151.8400,2,1.169900,1,-0.403400,14.914183,1.541156,2.061002,140.086045,0
2025-09-30,sh.605507,22.1200000000,22.8600000000,22.0500000000,22.8200000000,22.2200000000,4938590,111668444.0000,2,1.636800,1,2.700300,15.316906,1.582771,2.116655,143.868747,0
2025-10-09,sh.605507,22.7200000000,22.7900000000,22.3800000000,22.5600000000,22.8200000000,3960167,89256006.0500,2,1.312500,1,-1.139400,15.142393,1.564738,2.092539,142.229576,0
2025-10-10,sh.605507,22.6000000000,23.3200000000,22.4400000000,23.2800000000,22.5600000000,6901361,159300074.6100,2,2.287300,1,3.191500,15.625661,1.614676,2.159322,146.768818,0
2025-10-13,sh.605507,22.6300000000,23.5600000000,22.5800000000,23.4500000000,23.2800000000,7138100,164717164.0000,2,2.365800,1,0.730200,15.739766,1.626468,2.175090,147.840583,0
2025-10-14,sh.605507,23.4200000000,23.5800000000,23.0900000000,23.2000000000,23.4500000000,5092710,118869173.9000,2,1.687900,1,-1.066100,15.571964,1.609128,2.151902,146.264457,0
2025-10-15,sh.605507,23.2300000000,23.7400000000,23.2000000000,23.7300000000,23.2000000000,6050610,142795011.8000,2,2.005400,1,2.284500,15.927703,1.645888,2.201062,149.605844,0
2025-10-16,sh.605507,23.7600000000,23.9200000000,23.5100000000,23.6800000000,23.7300000000,6169800,146338685.5100,2,2.044900,1,-0.210700,15.894143,1.642420,2.196424,149.290619,0
2025-10-17,sh.605507,23.3700000000,23.3700000000,22.2000000000,22.4700000000,23.6800000000,9408670,213576436.8600,2,3.118300,1,-5.109800,14.384236,1.518048,2.113017,-311.123245,0
2025-10-20,sh.605507,22.6800000000,22.7100000000,22.0600000000,22.1100000000,22.4700000000,5095713,113449023.8000,2,1.688900,1,-1.602100,14.153781,1.493727,2.079163,-306.138626,0
2025-10-21,sh.605507,22.2400000000,22.8500000000,22.1800000000,22.5500000000,22.1100000000,3976800,89581641.7000,2,1.318000,1,1.990000,14.435449,1.523453,2.120540,-312.230937,0
2025-10-22,sh.605507,22.4400000000,22.6500000000,22.3300000000,22.3700000000,22.5500000000,2996020,67150320.2000,2,0.993000,1,-0.798200,14.320221,1.511292,2.103613,-309.738628,0
2025-10-23,sh.605507,22.3400000000,22.3900000000,22.0800000000,22.2800000000,22.3700000000,2932802,65017775.5200,2,0.972000,1,-0.402300,14.262607,1.505212,2.095150,-308.492474,0
2025-10-24,sh.605507,22.2500000000,22.3500000000,22.1400000000,22.3100000000,22.2800000000,2215302,49307032.5600,2,0.734200,1,0.134600,14.281812,1.507239,2.097971,-308.907859,0
2025-10-27,sh.605507,22.4000000000,22.9800000000,22.3900000000,22.6900000000,22.3100000000,5110050,115955143.6000,2,1.693600,1,1.703300,14.525070,1.532911,2.133705,-314.169400,0
2025-10-28,sh.605507,22.6600000000,22.9600000000,22.5600000000,22.7600000000,22.6900000000,2957400,67432087.2200,2,0.980200,1,0.308500,14.569881,1.537640,2.140288,-315.138631,0
2025-10-29,sh.605507,22.8300000000,22.8500000000,22.5400000000,22.7000000000,22.7600000000,2548820,57801190.1700,2,0.844800,1,-0.263600,14.531471,1.533587,2.134645,-314.307862,0
2025-10-30,sh.605507,22.5900000000,22.9200000000,22.3400000000,22.3500000000,22.7000000000,2641800,59648279.0000,2,0.875600,1,-1.541900,14.307418,1.509941,2.101732,-309.461705,0
2025-10-31,sh.605507,22.3300000000,22.9000000000,22.3300000000,22.7700000000,22.3500000000,3311300,75357565.0000,2,1.097500,1,1.879200,14.576282,1.538316,2.141228,-315.277093,0
2025-11-03,sh.605507,22.8800000000,22.9000000000,22.4500000000,22.6300000000,22.7700000000,3125100,70733014.0000,2,1.035800,1,-0.614800,14.486661,1.528858,2.128063,-313.338630,0
2025-11-04,sh.605507,22.5500000000,22.6700000000,22.1300000000,22.2400000000,22.6300000000,3255211,72581697.7500,2,1.078900,1,-1.723400,14.237001,1.502510,2.091388,-307.938627,0
2025-11-05,sh.605507,22.2700000000,22.3000000000,22.0700000000,22.1500000000,22.2400000000,2383769,52844227.5600,2,0.790100,1,-0.404700,14.179387,1.496429,2.082925,-306.692473,0
2025-11-06,sh.605507,22.2000000000,22.4900000000,22.1300000000,22.4400000000,22.1500000000,2397800,53524197.0000,2,0.794700,1,1.309300,14.365032,1.516022,2.110196,-310.707860,0
2025-11-07,sh.605507,22.4900000000,22.8500000000,22.3400000000,22.7800000000,22.4400000000,3406761,76961293.5100,2,1.129100,1,1.515200,14.582684,1.538992,2.142168,-315.415555,0
2025-11-10,sh.605507,22.7700000000,23.4200000000,22.7100000000,23.3000000000,22.7800000000,6555704,152086110.3200,2,2.172800,1,2.282700,14.915563,1.574122,2.191068,-322.615558,0
2025-11-11,sh.605507,23.2100000000,23.8500000000,23.2000000000,23.7500000000,23.3000000000,6413708,151672744.5600,2,2.125700,1,1.931300,15.203632,1.604524,2.233385,-328.846331,0
2025-11-12,sh.605507,23.7700000000,23.8700000000,23.5200000000,23.6900000000,23.7500000000,4667300,110602161.0000,2,1.546900,1,-0.252600,15.165223,1.600470,2.227742,-328.015561,0
2025-11-13,sh.605507,23.7400000000,23.8200000000,23.4200000000,23.6800000000,23.6900000000,3675588,86919786.0400,2,1.218200,1,-0.042200,15.158821,1.599795,2.226802,-327.877100,0
2025-11-14,sh.605507,23.6300000000,23.8500000000,23.4900000000,23.5000000000,23.6800000000,2580500,61012542.0000,2,0.855300,1,-0.760100,15.043594,1.587634,2.209875,-325.384791,0
2025-11-17,sh.605507,23.5800000000,23.5800000000,23.0800000000,23.1900000000,23.5000000000,2813912,65402864.2400,2,0.932600,1,-1.319100,14.845146,1.566691,2.180724,-321.092481,0
2025-11-18,sh.605507,23.1000000000,23.2900000000,22.9900000000,23.0400000000,23.1900000000,2239400,51713036.0000,2,0.742200,1,-0.646800,14.749123,1.556557,2.166618,-319.015556,0
2025-11-19,sh.605507,23.1000000000,23.2600000000,22.9400000000,23.0300000000,23.0400000000,1683846,38812443.5400,2,0.558100,1,-0.043400,14.742722,1.555881,2.165678,-318.877095,0
2025-11-20,sh.605507,23.1300000000,23.2500000000,22.9800000000,23.1100000000,23.0300000000,1891900,43726837.0000,2,0.627000,1,0.347400,14.793934,1.561286,2.173201,-319.984788,0
2025-11-21,sh.605507,23.1900000000,23.5000000000,22.8900000000,22.9000000000,23.1100000000,5061510,117061768.1000,2,1.677500,1,-0.908700,14.659502,1.547099,2.153453,-317.077094,0
2025-11-24,sh.605507,22.9900000000,23.6400000000,22.9600000000,22.9800000000,22.9000000000,3804900,88276576.0000,2,1.261100,1,0.349300,14.710714,1.552503,2.160976,-318.184787,0
2025-11-25,sh.605507,23.0700000000,23.8200000000,22.9700000000,23.5200000000,22.9800000000,4974669,117060180.8300,2,1.648800,1,2.349900,15.056397,1.588985,2.211756,-325.661714,0
2025-11-26,sh.605507,23.5000000000,24.1100000000,23.4900000000,23.6300000000,23.5200000000,4773436,113774075.3400,2,1.582100,1,0.467700,15.126814,1.596417,2.222100,-327.184792,0
2025-11-27,sh.605507,23.5800000000,24.2200000000,23.5000000000,24.0700000000,23.6300000000,6704560,160614573.6000,2,2.222100,1,1.862000,15.408481,1.626143,2.263476,-333.277103,0
2025-11-28,sh.605507,24.1000000000,24.1900000000,23.7100000000,23.9700000000,24.0700000000,4664358,111597661.9700,2,1.545900,1,-0.415500,15.344466,1.619387,2.254073,-331.892486,0
2025-12-01,sh.605507,23.9400000000,24.6600000000,23.8300000000,24.3900000000,23.9700000000,7630169,185436403.5000,2,2.528900,1,1.752200,15.613330,1.647761,2.293568,-337.707874,0
2025-12-02,sh.605507,24.2700000000,24.4800000000,24.1300000000,24.3000000000,24.3900000000,2753269,66730134.1100,2,0.912500,1,-0.369000,15.555716,1.641681,2.285105,-336.461720,0
2025-12-03,sh.605507,24.2900000000,24.6000000000,24.1000000000,24.4900000000,24.3000000000,4638400,113225421.0000,2,1.537300,1,0.781900,15.677345,1.654517,2.302972,-339.092490,0
2025-12-04,sh.605507,24.6000000000,24.6300000000,24.2500000000,24.4300000000,24.4900000000,3215991,78635937.4200,2,1.065900,1,-0.245000,15.638936,1.650464,2.297330,-338.261721,0
2025-12-05,sh.605507,24.4300000000,24.4300000000,24.0000000000,24.0900000000,24.4300000000,3014300,72670935.0000,2,0.999000,1,-1.391700,15.421284,1.627494,2.265357,-333.554026,0
2025-12-08,sh.605507,24.1300000000,24.2900000000,23.8300000000,24.0600000000,24.0900000000,2946791,70758318.4400,2,0.976700,1,-0.124500,15.402079,1.625467,2.262536,-333.138641,0
2025-12-09,sh.605507,24.1000000000,24.1300000000,23.6200000000,23.6600000000,24.0600000000,2818193,67076162.5900,2,0.934000,1,-1.662500,15.146018,1.598443,2.224921,-327.600176,0
2025-12-10,sh.605507,23.7000000000,23.7300000000,23.3300000000,23.4600000000,23.6600000000,2422039,56921962.2400,2,0.802700,1,-0.845300,15.017988,1.584932,2.206114,-324.830944,0
2025-12-11,sh.605507,23.4400000000,23.6400000000,23.2000000000,23.2200000000,23.4600000000,2439700,57099940.0000,2,0.808600,1,-1.023000,14.864351,1.568717,2.183545,-321.507865,0
2025-12-12,sh.605507,23.2600000000,23.3400000000,23.1000000000,23.1200000000,23.2200000000,1881601,43660355.1200,2,0.623600,1,-0.430700,14.800336,1.561962,2.174141,-320.123249,0
2025-12-15,sh.605507,23.1200000000,23.6700000000,23.0500000000,23.4700000000,23.1200000000,2961500,69343925.0000,2,0.981500,1,1.513800,15.024389,1.585607,2.207054,-324.969406,0
2025-12-16,sh.605507,23.5400000000,23.6200000000,23.2100000000,23.2500000000,23.4700000000,1766500,41237955.0000,2,0.585500,1,-0.937400,14.883556,1.570744,2.186366,-321.923250,0
2025-12-17,sh.605507,23.2000000000,23.3700000000,23.0800000000,23.2600000000,23.2500000000,1860000,43205879.7200,2,0.616500,1,0.043000,14.889957,1.571420,2.187306,-322.061712,0
2025-12-18,sh.605507,23.1900000000,23.3000000000,23.0200000000,23.2900000000,23.2600000000,1470100,34066886.0000,2,0.487200,1,0.129000,14.909162,1.573447,2.190127,-322.477097,0
2025-12-19,sh.605507,23.2500000000,23.4000000000,23.1100000000,23.2800000000,23.2900000000,2619910,60915817.0000,2,0.868300,1,-0.042900,14.902760,1.572771,2.189187,-322.338635,0
2025-12-22,sh.605507,23.2500000000,23.2800000000,22.9500000000,22.9600000000,23.2800000000,2463900,56915700.0000,2,0.816600,1,-1.374600,14.697911,1.551152,2.159095,-317.907864,0
2025-12-23,sh.605507,22.9100000000,23.0200000000,22.6800000000,22.7100000000,22.9600000000,2558000,58333817.0000,2,0.847800,1,-1.088900,14.537873,1.534262,2.135586,-314.446323,0
2025-12-24,sh.605507,22.8200000000,23.3200000000,22.7300000000,23.2700000000,22.7100000000,3413710,78999849.1000,2,1.131400,1,2.465900,14.896359,1.572095,2.188247,-322.200174,0
2025-12-25,sh.605507,23.2400000000,23.8500000000,23.2100000000,23.7900000000,23.2700000000,2980900,70469713.0000,2,0.988000,1,2.234600,15.229238,1.607226,2.237146,-329.400177,0
2025-12-26,sh.605507,23.7000000000,23.8900000000,23.5700000000,23.7600000000,23.7900000000,2451263,58205233.1600,2,0.812400,1,-0.126100,15.210034,1.605199,2.234325,-328.984793,0
2025-12-29,sh.605507,23.7100000000,24.1300000000,23.6700000000,23.8300000000,23.7600000000,3176531,76195898.9000,2,1.052800,1,0.294600,15.254844,1.609928,2.240907,-329.954024,0
2025-12-30,sh.605507,23.8000000000,24.7700000000,23.8000000000,24.6600000000,23.8300000000,6820800,167081784.0000,2,2.260600,1,3.483000,15.786171,1.666002,2.318958,-341.446338,0
2025-12-31,sh.605507,24.6600000000,24.9300000000,24.5600000000,24.8000000000,24.6600000000,4318891,106912529.6700,2,1.431400,1,0.567700,15.875793,1.675461,2.332124,-343.384800,0
2026-01-05,sh.605507,24.8000000000,24.8500000000,24.4600000000,24.7500000000,24.8000000000,4249900,104857153.0000,2,1.408500,1,-0.201600,15.843785,1.672083,2.327422,-342.692492,0
2026-01-06,sh.605507,24.8200000000,24.9500000000,24.4900000000,24.6700000000,24.7500000000,3376505,83324586.2500,2,1.119100,1,-0.323200,15.792573,1.666678,2.319899,-341.584799,0
2026-01-07,sh.605507,24.6000000000,24.9300000000,24.4000000000,24.6900000000,24.6700000000,4458100,110028829.0000,2,1.477600,1,0.081100,15.805376,1.668029,2.321779,-341.861723,0
2026-01-08,sh.605507,24.7600000000,25.8200000000,24.6600000000,25.4600000000,24.6900000000,7755700,197255911.7000,2,2.570500,1,3.118700,16.298294,1.720049,2.394188,-352.523267,0
2026-01-09,sh.605507,25.3100000000,25.6200000000,25.0400000000,25.5700000000,25.4600000000,4357771,110789918.8700,2,1.444300,1,0.432100,16.368710,1.727481,2.404532,-354.046345,0
2026-01-12,sh.605507,25.4500000000,25.6000000000,24.7800000000,25.2200000000,25.5700000000,4601389,115434172.3600,2,1.525000,1,-1.368800,16.144657,1.703835,2.371619,-349.200188,0
2026-01-13,sh.605507,25.1500000000,25.5400000000,24.9400000000,25.0500000000,25.2200000000,3468300,87497578.0000,2,1.149500,1,-0.674100,16.035831,1.692350,2.355633,-346.846341,0
2026-01-14,sh.605507,25.0700000000,25.1900000000,24.5000000000,24.6800000000,25.0500000000,4481005,111288577.2500,2,1.485100,1,-1.477000,15.798974,1.667353,2.320839,-341.723261,0
2026-01-15,sh.605507,24.6800000000,25.0900000000,24.5800000000,24.8700000000,24.6800000000,3217505,80083164.0500,2,1.066400,1,0.769900,15.920603,1.680190,2.338706,-344.354032,0
2026-01-16,sh.605507,25.0000000000,25.1900000000,24.6600000000,24.7700000000,24.8700000000,2438802,60613775.5600,2,0.808300,1,-0.402100,15.856588,1.673434,2.329302,-342.969416,0
2026-01-19,sh.605507,24.7700000000,24.9000000000,24.5800000000,24.8000000000,24.7700000000,3188600,78954050.2600,2,1.056800,1,0.121100,15.875793,1.675461,2.332124,-343.384800,0
2026-01-20,sh.605507,24.8800000000,25.2400000000,24.7300000000,25.2400000000,24.8000000000,3598559,89926102.6700,2,1.192700,1,1.774200,16.157460,1.705186,2.373500,-349.477111,0
2026-01-21,sh.605507,25.2000000000,27.7300000000,25.1500000000,26.9600000000,25.2400000000,13256631,356624941.5600,2,4.393700,1,6.814600,17.258523,1.821388,2.535244,-373.292509,0
2026-01-22,sh.605507,26.5100000000,27.3000000000,26.3800000000,26.6600000000,26.9600000000,6962270,186747457.0000,2,2.307500,1,-1.112800,17.066477,1.801120,2.507033,-369.138660,0
2026-01-23,sh.605507,26.6600000000,27.1600000000,26.2400000000,26.5800000000,26.6600000000,5547100,147414638.6000,2,1.838500,1,-0.300100,17.015265,1.795715,2.499510,-368.030967,0
2026-01-26,sh.605507,26.6200000000,27.6800000000,26.3500000000,27.3700000000,26.5800000000,7515523,203839867.4200,2,2.490900,1,2.972200,17.520986,1.849087,2.573799,-378.969435,0
2026-01-27,sh.605507,27.3300000000,27.7600000000,26.9000000000,27.3100000000,27.3700000000,6173100,168300352.0000,2,2.046000,1,-0.219200,17.482576,1.845033,2.568157,-378.138665,0
2026-01-28,sh.605507,27.2100000000,27.7400000000,26.9700000000,27.2700000000,27.3100000000,5040300,137756496.7400,2,1.670500,1,-0.146500,17.456970,1.842331,2.564396,-377.584819,0
2026-01-29,sh.605507,27.1800000000,27.6500000000,27.1800000000,27.3000000000,27.2700000000,3471800,95185627.0000,2,1.150700,1,0.110000,17.476175,1.844358,2.567217,-378.000204,0
2026-01-30,sh.605507,27.4400000000,27.6300000000,27.0300000000,27.4600000000,27.3000000000,3227719,88398874.8200,2,1.069800,1,0.586100,17.578599,1.855167,2.582263,-380.215589,0
2026-02-02,sh.605507,27.3600000000,27.5000000000,25.9200000000,25.9500000000,27.4600000000,6430570,170292175.7000,2,1.150700,1,-5.498900,16.611968,1.753153,2.440266,-359.307886,0
2026-02-03,sh.605507,26.0400000000,26.7000000000,26.0100000000,26.5800000000,25.9500000000,4207325,111148763.2500,2,0.752900,1,2.427700,17.015265,1.795715,2.499510,-368.030967,0
2026-02-04,sh.605507,26.5900000000,27.0800000000,26.3900000000,26.7600000000,26.5800000000,2813727,75203461.1900,2,0.503500,1,0.677200,17.130492,1.807876,2.516437,-370.523277,0
2026-02-05,sh.605507,26.5400000000,27.3500000000,26.5400000000,26.9400000000,26.7600000000,3952902,106933082.4800,2,0.707400,1,0.672600,17.245720,1.820037,2.533363,-373.015586,0
2026-02-06,sh.605507,26.9000000000,27.9700000000,26.7600000000,27.4100000000,26.9400000000,5300890,145932588.5000,2,0.948600,1,1.744600,17.546592,1.851789,2.577561,-379.523281,0
2026-02-09,sh.605507,27.4900000000,28.4800000000,27.2200000000,28.4000000000,27.4100000000,6623681,185879767.4400,2,1.185300,1,3.611800,18.180343,1.918673,2.670658,-393.230981,0
2026-02-10,sh.605507,28.1800000000,28.7100000000,28.0100000000,28.6300000000,28.4000000000,4529100,128761631.0000,2,0.810500,1,0.809900,18.327578,1.934211,2.692286,-396.415598,0
2026-02-11,sh.605507,28.5800000000,28.7600000000,28.1500000000,28.3000000000,28.6300000000,3713500,105512785.0000,2,0.664500,1,-1.152600,18.116328,1.911917,2.661254,-391.846365,0
2026-02-12,sh.605507,28.1800000000,29.1200000000,27.9200000000,28.9500000000,28.3000000000,4947562,141714109.7600,2,0.885400,1,2.296800,18.532427,1.955830,2.722378,-400.846370,0
2026-02-13,sh.605507,29.0000000000,29.1800000000,28.5600000000,28.5600000000,28.9500000000,2246400,64834473.0000,2,0.402000,1,-1.347200,18.282768,1.929482,2.685704,-395.446367,0
2026-02-24,sh.605507,28.7900000000,28.7900000000,27.9500000000,28.2700000000,28.5600000000,3212500,90744100.0000,2,0.574900,1,-1.015400,18.097123,1.909890,2.658433,-391.430980,0
2026-02-25,sh.605507,28.2300000000,28.4200000000,28.0600000000,28.1500000000,28.2700000000,2785273,78624208.6100,2,0.498400,1,-0.424500,18.020305,1.901783,2.647148,-389.769441,0
2026-02-26,sh.605507,28.1000000000,28.4000000000,28.0000000000,28.0900000000,28.1500000000,2610500,73501616.0000,2,0.467100,1,-0.213100,17.981896,1.897729,2.641506,-388.938671,0
2026-02-27,sh.605507,28.0900000000,28.4800000000,28.0100000000,28.0500000000,28.0900000000,2033831,57289419.3500,2,0.363900,1,-0.142400,17.956290,1.895027,2.637745,-388.384825,0
2026-03-02,sh.605507,27.9100000000,27.9900000000,27.1200000000,27.5400000000,28.0500000000,3892597,107180170.2200,2,0.696600,1,-1.818200,17.629812,1.860572,2.589786,-381.323282,0
2026-03-03,sh.605507,27.5500000000,27.7500000000,26.2600000000,26.5000000000,27.5400000000,4762600,127475049.0000,2,0.852300,1,-3.776300,16.964053,1.790311,2.491987,-366.923275,0
2026-03-04,sh.605507,26.5000000000,26.8500000000,26.1700000000,26.5200000000,26.5000000000,2653700,70347418.0000,2,0.474900,1,0.075500,16.976856,1.791662,2.493868,-367.200198,0
2026-03-05,sh.605507,26.7400000000,26.9500000000,26.1900000000,26.3900000000,26.5200000000,2914400,77108134.9000,2,0.521500,1,-0.490200,16.893636,1.782879,2.481643,-365.400197,0
2026-03-06,sh.605507,26.3900000000,26.9800000000,26.3900000000,26.6600000000,26.3900000000,2218800,59391832.0000,2,0.397000,1,1.023100,17.066477,1.801120,2.507033,-369.138660,0
2026-03-09,sh.605507,26.6600000000,26.6600000000,25.8000000000,26.1800000000,26.6600000000,4316800,112883675.0000,2,0.772500,1,-1.800500,16.759204,1.768692,2.461895,-362.492503,0
2026-03-10,sh.605507,26.1800000000,27.3800000000,26.1800000000,27.2700000000,26.1800000000,4059610,108989578.3000,2,0.726500,1,4.163500,17.456970,1.842331,2.564396,-377.584819,0
2026-03-11,sh.605507,27.3200000000,27.3200000000,26.7200000000,26.8400000000,27.2700000000,2754012,74112262.6400,2,0.492800,1,-1.576800,17.181705,1.813281,2.523960,-371.630969,0
2026-03-12,sh.605507,26.9800000000,28.8200000000,26.7700000000,27.8100000000,26.8400000000,5900012,165665152.7100,2,1.055800,1,3.614000,17.802653,1.878813,2.615176,-385.061746,0
2026-03-13,sh.605507,27.8300000000,29.9800000000,27.8300000000,29.2500000000,27.8100000000,8906190,261170876.1000,2,1.593700,1,5.178000,18.724473,1.976098,2.750589,-405.000218,0
2026-03-16,sh.605507,29.2500000000,29.6400000000,28.5400000000,28.9400000000,29.2500000000,5350300,155425069.3400,2,0.957400,1,-1.059800,18.526026,1.955154,2.721438,-400.707908,0
2026-03-17,sh.605507,28.8600000000,29.2000000000,27.4500000000,27.7400000000,28.9400000000,6744410,189465616.4000,2,1.206900,1,-4.146500,17.757842,1.874084,2.608593,-384.092515,0
2026-03-18,sh.605507,27.7200000000,27.8900000000,26.7800000000,27.2400000000,27.7400000000,5572620,151260483.0000,2,0.997200,1,-1.802500,17.437766,1.840304,2.561574,-377.169434,0
