date,code,open,high,low,close,preclose,volume,amount,adjustflag,turn,tradestatus,pctChg,peTTM,pbMRQ,psTTM,pcfNcfTTM,isST
2023-06-26,sh.600506,10.1500000000,10.1500000000,9.9500000000,9.9800000000,10.1600000000,2438200,24435815.0000,2,1.650700,1,-1.771700,-25.267441,4.251530,0.947295,49.625768,0
2023-06-27,sh.600506,10.0000000000,10.2000000000,9.9600000000,10.2000000000,9.9800000000,2129500,21615428.0000,2,1.441700,1,2.204400,-25.824438,4.345251,0.968177,50.719723,0
2023-06-28,sh.600506,10.2000000000,10.2300000000,10.0600000000,10.2000000000,10.2000000000,1621100,16458915.0000,2,1.097500,1,0.000000,-25.824438,4.345251,0.968177,50.719723,0
2023-06-29,sh.600506,10.2000000000,10.3600000000,10.1200000000,10.2700000000,10.2000000000,1894801,19467201.2500,2,1.282800,1,0.686300,-26.001665,4.375071,0.974822,51.067799,0
2023-06-30,sh.600506,10.3200000000,10.5300000000,10.2700000000,10.5100000000,10.2700000000,2173800,22777276.0000,2,1.471700,1,2.336900,-26.609299,4.477312,0.997602,52.261205,0
2023-07-03,sh.600506,10.5000000000,10.7500000000,10.4900000000,10.5700000000,10.5100000000,2351010,24940740.2000,2,1.591700,1,0.570900,-26.761207,4.502873,1.003297,52.559556,0
2023-07-04,sh.600506,10.5600000000,10.7400000000,10.5300000000,10.5900000000,10.5700000000,1493660,15885585.6000,2,1.011200,1,0.189200,-26.811843,4.511393,1.005196,52.659006,0
2023-07-05,sh.600506,10.5600000000,10.6000000000,10.4600000000,10.5100000000,10.5900000000,1202510,12654924.3000,2,0.814100,1,-0.755400,-26.609299,4.477312,0.997602,52.261205,0
2023-07-06,sh.600506,10.4300000000,10.7400000000,10.4300000000,10.6400000000,10.5100000000,1902100,20236225.0000,2,1.287800,1,1.236900,-26.938434,4.532693,1.009942,52.907633,0
2023-07-07,sh.600506,10.6800000000,11.0100000000,10.5700000000,10.9200000000,10.6400000000,4443301,48371371.7200,2,3.008200,1,2.631600,-27.647340,4.651974,1.036519,54.299939,0
2023-07-10,sh.600506,10.8900000000,10.9600000000,10.7300000000,10.7800000000,10.9200000000,1646601,17809625.8900,2,1.114800,1,-1.282100,-27.292887,4.592334,1.023230,53.603786,0
2023-07-11,sh.600506,10.7300000000,10.8500000000,10.6900000000,10.7700000000,10.7800000000,1020200,10971188.9900,2,0.690700,1,-0.092800,-27.267569,4.588074,1.022281,53.554060,0
2023-07-12,sh.600506,10.8200000000,10.8500000000,10.7100000000,10.7600000000,10.7700000000,997600,10756242.0000,2,0.675400,1,-0.092900,-27.242251,4.583814,1.021332,53.504335,0
2023-07-13,sh.600506,10.7500000000,11.0000000000,10.7300000000,10.8800000000,10.7600000000,2034400,22134137.7000,2,1.377300,1,1.115200,-27.546068,4.634934,1.032722,54.101038,0
2023-07-14,sh.600506,10.8800000000,10.9900000000,10.8400000000,10.9000000000,10.8800000000,1293900,14121892.0000,2,0.876000,1,0.183800,-27.596704,4.643454,1.034621,54.200488,0
2023-07-17,sh.600506,10.7800000000,10.9600000000,10.7000000000,10.8900000000,10.9000000000,1329400,14413688.0000,2,0.900000,1,-0.091700,-27.571386,4.639194,1.033671,54.150763,0
2023-07-18,sh.600506,10.8900000000,11.0300000000,10.8300000000,10.8800000000,10.8900000000,1163200,12673450.0000,2,0.787500,1,-0.091800,-27.546068,4.634934,1.032722,54.101038,0
2023-07-19,sh.600506,10.8800000000,10.9300000000,10.8300000000,10.9200000000,10.8800000000,1316200,14336826.0000,2,0.891100,1,0.367600,-27.647340,4.651974,1.036519,54.299939,0
2023-07-20,sh.600506,10.9700000000,10.9700000000,10.7800000000,10.7800000000,10.9200000000,1526500,16584639.0000,2,1.033500,1,-1.282100,-27.292887,4.592334,1.023230,53.603786,0
2023-07-21,sh.600506,10.8300000000,10.9400000000,10.7800000000,10.8200000000,10.7800000000,1719416,18669832.8000,2,1.164100,1,0.371100,-27.394159,4.609374,1.027027,53.802687,0
2023-07-24,sh.600506,10.8600000000,10.8800000000,10.7000000000,10.7300000000,10.8200000000,1413300,15206460.0000,2,0.956800,1,-0.831800,-27.166296,4.571033,1.018484,53.355160,0
2023-07-25,sh.600506,10.8100000000,10.9300000000,10.7600000000,10.8300000000,10.7300000000,1628600,17633660.0000,2,1.102600,1,0.932000,-27.419477,4.613634,1.027976,53.852412,0
2023-07-26,sh.600506,10.8600000000,10.9100000000,10.7500000000,10.8900000000,10.8300000000,1425411,15472110.9100,2,0.965000,1,0.554000,-27.571386,4.639194,1.033671,54.150763,0
2023-07-27,sh.600506,10.8900000000,10.9600000000,10.7100000000,10.7400000000,10.8900000000,1602200,17338133.0000,2,1.084700,1,-1.377400,-27.191614,4.575294,1.019434,53.404885,0
2023-07-28,sh.600506,10.7500000000,10.8800000000,10.6200000000,10.8400000000,10.7400000000,1768500,19051699.0000,2,1.197300,1,0.931100,-27.444795,4.617894,1.028926,53.902137,0
2023-07-31,sh.600506,10.9000000000,11.1800000000,10.7800000000,11.1000000000,10.8400000000,3457450,38244419.5200,2,2.340800,1,2.398500,-28.103065,4.728655,1.053605,55.194993,0
2023-08-01,sh.600506,11.1000000000,11.1800000000,10.9900000000,11.0300000000,11.1000000000,1982200,21928936.0000,2,1.342000,1,-0.630600,-27.925839,4.698835,1.046960,54.846916,0
2023-08-02,sh.600506,11.0000000000,11.1100000000,10.9300000000,10.9400000000,11.0300000000,1416190,15579170.7300,2,0.958800,1,-0.816000,-27.697976,4.660495,1.038417,54.399389,0
2023-08-03,sh.600506,10.9700000000,10.9700000000,10.7800000000,10.8400000000,10.9400000000,1487800,16111135.0000,2,1.007300,1,-0.914100,-27.444795,4.617894,1.028926,53.902137,0
2023-08-04,sh.600506,10.8800000000,10.8900000000,10.6100000000,10.6400000000,10.8400000000,2980950,31952542.5000,2,2.018200,1,-1.845000,-26.938434,4.532693,1.009942,52.907633,0
2023-08-07,sh.600506,10.6400000000,10.7100000000,10.4600000000,10.5500000000,10.6400000000,2163929,22894380.1900,2,1.465000,1,-0.845900,-26.710571,4.494353,1.001399,52.460106,0
2023-08-08,sh.600506,10.5300000000,10.6200000000,10.4400000000,10.4900000000,10.5500000000,1667710,17522947.2000,2,1.129100,1,-0.568700,-26.558663,4.468792,0.995704,52.161754,0
2023-08-09,sh.600506,10.5100000000,10.5300000000,10.3700000000,10.4100000000,10.4900000000,1362510,14213600.0000,2,0.922400,1,-0.762600,-26.356118,4.434712,0.988110,51.763953,0
2023-08-10,sh.600506,10.4700000000,10.6100000000,10.4200000000,10.5600000000,10.4100000000,1608300,16929880.0000,2,1.088800,1,1.440900,-26.735889,4.498613,1.002348,52.509831,0
2023-08-11,sh.600506,10.5500000000,10.6300000000,10.3400000000,10.3500000000,10.5600000000,1434500,15031163.0000,2,0.971200,1,-1.988600,-26.204210,4.409152,0.982415,51.465601,0
2023-08-14,sh.600506,10.2900000000,10.4500000000,10.1300000000,10.3400000000,10.3500000000,1590900,16385430.0000,2,1.077100,1,-0.096600,-26.178891,4.404892,0.981466,51.415876,0
2023-08-15,sh.600506,10.3600000000,10.4900000000,10.3500000000,10.4000000000,10.3400000000,1445700,15064110.0000,2,0.978800,1,0.580300,-26.330800,4.430452,0.987161,51.714227,0
2023-08-16,sh.600506,10.3900000000,10.5800000000,10.3200000000,10.4400000000,10.4000000000,1637900,17138339.0000,2,1.108900,1,0.384600,-26.432072,4.447492,0.990958,51.913128,0
2023-08-17,sh.600506,10.5100000000,10.5200000000,10.2700000000,10.5000000000,10.4400000000,1220150,12666141.0000,2,0.826100,1,0.574700,-26.583981,4.473052,0.996653,52.211480,0
2023-08-18,sh.600506,10.4800000000,10.6300000000,10.4300000000,10.4500000000,10.5000000000,1430601,15065820.5700,2,0.968500,1,-0.476200,-26.457390,4.451752,0.991907,51.962853,0
2023-08-21,sh.600506,10.4100000000,10.5600000000,10.3700000000,10.3900000000,10.4500000000,1078300,11256307.0000,2,0.730000,1,-0.574200,-26.305482,4.426192,0.986212,51.664502,0
2023-08-22,sh.600506,10.4100000000,10.4700000000,10.1500000000,10.2500000000,10.3900000000,1619700,16620281.0000,2,1.096600,1,-1.347400,-25.951029,4.366551,0.972923,50.968349,0
2023-08-23,sh.600506,10.3100000000,10.3300000000,10.1400000000,10.1600000000,10.2500000000,1190900,12174131.0000,2,0.806300,1,-0.878000,-25.723166,4.328211,0.964380,50.520822,0
2023-08-24,sh.600506,10.1300000000,10.3800000000,10.0300000000,10.2300000000,10.1600000000,1442299,14682867.8900,2,0.976500,1,0.689000,-25.900393,4.358031,0.971025,50.868899,0
2023-08-25,sh.600506,10.2000000000,10.4300000000,10.0700000000,10.0900000000,10.2300000000,1927800,19802908.0000,2,1.305200,1,-1.368500,-25.545939,4.298390,0.957736,50.172746,0
2023-08-28,sh.600506,10.5700000000,10.5700000000,10.0900000000,10.0900000000,10.0900000000,2265900,23334170.0000,2,1.534100,1,0.000000,-25.545939,4.298390,0.957736,50.172746,0
2023-08-29,sh.600506,10.1800000000,10.4300000000,10.0900000000,10.4100000000,10.0900000000,1963386,20246045.3800,2,1.329200,1,3.171500,-26.356118,4.434712,0.988110,51.763953,0
2023-08-30,sh.600506,10.4100000000,10.5700000000,10.3700000000,10.4900000000,10.4100000000,1940300,20365876.0000,2,1.313600,1,0.768500,-26.558663,4.468792,0.995704,52.161754,0
2023-08-31,sh.600506,10.4300000000,10.5600000000,10.3600000000,10.4300000000,10.4900000000,1637500,17109164.8000,2,1.108600,1,-0.572000,-32.489139,4.626511,0.987759,-13.429401,0
2023-09-01,sh.600506,10.4300000000,10.7400000000,10.4000000000,10.6500000000,10.4300000000,2517511,26687275.7300,2,1.704400,1,2.109300,-33.174432,4.724098,1.008594,-13.712667,0
2023-09-04,sh.600506,10.6400000000,10.7200000000,10.4800000000,10.6900000000,10.6500000000,2507750,26651468.5000,2,1.697800,1,0.375600,-33.299031,4.741841,1.012382,-13.764170,0
2023-09-05,sh.600506,10.7200000000,10.7500000000,10.6000000000,10.6600000000,10.6900000000,1838595,19616364.0900,2,1.244800,1,-0.280600,-33.205582,4.728534,1.009541,-13.725543,0
2023-09-06,sh.600506,10.7000000000,10.7800000000,10.6000000000,10.6500000000,10.6600000000,1341000,14323542.0000,2,0.907900,1,-0.093800,-33.174432,4.724098,1.008594,-13.712667,0
2023-09-07,sh.600506,10.6500000000,10.7000000000,10.4800000000,10.4800000000,10.6500000000,1234600,13054153.0000,2,0.835800,1,-1.596200,-32.644887,4.648690,0.992494,-13.493780,0
2023-09-08,sh.600506,10.5300000000,10.5700000000,10.4400000000,10.4400000000,10.4800000000,1089100,11397609.0000,2,0.737300,1,-0.381700,-32.520288,4.630947,0.988706,-13.442277,0
2023-09-11,sh.600506,10.4500000000,10.6100000000,10.3900000000,10.4700000000,10.4400000000,1292450,13547562.0000,2,0.875000,1,0.287400,-32.613737,4.644254,0.991547,-13.480904,0
2023-09-12,sh.600506,10.4900000000,10.5700000000,10.3900000000,10.4500000000,10.4700000000,1259700,13184749.0000,2,0.852800,1,-0.191000,-32.551438,4.635382,0.989653,-13.455152,0
2023-09-13,sh.600506,10.4500000000,10.4900000000,10.3400000000,10.4100000000,10.4500000000,1380500,14353864.0000,2,0.934600,1,-0.382800,-32.426839,4.617639,0.985865,-13.403649,0
2023-09-14,sh.600506,10.4100000000,10.6300000000,10.2600000000,10.5200000000,10.4100000000,2679300,27975124.0000,2,1.813900,1,1.056700,-32.769486,4.666433,0.996282,-13.545282,0
2023-09-15,sh.600506,10.5200000000,10.5500000000,10.2500000000,10.2800000000,10.5200000000,2857159,29656582.6400,2,1.934300,1,-2.281400,-32.021893,4.559974,0.973553,-13.236265,0
2023-09-18,sh.600506,10.2100000000,10.4000000000,10.1300000000,10.3700000000,10.2800000000,1693200,17448590.0000,2,1.146300,1,0.875500,-32.302240,4.599896,0.982077,-13.352146,0
2023-09-19,sh.600506,10.3300000000,10.5000000000,10.2600000000,10.3900000000,10.3700000000,2111000,21860587.0000,2,1.429200,1,0.192900,-32.364540,4.608768,0.983971,-13.377898,0
2023-09-20,sh.600506,10.3700000000,10.4400000000,10.2600000000,10.3000000000,10.3900000000,2142900,22183761.0000,2,1.450800,1,-0.866200,-32.084192,4.568846,0.975447,-13.262016,0
2023-09-21,sh.600506,10.3000000000,10.3400000000,10.1600000000,10.1700000000,10.3000000000,1205400,12326908.0000,2,0.816100,1,-1.262100,-31.679246,4.511181,0.963136,-13.094631,0
2023-09-22,sh.600506,10.1800000000,10.3000000000,10.1100000000,10.2600000000,10.1700000000,1328856,13590992.6400,2,0.899700,1,0.885000,-31.959594,4.551103,0.971659,-13.210513,0
2023-09-25,sh.600506,10.2300000000,10.3100000000,10.1300000000,10.1900000000,10.2600000000,1395045,14220910.6500,2,0.944500,1,-0.682300,-31.741546,4.520052,0.965030,-13.120383,0
2023-09-26,sh.600506,10.1400000000,10.2500000000,10.0200000000,10.0900000000,10.1900000000,1998492,20253923.9200,2,1.353000,1,-0.981400,-31.430049,4.475695,0.955560,-12.991625,0
2023-09-27,sh.600506,10.0400000000,10.2200000000,10.0400000000,10.1800000000,10.0900000000,1647004,16723617.2200,2,1.115000,1,0.892000,-31.710396,4.515617,0.964083,-13.107507,0
2023-09-28,sh.600506,10.3200000000,10.6800000000,10.1700000000,10.5800000000,10.1800000000,3922700,40928404.0000,2,2.655700,1,3.929300,-32.956384,4.693047,1.001964,-13.622537,0
2023-10-09,sh.600506,10.4900000000,10.6500000000,10.0800000000,10.1600000000,10.5800000000,4414705,45394688.5000,2,2.988800,1,-3.969800,-31.648097,4.506745,0.962189,-13.081756,0
2023-10-10,sh.600506,10.1500000000,10.9300000000,10.1500000000,10.4400000000,10.1600000000,5081902,53509671.8800,2,3.440500,1,2.755900,-32.520288,4.630947,0.988706,-13.442277,0
2023-10-11,sh.600506,10.4300000000,10.6400000000,10.2000000000,10.4100000000,10.4400000000,4182676,43534591.4900,2,2.831700,1,-0.287400,-32.426839,4.617639,0.985865,-13.403649,0
2023-10-12,sh.600506,10.3500000000,10.4400000000,10.2800000000,10.3000000000,10.4100000000,2240900,23124518.0000,2,1.517100,1,-1.056700,-32.084192,4.568846,0.975447,-13.262016,0
2023-10-13,sh.600506,10.2800000000,10.3100000000,10.1900000000,10.2600000000,10.3000000000,1775004,18175396.8000,2,1.201700,1,-0.388300,-31.959594,4.551103,0.971659,-13.210513,0
2023-10-16,sh.600506,10.3100000000,10.5700000000,10.2700000000,10.4600000000,10.2600000000,3391830,35423355.5000,2,2.296300,1,1.949300,-32.582588,4.639818,0.990600,-13.468028,0
2023-10-17,sh.600506,10.4000000000,10.5500000000,10.3000000000,10.4100000000,10.4600000000,2585700,26955021.0000,2,1.750600,1,-0.478000,-32.426839,4.617639,0.985865,-13.403649,0
2023-10-18,sh.600506,10.3600000000,10.4800000000,10.1500000000,10.1500000000,10.4100000000,2490000,25518736.0000,2,1.685800,1,-2.497600,-31.616947,4.502309,0.961242,-13.068880,0
2023-10-19,sh.600506,10.3000000000,10.3000000000,9.9800000000,9.9800000000,10.1500000000,3030281,30636329.6900,2,2.051600,1,-1.674900,-31.087402,4.426901,0.945142,-12.849992,0
2023-10-20,sh.600506,9.9500000000,10.1100000000,9.8800000000,10.0000000000,9.9800000000,1748278,17465660.8200,2,1.183600,1,0.200400,-31.149701,4.435773,0.947036,-12.875744,0
2023-10-23,sh.600506,10.0400000000,10.0800000000,9.7200000000,9.7900000000,10.0000000000,1831260,18054917.4000,2,1.239800,1,-2.100000,-30.495558,4.342621,0.927148,-12.605353,0
2023-10-24,sh.600506,9.8200000000,10.0900000000,9.7600000000,10.0500000000,9.7900000000,2122971,21208814.0400,2,1.437300,1,2.655800,-31.305450,4.457952,0.951771,-12.940123,0
2023-10-25,sh.600506,10.0300000000,10.3000000000,10.0300000000,10.2900000000,10.0500000000,1951500,19981871.0000,2,1.321200,1,2.388100,-32.053043,4.564410,0.974500,-13.249140,0
2023-10-26,sh.600506,10.4300000000,10.4300000000,10.1400000000,10.2300000000,10.2900000000,1596001,16279817.1400,2,1.080500,1,-0.583100,-31.866144,4.537795,0.968818,-13.171886,0
2023-10-27,sh.600506,10.2400000000,10.3500000000,10.2000000000,10.2900000000,10.2300000000,1550602,15963215.5800,2,1.049800,1,0.586500,-32.053043,4.564410,0.974500,-13.249140,0
2023-10-30,sh.600506,10.3400000000,10.5500000000,10.2800000000,10.5100000000,10.2900000000,2997200,31338686.0000,2,2.029200,1,2.138000,-87.252371,4.782430,0.939350,-30.999074,0
2023-10-31,sh.600506,10.5400000000,10.5600000000,10.4200000000,10.5400000000,10.5100000000,1668400,17527358.0000,2,1.129500,1,0.285400,-87.501426,4.796081,0.942031,-31.087559,0
2023-11-01,sh.600506,10.7000000000,10.7300000000,10.4400000000,10.6900000000,10.5400000000,4012700,42633343.0000,2,2.716700,1,1.423100,-88.746703,4.864336,0.955438,-31.529981,0
2023-11-02,sh.600506,10.7100000000,10.7100000000,10.4900000000,10.5400000000,10.6900000000,2673700,28285553.0000,2,1.810100,1,-1.403200,-87.501426,4.796081,0.942031,-31.087559,0
2023-11-03,sh.600506,10.6000000000,10.6700000000,10.5000000000,10.5000000000,10.5400000000,1942000,20546771.0000,2,1.314800,1,-0.379500,-87.169352,4.777879,0.938456,-30.969579,0
2023-11-06,sh.600506,10.5000000000,10.5600000000,10.4300000000,10.5300000000,10.5000000000,2199800,23082415.0000,2,1.489300,1,0.285700,-87.418408,4.791530,0.941138,-31.058064,0
2023-11-07,sh.600506,10.5200000000,10.6200000000,10.4300000000,10.5500000000,10.5300000000,2087000,21972959.0000,2,1.412900,1,0.189900,-87.584445,4.800631,0.942925,-31.117054,0
2023-11-08,sh.600506,10.5700000000,10.5800000000,10.3900000000,10.4400000000,10.5500000000,1948300,20423818.0000,2,1.319000,1,-1.042700,-86.671242,4.750577,0.933094,-30.792610,0
2023-11-09,sh.600506,10.4300000000,11.4800000000,10.3800000000,11.4800000000,10.4400000000,16408357,183682879.8200,2,11.108700,1,9.961700,-95.305159,5.223815,1.026046,-33.860074,0
2023-11-10,sh.600506,11.8100000000,12.6300000000,11.5900000000,12.6300000000,11.4800000000,10260800,126292967.0000,2,6.946700,1,10.017400,-104.852278,5.747106,1.128829,-37.251980,0
2023-11-13,sh.600506,13.8700000000,13.8900000000,11.9200000000,11.9200000000,12.6300000000,41581255,537978896.4200,2,28.151200,1,-5.621500,-98.957970,5.424030,1.065371,-35.157846,0
2023-11-14,sh.600506,11.7900000000,12.5800000000,11.7600000000,12.1000000000,11.9200000000,27558846,332960774.2900,2,18.657800,1,1.510100,-100.452301,5.505937,1.081459,-35.688753,0
2023-11-15,sh.600506,11.8600000000,13.3100000000,11.6800000000,13.3100000000,12.1000000000,29535441,366414786.7100,2,19.996000,1,10.000000,-110.497531,6.056531,1.189605,-39.257629,0
2023-11-16,sh.600506,13.4200000000,14.6400000000,13.3500000000,14.6400000000,13.3100000000,25801825,370429916.5000,2,17.468300,1,9.992500,-121.538983,6.661729,1.308476,-43.180442,0
2023-11-17,sh.600506,14.8600000000,16.1000000000,14.6500000000,16.1000000000,14.6400000000,43689783,690342636.8800,2,29.578700,1,9.972700,-133.659674,7.326081,1.438967,-47.486689,0
2023-11-20,sh.600506,16.3000000000,17.7100000000,16.0500000000,17.7100000000,16.1000000000,37446299,642904027.7800,2,25.351800,1,10.000000,-147.025641,8.058690,1.582863,-52.235357,0
2023-11-21,sh.600506,18.6100000000,19.4800000000,15.9500000000,16.0300000000,17.7100000000,73165317,1318066821.4600,2,49.534100,1,-9.486200,-133.078545,7.294229,1.432710,-47.280225,0
2023-11-22,sh.600506,14.7200000000,17.6300000000,14.7200000000,17.6300000000,16.0300000000,60428744,962828884.4000,2,40.911300,1,9.981300,-146.361494,8.022287,1.575713,-51.999399,0
2023-11-23,sh.600506,16.8000000000,18.7900000000,15.8700000000,15.8700000000,17.6300000000,52754479,901976713.4200,2,35.715700,1,-9.983000,-131.750250,7.221423,1.418410,-46.808307,0
2023-11-24,sh.600506,14.6600000000,16.5700000000,14.2800000000,14.8900000000,15.8700000000,49687082,757478708.6800,2,33.639000,1,-6.175200,-123.614444,6.775488,1.330821,-43.917813,0
2023-11-27,sh.600506,14.7400000000,15.3500000000,14.1000000000,14.2200000000,14.8900000000,34637103,512156712.0200,2,23.449900,1,-4.499700,-118.052209,6.470613,1.270938,-41.941659,0
2023-11-28,sh.600506,14.1100000000,14.3100000000,13.4000000000,13.5300000000,14.2200000000,32349070,443481383.5900,2,21.900900,1,-4.852300,-112.323937,6.156639,1.209268,-39.906515,0
2023-11-29,sh.600506,13.5900000000,14.1000000000,13.4900000000,13.8500000000,13.5300000000,25975931,359447186.5000,2,17.586100,1,2.365100,-114.980527,6.302250,1.237869,-40.850350,0
2023-11-30,sh.600506,13.7700000000,13.9200000000,13.0000000000,13.5300000000,13.8500000000,25891221,348111696.4900,2,17.528800,1,-2.310500,-112.323937,6.156639,1.209268,-39.906515,0
2023-12-01,sh.600506,13.5200000000,13.9900000000,13.4500000000,13.9000000000,13.5300000000,22676403,312672974.2700,2,15.352300,1,2.734700,-115.395619,6.325002,1.242338,-40.997824,0
2023-12-04,sh.600506,13.9300000000,14.1800000000,13.8000000000,14.0700000000,13.9000000000,19170990,268890679.6400,2,12.979100,1,1.223000,-116.806932,6.402358,1.257532,-41.499237,0
2023-12-05,sh.600506,14.3300000000,15.0000000000,14.0700000000,14.4100000000,14.0700000000,36770128,533151357.2000,2,24.894000,1,2.416500,-119.629559,6.557070,1.287920,-42.502061,0
2023-12-06,sh.600506,14.2400000000,15.5000000000,13.6200000000,15.0800000000,14.4100000000,41833976,606429025.9300,2,28.322300,1,4.649500,-125.191794,6.861945,1.347802,-44.478215,0
2023-12-07,sh.600506,14.6600000000,14.9400000000,13.5700000000,13.6100000000,15.0800000000,34001577,488923325.3500,2,23.019600,1,-9.748000,-112.988084,6.193041,1.216418,-40.142474,0
2023-12-08,sh.600506,13.1000000000,13.5100000000,12.9700000000,13.0700000000,13.6100000000,22731698,299110288.4100,2,15.389700,1,-3.967700,-108.505089,5.947322,1.168155,-38.549753,0
2023-12-11,sh.600506,12.9400000000,13.7600000000,12.8800000000,13.6200000000,13.0700000000,17260843,232340373.7000,2,11.685900,1,4.208100,-113.071103,6.197592,1.217312,-40.171969,0
2023-12-12,sh.600506,13.6000000000,14.0000000000,13.4600000000,13.9200000000,13.6200000000,15714123,215861746.7200,2,10.638700,1,2.202600,-115.561656,6.334103,1.244125,-41.056814,0
2023-12-13,sh.600506,13.9600000000,14.3600000000,13.6000000000,13.9400000000,13.9200000000,17769500,247957859.0000,2,12.030200,1,0.143700,-115.727693,6.343203,1.245913,-41.115804,0
2023-12-14,sh.600506,13.9700000000,14.0100000000,13.6000000000,13.6700000000,13.9400000000,12434023,170984340.3600,2,8.418000,1,-1.936900,-113.486195,6.220344,1.221781,-40.319443,0
2023-12-15,sh.600506,13.6900000000,13.8300000000,13.5500000000,13.6400000000,13.6700000000,8841000,120997666.9900,2,5.985500,1,-0.219500,-113.237140,6.206693,1.219100,-40.230958,0
2023-12-18,sh.600506,13.5100000000,14.0800000000,13.5100000000,13.8000000000,13.6400000000,11521400,159500040.0000,2,7.800200,1,1.173000,-114.565435,6.279498,1.233400,-40.702876,0
2023-12-19,sh.600506,13.8000000000,14.1100000000,13.6000000000,13.7000000000,13.8000000000,10505000,145515801.8000,2,7.112100,1,-0.724600,-113.735250,6.233995,1.224462,-40.407928,0
2023-12-20,sh.600506,13.6200000000,13.9200000000,13.4200000000,13.4500000000,13.7000000000,8958244,122535238.2000,2,6.064900,1,-1.824800,-111.659790,6.120236,1.202118,-39.670557,0
2023-12-21,sh.600506,13.4000000000,13.7600000000,13.2800000000,13.5900000000,13.4500000000,11679199,158207538.5300,2,7.907000,1,1.040900,-112.822048,6.183941,1.214631,-40.083484,0
2023-12-22,sh.600506,13.5600000000,13.8600000000,13.4300000000,13.6000000000,13.5900000000,11380200,155349331.0000,2,7.704600,1,0.073600,-112.905066,6.188491,1.215524,-40.112979,0
2023-12-25,sh.600506,13.4500000000,13.5400000000,13.2100000000,13.3300000000,13.6000000000,9160200,122386887.0000,2,6.201600,1,-1.985300,-110.663568,6.065631,1.191393,-39.316619,0
2023-12-26,sh.600506,13.4400000000,13.8400000000,13.4400000000,13.6700000000,13.3300000000,15927300,216684877.1200,2,10.783000,1,2.550600,-113.486195,6.220344,1.221781,-40.319443,0
2023-12-27,sh.600506,13.7000000000,15.0400000000,13.6500000000,15.0400000000,13.6700000000,25927301,383416695.6700,2,17.553200,1,10.021900,-124.859720,6.843743,1.344227,-44.360236,0
2023-12-28,sh.600506,15.8700000000,16.5400000000,14.9100000000,16.5400000000,15.0400000000,44117180,686520025.3700,2,29.868100,1,9.973400,-137.312485,7.526297,1.478292,-48.784461,0
2023-12-29,sh.600506,17.2300000000,18.1900000000,17.2300000000,18.1900000000,16.5400000000,35493092,636170182.2200,2,24.029400,1,9.975800,-151.010526,8.277107,1.625764,-53.651110,0
2024-01-02,sh.600506,17.9900000000,19.6000000000,16.3700000000,16.3700000000,18.1900000000,57948180,1017974745.6800,2,39.231900,1,-10.005500,-135.901171,7.448941,1.463098,-48.283049,0
2024-01-03,sh.600506,15.9900000000,16.2900000000,14.8200000000,14.9000000000,16.3700000000,42475992,656824231.8400,2,28.757000,1,-8.979800,-123.697462,6.780038,1.331714,-43.947308,0
2024-01-04,sh.600506,15.1900000000,15.2900000000,14.4000000000,14.5100000000,14.9000000000,30015201,441332548.5500,2,20.320800,1,-2.617400,-120.459743,6.602574,1.296857,-42.797009,0
2024-01-05,sh.600506,14.5000000000,15.4300000000,14.4300000000,15.1100000000,14.5100000000,34969049,523213325.4500,2,23.674600,1,4.135100,-125.440849,6.875596,1.350483,-44.566700,0
2024-01-08,sh.600506,15.0700000000,15.0700000000,14.1700000000,14.2300000000,15.1100000000,23305670,336184934.1000,2,15.778300,1,-5.824000,-118.135227,6.475164,1.271832,-41.971154,0
2024-01-09,sh.600506,14.4500000000,15.6500000000,14.4500000000,15.6500000000,14.2300000000,11915500,183105372.0000,2,8.067000,1,9.978900,-129.923844,7.121315,1.398747,-46.159421,0
2024-01-10,sh.600506,16.2900000000,16.2900000000,15.1000000000,15.1400000000,15.6500000000,38750279,607667800.1400,2,26.234600,1,-3.258800,-125.689904,6.889247,1.353165,-44.655184,0
2024-01-11,sh.600506,15.2000000000,16.0000000000,14.8200000000,15.6700000000,15.1400000000,35270476,544725739.9200,2,23.878700,1,3.500700,-130.089881,7.130416,1.400534,-46.218411,0
2024-01-12,sh.600506,15.7800000000,16.3600000000,15.1300000000,15.1800000000,15.6700000000,28910500,452654380.0000,2,19.572900,1,-3.127000,-126.021978,6.907448,1.356740,-44.773163,0
2024-01-15,sh.600506,15.1200000000,15.1800000000,14.6100000000,14.9100000000,15.1800000000,19364000,288559035.0000,2,13.109700,1,-1.778700,-123.780480,6.784588,1.332608,-43.976803,0
2024-01-16,sh.600506,14.6400000000,14.7800000000,13.8000000000,14.1200000000,14.9100000000,21748800,306477050.0000,2,14.724300,1,-5.298500,-117.222024,6.425110,1.262000,-41.646711,0
2024-01-17,sh.600506,14.0100000000,14.0800000000,13.2800000000,13.2800000000,14.1200000000,17138700,231276254.0000,2,11.603200,1,-5.949000,-110.248476,6.042880,1.186924,-39.169144,0
2024-01-18,sh.600506,13.1700000000,13.2100000000,12.3600000000,12.8100000000,13.2800000000,17452300,220777367.0000,2,11.815500,1,-3.539200,-106.346610,5.829013,1.144917,-37.782887,0
2024-01-19,sh.600506,12.7900000000,12.8300000000,12.3800000000,12.4200000000,12.8100000000,9270100,116265746.0000,2,6.276000,1,-3.044500,-103.108891,5.651548,1.110060,-36.632588,0
2024-01-22,sh.600506,12.4300000000,12.5600000000,11.5600000000,11.6700000000,12.4200000000,11713400,140792419.0000,2,7.930200,1,-6.038600,-96.882509,5.310271,1.043027,-34.420475,0
2024-01-23,sh.600506,11.7600000000,11.9800000000,11.5100000000,11.7700000000,11.6700000000,9554500,112406755.0000,2,6.468600,1,0.856900,-97.712693,5.355775,1.051965,-34.715424,0
2024-01-24,sh.600506,11.8000000000,12.3000000000,11.5700000000,12.2100000000,11.7700000000,17884760,214202894.2000,2,12.108300,1,3.738300,-101.365504,5.555991,1.091291,-36.013197,0
2024-01-25,sh.600506,12.0800000000,12.8700000000,11.9500000000,12.7900000000,12.2100000000,18437500,232083806.0000,2,12.482500,1,4.750200,-106.180573,5.819912,1.143129,-37.723897,0
2024-01-26,sh.600506,13.0300000000,13.2700000000,12.6900000000,12.8400000000,12.7900000000,16317000,211053881.0000,2,11.046900,1,0.390900,-106.595665,5.842664,1.147598,-37.871371,0
2024-01-29,sh.600506,12.9000000000,12.9900000000,12.2000000000,12.2400000000,12.8400000000,10556500,131848984.0000,2,7.146900,1,-4.672900,-101.614559,5.569642,1.093972,-36.101681,0
2024-01-30,sh.600506,12.1100000000,12.4500000000,11.8500000000,11.8500000000,12.2400000000,8633500,104602323.0000,2,5.845000,1,-3.186300,-98.376841,5.392178,1.059115,-34.951383,0
2024-01-31,sh.600506,11.8000000000,11.8800000000,10.9600000000,11.1000000000,11.8500000000,10624711,120513137.8500,2,7.193100,1,-6.329100,-92.150458,5.050901,0.992082,-32.739270,0
2024-02-01,sh.600506,11.0600000000,11.0600000000,10.3800000000,10.6300000000,11.1000000000,8327300,88644406.0000,2,5.637700,1,-4.234200,-88.248592,4.837034,0.950075,-31.353012,0
2024-02-02,sh.600506,10.7200000000,11.0500000000,9.7200000000,10.0800000000,10.6300000000,10308600,106878918.0000,2,6.979100,1,-5.174000,-83.682578,4.586764,0.900918,-29.730796,0
2024-02-05,sh.600506,9.9000000000,10.0300000000,9.0700000000,9.0700000000,10.0800000000,8136200,74887624.0000,2,5.508300,1,-10.019800,-75.297717,4.127178,0.810648,-26.751818,0
2024-02-06,sh.600506,8.9300000000,8.9300000000,8.1600000000,8.1700000000,9.0700000000,16237200,134460779.0000,2,10.992900,1,-9.922800,-67.826058,3.717645,0.730208,-24.097282,0
2024-02-07,sh.600506,8.1800000000,8.2500000000,7.3700000000,7.3900000000,8.1700000000,18390761,140906297.7000,2,12.450800,1,-9.547100,-61.350620,3.362717,0.660495,-21.796685,0
2024-02-08,sh.600506,7.3000000000,8.0800000000,6.9500000000,8.0300000000,7.3900000000,17723398,134201582.2600,2,11.999000,1,8.660400,-66.663800,3.653940,0.717696,-23.684355,0
2024-02-19,sh.600506,8.0300000000,8.8300000000,8.0300000000,8.8300000000,8.0300000000,15939841,135869177.7600,2,10.791500,1,9.962600,-73.305274,4.017969,0.789197,-26.043942,0
2024-02-20,sh.600506,9.0400000000,9.6700000000,8.9600000000,9.1100000000,8.8300000000,19295527,177483536.5800,2,13.063400,1,3.171000,-75.629791,4.145379,0.814223,-26.869797,0
2024-02-21,sh.600506,9.0900000000,9.9600000000,8.8600000000,9.3900000000,9.1100000000,18136533,170430644.7200,2,12.278700,1,3.073500,-77.954307,4.272789,0.839248,-27.695653,0
2024-02-22,sh.600506,9.5000000000,10.2200000000,9.4700000000,10.2000000000,9.3900000000,19431958,191826878.4300,2,13.155800,1,8.626200,-84.678799,4.641368,0.911643,-30.084734,0
2024-02-23,sh.600506,10.0300000000,10.4600000000,9.8400000000,10.3100000000,10.2000000000,20855147,211054750.0700,2,14.119300,1,1.078400,-85.592002,4.691422,0.921475,-30.409178,0
2024-02-26,sh.600506,10.2000000000,10.9500000000,10.1700000000,10.6600000000,10.3100000000,19500055,205623995.7300,2,13.201900,1,3.394800,-88.497647,4.850685,0.952757,-31.441497,0
2024-02-27,sh.600506,10.5900000000,11.2300000000,10.4200000000,11.2300000000,10.6600000000,17704200,194236223.0000,2,11.986000,1,5.347100,-93.229698,5.110056,1.003701,-33.122703,0
2024-02-28,sh.600506,11.1800000000,11.4500000000,10.1100000000,10.1100000000,11.2300000000,22867680,247250933.8000,2,15.481800,1,-9.973300,-83.931634,4.600415,0.903599,-29.819281,0
2024-02-29,sh.600506,9.7000000000,10.4900000000,9.6600000000,10.4400000000,10.1100000000,14719885,151516235.0400,2,9.965600,1,3.264100,-86.671242,4.750577,0.933094,-30.792610,0
2024-03-01,sh.600506,10.4900000000,10.9200000000,10.4600000000,10.8400000000,10.4400000000,16540210,176980028.0000,2,11.198000,1,3.831400,-89.991979,4.932591,0.968845,-31.972404,0
2024-03-04,sh.600506,11.2400000000,11.9200000000,10.9100000000,11.9200000000,10.8400000000,14329902,166533327.8400,2,9.701600,1,9.963100,-98.957970,5.424030,1.065371,-35.157846,0
2024-03-05,sh.600506,12.6500000000,13.1100000000,12.3300000000,12.3800000000,11.9200000000,41431386,530366586.5000,2,28.049700,1,3.859100,-102.776817,5.633347,1.106485,-36.514609,0
2024-03-06,sh.600506,11.9900000000,12.3700000000,11.5900000000,12.1700000000,12.3800000000,28106238,338323541.8600,2,19.028400,1,-1.696300,-101.033430,5.537789,1.087716,-35.895217,0
2024-03-07,sh.600506,12.0600000000,12.2500000000,11.3000000000,11.4100000000,12.1700000000,22720800,266115398.0000,2,15.382400,1,-6.244900,-94.724030,5.191962,1.019789,-33.653610,0
2024-03-08,sh.600506,11.3000000000,12.5500000000,11.3000000000,12.5500000000,11.4100000000,21150076,263725021.5200,2,14.319000,1,9.991200,-104.188131,5.710703,1.121679,-37.016021,0
2024-03-11,sh.600506,12.7100000000,13.4600000000,12.2200000000,13.4500000000,12.5500000000,42574739,538632404.5800,2,28.823800,1,7.171300,-111.659790,6.120236,1.202118,-39.670557,0
2024-03-12,sh.600506,13.0000000000,13.3800000000,12.7900000000,12.9000000000,13.4500000000,26421550,342527477.4000,2,17.887800,1,-4.089200,-107.093776,5.869966,1.152961,-38.048341,0
2024-03-13,sh.600506,12.9000000000,13.1000000000,12.6200000000,12.7400000000,12.9000000000,15046710,192764529.4000,2,10.186900,1,-1.240300,-105.765481,5.797160,1.138660,-37.576423,0
2024-03-14,sh.600506,12.5900000000,13.0000000000,12.3500000000,12.9500000000,12.7400000000,19573400,250647429.0000,2,13.251500,1,1.648400,-107.508868,5.892718,1.157430,-38.195815,0
2024-03-15,sh.600506,12.9500000000,12.9500000000,12.6000000000,12.8100000000,12.9500000000,13470510,171856117.9000,2,9.119800,1,-1.081100,-106.346610,5.829013,1.144917,-37.782887,0
2024-03-18,sh.600506,12.7900000000,13.9500000000,12.6200000000,13.3000000000,12.8100000000,25179610,331730822.1200,2,17.047000,1,3.825100,-110.414513,6.051980,1.188711,-39.228134,0
2024-03-19,sh.600506,13.2100000000,14.6300000000,13.1200000000,14.6300000000,13.3000000000,36695176,524406296.3900,2,24.843200,1,10.000000,-121.455964,6.657178,1.307583,-43.150947,0
2024-03-20,sh.600506,14.2000000000,15.8900000000,14.0500000000,14.6900000000,14.6300000000,41050233,599931590.5400,2,27.791700,1,0.410100,-121.954075,6.684480,1.312945,-43.327916,0
2024-03-21,sh.600506,14.2900000000,14.6000000000,14.1500000000,14.1800000000,14.6900000000,22133580,317054694.0200,2,14.984800,1,-3.471700,-117.720135,6.452412,1.267363,-41.823680,0
2024-03-22,sh.600506,14.1000000000,14.3200000000,13.6000000000,13.6900000000,14.1800000000,16900797,233003255.7200,2,11.442100,1,-3.455600,-113.652232,6.229444,1.223568,-40.378433,0
2024-03-25,sh.600506,13.6000000000,13.9600000000,12.9000000000,13.1300000000,13.6900000000,15392781,209431521.7300,2,10.421200,1,-4.090600,-109.003200,5.974624,1.173517,-38.726722,0
2024-03-26,sh.600506,13.0000000000,14.1100000000,12.7000000000,13.9700000000,13.1300000000,23797201,321294090.8200,2,16.111100,1,6.397600,-115.976748,6.356854,1.248594,-41.204288,0
2024-03-27,sh.600506,13.6900000000,13.8300000000,12.7100000000,12.8900000000,13.9700000000,15082375,200290336.7000,2,10.211000,1,-7.730900,-107.010757,5.865415,1.152067,-38.018846,0
2024-03-28,sh.600506,12.8000000000,14.1800000000,12.5800000000,14.1800000000,12.8900000000,31293696,432512384.0800,2,21.186400,1,10.007800,-117.720135,6.452412,1.267363,-41.823680,0
2024-03-29,sh.600506,14.0900000000,14.7500000000,13.9000000000,13.9300000000,14.1800000000,33293638,476864211.4700,2,22.540300,1,-1.763000,-115.644674,6.338653,1.245019,-41.086309,0
2024-04-01,sh.600506,13.9400000000,14.2000000000,13.7100000000,13.9900000000,13.9300000000,22988772,320649945.9000,2,15.563800,1,0.430700,-116.142785,6.365955,1.250381,-41.263278,0
2024-04-02,sh.600506,13.9200000000,14.3400000000,13.7400000000,14.0500000000,13.9900000000,17024694,239126615.5000,2,11.526000,1,0.428900,-116.640895,6.393257,1.255744,-41.440247,0
2024-04-03,sh.600506,13.8800000000,13.9800000000,13.1900000000,13.2100000000,14.0500000000,15205134,205224473.2500,2,10.294100,1,-5.978600,-109.667347,6.011027,1.180668,-38.962680,0
2024-04-08,sh.600506,13.1000000000,13.4300000000,12.8600000000,12.9200000000,13.2100000000,9845907,129014057.3400,2,6.665800,1,-2.195300,-107.259813,5.879067,1.154748,-38.107330,0
2024-04-09,sh.600506,12.7500000000,13.0000000000,12.6000000000,12.8400000000,12.9200000000,8123735,103788361.6500,2,5.499900,1,-0.619200,-106.595665,5.842664,1.147598,-37.871371,0
2024-04-10,sh.600506,12.7900000000,12.8700000000,11.9000000000,12.0000000000,12.8400000000,13058001,159596842.2500,2,8.840500,1,-6.542100,-99.622117,5.460433,1.072522,-35.393805,0
2024-04-11,sh.600506,11.9400000000,12.3000000000,11.7800000000,11.9300000000,12.0000000000,9034500,108946755.0000,2,6.116500,1,-0.583300,-99.040988,5.428581,1.066265,-35.187341,0
2024-04-12,sh.600506,12.0000000000,12.4000000000,11.9400000000,12.0500000000,11.9300000000,9031500,109820341.4000,2,6.114500,1,1.005900,-100.037209,5.483185,1.076990,-35.541279,0
2024-04-15,sh.600506,11.8400000000,11.9900000000,10.8500000000,11.0900000000,12.0500000000,13096153,147415436.0400,2,8.866300,1,-7.966800,-92.067440,5.046350,0.991189,-32.709775,0
2024-04-16,sh.600506,10.9500000000,10.9600000000,9.9800000000,9.9800000000,11.0900000000,12782409,130361059.6100,2,8.653900,1,-10.009000,-39.121507,4.772665,0.855945,-7.575181,0
2024-04-17,sh.600506,9.8000000000,10.8000000000,9.8000000000,10.7500000000,9.9800000000,11203000,118462124.0000,2,7.584600,1,7.715400,-42.139899,5.140897,0.921985,-8.159639,0
2024-04-18,sh.600506,10.8300000000,10.9700000000,10.5700000000,10.7800000000,10.7500000000,8691747,94024557.6300,2,5.884500,1,0.279100,-42.257499,5.155244,0.924558,-8.182410,0
2024-04-19,sh.600506,10.7800000000,11.3200000000,10.6500000000,11.1700000000,10.7800000000,10294224,113843661.6800,2,6.969400,1,3.617800,-43.786295,5.341751,0.958006,-8.478434,0
2024-04-22,sh.600506,11.0100000000,11.1200000000,10.4900000000,10.6900000000,11.1700000000,7598900,81722301.0000,2,5.144600,1,-4.297200,-41.904700,5.112204,0.916839,-8.114097,0
2024-04-23,sh.600506,10.7600000000,10.9100000000,10.6500000000,10.6600000000,10.6900000000,5056900,54430589.0000,2,3.423600,1,-0.280600,-41.787100,5.097857,0.914266,-8.091326,0
2024-04-24,sh.600506,10.8000000000,11.2000000000,10.7500000000,11.1400000000,10.6600000000,6755701,74398648.0400,2,4.573700,1,4.502800,-43.668696,5.327404,0.955433,-8.455663,0
2024-04-25,sh.600506,11.2000000000,11.3700000000,11.1000000000,11.1600000000,11.1400000000,6349100,71222654.0000,2,4.298400,1,0.179500,-43.747096,5.336968,0.957149,-8.470844,0
2024-04-26,sh.600506,11.1600000000,11.5100000000,11.1600000000,11.4000000000,11.1600000000,7664354,87253491.8300,2,5.188900,1,2.150500,-44.687893,5.451742,0.977732,-8.653013,0
2024-04-29,sh.600506,11.3100000000,11.8000000000,11.2300000000,11.7800000000,11.4000000000,7313701,85233309.6300,2,4.951500,1,3.333300,-46.177490,5.633467,1.010324,-8.941446,0
2024-04-30,sh.600506,12.9600000000,12.9600000000,12.9600000000,12.9600000000,11.7800000000,4792575,62111772.0000,2,3.244700,1,10.017000,-255.026261,5.643193,1.076844,767.014805,0
2024-05-06,sh.600506,13.5900000000,13.5900000000,13.1700000000,13.2000000000,12.9600000000,22704908,303233438.3900,2,15.371600,1,1.851900,-259.748969,5.747697,1.096785,781.218783,0
2024-05-07,sh.600506,13.1100000000,14.5200000000,13.1100000000,14.1100000000,13.2000000000,28593575,399488301.5000,2,19.358300,1,6.893900,-277.655906,6.143940,1.172397,835.075533,0
2024-05-08,sh.600506,13.7000000000,13.9300000000,13.3000000000,13.3700000000,14.1100000000,18208700,245435316.0000,2,12.327600,1,-5.244500,-263.094221,5.821720,1.110911,791.279934,0
2024-05-09,sh.600506,13.3700000000,13.5500000000,13.2700000000,13.2800000000,13.3700000000,11696700,156327855.0000,2,7.918900,1,-0.673100,-261.323205,5.782531,1.103433,785.953443,0
2024-05-10,sh.600506,13.3600000000,13.5400000000,13.1700000000,13.3900000000,13.2800000000,11155100,149069518.0000,2,7.552200,1,0.828300,-263.487780,5.830429,1.112572,792.463599,0
2024-05-13,sh.600506,13.2000000000,13.9100000000,12.9800000000,13.8700000000,13.3900000000,17043000,231518012.0000,2,11.538400,1,3.584800,-272.933197,6.039436,1.152456,820.871555,0
2024-05-14,sh.600506,13.6800000000,14.1800000000,13.6800000000,13.7400000000,13.8700000000,13679970,189735526.7700,2,9.261600,1,-0.937300,-270.375063,5.982830,1.141654,813.177733,0
2024-05-15,sh.600506,13.7300000000,14.7000000000,13.7000000000,14.0500000000,13.7400000000,19350588,274627696.9500,2,13.100700,1,2.256200,-276.475228,6.117814,1.167412,831.524538,0
2024-05-16,sh.600506,13.7900000000,14.6600000000,13.5700000000,14.5000000000,14.0500000000,22867212,323813757.8400,2,15.481500,1,3.202800,-285.330307,6.313758,1.204802,858.156997,0
2024-05-17,sh.600506,14.1400000000,14.3200000000,13.7100000000,13.9000000000,14.5000000000,16731212,234779315.2400,2,11.327300,1,-4.137900,-273.523536,6.052499,1.154948,822.647052,0
2024-05-20,sh.600506,13.7700000000,14.0500000000,13.4500000000,13.7600000000,13.9000000000,11654532,160797766.4500,2,7.890300,1,-1.007200,-270.768622,5.991538,1.143316,814.361398,0
2024-05-21,sh.600506,13.6600000000,13.7500000000,13.4500000000,13.6100000000,13.7600000000,9674613,131016541.9700,2,6.549900,1,-1.090100,-267.816929,5.926224,1.130852,805.483912,0
2024-05-22,sh.600506,13.6800000000,13.8500000000,13.4500000000,13.5600000000,13.6100000000,7303072,99437503.3200,2,4.944300,1,-0.367400,-266.833032,5.904452,1.126698,802.524750,0
2024-05-23,sh.600506,13.5500000000,14.1600000000,13.5500000000,13.6100000000,13.5600000000,16737500,231874839.0000,2,11.331600,1,0.368700,-267.816929,5.926224,1.130852,805.483912,0
2024-05-24,sh.600506,13.7200000000,14.8000000000,13.7200000000,14.1900000000,13.6100000000,25491292,362547642.4000,2,17.258000,1,4.261600,-279.230142,6.178774,1.179044,839.810192,0
2024-05-27,sh.600506,13.9600000000,14.1200000000,13.3000000000,13.6300000000,14.1900000000,16909392,231160114.0000,2,11.447900,1,-3.946400,-268.210488,5.934932,1.132514,806.667577,0
2024-05-28,sh.600506,13.6200000000,13.8000000000,13.1400000000,13.2100000000,13.6300000000,11868092,158127017.9100,2,8.034900,1,-3.081400,-259.945749,5.752051,1.097616,781.810616,0
2024-05-29,sh.600506,13.3100000000,13.6700000000,13.1400000000,13.4800000000,13.2100000000,9812100,132073118.0000,2,6.643000,1,2.043900,-265.258796,5.869618,1.120051,797.790091,0
2024-05-30,sh.600506,13.3000000000,13.4600000000,12.9800000000,13.0600000000,13.4800000000,8833301,115909294.0500,2,5.980300,1,-3.115700,-256.994056,5.686736,1.085153,772.933129,0
2024-05-31,sh.600506,13.3900000000,13.9300000000,13.3000000000,13.3600000000,13.0600000000,10129201,136737654.3800,2,6.857600,1,2.297100,-262.897441,5.817366,1.110080,790.688102,0
2024-06-03,sh.600506,13.4200000000,13.5100000000,12.9700000000,13.0800000000,13.3600000000,8266400,108562088.0000,2,5.596500,1,-2.095800,-257.387615,5.695445,1.086815,774.116794,0
2024-06-04,sh.600506,13.0100000000,13.0800000000,12.3600000000,12.6000000000,13.0800000000,10828880,135937515.0000,2,7.331300,1,-3.669700,-247.942198,5.486438,1.046932,745.708839,0
2024-06-05,sh.600506,12.6200000000,12.7400000000,12.4300000000,12.5100000000,12.6000000000,6124755,77252574.0300,2,4.146600,1,-0.714300,-246.171182,5.447249,1.039453,740.382347,0
2024-06-06,sh.600506,12.6500000000,12.7400000000,11.9800000000,12.1400000000,12.5100000000,7696400,94335791.0000,2,5.210600,1,-2.957600,-238.890340,5.286139,1.008710,718.484548,0
2024-06-07,sh.600506,12.3800000000,12.7500000000,12.2400000000,12.5800000000,12.1400000000,7979400,99636728.0000,2,5.402200,1,3.624400,-247.548639,5.477729,1.045270,744.525174,0
2024-06-11,sh.600506,12.6000000000,12.7700000000,12.2800000000,12.7500000000,12.5800000000,6025900,75690358.0000,2,4.079600,1,1.351400,-250.893891,5.551753,1.059395,754.586325,0
2024-06-12,sh.600506,12.8000000000,13.1500000000,12.8000000000,12.9600000000,12.7500000000,6820500,88800364.3000,2,4.617600,1,1.647100,-255.026261,5.643193,1.076844,767.014805,0
2024-06-13,sh.600506,12.9600000000,13.0500000000,12.6000000000,12.6600000000,12.9600000000,5028000,64119747.0000,2,3.404000,1,-2.314800,-249.122875,5.512564,1.051917,749.259833,0
2024-06-14,sh.600506,12.6600000000,12.9400000000,12.5100000000,12.7400000000,12.6600000000,4903100,62726617.0000,2,3.319500,1,0.631900,-250.697111,5.547398,1.058564,753.994492,0
2024-06-17,sh.600506,12.7000000000,12.7000000000,12.2800000000,12.2800000000,12.7400000000,5681100,70562212.0000,2,3.846200,1,-3.610700,-241.645253,5.347100,1.020343,726.770201,0
2024-06-18,sh.600506,12.3400000000,12.6200000000,12.3000000000,12.4700000000,12.2800000000,4679900,58430428.0000,2,3.168400,1,1.547200,-245.384064,5.429832,1.036130,738.015017,0
2024-06-19,sh.600506,12.5800000000,12.8000000000,12.5100000000,12.5900000000,12.4700000000,5786800,73379837.0000,2,3.917800,1,0.962300,-247.745418,5.482084,1.046101,745.117006,0
2024-06-20,sh.600506,12.6600000000,12.8200000000,12.2800000000,12.3200000000,12.5900000000,5911480,73755474.4000,2,4.002200,1,-2.144600,-242.432371,5.364517,1.023666,729.137531,0
2024-06-21,sh.600506,12.2000000000,12.5800000000,12.0800000000,12.4300000000,12.3200000000,4157900,51449380.0000,2,2.815000,1,0.892900,-244.596946,5.412414,1.032806,735.647688,0
2024-06-24,sh.600506,12.2800000000,12.3900000000,11.8300000000,11.9300000000,12.4300000000,5128500,61678882.0000,2,3.472100,1,-4.022500,-234.757970,5.194699,0.991261,706.056067,0
2024-06-25,sh.600506,11.9200000000,12.2300000000,11.8800000000,11.9700000000,11.9300000000,3927500,47354415.0000,2,2.659000,1,0.335300,-235.545088,5.212116,0.994585,708.423397,0
2024-06-26,sh.600506,11.9400000000,12.3300000000,11.8300000000,12.3000000000,11.9700000000,4680680,56645712.6000,2,3.168900,1,2.756900,-242.038812,5.355808,1.022005,727.953866,0
2024-06-27,sh.600506,12.2400000000,12.6100000000,12.2100000000,12.2100000000,12.3000000000,5129780,63540743.6000,2,3.472900,1,-0.731700,-240.267796,5.316620,1.014526,722.627375,0
2024-06-28,sh.600506,12.0800000000,12.5500000000,12.0700000000,12.3800000000,12.2100000000,4769680,59050823.2000,2,3.229200,1,1.392300,-243.613048,5.390643,1.028652,732.688526,0
2024-07-01,sh.600506,12.5000000000,12.9000000000,12.3800000000,12.8200000000,12.3800000000,8455900,107742277.1400,2,5.724800,1,3.554100,-252.271347,5.582233,1.065211,758.729152,0
2024-07-02,sh.600506,12.8100000000,12.9800000000,12.7000000000,12.7500000000,12.8200000000,6038200,77373532.4700,2,4.088000,1,-0.546000,-250.893891,5.551753,1.059395,754.586325,0
2024-07-03,sh.600506,12.6600000000,12.9900000000,12.6000000000,12.6200000000,12.7500000000,5643500,72254565.2000,2,3.820700,1,-1.019600,-248.335757,5.495146,1.048593,746.892503,0
2024-07-04,sh.600506,12.6600000000,12.6700000000,12.1200000000,12.2100000000,12.6200000000,5143200,63562198.0000,2,3.482000,1,-3.248800,-240.267796,5.316620,1.014526,722.627375,0
2024-07-05,sh.600506,12.1700000000,12.5400000000,12.0300000000,12.4900000000,12.2100000000,4542686,55850300.5800,2,3.075500,1,2.293200,-245.777623,5.438540,1.037792,739.198682,0
2024-07-08,sh.600506,12.4700000000,12.4800000000,12.0500000000,12.1200000000,12.4900000000,3580000,43675256.0000,2,2.423700,1,-2.962400,-238.496781,5.277431,1.007048,717.300883,0
2024-07-09,sh.600506,12.1300000000,12.6900000000,12.0400000000,12.6300000000,12.1200000000,5774300,71352616.9900,2,3.909300,1,4.207900,-248.532536,5.499501,1.049424,747.484336,0
2024-07-10,sh.600506,12.5700000000,12.9600000000,12.4300000000,12.7400000000,12.6300000000,6586580,83789663.4000,2,4.459200,1,0.870900,-250.697111,5.547398,1.058564,753.994492,0
2024-07-11,sh.600506,12.2600000000,12.7500000000,12.1800000000,12.7300000000,12.7400000000,9590701,119853414.5900,2,6.493100,1,-0.078500,-250.500331,5.543044,1.057733,753.402660,0
2024-07-12,sh.600506,12.6900000000,12.8100000000,12.4100000000,12.4100000000,12.7300000000,6709353,84305075.5700,2,4.542300,1,-2.513700,-244.203387,5.403706,1.031144,734.464023,0
2024-07-15,sh.600506,12.3900000000,12.3900000000,11.9800000000,11.9800000000,12.4100000000,5900600,71279523.0000,2,3.994800,1,-3.464900,-235.741867,5.216470,0.995416,709.015229,0
2024-07-16,sh.600506,11.9800000000,12.0000000000,11.4600000000,11.5800000000,11.9800000000,6647900,77068723.0000,2,4.500700,1,-3.338900,-227.870686,5.042298,0.962180,685.341933,0
2024-07-17,sh.600506,11.6100000000,11.7200000000,11.3300000000,11.7000000000,11.5800000000,4326300,50062725.0000,2,2.929000,1,1.036300,-230.232041,5.094549,0.972151,692.443922,0
2024-07-18,sh.600506,11.5900000000,11.5900000000,11.2200000000,11.4300000000,11.7000000000,4277300,48714587.0000,2,2.895800,1,-2.307700,-224.918994,4.976983,0.949716,676.464446,0
2024-07-19,sh.600506,11.3400000000,11.5500000000,11.3100000000,11.4000000000,11.4300000000,3157742,36148004.1200,2,2.137800,1,-0.262500,-224.328655,4.963920,0.947224,674.688949,0
2024-07-22,sh.600506,11.4800000000,11.5000000000,11.3200000000,11.4300000000,11.4000000000,2533100,28847041.0000,2,1.715000,1,0.263200,-224.918994,4.976983,0.949716,676.464446,0
2024-07-23,sh.600506,11.4300000000,11.6200000000,11.2000000000,11.2200000000,11.4300000000,3687890,42191050.3000,2,2.496800,1,-1.837300,-220.786624,4.885542,0.932268,664.035966,0
2024-07-24,sh.600506,11.1000000000,11.6000000000,11.0900000000,11.2500000000,11.2200000000,4567280,51778756.0000,2,3.092100,1,0.267400,-221.376962,4.898605,0.934760,665.811463,0
2024-07-25,sh.600506,11.1200000000,11.3200000000,10.9100000000,11.1100000000,11.2500000000,3762200,41761198.0000,2,2.547100,1,-1.244400,-218.622049,4.837645,0.923128,657.525809,0
2024-07-26,sh.600506,11.1100000000,11.5900000000,11.1100000000,11.4300000000,11.1100000000,4715500,53846456.0000,2,3.192500,1,2.880300,-224.918994,4.976983,0.949716,676.464446,0
2024-07-29,sh.600506,11.4300000000,11.5000000000,11.3500000000,11.3500000000,11.4300000000,2449200,27902066.0000,2,1.658100,1,-0.699900,-223.344757,4.942148,0.943069,671.729787,0
2024-07-30,sh.600506,11.2700000000,11.4900000000,11.2700000000,11.4500000000,11.3500000000,2781163,31750559.4200,2,1.882900,1,0.881100,-225.312553,4.985692,0.951378,677.648111,0
2024-07-31,sh.600506,11.4500000000,11.7200000000,11.4000000000,11.6800000000,11.4500000000,4159681,48342130.1600,2,2.816200,1,2.008700,-229.838482,5.085841,0.970489,691.260257,0
2024-08-01,sh.600506,11.6900000000,11.8900000000,11.6800000000,11.7400000000,11.6800000000,3969200,46693640.0000,2,2.687200,1,0.513700,-231.019159,5.111967,0.975474,694.811251,0
2024-08-02,sh.600506,11.7200000000,11.7800000000,11.5300000000,11.5700000000,11.7400000000,3322800,38712102.0000,2,2.249600,1,-1.448000,-227.673907,5.037943,0.961349,684.750100,0
2024-08-05,sh.600506,11.5000000000,11.6300000000,11.1100000000,11.1500000000,11.5700000000,4529900,51387899.0000,2,3.066800,1,-3.630100,-219.409167,4.855062,0.926451,659.893139,0
2024-08-06,sh.600506,11.2800000000,11.3800000000,11.2000000000,11.3600000000,11.1500000000,2654000,29976877.0000,2,1.796800,1,1.883400,-223.541537,4.946503,0.943900,672.321620,0
2024-08-07,sh.600506,11.3600000000,11.4300000000,11.2500000000,11.3700000000,11.3600000000,2077800,23563574.0000,2,1.406700,1,0.088000,-223.738317,4.950857,0.944731,672.913452,0
2024-08-08,sh.600506,11.3600000000,11.4500000000,11.1200000000,11.4400000000,11.3700000000,3015002,34135142.7400,2,2.041200,1,0.615700,-225.115773,4.981337,0.950547,677.056279,0
2024-08-09,sh.600506,11.4000000000,11.6200000000,11.3600000000,11.5900000000,11.4400000000,3428900,39547338.0000,2,2.321400,1,1.311200,-228.067466,5.046652,0.963011,685.933765,0
2024-08-12,sh.600506,11.6900000000,11.7500000000,11.2600000000,11.4300000000,11.5900000000,3647100,41860235.0000,2,2.469100,1,-1.380500,-224.918994,4.976983,0.949716,676.464446,0
2024-08-13,sh.600506,11.5100000000,11.7800000000,11.2300000000,11.4400000000,11.4300000000,6011900,69100373.0000,2,4.070200,1,0.087500,-252.635634,5.178542,0.959176,267.628152,0
2024-08-14,sh.600506,11.3000000000,11.3900000000,11.0800000000,11.0900000000,11.4400000000,5384281,60270413.9100,2,3.645200,1,-3.059400,-244.906397,5.020107,0.929830,259.440228,0
2024-08-15,sh.600506,11.1000000000,11.2800000000,10.9800000000,11.1800000000,11.0900000000,3489800,38922318.0000,2,2.362700,1,0.811500,-246.893915,5.060848,0.937376,261.545694,0
2024-08-16,sh.600506,11.1800000000,11.3200000000,11.0000000000,11.0500000000,11.1800000000,3183801,35504107.1800,2,2.155500,1,-1.162800,-244.023055,5.002001,0.926476,258.504465,0
2024-08-19,sh.600506,11.0000000000,11.0400000000,10.7500000000,10.7800000000,11.0500000000,4260800,46246038.0000,2,2.884600,1,-2.443400,-238.060501,4.879780,0.903839,252.188066,0
2024-08-20,sh.600506,10.8300000000,10.8500000000,10.5500000000,10.6200000000,10.7800000000,3131300,33360124.1800,2,2.119900,1,-1.484200,-234.527136,4.807353,0.890423,248.445015,0
2024-08-21,sh.600506,10.6200000000,10.7200000000,10.5600000000,10.6900000000,10.6200000000,1825700,19455904.0000,2,1.236000,1,0.659100,-236.072983,4.839040,0.896293,250.082600,0
2024-08-22,sh.600506,10.6100000000,10.7000000000,10.4300000000,10.4400000000,10.6900000000,2132800,22484440.0000,2,1.443900,1,-2.338600,-230.552099,4.725872,0.875332,244.234083,0
2024-08-23,sh.600506,10.4400000000,10.5600000000,10.2400000000,10.4700000000,10.4400000000,2415542,25126126.3800,2,1.635400,1,0.287400,-231.214606,4.739452,0.877847,244.935905,0
2024-08-26,sh.600506,10.4700000000,11.5200000000,10.4200000000,11.5200000000,10.4700000000,10574100,117900723.0000,2,7.158800,1,10.028700,-254.402317,5.214755,0.965883,269.499677,0
2024-08-27,sh.600506,11.5000000000,11.7700000000,11.2200000000,11.2800000000,11.5200000000,13423101,154253635.5200,2,9.087700,1,-2.083300,-249.102268,5.106115,0.945761,263.885101,0
2024-08-28,sh.600506,11.3800000000,12.3000000000,11.2100000000,11.6000000000,11.2800000000,13100100,153831377.0000,2,8.869000,1,2.836900,-256.168999,5.250969,0.972591,271.371203,0
2024-08-29,sh.600506,11.5300000000,11.6800000000,11.1600000000,11.3500000000,11.6000000000,9205800,104245860.0000,2,6.232500,1,-2.155200,-250.648116,5.137802,0.951630,265.522686,0
2024-08-30,sh.600506,11.2900000000,11.5800000000,11.1700000000,11.4700000000,11.3500000000,8472400,96686793.0000,2,5.736000,1,1.057300,-253.298140,5.192122,0.961691,268.329974,0
2024-09-02,sh.600506,11.4700000000,11.5600000000,11.2700000000,11.3000000000,11.4700000000,5092000,58120519.0000,2,3.447400,1,-1.482100,-249.543939,5.115168,0.947437,264.352982,0
2024-09-03,sh.600506,11.2100000000,11.3600000000,11.1600000000,11.2200000000,11.3000000000,4617500,51888448.0000,2,3.126100,1,-0.708000,-247.777256,5.078955,0.940730,262.481457,0
2024-09-04,sh.600506,11.1700000000,11.1900000000,10.8300000000,10.9000000000,11.2200000000,4650400,50859038.0000,2,3.148400,1,-2.852000,-240.710525,4.934100,0.913900,254.995354,0
2024-09-05,sh.600506,10.9400000000,11.8000000000,10.9300000000,11.2000000000,10.9000000000,6239700,70586904.0000,2,4.224400,1,2.752300,-247.335586,5.069901,0.939053,262.013575,0
2024-09-06,sh.600506,11.3600000000,12.3000000000,11.2500000000,11.6200000000,11.2000000000,13507500,158430269.6400,2,9.144800,1,3.750000,-256.610670,5.260022,0.974267,271.839084,0
2024-09-09,sh.600506,11.5100000000,11.6200000000,11.1800000000,11.2800000000,11.6200000000,8049800,91286087.0000,2,5.449800,1,-2.926000,-249.102268,5.106115,0.945761,263.885101,0
2024-09-10,sh.600506,11.2800000000,11.4900000000,10.9300000000,11.1700000000,11.2800000000,5794200,64491110.0000,2,3.922800,1,-0.975200,-246.673080,5.056321,0.936538,261.311753,0
2024-09-11,sh.600506,11.0100000000,11.1100000000,10.9100000000,11.0300000000,11.1700000000,3252500,35810276.0000,2,2.202000,1,-1.253400,-243.581385,4.992947,0.924800,258.036584,0
2024-09-12,sh.600506,11.0800000000,11.2200000000,10.9200000000,10.9200000000,11.0300000000,3542900,39200328.0000,2,2.398600,1,-0.997300,-241.152196,4.943154,0.915577,255.463236,0
2024-09-13,sh.600506,10.9200000000,11.0500000000,10.6500000000,10.6900000000,10.9200000000,3975400,43054530.0000,2,2.691400,1,-2.106200,-236.072983,4.839040,0.896293,250.082600,0
2024-09-18,sh.600506,10.7000000000,10.8600000000,10.4200000000,10.6700000000,10.6900000000,3397300,36062996.0000,2,2.300000,1,-0.187100,-235.631312,4.829986,0.894616,249.614719,0
2024-09-19,sh.600506,10.8000000000,10.9600000000,10.6500000000,10.9600000000,10.6700000000,3795500,41221666.0000,2,2.569600,1,2.717900,-242.035537,4.961260,0.918930,256.398999,0
2024-09-20,sh.600506,11.0000000000,11.0500000000,10.8600000000,10.9100000000,10.9600000000,2520900,27579820.0000,2,1.706700,1,-0.456200,-240.931361,4.938627,0.914738,255.229295,0
2024-09-23,sh.600506,10.9000000000,11.0800000000,10.8200000000,10.9600000000,10.9100000000,2703900,29614324.0000,2,1.830600,1,0.458300,-242.035537,4.961260,0.918930,256.398999,0
2024-09-24,sh.600506,11.0100000000,11.3400000000,11.0000000000,11.2800000000,10.9600000000,5695500,63710351.0000,2,3.855900,1,2.919700,-249.102268,5.106115,0.945761,263.885101,0
2024-09-25,sh.600506,11.3800000000,11.7500000000,11.3000000000,11.4500000000,11.2800000000,7189200,82814736.0000,2,4.867200,1,1.507100,-252.856469,5.183069,0.960014,267.862093,0
2024-09-26,sh.600506,11.4600000000,11.7500000000,11.3800000000,11.7500000000,11.4500000000,5841100,67577341.0000,2,3.954500,1,2.620100,-259.481530,5.318869,0.985167,274.880313,0
2024-09-27,sh.600506,11.8000000000,12.1600000000,11.7200000000,12.0700000000,11.7500000000,7060500,84397197.0000,2,4.780100,1,2.723400,-266.548261,5.463724,1.011997,282.366415,0
2024-09-30,sh.600506,12.3800000000,13.0800000000,12.1000000000,12.9400000000,12.0700000000,14650104,185320999.1100,2,9.918400,1,7.208000,-285.760936,5.857546,1.084942,302.719256,0
2024-10-08,sh.600506,14.2200000000,14.2200000000,12.7000000000,13.6100000000,12.9400000000,19068765,256039508.2900,2,12.909900,1,5.177700,-300.556904,6.160835,1.141117,318.393282,0
2024-10-09,sh.600506,13.1900000000,13.7500000000,12.3000000000,12.5900000000,13.6100000000,13093479,168930231.5800,2,8.864500,1,-7.494500,-278.031699,5.699112,1.055596,294.531331,0
2024-10-10,sh.600506,12.5900000000,13.2000000000,12.4300000000,12.6600000000,12.5900000000,10890801,140113636.7200,2,7.373300,1,0.556000,-279.577546,5.730799,1.061465,296.168916,0
2024-10-11,sh.600506,12.5800000000,12.8400000000,12.2800000000,12.3800000000,12.6600000000,7726401,97117330.7000,2,5.230900,1,-2.211700,-273.394156,5.604051,1.037989,289.618577,0
2024-10-14,sh.600506,12.8000000000,13.0600000000,12.5500000000,12.9700000000,12.3800000000,9988426,128449220.4500,2,6.762300,1,4.765800,-286.423442,5.871127,1.087457,303.421078,0
2024-10-15,sh.600506,12.6300000000,12.9100000000,12.4700000000,12.5300000000,12.9700000000,8405002,106420571.2500,2,5.690300,1,-3.392400,-276.706686,5.671952,1.050566,293.127687,0
2024-10-16,sh.600506,12.3000000000,12.6800000000,12.2400000000,12.6000000000,12.5300000000,5932002,74338606.7400,2,4.016100,1,0.558700,-278.252534,5.703639,1.056435,294.765272,0
2024-10-17,sh.600506,12.5800000000,12.6600000000,12.3500000000,12.3600000000,12.6000000000,5071500,63505954.0000,2,3.433500,1,-1.904800,-272.952486,5.594998,1.036312,289.150696,0
2024-10-18,sh.600506,12.4100000000,12.8600000000,12.4000000000,12.6500000000,12.3600000000,9922901,126005022.6100,2,6.718000,1,2.346300,-279.356711,5.726272,1.060627,295.934976,0
2024-10-21,sh.600506,12.6100000000,12.8100000000,12.4800000000,12.7300000000,12.6500000000,9207200,116534230.0000,2,6.233400,1,0.632400,-281.123393,5.762486,1.067334,297.806501,0
2024-10-22,sh.600506,12.7200000000,12.8500000000,12.6200000000,12.8000000000,12.7300000000,7043901,89827688.7900,2,4.768800,1,0.549900,-282.669241,5.794173,1.073203,299.444086,0
2024-10-23,sh.600506,12.7500000000,12.8500000000,12.5800000000,12.6400000000,12.8000000000,6115900,77836927.9900,2,4.140600,1,-1.250000,-279.135875,5.721746,1.059788,295.701035,0
2024-10-24,sh.600506,12.5400000000,13.5800000000,12.5200000000,13.0600000000,12.6400000000,15652518,205351740.8600,2,10.597000,1,3.322800,-288.410960,5.911867,1.095003,305.526544,0
2024-10-25,sh.600506,13.0500000000,13.2600000000,12.8800000000,13.1500000000,13.0600000000,10858723,142142215.2300,2,7.351500,1,0.689100,-290.398478,5.952607,1.102549,307.632010,0
2024-10-28,sh.600506,13.0800000000,13.5100000000,13.0200000000,13.4600000000,13.1500000000,11018166,146005724.8200,2,7.459500,1,2.357400,-297.244373,6.092935,1.128540,314.884172,0
2024-10-29,sh.600506,13.5000000000,14.7900000000,13.2100000000,14.2200000000,13.4600000000,25753979,361096765.3500,2,17.435900,1,5.646400,441.865549,6.377226,1.190329,-27.952165,0
2024-10-30,sh.600506,14.1200000000,14.9700000000,13.6000000000,14.5200000000,14.2200000000,24411516,348219091.5800,2,16.527000,1,2.109700,451.187607,6.511767,1.215441,-28.541874,0
2024-10-31,sh.600506,14.3100000000,14.3800000000,13.9800000000,14.1300000000,14.5200000000,15042812,212288454.2000,2,10.184200,1,-2.686000,439.068931,6.336864,1.182795,-27.775253,0
2024-11-01,sh.600506,14.1600000000,14.2000000000,13.1500000000,13.2400000000,14.1300000000,12345935,166944296.3400,2,8.358400,1,-6.298700,411.413493,5.937727,1.108295,-26.025786,0
2024-11-04,sh.600506,13.1000000000,13.6200000000,13.0700000000,13.5300000000,13.2400000000,6780934,91102092.5900,2,4.590800,1,2.190300,420.424815,6.067783,1.132570,-26.595837,0
2024-11-05,sh.600506,13.5600000000,13.7900000000,13.4000000000,13.7200000000,13.5300000000,9934724,134876671.3800,2,6.726000,1,1.404300,426.328785,6.152992,1.148475,-26.969319,0
2024-11-06,sh.600506,13.7900000000,14.2900000000,13.5200000000,13.9100000000,13.7200000000,12219912,169308322.6600,2,8.273100,1,1.384800,432.232756,6.238201,1.164380,-27.342800,0
2024-11-07,sh.600506,13.8000000000,14.2100000000,13.7200000000,14.0800000000,13.9100000000,10725901,150843071.0800,2,7.261600,1,1.222100,437.515255,6.314441,1.178610,-27.676968,0
2024-11-08,sh.600506,14.3900000000,14.3900000000,13.7900000000,13.7900000000,14.0800000000,9937302,138998495.7000,2,6.727700,1,-2.059700,428.503932,6.184385,1.154335,-27.106917,0
2024-11-11,sh.600506,13.6600000000,14.7300000000,13.5800000000,14.3800000000,13.7900000000,15984905,226577684.5000,2,10.822000,1,4.278500,446.837313,6.448981,1.203722,-28.266676,0
2024-11-12,sh.600506,14.3600000000,14.7000000000,14.1500000000,14.3200000000,14.3800000000,13995408,202183234.7500,2,9.475100,1,-0.417200,444.972901,6.422073,1.198700,-28.148735,0
2024-11-13,sh.600506,14.2500000000,15.7500000000,14.2400000000,15.7500000000,14.3200000000,22337706,339036895.5100,2,15.123000,1,9.986000,489.408045,7.063384,1.318402,-30.959677,0
2024-11-14,sh.600506,15.5700000000,15.5700000000,14.6000000000,14.6700000000,15.7500000000,25636116,386070306.0700,2,17.356100,1,-6.857100,455.848636,6.579037,1.227998,-28.836728,0
2024-11-15,sh.600506,14.4900000000,14.6500000000,13.7900000000,13.8000000000,14.6700000000,17361701,246495332.9700,2,11.754200,1,-5.930500,428.814668,6.188869,1.155172,-27.126574,0
2024-11-18,sh.600506,13.9200000000,14.1000000000,13.1600000000,13.2800000000,13.8000000000,11750398,158763000.3800,2,7.955200,1,-3.768100,412.656434,5.955666,1.111643,-26.104413,0
2024-11-19,sh.600506,13.2700000000,13.6400000000,13.2000000000,13.5700000000,13.2800000000,8246201,110624062.2800,2,5.582800,1,2.183700,421.667756,6.085722,1.135919,-26.674465,0
2024-11-20,sh.600506,13.5000000000,14.9300000000,13.5000000000,14.9300000000,13.5700000000,13207492,190809260.3100,2,8.941700,1,10.022100,463.927753,6.695639,1.249762,-29.347808,0
2024-11-21,sh.600506,15.4600000000,16.3800000000,15.0300000000,15.5500000000,14.9300000000,35715322,556616495.7300,2,24.179900,1,4.152700,483.193339,6.973690,1.301661,-30.566538,0
2024-11-22,sh.600506,17.1100000000,17.1100000000,17.0000000000,17.1100000000,15.5500000000,11820337,202245731.0700,2,8.002600,1,10.032200,531.668041,7.673301,1.432245,-33.633021,0
2024-11-25,sh.600506,17.9900000000,18.8200000000,16.4200000000,17.2500000000,17.1100000000,50165089,891445738.1400,2,33.962600,1,0.818200,536.018335,7.736087,1.443965,-33.908218,0
2024-11-26,sh.600506,16.1800000000,16.6600000000,15.5300000000,15.5300000000,17.2500000000,31011253,493212366.3300,2,20.995100,1,-9.971000,482.571869,6.964720,1.299987,-30.527224,0
2024-11-27,sh.600506,14.9300000000,16.0800000000,14.9000000000,15.2700000000,15.5300000000,24535920,377174709.5200,2,16.611200,1,-1.674200,474.492752,6.848119,1.278223,-30.016144,0
2024-11-28,sh.600506,15.1000000000,15.7000000000,14.9800000000,15.0300000000,15.2700000000,20572571,313853520.1300,2,13.928000,1,-1.571700,467.035105,6.740486,1.258133,-29.544377,0
2024-11-29,sh.600506,14.9500000000,15.1100000000,14.5600000000,15.0200000000,15.0300000000,16217733,241185854.9800,2,10.979700,1,-0.066500,466.724370,6.736001,1.257296,-29.524721,0
2024-12-02,sh.600506,15.1300000000,15.6300000000,15.0800000000,15.4800000000,15.0200000000,18118301,277964753.4500,2,12.266400,1,3.062600,481.018192,6.942297,1.295801,-30.428940,0
2024-12-03,sh.600506,15.4800000000,16.3800000000,15.2100000000,16.0500000000,15.4800000000,23368401,368523751.2900,2,15.820800,1,3.682200,498.730103,7.197924,1.343515,-31.549385,0
2024-12-04,sh.600506,15.9100000000,17.6600000000,15.6400000000,17.6600000000,16.0500000000,14788235,251642281.1000,2,10.011900,1,10.031200,548.758480,7.919959,1.478285,-34.714152,0
2024-12-05,sh.600506,19.1100000000,19.4300000000,18.1400000000,19.4300000000,17.6600000000,18756069,356490924.0300,2,12.698200,1,10.022700,603.758623,8.713749,1.626448,-38.193430,0
2024-12-06,sh.600506,20.2000000000,21.2800000000,17.9000000000,18.0300000000,19.4300000000,52933711,1017143312.1200,2,35.837000,1,-7.205400,560.255685,8.085892,1.509257,-35.441459,0
2024-12-09,sh.600506,17.9200000000,18.4700000000,16.9500000000,17.2000000000,18.0300000000,29058801,508228204.9200,2,19.673300,1,-4.603400,534.464658,7.713663,1.439779,-33.809933,0
2024-12-10,sh.600506,17.6600000000,18.8900000000,17.0900000000,18.4700000000,17.2000000000,39379267,707882164.4700,2,26.660400,1,7.383700,573.928037,8.283219,1.546088,-36.306364,0
2024-12-11,sh.600506,17.9300000000,20.3200000000,17.7500000000,20.3200000000,18.4700000000,41151804,788774406.8500,2,27.860500,1,10.016200,631.414061,9.112886,1.700948,-39.942898,0
2024-12-12,sh.600506,19.8300000000,22.3500000000,19.5000000000,22.3500000000,20.3200000000,37395323,792561950.8300,2,25.317300,1,9.990200,694.493320,10.023278,1.870876,-43.933256,0
2024-12-13,sh.600506,23.2400000000,24.5900000000,20.8000000000,21.6000000000,22.3500000000,53223405,1223624221.8100,2,36.033100,1,-3.355700,671.188175,9.686926,1.808095,-42.458986,0
2024-12-16,sh.600506,22.2500000000,23.3900000000,20.9900000000,21.5700000000,21.6000000000,40126003,891378714.5700,2,27.166000,1,-0.138900,670.255970,9.673472,1.805584,-42.400015,0
2024-12-17,sh.600506,20.8600000000,23.7300000000,19.9200000000,23.0700000000,21.5700000000,47833093,1045468548.5000,2,32.383800,1,6.954100,716.866260,10.346175,1.931146,-45.348555,0
2024-12-18,sh.600506,23.0000000000,24.4300000000,21.7700000000,22.5100000000,23.0700000000,47881271,1101955026.9200,2,32.416400,1,-2.427400,699.465085,10.095033,1.884269,-44.247767,0
2024-12-19,sh.600506,21.1800000000,22.2000000000,20.2600000000,20.2600000000,22.5100000000,32320771,682959109.0500,2,21.881700,1,-9.995600,629.549650,9.085978,1.695926,-39.824956,0
2024-12-20,sh.600506,19.4900000000,19.8700000000,18.8800000000,19.1400000000,20.2600000000,29201300,563354624.4300,2,19.769800,1,-5.528100,594.747300,8.583693,1.602173,-37.623379,0
2024-12-23,sh.600506,18.8100000000,19.1400000000,17.6300000000,17.7600000000,19.1400000000,21880338,399178107.3700,2,14.813400,1,-7.210000,551.865833,7.964806,1.486656,-34.910721,0
2024-12-24,sh.600506,18.0000000000,19.5000000000,18.0000000000,18.9800000000,17.7600000000,27514744,518244666.1100,2,18.627900,1,6.869400,589.775536,8.511938,1.588780,-37.308868,0
2024-12-25,sh.600506,18.8700000000,19.0800000000,17.2700000000,17.6100000000,18.9800000000,23939861,430574285.6300,2,16.207700,1,-7.218100,547.204804,7.897536,1.474099,-34.615867,0
2024-12-26,sh.600506,17.5000000000,18.4200000000,17.3500000000,18.0700000000,17.6100000000,18082400,324940653.0500,2,12.242100,1,2.612200,561.498626,8.103831,1.512605,-35.520087,0
2024-12-27,sh.600506,18.4000000000,19.8800000000,18.1800000000,19.8800000000,18.0700000000,18845634,367224504.5000,2,12.758800,1,10.016600,617.741710,8.915560,1.664117,-39.077992,0
2024-12-30,sh.600506,19.8800000000,20.3700000000,19.2200000000,19.3800000000,19.8800000000,31513200,621335993.1900,2,21.335000,1,-2.515100,602.204946,8.691325,1.622263,-38.095145,0
2024-12-31,sh.600506,19.9100000000,21.2000000000,19.5800000000,20.6000000000,19.3800000000,34150189,693125528.7500,2,23.120200,1,6.295100,640.114649,9.238457,1.724387,-40.493292,0
2025-01-02,sh.600506,19.4500000000,20.2400000000,18.8000000000,19.2200000000,20.6000000000,24347500,473722916.4500,2,16.483700,1,-6.699000,597.233182,8.619570,1.608870,-37.780634,0
2025-01-03,sh.600506,19.0000000000,19.0600000000,17.3000000000,17.3300000000,19.2200000000,23322101,414760256.9700,2,15.789400,1,-9.833500,538.504217,7.771964,1.450661,-34.065473,0
2025-01-06,sh.600506,16.8300000000,17.9600000000,16.1400000000,16.9900000000,17.3300000000,16128500,273989970.0000,2,10.919300,1,-1.961900,527.939218,7.619485,1.422200,-33.397137,0
2025-01-07,sh.600506,17.2000000000,17.7800000000,16.8200000000,17.7300000000,16.9900000000,15778201,274002743.1700,2,10.682100,1,4.355500,550.933627,7.951352,1.484144,-34.851751,0
2025-01-08,sh.600506,17.4200000000,18.3600000000,17.0500000000,18.1600000000,17.7300000000,19587306,352833049.7000,2,13.260900,1,2.425300,564.295244,8.144193,1.520139,-35.696999,0
2025-01-09,sh.600506,17.8400000000,18.4700000000,17.7200000000,17.8500000000,18.1600000000,16002200,287790425.9800,2,10.833800,1,-1.707000,554.662451,8.005168,1.494189,-35.087634,0
2025-01-10,sh.600506,17.7700000000,17.9600000000,16.6400000000,16.7800000000,17.8500000000,15489700,267064440.0000,2,10.486800,1,-5.994400,521.413777,7.525306,1.404622,-32.984342,0
2025-01-13,sh.600506,16.2600000000,16.7000000000,15.9000000000,16.3500000000,16.7800000000,9906800,161602252.0000,2,6.707100,1,-2.562600,508.052161,7.332465,1.368627,-32.139093,0
2025-01-14,sh.600506,16.5200000000,17.2900000000,16.4500000000,17.2700000000,16.3500000000,12895301,219031419.0300,2,8.730300,1,5.626900,536.639805,7.745056,1.445639,-33.947532,0
2025-01-15,sh.600506,17.2500000000,17.6800000000,17.1800000000,17.2400000000,17.2700000000,12660201,220009566.2300,2,8.571200,1,-0.173700,535.707599,7.731602,1.443127,-33.888561,0
2025-01-16,sh.600506,18.0000000000,18.2800000000,17.1800000000,17.3400000000,17.2400000000,15803200,279108195.0000,2,10.699000,1,0.580000,538.814952,7.776449,1.451498,-34.085130,0
2025-01-17,sh.600506,17.6800000000,17.7500000000,17.0100000000,17.5200000000,17.3400000000,11660200,202238975.0000,2,7.894100,1,1.038100,544.408187,7.857173,1.466566,-34.438955,0
2025-01-20,sh.600506,17.6500000000,18.8800000000,17.6500000000,18.0800000000,17.5200000000,18186001,331272898.1700,2,12.312200,1,3.196300,561.809362,8.108316,1.513442,-35.539743,0
2025-01-21,sh.600506,18.0600000000,18.4500000000,17.7800000000,18.1500000000,18.0800000000,14923900,270224563.0000,2,10.103700,1,0.387200,563.984509,8.139709,1.519302,-35.677342,0
2025-01-22,sh.600506,18.0000000000,18.8300000000,17.8800000000,18.3500000000,18.1500000000,16851000,309636637.0000,2,11.408400,1,1.101900,570.199214,8.229402,1.536043,-36.070481,0
2025-01-23,sh.600506,18.5000000000,18.7100000000,17.5500000000,17.5900000000,18.3500000000,16228700,294857221.0000,2,10.987100,1,-4.141700,546.583334,7.888566,1.472425,-34.576554,0
2025-01-24,sh.600506,17.6000000000,17.8900000000,17.2400000000,17.8100000000,17.5900000000,11230200,197028186.0000,2,7.603000,1,1.250700,553.419509,7.987229,1.490841,-35.009006,0
2025-01-27,sh.600506,17.9600000000,18.0700000000,17.1500000000,17.1900000000,17.8100000000,8808264,153996772.9600,2,5.963300,1,-3.481200,534.153923,7.709179,1.438942,-33.790276,0
2025-02-05,sh.600506,17.2200000000,17.3000000000,16.8100000000,17.1100000000,17.1900000000,8782860,149350129.8500,2,5.946100,1,-0.465400,531.668041,7.673301,1.432245,-33.633021,0
2025-02-06,sh.600506,17.0000000000,17.4500000000,16.7100000000,17.4200000000,17.1100000000,9326005,160485891.0000,2,6.313900,1,1.811800,541.300834,7.812327,1.458195,-34.242386,0
2025-02-07,sh.600506,17.4800000000,18.3000000000,17.4200000000,17.9900000000,17.4200000000,15847000,284861784.0000,2,10.728700,1,3.272100,559.012744,8.067954,1.505909,-35.362831,0
2025-02-10,sh.600506,18.0000000000,18.4700000000,17.9900000000,18.2800000000,17.9900000000,11721700,213395161.9500,2,7.935800,1,1.612000,568.024067,8.198010,1.530184,-35.932882,0
2025-02-11,sh.600506,18.3200000000,18.4500000000,17.9900000000,18.1500000000,18.2800000000,9976800,181585374.0000,2,6.754500,1,-0.711200,563.984509,8.139709,1.519302,-35.677342,0
2025-02-12,sh.600506,18.3000000000,18.6900000000,18.1000000000,18.4800000000,18.1500000000,13721400,252500221.0000,2,9.289600,1,1.818200,574.238772,8.287703,1.546926,-36.326021,0
2025-02-13,sh.600506,18.4000000000,18.4300000000,17.9500000000,18.0000000000,18.4800000000,10731900,194296914.0000,2,7.265700,1,-2.597400,559.323480,8.072438,1.506746,-35.382488,0
2025-02-14,sh.600506,17.9000000000,18.0700000000,17.7000000000,17.8000000000,18.0000000000,8032100,143386927.0000,2,5.437900,1,-1.111100,553.108774,7.982745,1.490004,-34.989349,0
2025-02-17,sh.600506,18.4400000000,19.0000000000,18.2700000000,18.6800000000,17.8000000000,22169600,414744855.0000,2,15.009200,1,4.943800,580.453478,8.377397,1.563667,-36.719160,0
2025-02-18,sh.600506,18.4600000000,20.0000000000,18.4000000000,18.9500000000,18.6800000000,23084300,441316343.9700,2,15.628500,1,1.445400,588.843330,8.498484,1.586268,-37.249897,0
2025-02-19,sh.600506,18.8300000000,19.1400000000,18.6800000000,18.9700000000,18.9500000000,15270501,289217633.8600,2,10.338400,1,0.105500,589.464800,8.507453,1.587943,-37.289211,0
2025-02-20,sh.600506,18.9700000000,18.9700000000,18.3600000000,18.5600000000,18.9700000000,12636458,234350845.2000,2,8.555100,1,-2.161300,576.724654,8.323581,1.553622,-36.483276,0
2025-02-21,sh.600506,18.5900000000,19.8000000000,18.5600000000,19.5500000000,18.5600000000,24672811,475939157.9300,2,16.703900,1,5.334100,607.487446,8.767565,1.636493,-38.429313,0
2025-02-24,sh.600506,19.5400000000,20.2300000000,18.9200000000,19.6200000000,19.5500000000,19579647,381636674.0000,2,13.255700,1,0.358100,609.662593,8.798958,1.642353,-38.566912,0
2025-02-25,sh.600506,19.6000000000,21.0000000000,19.4100000000,20.2900000000,19.6200000000,27036710,547874309.3000,2,18.304300,1,3.414900,630.481856,9.099432,1.698437,-39.883927,0
2025-02-26,sh.600506,20.8000000000,20.8400000000,19.9300000000,20.1700000000,20.2900000000,18939107,383279507.6100,2,12.822100,1,-0.591400,626.753032,9.045616,1.688392,-39.648043,0
2025-02-27,sh.600506,20.2000000000,21.4800000000,20.2000000000,21.1200000000,20.1700000000,21553639,451789220.5000,2,14.592200,1,4.710000,656.272883,9.471661,1.767915,-41.515453,0
2025-02-28,sh.600506,21.0200000000,23.2300000000,20.6900000000,21.4500000000,21.1200000000,30258534,660724369.1200,2,20.485500,1,1.562500,131.224075,9.282203,1.780065,-47.246493,0
2025-03-03,sh.600506,20.5300000000,20.8800000000,19.3100000000,19.3100000000,21.4500000000,23615302,472520644.9000,2,15.988000,1,-9.976700,118.132256,8.356146,1.602474,-42.532856,0
2025-03-04,sh.600506,19.4300000000,20.2200000000,18.8800000000,19.7700000000,19.3100000000,16425701,319810729.1600,2,11.120500,1,2.382200,120.946386,8.555205,1.640648,-43.546068,0
2025-03-05,sh.600506,19.4400000000,19.7800000000,19.0800000000,19.5300000000,19.7700000000,12211301,237297740.3800,2,8.267300,1,-1.214000,119.478144,8.451348,1.620731,-43.017436,0
2025-03-06,sh.600506,19.5500000000,19.9000000000,19.5500000000,19.7000000000,19.5300000000,13238300,261351037.0000,2,8.962500,1,0.870500,120.518149,8.524914,1.634838,-43.391884,0
2025-03-07,sh.600506,19.6000000000,20.6200000000,19.4000000000,20.2800000000,19.7000000000,19031520,380324689.3000,2,12.884700,1,2.944200,124.066399,8.775901,1.682971,-44.669411,0
2025-03-10,sh.600506,21.9900000000,22.0000000000,20.5100000000,20.7200000000,20.2800000000,24407000,513885499.0600,2,16.523900,1,2.169600,126.758174,8.966305,1.719485,-45.638570,0
2025-03-11,sh.600506,20.0700000000,22.7900000000,20.0700000000,22.7900000000,20.7200000000,28872701,646023270.7900,2,19.547300,1,9.990300,139.421757,9.862070,1.891267,-50.198022,0
2025-03-12,sh.600506,23.2300000000,24.1000000000,22.2600000000,22.2600000000,22.7900000000,44363565,1016126065.4900,2,30.034900,1,-2.325600,136.179390,9.632720,1.847284,-49.030626,0
2025-03-13,sh.600506,21.8000000000,23.0300000000,21.6000000000,22.5800000000,22.2600000000,29929600,671251611.9600,2,20.262800,1,1.437600,138.137045,9.771195,1.873840,-49.735469,0
2025-03-14,sh.600506,22.2200000000,22.5000000000,21.4600000000,21.8700000000,22.5800000000,21963617,481268927.9500,2,14.869700,1,-3.144400,133.793498,9.463952,1.814920,-48.171599,0
2025-03-17,sh.600506,21.8000000000,23.7000000000,21.6600000000,22.2700000000,21.8700000000,26540617,598846260.4200,2,17.968400,1,1.829000,136.240567,9.637047,1.848114,-49.052652,0
2025-03-18,sh.600506,21.8800000000,22.5300000000,21.7100000000,21.9100000000,22.2700000000,17527417,386132985.3300,2,11.866400,1,-1.616500,134.038205,9.481262,1.818239,-48.259704,0
2025-03-19,sh.600506,22.0100000000,22.0700000000,21.4100000000,21.4800000000,21.9100000000,13518600,293698246.9400,2,9.152300,1,-1.962600,131.407606,9.295185,1.782555,-47.312572,0
2025-03-20,sh.600506,21.2700000000,21.5900000000,21.1400000000,21.2900000000,21.4800000000,10707900,227816657.0000,2,7.249400,1,-0.884500,130.245248,9.212965,1.766787,-46.894071,0
2025-03-21,sh.600506,21.1200000000,21.2800000000,20.2800000000,20.3400000000,21.2900000000,13290929,274583883.7900,2,8.998200,1,-4.462200,124.433459,8.801865,1.687950,-44.801569,0
2025-03-24,sh.600506,20.4700000000,20.5400000000,19.1500000000,19.6000000000,20.3400000000,12561971,247282500.1200,2,8.504700,1,-3.638200,119.906381,8.481640,1.626540,-43.171620,0
2025-03-25,sh.600506,19.6300000000,19.9600000000,19.2700000000,19.4600000000,19.6000000000,9743200,190617338.0000,2,6.596300,1,-0.714300,119.049907,8.421057,1.614922,-42.863251,0
2025-03-26,sh.600506,19.3000000000,19.8300000000,19.3000000000,19.5800000000,19.4600000000,8598100,168799987.0000,2,5.821100,1,0.616600,119.784028,8.472985,1.624880,-43.127568,0
2025-03-27,sh.600506,19.5100000000,19.6300000000,19.1600000000,19.2800000000,19.5800000000,6680658,129586903.5500,2,4.522900,1,-1.532200,117.948726,8.343164,1.599984,-42.466777,0
2025-03-28,sh.600506,19.9000000000,20.5100000000,19.8000000000,19.8900000000,19.2800000000,13784150,276690741.4900,2,9.332100,1,3.163900,121.680506,8.607134,1.650606,-43.810384,0
2025-03-31,sh.600506,19.6200000000,19.6200000000,18.5700000000,18.8700000000,19.8900000000,9998939,191028473.0100,2,6.769400,1,-5.128200,115.440480,8.165742,1.565959,-41.563698,0
2025-04-01,sh.600506,19.8700000000,20.7600000000,19.4500000000,20.7600000000,18.8700000000,16711029,337250723.9400,2,11.313600,1,10.015900,127.002881,8.983615,1.722804,-45.726675,0
2025-04-02,sh.600506,21.0000000000,22.7400000000,20.8000000000,21.3800000000,20.7600000000,27605632,596124957.0100,2,18.689500,1,2.986500,130.795838,9.251911,1.774256,-47.092308,0
2025-04-03,sh.600506,21.0000000000,21.8100000000,20.5100000000,20.7800000000,21.3800000000,19289291,406132672.0000,2,13.059200,1,-2.806400,127.125235,8.992269,1.724464,-45.770728,0
2025-04-07,sh.600506,18.9000000000,19.2500000000,18.7000000000,18.7000000000,20.7800000000,11502600,216235403.9900,2,7.787500,1,-10.009600,114.400476,8.092177,1.551852,-41.189250,0
2025-04-08,sh.600506,18.0500000000,18.8700000000,17.5100000000,18.1200000000,18.7000000000,17311900,313472299.1300,2,11.720400,1,-3.101600,110.852226,7.841190,1.503719,-39.911722,0
2025-04-09,sh.600506,18.0600000000,19.2700000000,16.3800000000,18.8800000000,18.1200000000,18576055,337236809.0500,2,12.576300,1,4.194300,115.501657,8.170069,1.566789,-41.585724,0
2025-04-10,sh.600506,19.0000000000,19.9300000000,18.9000000000,19.2700000000,18.8800000000,18326156,356520375.0100,2,12.407100,1,2.065700,117.887549,8.338837,1.599154,-42.444751,0
2025-04-11,sh.600506,19.2600000000,19.9700000000,19.0100000000,19.2900000000,19.2700000000,14029800,273646077.0000,2,9.498400,1,0.103800,118.009903,8.347492,1.600814,-42.488804,0
2025-04-14,sh.600506,19.4100000000,21.0800000000,19.3300000000,20.2400000000,19.2900000000,20514100,413701778.0000,2,13.888400,1,4.924800,123.821692,8.758591,1.679651,-44.581306,0
2025-04-15,sh.600506,19.9900000000,20.2500000000,19.4100000000,19.6400000000,20.2400000000,13342200,263074922.0000,2,9.032900,1,-2.964400,120.151088,8.498949,1.629859,-43.259726,0
2025-04-16,sh.600506,19.4500000000,19.6400000000,18.6500000000,18.9400000000,19.6400000000,10664500,202933572.0000,2,7.220000,1,-3.564200,115.868717,8.196034,1.571769,-41.717882,0
2025-04-17,sh.600506,18.8100000000,19.9400000000,18.7800000000,19.2600000000,18.9400000000,12352800,240014095.0000,2,8.363100,1,1.689500,117.826373,8.334509,1.598324,-42.422725,0
2025-04-18,sh.600506,19.6400000000,19.7100000000,18.8800000000,18.9700000000,19.2600000000,8837000,169114614.0000,2,5.982800,1,-1.505700,116.052248,8.209016,1.574258,-41.783961,0
2025-04-21,sh.600506,18.8800000000,19.0800000000,18.6900000000,19.0700000000,18.9700000000,6599855,125277722.6500,2,4.468200,1,0.527100,116.664015,8.252289,1.582557,-42.004224,0
2025-04-22,sh.600506,19.1000000000,19.1300000000,18.6700000000,19.0300000000,19.0700000000,7706855,145581070.4500,2,5.217700,1,-0.209800,116.419308,8.234980,1.579237,-41.916119,0
2025-04-23,sh.600506,19.0300000000,19.3000000000,18.9400000000,19.0600000000,19.0300000000,8217400,156831146.0000,2,5.563300,1,0.157600,116.602838,8.247962,1.581727,-41.982198,0
2025-04-24,sh.600506,19.0200000000,19.0200000000,18.4000000000,18.6500000000,19.0600000000,8327400,155592496.0000,2,5.637800,1,-2.151100,114.094592,8.070540,1.547702,-41.079118,0
2025-04-25,sh.600506,18.7000000000,19.5800000000,18.7000000000,19.1200000000,18.6500000000,12771404,245677512.1100,2,8.646500,1,2.520100,116.969898,8.273926,1.586706,-42.114356,0
2025-04-28,sh.600506,19.1400000000,19.3400000000,18.6000000000,18.6800000000,19.1200000000,7889100,148524353.0000,2,5.341100,1,-2.301300,114.278123,8.083522,1.550192,-41.145197,0
2025-04-29,sh.600506,18.6900000000,18.9700000000,18.2600000000,18.3900000000,18.6800000000,8010500,148540319.0000,2,5.423200,1,-1.552500,112.503998,7.958028,1.526126,-40.506433,0
2025-04-30,sh.600506,18.8100000000,19.0000000000,18.6800000000,18.7900000000,18.3900000000,8558200,161308848.0000,2,5.794000,1,2.175100,108.393803,7.437874,1.565873,112.319574,0
2025-05-06,sh.600506,19.0000000000,19.3600000000,18.9100000000,19.3600000000,18.7900000000,8754100,168240072.0000,2,5.926700,1,3.033500,111.681959,7.663504,1.613375,115.726820,0
2025-05-07,sh.600506,19.5700000000,20.9600000000,19.3000000000,19.9600000000,19.3600000000,18915700,377575831.0000,2,12.806200,1,3.099200,115.143177,7.901009,1.663376,119.313395,0
2025-05-08,sh.600506,19.4400000000,20.0600000000,19.4000000000,20.0500000000,19.9600000000,11398600,226130884.0000,2,7.717000,1,0.450900,115.662360,7.936635,1.670876,119.851381,0
2025-05-09,sh.600506,20.2600000000,20.3800000000,19.6000000000,19.6100000000,20.0500000000,9549600,190192844.0000,2,6.465200,1,-2.194500,113.124134,7.762464,1.634208,117.221226,0
2025-05-12,sh.600506,19.8900000000,19.9200000000,19.5800000000,19.6900000000,19.6100000000,6219100,122429294.0000,2,4.210400,1,0.408000,113.585629,7.794131,1.640875,117.699436,0
2025-05-13,sh.600506,19.9400000000,20.0500000000,19.3100000000,19.5000000000,19.6900000000,6591201,129807027.5300,2,4.462400,1,-0.965000,112.489577,7.718921,1.625041,116.563688,0
2025-05-14,sh.600506,19.6500000000,20.1800000000,19.6000000000,19.8100000000,19.5000000000,10919600,216487082.0000,2,7.392800,1,1.589700,114.277873,7.841633,1.650875,118.416751,0
2025-05-15,sh.600506,19.7700000000,19.7700000000,19.3200000000,19.4100000000,19.8100000000,6789200,132535862.0000,2,4.596400,1,-2.019200,111.970394,7.683296,1.617541,116.025701,0
2025-05-16,sh.600506,19.5200000000,19.7600000000,19.2400000000,19.4300000000,19.4100000000,6373501,124065041.3700,2,4.315000,1,0.103000,112.085768,7.691213,1.619208,116.145254,0
2025-05-19,sh.600506,19.5700000000,20.0600000000,19.3500000000,19.7200000000,19.4300000000,9609300,190158370.0000,2,6.505700,1,1.492500,113.758690,7.806007,1.643375,117.878765,0
2025-05-20,sh.600506,19.7300000000,20.3500000000,19.7300000000,20.0700000000,19.7200000000,11906713,239069512.0900,2,8.061000,1,1.774800,115.777734,7.944551,1.672543,119.970934,0
2025-05-21,sh.600506,19.9100000000,20.5200000000,19.6000000000,19.6600000000,20.0700000000,10115200,201269442.0000,2,6.848200,1,-2.042900,113.412568,7.782256,1.638375,117.520108,0
2025-05-22,sh.600506,19.5500000000,19.5500000000,19.0200000000,19.0400000000,19.6600000000,8387901,161083069.0600,2,5.678700,1,-3.153600,109.835977,7.536834,1.586707,113.813980,0
2025-05-23,sh.600506,19.0400000000,19.1400000000,18.7000000000,18.7400000000,19.0400000000,5997814,113336401.5600,2,4.060600,1,-1.575600,108.105368,7.418081,1.561707,112.020693,0
2025-05-26,sh.600506,18.7300000000,18.8900000000,18.5000000000,18.8900000000,18.7400000000,4714801,88332785.7500,2,3.192000,1,0.800400,108.970672,7.477458,1.574207,112.917336,0
2025-05-27,sh.600506,19.0000000000,19.0000000000,18.6000000000,18.9400000000,18.8900000000,4221000,79335680.0000,2,2.857700,1,0.264700,109.259107,7.497250,1.578374,113.216218,0
2025-05-28,sh.600506,18.8700000000,18.9700000000,18.5500000000,18.6600000000,18.9400000000,3911237,73181651.1200,2,2.648000,1,-1.478400,107.643872,7.386414,1.555040,111.542483,0
2025-05-29,sh.600506,18.6600000000,18.9000000000,18.5200000000,18.8000000000,18.6600000000,4404472,82547104.7200,2,2.981900,1,0.750300,108.451490,7.441832,1.566707,112.379350,0
2025-05-30,sh.600506,18.9000000000,19.2700000000,18.5800000000,18.6900000000,18.8000000000,6932900,130420823.0000,2,4.693700,1,-0.585100,107.816933,7.398289,1.557540,111.721811,0
2025-06-03,sh.600506,18.4100000000,18.8500000000,18.4100000000,18.7200000000,18.6900000000,4602103,85957294.0400,2,3.115700,1,0.160500,107.989994,7.410165,1.560040,111.901140,0
2025-06-04,sh.600506,18.7800000000,18.8700000000,18.4700000000,18.7000000000,18.7200000000,4232503,79261254.1300,2,2.865500,1,-0.106800,107.874620,7.402248,1.558373,111.781588,0
2025-06-05,sh.600506,18.7000000000,18.7700000000,18.5200000000,18.6600000000,18.7000000000,4922300,91609142.0000,2,3.332500,1,-0.213900,107.643872,7.386414,1.555040,111.542483,0
2025-06-06,sh.600506,18.7000000000,18.9500000000,18.5100000000,18.8400000000,18.6600000000,6056000,113926669.3500,2,4.100000,1,0.964600,108.682237,7.457666,1.570040,112.618455,0
2025-06-09,sh.600506,18.8800000000,18.9700000000,18.7700000000,18.9600000000,18.8400000000,4443900,83889883.0000,2,3.008600,1,0.636900,109.374481,7.505167,1.580040,113.335770,0
2025-06-10,sh.600506,18.9300000000,18.9500000000,18.3200000000,18.5800000000,18.9600000000,6247401,116278039.5800,2,4.229600,1,-2.004200,107.182376,7.354747,1.548373,111.064273,0
2025-06-11,sh.600506,18.6700000000,19.4400000000,18.6100000000,18.9900000000,18.5800000000,10121603,192608982.5600,2,6.852500,1,2.206700,109.547542,7.517042,1.582540,113.515099,0
2025-06-12,sh.600506,19.0300000000,19.3000000000,18.8100000000,18.9400000000,18.9900000000,6397700,121588320.0000,2,4.331300,1,-0.263300,109.259107,7.497250,1.578374,113.216218,0
2025-06-13,sh.600506,19.3000000000,20.1400000000,19.0300000000,19.5000000000,18.9400000000,20234101,395532366.4000,2,13.698800,1,2.956700,112.489577,7.718921,1.625041,116.563688,0
2025-06-16,sh.600506,19.4000000000,19.6100000000,19.0300000000,19.2500000000,19.5000000000,11779579,226786518.4000,2,7.975000,1,-1.282100,111.047403,7.619961,1.604208,115.069281,0
2025-06-17,sh.600506,19.0900000000,19.9600000000,18.7200000000,19.7800000000,19.2500000000,17832400,345652488.9400,2,12.072800,1,2.753200,114.104812,7.829757,1.648375,118.237423,0
2025-06-18,sh.600506,19.5500000000,19.7200000000,19.1300000000,19.1700000000,19.7800000000,11452321,221363194.5900,2,7.753400,1,-3.083900,110.585907,7.588294,1.597541,114.591071,0
2025-06-19,sh.600506,19.0200000000,20.7200000000,18.9000000000,20.0200000000,19.1700000000,23465921,466189296.5900,2,15.886800,1,4.434000,115.489299,7.924759,1.668376,119.672053,0
2025-06-20,sh.600506,19.7800000000,20.0000000000,19.3100000000,19.6700000000,20.0200000000,14897149,292310367.3100,2,10.085600,1,-1.748300,113.470255,7.786215,1.639209,117.579884,0
2025-06-23,sh.600506,20.0400000000,21.6400000000,19.7300000000,20.7800000000,19.6700000000,26847137,549942100.1200,2,18.176000,1,5.643100,119.873508,8.225599,1.731711,124.215048,0
2025-06-24,sh.600506,20.0000000000,20.1400000000,19.5500000000,19.9700000000,20.7800000000,21728600,432254291.0000,2,14.710600,1,-3.898000,115.200864,7.904967,1.664209,119.373171,0
2025-06-25,sh.600506,20.0600000000,20.0800000000,19.7000000000,19.9200000000,19.9700000000,13279527,263861515.0500,2,8.990500,1,-0.250400,114.912429,7.885175,1.660042,119.074290,0
2025-06-26,sh.600506,19.9800000000,20.0200000000,19.7800000000,19.8700000000,19.9200000000,10886500,216563510.0000,2,7.370300,1,-0.251000,114.623995,7.865383,1.655876,118.775409,0
2025-06-27,sh.600506,19.7900000000,19.9800000000,19.5000000000,19.5300000000,19.8700000000,9636400,189468431.0000,2,6.524000,1,-1.711100,112.662638,7.730797,1.627542,116.743016,0
2025-06-30,sh.600506,19.7100000000,19.8500000000,19.4400000000,19.7400000000,19.5300000000,8396755,164883147.7600,2,5.684700,1,1.075300,113.874064,7.813924,1.645042,117.998318,0
2025-07-01,sh.600506,19.6800000000,20.3500000000,19.6700000000,20.1200000000,19.7400000000,14345637,288324523.9200,2,9.712200,1,1.925000,116.066169,7.964344,1.676709,120.269815,0
2025-07-02,sh.600506,20.0800000000,20.1200000000,19.6500000000,19.7300000000,20.1200000000,8027400,159252274.7200,2,5.434700,1,-1.938400,113.816377,7.809965,1.644209,117.938541,0
2025-07-03,sh.600506,19.6900000000,19.8200000000,19.5300000000,19.5700000000,19.7300000000,5629501,110506530.5800,2,3.811300,1,-0.810900,112.893386,7.746630,1.630875,116.982121,0
2025-07-04,sh.600506,19.5700000000,19.6700000000,19.3100000000,19.3600000000,19.5700000000,6148600,119452148.0000,2,4.162700,1,-1.073100,111.681959,7.663504,1.613375,115.726820,0
2025-07-07,sh.600506,19.3400000000,19.8700000000,19.1800000000,19.8300000000,19.3600000000,7846841,154288123.8600,2,5.312400,1,2.427700,114.393247,7.849549,1.652542,118.536304,0
2025-07-08,sh.600506,19.9600000000,20.2800000000,19.7300000000,20.1800000000,19.8300000000,11507600,230439706.0000,2,7.790800,1,1.765000,116.412290,7.988094,1.681710,120.628473,0
2025-07-09,sh.600506,20.2400000000,20.6000000000,20.0000000000,20.1100000000,20.1800000000,14591388,296123011.5400,2,9.878600,1,-0.346900,116.008482,7.960385,1.675876,120.210039,0
2025-07-10,sh.600506,20.0100000000,20.2400000000,19.8000000000,20.0300000000,20.1100000000,8571800,171708337.0000,2,5.803300,1,-0.397800,115.546986,7.928718,1.669209,119.731829,0
2025-07-11,sh.600506,20.0900000000,20.1800000000,19.7000000000,19.8800000000,20.0300000000,7629600,151680135.9900,2,5.165400,1,-0.748900,114.681682,7.869341,1.656709,118.835185,0
2025-07-14,sh.600506,20.0000000000,20.0000000000,19.7100000000,19.7400000000,19.8800000000,5152100,102072738.0000,2,3.488100,1,-0.704200,113.874064,7.813924,1.645042,117.998318,0
2025-07-15,sh.600506,19.6200000000,19.8000000000,19.4400000000,19.6000000000,19.7400000000,5884900,115066557.0000,2,3.984200,1,-0.709200,113.066447,7.758506,1.633375,117.161450,0
2025-07-16,sh.600506,19.6700000000,20.2600000000,19.5700000000,19.8400000000,19.6000000000,8054687,160082986.6000,2,5.453200,1,1.224500,114.450934,7.853508,1.653376,118.596080,0
2025-07-17,sh.600506,19.8200000000,19.8200000000,19.6200000000,19.6700000000,19.8400000000,5595559,110148946.5300,2,3.788300,1,-0.856900,113.470255,7.786215,1.639209,117.579884,0
2025-07-18,sh.600506,19.8300000000,19.8300000000,19.5600000000,19.7300000000,19.6700000000,5145000,101297649.0000,2,3.483300,1,0.305000,113.816377,7.809965,1.644209,117.938541,0
2025-07-21,sh.600506,19.7400000000,19.8500000000,19.6500000000,19.8400000000,19.7300000000,5341071,105760553.0200,2,3.616000,1,0.557500,114.450934,7.853508,1.653376,118.596080,0
2025-07-22,sh.600506,19.8900000000,20.0200000000,19.6100000000,20.0100000000,19.8400000000,8629205,171502953.7100,2,5.842100,1,0.856900,115.431612,7.920801,1.667543,119.612276,0
2025-07-23,sh.600506,20.0100000000,20.0100000000,19.6500000000,19.6800000000,20.0100000000,6591301,130478980.6800,2,4.462400,1,-1.649200,113.527942,7.790173,1.640042,117.639660,0
2025-07-24,sh.600506,19.7000000000,19.7200000000,19.5600000000,19.6700000000,19.6800000000,6825229,134007569.1100,2,4.620800,1,-0.050800,113.470255,7.786215,1.639209,117.579884,0
2025-07-25,sh.600506,19.7000000000,19.7000000000,19.4900000000,19.5000000000,19.6700000000,5162109,100978155.0500,2,3.494800,1,-0.864300,112.489577,7.718921,1.625041,116.563688,0
2025-07-28,sh.600506,19.5500000000,19.6600000000,19.4800000000,19.6000000000,19.5000000000,4113118,80444295.3600,2,2.784600,1,0.512800,113.066447,7.758506,1.633375,117.161450,0
2025-07-29,sh.600506,19.6300000000,19.6500000000,19.3200000000,19.4000000000,19.6000000000,4352100,84473998.0000,2,2.946400,1,-1.020400,111.912707,7.679337,1.616708,115.965925,0
2025-07-30,sh.600506,19.4000000000,19.5000000000,19.3100000000,19.4000000000,19.4000000000,3361500,65180659.0000,2,2.275800,1,0.000000,111.912707,7.679337,1.616708,115.965925,0
2025-07-31,sh.600506,19.3900000000,19.9800000000,19.3000000000,19.6200000000,19.4000000000,8331609,163798099.1300,2,5.640600,1,1.134000,113.181821,7.766423,1.635042,117.281003,0
2025-08-01,sh.600506,19.7700000000,19.7800000000,19.2700000000,19.3900000000,19.6200000000,5822856,113233975.1500,2,3.942200,1,-1.172300,111.855020,7.675379,1.615875,115.906149,0
2025-08-04,sh.600506,19.1800000000,19.3800000000,19.0400000000,19.3400000000,19.3900000000,3408266,65488911.8000,2,2.307500,1,-0.257900,111.566586,7.655587,1.611708,115.607268,0
2025-08-05,sh.600506,19.3500000000,19.8800000000,19.2700000000,19.7700000000,19.3400000000,8301838,163083810.3000,2,5.620500,1,2.223400,114.047125,7.825799,1.647542,118.177646,0
2025-08-06,sh.600506,19.7700000000,20.4500000000,19.6000000000,20.2900000000,19.7700000000,13951300,280104361.0000,2,9.445300,1,2.630200,117.046847,8.031637,1.690876,121.286011,0
2025-08-07,sh.600506,20.1900000000,21.2000000000,20.0200000000,20.3800000000,20.2900000000,18705901,386030781.4800,2,12.664200,1,0.443600,117.566030,8.067263,1.698377,121.823998,0
2025-08-08,sh.600506,20.1000000000,21.4000000000,20.0200000000,20.8300000000,20.3800000000,21387891,443034762.0100,2,14.480000,1,2.208000,120.161943,8.245392,1.735878,124.513929,0
2025-08-11,sh.600506,20.9900000000,21.2300000000,20.6400000000,20.8200000000,20.8300000000,15515801,325409702.3000,2,10.504500,1,-0.048000,120.104256,8.241433,1.735044,124.454153,0
2025-08-12,sh.600506,21.0100000000,22.0000000000,20.8800000000,21.1300000000,20.8200000000,21037113,450081585.6800,2,14.242500,1,1.489000,121.892552,8.364144,1.760878,126.307216,0
2025-08-13,sh.600506,21.2500000000,21.3900000000,20.9000000000,21.1900000000,21.1300000000,13770550,290150066.0000,2,9.322900,1,0.284000,122.238674,8.387895,1.765878,126.665874,0
2025-08-14,sh.600506,21.2000000000,21.2000000000,20.5000000000,20.6100000000,21.1900000000,11246000,233233041.0000,2,7.613700,1,-2.737100,118.892830,8.158306,1.717544,123.198851,0
2025-08-15,sh.600506,20.6600000000,21.9800000000,20.6600000000,21.4000000000,20.6100000000,16063239,343037708.4000,2,10.875100,1,3.833100,123.450100,8.471022,1.783379,127.921175,0
2025-08-18,sh.600506,21.7900000000,23.5200000000,21.7100000000,22.9400000000,21.4000000000,24023883,547857662.2800,2,16.264600,1,7.196300,132.333892,9.080618,1.911715,137.126718,0
2025-08-19,sh.600506,22.9400000000,23.1000000000,22.1700000000,22.2100000000,22.9400000000,15960638,358771238.8800,2,10.805600,1,-3.182200,128.122744,8.791654,1.850881,132.763051,0
2025-08-20,sh.600506,22.4000000000,22.8000000000,21.9300000000,22.3700000000,22.2100000000,12039237,269103387.3900,2,8.150800,1,0.720400,129.045735,8.854988,1.864214,133.719472,0
2025-08-21,sh.600506,22.3800000000,22.7100000000,22.0000000000,22.0900000000,22.3700000000,9488869,211001386.4100,2,6.424100,1,-1.251700,127.430500,8.744153,1.840880,132.045737,0
2025-08-22,sh.600506,21.9800000000,22.7500000000,21.9600000000,22.3700000000,22.0900000000,12096429,271437087.4400,2,8.189500,1,1.267500,129.045735,8.854988,1.864214,133.719472,0
2025-08-25,sh.600506,22.6800000000,23.2000000000,22.3000000000,22.8900000000,22.3700000000,13905437,315214487.1600,2,9.414200,1,2.324500,132.045457,9.060826,1.907549,136.827837,0
2025-08-26,sh.600506,22.9000000000,23.9600000000,22.6800000000,23.5200000000,22.8900000000,16796440,392062875.6000,2,11.371500,1,2.752300,135.679736,9.310207,1.960050,140.593740,0
2025-08-27,sh.600506,23.1800000000,23.9000000000,22.3400000000,22.3600000000,23.5200000000,16914344,388754807.5600,2,11.451300,1,-4.932000,101.580273,9.251586,1.805969,-65.870016,0
2025-08-28,sh.600506,22.2400000000,22.5500000000,21.6100000000,22.1300000000,22.3600000000,12348237,272408781.8600,2,8.360000,1,-1.028600,100.535395,9.156422,1.787392,-65.192462,0
2025-08-29,sh.600506,22.4200000000,23.0300000000,21.9000000000,22.6400000000,22.1300000000,13842302,311555532.0200,2,9.371500,1,2.304600,102.852298,9.367438,1.828584,-66.694864,0
2025-09-01,sh.600506,22.4200000000,22.7300000000,22.2100000000,22.6300000000,22.6400000000,9158902,206193343.8200,2,6.200700,1,-0.044200,102.806868,9.363300,1.827776,-66.665405,0
2025-09-02,sh.600506,22.8800000000,24.8900000000,22.0200000000,24.3200000000,22.6300000000,31929596,762520203.7800,2,21.616900,1,7.468000,110.484447,10.062548,1.964273,-71.643953,0
2025-09-03,sh.600506,24.3500000000,24.3600000000,21.8900000000,21.8900000000,24.3200000000,26057950,588095855.3200,2,17.641700,1,-9.991800,99.445088,9.057121,1.768008,-64.485449,0
2025-09-04,sh.600506,20.8900000000,20.8900000000,19.7000000000,19.8000000000,21.8900000000,20170722,408226194.6000,2,13.655900,1,-9.547700,89.950331,8.192370,1.599203,-58.328547,0
2025-09-05,sh.600506,19.8500000000,20.0900000000,19.6300000000,19.9800000000,19.8000000000,11018742,218808451.2600,2,7.459900,1,0.909100,90.768061,8.266846,1.613741,-58.858807,0
2025-09-08,sh.600506,19.9700000000,20.3400000000,19.8600000000,20.2100000000,19.9800000000,7362700,148158247.0000,2,4.984700,1,1.151200,91.812939,8.362010,1.632318,-59.536360,0
2025-09-09,sh.600506,20.1800000000,20.1800000000,19.7300000000,19.7600000000,20.2100000000,7316700,145822352.0000,2,4.953500,1,-2.226600,89.768613,8.175820,1.595972,-58.210712,0
2025-09-10,sh.600506,19.7800000000,20.1800000000,19.7800000000,19.9500000000,19.7600000000,5364879,107220302.1600,2,3.632100,1,0.961500,90.631773,8.254434,1.611318,-58.770430,0
2025-09-11,sh.600506,20.0100000000,20.0400000000,19.6700000000,20.0400000000,19.9500000000,6813817,135551578.8600,2,4.613100,1,0.451100,91.040638,8.291672,1.618587,-59.035560,0
2025-09-12,sh.600506,20.1000000000,20.2800000000,19.9500000000,19.9900000000,20.0400000000,6539649,131415586.2700,2,4.427500,1,-0.249500,90.813491,8.270984,1.614549,-58.888265,0
2025-09-15,sh.600506,19.8700000000,20.0400000000,19.7400000000,19.9000000000,19.9900000000,4472350,88989447.0200,2,3.027900,1,-0.450200,90.404626,8.233746,1.607280,-58.623136,0
2025-09-16,sh.600506,19.9300000000,20.2000000000,19.8900000000,20.0200000000,19.9000000000,5112200,102379847.0000,2,3.461000,1,0.603000,90.949779,8.283397,1.616972,-58.976642,0
2025-09-17,sh.600506,20.0500000000,20.1000000000,19.8000000000,19.8300000000,20.0200000000,6562001,130582176.3400,2,4.442600,1,-0.949100,90.086619,8.204783,1.601626,-58.416924,0
2025-09-18,sh.600506,19.8500000000,20.1100000000,19.5200000000,19.5800000000,19.8300000000,8541135,169304379.0000,2,5.782500,1,-1.260700,88.950883,8.101344,1.581434,-57.680452,0
2025-09-19,sh.600506,19.5200000000,19.8800000000,19.4300000000,19.6900000000,19.5800000000,6241000,122482703.0000,2,4.225300,1,0.561800,89.450607,8.146857,1.590318,-58.004500,0
2025-09-22,sh.600506,19.6800000000,19.6800000000,19.1400000000,19.3000000000,19.6900000000,5422875,104534114.5000,2,3.671400,1,-1.980700,87.678858,7.985492,1.558819,-56.855604,0
2025-09-23,sh.600506,19.3000000000,19.3200000000,18.7000000000,19.2200000000,19.3000000000,6003559,114033587.1500,2,4.064500,1,-0.414500,87.315422,7.952392,1.552358,-56.619933,0
2025-09-24,sh.600506,19.3500000000,19.4400000000,19.2000000000,19.2900000000,19.2200000000,3633900,70116966.0000,2,2.460200,1,0.364200,87.633428,7.981355,1.558011,-56.826145,0
2025-09-25,sh.600506,19.3200000000,19.5500000000,19.1200000000,19.1500000000,19.2900000000,5371643,103710847.7500,2,3.636700,1,-0.725800,86.997416,7.923429,1.546704,-56.413721,0
2025-09-26,sh.600506,19.2800000000,19.8200000000,19.1000000000,19.4200000000,19.1500000000,7644358,149390284.0900,2,5.175400,1,1.409900,88.224011,8.035143,1.568511,-57.209110,0
2025-09-29,sh.600506,19.4400000000,19.5200000000,19.1000000000,19.3200000000,19.4200000000,5544300,107053292.0000,2,3.753600,1,-0.514900,87.769717,7.993767,1.560434,-56.914522,0
2025-09-30,sh.600506,19.3500000000,19.4800000000,19.2900000000,19.3900000000,19.3200000000,4468600,86653958.0000,2,3.025300,1,0.362300,88.087723,8.022730,1.566088,-57.120734,0
2025-10-09,sh.600506,19.4600000000,19.5200000000,19.0100000000,19.4800000000,19.3900000000,5393300,104433572.9900,2,3.651400,1,0.464200,88.496588,8.059968,1.573357,-57.385863,0
2025-10-10,sh.600506,19.4400000000,20.1400000000,19.2500000000,19.8100000000,19.4800000000,8507301,168444616.7900,2,5.759600,1,1.694000,89.995760,8.196508,1.600011,-58.358006,0
2025-10-13,sh.600506,19.0100000000,19.6200000000,18.9000000000,19.5500000000,19.8100000000,6022450,116606250.5000,2,4.077300,1,-1.312500,88.814594,8.088931,1.579011,-57.592075,0
2025-10-14,sh.600506,19.6800000000,19.8200000000,19.5000000000,19.6000000000,19.5500000000,5150900,101314910.0000,2,3.487200,1,0.255800,89.041742,8.109619,1.583049,-57.739370,0
2025-10-15,sh.600506,19.8900000000,20.6600000000,19.6700000000,20.2000000000,19.6000000000,10703058,214781500.2800,2,7.246100,1,3.061200,91.767509,8.357873,1.631510,-59.506902,0
2025-10-16,sh.600506,20.2800000000,20.4700000000,19.8300000000,19.9700000000,20.2000000000,7650200,153757005.6800,2,5.179300,1,-1.138600,90.722632,8.262709,1.612933,-58.829348,0
2025-10-17,sh.600506,20.1400000000,21.0000000000,19.9100000000,20.5200000000,19.9700000000,18122508,374250331.1700,2,12.269200,1,2.754100,93.221252,8.490275,1.657356,-60.449585,0
2025-10-20,sh.600506,20.7900000000,21.5400000000,20.3900000000,20.8000000000,20.5200000000,16012844,334039757.6300,2,10.841000,1,1.364500,94.493277,8.606126,1.679971,-61.274433,0
2025-10-21,sh.600506,20.5600000000,20.9500000000,20.2200000000,20.7100000000,20.8000000000,11075093,227776416.0500,2,7.498000,1,-0.432700,94.084412,8.568888,1.672702,-61.009304,0
2025-10-22,sh.600506,20.6300000000,21.6100000000,20.1500000000,21.0600000000,20.7100000000,16216200,338813330.9600,2,10.978600,1,1.690000,95.674443,8.713703,1.700970,-62.040364,0
2025-10-23,sh.600506,20.7000000000,21.0600000000,20.2700000000,20.8700000000,21.0600000000,12635300,260131072.9900,2,8.554300,1,-0.902200,94.811283,8.635089,1.685624,-61.480645,0
2025-10-24,sh.600506,21.9800000000,22.6800000000,21.0000000000,21.0000000000,20.8700000000,22706257,493378261.2300,2,15.372500,1,0.622900,95.401866,8.688878,1.696124,-61.863611,0
2025-10-27,sh.600506,21.5000000000,23.1000000000,21.5000000000,22.4000000000,21.0000000000,35083981,788961992.6100,2,23.752400,1,6.666700,101.761991,9.268136,1.809199,-65.987851,0
2025-10-28,sh.600506,22.0000000000,24.6400000000,21.9900000000,24.6400000000,22.4000000000,36668042,865872871.2900,2,24.824900,1,10.000000,111.938190,10.194950,1.990119,-72.586636,0
2025-10-29,sh.600506,26.4800000000,26.4800000000,23.8400000000,24.4500000000,24.6400000000,49148914,1234966636.2200,2,33.274600,1,-0.771100,87.020349,9.786171,1.955340,146.649142,0
2025-10-30,sh.600506,23.4800000000,24.1000000000,22.6100000000,22.8100000000,24.4500000000,31087743,722929108.6300,2,21.046900,1,-6.707600,81.183402,9.129757,1.824185,136.812554,0
2025-10-31,sh.600506,22.4500000000,23.3000000000,22.2100000000,22.3800000000,22.8100000000,21191010,480698325.1000,2,14.346700,1,-1.885100,79.652982,8.957648,1.789796,134.233448,0
2025-11-03,sh.600506,22.4800000000,23.9800000000,22.4600000000,23.0100000000,22.3800000000,21686210,504230375.6000,2,14.681900,1,2.815000,81.895225,9.209807,1.840179,138.012138,0
2025-11-04,sh.600506,22.7600000000,25.3100000000,22.7600000000,25.3100000000,23.0100000000,21564139,535155553.0900,2,14.599300,1,9.995700,90.081188,10.130388,2.024117,151.807353,0
2025-11-05,sh.600506,25.3100000000,27.8400000000,25.3100000000,25.9800000000,25.3100000000,49894533,1313156326.4300,2,33.779400,1,2.647200,92.465795,10.398557,2.077699,155.825960,0
2025-11-06,sh.600506,25.6700000000,28.5800000000,25.1900000000,28.5800000000,25.9800000000,43338051,1163501304.5400,2,29.340600,1,10.007700,101.719492,11.439213,2.285629,171.420552,0
2025-11-07,sh.600506,30.5800000000,31.4400000000,29.7000000000,29.7500000000,28.5800000000,66379073,2059289695.1600,2,44.939700,1,4.093800,105.883656,11.907508,2.379197,178.438118,0
2025-11-10,sh.600506,28.0500000000,28.9600000000,26.7800000000,27.0200000000,29.7500000000,49996513,1378773823.6300,2,33.848500,1,-9.176500,96.167274,10.814819,2.160871,162.063797,0
2025-11-11,sh.600506,26.9600000000,29.4200000000,26.9600000000,28.6000000000,27.0200000000,43476397,1231540403.1900,2,29.434200,1,5.847500,101.790675,11.447218,2.287228,171.540510,0
2025-11-12,sh.600506,28.0500000000,30.2100000000,26.9400000000,28.8800000000,28.6000000000,44686506,1271816132.1500,2,30.253500,1,0.979000,102.787227,11.559289,2.309621,173.219928,0
2025-11-13,sh.600506,28.0300000000,30.5600000000,27.6000000000,28.8500000000,28.8800000000,41713210,1211488662.9000,2,28.240500,1,-0.103900,102.680453,11.547281,2.307222,173.039990,0
2025-11-14,sh.600506,28.9900000000,31.7400000000,28.9800000000,31.3000000000,28.8500000000,49914616,1536463903.7600,2,33.793000,1,8.492200,111.400284,12.527899,2.503156,187.734894,0
2025-11-17,sh.600506,33.6600000000,34.4300000000,31.7500000000,34.4300000000,31.3000000000,39017758,1320875989.2000,2,26.415700,1,10.000000,122.540312,13.780689,2.753471,206.508383,0
2025-11-18,sh.600506,34.0900000000,36.5000000000,30.9900000000,32.5600000000,34.4300000000,62638628,2090748820.2200,2,42.407400,1,-5.431300,115.884768,13.032217,2.603922,195.292273,0
2025-11-19,sh.600506,31.3000000000,31.3000000000,29.3000000000,29.3000000000,32.5600000000,34908201,1049081393.6400,2,23.633400,1,-10.012300,104.282055,11.727395,2.343210,175.739054,0
2025-11-20,sh.600506,28.5000000000,30.2300000000,27.1300000000,28.0300000000,29.3000000000,32031091,923056772.4100,2,21.685600,1,-4.334500,99.761979,11.219074,2.241644,168.121696,0
2025-11-21,sh.600506,27.3500000000,28.6200000000,25.4700000000,25.5600000000,28.0300000000,29681041,786693387.7700,2,20.094600,1,-8.812000,90.970967,10.230451,2.044110,153.306833,0
2025-11-24,sh.600506,25.8000000000,26.7800000000,25.3800000000,26.3500000000,25.5600000000,24733231,641885444.8500,2,16.744800,1,3.090800,93.782667,10.546650,2.107289,158.045190,0
2025-11-25,sh.600506,26.3600000000,26.9900000000,26.1700000000,26.4100000000,26.3500000000,23143300,614484241.8800,2,15.668400,1,0.227700,93.996214,10.570665,2.112087,158.405065,0
2025-11-26,sh.600506,26.0200000000,26.6400000000,25.7100000000,25.8000000000,26.4100000000,20130200,524098225.0000,2,13.628500,1,-2.309700,91.825154,10.326511,2.063304,154.746334,0
2025-11-27,sh.600506,25.5300000000,25.9500000000,25.2600000000,25.4000000000,25.8000000000,17647134,450689004.2800,2,11.947400,1,-1.550400,90.401508,10.166410,2.031315,152.347166,0
2025-11-28,sh.600506,25.4800000000,26.2000000000,25.1200000000,25.9900000000,25.4000000000,18317600,471722935.0000,2,12.401300,1,2.322800,92.501386,10.402559,2.078499,155.885939,0
2025-12-01,sh.600506,26.0000000000,26.2900000000,25.4700000000,25.5100000000,25.9900000000,16377200,420359211.0000,2,11.087600,1,-1.846900,90.793011,10.210438,2.040112,153.006937,0
2025-12-02,sh.600506,25.4500000000,26.6800000000,25.2600000000,26.1200000000,25.5100000000,26906800,702179309.0000,2,18.216300,1,2.391200,92.964071,10.454592,2.088895,156.665669,0
2025-12-03,sh.600506,26.0300000000,26.7000000000,24.7400000000,25.0100000000,26.1200000000,23218692,588535238.2500,2,15.719400,1,-4.249600,89.013454,10.010312,2.000125,150.007977,0
2025-12-04,sh.600506,24.5800000000,25.3400000000,24.3700000000,24.4000000000,25.0100000000,17593223,433744219.6600,2,11.910900,1,-2.439000,86.842394,9.766158,1.951342,146.349246,0
2025-12-05,sh.600506,24.5800000000,25.0900000000,24.3000000000,25.0200000000,24.4000000000,14119399,350871575.0300,2,9.559100,1,2.541000,89.049045,10.014314,2.000925,150.067957,0
2025-12-08,sh.600506,24.3900000000,25.0700000000,24.3600000000,24.8600000000,25.0200000000,17330500,428118792.0000,2,11.733000,1,-0.639500,88.479586,9.950274,1.988129,149.108289,0
2025-12-09,sh.600506,24.9700000000,25.1000000000,24.4500000000,24.5600000000,24.8600000000,10087800,249159270.0000,2,6.829600,1,-1.206800,87.411852,9.830198,1.964137,147.308913,0
2025-12-10,sh.600506,24.4500000000,24.6500000000,24.0300000000,24.2000000000,24.5600000000,9615900,232607266.0000,2,6.510100,1,-1.465800,86.130571,9.686107,1.935347,145.149662,0
2025-12-11,sh.600506,24.2400000000,24.3600000000,23.5100000000,23.5100000000,24.2000000000,10212500,242865077.0000,2,6.914000,1,-2.851200,83.674782,9.409933,1.880166,141.011098,0
2025-12-12,sh.600506,23.8500000000,24.3100000000,23.6100000000,23.8900000000,23.5100000000,12001877,287190702.2400,2,8.125500,1,1.616300,85.027245,9.562029,1.910555,143.290307,0
2025-12-15,sh.600506,23.4300000000,24.1000000000,23.4300000000,23.7900000000,23.8900000000,8359300,199589275.8900,2,5.659400,1,-0.418600,84.671334,9.522004,1.902558,142.690515,0
2025-12-16,sh.600506,23.7700000000,23.9500000000,22.7600000000,22.9000000000,23.7900000000,9379500,217087340.0000,2,6.350100,1,-3.741100,81.503722,9.165779,1.831382,137.352366,0
2025-12-17,sh.600506,22.8600000000,23.0300000000,22.4000000000,22.8900000000,22.9000000000,8253370,187292613.4300,2,5.587700,1,-0.043700,81.468131,9.161777,1.830582,137.292387,0
2025-12-18,sh.600506,22.8900000000,23.6100000000,22.7800000000,23.1700000000,22.8900000000,8785063,204446659.4900,2,5.947600,1,1.223200,82.464683,9.273847,1.852975,138.971805,0
2025-12-19,sh.600506,23.0000000000,23.6300000000,22.9600000000,23.3600000000,23.1700000000,10065501,234277062.2800,2,6.814500,1,0.820000,83.140915,9.349895,1.868170,140.111410,0
2025-12-22,sh.600506,23.3400000000,23.9800000000,23.2400000000,23.7500000000,23.3600000000,9368401,221760133.8000,2,6.342600,1,1.669500,84.528969,9.505994,1.899359,142.450598,0
2025-12-23,sh.600506,23.7500000000,23.9000000000,23.2800000000,23.5300000000,23.7500000000,8877290,209085188.0000,2,6.010100,1,-0.926300,83.745964,9.417938,1.881765,141.131056,0
2025-12-24,sh.600506,23.5400000000,24.0400000000,23.2600000000,23.8600000000,23.5300000000,8026710,190837041.6000,2,5.434200,1,1.402500,84.920472,9.550022,1.908156,143.110370,0
2025-12-25,sh.600506,23.8200000000,23.9800000000,23.6000000000,23.8000000000,23.8600000000,7611200,180843246.0000,2,5.152900,1,-0.251500,84.706925,9.526006,1.903358,142.750494,0
2025-12-26,sh.600506,23.8800000000,24.1400000000,23.7000000000,24.0600000000,23.8000000000,9414763,225543873.2900,2,6.374000,1,1.092400,85.632295,9.630072,1.924151,144.309954,0
2025-12-29,sh.600506,24.7200000000,26.4700000000,24.0000000000,26.4700000000,24.0600000000,47302523,1202224426.9100,2,24.634300,1,10.016600,94.209761,10.594680,2.116886,158.764941,0
2025-12-30,sh.600506,26.7300000000,29.1200000000,26.0300000000,29.1200000000,26.4700000000,56047613,1545918296.1800,2,29.188600,1,10.011300,103.641414,11.655349,2.328814,174.659428,0
2025-12-31,sh.600506,28.1300000000,28.3300000000,26.2100000000,26.2100000000,29.1200000000,43984502,1180106366.4700,2,22.906300,1,-9.993100,93.284391,10.490615,2.096093,157.205481,0
2026-01-05,sh.600506,26.6000000000,28.0100000000,25.8000000000,26.8500000000,26.2100000000,38401224,1024954757.8900,2,19.998700,1,2.441800,95.562224,10.746776,2.147276,161.044150,0
2026-01-06,sh.600506,26.0900000000,26.9600000000,26.0900000000,26.2300000000,26.8500000000,27516837,726509857.4200,2,14.330300,1,-2.309100,93.355573,10.498620,2.097692,157.325440,0
2026-01-07,sh.600506,25.9500000000,27.9900000000,25.5900000000,27.3500000000,26.2300000000,39547747,1066194494.2200,2,20.595800,1,4.269900,97.341781,10.946902,2.187262,164.043110,0
2026-01-08,sh.600506,26.7900000000,27.8000000000,26.5300000000,27.2700000000,27.3500000000,28214401,765946785.0800,2,14.693600,1,-0.292500,97.057052,10.914882,2.180864,163.563277,0
2026-01-09,sh.600506,27.9000000000,29.5000000000,27.4800000000,28.8100000000,27.2700000000,37594591,1058470263.4700,2,19.578600,1,5.647200,102.538089,11.531271,2.304023,172.800073,0
2026-01-12,sh.600506,28.4000000000,28.4200000000,27.8100000000,28.0200000000,28.8100000000,29756328,834225994.8800,2,15.496600,1,-2.742100,99.726388,11.215071,2.240844,168.061716,0
2026-01-13,sh.600506,28.0200000000,28.3700000000,27.2200000000,27.2900000000,28.0200000000,20815801,576377481.8400,2,10.840500,1,-2.605300,97.128235,10.922887,2.182464,163.683235,0
2026-01-14,sh.600506,26.6800000000,27.7900000000,26.6000000000,26.8500000000,27.2900000000,18718935,506158786.7500,2,9.748500,1,-1.612300,95.562224,10.746776,2.147276,161.044150,0
2026-01-15,sh.600506,26.7700000000,27.0700000000,26.0600000000,26.3800000000,26.8500000000,12725528,336412275.6800,2,6.627200,1,-1.750500,93.889440,10.558658,2.109688,158.225128,0
2026-01-16,sh.600506,26.2000000000,26.9300000000,26.2000000000,26.7200000000,26.3800000000,10140558,270424259.1400,2,5.281000,1,1.288900,95.099539,10.694743,2.136879,160.264421,0
2026-01-19,sh.600506,26.5700000000,27.4300000000,26.3600000000,27.4200000000,26.7200000000,12992299,351371288.6000,2,6.766200,1,2.619800,97.590919,10.974920,2.192860,164.462965,0
2026-01-20,sh.600506,27.4000000000,27.4200000000,26.5000000000,26.5900000000,27.4200000000,10351201,277080187.5900,2,5.390700,1,-3.027000,94.636854,10.642711,2.126483,159.484691,0
2026-01-21,sh.600506,26.3200000000,26.8800000000,25.9400000000,26.7800000000,26.5900000000,8806991,232765688.5600,2,4.586500,1,0.714600,95.313086,10.718759,2.141678,160.624296,0
2026-01-22,sh.600506,26.6600000000,27.2600000000,26.6100000000,26.8200000000,26.7800000000,9915200,267180989.0000,2,5.163700,1,0.149400,95.455451,10.734769,2.144876,160.864213,0
2026-01-23,sh.600506,26.6100000000,27.0600000000,26.3400000000,26.8100000000,26.8200000000,10599401,283257314.6200,2,5.520000,1,-0.037300,95.419860,10.730766,2.144077,160.804233,0
2026-01-26,sh.600506,26.2400000000,26.2500000000,24.7700000000,24.7800000000,26.8100000000,17242501,436870067.2000,2,8.979600,1,-7.571800,88.194857,9.918254,1.981731,148.628456,0
2026-01-27,sh.600506,24.7000000000,25.2400000000,24.2500000000,25.0000000000,24.7800000000,8507800,211787026.0000,2,4.430700,1,0.887800,88.977862,10.006309,1.999326,149.947998,0
2026-01-28,sh.600506,24.8000000000,25.6800000000,24.7700000000,25.3000000000,25.0000000000,9735100,246024721.0000,2,5.069900,1,1.200000,90.045597,10.126385,2.023317,151.747374,0
2026-01-29,sh.600506,25.1700000000,25.8600000000,24.9300000000,25.4000000000,25.3000000000,10609101,269564397.4000,2,5.525000,1,0.395300,90.401508,10.166410,2.031315,152.347166,0
2026-01-30,sh.600506,25.2700000000,25.8000000000,24.4100000000,24.5500000000,25.4000000000,9883401,246044750.6600,2,5.147100,1,-3.346500,87.376261,9.826196,1.963338,147.248934,0
2026-02-02,sh.600506,24.2600000000,24.7500000000,23.8600000000,24.0100000000,24.5500000000,5682900,138015845.0000,2,2.959600,1,-2.199600,85.454339,9.610059,1.920152,144.010058,0
2026-02-03,sh.600506,24.2400000000,24.6000000000,24.1400000000,24.5900000000,24.0100000000,5846602,142543492.6400,2,3.044800,1,2.415700,87.518625,9.842206,1.966537,147.488851,0
2026-02-04,sh.600506,24.8000000000,24.8300000000,24.3600000000,24.6800000000,24.5900000000,4730300,116381725.0000,2,2.463500,1,0.366000,87.838946,9.878229,1.973734,148.028664,0
2026-02-05,sh.600506,24.7000000000,25.7100000000,24.6800000000,24.9100000000,24.6800000000,11326500,285504875.9900,2,5.898600,1,0.931900,88.657542,9.970287,1.992128,149.408185,0
2026-02-06,sh.600506,24.3800000000,24.9700000000,24.1100000000,24.5600000000,24.9100000000,7387900,181543187.0000,2,3.847500,1,-1.405100,87.411852,9.830198,1.964137,147.308913,0
2026-02-09,sh.600506,24.7500000000,25.0400000000,24.5900000000,24.9500000000,24.5600000000,5216400,129713367.9900,2,2.716600,1,1.587900,88.799907,9.986297,1.995327,149.648102,0
2026-02-10,sh.600506,25.2000000000,25.2000000000,24.6300000000,24.8100000000,24.9500000000,4231100,105089711.9200,2,2.203500,1,-0.561100,88.301631,9.930261,1.984131,148.808393,0
2026-02-11,sh.600506,24.8100000000,24.9100000000,24.7000000000,24.7300000000,24.8100000000,3246501,80505142.6600,2,1.690700,1,-0.322500,88.016901,9.898241,1.977733,148.328560,0
2026-02-12,sh.600506,24.9300000000,25.4400000000,24.7400000000,24.8700000000,24.7300000000,7251800,182032413.0000,2,3.776600,1,0.566100,88.515177,9.954277,1.988929,149.168269,0
2026-02-13,sh.600506,24.7500000000,25.3800000000,24.7000000000,24.9400000000,24.8700000000,5465600,136883543.0000,2,2.846400,1,0.281500,88.764316,9.982294,1.994527,149.588123,0
2026-02-24,sh.600506,25.0300000000,25.8400000000,24.9900000000,25.7700000000,24.9400000000,9721201,249108942.5400,2,5.062600,1,3.328000,91.718381,10.314504,2.060905,154.566397,0
2026-02-25,sh.600506,25.5000000000,25.7000000000,25.2900000000,25.4900000000,25.7700000000,7448900,190090197.0000,2,3.879300,1,-1.086500,90.721828,10.202433,2.038512,152.886979,0
2026-02-26,sh.600506,25.4900000000,25.6200000000,25.2600000000,25.4500000000,25.4900000000,5084200,129331328.0000,2,2.647800,1,-0.156900,90.579464,10.186423,2.035313,152.647062,0
2026-02-27,sh.600506,25.3000000000,25.9300000000,25.2200000000,25.6600000000,25.4500000000,7546600,192890502.0000,2,3.930100,1,0.825100,91.326878,10.270476,2.052108,153.906625,0
2026-03-02,sh.600506,26.4100000000,27.5000000000,26.2400000000,27.4900000000,25.6600000000,30203062,813004619.2800,2,15.729200,1,7.131700,97.840057,11.002938,2.198458,164.882819,0
2026-03-03,sh.600506,27.5000000000,29.0800000000,26.3900000000,27.9000000000,27.4900000000,37162114,1040380754.2800,2,19.353400,1,1.491500,99.299294,11.167041,2.231247,167.341966,0
2026-03-04,sh.600506,26.6500000000,26.7700000000,25.1100000000,25.6100000000,27.9000000000,21433310,548982834.4700,2,11.162100,1,-8.207900,91.148922,10.250463,2.048109,153.606729,0
2026-03-05,sh.600506,25.0600000000,25.4000000000,23.6900000000,24.9100000000,25.6100000000,16093642,396892179.4400,2,8.381300,1,-2.733300,88.657542,9.970287,1.992128,149.408185,0
2026-03-06,sh.600506,24.5600000000,24.7100000000,24.1100000000,24.4500000000,24.9100000000,10920301,265833210.2900,2,5.687100,1,-1.846600,87.020349,9.786171,1.955340,146.649142,0
2026-03-09,sh.600506,25.3900000000,25.6700000000,24.1000000000,24.2300000000,24.4500000000,15424963,384014274.3300,2,8.033000,1,-0.899800,86.237344,9.698115,1.937746,145.329600,0
2026-03-10,sh.600506,23.0000000000,23.7900000000,23.0000000000,23.7000000000,24.2300000000,10442842,246101706.9300,2,5.438400,1,-2.187400,84.351014,9.485981,1.895361,142.150702,0
2026-03-11,sh.600506,23.5800000000,23.6500000000,23.1400000000,23.3200000000,23.7000000000,9044001,211144872.3400,2,4.710000,1,-1.603400,82.998550,9.333885,1.864971,139.871493,0
2026-03-12,sh.600506,23.5000000000,23.6000000000,23.0500000000,23.0800000000,23.3200000000,6792701,157920684.3500,2,3.537500,1,-1.029200,82.144363,9.237825,1.845777,138.431992,0
2026-03-13,sh.600506,23.2500000000,23.2900000000,22.4800000000,22.5600000000,23.0800000000,7642004,174421082.9300,2,3.979800,1,-2.253000,80.293623,9.029694,1.804191,135.313074,0
2026-03-16,sh.600506,22.5000000000,22.9100000000,22.2900000000,22.7000000000,22.5600000000,6452200,145726486.0000,2,3.360200,1,0.620600,80.791899,9.085729,1.815388,136.152782,0
2026-03-17,sh.600506,22.5200000000,22.6800000000,22.0600000000,22.0600000000,22.7000000000,6103700,136198534.0000,2,3.178700,1,-2.819400,78.514066,8.829567,1.764205,132.314114,0
2026-03-18,sh.600506,21.9700000000,22.1900000000,21.5400000000,22.0800000000,22.0600000000,6058900,132129140.0000,2,3.155400,1,0.090700,78.585248,8.837572,1.765804,132.434072,0
