date,code,open,high,low,close,preclose,volume,amount,adjustflag,turn,tradestatus,pctChg,peTTM,pbMRQ,psTTM,pcfNcfTTM,isST
2023-06-26,sh.601886,7.6981779400,7.7412808400,7.5861104000,7.6550750400,7.6895573600,6489341,57699634.2400,2,0.572800,1,-0.448400,17.969686,1.552126,0.553183,222.612616,0
2023-06-27,sh.601886,7.5947309800,7.6550750400,7.4136988000,7.4654222800,7.6550750400,9894255,86005071.2400,2,0.873300,1,-2.477500,17.524491,1.513672,0.539478,217.097439,0
2023-06-28,sh.601886,7.4654222800,7.5257663400,7.3619753200,7.4912840200,7.4654222800,3483775,30074434.4200,2,0.307500,1,0.346400,17.585200,1.518916,0.541347,217.849508,0
2023-06-29,sh.601886,7.4395605400,7.6292133000,7.3878370600,7.4654222800,7.4912840200,3531085,30695166.1900,2,0.311700,1,-0.345200,17.524491,1.513672,0.539478,217.097439,0
2023-06-30,sh.601886,7.5430075000,7.7154191000,7.4654222800,7.6636956200,7.4654222800,5032043,44683793.2800,2,0.444100,1,2.655900,17.989922,1.553874,0.553806,222.863306,0
2023-07-03,sh.601886,7.6723162000,8.1205863600,7.6292133000,8.0343805600,7.6636956200,11074135,101892207.7700,2,0.977400,1,4.836900,18.860076,1.629033,0.580593,233.642971,0
2023-07-04,sh.601886,7.9998982400,8.1809304200,7.9567953400,8.1378275200,8.0343805600,7143016,67020540.9600,2,0.630500,1,1.287600,19.102909,1.650007,0.588069,236.651250,0
2023-07-05,sh.601886,8.1378275200,8.6033388400,8.0343805600,8.4223066600,8.1378275200,11187138,109766811.6000,2,0.987400,1,3.495800,19.770702,1.707688,0.608626,244.924016,0
2023-07-06,sh.601886,8.4223066600,8.5171330400,8.1292069400,8.3361008600,8.4223066600,9563621,91982253.3700,2,0.844100,1,-1.023500,19.568341,1.690209,0.602397,242.417117,0
2023-07-07,sh.601886,8.3188597000,8.3274802800,8.1292069400,8.1895510000,8.3361008600,5193068,49520396.8500,2,0.458300,1,-1.758000,19.224326,1.660495,0.591806,238.155389,0
2023-07-10,sh.601886,8.2067921600,8.2843773800,8.0430011400,8.1809304200,8.1895510000,4190724,39732807.7200,2,0.369900,1,-0.105300,19.204090,1.658747,0.591183,237.904699,0
2023-07-11,sh.601886,8.2585156400,8.2757568000,8.0774834600,8.1205863600,8.1809304200,2983101,28114409.8500,2,0.263300,1,-0.737600,19.062437,1.646512,0.586823,236.149870,0
2023-07-12,sh.601886,8.0774834600,8.1292069400,7.9740365000,8.0430011400,8.1205863600,4199382,39175643.9500,2,0.370600,1,-0.955400,18.880312,1.630781,0.581216,233.893661,0
2023-07-13,sh.601886,8.0430011400,8.4912713000,8.0171394000,8.4654095600,8.0430011400,9718109,94330584.9300,2,0.857700,1,5.251900,19.871883,1.716427,0.611741,246.177465,0
2023-07-14,sh.601886,8.4481684000,8.4481684000,8.0947246200,8.1378275200,8.4654095600,5926093,56488248.2000,2,0.523000,1,-3.869700,19.102909,1.650007,0.588069,236.651250,0
2023-07-17,sh.601886,8.0774834600,8.0774834600,7.8705895400,8.0085188200,8.1378275200,5860966,54114425.5300,2,0.517300,1,-1.589000,18.799367,1.623789,0.578724,232.890901,0
2023-07-18,sh.601886,8.0171394000,8.2929979600,7.9395541800,8.1723098400,8.0085188200,5091119,48080722.1700,2,0.449300,1,2.045200,19.183854,1.656999,0.590560,237.654009,0
2023-07-19,sh.601886,8.2498950600,8.4654095600,8.1033452000,8.2326539000,8.1723098400,8137759,78464474.9500,2,0.718200,1,0.738400,19.325507,1.669234,0.594921,239.408838,0
2023-07-20,sh.601886,8.2757568000,8.4740301400,8.1723098400,8.4136860800,8.2326539000,8603634,83586010.0400,2,0.759400,1,2.199000,19.750466,1.705940,0.608003,244.673326,0
2023-07-21,sh.601886,8.3964449200,8.3964449200,8.1378275200,8.2067921600,8.4136860800,5576900,53187487.0000,2,0.492200,1,-2.459000,19.264799,1.663991,0.593052,238.656769,0
2023-07-24,sh.601886,8.1723098400,8.2671362200,8.0774834600,8.1378275200,8.2067921600,6250836,58981083.7400,2,0.551700,1,-0.840300,19.102909,1.650007,0.588069,236.651250,0
2023-07-25,sh.601886,8.1809304200,8.3533420200,8.1809304200,8.2326539000,8.1378275200,5756490,55164722.3200,2,0.508100,1,1.165300,19.325507,1.669234,0.594921,239.408838,0
2023-07-26,sh.601886,8.2757568000,8.3878243400,8.1636892600,8.1981715800,8.2326539000,4174325,39977304.7500,2,0.368400,1,-0.418800,19.244562,1.662243,0.592429,238.406079,0
2023-07-27,sh.601886,8.2154127400,8.3188597000,8.0947246200,8.1378275200,8.1981715800,3820475,36319097.4000,2,0.337200,1,-0.736100,19.102909,1.650007,0.588069,236.651250,0
2023-07-28,sh.601886,8.1205863600,8.1723098400,7.9740365000,8.0257599800,8.1378275200,5162820,48253359.9300,2,0.455700,1,-1.377100,18.839840,1.627285,0.579970,233.392281,0
2023-07-31,sh.601886,8.0602423000,8.1550686800,7.8792101200,7.9395541800,8.0257599800,8247039,76146401.6300,2,0.727900,1,-1.074100,18.637478,1.609806,0.573741,230.885382,0
2023-08-01,sh.601886,7.9050718600,7.9826570800,7.7843837400,7.9395541800,7.9395541800,5560657,51003147.8900,2,0.490800,1,0.000000,18.637478,1.609806,0.573741,230.885382,0
2023-08-02,sh.601886,7.9654159200,8.0516217200,7.8964512800,7.9912776600,7.9395541800,2455201,22689522.1800,2,0.216700,1,0.651500,18.758895,1.620293,0.577478,232.389522,0
2023-08-03,sh.601886,7.9309336000,8.1636892600,7.8533483800,8.0602423000,7.9912776600,4122700,38485768.9900,2,0.363900,1,0.863000,18.920784,1.634276,0.582462,234.395041,0
2023-08-04,sh.601886,8.0602423000,8.1033452000,7.9050718600,8.0602423000,8.0602423000,2882115,26795701.2000,2,0.254400,1,0.000000,18.920784,1.634276,0.582462,234.395041,0
2023-08-07,sh.601886,7.9912776600,8.0257599800,7.6205927200,7.7326602600,8.0602423000,8617488,77883594.2300,2,0.760600,1,-4.064200,18.151811,1.567857,0.558790,224.868825,0
2023-08-08,sh.601886,7.7499014200,7.9309336000,7.7154191000,7.7757631600,7.7326602600,4335976,39363969.5200,2,0.382700,1,0.557400,18.252992,1.576596,0.561905,226.122274,0
2023-08-09,sh.601886,7.7757631600,7.8447278000,7.6895573600,7.7499014200,7.7757631600,2876900,25919328.0000,2,0.253900,1,-0.332600,18.192283,1.571352,0.560036,225.370205,0
2023-08-10,sh.601886,7.7326602600,7.8878307000,7.6981779400,7.7585220000,7.7499014200,2529900,22831451.0000,2,0.223300,1,0.111200,18.212520,1.573100,0.560659,225.620895,0
2023-08-11,sh.601886,7.7843837400,7.8274866400,7.6378338800,7.6378338800,7.7585220000,2610380,23332532.2200,2,0.230400,1,-1.555600,17.929214,1.548630,0.551937,222.111236,0
2023-08-14,sh.601886,7.6550750400,7.8274866400,7.5602486600,7.7930043200,7.6378338800,2696726,24106269.6600,2,0.238000,1,2.031600,18.293464,1.580092,0.563150,226.623654,0
2023-08-15,sh.601886,7.7499014200,7.9050718600,7.6636956200,7.7843837400,7.7930043200,3199100,28843387.5200,2,0.282400,1,-0.110600,18.273228,1.578344,0.562527,226.372964,0
2023-08-16,sh.601886,7.7326602600,7.7499014200,7.6119721400,7.6464544600,7.7843837400,2267400,20145896.0000,2,0.200100,1,-1.771900,17.949450,1.550378,0.552560,222.361926,0
2023-08-17,sh.601886,7.6292133000,7.7154191000,7.4999046000,7.6895573600,7.6464544600,2704907,23856636.8100,2,0.238700,1,0.563700,18.050631,1.559117,0.555675,223.615376,0
2023-08-18,sh.601886,7.6033515600,7.7412808400,7.5516280800,7.5774898200,7.6895573600,2132645,18905097.6000,2,0.188200,1,-1.457400,17.787561,1.536395,0.547577,220.356407,0
2023-08-21,sh.601886,7.5085251800,7.6464544600,7.4654222800,7.4654222800,7.5774898200,2400900,21041230.0000,2,0.211900,1,-1.479000,17.524491,1.513672,0.539478,217.097439,0
2023-08-22,sh.601886,7.5430075000,7.6119721400,7.4223193800,7.4999046000,7.4654222800,2866100,24940146.0000,2,0.253000,1,0.461900,17.605436,1.520664,0.541970,218.100198,0
2023-08-23,sh.601886,7.5343869200,7.5343869200,7.2412872000,7.3016312600,7.4999046000,8147102,69190879.1800,2,0.719100,1,-2.643700,17.140005,1.480462,0.527642,212.334331,0
2023-08-24,sh.601886,7.3102518400,7.4136988000,7.1205990800,7.1292196600,7.3016312600,6571293,54928003.1800,2,0.580000,1,-2.361300,16.735282,1.445504,0.515183,207.320533,0
2023-08-25,sh.601886,7.1033579200,7.2671489400,7.1033579200,7.1550814000,7.1292196600,3537700,29529833.0000,2,0.312200,1,0.362800,16.795990,1.450748,0.517052,208.072603,0
2023-08-28,sh.601886,7.4568017000,7.5774898200,6.9826698000,7.0947373400,7.1550814000,7180700,60304609.6100,2,0.633800,1,-0.843400,16.654337,1.438513,0.512691,206.317774,0
2023-08-29,sh.601886,7.1809431400,7.5688692400,7.0947373400,7.4999046000,7.0947373400,9211847,78484105.4500,2,0.813000,1,5.710800,17.123701,1.460640,0.514365,17.888580,0
2023-08-30,sh.601886,7.4826634400,7.5947309800,7.4481811200,7.5430075000,7.4999046000,4534672,39587624.5200,2,0.400200,1,0.574700,17.222113,1.469034,0.517321,17.991388,0
2023-08-31,sh.601886,7.6464544600,7.8016249000,7.4395605400,7.4912840200,7.5430075000,5255297,46165946.5400,2,0.463800,1,-0.685700,17.104019,1.458961,0.513774,17.868018,0
2023-09-01,sh.601886,7.6119721400,7.7412808400,7.4999046000,7.5430075000,7.4912840200,3227300,28390354.0000,2,0.284800,1,0.690400,17.222113,1.469034,0.517321,17.991388,0
2023-09-04,sh.601886,7.6809367800,7.6895573600,7.4050782200,7.4740428600,7.5430075000,6684681,58026811.9400,2,0.590000,1,-0.914300,17.064654,1.455603,0.512591,17.826895,0
2023-09-05,sh.601886,7.4654222800,7.4740428600,7.3016312600,7.3619753200,7.4740428600,6580851,56211566.0200,2,0.580800,1,-1.499400,16.808782,1.433777,0.504905,17.559595,0
2023-09-06,sh.601886,7.3447341600,7.3705959000,7.2412872000,7.3016312600,7.3619753200,3869400,32793406.0000,2,0.341500,1,-0.819700,16.671006,1.422025,0.500767,17.415663,0
2023-09-07,sh.601886,7.2240460400,7.3102518400,7.1378402400,7.1550814000,7.3016312600,2902000,24311429.0000,2,0.256100,1,-2.007100,16.336404,1.393484,0.490716,17.066116,0
2023-09-08,sh.601886,7.2671489400,7.2671489400,7.0774961800,7.1119785000,7.1550814000,2766800,22919273.0000,2,0.244200,1,-0.602400,16.237992,1.385089,0.487760,16.963309,0
2023-09-11,sh.601886,7.0774961800,7.1723225600,6.9568080600,7.1205990800,7.1119785000,4358800,35770285.0000,2,0.384700,1,0.121200,16.257675,1.386768,0.488351,16.983870,0
2023-09-12,sh.601886,7.1033579200,7.2068048800,7.0688756000,7.0947373400,7.1205990800,3274400,27082886.0000,2,0.289000,1,-0.363200,16.198628,1.381731,0.486577,16.922185,0
2023-09-13,sh.601886,7.1550814000,7.1637019800,6.9740492200,7.0343932800,7.0947373400,2737600,22404281.0000,2,0.241600,1,-0.850500,16.060851,1.369979,0.482439,16.778254,0
2023-09-14,sh.601886,7.0947373400,7.0947373400,6.9137051600,6.9481874800,7.0343932800,3196042,25823754.2000,2,0.282100,1,-1.225500,15.864026,1.353190,0.476526,16.572638,0
2023-09-15,sh.601886,6.8964640000,7.0774961800,6.8964640000,6.9654286400,6.9481874800,5321687,43197009.3900,2,0.469700,1,0.248100,15.903391,1.356548,0.477709,16.613762,0
2023-09-18,sh.601886,6.9654286400,7.0343932800,6.8361199400,6.9999109600,6.9654286400,5155000,41498544.0000,2,0.455000,1,0.495000,15.982121,1.363264,0.480074,16.696008,0
2023-09-19,sh.601886,6.9309463200,6.9740492200,6.8016376200,6.8447405200,6.9999109600,4698351,37400253.9400,2,0.414700,1,-2.216700,15.627838,1.333043,0.469432,16.325899,0
2023-09-20,sh.601886,6.8706022600,6.8706022600,6.7671553000,6.7671553000,6.8447405200,2308602,18270796.8600,2,0.203800,1,-1.133500,15.450696,1.317933,0.464111,16.140845,0
2023-09-21,sh.601886,6.8188787800,6.8447405200,6.7154318200,6.7240524000,6.7671553000,3101237,24322284.4200,2,0.273700,1,-0.636900,15.352284,1.309539,0.461155,16.038037,0
2023-09-22,sh.601886,6.7499141400,6.9740492200,6.6981906600,6.9568080600,6.7240524000,5480302,43552672.1000,2,0.483700,1,3.461500,15.883709,1.354869,0.477118,16.593200,0
2023-09-25,sh.601886,6.9137051600,6.9568080600,6.7240524000,6.7326729800,6.9568080600,4279827,33707154.8700,2,0.377700,1,-3.221800,15.371966,1.311218,0.461746,16.058599,0
2023-09-26,sh.601886,6.7326729800,6.7671553000,6.6723289200,6.6809495000,6.7326729800,3222300,25028036.0000,2,0.284400,1,-0.768200,15.253872,1.301144,0.458199,15.935229,0
2023-09-27,sh.601886,6.6637083400,6.7930170400,6.6464671800,6.7757758800,6.6809495000,3576231,27999144.4500,2,0.315600,1,1.419400,15.470378,1.319612,0.464702,16.161407,0
2023-09-28,sh.601886,6.7499141400,6.8619816800,6.6378466000,6.6464671800,6.7757758800,4757870,36821185.0000,2,0.419900,1,-1.908400,15.175142,1.294429,0.455834,15.852983,0
2023-10-09,sh.601886,6.6464671800,6.7154318200,6.5775025400,6.6464671800,6.6464671800,4872970,37606463.7000,2,0.430100,1,0.000000,15.175142,1.294429,0.455834,15.852983,0
2023-10-10,sh.601886,6.6378466000,6.7240524000,6.4654350000,6.4999173200,6.6464671800,5346300,40589145.0000,2,0.471900,1,-2.204900,14.840541,1.265888,0.445783,15.503436,0
2023-10-11,sh.601886,6.4826761600,6.6292260200,6.4740555800,6.5171584800,6.4999173200,3984000,30259004.0000,2,0.351600,1,0.265300,14.879906,1.269245,0.446965,15.544559,0
2023-10-12,sh.601886,6.5171584800,6.6292260200,6.5085379000,6.5861231200,6.5171584800,2513600,19155738.0000,2,0.221900,1,1.058200,15.037365,1.282677,0.451695,15.709052,0
2023-10-13,sh.601886,6.5602613800,6.5861231200,6.4050909400,6.4481938400,6.5861231200,3859800,28930501.0000,2,0.340700,1,-2.094200,14.722446,1.255814,0.442235,15.380066,0
2023-10-16,sh.601886,6.4826761600,6.4912967400,6.3792292000,6.4050909400,6.4481938400,2787900,20775198.0000,2,0.246100,1,-0.668400,14.624034,1.247420,0.439279,15.277258,0
2023-10-17,sh.601886,6.4309526800,6.5085379000,6.3447468800,6.4481938400,6.4050909400,3311049,24642610.2600,2,0.292200,1,0.672900,14.722446,1.255814,0.442235,15.380066,0
2023-10-18,sh.601886,6.4223321000,6.4223321000,6.2930234000,6.3102645600,6.4481938400,3619647,26591792.9200,2,0.319500,1,-2.139000,14.407528,1.228952,0.432776,15.051081,0
2023-10-19,sh.601886,6.3361263000,6.3964703600,6.2585410800,6.3016439800,6.3102645600,4289398,31470842.3800,2,0.378600,1,-0.136600,14.387845,1.227273,0.432185,15.030519,0
2023-10-20,sh.601886,6.2412999200,6.3275057200,6.1981970200,6.2326793400,6.3016439800,4257642,30920281.5400,2,0.375800,1,-1.094400,14.230386,1.213842,0.427455,14.866027,0
2023-10-23,sh.601886,6.2930234000,6.2930234000,6.0257854200,6.0775089000,6.2326793400,3904950,27700463.0000,2,0.344700,1,-2.489600,13.876103,1.183622,0.416813,14.495918,0
2023-10-24,sh.601886,6.1292323800,6.2326793400,6.0688883200,6.1981970200,6.0775089000,4112300,29380049.8400,2,0.363000,1,1.985800,14.151656,1.207126,0.425090,14.783780,0
2023-10-25,sh.601886,6.3102645600,6.3792292000,6.2671616600,6.3361263000,6.1981970200,4549501,33439276.3900,2,0.401500,1,2.225300,14.466575,1.233989,0.434550,15.112766,0
2023-10-26,sh.601886,6.3361263000,6.3361263000,6.1723352800,6.2240587600,6.3361263000,3280151,23690623.6300,2,0.289500,1,-1.768700,14.210704,1.212163,0.426864,14.845465,0
2023-10-27,sh.601886,6.2240587600,6.3447468800,6.1637147000,6.2671616600,6.2240587600,5662550,41191100.2400,2,0.499800,1,0.692500,14.309116,1.220557,0.429820,14.948273,0
2023-10-30,sh.601886,6.2068176000,6.3102645600,5.9223384600,6.0344060000,6.2671616600,13437995,93820154.5800,2,1.186100,1,-3.713900,13.777691,1.175227,0.413857,14.393110,0
2023-10-31,sh.601886,6.0171648400,6.0602677400,5.8619944000,5.9309590400,6.0344060000,9353134,64142324.5400,2,0.825500,1,-1.714300,17.785543,1.140779,0.392221,66.752704,0
2023-11-01,sh.601886,5.9395796200,5.9654413600,5.8619944000,5.8792355600,5.9309590400,6788592,46470712.4400,2,0.599200,1,-0.872100,17.630436,1.130830,0.388801,66.170559,0
2023-11-02,sh.601886,5.8792355600,5.9223384600,5.7844091800,5.7844091800,5.8792355600,7618323,51485305.1700,2,0.672400,1,-1.612900,17.346074,1.112591,0.382530,65.103291,0
2023-11-03,sh.601886,5.7930297600,5.8964767200,5.7585474400,5.8361326600,5.7844091800,5207630,35369535.6000,2,0.459600,1,0.894200,17.501181,1.122540,0.385950,65.685437,0
2023-11-06,sh.601886,5.9050973000,6.0344060000,5.8447532400,6.0257854200,5.8361326600,6007000,41447061.0000,2,0.530200,1,3.249600,18.069904,1.159018,0.398492,67.819971,0
2023-11-07,sh.601886,6.0861294800,6.3102645600,5.9913031000,6.2585410800,6.0257854200,11106333,79805992.2900,2,0.980300,1,3.862700,18.767884,1.203787,0.413885,70.439627,0
2023-11-08,sh.601886,6.2326793400,6.2499205000,6.0688883200,6.1981970200,6.2585410800,8847435,63274507.2000,2,0.780900,1,-0.964200,18.586926,1.192180,0.409894,69.760457,0
2023-11-09,sh.601886,6.2068176000,6.3361263000,6.1378529600,6.2240587600,6.1981970200,8252517,59507866.5400,2,0.728400,1,0.417200,18.664479,1.197155,0.411604,70.051530,0
2023-11-10,sh.601886,6.2585410800,6.2671616600,6.0947500600,6.1464735400,6.2240587600,3810310,27099091.1000,2,0.336300,1,-1.246500,18.431820,1.182232,0.406473,69.178311,0
2023-11-13,sh.601886,6.1464735400,6.1981970200,6.0430265800,6.1723352800,6.1464735400,5774000,40952292.0000,2,0.509600,1,0.420800,18.509373,1.187206,0.408184,69.469384,0
2023-11-14,sh.601886,6.2068176000,6.2240587600,6.0775089000,6.1033706400,6.1723352800,4073275,28988453.0000,2,0.359500,1,-1.117300,18.302564,1.173941,0.403623,68.693190,0
2023-11-15,sh.601886,6.1378529600,6.2240587600,6.1206118000,6.1550941200,6.1033706400,4994200,35721796.0000,2,0.440800,1,0.847500,18.457671,1.183890,0.407043,69.275336,0
2023-11-16,sh.601886,6.1464735400,6.1550941200,6.0344060000,6.0516471600,6.1550941200,4045657,28497980.2800,2,0.357100,1,-1.680700,18.147458,1.163992,0.400202,68.111044,0
2023-11-17,sh.601886,6.0430265800,6.0516471600,5.9223384600,6.0085442600,6.0516471600,6728900,46713498.0000,2,0.593900,1,-0.712300,18.018202,1.155702,0.397352,67.625923,0
2023-11-20,sh.601886,6.0344060000,6.0516471600,5.9482002000,6.0430265800,6.0085442600,4910200,34155785.0000,2,0.433400,1,0.573900,18.121607,1.162334,0.399632,68.014020,0
2023-11-21,sh.601886,6.0688883200,6.0861294800,5.9826825200,5.9913031000,6.0430265800,7090200,49623136.0000,2,0.625800,1,-0.855900,17.966500,1.152386,0.396212,67.431874,0
2023-11-22,sh.601886,5.9740619400,6.0085442600,5.8964767200,5.9050973000,5.9913031000,5292600,36512444.0000,2,0.467100,1,-1.438800,17.707989,1.135805,0.390511,66.461631,0
2023-11-23,sh.601886,5.9740619400,6.0344060000,5.8619944000,6.0171648400,5.9050973000,4577452,31640766.3200,2,0.404000,1,1.897800,18.044053,1.157360,0.397922,67.722947,0
2023-11-24,sh.601886,5.9999236800,6.0257854200,5.8878561400,5.9050973000,6.0171648400,3727452,25642564.2000,2,0.329000,1,-1.862500,17.707989,1.135805,0.390511,66.461631,0
2023-11-27,sh.601886,5.8878561400,5.9568207800,5.8792355600,5.9050973000,5.9050973000,3929306,26999174.9600,2,0.346800,1,0.000000,17.707989,1.135805,0.390511,66.461631,0
2023-11-28,sh.601886,5.9050973000,5.9826825200,5.8706149800,5.9568207800,5.9050973000,3533500,24326525.9400,2,0.311900,1,0.875900,17.863096,1.145753,0.393931,67.043777,0
2023-11-29,sh.601886,5.9654413600,5.9654413600,5.8533738200,5.8792355600,5.9568207800,3363868,23005426.8000,2,0.296900,1,-1.302500,17.630436,1.130830,0.388801,66.170559,0
2023-11-30,sh.601886,5.8706149800,5.9137178800,5.8016503400,5.8275120800,5.8792355600,4408797,29915542.7500,2,0.389100,1,-0.879800,17.475330,1.120882,0.385380,65.588413,0
2023-12-01,sh.601886,5.8188915000,5.8447532400,5.7499268600,5.8188915000,5.8275120800,3457848,23239694.0200,2,0.305200,1,-0.147900,17.449479,1.119223,0.384810,65.491389,0
2023-12-04,sh.601886,5.8188915000,5.8706149800,5.7671680200,5.7844091800,5.8188915000,3234000,21809235.0000,2,0.285400,1,-0.592600,17.346074,1.112591,0.382530,65.103291,0
2023-12-05,sh.601886,5.7930297600,5.8016503400,5.6637210600,5.6723416400,5.7844091800,3791800,25200803.0000,2,0.334700,1,-1.937400,17.010010,1.091036,0.375119,63.841976,0
2023-12-06,sh.601886,5.6723416400,5.7068239600,5.6119975800,5.6378593200,5.6723416400,4925000,32285502.0000,2,0.434700,1,-0.607900,16.906606,1.084403,0.372838,63.453879,0
2023-12-07,sh.601886,5.6292387400,5.6551004800,5.5171712000,5.5947564200,5.6378593200,5951900,38451495.0000,2,0.525300,1,-0.764500,16.777350,1.076113,0.369988,62.968757,0
2023-12-08,sh.601886,5.6033770000,5.6464799000,5.4568271400,5.4568271400,5.5947564200,4835471,30962158.4300,2,0.426800,1,-2.465300,16.363733,1.049583,0.360866,61.416369,0
2023-12-11,sh.601886,5.4999300400,5.6033770000,5.4309654000,5.5775152600,5.4568271400,8414701,54021697.4600,2,0.742700,1,2.211700,16.725648,1.072796,0.368848,62.774709,0
2023-12-12,sh.601886,5.6119975800,5.7326857000,5.5430329400,5.6982033800,5.5775152600,5794500,38111056.0000,2,0.511400,1,2.163800,17.087563,1.096010,0.376829,64.133049,0
2023-12-13,sh.601886,5.6982033800,5.7068239600,5.6033770000,5.6119975800,5.6982033800,3311100,21653216.0000,2,0.292200,1,-1.512900,16.829053,1.079429,0.371128,63.162806,0
2023-12-14,sh.601886,5.6378593200,5.6982033800,5.6292387400,5.6464799000,5.6119975800,3297900,21672990.0000,2,0.291100,1,0.614400,16.932457,1.086061,0.373408,63.550903,0
2023-12-15,sh.601886,5.6378593200,5.7240651200,5.5430329400,5.5947564200,5.6464799000,7538237,49242086.0200,2,0.665300,1,-0.916000,16.777350,1.076113,0.369988,62.968757,0
2023-12-18,sh.601886,5.5775152600,5.6551004800,5.5171712000,5.5602741000,5.5947564200,6114300,39688865.0000,2,0.539700,1,-0.616300,16.673946,1.069480,0.367707,62.580660,0
2023-12-19,sh.601886,5.5257917800,5.6033770000,5.4913094600,5.5257917800,5.5602741000,4070837,26120579.1700,2,0.359300,1,-0.620200,16.570542,1.062848,0.365427,62.192563,0
2023-12-20,sh.601886,5.5257917800,5.5861358400,5.4654477200,5.4654477200,5.5257917800,3866200,24811819.0000,2,0.341200,1,-1.092000,16.389584,1.051241,0.361436,61.513393,0
2023-12-21,sh.601886,5.4395859800,5.5344123600,5.3878625000,5.4568271400,5.4654477200,6570944,41599177.7000,2,0.580000,1,-0.157700,16.363733,1.049583,0.360866,61.416369,0
2023-12-22,sh.601886,5.4137242400,5.4913094600,5.3275184400,5.4137242400,5.4568271400,6256998,39302024.3900,2,0.552200,1,-0.789900,16.234478,1.041292,0.358016,60.931247,0
2023-12-25,sh.601886,5.4223448200,5.4395859800,5.3447596000,5.3792419200,5.4137242400,2650301,16544677.2300,2,0.233900,1,-0.636900,16.131074,1.034660,0.355735,60.543150,0
2023-12-26,sh.601886,5.3620007600,5.3792419200,5.2240714800,5.2585538000,5.3792419200,5556800,34058089.0000,2,0.490400,1,-2.243600,15.769158,1.011446,0.347754,59.184810,0
2023-12-27,sh.601886,5.3016567000,5.3447596000,5.2326920600,5.3275184400,5.2585538000,4242402,26027011.5600,2,0.374400,1,1.311500,15.975967,1.024711,0.352315,59.961005,0
2023-12-28,sh.601886,5.3964830800,5.6464799000,5.2671743800,5.6119975800,5.3275184400,8432578,53994785.0000,2,0.744300,1,5.339800,16.829053,1.079429,0.371128,63.162806,0
2023-12-29,sh.601886,5.5602741000,5.7585474400,5.5602741000,5.7413062800,5.6119975800,7996071,52827191.8700,2,0.705700,1,2.304100,17.216819,1.104300,0.379679,64.618170,0
2024-01-02,sh.601886,5.6982033800,5.8275120800,5.5947564200,5.7844091800,5.7413062800,7513884,50049664.9200,2,0.663200,1,0.750800,17.346074,1.112591,0.382530,65.103291,0
2024-01-03,sh.601886,5.7757886000,5.9740619400,5.7499268600,5.8792355600,5.7844091800,7852050,53455558.3200,2,0.693000,1,1.639300,17.630436,1.130830,0.388801,66.170559,0
2024-01-04,sh.601886,5.8792355600,5.8792355600,5.6982033800,5.7499268600,5.8792355600,5807300,38778766.0000,2,0.512600,1,-2.199400,17.242670,1.105959,0.380249,64.715194,0
2024-01-05,sh.601886,5.7413062800,5.7499268600,5.6464799000,5.6895828000,5.7499268600,4543200,29999861.6800,2,0.401000,1,-1.049500,17.061712,1.094352,0.376259,64.036024,0
2024-01-08,sh.601886,5.6809622200,5.6809622200,5.5257917800,5.5516535200,5.6895828000,5727400,37148702.0000,2,0.505500,1,-2.424200,16.648095,1.067822,0.367137,62.483636,0
2024-01-09,sh.601886,5.5688946800,5.6464799000,5.4568271400,5.4999300400,5.5516535200,7576690,48543448.8000,2,0.668700,1,-0.931700,16.492989,1.057873,0.363717,61.901490,0
2024-01-10,sh.601886,5.5085506200,5.5257917800,5.3792419200,5.4223448200,5.4999300400,6795550,42991273.0000,2,0.599800,1,-1.410700,16.260329,1.042950,0.358586,61.028272,0
2024-01-11,sh.601886,5.4826888800,5.4826888800,5.3706213400,5.4309654000,5.4223448200,6188375,38884867.0700,2,0.546200,1,0.159000,16.286180,1.044609,0.359156,61.125296,0
2024-01-12,sh.601886,5.4137242400,5.6637210600,5.3792419200,5.4999300400,5.4309654000,9483478,61008277.8600,2,0.837000,1,1.269800,16.492989,1.057873,0.363717,61.901490,0
2024-01-15,sh.601886,5.4309654000,5.6292387400,5.4309654000,5.4654477200,5.4999300400,5574500,35538800.9500,2,0.492000,1,-0.627000,16.389584,1.051241,0.361436,61.513393,0
2024-01-16,sh.601886,5.4482065600,5.5085506200,5.3447596000,5.4482065600,5.4654477200,5985536,37622652.5200,2,0.528300,1,-0.315500,16.337882,1.047925,0.360296,61.319345,0
2024-01-17,sh.601886,5.4395859800,5.4482065600,5.2585538000,5.2757949600,5.4482065600,4777800,29704267.0000,2,0.421700,1,-3.164600,15.820861,1.014763,0.348894,59.378859,0
2024-01-18,sh.601886,5.2585538000,5.2844155400,5.0689010400,5.2413126400,5.2757949600,8820900,52976467.0000,2,0.778500,1,-0.653600,15.717456,1.008130,0.346614,58.990762,0
2024-01-19,sh.601886,5.2585538000,5.2585538000,5.1292451000,5.1551068400,5.2413126400,5245100,31527290.0000,2,0.462900,1,-1.644700,15.458945,0.991549,0.340913,58.020519,0
2024-01-22,sh.601886,5.1378656800,5.1723480000,4.8447659600,4.8620071200,5.1551068400,6998652,40686887.1100,2,0.617700,1,-5.685600,14.580009,0.935173,0.321530,54.721694,0
2024-01-23,sh.601886,5.3188978600,5.3447596000,5.3188978600,5.3447596000,4.8620071200,6070000,37617424.0000,2,0.535700,1,9.929100,16.027669,1.028027,0.353455,60.155053,0
2024-01-24,sh.601886,5.6809622200,5.6809622200,5.3878625000,5.5688946800,5.3447596000,42162285,270362404.0300,2,3.721300,1,4.193500,16.699797,1.071138,0.368277,62.677685,0
2024-01-25,sh.601886,5.5688946800,5.8964767200,5.5516535200,5.8619944000,5.5688946800,26658527,178030752.3700,2,2.352900,1,5.263200,17.578734,1.127514,0.387660,65.976510,0
2024-01-26,sh.601886,5.8964767200,5.9740619400,5.7757886000,5.8361326600,5.8619944000,15839857,107859426.7500,2,1.398000,1,-0.441200,17.501181,1.122540,0.385950,65.685437,0
2024-01-29,sh.601886,5.8447532400,5.9137178800,5.7154445400,5.7154445400,5.8361326600,15122499,102161845.0500,2,1.334700,1,-2.067900,17.139266,1.099326,0.377969,64.327097,0
2024-01-30,sh.601886,5.7154445400,5.7671680200,5.5602741000,5.5775152600,5.7154445400,10455174,68725137.6600,2,0.922800,1,-2.413300,16.725648,1.072796,0.368848,62.774709,0
2024-01-31,sh.601886,5.6464799000,5.6464799000,5.2844155400,5.3275184400,5.5775152600,14142773,88824699.7500,2,1.248300,1,-4.482200,15.975967,1.024711,0.352315,59.961005,0
2024-02-01,sh.601886,5.2844155400,5.4223448200,5.1120039400,5.3361390200,5.3275184400,18103800,111164349.8800,2,1.597900,1,0.161800,16.001818,1.026369,0.352885,60.058029,0
2024-02-02,sh.601886,5.3706213400,5.4395859800,4.9309717600,5.0947627800,5.3361390200,14839455,89831227.4200,2,1.309700,1,-4.523400,15.277988,0.979942,0.336923,57.341349,0
2024-02-05,sh.601886,5.0602804600,5.0775216200,4.5861485600,4.5861485600,5.0947627800,22397621,121897247.2000,2,1.976800,1,-9.983100,13.752774,0.882114,0.303287,51.616917,0
2024-02-06,sh.601886,4.4482192800,4.8447659600,4.1723607200,4.7154572600,4.5861485600,18645719,96546201.0500,2,1.645700,1,2.819500,14.140540,0.906986,0.311839,53.072281,0
2024-02-07,sh.601886,4.7326984200,5.0257981400,4.6464926200,4.9223511800,4.7154572600,18476803,105191080.7900,2,1.630800,1,4.387600,14.760966,0.946780,0.325521,55.400864,0
2024-02-08,sh.601886,4.9137306000,5.1292451000,4.8878688600,5.0689010400,4.9223511800,17994923,104440646.5600,2,1.588300,1,2.977200,15.200435,0.974968,0.335212,57.050276,0
2024-02-19,sh.601886,5.1464862600,5.2671743800,4.9482129200,5.1464862600,5.0689010400,19002886,112397080.9400,2,1.677200,1,1.530600,15.433094,0.989891,0.340343,57.923495,0
2024-02-20,sh.601886,5.0775216200,5.2585538000,5.0085569800,5.2068303200,5.1464862600,10151902,60815460.8300,2,0.896000,1,1.172500,15.614052,1.001498,0.344334,58.602665,0
2024-02-21,sh.601886,5.1809685800,5.3964830800,5.1206245200,5.2499332200,5.2068303200,12198483,74743208.0200,2,1.076700,1,0.827800,15.743307,1.009788,0.347184,59.087786,0
2024-02-22,sh.601886,5.2499332200,5.3361390200,5.1809685800,5.2930361200,5.2499332200,7354773,44919858.2700,2,0.649100,1,0.821000,15.872563,1.018079,0.350035,59.572908,0
2024-02-23,sh.601886,5.2757949600,5.3275184400,5.2240714800,5.3188978600,5.2930361200,8042898,49292297.6800,2,0.709900,1,0.488600,15.950116,1.023053,0.351745,59.863980,0
2024-02-26,sh.601886,5.3016567000,5.4482065600,5.2757949600,5.3533801800,5.3188978600,8421800,52446348.0000,2,0.743300,1,0.648300,16.053520,1.029686,0.354025,60.252078,0
2024-02-27,sh.601886,5.3706213400,5.4482065600,5.3016567000,5.4223448200,5.3533801800,9788600,61181205.0000,2,0.864000,1,1.288200,16.260329,1.042950,0.358586,61.028272,0
2024-02-28,sh.601886,5.4137242400,5.5688946800,5.1551068400,5.1551068400,5.4223448200,12145848,75652475.2400,2,1.072000,1,-4.928500,15.458945,0.991549,0.340913,58.020519,0
2024-02-29,sh.601886,5.1292451000,5.3878625000,5.1206245200,5.3447596000,5.1551068400,8553100,52370886.0000,2,0.754900,1,3.678900,16.027669,1.028027,0.353455,60.155053,0
2024-03-01,sh.601886,5.3361390200,5.4740683000,5.3188978600,5.4395859800,5.3447596000,11682201,73210139.7900,2,1.031100,1,1.774200,16.312031,1.046267,0.359726,61.222320,0
2024-03-04,sh.601886,5.4913094600,5.5947564200,5.4051036600,5.4826888800,5.4395859800,11296000,71771274.0000,2,0.997000,1,0.792400,16.441286,1.054557,0.362577,61.707442,0
2024-03-05,sh.601886,5.4395859800,5.5430329400,5.3275184400,5.3533801800,5.4826888800,8493900,53381288.0000,2,0.749700,1,-2.358500,16.053520,1.029686,0.354025,60.252078,0
2024-03-06,sh.601886,5.3447596000,5.3878625000,5.2413126400,5.3188978600,5.3533801800,8601300,52995631.0000,2,0.759200,1,-0.644100,15.950116,1.023053,0.351745,59.863980,0
2024-03-07,sh.601886,5.3533801800,5.4482065600,5.2757949600,5.2757949600,5.3188978600,7021300,43683990.0000,2,0.619700,1,-0.810400,15.820861,1.014763,0.348894,59.378859,0
2024-03-08,sh.601886,5.2757949600,5.3878625000,5.2585538000,5.3706213400,5.2757949600,6753300,41834536.0000,2,0.596100,1,1.797400,16.105222,1.033002,0.355165,60.446126,0
2024-03-11,sh.601886,5.3706213400,5.4568271400,5.3706213400,5.4395859800,5.3706213400,6823663,42870106.7000,2,0.602300,1,1.284100,16.312031,1.046267,0.359726,61.222320,0
2024-03-12,sh.601886,5.4482065600,5.5085506200,5.4051036600,5.4826888800,5.4395859800,5785203,36655622.4500,2,0.510600,1,0.792400,16.441286,1.054557,0.362577,61.707442,0
2024-03-13,sh.601886,5.4826888800,5.6206181600,5.4309654000,5.5085506200,5.4826888800,8230165,52691133.1000,2,0.726400,1,0.471700,16.518840,1.059532,0.364287,61.998515,0
2024-03-14,sh.601886,5.5085506200,5.5947564200,5.4395859800,5.4740683000,5.5085506200,7327300,46831986.0000,2,0.646700,1,-0.626000,16.415435,1.052899,0.362006,61.610417,0
2024-03-15,sh.601886,5.4740683000,5.5516535200,5.4223448200,5.5516535200,5.4740683000,6615528,41985849.0800,2,0.583900,1,1.417300,16.648095,1.067822,0.367137,62.483636,0
2024-03-18,sh.601886,5.5516535200,5.6378593200,5.5344123600,5.6033770000,5.5516535200,7434600,48077296.0000,2,0.656200,1,0.931700,16.803202,1.077771,0.370558,63.065782,0
2024-03-19,sh.601886,5.5947564200,5.6206181600,5.5344123600,5.5344123600,5.6033770000,6912501,44732014.4500,2,0.610100,1,-1.230800,16.596393,1.064506,0.365997,62.289587,0
2024-03-20,sh.601886,5.5775152600,5.5861358400,5.4999300400,5.5775152600,5.5344123600,5447500,35123297.0000,2,0.480800,1,0.778800,16.725648,1.072796,0.368848,62.774709,0
2024-03-21,sh.601886,5.6119975800,5.6637210600,5.4999300400,5.5430329400,5.5775152600,6295860,40685721.8500,2,0.555700,1,-0.618200,16.622244,1.066164,0.366567,62.386612,0
2024-03-22,sh.601886,5.5430329400,5.5775152600,5.4051036600,5.4482065600,5.5430329400,6931851,44079568.4200,2,0.611800,1,-1.710700,16.337882,1.047925,0.360296,61.319345,0
2024-03-25,sh.601886,5.4395859800,5.5430329400,5.3706213400,5.3878625000,5.4482065600,6256139,39668724.5700,2,0.552200,1,-1.107600,16.156925,1.036318,0.356306,60.640175,0
2024-03-26,sh.601886,5.3620007600,5.4482065600,5.3361390200,5.4309654000,5.3878625000,7916400,49498914.0000,2,0.698700,1,0.800000,16.286180,1.044609,0.359156,61.125296,0
2024-03-27,sh.601886,5.3964830800,5.4395859800,5.2326920600,5.2585538000,5.4309654000,8146442,50465775.2800,2,0.719000,1,-3.174600,15.769158,1.011446,0.347754,59.184810,0
2024-03-28,sh.601886,5.3361390200,5.5775152600,5.3275184400,5.5085506200,5.2585538000,24455295,155211775.4600,2,2.158500,1,4.754100,10.777796,1.024120,0.345508,14.062121,0
2024-03-29,sh.601886,5.5085506200,5.5516535200,5.2499332200,5.4826888800,5.5085506200,19190576,119868787.9700,2,1.693800,1,-0.469500,10.727196,1.019312,0.343886,13.996102,0
2024-04-01,sh.601886,5.3447596000,5.5085506200,5.3447596000,5.4482065600,5.4826888800,23554409,148483190.8100,2,2.078900,1,-0.628900,10.659729,1.012901,0.341724,13.908076,0
2024-04-02,sh.601886,5.4309654000,5.4826888800,5.3620007600,5.4223448200,5.4482065600,16191121,101859226.3300,2,1.429000,1,-0.474700,10.609129,1.008093,0.340101,13.842056,0
2024-04-03,sh.601886,5.3878625000,5.3964830800,5.3016567000,5.3620007600,5.4223448200,11680157,72522750.1800,2,1.030900,1,-1.112900,10.491063,0.996874,0.336317,13.688011,0
2024-04-08,sh.601886,5.3620007600,5.4395859800,5.2930361200,5.3016567000,5.3620007600,15410954,96039100.1500,2,1.360200,1,-1.125400,10.372996,0.985655,0.332532,13.533966,0
2024-04-09,sh.601886,5.3275184400,5.3361390200,5.2671743800,5.3275184400,5.3016567000,8120305,50004212.4900,2,0.716700,1,0.487800,10.423596,0.990463,0.334154,13.599985,0
2024-04-10,sh.601886,5.3102772800,5.3188978600,5.1551068400,5.2154509000,5.3275184400,9669882,58696390.9100,2,0.853500,1,-2.103600,10.204330,0.969628,0.327125,13.313902,0
2024-04-11,sh.601886,5.1723480000,5.3016567000,5.1206245200,5.2413126400,5.2154509000,8794396,53306371.4000,2,0.776200,1,0.495900,10.254930,0.974437,0.328747,13.379921,0
2024-04-12,sh.601886,5.2240714800,5.2585538000,5.0689010400,5.0775216200,5.2413126400,8482225,50737325.2500,2,0.748700,1,-3.125000,9.934463,0.943985,0.318473,12.961798,0
2024-04-15,sh.601886,5.0516598800,5.1551068400,4.9137306000,4.9740746600,5.0775216200,12951810,75527794.2000,2,1.143100,1,-2.037400,9.732063,0.924753,0.311985,12.697721,0
2024-04-16,sh.601886,4.9826952400,5.0775216200,4.7154572600,4.7240778400,4.9740746600,15557486,87086892.0000,2,1.373100,1,-5.026000,9.242930,0.878275,0.296305,12.059534,0
2024-04-17,sh.601886,4.7671807400,5.0689010400,4.7671807400,5.0344187200,4.7240778400,16940943,97394828.7000,2,1.495200,1,6.569300,9.850130,0.935972,0.315770,12.851766,0
2024-04-18,sh.601886,5.0430393000,5.1809685800,4.9999364000,5.1120039400,5.0344187200,11471147,68009719.4100,2,1.012500,1,1.541100,10.001930,0.950396,0.320636,13.049824,0
2024-04-19,sh.601886,5.0602804600,5.2671743800,5.0516598800,5.0861422000,5.1120039400,11880420,70930324.6000,2,1.048600,1,-0.505900,9.951330,0.945588,0.319014,12.983805,0
2024-04-22,sh.601886,5.0516598800,5.1120039400,4.9309717600,4.9826952400,5.0861422000,12310900,71571056.0000,2,1.086600,1,-2.033900,9.748930,0.926356,0.312526,12.719727,0
2024-04-23,sh.601886,4.9740746600,5.1206245200,4.9740746600,5.0602804600,4.9826952400,9309099,54781368.0100,2,0.821600,1,1.557100,9.900730,0.940780,0.317392,12.917786,0
2024-04-24,sh.601886,5.0516598800,5.1120039400,4.8964894400,4.9482129200,5.0602804600,12891101,74034287.8400,2,1.137800,1,-2.214700,9.681463,0.919945,0.310363,12.631702,0
2024-04-25,sh.601886,4.9568335000,5.0430393000,4.9137306000,5.0085569800,4.9482129200,8205687,47555719.2100,2,0.724200,1,1.219500,9.799530,0.931164,0.314148,12.785747,0
2024-04-26,sh.601886,4.9740746600,5.0947627800,4.9654540800,5.0775216200,5.0085569800,9346200,54665278.0000,2,0.824900,1,1.376900,9.934463,0.943985,0.318473,12.961798,0
2024-04-29,sh.601886,5.0430393000,5.3361390200,5.0430393000,5.3275184400,5.0775216200,15104200,91973287.0000,2,1.333100,1,4.923600,10.423596,0.990463,0.334154,13.599985,0
2024-04-30,sh.601886,5.2930361200,5.3188978600,5.0257981400,5.1292451000,5.3275184400,24166900,143253714.0000,2,2.133000,1,-3.721700,9.771478,0.929465,0.311798,99.185702,0
2024-05-06,sh.601886,5.2068303200,5.2757949600,5.1723480000,5.2499332200,5.1292451000,22798481,138391205.2900,2,2.012200,1,2.352900,10.001396,0.951334,0.319135,101.519483,0
2024-05-07,sh.601886,5.2585538000,5.3188978600,5.2154509000,5.2844155400,5.2499332200,13119159,80052805.4000,2,1.157900,1,0.656800,10.067086,0.957583,0.321231,102.186278,0
2024-05-08,sh.601886,5.2585538000,5.3102772800,5.2068303200,5.2240714800,5.2844155400,11366700,69208225.0000,2,1.003200,1,-1.141900,9.952128,0.946648,0.317563,101.019387,0
2024-05-09,sh.601886,5.1982097400,5.3102772800,5.1982097400,5.2757949600,5.2240714800,17042913,104030847.9900,2,1.504200,1,0.990100,10.050664,0.956021,0.320707,102.019579,0
2024-05-10,sh.601886,5.3114387600,5.3649096200,5.2223206600,5.3025269500,5.2757915200,12758600,75602322.0000,2,1.126100,1,0.506800,9.771478,0.929465,0.311798,99.185702,0
2024-05-13,sh.601886,5.3025269500,5.3649096200,5.2401442800,5.3381741900,5.3025269500,10960750,65388477.5000,2,0.967400,1,0.672300,9.837169,0.935713,0.313894,99.852497,0
2024-05-14,sh.601886,5.3025269500,5.3916450500,5.2757915200,5.3292623800,5.3381741900,9349893,55979887.8400,2,0.825200,1,-0.166900,9.820746,0.934151,0.313370,99.685798,0
2024-05-15,sh.601886,5.3470860000,5.3916450500,5.2847033300,5.3381741900,5.3292623800,10050838,60285245.2400,2,0.887100,1,0.167200,9.837169,0.935713,0.313894,99.852497,0
2024-05-16,sh.601886,5.3203505700,5.4896749600,5.3203505700,5.4362041000,5.3381741900,13280909,80823856.4300,2,1.172200,1,1.836400,10.017818,0.952896,0.319659,101.686182,0
2024-05-17,sh.601886,5.4540277200,5.5877048700,5.3827332400,5.5877048700,5.4362041000,14595630,89895905.4000,2,1.288200,1,2.786900,10.297003,0.979453,0.328567,104.520059,0
2024-05-20,sh.601886,5.6144403000,5.6411757300,5.4272922900,5.4540277200,5.5877048700,17887180,110110088.2000,2,1.578700,1,-2.392300,10.050664,0.956021,0.320707,102.019579,0
2024-05-21,sh.601886,5.4540277200,5.4718513400,5.3738214300,5.4005568600,5.4540277200,9311287,56645892.9600,2,0.821800,1,-0.980400,9.952128,0.946648,0.317563,101.019387,0
2024-05-22,sh.601886,5.4272922900,5.5520576300,5.4005568600,5.5431458200,5.4005568600,12210064,75136609.4000,2,1.077700,1,2.640300,10.214890,0.971642,0.325947,103.686566,0
2024-05-23,sh.601886,5.5164103900,5.5164103900,5.3559978100,5.3738214300,5.5431458200,12848050,78197034.0000,2,1.134000,1,-3.054700,9.902860,0.941962,0.315991,100.519291,0
2024-05-24,sh.601886,5.3827332400,5.4183804800,5.3114387600,5.3203505700,5.3738214300,7290662,43884072.2400,2,0.643500,1,-0.995000,9.804324,0.932589,0.312846,99.519099,0
2024-05-27,sh.601886,5.3649096200,5.3738214300,5.2312324700,5.3470860000,5.3203505700,7359508,43714353.1200,2,0.649600,1,0.502500,9.853592,0.937275,0.314418,100.019195,0
2024-05-28,sh.601886,5.3381741900,5.3381741900,5.2134088500,5.2312324700,5.3470860000,7119340,42016187.0000,2,0.628400,1,-2.166700,9.640097,0.916968,0.307606,97.852113,0
2024-05-29,sh.601886,5.2134088500,5.3292623800,5.1777616100,5.1955852300,5.2312324700,7865700,46315828.0000,2,0.694200,1,-0.681400,9.574407,0.910719,0.305510,97.185318,0
2024-05-30,sh.601886,5.2312324700,5.2490560900,5.1332025600,5.1599379900,5.1955852300,7621714,44338701.8400,2,0.672700,1,-0.686100,9.508716,0.904471,0.303414,96.518523,0
2024-05-31,sh.601886,5.1599379900,5.2401442800,5.1421143700,5.1866734200,5.1599379900,5561507,32356597.6000,2,0.490900,1,0.518100,9.557984,0.909157,0.304986,97.018619,0
2024-06-03,sh.601886,5.1599379900,5.1688498000,4.9995254100,5.0708198900,5.1866734200,11879350,67641638.0000,2,1.048500,1,-2.233700,9.344489,0.888849,0.298174,94.851537,0
2024-06-04,sh.601886,5.0529962700,5.1332025600,5.0084372200,5.1332025600,5.0708198900,7848640,44725085.2000,2,0.692700,1,1.230200,9.459448,0.899784,0.301842,96.018427,0
2024-06-05,sh.601886,5.0797317000,5.1421143700,5.0351726500,5.0529962700,5.1332025600,7876207,44954313.0400,2,0.695200,1,-1.562500,9.311644,0.885725,0.297125,94.518139,0
2024-06-06,sh.601886,4.9995254100,5.0797317000,4.8034655900,4.8391128300,5.0529962700,12550339,68878459.3800,2,1.107700,1,-4.232800,8.917500,0.848234,0.284549,90.517372,0
2024-06-07,sh.601886,4.9014955000,4.9549663600,4.8123774000,4.8836718800,4.8391128300,11324248,62101225.7100,2,0.999500,1,0.920800,8.999614,0.856045,0.287169,91.350865,0
2024-06-11,sh.601886,4.8658482600,4.9014955000,4.7856419700,4.8212892100,4.8836718800,11812500,63989734.0000,2,1.042600,1,-1.277400,8.884655,0.845110,0.283501,90.183974,0
2024-06-12,sh.601886,4.8034655900,4.8302010200,4.7499947300,4.7856419700,4.8212892100,8704105,46848627.4500,2,0.768200,1,-0.739400,8.818965,0.838861,0.281405,89.517180,0
2024-06-13,sh.601886,4.7945537800,4.8123774000,4.6787002500,4.7143474900,4.7856419700,11283281,59836078.0600,2,0.995900,1,-1.489800,8.687583,0.826364,0.277212,88.183590,0
2024-06-14,sh.601886,4.7232593000,4.7321711100,4.5182876700,4.5806703400,4.7143474900,20142015,103901903.9500,2,1.777800,1,-2.835500,8.441244,0.802932,0.269352,85.683111,0
2024-06-17,sh.601886,4.5628467200,4.6430530100,4.5093758600,4.5717585300,4.5806703400,17252978,88538084.3600,2,1.522800,1,-0.194600,8.424821,0.801370,0.268828,85.516412,0
2024-06-18,sh.601886,4.5717585300,4.5984939600,4.5182876700,4.5717585300,4.5717585300,10403279,53197073.9800,2,0.918200,1,0.000000,8.424821,0.801370,0.268828,85.516412,0
2024-06-19,sh.601886,4.5717585300,4.6074057700,4.5093758600,4.5182876700,4.5717585300,9375200,47995468.0000,2,0.827500,1,-1.169600,8.326285,0.791998,0.265684,84.516220,0
2024-06-20,sh.601886,4.5093758600,4.5182876700,4.4024341400,4.4113459500,4.5182876700,11867706,59196474.4300,2,1.047500,1,-2.366900,8.129213,0.773252,0.259395,82.515836,0
2024-06-21,sh.601886,4.4113459500,4.5182876700,4.3846105200,4.4648168100,4.4113459500,9891213,49727659.0000,2,0.873000,1,1.212100,8.227749,0.782625,0.262539,83.516028,0
2024-06-24,sh.601886,4.4826404300,4.5004640500,4.3044042300,4.3133160400,4.4648168100,11161481,54562631.2300,2,0.985100,1,-3.393200,7.948564,0.756069,0.253631,80.682151,0
2024-06-25,sh.601886,4.3578750900,4.4113459500,4.3133160400,4.3578750900,4.3133160400,9836830,48212340.4400,2,0.868200,1,1.033100,8.030677,0.763879,0.256251,81.515644,0
2024-06-26,sh.601886,4.3578750900,4.4737286200,4.3222278500,4.4737286200,4.3578750900,9154802,45145157.0000,2,0.808000,1,2.658500,8.244172,0.784187,0.263063,83.682727,0
2024-06-27,sh.601886,4.4380813800,4.4648168100,4.3578750900,4.3667869000,4.4737286200,8543501,42264360.8900,2,0.754100,1,-2.390400,8.047100,0.765441,0.256775,81.682343,0
2024-06-28,sh.601886,4.3489632800,4.4469931900,4.3222278500,4.3489632800,4.3667869000,10307380,50837656.6000,2,0.909700,1,-0.408200,8.014255,0.762317,0.255727,81.348945,0
2024-07-01,sh.601886,4.3578750900,4.4737286200,4.3489632800,4.4380813800,4.3489632800,10411508,51626610.3200,2,0.918900,1,2.049200,8.178481,0.777938,0.260967,83.015932,0
2024-07-02,sh.601886,4.4469931900,4.5093758600,4.4202577600,4.5004640500,4.4380813800,10601293,53271211.8600,2,0.935700,1,1.405600,8.293440,0.788873,0.264636,84.182823,0
2024-07-03,sh.601886,4.4826404300,4.5004640500,4.4202577600,4.4648168100,4.5004640500,8839193,44232706.7900,2,0.780200,1,-0.792100,8.227749,0.782625,0.262539,83.516028,0
2024-07-04,sh.601886,4.4915522400,4.4915522400,4.3222278500,4.3400514700,4.4648168100,7461650,36661858.0000,2,0.658600,1,-2.794400,7.997832,0.760755,0.255203,81.182247,0
2024-07-05,sh.601886,4.3489632800,4.3756987100,4.2865806100,4.3578750900,4.3400514700,8450600,41125406.0000,2,0.745900,1,0.410700,8.030677,0.763879,0.256251,81.515644,0
2024-07-08,sh.601886,4.2865806100,4.3311396600,4.1350798400,4.1529034600,4.3578750900,12054637,56906828.9700,2,1.064000,1,-4.703500,7.652956,0.727950,0.244198,77.681575,0
2024-07-09,sh.601886,4.1529034600,4.2241979400,4.0905207900,4.1974625100,4.1529034600,9899223,46292313.1000,2,0.873700,1,1.073000,7.735069,0.735761,0.246819,78.515068,0
2024-07-10,sh.601886,4.1974625100,4.2331097500,4.1439916500,4.1618152700,4.1974625100,6841807,32063482.9000,2,0.603900,1,-0.849300,7.669379,0.729512,0.244722,77.848274,0
2024-07-11,sh.601886,4.2241979400,4.2776688000,4.1796388900,4.2598451800,4.1618152700,9666251,45972237.7600,2,0.853200,1,2.355500,7.850028,0.746696,0.250487,79.681959,0
2024-07-12,sh.601886,4.2598451800,4.3044042300,4.2331097500,4.2509333700,4.2598451800,9191447,43977836.7400,2,0.811200,1,-0.209200,7.833605,0.745134,0.249963,79.515260,0
2024-07-15,sh.601886,4.2509333700,4.2598451800,4.1885507000,4.1974625100,4.2509333700,6120500,28925744.0000,2,0.540200,1,-1.257900,7.735069,0.735761,0.246819,78.515068,0
2024-07-16,sh.601886,4.1974625100,4.2063743200,4.1439916500,4.1885507000,4.1974625100,6655121,31205972.4900,2,0.587400,1,-0.212300,7.718647,0.734199,0.246294,78.348370,0
2024-07-17,sh.601886,4.1707270800,4.2241979400,4.1439916500,4.1618152700,4.1885507000,6610700,30976938.0000,2,0.583500,1,-0.638300,7.669379,0.729512,0.244722,77.848274,0
2024-07-18,sh.601886,4.1707270800,4.1707270800,4.0816089800,4.1707270800,4.1618152700,7423679,34366610.8600,2,0.655200,1,0.214100,7.685802,0.731075,0.245246,78.014972,0
2024-07-19,sh.601886,4.1350798400,4.1618152700,4.0905207900,4.1172562200,4.1707270800,6028000,27867668.0000,2,0.532000,1,-1.282100,7.587266,0.721702,0.242102,77.014780,0
2024-07-22,sh.601886,4.1261680300,4.1529034600,4.0726971700,4.1172562200,4.1172562200,6033800,27830658.0000,2,0.532500,1,0.000000,7.587266,0.721702,0.242102,77.014780,0
2024-07-23,sh.601886,4.1350798400,4.2152861300,4.0548735500,4.0637853600,4.1172562200,8233799,38196284.0900,2,0.726700,1,-1.298700,7.488730,0.712329,0.238958,76.014588,0
2024-07-24,sh.601886,4.0905207900,4.0905207900,4.0014026900,4.0103145000,4.0637853600,7955300,35962264.0000,2,0.702100,1,-1.315800,7.390194,0.702956,0.235814,75.014396,0
2024-07-25,sh.601886,3.9924908800,4.1083444100,3.9746672600,4.0726971700,4.0103145000,7571328,34431852.1200,2,0.668300,1,1.555600,7.505152,0.713891,0.239482,76.181287,0
2024-07-26,sh.601886,4.0816089800,4.1261680300,4.0726971700,4.0994326000,4.0726971700,6456182,29699735.5600,2,0.569800,1,0.656500,7.554420,0.718578,0.241054,76.681383,0
2024-07-29,sh.601886,4.0994326000,4.1439916500,4.0459617400,4.0726971700,4.0994326000,5537472,25357699.0800,2,0.488700,1,-0.652200,7.505152,0.713891,0.239482,76.181287,0
2024-07-30,sh.601886,4.0726971700,4.1529034600,4.0726971700,4.1350798400,4.0726971700,6196200,28628253.0000,2,0.546900,1,1.531700,7.620111,0.724826,0.243150,77.348178,0
2024-07-31,sh.601886,4.1350798400,4.2954924200,4.1172562200,4.2776688000,4.1350798400,10717251,50819438.7300,2,0.945900,1,3.448300,7.882873,0.749820,0.251535,80.015356,0
2024-08-01,sh.601886,4.2776688000,4.3222278500,4.2152861300,4.2420215600,4.2776688000,8199000,39096959.0000,2,0.723700,1,-0.833300,7.817183,0.743572,0.249439,79.348561,0
2024-08-02,sh.601886,4.2241979400,4.2598451800,4.1885507000,4.1885507000,4.2420215600,6014200,28540921.0000,2,0.530800,1,-1.260500,7.718647,0.734199,0.246294,78.348370,0
2024-08-05,sh.601886,4.1974625100,4.2598451800,4.1083444100,4.1172562200,4.1885507000,9194800,43215718.0000,2,0.811500,1,-1.702100,7.587266,0.721702,0.242102,77.014780,0
2024-08-06,sh.601886,4.1439916500,4.2241979400,4.1439916500,4.2063743200,4.1172562200,6298903,29594122.0400,2,0.555900,1,2.164500,7.751492,0.737323,0.247343,78.681767,0
2024-08-07,sh.601886,4.1796388900,4.2152861300,4.1529034600,4.1707270800,4.2063743200,6239290,29210733.3000,2,0.550700,1,-0.847500,7.685802,0.731075,0.245246,78.014972,0
2024-08-08,sh.601886,4.1618152700,4.2241979400,4.1172562200,4.1974625100,4.1707270800,6835690,32020316.7000,2,0.603300,1,0.641000,7.735069,0.735761,0.246819,78.515068,0
2024-08-09,sh.601886,4.2241979400,4.2776688000,4.1885507000,4.1974625100,4.1974625100,8635100,40950294.0000,2,0.762100,1,0.000000,7.735069,0.735761,0.246819,78.515068,0
2024-08-12,sh.601886,4.1796388900,4.2152861300,4.1618152700,4.1796388900,4.1974625100,7239250,33990783.5000,2,0.638900,1,-0.424600,7.702224,0.732637,0.245770,78.181671,0
2024-08-13,sh.601886,4.1618152700,4.2063743200,4.1083444100,4.1974625100,4.1796388900,6664400,31171733.0000,2,0.588200,1,0.426400,7.735069,0.735761,0.246819,78.515068,0
2024-08-14,sh.601886,4.2063743200,4.2598451800,4.1439916500,4.1529034600,4.1974625100,7408500,34871296.0000,2,0.653900,1,-1.061600,7.652956,0.727950,0.244198,77.681575,0
2024-08-15,sh.601886,4.1350798400,4.2331097500,4.1172562200,4.1974625100,4.1529034600,8795500,41279325.0000,2,0.776300,1,1.073000,7.735069,0.735761,0.246819,78.515068,0
2024-08-16,sh.601886,4.2063743200,4.2063743200,4.0548735500,4.0548735500,4.1974625100,11507000,53046520.0000,2,1.015600,1,-3.397000,7.472307,0.710767,0.238434,75.847890,0
2024-08-19,sh.601886,4.0637853600,4.0905207900,4.0192263100,4.0459617400,4.0548735500,7116603,32421460.7100,2,0.628100,1,-0.219800,7.455884,0.709205,0.237910,75.681191,0
2024-08-20,sh.601886,4.0637853600,4.0726971700,3.9122845900,3.9301082100,4.0459617400,10714450,47544273.0000,2,0.945700,1,-2.863400,7.242390,0.688897,0.231098,73.514108,0
2024-08-21,sh.601886,3.9122845900,3.9479318300,3.8677255400,3.8766373500,3.9301082100,5937100,25958178.7700,2,0.524000,1,-1.360500,7.143854,0.679524,0.227953,72.513916,0
2024-08-22,sh.601886,3.8944609700,3.9122845900,3.8231664900,3.8499019200,3.8766373500,7300200,31712313.0000,2,0.644300,1,-0.689700,7.094586,0.674838,0.226381,72.013821,0
2024-08-23,sh.601886,3.8231664900,3.8766373500,3.8053428700,3.8499019200,3.8499019200,6432601,27703123.3100,2,0.567700,1,0.000000,7.094586,0.674838,0.226381,72.013821,0
2024-08-26,sh.601886,3.8320783000,3.9835790700,3.8320783000,3.9301082100,3.8499019200,8950362,39493364.4000,2,0.790000,1,2.083300,7.242390,0.688897,0.231098,73.514108,0
2024-08-27,sh.601886,3.9301082100,3.9835790700,3.9033727800,3.9568436400,3.9301082100,7085427,31392896.4900,2,0.625400,1,0.680300,7.291658,0.693584,0.232670,74.014204,0
2024-08-28,sh.601886,3.9657554500,4.0370499300,3.9211964000,3.9924908800,3.9568436400,5791200,25877889.0000,2,0.511100,1,0.900900,7.357348,0.699832,0.234766,74.680999,0
2024-08-29,sh.601886,3.9657554500,3.9924908800,3.8944609700,3.9746672600,3.9924908800,7973400,35349199.0000,2,0.703700,1,-0.446400,7.324503,0.696708,0.233718,74.347602,0
2024-08-30,sh.601886,4.0548735500,4.2331097500,4.0281381200,4.1796388900,3.9746672600,18171873,84484308.6100,2,1.603900,1,5.157000,7.573088,0.740035,0.241258,29.721372,0
2024-09-02,sh.601886,4.1529034600,4.2241979400,4.1172562200,4.1439916500,4.1796388900,15421000,72008963.0000,2,1.361100,1,-0.852900,7.508499,0.733723,0.239200,29.467885,0
2024-09-03,sh.601886,4.1618152700,4.2687569900,4.1261680300,4.2152861300,4.1439916500,12080050,57228896.0000,2,1.066200,1,1.720400,7.637678,0.746346,0.243315,29.974859,0
2024-09-04,sh.601886,4.1885507000,4.2331097500,4.0905207900,4.1083444100,4.2152861300,8225181,38425716.6000,2,0.726000,1,-2.537000,7.443910,0.727412,0.237142,29.214398,0
2024-09-05,sh.601886,4.0816089800,4.1796388900,4.0816089800,4.1261680300,4.1083444100,5498600,25496685.0000,2,0.485300,1,0.433800,7.476204,0.730567,0.238171,29.341141,0
2024-09-06,sh.601886,4.1439916500,4.1529034600,4.0370499300,4.0548735500,4.1261680300,6052000,27628329.0000,2,0.534200,1,-1.727900,7.347026,0.717944,0.234056,28.834167,0
2024-09-09,sh.601886,4.0103145000,4.1439916500,4.0014026900,4.0816089800,4.0548735500,10492300,48072802.0000,2,0.926100,1,0.659300,7.395468,0.722678,0.235599,29.024282,0
2024-09-10,sh.601886,4.0726971700,4.0816089800,3.9390200200,4.0281381200,4.0816089800,8625876,38686039.2500,2,0.761300,1,-1.310000,7.298584,0.713210,0.232513,28.644052,0
2024-09-11,sh.601886,4.0103145000,4.0726971700,3.9924908800,4.0281381200,4.0281381200,5801700,26287311.0000,2,0.512100,1,0.000000,7.298584,0.713210,0.232513,28.644052,0
2024-09-12,sh.601886,4.0192263100,4.1172562200,4.0192263100,4.0905207900,4.0281381200,7670371,35119378.6500,2,0.677000,1,1.548700,7.411615,0.724256,0.236113,29.087654,0
2024-09-13,sh.601886,4.0905207900,4.1261680300,3.9924908800,4.0192263100,4.0905207900,6192300,28112435.0000,2,0.546500,1,-1.742900,7.282437,0.711633,0.231998,28.580680,0
2024-09-18,sh.601886,4.0281381200,4.0370499300,3.9033727800,3.9568436400,4.0192263100,8366580,37097819.4000,2,0.738400,1,-1.552100,7.169406,0.700587,0.228397,28.137077,0
2024-09-19,sh.601886,3.9835790700,4.0905207900,3.9479318300,4.0192263100,3.9568436400,12090580,54501844.0000,2,1.067100,1,1.576600,7.282437,0.711633,0.231998,28.580680,0
2024-09-20,sh.601886,4.0548735500,4.0548735500,3.9746672600,4.0192263100,4.0192263100,9739000,43882067.8000,2,0.859600,1,0.000000,7.282437,0.711633,0.231998,28.580680,0
2024-09-23,sh.601886,4.0103145000,4.0281381200,3.9746672600,4.0192263100,4.0192263100,6608981,29721529.3100,2,0.583300,1,0.000000,7.282437,0.711633,0.231998,28.580680,0
2024-09-24,sh.601886,4.0281381200,4.2420215600,4.0281381200,4.2331097500,4.0192263100,13761086,64177437.1200,2,1.214600,1,5.321500,7.669972,0.749502,0.244344,30.101603,0
2024-09-25,sh.601886,4.2865806100,4.3935223300,4.2687569900,4.2776688000,4.2331097500,13000450,63306360.0000,2,1.147400,1,1.052600,7.750709,0.757392,0.246916,30.418462,0
2024-09-26,sh.601886,4.2954924200,4.5182876700,4.2598451800,4.5182876700,4.2776688000,14162350,69943093.0000,2,1.250000,1,5.625000,8.186686,0.799995,0.260805,32.129500,0
2024-09-27,sh.601886,4.6252293900,4.6965238700,4.5450231000,4.6876120600,4.5182876700,9826000,50933953.0000,2,0.867300,1,3.747500,8.493485,0.829975,0.270579,33.333564,0
2024-09-30,sh.601886,4.9906136000,5.1242907500,4.8123774000,5.0975553200,4.6876120600,26657056,149525039.2800,2,2.352800,1,8.745200,9.236261,0.902558,0.294242,36.248667,0
2024-10-08,sh.601886,5.6055284900,5.6055284900,5.1777616100,5.4094686700,5.0975553200,32389330,195361368.6400,2,2.858700,1,6.118900,9.801417,0.957785,0.312246,38.466680,0
2024-10-09,sh.601886,5.3916450500,5.3916450500,4.9727899800,5.0886435100,5.4094686700,26966584,155452471.7300,2,2.380100,1,-5.930800,9.220114,0.900980,0.293727,36.185295,0
2024-10-10,sh.601886,5.1510261800,5.1955852300,4.9282309300,5.0351726500,5.0886435100,18183700,103161802.9100,2,1.604900,1,-1.050800,9.123230,0.891513,0.290641,35.805064,0
2024-10-11,sh.601886,5.0351730000,5.0809473000,4.8886952400,4.9161598200,5.0351730000,11395800,61968516.9800,2,1.005800,1,-2.363600,8.671105,0.847332,0.276237,34.030654,0
2024-10-14,sh.601886,4.9344695400,5.0992570200,4.9161598200,5.0626375800,4.9161598200,14081100,77206974.5000,2,1.242800,1,2.979500,8.929462,0.872578,0.284468,35.044603,0
2024-10-15,sh.601886,5.0443278600,5.0809473000,4.9253146800,4.9253146800,5.0626375800,10986601,59991604.4800,2,0.969700,1,-2.712500,8.687253,0.848910,0.276752,34.094026,0
2024-10-16,sh.601886,4.8520758000,5.0260181400,4.8520758000,4.9802438400,4.9253146800,10446402,56763699.0100,2,0.922000,1,1.115200,8.784137,0.858377,0.279838,34.474257,0
2024-10-17,sh.601886,5.0077084200,5.0260181400,4.8429209400,4.8520758000,4.9802438400,10711400,57669158.0000,2,0.945400,1,-2.573500,8.558074,0.836287,0.272636,33.587052,0
2024-10-18,sh.601886,4.8886952400,5.0351730000,4.7971466400,4.9436244000,4.8520758000,14324591,76748811.1200,2,1.264300,1,1.886800,8.719547,0.852066,0.277781,34.220770,0
2024-10-21,sh.601886,4.9619341200,5.0351730000,4.9161598200,4.9985535600,4.9436244000,11233110,61178691.7800,2,0.991400,1,1.111100,8.816431,0.861533,0.280867,34.601000,0
2024-10-22,sh.601886,4.9710889800,5.0443278600,4.9436244000,5.0443278600,4.9985535600,11249600,61401884.1200,2,0.992900,1,0.915800,8.897168,0.869422,0.283439,34.917859,0
2024-10-23,sh.601886,5.0351730000,5.1175667400,5.0077084200,5.0443278600,5.0443278600,10429103,57530122.4700,2,0.920500,1,0.000000,8.897168,0.869422,0.283439,34.917859,0
2024-10-24,sh.601886,5.0351730000,5.0443278600,4.9710889800,4.9985535600,5.0443278600,5457400,29782215.0000,2,0.481700,1,-0.907400,8.816431,0.861533,0.280867,34.601000,0
2024-10-25,sh.601886,4.9893987000,5.1358764600,4.9802438400,5.1175667400,4.9985535600,10265096,57060894.0600,2,0.906000,1,2.381000,9.026346,0.882046,0.287554,35.424834,0
2024-10-28,sh.601886,5.1358764600,5.2091153400,5.1175667400,5.1999604800,5.1175667400,9781702,55112911.3200,2,0.863300,1,1.610000,9.171672,0.896247,0.292184,35.995180,0
2024-10-29,sh.601886,5.3006639400,5.3647479600,5.0717924400,5.0992570200,5.1999604800,18937600,107543016.0000,2,1.671500,1,-1.936600,8.940595,0.888721,0.283493,6.338793,0
2024-10-30,sh.601886,5.0534827200,5.1358764600,5.0168632800,5.0626375800,5.0992570200,10681115,59142374.9000,2,0.942700,1,-0.718100,8.876390,0.882339,0.281457,6.293272,0
2024-10-31,sh.601886,5.1999604800,5.2915090800,5.1358764600,5.2274250600,5.0626375800,20299800,115827238.0000,2,1.791700,1,3.255000,9.165314,0.911058,0.290618,6.498116,0
2024-11-01,sh.601886,5.1358764600,5.1633410400,4.9710889800,4.9893987000,5.2274250600,18176290,100202445.4400,2,1.604300,1,-4.553400,8.747979,0.869574,0.277385,6.202230,0
2024-11-04,sh.601886,4.9802438400,5.0351730000,4.9710889800,5.0351730000,4.9893987000,8440064,46056230.2100,2,0.744900,1,0.917400,8.828236,0.877552,0.279930,6.259131,0
2024-11-05,sh.601886,5.0260181400,5.1724959000,5.0168632800,5.1633410400,5.0351730000,11819432,65899810.8800,2,1.043200,1,2.545500,9.052954,0.899890,0.287055,6.418454,0
2024-11-06,sh.601886,5.1450313200,5.2091153400,5.0717924400,5.1450313200,5.1633410400,13667931,76898278.3800,2,1.206300,1,-0.354600,9.020852,0.896698,0.286037,6.395694,0
2024-11-07,sh.601886,5.1358764600,5.2823542200,5.1084118800,5.2823542200,5.1450313200,14446544,82382907.5800,2,1.275100,1,2.669000,9.261622,0.920632,0.293672,6.566398,0
2024-11-08,sh.601886,5.3555931000,5.3830576800,5.1816507600,5.2182702000,5.2823542200,15939600,91426454.0000,2,1.406800,1,-1.213200,9.149262,0.909463,0.290109,6.486736,0
2024-11-11,sh.601886,5.1816507600,5.3464382400,5.1084118800,5.3189736600,5.2182702000,23681724,134815545.0800,2,2.090200,1,1.929800,9.325827,0.927014,0.295708,6.611919,0
2024-11-12,sh.601886,5.3098188000,5.3555931000,5.1816507600,5.2274250600,5.3189736600,18985376,109768819.1200,2,1.675700,1,-1.721200,9.165314,0.911058,0.290618,6.498116,0
2024-11-13,sh.601886,5.2091153400,5.3006639400,5.1724959000,5.2457347800,5.2274250600,12490465,71401188.1300,2,1.102400,1,0.350300,9.197416,0.914250,0.291636,6.520877,0
2024-11-14,sh.601886,5.2731993600,5.3098188000,5.1084118800,5.1358764600,5.2457347800,12988340,73623079.5600,2,1.146400,1,-2.094200,9.004800,0.895103,0.285528,6.384314,0
2024-11-15,sh.601886,5.1084118800,5.2182702000,5.0992570200,5.0992570200,5.1358764600,11515942,64832319.0800,2,1.016400,1,-0.713000,8.940595,0.888721,0.283493,6.338793,0
2024-11-18,sh.601886,5.1633410400,5.2731993600,5.1358764600,5.1633410400,5.0992570200,15605403,88748313.1300,2,1.377300,1,1.256700,9.052954,0.899890,0.287055,6.418454,0
2024-11-19,sh.601886,5.1724959000,5.2091153400,5.0901021600,5.2091153400,5.1633410400,9311210,52418077.4000,2,0.821800,1,0.886500,9.133211,0.907867,0.289600,6.475356,0
2024-11-20,sh.601886,5.1999604800,5.2274250600,5.1724959000,5.2274250600,5.2091153400,10206734,58009511.2000,2,0.900900,1,0.351500,9.165314,0.911058,0.290618,6.498116,0
2024-11-21,sh.601886,5.2182702000,5.2365799200,5.1358764600,5.1816507600,5.2274250600,8519264,48195690.6000,2,0.751900,1,-0.875700,9.085057,0.903081,0.288073,6.441215,0
2024-11-22,sh.601886,5.1816507600,5.1999604800,4.9710889800,4.9893987000,5.1816507600,11763740,65386460.0000,2,1.038300,1,-3.710200,8.747979,0.869574,0.277385,6.202230,0
2024-11-25,sh.601886,4.9893987000,5.0351730000,4.9253146800,4.9985535600,4.9893987000,8452252,46007252.6400,2,0.746000,1,0.183500,8.764030,0.871170,0.277894,6.213610,0
2024-11-26,sh.601886,4.9985535600,5.0260181400,4.9344695400,4.9436244000,4.9985535600,6402953,34857389.0200,2,0.565100,1,-1.098900,8.667722,0.861596,0.274840,6.145329,0
2024-11-27,sh.601886,4.9436244000,4.9893987000,4.8154563600,4.9893987000,4.9436244000,9414602,50344597.8600,2,0.830900,1,0.925900,8.747979,0.869574,0.277385,6.202230,0
2024-11-28,sh.601886,4.9710889800,5.0443278600,4.9710889800,4.9985535600,4.9893987000,6823002,37358262.9000,2,0.602200,1,0.183500,8.764030,0.871170,0.277894,6.213610,0
2024-11-29,sh.601886,5.0077084200,5.1175667400,4.9893987000,5.0992570200,4.9985535600,8723900,48337891.1000,2,0.770000,1,2.014700,8.940595,0.888721,0.283493,6.338793,0
2024-12-02,sh.601886,5.1267216000,5.2823542200,5.1175667400,5.2548896400,5.0992570200,15964936,90922638.9400,2,1.409100,1,3.052100,9.213468,0.915845,0.292145,6.532257,0
2024-12-03,sh.601886,5.2548896400,5.3189736600,5.2091153400,5.3006639400,5.2548896400,12086201,69579589.7000,2,1.066700,1,0.871100,9.293724,0.923823,0.294690,6.589158,0
2024-12-04,sh.601886,5.2915090800,5.2915090800,5.1450313200,5.1724959000,5.3006639400,9943600,56587231.0000,2,0.877600,1,-2.418000,9.069006,0.901485,0.287564,6.429835,0
2024-12-05,sh.601886,5.1541861800,5.2182702000,5.1358764600,5.2091153400,5.1724959000,8027534,45464197.4200,2,0.708500,1,0.708000,9.133211,0.907867,0.289600,6.475356,0
2024-12-06,sh.601886,5.2182702000,5.3555931000,5.1999604800,5.3372833800,5.2091153400,13477301,78131004.7300,2,1.189500,1,2.460500,9.357930,0.930205,0.296726,6.634679,0
2024-12-09,sh.601886,5.3189736600,5.3739028200,5.2457347800,5.3098188000,5.3372833800,11725300,68075371.0000,2,1.034900,1,-0.514600,9.309776,0.925418,0.295199,6.600538,0
2024-12-10,sh.601886,5.4196771200,5.4562965600,5.2548896400,5.2731993600,5.3098188000,11879400,69369193.0000,2,1.048500,1,-0.689700,9.245570,0.919036,0.293163,6.555017,0
2024-12-11,sh.601886,5.2731993600,5.3739028200,5.2548896400,5.3647479600,5.2731993600,11167700,65268536.0000,2,0.985700,1,1.736100,9.406084,0.934992,0.298253,6.668820,0
2024-12-12,sh.601886,5.3830576800,5.4562965600,5.3098188000,5.4471417000,5.3647479600,11162402,65882073.8400,2,0.985200,1,1.535800,9.550546,0.949352,0.302833,6.771242,0
2024-12-13,sh.601886,5.4379868400,5.4471417000,5.3006639400,5.3281285200,5.4471417000,11739178,68846796.8500,2,1.036100,1,-2.184900,9.341878,0.928609,0.296217,6.623299,0
2024-12-16,sh.601886,5.3281285200,5.3922125400,5.3098188000,5.3464382400,5.3281285200,10605296,61957163.7700,2,0.936000,1,0.343600,9.373981,0.931801,0.297235,6.646059,0
2024-12-17,sh.601886,5.3555931000,5.3555931000,5.1633410400,5.2182702000,5.3464382400,9706502,55533222.3600,2,0.856700,1,-2.397300,9.149262,0.909463,0.290109,6.486736,0
2024-12-18,sh.601886,5.2548896400,5.3006639400,5.1633410400,5.1816507600,5.2182702000,7816227,44713148.1400,2,0.689900,1,-0.701800,9.085057,0.903081,0.288073,6.441215,0
2024-12-19,sh.601886,5.1358764600,5.2182702000,5.0809473000,5.1908056200,5.1816507600,7176000,40333052.0000,2,0.633400,1,0.176700,9.101108,0.904676,0.288582,6.452595,0
2024-12-20,sh.601886,5.1908056200,5.2182702000,5.0992570200,5.1175667400,5.1908056200,9136600,51460701.0000,2,0.806400,1,-1.410900,8.972698,0.891912,0.284511,6.361553,0
2024-12-23,sh.601886,5.1175667400,5.1267216000,4.9802438400,5.0260181400,5.1175667400,9093029,50170048.6000,2,0.802600,1,-1.788900,8.812184,0.875956,0.279421,6.247751,0
2024-12-24,sh.601886,5.0443278600,5.1816507600,5.0351730000,5.1541861800,5.0260181400,8773592,49083486.6000,2,0.774400,1,2.550100,9.036903,0.898294,0.286546,6.407074,0
2024-12-25,sh.601886,5.1541861800,5.1541861800,5.0260181400,5.0626375800,5.1541861800,7385600,40818113.0000,2,0.651900,1,-1.776200,8.876390,0.882339,0.281457,6.293272,0
2024-12-26,sh.601886,5.0626375800,5.0992570200,5.0260181400,5.0443278600,5.0626375800,7745010,42774346.9000,2,0.683600,1,-0.361700,8.844287,0.879147,0.280439,6.270511,0
2024-12-27,sh.601886,5.0626375800,5.1450313200,5.0260181400,5.0992570200,5.0443278600,10377410,57880638.6000,2,0.915900,1,1.088900,8.940595,0.888721,0.283493,6.338793,0
2024-12-30,sh.601886,5.1084118800,5.1175667400,5.0260181400,5.0534827200,5.0992570200,7120700,39319623.0000,2,0.628500,1,-0.897700,8.860338,0.880743,0.280948,6.281892,0
2024-12-31,sh.601886,5.0534827200,5.1084118800,4.9436244000,4.9436244000,5.0534827200,7472942,40943578.6800,2,0.659600,1,-2.173900,8.667722,0.861596,0.274840,6.145329,0
2025-01-02,sh.601886,4.9436244000,4.9985535600,4.8154563600,4.8612306600,4.9436244000,8794200,47308175.0000,2,0.776200,1,-1.666700,8.523260,0.847236,0.270260,6.042907,0
2025-01-03,sh.601886,4.8703855200,4.9344695400,4.7330626200,4.7605272000,4.8612306600,8943991,47184424.2100,2,0.789400,1,-2.071600,8.346696,0.829685,0.264661,5.917724,0
2025-01-06,sh.601886,4.7605272000,4.9070049600,4.6781334600,4.8429209400,4.7605272000,9596813,50647401.5200,2,0.847000,1,1.730800,8.491158,0.844045,0.269242,6.020146,0
2025-01-07,sh.601886,4.8429209400,4.8703855200,4.7605272000,4.8337660800,4.8429209400,6326501,33236568.2800,2,0.558400,1,-0.189000,8.475106,0.842450,0.268733,6.008766,0
2025-01-08,sh.601886,4.8246112200,4.8612306600,4.7147529000,4.8337660800,4.8337660800,6702400,35121698.0000,2,0.591600,1,0.000000,8.475106,0.842450,0.268733,6.008766,0
2025-01-09,sh.601886,4.7971466400,4.8246112200,4.7330626200,4.7422174800,4.8337660800,7117750,37042115.5000,2,0.628200,1,-1.893900,8.314593,0.826494,0.263643,5.894964,0
2025-01-10,sh.601886,4.7422174800,4.7513723400,4.5865848600,4.5957397200,4.7422174800,8818200,44945490.0000,2,0.778300,1,-3.088800,8.057771,0.800966,0.255500,5.712880,0
2025-01-13,sh.601886,4.5591202800,4.6598237400,4.5133459800,4.6415140200,4.5957397200,7507922,37816091.9900,2,0.662700,1,0.996000,8.138028,0.808943,0.258044,5.769781,0
2025-01-14,sh.601886,4.6415140200,4.7513723400,4.6323591600,4.7513723400,4.6415140200,5958417,30617033.7000,2,0.525900,1,2.366900,8.330644,0.828090,0.264152,5.906344,0
2025-01-15,sh.601886,4.7513723400,4.7513723400,4.6689786000,4.7147529000,4.7513723400,6201935,31871187.8500,2,0.547400,1,-0.770700,8.266439,0.821708,0.262116,5.860823,0
2025-01-16,sh.601886,4.7239077600,4.8337660800,4.7147529000,4.7605272000,4.7147529000,6768300,35354910.0000,2,0.597400,1,0.970900,8.346696,0.829685,0.264661,5.917724,0
2025-01-17,sh.601886,4.7605272000,4.8154563600,4.7147529000,4.7971466400,4.7605272000,4306601,22445614.2400,2,0.380100,1,0.769200,8.410901,0.836068,0.266697,5.963245,0
2025-01-20,sh.601886,4.8063015000,4.8612306600,4.7788369200,4.8246112200,4.7971466400,6490799,34293005.7300,2,0.572900,1,0.572500,8.459055,0.840854,0.268224,5.997386,0
2025-01-21,sh.601886,4.8337660800,4.8612306600,4.7422174800,4.7696820600,4.8246112200,5497700,28705370.0000,2,0.485200,1,-1.138500,8.362747,0.831281,0.265170,5.929104,0
2025-01-22,sh.601886,4.7605272000,4.7696820600,4.6689786000,4.6964431800,4.7696820600,6443300,33086496.9800,2,0.568700,1,-1.535500,8.234336,0.818517,0.261098,5.838062,0
2025-01-23,sh.601886,4.7422174800,4.8520758000,4.7330626200,4.7879917800,4.6964431800,7494800,39351568.0000,2,0.661500,1,1.949300,8.394850,0.834472,0.266188,5.951865,0
2025-01-24,sh.601886,4.8063015000,4.8063015000,4.6964431800,4.7788369200,4.7879917800,6439465,33392451.6500,2,0.568400,1,-0.191200,8.378798,0.832877,0.265679,5.940484,0
2025-01-27,sh.601886,4.8063015000,4.9344695400,4.7879917800,4.8612306600,4.7788369200,8976363,47976782.7200,2,0.792300,1,1.724100,8.523260,0.847236,0.270260,6.042907,0
2025-02-05,sh.601886,4.9070049600,4.9070049600,4.7879917800,4.8246112200,4.8612306600,7495671,39692217.7200,2,0.661600,1,-0.753300,8.459055,0.840854,0.268224,5.997386,0
2025-02-06,sh.601886,4.8246112200,4.8703855200,4.7971466400,4.8520758000,4.8246112200,6969912,36780137.7700,2,0.615200,1,0.569300,8.507209,0.845641,0.269751,6.031526,0
2025-02-07,sh.601886,4.8612306600,4.9893987000,4.8337660800,4.9527792600,4.8520758000,8912104,47959216.1100,2,0.786600,1,2.075500,8.683774,0.863192,0.275349,6.156709,0
2025-02-10,sh.601886,4.9527792600,5.0717924400,4.9527792600,5.0443278600,4.9527792600,12476600,68488591.0600,2,1.101200,1,1.848400,8.844287,0.879147,0.280439,6.270511,0
2025-02-11,sh.601886,5.0534827200,5.2548896400,5.0260181400,5.1450313200,5.0443278600,14939714,83954868.0300,2,1.318600,1,1.996400,9.020852,0.896698,0.286037,6.395694,0
2025-02-12,sh.601886,5.1816507600,5.2640445000,5.1450313200,5.1816507600,5.1450313200,9191560,52171161.2000,2,0.811300,1,0.711700,9.085057,0.903081,0.288073,6.441215,0
2025-02-13,sh.601886,5.1908056200,5.2274250600,5.1175667400,5.1267216000,5.1816507600,6829004,38450954.6100,2,0.602700,1,-1.060100,8.988749,0.893507,0.285019,6.372934,0
2025-02-14,sh.601886,5.1450313200,5.1633410400,5.0534827200,5.1175667400,5.1267216000,6083677,33980239.4800,2,0.537000,1,-0.178600,8.972698,0.891912,0.284511,6.361553,0
2025-02-17,sh.601886,5.1358764600,5.1541861800,5.0717924400,5.1084118800,5.1175667400,6271480,35034109.9900,2,0.553500,1,-0.178900,8.956646,0.890316,0.284002,6.350173,0
2025-02-18,sh.601886,5.1084118800,5.1084118800,4.9985535600,5.0351730000,5.1084118800,7149807,39502888.8500,2,0.631000,1,-1.433700,8.828236,0.877552,0.279930,6.259131,0
2025-02-19,sh.601886,5.0260181400,5.0901021600,4.9985535600,5.0717924400,5.0351730000,5629868,31069941.7200,2,0.496900,1,0.727300,8.892441,0.883934,0.281966,6.304652,0
2025-02-20,sh.601886,5.0626375800,5.0717924400,5.0077084200,5.0351730000,5.0717924400,5213440,28717289.4000,2,0.460100,1,-0.722000,8.828236,0.877552,0.279930,6.259131,0
2025-02-21,sh.601886,5.0534827200,5.0626375800,4.9893987000,5.0260181400,5.0351730000,5911300,32458875.0000,2,0.521700,1,-0.181800,8.812184,0.875956,0.279421,6.247751,0
2025-02-24,sh.601886,5.0351730000,5.1358764600,4.9893987000,5.1267216000,5.0260181400,7743640,43056090.0000,2,0.683500,1,2.003600,8.988749,0.893507,0.285019,6.372934,0
2025-02-25,sh.601886,5.1084118800,5.1084118800,5.0168632800,5.0351730000,5.1267216000,6248532,34569532.4300,2,0.551500,1,-1.785700,8.828236,0.877552,0.279930,6.259131,0
2025-02-26,sh.601886,5.0717924400,5.1541861800,5.0626375800,5.1267216000,5.0351730000,5936640,33171494.6000,2,0.524000,1,1.818200,8.988749,0.893507,0.285019,6.372934,0
2025-02-27,sh.601886,5.1267216000,5.1633410400,5.0534827200,5.0992570200,5.1267216000,5497404,30585653.2000,2,0.485200,1,-0.535700,8.940595,0.888721,0.283493,6.338793,0
2025-02-28,sh.601886,5.0901021600,5.1541861800,5.0534827200,5.0717924400,5.0992570200,6478272,36072306.0800,2,0.571800,1,-0.538600,8.892441,0.883934,0.281966,6.304652,0
2025-03-03,sh.601886,5.0992570200,5.1724959000,5.0717924400,5.1175667400,5.0717924400,8091729,45366522.9400,2,0.714200,1,0.902500,8.972698,0.891912,0.284511,6.361553,0
2025-03-04,sh.601886,5.0992570200,5.1908056200,5.0809473000,5.1724959000,5.1175667400,6965550,39241355.0000,2,0.614800,1,1.073300,9.069006,0.901485,0.287564,6.429835,0
2025-03-05,sh.601886,5.1816507600,5.1908056200,5.0901021600,5.1633410400,5.1724959000,5092333,28572718.1400,2,0.449500,1,-0.177000,9.052954,0.899890,0.287055,6.418454,0
2025-03-06,sh.601886,5.1633410400,5.1999604800,5.1175667400,5.1999604800,5.1633410400,6572056,37056678.0800,2,0.580100,1,0.709200,9.117160,0.906272,0.289091,6.463975,0
2025-03-07,sh.601886,5.1816507600,5.2274250600,5.1541861800,5.1908056200,5.1999604800,4796756,27236876.0200,2,0.423400,1,-0.176100,9.101108,0.904676,0.288582,6.452595,0
2025-03-10,sh.601886,5.2182702000,5.2823542200,5.1999604800,5.2823542200,5.1908056200,7420807,42510827.2300,2,0.655000,1,1.763700,9.261622,0.920632,0.293672,6.566398,0
2025-03-11,sh.601886,5.2640445000,5.2823542200,5.1908056200,5.2548896400,5.2823542200,5747800,32829968.0000,2,0.507300,1,-0.519900,9.213468,0.915845,0.292145,6.532257,0
2025-03-12,sh.601886,5.2731993600,5.3281285200,5.2365799200,5.2640445000,5.2548896400,6477765,37283670.4500,2,0.571700,1,0.174200,9.229519,0.917441,0.292654,6.543637,0
2025-03-13,sh.601886,5.2640445000,5.2823542200,5.1816507600,5.2548896400,5.2640445000,5546626,31645241.4600,2,0.489600,1,-0.173900,9.213468,0.915845,0.292145,6.532257,0
2025-03-14,sh.601886,5.2640445000,5.3098188000,5.2365799200,5.2915090800,5.2548896400,7229600,41657034.0000,2,0.638100,1,0.696900,9.277673,0.922227,0.294181,6.577778,0
2025-03-17,sh.601886,5.3006639400,5.3555931000,5.2823542200,5.3281285200,5.2915090800,5425450,31568346.0000,2,0.478900,1,0.692000,9.341878,0.928609,0.296217,6.623299,0
2025-03-18,sh.601886,5.3281285200,5.3464382400,5.2182702000,5.2457347800,5.3281285200,9133600,52502885.0000,2,0.806100,1,-1.546400,9.197416,0.914250,0.291636,6.520877,0
2025-03-19,sh.601886,5.2274250600,5.2640445000,5.1724959000,5.2091153400,5.2457347800,5968285,33960179.8000,2,0.526800,1,-0.698100,9.133211,0.907867,0.289600,6.475356,0
2025-03-20,sh.601886,5.5386903000,5.7309423600,5.5020708600,5.7309423600,5.2091153400,38415055,237047911.4400,2,3.390600,1,10.017600,11.122212,0.963864,0.316553,14.555048,0
2025-03-21,sh.601886,5.6668583400,5.9964333000,5.6668583400,5.7400972200,5.7309423600,66153333,420315715.4400,2,5.838800,1,0.159700,11.139979,0.965404,0.317059,14.578298,0
2025-03-24,sh.601886,5.7767166600,5.8408006800,5.5020708600,5.5386903000,5.7400972200,43552459,266756533.7400,2,3.844000,1,-3.508800,10.749103,0.931530,0.305934,14.066779,0
2025-03-25,sh.601886,5.6302389000,5.6851680600,5.5478451600,5.6393937600,5.5386903000,31737789,194660746.5100,2,2.801200,1,1.818200,10.944541,0.948467,0.311496,14.322539,0
2025-03-26,sh.601886,5.6393937600,5.7217875000,5.5844646000,5.6760132000,5.6393937600,24044226,148691642.4800,2,2.122200,1,0.649400,11.015609,0.954626,0.313519,14.415542,0
2025-03-27,sh.601886,5.6577034800,5.6760132000,5.5478451600,5.6027743200,5.6760132000,17716600,108425473.0000,2,1.563700,1,-1.290300,10.873472,0.942308,0.309474,14.229535,0
2025-03-28,sh.601886,5.6027743200,5.6760132000,5.5753097400,5.6485486200,5.6027743200,19161800,117813970.0000,2,1.691200,1,0.817000,10.962308,0.950007,0.312002,14.345790,0
2025-03-31,sh.601886,5.6485486200,5.7217875000,5.5753097400,5.6119291800,5.6485486200,19115983,117727994.5100,2,1.687200,1,-0.648300,10.891239,0.943848,0.309979,14.252786,0
2025-04-01,sh.601886,5.6302389000,5.6485486200,5.5570000200,5.6119291800,5.6119291800,17397711,106379840.5800,2,1.535500,1,0.000000,10.891239,0.943848,0.309979,14.252786,0
2025-04-02,sh.601886,5.6027743200,5.7034777800,5.5844646000,5.6668583400,5.6119291800,16106399,99382654.9000,2,1.421600,1,0.978800,10.997842,0.953086,0.313013,14.392291,0
2025-04-03,sh.601886,5.6119291800,5.6851680600,5.6027743200,5.6760132000,5.6668583400,12948800,79881801.0000,2,1.142900,1,0.161600,11.015609,0.954626,0.313519,14.415542,0
2025-04-07,sh.601886,5.4929160000,5.5020708600,5.1084118800,5.1084118800,5.6760132000,25423589,146008094.7700,2,2.243900,1,-10.000000,9.914048,0.859163,0.282167,12.973988,0
2025-04-08,sh.601886,5.1084118800,5.1633410400,4.9070049600,5.0168632800,5.1084118800,28750500,157127305.0000,2,2.537600,1,-1.792100,9.736377,0.843766,0.277110,12.741479,0
2025-04-09,sh.601886,4.9161598200,5.0626375800,4.7513723400,5.0351730000,5.0168632800,19088919,102546758.8000,2,1.684800,1,0.365000,9.771911,0.846845,0.278122,12.787981,0
2025-04-10,sh.601886,5.0992570200,5.1999604800,5.0901021600,5.1633410400,5.0351730000,16554980,93172321.3200,2,1.461200,1,2.545500,10.020651,0.868401,0.285201,13.113493,0
2025-04-11,sh.601886,5.1633410400,5.1908056200,5.1084118800,5.1633410400,5.1633410400,12035200,67612866.0000,2,1.062200,1,0.000000,10.020651,0.868401,0.285201,13.113493,0
2025-04-14,sh.601886,5.1999604800,5.2548896400,5.1816507600,5.2182702000,5.1633410400,10885082,62081040.5500,2,0.960700,1,1.063800,10.127254,0.877640,0.288235,13.252999,0
2025-04-15,sh.601886,5.2182702000,5.2548896400,5.1724959000,5.2274250600,5.2182702000,10030978,57129654.2900,2,0.885300,1,0.175400,10.145021,0.879179,0.288741,13.276249,0
2025-04-16,sh.601886,5.2274250600,5.2548896400,5.1450313200,5.2091153400,5.2274250600,9863400,55984697.0000,2,0.870600,1,-0.350300,10.109486,0.876100,0.287730,13.229748,0
2025-04-17,sh.601886,5.2091153400,5.3006639400,5.1908056200,5.2823542200,5.2091153400,10829600,62326580.0000,2,0.955800,1,1.406000,10.251623,0.888418,0.291775,13.415755,0
2025-04-18,sh.601886,5.3098188000,5.4105222600,5.3006639400,5.3830576800,5.2823542200,14389888,84088719.8000,2,1.270100,1,1.906400,10.447062,0.905355,0.297337,13.671514,0
2025-04-21,sh.601886,5.4105222600,5.4837611400,5.3830576800,5.4746062800,5.3830576800,11063766,65663090.0600,2,0.976500,1,1.700700,10.624733,0.920752,0.302394,13.904023,0
2025-04-22,sh.601886,5.4654514200,5.4929160000,5.4379868400,5.4746062800,5.4746062800,11991133,71650983.0100,2,1.058400,1,0.000000,10.624733,0.920752,0.302394,13.904023,0
2025-04-23,sh.601886,5.4837611400,5.5661548800,5.4562965600,5.5478451600,5.4746062800,11874600,71454474.0000,2,1.048100,1,1.337800,10.766870,0.933070,0.306440,14.090030,0
2025-04-24,sh.601886,5.5478451600,5.6027743200,5.5386903000,5.5844646000,5.5478451600,13380736,81537691.2400,2,1.181000,1,0.660100,10.837938,0.939229,0.308462,14.183034,0
2025-04-25,sh.601886,5.6027743200,5.6119291800,5.5295354400,5.5478451600,5.5844646000,16664472,101409215.3200,2,1.470800,1,-0.655700,10.766870,0.933070,0.306440,14.090030,0
2025-04-28,sh.601886,5.5282434000,5.5380452500,5.3224045500,5.4008193500,5.5478471000,17860466,98631901.3400,2,1.576400,1,-2.650200,9.789678,0.848385,0.278627,12.811232,0
2025-04-29,sh.601886,5.4204230500,5.4694323000,5.3518101000,5.3518101000,5.4008193500,10475975,57766796.2500,2,0.924600,1,-0.907400,9.700843,0.840687,0.276099,12.694978,0
2025-04-30,sh.601886,5.3420082500,5.3910175000,5.2047823500,5.2145842000,5.3518101000,14846463,79725142.1600,2,1.310400,1,-2.564100,10.039556,0.802823,0.267621,6.911280,0
2025-05-06,sh.601886,5.2439897500,5.4008193500,5.2439897500,5.3812156500,5.2145842000,13927657,75765169.7900,2,1.229300,1,3.195500,10.360369,0.828477,0.276172,7.132129,0
2025-05-07,sh.601886,5.4498286000,5.4792341500,5.3714138000,5.4302249000,5.3812156500,9395622,51924698.6600,2,0.829300,1,0.910700,10.454726,0.836023,0.278688,7.197085,0
2025-05-08,sh.601886,5.4302249000,5.4694323000,5.3616119500,5.4302249000,5.4302249000,9143200,50566725.0000,2,0.807000,1,0.000000,10.454726,0.836023,0.278688,7.197085,0
2025-05-09,sh.601886,5.3910175000,5.6948748500,5.3910175000,5.6458656000,5.4302249000,22624059,128219555.9900,2,1.996800,1,3.971100,10.869895,0.869222,0.289755,7.482890,0
2025-05-12,sh.601886,5.7046767000,5.7438841000,5.5282434000,5.6850730000,5.6458656000,17769301,102231507.9900,2,1.568300,1,0.694400,10.945381,0.875258,0.291767,7.534854,0
2025-05-13,sh.601886,5.6850730000,5.7242804000,5.5674508000,5.5870545000,5.6850730000,12694200,72760370.0000,2,1.120400,1,-1.724100,10.756667,0.860168,0.286736,7.404943,0
2025-05-14,sh.601886,5.5772526500,5.6066582000,5.5086397000,5.5870545000,5.5870545000,7413001,41985622.6400,2,0.654300,1,0.000000,10.756667,0.860168,0.286736,7.404943,0
2025-05-15,sh.601886,5.5968563500,5.5968563500,5.5086397000,5.5282434000,5.5870545000,5288252,29860554.9200,2,0.466700,1,-1.052600,10.643439,0.851113,0.283718,7.326996,0
2025-05-16,sh.601886,5.5380452500,5.5576489500,5.4792341500,5.4890360000,5.5282434000,7509900,42238616.0000,2,0.662800,1,-0.709200,10.567954,0.845077,0.281706,7.275032,0
2025-05-19,sh.601886,5.4890360000,5.5184415500,5.4400267500,5.4988378500,5.4890360000,5678200,31768452.0000,2,0.501200,1,0.178600,10.586825,0.846586,0.282209,7.288023,0
2025-05-20,sh.601886,5.4890360000,5.5184415500,5.4498286000,5.4694323000,5.4988378500,5683800,31742859.0000,2,0.501700,1,-0.534800,10.530211,0.842059,0.280700,7.249050,0
2025-05-21,sh.601886,5.4792341500,5.5086397000,5.4596304500,5.4890360000,5.4694323000,5092211,28476805.0400,2,0.449400,1,0.358400,10.567954,0.845077,0.281706,7.275032,0
2025-05-22,sh.601886,5.4890360000,5.4890360000,5.4008193500,5.4204230500,5.4890360000,5613800,31145369.0000,2,0.495500,1,-1.250000,10.435854,0.834514,0.278184,7.184094,0
2025-05-23,sh.601886,5.4302249000,5.4596304500,5.3812156500,5.4106212000,5.4204230500,7039440,38973596.3600,2,0.621300,1,-0.180800,10.416983,0.833005,0.277681,7.171103,0
2025-05-26,sh.601886,5.4106212000,5.4498286000,5.3322064000,5.3518101000,5.4106212000,7261300,39894421.0000,2,0.640900,1,-1.087000,10.303755,0.823950,0.274663,7.093156,0
2025-05-27,sh.601886,5.3616119500,5.4596304500,5.3028008500,5.4400267500,5.3518101000,10015305,55048967.7500,2,0.884000,1,1.648400,10.473597,0.837532,0.279191,7.210076,0
2025-05-28,sh.601886,5.4400267500,5.4400267500,5.4008193500,5.4302249000,5.4400267500,4854300,26839542.0000,2,0.428400,1,-0.180200,10.454726,0.836023,0.278688,7.197085,0
2025-05-29,sh.601886,5.4302249000,5.5282434000,5.4106212000,5.4890360000,5.4302249000,7947500,44508215.0000,2,0.701500,1,1.083000,10.567954,0.845077,0.281706,7.275032,0
2025-05-30,sh.601886,5.4792341500,5.5380452500,5.4694323000,5.5184415500,5.4890360000,6947400,39048859.0000,2,0.613200,1,0.535700,10.624568,0.849604,0.283215,7.314005,0
2025-06-03,sh.601886,5.4792341500,5.4988378500,5.3910175000,5.4302249000,5.5184415500,9246000,51206752.0000,2,0.816100,1,-1.598600,10.454726,0.836023,0.278688,7.197085,0
2025-06-04,sh.601886,5.4498286000,5.4792341500,5.4204230500,5.4498286000,5.4302249000,6347319,35287754.2400,2,0.560200,1,0.361000,10.492469,0.839041,0.279694,7.223067,0
2025-06-05,sh.601886,5.4498286000,5.5184415500,5.4204230500,5.4596304500,5.4498286000,7126599,39694375.4500,2,0.629000,1,0.179900,10.511340,0.840550,0.280197,7.236058,0
2025-06-06,sh.601886,5.4498286000,5.4890360000,5.4302249000,5.4694323000,5.4596304500,6415182,35730551.9200,2,0.566200,1,0.179500,10.530211,0.842059,0.280700,7.249050,0
2025-06-09,sh.601886,5.4792341500,5.4792341500,5.4302249000,5.4596304500,5.4694323000,8336300,46345078.0000,2,0.735800,1,-0.179200,10.511340,0.840550,0.280197,7.236058,0
2025-06-10,sh.601886,5.4694323000,5.4890360000,5.3910175000,5.4204230500,5.4596304500,7236100,40128398.0000,2,0.638700,1,-0.718100,10.435854,0.834514,0.278184,7.184094,0
2025-06-11,sh.601886,5.4204230500,5.4596304500,5.4106212000,5.4302249000,5.4204230500,6658800,36953814.0000,2,0.587700,1,0.180800,10.454726,0.836023,0.278688,7.197085,0
2025-06-12,sh.601886,5.4302249000,5.4498286000,5.3910175000,5.4008193500,5.4302249000,8282900,45731434.0000,2,0.731100,1,-0.541500,10.398112,0.831495,0.277178,7.158112,0
2025-06-13,sh.601886,5.4106212000,5.4498286000,5.3224045500,5.3812156500,5.4008193500,14290900,78350992.0000,2,1.261300,1,-0.363000,10.360369,0.828477,0.276172,7.132129,0
2025-06-16,sh.601886,5.3616119500,5.3616119500,5.2537916000,5.2635934500,5.3812156500,13409000,72488768.0000,2,1.183500,1,-2.185800,10.133913,0.810369,0.270136,6.976236,0
2025-06-17,sh.601886,5.2831971500,5.3126027000,5.2047823500,5.2341879000,5.2635934500,10100370,54159913.1800,2,0.891500,1,-0.558700,10.077299,0.805841,0.268627,6.937262,0
2025-06-18,sh.601886,5.2243860500,5.2439897500,5.1851786500,5.2047823500,5.2341879000,7098164,37692387.5000,2,0.626500,1,-0.561800,10.020685,0.801314,0.267117,6.898289,0
2025-06-19,sh.601886,5.2145842000,5.2145842000,5.0871601500,5.1067638500,5.2047823500,8172100,42873849.0000,2,0.721300,1,-1.883200,9.831971,0.786223,0.262087,6.768378,0
2025-06-20,sh.601886,5.1067638500,5.1655749500,5.0969620000,5.1263675500,5.1067638500,7334400,38384910.0000,2,0.647300,1,0.383900,9.869714,0.789242,0.263093,6.794360,0
2025-06-23,sh.601886,5.0675564500,5.1459712500,5.0675564500,5.1361694000,5.1263675500,5628800,29384250.0000,2,0.496800,1,0.191200,9.888585,0.790751,0.263596,6.807351,0
2025-06-24,sh.601886,5.1459712500,5.2537916000,5.1459712500,5.2439897500,5.1361694000,9745435,51835381.9000,2,0.860100,1,2.099200,10.096170,0.807350,0.269130,6.950254,0
2025-06-25,sh.601886,5.2537916000,5.5772526500,5.2439897500,5.3910175000,5.2439897500,22579453,123939562.0000,2,1.992900,1,2.803700,10.379240,0.829986,0.276675,7.145120,0
2025-06-26,sh.601886,5.5380452500,5.5674508000,5.3812156500,5.3910175000,5.3910175000,15292430,85200178.2200,2,1.349700,1,0.000000,10.379240,0.829986,0.276675,7.145120,0
2025-06-27,sh.601886,5.4204230500,5.5184415500,5.4008193500,5.4792341500,5.3910175000,14475510,80739688.4100,2,1.277600,1,1.636400,10.549083,0.843568,0.281203,7.262041,0
2025-06-30,sh.601886,5.4792341500,6.0281377500,5.4792341500,6.0281377500,5.4792341500,59441845,355560176.3500,2,5.246400,1,10.017900,11.605878,0.928076,0.309373,7.989544,0
2025-07-01,sh.601886,6.0183359000,6.2241747500,5.8909118500,6.0575433000,6.0281377500,64015654,394489406.0500,2,5.650100,1,0.487800,11.662492,0.932603,0.310882,8.028517,0
2025-07-02,sh.601886,6.0575433000,6.1065525500,5.9105155500,6.0673451500,6.0575433000,34345000,210352791.0000,2,3.031300,1,0.161800,11.681363,0.934112,0.311386,8.041508,0
2025-07-03,sh.601886,6.0673451500,6.1653636500,5.9693266500,6.1261562500,6.0673451500,32192004,199604077.9900,2,2.841300,1,0.969300,11.794591,0.943166,0.314404,8.119455,0
2025-07-04,sh.601886,6.1163544000,6.4202117500,6.0477414500,6.0575433000,6.1261562500,41996040,264675275.0400,2,3.706600,1,-1.120000,11.662492,0.932603,0.310882,8.028517,0
2025-07-07,sh.601886,6.0673451500,6.2633821500,5.9987322000,6.2143729000,6.0575433000,28574000,179873089.8000,2,2.522000,1,2.589000,11.964434,0.956748,0.318931,8.236375,0
2025-07-08,sh.601886,6.1751655000,6.5084284000,6.1751655000,6.4398154500,6.2143729000,32300566,210361829.6200,2,2.850900,1,3.627800,12.398475,0.991456,0.330501,8.535171,0
2025-07-09,sh.601886,6.3908062000,6.6946635500,6.3712025000,6.6554561500,6.4398154500,31882140,215176050.3300,2,2.814000,1,3.348600,12.813644,1.024656,0.341568,8.820976,0
2025-07-10,sh.601886,6.6554561500,6.8318894500,6.5868432000,6.7926820500,6.6554561500,27946563,191960088.8000,2,2.466600,1,2.061900,13.077843,1.045783,0.348611,9.002852,0
2025-07-11,sh.601886,6.7632765000,6.8710968500,6.6848617000,6.7632765000,6.7926820500,23549301,162824377.9100,2,2.078500,1,-0.432900,13.021229,1.041256,0.347102,8.963878,0
2025-07-14,sh.601886,6.7534746500,7.1651523500,6.6750598500,7.1063412500,6.7632765000,30515702,215966572.2500,2,2.693300,1,5.072500,13.681726,1.094073,0.364708,9.418568,0
2025-07-15,sh.601886,7.1553505000,7.2533690000,6.9103042500,6.9593135000,7.1063412500,20596636,147359808.5800,2,1.817900,1,-2.069000,13.398656,1.071437,0.357163,9.223701,0
2025-07-16,sh.601886,6.9299079500,7.0867375500,6.6652580000,7.0475301500,6.9593135000,26300562,185045977.4200,2,2.321300,1,1.267600,13.568498,1.085019,0.361690,9.340621,0
2025-07-17,sh.601886,7.0083227500,7.0671338500,6.8710968500,6.8907005500,7.0475301500,14734268,104388575.9600,2,1.300500,1,-2.225300,13.266556,1.060874,0.353641,9.132763,0
2025-07-18,sh.601886,6.8612950000,6.9593135000,6.8122857500,6.9299079500,6.8907005500,9149000,64369414.0000,2,0.807500,1,0.569000,13.342042,1.066910,0.355654,9.184728,0
2025-07-21,sh.601886,6.9397098000,7.2827745500,6.8808987000,7.1161431000,6.9299079500,21789400,157378973.0000,2,1.923200,1,2.687400,13.700597,1.095582,0.365211,9.431559,0
2025-07-22,sh.601886,7.1161431000,7.1357468000,6.9789172000,6.9887190500,7.1161431000,15582702,112079185.2600,2,1.375300,1,-1.790600,13.455270,1.075964,0.358672,9.262674,0
2025-07-23,sh.601886,7.0475301500,7.1553505000,6.9495116500,7.0573320000,6.9887190500,14574209,105040044.8700,2,1.286300,1,0.981800,13.587369,1.086528,0.362193,9.353612,0
2025-07-24,sh.601886,7.0671338500,7.3513875000,6.9691153500,7.3513875000,7.0573320000,15223294,111613136.7500,2,1.343600,1,4.166700,14.153510,1.131800,0.377285,9.743346,0
2025-07-25,sh.601886,7.3317838000,7.8316781500,7.2533690000,7.4494060000,7.3513875000,28920300,221788282.7300,2,2.552500,1,1.333300,14.342223,1.146890,0.382315,9.873257,0
2025-07-28,sh.601886,7.3807930500,7.5278208000,7.2337653000,7.2435671500,7.4494060000,15919409,119373745.6000,2,1.405100,1,-2.763200,13.945925,1.115200,0.371751,9.600444,0
2025-07-29,sh.601886,7.3611893500,7.3807930500,7.1357468000,7.2239634500,7.2435671500,10721164,79058994.7900,2,0.946300,1,-0.270600,13.908182,1.112182,0.370745,9.574461,0
2025-07-30,sh.601886,7.3121801000,7.4984152500,7.1455486500,7.3415856500,7.2239634500,19017599,141530492.7700,2,1.678500,1,1.628200,14.134638,1.130291,0.376782,9.730355,0
2025-07-31,sh.601886,7.4003967500,7.7042541000,7.1749542000,7.7042541000,7.3415856500,22526548,170682592.4300,2,1.988200,1,4.939900,14.832878,1.186126,0.395394,10.211027,0
2025-08-01,sh.601886,7.7042541000,7.7042541000,7.4003967500,7.4003967500,7.7042541000,12825762,98212430.1900,2,1.132000,1,-3.944000,14.247866,1.139345,0.379800,9.808302,0
2025-08-04,sh.601886,7.3807930500,7.3807930500,7.2239634500,7.2827745500,7.4003967500,7841507,58238694.4600,2,0.692100,1,-1.589400,14.021410,1.121236,0.373763,9.652408,0
2025-08-05,sh.601886,7.2631708500,7.3317838000,7.1553505000,7.1945579000,7.2827745500,9349125,68783336.5000,2,0.825200,1,-1.211300,13.851568,1.107655,0.369236,9.535488,0
2025-08-06,sh.601886,7.1945579000,7.3709912000,7.1553505000,7.3513875000,7.1945579000,8734100,64949891.0000,2,0.770900,1,2.179800,14.153510,1.131800,0.377285,9.743346,0
2025-08-07,sh.601886,7.3513875000,7.3709912000,7.1945579000,7.2631708500,7.3513875000,6401200,47429778.0000,2,0.565000,1,-1.200000,13.983668,1.118218,0.372757,9.626426,0
2025-08-08,sh.601886,7.2239634500,7.4886134000,7.2141616000,7.4592078500,7.2631708500,8141281,61487309.0600,2,0.718600,1,2.699100,14.361095,1.148399,0.382818,9.886249,0
2025-08-11,sh.601886,7.4592078500,7.5278208000,7.3611893500,7.4494060000,7.4592078500,5242699,39773459.8900,2,0.462700,1,-0.131400,14.342223,1.146890,0.382315,9.873257,0
2025-08-12,sh.601886,7.4101986000,7.6160374500,7.4101986000,7.5866319000,7.4494060000,7064300,54250185.0000,2,0.623500,1,1.842100,14.606422,1.168017,0.389358,10.055133,0
2025-08-13,sh.601886,7.5376226500,7.5768300500,7.4101986000,7.4984152500,7.5866319000,8360800,63840922.0000,2,0.737900,1,-1.162800,14.436580,1.154436,0.384830,9.938213,0
2025-08-14,sh.601886,7.4396041500,7.5866319000,7.2827745500,7.3219819500,7.4984152500,7808200,59113844.0000,2,0.689200,1,-2.352900,14.096896,1.127272,0.375775,9.704373,0
2025-08-15,sh.601886,7.3219819500,7.4592078500,7.3219819500,7.3807930500,7.3219819500,5724100,43139241.0000,2,0.505200,1,0.803200,14.210124,1.136327,0.378794,9.782319,0
2025-08-18,sh.601886,7.4200004500,7.4200004500,7.1553505000,7.3513875000,7.3807930500,12444139,92362584.1600,2,1.098300,1,-0.398400,14.153510,1.131800,0.377285,9.743346,0
2025-08-19,sh.601886,7.3023782500,7.5278208000,7.3023782500,7.4886134000,7.3513875000,8582761,65383755.1900,2,0.757500,1,1.866700,14.417709,1.152927,0.384327,9.925222,0
2025-08-20,sh.601886,7.4984152500,7.5180189500,7.4298023000,7.4788115500,7.4886134000,4177955,31827030.1000,2,0.368800,1,-0.130900,14.398837,1.151417,0.383824,9.912231,0
2025-08-21,sh.601886,7.4886134000,7.7238578000,7.4298023000,7.6062356000,7.4788115500,9170000,70928181.0000,2,0.809400,1,1.703800,14.644165,1.171035,0.390364,10.081115,0
2025-08-22,sh.601886,7.5376226500,7.5964337500,7.4788115500,7.5278208000,7.6062356000,5768002,44282470.3400,2,0.509100,1,-1.030900,14.493194,1.158963,0.386339,9.977186,0
2025-08-25,sh.601886,7.5670282000,7.7532633500,7.5180189500,7.6944522500,7.5278208000,7735737,60510510.7200,2,0.682800,1,2.213500,14.814007,1.184617,0.394891,10.198036,0
2025-08-26,sh.601886,7.6748485500,8.2727614000,7.6454430000,8.2629595500,7.6944522500,13288455,108381296.7600,2,1.172900,1,7.388500,15.908545,1.272143,0.424068,10.951521,0
2025-08-27,sh.601886,7.9787059000,8.1355355000,7.7532633500,7.7728670500,8.2629595500,23106441,185825345.4400,2,2.039400,1,-5.931200,13.969668,1.243524,0.411685,44.522967,0
2025-08-28,sh.601886,7.6454430000,7.8904892500,7.4200004500,7.6944522500,7.7728670500,18376808,142908576.6700,2,1.622000,1,-1.008800,13.828738,1.230979,0.407532,44.073807,0
2025-08-29,sh.601886,7.6454430000,7.7434615000,7.4788115500,7.5670282000,7.6944522500,9349815,72358938.6700,2,0.825200,1,-1.656100,13.599727,1.210593,0.400783,43.343923,0
2025-09-01,sh.601886,7.5474245000,7.7140559500,7.4788115500,7.5572263500,7.5670282000,8411164,65329471.8100,2,0.742400,1,-0.129500,13.582111,1.209025,0.400264,43.287778,0
2025-09-02,sh.601886,7.5768300500,7.6454430000,7.2043597500,7.4984152500,7.5572263500,14944754,113105405.4100,2,1.319000,1,-0.778200,13.476414,1.199616,0.397149,42.950908,0
2025-09-03,sh.601886,7.5082171000,7.5180189500,7.3611893500,7.3905949000,7.4984152500,6204792,47045603.8100,2,0.547600,1,-1.437900,13.282635,1.182367,0.391438,42.333313,0
2025-09-04,sh.601886,7.4101986000,7.5474245000,7.3317838000,7.4984152500,7.3905949000,9066854,68921369.2100,2,0.800300,1,1.458900,13.476414,1.199616,0.397149,42.950908,0
2025-09-05,sh.601886,7.6160374500,7.6160374500,7.4494060000,7.4690097000,7.4984152500,4811810,36834515.4000,2,0.424700,1,-0.392200,13.423565,1.194912,0.395592,42.782473,0
2025-09-08,sh.601886,7.4984152500,7.6258393000,7.4592078500,7.5180189500,7.4690097000,4539670,34937410.5000,2,0.400700,1,0.656200,13.511646,1.202753,0.398187,43.063198,0
2025-09-09,sh.601886,7.5180189500,7.5180189500,7.3023782500,7.3513875000,7.5180189500,5707011,43012225.4000,2,0.503700,1,-2.216400,13.212170,1.176094,0.389362,42.108733,0
2025-09-10,sh.601886,7.3611893500,7.4690097000,7.3415856500,7.4101986000,7.3513875000,4895759,37017295.6300,2,0.432100,1,0.800000,13.317868,1.185503,0.392477,42.445603,0
2025-09-11,sh.601886,7.4200004500,7.5572263500,7.3513875000,7.5278208000,7.4101986000,5489562,41841873.3800,2,0.484500,1,1.587300,13.529262,1.204321,0.398706,43.119343,0
2025-09-12,sh.601886,7.5768300500,7.5768300500,7.4101986000,7.4298023000,7.5278208000,5560000,42304497.0000,2,0.490700,1,-1.302100,13.353100,1.188639,0.393515,42.557893,0
2025-09-15,sh.601886,7.4788115500,7.4788115500,7.3023782500,7.3219819500,7.4298023000,6169050,46419098.9500,2,0.544500,1,-1.451200,13.159322,1.171390,0.387804,41.940298,0
2025-09-16,sh.601886,7.3415856500,7.4101986000,7.2925764000,7.3905949000,7.3219819500,4618964,34673519.2300,2,0.407700,1,0.937100,13.282635,1.182367,0.391438,42.333313,0
2025-09-17,sh.601886,7.4298023000,7.4494060000,7.2337653000,7.3611893500,7.3905949000,8846687,66182226.6300,2,0.780800,1,-0.397900,13.229786,1.177663,0.389881,42.164878,0
2025-09-18,sh.601886,7.3415856500,7.3905949000,7.1357468000,7.1651523500,7.3611893500,7175787,53215505.4400,2,0.633300,1,-2.663100,12.877462,1.146300,0.379498,41.041979,0
2025-09-19,sh.601886,7.2435671500,7.2435671500,7.1357468000,7.1749542000,7.1651523500,4752187,34828492.8400,2,0.419400,1,0.136800,12.895078,1.147868,0.380017,41.098124,0
2025-09-22,sh.601886,7.1651523500,7.2925764000,7.1063412500,7.1651523500,7.1749542000,5653941,41438033.9400,2,0.499000,1,-0.136600,12.877462,1.146300,0.379498,41.041979,0
2025-09-23,sh.601886,7.1651523500,7.1749542000,6.8808987000,7.1455486500,7.1651523500,8864190,63631481.6000,2,0.782400,1,-0.273600,12.842229,1.143164,0.378460,40.929689,0
2025-09-24,sh.601886,7.0965394000,7.2043597500,7.0769357000,7.1945579000,7.1455486500,3737700,27241764.0000,2,0.329900,1,0.685900,12.930311,1.151004,0.381055,41.210414,0
2025-09-25,sh.601886,7.2141616000,7.3513875000,7.1063412500,7.1357468000,7.1945579000,4137800,30375146.0000,2,0.365200,1,-0.817400,12.824613,1.141596,0.377941,40.873544,0
2025-09-26,sh.601886,7.0965394000,7.2435671500,7.0867375500,7.1945579000,7.1357468000,4057104,29745524.5200,2,0.358100,1,0.824200,12.930311,1.151004,0.381055,41.210414,0
2025-09-29,sh.601886,7.2141616000,7.2141616000,7.0279264500,7.1553505000,7.1945579000,6330900,46049997.0000,2,0.558800,1,-0.545000,12.859846,1.144732,0.378979,40.985834,0
2025-09-30,sh.601886,7.1945579000,7.2337653000,6.9691153500,7.1553505000,7.1553505000,9368903,67763770.5100,2,0.826900,1,0.000000,12.859846,1.144732,0.378979,40.985834,0
2025-10-09,sh.601886,7.1749542000,7.2043597500,7.0769357000,7.1455486500,7.1553505000,7042266,51212163.1300,2,0.621600,1,-0.137000,12.842229,1.143164,0.378460,40.929689,0
2025-10-10,sh.601886,7.1651523500,7.4886134000,7.0867375500,7.4200004500,7.1455486500,15097723,113685806.6900,2,1.332500,1,3.840900,13.335484,1.187071,0.392996,42.501748,0
2025-10-13,sh.601886,7.2800000000,7.4700000000,7.1800000000,7.4700000000,7.4200000000,9638564,70899790.8900,2,0.850700,1,0.673900,13.159322,1.171390,0.387804,41.940298,0
2025-10-14,sh.601886,7.5400000000,7.7800000000,7.3700000000,7.6500000000,7.4700000000,12748530,96561621.9800,2,1.125200,1,2.409600,13.476414,1.199616,0.397149,42.950908,0
2025-10-15,sh.601886,7.6400000000,7.8900000000,7.5700000000,7.8600000000,7.6500000000,9953200,77358140.0000,2,0.878500,1,2.745100,13.846354,1.232547,0.408051,44.129952,0
2025-10-16,sh.601886,7.9000000000,7.9500000000,7.7100000000,7.7400000000,7.8600000000,6788800,52971666.0000,2,0.599200,1,-1.526700,13.634960,1.213729,0.401821,43.456213,0
2025-10-17,sh.601886,7.7500000000,7.8300000000,7.7000000000,7.7100000000,7.7400000000,5258500,40785998.0000,2,0.464100,1,-0.387600,13.582111,1.209025,0.400264,43.287778,0
2025-10-20,sh.601886,7.7200000000,7.7600000000,7.5300000000,7.5900000000,7.7100000000,7641600,58123329.0000,2,0.674500,1,-1.556400,13.370716,1.190208,0.394034,42.614038,0
2025-10-21,sh.601886,7.6200000000,7.9000000000,7.6000000000,7.8700000000,7.5900000000,6948100,54249660.0000,2,0.613200,1,3.689100,13.863971,1.234115,0.408570,44.186097,0
2025-10-22,sh.601886,7.8700000000,7.8900000000,7.6000000000,7.6200000000,7.8700000000,6634388,51106183.8400,2,0.585600,1,-3.176600,13.423565,1.194912,0.395592,42.782473,0
2025-10-23,sh.601886,7.6000000000,7.6900000000,7.5700000000,7.6700000000,7.6200000000,4283700,32660285.0000,2,0.378100,1,0.656200,13.511646,1.202753,0.398187,43.063198,0
2025-10-24,sh.601886,7.6800000000,7.7300000000,7.5800000000,7.6800000000,7.6700000000,4184200,32060285.0000,2,0.369300,1,0.130400,13.529262,1.204321,0.398706,43.119343,0
2025-10-27,sh.601886,7.6500000000,7.8600000000,7.6000000000,7.7900000000,7.6800000000,7325500,56570930.0000,2,0.646600,1,1.432300,13.723041,1.221570,0.404417,43.736938,0
2025-10-28,sh.601886,7.7700000000,7.9000000000,7.6700000000,7.8300000000,7.7900000000,5609700,43658797.0000,2,0.495100,1,0.513500,13.793506,1.227843,0.406494,43.961518,0
2025-10-29,sh.601886,7.8300000000,7.8800000000,7.6900000000,7.8800000000,7.8300000000,5719100,44617206.0000,2,0.504800,1,0.638600,13.881587,1.235683,0.409089,44.242242,0
2025-10-30,sh.601886,7.8300000000,7.8800000000,7.6400000000,7.7100000000,7.8800000000,7651000,59246663.0000,2,0.675300,1,-2.157400,13.190200,1.215064,0.405598,-83.498004,0
2025-10-31,sh.601886,7.7700000000,7.9300000000,7.7000000000,7.7500000000,7.7100000000,7610466,59271071.7700,2,0.671700,1,0.518800,13.258632,1.221368,0.407702,-83.931197,0
2025-11-03,sh.601886,7.7500000000,7.8700000000,7.7100000000,7.7900000000,7.7500000000,7184462,56096012.3800,2,0.634100,1,0.516100,13.327064,1.227671,0.409807,-84.364390,0
2025-11-04,sh.601886,7.8100000000,8.0200000000,7.8000000000,7.9100000000,7.7900000000,11755531,93021868.3600,2,1.037600,1,1.540400,13.532359,1.246583,0.416120,-85.663970,0
2025-11-05,sh.601886,7.8500000000,8.0400000000,7.7600000000,7.9500000000,7.9100000000,7219442,57130301.6400,2,0.637200,1,0.505700,13.600790,1.252887,0.418224,-86.097163,0
2025-11-06,sh.601886,7.9800000000,8.0100000000,7.8200000000,7.9200000000,7.9500000000,9932000,78395276.0000,2,0.876600,1,-0.377400,13.549467,1.248159,0.416646,-85.772268,0
2025-11-07,sh.601886,7.8700000000,7.9000000000,7.8000000000,7.8100000000,7.9200000000,4597400,36028032.0000,2,0.405800,1,-1.388900,13.361280,1.230823,0.410859,-84.580987,0
2025-11-10,sh.601886,7.8600000000,7.9900000000,7.6800000000,7.9500000000,7.8100000000,8382540,65797078.4000,2,0.739900,1,1.792600,13.600790,1.252887,0.418224,-86.097163,0
2025-11-11,sh.601886,7.9400000000,8.1700000000,7.9000000000,8.0700000000,7.9500000000,9086800,73186454.0000,2,0.802000,1,1.509400,13.806085,1.271798,0.424537,-87.396743,0
2025-11-12,sh.601886,8.1000000000,8.1900000000,7.9200000000,8.0800000000,8.0700000000,7556200,60795010.0000,2,0.666900,1,0.123900,13.823193,1.273374,0.425063,-87.505041,0
2025-11-13,sh.601886,8.0800000000,8.1200000000,7.9400000000,8.0000000000,8.0800000000,5909100,47345633.0000,2,0.521500,1,-0.990100,13.686330,1.260767,0.420854,-86.638655,0
2025-11-14,sh.601886,7.9800000000,8.5000000000,7.9300000000,8.3300000000,8.0000000000,13878628,114779506.7700,2,1.224900,1,4.125000,14.250891,1.312773,0.438214,-90.212499,0
2025-11-17,sh.601886,8.3500000000,8.3900000000,8.0500000000,8.3800000000,8.3300000000,11400900,94142139.7900,2,1.006300,1,0.600200,14.336431,1.320653,0.440845,-90.753991,0
2025-11-18,sh.601886,8.3300000000,8.4300000000,8.0800000000,8.2800000000,8.3800000000,8138380,66980510.6000,2,0.718300,1,-1.193300,14.165351,1.304893,0.435584,-89.671008,0
2025-11-19,sh.601886,8.3200000000,8.4500000000,8.1900000000,8.3500000000,8.2800000000,6627731,55130131.4800,2,0.585000,1,0.845400,14.285107,1.315925,0.439267,-90.429096,0
2025-11-20,sh.601886,8.2900000000,8.3900000000,8.1200000000,8.1500000000,8.3500000000,5882000,48418646.0000,2,0.519200,1,-2.395200,13.942949,1.284406,0.428745,-88.263130,0
2025-11-21,sh.601886,8.1100000000,8.2900000000,8.0000000000,8.0600000000,8.1500000000,9994842,81124921.5400,2,0.882200,1,-1.104300,13.788977,1.270222,0.424011,-87.288445,0
2025-11-24,sh.601886,8.1300000000,8.2500000000,8.0200000000,8.1400000000,8.0600000000,5962701,48587149.1500,2,0.526300,1,0.992600,13.925841,1.282830,0.428219,-88.154831,0
2025-11-25,sh.601886,8.1100000000,8.3100000000,8.1100000000,8.1700000000,8.1400000000,3616100,29667591.3200,2,0.319200,1,0.368600,13.977164,1.287558,0.429797,-88.479726,0
2025-11-26,sh.601886,8.1200000000,8.2700000000,8.0000000000,8.0000000000,8.1700000000,4965801,40237031.2500,2,0.438300,1,-2.080800,13.686330,1.260767,0.420854,-86.638655,0
2025-11-27,sh.601886,8.0800000000,8.0800000000,7.8100000000,7.9200000000,8.0000000000,6656900,52629268.0000,2,0.587500,1,-1.000000,13.549467,1.248159,0.416646,-85.772268,0
2025-11-28,sh.601886,7.9100000000,8.0000000000,7.8600000000,7.9800000000,7.9200000000,3519500,28009834.0000,2,0.310600,1,0.757600,13.652114,1.257615,0.419802,-86.422058,0
2025-12-01,sh.601886,7.9700000000,8.0300000000,7.8800000000,8.0200000000,7.9800000000,4014600,31939756.0000,2,0.354300,1,0.501300,13.720546,1.263918,0.421906,-86.855251,0
2025-12-02,sh.601886,8.0200000000,8.0200000000,7.8300000000,7.9000000000,8.0200000000,2779160,21982547.4000,2,0.245300,1,-1.496300,13.515251,1.245007,0.415593,-85.555672,0
2025-12-03,sh.601886,7.8400000000,7.9100000000,7.7100000000,7.7600000000,7.9000000000,6894601,53611527.5000,2,0.608500,1,-1.772200,13.275740,1.222944,0.408229,-84.039495,0
2025-12-04,sh.601886,7.7700000000,7.8500000000,7.6200000000,7.6300000000,7.7600000000,4893700,37808722.0000,2,0.431900,1,-1.675300,13.053337,1.202456,0.401390,-82.631617,0
2025-12-05,sh.601886,7.6300000000,8.0200000000,7.6000000000,7.9800000000,7.6300000000,7872968,61624683.6000,2,0.694900,1,4.587200,13.652114,1.257615,0.419802,-86.422058,0
2025-12-08,sh.601886,7.9500000000,7.9700000000,7.7300000000,7.9200000000,7.9800000000,6321600,49769166.0000,2,0.558000,1,-0.751900,13.549467,1.248159,0.416646,-85.772268,0
2025-12-09,sh.601886,7.8700000000,7.9200000000,7.6800000000,7.6800000000,7.9200000000,4043985,31442703.4000,2,0.356900,1,-3.030300,13.138877,1.210336,0.404020,-83.173109,0
2025-12-10,sh.601886,7.6500000000,7.7100000000,7.6000000000,7.6300000000,7.6800000000,3864325,29536236.0000,2,0.341100,1,-0.651000,13.053337,1.202456,0.401390,-82.631617,0
2025-12-11,sh.601886,7.6300000000,7.7500000000,7.6000000000,7.6700000000,7.6300000000,3578500,27428672.0000,2,0.315800,1,0.524200,13.121769,1.208760,0.403494,-83.064810,0
2025-12-12,sh.601886,7.6500000000,7.7700000000,7.5100000000,7.6100000000,7.6700000000,6457700,49131185.0000,2,0.570000,1,-0.782300,13.019121,1.199304,0.400338,-82.415020,0
2025-12-15,sh.601886,7.5800000000,7.6800000000,7.4600000000,7.6700000000,7.6100000000,4309295,32820315.9200,2,0.380300,1,0.788400,13.121769,1.208760,0.403494,-83.064810,0
2025-12-16,sh.601886,7.6800000000,7.7800000000,7.6000000000,7.7600000000,7.6700000000,4697700,36142965.0000,2,0.414600,1,1.173400,13.275740,1.222944,0.408229,-84.039495,0
2025-12-17,sh.601886,7.7600000000,7.8100000000,7.6100000000,7.7600000000,7.7600000000,4374700,33881451.0000,2,0.386100,1,0.000000,13.275740,1.222944,0.408229,-84.039495,0
2025-12-18,sh.601886,7.6900000000,7.9700000000,7.6700000000,7.8900000000,7.7600000000,4759742,37450572.8000,2,0.420100,1,1.675300,13.498143,1.243431,0.415067,-85.447373,0
2025-12-19,sh.601886,7.8700000000,8.0800000000,7.8400000000,8.0100000000,7.8900000000,4944997,39479006.6300,2,0.436500,1,1.520900,13.703438,1.262342,0.421380,-86.746953,0
2025-12-22,sh.601886,8.0500000000,8.1100000000,8.0000000000,8.0300000000,8.0100000000,3116483,25144893.8600,2,0.275100,1,0.249700,13.737654,1.265494,0.422432,-86.963550,0
2025-12-23,sh.601886,7.9900000000,8.0900000000,7.8500000000,7.8900000000,8.0300000000,5129732,40635539.2900,2,0.452800,1,-1.743500,13.498143,1.243431,0.415067,-85.447373,0
2025-12-24,sh.601886,7.9200000000,8.0300000000,7.8800000000,7.9200000000,7.8900000000,4337986,34406022.9200,2,0.382900,1,0.380200,13.549467,1.248159,0.416646,-85.772268,0
2025-12-25,sh.601886,7.9600000000,8.0000000000,7.9000000000,7.9300000000,7.9200000000,3083200,24501676.0000,2,0.272100,1,0.126300,13.566574,1.249735,0.417172,-85.880567,0
2025-12-26,sh.601886,7.9700000000,8.0000000000,7.8900000000,7.9100000000,7.9300000000,2949302,23426370.8700,2,0.260300,1,-0.252200,13.532359,1.246583,0.416120,-85.663970,0
2025-12-29,sh.601886,8.0000000000,8.0000000000,7.8600000000,7.9300000000,7.9100000000,2661601,21085640.9100,2,0.234900,1,0.252800,13.566574,1.249735,0.417172,-85.880567,0
2025-12-30,sh.601886,7.9700000000,7.9900000000,7.8500000000,7.9300000000,7.9300000000,3027800,23983665.9900,2,0.267200,1,0.000000,13.566574,1.249735,0.417172,-85.880567,0
2025-12-31,sh.601886,7.8800000000,8.2500000000,7.8800000000,8.1600000000,7.9300000000,9510203,76937759.4800,2,0.839400,1,2.900400,13.960056,1.285982,0.429271,-88.371428,0
2026-01-05,sh.601886,8.1500000000,8.2700000000,7.9800000000,8.1500000000,8.1600000000,6578700,53506410.0000,2,0.580600,1,-0.122500,13.942949,1.284406,0.428745,-88.263130,0
2026-01-06,sh.601886,8.2000000000,8.9700000000,8.1200000000,8.9700000000,8.1500000000,17408107,152375658.6000,2,1.536500,1,10.061300,15.345797,1.413634,0.471883,-97.143592,0
2026-01-07,sh.601886,9.2300000000,9.2300000000,8.8900000000,8.9700000000,8.9700000000,21624608,195126072.1000,2,1.908600,1,0.000000,15.345797,1.413634,0.471883,-97.143592,0
2026-01-08,sh.601886,9.1300000000,9.1300000000,8.7300000000,8.8000000000,8.9700000000,11934269,105244157.1200,2,1.053300,1,-1.895200,15.054963,1.386843,0.462940,-95.302520,0
2026-01-09,sh.601886,8.7300000000,8.8800000000,8.6700000000,8.7800000000,8.8000000000,8178591,71640756.5600,2,0.721900,1,-0.227300,15.020747,1.383691,0.461887,-95.085924,0
2026-01-12,sh.601886,8.7300000000,8.8100000000,8.6700000000,8.7800000000,8.7800000000,8918984,77827967.2700,2,0.787200,1,0.000000,15.020747,1.383691,0.461887,-95.085924,0
2026-01-13,sh.601886,8.7600000000,8.9600000000,8.7500000000,8.7800000000,8.7800000000,9366153,82778237.2800,2,0.826700,1,0.000000,15.020747,1.383691,0.461887,-95.085924,0
2026-01-14,sh.601886,8.8300000000,8.9600000000,8.7200000000,8.8200000000,8.7800000000,9249885,81424104.7000,2,0.816400,1,0.455600,15.089179,1.389995,0.463992,-95.519117,0
2026-01-15,sh.601886,8.8800000000,9.0100000000,8.7600000000,8.8300000000,8.8200000000,10118300,89722514.0000,2,0.893100,1,0.113400,15.106287,1.391571,0.464518,-95.627415,0
2026-01-16,sh.601886,8.8300000000,8.8800000000,8.7100000000,8.7300000000,8.8300000000,5478200,48075618.0000,2,0.483500,1,-1.132500,14.935207,1.375811,0.459257,-94.544432,0
2026-01-19,sh.601886,8.7700000000,8.9500000000,8.7300000000,8.9300000000,8.7300000000,8655700,76962532.0000,2,0.764000,1,2.291000,15.277366,1.407331,0.469778,-96.710398,0
2026-01-20,sh.601886,8.9900000000,9.2900000000,8.8600000000,9.1700000000,8.9300000000,12151510,110809111.6000,2,1.072500,1,2.687600,15.687956,1.445154,0.482404,-99.309558,0
2026-01-21,sh.601886,9.1200000000,9.4000000000,8.9700000000,9.3700000000,9.1700000000,9815753,90442877.6600,2,0.866300,1,2.181000,16.030114,1.476673,0.492925,-101.475524,0
2026-01-22,sh.601886,9.3100000000,9.5200000000,9.2100000000,9.4100000000,9.3700000000,7206105,67529843.2500,2,0.636000,1,0.426900,16.098545,1.482977,0.495030,-101.908718,0
2026-01-23,sh.601886,9.4200000000,9.5600000000,9.3800000000,9.4800000000,9.4100000000,6706695,63434994.9000,2,0.591900,1,0.743900,16.218301,1.494008,0.498712,-102.666806,0
2026-01-26,sh.601886,9.4700000000,9.6300000000,9.3900000000,9.4500000000,9.4800000000,7987602,75957611.0200,2,0.705000,1,-0.316500,16.166977,1.489280,0.497134,-102.341911,0
2026-01-27,sh.601886,9.5000000000,9.5500000000,9.3700000000,9.4900000000,9.4500000000,6425704,60850983.8000,2,0.567100,1,0.423300,16.235409,1.495584,0.499238,-102.775104,0
2026-01-28,sh.601886,9.5000000000,9.7600000000,9.4800000000,9.5700000000,9.4900000000,7176794,68930116.7000,2,0.633400,1,0.843000,16.372272,1.508192,0.503447,-103.641491,0
2026-01-29,sh.601886,9.5400000000,9.9300000000,9.4300000000,9.7900000000,9.5700000000,8088176,78577888.8600,2,0.713900,1,2.298900,16.748646,1.542863,0.515020,-106.024054,0
2026-01-30,sh.601886,9.7000000000,9.8600000000,9.6100000000,9.6100000000,9.7900000000,7983883,77756417.4400,2,0.704700,1,-1.838600,16.440704,1.514496,0.505551,-104.074684,0
2026-02-02,sh.601886,9.6500000000,9.8500000000,9.2400000000,9.2500000000,9.6100000000,12709997,120219064.3100,2,1.121800,1,-3.746100,15.824819,1.457761,0.486613,-100.175945,0
2026-02-03,sh.601886,9.3900000000,9.4200000000,9.2200000000,9.3300000000,9.2500000000,5263692,48968788.4600,2,0.464600,1,0.864900,15.961682,1.470369,0.490821,-101.042331,0
2026-02-04,sh.601886,9.3500000000,9.7200000000,9.3000000000,9.5800000000,9.3300000000,8288200,79225955.0000,2,0.731500,1,2.679500,16.389380,1.509768,0.503973,-103.749789,0
2026-02-05,sh.601886,9.5800000000,9.6200000000,9.4500000000,9.5500000000,9.5800000000,4124900,39356516.0000,2,0.364100,1,-0.313200,16.338056,1.505040,0.502395,-103.424894,0
2026-02-06,sh.601886,9.5500000000,9.6300000000,9.4400000000,9.4500000000,9.5500000000,3154783,30044322.5000,2,0.278400,1,-1.047100,16.166977,1.489280,0.497134,-102.341911,0
2026-02-09,sh.601886,9.4900000000,9.7000000000,9.3700000000,9.4800000000,9.4500000000,5447586,51724001.3600,2,0.480800,1,0.317500,16.218301,1.494008,0.498712,-102.666806,0
2026-02-10,sh.601886,9.5000000000,9.5000000000,9.3000000000,9.3400000000,9.4800000000,3811591,35681141.1200,2,0.336400,1,-1.476800,15.978790,1.471945,0.491347,-101.150629,0
2026-02-11,sh.601886,9.4000000000,9.4400000000,9.2600000000,9.3000000000,9.3400000000,3619900,33702623.0000,2,0.319500,1,-0.428300,15.910358,1.465641,0.489243,-100.717436,0
2026-02-12,sh.601886,9.3300000000,9.3700000000,9.2400000000,9.2800000000,9.3000000000,2695600,25002031.0000,2,0.237900,1,-0.215100,15.876143,1.462489,0.488191,-100.500840,0
2026-02-13,sh.601886,9.2900000000,9.3800000000,9.1600000000,9.2500000000,9.2800000000,3217500,29891443.0000,2,0.284000,1,-0.323300,15.824819,1.457761,0.486613,-100.175945,0
2026-02-24,sh.601886,9.2700000000,9.3900000000,9.1300000000,9.2800000000,9.2500000000,5065243,46833500.4500,2,0.447100,1,0.324300,15.876143,1.462489,0.488191,-100.500840,0
2026-02-25,sh.601886,9.2900000000,9.4100000000,9.2400000000,9.3300000000,9.2800000000,4954000,46248687.0000,2,0.437200,1,0.538800,15.961682,1.470369,0.490821,-101.042331,0
2026-02-26,sh.601886,9.3500000000,9.4000000000,9.2200000000,9.3600000000,9.3300000000,3666300,34180083.0000,2,0.323600,1,0.321500,16.013006,1.475097,0.492399,-101.367226,0
2026-02-27,sh.601886,9.3000000000,9.4200000000,9.2500000000,9.3900000000,9.3600000000,2850000,26685105.0000,2,0.251500,1,0.320500,16.064330,1.479825,0.493978,-101.692121,0
2026-03-02,sh.601886,9.3600000000,9.4300000000,9.1900000000,9.2300000000,9.3900000000,4224343,39228126.4700,2,0.372800,1,-1.703900,15.790603,1.454609,0.485560,-99.959348,0
2026-03-03,sh.601886,9.2300000000,9.4100000000,8.9900000000,9.0000000000,9.2300000000,6294513,57736973.5300,2,0.555600,1,-2.491900,15.397121,1.418362,0.473461,-97.468487,0
2026-03-04,sh.601886,8.9100000000,9.0900000000,8.6000000000,8.7700000000,9.0000000000,7772830,69167402.0000,2,0.686000,1,-2.555600,15.003639,1.382115,0.461361,-94.977625,0
2026-03-05,sh.601886,8.8100000000,8.8900000000,8.5800000000,8.6200000000,8.7700000000,6356015,55197860.4500,2,0.561000,1,-1.710400,14.747020,1.358476,0.453470,-93.353150,0
2026-03-06,sh.601886,8.6100000000,8.8000000000,8.5700000000,8.7000000000,8.6200000000,4896805,42730928.3000,2,0.432200,1,0.928100,14.883884,1.371084,0.457679,-94.219537,0
2026-03-09,sh.601886,8.6300000000,8.7800000000,8.4600000000,8.7400000000,8.7000000000,10972713,94472330.8400,2,0.968500,1,0.459800,14.952315,1.377387,0.459783,-94.652730,0
2026-03-10,sh.601886,8.7400000000,9.0200000000,8.6900000000,8.9300000000,8.7400000000,6561405,58498477.6000,2,0.579100,1,2.173900,15.277366,1.407331,0.469778,-96.710398,0
2026-03-11,sh.601886,8.9700000000,9.0100000000,8.8300000000,8.9800000000,8.9300000000,4105400,36576289.9000,2,0.362300,1,0.559900,15.362905,1.415210,0.472409,-97.251890,0
2026-03-12,sh.601886,8.9700000000,9.0100000000,8.8000000000,8.8200000000,8.9800000000,4485100,39856796.0000,2,0.395900,1,-1.781700,15.089179,1.389995,0.463992,-95.519117,0
2026-03-13,sh.601886,8.8100000000,8.9500000000,8.8000000000,8.8700000000,8.8200000000,3955610,35191495.5000,2,0.349100,1,0.566900,15.174718,1.397875,0.466622,-96.060608,0
2026-03-16,sh.601886,8.8400000000,8.8900000000,8.6100000000,8.7000000000,8.8700000000,5446200,47454354.0000,2,0.480700,1,-1.916600,14.883884,1.371084,0.457679,-94.219537,0
2026-03-17,sh.601886,8.7200000000,8.8800000000,8.7100000000,8.8200000000,8.7000000000,5337421,47099344.2200,2,0.471100,1,1.379300,15.089179,1.389995,0.463992,-95.519117,0
2026-03-18,sh.601886,8.8200000000,8.8400000000,8.2200000000,8.3000000000,8.8200000000,12966808,109115506.9400,2,1.144500,1,-5.895700,14.199567,1.308045,0.436636,-89.887604,0
