date,code,open,high,low,close,preclose,volume,amount,adjustflag,turn,tradestatus,pctChg,peTTM,pbMRQ,psTTM,pcfNcfTTM,isST
2023-06-26,sh.600498,20.5904468000,21.1865632000,19.7695652000,19.9259236000,20.9520256000,31632859,655696029.9400,2,2.795500,1,-4.897400,58.103361,2.114275,0.771073,-32.926417,0
2023-06-27,sh.600498,20.0529648000,20.5024952000,19.5936620000,20.2386404000,19.9259236000,19532734,400050799.1500,2,1.726200,1,1.569400,59.015233,2.147456,0.783174,-33.443163,0
2023-06-28,sh.600498,20.2875024000,20.2972748000,19.0561800000,19.5448000000,20.2386404000,22666360,450859264.4700,2,2.003100,1,-3.428300,56.992017,2.073835,0.756325,-32.296632,0
2023-06-29,sh.600498,19.5448000000,20.1995508000,19.4666208000,19.8477444000,19.5448000000,16049826,325466499.4500,2,1.418400,1,1.550000,57.875393,2.105980,0.768048,-32.797230,0
2023-06-30,sh.600498,19.6620688000,20.1897784000,19.4470760000,19.9063788000,19.8477444000,19547896,396396982.0800,2,1.727500,1,0.295400,58.046386,2.112202,0.770317,-32.894130,0
2023-07-03,sh.600498,20.1409164000,20.3461368000,19.4373036000,19.8184272000,19.9063788000,20204037,409492802.1000,2,1.785500,1,-0.441800,57.789922,2.102869,0.766914,-32.748795,0
2023-07-04,sh.600498,19.6425240000,20.0627372000,19.6425240000,19.7793376000,19.8184272000,12275294,249472480.7300,2,1.084800,1,-0.197200,57.675938,2.098722,0.765401,-32.684202,0
2023-07-05,sh.600498,19.5643448000,19.8379720000,19.1539040000,19.1636764000,19.7793376000,13676902,272317489.0800,2,1.208700,1,-3.112600,55.880689,2.033396,0.741577,-31.666857,0
2023-07-06,sh.600498,19.1734488000,19.7402480000,19.0561800000,19.3591244000,19.1636764000,14485968,288868615.6500,2,1.280200,1,1.019900,56.450609,2.054134,0.749140,-31.989824,0
2023-07-07,sh.600498,19.3200348000,19.4275312000,18.7239184000,18.9584560000,19.3591244000,14313274,278204265.1300,2,1.264900,1,-2.069700,55.282272,2.011621,0.733635,-31.327743,0
2023-07-10,sh.600498,18.9975456000,19.1050420000,18.4893808000,18.6261944000,18.9584560000,12174222,232608503.8500,2,1.075900,1,-1.752600,54.313408,1.976366,0.720778,-30.778700,0
2023-07-11,sh.600498,18.7923252000,19.0073180000,18.5675600000,18.7923252000,18.6261944000,9455236,181879385.6000,2,0.835600,1,0.891900,54.797840,1.993993,0.727206,-31.053221,0
2023-07-12,sh.600498,18.7630080000,18.7630080000,18.0007608000,18.0300780000,18.7923252000,14992044,280758814.3000,2,1.324900,1,-4.056200,52.575151,1.913114,0.697710,-29.793652,0
2023-07-13,sh.600498,18.1375744000,18.3330224000,17.8834920000,18.2352984000,18.0300780000,10252043,190088169.0000,2,0.906000,1,1.138200,53.173567,1.934889,0.705651,-30.132767,0
2023-07-14,sh.600498,18.3434331000,19.0315576000,18.2844510000,18.7759685000,18.2352992500,15433469,293353506.6000,2,1.363900,1,2.965000,54.427392,1.980513,0.722290,-30.843293,0
2023-07-17,sh.600498,18.6776650000,19.0217272500,18.6285132500,18.8546113000,18.7759685000,12405514,237172173.7800,2,1.096300,1,0.418800,54.655360,1.988809,0.725316,-30.972480,0
2023-07-18,sh.600498,18.9135934000,19.0708790000,18.5793615000,18.6285132500,18.8546113000,10159155,194125959.1400,2,0.897800,1,-1.199200,53.999952,1.964959,0.716618,-30.601068,0
2023-07-19,sh.600498,18.8054595500,19.0217272500,18.5007187000,18.5203794000,18.6285132500,8787207,166852480.5000,2,0.776600,1,-0.580500,53.686496,1.953553,0.712458,-30.423437,0
2023-07-20,sh.600498,18.5203794000,18.6088525500,17.9502191000,17.9895405000,18.5203794000,10645500,197353226.0000,2,0.940800,1,-2.866200,52.147711,1.897560,0.692037,-29.551427,0
2023-07-21,sh.600498,17.9993708500,18.0780136500,17.6356479000,17.8125942000,17.9895405000,8702254,157894404.1000,2,0.769100,1,-0.983600,51.634782,1.878895,0.685230,-29.260758,0
2023-07-24,sh.600498,17.7536121000,18.1763171500,17.6159872000,17.8617459500,17.8125942000,6791217,123729117.8700,2,0.600200,1,0.275900,51.777262,1.884080,0.687121,-29.341499,0
2023-07-25,sh.600498,17.9797101500,18.3139420500,17.8420852500,18.1271654000,17.8617459500,8858350,163186590.4600,2,0.782900,1,1.486000,52.546655,1.912077,0.697332,-29.777504,0
2023-07-26,sh.600498,18.1468261000,18.1468261000,17.5471747500,17.6553086000,18.1271654000,9250721,166682243.1600,2,0.817500,1,-2.603000,51.178846,1.862305,0.679180,-29.002384,0
2023-07-27,sh.600498,17.6651389500,17.8224245500,17.3309070500,17.3603981000,17.6553086000,10227474,182331037.8000,2,0.903800,1,-1.670400,50.323966,1.831197,0.667835,-28.517935,0
2023-07-28,sh.600498,17.3800588000,17.5668354500,17.2719249500,17.4980230000,17.3603981000,8902189,157741740.0200,2,0.786700,1,0.792800,50.722910,1.845714,0.673129,-28.744011,0
2023-07-31,sh.600498,17.4980230000,17.6454782500,17.3112463500,17.4095498500,17.4980230000,13247732,235503911.0600,2,1.170800,1,-0.505600,50.466446,1.836382,0.669726,-28.598676,0
2023-08-01,sh.600498,17.5766658000,17.7437817500,17.2424339000,17.6258175500,17.4095498500,11219618,199548494.1300,2,0.991500,1,1.242200,51.093358,1.859194,0.678045,-28.953939,0
2023-08-02,sh.600498,17.5668354500,17.6847996500,17.4783623000,17.5471747500,17.6258175500,8765174,156718067.1100,2,0.774600,1,-0.446200,50.865390,1.850898,0.675020,-28.824753,0
2023-08-03,sh.600498,17.4980230000,17.7142907000,17.3800588000,17.4783623000,17.5471747500,7793745,138732326.6300,2,0.688800,1,-0.392200,50.665918,1.843640,0.672373,-28.711715,0
2023-08-04,sh.600498,17.4783623000,18.1664868000,17.4685319500,18.1566564500,17.4783623000,16958169,309393403.1000,2,1.498700,1,3.880800,52.632143,1.915187,0.698466,-29.825949,0
2023-08-07,sh.600498,18.1861475000,18.4417366000,17.9010673500,18.0092012000,18.1566564500,15702953,290091779.4000,2,1.387700,1,-0.812100,52.204703,1.899634,0.692794,-29.583724,0
2023-08-08,sh.600498,18.1861475000,18.1861475000,17.5963265000,17.6749693000,18.0092012000,11063734,199642985.1500,2,0.977800,1,-1.855900,51.235838,1.864378,0.679936,-29.034681,0
2023-08-09,sh.600498,17.5963265000,17.6356479000,17.0163358500,17.0654876000,17.6749693000,15335755,269005431.5100,2,1.355300,1,-3.448300,49.469085,1.800089,0.656490,-28.033485,0
2023-08-10,sh.600498,17.0654876000,17.2326035500,16.9868448000,17.1441304000,17.0654876000,7657985,133412565.8600,2,0.676800,1,0.460800,49.697053,1.808385,0.659515,-28.162672,0
2023-08-11,sh.600498,17.1834518000,17.3505677500,16.9278627000,16.9278627000,17.1441304000,9015072,157052758.4900,2,0.796700,1,-1.261500,49.070141,1.785573,0.651196,-27.807409,0
2023-08-14,sh.600498,16.7410860500,17.1441304000,16.6919343000,17.1146393500,16.9278627000,8356164,144007000.0900,2,0.738500,1,1.103400,49.611565,1.805274,0.658381,-28.114227,0
2023-08-15,sh.600498,17.1539607500,17.5471747500,16.9966751500,17.2326035500,17.1146393500,11447947,201572749.4600,2,1.011700,1,0.689300,49.953517,1.817717,0.662919,-28.308007,0
2023-08-16,sh.600498,17.1834518000,17.1834518000,16.5543094000,16.6526129000,17.2326035500,13678409,232955548.5900,2,1.208800,1,-3.365700,48.272252,1.756539,0.640607,-27.355256,0
2023-08-17,sh.600498,16.6132915000,16.8688806000,16.5051576500,16.8098985000,16.6526129000,6706530,114183456.1800,2,0.592700,1,0.944500,48.728189,1.773130,0.646658,-27.613629,0
2023-08-18,sh.600498,16.7705771000,16.8885413000,16.4560059000,16.4658362500,16.8098985000,6661936,112779205.5700,2,0.588700,1,-2.046800,47.730828,1.736837,0.633422,-27.048438,0
2023-08-21,sh.600498,16.3773631000,16.8590502500,16.3773631000,16.4756666000,16.4658362500,8255008,139703911.8100,2,0.729500,1,0.059700,47.759324,1.737874,0.633800,-27.064586,0
2023-08-22,sh.600498,16.6722736000,17.0065055000,16.4166845000,16.9278627000,16.4756666000,9472391,160710540.2500,2,0.837100,1,2.744600,49.070141,1.785573,0.651196,-27.807409,0
2023-08-23,sh.600498,16.7804074500,16.8590502500,16.4953273000,16.4953273000,16.9278627000,7066510,119395592.9200,2,0.624500,1,-2.555200,47.816316,1.739948,0.634557,-27.096883,0
2023-08-24,sh.600498,16.6526129000,16.6919343000,16.3183810000,16.3478720500,16.4953273000,7151000,119881514.1300,2,0.632000,1,-0.893900,47.388876,1.724394,0.628884,-26.854658,0
2023-08-25,sh.600498,16.2200775000,16.2790596000,15.7875421000,15.8858456000,16.3478720500,9008365,146269992.1600,2,0.796100,1,-2.826200,46.049563,1.675659,0.611111,-26.095687,0
2023-08-28,sh.600498,16.6722736000,16.9868448000,16.4166845000,16.4560059000,15.8858456000,16107108,274257013.0900,2,1.423500,1,3.589100,45.902167,1.726764,0.627611,-17.368596,0
2023-08-29,sh.600498,16.3675327500,16.7509164000,16.2692292500,16.5936308000,16.4560059000,13720814,230881513.9000,2,1.212600,1,0.836300,46.286057,1.741205,0.632859,-17.513853,0
2023-08-30,sh.600498,16.5543094000,16.9770144500,16.4953273000,16.7902378000,16.5936308000,18852009,321256203.2300,2,1.666000,1,1.184800,46.834470,1.761836,0.640358,-17.721363,0
2023-08-31,sh.600498,16.7017646500,18.2058082000,16.6132915000,17.4783623000,16.7902378000,44926252,800691433.6700,2,3.970300,1,4.098400,48.753915,1.834042,0.666602,-18.447649,0
2023-09-01,sh.600498,17.3112463500,17.5766658000,16.8688806000,17.5766658000,17.4783623000,24952086,437920188.0100,2,2.205100,1,0.562400,49.028121,1.844357,0.670351,-18.551404,0
2023-09-04,sh.600498,17.6946300000,18.4613973000,17.6553086000,18.3532634500,17.5766658000,47540554,873127432.6500,2,4.201400,1,4.418300,51.194353,1.925847,0.699969,-19.371068,0
2023-09-05,sh.600498,18.6776650000,19.4444323000,18.3729241500,18.5498704500,18.3532634500,66313112,1278320003.1200,2,5.860400,1,1.071200,51.742766,1.946478,0.707468,-19.578579,0
2023-09-06,sh.600498,18.2844510000,19.0315576000,17.8519156000,18.9824058500,18.5498704500,38077506,717911149.3600,2,3.365100,1,2.331700,52.949274,1.991865,0.723964,-20.035101,0
2023-09-07,sh.600498,18.8546113000,18.8546113000,18.1861475000,18.2254689000,18.9824058500,23374347,437754254.8900,2,2.065700,1,-3.987600,50.837884,1.912438,0.695096,-19.236187,0
2023-09-08,sh.600498,18.0878440000,19.2674860000,17.7929335000,18.9332541000,18.2254689000,33139207,629552740.0300,2,2.928700,1,3.883500,52.812171,1.986707,0.722090,-19.983223,0
2023-09-11,sh.600498,18.8546113000,19.5722268500,18.7366471000,19.2674860000,18.9332541000,34364073,669159398.7900,2,3.036900,1,1.765300,53.744473,2.021779,0.734837,-20.335991,0
2023-09-12,sh.600498,19.1200307500,19.8573070000,19.1003700500,19.5525661500,19.2674860000,32941935,655484064.0000,2,2.911200,1,1.479600,54.539672,2.051693,0.745709,-20.636880,0
2023-09-13,sh.600498,19.4640930000,19.4640930000,18.7857988500,19.1200307500,19.5525661500,27816549,539077355.9600,2,2.458300,1,-2.212200,53.333163,2.006306,0.729213,-20.180358,0
2023-09-14,sh.600498,19.1691825000,19.3068074000,18.8251202500,18.9430844500,19.1200307500,17934396,346796572.8500,2,1.584900,1,-0.925400,52.839592,1.987739,0.722464,-19.993599,0
2023-09-15,sh.600498,18.8841023500,19.1200307500,18.4613973000,18.5597008000,18.9430844500,20566982,391372861.8000,2,1.817600,1,-2.023900,51.770186,1.947509,0.707843,-19.588954,0
2023-09-18,sh.600498,18.5400401000,18.7759685000,18.4319062500,18.5400401000,18.5597008000,15669082,296326717.0000,2,1.384800,1,-0.105900,51.715345,1.945446,0.707093,-19.568203,0
2023-09-19,sh.600498,18.5105490500,18.5793615000,18.0878440000,18.1271654000,18.5400401000,11195900,207772987.0000,2,0.989400,1,-2.226900,50.563678,1.902122,0.691346,-19.132432,0
2023-09-20,sh.600498,17.9895405000,18.7366471000,17.9895405000,18.2352992500,18.1271654000,12623100,236808891.0000,2,1.115600,1,0.596500,50.865305,1.913469,0.695470,-19.246562,0
2023-09-21,sh.600498,18.2352992500,19.1888432000,18.0681833000,18.6776650000,18.2352992500,22201222,424750272.1600,2,1.962000,1,2.425900,52.099234,1.959888,0.712342,-19.713460,0
2023-09-22,sh.600498,18.7563078000,20.0342533000,18.6186829000,19.7491731500,18.6776650000,37609379,741308031.4600,2,3.323700,1,5.736800,55.088085,2.072323,0.753208,-20.844390,0
2023-09-25,sh.600498,19.5623965000,19.6901910500,19.3756198500,19.5820572000,19.7491731500,18846508,374100580.2700,2,1.665600,1,-0.846200,54.621934,2.054787,0.746834,-20.668007,0
2023-09-26,sh.600498,19.5329054500,19.7196821000,19.2969770500,19.5034144000,19.5820572000,12749255,253083665.4300,2,1.126700,1,-0.401600,54.402569,2.046535,0.743835,-20.585003,0
2023-09-27,sh.600498,19.2674860000,19.3657895000,18.6776650000,18.9332541000,19.5034144000,24432078,470779884.8700,2,2.159200,1,-2.923400,52.812171,1.986707,0.722090,-19.983223,0
2023-09-28,sh.600498,19.0217272500,19.3756198500,18.7366471000,19.2183342500,18.9332541000,17036446,331341423.1800,2,1.505600,1,1.505700,53.607370,2.016621,0.732962,-20.284113,0
2023-10-09,sh.600498,19.2773163500,20.0145926000,19.0413879500,19.3657895000,19.2183342500,21524636,427289954.6700,2,1.902200,1,0.767300,54.018680,2.032094,0.738586,-20.439746,0
2023-10-10,sh.600498,19.4640930000,19.6607000000,19.1593521500,19.3952805500,19.3657895000,16761416,330824363.4500,2,1.481300,1,0.152300,54.100942,2.035189,0.739711,-20.470872,0
2023-10-11,sh.600498,19.3559591500,19.8179856000,19.2281646000,19.7393428000,19.3952805500,18760577,374485329.1900,2,1.658000,1,1.773900,55.060664,2.071292,0.752833,-20.834015,0
2023-10-12,sh.600498,19.7688338500,19.7983249000,19.2183342500,19.2969770500,19.7393428000,15682262,310375543.3200,2,1.385900,1,-2.241000,53.826735,2.024873,0.735961,-20.367117,0
2023-10-13,sh.600498,19.1200307500,19.7590035000,18.9922362000,19.5132447500,19.2969770500,14132487,280181022.7900,2,1.249000,1,1.120700,54.429989,2.047567,0.744210,-20.595378,0
2023-10-16,sh.600498,19.6901910500,20.8698330500,19.6607000000,20.3389941500,19.5132447500,34912123,728416038.3600,2,3.085300,1,4.231700,56.733324,2.134214,0.775703,-21.466921,0
2023-10-17,sh.600498,20.1227264500,20.8010206000,20.0539140000,20.3488245000,20.3389941500,19949200,414771421.8300,2,1.763000,1,0.048300,56.760745,2.135246,0.776078,-21.477296,0
2023-10-18,sh.600498,21.3318595000,22.1182875000,20.5847529000,20.9877972500,20.3488245000,51801898,1117048600.3900,2,4.578000,1,3.140100,58.543087,2.202295,0.800447,-22.151704,0
2023-10-19,sh.600498,21.0074579500,21.0074579500,19.5132447500,19.8573070000,20.9877972500,38914987,792006561.9300,2,3.439100,1,-5.386400,55.389712,2.083670,0.757332,-20.958521,0
2023-10-20,sh.600498,19.6508696500,19.9752712000,18.8546113000,18.9824058500,19.8573070000,25837451,504685024.2600,2,2.283400,1,-4.405900,52.949274,1.991865,0.723964,-20.035101,0
2023-10-23,sh.600498,18.8447809500,19.5623965000,18.7366471000,19.0512183000,18.9824058500,19510464,380136655.3400,2,1.724200,1,0.362500,53.141219,1.999085,0.726589,-20.107729,0
2023-10-24,sh.600498,18.9332541000,19.0217272500,18.3139420500,18.7071560500,19.0512183000,18574946,352601240.4800,2,1.641600,1,-1.806000,52.181496,1.962982,0.713466,-19.744587,0
2023-10-25,sh.600498,18.9234237500,19.7393428000,18.6973257000,18.7464774500,18.7071560500,26685542,518408675.5500,2,2.358300,1,0.210200,52.291179,1.967108,0.714966,-19.786089,0
2023-10-26,sh.600498,18.6580043000,19.2478253000,18.4319062500,18.5007187000,18.7464774500,28600560,547494297.4600,2,2.527600,1,-1.311000,51.605663,1.941320,0.705593,-19.526701,0
2023-10-27,sh.600498,18.3630938000,18.5597008000,18.0583529500,18.4613973000,18.5007187000,20497842,383250868.8000,2,1.811500,1,-0.212500,51.495980,1.937194,0.704094,-19.485199,0
2023-10-30,sh.600498,18.4712276500,18.4712276500,17.0851483000,17.6847996500,18.4613973000,44757835,794528996.3300,2,3.955500,1,-4.206600,48.803543,1.830980,0.671436,-30.841875,0
2023-10-31,sh.600498,17.4881926500,17.9502191000,17.4193802000,17.6651389500,17.6847996500,18177677,326457798.8400,2,1.606400,1,-0.111200,48.749287,1.828945,0.670690,-30.807587,0
2023-11-01,sh.600498,17.7437817500,17.7929335000,17.3800588000,17.4881926500,17.6651389500,14003523,249359986.4000,2,1.237600,1,-1.001700,48.217310,1.808987,0.663371,-30.471399,0
2023-11-02,sh.600498,17.7437817500,18.6285132500,17.5275140500,18.1861475000,17.4881926500,34391222,633948984.7900,2,3.039300,1,3.991000,50.141666,1.881183,0.689846,-31.687515,0
2023-11-03,sh.600498,17.9403887500,18.7759685000,17.9010673500,18.5203794000,18.1861475000,26978571,507454590.3100,2,2.384200,1,1.837800,51.063189,1.915756,0.702524,-32.269880,0
2023-11-06,sh.600498,18.6481739500,19.0905397000,18.5203794000,18.9430844500,18.5203794000,22589914,432618856.7300,2,1.996400,1,2.282400,52.228644,1.959481,0.718559,-33.006400,0
2023-11-07,sh.600498,18.9430844500,19.6115482500,18.7857988500,19.5132447500,18.9430844500,22456039,440094019.6800,2,1.984500,1,3.009900,53.800653,2.018459,0.740186,-33.999847,0
2023-11-08,sh.600498,19.8867980500,20.6339046500,19.4739233500,19.7590035000,19.5132447500,29969224,608203823.9300,2,2.648500,1,1.259400,54.478243,2.043880,0.749508,-34.428056,0
2023-11-09,sh.600498,19.8573070000,20.0047622500,19.4640930000,19.5623965000,19.7590035000,18911344,379556564.9800,2,1.671300,1,-0.995000,53.936171,2.023543,0.742051,-34.085489,0
2023-11-10,sh.600498,19.3657895000,19.6508696500,19.2379949500,19.3854502000,19.5623965000,17655651,348239530.9200,2,1.560300,1,-0.904500,53.448306,2.005240,0.735339,-33.777178,0
2023-11-13,sh.600498,19.4247716000,19.7393428000,19.4247716000,19.6803607000,19.3854502000,12353817,246434504.7700,2,1.091800,1,1.521300,54.261414,2.035745,0.746525,-34.291029,0
2023-11-14,sh.600498,19.6901910500,19.9457801500,19.5820572000,19.6901910500,19.6803607000,12737300,255960911.6700,2,1.125700,1,0.050000,54.288517,2.036762,0.746898,-34.308158,0
2023-11-15,sh.600498,19.8278159500,20.1915389000,19.4149412500,20.0637443500,19.6901910500,21915107,443095932.5900,2,1.936700,1,1.897200,55.318454,2.075403,0.761068,-34.959036,0
2023-11-16,sh.600498,19.7688338500,20.4962797500,19.5722268500,20.0637443500,20.0637443500,20005572,409122853.0100,2,1.768000,1,0.000000,55.318454,2.075403,0.761068,-34.959036,0
2023-11-17,sh.600498,19.6508696500,19.7098517500,19.2674860000,19.4640930000,20.0637443500,25850293,511356414.6300,2,2.249200,1,-2.988700,53.665135,2.013375,0.738322,-33.914205,0
2023-11-20,sh.600498,19.4640930000,19.5918875500,19.3166377500,19.3854502000,19.4640930000,17921419,354311765.2300,2,1.559300,1,-0.404000,53.448306,2.005240,0.735339,-33.777178,0
2023-11-21,sh.600498,19.3756198500,19.4640930000,19.0020665500,19.0217272500,19.3854502000,13302005,259171038.8000,2,1.157400,1,-1.876300,52.445472,1.967616,0.721542,-33.143427,0
2023-11-22,sh.600498,18.9332541000,19.0413879500,18.6776650000,18.7268167500,19.0217272500,13149633,252618528.5700,2,1.144100,1,-1.550400,51.632364,1.937110,0.710355,-32.629576,0
2023-11-23,sh.600498,18.6678346500,18.7857988500,18.4220759000,18.7169864000,18.7268167500,15221069,288193526.1500,2,1.324400,1,-0.052500,51.605261,1.936094,0.709982,-32.612447,0
2023-11-24,sh.600498,18.7071560500,18.7169864000,18.1173350500,18.2058082000,18.7169864000,17146796,319170350.3300,2,1.491900,1,-2.731100,50.195873,1.883217,0.690592,-31.721771,0
2023-11-27,sh.600498,18.1861475000,18.2844510000,17.8125942000,18.1075047000,18.2058082000,14541697,266305971.5200,2,1.265200,1,-0.540000,49.924837,1.873048,0.686863,-31.550488,0
2023-11-28,sh.600498,18.1075047000,18.1369957500,17.8125942000,18.0092012000,18.1075047000,11215856,204738785.6400,2,0.975900,1,-0.542900,49.653801,1.862880,0.683134,-31.379204,0
2023-11-29,sh.600498,17.9207280500,17.9502191000,17.5766658000,17.6946300000,18.0092012000,18221120,327882560.1800,2,1.585400,1,-1.746700,48.786486,1.830341,0.671202,-30.831095,0
2023-11-30,sh.600498,17.6749693000,17.7142907000,17.3898891500,17.5176837000,17.6946300000,12301151,219171725.4700,2,1.070300,1,-1.000000,48.298621,1.812037,0.664490,-30.522784,0
2023-12-01,sh.600498,17.4881926500,17.9993708500,17.4095498500,17.9600494500,17.5176837000,15305659,276443647.7200,2,1.331700,1,2.525300,49.518283,1.857796,0.681270,-31.293562,0
2023-12-04,sh.600498,18.0878440000,18.3827545000,17.9403887500,18.2254689000,17.9600494500,22864980,423136855.8000,2,1.989400,1,1.477800,50.250081,1.885251,0.691338,-31.756028,0
2023-12-05,sh.600498,18.1861475000,18.2254689000,17.3112463500,17.3210767000,18.2254689000,20091948,358984748.7500,2,1.748200,1,-4.962200,47.756549,1.791700,0.657032,-30.180217,0
2023-12-06,sh.600498,17.1637911000,17.3800588000,17.1244697000,17.2326035500,17.3210767000,11503437,201987776.3100,2,1.000900,1,-0.510800,47.512617,1.782548,0.653676,-30.026061,0
2023-12-07,sh.600498,17.2031125000,17.6454782500,17.1244697000,17.5471747500,17.2326035500,10120741,179803486.4300,2,0.880600,1,1.825400,48.379932,1.815088,0.665608,-30.574170,0
2023-12-08,sh.600498,17.5668354500,18.2254689000,17.5668354500,18.0092012000,17.5471747500,17882601,326601143.5200,2,1.555900,1,2.633100,49.653801,1.862880,0.683134,-31.379204,0
2023-12-11,sh.600498,17.9207280500,18.0288619000,17.5668354500,17.9797101500,18.0092012000,16823721,304337668.2800,2,1.463800,1,-0.163800,49.572490,1.859829,0.682015,-31.327818,0
2023-12-12,sh.600498,17.9600494500,18.1369957500,17.8224245500,17.9305584000,17.9797101500,9162495,167365794.3500,2,0.797200,1,-0.273400,49.436972,1.854745,0.680151,-31.242177,0
2023-12-13,sh.600498,17.8125942000,17.9600494500,17.6749693000,17.6946300000,17.9305584000,7157607,129638237.2200,2,0.622800,1,-1.315800,48.786486,1.830341,0.671202,-30.831095,0
2023-12-14,sh.600498,17.7142907000,17.9993708500,17.6454782500,17.6749693000,17.6946300000,8944856,161972993.8100,2,0.778300,1,-0.111100,48.732279,1.828307,0.670456,-30.796839,0
2023-12-15,sh.600498,17.7044603500,17.7437817500,17.2719249500,17.2719249500,17.6749693000,11733431,207977359.2700,2,1.020900,1,-2.280300,47.621031,1.786616,0.655167,-30.094575,0
2023-12-18,sh.600498,17.2326035500,17.2719249500,16.8098985000,16.9278627000,17.2719249500,13294353,230315235.9100,2,1.156700,1,-1.992000,46.672405,1.751026,0.642116,-29.495081,0
2023-12-19,sh.600498,16.9180323500,16.9770144500,16.7804074500,16.9278627000,16.9278627000,6439727,110481340.7500,2,0.560300,1,0.000000,46.672405,1.751026,0.642116,-29.495081,0
2023-12-20,sh.600498,16.9376930500,16.9671841000,16.2299078500,16.2888899500,16.9278627000,14028252,235267191.6200,2,1.220600,1,-3.774700,44.910671,1.684930,0.617878,-28.381736,0
2023-12-21,sh.600498,16.2200775000,16.6624432500,16.0824526000,16.2593989000,16.2888899500,12800962,212065943.2000,2,1.113800,1,-0.181100,44.829360,1.681880,0.616760,-28.330351,0
2023-12-22,sh.600498,16.3183810000,16.3478720500,15.9546580500,16.0136401500,16.2593989000,11286458,185049569.2900,2,0.982000,1,-1.511500,44.151770,1.656458,0.607437,-27.902141,0
2023-12-25,sh.600498,16.0529615500,16.2102471500,15.9251670000,16.1217740000,16.0136401500,7193870,117551823.0000,2,0.625900,1,0.675300,44.449909,1.667644,0.611539,-28.090553,0
2023-12-26,sh.600498,16.0726222500,16.1610954000,15.6499172000,15.7383903500,16.1217740000,8622720,138525415.3000,2,0.750200,1,-2.378000,43.392869,1.627986,0.596996,-27.422546,0
2023-12-27,sh.600498,15.7383903500,15.8956759500,15.6302565000,15.8366938500,15.7383903500,8928900,143490269.4600,2,0.776900,1,0.624600,43.663905,1.638155,0.600725,-27.593830,0
2023-12-28,sh.600498,15.8661849000,16.2692292500,15.7088993000,16.1905864500,15.8366938500,13113742,214682793.0900,2,1.141000,1,2.234600,44.639635,1.674762,0.614149,-28.210452,0
2023-12-29,sh.600498,16.1709257500,16.4166845000,16.0824526000,16.3577024000,16.1905864500,12684570,210341489.9700,2,1.103700,1,1.032200,45.100396,1.692048,0.620489,-28.501635,0
2024-01-02,sh.600498,16.4166845000,16.4560059000,16.1512650500,16.1512650500,16.3577024000,8558108,141788326.8400,2,0.744600,1,-1.262000,44.531224,1.670694,0.612658,-28.141941,0
2024-01-03,sh.600498,16.1217740000,16.1217740000,15.6105958000,15.6204261500,16.1512650500,16739791,268800241.3900,2,1.456500,1,-3.286700,43.067629,1.615784,0.592522,-27.217008,0
2024-01-04,sh.600498,15.6204261500,15.8268635000,15.5516137000,15.6400868500,15.6204261500,11415546,182184778.6400,2,0.993200,1,0.125900,43.121836,1.617818,0.593268,-27.251265,0
2024-01-05,sh.600498,15.6892386000,15.7383903500,15.3156853000,15.3844977500,15.6400868500,11226197,176710115.7800,2,0.976800,1,-1.634200,42.417142,1.591380,0.583572,-26.805927,0
2024-01-08,sh.600498,15.3844977500,15.3844977500,14.9323016500,14.9421320000,15.3844977500,9234153,141669046.4700,2,0.803400,1,-2.875400,41.197480,1.545621,0.566792,-26.035149,0
2024-01-09,sh.600498,15.0207748000,15.1878907500,14.7160339500,14.8438285000,14.9421320000,10055539,152694922.5400,2,0.874900,1,-0.657900,40.926444,1.535452,0.563064,-25.863865,0
2024-01-10,sh.600498,14.7946767500,14.8143374500,14.5587483500,14.6079001000,14.8438285000,7627154,113879695.4400,2,0.663600,1,-1.589400,40.275957,1.511048,0.554114,-25.452784,0
2024-01-11,sh.600498,14.5685787000,15.0600962000,14.5685787000,14.9126409500,14.6079001000,9669222,146555243.3000,2,0.841300,1,2.086100,41.116169,1.542570,0.565674,-25.983764,0
2024-01-12,sh.600498,14.8536588500,14.9814534000,14.5489180000,14.5980697500,14.9126409500,9786727,146391613.9500,2,0.851500,1,-2.109400,40.248854,1.510031,0.553741,-25.435656,0
2024-01-15,sh.600498,14.5194269500,14.6668822000,14.3523110000,14.5489180000,14.5980697500,8992842,132800332.8900,2,0.782400,1,-0.336700,40.113336,1.504947,0.551877,-25.350014,0
2024-01-16,sh.600498,14.4899359000,14.5784090500,14.2245164500,14.4801055500,14.5489180000,9197135,134312206.4800,2,0.800200,1,-0.473000,39.923611,1.497829,0.549267,-25.230115,0
2024-01-17,sh.600498,14.4211234500,14.5784090500,14.0868915500,14.0868915500,14.4801055500,7096180,103553253.1300,2,0.617400,1,-2.715500,38.839466,1.457155,0.534351,-24.544979,0
2024-01-18,sh.600498,14.0574005000,14.2441771500,13.7231686000,14.2343468000,14.0868915500,12631313,179358472.8600,2,1.099000,1,1.046800,39.246021,1.472407,0.539944,-24.801905,0
2024-01-19,sh.600498,14.2343468000,14.3818020500,14.0672308500,14.0868915500,14.2343468000,8157352,117902720.2200,2,0.709800,1,-1.035900,38.839466,1.457155,0.534351,-24.544979,0
2024-01-22,sh.600498,14.2736682000,14.7258643000,13.2218207500,13.3102939000,14.0868915500,15462217,217456600.6300,2,1.345300,1,-5.512900,36.698282,1.376823,0.504893,-23.191837,0
2024-01-23,sh.600498,13.4085974000,13.8116417500,13.2709725000,13.6936775500,13.3102939000,13843830,191390570.8000,2,1.204500,1,2.880400,37.755322,1.416480,0.519435,-23.859844,0
2024-01-24,sh.600498,13.8607935000,13.9099452500,13.3201242500,13.8902845500,13.6936775500,11513385,159755106.2600,2,1.001800,1,1.435800,38.297394,1.436817,0.526893,-24.202412,0
2024-01-25,sh.600498,13.9197756000,14.6767125500,13.7723203500,14.6570518500,13.8902845500,16422229,240283258.0500,2,1.428900,1,5.520200,40.411476,1.516132,0.555979,-25.538426,0
2024-01-26,sh.600498,14.6865429000,14.7455250000,14.3818020500,14.4407841500,14.6570518500,11976781,177122551.3600,2,1.042100,1,-1.475500,39.815196,1.493761,0.547775,-25.161601,0
2024-01-29,sh.600498,14.4407841500,14.5390876500,14.0279094500,14.0967219000,14.4407841500,11469965,165572695.9500,2,0.998000,1,-2.382600,38.866570,1.458171,0.534724,-24.562108,0
2024-01-30,sh.600498,13.9099452500,14.3228199500,13.6838472000,13.7133382500,14.0967219000,11249599,160742656.2700,2,0.978800,1,-2.719700,37.809529,1.418514,0.520181,-23.894101,0
2024-01-31,sh.600498,13.4970705500,13.8313024500,13.0252137500,13.1136869000,13.7133382500,16320316,221363800.8200,2,1.420000,1,-4.372800,36.156209,1.356486,0.497435,-22.849269,0
2024-02-01,sh.600498,12.9760620000,13.5069009000,12.8875888500,13.0743655000,13.1136869000,11683612,156959715.6200,2,1.016600,1,-0.299900,36.047795,1.352418,0.495943,-22.780755,0
2024-02-02,sh.600498,13.1136869000,13.3889367000,12.1994643500,12.6713211500,13.0743655000,17696843,230455159.9500,2,1.539800,1,-3.082700,34.936547,1.310727,0.480655,-22.078492,0
2024-02-05,sh.600498,12.5435266000,12.6614908000,11.6784558000,12.1994643500,12.6713211500,20809009,257358275.1900,2,1.810600,1,-3.723800,33.635574,1.261918,0.462756,-21.256329,0
2024-02-06,sh.600498,12.1109912000,13.1333476000,11.9635359500,13.0547048000,12.1994643500,19919160,255184132.4400,2,1.733100,1,7.010500,35.993588,1.350385,0.495198,-22.746499,0
2024-02-07,sh.600498,13.0645351500,13.9885880500,12.9662316500,13.9590970000,13.0547048000,26990415,376906296.6400,2,2.348400,1,6.927700,38.487120,1.443935,0.529503,-24.322310,0
2024-02-08,sh.600498,14.1753647000,15.0306051500,14.1753647000,14.4801055500,13.9590970000,25144470,376518833.8400,2,2.187800,1,3.732400,39.923611,1.497829,0.549267,-25.230115,0
2024-02-19,sh.600498,14.9028106000,15.1190783000,14.6472215000,15.0797569000,14.4801055500,25619274,387381035.3800,2,2.229100,1,4.141200,41.576931,1.559857,0.572013,-26.274946,0
2024-02-20,sh.600498,14.8733195500,14.9323016500,14.5095966000,14.7062036000,15.0797569000,17908069,267230576.8700,2,1.558100,1,-2.477200,40.546994,1.521216,0.557843,-25.624068,0
2024-02-21,sh.600498,14.5489180000,14.9617927000,14.4407841500,14.5882394000,14.7062036000,16433858,246202699.0600,2,1.429900,1,-0.802100,40.221750,1.509014,0.553368,-25.418527,0
2024-02-22,sh.600498,15.0306051500,15.3943281000,14.9421320000,15.3058549500,14.5882394000,29100123,449606417.8500,2,2.531900,1,4.919100,42.200313,1.583245,0.580589,-26.668899,0
2024-02-23,sh.600498,15.6892386000,15.7088993000,15.3353460000,15.6597475500,15.3058549500,31075333,491817180.7500,2,2.703800,1,2.312100,43.176043,1.619851,0.594013,-27.285521,0
2024-02-26,sh.600498,15.9251670000,16.2692292500,15.7383903500,16.0529615500,15.6597475500,38452589,626486709.6300,2,3.345700,1,2.511000,44.260187,1.660526,0.608929,-27.970657,0
2024-02-27,sh.600498,15.8366938500,17.6553086000,15.7875421000,17.6553086000,16.0529615500,60880042,1051351497.8800,2,5.297100,1,9.981600,48.678075,1.826273,0.669710,-30.762584,0
2024-02-28,sh.600498,17.8224245500,18.1566564500,16.7410860500,16.7410860500,17.6553086000,69247719,1231908646.3000,2,6.025100,1,-5.178200,46.157440,1.731706,0.635031,-29.169644,0
2024-02-29,sh.600498,16.6722736000,17.8519156000,16.6427825500,17.7339514000,16.7410860500,55330801,983704569.8100,2,4.814200,1,5.930700,48.894904,1.834408,0.672693,-30.899611,0
2024-03-01,sh.600498,17.5864961500,18.3434331000,17.4488712500,18.1664868000,17.7339514000,58653099,1074201473.5400,2,5.103300,1,2.439000,50.087463,1.879150,0.689100,-31.653260,0
2024-03-04,sh.600498,18.5990222000,19.1691825000,18.1271654000,19.1495218000,18.1664868000,70280608,1341631442.2600,2,6.115000,1,5.411300,52.797823,1.980835,0.726389,-33.366099,0
2024-03-05,sh.600498,18.8054595500,19.1495218000,18.1468261000,18.3434331000,19.1495218000,61877748,1173537211.5800,2,5.383900,1,-4.209400,50.575328,1.897453,0.695812,-31.961571,0
2024-03-06,sh.600498,18.1468261000,18.6383436000,18.0780136500,18.3237724000,18.3434331000,39217069,731042096.6300,2,3.412200,1,-0.107200,50.521120,1.895419,0.695067,-31.927314,0
2024-03-07,sh.600498,18.2647903000,18.4024152000,17.6553086000,17.7241210500,18.3237724000,38449635,704168026.4500,2,3.345400,1,-3.272500,48.867800,1.833391,0.672320,-30.882483,0
2024-03-08,sh.600498,17.7732728000,18.8841023500,17.5963265000,18.8054595500,17.7241210500,49785855,932105124.6100,2,4.331800,1,6.100900,51.849197,1.945245,0.713338,-32.766605,0
2024-03-11,sh.600498,18.5302097500,18.9529148000,18.3925848500,18.7857988500,18.8054595500,38849386,737870339.5200,2,3.380200,1,-0.104500,51.794990,1.943212,0.712592,-32.732349,0
2024-03-12,sh.600498,18.7464774500,18.9037630500,18.2844510000,18.3532634500,18.7857988500,30101711,566202397.6500,2,2.619100,1,-2.302500,50.602431,1.898470,0.696185,-31.978700,0
2024-03-13,sh.600498,18.6383436000,18.6973257000,18.1861475000,18.2647903000,18.3532634500,24395405,457295357.8700,2,2.122600,1,-0.482100,50.358499,1.889318,0.692829,-31.824544,0
2024-03-14,sh.600498,17.8912370000,18.3925848500,17.7929335000,18.0878440000,18.2647903000,25393743,468431292.8400,2,2.209500,1,-0.968800,49.870634,1.871015,0.686117,-31.516233,0
2024-03-15,sh.600498,17.9797101500,18.1959778500,17.7142907000,18.1861475000,18.0878440000,25799955,470197192.4600,2,2.244800,1,0.543500,50.141670,1.881183,0.689846,-31.687517,0
2024-03-18,sh.600498,18.4024152000,20.0047622500,18.3827545000,20.0047622500,18.1861475000,62381889,1232603586.9100,2,5.427700,1,10.000000,55.155837,2.069302,0.758831,-34.856269,0
2024-03-19,sh.600498,21.0172883000,21.0172883000,19.6607000000,20.2406906500,20.0047622500,106634772,2200147446.5600,2,9.278100,1,1.179400,55.806323,2.093706,0.767780,-35.267350,0
2024-03-20,sh.600498,20.3095031000,20.5257708000,19.3362984500,19.6508696500,20.2406906500,72001249,1442808452.4900,2,6.264700,1,-2.914000,54.180107,2.032695,0.745407,-34.239647,0
2024-03-21,sh.600498,19.3657895000,19.6115482500,18.9037630500,19.0020665500,19.6508696500,57010689,1112499430.3500,2,4.960400,1,-3.301700,52.391269,1.965583,0.720796,-33.109173,0
2024-03-22,sh.600498,18.9725755000,19.0807093500,18.2058082000,18.3237724000,19.0020665500,46740749,881777539.0800,2,4.066800,1,-3.569600,50.521120,1.895419,0.695067,-31.927314,0
2024-03-25,sh.600498,18.4810580000,18.7366471000,18.0386922500,18.0681833000,18.3237724000,41448651,777525101.8600,2,3.606400,1,-1.394800,49.816427,1.868981,0.685371,-31.481976,0
2024-03-26,sh.600498,17.6946300000,18.1763171500,17.2227732000,17.2719249500,18.0681833000,45214980,809162262.7400,2,3.934100,1,-4.407000,47.621035,1.786616,0.655167,-30.094577,0
2024-03-27,sh.600498,17.3997195000,17.5078533500,16.5641397500,16.5838004500,17.2719249500,32169930,551193876.0200,2,2.799000,1,-3.984100,45.723782,1.715436,0.629065,-28.895590,0
2024-03-28,sh.600498,16.5543094000,17.7142907000,16.5248183500,17.5373444000,16.5838004500,40836191,717655117.6900,2,3.553100,1,5.749900,48.352832,1.814071,0.665235,-30.557043,0
2024-03-29,sh.600498,17.4587016000,17.6847996500,17.0065055000,17.6258175500,17.5373444000,25624756,454066407.1100,2,2.229600,1,0.504500,48.596764,1.823223,0.668591,-30.711199,0
2024-04-01,sh.600498,17.7437817500,18.2058082000,17.7044603500,17.8814066500,17.6258175500,28472632,519322500.1000,2,2.477300,1,1.450100,49.301458,1.849661,0.678286,-31.156537,0
2024-04-02,sh.600498,17.7044603500,17.8322549000,17.2620946000,17.4095498500,17.8814066500,22981131,408110334.3200,2,1.999500,1,-2.638800,48.000505,1.800853,0.660388,-30.334387,0
2024-04-03,sh.600498,17.2522642500,17.3702284500,16.8197288500,16.9376930500,17.4095498500,17553595,303566138.6200,2,1.527300,1,-2.710300,46.699531,1.752043,0.642489,-29.512224,0
2024-04-08,sh.600498,16.9278627000,17.0065055000,16.6132915000,16.6624432500,16.9376930500,16952091,289447104.4900,2,1.475000,1,-1.625100,45.940630,1.723572,0.632048,-29.032629,0
2024-04-09,sh.600498,16.6132915000,16.7607467500,16.2987203000,16.4658362500,16.6624432500,17341527,289461123.8300,2,1.508900,1,-1.179900,45.398557,1.703234,0.624591,-28.690061,0
2024-04-10,sh.600498,16.4265148500,16.4363452000,15.8760152500,16.0333008500,16.4658362500,16841893,275215219.1000,2,1.465400,1,-2.626900,44.205998,1.658493,0.608183,-27.936412,0
2024-04-11,sh.600498,15.8760152500,16.3380417000,15.8760152500,16.0627919000,16.0333008500,16042529,264300360.5100,2,1.395800,1,0.183900,44.287309,1.661543,0.609302,-27.987797,0
2024-04-12,sh.600498,16.2299078500,17.2817553000,16.2200775000,16.5543094000,16.0627919000,34769052,592563648.6300,2,3.025200,1,3.060000,45.642490,1.712386,0.627947,-28.844216,0
2024-04-15,sh.600498,16.4166845000,17.0458269000,16.4166845000,16.7115950000,16.5543094000,31911971,543909961.4100,2,2.776600,1,0.950100,46.076148,1.728656,0.633913,-29.118271,0
2024-04-16,sh.600498,16.5641397500,16.9573537500,16.0333008500,16.0922829500,16.7115950000,28526570,478337616.4900,2,2.482000,1,-3.705900,44.368620,1.664594,0.610421,-28.039182,0
2024-04-17,sh.600498,16.3970238000,16.8197288500,16.3183810000,16.7902378000,16.0922829500,25920216,438989842.3500,2,2.255300,1,4.337200,46.292977,1.736791,0.636896,-29.255298,0
2024-04-18,sh.600498,16.7017646500,17.6946300000,16.3871934500,17.1441304000,16.7902378000,41471783,718582446.6300,2,3.608400,1,2.107700,47.268707,1.773397,0.650320,-29.871920,0
2024-04-19,sh.600498,17.0065055000,17.1244697000,16.3871934500,16.5444790500,17.1441304000,28795744,488382939.1500,2,2.505500,1,-3.497700,45.615386,1.711369,0.627574,-28.827088,0
2024-04-22,sh.600498,16.0234705000,16.2200775000,15.3058549500,15.9546580500,16.5444790500,28976007,467613701.9400,2,2.521100,1,-3.565100,43.989169,1.650358,0.605200,-27.799384,0
2024-04-23,sh.600498,16.1512650500,16.3970238000,15.6892386000,15.7777117500,15.9546580500,17173770,277923816.3000,2,1.494300,1,-1.109100,43.501304,1.632054,0.598488,-27.491073,0
2024-04-24,sh.600498,15.8760152500,16.3675327500,15.8563545500,16.3478720500,15.7777117500,22605300,371148870.0000,2,1.966800,1,3.613700,45.073314,1.691032,0.620116,-28.484520,0
2024-04-25,sh.600498,16.2692292500,16.2692292500,15.9841491000,16.0627919000,16.3478720500,15232410,249575742.4000,2,1.325300,1,-1.743800,44.287309,1.661543,0.609302,-27.987797,0
2024-04-26,sh.600498,16.1807561000,17.2031125000,16.1807561000,17.1441304000,16.0627919000,42891302,736598481.3600,2,3.731900,1,6.731900,47.268707,1.773397,0.650320,-29.871920,0
2024-04-29,sh.600498,17.3014160000,18.0681833000,17.2915856500,17.8912370000,17.1441304000,41058391,743902612.2200,2,3.572400,1,4.357800,42.693608,1.734907,0.693101,28.271450,0
2024-04-30,sh.600498,17.8814066500,17.8814066500,17.2227732000,17.3800588000,17.8912370000,26720939,475193073.8500,2,2.324900,1,-2.857100,41.141144,1.680521,0.672379,38.462459,0
2024-05-06,sh.600498,17.6258175500,17.7142907000,17.0949786500,17.2326035500,17.3800588000,32179919,568642557.0200,2,2.799900,1,-0.848400,40.792096,1.666263,0.666675,38.136137,0
2024-05-07,sh.600498,17.2719249500,17.4193802000,16.9868448000,17.2129428500,17.2326035500,20252164,354228967.6600,2,1.762100,1,-0.114100,40.745556,1.664362,0.665914,38.092628,0
2024-05-08,sh.600498,17.1343000500,17.4881926500,16.9671841000,17.1539607500,17.2129428500,23071386,404888756.3600,2,2.007400,1,-0.342700,40.605937,1.658659,0.663632,37.962099,0
2024-05-09,sh.600498,17.0753179500,17.2719249500,17.0163358500,17.2227732000,17.1539607500,17356419,302711196.5100,2,1.510100,1,0.401100,40.768826,1.665313,0.666294,38.114383,0
2024-05-10,sh.600498,17.1834518000,17.1834518000,16.6132915000,16.7312557000,17.2227732000,19808915,338493530.0700,2,1.723500,1,-2.853900,39.605332,1.617787,0.647279,37.026643,0
2024-05-13,sh.600498,16.7214253500,16.7410860500,16.3380417000,16.3970238000,16.7312557000,21524079,361710538.1500,2,1.872800,1,-1.997600,38.814156,1.585469,0.634349,36.286981,0
2024-05-14,sh.600498,16.3970238000,16.6821039500,16.1512650500,16.3871934500,16.3970238000,17797749,296049911.2900,2,1.548500,1,-0.060000,38.790887,1.584518,0.633968,36.265226,0
2024-05-15,sh.600498,16.3871934500,16.5149880000,16.1709257500,16.2200775000,16.3871934500,12150599,201500740.4700,2,1.057200,1,-1.019800,38.395299,1.568359,0.627503,35.895395,0
2024-05-16,sh.600498,16.3380417000,16.7115950000,16.3380417000,16.4166845000,16.2200775000,21869482,367586717.5600,2,1.902800,1,1.212100,38.860696,1.587370,0.635109,36.330490,0
2024-05-17,sh.600498,16.4265148500,16.6329522000,16.3380417000,16.5739701000,16.4166845000,13674512,229477456.3400,2,1.189800,1,0.958100,39.233014,1.602578,0.641194,36.678567,0
2024-05-20,sh.600498,16.6034611500,16.9770144500,16.4265148500,16.9376930500,16.5739701000,23138042,395354054.2800,2,2.013200,1,2.194500,40.094000,1.637747,0.655265,37.483494,0
2024-05-21,sh.600498,16.8787109500,16.8787109500,16.5838004500,16.6132915000,16.9376930500,14932250,253457077.0000,2,1.299200,1,-1.915300,39.326094,1.606380,0.642715,36.765586,0
2024-05-22,sh.600498,16.6427825500,16.7017646500,16.3675327500,16.4166845000,16.6132915000,15180533,254267674.4400,2,1.320800,1,-1.183400,38.860696,1.587370,0.635109,36.330490,0
2024-05-23,sh.600498,16.4756666000,16.5641397500,16.0726222500,16.1709257500,16.4166845000,16756150,276618520.2900,2,1.457900,1,-1.497000,38.278949,1.563607,0.625602,35.786621,0
2024-05-24,sh.600498,16.1709257500,17.2424339000,16.0234705000,16.5149880000,16.1709257500,44681050,756559437.7000,2,3.887600,1,2.127700,39.093395,1.596875,0.638912,36.548038,0
2024-05-27,sh.600498,16.1807561000,16.3478720500,15.6597475500,16.1905864500,16.5149880000,32234929,523611493.7400,2,2.804700,1,-1.964300,38.325489,1.565508,0.626362,35.830130,0
2024-05-28,sh.600498,16.0234705000,16.2004168000,15.7777117500,15.8170331500,16.1905864500,15748350,255154962.8500,2,1.370200,1,-2.307200,37.441234,1.529388,0.611911,35.003448,0
2024-05-29,sh.600498,15.8268635000,15.9841491000,15.7088993000,15.7678814000,15.8170331500,10670050,171898550.5000,2,0.928400,1,-0.310800,37.324884,1.524635,0.610009,34.894674,0
2024-05-30,sh.600498,15.7383903500,15.9251670000,15.4828012500,15.8170331500,15.7678814000,10372951,166544650.4700,2,0.902500,1,0.311700,37.441234,1.529388,0.611911,35.003448,0
2024-05-31,sh.600498,15.9055063000,16.1807561000,15.8170331500,15.8170331500,15.8170331500,13398425,217440795.5000,2,1.165800,1,0.000000,37.441234,1.529388,0.611911,35.003448,0
2024-06-03,sh.600498,15.8563545500,16.0627919000,15.7285600000,15.8858456000,15.8170331500,13757440,222097094.5000,2,1.197000,1,0.435100,37.604123,1.536042,0.614573,35.155732,0
2024-06-04,sh.600498,15.8366938500,15.9546580500,15.6597475500,15.9251670000,15.8858456000,13974207,224814816.7200,2,1.215900,1,0.247500,37.697202,1.539844,0.616094,35.242751,0
2024-06-05,sh.600498,15.9153366500,16.0038098000,15.6400868500,15.6695779000,15.9251670000,13286840,214350125.2000,2,1.156100,1,-1.604900,37.092185,1.515130,0.606206,34.677127,0
2024-06-06,sh.600498,15.7580510500,15.8661849000,15.3353460000,15.3746674000,15.6695779000,17774505,281602991.2400,2,1.546500,1,-1.882100,36.394089,1.486615,0.594797,34.024483,0
2024-06-07,sh.600498,15.5221226500,15.5614440500,15.0404355000,15.2370425000,15.3746674000,14278360,221201028.0000,2,1.242300,1,-0.895100,36.068311,1.473307,0.589473,33.719916,0
2024-06-11,sh.600498,15.1780604000,15.4729709000,15.0797569000,15.4238191500,15.2370425000,9748053,152160194.1600,2,0.848200,1,1.225800,36.510439,1.491367,0.596699,34.133257,0
2024-06-12,sh.600498,15.4238191500,15.6794082500,15.3746674000,15.6204261500,15.4238191500,9620254,152490809.2000,2,0.837000,1,1.274700,36.975836,1.510378,0.604305,34.568353,0
2024-06-13,sh.600498,15.6204261500,15.8072028000,15.5221226500,15.6204261500,15.6204261500,10116300,161156023.8600,2,0.880200,1,0.000000,36.975836,1.510378,0.604305,34.568353,0
2024-06-14,sh.600498,15.5909351000,16.0431312000,15.4828012500,15.9743187500,15.6204261500,22706324,365766124.0400,2,1.975600,1,2.265600,37.813552,1.544596,0.617996,35.351525,0
2024-06-17,sh.600498,15.8858456000,16.0431312000,15.8268635000,15.9448277000,15.9743187500,12269300,199185693.0000,2,1.067500,1,-0.184600,37.743742,1.541745,0.616855,35.286261,0
2024-06-18,sh.600498,15.9546580500,16.2692292500,15.9546580500,16.1217740000,15.9448277000,17415145,286046930.7500,2,1.515300,1,1.109700,38.162600,1.558854,0.623700,35.677847,0
2024-06-19,sh.600498,16.1119436500,16.2495685500,15.9546580500,15.9743187500,16.1217740000,12248067,200487646.5500,2,1.065700,1,-0.914600,37.813552,1.544596,0.617996,35.351525,0
2024-06-20,sh.600498,15.9349973500,15.9644884000,15.5417833500,15.5712744000,15.9743187500,15284650,244304148.5000,2,1.329900,1,-2.523100,36.859487,1.505625,0.602403,34.459579,0
2024-06-21,sh.600498,15.5122923000,15.8465242000,15.3156853000,15.6892386000,15.5712744000,11511256,182798913.9500,2,1.001600,1,0.757600,37.138725,1.517031,0.606967,34.720636,0
2024-06-24,sh.600498,15.5909351000,15.6990689500,15.1289086500,15.1682300500,15.6892386000,13134053,205774870.1400,2,1.142800,1,-3.320800,35.905422,1.466654,0.586811,33.567633,0
2024-06-25,sh.600498,15.1682300500,15.2075514500,14.6373911500,14.7356946500,15.1682300500,15216600,230008770.5000,2,1.324000,1,-2.851600,34.881547,1.424831,0.570077,32.610422,0
2024-06-26,sh.600498,14.8241678000,15.2763639000,14.6668822000,15.2468728500,14.7356946500,12440407,189605309.0500,2,1.082400,1,3.469000,36.091581,1.474258,0.589853,33.741671,0
2024-06-27,sh.600498,15.2272121500,15.2960246000,14.9912837500,15.0109444500,15.2468728500,8507550,130879030.0000,2,0.740200,1,-1.547400,35.533104,1.451445,0.580726,33.219556,0
2024-06-28,sh.600498,14.9912837500,15.8268635000,14.9421320000,15.6302565000,15.0109444500,22587300,358333815.5000,2,1.965300,1,4.125700,36.999106,1.511328,0.604685,34.590107,0
2024-07-01,sh.600498,15.6105958000,15.8563545500,15.5417833500,15.7875421000,15.6302565000,12010716,191987498.5000,2,1.045000,1,1.006300,37.371425,1.526537,0.610770,34.938185,0
2024-07-02,sh.600498,15.7482207000,15.8366938500,15.5909351000,15.6597475500,15.7875421000,8076238,128903867.8800,2,0.702700,1,-0.809500,37.068917,1.514180,0.605826,34.655373,0
2024-07-03,sh.600498,15.6204261500,15.7088993000,15.4631405500,15.4631405500,15.6597475500,7361842,116591890.5700,2,0.640500,1,-1.255500,36.603519,1.495169,0.598220,34.220277,0
2024-07-04,sh.600498,15.4926316000,15.6400868500,15.1682300500,15.1780604000,15.4631405500,8255644,129012260.6600,2,0.718300,1,-1.843600,35.928693,1.467604,0.587191,33.589389,0
2024-07-05,sh.600498,15.1190783000,15.2272121500,14.9028106000,15.0994176000,15.1780604000,8250172,126174813.7000,2,0.717800,1,-0.518100,35.742534,1.460000,0.584148,33.415350,0
2024-07-08,sh.600498,15.0011141000,15.0895872500,14.7258643000,14.7848464000,15.0994176000,8623355,130405600.9500,2,0.750300,1,-2.083300,34.997898,1.429583,0.571979,32.719197,0
2024-07-09,sh.600498,14.7160339500,15.7285600000,14.6767125500,15.6892386000,14.7848464000,19566314,305337895.8400,2,1.702400,1,6.117000,37.138727,1.517031,0.606967,34.720637,0
2024-07-10,sh.600498,15.6204261500,15.7777117500,15.4828012500,15.5811047500,15.6892386000,12232249,194706805.0500,2,1.064300,1,-0.689200,36.882758,1.506576,0.602783,34.481335,0
2024-07-11,sh.600498,15.8072028000,15.8760152500,15.5024619500,15.7088993000,15.5811047500,15422960,246139623.2300,2,1.341900,1,0.820200,37.185266,1.518932,0.607727,34.764147,0
2024-07-12,sh.600498,15.6791703600,15.6989923200,15.5205946800,15.5800605600,15.7089033000,8465512,133198888.4000,2,0.736600,1,-0.820200,36.580250,1.494219,0.597839,34.198523,0
2024-07-15,sh.600498,15.5899715400,15.5899715400,15.2430872400,15.2827311600,15.5800605600,8665000,134180232.0000,2,0.753900,1,-1.908400,35.882153,1.465703,0.586430,33.545879,0
2024-07-16,sh.600498,15.2827311600,15.6791703600,15.1637994000,15.5899715400,15.2827311600,10271300,160099554.0000,2,0.893700,1,2.010400,36.603519,1.495169,0.598220,34.220277,0
2024-07-17,sh.600498,15.5205946800,15.7089033000,15.2728201800,15.2728201800,15.5899715400,9852200,153410185.0000,2,0.857200,1,-2.034300,35.858883,1.464753,0.586050,33.524124,0
2024-07-18,sh.600498,15.1737103800,15.2232652800,14.7673602000,15.0845115600,15.2728201800,12578700,189566886.5000,2,1.094400,1,-1.233000,35.416756,1.446693,0.578824,33.110783,0
2024-07-19,sh.600498,15.0151347000,15.3124641000,14.9358468600,15.1439774400,15.0845115600,10229450,156452821.0000,2,0.890000,1,0.394200,35.556375,1.452396,0.581106,33.241312,0
2024-07-22,sh.600498,15.1043335200,15.3521080200,14.9655798000,15.2232652800,15.1439774400,10968100,167901140.5000,2,0.954300,1,0.523600,35.742534,1.460000,0.584148,33.415350,0
2024-07-23,sh.600498,15.2430872400,15.2629092000,14.8664700000,14.8763809800,15.2232652800,9531336,144600025.9500,2,0.829300,1,-2.278600,34.928088,1.426732,0.570838,32.653933,0
2024-07-24,sh.600498,14.8664700000,15.2827311600,14.8367370600,14.9754907800,14.8763809800,13767500,209669239.0000,2,1.197900,1,0.666200,35.160787,1.436237,0.574641,32.871481,0
2024-07-25,sh.600498,14.8664700000,14.9358468600,14.5790515800,14.6186955000,14.9754907800,13920353,206734196.7400,2,1.211200,1,-2.382500,34.323071,1.402018,0.560950,32.088308,0
2024-07-26,sh.600498,14.6880723600,14.9953127400,14.5889625600,14.8962029400,14.6186955000,9721835,145558961.9300,2,0.845900,1,1.898300,34.974628,1.428633,0.571598,32.697442,0
2024-07-29,sh.600498,14.8664700000,15.2034433200,14.7970931400,15.0746005800,14.8962029400,8949763,135824542.9000,2,0.778700,1,1.197600,35.393486,1.445742,0.578444,33.089029,0
2024-07-30,sh.600498,15.0052237200,15.2133543000,14.8862919600,15.0547786200,15.0746005800,7399728,112225349.2000,2,0.643800,1,-0.131500,35.346946,1.443841,0.577683,33.045519,0
2024-07-31,sh.600498,15.0151347000,15.5205946800,15.0151347000,15.5007727200,15.0547786200,14507733,224784355.1500,2,1.262300,1,2.962500,36.394090,1.486615,0.594797,34.024484,0
2024-08-01,sh.600498,15.5503276200,15.7386362400,15.4611288000,15.4809507600,15.5007727200,12087739,190095384.5600,2,1.051700,1,-0.127900,36.347551,1.484714,0.594036,33.980975,0
2024-08-02,sh.600498,15.3818409600,15.4908617400,15.0250456800,15.0448676400,15.4809507600,12411900,190509864.0000,2,1.079900,1,-2.816900,35.323676,1.442891,0.577303,33.023764,0
2024-08-05,sh.600498,14.8962029400,15.0151347000,14.4700308000,14.4898527600,15.0448676400,18379200,272595265.9200,2,1.599100,1,-3.689100,34.020563,1.389662,0.556006,31.805496,0
2024-08-06,sh.600498,14.6682504000,14.7178053000,14.3213661000,14.4601198200,14.4898527600,12433650,181369403.0000,2,1.081800,1,-0.205200,33.950753,1.386810,0.554865,31.740232,0
2024-08-07,sh.600498,14.5889625600,15.0448676400,14.5691406000,14.7871821600,14.4601198200,18114090,271351818.4000,2,1.576100,1,2.261800,34.718659,1.418177,0.567415,32.458140,0
2024-08-08,sh.600498,14.9655798000,15.3322860600,14.5790515800,14.6583394200,14.7871821600,14330569,214557415.9300,2,1.246900,1,-0.871300,34.416151,1.405820,0.562471,32.175328,0
2024-08-09,sh.600498,14.7178053000,14.7970931400,14.4898527600,14.4898527600,14.6583394200,9733299,143567177.9000,2,0.846900,1,-1.149400,34.020563,1.389662,0.556006,31.805496,0
2024-08-12,sh.600498,14.4204759000,14.4997637400,14.2321672800,14.3114551200,14.4898527600,7025777,101527886.4200,2,0.611300,1,-1.231200,33.601705,1.372552,0.549160,31.413910,0
2024-08-13,sh.600498,14.3114551200,14.4502088400,14.2817221800,14.4502088400,14.3114551200,5214200,75527138.0000,2,0.453700,1,0.969500,33.927483,1.385859,0.554485,31.718477,0
2024-08-14,sh.600498,14.4700308000,14.5195857000,14.3015441400,14.3015441400,14.4502088400,4492000,65175348.0000,2,0.390800,1,-1.028800,33.578435,1.371602,0.548780,31.392155,0
2024-08-15,sh.600498,14.2420782600,14.5294966800,14.1826123800,14.3411880600,14.3015441400,7834250,113697874.5000,2,0.681600,1,0.277200,33.671515,1.375404,0.550301,31.479174,0
2024-08-16,sh.600498,14.4303868800,14.4799417800,14.3015441400,14.3312770800,14.3411880600,5340118,77436250.0800,2,0.464600,1,-0.069100,33.648245,1.374453,0.549921,31.457420,0
2024-08-19,sh.600498,14.3213661000,14.5988735400,14.2519892400,14.4799417800,14.3312770800,8374278,122355781.9800,2,0.728600,1,1.037300,33.997293,1.388711,0.555626,31.783741,0
2024-08-20,sh.600498,14.4502088400,14.4997637400,14.1925233600,14.2420782600,14.4799417800,7379839,106465876.8800,2,0.642100,1,-1.642700,33.438816,1.365899,0.546498,31.261627,0
2024-08-21,sh.600498,14.1925233600,14.3312770800,14.1429684600,14.1727014000,14.2420782600,5414800,77725979.0000,2,0.471100,1,-0.487100,33.275927,1.359245,0.543836,31.109343,0
2024-08-22,sh.600498,14.1727014000,14.2123453200,13.8852829800,13.8852829800,14.1727014000,7229710,102203190.2000,2,0.629000,1,-2.028000,32.601100,1.331680,0.532807,30.478454,0
2024-08-23,sh.600498,13.8951939600,14.3312770800,13.8753720000,14.2519892400,13.8852829800,9121000,130203430.0000,2,0.793600,1,2.641000,33.462086,1.366849,0.546879,31.283381,0
2024-08-26,sh.600498,14.3411880600,14.4601198200,14.2222563000,14.3411880600,14.2519892400,8760141,126945874.1400,2,0.762200,1,0.625900,32.818023,1.374556,0.570196,18.006157,0
2024-08-27,sh.600498,14.3213661000,14.3312770800,13.9150159200,14.0438586600,14.3411880600,8839300,125299704.0000,2,0.769100,1,-2.073300,32.137622,1.346058,0.558374,17.632844,0
2024-08-28,sh.600498,14.0438586600,14.1132355200,13.8753720000,13.9249269000,14.0438586600,7549200,106206555.0000,2,0.656800,1,-0.846900,31.865461,1.334659,0.553646,17.483518,0
2024-08-29,sh.600498,13.8753720000,14.1132355200,13.7366182800,14.0240367000,13.9249269000,10490100,148098818.0000,2,0.912700,1,0.711700,32.092262,1.344158,0.557586,17.607956,0
2024-08-30,sh.600498,14.0042147400,14.5394076600,13.9546598400,14.3213661000,14.0240367000,14630100,212228327.0000,2,1.272900,1,2.120100,32.772663,1.372656,0.569408,17.981270,0
2024-09-02,sh.600498,14.3411880600,14.3907429600,13.9150159200,13.9249269000,14.3213661000,10704500,152105288.0000,2,0.931400,1,-2.768200,31.865461,1.334659,0.553646,17.483518,0
2024-09-03,sh.600498,13.9348378800,14.0537696400,13.8555500400,14.0438586600,13.9249269000,8857433,124763418.6500,2,0.770700,1,0.854100,32.137622,1.346058,0.558374,17.632844,0
2024-09-04,sh.600498,13.9249269000,14.1727014000,13.8753720000,14.1231465000,14.0438586600,8577300,121734054.0000,2,0.746300,1,0.564600,32.319062,1.353657,0.561527,17.732394,0
2024-09-05,sh.600498,14.1132355200,14.3213661000,14.1033245400,14.1925233600,14.1231465000,6801259,97430787.2900,2,0.591800,1,0.491200,32.477822,1.360307,0.564285,17.819501,0
2024-09-06,sh.600498,14.1429684600,14.2817221800,13.8753720000,13.8753720000,14.1925233600,7691750,108545312.5000,2,0.669200,1,-2.234600,31.752061,1.329909,0.551675,17.421300,0
2024-09-09,sh.600498,13.7960841600,13.8753720000,13.4888437800,13.6176865200,13.8753720000,11792679,162432044.4500,2,1.026100,1,-1.857100,31.162380,1.305211,0.541430,17.097761,0
2024-09-10,sh.600498,13.6474194600,14.0438586600,13.4591108400,13.9744818000,13.6176865200,11330749,157442383.7700,2,0.985900,1,2.620100,31.978861,1.339408,0.555616,17.545737,0
2024-09-11,sh.600498,13.8753720000,14.0141257200,13.8555500400,13.9546598400,13.9744818000,6238750,87815601.5000,2,0.542800,1,-0.141800,31.933501,1.337508,0.554828,17.520850,0
2024-09-12,sh.600498,14.0438586600,14.1231465000,13.8852829800,13.9051049400,13.9546598400,5406324,76291763.1600,2,0.470400,1,-0.355100,31.820101,1.332759,0.552858,17.458631,0
2024-09-13,sh.600498,13.8753720000,14.0141257200,13.8555500400,13.8654610200,13.9051049400,5033400,70677412.0000,2,0.437900,1,-0.285100,31.729381,1.328959,0.551281,17.408856,0
2024-09-18,sh.600498,13.8654610200,13.9150159200,13.5879535800,13.8852829800,13.8654610200,5497856,76341917.6400,2,0.478400,1,0.143000,31.774741,1.330859,0.552069,17.433743,0
2024-09-19,sh.600498,13.9744818000,14.4204759000,13.7564402400,14.1727014000,13.8852829800,15878194,226343683.8400,2,1.381500,1,2.070000,32.432462,1.358407,0.563497,17.794613,0
2024-09-20,sh.600498,14.1231465000,14.3411880600,14.0537696400,14.2519892400,14.1727014000,14198870,203763843.1000,2,1.235400,1,0.559400,32.613903,1.366006,0.566650,17.894163,0
2024-09-23,sh.600498,14.5195857000,14.7871821600,14.3312770800,14.6484284400,14.2519892400,24813600,366082912.0000,2,2.159000,1,2.781600,33.521104,1.404004,0.582412,18.391915,0
2024-09-24,sh.600498,14.5790515800,14.8070041200,14.2916331600,14.7475382400,14.6484284400,26344919,388591538.6400,2,2.292200,1,0.676600,33.747905,1.413503,0.586352,18.516353,0
2024-09-25,sh.600498,14.7871821600,15.0944225400,14.6781613800,14.6979833400,14.7475382400,24469580,368241116.0200,2,2.129000,1,-0.336000,33.634504,1.408754,0.584382,18.454134,0
2024-09-26,sh.600498,14.6583394200,15.0845115600,14.6186955000,15.0845115600,14.6979833400,18889574,283651993.0900,2,1.643500,1,2.629800,34.519026,1.445801,0.599750,18.939441,0
2024-09-27,sh.600498,15.3124641000,15.6890813400,15.1935323400,15.6097935000,15.0845115600,20376673,317827788.6800,2,1.772900,1,3.482300,35.721069,1.496148,0.620635,19.598962,0
2024-09-30,sh.600498,16.3332950400,17.0766185400,16.1747193600,17.0072416800,15.6097935000,52517992,884081351.1700,2,4.569500,1,8.952400,38.918955,1.630088,0.676196,21.353536,0
2024-10-08,sh.600498,18.7119302400,18.7119302400,17.1955503000,18.3452239800,17.0072416800,64951571,1190771787.6100,2,5.651300,1,7.867100,41.980762,1.758330,0.729394,23.033448,0
2024-10-09,sh.600498,18.1370934000,18.1370934000,16.8486660000,16.9576867800,18.3452239800,47692568,840152673.4600,2,4.149600,1,-7.563500,38.805556,1.625339,0.674226,21.291318,0
2024-10-10,sh.600498,17.2153722600,17.5523455800,16.6008915000,16.8684879600,16.9576867800,33147097,572091968.7300,2,2.884100,1,-0.526000,38.601435,1.616789,0.670680,21.179324,0
2024-10-11,sh.600498,16.8387550200,16.9279538400,15.9566778000,16.1648083800,16.8684879600,23480493,386912443.0800,2,2.043000,1,-4.171600,36.991152,1.549344,0.642702,20.295815,0
2024-10-14,sh.600498,16.1747193600,16.5711585600,15.8873009400,16.5711585600,16.1648083800,24284666,398734328.2000,2,2.113000,1,2.513800,37.921034,1.588291,0.658858,20.806010,0
2024-10-15,sh.600498,16.4720487600,16.7991111000,16.1846303400,16.1846303400,16.5711585600,21565134,359350368.6100,2,1.876300,1,-2.332500,37.036512,1.551244,0.643490,20.320702,0
2024-10-16,sh.600498,15.9566778000,16.2540072000,15.9071229000,16.0161436800,16.1846303400,15144453,245330028.9000,2,1.317700,1,-1.041000,36.650952,1.535095,0.636791,20.109158,0
2024-10-17,sh.600498,16.1548974000,16.6405354200,16.0855205400,16.2341852400,16.0161436800,24911616,411572592.0400,2,2.167500,1,1.361400,37.149913,1.555994,0.645460,20.382921,0
2024-10-18,sh.600498,16.2440962200,17.1162624600,16.2440962200,16.8486660000,16.2341852400,37876942,639277698.4900,2,3.295600,1,3.785100,38.556075,1.614889,0.669892,21.154436,0
2024-10-21,sh.600498,17.0369746200,17.3343040200,16.8189330600,17.1559063800,16.8486660000,35835200,619748759.2900,2,3.118000,1,1.823500,39.259157,1.644337,0.682107,21.540193,0
2024-10-22,sh.600498,17.2550161800,17.3739479400,16.9576867800,17.0865295200,17.1559063800,25922441,447098117.5000,2,2.255500,1,-0.404400,39.100396,1.637688,0.679349,21.453087,0
2024-10-23,sh.600498,16.9675977600,17.5127016600,16.9576867800,17.3045710800,17.0865295200,30380756,531751851.1600,2,2.643400,1,1.276100,39.599357,1.658586,0.688018,21.726850,0
2024-10-24,sh.600498,17.5127016600,18.5137106400,17.4135918600,18.1569153600,17.3045710800,87691511,1597178452.4200,2,7.629900,1,4.925500,41.549841,1.740281,0.721907,22.797016,0
2024-10-25,sh.600498,18.1569153600,18.1668263400,17.6118114600,17.9983396800,18.1569153600,52132053,937844093.2800,2,4.535900,1,-0.873400,41.186961,1.725082,0.715602,22.597915,0
2024-10-28,sh.600498,17.9983396800,18.4344228000,17.6019004800,18.0776275200,17.9983396800,49258331,894879385.2400,2,4.285900,1,0.440500,37.826534,1.703347,0.726837,12.406625,0
2024-10-29,sh.600498,17.9487847800,18.5830875000,17.8298530200,18.3650459400,18.0776275200,53436637,985532596.3100,2,4.649400,1,1.589900,38.427942,1.730428,0.738393,12.603880,0
2024-10-30,sh.600498,18.2362032000,19.2372121800,18.1271824200,19.0191706200,18.3650459400,61840412,1175556031.2000,2,5.380600,1,3.561800,39.796665,1.792063,0.764693,13.052804,0
2024-10-31,sh.600498,19.1579243400,20.0499125400,18.9497937600,18.9993486600,19.0191706200,80938307,1591887311.8200,2,7.042300,1,-0.104200,39.755189,1.790195,0.763896,13.039200,0
2024-11-01,sh.600498,18.6326424000,18.7813071000,18.0280726200,18.1767373200,18.9993486600,54569497,1012575666.4400,2,4.748000,1,-4.329700,38.033916,1.712685,0.730822,12.474644,0
2024-11-04,sh.600498,18.0181616400,19.0092596400,18.0181616400,18.5929984800,18.1767373200,37080362,697514277.3200,2,3.226300,1,2.290100,38.904922,1.751907,0.747558,12.760323,0
2024-11-05,sh.600498,18.7119302400,19.1480133600,18.5037996600,19.0389925800,18.5929984800,41151947,786683449.6100,2,3.580500,1,2.398700,39.838142,1.793930,0.765490,13.066407,0
2024-11-06,sh.600498,19.0489035600,19.1876572800,18.7515741600,18.8903278800,19.0389925800,43036687,822761145.0500,2,3.744500,1,-0.780800,39.527068,1.779923,0.759513,12.964379,0
2024-11-07,sh.600498,18.6326424000,19.0191706200,18.5533545600,18.8903278800,18.8903278800,33752975,639654366.4700,2,2.936800,1,0.000000,39.527068,1.779923,0.759513,12.964379,0
2024-11-08,sh.600498,19.0290816000,19.7228502000,18.9795267000,19.4354317800,18.8903278800,64166702,1259433050.8400,2,5.583000,1,2.885600,40.667671,1.831285,0.781430,13.338482,0
2024-11-11,sh.600498,19.5940074600,21.2392301400,19.4255208000,20.7139482000,19.4354317800,88456990,1828121535.0200,2,7.696500,1,6.578300,43.342903,1.951752,0.832834,14.215925,0
2024-11-12,sh.600498,20.7238591800,20.7635031000,19.8021380400,20.0300905800,20.7139482000,52753941,1075302468.3600,2,4.590000,1,-3.301400,41.911965,1.887316,0.805339,13.746595,0
2024-11-13,sh.600498,19.7030282400,20.1985772400,19.6039184400,19.8318709800,20.0300905800,31170304,624237776.6000,2,2.712100,1,-0.989600,41.497200,1.868639,0.797369,13.610558,0
2024-11-14,sh.600498,19.8814258800,19.8814258800,19.0687255200,19.1083694400,19.8318709800,29653835,581384734.5100,2,2.580100,1,-3.648200,39.983310,1.800467,0.768280,13.114021,0
2024-11-15,sh.600498,19.0290816000,19.3165000200,18.5929984800,18.6128204400,19.1083694400,30757559,587602438.4100,2,2.676200,1,-2.593400,38.946398,1.753775,0.748355,12.773927,0
2024-11-18,sh.600498,18.6227314200,18.7912180800,17.9686067400,18.1965592800,18.6128204400,27331753,504344522.5500,2,2.378100,1,-2.236400,38.075392,1.714553,0.731619,12.488248,0
2024-11-19,sh.600498,17.9983396800,18.4146008400,17.8199420400,18.3452239800,18.1965592800,29461208,537293199.9100,2,2.525400,1,0.817000,38.386466,1.728561,0.737596,12.590276,0
2024-11-20,sh.600498,18.3551349600,18.7614851400,18.2857581000,18.7317522000,18.3452239800,24899084,466672871.7800,2,2.134400,1,2.107000,39.195257,1.764981,0.753137,12.855549,0
2024-11-21,sh.600498,18.8110400400,18.8110400400,18.4146008400,18.6029094600,18.7317522000,22602099,424015741.6600,2,1.937500,1,-0.687800,38.925660,1.752841,0.747957,12.767125,0
2024-11-22,sh.600498,18.6029094600,18.6821973000,17.8001200800,17.8199420400,18.6029094600,23197371,428175415.3100,2,1.988500,1,-4.208800,37.287340,1.679067,0.716477,12.229776,0
2024-11-25,sh.600498,17.8794079200,17.9983396800,17.1559063800,17.4235028400,17.8199420400,23037172,406052036.2900,2,1.974800,1,-2.224700,36.457810,1.641713,0.700537,11.957701,0
2024-11-26,sh.600498,17.5424346000,17.9785177200,17.4433248000,17.5424346000,17.4235028400,17561070,313629210.8200,2,1.505300,1,0.682600,36.706669,1.652919,0.705319,12.039324,0
2024-11-27,sh.600498,17.3838589200,18.0280726200,17.1757283400,18.0181616400,17.5424346000,20440674,363078541.2200,2,1.752200,1,2.711900,37.702104,1.697744,0.724446,12.365814,0
2024-11-28,sh.600498,18.0181616400,18.1271824200,17.7406542000,17.7703871400,18.0181616400,16321875,295442928.6200,2,1.399100,1,-1.375100,37.183648,1.674397,0.714484,12.195767,0
2024-11-29,sh.600498,17.7604761600,18.2362032000,17.6613663600,18.0677165400,17.7703871400,18763800,340682557.9400,2,1.608400,1,1.673200,37.805795,1.702413,0.726439,12.399823,0
2024-12-02,sh.600498,18.2163812400,18.3749569200,17.8397640000,18.3650459400,18.0677165400,19736915,363139405.2400,2,1.691900,1,1.645600,38.427942,1.730428,0.738393,12.603880,0
2024-12-03,sh.600498,18.6128204400,18.7515741600,18.1569153600,18.4245118200,18.3650459400,21488882,399682242.0500,2,1.842000,1,0.323800,38.552372,1.736032,0.740784,12.644691,0
2024-12-04,sh.600498,18.4542447600,18.5335326000,17.9884287000,18.0677165400,18.4245118200,15966766,293414402.1200,2,1.368700,1,-1.936500,37.805795,1.702413,0.726439,12.399823,0
2024-12-05,sh.600498,18.0280726200,18.2758471200,17.9487847800,18.1271824200,18.0677165400,11828240,216781762.1600,2,1.013900,1,0.329100,37.930225,1.708016,0.728830,12.440635,0
2024-12-06,sh.600498,18.1569153600,18.3848679000,17.9983396800,18.2262922200,18.1271824200,17248849,317051352.6200,2,1.478600,1,0.546700,38.137607,1.717355,0.732815,12.508653,0
2024-12-09,sh.600498,18.2163812400,18.2758471200,17.8496749800,18.0181616400,18.2262922200,13751060,250264467.6000,2,1.178800,1,-1.141900,37.702104,1.697744,0.724446,12.365814,0
2024-12-10,sh.600498,18.5236216200,18.5929984800,18.0478945800,18.1172714400,18.0181616400,19262599,356215894.4300,2,1.651200,1,0.550100,37.909486,1.707082,0.728431,12.433833,0
2024-12-11,sh.600498,18.0677165400,18.4245118200,18.0677165400,18.4046898600,18.1172714400,16690690,308669472.8000,2,1.430700,1,1.586400,38.510895,1.734164,0.739987,12.631087,0
2024-12-12,sh.600498,18.4344228000,18.6623753400,18.2362032000,18.5037996600,18.4046898600,17234749,320690262.2000,2,1.477400,1,0.538500,38.718277,1.743502,0.743972,12.699106,0
2024-12-13,sh.600498,18.3749569200,18.4542447600,18.0181616400,18.0677165400,18.5037996600,20081573,367999752.2000,2,1.721400,1,-2.356700,37.805795,1.702413,0.726439,12.399823,0
2024-12-16,sh.600498,18.0181616400,18.4443337800,17.9785177200,18.0974494800,18.0677165400,15669741,286870873.8700,2,1.343200,1,0.164600,37.868010,1.705214,0.727634,12.420229,0
2024-12-17,sh.600498,18.0379836000,18.8308620000,18.0379836000,18.1569153600,18.0974494800,36869034,687126424.2600,2,3.160400,1,0.328600,37.992439,1.710818,0.730025,12.461040,0
2024-12-18,sh.600498,18.0578055600,18.8308620000,17.8496749800,18.5434435800,18.1569153600,38047452,706582999.2300,2,3.261500,1,2.128800,38.801230,1.747238,0.745566,12.726313,0
2024-12-19,sh.600498,18.3353130000,19.8616039200,18.2758471200,19.7129392200,18.5434435800,83709059,1629319174.6400,2,7.175600,1,6.306800,41.248342,1.857432,0.792587,13.528935,0
2024-12-20,sh.600498,19.3264110000,19.6435623600,19.0191706200,19.3759659000,19.7129392200,53541436,1043049502.3200,2,4.589600,1,-1.709400,40.543242,1.825681,0.779039,13.297671,0
2024-12-23,sh.600498,19.3264110000,19.6732953000,18.8407729800,18.8506839600,19.3759659000,39636955,764253908.8500,2,3.397700,1,-2.711000,39.444116,1.776187,0.757919,12.937172,0
2024-12-24,sh.600498,18.9101498400,19.1876572800,18.5731765200,18.9101498400,18.8506839600,34875915,662415106.5900,2,2.989600,1,0.315500,39.568545,1.781790,0.760310,12.977983,0
2024-12-25,sh.600498,19.1281914000,19.5642745200,18.8506839600,19.0290816000,18.9101498400,41002745,795350770.3900,2,3.514800,1,0.628900,39.817404,1.792997,0.765092,13.059605,0
2024-12-26,sh.600498,18.9200608200,20.0201796000,18.6425533800,19.8715149000,19.0290816000,73471486,1454572404.8300,2,6.298000,1,4.427100,41.580153,1.872374,0.798963,13.637765,0
2024-12-27,sh.600498,19.8219600000,19.8219600000,19.2768561000,19.3363219800,19.8715149000,50410938,994167173.6800,2,4.321300,1,-2.693300,40.460289,1.821946,0.777445,13.270464,0
2024-12-30,sh.600498,19.3660549200,19.7823160800,19.0984584600,19.6832062800,19.3363219800,51780100,1024264216.2100,2,4.438600,1,1.794000,41.186127,1.854631,0.791392,13.508529,0
2024-12-31,sh.600498,19.7327611800,19.8120490200,19.2074792400,19.2867670800,19.6832062800,38086466,745696754.0800,2,3.264800,1,-2.014100,40.356598,1.817277,0.775452,13.236454,0
2025-01-02,sh.600498,19.0687255200,19.0885474800,17.6910993000,17.8893189000,19.2867670800,49399438,912393956.0000,2,4.234600,1,-7.245600,37.432511,1.685604,0.719266,12.277391,0
2025-01-03,sh.600498,17.9289628200,17.9686067400,17.0270636400,17.0964405000,17.8893189000,31060292,546049378.0700,2,2.662500,1,-4.432100,35.773453,1.610896,0.687387,11.733241,0
2025-01-06,sh.600498,16.9180428600,17.4928797000,16.9081318800,17.0567965800,17.0964405000,19412364,335704913.8700,2,1.664000,1,-0.231900,35.690500,1.607160,0.685793,11.706033,0
2025-01-07,sh.600498,17.1261734400,18.4146008400,17.0567965800,18.2461141800,17.0567965800,39621038,713361550.6800,2,3.396300,1,6.972700,38.179088,1.719222,0.733612,12.522259,0
2025-01-08,sh.600498,18.2163812400,18.4245118200,17.6514553800,18.2560251600,18.2461141800,33258000,607847876.6400,2,2.850900,1,0.054300,38.199826,1.720156,0.734010,12.529060,0
2025-01-09,sh.600498,18.1271824200,18.8705059200,18.0677165400,18.5830875000,18.2560251600,33902401,633633218.5000,2,2.906100,1,1.791500,38.884188,1.750973,0.747160,12.753522,0
2025-01-10,sh.600498,18.4641557400,18.7515741600,18.0181616400,18.0181616400,18.5830875000,27719190,514921467.6000,2,2.376100,1,-3.040000,37.702108,1.697744,0.724446,12.365815,0
2025-01-13,sh.600498,17.7505651800,18.0578055600,17.5424346000,17.7307432200,18.0181616400,18189940,325874620.2400,2,1.559300,1,-1.595200,37.100700,1.670662,0.712890,12.168561,0
2025-01-14,sh.600498,17.7902091000,18.9894376800,17.5721675400,18.9497937600,17.7307432200,38863772,728227402.6800,2,3.331400,1,6.875300,39.651502,1.785526,0.761904,13.005192,0
2025-01-15,sh.600498,18.8903278800,19.1579243400,18.8407729800,18.9002388600,18.9497937600,21835842,417796752.6500,2,1.871800,1,-0.261500,39.547811,1.780857,0.759912,12.971183,0
2025-01-16,sh.600498,19.0092596400,19.1975682600,18.6128204400,18.9002388600,18.9002388600,27886743,531151123.1000,2,2.390500,1,0.000000,39.547811,1.780857,0.759912,12.971183,0
2025-01-17,sh.600498,18.7416631800,19.1480133600,18.7119302400,19.0191706200,18.9002388600,23746420,454027223.7400,2,2.035600,1,0.629300,39.796670,1.792063,0.764693,13.052805,0
2025-01-20,sh.600498,19.1182804200,19.2273012000,18.9497937600,19.0290816000,19.0191706200,19841634,381863892.1600,2,1.700800,1,0.052100,39.817408,1.792997,0.765092,13.059607,0
2025-01-21,sh.600498,19.2074792400,19.4056988400,19.0290816000,19.2471231600,19.0290816000,23917688,463702669.0100,2,2.050200,1,1.145800,40.273649,1.813542,0.773859,13.209248,0
2025-01-22,sh.600498,19.1777463000,19.3759659000,19.0687255200,19.1777463000,19.2471231600,21068696,408350095.2600,2,1.806000,1,-0.360500,40.128482,1.807005,0.771069,13.161635,0
2025-01-23,sh.600498,19.3759659000,19.7724051000,18.9795267000,18.9894376800,19.1777463000,29331965,572440514.1800,2,2.514400,1,-0.981900,39.734455,1.789261,0.763498,13.032399,0
2025-01-24,sh.600498,18.8308620000,19.8219600000,18.8308620000,19.8219600000,18.9894376800,52462083,1039181547.0500,2,4.497100,1,4.384100,41.476467,1.867705,0.796971,13.603757,0
2025-01-27,sh.600498,19.6336513800,19.7129392200,18.7317522000,18.7317522000,19.8219600000,37345360,719697942.0000,2,3.201300,1,-5.500000,39.195261,1.764981,0.753137,12.855551,0
2025-02-05,sh.600498,19.1381023800,19.3957878600,18.8903278800,19.1975682600,18.7317522000,31496139,607405867.1300,2,2.699900,1,2.486800,40.169958,1.808872,0.771866,13.175239,0
2025-02-06,sh.600498,19.0786365000,19.8715149000,18.9497937600,19.7624941200,19.1975682600,36082112,713189771.4300,2,3.093000,1,2.942700,41.352037,1.862102,0.794580,13.562946,0
2025-02-07,sh.600498,19.7624941200,20.5950164400,19.6435623600,20.2580431200,19.7624941200,53275646,1086749898.0700,2,4.566800,1,2.507500,42.388949,1.908795,0.814504,13.903040,0
2025-02-10,sh.600498,21.2094972000,21.6059364000,20.7635031000,20.8923458400,20.2580431200,67993299,1443065501.0500,2,5.828400,1,3.131100,43.716196,1.968561,0.840007,14.338360,0
2025-02-11,sh.600498,21.2887850400,22.0221975600,20.9716336800,21.1995862200,20.8923458400,76774249,1656115228.7200,2,6.581100,1,1.470600,44.359081,1.997511,0.852360,14.549218,0
2025-02-12,sh.600498,20.9121678000,21.7645120800,20.9121678000,21.4770936600,21.1995862200,60892028,1319131564.3900,2,5.219700,1,1.309000,44.939752,2.023658,0.863518,14.739671,0
2025-02-13,sh.600498,21.4176277800,23.6277763200,20.9617227000,22.7655210600,21.4770936600,121972825,2754218896.3900,2,10.455600,1,5.999100,47.635722,2.145059,0.915321,15.623915,0
2025-02-14,sh.600498,22.5970344000,25.0450464600,22.5276575400,25.0450464600,22.7655210600,130045195,3165839631.2300,2,11.147600,1,10.013100,52.405516,2.359845,1.006973,17.188347,0
2025-02-17,sh.600498,26.4722275800,27.3443938200,24.4107437400,24.7179841200,25.0450464600,193822539,5033430581.8000,2,16.614600,1,-1.305900,51.721154,2.329028,0.993823,16.963885,0
2025-02-18,sh.600498,24.2819010000,25.7189931000,24.2819010000,25.1639782200,24.7179841200,128827592,3239877048.7900,2,11.043200,1,1.804300,52.654375,2.371052,1.011754,17.269970,0
2025-02-19,sh.600498,24.6882511800,27.6813671400,23.9845716000,27.6813671400,25.1639782200,101925644,2683572544.3100,2,8.737100,1,10.003900,57.921886,2.608250,1.112970,18.997647,0
2025-02-20,sh.600498,28.2066490800,29.0689043400,26.9578656000,27.2452840200,27.6813671400,177816099,5018947284.9300,2,15.242500,1,-1.575400,57.009404,2.567161,1.095436,18.698364,0
2025-02-21,sh.600498,27.3344828400,28.9697945400,26.7596460000,28.4048686800,27.2452840200,150812992,4268918679.7700,2,12.927800,1,4.256100,59.435777,2.676421,1.142059,19.494184,0
2025-02-24,sh.600498,28.9400616000,28.9400616000,27.3642157800,27.7210110600,28.4048686800,110113098,3120597714.1300,2,9.439000,1,-2.407500,58.004839,2.611985,1.114564,19.024855,0
2025-02-25,sh.600498,26.1055213200,26.7596460000,25.7189931000,25.8676578000,27.7210110600,105827860,2795202969.6700,2,9.071600,1,-6.685700,54.126789,2.437355,1.040047,17.752903,0
2025-02-26,sh.600498,26.1055213200,26.1649872000,24.9855805800,25.5306844800,25.8676578000,94111604,2416405160.3900,2,8.067300,1,-1.302700,53.421689,2.405604,1.026498,17.521639,0
2025-02-27,sh.600498,25.4712186000,25.6892601600,24.4107437400,25.1045123400,25.5306844800,82389976,2071152939.9800,2,7.062500,1,-1.669300,52.529945,2.365448,1.009363,17.229159,0
2025-02-28,sh.600498,24.8071829400,25.5207735000,24.1233253200,24.2819010000,25.1045123400,65734355,1638896409.5400,2,5.634800,1,-3.276700,50.808672,2.287939,0.976289,16.664603,0
2025-03-03,sh.600498,24.5792304000,24.6486072600,23.3700908400,23.8458178800,24.2819010000,56273919,1356387046.9000,2,4.823800,1,-1.795900,49.896190,2.246849,0.958756,16.365320,0
2025-03-04,sh.600498,23.3700908400,24.0043935600,23.3502688800,23.8359069000,23.8458178800,37723400,905828367.1700,2,3.233700,1,-0.041600,49.875451,2.245915,0.958357,16.358518,0
2025-03-05,sh.600498,24.1728802200,24.7278951000,24.0341265000,24.6287853000,23.8359069000,76380560,1882443621.3300,2,6.547400,1,3.326400,51.534510,2.320623,0.990236,16.902668,0
2025-03-06,sh.600498,25.0747794000,25.6694382000,24.5792304000,25.3820197800,24.6287853000,82793474,2100580104.7100,2,7.097100,1,3.058400,53.110616,2.391596,1.020521,17.419611,0
2025-03-07,sh.600498,25.6694382000,26.0757883800,24.2819010000,24.4602986400,25.3820197800,78458573,1989618153.3700,2,6.725500,1,-3.631400,51.181960,2.304748,0.983462,16.787036,0
2025-03-10,sh.600498,24.3810108000,24.5792304000,23.8656398400,24.1827912000,24.4602986400,43046843,1047191629.2700,2,3.690000,1,-1.134500,50.601290,2.278600,0.972304,16.596584,0
2025-03-11,sh.600498,24.1927021800,24.3215449200,23.7367971000,23.9449276800,24.1827912000,33565743,811452212.1300,2,2.877300,1,-0.983600,50.103572,2.256188,0.962741,16.433339,0
2025-03-12,sh.600498,24.1530582600,25.0549574400,24.0242155200,24.6287853000,23.9449276800,64630746,1612642486.0100,2,5.540200,1,2.856000,51.534510,2.320623,0.990236,16.902668,0
2025-03-13,sh.600498,24.6089633400,24.8071829400,23.4890226000,23.8061739600,24.6287853000,45542613,1104444407.6900,2,3.903900,1,-3.340000,49.813237,2.243114,0.957162,16.338112,0
2025-03-14,sh.600498,23.7863520000,24.1332363000,23.4097347600,23.8953727800,23.8061739600,39467302,950753699.4600,2,3.383200,1,0.374700,49.999881,2.251518,0.960748,16.399329,0
2025-03-17,sh.600498,24.0638594400,24.9162037200,23.6971531800,24.6188743200,23.8953727800,52794421,1300819252.3800,2,4.525600,1,3.027800,51.513772,2.319690,0.989838,16.895866,0
2025-03-18,sh.600498,24.6287853000,24.9558476400,24.3611888400,24.7675390200,24.6188743200,39193407,974889905.8900,2,3.359700,1,0.603900,51.824845,2.333697,0.995815,16.997895,0
2025-03-19,sh.600498,24.7477170600,24.7576280400,23.9845716000,24.0242155200,24.7675390200,32289830,789474064.5000,2,2.767900,1,-3.001200,50.269478,2.263658,0.965929,16.487754,0
2025-03-20,sh.600498,24.0341265000,24.2026131600,23.6376873000,23.6475982800,24.0242155200,29320554,705618075.5800,2,2.513400,1,-1.567700,49.481425,2.228172,0.950786,16.229282,0
2025-03-21,sh.600498,23.3998237800,23.4989335800,22.8348979200,22.9340077200,23.6475982800,34768171,811334833.7700,2,2.980400,1,-3.017600,47.988272,2.160935,0.922095,15.739547,0
2025-03-24,sh.600498,23.0132955600,23.1322273200,22.1014854000,22.5276575400,22.9340077200,29489737,669631584.3600,2,2.527900,1,-1.771800,47.138005,2.122647,0.905757,15.460670,0
2025-03-25,sh.600498,22.7456991000,22.7853430200,22.1213073600,22.2204171600,22.5276575400,20393874,461535025.0400,2,1.748200,1,-1.363800,46.495119,2.093697,0.893404,15.249812,0
2025-03-26,sh.600498,22.1807732400,22.7655210600,22.1510403000,22.4186367600,22.2204171600,18743750,424883901.0000,2,1.606700,1,0.892100,46.909884,2.112374,0.901374,15.385849,0
2025-03-27,sh.600498,22.2798830400,22.7456991000,22.2204171600,22.3492599000,22.4186367600,17965639,407390781.9300,2,1.540000,1,-0.309500,46.764716,2.105837,0.898585,15.338236,0
2025-03-28,sh.600498,22.2204171600,22.5573904800,22.1113963800,22.1312183400,22.3492599000,13188690,296162490.6200,2,1.130500,1,-0.975600,46.308475,2.085293,0.889818,15.188595,0
2025-03-31,sh.600498,21.9032658000,22.5375685200,21.4770936600,22.3690818600,22.1312183400,26077153,577775602.1800,2,2.235400,1,1.074800,46.806193,2.107705,0.899381,15.351840,0
2025-04-01,sh.600498,22.4483697000,22.5177465600,22.1213073600,22.1708622600,22.3690818600,15279800,343652500.0000,2,1.309800,1,-0.886100,46.391735,2.089042,0.891418,15.215903,0
2025-04-02,sh.600498,22.1014854000,22.4582806800,22.0420195200,22.3294379400,22.1708622600,13365498,300827189.1600,2,1.145700,1,0.715200,46.723549,2.103984,0.897794,15.324734,0
2025-04-03,sh.600498,22.5177465600,22.9934736000,22.5078355800,22.7456991000,22.3294379400,34510522,792452499.5000,2,2.958200,1,1.864200,38.870593,2.143206,0.953722,15.610415,0
2025-04-07,sh.600498,20.8824348600,21.4770936600,20.4760846800,20.4760846800,22.7456991000,20291567,423257383.2200,2,1.739400,1,-9.978200,34.992003,1.929352,0.858558,14.052774,0
2025-04-08,sh.600498,20.0697345000,20.4760846800,18.9795267000,19.5543635400,20.4760846800,43543855,858493171.3800,2,3.732600,1,-4.501500,33.416854,1.842503,0.819910,13.420195,0
2025-04-09,sh.600498,19.0290816000,20.5256395800,18.5236216200,20.3769748800,19.5543635400,39619163,791430528.9000,2,3.396200,1,4.206800,34.822632,1.920013,0.854402,13.984755,0
2025-04-10,sh.600498,21.0509215200,21.3581619000,20.6941262400,20.8527019200,20.3769748800,29861472,635046096.3500,2,2.559700,1,2.334600,35.635612,1.964839,0.874349,14.311247,0
2025-04-11,sh.600498,20.6643933000,21.4671826800,20.6049274200,21.1896752400,20.8527019200,22606330,482576178.2400,2,1.937800,1,1.616000,36.211472,1.996590,0.888479,14.542513,0
2025-04-14,sh.600498,21.7546011000,21.7546011000,21.1698532800,21.2094972000,21.1896752400,18948300,409984499.0000,2,1.624200,1,0.093500,36.245346,1.998458,0.889310,14.556117,0
2025-04-15,sh.600498,21.2194081800,21.2491411200,20.8527019200,21.0806544600,21.2094972000,11571971,245341983.2600,2,0.992000,1,-0.607500,36.025164,1.986317,0.883907,14.467692,0
2025-04-16,sh.600498,21.1202983800,21.8933548200,21.0112776000,21.2094972000,21.0806544600,29239366,632905830.7600,2,2.506400,1,0.611200,36.245346,1.998458,0.889310,14.556117,0
2025-04-17,sh.600498,21.0806544600,21.7446901200,21.0112776000,21.1698532800,21.2094972000,22755400,491288074.4200,2,1.950600,1,-0.186900,36.177598,1.994722,0.887648,14.528909,0
2025-04-18,sh.600498,21.0112776000,21.9032658000,20.9914556400,21.7744230600,21.1698532800,34200426,745217035.3600,2,2.931700,1,2.855800,37.210760,2.051688,0.912997,14.943826,0
2025-04-21,sh.600498,22.0618414800,22.0717524600,21.5068266000,21.7744230600,21.7744230600,30052413,659473030.8900,2,2.576100,1,0.000000,37.210760,2.051688,0.912997,14.943826,0
2025-04-22,sh.600498,21.5464705200,21.7050462000,21.2194081800,21.2392301400,21.7744230600,21263917,457936257.8700,2,1.822700,1,-2.457900,36.296158,2.001259,0.890556,14.576522,0
2025-04-23,sh.600498,21.3185179800,21.8537109000,21.2293191600,21.4870046400,21.2392301400,25567717,554912201.0500,2,2.191700,1,1.166600,36.719585,2.024606,0.900946,14.746571,0
2025-04-24,sh.600498,21.3284289600,21.4176277800,20.8328799600,20.9914556400,21.4870046400,19442527,413897547.8700,2,1.666600,1,-2.306300,35.872731,1.977913,0.880167,14.406474,0
2025-04-25,sh.600498,21.0112776000,21.4969156200,20.9815446600,21.2887850400,20.9914556400,18697369,401344670.0000,2,1.602700,1,1.416400,36.380843,2.005928,0.892634,14.610532,0
2025-04-28,sh.600498,21.2887850400,21.6852242400,21.1103874000,21.1302093600,21.2887850400,16954778,365069198.7000,2,1.453400,1,-0.744900,35.936723,1.911022,0.884553,-663.439204,0
2025-04-29,sh.600498,21.1103874000,21.5861144400,20.9716336800,21.4870046400,21.1302093600,18833930,406809834.7000,2,1.614400,1,1.688600,36.543535,1.943291,0.899489,-674.641742,0
2025-04-30,sh.600498,21.2788740600,21.4077168000,20.2183992000,21.1698532800,21.4870046400,34378968,727928197.3000,2,2.947000,1,-1.476000,35.314626,1.904596,0.918724,88.982977,0
2025-05-06,sh.600498,21.3581619000,22.1906842200,21.3581619000,22.0321085400,21.1698532800,33872896,747906086.2300,2,2.903600,1,4.073000,36.753002,1.982171,0.956144,92.607284,0
2025-05-07,sh.600498,22.3492599000,22.3889038200,21.6257583600,21.7942450200,22.0321085400,27802827,614576181.7300,2,2.383300,1,-1.079600,36.356209,1.960771,0.945821,91.607475,0
2025-05-08,sh.600498,21.7942450200,22.1807732400,21.7050462000,22.1113963800,21.7942450200,24554117,545584766.5700,2,2.104800,1,1.455200,36.885267,1.989304,0.959585,92.940553,0
2025-05-09,sh.600498,22.1113963800,22.1113963800,21.4870046400,21.5960254200,22.1113963800,19633439,429842247.2200,2,1.683000,1,-2.330800,36.025548,1.942937,0.937219,90.774301,0
2025-05-12,sh.600498,21.8140669800,22.0519305000,21.7248681600,21.9924646200,21.5960254200,18549043,409789960.4300,2,1.590000,1,1.835700,36.686870,1.978604,0.954423,92.440649,0
2025-05-13,sh.600498,22.3195269600,22.3393489200,21.6059364000,21.6753132600,21.9924646200,19911673,438821127.5200,2,1.706800,1,-1.442100,36.157812,1.950071,0.940660,91.107571,0
2025-05-14,sh.600498,21.6554913000,22.2997050000,21.6554913000,21.7546011000,21.6753132600,29153646,645426718.6700,2,2.499100,1,0.365800,36.290077,1.957204,0.944100,91.440840,0
2025-05-15,sh.600498,21.7645120800,21.7843340400,20.7139482000,20.7734140800,21.7546011000,27375460,582077192.0100,2,2.346600,1,-4.510300,34.653303,1.868929,0.901519,87.316629,0
2025-05-16,sh.600498,20.6148384000,20.9617227000,20.5553725200,20.7040372200,20.7734140800,14023334,293754444.9400,2,1.202100,1,-0.334000,34.537572,1.862688,0.898508,87.025018,0
2025-05-19,sh.600498,20.6544823200,20.7040372200,20.3967968400,20.6544823200,20.7040372200,13703100,284428371.0800,2,1.174600,1,-0.239300,34.454906,1.858229,0.896358,86.816725,0
2025-05-20,sh.600498,20.6346603600,20.9319897600,20.4661737000,20.8130580000,20.6544823200,12261049,256826334.7700,2,1.051000,1,0.767800,34.719435,1.872496,0.903240,87.483264,0
2025-05-21,sh.600498,20.9914556400,21.0509215200,20.6743042800,20.7139482000,20.8130580000,10883100,228255018.5500,2,0.932900,1,-0.476200,34.554105,1.863579,0.898938,87.066677,0
2025-05-22,sh.600498,20.5355505600,20.7337701600,20.3868858600,20.4166188000,20.7139482000,11283400,233532384.4100,2,0.967200,1,-1.435400,34.058113,1.836829,0.886035,85.816916,0
2025-05-23,sh.600498,20.3769748800,20.5058176200,19.9805356800,20.0003576400,20.4166188000,14262925,291094201.4400,2,1.222600,1,-2.038800,33.363724,1.799379,0.867970,84.067251,0
2025-05-26,sh.600498,19.9607137200,20.3769748800,19.9607137200,20.1886662600,20.0003576400,9173425,186616351.0000,2,0.786300,1,0.941500,33.677852,1.816321,0.876142,84.858766,0
2025-05-27,sh.600498,20.1886662600,20.1886662600,19.8021380400,19.8417819600,20.1886662600,10958434,220114475.3600,2,0.939400,1,-1.718200,33.099195,1.785113,0.861088,83.400712,0
2025-05-28,sh.600498,19.8616039200,20.0102686200,19.7525831400,19.8219600000,19.8417819600,9127400,182881908.0000,2,0.782400,1,-0.099900,33.066129,1.783329,0.860228,83.317394,0
2025-05-29,sh.600498,19.7724051000,20.1490223400,19.7724051000,20.1093784200,19.8219600000,12814146,259404005.5300,2,1.098400,1,1.450000,33.545588,1.809188,0.872701,84.525497,0
2025-05-30,sh.600498,20.1192894000,20.4760846800,19.5940074600,19.9012478400,20.1093784200,24255275,488233117.8700,2,2.079200,1,-1.035000,33.198393,1.790463,0.863669,83.650664,0
2025-06-03,sh.600498,19.7327611800,20.1292003800,19.7030282400,19.7724051000,19.9012478400,14100468,282645515.1800,2,1.208700,1,-0.647400,32.983464,1.778871,0.858078,83.109101,0
2025-06-04,sh.600498,20.0201796000,20.1688443000,19.8318709800,20.0102686200,19.7724051000,15474919,313247658.0400,2,1.326500,1,1.203000,33.380257,1.800271,0.868400,84.108910,0
2025-06-05,sh.600498,20.0201796000,20.5553725200,19.8715149000,20.4760846800,20.0102686200,22266837,455598626.9600,2,1.908700,1,2.327900,34.157311,1.842179,0.888616,86.066868,0
2025-06-06,sh.600498,20.4562627200,20.6643933000,20.2778650800,20.5256395800,20.4760846800,16358867,337805344.3500,2,1.402300,1,0.242000,34.239977,1.846638,0.890766,86.275162,0
2025-06-09,sh.600498,20.7139482000,20.9617227000,20.6643933000,20.8031470200,20.5256395800,18541962,389316026.0500,2,1.589400,1,1.352000,34.702902,1.871604,0.902809,87.441605,0
2025-06-10,sh.600498,20.8130580000,20.8427909400,20.1192894000,20.3571529200,20.8031470200,18038716,371642027.5000,2,1.546300,1,-2.143900,33.958914,1.831479,0.883454,85.566964,0
2025-06-11,sh.600498,20.3571529200,20.4859956600,20.1886662600,20.1985772400,20.3571529200,13686395,280188237.9300,2,1.173200,1,-0.779000,33.694385,1.817213,0.876573,84.900425,0
2025-06-12,sh.600498,20.1490223400,20.4661737000,20.0300905800,20.2183992000,20.1985772400,12867120,263468690.6000,2,1.103000,1,0.098100,33.727452,1.818996,0.877433,84.983742,0
2025-06-13,sh.600498,20.0697345000,20.3075980200,19.7228502000,19.7624941200,20.2183992000,16387353,328777957.1000,2,1.404700,1,-2.254900,32.966977,1.777982,0.857649,83.067560,0
2025-06-16,sh.600498,19.7129392200,20.1688443000,19.6534733400,20.0895564600,19.7624941200,13782156,278831299.9600,2,1.181400,1,1.655000,33.512569,1.807407,0.871842,84.442299,0
2025-06-17,sh.600498,20.1985772400,20.2084882200,19.8516929400,19.8814258800,20.0895564600,10563882,212438774.6800,2,0.905500,1,-1.036000,33.165375,1.788682,0.862810,83.567465,0
2025-06-18,sh.600498,19.9012478400,20.3967968400,19.7823160800,20.1985772400,19.8814258800,17294099,350900763.9700,2,1.482400,1,1.595200,33.694433,1.817215,0.876574,84.900546,0
2025-06-19,sh.600498,20.2481321400,20.5058176200,19.9805356800,20.0400015600,20.1985772400,15129173,308606487.2300,2,1.296900,1,-0.785100,33.429904,1.802949,0.869692,84.234005,0
2025-06-20,sh.600498,20.0100000000,20.1900000000,19.5600000000,19.6000000000,20.0400000000,14322986,283388712.5400,2,1.227800,1,-2.195600,32.404852,1.747665,0.843025,81.651163,0
2025-06-23,sh.600498,19.4500000000,19.9200000000,19.4000000000,19.8600000000,19.6000000000,11876694,234550643.7000,2,1.018100,1,1.326500,32.834713,1.770849,0.854208,82.734290,0
2025-06-24,sh.600498,19.9000000000,20.4800000000,19.9000000000,20.4600000000,19.8600000000,19147689,389256600.0700,2,1.641300,1,3.021100,33.826698,1.824349,0.880015,85.233816,0
2025-06-25,sh.600498,20.4600000000,20.8000000000,20.4200000000,20.7400000000,20.4600000000,20215900,417090918.0000,2,1.732900,1,1.368500,34.289624,1.849315,0.892058,86.400261,0
2025-06-26,sh.600498,20.7900000000,20.8800000000,20.5200000000,20.5600000000,20.7400000000,18024670,373414635.5000,2,1.545100,1,-0.867900,33.992029,1.833265,0.884316,85.650403,0
2025-06-27,sh.600498,20.6500000000,20.8200000000,20.4200000000,20.6400000000,20.5600000000,15005700,310509402.0000,2,1.286300,1,0.389100,34.124294,1.840399,0.887757,85.983673,0
2025-06-30,sh.600498,20.6500000000,21.2200000000,20.6500000000,21.0300000000,20.6400000000,21162041,444768746.0500,2,1.814000,1,1.889500,34.769084,1.875174,0.904531,87.608365,0
2025-07-01,sh.600498,21.0400000000,21.0500000000,20.7400000000,20.8800000000,21.0300000000,13929616,290451426.5000,2,1.194000,1,-0.713300,34.521089,1.861799,0.898080,86.983487,0
2025-07-02,sh.600498,20.8900000000,20.9000000000,20.4800000000,20.5800000000,20.8800000000,13379979,276049687.8600,2,1.146900,1,-1.436800,34.025096,1.835049,0.885176,85.733724,0
2025-07-03,sh.600498,20.5400000000,20.9800000000,20.5300000000,20.8100000000,20.5800000000,12382317,257354249.4300,2,1.061400,1,1.117600,34.405357,1.855557,0.895069,86.691875,0
2025-07-04,sh.600498,20.7500000000,20.8300000000,20.5700000000,20.6100000000,20.8100000000,10882600,225057995.0000,2,0.932900,1,-0.961100,34.074696,1.837724,0.886466,85.858700,0
2025-07-07,sh.600498,20.6200000000,20.6200000000,20.3200000000,20.4000000000,20.6100000000,8998873,183674377.7400,2,0.771400,1,-1.018900,33.727501,1.818999,0.877434,84.983866,0
2025-07-08,sh.600498,20.4000000000,21.3000000000,20.3300000000,21.2700000000,20.4000000000,31985022,672443308.8200,2,2.741800,1,4.264700,35.165879,1.896574,0.914854,88.608178,0
2025-07-09,sh.600498,21.2000000000,21.2700000000,21.0000000000,21.1500000000,21.2700000000,16627897,351439390.6800,2,1.425300,1,-0.564200,34.967482,1.885874,0.909693,88.108273,0
2025-07-10,sh.600498,21.1600000000,21.5500000000,21.1000000000,21.4100000000,21.1500000000,25635688,548187417.5100,2,2.197500,1,1.229300,35.397343,1.909057,0.920876,89.191401,0
2025-07-11,sh.600498,21.3700000000,21.4900000000,21.1900000000,21.4000000000,21.4100000000,16713000,357195242.5400,2,1.432600,1,-0.046700,35.380810,1.908165,0.920445,89.149742,0
2025-07-14,sh.600498,21.5200000000,21.5300000000,21.3200000000,21.3300000000,21.4000000000,11645067,249048291.4100,2,0.998200,1,-0.327100,35.265078,1.901924,0.917435,88.858131,0
2025-07-15,sh.600498,21.3300000000,21.6800000000,21.3000000000,21.4800000000,21.3300000000,21099977,453641994.1900,2,1.808700,1,0.703200,35.513074,1.915299,0.923886,89.483012,0
2025-07-16,sh.600498,21.5900000000,21.8200000000,21.3400000000,21.4300000000,21.4800000000,19388757,418288651.5100,2,1.662000,1,-0.232800,35.430409,1.910840,0.921736,89.274718,0
2025-07-17,sh.600498,21.3500000000,22.0500000000,21.3400000000,22.0300000000,21.4300000000,30962581,674571226.2200,2,2.654100,1,2.799800,36.422394,1.964340,0.947543,91.774244,0
2025-07-18,sh.600498,22.1000000000,22.1500000000,21.7400000000,21.7900000000,22.0300000000,19648119,429908908.5200,2,1.684200,1,-1.089400,36.025600,1.942940,0.937220,90.774434,0
2025-07-21,sh.600498,21.7400000000,21.8600000000,21.5500000000,21.7700000000,21.7900000000,16021536,347503996.3600,2,1.373400,1,-0.091800,35.992534,1.941157,0.936360,90.691116,0
2025-07-22,sh.600498,21.8300000000,22.0400000000,21.6600000000,21.8000000000,21.7700000000,19408618,423333431.3300,2,1.663700,1,0.137800,36.042133,1.943832,0.937650,90.816092,0
2025-07-23,sh.600498,21.6900000000,21.7100000000,21.3900000000,21.4500000000,21.8000000000,19545798,420717715.8900,2,1.675500,1,-1.605500,35.463475,1.912624,0.922596,89.358036,0
2025-07-24,sh.600498,21.5000000000,21.6500000000,21.4200000000,21.6000000000,21.4500000000,14424172,310563603.8100,2,1.236400,1,0.699300,35.711471,1.925999,0.929048,89.982917,0
2025-07-25,sh.600498,21.5500000000,21.7400000000,21.5000000000,21.7000000000,21.6000000000,17341657,374809297.3700,2,1.486500,1,0.463000,35.876802,1.934915,0.933349,90.399505,0
2025-07-28,sh.600498,21.8800000000,22.0200000000,21.7300000000,21.8600000000,21.7000000000,20162964,441006320.2200,2,1.728400,1,0.737300,36.141332,1.949182,0.940231,91.066045,0
2025-07-29,sh.600498,21.7800000000,22.1900000000,21.5200000000,22.1700000000,21.8600000000,32259760,707496294.1500,2,2.765300,1,1.418100,36.653857,1.976824,0.953564,92.357466,0
2025-07-30,sh.600498,22.1000000000,22.1000000000,21.7100000000,21.8600000000,22.1700000000,20262114,442901793.0400,2,1.736900,1,-1.398300,36.141332,1.949182,0.940231,91.066045,0
2025-07-31,sh.600498,21.8900000000,22.7800000000,21.7700000000,22.4600000000,21.8600000000,60512734,1362865575.2900,2,5.187100,1,2.744700,37.133317,2.002682,0.966038,93.565570,0
2025-08-01,sh.600498,22.4500000000,22.5000000000,21.7100000000,22.1100000000,22.4600000000,41691215,922413692.5300,2,3.573800,1,-1.558300,36.554659,1.971474,0.950984,92.107514,0
2025-08-04,sh.600498,21.9800000000,22.3800000000,21.8100000000,22.0900000000,22.1100000000,20478799,450407150.7500,2,1.755400,1,-0.090500,36.521593,1.969690,0.950123,92.024196,0
2025-08-05,sh.600498,22.1800000000,22.3000000000,21.9000000000,22.2300000000,22.0900000000,23852002,527125669.5700,2,2.044600,1,0.633800,36.753056,1.982174,0.956145,92.607419,0
2025-08-06,sh.600498,22.2000000000,22.5500000000,21.9900000000,22.3500000000,22.2300000000,23794488,530750802.3100,2,2.039700,1,0.539800,36.951453,1.992873,0.961306,93.107324,0
2025-08-07,sh.600498,22.3600000000,23.2000000000,21.9600000000,22.9100000000,22.3500000000,58685151,1328368629.1500,2,5.030500,1,2.505600,37.877306,2.042807,0.985393,95.440214,0
2025-08-08,sh.600498,22.8500000000,23.2800000000,22.5000000000,23.0800000000,22.9100000000,47666575,1094294263.2400,2,4.086000,1,0.742000,38.158369,2.057965,0.992705,96.148413,0
2025-08-11,sh.600498,23.3800000000,24.6600000000,23.3500000000,24.2000000000,23.0800000000,69450298,1670580736.2600,2,5.953300,1,4.852700,40.010074,2.157832,1.040878,100.814194,0
2025-08-12,sh.600498,24.2000000000,25.2000000000,23.9200000000,25.2000000000,24.2000000000,69594218,1728258060.7400,2,5.965600,1,4.132200,41.663383,2.246998,1.083889,104.980070,0
2025-08-13,sh.600498,25.2000000000,25.5400000000,24.8000000000,25.4500000000,25.2000000000,71413370,1794489631.5800,2,6.121600,1,0.992100,42.076710,2.269290,1.094642,106.021539,0
2025-08-14,sh.600498,25.6800000000,25.7200000000,24.6500000000,24.8300000000,25.4500000000,48258312,1206133554.0300,2,4.136700,1,-2.436100,41.051659,2.214007,1.067975,103.438696,0
2025-08-15,sh.600498,24.6900000000,25.2500000000,24.6900000000,24.8700000000,24.8300000000,33213810,828440965.9200,2,2.847100,1,0.161100,41.117791,2.217573,1.069695,103.605331,0
2025-08-18,sh.600498,24.9300000000,26.0200000000,24.9000000000,25.5900000000,24.8700000000,53735269,1379186839.7700,2,4.606200,1,2.895100,42.308174,2.281773,1.100664,106.604762,0
2025-08-19,sh.600498,25.3500000000,26.3500000000,25.2600000000,25.9300000000,25.5900000000,49870129,1281692646.3000,2,4.274900,1,1.328600,42.870299,2.312090,1.115287,108.021159,0
2025-08-20,sh.600498,25.6800000000,25.9300000000,24.9000000000,25.8000000000,25.9300000000,41899718,1065789590.2700,2,3.591600,1,-0.501300,42.655369,2.300498,1.109696,107.479596,0
2025-08-21,sh.600498,25.8100000000,26.8300000000,25.8100000000,26.0200000000,25.8000000000,50778011,1330982006.5000,2,4.352700,1,0.852700,43.019097,2.320115,1.119158,108.396088,0
2025-08-22,sh.600498,26.0600000000,26.9700000000,25.8600000000,26.5600000000,26.0200000000,61465007,1624769599.0300,2,5.268800,1,2.075300,47.120445,2.541310,1.225857,118.730338,0
2025-08-25,sh.600498,27.5100000000,29.2200000000,26.9700000000,28.2900000000,26.5600000000,115344624,3240405969.3500,2,9.887300,1,6.513600,46.563767,2.697227,1.392814,-164.539656,0
2025-08-26,sh.600498,27.7500000000,27.9300000000,26.9800000000,27.0900000000,28.2900000000,89990992,2464581406.9600,2,7.714000,1,-4.241800,44.588634,2.582816,1.333734,-157.560243,0
2025-08-27,sh.600498,27.0600000000,27.6300000000,26.3800000000,26.5500000000,27.0900000000,62480295,1698510368.9200,2,5.355800,1,-1.993400,43.699824,2.531332,1.307148,-154.419507,0
2025-08-28,sh.600498,26.3800000000,28.2000000000,26.3600000000,28.0000000000,26.5500000000,88481451,2441249345.7800,2,7.584600,1,5.461400,46.086444,2.669578,1.378537,-162.852964,0
2025-08-29,sh.600498,27.8000000000,27.8900000000,27.2000000000,27.4300000000,28.0000000000,55963035,1539367653.7400,2,4.797100,1,-2.035700,45.148255,2.615233,1.350474,-159.537743,0
2025-09-01,sh.600498,27.5200000000,28.0400000000,26.8500000000,27.1600000000,27.4300000000,57529420,1567790948.3300,2,4.931400,1,-0.984300,44.703850,2.589490,1.337181,-157.967375,0
2025-09-02,sh.600498,26.9900000000,27.2500000000,25.4000000000,25.6800000000,27.1600000000,66469927,1731695425.0500,2,5.697800,1,-5.449200,42.267853,2.448384,1.264315,-149.359433,0
2025-09-03,sh.600498,25.6200000000,26.2200000000,25.4100000000,25.6400000000,25.6800000000,43718451,1126419829.5900,2,3.747500,1,-0.155800,42.202015,2.444570,1.262346,-149.126786,0
2025-09-04,sh.600498,25.8300000000,26.0500000000,23.5300000000,24.0700000000,25.6400000000,57724768,1423837446.5800,2,4.948200,1,-6.123200,39.617882,2.294883,1.185049,-139.995387,0
2025-09-05,sh.600498,24.2800000000,24.6200000000,23.8300000000,24.5400000000,24.0700000000,39366164,955044507.4700,2,3.374500,1,1.952600,40.391476,2.339694,1.208189,-142.728991,0
2025-09-08,sh.600498,24.4600000000,24.6300000000,23.9500000000,24.4000000000,24.5400000000,36776090,893805059.5500,2,3.152400,1,-0.570500,40.161044,2.326346,1.201296,-141.914726,0
2025-09-09,sh.600498,24.3800000000,24.5600000000,23.9800000000,24.2300000000,24.4000000000,26269324,637244689.5600,2,2.251800,1,-0.696700,39.881233,2.310138,1.192927,-140.925976,0
2025-09-10,sh.600498,24.3900000000,24.5600000000,24.0000000000,24.2800000000,24.2300000000,24421202,594765818.7800,2,2.093400,1,0.206400,39.963530,2.314905,1.195388,-141.216785,0
2025-09-11,sh.600498,24.4200000000,25.4500000000,24.2500000000,25.4000000000,24.2800000000,58060014,1446827882.6300,2,4.976900,1,4.612900,41.806988,2.421688,1.250530,-147.730903,0
2025-09-12,sh.600498,25.1500000000,25.9000000000,25.1500000000,25.5300000000,25.4000000000,38956165,998767121.6700,2,3.339300,1,0.511800,42.020961,2.434083,1.256930,-148.487006,0
2025-09-15,sh.600498,25.4000000000,25.4700000000,24.9100000000,24.9700000000,25.5300000000,32971445,825009194.4400,2,2.826300,1,-2.193500,41.099232,2.380691,1.229359,-145.229947,0
2025-09-16,sh.600498,24.9500000000,25.8800000000,24.8600000000,25.5400000000,24.9700000000,40788668,1040787085.0000,2,3.496400,1,2.282700,42.037420,2.435036,1.257422,-148.545168,0
2025-09-17,sh.600498,25.4800000000,26.6000000000,25.3000000000,26.2500000000,25.5400000000,44786532,1171939069.8400,2,3.839100,1,2.780000,43.206041,2.502729,1.292378,-152.674654,0
2025-09-18,sh.600498,26.2500000000,28.8800000000,26.1700000000,28.8800000000,26.2500000000,151621783,4283497533.2300,2,12.997000,1,10.019000,47.534875,2.753479,1.421862,-167.971200,0
2025-09-19,sh.600498,30.4700000000,31.4800000000,29.6100000000,29.8800000000,28.8800000000,172650323,5241278797.0800,2,14.799600,1,3.462600,49.180819,2.848821,1.471096,-173.787378,0
2025-09-22,sh.600498,29.8000000000,30.8500000000,29.0000000000,29.6500000000,29.8800000000,127845376,3811810070.1400,2,10.958900,1,-0.769700,48.802252,2.826892,1.459772,-172.449657,0
2025-09-23,sh.600498,29.7500000000,30.0000000000,27.2000000000,28.0600000000,29.6500000000,123255642,3480106020.3500,2,10.565500,1,-5.362600,46.185200,2.675298,1.381491,-163.201935,0
2025-09-24,sh.600498,28.0900000000,28.8000000000,27.7100000000,28.4900000000,28.0600000000,81297036,2300787112.9100,2,6.968800,1,1.532400,46.892956,2.716295,1.402661,-165.702891,0
2025-09-25,sh.600498,28.4000000000,29.8300000000,28.2700000000,29.1400000000,28.4900000000,94145250,2739720530.2600,2,8.070100,1,2.281500,47.962820,2.778268,1.434663,-169.483406,0
2025-09-26,sh.600498,29.1400000000,29.6800000000,28.1300000000,28.1500000000,29.1400000000,59080547,1696546260.9700,2,5.064400,1,-3.397400,46.333335,2.683879,1.385922,-163.725391,0
2025-09-29,sh.600498,28.0000000000,28.2900000000,27.4900000000,27.9800000000,28.1500000000,49228039,1371515901.2400,2,4.219800,1,-0.603900,46.053525,2.667671,1.377552,-162.736641,0
2025-09-30,sh.600498,28.5900000000,28.7100000000,27.3300000000,27.4500000000,27.9800000000,52576135,1459273673.3500,2,4.506800,1,-1.894200,45.181174,2.617139,1.351458,-159.654067,0
2025-10-09,sh.600498,27.4900000000,28.5000000000,27.4900000000,27.8100000000,27.4500000000,64442373,1802668992.0900,2,5.439200,1,1.311500,46.428840,2.689411,1.388779,-164.062872,0
2025-10-10,sh.600498,27.5100000000,27.9500000000,26.8300000000,27.2500000000,27.8100000000,55518622,1516254398.4600,2,4.686000,1,-2.013700,45.493919,2.635255,1.360813,-160.759196,0
2025-10-13,sh.600498,26.0000000000,27.1900000000,25.9000000000,26.8500000000,27.2500000000,42614206,1130244466.0100,2,3.596800,1,-1.467900,44.826119,2.596573,1.340838,-158.399428,0
2025-10-14,sh.600498,26.9000000000,27.1800000000,25.0900000000,25.2400000000,26.8500000000,59105775,1534573171.0800,2,4.988700,1,-5.996300,42.138221,2.440875,1.260438,-148.901362,0
2025-10-15,sh.600498,25.3500000000,26.8800000000,25.2900000000,26.2500000000,25.2400000000,64384704,1689127382.4900,2,5.434300,1,4.001600,43.824418,2.538549,1.310875,-154.859776,0
2025-10-16,sh.600498,26.3800000000,27.1500000000,26.0400000000,26.6200000000,26.2500000000,57961436,1546902631.2200,2,4.892200,1,1.409500,44.442133,2.574330,1.329352,-157.042562,0
2025-10-17,sh.600498,27.1500000000,27.2900000000,25.5100000000,25.5500000000,26.6200000000,47060719,1235458190.6300,2,3.972100,1,-4.019500,42.655767,2.470854,1.275918,-150.730182,0
2025-10-20,sh.600498,25.9000000000,26.6000000000,25.5700000000,25.8300000000,25.5500000000,34863806,906667548.1700,2,2.942600,1,1.095900,43.123227,2.497932,1.289901,-152.382020,0
2025-10-21,sh.600498,25.6600000000,26.3900000000,25.4900000000,26.1500000000,25.8300000000,38108832,991382245.5900,2,3.216500,1,1.238900,43.657468,2.528878,1.305881,-154.269834,0
2025-10-22,sh.600498,25.9600000000,25.9900000000,25.5700000000,25.6700000000,26.1500000000,25067902,645757509.2600,2,2.115800,1,-1.835600,42.856107,2.482459,1.281911,-151.438113,0
2025-10-23,sh.600498,25.6000000000,25.6600000000,24.4500000000,25.1000000000,25.6700000000,38330407,950139912.7300,2,3.235200,1,-2.220500,41.904491,2.427336,1.253446,-148.075443,0
2025-10-24,sh.600498,25.3300000000,25.6600000000,25.2000000000,25.5600000000,25.1000000000,34850675,888385223.4500,2,2.941500,1,1.832700,42.672462,2.471821,1.276418,-150.789176,0
2025-10-27,sh.600498,25.7100000000,26.4000000000,25.7100000000,26.2500000000,25.5600000000,41397403,1083390115.8300,2,3.494100,1,2.699500,43.824418,2.538549,1.310875,-154.859776,0
2025-10-28,sh.600498,26.1300000000,26.5200000000,26.0800000000,26.2400000000,26.2500000000,32599618,856829021.7800,2,2.751500,1,-0.038100,43.807723,2.537582,1.310376,-154.800782,0
2025-10-29,sh.600498,26.3500000000,26.4600000000,25.9100000000,26.2500000000,26.2400000000,28555464,747805689.1800,2,2.410200,1,0.038100,43.824418,2.538549,1.310875,-154.859776,0
2025-10-30,sh.600498,26.4900000000,26.4900000000,25.0000000000,25.0900000000,26.2500000000,53841144,1371270452.7700,2,4.544400,1,-4.419000,39.356692,2.138718,1.322060,66.154574,0
2025-10-31,sh.600498,25.1000000000,25.1500000000,24.2600000000,24.3100000000,25.0900000000,48300835,1186088111.8100,2,4.076800,1,-3.108800,38.133168,2.072229,1.280960,64.097955,0
2025-11-03,sh.600498,24.1900000000,24.3100000000,23.8500000000,24.2800000000,24.3100000000,28271807,680602289.9600,2,2.386200,1,-0.123400,38.086110,2.069672,1.279379,64.018855,0
2025-11-04,sh.600498,24.2800000000,24.2800000000,23.6000000000,23.8100000000,24.2800000000,25336929,605255214.8700,2,2.138500,1,-1.935700,37.348858,2.029608,1.254613,62.779610,0
2025-11-05,sh.600498,23.5000000000,23.9300000000,23.4200000000,23.7600000000,23.8100000000,20393204,483298820.4900,2,1.721300,1,-0.210000,37.270427,2.025346,1.251979,62.647775,0
2025-11-06,sh.600498,23.8600000000,24.2600000000,23.7900000000,24.2500000000,23.7600000000,34957099,843381469.7800,2,2.950500,1,2.062300,38.039051,2.067115,1.277798,63.939754,0
2025-11-07,sh.600498,24.1000000000,24.4400000000,23.9200000000,24.3300000000,24.2500000000,28828123,697637782.7800,2,2.433200,1,0.329900,38.145799,2.072916,1.281384,64.119186,0
2025-11-10,sh.600498,24.3300000000,24.6100000000,23.9100000000,24.1300000000,24.3300000000,28209055,681898226.6200,2,2.380900,1,-0.822000,37.832228,2.055876,1.270851,63.592106,0
2025-11-11,sh.600498,24.1400000000,24.2800000000,23.7300000000,23.8300000000,24.1300000000,21554727,515943413.6900,2,1.819300,1,-1.243300,37.361873,2.030316,1.255051,62.801488,0
2025-11-12,sh.600498,23.7100000000,23.7800000000,23.2800000000,23.4000000000,23.8300000000,20557140,482440804.3400,2,1.735100,1,-1.804400,36.687698,1.993680,1.232404,61.668267,0
2025-11-13,sh.600498,23.3200000000,23.5200000000,23.1100000000,23.5000000000,23.4000000000,18825440,439370003.6800,2,1.588900,1,0.427400,36.844483,2.002200,1.237670,61.931807,0
2025-11-14,sh.600498,23.4000000000,23.4500000000,23.1200000000,23.1200000000,23.5000000000,18443808,429036687.2500,2,1.556700,1,-1.617000,36.248700,1.969824,1.217657,60.930356,0
2025-11-17,sh.600498,23.0100000000,23.2600000000,22.8800000000,23.1200000000,23.1200000000,19280304,444628442.0500,2,1.627300,1,0.000000,36.248700,1.969824,1.217657,60.930356,0
2025-11-18,sh.600498,23.0800000000,23.2700000000,22.8800000000,23.0600000000,23.1200000000,16884460,389698962.9700,2,1.425100,1,-0.259500,36.154629,1.964712,1.214497,60.772233,0
2025-11-19,sh.600498,23.0100000000,23.1400000000,22.5200000000,22.7800000000,23.0600000000,22080630,502557025.7900,2,1.863700,1,-1.214200,35.715631,1.940856,1.199750,60.034322,0
2025-11-20,sh.600498,22.9300000000,23.0500000000,22.5500000000,22.5800000000,22.7800000000,16862978,382792643.4800,2,1.423300,1,-0.878000,35.402060,1.923816,1.189217,59.507243,0
2025-11-21,sh.600498,21.9500000000,22.1900000000,21.5800000000,21.6100000000,22.5800000000,29093398,635474650.2200,2,2.420300,1,-4.295800,33.881246,1.841172,1.138130,56.950908,0
2025-11-24,sh.600498,21.8200000000,22.1800000000,21.6700000000,22.0900000000,21.6100000000,21083376,462642538.6000,2,1.754000,1,2.221200,34.633814,1.882068,1.163410,58.215899,0
2025-11-25,sh.600498,22.2000000000,23.0300000000,22.1600000000,22.8300000000,22.0900000000,37339739,851077946.5200,2,3.106400,1,3.349900,35.794023,1.945116,1.202384,60.166092,0
2025-11-26,sh.600498,22.8300000000,24.1000000000,22.6400000000,23.3000000000,22.8300000000,57445506,1339891222.7900,2,4.779000,1,2.058700,36.530913,1.985160,1.227137,61.404728,0
2025-11-27,sh.600498,23.0500000000,23.3900000000,22.9000000000,22.9200000000,23.3000000000,42034992,973590743.2600,2,3.497000,1,-1.630900,35.935130,1.952784,1.207124,60.403277,0
2025-11-28,sh.600498,22.8400000000,22.9900000000,22.6700000000,22.8600000000,22.9200000000,20242244,462534449.8900,2,1.684000,1,-0.261800,35.841059,1.947672,1.203964,60.245153,0
2025-12-01,sh.600498,22.9900000000,23.8500000000,22.9100000000,23.7400000000,22.8600000000,55807564,1314345000.4800,2,4.642800,1,3.849500,37.220767,2.022648,1.250311,62.564302,0
2025-12-02,sh.600498,23.3500000000,23.7400000000,22.8600000000,22.9200000000,23.7400000000,53325565,1227940668.1700,2,4.436300,1,-3.454100,35.935130,1.952784,1.207124,60.403277,0
2025-12-03,sh.600498,23.1000000000,23.3000000000,22.7000000000,22.7200000000,22.9200000000,31449284,720980264.5400,2,2.467200,1,-0.872600,37.630940,2.044937,1.264089,63.253761,0
2025-12-04,sh.600498,22.6700000000,22.6700000000,22.2000000000,22.5300000000,22.7200000000,30582382,686495724.1900,2,2.399100,1,-0.836300,37.316245,2.027836,1.253518,62.724790,0
2025-12-05,sh.600498,22.5100000000,23.0600000000,22.3500000000,22.9700000000,22.5300000000,41872483,957556121.6900,2,3.284800,1,1.953000,38.045013,2.067439,1.277998,63.949775,0
2025-12-08,sh.600498,23.2900000000,25.2600000000,23.2700000000,24.8500000000,22.9700000000,133601095,3305505213.7600,2,10.480800,1,8.184600,41.158841,2.236650,1.382597,69.183801,0
2025-12-09,sh.600498,24.8000000000,24.9900000000,24.3100000000,24.6300000000,24.8500000000,81976085,2026821997.6600,2,6.430900,1,-0.885300,40.794457,2.216849,1.370357,68.571309,0
2025-12-10,sh.600498,24.5000000000,25.0800000000,24.1100000000,24.8800000000,24.6300000000,64610065,1591096780.7700,2,5.068600,1,1.015000,41.208529,2.239350,1.384266,69.267323,0
2025-12-11,sh.600498,25.0800000000,25.8200000000,24.5800000000,25.4000000000,24.8800000000,120207014,3038477040.1900,2,9.430100,1,2.090000,42.069801,2.286154,1.413198,70.715032,0
2025-12-12,sh.600498,25.2800000000,26.9000000000,25.0100000000,26.4800000000,25.4000000000,143166216,3735791119.5500,2,11.231200,1,4.252000,43.858596,2.383360,1.473287,73.721813,0
2025-12-15,sh.600498,26.0400000000,27.2700000000,25.6700000000,26.7700000000,26.4800000000,125844265,3325253568.2600,2,9.872300,1,1.095200,44.338920,2.409462,1.489422,74.529190,0
2025-12-16,sh.600498,26.2000000000,26.3900000000,25.0800000000,25.3100000000,26.7700000000,85607099,2190079006.0200,2,6.715800,1,-5.453900,41.920735,2.278053,1.408191,70.464467,0
2025-12-17,sh.600498,25.6000000000,26.8000000000,25.4800000000,26.7000000000,25.3100000000,113491448,2970648711.1000,2,8.903200,1,5.491900,44.222980,2.403161,1.485527,74.334306,0
2025-12-18,sh.600498,27.0000000000,27.1800000000,26.2100000000,26.3100000000,26.7000000000,105291903,2810347233.8100,2,8.260000,1,-1.460700,43.577026,2.368059,1.463828,73.248524,0
2025-12-19,sh.600498,26.5800000000,28.4900000000,26.1000000000,27.5800000000,26.3100000000,147819791,4027003420.3900,2,11.624500,1,4.827100,45.576499,2.476714,1.530994,76.609434,0
2025-12-22,sh.600498,27.8300000000,29.3300000000,27.6000000000,28.5500000000,27.5800000000,147453330,4230730649.9900,2,11.595700,1,3.517000,47.179444,2.563821,1.584840,79.303819,0
2025-12-23,sh.600498,28.3100000000,28.5800000000,27.0200000000,27.4000000000,28.5500000000,104051464,2880081433.2800,2,8.182600,1,-4.028000,45.279046,2.460550,1.521002,76.109444,0
2025-12-24,sh.600498,27.0100000000,27.8100000000,26.7300000000,27.7500000000,27.4000000000,72512776,1990593933.7000,2,5.702400,1,1.277400,45.857428,2.491980,1.540431,77.081645,0
2025-12-25,sh.600498,27.5000000000,28.5200000000,27.4500000000,27.8700000000,27.7500000000,92094630,2582082115.5300,2,7.242300,1,0.432400,46.055730,2.502757,1.547092,77.414971,0
2025-12-26,sh.600498,27.7000000000,30.3600000000,27.6000000000,29.4500000000,27.8700000000,178725051,5192989113.3300,2,14.054900,1,5.669200,48.666712,2.644642,1.634800,81.803764,0
2025-12-29,sh.600498,30.5000000000,31.7400000000,30.0800000000,30.4700000000,29.4500000000,158719590,4868277705.8000,2,12.481700,1,3.463500,50.352282,2.736239,1.691421,84.637036,0
2025-12-30,sh.600498,30.0900000000,31.1500000000,28.8900000000,29.1600000000,30.4700000000,140790124,4188956067.8000,2,11.071700,1,-4.299300,48.187481,2.618600,1.618702,80.998226,0
2025-12-31,sh.600498,29.8900000000,32.0800000000,29.8900000000,32.0800000000,29.1600000000,134397498,4272374543.0500,2,10.569000,1,10.013700,53.012839,2.880819,1.780794,89.109160,0
2026-01-05,sh.600498,33.8100000000,35.2900000000,32.5800000000,35.2900000000,32.0800000000,134636077,4592856938.4200,2,10.587700,1,10.006200,58.317428,3.169081,1.958984,98.025631,0
2026-01-06,sh.600498,35.9800000000,36.8700000000,33.4800000000,35.2800000000,35.2900000000,277851812,9750382236.8700,2,21.850200,1,-0.028300,58.300903,3.168183,1.958429,97.997854,0
2026-01-07,sh.600498,34.6800000000,38.3600000000,34.0100000000,36.7000000000,35.2800000000,240331182,8754787185.1600,2,18.899600,1,4.024900,60.647481,3.295700,2.037255,101.942212,0
2026-01-08,sh.600498,35.9700000000,38.3400000000,35.2400000000,37.5000000000,36.7000000000,207773248,7691697897.6500,2,16.339200,1,2.179800,61.969497,3.367541,2.081664,104.164386,0
2026-01-09,sh.600498,38.5000000000,40.4500000000,37.0700000000,38.9300000000,37.5000000000,217589359,8414941771.8900,2,17.111200,1,3.813300,64.332600,3.495957,2.161044,108.136521,0
2026-01-12,sh.600498,42.3000000000,42.8200000000,42.2800000000,42.8200000000,38.9300000000,48205065,2059356227.6100,2,3.790800,1,9.992300,70.760903,3.845283,2.376982,118.941840,0
2026-01-13,sh.600498,47.1000000000,47.1000000000,39.6200000000,44.3200000000,42.8200000000,307959559,13915552521.6500,2,24.217900,1,3.503000,73.239683,3.979985,2.460249,123.108415,0
2026-01-14,sh.600498,45.8800000000,48.7500000000,40.4200000000,47.8600000000,44.3200000000,361682824,16678136493.9300,2,28.442600,1,7.987400,79.089603,4.297881,2.656758,132.941533,0
2026-01-15,sh.600498,43.0700000000,43.0700000000,43.0700000000,43.0700000000,47.8600000000,24984000,1076060880.0000,2,1.964700,1,-10.008400,71.174033,3.867733,2.390860,119.636269,0
2026-01-16,sh.600498,38.7600000000,41.0200000000,38.7600000000,39.0200000000,43.0700000000,256671025,10184002720.5900,2,20.184500,1,-9.403300,64.481327,3.504039,2.166040,108.386515,0
2026-01-19,sh.600498,39.0900000000,40.7100000000,38.2800000000,39.3100000000,39.0200000000,163126390,6461162784.7700,2,12.828200,1,0.743200,64.960558,3.530081,2.182138,109.192053,0
2026-01-20,sh.600498,40.0000000000,40.6000000000,36.3800000000,37.0700000000,39.3100000000,155652645,5877577348.6100,2,12.240500,1,-5.698300,61.258913,3.328927,2.057794,102.969967,0
2026-01-21,sh.600498,37.1100000000,37.9900000000,36.3800000000,36.5900000000,37.0700000000,95755840,3542167620.9900,2,7.530200,1,-1.294800,60.465704,3.285822,2.031148,101.636663,0
2026-01-22,sh.600498,36.7000000000,38.3200000000,36.1600000000,38.0200000000,36.5900000000,130410828,4881779928.4800,2,10.255500,1,3.908200,62.828807,3.414238,2.110529,105.608798,0
2026-01-23,sh.600498,38.7000000000,41.8200000000,38.7000000000,41.8200000000,38.0200000000,114289727,4645898621.8200,2,8.987700,1,9.994700,69.108383,3.755482,2.321471,116.164123,0
2026-01-26,sh.600498,42.0000000000,42.8600000000,39.5100000000,40.1700000000,41.8200000000,162319961,6668851365.2700,2,12.764800,1,-3.945500,66.381725,3.607310,2.229878,111.580890,0
2026-01-27,sh.600498,39.9200000000,41.5600000000,38.9000000000,39.8800000000,40.1700000000,97315335,3870509033.6800,2,7.652900,1,-0.721900,65.902494,3.581268,2.213780,110.775352,0
2026-01-28,sh.600498,41.7000000000,42.0000000000,39.0100000000,40.3900000000,39.8800000000,135795184,5477757993.6100,2,10.678900,1,1.278800,66.745279,3.627066,2.242090,112.191988,0
2026-01-29,sh.600498,39.6700000000,41.2500000000,39.4700000000,39.6000000000,40.3900000000,99749923,4020929832.9700,2,7.844300,1,-1.955900,65.439789,3.556123,2.198237,109.997591,0
2026-01-30,sh.600498,39.0400000000,40.7200000000,37.5900000000,39.6000000000,39.6000000000,102553128,4007064058.0900,2,8.064800,1,0.000000,65.439789,3.556123,2.198237,109.997591,0
2026-02-02,sh.600498,40.6000000000,42.2800000000,39.2500000000,39.3800000000,39.6000000000,116870111,4764374706.0000,2,9.190600,1,-0.555600,65.076234,3.536367,2.186024,109.386494,0
2026-02-03,sh.600498,40.1600000000,42.3800000000,39.8000000000,42.3800000000,39.3800000000,126550380,5214585725.2300,2,9.951900,1,7.618100,70.033794,3.805771,2.352557,117.719644,0
2026-02-04,sh.600498,41.5100000000,42.4800000000,39.9000000000,40.8300000000,42.3800000000,110440285,4506541123.7500,2,8.685000,1,-3.657400,67.472388,3.666579,2.266515,113.414183,0
2026-02-05,sh.600498,39.9000000000,40.7300000000,38.4000000000,39.0700000000,40.8300000000,80834448,3184300507.8100,2,6.356800,1,-4.310600,64.563953,3.508529,2.168816,108.525401,0
2026-02-06,sh.600498,38.6000000000,42.9800000000,38.5000000000,41.2500000000,39.0700000000,177270405,7414935977.9400,2,13.940500,1,5.579700,68.166447,3.704295,2.289830,114.580824,0
2026-02-09,sh.600498,42.5000000000,43.3300000000,40.7700000000,42.8400000000,41.2500000000,133934306,5665315023.9600,2,10.532600,1,3.854500,70.793953,3.847079,2.378092,118.997394,0
2026-02-10,sh.600498,42.8300000000,45.3600000000,42.7200000000,43.8600000000,42.8400000000,123113466,5429580212.8900,2,9.681600,1,2.381000,72.479523,3.938676,2.434714,121.830665,0
2026-02-11,sh.600498,42.5600000000,45.4300000000,41.4700000000,41.6200000000,43.8600000000,111615525,4803573821.8000,2,8.777400,1,-5.107200,68.777879,3.737522,2.310369,115.608580,0
2026-02-12,sh.600498,41.6500000000,44.2300000000,40.8800000000,43.3700000000,41.6200000000,107263113,4599723009.7500,2,8.435100,1,4.204700,71.669789,3.894674,2.407513,120.469584,0
2026-02-13,sh.600498,43.0100000000,44.2900000000,41.5300000000,41.6400000000,43.3700000000,84615442,3598833117.3000,2,6.654100,1,-3.988900,68.810929,3.739318,2.311479,115.664134,0
2026-02-24,sh.600498,43.3500000000,45.5200000000,43.3400000000,44.0400000000,41.6400000000,103839744,4605242023.7800,2,8.165900,1,5.763700,72.776977,3.954840,2.444706,122.330655,0
2026-02-25,sh.600498,43.8000000000,44.2800000000,42.2400000000,42.6000000000,44.0400000000,95145270,4075529397.2500,2,7.482200,1,-3.269800,70.397348,3.825527,2.364770,118.330742,0
2026-02-26,sh.600498,43.0900000000,46.8600000000,43.0000000000,46.8600000000,42.6000000000,178835380,8178649243.4900,2,14.063600,1,10.000000,77.437083,4.208079,2.601247,130.163816,0
2026-02-27,sh.600498,45.5500000000,51.5500000000,45.5500000000,51.5500000000,46.8600000000,157100456,7671116287.8800,2,12.354300,1,10.008500,85.187402,4.629247,2.861593,143.191309,0
2026-03-02,sh.600498,55.0000000000,56.7100000000,54.5900000000,56.7100000000,51.5500000000,35454084,1983503466.6600,2,2.788100,1,10.009700,93.714404,5.092620,3.148030,157.524328,0
2026-03-03,sh.600498,58.4100000000,60.2100000000,55.0000000000,56.1300000000,56.7100000000,243516825,13990422735.2200,2,19.150100,1,-1.022700,92.755943,5.040536,3.115834,155.913252,0
2026-03-04,sh.600498,54.0000000000,58.9300000000,54.0000000000,58.4400000000,56.1300000000,159023044,9080670366.8900,2,12.505500,1,4.115400,96.573264,5.247976,3.244064,162.329779,0
2026-03-05,sh.600498,59.0000000000,59.6100000000,55.0000000000,56.7700000000,58.4400000000,140138675,7978702368.9700,2,11.020500,1,-2.857600,93.813556,5.098008,3.151361,157.690991,0
2026-03-06,sh.600498,55.5000000000,56.1300000000,52.4000000000,52.7600000000,56.7700000000,137240804,7353053597.8800,2,10.792600,1,-7.063600,87.186951,4.737906,2.928762,146.552346,0
2026-03-09,sh.600498,50.8600000000,52.2000000000,47.6000000000,52.0000000000,52.7600000000,124158461,6161074456.4400,2,9.763800,1,-1.440500,85.931036,4.669657,2.886573,144.441281,0
2026-03-10,sh.600498,53.0000000000,57.2000000000,52.7100000000,57.2000000000,52.0000000000,144011656,8010268053.2200,2,11.325000,1,10.000000,94.524139,5.136623,3.175231,158.885410,0
2026-03-11,sh.600498,58.6000000000,61.7800000000,56.6600000000,57.0300000000,57.2000000000,183744064,10867585995.2000,2,14.449600,1,-0.297200,94.243211,5.121357,3.165794,158.413198,0
2026-03-12,sh.600498,57.0200000000,59.5900000000,55.0000000000,55.5000000000,57.0300000000,103514093,5904605029.2100,2,8.140300,1,-2.682800,91.714855,4.983961,3.080862,154.163291,0
2026-03-13,sh.600498,55.0000000000,56.1200000000,52.2100000000,52.3600000000,55.5000000000,81992660,4417210594.1100,2,6.447900,1,-5.657700,86.525943,4.701985,2.906557,145.441260,0
2026-03-16,sh.600498,52.8300000000,53.3000000000,50.1900000000,51.1100000000,52.3600000000,64204269,3289823446.0000,2,5.049000,1,-2.387300,84.460293,4.589734,2.837169,141.969113,0
2026-03-17,sh.600498,51.3300000000,51.5000000000,46.5500000000,46.7700000000,51.1100000000,91914229,4424281283.9100,2,7.228100,1,-8.491500,77.288356,4.199997,2.596251,129.913822,0
2026-03-18,sh.600498,47.7500000000,47.9900000000,46.3000000000,47.6500000000,46.7700000000,88309284,4165777739.8800,2,6.944600,1,1.881500,78.742574,4.279022,2.645100,132.358213,0
