date,code,open,high,low,close,preclose,volume,amount,adjustflag,turn,tradestatus,pctChg,peTTM,pbMRQ,psTTM,pcfNcfTTM,isST
2023-06-26,sh.605268,9.1147467500,9.1332538500,8.9574364000,8.9851970500,9.1425074000,1587807,15467280.3200,2,2.134700,1,-1.720600,-205.738487,2.555430,1.902377,-292.393880,0
2023-06-27,sh.605268,8.9481828500,9.4108603500,8.9296757500,9.3923532500,8.9851970500,3994000,40037768.0000,2,5.369700,1,4.531400,-215.061343,2.671227,1.988582,-305.643448,0
2023-06-28,sh.605268,9.3923532500,9.5033958500,9.2535500000,9.5033958500,9.3923532500,4079307,41547631.7000,2,5.484400,1,1.182300,-217.603940,2.702808,2.012092,-309.256967,0
2023-06-29,sh.605268,9.4386210000,9.6792133000,9.3923532500,9.4108603500,9.5033958500,4836600,49743572.0000,2,6.502600,1,-0.973700,-215.485109,2.676490,1.992500,-306.245702,0
2023-06-30,sh.605268,9.5774242500,9.7069739500,9.4386210000,9.4663816500,9.4108603500,3932200,40605515.0000,2,5.286600,1,0.590000,-216.756408,2.692281,2.004255,-308.052461,0
2023-07-03,sh.605268,9.4663816500,9.6236920000,9.3645926000,9.5681707000,9.4663816500,3520851,36235980.2700,2,4.733600,1,1.075300,-219.087122,2.721230,2.025806,-311.364853,0
2023-07-04,sh.605268,9.5404100500,9.6884668500,9.4571281000,9.6144384500,9.5681707000,3045300,31576109.0000,2,4.094200,1,0.483600,-220.146538,2.734389,2.035602,-312.870486,0
2023-07-05,sh.605268,9.6521789100,9.6710492500,9.5389568700,9.5483920400,9.6144382300,2608407,26599453.3400,2,3.506900,1,-0.686900,-214.425694,2.663332,1.982704,-304.740069,0
2023-07-06,sh.605268,9.5672623800,9.6333085700,9.4540403400,9.6238734000,9.5483920400,2698542,27397676.0400,2,3.628000,1,0.790500,-216.120759,2.684386,1.998378,-307.149081,0
2023-07-07,sh.605268,9.5766975500,9.6993547600,9.4917810200,9.6804844200,9.6238734000,3084500,31479385.0000,2,4.146900,1,0.588200,-217.392057,2.700176,2.010133,-308.955840,0
2023-07-10,sh.605268,9.6144382300,9.6993547600,9.5295217000,9.5483920400,9.6804844200,3096200,31529632.0000,2,4.162700,1,-1.364500,-214.425694,2.663332,1.982704,-304.740069,0
2023-07-11,sh.605268,9.6238734000,9.7559657800,9.5200865300,9.7276602700,9.5483920400,3984885,40958135.9800,2,5.357500,1,1.877500,-218.451473,2.713335,2.019929,-310.461473,0
2023-07-12,sh.605268,9.6804844200,9.8503174800,9.6521789100,9.7748361200,9.7276602700,3864943,39981246.3300,2,5.196200,1,0.485000,-219.510888,2.726494,2.029725,-311.967106,0
2023-07-13,sh.605268,9.7465306100,9.8408823100,9.5483920400,9.7748361200,9.7748361200,4031200,41568920.0000,2,5.419700,1,0.000000,-219.510888,2.726494,2.029725,-311.967106,0
2023-07-14,sh.605268,9.6804844200,9.8880581600,9.6804844200,9.7937064600,9.7748361200,4399400,45696252.0000,2,5.914800,1,0.193100,-219.934654,2.731757,2.033643,-312.569359,0
2023-07-17,sh.605268,9.9069285000,10.1239374100,9.5012161900,9.7370954400,9.7937064600,6620700,68026600.0000,2,8.901200,1,-0.578000,-218.663356,2.715967,2.021888,-310.762600,0
2023-07-18,sh.605268,9.7937064600,9.9541043500,9.6333085700,9.9352340100,9.7370954400,4245284,44272941.8400,2,5.707600,1,2.034900,-223.112901,2.771233,2.063031,-317.086257,0
2023-07-19,sh.605268,9.9069285000,10.0956319000,9.8880581600,9.9824098600,9.9352340100,3319200,35203340.0000,2,4.462500,1,0.474800,-224.172316,2.784392,2.072827,-318.591890,0
2023-07-20,sh.605268,10.0484560500,10.0767615600,9.8408823100,9.8691878200,9.9824098600,2700400,28453854.0000,2,3.630500,1,-1.134200,-221.629719,2.752811,2.049317,-314.978371,0
2023-07-21,sh.605268,9.8880581600,9.9352340100,9.6993547600,9.7465306100,9.8691878200,1767200,18322195.0000,2,2.375900,1,-1.242800,-218.875239,2.718598,2.023847,-311.063726,0
2023-07-24,sh.605268,9.7748361200,9.8691878200,9.5861327200,9.6804844200,9.7465306100,2198400,22571415.0000,2,2.955600,1,-0.677600,-217.392057,2.700176,2.010133,-308.955840,0
2023-07-25,sh.605268,9.7748361200,10.0956319000,9.6050030600,10.0484560500,9.6804844200,5005500,53092658.0000,2,6.729600,1,3.801200,-225.655498,2.802814,2.086541,-320.699776,0
2023-07-26,sh.605268,9.9824098600,10.1239374100,9.8503174800,10.0578912200,10.0484560500,4238400,44953535.0000,2,5.698300,1,0.093900,-225.867381,2.805446,2.088501,-321.000902,0
2023-07-27,sh.605268,9.9918450300,10.1994187700,9.9069285000,9.9446691800,10.0578912200,4871600,51886511.0000,2,6.549600,1,-1.125700,-223.324784,2.773865,2.064990,-317.387384,0
2023-07-28,sh.605268,9.8974933300,10.1522429200,9.8974933300,10.1050670700,9.9446691800,2903952,31037908.4000,2,3.904200,1,1.612900,-226.926797,2.818605,2.098297,-322.506535,0
2023-07-31,sh.605268,10.1050670700,10.3315111500,9.9729746900,10.1711132600,10.1050670700,5027400,53892931.5700,2,6.759100,1,0.653600,-228.409978,2.837027,2.112011,-324.614421,0
2023-08-01,sh.605268,10.1711132600,10.2749001300,10.0767615600,10.1428077500,10.1711132600,4099100,44264613.0000,2,5.511000,1,-0.278300,-227.774329,2.829132,2.106133,-323.711041,0
2023-08-02,sh.605268,10.1428077500,10.2937704700,10.0767615600,10.1899836000,10.1428077500,4291807,46304708.9500,2,5.770100,1,0.465100,-228.833745,2.842291,2.115929,-325.216674,0
2023-08-03,sh.605268,10.1899836000,10.2654649600,10.0201505400,10.1899836000,10.1899836000,4990300,53766243.0000,2,6.709200,1,0.000000,-228.833745,2.842291,2.115929,-325.216674,0
2023-08-04,sh.605268,10.2182891100,10.4258628500,9.9635395200,9.9824098600,10.1899836000,5827300,62735898.0000,2,7.834500,1,-2.037000,-224.172316,2.784392,2.072827,-318.591890,0
2023-08-07,sh.605268,10.0107153700,10.0390208800,9.8125768000,9.9069285000,9.9824098600,2636900,27679767.0000,2,3.545200,1,-0.756100,-222.477252,2.763338,2.057154,-316.182878,0
2023-08-08,sh.605268,9.9069285000,10.0201505400,9.8314471400,9.9352340100,9.9069285000,2088900,22013713.0000,2,2.808400,1,0.285700,-223.112901,2.771233,2.063031,-317.086257,0
2023-08-09,sh.605268,9.8691878200,10.1333725800,9.8220119700,9.8974933300,9.9352340100,2014700,21295749.0000,2,2.708700,1,-0.379900,-222.265369,2.760706,2.055194,-315.881751,0
2023-08-10,sh.605268,9.8786229900,9.9541043500,9.7559657800,9.9352340100,9.8974933300,1977600,20656990.0000,2,2.658800,1,0.381300,-223.112901,2.771233,2.063031,-317.086257,0
2023-08-11,sh.605268,9.9257988400,9.9824098600,9.7654009500,9.7748361200,9.9352340100,1873700,19591063.0000,2,2.519100,1,-1.614400,-219.510888,2.726494,2.029725,-311.967106,0
2023-08-14,sh.605268,9.7654009500,9.8125768000,9.5672623800,9.7937064600,9.7748361200,1977042,20276139.3000,2,2.658000,1,0.193100,-219.934654,2.731757,2.033643,-312.569359,0
2023-08-15,sh.605268,9.7276602700,9.8786229900,9.6899195900,9.8408823100,9.7937064600,2601100,27023776.0000,2,3.497000,1,0.481700,-220.994070,2.744916,2.043439,-314.074992,0
2023-08-16,sh.605268,9.8031416300,10.0107153700,9.7182251000,9.8220119700,9.8408823100,3662300,38250136.7400,2,4.923800,1,-0.191800,-220.570304,2.739652,2.039521,-313.472739,0
2023-08-17,sh.605268,9.8220119700,10.1050670700,9.6616140800,10.0390208800,9.8220119700,5060642,53013022.4600,2,6.803800,1,2.209400,-225.443615,2.800183,2.084582,-320.398649,0
2023-08-18,sh.605268,10.0578912200,10.2277242800,9.7654009500,10.1050670700,10.0390208800,5868645,62418339.0700,2,7.890100,1,0.657900,-226.926797,2.818605,2.098297,-322.506535,0
2023-08-21,sh.605268,10.1050670700,10.1805484300,9.7087899300,9.7087899300,10.1050670700,3505200,36970258.0000,2,4.712600,1,-3.921600,-218.027707,2.708071,2.016011,-309.859220,0
2023-08-22,sh.605268,9.7370954400,9.8408823100,9.5200865300,9.6238734000,9.7087899300,2440542,24941352.8800,2,3.281200,1,-0.874600,-216.120759,2.684386,1.998378,-307.149081,0
2023-08-23,sh.605268,9.6238734000,9.6238734000,9.2181610900,9.2181610900,9.6238734000,2944707,29242188.4600,2,3.959000,1,-4.215700,-207.009786,2.571220,1.914132,-294.200640,0
2023-08-24,sh.605268,9.3125127900,9.3219479600,9.1426797300,9.2087259200,9.2181610900,1880100,18374460.0000,2,2.527700,1,-0.102400,-206.797902,2.568589,1.912173,-293.899513,0
2023-08-25,sh.605268,9.1898555800,9.2464666000,8.9634115000,9.0011521800,9.2087259200,1574942,15165614.8800,2,2.117400,1,-2.254100,-202.136474,2.510690,1.869071,-287.274729,0
2023-08-28,sh.605268,9.4257348300,9.7087899300,9.1332445600,9.5012161900,9.0011521800,4374191,43906663.5800,2,5.880900,1,5.555600,-213.366278,2.650173,1.972908,-303.234436,0
2023-08-29,sh.605268,9.4162996600,9.9635395200,9.3879941500,9.9352340100,9.5012161900,4286391,44620947.2100,2,5.762800,1,4.568000,-223.112901,2.771233,2.063031,-317.086257,0
2023-08-30,sh.605268,9.9352340100,10.1899836000,9.9352340100,10.1711132600,9.9352340100,3271142,35109593.2400,2,4.397900,1,2.374200,-228.409978,2.837027,2.112011,-324.614421,0
2023-08-31,sh.605268,10.1899836000,10.3126408100,10.1616780900,10.2371594500,10.1711132600,4902400,53292446.0000,2,6.591000,1,0.649400,259.359029,2.951832,2.047733,-218.036227,0
2023-09-01,sh.605268,10.4352980200,10.6617421000,10.3032056400,10.5485200600,10.2371594500,6261461,69746829.3100,2,8.418200,1,3.041500,267.247368,3.041611,2.110014,-224.667744,0
2023-09-04,sh.605268,10.4824738700,10.8504455000,10.4824738700,10.6806124400,10.5485200600,6125219,69587438.0000,2,8.235000,1,1.252200,270.593936,3.079699,2.136437,-227.481114,0
2023-09-05,sh.605268,10.7277882900,10.7277882900,10.4352980200,10.4824738700,10.6806124400,4258500,47544359.0000,2,5.725300,1,-1.855100,265.574084,3.022567,2.096803,-223.261058,0
2023-09-06,sh.605268,10.5485200600,10.6334365900,10.2088539400,10.2465946200,10.4824738700,3464149,38118545.1300,2,4.657400,1,-2.250200,259.598070,2.954553,2.049620,-218.237182,0
2023-09-07,sh.605268,10.3126408100,10.6240014200,10.1145022400,10.1239374100,10.2465946200,3455200,37668039.0000,2,4.645300,1,-1.197100,256.490542,2.919185,2.025085,-215.624766,0
2023-09-08,sh.605268,10.1522429200,10.2465946200,9.9352340100,9.9729746900,10.1239374100,2022800,21462737.0000,2,2.719500,1,-1.491100,252.665893,2.875656,1.994888,-212.409486,0
2023-09-11,sh.605268,9.9729746900,10.0578912200,9.8597526500,9.9163636700,9.9729746900,3136200,32995239.0000,2,4.216500,1,-0.567600,251.231649,2.859332,1.983564,-211.203755,0
2023-09-12,sh.605268,9.9729746900,9.9729746900,9.6616140800,9.6804844200,9.9163636700,2912849,30093065.1500,2,3.916200,1,-2.378700,245.255635,2.791318,1.936382,-206.179879,0
2023-09-13,sh.605268,9.7087899300,9.7087899300,9.3691238100,9.4446051700,9.6804844200,3032400,30429840.0000,2,4.076900,1,-2.436600,239.279620,2.723303,1.889199,-201.156003,0
2023-09-14,sh.605268,9.4729106800,9.5106513600,9.2653369400,9.3313831300,9.4446051700,3318500,32964866.0000,2,4.461500,1,-1.198800,236.411134,2.690656,1.866551,-198.744542,0
2023-09-15,sh.605268,9.3691238100,9.4917810200,9.2181610900,9.3691238100,9.3313831300,3487300,34545020.0000,2,4.688500,1,0.404400,237.367296,2.701539,1.874100,-199.548363,0
2023-09-18,sh.605268,9.3408183000,9.7370954400,9.2275962600,9.6616140800,9.3691238100,3704600,37598640.0000,2,4.980600,1,3.121900,244.777554,2.785877,1.932607,-205.777969,0
2023-09-19,sh.605268,9.6899195900,9.6993547600,9.5295217000,9.5672623800,9.6616140800,2046600,20781979.0000,2,2.751500,1,-0.976600,242.387148,2.758671,1.913734,-203.768419,0
2023-09-20,sh.605268,9.5578272100,9.6616140800,9.4917810200,9.5672623800,9.5672623800,1779827,18058716.7800,2,2.392900,1,0.000000,242.387148,2.758671,1.913734,-203.768419,0
2023-09-21,sh.605268,9.5106513600,9.6050030600,9.4446051700,9.5106513600,9.5672623800,1766800,17799687.0000,2,2.375400,1,-0.591700,240.952905,2.742347,1.902410,-202.562688,0
2023-09-22,sh.605268,9.3879941500,9.6238734000,9.3879941500,9.6050030600,9.5106513600,1925200,19420586.0000,2,2.588300,1,0.992100,243.343310,2.769553,1.921283,-204.572239,0
2023-09-25,sh.605268,9.6144382300,9.6710492500,9.4446051700,9.4729106800,9.6050030600,1507249,15213480.9800,2,2.026400,1,-1.375200,239.996742,2.731465,1.894861,-201.758868,0
2023-09-26,sh.605268,9.4729106800,9.5672623800,9.4162996600,9.4351700000,9.4729106800,1419917,14230188.7200,2,1.909000,1,-0.398400,239.040580,2.720583,1.887312,-200.955048,0
2023-09-27,sh.605268,9.3974293200,9.5389568700,9.3879941500,9.4257348300,9.4351700000,1545200,15474918.0000,2,2.077400,1,-0.100000,238.801539,2.717862,1.885424,-200.754093,0
2023-09-28,sh.605268,9.4162996600,9.5578272100,9.3408183000,9.3596886400,9.4257348300,3074800,30642787.0000,2,4.133900,1,-0.700700,237.128255,2.698818,1.872213,-199.347408,0
2023-10-09,sh.605268,9.3596886400,9.4162996600,9.1332445600,9.1709852400,9.3596886400,3595700,35143977.0000,2,4.834200,1,-2.016100,232.347444,2.644406,1.834467,-195.328307,0
2023-10-10,sh.605268,9.2464666000,9.2464666000,9.1049390500,9.1238093900,9.1709852400,2156400,20911751.0000,2,2.899200,1,-0.514400,231.152241,2.630803,1.825030,-194.323531,0
2023-10-11,sh.605268,9.1332445600,9.3219479600,9.1332445600,9.2370314300,9.1238093900,2304400,22537365.0000,2,3.098100,1,1.241000,234.020728,2.663450,1.847678,-196.734992,0
2023-10-12,sh.605268,9.2087259200,9.3596886400,9.1521149000,9.2747721100,9.2370314300,2754600,27007988.0000,2,3.703400,1,0.408600,234.976890,2.674333,1.855227,-197.538812,0
2023-10-13,sh.605268,9.2559017700,9.2747721100,9.0105873500,9.0577632000,9.2747721100,2511400,24188342.0000,2,3.376400,1,-2.339800,229.478957,2.611759,1.811819,-192.916846,0
2023-10-16,sh.605268,9.0388928600,9.1332445600,8.9917170100,9.0294576900,9.0577632000,1749000,16776668.0000,2,2.351400,1,-0.312500,228.761835,2.603598,1.806157,-192.313981,0
2023-10-17,sh.605268,9.0294576900,9.1709852400,9.0294576900,9.1049390500,9.0294576900,1429300,13782816.0000,2,1.921600,1,0.835900,230.674160,2.625362,1.821256,-193.921621,0
2023-10-18,sh.605268,9.1992907500,9.1992907500,8.8690598000,8.8973653100,9.1049390500,1555400,14751779.3900,2,2.091200,1,-2.279800,225.415267,2.565509,1.779735,-189.500610,0
2023-10-19,sh.605268,8.9256708200,9.1049390500,8.8596246300,8.9256708200,8.8973653100,1529127,14560957.9600,2,2.055800,1,0.318100,226.132389,2.573671,1.785397,-190.103475,0
2023-10-20,sh.605268,8.8973653100,9.0011521800,8.8596246300,8.8973653100,8.9256708200,1212600,11458398.0000,2,1.630300,1,-0.317100,225.415267,2.565509,1.779735,-189.500610,0
2023-10-23,sh.605268,8.8973653100,8.8973653100,8.6426157200,8.6897915700,8.8973653100,2049900,18954041.0000,2,2.756000,1,-2.333000,220.156374,2.505657,1.738214,-185.079599,0
2023-10-24,sh.605268,8.7369674200,9.1049390500,8.6897915700,9.0860687100,8.6897915700,1963188,18664831.8000,2,2.639400,1,4.560300,230.196078,2.619921,1.817481,-193.519711,0
2023-10-25,sh.605268,9.1238093900,9.1332445600,8.9634115000,9.1049390500,9.0860687100,1050600,10121935.0000,2,1.412500,1,0.207700,230.674160,2.625362,1.821256,-193.921621,0
2023-10-26,sh.605268,9.0483280300,9.0860687100,8.9068004800,8.9917170100,9.1049390500,1660083,15784993.8700,2,2.231900,1,-1.243500,227.805673,2.592715,1.798608,-191.510161,0
2023-10-27,sh.605268,8.9728466700,9.2275962600,8.9256708200,9.2181610900,8.9917170100,1433600,13894105.0000,2,1.927400,1,2.518400,233.542647,2.658009,1.843903,-196.333082,0
2023-10-30,sh.605268,9.3030776200,9.4257348300,9.1709852400,9.3313831300,9.2181610900,2038600,20091292.0000,2,2.740800,1,1.228200,236.411134,2.690656,1.866551,-198.744542,0
2023-10-31,sh.605268,9.2559017700,9.6899195900,9.2559017700,9.4351700000,9.3313831300,3438400,34416643.0000,2,4.622700,1,1.112200,107.211836,2.644186,1.741188,-129.876000,0
2023-11-01,sh.605268,9.4162996600,9.5672623800,9.3596886400,9.5389568700,9.4351700000,2616500,26346203.9700,2,3.517700,1,1.100000,108.391166,2.673272,1.760341,-131.304636,0
2023-11-02,sh.605268,9.5578272100,9.6050030600,9.4446051700,9.4917810200,9.5389568700,2162000,21788252.0000,2,2.906700,1,-0.494600,107.855107,2.660051,1.751635,-130.655256,0
2023-11-03,sh.605268,9.5200865300,9.6899195900,9.3974293200,9.6427437400,9.4917810200,1864800,19009632.0000,2,2.507100,1,1.590500,109.570497,2.702358,1.779494,-132.733272,0
2023-11-06,sh.605268,9.6427437400,9.7182251000,9.5483920400,9.5955678900,9.6427437400,1509500,15366249.0000,2,2.029400,1,-0.489200,109.034437,2.689137,1.770789,-132.083892,0
2023-11-07,sh.605268,9.5766975500,9.6899195900,9.4729106800,9.6238734000,9.5955678900,2885300,29345558.0000,2,3.879100,1,0.295000,109.356073,2.697069,1.776012,-132.473520,0
2023-11-08,sh.605268,9.6427437400,9.7182251000,9.5389568700,9.6238734000,9.6238734000,2078200,21205556.0000,2,2.794000,1,0.000000,109.356073,2.697069,1.776012,-132.473520,0
2023-11-09,sh.605268,9.6050030600,9.6993547600,9.5955678900,9.6804844200,9.6238734000,1940814,19876257.3600,2,2.609300,1,0.588200,109.999344,2.712934,1.786459,-133.252776,0
2023-11-10,sh.605268,9.6804844200,9.7748361200,9.5578272100,9.7370954400,9.6804844200,1560456,16038955.2200,2,2.098000,1,0.584800,110.642615,2.728800,1.796906,-134.032032,0
2023-11-13,sh.605268,9.7370954400,9.8220119700,9.6521789100,9.7654009500,9.7370954400,1887700,19451129.0000,2,2.537900,1,0.290700,110.964251,2.736732,1.802130,-134.421660,0
2023-11-14,sh.605268,9.8597526500,9.8691878200,9.7182251000,9.8031416300,9.7654009500,1441700,14959594.0000,2,1.938300,1,0.386500,111.393098,2.747309,1.809095,-134.941164,0
2023-11-15,sh.605268,9.8503174800,9.8880581600,9.7654009500,9.8031416300,9.8031416300,1313000,13661457.0000,2,1.765300,1,0.000000,111.393098,2.747309,1.809095,-134.941164,0
2023-11-16,sh.605268,9.7748361200,9.8597526500,9.7182251000,9.7937064600,9.8031416300,1508654,15656953.0600,2,2.028300,1,-0.096200,111.285886,2.744665,1.807353,-134.811288,0
2023-11-17,sh.605268,9.7559657800,9.8503174800,9.7276602700,9.8125768000,9.7937064600,1395300,14502500.0000,2,1.875900,1,0.192700,111.500310,2.749953,1.810836,-135.071040,0
2023-11-20,sh.605268,9.8220119700,9.8597526500,9.7748361200,9.8408823100,9.8125768000,1878000,19547347.0000,2,2.524900,1,0.288500,111.821945,2.757886,1.816059,-135.460668,0
2023-11-21,sh.605268,9.8031416300,9.9257988400,9.7748361200,9.8125768000,9.8408823100,1681000,17541960.0000,2,2.260000,1,-0.287600,111.500310,2.749953,1.810836,-135.071040,0
2023-11-22,sh.605268,9.7937064600,9.8408823100,9.6899195900,9.6899195900,9.8125768000,2052500,21234432.0000,2,2.759500,1,-1.250000,110.106556,2.715579,1.788200,-133.382652,0
2023-11-23,sh.605268,9.6804844200,9.8220119700,9.6710492500,9.8125768000,9.6899195900,1946026,20132850.8800,2,2.616300,1,1.265800,111.500310,2.749953,1.810836,-135.071040,0
2023-11-24,sh.605268,9.8125768000,9.8125768000,9.6804844200,9.7276602700,9.8125768000,1581800,16335408.0000,2,2.126600,1,-0.865400,110.535403,2.726155,1.795165,-133.902156,0
2023-11-27,sh.605268,9.7276602700,9.7276602700,9.5955678900,9.6333085700,9.7276602700,2050300,20947000.0000,2,2.756500,1,-0.969900,109.463285,2.699713,1.777753,-132.603396,0
2023-11-28,sh.605268,9.6333085700,9.8408823100,9.6333085700,9.7654009500,9.6333085700,2029607,21000253.4500,2,2.728700,1,1.371200,110.964251,2.736732,1.802130,-134.421660,0
2023-11-29,sh.605268,9.7842712900,9.8314471400,9.6616140800,9.6804844200,9.7654009500,1570742,16184369.4400,2,2.111800,1,-0.869600,109.999344,2.712934,1.786459,-133.252776,0
2023-11-30,sh.605268,9.6521789100,9.7465306100,9.5861327200,9.7182251000,9.6804844200,1669200,17108018.0000,2,2.244200,1,0.389900,110.428191,2.723511,1.793424,-133.772280,0
2023-12-01,sh.605268,9.6899195900,9.7654009500,9.5861327200,9.6710492500,9.7182251000,1487300,15275639.0000,2,1.999600,1,-0.485400,109.892132,2.710290,1.784718,-133.122900,0
2023-12-04,sh.605268,9.6993547600,9.8597526500,9.6710492500,9.7087899300,9.6710492500,2209642,22839674.1200,2,2.970700,1,0.390200,110.320980,2.720867,1.791683,-133.642404,0
2023-12-05,sh.605268,9.7182251000,9.7559657800,9.5766975500,9.5766975500,9.7087899300,2110900,21600057.0000,2,2.838000,1,-1.360500,108.820014,2.683848,1.767306,-131.824140,0
2023-12-06,sh.605268,9.6521789100,9.7087899300,9.4823458500,9.6050030600,9.5766975500,1816500,18553430.0000,2,2.442200,1,0.295600,109.141649,2.691781,1.772530,-132.213768,0
2023-12-07,sh.605268,9.6050030600,9.6993547600,9.4917810200,9.5295217000,9.6050030600,2420000,24486276.0000,2,3.253600,1,-0.785900,108.283955,2.670627,1.758600,-131.174760,0
2023-12-08,sh.605268,9.6144382300,9.6144382300,9.2842072800,9.2842072800,9.5295217000,3073704,30550955.4800,2,4.132400,1,-2.574300,105.496447,2.601879,1.713329,-127.797984,0
2023-12-11,sh.605268,9.2842072800,9.4351700000,9.2464666000,9.3219479600,9.2842072800,2474300,24457352.0000,2,3.326600,1,0.406500,105.925294,2.612455,1.720294,-128.317488,0
2023-12-12,sh.605268,9.3691238100,9.4351700000,9.2370314300,9.4068644900,9.3219479600,1560300,15479578.0000,2,2.097700,1,0.910900,106.890201,2.636253,1.735965,-129.486372,0
2023-12-13,sh.605268,9.4162996600,9.4351700000,9.2747721100,9.3125127900,9.4068644900,1440700,14269764.0000,2,1.936900,1,-1.003000,105.818082,2.609811,1.718553,-128.187612,0
2023-12-14,sh.605268,9.3219479600,9.4162996600,9.3125127900,9.3502534700,9.3125127900,1263300,12550689.0000,2,1.698400,1,0.405300,106.246930,2.620388,1.725518,-128.707116,0
2023-12-15,sh.605268,9.3502534700,9.4729106800,9.3502534700,9.3596886400,9.3502534700,1550200,15451323.0000,2,2.084200,1,0.100900,106.354142,2.623032,1.727259,-128.836992,0
2023-12-18,sh.605268,9.3879941500,9.4446051700,9.2370314300,9.2747721100,9.3596886400,1929585,19101443.9900,2,2.594200,1,-0.907300,105.389235,2.599234,1.711588,-127.668108,0
2023-12-19,sh.605268,9.2747721100,9.3879941500,9.2370314300,9.3596886400,9.2747721100,1364342,13478892.3800,2,1.834300,1,0.915600,106.354142,2.623032,1.727259,-128.836992,0
2023-12-20,sh.605268,9.3974293200,9.5200865300,9.2936424500,9.3691238100,9.3596886400,1851800,18514105.0000,2,2.489600,1,0.100800,106.461353,2.625676,1.729000,-128.966868,0
2023-12-21,sh.605268,9.3030776200,9.5200865300,9.2087259200,9.4729106800,9.3691238100,2581000,25719880.0000,2,3.470000,1,1.107800,107.640684,2.654762,1.748153,-130.395504,0
2023-12-22,sh.605268,9.6993547600,9.9069285000,9.1238093900,9.2464666000,9.4729106800,4821800,47871291.0000,2,6.482700,1,-2.390400,105.067600,2.591302,1.706365,-127.278480,0
2023-12-25,sh.605268,9.1898555800,9.2370314300,8.7747081000,8.8596246300,9.2464666000,4921326,46408663.4400,2,6.616500,1,-4.183700,100.671914,2.482890,1.634976,-121.953564,0
2023-12-26,sh.605268,8.9445411600,8.9728466700,8.7369674200,8.7747081000,8.8596246300,3023300,28292127.0000,2,4.064700,1,-0.958500,99.707008,2.459093,1.619305,-120.784680,0
2023-12-27,sh.605268,8.8596246300,8.9539763300,8.7275322500,8.9351059900,8.7747081000,1857800,17409825.0000,2,2.497700,1,1.828000,101.529609,2.504044,1.648905,-122.992572,0
2023-12-28,sh.605268,8.8879301400,9.1709852400,8.8124487800,9.1238093900,8.9351059900,2051600,19668382.0000,2,2.758300,1,2.111900,103.673846,2.556927,1.683729,-125.590092,0
2023-12-29,sh.605268,9.1049390500,9.2275962600,9.0766335400,9.1898555800,9.1238093900,2222004,21567548.7200,2,2.987400,1,0.723900,104.424329,2.575437,1.695917,-126.499224,0
2024-01-02,sh.605268,9.1992907500,9.6144382300,9.1992907500,9.5389568700,9.1898555800,3609952,36272478.7600,2,4.853400,1,3.798800,108.391166,2.673272,1.760341,-131.304636,0
2024-01-03,sh.605268,9.4917810200,9.6804844200,9.4823458500,9.6050030600,9.5389568700,3101300,31482839.0000,2,4.169500,1,0.692400,109.141649,2.691781,1.772530,-132.213768,0
2024-01-04,sh.605268,9.7182251000,9.7748361200,9.5295217000,9.7276602700,9.6050030600,2672946,27391740.9400,2,3.593600,1,1.277000,110.535403,2.726155,1.795165,-133.902156,0
2024-01-05,sh.605268,9.7465306100,9.8220119700,9.5483920400,9.6050030600,9.7276602700,2669900,27393100.0000,2,3.589500,1,-1.260900,109.141649,2.691781,1.772530,-132.213768,0
2024-01-08,sh.605268,9.6050030600,9.6144382300,9.4351700000,9.4540403400,9.6050030600,2378200,23987533.0000,2,3.197400,1,-1.571700,107.426260,2.649474,1.744671,-130.135752,0
2024-01-09,sh.605268,9.4351700000,9.5766975500,9.3691238100,9.5106513600,9.4540403400,2516600,25296729.0000,2,3.383400,1,0.598800,108.069531,2.665339,1.755118,-130.915008,0
2024-01-10,sh.605268,9.5483920400,9.6238734000,9.4162996600,9.5483920400,9.5106513600,2109300,21321205.0000,2,2.835800,1,0.396800,108.498378,2.675916,1.762083,-131.434512,0
2024-01-11,sh.605268,9.5389568700,9.7087899300,9.4823458500,9.6616140800,9.5483920400,2293300,23406948.0000,2,3.083200,1,1.185800,109.784920,2.707646,1.782977,-132.993024,0
2024-01-12,sh.605268,9.6616140800,9.8031416300,9.6427437400,9.6616140800,9.6616140800,1803300,18568090.0000,2,2.424400,1,0.000000,109.784920,2.707646,1.782977,-132.993024,0
2024-01-15,sh.605268,9.5861327200,9.7748361200,9.5861327200,9.7370954400,9.6616140800,2137400,21947237.0000,2,2.873600,1,0.781300,110.642615,2.728800,1.796906,-134.032032,0
2024-01-16,sh.605268,9.7465306100,9.8408823100,9.6050030600,9.7748361200,9.7370954400,2210900,22815947.0000,2,2.972400,1,0.387600,111.071462,2.739376,1.803871,-134.551536,0
2024-01-17,sh.605268,9.6993547600,9.8220119700,9.6238734000,9.6238734000,9.7748361200,1957800,20221279.0000,2,2.632200,1,-1.544400,109.356073,2.697069,1.776012,-132.473520,0
2024-01-18,sh.605268,9.6333085700,9.6333085700,9.3030776200,9.5861327200,9.6238734000,2588200,25948826.0000,2,3.479700,1,-0.392200,108.927226,2.686493,1.769047,-131.954016,0
2024-01-19,sh.605268,9.5295217000,9.6710492500,9.3974293200,9.4823458500,9.5861327200,3003900,30284485.0000,2,4.038600,1,-1.082700,107.747895,2.657406,1.749894,-130.525380,0
2024-01-22,sh.605268,9.4540403400,9.4917810200,8.8973653100,9.2559017700,9.4823458500,4420107,43383526.2300,2,5.942600,1,-2.388100,105.174811,2.593946,1.708106,-127.408356,0
2024-01-23,sh.605268,8.9162356500,10.1805484300,8.7275322500,10.1805484300,9.2559017700,10604752,105337087.1200,2,14.257500,1,9.989800,115.681571,2.853076,1.878742,-140.136204,0
2024-01-24,sh.605268,11.1995467900,11.1995467900,10.5202145500,11.1995467900,10.1805484300,13524043,158439018.4100,2,18.182400,1,10.009300,127.260450,3.138648,2.066791,-154.162812,0
2024-01-25,sh.605268,12.2468506600,12.2468506600,10.3598166600,10.4069925100,11.1995467900,34817477,410415213.2300,2,46.810300,1,-7.076700,118.254655,2.916537,1.920531,-143.253228,0
2024-01-26,sh.605268,9.9069285000,10.2654649600,9.6427437400,9.6710492500,10.4069925100,24837249,260461755.8700,2,33.392400,1,-7.071600,109.892132,2.710290,1.784718,-133.122900,0
2024-01-29,sh.605268,9.4257348300,9.4351700000,8.7935784400,8.7935784400,9.6710492500,17678513,168739807.5800,2,23.767800,1,-9.073200,99.921431,2.464381,1.622788,-121.044432,0
2024-01-30,sh.605268,8.4539123200,8.5765695300,8.0953758600,8.2369034100,8.7935784400,11469606,100632223.3400,2,15.420300,1,-6.330500,93.595933,2.308374,1.520057,-113.381748,0
2024-01-31,sh.605268,8.2652089200,8.3218199400,7.6896635500,7.7179690600,8.2369034100,9456808,80114490.3200,2,12.714200,1,-6.300100,87.699282,2.162944,1.424292,-106.238568,0
2024-02-01,sh.605268,7.6236173600,8.0859406900,7.5953118500,7.9161076300,7.7179690600,9604200,80561612.2000,2,12.912300,1,2.567200,89.950731,2.218472,1.460857,-108.965964,0
2024-02-02,sh.605268,7.8972372900,8.0670703500,7.1235533500,7.1990347100,7.9161076300,10838100,85835875.0000,2,14.571300,1,-9.058400,81.802631,2.017514,1.328527,-99.095388,0
2024-02-05,sh.605268,7.1235533500,7.1895995400,6.4819617900,6.4819617900,7.1990347100,8563515,60483457.9800,2,11.513200,1,-9.960700,73.654532,1.816555,1.196196,-89.224812,0
2024-02-06,sh.605268,6.2366473700,6.7178410400,5.8592405700,6.5291376400,6.4819617900,7761043,51298619.2700,2,10.434300,1,0.727800,74.190591,1.829776,1.204902,-89.874192,0
2024-02-07,sh.605268,6.4159156000,6.4630914500,6.1328605000,6.2743880500,6.5291376400,6176314,41477440.4000,2,8.303700,1,-3.901700,71.295871,1.758383,1.157890,-86.367540,0
2024-02-08,sh.605268,6.3687397500,6.7272762100,6.0668143100,6.6989707000,6.2743880500,7993948,54383820.2800,2,10.747400,1,6.766900,76.120404,1.877372,1.236244,-92.211960,0
2024-02-19,sh.605268,6.7178410400,6.9914609700,6.7084058700,6.9631554600,6.6989707000,5981195,43522172.4900,2,8.041400,1,3.943700,79.122335,1.951409,1.284997,-95.848488,0
2024-02-20,sh.605268,6.8876741000,6.9065444400,6.7461465500,6.8876741000,6.9631554600,4856600,35148494.0000,2,6.529400,1,-1.084000,78.264640,1.930255,1.271067,-94.809480,0
2024-02-21,sh.605268,6.8688037600,7.2933864100,6.7838872300,7.1612940300,6.8876741000,8369788,62949830.8700,2,11.252700,1,3.972600,81.373784,2.006937,1.321562,-98.575884,0
2024-02-22,sh.605268,7.1707292000,7.2273402200,7.0008961400,7.2084698800,7.1612940300,6490800,49056767.0000,2,8.726500,1,0.658800,81.909843,2.020158,1.330268,-99.225264,0
2024-02-23,sh.605268,7.2367753900,7.3971732800,7.1707292000,7.3594326000,7.2084698800,7947642,61531345.4000,2,10.685200,1,2.094200,83.625232,2.062465,1.358127,-101.303280,0
2024-02-26,sh.605268,7.3499974300,7.7368394000,7.3122567500,7.6047470200,7.3594326000,7265149,58141003.5300,2,1.666300,1,3.333300,86.412740,2.131214,1.403398,-104.680056,0
2024-02-27,sh.605268,7.5764415100,7.8311911000,7.5198304900,7.8028855900,7.6047470200,5515142,44990671.0800,2,1.264900,1,2.605500,88.664189,2.186741,1.439963,-107.407452,0
2024-02-28,sh.605268,7.8500614400,8.0670703500,7.2273402200,7.2273402200,7.8028855900,8711859,70901863.1900,2,1.998100,1,-7.376100,82.124267,2.025446,1.333750,-99.485016,0
2024-02-29,sh.605268,7.1046830100,7.4254787900,7.0952478400,7.3783029400,7.2273402200,5562350,43092122.0000,2,1.275800,1,2.088800,83.839656,2.067753,1.361609,-101.563032,0
2024-03-01,sh.605268,7.4066084500,7.4915249800,7.3311270900,7.4537843000,7.3783029400,4203000,33003838.0000,2,0.964000,1,1.023000,84.697351,2.088907,1.375539,-102.602040,0
2024-03-04,sh.605268,7.4537843000,7.6519228700,7.2933864100,7.6424877000,7.4537843000,4328500,34209014.0000,2,0.992800,1,2.531600,86.841587,2.141790,1.410363,-105.199560,0
2024-03-05,sh.605268,7.5670063400,7.5858766800,7.3594326000,7.4160436200,7.6424877000,3909642,30842203.1200,2,0.896700,1,-2.963000,84.268503,2.078330,1.368574,-102.082536,0
2024-03-06,sh.605268,7.3783029400,7.5009601500,7.3311270900,7.4160436200,7.4160436200,2306200,18084407.0000,2,0.528900,1,0.000000,84.268503,2.078330,1.368574,-102.082536,0
2024-03-07,sh.605268,7.4254787900,7.5670063400,7.3594326000,7.3877381100,7.4160436200,2677940,21184743.0000,2,0.614200,1,-0.381700,83.946868,2.070397,1.363350,-101.692908,0
2024-03-08,sh.605268,7.3499974300,8.1236813700,7.3499974300,8.1236813700,7.3877381100,9666907,80786381.1100,2,2.217200,1,9.961700,92.309391,2.276644,1.499163,-111.823236,0
2024-03-11,sh.605268,8.0198945000,8.0670703500,7.7934504200,7.9727186500,8.1236813700,14027921,117384137.4900,2,3.217400,1,-1.858300,90.594002,2.234337,1.471304,-109.745220,0
2024-03-12,sh.605268,7.8783669500,7.9161076300,7.7934504200,7.8783669500,7.9727186500,8924600,74323679.4200,2,2.046900,1,-1.183400,89.521883,2.207895,1.453892,-108.446460,0
2024-03-13,sh.605268,7.8783669500,7.9538483100,7.8123207600,7.9161076300,7.8783669500,6978000,58269141.0000,2,1.600500,1,0.479000,89.950731,2.218472,1.460857,-108.965964,0
2024-03-14,sh.605268,7.8972372900,7.9161076300,7.6802283800,7.8311911000,7.9161076300,5309500,43949439.0000,2,1.217800,1,-1.072700,88.985824,2.194674,1.445186,-107.797080,0
2024-03-15,sh.605268,7.8028855900,7.8594966100,7.7368394000,7.8311911000,7.8311911000,3687949,30547548.7000,2,0.845900,1,0.000000,88.985824,2.194674,1.445186,-107.797080,0
2024-03-18,sh.605268,7.8783669500,7.9538483100,7.8406262700,7.9255428000,7.8311911000,5478370,45831016.9000,2,1.256500,1,1.204800,90.057942,2.221116,1.462598,-109.095840,0
2024-03-19,sh.605268,7.9255428000,8.0293296700,7.8783669500,7.9349779700,7.9255428000,5075464,42739163.1300,2,1.164100,1,0.119000,90.165154,2.223760,1.464339,-109.225716,0
2024-03-20,sh.605268,7.9444131400,8.0670703500,7.9444131400,8.0482000100,7.9349779700,5067244,43025589.0000,2,1.162200,1,1.426900,91.451696,2.255490,1.485234,-110.784228,0
2024-03-21,sh.605268,8.0482000100,8.0765055200,7.8783669500,7.9727186500,8.0482000100,4989775,42215606.0200,2,1.144400,1,-0.937900,90.594002,2.234337,1.471304,-109.745220,0
2024-03-22,sh.605268,7.9727186500,7.9727186500,7.7840152500,7.7840152500,7.9727186500,3631000,30215945.0000,2,0.832800,1,-2.366900,88.449765,2.181453,1.436480,-107.147700,0
2024-03-25,sh.605268,7.7840152500,7.9444131400,7.7368394000,7.7462745700,7.7840152500,4099400,34138150.0000,2,0.940200,1,-0.484800,88.020918,2.170876,1.429516,-106.628196,0
2024-03-26,sh.605268,7.7934504200,7.8689317800,7.5953118500,7.8123207600,7.7462745700,3897000,32051400.2600,2,0.893800,1,0.852600,88.771400,2.189386,1.441704,-107.537328,0
2024-03-27,sh.605268,7.7840152500,7.9255428000,7.6802283800,7.7085338900,7.8123207600,3807499,31367745.2700,2,0.873300,1,-1.328500,87.592070,2.160300,1.422551,-106.108692,0
2024-03-28,sh.605268,7.7840152500,7.9538483100,7.6519228700,7.9255428000,7.7085338900,4779044,39749992.8400,2,1.096100,1,2.815200,90.057942,2.221116,1.462598,-109.095840,0
2024-03-29,sh.605268,7.9255428000,7.9727186500,7.7840152500,7.8783669500,7.9255428000,3945100,32812660.0000,2,0.904800,1,-0.595200,89.521883,2.207895,1.453892,-108.446460,0
2024-04-01,sh.605268,7.8783669500,7.9727186500,7.8594966100,7.9727186500,7.8783669500,4654600,39066501.0000,2,1.067600,1,1.197600,90.594002,2.234337,1.471304,-109.745220,0
2024-04-02,sh.605268,7.9255428000,8.1802923900,7.9161076300,8.0953758600,7.9727186500,5954700,50872459.0000,2,1.365800,1,1.538500,91.987756,2.268711,1.493940,-111.433608,0
2024-04-03,sh.605268,8.1142462000,8.7652729300,8.1048110300,8.3029496000,8.0953758600,10151949,89730572.2600,2,2.328400,1,2.564100,94.346416,2.326883,1.532246,-114.290880,0
2024-04-08,sh.605268,8.2557737500,8.6048750400,8.1236813700,8.4916530000,8.3029496000,10133230,90483097.5600,2,2.324100,1,2.272700,96.490653,2.379767,1.567069,-116.888400,0
2024-04-09,sh.605268,8.4444771500,8.4539123200,8.2652089200,8.4161716400,8.4916530000,5805330,51426351.5000,2,1.331500,1,-0.888900,95.632958,2.358614,1.553140,-115.849392,0
2024-04-10,sh.605268,8.3312551100,8.3406902800,7.8500614400,7.9821538200,8.4161716400,7488300,63909901.0000,2,1.717500,1,-5.157000,90.701213,2.236981,1.473045,-109.875096,0
2024-04-11,sh.605268,7.8972372900,8.0670703500,7.7557097400,7.7745800800,7.9821538200,5621900,46962192.0000,2,1.289400,1,-2.600500,88.342553,2.178809,1.434739,-107.017824,0
2024-04-12,sh.605268,7.7557097400,7.9727186500,7.6896635500,7.7934504200,7.7745800800,3852220,31995633.6000,2,0.883500,1,0.242700,88.556977,2.184097,1.438222,-107.277576,0
2024-04-15,sh.605268,7.7934504200,7.9066724600,7.0763775000,7.3594326000,7.7934504200,5948411,46621215.5000,2,1.364300,1,-5.569000,83.625232,2.062465,1.358127,-101.303280,0
2024-04-16,sh.605268,7.2462105600,7.2745160700,6.6801003600,6.6895355300,7.3594326000,5371800,39160160.0000,2,1.232100,1,-9.102600,76.013192,1.874728,1.234503,-92.082084,0
2024-04-17,sh.605268,6.7933224000,7.3594326000,6.7933224000,7.2650809000,6.6895355300,5738000,43851622.0000,2,1.316100,1,8.603700,82.553114,2.036023,1.340715,-100.004520,0
2024-04-18,sh.605268,7.2745160700,7.4066084500,7.0858126700,7.2273402200,7.2650809000,4912849,37753315.8900,2,1.126800,1,-0.519500,82.124267,2.025446,1.333750,-99.485016,0
2024-04-19,sh.605268,7.2179050500,7.2556457300,7.0292016500,7.1235533500,7.2273402200,3204000,24188493.0000,2,0.734900,1,-1.436000,80.944936,1.996360,1.314597,-98.056380,0
2024-04-22,sh.605268,7.1518588600,7.1895995400,6.9631554600,7.1235533500,7.1235533500,2540000,19119384.0000,2,0.582600,1,0.000000,80.944936,1.996360,1.314597,-98.056380,0
2024-04-23,sh.605268,7.1895995400,7.3405622600,7.1329885200,7.2745160700,7.1235533500,2491307,19178441.9700,2,0.571400,1,2.119200,82.660326,2.038667,1.342456,-100.134396,0
2024-04-24,sh.605268,7.3311270900,7.5009601500,7.2556457300,7.5009601500,7.2745160700,2241200,17616710.0000,2,0.514000,1,3.112800,85.233410,2.102128,1.384245,-103.251420,0
2024-04-25,sh.605268,7.4349139600,7.6707932100,7.4349139600,7.5481360000,7.5009601500,2426842,19426502.9600,2,0.556600,1,0.628900,85.769469,2.115348,1.392951,-103.900800,0
2024-04-26,sh.605268,7.5670063400,7.5670063400,7.3499974300,7.5009601500,7.5481360000,2881542,22766315.9000,2,0.660900,1,-0.625000,63.139347,2.131023,1.132880,-20.988119,0
2024-04-29,sh.605268,7.4820898100,7.7274042300,7.4066084500,7.7274042300,7.5009601500,2857092,23074769.4800,2,0.655300,1,3.018900,65.045441,2.195356,1.167080,-21.621723,0
2024-04-30,sh.605268,7.7179690600,7.8311911000,7.6519228700,7.7085338900,7.7274042300,2853642,23368200.6600,2,0.654500,1,-0.244200,64.886600,2.189995,1.164230,-21.568922,0
2024-05-06,sh.605268,7.7934504200,7.9349779700,7.7651449100,7.8500614400,7.7085338900,2690000,22376131.0000,2,0.617000,1,1.836000,66.077908,2.230203,1.185605,-21.964924,0
2024-05-07,sh.605268,7.8594966100,7.9161076300,7.8123207600,7.8972372900,7.8500614400,1825300,15205658.0000,2,0.418600,1,0.601000,66.475011,2.243605,1.192730,-22.096925,0
2024-05-08,sh.605268,7.9066724600,7.9727186500,7.7651449100,7.7934504200,7.8972372900,2060442,17192656.7000,2,0.472600,1,-1.314200,65.601385,2.214119,1.177055,-21.806524,0
2024-05-09,sh.605268,7.8123207600,7.9161076300,7.7557097400,7.7840152500,7.7934504200,2666000,22133913.0000,2,0.611500,1,-0.121100,65.521964,2.211439,1.175630,-21.780123,0
2024-05-10,sh.605268,7.8689317800,7.8689317800,7.6519228700,7.6896635500,7.7840152500,2302500,18813520.0000,2,0.528100,1,-1.212100,64.727759,2.184633,1.161380,-21.516122,0
2024-05-13,sh.605268,7.6802283800,7.6896635500,7.4632194700,7.4915249800,7.6896635500,2173142,17337003.0600,2,0.498400,1,-2.576700,63.059927,2.128342,1.131455,-20.961719,0
2024-05-14,sh.605268,7.5575711700,7.7274042300,7.5198304900,7.6896635500,7.4915249800,2278900,18462321.0000,2,0.522700,1,2.644800,64.727759,2.184633,1.161380,-21.516122,0
2024-05-15,sh.605268,7.7368394000,7.9255428000,7.6236173600,7.8311911000,7.6896635500,2950000,24445590.0000,2,0.676600,1,1.840500,65.919067,2.224841,1.182755,-21.912124,0
2024-05-16,sh.605268,7.8878021200,8.6143102100,7.8123207600,8.2085979000,7.8311911000,15027248,132655136.7400,2,3.446600,1,4.819300,69.095890,2.332063,1.239755,-22.968130,0
2024-05-17,sh.605268,8.2085979000,8.6048750400,7.9349779700,8.5860047000,8.2085979000,17571697,153517097.8800,2,4.030200,1,4.597700,72.272712,2.439284,1.296756,-24.024136,0
2024-05-20,sh.605268,8.4444771500,8.4633474900,8.2840792600,8.3218199400,8.5860047000,8519300,75457074.0000,2,1.954000,1,-3.076900,70.048936,2.364229,1.256855,-23.284932,0
2024-05-21,sh.605268,8.3218199400,8.3218199400,8.0670703500,8.1331165400,8.3218199400,4963800,42921092.0000,2,1.138500,1,-2.267600,68.460525,2.310618,1.228355,-22.756929,0
2024-05-22,sh.605268,8.1897275600,8.3595606200,8.0953758600,8.2085979000,8.1331165400,5797500,50429177.0000,2,1.329700,1,0.928100,69.095890,2.332063,1.239755,-22.968130,0
2024-05-23,sh.605268,8.1142462000,8.1897275600,7.9255428000,7.9727186500,8.2085979000,5074700,43068846.0000,2,1.163900,1,-2.873600,67.110376,2.265049,1.204130,-22.308126,0
2024-05-24,sh.605268,7.9727186500,8.0387648400,7.8972372900,7.9066724600,7.9727186500,2792800,23526660.0000,2,0.640600,1,-0.828400,66.554432,2.246286,1.194155,-22.123325,0
2024-05-27,sh.605268,7.9821538200,8.0104593300,7.8406262700,7.9632834800,7.9066724600,2975800,25037341.0000,2,0.682500,1,0.716000,67.030955,2.262369,1.202705,-22.281726,0
2024-05-28,sh.605268,7.9632834800,7.9632834800,7.7179690600,7.7274042300,7.9632834800,2963800,24527365.0000,2,0.679800,1,-2.962100,65.045441,2.195356,1.167080,-21.621723,0
2024-05-29,sh.605268,7.7274042300,7.8311911000,7.6613580400,7.7745800800,7.7274042300,1985600,16343791.0000,2,0.455400,1,0.610500,65.442544,2.208758,1.174205,-21.753723,0
2024-05-30,sh.605268,7.6962526200,7.8333360000,7.6766692800,7.6962526200,7.7745859800,1929700,15260837.0000,2,0.442600,1,-1.007600,62.424562,2.106898,1.120055,-20.750518,0
2024-05-31,sh.605268,7.7843776500,7.7941693200,7.7158359600,7.7452109700,7.6962526200,1389800,11011844.0000,2,0.318800,1,0.636100,62.821665,2.120301,1.127180,-20.882518,0
2024-06-03,sh.605268,7.7647943100,7.8235443300,7.4808358800,7.5200025600,7.7452109700,2020200,15679237.0000,2,0.463300,1,-2.907700,60.994992,2.058648,1.094405,-20.275315,0
2024-06-04,sh.605268,7.5983359200,7.5983359200,7.3731275100,7.4416692000,7.5200025600,1572706,11937461.9000,2,0.360700,1,-1.041700,60.359628,2.037204,1.083005,-20.064114,0
2024-06-05,sh.605268,7.4612525400,7.4612525400,7.2262524600,7.2262524600,7.4416692000,1829500,13652520.0000,2,0.419600,1,-2.894700,58.612375,1.978233,1.051654,-19.483310,0
2024-06-06,sh.605268,7.2262524600,7.3241691600,6.8541690000,6.9912523800,7.2262524600,2556100,18340525.0000,2,0.586300,1,-3.252000,56.706282,1.913900,1.017454,-18.849707,0
2024-06-07,sh.605268,6.9912523800,7.1577107700,6.9618773700,7.0793774100,6.9912523800,2255200,16297701.0000,2,0.517200,1,1.260500,57.421067,1.938025,1.030279,-19.087308,0
2024-06-11,sh.605268,7.0891690800,7.1479191000,6.9129190200,7.0793774100,7.0793774100,1770707,12746465.6800,2,0.406100,1,0.000000,57.421067,1.938025,1.030279,-19.087308,0
2024-06-12,sh.605268,7.0891690800,7.1772941100,7.0402107300,7.1283357600,7.0793774100,1394400,10160049.0000,2,0.319800,1,0.691600,57.818170,1.951427,1.037404,-19.219309,0
2024-06-13,sh.605268,7.1283357600,7.1577107700,6.9814607100,7.0304190600,7.1283357600,1733100,12461979.0000,2,0.397500,1,-1.373600,57.023964,1.924622,1.023154,-18.955307,0
2024-06-14,sh.605268,7.0304190600,7.1479191000,6.8737523400,7.1381274300,7.0304190600,1329600,9597506.0000,2,0.305000,1,1.532000,57.897590,1.954108,1.038829,-19.245709,0
2024-06-17,sh.605268,7.0989607500,7.2164607900,7.0304190600,7.0500024000,7.1381274300,1543500,11217148.0000,2,0.354000,1,-1.234600,57.182805,1.929983,1.026004,-19.008108,0
2024-06-18,sh.605268,7.0108357200,7.0989607500,7.0108357200,7.0402107300,7.0500024000,1638700,11790973.0000,2,0.375800,1,-0.138900,57.103385,1.927302,1.024579,-18.981708,0
2024-06-19,sh.605268,7.0304190600,7.0989607500,6.9325023600,6.9422940300,7.0402107300,1573700,11232515.0000,2,0.360900,1,-1.390800,56.309179,1.900497,1.010329,-18.717706,0
2024-06-20,sh.605268,6.9422940300,6.9912523800,6.8052106500,6.8150023200,6.9422940300,1921200,13478076.0000,2,0.440600,1,-1.833600,55.276712,1.865650,0.991804,-18.374504,0
2024-06-21,sh.605268,6.8052106500,6.8835440100,6.7562523000,6.8443773300,6.8150023200,946700,6606997.0000,2,0.217100,1,0.431000,55.514973,1.873692,0.996079,-18.453705,0
2024-06-24,sh.605268,6.8150023200,6.8150023200,6.5212522200,6.6093772500,6.8443773300,2196100,14886043.0000,2,0.503700,1,-3.433500,53.608880,1.809359,0.961879,-17.820101,0
2024-06-25,sh.605268,6.6877106100,6.8443773300,6.6485439300,6.7464606300,6.6093772500,1837668,12642050.8400,2,0.421500,1,2.074100,54.720768,1.846886,0.981829,-18.189703,0
2024-06-26,sh.605268,6.7562523000,7.0891690800,6.7072939500,7.0695857400,6.7464606300,2765700,19633012.0000,2,0.634300,1,4.789600,57.341646,1.935344,1.028854,-19.060908,0
2024-06-27,sh.605268,7.1283357600,7.1283357600,6.9031273500,6.9325023600,7.0695857400,1754500,12549299.0000,2,0.402400,1,-1.939100,56.229759,1.897817,1.008904,-18.691306,0
2024-06-28,sh.605268,6.9227106900,7.0597940700,6.8835440100,6.9814607100,6.9325023600,1490200,10651174.0000,2,0.341800,1,0.706200,56.626861,1.911219,1.016029,-18.823307,0
2024-07-01,sh.605268,6.9716690400,7.0597940700,6.8933356800,7.0304190600,6.9814607100,1325500,9453986.0000,2,0.304000,1,0.701300,57.023964,1.924622,1.023154,-18.955307,0
2024-07-02,sh.605268,7.0108357200,7.1479191000,6.9912523800,7.1087524200,7.0304190600,1747200,12671974.0000,2,0.400700,1,1.114200,57.659329,1.946066,1.034554,-19.166509,0
2024-07-03,sh.605268,7.0695857400,7.0989607500,6.9129190200,6.9325023600,7.1087524200,1592100,11358132.0000,2,0.365200,1,-2.479300,56.229759,1.897817,1.008904,-18.691306,0
2024-07-04,sh.605268,6.9325023600,6.9520857000,6.7366689600,6.7758356400,6.9325023600,1334200,9290108.0000,2,0.306000,1,-2.259900,54.959030,1.854928,0.986104,-18.268904,0
2024-07-05,sh.605268,6.7562523000,6.8443773300,6.6779189400,6.8443773300,6.7758356400,761500,5280885.0000,2,0.174700,1,1.011600,55.514973,1.873692,0.996079,-18.453705,0
2024-07-08,sh.605268,6.8345856600,6.8443773300,6.6387522600,6.6485439300,6.8443773300,1384600,9452428.0000,2,0.317600,1,-2.861200,53.926562,1.820081,0.967579,-17.925702,0
2024-07-09,sh.605268,6.6681272700,6.6877106100,6.4233355200,6.6093772500,6.6485439300,1759000,11817842.0000,2,0.403400,1,-0.589100,53.608880,1.809359,0.961879,-17.820101,0
2024-07-10,sh.605268,6.6093772500,6.6485439300,6.4135438500,6.4331271900,6.6093772500,2325750,15450030.5000,2,0.533400,1,-2.666700,52.179310,1.761109,0.936229,-17.344898,0
2024-07-11,sh.605268,6.5408355600,6.7170856200,6.5212522200,6.7170856200,6.4331271900,1918762,13010819.4600,2,0.440100,1,4.414000,54.482506,1.838845,0.977554,-18.110503,0
2024-07-12,sh.605268,6.7170856200,6.8737523400,6.6681272700,6.8345856600,6.7170856200,2425200,16818346.0000,2,0.556200,1,1.749300,55.435553,1.871011,0.994654,-18.427304,0
2024-07-15,sh.605268,6.8052106500,6.8345856600,6.5800022400,6.6387522600,6.8345856600,1739700,11800401.0000,2,0.399000,1,-2.865300,53.847142,1.817401,0.966154,-17.899301,0
2024-07-16,sh.605268,6.6583356000,6.6583356000,6.5310438900,6.6191689200,6.6387522600,1038200,6967073.0000,2,0.238100,1,-0.295000,53.688301,1.812040,0.963304,-17.846501,0
2024-07-17,sh.605268,6.6093772500,6.6485439300,6.5114605500,6.5604189000,6.6191689200,865500,5800147.0000,2,0.198500,1,-0.887600,53.211777,1.795956,0.954754,-17.688100,0
2024-07-18,sh.605268,6.5408355600,6.5800022400,6.4331271900,6.5506272300,6.5604189000,1041800,6917253.0000,2,0.238900,1,-0.149300,53.132357,1.793276,0.953329,-17.661700,0
2024-07-19,sh.605268,6.5212522200,6.5897939100,6.4429188600,6.5506272300,6.5506272300,696500,4637422.0000,2,0.159700,1,0.000000,53.132357,1.793276,0.953329,-17.661700,0
2024-07-22,sh.605268,6.5506272300,6.5897939100,6.4625022000,6.5114605500,6.5506272300,600000,3991331.0000,2,0.137600,1,-0.597900,52.814674,1.782554,0.947629,-17.556099,0
2024-07-23,sh.605268,6.5702105700,6.5702105700,6.3939605100,6.3939605100,6.5114605500,876900,5811246.0000,2,0.201100,1,-1.804500,51.861628,1.750387,0.930529,-17.239298,0
2024-07-24,sh.605268,6.3939605100,6.4233355200,6.2470854600,6.2764604700,6.3939605100,1157600,7466642.0000,2,0.265500,1,-1.837700,50.908581,1.718221,0.913429,-16.922496,0
2024-07-25,sh.605268,6.2764604700,6.4037521800,6.2177104500,6.3450021600,6.2764604700,739600,4779113.0000,2,0.169600,1,1.092000,51.464525,1.736985,0.923404,-17.107297,0
2024-07-26,sh.605268,6.3450021600,6.4527105300,6.2275021200,6.4233355200,6.3450021600,679700,4441680.0000,2,0.155900,1,1.234600,52.099889,1.758429,0.934804,-17.318498,0
2024-07-29,sh.605268,6.4135438500,6.4625022000,6.3058354800,6.3645855000,6.4233355200,1299200,8445963.0000,2,0.298000,1,-0.914600,51.623366,1.742346,0.926254,-17.160097,0
2024-07-30,sh.605268,6.3254188200,6.4037521800,6.2764604700,6.3743771700,6.3645855000,975914,6342134.7200,2,0.223800,1,0.153800,51.702786,1.745026,0.927679,-17.186497,0
2024-07-31,sh.605268,6.3450021600,6.6191689200,6.3450021600,6.6093772500,6.3743771700,1753900,11681670.0000,2,0.402300,1,3.686600,53.608880,1.809359,0.961879,-17.820101,0
2024-08-01,sh.605268,6.6093772500,6.7464606300,6.6093772500,6.6681272700,6.6093772500,2128000,14536925.0000,2,0.488100,1,0.888900,54.085403,1.825442,0.970429,-17.978502,0
2024-08-02,sh.605268,6.6485439300,6.6485439300,6.5212522200,6.5408355600,6.6681272700,1238200,8297597.0000,2,0.284000,1,-1.909000,53.052936,1.790595,0.951904,-17.635300,0
2024-08-05,sh.605268,6.4918772100,6.6191689200,6.4233355200,6.4233355200,6.5408355600,1008700,6714879.0000,2,0.231400,1,-1.796400,52.099889,1.758429,0.934804,-17.318498,0
2024-08-06,sh.605268,6.4722938700,6.5604189000,6.4722938700,6.5310438900,6.4233355200,837100,5569738.0000,2,0.192000,1,1.676800,52.973515,1.787915,0.950479,-17.608900,0
2024-08-07,sh.605268,6.5114605500,6.5604189000,6.4820855400,6.5310438900,6.5310438900,735100,4901739.0000,2,0.168600,1,0.000000,52.973515,1.787915,0.950479,-17.608900,0
2024-08-08,sh.605268,6.5016688800,6.5995855800,6.4820855400,6.5408355600,6.5310438900,1567300,10488635.0000,2,0.359500,1,0.149900,53.052936,1.790595,0.951904,-17.635300,0
2024-08-09,sh.605268,6.5604189000,6.6289605900,6.4918772100,6.5310438900,6.5408355600,1036300,6945746.0000,2,0.237700,1,-0.149700,52.973515,1.787915,0.950479,-17.608900,0
2024-08-12,sh.605268,6.4918772100,6.5506272300,6.4331271900,6.5212522200,6.5310438900,880200,5855606.0000,2,0.201900,1,-0.149900,52.894095,1.785234,0.949054,-17.582500,0
2024-08-13,sh.605268,6.5897939100,6.5897939100,6.4527105300,6.5604189000,6.5212522200,638400,4247281.0000,2,0.146400,1,0.600600,53.211777,1.795956,0.954754,-17.688100,0
2024-08-14,sh.605268,6.5604189000,6.5897939100,6.4918772100,6.5016688800,6.5604189000,542100,3616741.0000,2,0.124300,1,-0.895500,52.735254,1.779873,0.946204,-17.529699,0
2024-08-15,sh.605268,6.4918772100,6.5310438900,6.3939605100,6.4625022000,6.5016688800,1117650,7380500.0000,2,0.256300,1,-0.602400,52.417572,1.769151,0.940504,-17.424099,0
2024-08-16,sh.605268,6.4918772100,6.5016688800,6.3841688400,6.4037521800,6.4625022000,652000,4279648.0000,2,0.149500,1,-0.909100,51.941048,1.753068,0.931954,-17.265698,0
2024-08-19,sh.605268,6.3841688400,6.4331271900,6.3156271500,6.3254188200,6.4037521800,889400,5776367.0000,2,0.204000,1,-1.223200,51.305684,1.731624,0.920554,-17.054497,0
2024-08-20,sh.605268,6.3352104900,6.3645855000,6.1589604300,6.1785437700,6.3254188200,863100,5489447.0000,2,0.198000,1,-2.322000,50.114375,1.691416,0.899179,-16.658494,0
2024-08-21,sh.605268,6.1785437700,6.2470854600,6.1100020800,6.1981271100,6.1785437700,527300,3341150.0000,2,0.120900,1,0.317000,50.273216,1.696777,0.902029,-16.711295,0
2024-08-22,sh.605268,6.2275021200,6.2568771300,6.1295854200,6.1295854200,6.1981271100,630515,3982638.2000,2,0.144600,1,-1.105800,49.508740,1.670975,0.888312,-16.457175,0
2024-08-23,sh.605268,6.1100020800,6.1687521000,6.0218770500,6.0316687200,6.1295854200,734954,4545184.3400,2,0.168600,1,-1.597400,48.717865,1.644282,0.874122,-16.194281,0
2024-08-26,sh.605268,6.0414603900,6.2372937900,6.0218770500,6.1687521000,6.0316687200,656200,4117382.0000,2,0.150500,1,2.272700,49.825090,1.681652,0.893988,-16.562333,0
2024-08-27,sh.605268,6.1393770900,6.2079187800,6.0708354000,6.1197937500,6.1687521000,755300,4725842.0000,2,0.173200,1,-0.793700,49.429652,1.668305,0.886893,-16.430886,0
2024-08-28,sh.605268,6.1197937500,6.2177104500,6.0610437300,6.1883354400,6.1197937500,999947,6297229.2800,2,0.229300,1,1.120000,45.636561,1.789719,0.862569,-26.380104,0
2024-08-29,sh.605268,6.1491687600,6.2960438100,6.1491687600,6.2862521400,6.1883354400,1029500,6571939.0000,2,0.236100,1,1.582300,46.358658,1.818037,0.876217,-26.797511,0
2024-08-30,sh.605268,6.2764604700,6.4918772100,6.2764604700,6.4233355200,6.2862521400,1557500,10182020.0000,2,0.357200,1,2.180700,47.369595,1.857683,0.895325,-27.381880,0
2024-09-02,sh.605268,6.3645855000,6.4820855400,6.2372937900,6.2960438100,6.4233355200,2269700,14672315.0000,2,0.520600,1,-1.981700,46.430868,1.820869,0.877582,-26.839252,0
2024-09-03,sh.605268,6.3156271500,6.4233355200,6.2470854600,6.3352104900,6.2960438100,1115400,7228624.0000,2,0.255800,1,0.622100,46.719707,1.832196,0.883041,-27.006214,0
2024-09-04,sh.605268,6.3547938300,6.4135438500,6.2960438100,6.3939605100,6.3352104900,1276300,8311940.0000,2,0.292700,1,0.927400,47.152966,1.849187,0.891230,-27.256658,0
2024-09-05,sh.605268,6.3743771700,6.5212522200,6.3645855000,6.5114605500,6.3939605100,1831971,12097906.4400,2,0.420200,1,1.837700,48.019483,1.883169,0.907608,-27.757546,0
2024-09-06,sh.605268,6.4820855400,6.5114605500,6.3841688400,6.4429188600,6.5114605500,1637900,10767621.0000,2,0.375700,1,-1.052600,47.514014,1.863346,0.898054,-27.465362,0
2024-09-09,sh.605268,6.3058354800,6.5408355600,6.3058354800,6.5408355600,6.4429188600,1456400,9656498.0000,2,0.334000,1,1.519800,49.525945,1.942248,0.936081,-28.628353,0
2024-09-10,sh.605268,6.5408355600,6.6289605900,6.4722938700,6.6093772500,6.5408355600,2450700,16467408.0000,2,0.562100,1,1.047900,50.044930,1.962601,0.945891,-28.928351,0
2024-09-11,sh.605268,6.5604189000,6.6289605900,6.5604189000,6.6191689200,6.6093772500,1534607,10337065.1800,2,0.352000,1,0.148100,50.119070,1.965508,0.947292,-28.971208,0
2024-09-12,sh.605268,6.6191689200,6.6779189400,6.5408355600,6.6191689200,6.6191689200,2208915,14913970.3500,2,0.506600,1,0.000000,50.119070,1.965508,0.947292,-28.971208,0
2024-09-13,sh.605268,6.5800022400,6.6387522600,6.5506272300,6.5897939100,6.6191689200,1220000,8206756.0000,2,0.279800,1,-0.443800,49.896649,1.956786,0.943088,-28.842638,0
2024-09-18,sh.605268,6.5995855800,6.6681272700,6.5310438900,6.6485439300,6.5897939100,1621100,10929424.0000,2,0.371800,1,0.891500,50.341492,1.974231,0.951496,-29.099778,0
2024-09-19,sh.605268,6.6681272700,6.9716690400,6.6485439300,6.9520857000,6.6485439300,3693100,25864459.0000,2,0.847000,1,4.565500,52.639852,2.064365,0.994937,-30.428340,0
2024-09-20,sh.605268,6.9912523800,7.0402107300,6.8150023200,6.9325023600,6.9520857000,3428200,24299473.0000,2,0.786300,1,-0.281700,52.491571,2.058550,0.992134,-30.342626,0
2024-09-23,sh.605268,6.8737523400,7.0500024000,6.8443773300,6.9325023600,6.9325023600,2727407,19382545.6300,2,0.625600,1,0.000000,52.491571,2.058550,0.992134,-30.342626,0
2024-09-24,sh.605268,6.8835440100,6.9814607100,6.8737523400,6.9618773700,6.9325023600,2042000,14458687.0000,2,0.468300,1,0.423700,52.713993,2.067273,0.996338,-30.471197,0
2024-09-25,sh.605268,6.9814607100,7.4906275500,6.8639606700,6.9129190200,6.9618773700,7594600,54767385.0000,2,1.741900,1,-0.703200,52.343290,2.052735,0.989331,-30.256913,0
2024-09-26,sh.605268,6.7562523000,7.0891690800,6.7562523000,7.0500024000,6.9129190200,5646800,39936239.0000,2,1.295100,1,1.983000,53.381259,2.093441,1.008950,-30.856908,0
2024-09-27,sh.605268,7.0989607500,7.3437525000,7.0695857400,7.3437525000,7.0500024000,3061209,22617936.3400,2,0.702100,1,4.166700,55.605478,2.180668,1.050990,-32.142612,0
2024-09-30,sh.605268,7.5200025600,8.0781277500,7.3437525000,7.9606277100,7.3437525000,10089520,80012111.6700,2,2.314100,1,8.400000,60.276338,2.363844,1.139273,-34.842592,0
2024-10-08,sh.605268,8.7439613100,8.7439613100,7.6375026000,8.0291694000,7.9606277100,10057605,83226541.7500,2,2.306800,1,0.861000,60.795322,2.384197,1.149082,-35.142590,0
2024-10-09,sh.605268,7.8920860200,7.8920860200,7.3633358400,7.3731275100,8.0291694000,5630500,43698225.0000,2,1.291400,1,-8.170700,55.827900,2.189390,1.055193,-32.271183,0
2024-10-10,sh.605268,7.4416692000,7.6570859400,7.3633358400,7.5200025600,7.3731275100,3801700,29180985.0000,2,0.871900,1,1.992000,56.940009,2.233004,1.076213,-32.914035,0
2024-10-11,sh.605268,7.4612525400,7.5689609100,7.1968774500,7.2850024800,7.5200025600,3422159,25638395.8100,2,0.784900,1,-3.125000,55.160634,2.163222,1.042582,-31.885472,0
2024-10-14,sh.605268,7.2850024800,7.5395859000,7.2850024800,7.5004192200,7.2850024800,2346800,17821046.0000,2,0.538300,1,2.957000,56.791728,2.227188,1.073411,-32.828322,0
2024-10-15,sh.605268,7.5102108900,7.5493775700,7.4025025200,7.4416692000,7.5004192200,2181800,16697003.0000,2,0.500400,1,-0.783300,56.346884,2.209743,1.065003,-32.571181,0
2024-10-16,sh.605268,7.4318775300,7.8137526600,7.2654191400,7.7452109700,7.4416692000,5344300,41740853.0000,2,1.225800,1,4.078900,58.645244,2.299877,1.108444,-33.899742,0
2024-10-17,sh.605268,7.8235443300,7.9116693600,7.6179192600,7.6570859400,7.7452109700,3967362,31396886.0400,2,0.909900,1,-1.137800,57.977978,2.273709,1.095832,-33.514031,0
2024-10-18,sh.605268,7.6375026000,7.9802110500,7.6179192600,7.9508360400,7.6570859400,5780375,46456354.1100,2,1.325800,1,3.836300,60.233006,2.362144,1.138454,-34.817544,0
2024-10-21,sh.605268,7.9802110500,8.1075027600,7.8920860200,8.1075027600,7.9508360400,4557868,37281740.5600,2,1.045400,1,1.970400,61.419863,2.408689,1.160886,-35.503604,0
2024-10-22,sh.605268,8.0683360800,8.2152111300,8.0683360800,8.1858361200,8.1075027600,3791800,31573100.0000,2,0.869700,1,0.966200,62.013291,2.431961,1.172103,-35.846634,0
2024-10-23,sh.605268,8.1760444500,8.3131278300,8.0291694000,8.1368777700,8.1858361200,3387300,28240029.0000,2,0.776900,1,-0.598100,61.642399,2.417416,1.165092,-35.632240,0
2024-10-24,sh.605268,8.0781277500,8.2935444900,7.9802110500,8.2935444900,8.1368777700,3134500,26221511.0000,2,0.718900,1,1.925400,62.829256,2.463961,1.187525,-36.318300,0
2024-10-25,sh.605268,8.2935444900,8.9789613900,8.2543778100,8.8908363600,8.2935444900,9170406,81659647.4100,2,2.103300,1,7.201900,67.354149,2.641413,1.273049,-38.933904,0
2024-10-28,sh.605268,8.9104197000,8.9789613900,8.7831279900,8.8614613500,8.8908363600,4637484,41948187.2300,2,1.063600,1,-0.330400,67.131613,2.632685,1.268843,-38.805267,0
2024-10-29,sh.605268,8.8614613500,8.8614613500,8.6460446100,8.7439613100,8.8614613500,3657700,32615023.0000,2,0.838900,1,-1.326000,101.203509,2.553769,1.246537,-760.996005,0
2024-10-30,sh.605268,8.7439613100,8.9887530600,8.6852112900,8.7733363200,8.7439613100,3165200,28484727.0000,2,0.726000,1,0.335900,101.543498,2.562348,1.250725,-763.552543,0
2024-10-31,sh.605268,8.7733363200,8.8712530200,8.7145863000,8.7341696400,8.7733363200,3268500,29325539.0000,2,0.749700,1,-0.446400,101.090179,2.550909,1.245141,-760.143826,0
2024-11-01,sh.605268,8.7145863000,9.3706281900,8.4697945500,9.2825031600,8.7341696400,12270911,112420458.1500,2,2.814400,1,6.278000,107.436648,2.711056,1.323312,-807.865860,0
2024-11-04,sh.605268,9.2825031600,9.6937533000,9.1258364400,9.5566699200,9.2825031600,12000392,115658819.9200,2,2.752400,1,2.953600,110.609882,2.791129,1.362397,-831.726877,0
2024-11-05,sh.605268,9.5468782500,9.6839616300,9.4489615500,9.5762532600,9.5566699200,6491900,63359435.0000,2,1.489000,1,0.204900,110.836542,2.796849,1.365189,-833.431236,0
2024-11-06,sh.605268,9.5958366000,9.8993783700,9.3706281900,9.7818783300,9.5762532600,7175200,70820020.9300,2,1.645700,1,2.147200,113.216467,2.856904,1.394503,-851.326998,0
2024-11-07,sh.605268,9.6545866200,9.9679200600,9.6545866200,9.7231283100,9.7818783300,4938400,49306315.0000,2,1.132700,1,-0.600600,112.536489,2.839745,1.386127,-846.213923,0
2024-11-08,sh.605268,9.7329199800,10.2518784900,9.6056282700,10.1735451300,9.7231283100,9810907,100985021.7500,2,2.250200,1,4.632400,117.749659,2.971294,1.450338,-885.414165,0
2024-11-11,sh.605268,10.1539617900,10.5456285900,10.0560450900,10.1931284700,10.1735451300,7628713,80099267.9700,2,1.749700,1,0.192500,117.976319,2.977014,1.453130,-887.118524,0
2024-11-12,sh.605268,10.1931284700,10.7610453300,10.0854201000,10.6337536200,10.1931284700,11653628,125274109.2200,2,2.672900,1,4.322800,123.076160,3.105703,1.515946,-925.466587,0
2024-11-13,sh.605268,10.7218786500,10.7218786500,9.5664615900,9.5664615900,10.6337536200,22005309,222329181.0400,2,5.047100,1,-10.036800,110.723212,2.793989,1.363793,-832.579056,0
2024-11-14,sh.605268,8.8614613500,9.0768780900,8.6068779300,8.6068779300,9.5664615900,25463084,225399898.7800,2,5.840200,1,-10.030700,99.616892,2.513732,1.226995,-749.065497,0
2024-11-15,sh.605268,8.2445861400,8.6950029600,8.2445861400,8.3718778500,8.6068779300,15214309,131852794.7500,2,3.489500,1,-2.730400,96.896977,2.445098,1.193493,-728.613197,0
2024-11-18,sh.605268,8.4012528600,8.5187529000,7.9997943900,8.0389610700,8.3718778500,8246600,68912285.0000,2,1.891400,1,-3.976600,93.043763,2.347866,1.146033,-699.639105,0
2024-11-19,sh.605268,8.0683360800,8.1270861000,7.9116693600,8.1270861000,8.0389610700,5893600,48284831.0000,2,1.351700,1,1.096200,94.063732,2.373604,1.158596,-707.308717,0
2024-11-20,sh.605268,8.1270861000,8.2543778100,8.0585444100,8.2250028000,8.1270861000,5222800,43622516.0000,2,1.197900,1,1.204800,95.197030,2.402201,1.172555,-715.830509,0
2024-11-21,sh.605268,8.1760444500,8.6068779300,8.1075027600,8.5383362400,8.2250028000,8818500,75384758.0000,2,2.022600,1,3.809500,98.823583,2.493714,1.217223,-743.100243,0
2024-11-22,sh.605268,8.5383362400,8.5383362400,8.2837528200,8.2935444900,8.5383362400,6507293,55713488.7700,2,1.492500,1,-2.867000,95.990338,2.422220,1.182326,-721.795763,0
2024-11-25,sh.605268,8.2935444900,8.4991695600,8.1956277900,8.4404195400,8.2935444900,4672607,39971934.0600,2,1.071700,1,1.771000,97.690285,2.465116,1.203264,-734.578451,0
2024-11-26,sh.605268,8.4110445300,8.5579195800,8.2152111300,8.2347944700,8.4404195400,4058807,34761694.3400,2,0.930900,1,-2.436200,95.310359,2.405061,1.173951,-716.682688,0
2024-11-27,sh.605268,8.2641694800,8.3131278300,8.0781277500,8.2935444900,8.2347944700,2934800,24550035.0000,2,0.673100,1,0.713400,95.990338,2.422220,1.182326,-721.795763,0
2024-11-28,sh.605268,8.2935444900,8.4012528600,8.1956277900,8.2054194600,8.2935444900,3691900,31287861.0000,2,0.846800,1,-1.062600,94.970370,2.396482,1.169763,-714.126151,0
2024-11-29,sh.605268,8.2054194600,8.4697945500,8.1858361200,8.3620861800,8.2054194600,4895900,41817729.0000,2,1.122900,1,1.909300,96.783647,2.442238,1.192097,-727.761018,0
2024-12-02,sh.605268,8.3620861800,8.4502112100,8.3229195000,8.3914611900,8.3620861800,4421900,37912280.0000,2,1.014200,1,0.351300,97.123636,2.450817,1.196285,-730.317555,0
2024-12-03,sh.605268,8.4110445300,8.4208362000,8.2543778100,8.3327111700,8.3914611900,5280607,44861787.4300,2,1.211100,1,-0.700100,96.443657,2.433659,1.187910,-725.204480,0
2024-12-04,sh.605268,8.3131278300,8.3131278300,8.0291694000,8.0683360800,8.3327111700,4219600,35184793.0000,2,0.967800,1,-3.172700,93.383753,2.356445,1.150220,-702.195642,0
2024-12-05,sh.605268,8.0781277500,8.1760444500,8.0585444100,8.1270861000,8.0683360800,3267600,27054080.0000,2,0.749400,1,0.728200,94.063732,2.373604,1.158596,-707.308717,0
2024-12-06,sh.605268,8.1368777700,8.1956277900,8.0781277500,8.1564611100,8.1270861000,5398700,44848841.0000,2,1.238200,1,0.361400,94.403721,2.382183,1.162783,-709.865255,0
2024-12-09,sh.605268,8.2152111300,8.2152111300,7.9900027200,8.0585444100,8.1564611100,3349400,27670870.0000,2,0.768200,1,-1.200500,93.270423,2.353586,1.148824,-701.343463,0
2024-12-10,sh.605268,8.2054194600,8.2739611500,8.0487527400,8.0487527400,8.0585444100,4565400,37926677.0000,2,1.047100,1,-0.121500,93.157093,2.350726,1.147429,-700.491284,0
2024-12-11,sh.605268,8.0879194200,8.2054194600,8.0291694000,8.2054194600,8.0487527400,3693500,30709674.0000,2,0.847100,1,1.946500,94.970370,2.396482,1.169763,-714.126151,0
2024-12-12,sh.605268,8.1956277900,8.4502112100,8.1760444500,8.4306278700,8.2054194600,5333400,45318115.9500,2,1.223300,1,2.744600,97.576955,2.462257,1.201869,-733.726272,0
2024-12-13,sh.605268,8.4306278700,8.5481279100,8.2054194600,8.3816695200,8.4306278700,7318814,62790984.8000,2,1.678600,1,-0.580700,97.010306,2.447958,1.194889,-729.465376,0
2024-12-16,sh.605268,8.3718778500,8.5187529000,8.2347944700,8.2935444900,8.3816695200,4838700,41342476.0000,2,1.109800,1,-1.051400,95.990338,2.422220,1.182326,-721.795763,0
2024-12-17,sh.605268,8.2347944700,8.2837528200,7.8920860200,7.9116693600,8.2935444900,4856200,39756349.0000,2,1.113800,1,-4.604500,91.570476,2.310689,1.127886,-688.560775,0
2024-12-18,sh.605268,7.8725026800,7.9606277100,7.7452109700,7.8627110100,7.9116693600,3561200,28589493.0000,2,0.816800,1,-0.618800,91.003827,2.296390,1.120906,-684.299880,0
2024-12-19,sh.605268,7.8333360000,7.9802110500,7.7158359600,7.9116693600,7.8627110100,2474652,19867652.0000,2,0.567600,1,0.622700,91.570476,2.310689,1.127886,-688.560775,0
2024-12-20,sh.605268,7.9116693600,8.1564611100,7.8822943500,7.9802110500,7.9116693600,3206900,26329352.0000,2,0.735500,1,0.866300,92.363785,2.330707,1.137657,-694.526030,0
2024-12-23,sh.605268,7.9704193800,8.0095860600,7.5787525800,7.6179192600,7.9802110500,3224200,25541758.0000,2,0.739500,1,-4.539900,88.170582,2.224896,1.086009,-662.995400,0
2024-12-24,sh.605268,7.6375026000,7.7060442900,7.5591692400,7.6766692800,7.6179192600,1845607,14411656.7400,2,0.423300,1,0.771200,88.850561,2.242055,1.094384,-668.108475,0
2024-12-25,sh.605268,7.6766692800,7.6962526200,7.4318775300,7.4906275500,7.6766692800,1956100,15038903.0000,2,0.448600,1,-2.423500,86.697295,2.187719,1.067862,-651.917071,0
2024-12-26,sh.605268,7.4906275500,8.2445861400,7.4906275500,8.2445861400,7.4906275500,13661249,113038964.1900,2,3.133300,1,10.065400,95.423689,2.407921,1.175346,-717.534867,0
2024-12-27,sh.605268,8.2739611500,8.4893778900,8.0291694000,8.0781277500,8.2445861400,16034405,135272641.3200,2,3.677600,1,-2.019000,93.497083,2.359305,1.151616,-703.047821,0
2024-12-30,sh.605268,8.0291694000,8.4795862200,7.8627110100,8.2739611500,8.0781277500,11972600,100066475.7400,2,2.746000,1,2.424200,95.763679,2.416500,1.179534,-720.091405,0
2024-12-31,sh.605268,8.3033361600,8.4502112100,8.2250028000,8.2250028000,8.2739611500,8372700,71396552.0000,2,1.920300,1,-0.591700,95.197030,2.402201,1.172555,-715.830509,0
2025-01-02,sh.605268,8.1564611100,8.3816695200,8.0585444100,8.3816695200,8.2250028000,7317909,61550135.2300,2,1.678400,1,1.904800,97.010306,2.447958,1.194889,-729.465376,0
2025-01-03,sh.605268,8.3816695200,8.4893778900,8.1270861000,8.2152111300,8.3816695200,9421829,79995927.7600,2,2.161000,1,-1.986000,95.083700,2.399342,1.171159,-714.978330,0
2025-01-06,sh.605268,8.2347944700,8.3718778500,7.7060442900,8.0291694000,8.2152111300,5970834,48523316.3600,2,1.369500,1,-2.264600,92.930434,2.345006,1.144637,-698.786926,0
2025-01-07,sh.605268,7.9997943900,8.8320863400,7.9997943900,8.4208362000,8.0291694000,14648200,125971632.0000,2,3.359700,1,4.878000,97.463626,2.459397,1.200473,-732.874093,0
2025-01-08,sh.605268,8.2837528200,8.3816695200,7.9508360400,8.2641694800,8.4208362000,12655652,105581017.3000,2,2.902700,1,-1.860500,95.650349,2.413641,1.178138,-719.239226,0
2025-01-09,sh.605268,8.1564611100,8.2152111300,7.8333360000,7.9018776900,8.2641694800,8077600,65671358.0000,2,1.852700,1,-4.383900,91.447485,2.307586,1.126371,-687.635951,0
2025-01-10,sh.605268,7.7745859800,8.1270861000,7.2360441300,8.0291694000,7.9018776900,10320200,80189784.0000,2,2.367000,1,1.610900,92.920617,2.344759,1.144516,-698.713110,0
2025-01-13,sh.605268,7.8235443300,7.8235443300,7.6081275900,7.7158359600,8.0291694000,4860900,38308611.0000,2,1.114900,1,-3.902400,89.294447,2.253256,1.099852,-671.446257,0
2025-01-14,sh.605268,7.6375026000,7.8235443300,7.6375026000,7.8137526600,7.7158359600,5958000,47153727.0000,2,1.366500,1,1.269000,90.427625,2.281850,1.113809,-679.967149,0
2025-01-15,sh.605268,7.7647943100,8.2054194600,7.6179192600,7.9704193800,7.8137526600,8173700,66059336.0000,2,1.874700,1,2.005000,92.240710,2.327602,1.136141,-693.600575,0
2025-01-16,sh.605268,7.8627110100,7.9802110500,7.7550026400,7.8822943500,7.9704193800,5119900,41153492.0000,2,1.174300,1,-1.105700,91.220850,2.301867,1.123580,-685.931773,0
2025-01-17,sh.605268,7.8431276700,7.8431276700,7.6766692800,7.6864609500,7.8822943500,3289200,26037934.0000,2,0.754400,1,-2.484500,88.954493,2.244677,1.095665,-668.889990,0
2025-01-20,sh.605268,7.7060442900,8.0193777300,7.5787525800,7.8333360000,7.6864609500,4914273,39318678.1200,2,1.127100,1,1.910800,90.654261,2.287569,1.116601,-681.671327,0
2025-01-21,sh.605268,7.8235443300,8.1760444500,7.7745859800,7.9508360400,7.8333360000,7025400,57204423.0000,2,1.611300,1,1.500000,92.014075,2.321883,1.133350,-691.896397,0
2025-01-22,sh.605268,7.8529193400,8.0389610700,7.7060442900,7.8822943500,7.9508360400,5209200,41816799.0000,2,1.194800,1,-0.862100,91.220850,2.301867,1.123580,-685.931773,0
2025-01-23,sh.605268,8.2739611500,8.4208362000,7.8822943500,7.8822943500,7.8822943500,9592007,80240949.3100,2,2.200000,1,0.000000,91.220850,2.301867,1.123580,-685.931773,0
2025-01-24,sh.605268,7.8039609900,7.9508360400,7.7941693200,7.8137526600,7.8822943500,4868300,38967584.0000,2,1.116600,1,-0.869600,90.427625,2.281850,1.113809,-679.967149,0
2025-01-27,sh.605268,7.8333360000,7.9606277100,7.7941693200,7.8529193400,7.8137526600,3616100,29063158.0000,2,0.829400,1,0.501300,90.880896,2.293288,1.119392,-683.375505,0
2025-02-05,sh.605268,7.8529193400,7.9116693600,7.7843776500,7.8039609900,7.8529193400,2682700,21430049.0000,2,0.615300,1,-0.623400,90.314307,2.278991,1.112414,-679.115060,0
2025-02-06,sh.605268,7.7941693200,7.9214610300,7.7550026400,7.9116693600,7.8039609900,3478100,27951593.0000,2,0.797700,1,1.380200,91.560803,2.310445,1.127767,-688.488040,0
2025-02-07,sh.605268,7.9116693600,8.0389610700,7.8725026800,7.9606277100,7.9116693600,4362700,35439791.0000,2,1.000600,1,0.618800,92.127392,2.324742,1.134746,-692.748486,0
2025-02-10,sh.605268,7.9802110500,8.0977110900,7.9312527000,8.0977110900,7.9606277100,3908922,32020207.2800,2,0.896500,1,1.722000,93.713842,2.364775,1.154286,-704.677734,0
2025-02-11,sh.605268,8.0977110900,8.1662527800,8.0291694000,8.1466694400,8.0977110900,3219795,26672749.7300,2,0.738500,1,0.604600,94.280431,2.379072,1.161265,-708.938180,0
2025-02-12,sh.605268,8.1760444500,8.2054194600,8.0487527400,8.0977110900,8.1466694400,2817600,23333437.0000,2,0.646200,1,-0.601000,93.713842,2.364775,1.154286,-704.677734,0
2025-02-13,sh.605268,8.0781277500,8.1760444500,8.0193777300,8.0291694000,8.0977110900,3015600,24928681.0000,2,0.691700,1,-0.846400,92.920617,2.344759,1.144516,-698.713110,0
2025-02-14,sh.605268,8.0095860600,8.0683360800,7.9606277100,8.0095860600,8.0291694000,2498700,20450696.0000,2,0.573100,1,-0.243900,92.693981,2.339040,1.141724,-697.008932,0
2025-02-17,sh.605268,7.9802110500,8.2641694800,7.9802110500,8.1662527800,8.0095860600,3716949,30804754.2300,2,0.852500,1,1.956000,94.507067,2.384791,1.164056,-710.642359,0
2025-02-18,sh.605268,8.2054194600,8.4600028800,8.0487527400,8.1662527800,8.1662527800,5486800,46161435.0000,2,1.258400,1,0.000000,94.507067,2.384791,1.164056,-710.642359,0
2025-02-19,sh.605268,8.0977110900,8.2641694800,8.0291694000,8.1956277900,8.1662527800,5085300,42266937.0000,2,1.166400,1,0.359700,94.847020,2.393369,1.168244,-713.198626,0
2025-02-20,sh.605268,8.1956277900,8.2152111300,8.0879194200,8.1564611100,8.1956277900,2788700,23167874.0000,2,0.639600,1,-0.477900,94.393749,2.381932,1.162661,-709.790269,0
2025-02-21,sh.605268,8.1466694400,8.1564611100,8.0095860600,8.0389610700,8.1564611100,3832500,31559454.0000,2,0.879000,1,-1.440600,93.033935,2.347618,1.145912,-699.565200,0
2025-02-24,sh.605268,8.0389610700,8.2347944700,7.9900027200,8.2347944700,8.0389610700,5209649,43371740.6600,2,1.194900,1,2.436100,95.300291,2.404807,1.173827,-716.606983,0
2025-02-25,sh.605268,8.1270861000,8.2641694800,8.0977110900,8.2445861400,8.2347944700,3303700,27623274.0000,2,0.757700,1,0.118900,95.413609,2.407667,1.175222,-717.459072,0
2025-02-26,sh.605268,8.1956277900,8.3131278300,8.1956277900,8.2445861400,8.2445861400,3068300,25842412.0000,2,0.703700,1,0.000000,95.413609,2.407667,1.175222,-717.459072,0
2025-02-27,sh.605268,8.2250028000,8.3620861800,8.1564611100,8.3620861800,8.2445861400,4095880,34574133.6000,2,0.939400,1,1.425200,96.773423,2.441980,1.191971,-727.684142,0
2025-02-28,sh.605268,8.3718778500,8.3718778500,8.1564611100,8.1564611100,8.3620861800,3701300,31227555.0000,2,0.848900,1,-2.459000,94.393749,2.381932,1.162661,-709.790269,0
2025-03-03,sh.605268,8.1662527800,8.2837528200,8.1564611100,8.2250028000,8.1564611100,3188700,26756609.0000,2,0.731400,1,0.840300,95.136164,2.400666,1.171805,-715.372836,0
2025-03-04,sh.605268,8.2250028000,8.3718778500,8.1760444500,8.3718778500,8.2250028000,3790990,32163253.7000,2,0.869500,1,1.785700,96.835025,2.443535,1.192730,-728.147351,0
2025-03-05,sh.605268,8.3816695200,8.4012528600,8.2739611500,8.4012528600,8.3718778500,3134900,26696029.0000,2,0.719000,1,0.350900,97.174797,2.452108,1.196915,-730.702254,0
2025-03-06,sh.605268,8.4012528600,8.5089612300,8.3522945100,8.4110445300,8.4012528600,4281810,36842390.8000,2,0.982100,1,0.116600,97.288054,2.454966,1.198310,-731.553888,0
2025-03-07,sh.605268,8.3914611900,8.5481279100,8.3620861800,8.4600028800,8.4110445300,3265910,28300169.3000,2,0.749100,1,0.582100,97.854341,2.469256,1.205285,-735.812060,0
2025-03-10,sh.605268,8.4404195400,8.5481279100,8.4012528600,8.4697945500,8.4600028800,3100500,26798036.0000,2,0.711100,1,0.115700,97.967598,2.472114,1.206680,-736.663694,0
2025-03-11,sh.605268,8.4404195400,8.5383362400,8.3718778500,8.5383362400,8.4697945500,3264400,28171853.0000,2,0.748700,1,0.809200,98.760399,2.492120,1.216445,-742.625135,0
2025-03-12,sh.605268,8.6166696000,8.6166696000,8.4991695600,8.4991695600,8.5383362400,2455500,21411702.0000,2,0.563200,1,-0.458700,98.307370,2.480688,1.210865,-739.218597,0
2025-03-13,sh.605268,8.4893778900,8.5089612300,8.3522945100,8.4795862200,8.4991695600,3022190,26049283.7000,2,0.693200,1,-0.230400,98.080855,2.474972,1.208075,-737.515329,0
2025-03-14,sh.605268,8.4795862200,8.5775029200,8.3914611900,8.5775029200,8.4795862200,3717800,32265951.1000,2,0.852700,1,1.154700,99.213429,2.503551,1.222025,-746.031672,0
2025-03-17,sh.605268,8.6166696000,8.6754196200,8.5481279100,8.6264612700,8.5775029200,4445400,39066833.0000,2,1.019600,1,0.570800,99.779715,2.517841,1.229000,-750.289843,0
2025-03-18,sh.605268,8.6558362800,8.7929196600,8.5775029200,8.7537529800,8.6264612700,4152100,36881220.0000,2,0.952300,1,1.475600,101.252061,2.554994,1.247135,-761.361090,0
2025-03-19,sh.605268,8.7439613100,8.9887530600,8.7243779700,8.7733363200,8.7537529800,5758210,51997862.1000,2,1.320700,1,0.223700,101.478575,2.560710,1.249925,-763.064358,0
2025-03-20,sh.605268,8.7243779700,8.8222946700,8.6656279500,8.6656279500,8.7733363200,3218900,28695646.0000,2,0.738300,1,-1.227700,100.232745,2.529273,1.234580,-753.696381,0
2025-03-21,sh.605268,8.5970862600,8.6460446100,8.4502112100,8.4600028800,8.6656279500,4386700,38185476.0000,2,1.006100,1,-2.372900,97.854341,2.469256,1.205285,-735.812060,0
2025-03-24,sh.605268,8.4697945500,8.4991695600,8.1564611100,8.2935444900,8.4600028800,4414600,37488207.0000,2,1.012500,1,-1.967600,95.928966,2.420671,1.181570,-721.334276,0
2025-03-25,sh.605268,8.2445861400,8.3131278300,8.1270861000,8.2152111300,8.2935444900,2407900,20206463.0000,2,0.552300,1,-0.944500,95.022907,2.397808,1.170410,-714.521202,0
2025-03-26,sh.605268,8.2152111300,8.3816695200,8.1956277900,8.3229195000,8.2152111300,2061800,17548858.0000,2,0.471200,1,1.311100,96.268738,2.429245,1.185755,-723.889179,0
2025-03-27,sh.605268,8.3229195000,8.4991695600,8.2347944700,8.4502112100,8.3229195000,3220000,27592537.7900,2,0.735900,1,1.529400,97.741083,2.466398,1.203890,-734.960426,0
2025-03-28,sh.605268,8.4110445300,8.4404195400,8.2837528200,8.3033361600,8.4502112100,2544600,21731029.0000,2,0.581500,1,-1.738100,96.042223,2.423529,1.182965,-722.185911,0
2025-03-31,sh.605268,8.2543778100,8.2837528200,7.9900027200,8.0585444100,8.3033361600,2492080,20657103.2000,2,0.569500,1,-2.948100,93.210790,2.352081,1.148090,-700.895052,0
2025-04-01,sh.605268,8.0585444100,8.3522945100,8.0585444100,8.2837528200,8.0585444100,2613010,22037391.5000,2,0.597200,1,2.794700,95.815708,2.417813,1.180175,-720.482642,0
2025-04-02,sh.605268,8.3033361600,8.5579195800,8.2347944700,8.3914611900,8.2837528200,2734800,23511285.0000,2,0.625000,1,1.300200,97.061539,2.449251,1.195520,-729.850620,0
2025-04-03,sh.605268,8.2641694800,8.3816695200,8.2152111300,8.3131278300,8.3914611900,1548068,13126109.3200,2,0.353800,1,-0.933500,96.155481,2.426387,1.184360,-723.037545,0
2025-04-07,sh.605268,8.0095860600,8.0291694000,7.4808358800,7.4808358800,8.3131278300,3359000,26135988.0000,2,0.767600,1,-10.011800,86.528607,2.183463,1.065785,-650.648627,0
2025-04-08,sh.605268,7.2458358000,7.4710442100,6.9814607100,7.1870857800,7.4808358800,5257800,38620928.6000,2,1.201600,1,-3.926700,83.130887,2.097724,1.023934,-625.099597,0
2025-04-09,sh.605268,7.1185440900,7.3339608300,6.7170856200,7.3339608300,7.1870857800,4426600,32065304.0000,2,1.011600,1,2.043600,84.829747,2.140594,1.044859,-637.874112,0
2025-04-10,sh.605268,7.3829191800,7.6375026000,7.3829191800,7.5689609100,7.3339608300,3222100,24740934.0000,2,0.736300,1,3.204300,87.547923,2.209184,1.078340,-658.313336,0
2025-04-11,sh.605268,7.5689609100,7.5983359200,7.4710442100,7.5493775700,7.5689609100,2435600,18797798.0000,2,0.556600,1,-0.258700,87.321408,2.203468,1.075550,-656.610067,0
2025-04-14,sh.605268,7.5689609100,7.7354193000,7.5689609100,7.6472942700,7.5493775700,2278000,17812203.0000,2,0.520600,1,1.297000,88.453981,2.232047,1.089500,-665.126411,0
2025-04-15,sh.605268,7.6277109300,7.7550026400,7.6179192600,7.7256276300,7.6472942700,1676353,13161610.5200,2,0.383100,1,1.024300,89.360040,2.254911,1.100660,-671.939485,0
2025-04-16,sh.605268,7.7550026400,7.7550026400,7.5200025600,7.6081275900,7.7256276300,2204000,17208686.0000,2,0.503700,1,-1.520900,88.000952,2.220616,1.083920,-661.719873,0
2025-04-17,sh.605268,7.5493775700,7.8529193400,7.5493775700,7.8039609900,7.6081275900,2551100,20221509.0000,2,0.583000,1,2.574000,90.266099,2.277774,1.111820,-678.752560,0
2025-04-18,sh.605268,7.7745859800,7.8333360000,7.6375026000,7.7452109700,7.8039609900,1707000,13461824.0000,2,0.390100,1,-0.752800,89.586555,2.260627,1.103450,-673.642754,0
2025-04-21,sh.605268,7.7452109700,7.7941693200,7.6766692800,7.7647943100,7.7452109700,1700300,13453483.0000,2,0.388600,1,0.252800,89.813070,2.266343,1.106240,-675.346023,0
2025-04-22,sh.605268,7.7843776500,7.9116693600,7.7452109700,7.8920860200,7.7647943100,2016700,16161883.0000,2,0.460900,1,1.639300,91.285415,2.303496,1.124375,-686.417269,0
2025-04-23,sh.605268,7.8920860200,7.9997943900,7.8920860200,7.9704193800,7.8920860200,1559000,12695660.0000,2,0.356300,1,0.992600,92.191474,2.326359,1.135535,-693.230343,0
2025-04-24,sh.605268,7.9802110500,8.0291694000,7.8431276700,7.9214610300,7.9704193800,1905500,15466108.0000,2,0.435500,1,-0.614300,91.625187,2.312070,1.128560,-688.972172,0
2025-04-25,sh.605268,7.8920860200,7.9997943900,7.8920860200,7.9606277100,7.9214610300,1639800,13327067.0000,2,0.374700,1,0.494400,92.078216,2.323501,1.134140,-692.378709,0
2025-04-28,sh.605268,7.9018776900,7.9312527000,7.7647943100,7.8039609900,7.9606277100,2350500,18785529.0000,2,0.537200,1,-1.968000,90.266099,2.277774,1.111820,-678.752560,0
2025-04-29,sh.605268,7.8333360000,7.9704193800,7.6962526200,7.8920860200,7.8039609900,3252100,26204181.0000,2,0.743200,1,1.129200,24.719664,2.181625,1.138428,58.920268,0
2025-04-30,sh.605268,7.9312527000,8.0683360800,7.8822943500,7.9606277100,7.8920860200,2666500,21731809.0000,2,0.609400,1,0.868500,24.934351,2.200572,1.148315,59.431983,0
2025-05-06,sh.605268,7.9704193800,8.0389610700,7.9312527000,8.0095860600,7.9606277100,2179800,17781068.0000,2,0.498200,1,0.615000,25.087699,2.214106,1.155377,59.797493,0
2025-05-07,sh.605268,8.0879194200,8.3522945100,8.0585444100,8.2837528200,8.0095860600,5604100,47094906.0000,2,1.280700,1,3.423000,25.946447,2.289894,1.194926,61.844351,0
2025-05-08,sh.605268,8.2347944700,8.3914611900,8.1760444500,8.2935444900,8.2837528200,3053300,25829739.0000,2,0.697600,1,0.118200,25.977116,2.292601,1.196338,61.917453,0
2025-05-09,sh.605268,8.3425028400,8.4208362000,8.2347944700,8.4012528600,8.2935444900,2905800,24776631.0000,2,0.663900,1,1.298700,26.314481,2.322375,1.211875,62.721576,0
2025-05-12,sh.605268,8.4208362000,8.6166696000,8.3620861800,8.6068779300,8.4012528600,4781900,41485693.0000,2,1.092500,1,2.447600,26.958542,2.379216,1.241536,64.256719,0
2025-05-13,sh.605268,8.6068779300,8.6460446100,8.4306278700,8.6068779300,8.6068779300,4497700,39371109.0000,2,1.027600,1,0.000000,26.958542,2.379216,1.241536,64.256719,0
2025-05-14,sh.605268,8.5775029200,8.7929196600,8.5579195800,8.6852112900,8.6068779300,4911900,43604410.0000,2,1.122200,1,0.910100,27.203899,2.400870,1.252836,64.841536,0
2025-05-15,sh.605268,8.7341696400,8.8027113300,8.6166696000,8.7537529800,8.6852112900,3874500,34470236.0000,2,0.885200,1,0.789200,27.418586,2.419817,1.262723,65.353250,0
2025-05-16,sh.605268,8.7635446500,8.9202113700,8.7047946300,8.9006280300,8.7537529800,3293100,29744807.0000,2,0.752400,1,1.677900,27.878629,2.460418,1.283909,66.449781,0
2025-05-19,sh.605268,8.8712530200,9.0670864200,8.8418780100,9.0083364000,8.9006280300,4474900,41041389.0000,2,1.022400,1,1.210100,28.215994,2.490192,1.299446,67.253904,0
2025-05-20,sh.605268,9.0083364000,9.3118781700,8.5579195800,8.6558362800,9.0083364000,13519700,122537399.0000,2,3.088800,1,-3.913000,27.111890,2.392750,1.248598,64.622230,0
2025-05-21,sh.605268,8.6656279500,8.8222946700,8.4795862200,8.7733363200,8.6558362800,8943400,79188030.0000,2,2.043300,1,1.357500,27.479925,2.425231,1.265548,65.499454,0
2025-05-22,sh.605268,8.7537529800,8.8712530200,8.5872945900,8.6656279500,8.7733363200,4355900,38679460.0000,2,0.995200,1,-1.227700,27.142560,2.395457,1.250011,64.695332,0
2025-05-23,sh.605268,8.6460446100,8.8712530200,8.6264612700,8.7047946300,8.6656279500,3681700,32898162.0000,2,0.841200,1,0.452000,27.265238,2.406283,1.255661,64.987740,0
2025-05-26,sh.605268,8.6950029600,8.8125030000,8.6068779300,8.6656279500,8.7047946300,2975000,26304943.0000,2,0.679700,1,-0.449900,27.142560,2.395457,1.250011,64.695332,0
2025-05-27,sh.605268,8.6264612700,8.7537529800,8.5775029200,8.6362529400,8.6656279500,3338500,29441884.0000,2,0.762700,1,-0.339000,27.050551,2.387336,1.245774,64.476025,0
2025-05-28,sh.605268,8.6362529400,8.6852112900,8.5285445700,8.5677112500,8.6362529400,2777500,24344344.0000,2,0.634600,1,-0.793700,26.835864,2.368389,1.235886,63.964311,0
2025-05-29,sh.605268,8.6264612700,8.6460446100,8.4306278700,8.5970862600,8.5677112500,3227000,28255250.0000,2,0.737300,1,0.342900,26.927873,2.376509,1.240124,64.183617,0
2025-05-30,sh.605268,8.5970862600,8.6166696000,8.4502112100,8.4795862200,8.5970862600,2182307,18962019.5500,2,0.498600,1,-1.366700,26.559838,2.344029,1.223174,63.306392,0
2025-06-03,sh.605268,8.4502112100,8.5579195800,8.3522945100,8.5579195800,8.4795862200,2292000,19876838.0000,2,0.523700,1,0.923800,26.805194,2.365682,1.234474,63.891209,0
2025-06-04,sh.605268,8.5579195800,8.6068779300,8.3229195000,8.5872945900,8.5579195800,2864507,24954641.1800,2,0.654500,1,0.343200,26.897203,2.373803,1.238711,64.110515,0
2025-06-05,sh.605268,8.5872945900,8.6656279500,8.4991695600,8.4991695600,8.5872945900,2996307,26225360.5300,2,0.684600,1,-1.026200,26.621177,2.349442,1.225999,63.452596,0
2025-06-06,sh.605268,8.4991695600,8.5481279100,8.4208362000,8.5089612300,8.4991695600,2089500,18098032.0000,2,0.477400,1,0.115200,26.651847,2.352149,1.227412,63.525699,0
2025-06-09,sh.605268,8.5089612300,8.6166696000,8.4795862200,8.5677112500,8.5089612300,1981000,17276635.0000,2,0.452600,1,0.690400,26.835864,2.368389,1.235886,63.964311,0
2025-06-10,sh.605268,8.5677112500,8.7341696400,8.4893778900,8.6460446100,8.5677112500,2979200,26183507.0000,2,0.680700,1,0.914300,27.081220,2.390043,1.247186,64.549128,0
2025-06-11,sh.605268,8.6852112900,8.7635446500,8.5481279100,8.7243779700,8.6460446100,2878400,25470646.0000,2,0.657600,1,0.906000,27.326577,2.411697,1.258486,65.133944,0
2025-06-12,sh.605268,8.7243779700,8.8810446900,8.7243779700,8.8810446900,8.7243779700,3885700,34963292.0000,2,0.887800,1,1.795700,27.817290,2.455005,1.281085,66.303577,0
2025-06-13,sh.605268,8.8810446900,9.1062531000,8.7047946300,8.7733363200,8.8810446900,4798700,43221686.0000,2,1.096400,1,-1.212800,27.479925,2.425231,1.265548,65.499454,0
2025-06-16,sh.605268,8.7929196600,8.8810446900,8.6264612700,8.8614613500,8.7733363200,2536020,22843294.0000,2,0.579400,1,1.004500,27.755951,2.449591,1.278260,66.157373,0
2025-06-17,sh.605268,8.9006280300,9.7525033200,8.6852112900,9.0279197400,8.8614613500,18136530,167577371.1000,2,4.143600,1,1.878500,28.277333,2.495606,1.302271,67.400108,0
2025-06-18,sh.605268,8.7145863000,8.9104197000,8.6656279500,8.8320863400,9.0279197400,11426469,102541865.1800,2,2.610600,1,-2.169200,27.663942,2.441471,1.274022,65.938067,0
2025-06-19,sh.605268,8.7439613100,9.7133366400,8.7341696400,9.7133366400,8.8320863400,28616286,278080591.7000,2,6.537900,1,9.977800,30.424202,2.685077,1.401142,72.517253,0
2025-06-20,sh.605268,9.5468782500,9.7720866600,9.1747947900,9.2335448100,9.7133366400,28226742,270136929.6400,2,6.448900,1,-4.939500,28.921394,2.552447,1.331932,68.935252,0
2025-06-23,sh.605268,9.1650031200,9.3118781700,8.8418780100,9.2825031600,9.2335448100,19921400,185194414.7200,2,4.551400,1,0.530200,28.875548,2.548401,1.329821,68.825977,0
2025-06-24,sh.605268,9.2531281500,9.2727114900,9.0572947500,9.1552114500,9.2825031600,14005990,130761717.5400,2,3.199900,1,-1.371300,28.479575,2.513454,1.311585,67.882160,0
2025-06-25,sh.605268,9.0670864200,9.5175032400,9.0670864200,9.2629198200,9.1552114500,15223374,144065107.2800,2,3.478100,1,1.176500,28.814629,2.543024,1.327016,68.680774,0
2025-06-26,sh.605268,9.1258364400,9.2531281500,8.9691697200,9.2433364800,9.2629198200,12326154,114475461.7800,2,2.816100,1,-0.211400,28.753710,2.537648,1.324210,68.535572,0
2025-06-27,sh.605268,9.2629198200,10.1539617900,9.1062531000,9.5762532600,9.2433364800,23461948,230043207.3200,2,5.360300,1,3.601700,29.789331,2.629046,1.371904,71.004014,0
2025-06-30,sh.605268,9.5762532600,10.0364617500,9.4391698800,9.8504200200,9.5762532600,19701155,195311618.2100,2,4.501100,1,2.863000,30.642196,2.704316,1.411181,73.036849,0
2025-07-01,sh.605268,9.7720866600,9.7916700000,9.5468782500,9.6350032800,9.8504200200,10960642,107671149.4400,2,2.504200,1,-2.186900,29.972088,2.645176,1.380321,71.439621,0
2025-07-02,sh.605268,9.5958366000,9.6350032800,9.2629198200,9.4097948700,9.6350032800,9591200,91639425.0000,2,2.191300,1,-2.337400,29.271521,2.583347,1.348057,69.769793,0
2025-07-03,sh.605268,9.3216698400,9.5175032400,9.2629198200,9.4293782100,9.4097948700,6294927,60195577.7200,2,1.438200,1,0.208100,29.332440,2.588724,1.350863,69.914995,0
2025-07-04,sh.605268,9.3412531800,9.6741699600,9.2727114900,9.5175032400,9.4293782100,8489020,82132209.6000,2,1.939500,1,0.934600,29.606575,2.612917,1.363487,70.568406,0
2025-07-07,sh.605268,9.4195865400,9.4881282300,9.3510448500,9.4000032000,9.5175032400,5259642,50506044.4600,2,1.201700,1,-1.234600,29.241061,2.580659,1.346654,69.697191,0
2025-07-08,sh.605268,9.3600000000,9.4200000000,9.1000000000,9.2100000000,9.4000000000,7064600,65355593.0000,2,1.614000,1,-2.021300,28.053143,2.475820,1.291946,66.865743,0
2025-07-09,sh.605268,9.2300000000,9.2900000000,9.0600000000,9.0900000000,9.2100000000,5356300,49082312.0000,2,1.223700,1,-1.302900,27.687630,2.443562,1.275113,65.994528,0
2025-07-10,sh.605268,9.1200000000,9.3000000000,8.9900000000,9.3000000000,9.0900000000,4938100,45188552.0000,2,1.128200,1,2.310200,28.327278,2.500013,1.304571,67.519154,0
2025-07-11,sh.605268,9.3000000000,9.4100000000,9.1200000000,9.2100000000,9.3000000000,4891400,45155826.0000,2,1.117500,1,-0.967700,28.053143,2.475820,1.291946,66.865743,0
2025-07-14,sh.605268,9.2800000000,9.4000000000,9.1700000000,9.3900000000,9.2100000000,5338500,49835728.0000,2,1.219700,1,1.954400,28.601413,2.524207,1.317196,68.172565,0
2025-07-15,sh.605268,9.3000000000,9.3600000000,9.0500000000,9.1200000000,9.3900000000,5169920,47346349.4000,2,1.181200,1,-2.875400,27.779008,2.451626,1.279322,66.212332,0
2025-07-16,sh.605268,9.1800000000,9.2400000000,9.1300000000,9.2100000000,9.1200000000,3012620,27706172.2000,2,0.688300,1,0.986800,28.053143,2.475820,1.291946,66.865743,0
2025-07-17,sh.605268,9.2700000000,9.3100000000,9.1800000000,9.2200000000,9.2100000000,3291200,30424058.0000,2,0.751900,1,0.108600,28.083603,2.478508,1.293349,66.938344,0
2025-07-18,sh.605268,9.1600000000,9.3000000000,9.1600000000,9.2200000000,9.2200000000,2634200,24315309.0000,2,0.601800,1,0.000000,28.083603,2.478508,1.293349,66.938344,0
2025-07-21,sh.605268,9.2100000000,9.4200000000,9.2100000000,9.4000000000,9.2200000000,4223520,39506681.2000,2,0.964900,1,1.952300,28.631873,2.526895,1.318599,68.245167,0
2025-07-22,sh.605268,9.3700000000,9.4400000000,9.2500000000,9.3200000000,9.4000000000,3116691,29036436.3900,2,0.712100,1,-0.851100,28.388197,2.505390,1.307377,67.664357,0
2025-07-23,sh.605268,9.2800000000,10.2500000000,9.2500000000,9.7700000000,9.3200000000,26897398,270332149.6900,2,6.145200,1,4.828300,29.758872,2.626358,1.370501,70.931413,0
2025-07-24,sh.605268,9.6000000000,10.3100000000,9.3800000000,9.9200000000,9.7700000000,22320291,218581532.9700,2,5.099500,1,1.535300,30.215764,2.666681,1.391543,72.020431,0
2025-07-25,sh.605268,9.8000000000,9.9100000000,9.6600000000,9.7200000000,9.9200000000,9361230,91383478.5000,2,2.138800,1,-2.016100,29.606575,2.612917,1.363487,70.568406,0
2025-07-28,sh.605268,9.7700000000,9.8500000000,9.6600000000,9.7100000000,9.7200000000,5433300,52796462.0000,2,1.241300,1,-0.102900,29.576115,2.610229,1.362085,70.495805,0
2025-07-29,sh.605268,9.6900000000,10.6800000000,9.5300000000,10.6800000000,9.7100000000,14970906,157265051.1600,2,3.420400,1,9.989700,32.530681,2.870983,1.498153,77.538125,0
2025-07-30,sh.605268,11.7500000000,11.7500000000,11.7500000000,11.7500000000,10.6800000000,2960260,34783055.0000,2,0.676300,1,10.018700,35.789841,3.158619,1.648249,85.306458,0
2025-07-31,sh.605268,12.9300000000,12.9300000000,10.8500000000,11.5500000000,11.7500000000,44397267,530397983.8200,2,10.143400,1,-1.702100,35.180652,3.104855,1.620193,83.854433,0
2025-08-01,sh.605268,10.4000000000,10.6900000000,10.4000000000,10.4000000000,11.5500000000,25690298,268818600.0200,2,5.869400,1,-9.956700,31.677817,2.795714,1.458875,75.505291,0
2025-08-04,sh.605268,10.0200000000,10.1600000000,9.8000000000,9.8000000000,10.4000000000,18985120,187710855.7300,2,4.337500,1,-5.769200,29.850250,2.634423,1.374710,71.149216,0
2025-08-05,sh.605268,9.8600000000,10.0200000000,9.8100000000,9.9200000000,9.8000000000,12590900,124724860.0000,2,2.876600,1,1.224500,30.215764,2.666681,1.391543,72.020431,0
2025-08-06,sh.605268,9.9200000000,9.9200000000,9.7500000000,9.8800000000,9.9200000000,10109700,99546354.9300,2,2.309800,1,-0.403200,30.093926,2.655928,1.385932,71.730026,0
2025-08-07,sh.605268,9.8800000000,9.9100000000,9.7800000000,9.7800000000,9.8800000000,9637000,94823750.0000,2,2.201800,1,-1.012100,29.789331,2.629046,1.371904,71.004014,0
2025-08-08,sh.605268,9.7800000000,9.8800000000,9.6800000000,9.8400000000,9.7800000000,8203700,80196028.0000,2,1.874300,1,0.613500,29.972088,2.645176,1.380321,71.439621,0
2025-08-11,sh.605268,9.8400000000,10.0200000000,9.8300000000,9.9700000000,9.8400000000,7285040,72358668.1600,2,1.664400,1,1.321100,30.368061,2.680122,1.398557,72.383437,0
2025-08-12,sh.605268,10.0100000000,10.0200000000,9.8800000000,9.9400000000,9.9700000000,5371760,53319056.2000,2,1.227300,1,-0.300900,30.276682,2.672057,1.394348,72.165634,0
2025-08-13,sh.605268,9.9500000000,9.9800000000,9.8600000000,9.9100000000,9.9400000000,4394200,43517846.0000,2,1.003900,1,-0.301800,30.185304,2.663993,1.390140,71.947830,0
2025-08-14,sh.605268,9.9000000000,9.9500000000,9.7600000000,9.7600000000,9.9100000000,5548600,54612503.0000,2,1.267700,1,-1.513600,29.728412,2.623670,1.369099,70.858811,0
2025-08-15,sh.605268,9.7200000000,9.9300000000,9.7100000000,9.8700000000,9.7600000000,5603306,55127657.2200,2,1.280200,1,1.127000,30.063466,2.653240,1.384529,71.657425,0
2025-08-18,sh.605268,9.8700000000,10.1400000000,9.8300000000,9.9800000000,9.8700000000,9782867,97621464.3500,2,2.235100,1,1.114500,30.398520,2.682810,1.399959,72.456039,0
2025-08-19,sh.605268,10.0100000000,10.1200000000,9.9000000000,10.0200000000,9.9800000000,6626400,66303171.0000,2,1.513900,1,0.400800,30.520358,2.693563,1.405570,72.746444,0
2025-08-20,sh.605268,9.9900000000,10.2100000000,9.9300000000,10.1600000000,10.0200000000,7229560,72931437.1400,2,1.651700,1,1.397200,30.946790,2.731197,1.425209,73.762861,0
2025-08-21,sh.605268,10.1800000000,10.3600000000,10.1300000000,10.2800000000,10.1600000000,7974199,81693941.7800,2,1.821900,1,1.181100,31.312303,2.763456,1.442042,74.634076,0
2025-08-22,sh.605268,10.2600000000,10.2700000000,10.1000000000,10.2200000000,10.2800000000,5403401,55017638.1400,2,1.234500,1,-0.583700,31.129547,2.747327,1.433626,74.198468,0
2025-08-25,sh.605268,10.2100000000,10.3100000000,10.1700000000,10.2800000000,10.2200000000,6142000,62960161.9400,2,1.403300,1,0.587100,31.312303,2.763456,1.442042,74.634076,0
2025-08-26,sh.605268,10.2300000000,10.3500000000,10.2300000000,10.3300000000,10.2800000000,4925399,50723216.7400,2,1.125300,1,0.486400,31.464600,2.776897,1.449056,74.997082,0
2025-08-27,sh.605268,10.3700000000,10.5100000000,10.0800000000,10.1000000000,10.3300000000,7583800,77933663.0000,2,1.732700,1,-2.226500,30.764033,2.715068,1.416793,73.327253,0
2025-08-28,sh.605268,10.1400000000,10.4100000000,9.9000000000,10.2800000000,10.1000000000,7337400,74474682.0000,2,1.676400,1,1.782200,30.192629,2.675312,1.408699,48.263472,0
2025-08-29,sh.605268,10.2200000000,10.5100000000,10.2000000000,10.4000000000,10.2800000000,7625199,79203444.5400,2,1.742100,1,1.167300,30.545072,2.706542,1.425143,48.826859,0
2025-09-01,sh.605268,10.4200000000,10.5500000000,10.2600000000,10.5100000000,10.4000000000,7136377,74479953.2900,2,1.630400,1,1.057700,30.868145,2.735169,1.440217,49.343297,0
2025-09-02,sh.605268,10.5100000000,10.5200000000,10.1700000000,10.3000000000,10.5100000000,6180867,63694375.7800,2,1.412100,1,-1.998100,30.251369,2.680517,1.411440,48.357370,0
2025-09-03,sh.605268,10.3500000000,10.4300000000,10.1400000000,10.2200000000,10.3000000000,6607476,67984790.9600,2,1.509600,1,-0.776700,30.016407,2.659698,1.400477,47.981779,0
2025-09-04,sh.605268,10.2400000000,10.3200000000,10.0000000000,10.2000000000,10.2200000000,5890899,60150481.9000,2,1.345900,1,-0.195700,29.957667,2.654493,1.397736,47.887881,0
2025-09-05,sh.605268,10.2000000000,10.3800000000,10.0600000000,10.3700000000,10.2000000000,7128000,73183453.0000,2,1.628500,1,1.666700,30.456961,2.698734,1.421032,48.686012,0
2025-09-08,sh.605268,10.3500000000,10.6700000000,10.3000000000,10.4900000000,10.3700000000,7868874,82315572.1200,2,1.797800,1,1.157200,30.809404,2.729964,1.437476,49.249399,0
2025-09-09,sh.605268,10.4800000000,11.5400000000,10.3800000000,11.5400000000,10.4900000000,22077904,248810914.2400,2,5.044100,1,10.009500,33.893282,3.003220,1.581360,54.179034,0
2025-09-10,sh.605268,12.1200000000,12.6900000000,11.1700000000,11.2600000000,11.5400000000,38142143,455031791.6300,2,8.714300,1,-2.426300,33.070914,2.930352,1.542991,52.864465,0
2025-09-11,sh.605268,11.0100000000,11.5000000000,10.7100000000,11.0600000000,11.2600000000,23671416,261923957.9200,2,5.408200,1,-1.776200,32.483509,2.878303,1.515585,51.925487,0
2025-09-12,sh.605268,11.1500000000,11.2000000000,10.7000000000,10.7000000000,11.0600000000,17454900,189842778.0000,2,3.987900,1,-3.255000,31.426180,2.784615,1.466253,50.235326,0
2025-09-15,sh.605268,10.8000000000,10.9000000000,10.6900000000,10.7900000000,10.7000000000,12006500,129808941.5100,2,2.743100,1,0.841100,31.690512,2.808037,1.478586,50.657866,0
2025-09-16,sh.605268,10.6300000000,10.8100000000,10.5800000000,10.7300000000,10.7900000000,9494549,101403670.8100,2,2.169200,1,-0.556100,31.514291,2.792422,1.470364,50.376173,0
2025-09-17,sh.605268,10.6800000000,11.0300000000,10.6600000000,10.7600000000,10.7300000000,9678500,104425912.4500,2,2.211200,1,0.279600,31.602401,2.800230,1.474475,50.517020,0
2025-09-18,sh.605268,10.7000000000,10.7300000000,10.1700000000,10.2700000000,10.7600000000,12428649,129909654.1400,2,2.839600,1,-4.553900,30.163259,2.672710,1.407329,48.216523,0
2025-09-19,sh.605268,10.2400000000,10.3200000000,10.1100000000,10.2100000000,10.2700000000,6344800,64670156.0000,2,1.449600,1,-0.584200,29.987037,2.657095,1.399107,47.934830,0
2025-09-22,sh.605268,10.2900000000,10.2900000000,10.1300000000,10.1900000000,10.2100000000,3583100,36550263.0000,2,0.818600,1,-0.195900,29.928296,2.651890,1.396366,47.840932,0
2025-09-23,sh.605268,10.1900000000,10.2200000000,9.8000000000,10.1700000000,10.1900000000,6920400,69211550.0000,2,1.581100,1,-0.196300,29.869556,2.646686,1.393625,47.747034,0
2025-09-24,sh.605268,10.1800000000,10.3800000000,10.0900000000,10.3600000000,10.1700000000,5327100,54758817.0000,2,1.217100,1,1.868200,30.427591,2.696132,1.419662,48.639063,0
2025-09-25,sh.605268,10.2900000000,10.3900000000,10.1600000000,10.2000000000,10.3600000000,3794500,38850905.8100,2,0.866900,1,-1.544400,29.957667,2.654493,1.397736,47.887881,0
2025-09-26,sh.605268,10.1600000000,10.3300000000,10.0100000000,10.2300000000,10.2000000000,4007400,40890956.0000,2,0.915600,1,0.294100,30.045777,2.662300,1.401847,48.028728,0
2025-09-29,sh.605268,10.1700000000,10.2000000000,9.9200000000,10.0800000000,10.2300000000,4640600,46682899.0000,2,1.060200,1,-1.466300,29.605224,2.623264,1.381292,47.324494,0
2025-09-30,sh.605268,10.0900000000,10.1600000000,9.9900000000,10.0000000000,10.0800000000,3309500,33252102.0000,2,0.756100,1,-0.793700,29.370261,2.602444,1.370330,46.948903,0
2025-10-09,sh.605268,9.9900000000,10.0500000000,9.8200000000,9.8500000000,10.0000000000,4366600,43127013.0000,2,0.997600,1,-1.500000,28.929708,2.563407,1.349775,46.244669,0
2025-10-10,sh.605268,9.8600000000,10.1500000000,9.8400000000,10.1000000000,9.8500000000,5549300,55902369.0000,2,1.267800,1,2.538100,29.663964,2.628468,1.384033,47.418392,0
2025-10-13,sh.605268,9.8600000000,10.0200000000,9.6500000000,10.0000000000,10.1000000000,3606408,35657403.8600,2,0.824000,1,-0.990100,29.370261,2.602444,1.370330,46.948903,0
2025-10-14,sh.605268,10.0300000000,10.1500000000,9.9600000000,10.0000000000,10.0000000000,3121600,31329499.0000,2,0.713200,1,0.000000,29.370261,2.602444,1.370330,46.948903,0
2025-10-15,sh.605268,10.0300000000,10.2000000000,9.9700000000,10.2000000000,10.0000000000,3621000,36662790.0000,2,0.827300,1,2.000000,29.957667,2.654493,1.397736,47.887881,0
2025-10-16,sh.605268,10.1500000000,10.2700000000,10.1200000000,10.2100000000,10.2000000000,3067500,31280973.0000,2,0.700800,1,0.098000,29.987037,2.657095,1.399107,47.934830,0
2025-10-17,sh.605268,10.2100000000,10.2300000000,9.9800000000,9.9900000000,10.2100000000,3154400,31840142.0000,2,0.720700,1,-2.154800,29.340891,2.599842,1.368959,46.901954,0
2025-10-20,sh.605268,10.0600000000,10.1200000000,9.9800000000,10.0500000000,9.9900000000,2231900,22433200.0000,2,0.509900,1,0.600600,29.517113,2.615456,1.377181,47.183647,0
2025-10-21,sh.605268,10.0400000000,10.2000000000,10.0000000000,10.2000000000,10.0500000000,3053688,30923481.8400,2,0.697700,1,1.492500,29.957667,2.654493,1.397736,47.887881,0
2025-10-22,sh.605268,10.1900000000,10.2300000000,10.1000000000,10.1300000000,10.2000000000,2287400,23225861.0000,2,0.522600,1,-0.686300,29.752075,2.636276,1.388144,47.559239,0
2025-10-23,sh.605268,10.1300000000,10.1300000000,9.9800000000,10.1000000000,10.1300000000,2594700,26105466.0000,2,0.592800,1,-0.296200,29.663964,2.628468,1.384033,47.418392,0
2025-10-24,sh.605268,10.1400000000,10.2200000000,10.1000000000,10.1400000000,10.1000000000,2479100,25162952.1200,2,0.566400,1,0.396000,29.781445,2.638878,1.389514,47.606188,0
2025-10-27,sh.605268,10.2000000000,10.2300000000,10.0700000000,10.1200000000,10.1400000000,3295200,33395708.0000,2,0.752900,1,-0.197200,29.722705,2.633673,1.386774,47.512290,0
2025-10-28,sh.605268,10.1700000000,10.3000000000,10.0600000000,10.2600000000,10.1200000000,4109219,41920221.1400,2,0.938800,1,1.383400,30.133888,2.670108,1.405958,48.169574,0
2025-10-29,sh.605268,10.2800000000,10.2900000000,10.1100000000,10.2300000000,10.2600000000,3397000,34662460.0000,2,0.776100,1,-0.292400,30.045777,2.662300,1.401847,48.028728,0
2025-10-30,sh.605268,10.1800000000,10.3800000000,10.0700000000,10.0800000000,10.2300000000,4552900,46303325.0000,2,1.040200,1,-1.466300,29.605224,2.623264,1.381292,47.324494,0
2025-10-31,sh.605268,10.2100000000,10.4000000000,10.1500000000,10.3900000000,10.0800000000,7021400,72481321.0000,2,1.604200,1,3.075400,26.166602,2.763695,1.379542,-60.132250,0
2025-11-03,sh.605268,10.4000000000,10.5800000000,10.4000000000,10.5300000000,10.3900000000,6890200,72336017.0000,2,1.574200,1,1.347400,26.519184,2.800935,1.398131,-60.942502,0
2025-11-04,sh.605268,10.5500000000,10.5600000000,10.4200000000,10.4900000000,10.5300000000,4343200,45543506.0000,2,0.992300,1,-0.379900,26.418446,2.790295,1.392820,-60.711002,0
2025-11-05,sh.605268,10.4600000000,10.5800000000,10.4100000000,10.5300000000,10.4900000000,4167500,43849453.0000,2,0.952100,1,0.381300,26.519184,2.800935,1.398131,-60.942502,0
2025-11-06,sh.605268,10.5300000000,10.5700000000,10.4500000000,10.5000000000,10.5300000000,3213400,33722480.0000,2,0.734200,1,-0.284900,26.443631,2.792955,1.394148,-60.768877,0
2025-11-07,sh.605268,10.4900000000,10.4900000000,10.3200000000,10.3900000000,10.5000000000,5090700,52969038.0000,2,1.163100,1,-1.047600,26.166602,2.763695,1.379542,-60.132250,0
2025-11-10,sh.605268,10.3900000000,10.5600000000,10.3900000000,10.5400000000,10.3900000000,4135100,43467594.0000,2,0.944700,1,1.443700,26.544369,2.803595,1.399459,-61.000377,0
2025-11-11,sh.605268,10.5400000000,10.5900000000,10.4700000000,10.5600000000,10.5400000000,3223900,33976393.0000,2,0.736600,1,0.189800,26.594737,2.808915,1.402114,-61.116127,0
2025-11-12,sh.605268,10.5800000000,10.6700000000,10.5600000000,10.6100000000,10.5600000000,3650931,38726585.6000,2,0.834100,1,0.473500,26.720659,2.822214,1.408753,-61.405503,0
2025-11-13,sh.605268,10.5900000000,10.6800000000,10.4700000000,10.6800000000,10.6100000000,4189131,44438301.8400,2,0.957100,1,0.659800,26.896950,2.840834,1.418047,-61.810629,0
2025-11-14,sh.605268,10.6900000000,10.8500000000,10.6100000000,10.7100000000,10.6800000000,4748200,51109390.0000,2,1.084800,1,0.280900,26.972504,2.848814,1.422031,-61.984254,0
2025-11-17,sh.605268,10.6400000000,10.8000000000,10.5600000000,10.7700000000,10.7100000000,3447331,36928122.6300,2,0.787600,1,0.560200,27.123610,2.864774,1.429997,-62.331505,0
2025-11-18,sh.605268,10.8300000000,10.9000000000,10.6600000000,10.7300000000,10.7700000000,3920600,42115530.0000,2,0.895700,1,-0.371400,27.022872,2.854134,1.424686,-62.100004,0
2025-11-19,sh.605268,10.7200000000,10.7500000000,10.4600000000,10.5600000000,10.7300000000,3876031,41005622.8100,2,0.885600,1,-1.584300,26.594737,2.808915,1.402114,-61.116127,0
2025-11-20,sh.605268,10.5800000000,10.6500000000,10.3900000000,10.5300000000,10.5600000000,3523100,36962096.0000,2,0.804900,1,-0.284100,26.519184,2.800935,1.398131,-60.942502,0
2025-11-21,sh.605268,10.4100000000,10.5500000000,10.0500000000,10.0500000000,10.5300000000,4677800,47886987.0000,2,1.068700,1,-4.558400,25.310332,2.673257,1.334398,-58.164496,0
2025-11-24,sh.605268,10.1100000000,10.2000000000,10.0200000000,10.1200000000,10.0500000000,3090019,31237017.2800,2,0.706000,1,0.696500,25.486623,2.691877,1.343693,-58.569622,0
2025-11-25,sh.605268,10.2200000000,10.4000000000,10.1200000000,10.2600000000,10.1200000000,3566319,36722745.0800,2,0.814800,1,1.383400,25.839205,2.729116,1.362281,-59.379874,0
2025-11-26,sh.605268,10.3100000000,10.3500000000,10.0500000000,10.0800000000,10.2600000000,2799400,28526565.0000,2,0.639600,1,-1.754400,25.385886,2.681237,1.338382,-58.338122,0
2025-11-27,sh.605268,10.2800000000,10.6800000000,10.2100000000,10.5000000000,10.0800000000,12042300,126049785.0000,2,2.751300,1,4.166700,26.443631,2.792955,1.394148,-60.768877,0
2025-11-28,sh.605268,10.4000000000,10.9500000000,10.2700000000,10.6300000000,10.5000000000,9894400,104548081.0000,2,2.260600,1,1.238100,26.771028,2.827534,1.411409,-61.521253,0
2025-12-01,sh.605268,10.6800000000,10.9600000000,10.5700000000,10.8300000000,10.6300000000,8362749,90094265.7700,2,1.910600,1,1.881500,27.274716,2.880734,1.437964,-62.678756,0
2025-12-02,sh.605268,10.8600000000,10.8800000000,10.7000000000,10.7500000000,10.8300000000,5289200,56914788.0000,2,1.208400,1,-0.738700,27.073241,2.859454,1.427342,-62.215755,0
2025-12-03,sh.605268,10.7000000000,10.8300000000,10.6800000000,10.7500000000,10.7500000000,4733500,50910384.0000,2,1.081500,1,0.000000,27.073241,2.859454,1.427342,-62.215755,0
2025-12-04,sh.605268,10.6800000000,10.7600000000,10.5500000000,10.5800000000,10.7500000000,3695200,39237215.0000,2,0.844200,1,-1.581400,26.645106,2.814235,1.404770,-61.231878,0
2025-12-05,sh.605268,10.6100000000,10.7200000000,10.4100000000,10.7100000000,10.5800000000,3981500,42263981.0000,2,0.909600,1,1.228700,26.972504,2.848814,1.422031,-61.984254,0
2025-12-08,sh.605268,10.7200000000,10.7900000000,10.6100000000,10.6900000000,10.7100000000,3244100,34614910.0000,2,0.741200,1,-0.186700,26.922135,2.843494,1.419375,-61.868504,0
2025-12-09,sh.605268,10.6600000000,10.8400000000,10.6500000000,10.7200000000,10.6900000000,4505300,48522627.0000,2,1.029300,1,0.280600,26.997688,2.851474,1.423358,-62.042129,0
2025-12-10,sh.605268,10.6800000000,11.4800000000,10.6600000000,11.1500000000,10.7200000000,16747700,186078999.0000,2,3.826300,1,4.011200,28.080618,2.965852,1.480452,-64.530760,0
2025-12-11,sh.605268,11.1700000000,11.3500000000,10.9900000000,11.0700000000,11.1500000000,14264000,159103441.0000,2,3.258900,1,-0.717500,27.879142,2.944573,1.469830,-64.067759,0
2025-12-12,sh.605268,11.0900000000,11.2000000000,10.9400000000,11.0500000000,11.0700000000,7881132,87386772.2800,2,1.800600,1,-0.180700,27.828773,2.939253,1.467174,-63.952008,0
2025-12-15,sh.605268,10.9500000000,11.3000000000,10.9200000000,11.2500000000,11.0500000000,7831600,87759040.0000,2,1.789300,1,1.810000,28.332462,2.992452,1.493730,-65.109511,0
2025-12-16,sh.605268,11.1300000000,11.4700000000,11.0200000000,11.0400000000,11.2500000000,8136000,91123136.0000,2,1.858800,1,-1.866700,27.803589,2.936593,1.465847,-63.894133,0
2025-12-17,sh.605268,11.0900000000,11.1300000000,10.6800000000,10.9000000000,11.0400000000,7694900,83359441.0000,2,1.758000,1,-1.268100,27.451007,2.899353,1.447258,-63.083882,0
2025-12-18,sh.605268,10.9400000000,11.3000000000,10.8900000000,11.0300000000,10.9000000000,5908900,65495478.0000,2,1.350000,1,1.192700,27.778405,2.933933,1.464519,-63.836258,0
2025-12-19,sh.605268,11.0300000000,11.4000000000,10.9200000000,11.3400000000,11.0300000000,7273700,81999063.0000,2,1.661800,1,2.810500,28.559121,3.016391,1.505679,-65.630387,0
2025-12-22,sh.605268,11.3500000000,11.4700000000,11.1700000000,11.2200000000,11.3400000000,5322900,60101437.0000,2,1.216100,1,-1.058200,28.256908,2.984472,1.489746,-64.935885,0
2025-12-23,sh.605268,11.1500000000,11.2200000000,11.0100000000,11.0900000000,11.2200000000,4060500,45041606.0000,2,0.927700,1,-1.158600,27.929511,2.949892,1.472485,-64.183509,0
2025-12-24,sh.605268,11.0900000000,11.1900000000,10.9700000000,11.1400000000,11.0900000000,3706600,41116972.0000,2,0.846800,1,0.450900,28.055433,2.963192,1.479124,-64.472884,0
2025-12-25,sh.605268,11.0800000000,11.2700000000,11.0500000000,11.1900000000,11.1400000000,3796400,42455753.0000,2,0.867400,1,0.448800,28.181355,2.976492,1.485763,-64.762260,0
2025-12-26,sh.605268,11.1300000000,11.2200000000,10.9100000000,10.9500000000,11.1900000000,5663300,62462153.0000,2,1.293900,1,-2.144800,27.576929,2.912653,1.453897,-63.373257,0
2025-12-29,sh.605268,10.9100000000,10.9800000000,10.8000000000,10.9100000000,10.9500000000,4172000,45422716.0000,2,0.953200,1,-0.365300,27.476192,2.902013,1.448586,-63.141757,0
2025-12-30,sh.605268,10.8700000000,10.9600000000,10.6600000000,10.7900000000,10.9100000000,4148900,44848602.0000,2,0.947900,1,-1.099900,27.173979,2.870094,1.432653,-62.447255,0
2025-12-31,sh.605268,10.7700000000,10.8700000000,10.6000000000,10.6700000000,10.7900000000,3185200,34023297.0000,2,0.727700,1,-1.112100,26.871766,2.838174,1.416720,-61.752754,0
2026-01-05,sh.605268,10.6900000000,10.7600000000,10.5500000000,10.6100000000,10.6700000000,4399900,46783244.0000,2,1.005200,1,-0.562300,26.720659,2.822214,1.408753,-61.405503,0
2026-01-06,sh.605268,10.5700000000,10.7400000000,10.5600000000,10.6400000000,10.6100000000,4442400,47348971.0000,2,1.015000,1,0.282800,26.796213,2.830194,1.412736,-61.579128,0
2026-01-07,sh.605268,10.6200000000,10.6600000000,10.4100000000,10.4500000000,10.6400000000,4629700,48692645.0000,2,1.057700,1,-1.785700,26.317709,2.779655,1.387509,-60.479501,0
2026-01-08,sh.605268,10.4300000000,10.6400000000,10.4100000000,10.6400000000,10.4500000000,3874900,40873584.0000,2,0.885300,1,1.818200,26.796213,2.830194,1.412736,-61.579128,0
2026-01-09,sh.605268,10.6400000000,10.8500000000,10.5500000000,10.8200000000,10.6400000000,5281000,56471551.0000,2,1.206500,1,1.691700,27.249532,2.878074,1.436636,-62.620881,0
2026-01-12,sh.605268,10.8100000000,10.8500000000,10.6800000000,10.7500000000,10.8200000000,4629200,49767948.0000,2,1.057600,1,-0.647000,27.073241,2.859454,1.427342,-62.215755,0
2026-01-13,sh.605268,10.7300000000,10.9900000000,10.6500000000,10.7400000000,10.7500000000,5277900,57034705.0000,2,1.205800,1,-0.093000,27.048057,2.856794,1.426014,-62.157880,0
2026-01-14,sh.605268,10.8000000000,10.8100000000,10.6100000000,10.7300000000,10.7400000000,4346700,46610673.0000,2,0.993100,1,-0.093100,27.022872,2.854134,1.424686,-62.100004,0
2026-01-15,sh.605268,10.6500000000,10.9300000000,10.6100000000,10.8300000000,10.7300000000,4009700,43436141.0000,2,0.916100,1,0.932000,27.274716,2.880734,1.437964,-62.678756,0
2026-01-16,sh.605268,10.7700000000,11.0900000000,10.6600000000,10.9500000000,10.8300000000,5098100,55360238.0000,2,1.164800,1,1.108000,27.576929,2.912653,1.453897,-63.373257,0
2026-01-19,sh.605268,11.0000000000,11.2100000000,10.9000000000,11.0900000000,10.9500000000,4356700,48248562.0000,2,0.995400,1,1.278500,27.929511,2.949892,1.472485,-64.183509,0
2026-01-20,sh.605268,11.0900000000,11.1800000000,11.0100000000,11.1100000000,11.0900000000,3265000,36211050.0000,2,0.746000,1,0.180300,27.979880,2.955212,1.475141,-64.299259,0
2026-01-21,sh.605268,11.0700000000,11.2800000000,11.0200000000,11.2700000000,11.1100000000,4787600,53474800.0000,2,1.093800,1,1.440100,28.382830,2.997772,1.496385,-65.225261,0
2026-01-22,sh.605268,11.3500000000,11.3700000000,11.2000000000,11.3400000000,11.2700000000,4169137,47131327.9900,2,0.952500,1,0.621100,28.559121,3.016391,1.505679,-65.630387,0
2026-01-23,sh.605268,11.3800000000,11.4000000000,11.1400000000,11.2700000000,11.3400000000,3660500,41116261.0000,2,0.836300,1,-0.617300,28.382830,2.997772,1.496385,-65.225261,0
2026-01-26,sh.605268,11.2700000000,11.3900000000,11.1500000000,11.2300000000,11.2700000000,4591054,51719096.5800,2,1.048900,1,-0.354900,28.282093,2.987132,1.491074,-64.993761,0
2026-01-27,sh.605268,11.2100000000,11.2700000000,10.8400000000,11.0100000000,11.2300000000,5295246,58176606.9400,2,1.209800,1,-1.959000,27.728036,2.928613,1.461863,-63.720508,0
2026-01-28,sh.605268,11.0200000000,11.0400000000,10.7100000000,10.7700000000,11.0100000000,3502300,37997347.0000,2,0.800200,1,-2.179800,27.123610,2.864774,1.429997,-62.331505,0
2026-01-29,sh.605268,10.6700000000,10.9000000000,10.5700000000,10.7300000000,10.7700000000,4050200,43587661.0000,2,0.925300,1,-0.371400,27.022872,2.854134,1.424686,-62.100004,0
2026-01-30,sh.605268,10.7300000000,10.8900000000,10.6600000000,10.8600000000,10.7300000000,3344518,36096941.1400,2,0.764100,1,1.211600,27.350270,2.888713,1.441947,-62.852381,0
2026-02-02,sh.605268,10.8800000000,10.9300000000,10.6400000000,10.6500000000,10.8600000000,4177800,45144288.0000,2,0.954500,1,-1.933700,26.821397,2.832854,1.414064,-61.637004,0
2026-02-03,sh.605268,10.6600000000,10.9100000000,10.5800000000,10.8900000000,10.6500000000,3768600,40629783.0000,2,0.861000,1,2.253500,27.425823,2.896693,1.445930,-63.026006,0
2026-02-04,sh.605268,10.8500000000,11.1500000000,10.8500000000,11.1400000000,10.8900000000,3951208,43759194.4800,2,0.902700,1,2.295700,28.055433,2.963192,1.479124,-64.472884,0
2026-02-05,sh.605268,11.1400000000,11.2500000000,11.0600000000,11.2200000000,11.1400000000,3341400,37402539.0000,2,0.763400,1,0.718100,28.256908,2.984472,1.489746,-64.935885,0
2026-02-06,sh.605268,11.1500000000,11.4800000000,11.1000000000,11.3700000000,11.2200000000,5275200,59992169.0000,2,1.205200,1,1.336900,28.634675,3.024371,1.509663,-65.804012,0
2026-02-09,sh.605268,11.4100000000,11.4900000000,11.2800000000,11.4000000000,11.3700000000,3826900,43691686.0000,2,0.874300,1,0.263900,28.710228,3.032351,1.513646,-65.977638,0
2026-02-10,sh.605268,11.5200000000,11.5200000000,11.3300000000,11.3900000000,11.4000000000,3236900,36867415.0000,2,0.739500,1,-0.087700,28.685043,3.029691,1.512318,-65.919762,0
2026-02-11,sh.605268,11.4800000000,11.5400000000,11.2300000000,11.4600000000,11.3900000000,4224900,48223409.0000,2,0.965300,1,0.614600,28.861334,3.048311,1.521613,-66.324888,0
2026-02-12,sh.605268,11.4500000000,11.6300000000,11.3900000000,11.4200000000,11.4600000000,3899300,44884866.0000,2,0.890900,1,-0.349000,28.760597,3.037671,1.516302,-66.093388,0
2026-02-13,sh.605268,11.4200000000,11.5000000000,11.3200000000,11.3300000000,11.4200000000,3146300,35913212.0000,2,0.718800,1,-0.788100,28.533937,3.013731,1.504352,-65.572512,0
2026-02-24,sh.605268,11.4400000000,11.5800000000,11.3400000000,11.4800000000,11.3300000000,4098500,47053803.0000,2,0.936400,1,1.323900,28.911703,3.053631,1.524268,-66.440639,0
2026-02-25,sh.605268,11.5300000000,11.5300000000,11.0500000000,11.1300000000,11.4800000000,5631500,63166851.0000,2,1.286600,1,-3.048800,28.030249,2.960532,1.477797,-64.415009,0
2026-02-26,sh.605268,11.1000000000,11.1700000000,10.9400000000,10.9800000000,11.1300000000,4103800,45178544.0000,2,0.937600,1,-1.347700,27.652483,2.920633,1.457880,-63.546882,0
2026-02-27,sh.605268,10.9100000000,11.0800000000,10.9100000000,10.9600000000,10.9800000000,3085500,33857233.0000,2,0.704900,1,-0.182100,27.602114,2.915313,1.455225,-63.431132,0
2026-03-02,sh.605268,10.8000000000,10.9900000000,10.6300000000,10.6400000000,10.9600000000,5042200,54248988.0000,2,1.152000,1,-2.919700,26.796213,2.830194,1.412736,-61.579128,0
2026-03-03,sh.605268,10.5900000000,10.8200000000,10.4000000000,10.4700000000,10.6400000000,6615800,70369454.0000,2,1.511500,1,-1.597700,26.368078,2.784975,1.390164,-60.595251,0
2026-03-04,sh.605268,10.3700000000,11.5200000000,10.2500000000,11.5200000000,10.4700000000,9180416,103976968.3200,2,2.097400,1,10.028700,29.012441,3.064271,1.529579,-66.672139,0
2026-03-05,sh.605268,12.6700000000,12.6700000000,12.6700000000,12.6700000000,11.5200000000,3726565,47215578.5500,2,0.846000,1,9.982600,31.908648,3.370166,1.682272,-73.327778,0
2026-03-06,sh.605268,13.9400000000,13.9400000000,13.9400000000,13.9400000000,12.6700000000,5649240,78750405.6000,2,1.282500,1,10.023700,35.107068,3.707980,1.850897,-80.677918,0
2026-03-09,sh.605268,15.3300000000,15.3300000000,15.3300000000,15.3300000000,13.9400000000,4992500,76535025.0000,2,1.133400,1,9.971300,38.607701,4.077714,2.035456,-88.722560,0
2026-03-10,sh.605268,16.8600000000,16.8600000000,16.8600000000,16.8600000000,15.3300000000,4342403,73212914.5800,2,0.985800,1,9.980400,42.460916,4.484688,2.238603,-97.577453,0
2026-03-11,sh.605268,18.5500000000,18.5500000000,15.2400000000,16.0700000000,16.8600000000,52911913,859488267.4000,2,12.012000,1,-4.685600,40.471347,4.274551,2.133710,-93.005319,0
2026-03-12,sh.605268,14.6600000000,14.8900000000,14.4600000000,14.4600000000,16.0700000000,33862846,492020949.1600,2,7.687500,1,-10.018700,36.416657,3.846298,1.919940,-83.687424,0
2026-03-13,sh.605268,13.3500000000,14.1600000000,13.0100000000,13.5000000000,14.4600000000,39459688,527045017.3400,2,8.958100,1,-6.639000,33.998954,3.590942,1.792476,-78.131413,0
2026-03-16,sh.605268,12.9300000000,13.2600000000,12.8800000000,13.0000000000,13.5000000000,21607780,281522138.3600,2,4.905400,1,-3.703700,32.739733,3.457944,1.726088,-75.237657,0
2026-03-17,sh.605268,12.9900000000,13.1300000000,12.5000000000,12.5200000000,13.0000000000,18690820,237263495.6200,2,4.243200,1,-3.692300,31.530882,3.330266,1.662355,-72.459651,0
2026-03-18,sh.605268,12.5400000000,12.7200000000,12.3800000000,12.6700000000,12.5200000000,13167137,165589246.3500,2,2.989200,1,1.198100,31.908648,3.370166,1.682272,-73.327778,0
