date,code,open,high,low,close,preclose,volume,amount,adjustflag,turn,tradestatus,pctChg,peTTM,pbMRQ,psTTM,pcfNcfTTM,isST
2023-06-26,sh.600490,3.4400000000,3.5300000000,3.4200000000,3.4600000000,3.4700000000,36919632,128267920.8300,2,1.852800,1,-0.288200,-11.479635,1.275688,0.837619,-53.433333,0
2023-06-27,sh.600490,3.4500000000,3.6600000000,3.4400000000,3.6400000000,3.4600000000,53561242,191818713.2600,2,2.688000,1,5.202300,-12.076842,1.342053,0.881194,-56.213102,0
2023-06-28,sh.600490,3.6700000000,3.6800000000,3.5100000000,3.5900000000,3.6400000000,47891325,171173190.9600,2,2.403400,1,-1.373600,-11.910951,1.323619,0.869090,-55.440944,0
2023-06-29,sh.600490,3.6600000000,3.6700000000,3.5700000000,3.5700000000,3.5900000000,34593513,124624553.6700,2,1.736100,1,-0.557100,-11.844595,1.316245,0.864248,-55.132080,0
2023-06-30,sh.600490,3.5700000000,3.7000000000,3.5500000000,3.6800000000,3.5700000000,47586240,173282574.2700,2,2.388100,1,3.081200,-12.209554,1.356801,0.890878,-56.830828,0
2023-07-03,sh.600490,3.6600000000,3.7300000000,3.6500000000,3.6700000000,3.6800000000,53040810,195693432.7000,2,2.661900,1,-0.271700,-12.176376,1.353114,0.888457,-56.676396,0
2023-07-04,sh.600490,3.6900000000,3.7300000000,3.5800000000,3.6000000000,3.6700000000,41797431,151654242.6400,2,2.097600,1,-1.907400,-11.944129,1.327305,0.871511,-55.595375,0
2023-07-05,sh.600490,3.6000000000,3.6900000000,3.5700000000,3.6300000000,3.6000000000,42379697,154264063.9800,2,2.126800,1,0.833300,-12.043664,1.338366,0.878774,-56.058670,0
2023-07-06,sh.600490,3.6500000000,3.6500000000,3.5500000000,3.5900000000,3.6300000000,30522128,109885572.4000,2,1.531800,1,-1.101900,-11.910951,1.323619,0.869090,-55.440944,0
2023-07-07,sh.600490,3.5900000000,3.6500000000,3.5400000000,3.6000000000,3.5900000000,36955345,132879204.3900,2,1.854600,1,0.278600,-11.944129,1.327305,0.871511,-55.595375,0
2023-07-10,sh.600490,3.6200000000,3.6500000000,3.5300000000,3.5500000000,3.6000000000,28430800,101860600.0000,2,1.426800,1,-1.388900,-11.778238,1.308871,0.859407,-54.823217,0
2023-07-11,sh.600490,3.5600000000,3.5800000000,3.5000000000,3.5600000000,3.5500000000,24158246,85449174.3800,2,1.212400,1,0.281700,-11.811417,1.312558,0.861828,-54.977649,0
2023-07-12,sh.600490,3.5700000000,3.6500000000,3.5500000000,3.6000000000,3.5600000000,33835656,122224360.2700,2,1.698000,1,1.123600,-11.944129,1.327305,0.871511,-55.595375,0
2023-07-13,sh.600490,3.6400000000,3.9500000000,3.6400000000,3.8600000000,3.6000000000,138373474,533212924.5600,2,6.944300,1,7.222200,-12.806761,1.423166,0.934453,-59.610597,0
2023-07-14,sh.600490,3.8500000000,3.8500000000,3.7500000000,3.7700000000,3.8600000000,67105290,253924070.0000,2,3.367700,1,-2.331600,-12.508157,1.389984,0.912666,-58.220712,0
2023-07-17,sh.600490,3.7500000000,3.7700000000,3.6600000000,3.6700000000,3.7700000000,48872163,180881070.1200,2,2.452700,1,-2.652500,-12.176376,1.353114,0.888457,-56.676396,0
2023-07-18,sh.600490,3.6600000000,3.8200000000,3.6300000000,3.7800000000,3.6700000000,71086325,264899241.9400,2,3.567500,1,2.997300,-12.541336,1.393671,0.915087,-58.375144,0
2023-07-19,sh.600490,3.7900000000,3.8700000000,3.7800000000,3.8600000000,3.7800000000,57758508,221809389.7600,2,2.898600,1,2.116400,-12.806761,1.423166,0.934453,-59.610597,0
2023-07-20,sh.600490,3.8300000000,3.8600000000,3.7300000000,3.7500000000,3.8600000000,51426624,194051853.5000,2,2.580900,1,-2.849700,-12.441801,1.382610,0.907824,-57.911849,0
2023-07-21,sh.600490,3.7300000000,3.7900000000,3.6800000000,3.7000000000,3.7500000000,30221600,112690474.9000,2,1.516700,1,-1.333300,-12.275911,1.364175,0.895720,-57.139691,0
2023-07-24,sh.600490,3.6800000000,3.7200000000,3.6300000000,3.6600000000,3.7000000000,25780290,94725644.7800,2,1.293800,1,-1.081100,-12.143198,1.349427,0.886036,-56.521965,0
2023-07-25,sh.600490,3.6500000000,3.7300000000,3.6400000000,3.7100000000,3.6600000000,21774444,80581294.3600,2,1.092800,1,1.366100,-12.309089,1.367862,0.898140,-57.294123,0
2023-07-26,sh.600490,3.7200000000,3.7300000000,3.5800000000,3.6200000000,3.7100000000,43270918,156772716.7000,2,2.171600,1,-2.425900,-12.010485,1.334679,0.876353,-55.904238,0
2023-07-27,sh.600490,3.6200000000,3.6500000000,3.5200000000,3.5400000000,3.6200000000,31656488,113191588.4700,2,1.588700,1,-2.209900,-11.745060,1.305184,0.856986,-54.668786,0
2023-07-28,sh.600490,3.5200000000,3.6100000000,3.4800000000,3.5900000000,3.5400000000,25559591,91009304.6900,2,1.282700,1,1.412400,-11.910951,1.323619,0.869090,-55.440944,0
2023-07-31,sh.600490,3.5900000000,3.6700000000,3.5800000000,3.6200000000,3.5900000000,28259591,102558794.5100,2,1.418200,1,0.835700,-12.010485,1.334679,0.876353,-55.904238,0
2023-08-01,sh.600490,3.6300000000,3.7600000000,3.6000000000,3.7500000000,3.6200000000,57578813,213339820.3000,2,2.889600,1,3.591200,-12.441801,1.382610,0.907824,-57.911849,0
2023-08-02,sh.600490,3.7700000000,3.7800000000,3.6900000000,3.7000000000,3.7500000000,37136074,138277603.6900,2,1.863700,1,-1.333300,-12.275911,1.364175,0.895720,-57.139691,0
2023-08-03,sh.600490,3.6500000000,3.6800000000,3.6000000000,3.6400000000,3.7000000000,26676355,97129121.2000,2,1.338800,1,-1.621600,-12.076842,1.342053,0.881194,-56.213102,0
2023-08-04,sh.600490,3.6500000000,3.7200000000,3.6400000000,3.6400000000,3.6400000000,24918500,91369689.0000,2,1.250500,1,0.000000,-12.076842,1.342053,0.881194,-56.213102,0
2023-08-07,sh.600490,3.6400000000,3.7100000000,3.6100000000,3.6600000000,3.6400000000,28022791,102854266.1500,2,1.406300,1,0.549500,-12.143198,1.349427,0.886036,-56.521965,0
2023-08-08,sh.600490,3.6600000000,3.6900000000,3.6000000000,3.6500000000,3.6600000000,21963939,80002097.4500,2,1.102300,1,-0.273200,-12.110020,1.345740,0.883615,-56.367533,0
2023-08-09,sh.600490,3.6400000000,3.6600000000,3.5700000000,3.5900000000,3.6500000000,25471900,92006164.0000,2,1.278300,1,-1.643800,-11.910951,1.323619,0.869090,-55.440944,0
2023-08-10,sh.600490,3.6000000000,3.6100000000,3.5400000000,3.5500000000,3.5900000000,14995400,53471038.0000,2,0.752500,1,-1.114200,-11.778238,1.308871,0.859407,-54.823217,0
2023-08-11,sh.600490,3.5500000000,3.5700000000,3.4400000000,3.4500000000,3.5500000000,27744600,96800448.0000,2,1.392400,1,-2.816900,-11.446457,1.272001,0.835198,-53.278901,0
2023-08-14,sh.600490,3.4400000000,3.4800000000,3.4100000000,3.4700000000,3.4500000000,19003024,65490879.3600,2,0.953700,1,0.579700,-11.512813,1.279375,0.840040,-53.587764,0
2023-08-15,sh.600490,3.4800000000,3.4900000000,3.4100000000,3.4400000000,3.4700000000,16950295,58350841.7900,2,0.850700,1,-0.864600,-11.413279,1.268314,0.832777,-53.124470,0
2023-08-16,sh.600490,3.4300000000,3.4800000000,3.4100000000,3.4200000000,3.4400000000,20484175,70436523.7500,2,1.028000,1,-0.581400,-11.346923,1.260940,0.827935,-52.815607,0
2023-08-17,sh.600490,3.4000000000,3.4600000000,3.3700000000,3.4600000000,3.4200000000,21428400,73370705.0000,2,1.075400,1,1.169600,-11.479635,1.275688,0.837619,-53.433333,0
2023-08-18,sh.600490,3.4600000000,3.4700000000,3.3500000000,3.3600000000,3.4600000000,26277400,89485796.0000,2,1.318700,1,-2.890200,-11.147854,1.238818,0.813410,-51.889017,0
2023-08-21,sh.600490,3.3600000000,3.4300000000,3.3200000000,3.3300000000,3.3600000000,28326358,95463232.5400,2,1.421600,1,-0.892900,-11.048319,1.227758,0.806148,-51.425722,0
2023-08-22,sh.600490,3.3600000000,3.3800000000,3.2900000000,3.3700000000,3.3300000000,21577898,72098737.2800,2,1.082900,1,1.201200,-11.181032,1.242505,0.815831,-52.043449,0
2023-08-23,sh.600490,3.3800000000,3.3900000000,3.2800000000,3.2900000000,3.3700000000,21579155,71532995.1500,2,1.083000,1,-2.373900,-10.915607,1.213010,0.796464,-50.807996,0
2023-08-24,sh.600490,3.3200000000,3.4200000000,3.3100000000,3.3700000000,3.2900000000,29939905,100767623.0000,2,1.502500,1,2.431600,-11.181032,1.242505,0.815831,-52.043449,0
2023-08-25,sh.600490,3.3400000000,3.3500000000,3.2500000000,3.2600000000,3.3700000000,26674798,87876612.4800,2,1.338700,1,-3.264100,-10.816073,1.201949,0.789202,-50.344701,0
2023-08-28,sh.600490,3.4500000000,3.4800000000,3.3300000000,3.3500000000,3.2600000000,39804001,135575264.8300,2,1.997600,1,2.760700,-16.125416,1.193294,0.852587,-28.043175,0
2023-08-29,sh.600490,3.3400000000,3.4000000000,3.3100000000,3.3800000000,3.3500000000,31617200,106212163.0000,2,1.586700,1,0.895500,-16.269822,1.203980,0.860222,-28.294307,0
2023-08-30,sh.600490,3.3900000000,3.4400000000,3.3400000000,3.3500000000,3.3800000000,32227600,108867378.0000,2,1.617300,1,-0.887600,-16.125416,1.193294,0.852587,-28.043175,0
2023-08-31,sh.600490,3.3400000000,3.3700000000,3.2700000000,3.2800000000,3.3500000000,28178844,93140207.0800,2,1.414200,1,-2.089600,-15.788467,1.168360,0.834772,-27.457198,0
2023-09-01,sh.600490,3.2900000000,3.3600000000,3.2800000000,3.3500000000,3.2800000000,28486794,94925338.1900,2,1.429600,1,2.134100,-16.125416,1.193294,0.852587,-28.043175,0
2023-09-04,sh.600490,3.3600000000,3.4900000000,3.3400000000,3.4800000000,3.3500000000,51666381,177863511.7200,2,2.592900,1,3.880600,-16.751178,1.239601,0.885672,-29.131417,0
2023-09-05,sh.600490,3.4500000000,3.4600000000,3.4100000000,3.4500000000,3.4800000000,28822478,98869905.3200,2,1.446500,1,-0.862100,-16.606771,1.228915,0.878037,-28.880284,0
2023-09-06,sh.600490,3.4500000000,3.4700000000,3.4100000000,3.4600000000,3.4500000000,21069378,72446914.1000,2,1.057400,1,0.289900,-16.654907,1.232477,0.880582,-28.963995,0
2023-09-07,sh.600490,3.4400000000,3.4500000000,3.3500000000,3.3700000000,3.4600000000,24493100,83056269.0000,2,1.229200,1,-2.601200,-16.221687,1.200418,0.857677,-28.210597,0
2023-09-08,sh.600490,3.3600000000,3.4100000000,3.3500000000,3.3700000000,3.3700000000,16946500,57247079.0000,2,0.850500,1,0.000000,-16.221687,1.200418,0.857677,-28.210597,0
2023-09-11,sh.600490,3.3700000000,3.4500000000,3.3700000000,3.4200000000,3.3700000000,27489800,93816612.0000,2,1.379600,1,1.483700,-16.462365,1.218229,0.870402,-28.629151,0
2023-09-12,sh.600490,3.4100000000,3.4500000000,3.3900000000,3.4000000000,3.4200000000,23223091,79310476.3000,2,1.165500,1,-0.584800,-16.366094,1.211104,0.865312,-28.461729,0
2023-09-13,sh.600490,3.3900000000,3.4000000000,3.3200000000,3.3500000000,3.4000000000,27238534,91235048.2200,2,1.367000,1,-1.470600,-16.125416,1.193294,0.852587,-28.043175,0
2023-09-14,sh.600490,3.3400000000,3.3600000000,3.3000000000,3.3600000000,3.3500000000,28427940,94910198.8600,2,1.426700,1,0.298500,-16.173551,1.196856,0.855132,-28.126886,0
2023-09-15,sh.600490,3.3800000000,3.4400000000,3.3400000000,3.3700000000,3.3600000000,34495900,116846767.0000,2,1.731200,1,0.297600,-16.221687,1.200418,0.857677,-28.210597,0
2023-09-18,sh.600490,3.3700000000,3.3800000000,3.3000000000,3.3600000000,3.3700000000,26750700,89475383.3700,2,1.342500,1,-0.296700,-16.173551,1.196856,0.855132,-28.126886,0
2023-09-19,sh.600490,3.3500000000,3.3600000000,3.3200000000,3.3300000000,3.3600000000,17882200,59673623.7200,2,0.897400,1,-0.892900,-16.029145,1.186170,0.847497,-27.875753,0
2023-09-20,sh.600490,3.3200000000,3.3300000000,3.2700000000,3.2800000000,3.3300000000,24909800,82250357.0000,2,1.250100,1,-1.501500,-15.788467,1.168360,0.834772,-27.457198,0
2023-09-21,sh.600490,3.2600000000,3.2900000000,3.2300000000,3.2300000000,3.2800000000,18890100,61522395.0000,2,0.948000,1,-1.524400,-15.547789,1.150549,0.822046,-27.038643,0
2023-09-22,sh.600490,3.2300000000,3.2600000000,3.2100000000,3.2600000000,3.2300000000,26174751,84699324.2400,2,1.313600,1,0.928800,-15.692196,1.161235,0.829682,-27.289776,0
2023-09-25,sh.600490,3.2400000000,3.2500000000,3.1500000000,3.1600000000,3.2600000000,35348576,112446715.7000,2,1.774000,1,-3.067500,-15.210840,1.125615,0.804231,-26.452666,0
2023-09-26,sh.600490,3.1500000000,3.2000000000,3.1200000000,3.1500000000,3.1600000000,30492819,96067561.6600,2,1.530300,1,-0.316500,-15.162704,1.122053,0.801686,-26.368955,0
2023-09-27,sh.600490,3.1500000000,3.2100000000,3.1400000000,3.1600000000,3.1500000000,23004701,72913508.5000,2,1.154500,1,0.317500,-15.210840,1.125615,0.804231,-26.452666,0
2023-09-28,sh.600490,3.1700000000,3.1800000000,3.1400000000,3.1700000000,3.1600000000,22062886,69674721.9000,2,1.107200,1,0.316500,-15.258976,1.129177,0.806776,-26.536377,0
2023-10-09,sh.600490,3.1400000000,3.1600000000,3.1100000000,3.1300000000,3.1700000000,25097461,78483939.6000,2,1.259500,1,-1.261800,-15.066433,1.114929,0.796596,-26.201533,0
2023-10-10,sh.600490,3.1300000000,3.1700000000,3.1100000000,3.1300000000,3.1300000000,26157178,82140026.7000,2,1.312700,1,0.000000,-15.066433,1.114929,0.796596,-26.201533,0
2023-10-11,sh.600490,3.1400000000,3.1400000000,3.0800000000,3.0900000000,3.1300000000,22158360,68902739.1000,2,1.112000,1,-1.278000,-14.873891,1.100680,0.786416,-25.866689,0
2023-10-12,sh.600490,3.1000000000,3.1700000000,3.1000000000,3.1600000000,3.0900000000,33349316,104507083.3000,2,1.673600,1,2.265400,-15.210840,1.125615,0.804231,-26.452666,0
2023-10-13,sh.600490,3.1500000000,3.1500000000,3.0800000000,3.1000000000,3.1600000000,29583088,91797351.9700,2,1.484600,1,-1.898700,-14.922027,1.104242,0.788961,-25.950400,0
2023-10-16,sh.600490,3.1200000000,3.1400000000,3.0800000000,3.1200000000,3.1000000000,27427353,85358465.8300,2,1.376400,1,0.645200,-15.018298,1.111366,0.794051,-26.117822,0
2023-10-17,sh.600490,3.1000000000,3.1100000000,3.0600000000,3.0700000000,3.1200000000,23713000,73087144.0000,2,1.190000,1,-1.602600,-14.777620,1.093556,0.781326,-25.699267,0
2023-10-18,sh.600490,3.0700000000,3.0800000000,3.0100000000,3.0200000000,3.0700000000,27870400,84662649.0000,2,1.398700,1,-1.628700,-14.536942,1.075746,0.768601,-25.280713,0
2023-10-19,sh.600490,3.0100000000,3.0500000000,2.9900000000,2.9900000000,3.0200000000,20548834,61867507.6600,2,1.031200,1,-0.993400,-14.392535,1.065060,0.760966,-25.029580,0
2023-10-20,sh.600490,2.9800000000,3.0300000000,2.9700000000,3.0100000000,2.9900000000,21220033,63857582.0000,2,1.064900,1,0.668900,-14.488806,1.072184,0.766056,-25.197002,0
2023-10-23,sh.600490,3.0000000000,3.0000000000,2.8800000000,2.8900000000,3.0100000000,29400959,86199254.5100,2,1.475500,1,-3.986700,-13.911180,1.029439,0.735515,-24.192470,0
2023-10-24,sh.600490,2.9100000000,2.9900000000,2.9000000000,2.9800000000,2.8900000000,31425338,92751389.2500,2,1.577100,1,3.114200,-14.344400,1.061497,0.758421,-24.945869,0
2023-10-25,sh.600490,3.0000000000,3.0600000000,3.0000000000,3.0100000000,2.9800000000,21278053,64469591.5300,2,1.067800,1,1.006700,-14.488806,1.072184,0.766056,-25.197002,0
2023-10-26,sh.600490,3.0000000000,3.0300000000,2.9600000000,3.0200000000,3.0100000000,18735109,56161260.0900,2,0.940200,1,0.332200,-14.536942,1.075746,0.768601,-25.280713,0
2023-10-27,sh.600490,3.0200000000,3.0800000000,3.0000000000,3.0700000000,3.0200000000,22644272,69148431.8700,2,1.136400,1,1.655600,-14.777620,1.093556,0.781326,-25.699267,0
2023-10-30,sh.600490,3.0400000000,3.0800000000,3.0300000000,3.0400000000,3.0700000000,28668520,87429026.4000,2,1.438700,1,-0.977200,-19.380027,1.096969,1.064595,289.510249,0
2023-10-31,sh.600490,3.0400000000,3.0500000000,3.0000000000,3.0200000000,3.0400000000,19681717,59440868.3400,2,0.987700,1,-0.657900,-19.252527,1.089752,1.057591,287.605576,0
2023-11-01,sh.600490,3.0200000000,3.0500000000,3.0000000000,3.0300000000,3.0200000000,21643179,65440044.1000,2,1.086200,1,0.331100,-19.316277,1.093361,1.061093,288.557912,0
2023-11-02,sh.600490,3.0300000000,3.0500000000,2.9900000000,3.0000000000,3.0300000000,17726300,53468783.0000,2,0.889600,1,-0.990100,-19.125026,1.082535,1.050587,285.700903,0
2023-11-03,sh.600490,3.0000000000,3.0300000000,2.9900000000,2.9900000000,3.0000000000,24728862,74303839.6000,2,1.241000,1,-0.333300,-19.061276,1.078927,1.047085,284.748567,0
2023-11-06,sh.600490,3.0100000000,3.0500000000,2.9900000000,3.0500000000,2.9900000000,28628348,86565723.8400,2,1.436700,1,2.006700,-19.443777,1.100578,1.068097,290.462585,0
2023-11-07,sh.600490,3.0300000000,3.0500000000,3.0100000000,3.0400000000,3.0500000000,21025880,63647597.4000,2,1.055200,1,-0.327900,-19.380027,1.096969,1.064595,289.510249,0
2023-11-08,sh.600490,3.0300000000,3.0300000000,2.9900000000,3.0100000000,3.0400000000,23547900,70969267.8800,2,1.181800,1,-0.986800,-19.188777,1.086144,1.054089,286.653240,0
2023-11-09,sh.600490,3.0000000000,3.0200000000,2.9800000000,2.9900000000,3.0100000000,21278942,63787575.5800,2,1.067900,1,-0.664500,-19.061276,1.078927,1.047085,284.748567,0
2023-11-10,sh.600490,2.9800000000,2.9800000000,2.9500000000,2.9600000000,2.9900000000,23796300,70574084.0000,2,1.194200,1,-1.003300,-18.870026,1.068102,1.036579,281.891558,0
2023-11-13,sh.600490,2.9700000000,3.0700000000,2.9600000000,3.0700000000,2.9600000000,43344461,131388012.6900,2,2.175200,1,3.716200,-19.571277,1.107795,1.075101,292.367258,0
2023-11-14,sh.600490,3.0600000000,3.0700000000,3.0200000000,3.0400000000,3.0700000000,25581312,77664496.4800,2,1.283800,1,-0.977200,-19.380027,1.096969,1.064595,289.510249,0
2023-11-15,sh.600490,3.0800000000,3.1000000000,3.0500000000,3.0700000000,3.0400000000,25275731,77650712.8600,2,1.268500,1,0.986800,-19.571277,1.107795,1.075101,292.367258,0
2023-11-16,sh.600490,3.0600000000,3.0600000000,3.0200000000,3.0300000000,3.0700000000,17907089,54489391.8000,2,0.898700,1,-1.302900,-19.316277,1.093361,1.061093,288.557912,0
2023-11-17,sh.600490,3.0200000000,3.0600000000,3.0100000000,3.0500000000,3.0300000000,15404300,46778288.0000,2,0.773100,1,0.660100,-19.443777,1.100578,1.068097,290.462585,0
2023-11-20,sh.600490,3.0500000000,3.0700000000,3.0300000000,3.0600000000,3.0500000000,15649307,47745687.6800,2,0.785400,1,0.327900,-19.507527,1.104186,1.071599,291.414921,0
2023-11-21,sh.600490,3.0700000000,3.1100000000,3.0600000000,3.0800000000,3.0600000000,29818410,92097933.8000,2,1.496400,1,0.653600,-19.635027,1.111403,1.078603,293.319594,0
2023-11-22,sh.600490,3.0800000000,3.0900000000,3.0200000000,3.0300000000,3.0800000000,22333712,68075370.3600,2,1.120800,1,-1.623400,-19.316277,1.093361,1.061093,288.557912,0
2023-11-23,sh.600490,3.0300000000,3.0600000000,3.0100000000,3.0600000000,3.0300000000,18112779,54995018.9500,2,0.909000,1,0.990100,-19.507527,1.104186,1.071599,291.414921,0
2023-11-24,sh.600490,3.0500000000,3.0600000000,3.0100000000,3.0200000000,3.0600000000,18803434,57002008.6800,2,0.943700,1,-1.307200,-19.252527,1.089752,1.057591,287.605576,0
2023-11-27,sh.600490,3.0200000000,3.0400000000,3.0000000000,3.0100000000,3.0200000000,15813315,47583445.3400,2,0.793600,1,-0.331100,-19.188777,1.086144,1.054089,286.653240,0
2023-11-28,sh.600490,3.0100000000,3.0200000000,2.9800000000,3.0200000000,3.0100000000,16681780,50112389.8000,2,0.837200,1,0.332200,-19.252527,1.089752,1.057591,287.605576,0
2023-11-29,sh.600490,3.0300000000,3.0600000000,3.0200000000,3.0300000000,3.0200000000,18149800,55191855.0000,2,0.910900,1,0.331100,-19.316277,1.093361,1.061093,288.557912,0
2023-11-30,sh.600490,3.0100000000,3.0300000000,2.9700000000,2.9800000000,3.0300000000,23825255,71275419.6100,2,1.195700,1,-1.650200,-18.997526,1.075318,1.043583,283.796231,0
2023-12-01,sh.600490,2.9900000000,3.0200000000,2.9700000000,3.0100000000,2.9800000000,14710112,44035072.9000,2,0.738200,1,1.006700,-19.188777,1.086144,1.054089,286.653240,0
2023-12-04,sh.600490,3.0300000000,3.1500000000,3.0200000000,3.0700000000,3.0100000000,47482449,146918080.8900,2,2.382900,1,1.993400,-19.571277,1.107795,1.075101,292.367258,0
2023-12-05,sh.600490,3.0600000000,3.0900000000,3.0300000000,3.0700000000,3.0700000000,32451041,99279812.0600,2,1.628600,1,0.000000,-19.571277,1.107795,1.075101,292.367258,0
2023-12-06,sh.600490,3.0500000000,3.1400000000,3.0400000000,3.1100000000,3.0700000000,39900529,124047585.1800,2,2.002400,1,1.302900,-19.826277,1.122228,1.089109,296.176603,0
2023-12-07,sh.600490,3.1200000000,3.1300000000,3.0700000000,3.1100000000,3.1100000000,24531565,76071076.5000,2,1.231100,1,0.000000,-19.826277,1.122228,1.089109,296.176603,0
2023-12-08,sh.600490,3.1000000000,3.1100000000,3.0500000000,3.0600000000,3.1100000000,20878230,64148994.6400,2,1.047800,1,-1.607700,-19.507527,1.104186,1.071599,291.414921,0
2023-12-11,sh.600490,3.0500000000,3.0600000000,2.9800000000,3.0500000000,3.0600000000,17641134,53361819.6400,2,0.885300,1,-0.326800,-19.443777,1.100578,1.068097,290.462585,0
2023-12-12,sh.600490,3.0500000000,3.0700000000,3.0200000000,3.0700000000,3.0500000000,15794400,48125548.0000,2,0.792600,1,0.655700,-19.571277,1.107795,1.075101,292.367258,0
2023-12-13,sh.600490,3.0500000000,3.0700000000,3.0200000000,3.0200000000,3.0700000000,12814501,39033946.0400,2,0.643100,1,-1.628700,-19.252527,1.089752,1.057591,287.605576,0
2023-12-14,sh.600490,3.0400000000,3.0800000000,3.0300000000,3.0400000000,3.0200000000,16319452,49868278.6800,2,0.819000,1,0.662300,-19.380027,1.096969,1.064595,289.510249,0
2023-12-15,sh.600490,3.0700000000,3.0700000000,3.0400000000,3.0400000000,3.0400000000,17629100,53884406.0000,2,0.884700,1,0.000000,-19.380027,1.096969,1.064595,289.510249,0
2023-12-18,sh.600490,3.0400000000,3.0600000000,2.9500000000,2.9700000000,3.0400000000,28481824,85468165.0400,2,1.429400,1,-2.302600,-18.933776,1.071710,1.040081,282.843894,0
2023-12-19,sh.600490,2.9500000000,2.9700000000,2.9300000000,2.9400000000,2.9700000000,13887600,40962605.0000,2,0.697000,1,-1.010100,-18.742526,1.060885,1.029575,279.986885,0
2023-12-20,sh.600490,2.9400000000,2.9700000000,2.9000000000,2.9100000000,2.9400000000,13621501,39935594.9300,2,0.683600,1,-1.020400,-18.551276,1.050059,1.019070,277.129876,0
2023-12-21,sh.600490,2.9000000000,2.9300000000,2.8500000000,2.9200000000,2.9100000000,19797426,57161245.0400,2,0.993500,1,0.343600,-18.615026,1.053668,1.022572,278.082213,0
2023-12-22,sh.600490,2.9000000000,2.9500000000,2.8800000000,2.9300000000,2.9200000000,16694300,48760602.0000,2,0.837800,1,0.342500,-18.678776,1.057276,1.026073,279.034549,0
2023-12-25,sh.600490,2.9100000000,2.9400000000,2.8900000000,2.9300000000,2.9300000000,10735358,31287773.2000,2,0.538800,1,0.000000,-18.678776,1.057276,1.026073,279.034549,0
2023-12-26,sh.600490,2.9200000000,2.9300000000,2.8800000000,2.9100000000,2.9300000000,8867008,25739302.7400,2,0.445000,1,-0.682600,-18.551276,1.050059,1.019070,277.129876,0
2023-12-27,sh.600490,2.9100000000,2.9300000000,2.8800000000,2.9200000000,2.9100000000,11100671,32254662.0700,2,0.557100,1,0.343600,-18.615026,1.053668,1.022572,278.082213,0
2023-12-28,sh.600490,2.9200000000,2.9900000000,2.9200000000,2.9800000000,2.9200000000,21055056,62456192.3800,2,1.056700,1,2.054800,-18.997526,1.075318,1.043583,283.796231,0
2023-12-29,sh.600490,2.9700000000,3.0000000000,2.9600000000,2.9900000000,2.9800000000,11939912,35675156.7600,2,0.599200,1,0.335600,-19.061276,1.078927,1.047085,284.748567,0
2024-01-02,sh.600490,3.0000000000,3.0200000000,2.9800000000,3.0000000000,2.9900000000,20292617,60797279.0000,2,1.018400,1,0.334400,-19.125026,1.082535,1.050587,285.700903,0
2024-01-03,sh.600490,2.9800000000,3.0100000000,2.9700000000,2.9900000000,3.0000000000,11543229,34484950.5400,2,0.579300,1,-0.333300,-19.061276,1.078927,1.047085,284.748567,0
2024-01-04,sh.600490,2.9800000000,2.9900000000,2.9500000000,2.9700000000,2.9900000000,11585454,34340644.8400,2,0.581400,1,-0.668900,-18.933776,1.071710,1.040081,282.843894,0
2024-01-05,sh.600490,2.9600000000,2.9900000000,2.9000000000,2.9200000000,2.9700000000,16031458,47293615.1400,2,0.804500,1,-1.683500,-18.615026,1.053668,1.022572,278.082213,0
2024-01-08,sh.600490,2.9100000000,2.9200000000,2.8500000000,2.8500000000,2.9200000000,16520695,47673898.7500,2,0.829100,1,-2.397300,-18.168775,1.028409,0.998058,271.415858,0
2024-01-09,sh.600490,2.8600000000,2.8900000000,2.8300000000,2.8700000000,2.8500000000,13283400,38079389.0000,2,0.666600,1,0.701800,-18.296275,1.035626,1.005062,273.320531,0
2024-01-10,sh.600490,2.8600000000,2.8900000000,2.8100000000,2.8500000000,2.8700000000,12587500,35921261.0000,2,0.631700,1,-0.696900,-18.168775,1.028409,0.998058,271.415858,0
2024-01-11,sh.600490,2.8500000000,2.9200000000,2.8400000000,2.9100000000,2.8500000000,13906624,40014054.8400,2,0.697900,1,2.105300,-18.551276,1.050059,1.019070,277.129876,0
2024-01-12,sh.600490,2.9000000000,2.9300000000,2.8900000000,2.9000000000,2.9100000000,9841000,28618090.0000,2,0.493900,1,-0.343600,-18.487526,1.046451,1.015568,276.177540,0
2024-01-15,sh.600490,2.8900000000,2.9100000000,2.8700000000,2.8800000000,2.9000000000,7889005,22758677.4500,2,0.395900,1,-0.689700,-18.360025,1.039234,1.008564,274.272867,0
2024-01-16,sh.600490,2.8700000000,2.8800000000,2.8200000000,2.8500000000,2.8800000000,12395330,35277035.6000,2,0.622100,1,-1.041700,-18.168775,1.028409,0.998058,271.415858,0
2024-01-17,sh.600490,2.8400000000,2.8400000000,2.7900000000,2.8000000000,2.8500000000,12217860,34432855.4000,2,0.613200,1,-1.754400,-17.850025,1.010366,0.980548,266.654176,0
2024-01-18,sh.600490,2.7700000000,2.7900000000,2.6600000000,2.7800000000,2.8000000000,24866435,67613288.0000,2,1.247900,1,-0.714300,-17.722524,1.003149,0.973544,264.749504,0
2024-01-19,sh.600490,2.7500000000,2.7700000000,2.7100000000,2.7300000000,2.7800000000,11456654,31320418.4200,2,0.575000,1,-1.798600,-17.403774,0.985107,0.956034,259.987822,0
2024-01-22,sh.600490,2.7200000000,2.7300000000,2.4900000000,2.5200000000,2.7300000000,28704461,74677192.5000,2,1.440500,1,-7.692300,-16.065022,0.909330,0.882493,239.988759,0
2024-01-23,sh.600490,2.4900000000,2.5600000000,2.4600000000,2.4700000000,2.5200000000,38875749,97153266.9200,2,1.951000,1,-1.984100,-15.746272,0.891287,0.864983,235.227077,0
2024-01-24,sh.600490,2.5000000000,2.5900000000,2.4500000000,2.5800000000,2.4700000000,36334445,91908020.5000,2,1.823400,1,4.453400,-16.447523,0.930980,0.903505,245.702777,0
2024-01-25,sh.600490,2.5900000000,2.7000000000,2.5700000000,2.7000000000,2.5800000000,28032666,74446790.4000,2,1.406800,1,4.651200,-17.212524,0.974282,0.945528,257.130813,0
2024-01-26,sh.600490,2.7100000000,2.7600000000,2.6700000000,2.6900000000,2.7000000000,30410742,82341195.5100,2,1.526200,1,-0.370400,-17.148774,0.970673,0.942026,256.178477,0
2024-01-29,sh.600490,2.7000000000,2.7200000000,2.6400000000,2.6600000000,2.6900000000,23491387,63046846.0300,2,1.178900,1,-1.115200,-16.957523,0.959848,0.931521,253.321468,0
2024-01-30,sh.600490,2.6400000000,2.6600000000,2.5500000000,2.5600000000,2.6600000000,18838400,49192371.0000,2,0.945400,1,-3.759400,-16.320023,0.923764,0.896501,243.798104,0
2024-01-31,sh.600490,2.5500000000,2.5900000000,2.4400000000,2.4500000000,2.5600000000,23335000,58566324.0000,2,1.171100,1,-4.296900,-15.618772,0.884071,0.857980,233.322404,0
2024-02-01,sh.600490,2.4400000000,2.4800000000,2.3600000000,2.3900000000,2.4500000000,23908739,57722796.2100,2,1.199900,1,-2.449000,-15.236271,0.862420,0.836968,227.608386,0
2024-02-02,sh.600490,2.4000000000,2.4300000000,2.2000000000,2.3000000000,2.3900000000,29172500,67879803.6100,2,1.464000,1,-3.765700,-14.662520,0.829944,0.805450,219.037359,0
2024-02-05,sh.600490,2.2700000000,2.2700000000,2.0700000000,2.0700000000,2.3000000000,41987002,88856284.2600,2,2.107100,1,-10.000000,-13.196268,0.746949,0.724905,197.133623,0
2024-02-06,sh.600490,2.0000000000,2.1900000000,1.9400000000,2.1400000000,2.0700000000,41026134,84303634.5600,2,2.058900,1,3.381600,-13.642519,0.772209,0.749419,203.799978,0
2024-02-07,sh.600490,2.1100000000,2.2500000000,2.0900000000,2.2200000000,2.1400000000,35816523,78663195.1400,2,1.797500,1,3.738300,-14.152520,0.801076,0.777435,211.418668,0
2024-02-08,sh.600490,2.2200000000,2.4400000000,2.2200000000,2.4400000000,2.2200000000,29099837,70089551.9200,2,1.460400,1,9.909900,-15.555021,0.880462,0.854478,232.370068,0
2024-02-19,sh.600490,2.5200000000,2.5200000000,2.3400000000,2.3700000000,2.4400000000,46252843,111125462.4600,2,2.321200,1,-2.868900,-15.108771,0.855203,0.829964,225.703714,0
2024-02-20,sh.600490,2.3700000000,2.3900000000,2.3100000000,2.3900000000,2.3700000000,21496500,50841327.0000,2,1.078800,1,0.843900,-15.236271,0.862420,0.836968,227.608386,0
2024-02-21,sh.600490,2.3800000000,2.5000000000,2.3500000000,2.4100000000,2.3900000000,27105506,66222492.4600,2,1.360300,1,0.836800,-15.363771,0.869637,0.843972,229.513059,0
2024-02-22,sh.600490,2.4000000000,2.4500000000,2.3900000000,2.4300000000,2.4100000000,21643700,52568049.0000,2,1.086200,1,0.829900,-15.491271,0.876854,0.850976,231.417732,0
2024-02-23,sh.600490,2.4500000000,2.5100000000,2.4300000000,2.5100000000,2.4300000000,25336872,62625445.7600,2,1.271500,1,3.292200,-16.001272,0.905721,0.878991,239.036422,0
2024-02-26,sh.600490,2.5000000000,2.5600000000,2.4900000000,2.5200000000,2.5100000000,23866033,60130348.8300,2,1.197700,1,0.398400,-16.065022,0.909330,0.882493,239.988759,0
2024-02-27,sh.600490,2.5000000000,2.5800000000,2.5000000000,2.5700000000,2.5200000000,21381700,54297631.0000,2,1.073000,1,1.984100,-16.383773,0.927372,0.900003,244.750441,0
2024-02-28,sh.600490,2.5800000000,2.6700000000,2.4600000000,2.4600000000,2.5700000000,41922590,107510459.2500,2,2.103900,1,-4.280200,-15.682522,0.887679,0.861481,234.274741,0
2024-02-29,sh.600490,2.4200000000,2.5400000000,2.4100000000,2.5200000000,2.4600000000,22816289,56956721.2100,2,1.145000,1,2.439000,-16.065022,0.909330,0.882493,239.988759,0
2024-03-01,sh.600490,2.5200000000,2.5500000000,2.4900000000,2.5300000000,2.5200000000,18422200,46329524.0000,2,0.924500,1,0.396800,-16.128772,0.912938,0.885995,240.941095,0
2024-03-04,sh.600490,2.5400000000,2.5700000000,2.4600000000,2.4900000000,2.5300000000,23997146,60049675.8400,2,1.204300,1,-1.581000,-15.873772,0.898504,0.871987,237.131750,0
2024-03-05,sh.600490,2.5200000000,2.5500000000,2.4500000000,2.4600000000,2.4900000000,29027276,72568991.7200,2,1.456700,1,-1.204800,-15.682522,0.887679,0.861481,234.274741,0
2024-03-06,sh.600490,2.4600000000,2.5100000000,2.4300000000,2.4800000000,2.4600000000,26489289,65302080.8300,2,1.329400,1,0.813000,-15.810022,0.894896,0.868485,236.179413,0
2024-03-07,sh.600490,2.5000000000,2.6700000000,2.4900000000,2.5800000000,2.4800000000,73011710,189591211.8000,2,3.664100,1,4.032300,-16.447523,0.930980,0.903505,245.702777,0
2024-03-08,sh.600490,2.5900000000,2.6400000000,2.5100000000,2.5800000000,2.5800000000,48390300,124009619.0400,2,2.428500,1,0.000000,-16.447523,0.930980,0.903505,245.702777,0
2024-03-11,sh.600490,2.6000000000,2.6300000000,2.5600000000,2.6100000000,2.5800000000,33090010,85845680.0000,2,1.660600,1,1.162800,-16.638773,0.941806,0.914011,248.559786,0
2024-03-12,sh.600490,2.6100000000,2.6300000000,2.5400000000,2.5800000000,2.6100000000,30164500,77636157.0000,2,1.513800,1,-1.149400,-16.447523,0.930980,0.903505,245.702777,0
2024-03-13,sh.600490,2.5500000000,2.5900000000,2.5400000000,2.5600000000,2.5800000000,21812182,55886255.9200,2,1.094600,1,-0.775200,-16.320023,0.923764,0.896501,243.798104,0
2024-03-14,sh.600490,2.6300000000,2.7700000000,2.5700000000,2.6000000000,2.5600000000,54544038,144507830.9400,2,2.737300,1,1.562500,-16.575023,0.938197,0.910509,247.607450,0
2024-03-15,sh.600490,2.6000000000,2.8600000000,2.5600000000,2.8600000000,2.6000000000,109566394,301762023.4300,2,5.498600,1,10.000000,-18.232525,1.032017,1.001560,272.368195,0
2024-03-18,sh.600490,2.9000000000,2.9600000000,2.8300000000,2.8500000000,2.8600000000,115126061,331413007.2900,2,5.777600,1,-0.349700,-18.168775,1.028409,0.998058,271.415858,0
2024-03-19,sh.600490,2.8300000000,2.9900000000,2.8100000000,2.8300000000,2.8500000000,91550697,264859587.9300,2,4.594500,1,-0.701800,-18.041275,1.021192,0.991054,269.511186,0
2024-03-20,sh.600490,2.8000000000,2.9400000000,2.7800000000,2.8700000000,2.8300000000,86660095,247472406.4000,2,4.349000,1,1.413400,-18.296275,1.035626,1.005062,273.320531,0
2024-03-21,sh.600490,2.9300000000,2.9600000000,2.8600000000,2.9100000000,2.8700000000,71371602,206799204.8000,2,3.581800,1,1.393700,-18.551276,1.050059,1.019070,277.129876,0
2024-03-22,sh.600490,2.8700000000,2.8800000000,2.7600000000,2.7900000000,2.9100000000,68383668,191926552.3500,2,3.431800,1,-4.123700,-17.786275,1.006758,0.977046,265.701840,0
2024-03-25,sh.600490,2.7800000000,2.8200000000,2.7000000000,2.7100000000,2.7900000000,46827555,129261786.8700,2,2.350000,1,-2.867400,-17.276274,0.977890,0.949030,258.083149,0
2024-03-26,sh.600490,2.7100000000,2.7400000000,2.6300000000,2.6900000000,2.7100000000,36114915,96828596.6700,2,1.812400,1,-0.738000,-17.148774,0.970673,0.942026,256.178477,0
2024-03-27,sh.600490,2.6700000000,2.6900000000,2.5900000000,2.5900000000,2.6900000000,30171000,79607000.0000,2,1.514100,1,-3.717500,-16.511273,0.934589,0.907007,246.655113,0
2024-03-28,sh.600490,2.5700000000,2.6900000000,2.5500000000,2.6600000000,2.5900000000,32674261,86433211.7500,2,1.639800,1,2.702700,-16.957523,0.959848,0.931521,253.321468,0
2024-03-29,sh.600490,2.7200000000,2.9000000000,2.7000000000,2.8500000000,2.6600000000,86135032,242260720.9600,2,4.322700,1,7.142900,-18.168775,1.028409,0.998058,271.415858,0
2024-04-01,sh.600490,2.8700000000,2.9600000000,2.8400000000,2.8900000000,2.8500000000,83010299,240025692.5700,2,4.165900,1,1.403500,-18.423775,1.042842,1.012066,275.225204,0
2024-04-02,sh.600490,2.8800000000,3.0400000000,2.8500000000,3.0400000000,2.8900000000,108185945,321043227.5000,2,5.429300,1,5.190300,-19.380027,1.096969,1.064595,289.510249,0
2024-04-03,sh.600490,3.0700000000,3.2900000000,2.9700000000,3.1800000000,3.0400000000,166569217,523086679.8800,2,8.359300,1,4.605300,-20.272528,1.147487,1.113622,302.842958,0
2024-04-08,sh.600490,3.2600000000,3.4600000000,3.1700000000,3.2400000000,3.1800000000,189212056,622512232.8500,2,9.495600,1,1.886800,-20.655029,1.169138,1.134634,308.556976,0
2024-04-09,sh.600490,3.1700000000,3.2400000000,3.1200000000,3.1400000000,3.2400000000,119192933,378222562.3600,2,5.981700,1,-3.086400,-20.017528,1.133054,1.099615,299.033612,0
2024-04-10,sh.600490,3.1800000000,3.2300000000,3.0500000000,3.0900000000,3.1400000000,102537147,320877401.9000,2,5.145800,1,-1.592400,-19.698777,1.115011,1.082105,294.271930,0
2024-04-11,sh.600490,3.0100000000,3.4000000000,3.0000000000,3.2900000000,3.0900000000,225781371,737653869.2200,2,11.330900,1,6.472500,-20.973779,1.187180,1.152144,313.318657,0
2024-04-12,sh.600490,3.4500000000,3.6200000000,3.4000000000,3.6200000000,3.2900000000,202854754,723117493.4200,2,10.180300,1,10.030400,-23.077532,1.306259,1.267709,344.745757,0
2024-04-15,sh.600490,3.5200000000,3.5200000000,3.2600000000,3.4000000000,3.6200000000,233049005,778557444.9300,2,11.695600,1,-6.077300,-21.675030,1.226873,1.190665,323.794357,0
2024-04-16,sh.600490,3.3400000000,3.5200000000,3.0800000000,3.1500000000,3.4000000000,178713976,589036321.7000,2,8.968800,1,-7.352900,-20.081278,1.136662,1.103117,299.985949,0
2024-04-17,sh.600490,3.0800000000,3.4500000000,3.0800000000,3.3300000000,3.1500000000,169967907,561714423.9900,2,8.529900,1,5.714300,-21.228779,1.201614,1.166152,317.128003,0
2024-04-18,sh.600490,3.2000000000,3.4000000000,3.1500000000,3.4000000000,3.3300000000,169770737,555392443.2800,2,8.520000,1,2.102100,-21.675030,1.226873,1.190665,323.794357,0
2024-04-19,sh.600490,3.3900000000,3.7400000000,3.3600000000,3.6400000000,3.4000000000,363591156,1333930133.5000,2,18.246900,1,7.058800,-23.205032,1.313476,1.274712,346.650429,0
2024-04-22,sh.600490,3.5100000000,3.7900000000,3.3700000000,3.5100000000,3.6400000000,235212958,853046992.7100,2,11.804200,1,-3.571400,-22.376281,1.266566,1.229187,334.270057,0
2024-04-23,sh.600490,3.3000000000,3.6400000000,3.2500000000,3.6000000000,3.5100000000,190983557,661633730.3100,2,9.584500,1,2.564100,-22.950032,1.299042,1.260705,342.841084,0
2024-04-24,sh.600490,3.5400000000,3.8700000000,3.4700000000,3.8100000000,3.6000000000,218296651,793132046.5900,2,10.955200,1,5.833300,-24.288784,1.374820,1.334246,362.840147,0
2024-04-25,sh.600490,3.7700000000,4.1400000000,3.7100000000,3.9200000000,3.8100000000,241563104,954520814.4100,2,12.122900,1,2.887100,-24.990035,1.414513,1.372767,373.315847,0
2024-04-26,sh.600490,3.8300000000,4.2500000000,3.8300000000,4.1200000000,3.9200000000,249374171,1006624321.9700,2,12.514900,1,5.102000,-26.265036,1.486682,1.442806,392.362574,0
2024-04-29,sh.600490,4.0200000000,4.0400000000,3.7900000000,3.8400000000,4.1200000000,203258823,797167802.9000,2,10.200600,1,-6.796100,-24.480034,1.385645,1.344752,365.697156,0
2024-04-30,sh.600490,3.9700000000,4.1000000000,3.7500000000,3.7900000000,3.8400000000,208335613,821978600.2900,2,10.455400,1,-1.302100,-83.044829,1.361794,2.115749,-28.870626,0
2024-05-06,sh.600490,3.6800000000,3.7400000000,3.4900000000,3.7100000000,3.7900000000,197126964,715418598.9800,2,9.892800,1,-2.110800,-81.291904,1.333049,2.071089,-28.261220,0
2024-05-07,sh.600490,3.7500000000,3.7600000000,3.5400000000,3.5800000000,3.7100000000,154757300,563803649.8500,2,7.766500,1,-3.504000,-78.443400,1.286338,1.998517,-27.270934,0
2024-05-08,sh.600490,3.4900000000,3.5800000000,3.3700000000,3.4400000000,3.5800000000,155344179,538008677.9000,2,7.796000,1,-3.910600,-75.375781,1.236034,1.920363,-26.204473,0
2024-05-09,sh.600490,3.4000000000,3.7400000000,3.3900000000,3.6300000000,3.4400000000,189240937,677117402.2700,2,9.497100,1,5.523300,-79.538979,1.304304,2.026429,-27.651813,0
2024-05-10,sh.600490,3.6600000000,3.7400000000,3.4700000000,3.6500000000,3.6300000000,149259008,537762715.6200,2,7.490600,1,0.551000,-79.977210,1.311490,2.037594,-27.804165,0
2024-05-13,sh.600490,3.6400000000,3.8600000000,3.5800000000,3.7400000000,3.6500000000,173036426,648956092.7700,2,8.683900,1,2.465800,-81.949251,1.343828,2.087836,-28.489747,0
2024-05-14,sh.600490,3.7200000000,3.7700000000,3.6000000000,3.6700000000,3.7400000000,129402517,474450665.5600,2,6.494100,1,-1.871700,-80.415441,1.318676,2.048759,-27.956517,0
2024-05-15,sh.600490,3.6100000000,3.7300000000,3.5100000000,3.5500000000,3.6700000000,130139240,468409272.8000,2,6.531100,1,-3.269800,-77.786053,1.275559,1.981770,-27.042407,0
2024-05-16,sh.600490,3.6200000000,3.6500000000,3.4500000000,3.4800000000,3.5500000000,108572622,384024840.1200,2,5.448700,1,-1.971800,-76.252244,1.250407,1.942693,-26.509176,0
2024-05-17,sh.600490,3.4400000000,3.5500000000,3.4100000000,3.5500000000,3.4800000000,89265449,309346886.8800,2,4.479800,1,2.011500,-77.786053,1.275559,1.981770,-27.042407,0
2024-05-20,sh.600490,3.6800000000,3.8300000000,3.6000000000,3.7400000000,3.5500000000,194454701,720756811.0400,2,9.758700,1,5.352100,-81.949251,1.343828,2.087836,-28.489747,0
2024-05-21,sh.600490,3.7400000000,3.8000000000,3.4300000000,3.4900000000,3.7400000000,164143394,586264052.4200,2,8.237600,1,-6.684500,-76.471360,1.254000,1.948275,-26.585352,0
2024-05-22,sh.600490,3.4500000000,3.5100000000,3.3200000000,3.3500000000,3.4900000000,108463685,369664997.1000,2,5.443300,1,-4.011500,-73.403741,1.203696,1.870121,-25.518891,0
2024-05-23,sh.600490,3.2100000000,3.2500000000,3.1400000000,3.1700000000,3.3500000000,89538251,286014982.9900,2,4.493500,1,-5.373100,-69.459659,1.139020,1.769637,-24.147727,0
2024-05-24,sh.600490,3.1400000000,3.2200000000,3.1400000000,3.1700000000,3.1700000000,56273222,179426818.7400,2,2.824100,1,0.000000,-69.459659,1.139020,1.769637,-24.147727,0
2024-05-27,sh.600490,3.1300000000,3.2100000000,3.0700000000,3.1400000000,3.1700000000,60133300,188101830.0000,2,3.017800,1,-0.946400,-68.802312,1.128241,1.752889,-23.919199,0
2024-05-28,sh.600490,3.1800000000,3.2600000000,3.1600000000,3.1800000000,3.1400000000,64745211,207496108.4100,2,3.249200,1,1.273900,-69.678775,1.142613,1.775219,-24.223903,0
2024-05-29,sh.600490,3.1500000000,3.3200000000,3.1300000000,3.2800000000,3.1800000000,92480700,301621345.0000,2,4.641200,1,3.144700,-71.869931,1.178544,1.831044,-24.985661,0
2024-05-30,sh.600490,3.2300000000,3.2500000000,3.0500000000,3.0600000000,3.2800000000,95514800,298707984.1400,2,4.793400,1,-6.707300,-67.049387,1.099496,1.708230,-23.309793,0
2024-05-31,sh.600490,3.0400000000,3.1000000000,3.0000000000,3.0400000000,3.0600000000,48064893,146115091.5800,2,2.412100,1,-0.653600,-66.611156,1.092309,1.697065,-23.157442,0
2024-06-03,sh.600490,3.0100000000,3.0200000000,2.8700000000,2.9100000000,3.0400000000,71331184,208518659.9200,2,3.579800,1,-4.276300,-63.762652,1.045599,1.624493,-22.167156,0
2024-06-04,sh.600490,2.9000000000,2.9500000000,2.8400000000,2.8800000000,2.9100000000,52838728,151970811.6400,2,2.651700,1,-1.030900,-63.105305,1.034819,1.607746,-21.938629,0
2024-06-05,sh.600490,2.8200000000,2.8200000000,2.7700000000,2.7900000000,2.8800000000,60801736,169719062.5300,2,3.051300,1,-3.125000,-61.133265,1.002481,1.557504,-21.253047,0
2024-06-06,sh.600490,2.8200000000,2.8500000000,2.7000000000,2.7200000000,2.7900000000,63431748,175137653.5600,2,3.183300,1,-2.509000,-59.599455,0.977329,1.518426,-20.719816,0
2024-06-07,sh.600490,2.7600000000,2.8200000000,2.7300000000,2.8000000000,2.7200000000,53452180,148471258.4400,2,2.682500,1,2.941200,-61.352380,1.006074,1.563086,-21.329222,0
2024-06-11,sh.600490,2.7200000000,2.7500000000,2.6700000000,2.7100000000,2.8000000000,45955686,124211311.7200,2,2.306300,1,-3.214300,-59.380339,0.973736,1.512844,-20.643640,0
2024-06-12,sh.600490,2.6900000000,2.7600000000,2.6800000000,2.7500000000,2.7100000000,34742300,95134146.5200,2,1.743500,1,1.476000,-60.256802,0.988109,1.535174,-20.948343,0
2024-06-13,sh.600490,2.7600000000,2.7600000000,2.6700000000,2.6900000000,2.7500000000,33875400,91528198.0000,2,1.700000,1,-2.181800,-58.942108,0.966550,1.501679,-20.491289,0
2024-06-14,sh.600490,2.7000000000,2.7100000000,2.6500000000,2.7000000000,2.6900000000,28663700,77082066.0000,2,1.438500,1,0.371700,-59.161224,0.970143,1.507261,-20.567465,0
2024-06-17,sh.600490,2.6800000000,2.7200000000,2.6500000000,2.6500000000,2.7000000000,30739448,82127368.2000,2,1.542700,1,-1.851900,-58.065646,0.952178,1.479349,-20.186586,0
2024-06-18,sh.600490,2.6600000000,2.7400000000,2.6500000000,2.7300000000,2.6500000000,37598200,101885614.0000,2,1.886900,1,3.018900,-59.818571,0.980923,1.524009,-20.795992,0
2024-06-19,sh.600490,2.7200000000,2.7800000000,2.7200000000,2.7300000000,2.7300000000,35944128,99048657.0000,2,1.803900,1,0.000000,-59.818571,0.980923,1.524009,-20.795992,0
2024-06-20,sh.600490,2.7500000000,2.8000000000,2.6700000000,2.6700000000,2.7300000000,42300599,114965879.8700,2,2.122900,1,-2.197800,-58.503877,0.959364,1.490514,-20.338937,0
2024-06-21,sh.600490,2.7000000000,2.7400000000,2.6600000000,2.6700000000,2.6700000000,27307712,73463549.0400,2,1.370400,1,0.000000,-58.503877,0.959364,1.490514,-20.338937,0
2024-06-24,sh.600490,2.6200000000,2.6500000000,2.5400000000,2.5500000000,2.6700000000,44035211,113917958.4100,2,2.209900,1,-4.494400,-55.874489,0.916246,1.423525,-19.424828,0
2024-06-25,sh.600490,2.5600000000,2.6300000000,2.5400000000,2.5900000000,2.5500000000,31294434,80805532.0400,2,1.570500,1,1.568600,-56.750952,0.930619,1.445855,-19.729531,0
2024-06-26,sh.600490,2.5600000000,2.6700000000,2.5200000000,2.6600000000,2.5900000000,32953788,85732502.2000,2,1.653800,1,2.702700,-58.284761,0.955771,1.484932,-20.262761,0
2024-06-27,sh.600490,2.6500000000,2.6500000000,2.5400000000,2.5500000000,2.6600000000,36045905,93172545.0400,2,1.809000,1,-4.135300,-55.874489,0.916246,1.423525,-19.424828,0
2024-06-28,sh.600490,2.5600000000,2.6500000000,2.5500000000,2.6000000000,2.5500000000,35298110,92305877.1000,2,1.771400,1,1.960800,-56.970067,0.934212,1.451437,-19.805707,0
2024-07-01,sh.600490,2.6300000000,2.6700000000,2.6000000000,2.6300000000,2.6000000000,26843300,70556422.0000,2,1.347100,1,1.153800,-57.627414,0.944991,1.468184,-20.034234,0
2024-07-02,sh.600490,2.6300000000,2.6600000000,2.6000000000,2.6300000000,2.6300000000,22162300,58383345.0000,2,1.112200,1,0.000000,-57.627414,0.944991,1.468184,-20.034234,0
2024-07-03,sh.600490,2.6300000000,2.6600000000,2.6100000000,2.6200000000,2.6300000000,18742500,49282222.0000,2,0.940600,1,-0.380200,-57.408299,0.941398,1.462602,-19.958058,0
2024-07-04,sh.600490,2.6800000000,2.7100000000,2.5400000000,2.5500000000,2.6200000000,38351654,100062799.7400,2,1.924700,1,-2.671800,-55.874489,0.916246,1.423525,-19.424828,0
2024-07-05,sh.600490,2.5500000000,2.6400000000,2.5100000000,2.6200000000,2.5500000000,38575900,100043523.0000,2,1.935900,1,2.745100,-57.408299,0.941398,1.462602,-19.958058,0
2024-07-08,sh.600490,2.6200000000,2.6400000000,2.5200000000,2.5300000000,2.6200000000,44981900,115355526.0000,2,2.257400,1,-3.435100,-55.436258,0.909060,1.412360,-19.272476,0
2024-07-09,sh.600490,2.5200000000,2.5600000000,2.4600000000,2.5500000000,2.5300000000,37323628,94000894.1200,2,1.873100,1,0.790500,-55.874489,0.916246,1.423525,-19.424828,0
2024-07-10,sh.600490,2.4200000000,2.4600000000,2.3200000000,2.3900000000,2.5500000000,66627393,160199975.9800,2,3.343700,1,-6.274500,-52.368639,0.858756,1.334206,-18.206015,0
2024-07-11,sh.600490,2.4200000000,2.5200000000,2.4100000000,2.5000000000,2.3900000000,60733461,150111559.6200,2,3.047900,1,4.602500,-54.778911,0.898281,1.395612,-19.043949,0
2024-07-12,sh.600490,2.5500000000,2.5800000000,2.4600000000,2.4900000000,2.5000000000,43021600,108015351.0000,2,2.159000,1,-0.400000,-54.559795,0.894688,1.390030,-18.967773,0
2024-07-15,sh.600490,2.4900000000,2.4900000000,2.4200000000,2.4400000000,2.4900000000,29835183,73295985.1500,2,1.497300,1,-2.008000,-53.464217,0.876722,1.362118,-18.586894,0
2024-07-16,sh.600490,2.4400000000,2.5100000000,2.4100000000,2.4700000000,2.4400000000,33035545,81469235.2500,2,1.657900,1,1.229500,-54.121564,0.887501,1.378865,-18.815421,0
2024-07-17,sh.600490,2.5400000000,2.6000000000,2.3900000000,2.3900000000,2.4700000000,53410201,131362567.3400,2,2.680400,1,-3.238900,-52.368639,0.858756,1.334206,-18.206015,0
2024-07-18,sh.600490,2.3500000000,2.4000000000,2.3200000000,2.3800000000,2.3900000000,33605104,79100706.0000,2,1.686500,1,-0.418400,-52.149523,0.855163,1.328623,-18.129839,0
2024-07-19,sh.600490,2.3400000000,2.3700000000,2.3000000000,2.3300000000,2.3800000000,28558970,66590346.1000,2,1.433200,1,-2.100800,-51.053945,0.837198,1.300711,-17.748960,0
2024-07-22,sh.600490,2.3200000000,2.3300000000,2.2700000000,2.3200000000,2.3300000000,25910128,59639485.6800,2,1.300300,1,-0.429200,-50.834829,0.833605,1.295128,-17.672784,0
2024-07-23,sh.600490,2.3100000000,2.3500000000,2.2500000000,2.2500000000,2.3200000000,28465800,65339231.0000,2,1.428600,1,-3.017200,-49.301020,0.808453,1.256051,-17.139554,0
2024-07-24,sh.600490,2.2500000000,2.2700000000,2.2000000000,2.2100000000,2.2500000000,25358900,56494280.0000,2,1.272600,1,-1.777800,-48.424557,0.794080,1.233721,-16.834851,0
2024-07-25,sh.600490,2.2000000000,2.2300000000,2.1600000000,2.2100000000,2.2100000000,26500050,58247056.5000,2,1.329900,1,0.000000,-48.424557,0.794080,1.233721,-16.834851,0
2024-07-26,sh.600490,2.1900000000,2.2700000000,2.1900000000,2.2400000000,2.2100000000,25657076,57502577.2000,2,1.287600,1,1.357500,-49.081904,0.804860,1.250469,-17.063378,0
2024-07-29,sh.600490,2.2400000000,2.2800000000,2.2000000000,2.2600000000,2.2400000000,24304433,54552675.2500,2,1.219700,1,0.892900,-49.520135,0.812046,1.261634,-17.215730,0
2024-07-30,sh.600490,2.2500000000,2.3100000000,2.2200000000,2.3000000000,2.2600000000,25541600,58172554.0000,2,1.281800,1,1.769900,-50.396598,0.826418,1.283963,-17.520433,0
2024-07-31,sh.600490,2.2800000000,2.3900000000,2.2800000000,2.3900000000,2.3000000000,32973101,77544346.2800,2,1.654800,1,3.913000,-52.368639,0.858756,1.334206,-18.206015,0
2024-08-01,sh.600490,2.4000000000,2.4700000000,2.3600000000,2.3900000000,2.3900000000,35420800,85022942.0000,2,1.777600,1,0.000000,-52.368639,0.858756,1.334206,-18.206015,0
2024-08-02,sh.600490,2.3600000000,2.4100000000,2.3300000000,2.3700000000,2.3900000000,23964100,56943535.0000,2,1.202600,1,-0.836800,-51.930408,0.851570,1.323041,-18.053663,0
2024-08-05,sh.600490,2.3500000000,2.4100000000,2.3100000000,2.3100000000,2.3700000000,31567900,74417627.0000,2,1.584200,1,-2.531600,-50.615714,0.830011,1.289546,-17.596609,0
2024-08-06,sh.600490,2.3200000000,2.3500000000,2.3000000000,2.3300000000,2.3100000000,20676600,48030389.0000,2,1.037700,1,0.865800,-51.053945,0.837198,1.300711,-17.748960,0
2024-08-07,sh.600490,2.3100000000,2.3300000000,2.2800000000,2.3000000000,2.3300000000,22344800,51460913.0000,2,1.121400,1,-1.287600,-50.396598,0.826418,1.283963,-17.520433,0
2024-08-08,sh.600490,2.2800000000,2.3100000000,2.2500000000,2.3000000000,2.3000000000,17906600,40913933.0000,2,0.898600,1,0.000000,-50.396598,0.826418,1.283963,-17.520433,0
2024-08-09,sh.600490,2.3000000000,2.3500000000,2.2700000000,2.2700000000,2.3000000000,21280600,49002777.0000,2,1.068000,1,-1.304300,-49.739251,0.815639,1.267216,-17.291905,0
2024-08-12,sh.600490,2.2600000000,2.2800000000,2.2200000000,2.2400000000,2.2700000000,19446345,43564742.9000,2,0.975900,1,-1.321600,-49.081904,0.804860,1.250469,-17.063378,0
2024-08-13,sh.600490,2.2500000000,2.2700000000,2.2100000000,2.2600000000,2.2400000000,17245445,38652282.2500,2,0.865500,1,0.892900,-49.520135,0.812046,1.261634,-17.215730,0
2024-08-14,sh.600490,2.2400000000,2.2600000000,2.2100000000,2.2200000000,2.2600000000,15550400,34714154.0000,2,0.780400,1,-1.769900,-48.643673,0.797673,1.239304,-16.911026,0
2024-08-15,sh.600490,2.2100000000,2.2800000000,2.2000000000,2.2500000000,2.2200000000,28407422,63785197.7200,2,1.425600,1,1.351400,-49.301020,0.808453,1.256051,-17.139554,0
2024-08-16,sh.600490,2.2700000000,2.3000000000,2.1800000000,2.1800000000,2.2500000000,29775600,66288586.0000,2,1.494300,1,-3.111100,-47.767210,0.783301,1.216974,-16.606323,0
2024-08-19,sh.600490,2.2000000000,2.2700000000,2.1900000000,2.2400000000,2.1800000000,30232425,67652766.7500,2,1.517200,1,2.752300,-49.081904,0.804860,1.250469,-17.063378,0
2024-08-20,sh.600490,2.2300000000,2.2500000000,2.1600000000,2.1700000000,2.2400000000,27507500,60211536.0000,2,1.380500,1,-3.125000,-47.548095,0.779708,1.211392,-16.530147,0
2024-08-21,sh.600490,2.1800000000,2.2000000000,2.1400000000,2.1800000000,2.1700000000,14708000,32061224.0000,2,0.738100,1,0.460800,-47.767210,0.783301,1.216974,-16.606323,0
2024-08-22,sh.600490,2.1800000000,2.2000000000,2.1200000000,2.1400000000,2.1800000000,18401600,39579975.0000,2,0.923500,1,-1.834900,-46.890748,0.768928,1.194644,-16.301620,0
2024-08-23,sh.600490,2.1300000000,2.1500000000,2.1000000000,2.1200000000,2.1400000000,19045700,40340211.0000,2,0.955800,1,-0.934600,-46.452516,0.761742,1.183479,-16.149268,0
2024-08-26,sh.600490,2.1100000000,2.1800000000,2.1000000000,2.1700000000,2.1200000000,23605600,50950988.0000,2,1.184700,1,2.358500,-47.548095,0.779708,1.211392,-16.530147,0
2024-08-27,sh.600490,2.1500000000,2.1700000000,2.1000000000,2.1000000000,2.1700000000,20399100,43247364.0000,2,1.023700,1,-3.225800,-46.014285,0.754556,1.172314,-15.996917,0
2024-08-28,sh.600490,2.1000000000,2.1400000000,2.0900000000,2.1100000000,2.1000000000,17116200,36294555.0000,2,0.859000,1,0.476200,-46.233401,0.758149,1.177897,-16.073093,0
2024-08-29,sh.600490,2.1100000000,2.1700000000,2.0600000000,2.1500000000,2.1100000000,24414600,52022643.0000,2,1.225300,1,1.895700,-47.109863,0.772521,1.200227,-16.377796,0
2024-08-30,sh.600490,2.1600000000,2.2000000000,2.1200000000,2.1700000000,2.1500000000,28679800,62270368.0000,2,1.439300,1,0.930200,-25.124618,0.788623,1.356718,10.909780,0
2024-09-02,sh.600490,2.1600000000,2.1700000000,2.1000000000,2.1100000000,2.1700000000,25105817,53479115.0400,2,1.259900,1,-2.765000,-24.429928,0.766818,1.319205,10.608127,0
2024-09-03,sh.600490,2.1000000000,2.1300000000,2.0800000000,2.1000000000,2.1100000000,22164300,46521972.0000,2,1.112300,1,-0.473900,-24.314147,0.763183,1.312952,10.557852,0
2024-09-04,sh.600490,2.0800000000,2.0900000000,2.0400000000,2.0500000000,2.1000000000,24623600,50707111.0000,2,1.235700,1,-2.381000,-23.735238,0.745012,1.281692,10.306475,0
2024-09-05,sh.600490,2.0400000000,2.0800000000,2.0400000000,2.0700000000,2.0500000000,18686337,38563879.4400,2,0.937800,1,0.975600,-23.966802,0.752281,1.294196,10.407026,0
2024-09-06,sh.600490,2.0700000000,2.0900000000,2.0500000000,2.0600000000,2.0700000000,18267036,37800226.6600,2,0.916700,1,-0.483100,-23.851020,0.748646,1.287944,10.356750,0
2024-09-09,sh.600490,2.0600000000,2.1200000000,2.0400000000,2.0900000000,2.0600000000,26195848,54741915.3600,2,1.314600,1,1.456300,-24.198365,0.759549,1.306700,10.507577,0
2024-09-10,sh.600490,2.0900000000,2.1000000000,2.0400000000,2.0800000000,2.0900000000,23125970,47775483.5000,2,1.160600,1,-0.478500,-24.082583,0.755915,1.300448,10.457301,0
2024-09-11,sh.600490,2.0600000000,2.1000000000,2.0500000000,2.0900000000,2.0800000000,16547730,34405898.1000,2,0.830500,1,0.480800,-24.198365,0.759549,1.306700,10.507577,0
2024-09-12,sh.600490,2.1000000000,2.1800000000,2.1000000000,2.1400000000,2.0900000000,37414546,80366778.9800,2,1.877700,1,2.392300,-24.777273,0.777720,1.337961,10.758954,0
2024-09-13,sh.600490,2.3500000000,2.3500000000,2.3500000000,2.3500000000,2.1400000000,36816055,86517729.2500,2,1.847600,1,9.813100,-27.208688,0.854038,1.469256,11.814739,0
2024-09-18,sh.600490,2.4900000000,2.4900000000,2.3100000000,2.3300000000,2.3500000000,106830870,253317355.6600,2,5.361300,1,-0.851100,-26.977125,0.846770,1.456752,11.714188,0
2024-09-19,sh.600490,2.3300000000,2.5600000000,2.2400000000,2.5600000000,2.3300000000,143214297,346836749.0700,2,7.187200,1,9.871200,-29.640103,0.930357,1.600552,12.870524,0
2024-09-20,sh.600490,2.5000000000,2.8200000000,2.4800000000,2.8200000000,2.5600000000,206322689,556137113.5600,2,10.354300,1,10.156300,-32.650426,1.024846,1.763108,14.177687,0
2024-09-23,sh.600490,2.9000000000,3.0500000000,2.7500000000,2.8400000000,2.8200000000,226459266,655966688.0400,2,11.364900,1,0.709200,-32.881989,1.032115,1.775612,14.278238,0
2024-09-24,sh.600490,2.8100000000,2.9000000000,2.6800000000,2.8300000000,2.8400000000,183649406,516607764.4500,2,9.216500,1,-0.352100,-32.766207,1.028480,1.769360,14.227962,0
2024-09-25,sh.600490,2.8200000000,2.9400000000,2.7600000000,2.7900000000,2.8300000000,149067880,424645366.8000,2,7.481000,1,-1.413400,-32.303081,1.013944,1.744351,14.026861,0
2024-09-26,sh.600490,2.7100000000,2.7500000000,2.6500000000,2.7400000000,2.7900000000,124846655,337510533.8500,2,6.265400,1,-1.792100,-31.724172,0.995772,1.713090,13.775483,0
2024-09-27,sh.600490,2.7800000000,3.0100000000,2.7800000000,3.0100000000,2.7400000000,171996134,505350225.8600,2,8.631700,1,9.854000,-34.850277,1.093896,1.881899,15.132921,0
2024-09-30,sh.600490,3.1900000000,3.2900000000,3.0000000000,3.2800000000,3.0100000000,239379074,753537469.2000,2,12.013300,1,8.970100,-37.976382,1.192020,2.050707,16.490359,0
2024-10-08,sh.600490,3.5900000000,3.5900000000,3.1700000000,3.3500000000,3.2800000000,230432111,777586893.0600,2,11.564300,1,2.134100,-38.786853,1.217459,2.094472,16.842288,0
2024-10-09,sh.600490,3.2200000000,3.2300000000,3.0200000000,3.0200000000,3.3500000000,123506493,383312329.0400,2,6.198200,1,-9.850700,-34.966059,1.097530,1.888151,15.183197,0
2024-10-10,sh.600490,2.9600000000,3.0400000000,2.8600000000,2.9300000000,3.0200000000,84460628,249444342.6200,2,4.238700,1,-2.980100,-33.924024,1.064822,1.831881,14.730717,0
2024-10-11,sh.600490,2.9900000000,3.0600000000,2.8200000000,2.8600000000,2.9300000000,68411422,201056595.7600,2,3.433200,1,-2.389100,-33.113552,1.039383,1.788116,14.378789,0
2024-10-14,sh.600490,2.8800000000,2.9400000000,2.8400000000,2.9300000000,2.8600000000,57342600,166126871.0000,2,2.877700,1,2.447600,-33.924024,1.064822,1.831881,14.730717,0
2024-10-15,sh.600490,2.8800000000,2.9100000000,2.8200000000,2.8200000000,2.9300000000,56784421,162233386.1800,2,2.849700,1,-3.754300,-32.650426,1.024846,1.763108,14.177687,0
2024-10-16,sh.600490,2.8200000000,2.8500000000,2.7900000000,2.8400000000,2.8200000000,46705114,131780306.7900,2,2.343900,1,0.709200,-32.881989,1.032115,1.775612,14.278238,0
2024-10-17,sh.600490,2.8400000000,2.9000000000,2.8000000000,2.8100000000,2.8400000000,45128000,128534936.0000,2,2.264800,1,-1.056300,-32.534644,1.021212,1.756855,14.127411,0
2024-10-18,sh.600490,2.8200000000,2.9300000000,2.8100000000,2.9000000000,2.8100000000,73269523,210606578.9500,2,3.677000,1,3.202800,-33.576679,1.053920,1.813125,14.579891,0
2024-10-21,sh.600490,2.9500000000,3.0400000000,2.9300000000,2.9700000000,2.9000000000,78136858,233609602.6800,2,3.921300,1,2.413800,-34.387150,1.079359,1.856890,14.931819,0
2024-10-22,sh.600490,2.9500000000,3.0300000000,2.9200000000,3.0300000000,2.9700000000,67302580,200906434.0000,2,3.377600,1,2.020200,-35.081840,1.101164,1.894403,15.233472,0
2024-10-23,sh.600490,3.0300000000,3.0700000000,2.9900000000,3.0000000000,3.0300000000,54833713,165773298.4000,2,2.751800,1,-0.990100,-34.734495,1.090262,1.875646,15.082646,0
2024-10-24,sh.600490,2.9700000000,3.0500000000,2.9300000000,3.0400000000,3.0000000000,59862060,178987480.2000,2,3.004200,1,1.333300,-35.197622,1.104799,1.900655,15.283748,0
2024-10-25,sh.600490,3.0400000000,3.1900000000,3.0200000000,3.1500000000,3.0400000000,87373700,273432940.0000,2,4.384900,1,3.618400,-36.471220,1.144775,1.969429,15.836778,0
2024-10-28,sh.600490,3.1600000000,3.2200000000,3.1100000000,3.2100000000,3.1500000000,60467005,192788025.9000,2,3.034500,1,1.904800,-37.165910,1.166580,2.006942,16.138431,0
2024-10-29,sh.600490,3.2100000000,3.2900000000,3.1300000000,3.2300000000,3.2100000000,86014543,276650242.3700,2,4.316700,1,0.623100,-37.397473,1.173849,2.019446,16.238982,0
2024-10-30,sh.600490,3.2100000000,3.2900000000,3.1600000000,3.2000000000,3.2300000000,59015537,189729846.3200,2,2.961700,1,-0.928800,-37.050128,1.162946,2.000690,16.088155,0
2024-10-31,sh.600490,3.1600000000,3.3200000000,3.1600000000,3.2500000000,3.2000000000,75963992,246243474.2100,2,3.812300,1,1.562500,-39.645836,1.198304,1.609592,40.678286,0
2024-11-01,sh.600490,3.2200000000,3.3500000000,3.1700000000,3.2900000000,3.2500000000,100138393,327438951.9100,2,5.025500,1,1.230800,-40.133785,1.213052,1.629402,41.178941,0
2024-11-04,sh.600490,3.3300000000,3.3400000000,3.1900000000,3.2800000000,3.2900000000,64489501,209288410.2200,2,3.236400,1,-0.304000,-40.011798,1.209365,1.624449,41.053778,0
2024-11-05,sh.600490,3.2500000000,3.4400000000,3.2500000000,3.4400000000,3.2800000000,88593318,298812204.7400,2,4.446100,1,4.878000,-41.963593,1.268358,1.703691,43.056401,0
2024-11-06,sh.600490,3.4200000000,3.5400000000,3.3900000000,3.5100000000,3.4400000000,79400400,276607787.8900,2,3.984700,1,2.034900,-42.817503,1.294168,1.738359,43.932549,0
2024-11-07,sh.600490,3.4000000000,3.4900000000,3.3600000000,3.4800000000,3.5100000000,71145879,244277559.6800,2,3.570500,1,-0.854700,-42.451542,1.283107,1.723501,43.557057,0
2024-11-08,sh.600490,3.5200000000,3.5600000000,3.3800000000,3.3900000000,3.4800000000,69801500,241193231.2200,2,3.503000,1,-2.586200,-41.353657,1.249923,1.678928,42.430581,0
2024-11-11,sh.600490,3.3700000000,3.4800000000,3.3700000000,3.4600000000,3.3900000000,59064700,202440882.0000,2,2.964200,1,2.064900,-42.207567,1.275733,1.713596,43.306729,0
2024-11-12,sh.600490,3.4200000000,3.4800000000,3.3000000000,3.3300000000,3.4600000000,66180536,224017149.0000,2,3.321300,1,-3.757200,-40.621734,1.227800,1.649212,41.679597,0
2024-11-13,sh.600490,3.3100000000,3.3800000000,3.2500000000,3.3000000000,3.3300000000,44221009,146374289.7900,2,2.219200,1,-0.900900,-40.255772,1.216739,1.634355,41.304105,0
2024-11-14,sh.600490,3.2700000000,3.2900000000,3.1500000000,3.1800000000,3.3000000000,50914000,163615300.0000,2,2.555100,1,-3.636400,-38.791926,1.172494,1.574924,39.802138,0
2024-11-15,sh.600490,3.1600000000,3.2200000000,3.0900000000,3.1000000000,3.1800000000,39174200,123741068.0000,2,1.966000,1,-2.515700,-37.816028,1.142997,1.535303,38.800826,0
2024-11-18,sh.600490,3.1500000000,3.1700000000,3.0000000000,3.0300000000,3.1000000000,45682110,139894188.4400,2,2.292600,1,-2.258100,-36.962118,1.117188,1.500635,37.924679,0
2024-11-19,sh.600490,3.0500000000,3.1100000000,3.0100000000,3.1000000000,3.0300000000,46724096,142836224.9200,2,2.344900,1,2.310200,-37.816028,1.142997,1.535303,38.800826,0
2024-11-20,sh.600490,3.1000000000,3.1600000000,3.0500000000,3.1500000000,3.1000000000,38753937,120623755.1200,2,1.944900,1,1.612900,-38.425964,1.161433,1.560066,39.426646,0
2024-11-21,sh.600490,3.1400000000,3.1800000000,3.0800000000,3.1400000000,3.1500000000,30146322,94103484.9000,2,1.512900,1,-0.317500,-38.303977,1.157746,1.555113,39.301482,0
2024-11-22,sh.600490,3.1400000000,3.4500000000,3.1300000000,3.4500000000,3.1400000000,154674020,530338481.1500,2,7.762300,1,9.872600,-42.085580,1.272045,1.708643,43.181565,0
2024-11-25,sh.600490,3.4000000000,3.4300000000,3.2000000000,3.3000000000,3.4500000000,198193695,653645788.7900,2,9.946400,1,-4.347800,-40.255772,1.216739,1.634355,41.304105,0
2024-11-26,sh.600490,3.2800000000,3.2800000000,3.1700000000,3.2000000000,3.3000000000,97794131,314554852.2700,2,4.907800,1,-3.030300,-39.035900,1.179868,1.584829,40.052466,0
2024-11-27,sh.600490,3.1800000000,3.2000000000,3.0000000000,3.1500000000,3.2000000000,84695827,260484301.6000,2,4.250500,1,-1.562500,-38.425964,1.161433,1.560066,39.426646,0
2024-11-28,sh.600490,3.1400000000,3.1800000000,3.1200000000,3.1300000000,3.1500000000,50411055,158668690.6000,2,2.529900,1,-0.634900,-38.181990,1.154059,1.550161,39.176318,0
2024-11-29,sh.600490,3.1300000000,3.2200000000,3.0500000000,3.1600000000,3.1300000000,61456600,192053652.0000,2,3.084200,1,0.958500,-38.547952,1.165120,1.565018,39.551810,0
2024-12-02,sh.600490,3.1600000000,3.2800000000,3.1400000000,3.2700000000,3.1600000000,58961700,191099107.0000,2,2.959000,1,3.481000,-39.889811,1.205678,1.619497,40.928614,0
2024-12-03,sh.600490,3.3000000000,3.3000000000,3.2200000000,3.3000000000,3.2700000000,47840100,156205190.0000,2,2.400900,1,0.917400,-40.255772,1.216739,1.634355,41.304105,0
2024-12-04,sh.600490,3.3000000000,3.3400000000,3.2100000000,3.2400000000,3.3000000000,52988801,173094541.2900,2,2.659300,1,-1.818200,-39.523849,1.194617,1.604639,40.553122,0
2024-12-05,sh.600490,3.2200000000,3.3200000000,3.1800000000,3.3000000000,3.2400000000,44678100,146244406.0000,2,2.242200,1,1.851900,-40.255772,1.216739,1.634355,41.304105,0
2024-12-06,sh.600490,3.3100000000,3.4100000000,3.2700000000,3.4100000000,3.3000000000,63076099,212026133.6100,2,3.165500,1,3.333300,-41.597631,1.257297,1.688833,42.680909,0
2024-12-09,sh.600490,3.4200000000,3.4900000000,3.3400000000,3.4000000000,3.4100000000,63553515,216979027.4500,2,3.189400,1,-0.293300,-41.475644,1.253610,1.683880,42.555745,0
2024-12-10,sh.600490,3.4800000000,3.5200000000,3.3500000000,3.3700000000,3.4000000000,63889600,219775236.0000,2,3.206300,1,-0.882400,-41.109682,1.242549,1.669023,42.180253,0
2024-12-11,sh.600490,3.3700000000,3.5400000000,3.3700000000,3.4800000000,3.3700000000,60730616,210177809.7200,2,3.047800,1,3.264100,-42.451542,1.283107,1.723501,43.557057,0
2024-12-12,sh.600490,3.4900000000,3.5100000000,3.4200000000,3.4700000000,3.4800000000,38767298,134125184.1200,2,1.945500,1,-0.287400,-42.329554,1.279420,1.718549,43.431893,0
2024-12-13,sh.600490,3.4600000000,3.4600000000,3.3100000000,3.3200000000,3.4700000000,50266646,168912995.1300,2,2.522600,1,-4.322800,-40.499747,1.224113,1.644260,41.554433,0
2024-12-16,sh.600490,3.3200000000,3.3300000000,3.2700000000,3.3000000000,3.3200000000,32645386,107491284.0800,2,1.638300,1,-0.602400,-40.255772,1.216739,1.634355,41.304105,0
2024-12-17,sh.600490,3.3000000000,3.3100000000,3.1900000000,3.2000000000,3.3000000000,37762705,122075019.0000,2,1.895100,1,-3.030300,-39.035900,1.179868,1.584829,40.052466,0
2024-12-18,sh.600490,3.1900000000,3.2100000000,3.1300000000,3.1400000000,3.2000000000,39180650,124069773.9500,2,1.966300,1,-1.875000,-38.303977,1.157746,1.555113,39.301482,0
2024-12-19,sh.600490,3.4500000000,3.4500000000,3.3800000000,3.4500000000,3.1400000000,58255991,200680036.9500,2,2.923600,1,9.872600,-42.085580,1.272045,1.708643,43.181565,0
2024-12-20,sh.600490,3.7000000000,3.8000000000,3.4700000000,3.8000000000,3.4500000000,237990181,879482100.8300,2,11.943600,1,10.144900,-46.355132,1.401094,1.881984,47.562303,0
2024-12-23,sh.600490,3.8000000000,4.0600000000,3.6100000000,3.6600000000,3.8000000000,236966499,889536573.8500,2,11.892200,1,-3.684200,-44.647311,1.349474,1.812648,45.810008,0
2024-12-24,sh.600490,3.7000000000,4.0300000000,3.7000000000,4.0300000000,3.6600000000,116211859,453094187.1900,2,5.832100,1,10.109300,-49.160837,1.485897,1.995894,50.441074,0
2024-12-25,sh.600490,4.0300000000,4.4000000000,3.8500000000,4.1200000000,4.0300000000,263991074,1087278984.3600,2,13.248400,1,2.233300,-50.258722,1.519080,2.040467,51.567550,0
2024-12-26,sh.600490,4.0600000000,4.2300000000,3.8500000000,3.9200000000,4.1200000000,196397488,789386063.4000,2,9.856200,1,-4.854400,-47.818978,1.445339,1.941415,49.064271,0
2024-12-27,sh.600490,3.8400000000,3.9600000000,3.7100000000,3.7200000000,3.9200000000,182283326,697828912.0200,2,9.147900,1,-5.102000,-45.379234,1.371597,1.842363,46.560992,0
2024-12-30,sh.600490,3.7000000000,3.7200000000,3.5200000000,3.5800000000,3.7200000000,114153435,409438120.4700,2,5.728800,1,-3.763400,-43.671413,1.319978,1.773027,44.808696,0
2024-12-31,sh.600490,3.6000000000,3.6100000000,3.2800000000,3.2900000000,3.5800000000,107930300,366515943.1200,2,5.416500,1,-8.100600,-40.133785,1.213052,1.629402,41.178941,0
2025-01-02,sh.600490,3.2900000000,3.4200000000,3.2400000000,3.2900000000,3.2900000000,86300700,287871786.0000,2,4.331000,1,0.000000,-40.133785,1.213052,1.629402,41.178941,0
2025-01-03,sh.600490,3.3000000000,3.3300000000,3.0900000000,3.1100000000,3.2900000000,84205795,269621971.0600,2,4.225900,1,-5.471100,-37.938016,1.146684,1.540255,38.925990,0
2025-01-06,sh.600490,3.0700000000,3.1100000000,2.9700000000,3.0000000000,3.1100000000,71435000,216778035.0000,2,3.585000,1,-3.537000,-36.596157,1.106126,1.485777,37.549187,0
2025-01-07,sh.600490,3.0100000000,3.0600000000,2.9500000000,3.0500000000,3.0000000000,54711600,165589840.0000,2,2.745700,1,1.666700,-37.206092,1.124562,1.510540,38.175007,0
2025-01-08,sh.600490,3.0600000000,3.0700000000,2.9400000000,3.0300000000,3.0500000000,56631407,169872294.1400,2,2.842100,1,-0.655700,-36.962118,1.117188,1.500635,37.924679,0
2025-01-09,sh.600490,3.0100000000,3.0800000000,3.0000000000,3.0500000000,3.0300000000,41094707,125424262.2800,2,2.062300,1,0.660100,-37.206092,1.124562,1.510540,38.175007,0
2025-01-10,sh.600490,3.0500000000,3.1100000000,2.9500000000,2.9500000000,3.0500000000,51060598,154313084.1800,2,2.562500,1,-3.278700,-35.986221,1.087691,1.461014,36.923367,0
2025-01-13,sh.600490,2.8800000000,3.0100000000,2.8700000000,2.9900000000,2.9500000000,40531605,119812576.8500,2,2.034100,1,1.355900,-36.474169,1.102439,1.480824,37.424023,0
2025-01-14,sh.600490,2.9700000000,3.1100000000,2.9700000000,3.1000000000,2.9900000000,46899302,142905490.1400,2,2.353600,1,3.678900,-37.816028,1.142997,1.535303,38.800826,0
2025-01-15,sh.600490,3.1100000000,3.1200000000,3.0100000000,3.0600000000,3.1000000000,48857900,149729848.0000,2,2.451900,1,-1.290300,-37.328080,1.128249,1.515492,38.300171,0
2025-01-16,sh.600490,3.0900000000,3.3700000000,3.0800000000,3.3700000000,3.0600000000,83600655,270779206.2500,2,4.195500,1,10.130700,-41.109682,1.242549,1.669023,42.180253,0
2025-01-17,sh.600490,3.4000000000,3.4700000000,3.3000000000,3.3700000000,3.3700000000,144522833,488128819.6900,2,7.252900,1,0.000000,-41.109682,1.242549,1.669023,42.180253,0
2025-01-20,sh.600490,3.3500000000,3.3700000000,3.2700000000,3.3100000000,3.3700000000,71095103,235313534.1100,2,3.567900,1,-1.780400,-40.377759,1.220426,1.639307,41.429269,0
2025-01-21,sh.600490,3.3000000000,3.3300000000,3.2200000000,3.2700000000,3.3100000000,49142000,160457229.0000,2,2.466200,1,-1.208500,-39.889811,1.205678,1.619497,40.928614,0
2025-01-22,sh.600490,3.2800000000,3.2900000000,3.1900000000,3.2200000000,3.2700000000,40581749,131259351.2700,2,2.036600,1,-1.529100,-39.279875,1.187242,1.594734,40.302794,0
2025-01-23,sh.600490,3.2500000000,3.3100000000,3.1600000000,3.1600000000,3.2200000000,49900500,161698321.0000,2,2.504300,1,-1.863400,-38.547952,1.165120,1.565018,39.551810,0
2025-01-24,sh.600490,3.1800000000,3.2100000000,3.1400000000,3.1900000000,3.1600000000,41697312,132532645.2800,2,2.092600,1,0.949400,-38.913913,1.176181,1.579876,39.927302,0
2025-01-27,sh.600490,3.2200000000,3.3100000000,3.1500000000,3.1500000000,3.1900000000,50278242,162332993.6900,2,2.523200,1,-1.253900,-38.425964,1.161433,1.560066,39.426646,0
2025-02-05,sh.600490,3.3000000000,3.4700000000,3.2300000000,3.3600000000,3.1500000000,105581952,352359440.8500,2,5.298600,1,6.666700,-40.987695,1.238862,1.664070,42.055089,0
2025-02-06,sh.600490,3.3400000000,3.3800000000,3.2800000000,3.3600000000,3.3600000000,73904943,246548079.0900,2,3.708900,1,0.000000,-40.987695,1.238862,1.664070,42.055089,0
2025-02-07,sh.600490,3.3500000000,3.5300000000,3.3200000000,3.4600000000,3.3600000000,103857900,355209593.9300,2,5.212100,1,2.976200,-42.207567,1.275733,1.713596,43.306729,0
2025-02-10,sh.600490,3.4700000000,3.5300000000,3.4000000000,3.4500000000,3.4600000000,71018106,244536330.0900,2,3.564100,1,-0.289000,-42.085580,1.272045,1.708643,43.181565,0
2025-02-11,sh.600490,3.4800000000,3.8000000000,3.4800000000,3.6700000000,3.4500000000,175418612,643078113.8700,2,8.803400,1,6.376800,-44.769298,1.353161,1.817600,45.935172,0
2025-02-12,sh.600490,3.5500000000,3.5800000000,3.4300000000,3.5000000000,3.6700000000,125639760,438089579.3000,2,6.305300,1,-4.632200,-42.695516,1.290481,1.733406,43.807385,0
2025-02-13,sh.600490,3.4800000000,3.5300000000,3.4300000000,3.4700000000,3.5000000000,74979253,260488564.8800,2,3.762800,1,-0.857100,-42.329554,1.279420,1.718549,43.431893,0
2025-02-14,sh.600490,3.4900000000,3.5300000000,3.4100000000,3.4700000000,3.4700000000,55509340,192075133.2000,2,2.785700,1,0.000000,-42.329554,1.279420,1.718549,43.431893,0
2025-02-17,sh.600490,3.3900000000,3.4400000000,3.3400000000,3.4200000000,3.4700000000,55767560,189636484.0000,2,2.798700,1,-1.440900,-41.719618,1.260984,1.693786,42.806073,0
2025-02-18,sh.600490,3.4200000000,3.4800000000,3.3400000000,3.3800000000,3.4200000000,65462160,222131433.1400,2,3.285200,1,-1.169600,-41.231670,1.246236,1.673975,42.305417,0
2025-02-19,sh.600490,3.4100000000,3.4300000000,3.3600000000,3.4100000000,3.3800000000,48256400,163877504.0000,2,2.421800,1,0.887600,-41.597631,1.257297,1.688833,42.680909,0
2025-02-20,sh.600490,3.3900000000,3.4800000000,3.3700000000,3.4600000000,3.4100000000,56617840,193854654.0000,2,2.841400,1,1.466300,-42.207567,1.275733,1.713596,43.306729,0
2025-02-21,sh.600490,3.4300000000,3.4600000000,3.3300000000,3.3500000000,3.4600000000,66146600,222770734.0000,2,3.319600,1,-3.179200,-40.865708,1.235175,1.659118,41.929925,0
2025-02-24,sh.600490,3.3300000000,3.4200000000,3.3100000000,3.3700000000,3.3500000000,51870652,174770709.7200,2,2.603100,1,0.597000,-41.109682,1.242549,1.669023,42.180253,0
2025-02-25,sh.600490,3.3700000000,3.4500000000,3.3600000000,3.3800000000,3.3700000000,59500680,203108654.0000,2,2.986100,1,0.296700,-41.231670,1.246236,1.673975,42.305417,0
2025-02-26,sh.600490,3.3800000000,3.4600000000,3.3600000000,3.4000000000,3.3800000000,50104872,170105042.3900,2,2.514500,1,0.591700,-41.475644,1.253610,1.683880,42.555745,0
2025-02-27,sh.600490,3.4000000000,3.4100000000,3.3100000000,3.3500000000,3.4000000000,41494900,139027454.0000,2,2.082400,1,-1.470600,-40.865708,1.235175,1.659118,41.929925,0
2025-02-28,sh.600490,3.3300000000,3.3400000000,3.2300000000,3.2300000000,3.3500000000,45276000,148481037.0000,2,2.272200,1,-3.582100,-39.401862,1.190930,1.599686,40.427958,0
2025-03-03,sh.600490,3.2600000000,3.3200000000,3.2200000000,3.2300000000,3.2300000000,39928700,130699274.0000,2,2.003800,1,0.000000,-39.401862,1.190930,1.599686,40.427958,0
2025-03-04,sh.600490,3.2500000000,3.2700000000,3.2000000000,3.2600000000,3.2300000000,34405218,111298344.6800,2,1.726600,1,0.928800,-39.767823,1.201991,1.614544,40.803450,0
2025-03-05,sh.600490,3.2500000000,3.3000000000,3.2000000000,3.3000000000,3.2600000000,43820770,142580494.7800,2,2.199200,1,1.227000,-40.255772,1.216739,1.634355,41.304105,0
2025-03-06,sh.600490,3.3100000000,3.3500000000,3.2800000000,3.3100000000,3.3000000000,38559582,127581881.8000,2,1.935100,1,0.303000,-40.377759,1.220426,1.639307,41.429269,0
2025-03-07,sh.600490,3.3100000000,3.5500000000,3.3000000000,3.4100000000,3.3100000000,110739822,383244664.1100,2,5.557500,1,3.021100,-41.597631,1.257297,1.688833,42.680909,0
2025-03-10,sh.600490,3.4500000000,3.4900000000,3.3800000000,3.4500000000,3.4100000000,72271300,247490430.7700,2,3.626900,1,1.173000,-42.085580,1.272045,1.708643,43.181565,0
2025-03-11,sh.600490,3.4100000000,3.5400000000,3.3700000000,3.5100000000,3.4500000000,75392553,261213714.5000,2,3.783600,1,1.739100,-42.817503,1.294168,1.738359,43.932549,0
2025-03-12,sh.600490,3.5100000000,3.5400000000,3.4500000000,3.4700000000,3.5100000000,55707501,193761497.3900,2,2.795700,1,-1.139600,-42.329554,1.279420,1.718549,43.431893,0
2025-03-13,sh.600490,3.4900000000,3.8000000000,3.4200000000,3.6000000000,3.4700000000,131069102,469104590.3200,2,6.577700,1,3.746400,-43.915388,1.327352,1.782932,45.059024,0
2025-03-14,sh.600490,3.7600000000,3.9600000000,3.7200000000,3.9600000000,3.6000000000,249382781,971087477.5600,2,12.515300,1,10.000000,-48.306927,1.460087,1.961226,49.564927,0
2025-03-17,sh.600490,3.8200000000,3.9400000000,3.7200000000,3.7700000000,3.9600000000,224035098,857503860.4500,2,11.243200,1,-4.798000,-45.989170,1.390032,1.867126,47.186811,0
2025-03-18,sh.600490,3.8300000000,4.1500000000,3.7500000000,4.0200000000,3.7700000000,281817179,1132079902.6400,2,14.143000,1,6.631300,-49.038850,1.482209,1.990941,50.315910,0
2025-03-19,sh.600490,4.0000000000,4.1700000000,3.8900000000,4.0500000000,4.0200000000,233805964,944397480.3100,2,11.733600,1,0.746300,-49.404811,1.493271,2.005799,50.691402,0
2025-03-20,sh.600490,4.0400000000,4.0800000000,3.8900000000,3.9100000000,4.0500000000,145007554,573640468.5000,2,7.277200,1,-3.456800,-47.696991,1.441652,1.936463,48.939107,0
2025-03-21,sh.600490,3.9500000000,4.0700000000,3.8900000000,3.9100000000,3.9100000000,116409318,462374449.2600,2,5.842000,1,0.000000,-47.696991,1.441652,1.936463,48.939107,0
2025-03-24,sh.600490,3.8800000000,3.9500000000,3.7300000000,3.7900000000,3.9100000000,105017400,399434657.2500,2,5.270300,1,-3.069100,-46.233144,1.397406,1.877031,47.437139,0
2025-03-25,sh.600490,3.8100000000,3.9900000000,3.7600000000,3.8800000000,3.7900000000,117120739,453724911.5300,2,5.877700,1,2.374700,-47.331029,1.430590,1.921605,48.563615,0
2025-03-26,sh.600490,3.9900000000,4.0800000000,3.8600000000,3.8800000000,3.8800000000,112680489,447050545.6700,2,5.654900,1,0.000000,-47.331029,1.430590,1.921605,48.563615,0
2025-03-27,sh.600490,3.7800000000,3.8200000000,3.7000000000,3.7200000000,3.8800000000,84969560,318318321.2000,2,4.264200,1,-4.123700,-45.379234,1.371597,1.842363,46.560992,0
2025-03-28,sh.600490,3.8200000000,3.8500000000,3.6600000000,3.7500000000,3.7200000000,83836400,313698301.0000,2,4.207300,1,0.806500,-45.745196,1.382658,1.857221,46.936483,0
2025-03-31,sh.600490,3.7300000000,3.7600000000,3.6300000000,3.7000000000,3.7500000000,62630485,231291899.8000,2,3.143100,1,-1.333300,-45.135260,1.364223,1.832458,46.310664,0
2025-04-01,sh.600490,3.7100000000,3.7800000000,3.6800000000,3.6800000000,3.7000000000,51249087,190648386.5100,2,2.571900,1,-0.540500,-44.891285,1.356848,1.822553,46.060336,0
2025-04-02,sh.600490,3.6600000000,3.7000000000,3.6300000000,3.6600000000,3.6800000000,43020400,157466146.0000,2,2.159000,1,-0.543500,-44.647311,1.349474,1.812648,45.810008,0
2025-04-03,sh.600490,3.7100000000,3.7600000000,3.6700000000,3.7100000000,3.6600000000,62484002,231734966.0000,2,3.135800,1,1.366100,-45.257247,1.367910,1.837411,46.435828,0
2025-04-07,sh.600490,3.3800000000,3.4800000000,3.3400000000,3.3400000000,3.7100000000,50629500,170449578.0600,2,2.540800,1,-9.973000,-40.743721,1.231487,1.654165,41.804761,0
2025-04-08,sh.600490,3.2500000000,3.3200000000,3.1200000000,3.2800000000,3.3400000000,73860850,237621236.8500,2,3.706700,1,-1.796400,-40.011798,1.209365,1.624449,41.053778,0
2025-04-09,sh.600490,3.1900000000,3.4800000000,3.0600000000,3.4300000000,3.2800000000,75583081,249284145.3500,2,3.793100,1,4.573200,-41.841606,1.264671,1.698738,42.931237,0
2025-04-10,sh.600490,3.7000000000,3.7700000000,3.6100000000,3.7700000000,3.4300000000,98882344,371538283.3600,2,4.962400,1,9.912500,-45.989170,1.390032,1.867126,47.186811,0
2025-04-11,sh.600490,3.9000000000,4.0500000000,3.8300000000,3.8700000000,3.7700000000,162243595,637836053.4300,2,8.142200,1,2.652500,-47.209042,1.426903,1.916652,48.438451,0
2025-04-14,sh.600490,3.8700000000,4.0400000000,3.8700000000,3.9700000000,3.8700000000,101471316,403136903.0000,2,5.092400,1,2.584000,-48.428914,1.463774,1.966178,49.690090,0
2025-04-15,sh.600490,3.9500000000,4.1700000000,3.9000000000,4.0300000000,3.9700000000,106404942,429841611.0800,2,5.339900,1,1.511300,-49.160837,1.485897,1.995894,50.441074,0
2025-04-16,sh.600490,4.1400000000,4.1400000000,3.9300000000,4.0900000000,4.0300000000,91516780,368991429.0400,2,4.592800,1,1.488800,-49.892760,1.508019,2.025609,51.192058,0
2025-04-17,sh.600490,4.1600000000,4.3400000000,4.1200000000,4.1200000000,4.0900000000,109494881,459851979.2900,2,5.495000,1,0.733500,-50.258722,1.519080,2.040467,51.567550,0
2025-04-18,sh.600490,4.1500000000,4.4900000000,4.0900000000,4.4000000000,4.1200000000,135161011,579868018.7200,2,6.783100,1,6.796100,-53.674363,1.622319,2.179139,55.072141,0
2025-04-21,sh.600490,4.5100000000,4.8400000000,4.4800000000,4.8400000000,4.4000000000,125174159,596290620.1500,2,6.281900,1,10.000000,-59.041799,1.784551,2.397053,60.579355,0
2025-04-22,sh.600490,5.2000000000,5.3200000000,5.0000000000,5.1100000000,4.8400000000,314208740,1620160842.3100,2,15.768600,1,5.578500,-62.335453,1.884102,2.530773,63.958781,0
2025-04-23,sh.600490,4.8800000000,5.4000000000,4.7600000000,5.0800000000,5.1100000000,297194718,1517751642.1600,2,14.914800,1,-0.587100,-61.969492,1.873041,2.515916,63.583290,0
2025-04-24,sh.600490,5.1800000000,5.3000000000,4.9500000000,5.0100000000,5.0800000000,173176479,883393869.5300,2,8.690900,1,-1.378000,-61.115581,1.847231,2.481247,62.707142,0
2025-04-25,sh.600490,5.0400000000,5.0600000000,4.7500000000,4.7500000000,5.0100000000,157157350,771405589.0800,2,7.887000,1,-5.189600,-57.943914,1.751367,2.352480,59.452879,0
2025-04-28,sh.600490,5.0700000000,5.2300000000,4.9700000000,5.0200000000,4.7500000000,285664896,1470104164.4200,2,14.336100,1,5.684200,-649.201208,1.791015,1.831309,45.921759,0
2025-04-29,sh.600490,4.9900000000,5.1700000000,4.9100000000,5.0200000000,5.0200000000,132750466,669342129.8400,2,6.662100,1,0.000000,-649.201208,1.791015,1.831309,45.921759,0
2025-04-30,sh.600490,4.9900000000,5.0800000000,4.7900000000,4.8100000000,5.0200000000,142770102,700634081.0400,2,7.164900,1,-4.183300,-622.043388,1.716092,1.754701,44.000730,0
2025-05-06,sh.600490,5.0000000000,5.0200000000,4.6900000000,4.7300000000,4.8100000000,177779800,858714338.2100,2,8.921900,1,-1.663200,-611.697552,1.687550,1.725516,43.268909,0
2025-05-07,sh.600490,4.7000000000,4.8500000000,4.6400000000,4.7000000000,4.7300000000,97277300,459494489.0000,2,4.881900,1,-0.634200,-607.817864,1.676847,1.714572,42.994476,0
2025-05-08,sh.600490,4.6500000000,4.7700000000,4.5800000000,4.6100000000,4.7000000000,92457300,430506853.0000,2,4.640000,1,-1.914900,-596.178798,1.644737,1.681740,42.171177,0
2025-05-09,sh.600490,4.5500000000,4.6600000000,4.5300000000,4.6100000000,4.6100000000,69308000,317727887.0000,2,3.478200,1,0.000000,-596.178798,1.644737,1.681740,42.171177,0
2025-05-12,sh.600490,4.5300000000,4.6000000000,4.3700000000,4.5400000000,4.6100000000,100606050,450166582.0000,2,5.048900,1,-1.518400,-587.126192,1.619763,1.656204,41.530834,0
2025-05-13,sh.600490,4.5000000000,4.6200000000,4.5000000000,4.5600000000,4.5400000000,73830794,336040906.8800,2,3.705200,1,0.440500,-589.712651,1.626898,1.663500,41.713789,0
2025-05-14,sh.600490,4.5300000000,4.5500000000,4.3600000000,4.4600000000,4.5600000000,80017596,356604625.2800,2,4.015700,1,-2.193000,-576.780356,1.591221,1.627020,40.799013,0
2025-05-15,sh.600490,4.3900000000,4.4700000000,4.3800000000,4.4500000000,4.4600000000,53781000,238017857.0000,2,2.699000,1,-0.224200,-575.487126,1.587653,1.623372,40.707536,0
2025-05-16,sh.600490,4.5900000000,4.5900000000,4.3400000000,4.4200000000,4.4500000000,113819909,505729394.5500,2,5.712100,1,-0.674200,-571.607438,1.576950,1.612428,40.433103,0
2025-05-19,sh.600490,4.4600000000,4.4600000000,4.3000000000,4.3400000000,4.4200000000,71845400,312122078.0000,2,3.605600,1,-1.810000,-561.261602,1.548408,1.583243,39.701282,0
2025-05-20,sh.600490,4.3300000000,4.4700000000,4.3300000000,4.3800000000,4.3400000000,63690800,281084683.0000,2,3.196300,1,0.921700,-566.434520,1.562679,1.597836,40.067192,0
2025-05-21,sh.600490,4.4800000000,4.5200000000,4.3900000000,4.5000000000,4.3800000000,91434431,406955167.1000,2,4.588700,1,2.739700,-581.953274,1.605492,1.641612,41.164924,0
2025-05-22,sh.600490,4.4600000000,4.5100000000,4.3800000000,4.3900000000,4.5000000000,75908710,336734534.9000,2,3.809500,1,-2.444400,-567.727749,1.566247,1.601484,40.158670,0
2025-05-23,sh.600490,4.3500000000,4.4300000000,4.3300000000,4.3700000000,4.3900000000,63379200,277140688.0000,2,3.180700,1,-0.455600,-565.141290,1.559111,1.594187,39.975715,0
2025-05-26,sh.600490,4.3600000000,4.4600000000,4.3300000000,4.3900000000,4.3700000000,52058824,228921974.8800,2,2.612600,1,0.457700,-567.727749,1.566247,1.601484,40.158670,0
2025-05-27,sh.600490,4.4000000000,4.4100000000,4.2700000000,4.3000000000,4.3900000000,49898600,215527411.0000,2,2.504200,1,-2.050100,-556.088684,1.534137,1.568651,39.335371,0
2025-05-28,sh.600490,4.2700000000,4.3100000000,4.2200000000,4.2700000000,4.3000000000,46320200,196870299.0000,2,2.324600,1,-0.697700,-552.208996,1.523433,1.557707,39.060939,0
2025-05-29,sh.600490,4.2100000000,4.3400000000,4.2000000000,4.2700000000,4.2700000000,41759759,177972524.9900,2,2.095700,1,0.000000,-552.208996,1.523433,1.557707,39.060939,0
2025-05-30,sh.600490,4.2700000000,4.3100000000,4.2300000000,4.2500000000,4.2700000000,31626722,134731155.6300,2,1.587200,1,-0.468400,-549.622537,1.516298,1.550411,38.877983,0
2025-06-03,sh.600490,4.3200000000,4.3800000000,4.2800000000,4.3500000000,4.2500000000,56510000,245334308.0000,2,2.836000,1,2.352900,-562.554831,1.551976,1.586891,39.792760,0
2025-06-04,sh.600490,4.3300000000,4.7300000000,4.3100000000,4.4900000000,4.3500000000,128732668,583047043.3600,2,6.460500,1,3.218400,-580.660044,1.601924,1.637964,41.073446,0
2025-06-05,sh.600490,4.5200000000,4.5900000000,4.4300000000,4.4500000000,4.4900000000,79844400,359264711.0000,2,4.007000,1,-0.890900,-575.487126,1.587653,1.623372,40.707536,0
2025-06-06,sh.600490,4.4400000000,4.6500000000,4.4400000000,4.5900000000,4.4500000000,102890942,469621467.9700,2,5.163600,1,3.146100,-593.592339,1.637602,1.674444,41.988222,0
2025-06-09,sh.600490,4.4900000000,4.5800000000,4.4200000000,4.5400000000,4.5900000000,78594591,352915594.5100,2,3.944300,1,-1.089300,-587.126192,1.619763,1.656204,41.530834,0
2025-06-10,sh.600490,4.5100000000,4.5300000000,4.4000000000,4.4600000000,4.5400000000,65425088,291728721.0300,2,3.283400,1,-1.762100,-576.780356,1.591221,1.627020,40.799013,0
2025-06-11,sh.600490,4.3700000000,4.5500000000,4.3500000000,4.4700000000,4.4600000000,56436789,252880927.0700,2,2.832300,1,0.224200,-578.073585,1.594789,1.630668,40.890491,0
2025-06-12,sh.600490,4.5200000000,4.6000000000,4.4700000000,4.5800000000,4.4700000000,70769935,321945011.0500,2,3.551600,1,2.460900,-592.299110,1.634034,1.670796,41.896745,0
2025-06-13,sh.600490,4.6900000000,4.7200000000,4.5700000000,4.5800000000,4.5800000000,89213646,413812572.1400,2,4.477200,1,0.000000,-592.299110,1.634034,1.670796,41.896745,0
2025-06-16,sh.600490,4.5100000000,4.5700000000,4.4500000000,4.4600000000,4.5800000000,58038602,261361991.0500,2,2.912700,1,-2.620100,-576.780356,1.591221,1.627020,40.799013,0
2025-06-17,sh.600490,4.4600000000,4.5400000000,4.4200000000,4.4600000000,4.4600000000,43728834,195975994.9600,2,2.194500,1,0.000000,-576.780356,1.591221,1.627020,40.799013,0
2025-06-18,sh.600490,4.4400000000,4.4600000000,4.3400000000,4.4100000000,4.4600000000,43244100,190084263.0000,2,2.170200,1,-1.121100,-570.314208,1.573382,1.608780,40.341625,0
2025-06-19,sh.600490,4.3900000000,4.4100000000,4.2700000000,4.2800000000,4.4100000000,47631534,206496057.2400,2,2.390400,1,-2.947800,-553.502225,1.527001,1.561355,39.152416,0
2025-06-20,sh.600490,4.2600000000,4.3000000000,4.2100000000,4.2200000000,4.2800000000,36499667,154944876.4100,2,1.831700,1,-1.401900,-545.742848,1.505595,1.539467,38.603551,0
2025-06-23,sh.600490,4.2700000000,4.3600000000,4.2500000000,4.2900000000,4.2200000000,39690343,170580615.0400,2,1.991900,1,1.658800,-554.795454,1.530569,1.565003,39.243894,0
2025-06-24,sh.600490,4.2700000000,4.3400000000,4.2500000000,4.3000000000,4.2900000000,34430001,148184945.2800,2,1.727900,1,0.233100,-556.088684,1.534137,1.568651,39.335371,0
2025-06-25,sh.600490,4.2800000000,4.3200000000,4.2600000000,4.3100000000,4.3000000000,39648500,170136699.0000,2,1.989800,1,0.232600,-557.381913,1.537704,1.572299,39.426849,0
2025-06-26,sh.600490,4.3000000000,4.3500000000,4.2500000000,4.2700000000,4.3100000000,44248271,190143180.5000,2,2.220600,1,-0.928100,-552.208996,1.523433,1.557707,39.060939,0
2025-06-27,sh.600490,4.3000000000,4.5600000000,4.2900000000,4.3700000000,4.2700000000,95552005,423736465.8000,2,4.795300,1,2.341900,-565.141290,1.559111,1.594187,39.975715,0
2025-06-30,sh.600490,4.4000000000,4.4400000000,4.3400000000,4.3900000000,4.3700000000,58353700,255567071.4900,2,2.928500,1,0.457700,-567.727749,1.566247,1.601484,40.158670,0
2025-07-01,sh.600490,4.4000000000,4.4700000000,4.3200000000,4.4600000000,4.3900000000,64484166,282775979.6800,2,3.236100,1,1.594500,-576.780356,1.591221,1.627020,40.799013,0
2025-07-02,sh.600490,4.4300000000,4.6600000000,4.4000000000,4.5600000000,4.4600000000,104143413,472102215.4000,2,5.226500,1,2.242200,-589.712651,1.626898,1.663500,41.713789,0
2025-07-03,sh.600490,4.5400000000,4.6300000000,4.4700000000,4.5400000000,4.5600000000,58489288,264803397.5200,2,2.935300,1,-0.438600,-587.126192,1.619763,1.656204,41.530834,0
2025-07-04,sh.600490,4.4900000000,4.4900000000,4.4000000000,4.4300000000,4.5400000000,47097868,208923517.6800,2,2.363600,1,-2.422900,-572.900667,1.580518,1.616076,40.524580,0
2025-07-07,sh.600490,4.3800000000,4.6100000000,4.3700000000,4.5000000000,4.4300000000,56948759,257081451.8900,2,2.858000,1,1.580100,-581.953274,1.605492,1.641612,41.164924,0
2025-07-08,sh.600490,4.5100000000,4.6500000000,4.5000000000,4.5900000000,4.5000000000,58292500,267071970.0200,2,2.925400,1,2.000000,-593.592339,1.637602,1.674444,41.988222,0
2025-07-09,sh.600490,4.7000000000,4.7400000000,4.4500000000,4.4700000000,4.5900000000,77566273,351958050.1000,2,3.892700,1,-2.614400,-578.073585,1.594789,1.630668,40.890491,0
2025-07-10,sh.600490,4.4500000000,4.6100000000,4.4500000000,4.6000000000,4.4700000000,57913513,262086908.1500,2,2.906400,1,2.908300,-594.885569,1.641170,1.678092,42.079700,0
2025-07-11,sh.600490,4.6000000000,4.8500000000,4.5600000000,4.7600000000,4.6000000000,103997398,490164019.8600,2,5.219100,1,3.478300,-615.577241,1.698254,1.736461,43.543341,0
2025-07-14,sh.600490,4.7900000000,4.9700000000,4.7300000000,4.9100000000,4.7600000000,96524599,468954654.1000,2,4.844100,1,3.151300,-634.975683,1.751770,1.791181,44.915506,0
2025-07-15,sh.600490,4.7000000000,4.7000000000,4.4800000000,4.5100000000,4.9100000000,143432500,652747816.0000,2,7.198200,1,-8.146600,-583.246503,1.609060,1.645260,41.256401,0
2025-07-16,sh.600490,4.5100000000,4.5300000000,4.4300000000,4.4900000000,4.5100000000,49205800,220675922.0000,2,2.469400,1,-0.443500,-580.660044,1.601924,1.637964,41.073446,0
2025-07-17,sh.600490,4.5000000000,4.5000000000,4.4400000000,4.4600000000,4.4900000000,39950535,178388071.1000,2,2.004900,1,-0.668200,-576.780356,1.591221,1.627020,40.799013,0
2025-07-18,sh.600490,4.4800000000,4.5500000000,4.4400000000,4.5100000000,4.4600000000,65715492,295167101.9200,2,3.297900,1,1.121100,-583.246503,1.609060,1.645260,41.256401,0
2025-07-21,sh.600490,4.5000000000,4.5800000000,4.4800000000,4.5400000000,4.5100000000,61904710,281201196.9000,2,3.106700,1,0.665200,-587.126192,1.619763,1.656204,41.530834,0
2025-07-22,sh.600490,4.5800000000,4.6100000000,4.5000000000,4.5300000000,4.5400000000,73385128,334223504.6800,2,3.682800,1,-0.220300,-585.832962,1.616195,1.652556,41.439356,0
2025-07-23,sh.600490,4.5500000000,4.5700000000,4.4700000000,4.4800000000,4.5300000000,70894300,319973264.0000,2,3.557800,1,-1.103800,-579.366815,1.598356,1.634316,40.981968,0
2025-07-24,sh.600490,4.4600000000,4.6100000000,4.4400000000,4.6100000000,4.4800000000,86350273,392270691.0700,2,4.333500,1,2.901800,-596.178798,1.644737,1.681740,42.171177,0
2025-07-25,sh.600490,4.6000000000,4.6800000000,4.5100000000,4.5200000000,4.6100000000,58802732,267772553.8400,2,2.951000,1,-1.952300,-584.539733,1.612627,1.648908,41.347879,0
2025-07-28,sh.600490,4.5000000000,4.5100000000,4.3800000000,4.5000000000,4.5200000000,57727174,257063319.1000,2,2.897000,1,-0.442500,-581.953274,1.605492,1.641612,41.164924,0
2025-07-29,sh.600490,4.4800000000,4.4900000000,4.3900000000,4.4100000000,4.5000000000,50490828,223388333.4800,2,2.533900,1,-2.000000,-570.314208,1.573382,1.608780,40.341625,0
2025-07-30,sh.600490,4.4300000000,4.4400000000,4.3100000000,4.3500000000,4.4100000000,47045710,205655518.6000,2,2.361000,1,-1.360500,-562.554831,1.551976,1.586891,39.792760,0
2025-07-31,sh.600490,4.3000000000,4.3200000000,4.2800000000,4.2900000000,4.3500000000,37982745,163284793.0300,2,1.906200,1,-1.379300,-554.795454,1.530569,1.565003,39.243894,0
2025-08-01,sh.600490,4.2500000000,4.4200000000,4.2500000000,4.4000000000,4.2900000000,49200880,213933628.6900,2,2.469200,1,2.564100,-569.020979,1.569814,1.605132,40.250148,0
2025-08-04,sh.600490,4.4100000000,4.6600000000,4.4100000000,4.5900000000,4.4000000000,93884058,425874718.0900,2,4.711600,1,4.318200,-593.592339,1.637602,1.674444,41.988222,0
2025-08-05,sh.600490,4.6300000000,4.7000000000,4.5800000000,4.6000000000,4.5900000000,79175292,367178500.4800,2,3.973400,1,0.217900,-594.885569,1.641170,1.678092,42.079700,0
2025-08-06,sh.600490,4.6000000000,4.6500000000,4.5800000000,4.6100000000,4.6000000000,49381206,227434159.2100,2,2.478200,1,0.217400,-596.178798,1.644737,1.681740,42.171177,0
2025-08-07,sh.600490,4.6200000000,4.6400000000,4.5400000000,4.6100000000,4.6100000000,42089400,192707989.0000,2,2.112300,1,0.000000,-596.178798,1.644737,1.681740,42.171177,0
2025-08-08,sh.600490,4.6200000000,4.7400000000,4.6200000000,4.6900000000,4.6100000000,66686096,311924771.3100,2,3.346700,1,1.735400,-606.524634,1.673279,1.710924,42.902998,0
2025-08-11,sh.600490,4.6700000000,4.6800000000,4.6000000000,4.6500000000,4.6900000000,43634400,202298732.0000,2,2.189800,1,-0.852900,-601.351716,1.659008,1.696332,42.537088,0
2025-08-12,sh.600490,4.6400000000,4.6500000000,4.6000000000,4.6200000000,4.6500000000,29237400,135106050.0000,2,1.467300,1,-0.645200,-597.472028,1.648305,1.685388,42.262655,0
2025-08-13,sh.600490,4.6200000000,4.7600000000,4.6200000000,4.7500000000,4.6200000000,71097816,335096209.1400,2,3.568100,1,2.813900,-614.284011,1.694686,1.732812,43.451864,0
2025-08-14,sh.600490,4.7600000000,4.8000000000,4.6700000000,4.6900000000,4.7500000000,52915400,250453910.0000,2,2.655600,1,-1.263200,-606.524634,1.673279,1.710924,42.902998,0
2025-08-15,sh.600490,4.6500000000,4.8700000000,4.6500000000,4.8200000000,4.6900000000,75102820,360738742.2000,2,3.769000,1,2.771900,-623.336618,1.719660,1.758349,44.092207,0
2025-08-18,sh.600490,4.8400000000,4.9000000000,4.7800000000,4.8600000000,4.8200000000,59691892,289614380.6800,2,2.995600,1,0.829900,-628.509536,1.733931,1.772941,44.458118,0
2025-08-19,sh.600490,4.8700000000,4.9000000000,4.8000000000,4.8300000000,4.8600000000,44305174,214644019.1200,2,2.223500,1,-0.617300,-624.629847,1.723228,1.761997,44.183685,0
2025-08-20,sh.600490,4.8000000000,4.9800000000,4.7900000000,4.9400000000,4.8300000000,61724302,302295654.8200,2,3.097600,1,2.277400,-638.855372,1.762473,1.802125,45.189938,0
2025-08-21,sh.600490,4.9700000000,5.3000000000,4.9600000000,5.1700000000,4.9400000000,133553325,691504027.6000,2,6.702400,1,4.655900,-668.599650,1.844532,1.886030,47.293923,0
2025-08-22,sh.600490,5.1600000000,5.6900000000,5.1500000000,5.6900000000,5.1700000000,199419611,1101337419.7500,2,10.007900,1,10.058000,-735.847584,2.030055,2.075727,52.050759,0
2025-08-25,sh.600490,5.8500000000,6.0100000000,5.7200000000,5.8900000000,5.6900000000,215745663,1266292580.1300,2,10.827200,1,3.514900,-761.712174,2.101411,2.148687,53.880311,0
2025-08-26,sh.600490,5.8800000000,6.2100000000,5.8500000000,6.0900000000,5.8900000000,167660234,1016902925.1700,2,8.414100,1,3.395600,-787.576764,2.172766,2.221648,55.709863,0
2025-08-27,sh.600490,5.9900000000,6.0800000000,5.8200000000,5.8300000000,6.0900000000,141372593,842105264.0800,2,7.094800,1,-4.269300,-753.952797,2.080004,2.126799,53.331446,0
2025-08-28,sh.600490,5.8100000000,5.9500000000,5.6900000000,5.9300000000,5.8300000000,114773552,668007158.8800,2,5.759900,1,1.715300,-766.885092,2.115682,2.163280,54.246222,0
2025-08-29,sh.600490,5.8100000000,5.9300000000,5.5800000000,5.8500000000,5.9300000000,119911361,692688463.5400,2,6.017800,1,-1.349100,140.065883,2.068723,2.000465,-25.692625,0
2025-09-01,sh.600490,6.0000000000,6.1400000000,5.8400000000,6.0600000000,5.8500000000,133976233,809363033.7600,2,6.723600,1,3.589700,145.093889,2.142985,2.072277,-26.614924,0
2025-09-02,sh.600490,6.1200000000,6.3600000000,5.9900000000,6.1000000000,6.0600000000,160270209,985430112.5000,2,8.043200,1,0.660100,146.051604,2.157130,2.085955,-26.790601,0
2025-09-03,sh.600490,6.2000000000,6.2400000000,5.8700000000,5.9200000000,6.1000000000,127296151,767052385.1700,2,6.388400,1,-2.950800,141.741885,2.093477,2.024402,-26.000058,0
2025-09-04,sh.600490,5.9000000000,6.0000000000,5.6000000000,5.6900000000,5.9200000000,109029916,630022482.1400,2,5.471700,1,-3.885100,136.235021,2.012142,1.945751,-24.989921,0
2025-09-05,sh.600490,5.6800000000,5.9600000000,5.6600000000,5.9600000000,5.6900000000,82544700,482344988.0000,2,4.142500,1,4.745200,142.699600,2.107622,2.038081,-26.175734,0
2025-09-08,sh.600490,6.0300000000,6.1300000000,5.9200000000,6.0300000000,5.9600000000,80982400,488115253.0000,2,4.064100,1,1.174500,144.375602,2.132376,2.062018,-26.483167,0
2025-09-09,sh.600490,6.1000000000,6.3300000000,6.0400000000,6.1300000000,6.0300000000,123873755,764488046.0500,2,6.216600,1,1.658400,146.769891,2.167739,2.096214,-26.922358,0
2025-09-10,sh.600490,6.0200000000,6.1900000000,5.9800000000,6.1500000000,6.1300000000,90917600,552618322.0000,2,4.562700,1,0.326300,147.248749,2.174811,2.103053,-27.010196,0
2025-09-11,sh.600490,6.1600000000,6.6700000000,6.0500000000,6.5200000000,6.1500000000,152157796,966026593.6500,2,7.636100,1,6.016300,156.107616,2.305654,2.229578,-28.635199,0
2025-09-12,sh.600490,6.5200000000,6.7500000000,6.4200000000,6.5700000000,6.5200000000,157670338,1036880717.3200,2,7.912700,1,0.766900,157.304761,2.323335,2.246676,-28.854794,0
2025-09-15,sh.600490,6.5900000000,6.5900000000,6.3500000000,6.4700000000,6.5700000000,101042682,651851229.8700,2,5.070800,1,-1.522100,154.910472,2.287972,2.212480,-28.415604,0
2025-09-16,sh.600490,6.6900000000,6.6900000000,6.2700000000,6.5300000000,6.4700000000,108078968,696419272.0600,2,5.424000,1,0.927400,156.347045,2.309190,2.232998,-28.679118,0
2025-09-17,sh.600490,6.4800000000,6.5000000000,6.3500000000,6.4300000000,6.5300000000,68137366,436277242.5900,2,3.419500,1,-1.531400,153.952757,2.273827,2.198802,-28.239928,0
2025-09-18,sh.600490,6.3200000000,6.3800000000,6.0300000000,6.0700000000,6.4300000000,107072712,665887625.2200,2,5.373500,1,-5.598800,145.333318,2.146521,2.075696,-26.658843,0
2025-09-19,sh.600490,6.1100000000,6.2200000000,6.0600000000,6.1200000000,6.0700000000,60748517,372066997.3100,2,3.048700,1,0.823700,146.530462,2.164202,2.092794,-26.878439,0
2025-09-22,sh.600490,6.2800000000,6.3900000000,6.1500000000,6.2900000000,6.1200000000,65045661,406237430.9400,2,3.264300,1,2.777800,150.600753,2.224319,2.150927,-27.625062,0
2025-09-23,sh.600490,6.3600000000,6.6300000000,6.1700000000,6.2800000000,6.2900000000,103744865,663745963.9300,2,5.206500,1,-0.159000,150.361324,2.220783,2.147508,-27.581143,0
2025-09-24,sh.600490,6.1700000000,6.3600000000,6.1100000000,6.3200000000,6.2800000000,59932867,374039644.9600,2,3.007700,1,0.636900,151.319039,2.234928,2.161186,-27.756819,0
2025-09-25,sh.600490,6.4500000000,6.5000000000,6.1500000000,6.1800000000,6.3200000000,73129818,459491238.7000,2,3.670000,1,-2.215200,147.967035,2.185420,2.113312,-27.141953,0
2025-09-26,sh.600490,6.1300000000,6.2700000000,6.0500000000,6.0500000000,6.1800000000,59838969,367573517.7700,2,3.003000,1,-2.103600,144.854460,2.139448,2.068857,-26.571005,0
2025-09-29,sh.600490,6.1200000000,6.4200000000,6.0900000000,6.4000000000,6.0500000000,93846375,590346686.1700,2,4.709700,1,5.785100,153.234470,2.263218,2.188543,-28.108171,0
2025-09-30,sh.600490,6.4800000000,6.7400000000,6.4600000000,6.6900000000,6.4000000000,126308730,840686844.4700,2,6.338800,1,4.531300,160.177907,2.365770,2.287711,-29.381823,0
2025-10-09,sh.600490,7.2000000000,7.3600000000,7.0600000000,7.2600000000,6.6900000000,202054400,1463582465.1800,2,10.140100,1,8.520200,173.825352,2.567338,2.482628,-31.885206,0
2025-10-10,sh.600490,7.1500000000,7.9900000000,7.1200000000,7.9900000000,7.2600000000,211283840,1623512194.8200,2,10.603300,1,10.055100,191.303659,2.825486,2.732259,-35.091295,0
2025-10-13,sh.600490,8.0000000000,8.6900000000,7.8500000000,8.4000000000,7.9900000000,258291534,2124490898.1100,2,12.962400,1,5.131400,201.120242,2.970474,2.872463,-36.891974,0
2025-10-14,sh.600490,8.6600000000,8.9800000000,8.3100000000,8.3100000000,8.4000000000,226634770,1957949956.2400,2,11.373700,1,-1.071400,198.965382,2.938647,2.841686,-36.496703,0
2025-10-15,sh.600490,8.5100000000,8.7700000000,8.2800000000,8.7300000000,8.3100000000,159589471,1370581172.0400,2,8.009000,1,5.054200,209.021394,3.087171,2.985309,-38.341302,0
2025-10-16,sh.600490,8.8000000000,9.5500000000,8.7700000000,9.3000000000,8.7300000000,183164195,1681297447.3200,2,9.192100,1,6.529200,222.668839,3.288739,3.180226,-40.844686,0
2025-10-17,sh.600490,9.5100000000,9.7400000000,8.7700000000,8.8200000000,9.3000000000,181279369,1648028028.4200,2,9.097500,1,-5.161300,211.176254,3.118998,3.016086,-38.736573,0
2025-10-20,sh.600490,8.4200000000,8.6400000000,8.2000000000,8.5000000000,8.8200000000,192941095,1622796124.4000,2,9.682800,1,-3.628100,203.514531,3.005837,2.906659,-37.331165,0
2025-10-21,sh.600490,8.7800000000,8.9000000000,8.4100000000,8.5500000000,8.5000000000,116881948,1004867998.8300,2,5.865700,1,0.588200,204.711675,3.023518,2.923757,-37.550760,0
2025-10-22,sh.600490,8.0000000000,8.5800000000,7.9500000000,8.5000000000,8.5500000000,123105071,1022983591.4600,2,6.178000,1,-0.584800,203.514531,3.005837,2.906659,-37.331165,0
2025-10-23,sh.600490,8.5500000000,8.6200000000,8.0600000000,8.2600000000,8.5000000000,78733005,647002635.7000,2,3.951200,1,-2.823500,197.768238,2.920966,2.824588,-36.277108,0
2025-10-24,sh.600490,8.3500000000,8.4200000000,8.0500000000,8.1100000000,8.2600000000,78580705,641433214.8600,2,3.943600,1,-1.816000,194.176805,2.867922,2.773294,-35.618323,0
2025-10-27,sh.600490,8.0200000000,8.2800000000,7.9500000000,8.2400000000,8.1100000000,86296332,703364269.5300,2,4.330800,1,1.603000,197.289380,2.913893,2.817749,-36.189270,0
2025-10-28,sh.600490,8.3000000000,8.4600000000,8.0900000000,8.0900000000,8.2400000000,80138511,661159782.6300,2,4.021800,1,-1.820400,70.392428,2.820497,2.980724,246.751535,0
2025-10-29,sh.600490,8.2600000000,8.3700000000,8.1000000000,8.3600000000,8.0900000000,79461970,656750137.6500,2,3.987800,1,3.337500,72.741743,2.914630,3.080205,254.986753,0
2025-10-30,sh.600490,8.1700000000,8.4300000000,8.1000000000,8.1800000000,8.3600000000,86832649,716894643.1900,2,4.357700,1,-2.153100,71.175533,2.851875,3.013884,249.496607,0
2025-10-31,sh.600490,8.2900000000,8.5600000000,8.1600000000,8.1800000000,8.1800000000,97262046,809466124.9500,2,4.881100,1,0.000000,71.175533,2.851875,3.013884,249.496607,0
2025-11-03,sh.600490,8.1100000000,8.1300000000,7.6500000000,7.8100000000,8.1800000000,114391257,894821697.2200,2,5.740700,1,-4.523200,67.956102,2.722878,2.877560,238.211308,0
2025-11-04,sh.600490,7.7500000000,8.0400000000,7.7000000000,7.9300000000,7.8100000000,77195339,604445109.0000,2,3.874100,1,1.536500,69.000242,2.764715,2.921773,241.871405,0
2025-11-05,sh.600490,7.6800000000,7.9400000000,7.6600000000,7.8500000000,7.9300000000,47964242,375094935.8600,2,2.407100,1,-1.008800,68.304148,2.736824,2.892297,239.431341,0
2025-11-06,sh.600490,7.8300000000,7.9800000000,7.7500000000,7.9700000000,7.8500000000,46808713,369156420.7300,2,2.349100,1,1.528700,69.348288,2.778661,2.936511,243.091438,0
2025-11-07,sh.600490,7.9100000000,8.2300000000,7.9100000000,8.1100000000,7.9700000000,59604170,482985545.8600,2,2.991200,1,1.756600,70.566451,2.827470,2.988093,247.361551,0
2025-11-10,sh.600490,8.2000000000,8.3500000000,8.0500000000,8.1800000000,8.1100000000,66658956,544262413.5700,2,3.345300,1,0.863100,71.175533,2.851875,3.013884,249.496607,0
2025-11-11,sh.600490,8.2900000000,8.3500000000,8.0200000000,8.0800000000,8.1800000000,66879642,545007462.5300,2,3.356400,1,-1.222500,70.305416,2.817011,2.977040,246.446527,0
2025-11-12,sh.600490,8.0800000000,8.3700000000,8.0200000000,8.1300000000,8.0800000000,77445001,632484365.3600,2,3.886600,1,0.618800,70.740475,2.834443,2.995462,247.971567,0
2025-11-13,sh.600490,8.2300000000,8.4800000000,8.1300000000,8.4100000000,8.1300000000,107068402,891248563.2000,2,5.373200,1,3.444000,73.176801,2.932062,3.098627,256.511793,0
2025-11-14,sh.600490,8.2500000000,8.4400000000,8.1100000000,8.1800000000,8.4100000000,63911478,528667733.3400,2,3.207400,1,-2.734800,71.175533,2.851875,3.013884,249.496607,0
2025-11-17,sh.600490,8.0500000000,8.1000000000,7.7700000000,7.8400000000,8.1800000000,71271081,563647678.9300,2,3.576700,1,-4.156500,68.217137,2.733337,2.888613,239.126333,0
2025-11-18,sh.600490,7.8000000000,7.8300000000,7.4800000000,7.5400000000,7.8400000000,66269967,502496983.0200,2,3.325800,1,-3.826500,65.606787,2.628745,2.778079,229.976090,0
2025-11-19,sh.600490,7.6600000000,8.1300000000,7.5600000000,7.8600000000,7.5400000000,80466110,629088863.9200,2,4.038200,1,4.244000,68.391160,2.740310,2.895982,239.736349,0
2025-11-20,sh.600490,7.8000000000,7.9600000000,7.6700000000,7.7000000000,7.8600000000,50147930,391181527.2200,2,2.516700,1,-2.035600,66.998974,2.684528,2.837031,234.856220,0
2025-11-21,sh.600490,7.5700000000,7.5700000000,7.0900000000,7.1200000000,7.7000000000,76448213,556754206.1600,2,3.836600,1,-7.532500,61.952298,2.482317,2.623332,217.165751,0
2025-11-24,sh.600490,7.1900000000,7.2300000000,7.0100000000,7.1900000000,7.1200000000,41797881,298259752.1100,2,2.097600,1,0.983100,62.561379,2.506721,2.649123,219.300808,0
2025-11-25,sh.600490,7.3100000000,7.3900000000,7.2400000000,7.2900000000,7.1900000000,34806076,254627012.3600,2,1.746700,1,1.390800,63.431496,2.541585,2.685968,222.350888,0
2025-11-26,sh.600490,7.3000000000,7.4300000000,7.2400000000,7.3200000000,7.2900000000,33740317,247467598.9200,2,1.693300,1,0.411500,63.692531,2.552045,2.697021,223.265913,0
2025-11-27,sh.600490,7.3800000000,7.4300000000,7.2500000000,7.2700000000,7.3200000000,30081600,220518172.0000,2,1.509600,1,-0.683100,63.257472,2.534613,2.678599,221.740872,0
2025-11-28,sh.600490,7.3100000000,7.4500000000,7.2700000000,7.4000000000,7.2700000000,32032860,235825483.8000,2,1.607600,1,1.788200,64.388624,2.579936,2.726497,225.705977,0
2025-12-01,sh.600490,7.5700000000,7.6800000000,7.3500000000,7.4100000000,7.4000000000,60111711,451122660.4200,2,3.016700,1,0.135100,64.475636,2.583422,2.730181,226.010985,0
2025-12-02,sh.600490,7.3500000000,7.3600000000,7.1300000000,7.1500000000,7.4100000000,40447773,290622518.3300,2,2.029900,1,-3.508800,62.213333,2.492776,2.634385,218.080775,0
2025-12-03,sh.600490,7.1800000000,7.2900000000,7.1100000000,7.1700000000,7.1500000000,37079415,266262038.4000,2,1.860800,1,0.279700,62.387356,2.499749,2.641754,218.690791,0
2025-12-04,sh.600490,7.2200000000,7.3000000000,7.0800000000,7.0900000000,7.1700000000,39321600,282101762.0000,2,1.973400,1,-1.115800,61.691263,2.471857,2.612279,216.250727,0
2025-12-05,sh.600490,7.0900000000,7.4200000000,7.0700000000,7.3900000000,7.0900000000,65486256,476841125.0400,2,3.286400,1,4.231300,64.301612,2.576449,2.722812,225.400969,0
2025-12-08,sh.600490,7.4100000000,7.4300000000,7.1800000000,7.2800000000,7.3900000000,42609600,309628613.0000,2,2.138400,1,-1.488500,63.344484,2.538099,2.682283,222.045880,0
2025-12-09,sh.600490,7.2100000000,7.2100000000,7.0600000000,7.1000000000,7.2800000000,42859994,304811994.5200,2,2.150900,1,-2.472500,61.778274,2.475344,2.615963,216.555735,0
2025-12-10,sh.600490,7.1300000000,7.2500000000,7.0500000000,7.2200000000,7.1000000000,35852837,256340310.0600,2,1.799300,1,1.690100,62.822414,2.517181,2.660177,220.215832,0
2025-12-11,sh.600490,7.2700000000,7.4000000000,7.0800000000,7.0800000000,7.2200000000,45156663,325573094.7900,2,2.266200,1,-1.939100,61.604251,2.468371,2.608594,215.945719,0
2025-12-12,sh.600490,7.1400000000,7.2700000000,7.1200000000,7.1900000000,7.0800000000,34843107,250356606.6900,2,1.748600,1,1.553700,62.561379,2.506721,2.649123,219.300808,0
2025-12-15,sh.600490,7.1200000000,7.6100000000,7.1000000000,7.5600000000,7.1900000000,85377991,637272112.5400,2,4.284700,1,5.146000,65.780810,2.635718,2.785448,230.586106,0
2025-12-16,sh.600490,7.4300000000,7.9600000000,7.4300000000,7.5500000000,7.5600000000,101719972,784160916.3200,2,5.104800,1,-0.132300,65.693799,2.632232,2.781764,230.281098,0
2025-12-17,sh.600490,7.6100000000,7.7300000000,7.4500000000,7.6500000000,7.5500000000,66961929,508891173.3900,2,3.360500,1,1.324500,66.563915,2.667096,2.818608,233.331179,0
2025-12-18,sh.600490,7.6400000000,7.8000000000,7.5700000000,7.5900000000,7.6500000000,47681902,366409472.0900,2,2.392900,1,-0.784300,66.041845,2.646177,2.796502,231.501131,0
2025-12-19,sh.600490,7.5100000000,7.6600000000,7.2200000000,7.5800000000,7.5900000000,57875419,431184652.0300,2,2.904500,1,-0.131800,65.954834,2.642691,2.792817,231.196123,0
2025-12-22,sh.600490,7.7100000000,8.0800000000,7.7100000000,8.0600000000,7.5800000000,88127021,698546090.3300,2,4.422700,1,6.332500,70.131393,2.810038,2.969671,245.836510,0
2025-12-23,sh.600490,8.2000000000,8.2500000000,7.9700000000,8.0200000000,8.0600000000,76286544,618360146.8500,2,3.828500,1,-0.496300,69.783346,2.796093,2.954933,244.616478,0
2025-12-24,sh.600490,8.1300000000,8.1900000000,7.8800000000,7.9500000000,8.0200000000,51816383,413316571.4400,2,2.600400,1,-0.872800,69.174265,2.771688,2.929142,242.481422,0
2025-12-25,sh.600490,7.8300000000,7.8400000000,7.6000000000,7.6200000000,7.9500000000,62215402,478108299.6700,2,3.122300,1,-4.150900,66.302880,2.656637,2.807555,232.416155,0
2025-12-26,sh.600490,7.6900000000,7.9300000000,7.6600000000,7.8800000000,7.6200000000,63204427,493037205.7000,2,3.171900,1,3.412100,68.565183,2.747283,2.903351,240.346365,0
2025-12-29,sh.600490,7.8800000000,8.0500000000,7.7000000000,7.7500000000,7.8800000000,74677236,587354291.1900,2,3.747700,1,-1.649700,67.434032,2.701960,2.855453,236.381260,0
2025-12-30,sh.600490,7.5000000000,7.7800000000,7.4500000000,7.7100000000,7.7500000000,56094150,428975285.3800,2,2.815100,1,-0.516100,67.085985,2.688014,2.840715,235.161228,0
2025-12-31,sh.600490,7.7300000000,7.9900000000,7.6400000000,7.7300000000,7.7100000000,55413049,432894055.0600,2,2.780900,1,0.259400,67.260009,2.694987,2.848084,235.771244,0
2026-01-05,sh.600490,7.8300000000,7.9700000000,7.7500000000,7.9400000000,7.7300000000,62742891,494255680.7700,2,3.148800,1,2.716700,69.087253,2.768201,2.925457,242.176413,0
2026-01-06,sh.600490,8.0400000000,8.3100000000,7.9800000000,8.2100000000,7.9400000000,84886009,693739355.8200,2,4.260000,1,3.400500,71.436568,2.862334,3.024938,250.411632,0
2026-01-07,sh.600490,8.2700000000,8.4500000000,8.1200000000,8.1900000000,8.2100000000,79216738,654421804.1200,2,3.975500,1,-0.243600,71.262545,2.855361,3.017569,249.801615,0
2026-01-08,sh.600490,8.0900000000,8.2900000000,8.0500000000,8.1300000000,8.1900000000,64131181,522796930.6400,2,3.218400,1,-0.732600,70.740475,2.834443,2.995462,247.971567,0
2026-01-09,sh.600490,8.1000000000,8.2900000000,8.0700000000,8.2300000000,8.1300000000,63240407,520052673.9900,2,3.173700,1,1.230000,71.610591,2.869307,3.032307,251.021648,0
2026-01-12,sh.600490,8.4100000000,8.4900000000,8.1600000000,8.2600000000,8.2300000000,77984491,644594289.7100,2,3.913700,1,0.364500,71.871626,2.879766,3.043360,251.936672,0
2026-01-13,sh.600490,8.2400000000,8.6400000000,8.2100000000,8.3900000000,8.2600000000,120609119,1015129650.7000,2,6.052800,1,1.573800,73.002778,2.925089,3.091258,255.901777,0
2026-01-14,sh.600490,8.4500000000,8.5800000000,8.2100000000,8.2700000000,8.3900000000,104713817,876839060.6700,2,5.255100,1,-1.430300,71.958638,2.883253,3.047044,252.241680,0
2026-01-15,sh.600490,8.2200000000,8.4400000000,8.1000000000,8.1700000000,8.2700000000,100564251,830674961.6200,2,5.046800,1,-1.209200,71.088521,2.848389,3.010200,249.191599,0
2026-01-16,sh.600490,8.1500000000,8.2900000000,7.8300000000,7.8800000000,8.1700000000,94305649,760096800.9300,2,4.732700,1,-3.549600,68.565183,2.747283,2.903351,240.346365,0
2026-01-19,sh.600490,7.9900000000,8.1800000000,7.8200000000,8.0900000000,7.8800000000,88387263,712033411.5100,2,4.435700,1,2.665000,70.392428,2.820497,2.980724,246.751535,0
2026-01-20,sh.600490,8.1000000000,8.3000000000,7.5700000000,8.1700000000,8.0900000000,131459385,1041026929.6500,2,6.597300,1,0.988900,71.088521,2.848389,3.010200,249.191599,0
2026-01-21,sh.600490,8.3300000000,8.7900000000,8.3300000000,8.7200000000,8.1700000000,199666147,1710452630.6700,2,10.020300,1,6.731900,75.874162,3.040140,3.212845,265.967043,0
2026-01-22,sh.600490,8.5600000000,9.3300000000,8.4600000000,8.9700000000,8.7200000000,182384411,1602825834.2000,2,9.153000,1,2.867000,78.049454,3.127300,3.304956,273.592245,0
2026-01-23,sh.600490,9.3100000000,9.7400000000,9.2000000000,9.5500000000,8.9700000000,163269302,1540468728.6900,2,8.193700,1,6.466000,83.096130,3.329512,3.518655,291.282714,0
2026-01-26,sh.600490,10.0000000000,10.4700000000,9.8100000000,10.2900000000,9.5500000000,210414599,2131772324.4900,2,10.559700,1,7.748700,89.534992,3.587505,3.791304,313.853312,0
2026-01-27,sh.600490,10.0700000000,10.5000000000,9.9700000000,10.1600000000,10.2900000000,184552013,1882176742.4600,2,9.261800,1,-1.263400,88.403840,3.542182,3.743407,309.888207,0
2026-01-28,sh.600490,10.4200000000,11.1800000000,10.2200000000,11.1800000000,10.1600000000,222770001,2415828736.2800,2,11.179700,1,10.039400,97.279029,3.897795,4.119221,340.999031,0
2026-01-29,sh.600490,11.7000000000,12.0700000000,10.8300000000,11.1500000000,11.1800000000,270895598,3081498638.0100,2,13.594900,1,-0.268300,97.017994,3.887336,4.108168,340.084006,0
2026-01-30,sh.600490,10.4300000000,10.8800000000,10.0400000000,10.0400000000,11.1500000000,203532741,2101122794.3300,2,10.214300,1,-9.955200,87.359701,3.500345,3.699193,306.228110,0
2026-02-02,sh.600490,9.0400000000,9.0400000000,9.0400000000,9.0400000000,10.0400000000,20489100,185221464.0000,2,1.028200,1,-9.960200,78.658535,3.151705,3.330748,275.727302,0
2026-02-03,sh.600490,8.6400000000,8.9700000000,8.3300000000,8.7500000000,9.0400000000,218067200,1875999724.9200,2,10.943700,1,-3.208000,76.135197,3.050600,3.223898,266.882068,0
2026-02-04,sh.600490,9.0400000000,9.1700000000,8.7400000000,8.8900000000,8.7500000000,121835074,1080352636.8700,2,6.114300,1,1.600000,77.353360,3.099409,3.275481,271.152181,0
2026-02-05,sh.600490,8.6400000000,8.8400000000,8.4000000000,8.5300000000,8.8900000000,93591040,802005804.2400,2,4.696900,1,-4.049500,74.220941,2.973899,3.142840,260.171890,0
2026-02-06,sh.600490,8.0700000000,8.7800000000,8.0700000000,8.6100000000,8.5300000000,74952308,639315946.6200,2,3.761500,1,0.937900,74.917034,3.001790,3.172316,262.611955,0
2026-02-09,sh.600490,8.8800000000,9.0300000000,8.7200000000,8.9300000000,8.6100000000,71281108,634305002.2900,2,3.577300,1,3.716600,77.701407,3.113355,3.290219,272.372213,0
2026-02-10,sh.600490,8.9000000000,9.1000000000,8.7700000000,8.7800000000,8.9300000000,55253546,490808700.7300,2,2.772900,1,-1.679700,76.396232,3.061059,3.234952,267.797092,0
2026-02-11,sh.600490,8.8200000000,9.1100000000,8.7700000000,8.9600000000,8.7800000000,65996707,593130363.7900,2,3.312100,1,2.050100,77.962442,3.123814,3.301272,273.287237,0
2026-02-12,sh.600490,9.0600000000,9.8600000000,9.0100000000,9.8600000000,8.9600000000,118205715,1143146939.1600,2,5.932200,1,10.044600,85.793491,3.437590,3.632873,300.737964,0
2026-02-13,sh.600490,9.6100000000,9.9900000000,9.4600000000,9.4800000000,9.8600000000,125033148,1208796901.1200,2,6.274800,1,-3.854000,82.487048,3.305107,3.492864,289.147657,0
2026-02-24,sh.600490,9.9800000000,10.0800000000,9.6700000000,9.6900000000,9.4800000000,108736636,1069833128.1200,2,5.457000,1,2.215200,84.314293,3.378321,3.570237,295.552827,0
2026-02-25,sh.600490,9.6900000000,10.1600000000,9.6000000000,10.0300000000,9.6900000000,104093191,1041402125.2700,2,5.223900,1,3.508800,87.272689,3.496859,3.695509,305.923102,0
2026-02-26,sh.600490,10.0400000000,10.1000000000,9.7500000000,9.8100000000,10.0300000000,85930867,848962113.3300,2,4.312500,1,-2.193400,85.358433,3.420158,3.614451,299.212924,0
2026-02-27,sh.600490,9.7800000000,10.3200000000,9.7100000000,10.3000000000,9.8100000000,105096425,1051450988.5400,2,5.274300,1,4.994900,89.622004,3.590992,3.794989,314.158320,0
2026-03-02,sh.600490,10.4700000000,10.8200000000,9.9500000000,10.7400000000,10.3000000000,166998854,1720873143.5400,2,8.380900,1,4.271800,93.450516,3.744393,3.957105,327.578675,0
2026-03-03,sh.600490,10.4000000000,10.4800000000,9.8000000000,9.8400000000,10.7400000000,124604154,1266135882.9700,2,6.253300,1,-8.379900,85.619468,3.430617,3.625504,300.127948,0
2026-03-04,sh.600490,9.5400000000,10.0300000000,9.4300000000,9.6600000000,9.8400000000,79730575,777504630.3800,2,4.001300,1,-1.829300,84.053258,3.367862,3.559184,294.637803,0
2026-03-05,sh.600490,9.8000000000,9.8300000000,9.3000000000,9.3900000000,9.6600000000,82875806,788125177.3900,2,4.159100,1,-2.795000,81.703943,3.273729,3.459703,286.402585,0
2026-03-06,sh.600490,9.2100000000,9.4600000000,9.0500000000,9.2500000000,9.3900000000,62054954,573969517.2500,2,3.114200,1,-1.490900,80.485780,3.224920,3.408121,282.132472,0
2026-03-09,sh.600490,8.9800000000,9.2900000000,8.7500000000,9.1900000000,9.2500000000,73185836,657626023.2000,2,3.672800,1,-0.648600,79.963710,3.204001,3.386014,280.302423,0
2026-03-10,sh.600490,9.3000000000,9.3700000000,9.1700000000,9.2100000000,9.1900000000,51479600,476867592.0000,2,2.583500,1,0.217600,80.137733,3.210974,3.393383,280.912439,0
2026-03-11,sh.600490,9.2900000000,9.3200000000,8.9700000000,8.9800000000,9.2100000000,51956958,471683530.7900,2,2.607500,1,-2.497300,78.136465,3.130787,3.308641,273.897253,0
2026-03-12,sh.600490,8.9000000000,9.0400000000,8.7600000000,8.8900000000,8.9800000000,44572150,396427064.4000,2,2.236900,1,-1.002200,77.353360,3.099409,3.275481,271.152181,0
2026-03-13,sh.600490,8.8000000000,9.1000000000,8.6400000000,8.6700000000,8.8900000000,55068185,487562544.3300,2,2.763600,1,-2.474700,75.439104,3.022708,3.194423,264.442003,0
2026-03-16,sh.600490,8.5000000000,8.6100000000,8.1800000000,8.3600000000,8.6700000000,75142536,627657181.8100,2,3.771000,1,-3.575500,72.741743,2.914630,3.080205,254.986753,0
2026-03-17,sh.600490,8.3800000000,8.5100000000,8.2800000000,8.2900000000,8.3600000000,41060223,344392325.5500,2,2.060600,1,-0.837300,72.132661,2.890225,3.054413,252.851696,0
2026-03-18,sh.600490,8.3700000000,8.3700000000,8.1600000000,8.2700000000,8.2900000000,35181033,290480005.6000,2,1.765600,1,-0.241300,71.958638,2.883253,3.047044,252.241680,0
