date,code,open,high,low,close,preclose,volume,amount,adjustflag,turn,tradestatus,pctChg,peTTM,pbMRQ,psTTM,pcfNcfTTM,isST
2023-06-26,sh.603358,18.8943951000,18.9623605500,18.4477650000,18.5934052500,18.9332325000,2175912,41716893.0100,2,0.495600,1,-1.794900,27.946454,2.562104,1.645188,18.558451,0
2023-06-27,sh.603358,18.6225333000,18.7196268000,18.3797995500,18.6128239500,18.5934052500,1359767,26038837.3300,2,0.309700,1,0.104400,27.975641,2.564780,1.646906,18.577834,0
2023-06-28,sh.603358,18.6128239500,18.7390455000,18.3312528000,18.5739865500,18.6128239500,2783348,53159604.0800,2,0.634000,1,-0.208700,27.917267,2.559428,1.643470,18.539069,0
2023-06-29,sh.603358,18.5836959000,18.7390455000,18.4477650000,18.4574743500,18.5739865500,1843621,35232379.7800,2,0.419900,1,-0.627300,27.742146,2.543373,1.633161,18.422776,0
2023-06-30,sh.603358,18.5448585000,18.7973016000,18.3409621500,18.5060211000,18.4574743500,3395123,64849964.9300,2,0.773300,1,0.263000,27.815113,2.550063,1.637456,18.471231,0
2023-07-03,sh.603358,18.5157304500,18.8652670500,18.5157304500,18.7390455000,18.5060211000,1936349,37364345.6700,2,0.441000,1,1.259200,28.165356,2.582173,1.658075,18.703818,0
2023-07-04,sh.603358,18.8652670500,19.4478280500,18.6322426500,19.4381187000,18.7390455000,5976807,118042107.7900,2,1.361300,1,3.730600,29.216084,2.678503,1.719931,19.401577,0
2023-07-05,sh.603358,19.4478280500,19.4963748000,19.2050943000,19.3118971500,19.4381187000,3815381,76090990.4300,2,0.869000,1,-0.649400,29.026369,2.661110,1.708762,19.275593,0
2023-07-06,sh.603358,19.4089906500,19.4478280500,18.9623605500,19.0594540500,19.3118971500,2677953,52761029.1000,2,0.610000,1,-1.307200,28.646940,2.626324,1.686425,19.023624,0
2023-07-07,sh.603358,19.1565475500,19.3507345500,18.8361390000,19.0594540500,19.0594540500,3022065,59434437.6500,2,0.688300,1,0.000000,28.646940,2.626324,1.686425,19.023624,0
2023-07-10,sh.603358,19.0594540500,19.0594540500,18.4963117500,18.6031146000,19.0594540500,2748503,53103346.3400,2,0.626000,1,-2.394300,27.961047,2.563442,1.646047,18.568142,0
2023-07-11,sh.603358,18.6904987500,19.1274195000,18.4574743500,19.0691634000,18.6031146000,4872433,94873145.8100,2,1.109800,1,2.505200,28.661533,2.627662,1.687284,19.033315,0
2023-07-12,sh.603358,19.1371288500,19.1371288500,18.6807894000,18.7390455000,19.0691634000,2542327,49397653.8100,2,0.579100,1,-1.731200,28.165356,2.582173,1.658075,18.703818,0
2023-07-13,sh.603358,18.8264296500,18.8264296500,18.3992182500,18.6322426500,18.7390455000,2688922,51392585.4100,2,0.612500,1,-0.569900,28.004828,2.567456,1.648625,18.597216,0
2023-07-14,sh.603358,18.6516613500,18.6904987500,18.1467751500,18.2535780000,18.6322426500,3331089,62798980.9800,2,0.758700,1,-2.032300,27.435683,2.515277,1.615120,18.219263,0
2023-07-17,sh.603358,18.0788097000,18.2827060500,17.7778198500,18.0399723000,18.2535780000,2391687,44289591.1000,2,0.544800,1,-1.170200,27.114627,2.485843,1.596219,18.006059,0
2023-07-18,sh.603358,18.0302629500,18.3021247500,17.8457853000,18.1564845000,18.0399723000,2021100,37645693.2800,2,0.460300,1,0.645900,27.289749,2.501898,1.606529,18.122352,0
2023-07-19,sh.603358,18.1370658000,18.1370658000,17.9040414000,17.9914255500,18.1564845000,1369793,25394503.3400,2,0.312000,1,-0.909100,27.041660,2.479153,1.591924,17.957603,0
2023-07-20,sh.603358,17.9622975000,18.1953219000,17.5836328500,17.6807263500,17.9914255500,2347283,43033459.1600,2,0.534600,1,-1.726900,26.574670,2.436340,1.564432,17.647488,0
2023-07-21,sh.603358,17.6030515500,17.7681105000,16.9816531500,17.0399092500,17.6807263500,3618737,64344956.3900,2,0.824200,1,-3.624400,25.611502,2.348038,1.507731,17.007876,0
2023-07-24,sh.603358,17.1078747000,17.4282832500,16.9136877000,17.1564214500,17.0399092500,2718022,48173358.2100,2,0.619100,1,0.683800,25.786624,2.364093,1.518041,17.124169,0
2023-07-25,sh.603358,17.3797365000,17.6515983000,17.2243869000,17.4962487000,17.1564214500,2038268,36676094.9400,2,0.464300,1,1.980800,26.297394,2.410920,1.548109,17.463357,0
2023-07-26,sh.603358,17.4768300000,17.5447954500,17.0010718500,17.0690373000,17.4962487000,2160789,38188164.9600,2,0.492200,1,-2.441700,25.655283,2.352052,1.510309,17.036949,0
2023-07-27,sh.603358,17.2729336500,17.3311897500,16.9039783500,17.0204905500,17.0690373000,2066235,36400822.8000,2,0.470600,1,-0.284400,25.582315,2.345362,1.506013,16.988494,0
2023-07-28,sh.603358,16.8457222500,17.1952588500,16.7777568000,17.0981653500,17.0204905500,1863840,32718259.3200,2,0.424500,1,0.456400,25.699063,2.356065,1.512886,17.066022,0
2023-07-31,sh.603358,17.1564214500,17.6224702500,16.9913625000,17.0301999000,17.0981653500,3112023,55126054.2200,2,0.708800,1,-0.397500,25.596909,2.346700,1.506872,16.998185,0
2023-08-01,sh.603358,17.0496186000,17.0593279500,16.7486287500,16.9136877000,17.0301999000,2149601,37373844.2900,2,0.489600,1,-0.684200,25.421787,2.330645,1.496563,16.881892,0
2023-08-02,sh.603358,16.8748503000,17.2243869000,16.7874661500,17.0010718500,16.9136877000,3165078,55516345.3400,2,0.720900,1,0.516600,25.553128,2.342686,1.504295,16.969111,0
2023-08-03,sh.603358,16.9039783500,17.0593279500,16.8165942000,16.9816531500,17.0010718500,1625900,28422759.0000,2,0.370300,1,-0.114200,25.523942,2.340011,1.502577,16.949729,0
2023-08-04,sh.603358,16.9039783500,17.3214804000,16.8942690000,17.0981653500,16.9816531500,3064273,53925076.0300,2,0.697900,1,0.686100,25.699063,2.356065,1.512886,17.066022,0
2023-08-07,sh.603358,16.9233970500,17.2146775500,16.8165942000,16.8845596500,17.0981653500,2617120,45545873.0900,2,0.596100,1,-1.249300,25.378007,2.326631,1.493986,16.852818,0
2023-08-08,sh.603358,16.9136877000,17.0010718500,16.8068848500,16.8263035500,16.8845596500,1612382,28036040.8700,2,0.367300,1,-0.345000,25.290446,2.318604,1.488831,16.794672,0
2023-08-09,sh.603358,16.7292100500,16.8554316000,16.5544417500,16.6515352500,16.8263035500,1548005,26588001.6300,2,0.352600,1,-1.038700,25.027764,2.294521,1.473367,16.620232,0
2023-08-10,sh.603358,16.7777568000,16.7777568000,16.5544417500,16.6903726500,16.6515352500,1109589,19059664.1300,2,0.252700,1,0.233200,25.086138,2.299873,1.476803,16.658996,0
2023-08-11,sh.603358,16.6029885000,16.7583381000,16.5058950000,16.5738604500,16.6903726500,1899773,32542144.5200,2,0.432700,1,-0.698100,24.911017,2.283818,1.466494,16.542703,0
2023-08-14,sh.603358,16.5738604500,16.6709539500,16.2728706000,16.5058950000,16.5738604500,1768984,29869905.2400,2,0.402900,1,-0.410100,24.808863,2.274453,1.460480,16.474865,0
2023-08-15,sh.603358,16.4185108500,16.6126978500,16.3311267000,16.4088015000,16.5058950000,891331,15119476.2900,2,0.203000,1,-0.588200,24.662928,2.261074,1.451889,16.377954,0
2023-08-16,sh.603358,16.3311267000,16.4088015000,16.0107181500,16.0301368500,16.4088015000,1337840,22259274.8000,2,0.304700,1,-2.307700,24.093784,2.208895,1.418384,16.000002,0
2023-08-17,sh.603358,16.0398462000,16.1951958000,15.8262405000,16.0592649000,16.0301368500,2162195,35577402.4400,2,0.492500,1,0.181700,24.137564,2.212909,1.420962,16.029075,0
2023-08-18,sh.603358,16.0592649000,16.4185108500,15.9330433500,16.3019986500,16.0592649000,2504629,41938336.8100,2,0.570500,1,1.511500,24.502400,2.246357,1.442439,16.271352,0
2023-08-21,sh.603358,16.1466490500,16.4961856500,15.8553685500,15.9427527000,16.3019986500,1484753,24629324.8600,2,0.338200,1,-2.203700,23.962443,2.196854,1.410652,15.912782,0
2023-08-22,sh.603358,15.9815901000,16.1466490500,15.4378665000,15.7388563500,15.9427527000,2378831,38502195.7000,2,0.541800,1,-1.278900,23.655980,2.168758,1.392611,15.709269,0
2023-08-23,sh.603358,15.8068218000,15.8068218000,15.3407730000,15.3504823500,15.7388563500,1533428,24517090.3800,2,0.349300,1,-2.467600,23.072242,2.115241,1.358247,15.321625,0
2023-08-24,sh.603358,15.2728075500,15.6611815500,15.2436795000,15.2533888500,15.3504823500,1490200,23615909.0000,2,0.339400,1,-0.632500,22.926308,2.101862,1.349656,15.224714,0
2023-08-25,sh.603358,15.0494925000,15.4184478000,14.8358868000,14.8455961500,15.2533888500,2481937,38531684.5500,2,0.565300,1,-2.673500,22.313383,2.045670,1.313573,14.817688,0
2023-08-28,sh.603358,15.5349600000,15.7388563500,15.2630982000,15.3019356000,14.8455961500,3103389,49373608.6700,2,0.706900,1,3.073900,22.999275,2.108551,1.353951,15.273169,0
2023-08-29,sh.603358,15.2922262500,16.0010088000,15.2145514500,15.9330433500,15.3019356000,2334292,37816465.5200,2,0.531700,1,4.124400,23.947849,2.195516,1.409793,15.903091,0
2023-08-30,sh.603358,15.9330433500,16.2534519000,15.9330433500,16.1272303500,15.9330433500,1576707,26163552.1400,2,0.359100,1,1.218800,24.239718,2.222274,1.426975,16.096913,0
2023-08-31,sh.603358,15.9330433500,16.0592649000,15.4378665000,15.4669945500,16.1272303500,2249712,36172088.2400,2,0.512400,1,-4.093900,24.623255,2.192520,1.300635,19.501044,0
2023-09-01,sh.603358,15.5640880500,15.5640880500,14.9621083500,15.0106551000,15.4669945500,2655500,41449979.0000,2,0.604800,1,-2.950400,23.896768,2.127832,1.262261,18.925683,0
2023-09-04,sh.603358,14.9815270500,15.1174579500,14.2727445000,14.7387933000,15.0106551000,4136899,61951815.8300,2,0.942300,1,-1.811100,23.463968,2.089294,1.239400,18.582915,0
2023-09-05,sh.603358,14.7387933000,14.7387933000,14.5057689000,14.5543156500,14.7387933000,1971676,29643452.9400,2,0.449100,1,-1.251600,23.170282,2.063143,1.223887,18.350323,0
2023-09-06,sh.603358,14.4572221500,14.7290839500,14.4280941000,14.6999559000,14.5543156500,1472944,22124153.4000,2,0.335500,1,1.000700,23.402139,2.083788,1.236134,18.533949,0
2023-09-07,sh.603358,14.5543156500,14.6222811000,14.2824538500,14.3018725500,14.6999559000,1714175,25474291.5300,2,0.390400,1,-2.708100,22.768396,2.027358,1.202659,18.032039,0
2023-09-08,sh.603358,14.2921632000,14.7485026500,14.0785575000,14.4669315000,14.3018725500,2315107,34184315.4400,2,0.527300,1,1.154100,23.031168,2.050756,1.216539,18.240148,0
2023-09-11,sh.603358,14.4863502000,15.2922262500,14.3989660500,15.2922262500,14.4669315000,3472065,53502101.0600,2,0.790800,1,5.704700,24.345026,2.167746,1.285938,19.280693,0
2023-09-12,sh.603358,15.3601917000,15.8747872500,15.0494925000,15.7194376500,15.2922262500,3515905,56573052.5600,2,0.800800,1,2.793700,25.025141,2.228305,1.321863,19.819328,0
2023-09-13,sh.603358,15.6611815500,15.9427527000,15.5835067500,15.7582750500,15.7194376500,3458438,56187782.8700,2,0.787700,1,0.247100,25.086970,2.233810,1.325129,19.868295,0
2023-09-14,sh.603358,15.7874031000,15.9524620500,15.5252506500,15.7679844000,15.7582750500,3142857,50830229.8200,2,0.715800,1,0.061600,25.102427,2.235187,1.325945,19.880537,0
2023-09-15,sh.603358,15.8262405000,15.8359498500,15.5446693500,15.6708909000,15.7679844000,1746947,28178084.5800,2,0.397900,1,-0.615800,24.947855,2.221423,1.317781,19.758120,0
2023-09-18,sh.603358,16.1951958000,16.4573482500,15.7097283000,15.8068218000,15.6708909000,5361706,88092204.3200,2,1.221200,1,0.867400,25.164256,2.240692,1.329211,19.929504,0
2023-09-19,sh.603358,15.6223441500,15.6903096000,15.2630982000,15.6223441500,15.8068218000,3413643,54617851.2900,2,0.777500,1,-1.167100,24.870569,2.214541,1.313698,19.696911,0
2023-09-20,sh.603358,15.6126348000,15.7194376500,15.4087384500,15.4087384500,15.6223441500,1909785,30538705.3500,2,0.435000,1,-1.367300,24.530512,2.184262,1.295736,19.427593,0
2023-09-21,sh.603358,15.4087384500,15.5058319500,15.2145514500,15.3310636500,15.4087384500,2280081,36003164.4400,2,0.519300,1,-0.504100,24.406855,2.173251,1.289204,19.329660,0
2023-09-22,sh.603358,15.3893197500,15.7679844000,15.2533888500,15.7679844000,15.3310636500,2863768,45519527.0300,2,0.652300,1,2.849900,25.102427,2.235187,1.325945,19.880537,0
2023-09-25,sh.603358,15.5835067500,15.7485657000,15.5349600000,15.7097283000,15.7679844000,1582885,25522458.7500,2,0.360500,1,-0.369500,25.009684,2.226928,1.321047,19.807086,0
2023-09-26,sh.603358,15.7097283000,15.7776937500,15.4669945500,15.6417628500,15.7097283000,1205161,19410918.8300,2,0.274500,1,-0.432600,24.901484,2.217294,1.315331,19.721394,0
2023-09-27,sh.603358,15.5155413000,15.6417628500,15.4475758500,15.5349600000,15.6417628500,1353754,21676365.3400,2,0.308300,1,-0.682800,24.731455,2.202154,1.306350,19.586736,0
2023-09-28,sh.603358,15.5640880500,15.7776937500,15.5349600000,15.6320535000,15.5349600000,1230400,19859253.0000,2,0.280200,1,0.625000,24.886027,2.215918,1.314515,19.709153,0
2023-10-09,sh.603358,15.6514722000,15.8456592000,15.5446693500,15.7582750500,15.6320535000,1649874,26691164.1000,2,0.375800,1,0.807500,25.086970,2.233810,1.325129,19.868295,0
2023-10-10,sh.603358,15.7679844000,15.9039153000,15.5835067500,15.7971124500,15.7582750500,1920984,31160782.8800,2,0.437500,1,0.246500,25.148798,2.239316,1.328395,19.917262,0
2023-10-11,sh.603358,15.9233340000,16.0592649000,15.5835067500,15.9718807500,15.7971124500,2253573,36812608.8100,2,0.513300,1,1.106300,25.427027,2.264090,1.343091,20.137613,0
2023-10-12,sh.603358,16.0883929500,16.1951958000,15.8553685500,16.0981023000,15.9718807500,1772793,29254087.2800,2,0.403800,1,0.790300,25.627970,2.281982,1.353705,20.296755,0
2023-10-13,sh.603358,16.0204275000,16.3990921500,15.9427527000,16.3117080000,16.0981023000,1947310,32648250.0800,2,0.443500,1,1.326900,25.968028,2.312262,1.371668,20.566072,0
2023-10-16,sh.603358,16.4185108500,17.6321796000,16.4185108500,17.2729336500,16.3117080000,6619335,116610387.4200,2,1.507700,1,5.892900,27.498287,2.448520,1.452498,21.778002,0
2023-10-17,sh.603358,17.2146775500,17.2146775500,16.6806633000,16.7777568000,17.2729336500,2888840,50058745.6000,2,0.658000,1,-2.866800,26.709971,2.378327,1.410858,21.153675,0
2023-10-18,sh.603358,16.7971755000,17.0690373000,16.6224072000,16.8942690000,16.7777568000,2242803,39036408.4600,2,0.510800,1,0.694400,26.895457,2.394843,1.420656,21.300575,0
2023-10-19,sh.603358,16.7583381000,16.8360129000,15.9427527000,16.1175210000,16.8942690000,3636429,61054477.1200,2,0.828300,1,-4.597700,25.658885,2.284735,1.355338,20.321238,0
2023-10-20,sh.603358,16.3602547500,16.4476389000,15.8262405000,16.0204275000,16.1175210000,1997943,33187316.4300,2,0.455100,1,-0.602400,25.504313,2.270972,1.347174,20.198821,0
2023-10-23,sh.603358,15.9427527000,15.9427527000,14.9523990000,15.5349600000,16.0204275000,3063125,48702641.7600,2,0.697700,1,-3.030300,24.731455,2.202154,1.306350,19.586736,0
2023-10-24,sh.603358,15.4767039000,15.6417628500,15.1465860000,15.5640880500,15.5349600000,2060280,32820827.4000,2,0.469300,1,0.187500,24.777827,2.206283,1.308799,19.623461,0
2023-10-25,sh.603358,15.6514722000,16.0689742500,15.4864132500,15.8747872500,15.5640880500,3159300,51476689.0000,2,0.719600,1,1.996300,25.272456,2.250326,1.334926,20.015196,0
2023-10-26,sh.603358,15.7291470000,17.3797365000,15.4572852000,17.2826430000,15.8747872500,9818843,167977040.6900,2,2.236400,1,8.868500,27.513744,2.449897,1.453314,21.790243,0
2023-10-27,sh.603358,17.2826430000,17.3603178000,16.7971755000,17.1175840500,17.2826430000,5877067,103366875.2200,2,1.338600,1,-0.955100,27.250972,2.426499,1.439434,21.582134,0
2023-10-30,sh.603358,16.8748503000,16.9428157500,16.2922893000,16.5738604500,17.1175840500,5626575,95720951.7500,2,1.281600,1,-3.176400,26.385371,2.349423,1.393712,20.896599,0
2023-10-31,sh.603358,16.5641511000,17.0496186000,16.3893828000,17.0399092500,16.5738604500,3723242,64392175.5800,2,0.848000,1,2.812000,27.581156,2.340660,1.461785,36.599144,0
2023-11-01,sh.603358,16.9913625000,18.4963117500,16.8360129000,18.3215434500,17.0399092500,10227385,188596522.2700,2,2.329500,1,7.521400,29.655637,2.516709,1.571731,39.351901,0
2023-11-02,sh.603358,18.2729967000,18.6322426500,17.6904357000,17.7098544000,18.3215434500,7082853,131358338.0600,2,1.613300,1,-3.338600,28.665544,2.432686,1.519257,38.038085,0
2023-11-03,sh.603358,17.7972385500,18.9332325000,17.7972385500,18.6419520000,17.7098544000,9956084,190703278.8200,2,2.267700,1,5.263200,30.174257,2.560722,1.599218,40.040090,0
2023-11-06,sh.603358,18.6419520000,19.5157935000,18.4477650000,19.1759662500,18.6419520000,8936537,175227939.1900,2,2.035500,1,2.864600,31.038623,2.634076,1.645029,41.187071,0
2023-11-07,sh.603358,19.1371288500,19.4672467500,18.9720699000,19.1468382000,19.1759662500,4808101,95246025.8900,2,1.095100,1,-0.151900,30.991476,2.630075,1.642530,41.124509,0
2023-11-08,sh.603358,19.1759662500,19.2924784500,18.6904987500,18.9235231500,19.1468382000,5200300,101445968.0400,2,1.184500,1,-1.166300,30.630014,2.599399,1.623373,40.644862,0
2023-11-09,sh.603358,18.8943951000,18.9235231500,18.2535780000,18.4963117500,18.9235231500,4910842,93781250.5300,2,1.118500,1,-2.257600,29.938520,2.540716,1.586724,39.727276,0
2023-11-10,sh.603358,18.4186369500,18.5642772000,18.2147406000,18.4089276000,18.4963117500,2581578,48858754.3200,2,0.588000,1,-0.472400,29.797078,2.528713,1.579228,39.539588,0
2023-11-13,sh.603358,18.4089276000,18.8458483500,18.3506715000,18.6322426500,18.4089276000,3090843,59291878.9800,2,0.704000,1,1.213100,30.158541,2.559388,1.598385,40.019235,0
2023-11-14,sh.603358,18.5448585000,18.8361390000,18.4963117500,18.8070109500,18.6322426500,2212751,42559376.2300,2,0.504000,1,0.938000,30.441424,2.583395,1.613378,40.394611,0
2023-11-15,sh.603358,18.8361390000,18.9332325000,18.4574743500,18.6904987500,18.8070109500,2507600,48188593.7100,2,0.571200,1,-0.619500,30.252835,2.567390,1.603383,40.144361,0
2023-11-16,sh.603358,18.7099174500,18.9720699000,18.5448585000,18.6516613500,18.6904987500,2285913,44021669.6700,2,0.520700,1,-0.207800,30.189972,2.562055,1.600051,40.060944,0
2023-11-17,sh.603358,18.5060211000,19.1177101500,18.5060211000,18.8846857500,18.6516613500,2828523,54839709.1800,2,0.644300,1,1.249300,30.567151,2.594064,1.620041,40.561445,0
2023-11-20,sh.603358,18.9332325000,19.0497447000,18.6225333000,18.7681735500,18.8846857500,2427839,47031734.6400,2,0.553000,1,-0.617000,30.378561,2.578060,1.610046,40.311194,0
2023-11-21,sh.603358,18.7099174500,18.8070109500,18.5642772000,18.6128239500,18.7681735500,1641989,31552990.2400,2,0.374000,1,-0.827700,30.127109,2.556721,1.596719,39.977527,0
2023-11-22,sh.603358,18.4963117500,18.8555577000,18.3700902000,18.6516613500,18.6128239500,2757995,52675765.9500,2,0.628200,1,0.208700,30.189972,2.562055,1.600051,40.060944,0
2023-11-23,sh.603358,18.4574743500,18.6419520000,18.2244499500,18.6322426500,18.6516613500,2554599,48662506.9500,2,0.581900,1,-0.104100,30.158541,2.559388,1.598385,40.019235,0
2023-11-24,sh.603358,18.6128239500,18.7196268000,18.4671837000,18.5545678500,18.6322426500,1186396,22704112.3600,2,0.270200,1,-0.416900,30.032815,2.548718,1.591722,39.852402,0
2023-11-27,sh.603358,18.5545678500,19.3701532500,18.5254398000,19.2633504000,18.5545678500,4354806,85467181.8500,2,0.991900,1,3.820000,31.180065,2.646079,1.652525,41.374759,0
2023-11-28,sh.603358,19.3021878000,20.1663199500,19.0885821000,19.7973646500,19.2633504000,5312848,108135563.7700,2,1.210100,1,2.772200,32.044432,2.719433,1.698336,42.521741,0
2023-11-29,sh.603358,19.7196898500,20.6809155000,19.7196898500,20.4867285000,19.7973646500,6746344,140578407.9600,2,1.536600,1,3.482100,33.160251,2.814126,1.757474,44.002390,0
2023-11-30,sh.603358,20.5838220000,21.0207427500,20.1954480000,20.9819053500,20.4867285000,6947160,147705907.1700,2,1.582400,1,2.417100,33.961754,2.882146,1.799953,45.065955,0
2023-12-01,sh.603358,20.9430679500,22.3217956500,20.8265557500,22.0305151500,20.9819053500,8730086,195188556.9800,2,1.988400,1,4.997700,35.659056,3.026186,1.889909,47.318210,0
2023-12-04,sh.603358,21.9140029500,22.9334847000,21.9140029500,22.8946473000,22.0305151500,7241037,169128131.7700,2,1.649300,1,3.922400,37.057759,3.144886,1.964040,49.174235,0
2023-12-05,sh.603358,22.9043566500,22.9140660000,21.8460375000,22.0887712500,22.8946473000,6064337,139473016.3400,2,1.381300,1,-3.519900,35.753351,3.034188,1.894907,47.443335,0
2023-12-06,sh.603358,22.0887712500,22.7198790000,21.4091167500,21.9916777500,22.0887712500,5603446,127092751.3400,2,1.276300,1,-0.439600,35.596193,3.020851,1.886578,47.234793,0
2023-12-07,sh.603358,22.0402245000,22.6519135500,21.6518505000,22.5256920000,21.9916777500,4759039,109094153.5900,2,1.084000,1,2.428300,36.460560,3.094205,1.932388,48.381775,0
2023-12-08,sh.603358,22.3315050000,22.6519135500,21.3605700000,22.0887712500,22.5256920000,6354628,143616804.6100,2,1.447400,1,-1.939700,35.753351,3.034188,1.894907,47.443335,0
2023-12-11,sh.603358,21.9431310000,22.5742387500,21.6809785500,22.0984806000,22.0887712500,6310739,143192078.0100,2,1.437400,1,0.044000,35.769067,3.035522,1.895740,47.464190,0
2023-12-12,sh.603358,22.0790619000,22.1858647500,21.7489440000,22.1858647500,22.0984806000,3575182,80933762.9500,2,0.814300,1,0.395400,35.910508,3.047526,1.903236,47.651877,0
2023-12-13,sh.603358,22.3315050000,22.7004603000,22.0790619000,22.1373180000,22.1858647500,3955366,91015659.6900,2,0.900900,1,-0.218800,35.831930,3.040857,1.899071,47.547606,0
2023-12-14,sh.603358,22.1373180000,22.2344115000,21.7198159500,21.8363281500,22.1373180000,3190067,72111967.1300,2,0.726600,1,-1.359600,35.344741,2.999512,1.873251,46.901126,0
2023-12-15,sh.603358,21.8751655500,22.0984806000,21.3605700000,21.5450476500,21.8363281500,3778311,84272950.7600,2,0.860600,1,-1.333900,34.873268,2.959501,1.848263,46.275499,0
2023-12-18,sh.603358,21.5450476500,22.5451107000,21.5450476500,22.4868546000,21.5450476500,6516733,149262468.4600,2,1.484300,1,4.371300,36.397697,3.088871,1.929057,48.298358,0
2023-12-19,sh.603358,22.4868546000,22.4868546000,22.4868546000,22.4868546000,22.4868546000,,,2,,0,,36.397697,3.088871,1.929057,48.298358,0
2023-12-20,sh.603358,22.4868546000,22.4868546000,22.4868546000,22.4868546000,22.4868546000,,,2,,0,,36.397697,3.088871,1.929057,48.298358,0
2023-12-21,sh.603358,22.4868546000,22.4868546000,22.4868546000,22.4868546000,22.4868546000,,,2,,0,,36.397697,3.088871,1.929057,48.298358,0
2023-12-22,sh.603358,22.4868546000,22.4868546000,22.4868546000,22.4868546000,22.4868546000,,,2,,0,,36.397697,3.088871,1.929057,48.298358,0
2023-12-25,sh.603358,22.4868546000,22.4868546000,22.4868546000,22.4868546000,22.4868546000,,,2,,0,,36.397697,3.088871,1.929057,48.298358,0
2023-12-26,sh.603358,23.5743018000,23.5743018000,20.2342854000,20.2342854000,22.4868546000,17122551,367613105.1100,2,3.900000,1,-10.017300,32.751641,2.779450,1.735818,43.460181,0
2023-12-27,sh.603358,20.3896350000,22.0208058000,19.6420150500,21.8945842500,20.2342854000,11894041,258552356.3800,2,2.709100,1,8.205400,35.439036,3.007514,1.878248,47.026251,0
2023-12-28,sh.603358,21.7489440000,22.1373180000,20.6032407000,21.8460375000,21.8945842500,12571870,279587936.2000,2,2.863500,1,-0.221700,35.360457,3.000846,1.874084,46.921980,0
2023-12-29,sh.603358,21.5062102500,22.8363912000,21.4770822000,22.7004603000,21.8460375000,7912626,182042672.4600,2,1.802300,1,3.911100,36.743444,3.118212,1.947381,48.757151,0
2024-01-02,sh.603358,22.4577265500,22.7198790000,22.2441208500,22.5159826500,22.7004603000,4184031,97091016.9500,2,0.953000,1,-0.812700,36.444844,3.092872,1.931556,48.360921,0
2024-01-03,sh.603358,22.3315050000,22.8169725000,22.2344115000,22.6130761500,22.5159826500,4292076,99800375.5700,2,0.977600,1,0.431200,36.602002,3.106209,1.939885,48.569463,0
2024-01-04,sh.603358,22.7392977000,23.8364542500,22.6422042000,23.5063363500,22.6130761500,6285410,151417995.8400,2,1.431600,1,3.950200,38.047852,3.228910,2.016514,50.488050,0
2024-01-05,sh.603358,23.6422672500,23.6908140000,23.0111595000,23.4772083000,23.5063363500,4148973,99586630.5700,2,0.945000,1,-0.123900,38.000704,3.224909,2.014015,50.425488,0
2024-01-08,sh.603358,23.3995335000,23.4966270000,23.0888343000,23.2927306500,23.4772083000,2558038,61354817.6800,2,0.582600,1,-0.785800,37.702105,3.199568,1.998190,50.029258,0
2024-01-09,sh.603358,23.2733119500,24.1665721500,22.8849379500,23.8947103500,23.2927306500,5384715,130950659.3200,2,1.226500,1,2.584400,38.676482,3.282258,2.049831,51.322219,0
2024-01-10,sh.603358,23.3412774000,24.1665721500,22.6130761500,23.8170355500,23.8947103500,4107970,100829451.1900,2,0.935700,1,-0.325100,38.550756,3.271589,2.043168,51.155385,0
2024-01-11,sh.603358,23.5743018000,24.0500599500,23.3412774000,23.5937205000,23.8170355500,5332017,129653658.6900,2,1.214500,1,-0.937600,38.189293,3.240913,2.024010,50.675738,0
2024-01-12,sh.603358,23.2927306500,23.7684888000,22.4091798000,23.2636026000,23.5937205000,7216088,170918680.0200,2,1.643600,1,-1.399200,37.654958,3.195567,1.995691,49.966695,0
2024-01-15,sh.603358,23.1956371500,23.2247652000,22.5159826500,22.7781351000,23.2636026000,2762817,64927367.3700,2,0.629300,1,-2.086800,36.869170,3.128882,1.954045,48.923984,0
2024-01-16,sh.603358,22.7004603000,22.7490070500,21.6712692000,22.0499338500,22.7781351000,3806428,86332159.5400,2,0.867000,1,-3.196900,35.690488,3.028854,1.891575,47.359918,0
2024-01-17,sh.603358,22.5256920000,22.6810416000,21.4673728500,21.7586533500,22.0499338500,3847729,87366752.8900,2,0.876400,1,-1.321000,35.219015,2.988842,1.866587,46.734292,0
2024-01-18,sh.603358,21.5062102500,21.8848749000,20.4867285000,21.7974907500,21.7586533500,4091382,89177890.2300,2,0.931900,1,0.178500,35.281878,2.994177,1.869919,46.817709,0
2024-01-19,sh.603358,21.7974907500,22.0013871000,21.3605700000,21.8460375000,21.7974907500,1594820,35636827.0000,2,0.363300,1,0.222700,35.360457,3.000846,1.874084,46.921980,0
2024-01-22,sh.603358,22.0402245000,22.0402245000,20.4964378500,21.3508606500,21.8460375000,2513089,54558110.8600,2,0.572400,1,-2.266700,34.558953,2.932827,1.831604,45.858415,0
2024-01-23,sh.603358,21.1469643000,21.7003972500,20.6809155000,20.7100435500,21.3508606500,1855531,40309505.1400,2,0.422600,1,-3.001400,33.521713,2.844802,1.776631,44.482037,0
2024-01-24,sh.603358,20.9721960000,21.1663830000,19.8944581500,20.9527773000,20.7100435500,3604150,76259588.9200,2,0.820900,1,1.172100,33.914607,2.878144,1.797454,45.003392,0
2024-01-25,sh.603358,20.8653931500,21.1469643000,20.5644033000,20.8556838000,20.9527773000,1834509,39281727.7500,2,0.417800,1,-0.463400,33.757450,2.864807,1.789125,44.794850,0
2024-01-26,sh.603358,20.8362651000,20.8362651000,20.3216695500,20.7780090000,20.8556838000,1456844,30888136.0400,2,0.331800,1,-0.372400,33.631723,2.854138,1.782462,44.628017,0
2024-01-29,sh.603358,20.7780090000,21.0984175500,20.4478911000,20.7488809500,20.7780090000,1921940,41069023.8000,2,0.437800,1,-0.140200,33.584576,2.850137,1.779963,44.565454,0
2024-01-30,sh.603358,19.9624236000,20.8556838000,19.9624236000,20.6809155000,20.7488809500,2165960,45650366.3500,2,0.493300,1,-0.327600,33.474566,2.840801,1.774132,44.419474,0
2024-01-31,sh.603358,20.4187630500,20.5741126500,19.0497447000,19.7099805000,20.6809155000,4019209,81234068.5300,2,0.915500,1,-4.694800,31.902990,2.707430,1.690840,42.334053,0
2024-02-01,sh.603358,19.5934683000,19.7099805000,18.5157304500,19.3895719500,19.7099805000,2941344,57887511.6600,2,0.669900,1,-1.625600,31.384370,2.663417,1.663353,41.645864,0
2024-02-02,sh.603358,19.2924784500,19.5837589500,17.4477019500,17.4477019500,19.3895719500,2752700,51621012.0000,2,0.627000,1,-10.015000,28.241218,2.396675,1.496768,37.475021,0
2024-02-05,sh.603358,17.1272934000,18.1953219000,16.4573482500,17.0884560000,17.4477019500,6014664,107327069.3400,2,1.370000,1,-2.059000,27.659735,2.347328,1.465950,36.703415,0
2024-02-06,sh.603358,17.0884560000,17.9914255500,16.5058950000,17.7486918000,17.0884560000,5201313,93695507.7200,2,1.184700,1,3.863600,28.728407,2.438020,1.522589,38.121502,0
2024-02-07,sh.603358,17.6613076500,18.1370658000,17.2826430000,17.6904357000,17.7486918000,5230827,95248550.5700,2,1.191400,1,-0.328200,28.634112,2.430018,1.517591,37.996377,0
2024-02-08,sh.603358,17.6613076500,19.4187000000,17.2146775500,19.4187000000,17.6904357000,4145600,77538030.2800,2,0.944200,1,9.769500,31.431517,2.667418,1.665852,41.708427,0
2024-02-19,sh.603358,19.0594540500,19.7293992000,19.0594540500,19.4089906500,19.4187000000,2127010,42544264.8100,2,0.484500,1,-0.050000,31.415801,2.666085,1.665019,41.687572,0
2024-02-20,sh.603358,19.4187000000,20.5644033000,19.1565475500,20.2439947500,19.4089906500,2377294,48667085.9400,2,0.541500,1,4.302200,32.767357,2.780784,1.736651,43.481035,0
2024-02-21,sh.603358,20.2051573500,20.9430679500,19.8556207500,20.6323687500,20.2439947500,2690374,57052985.9100,2,0.612800,1,1.918500,33.395987,2.834132,1.769968,44.315203,0
2024-02-22,sh.603358,20.3896350000,21.0984175500,20.3896350000,20.8848118500,20.6323687500,1607109,34414897.2300,2,0.366100,1,1.223500,33.804597,2.868809,1.791624,44.857413,0
2024-02-23,sh.603358,20.8848118500,21.2149297500,20.4770191500,21.0692895000,20.8848118500,1886321,40347441.3100,2,0.429600,1,0.883300,34.103196,2.894149,1.807450,45.253643,0
2024-02-26,sh.603358,21.0692895000,21.4188261000,20.8751025000,21.2828952000,21.0692895000,2657330,58029842.4900,2,0.605300,1,1.013800,34.448943,2.923491,1.825774,45.712436,0
2024-02-27,sh.603358,21.2828952000,21.6518505000,21.1372549500,21.3605700000,21.2828952000,2514360,55370397.3500,2,0.572700,1,0.365000,34.574669,2.934160,1.832437,45.879269,0
2024-02-28,sh.603358,21.3605700000,21.6227224500,20.9916147000,21.3508606500,21.3605700000,4583884,100801512.0000,2,1.044100,1,-0.045500,34.558953,2.932827,1.831604,45.858415,0
2024-02-29,sh.603358,21.0692895000,21.4285354500,21.0207427500,21.4091167500,21.3508606500,2136572,46768019.8300,2,0.486600,1,0.272900,34.653248,2.940829,1.836602,45.983540,0
2024-03-01,sh.603358,21.4091167500,21.4576635000,20.9333586000,21.1663830000,21.4091167500,1834714,39955397.8000,2,0.417900,1,-1.133800,34.260354,2.907486,1.815779,45.462185,0
2024-03-04,sh.603358,21.0887082000,21.0887082000,20.4381817500,20.5741126500,21.1663830000,2554452,54217058.0500,2,0.581800,1,-2.798200,33.301693,2.826130,1.764970,44.190078,0
2024-03-05,sh.603358,20.4867285000,20.5741126500,20.1954480000,20.3410882500,20.5741126500,1490012,31327571.6900,2,0.339400,1,-1.132600,32.924514,2.794121,1.744980,43.689577,0
2024-03-06,sh.603358,20.3022508500,20.4867285000,20.0400984000,20.3507976000,20.3410882500,789474,16498652.5700,2,0.179800,1,0.047700,32.940230,2.795455,1.745813,43.710431,0
2024-03-07,sh.603358,20.4867285000,20.5644033000,19.9041675000,20.1760293000,20.3507976000,1215540,25261516.2200,2,0.276900,1,-0.858800,32.657346,2.771448,1.730820,43.335055,0
2024-03-08,sh.603358,20.1469012500,20.6323687500,19.9235862000,20.5352752500,20.1760293000,1495626,31306979.1900,2,0.340700,1,1.780600,33.238829,2.820795,1.761639,44.106661,0
2024-03-11,sh.603358,20.5352752500,21.5935944000,20.5352752500,21.3120232500,20.5352752500,3042476,66741715.8800,2,0.693000,1,3.782500,34.496090,2.927492,1.828273,45.774998,0
2024-03-12,sh.603358,21.3896980500,21.4382448000,20.9236492500,21.3314419500,21.3120232500,1743138,38055438.2000,2,0.397000,1,0.091100,34.527522,2.930159,1.829939,45.816707,0
2024-03-13,sh.603358,21.3314419500,21.4188261000,21.0013240500,21.3314419500,21.3314419500,1185100,25858971.0000,2,0.269900,1,0.000000,34.527522,2.930159,1.829939,45.816707,0
2024-03-14,sh.603358,21.2634765000,21.5353383000,21.1372549500,21.3314419500,21.3314419500,2004900,44076086.2800,2,0.456700,1,0.000000,34.527522,2.930159,1.829939,45.816707,0
2024-03-15,sh.603358,21.1858017000,21.5547570000,21.1663830000,21.4576635000,21.3314419500,3243485,71293804.4500,2,0.738800,1,0.591700,34.731827,2.947497,1.840767,46.087811,0
2024-03-18,sh.603358,21.4479541500,21.8363281500,21.1081269000,21.1372549500,21.4576635000,2831801,62299776.1100,2,0.645000,1,-1.493200,34.213207,2.903485,1.813280,45.399622,0
2024-03-19,sh.603358,21.1275456000,22.0887712500,21.1275456000,21.9431310000,21.1372549500,4736963,106189446.2000,2,1.078900,1,3.812600,35.517614,3.014183,1.882413,47.130522,0
2024-03-20,sh.603358,21.9042936000,22.0887712500,21.6130131000,21.8557468500,21.9431310000,2814685,63197602.9200,2,0.641100,1,-0.398200,35.376173,3.002179,1.874917,46.942834,0
2024-03-21,sh.603358,21.8654562000,22.2247021500,21.6033037500,22.0402245000,21.8557468500,2172243,49035163.1900,2,0.494800,1,0.844100,35.674772,3.027520,1.890742,47.339064,0
2024-03-22,sh.603358,21.9334216500,22.5256920000,21.9334216500,22.2829582500,22.0402245000,2891056,66322897.7400,2,0.658500,1,1.101300,36.067666,3.060863,1.911565,47.860420,0
2024-03-25,sh.603358,22.0693525500,22.3703424000,21.3508606500,21.6227224500,22.2829582500,2765104,62241410.6300,2,0.629800,1,-2.963000,34.998994,2.970170,1.854926,46.442333,0
2024-03-26,sh.603358,21.3702793500,21.6518505000,20.7780090000,21.2149297500,21.6227224500,1898738,41505960.0000,2,0.432500,1,-1.885900,34.338933,2.914155,1.819943,45.566456,0
2024-03-27,sh.603358,21.2731858500,21.2731858500,20.5449846000,20.8751025000,21.2149297500,1281909,27487325.2200,2,0.292000,1,-1.601800,33.788881,2.867475,1.790791,44.836559,0
2024-03-28,sh.603358,20.8459744500,21.1178362500,20.0109703500,20.7488809500,20.8751025000,2808910,59694986.9600,2,0.639800,1,-0.604700,33.584576,2.850137,1.779963,44.565454,0
2024-03-29,sh.603358,20.5352752500,21.1663830000,20.4090537000,21.1663830000,20.7488809500,897729,19154760.6300,2,0.204500,1,2.012200,34.260354,2.907486,1.815779,45.462185,0
2024-04-01,sh.603358,21.1663830000,21.4382448000,20.9527773000,21.2634765000,21.1663830000,1700208,37118620.9200,2,0.387300,1,0.458700,34.417511,2.920823,1.824108,45.670727,0
2024-04-02,sh.603358,21.4091167500,21.4091167500,20.9236492500,21.1663830000,21.2634765000,1630578,35450009.3800,2,0.371400,1,-0.456600,34.260354,2.907486,1.815779,45.462185,0
2024-04-03,sh.603358,21.1663830000,21.1760923500,20.6032407000,20.6906248500,21.1663830000,1751393,37502456.7600,2,0.398900,1,-2.247700,33.490282,2.842134,1.774965,44.440329,0
2024-04-08,sh.603358,20.6323687500,20.8653931500,20.2925415000,20.6809155000,20.6906248500,1746819,37005219.1500,2,0.397900,1,-0.046900,33.474566,2.840801,1.774132,44.419474,0
2024-04-09,sh.603358,20.4284724000,20.6129500500,19.9235862000,20.0012610000,20.6809155000,2199092,45831261.3300,2,0.500900,1,-3.286400,32.374463,2.747441,1.715828,42.959679,0
2024-04-10,sh.603358,20.3799256500,22.0013871000,20.2925415000,22.0013871000,20.0012610000,6674543,148127750.1200,2,1.520300,1,10.000000,35.611909,3.022185,1.887410,47.255647,0
2024-04-11,sh.603358,23.1082530000,24.2054095500,22.3023769500,24.2054095500,22.0013871000,14636256,354655662.3900,2,3.333700,1,10.017700,39.179386,3.324937,2.076485,51.989554,0
2024-04-12,sh.603358,25.2248913000,26.2152450000,23.9723851500,25.5841372500,24.2054095500,18452719,478093920.9500,2,4.203000,1,5.695900,41.411024,3.514324,2.194760,54.950852,0
2024-04-15,sh.603358,27.7396129500,28.1474056500,24.3122124000,24.8656453500,25.5841372500,15760639,432028607.9000,2,3.589800,1,-2.808300,40.248058,3.415629,2.133124,53.407640,0
2024-04-16,sh.603358,23.0791249500,25.7103588000,23.0791249500,25.1860539000,24.8656453500,10305962,258482081.0000,2,2.347400,1,1.288600,40.766678,3.459642,2.160610,54.095829,0
2024-04-17,sh.603358,25.0598323500,26.4482694000,25.0404136500,25.6423933500,25.1860539000,9180081,242545108.4500,2,2.090900,1,1.811900,41.505319,3.522326,2.199758,55.075977,0
2024-04-18,sh.603358,25.6521027000,25.8462897000,24.6617490000,24.8947734000,25.6423933500,6849740,178373481.7100,2,1.560200,1,-2.915600,40.295205,3.419630,2.135622,53.470203,0
2024-04-19,sh.603358,25.0598323500,25.9433832000,25.0598323500,25.5355905000,24.8947734000,5648122,147827635.7100,2,1.286500,1,2.574100,41.332445,3.507655,2.190596,54.846581,0
2024-04-22,sh.603358,25.2734380500,25.7880336000,24.6714583500,25.4287876500,25.5355905000,5024703,130913844.2300,2,1.144500,1,-0.418300,41.159572,3.492984,2.181433,54.617185,0
2024-04-23,sh.603358,25.2443100000,25.7103588000,25.0598323500,25.3608222000,25.4287876500,4400070,115218787.2400,2,1.002200,1,-0.267300,41.049562,3.483648,2.175603,54.471205,0
2024-04-24,sh.603358,25.5938466000,25.6715214000,24.7685518500,25.0889604000,25.3608222000,3318138,85875538.5600,2,0.755800,1,-1.072000,40.609520,3.446305,2.152281,53.887287,0
2024-04-25,sh.603358,25.0889604000,26.4288507000,24.4287246000,25.9239645000,25.0889604000,9149765,241127303.3300,2,2.084000,1,3.328200,41.961076,3.561004,2.223913,55.680750,0
2024-04-26,sh.603358,25.7783242500,27.1376332500,25.7783242500,26.5647816000,25.9239645000,7295944,200269522.8100,2,1.661800,1,2.471900,42.998316,3.649028,2.278886,57.057128,0
2024-04-29,sh.603358,26.6618751000,27.3609483000,26.5065255000,27.1667613000,26.5647816000,6213199,172364766.1700,2,1.415200,1,2.266100,43.972693,3.731718,2.330527,58.350089,0
2024-04-30,sh.603358,27.2929828500,28.8173508000,27.2832735000,28.3221739500,27.1667613000,5931672,172235083.9600,2,1.351100,1,4.253000,35.116240,3.643975,2.254639,-38.819857,0
2024-05-06,sh.603358,28.3124646000,28.8367695000,27.9629280000,28.5746170500,28.3221739500,6184954,181752542.2400,2,1.408700,1,0.891300,35.429241,3.676454,2.274735,-39.165869,0
2024-05-07,sh.603358,28.4678142000,28.7493853500,27.9823467000,28.5357796500,28.5746170500,5591869,163920942.6300,2,1.273700,1,-0.135900,35.381087,3.671458,2.271644,-39.112636,0
2024-05-08,sh.603358,28.2153711000,28.5163609500,27.8075784000,27.9920560500,28.5357796500,4659234,134686472.5500,2,1.061200,1,-1.905400,34.706932,3.601501,2.228359,-38.367380,0
2024-05-09,sh.603358,28.0600215000,29.0309565000,27.9143812500,28.8950256000,27.9920560500,4629692,136601482.0200,2,1.054500,1,3.225800,35.826511,3.717679,2.300242,-39.605038,0
2024-05-10,sh.603358,28.2444991500,28.8853162500,28.0114747500,28.2444991500,28.8950256000,4169357,121953516.9600,2,0.949700,1,-2.251300,35.019933,3.633981,2.248456,-38.713392,0
2024-05-13,sh.603358,28.0697308500,28.6717105500,27.7396129500,28.2542085000,28.2444991500,3093944,90264988.9200,2,0.704700,1,0.034400,35.031971,3.635230,2.249229,-38.726700,0
2024-05-14,sh.603358,28.2347898000,29.4970053000,28.1571150000,29.0892126000,28.2542085000,4333405,128633175.1700,2,0.987000,1,2.955300,36.067280,3.742663,2.315701,-39.871201,0
2024-05-15,sh.603358,28.9338630000,29.2057248000,28.3998487500,28.4678142000,29.0892126000,2702581,80036934.4700,2,0.615600,1,-2.136200,35.296818,3.662713,2.266233,-39.019479,0
2024-05-16,sh.603358,28.4678142000,28.6522918500,27.5745540000,27.9435093000,28.4678142000,4987272,143826961.7700,2,1.135900,1,-1.841700,34.646740,3.595255,2.224495,-38.300840,0
2024-05-17,sh.603358,27.9337999500,28.2736272000,27.6036820500,28.2444991500,27.9435093000,2483833,71696803.2600,2,0.565700,1,1.077100,35.019933,3.633981,2.248456,-38.713392,0
2024-05-20,sh.603358,28.3513020000,28.8173508000,28.2444991500,28.7202573000,28.2444991500,3405432,100236988.5000,2,0.775700,1,1.684400,35.609818,3.695193,2.286329,-39.365491,0
2024-05-21,sh.603358,28.6425825000,29.5164240000,28.4483955000,29.2251435000,28.7202573000,4120214,123720021.5500,2,0.938500,1,1.757900,36.235819,3.760152,2.326522,-40.057515,0
2024-05-22,sh.603358,29.2251435000,29.3707837500,28.2542085000,29.1668874000,29.2251435000,5752763,170779107.8800,2,1.310300,1,-0.199300,36.163588,3.752657,2.321884,-39.977666,0
2024-05-23,sh.603358,29.0989219500,29.4193305000,28.6425825000,29.0795032500,29.1668874000,3377856,100649205.2600,2,0.769400,1,-0.299600,36.055242,3.741414,2.314928,-39.857893,0
2024-05-24,sh.603358,29.1280500000,29.1280500000,28.5357796500,28.8853162500,29.0795032500,2711844,80690301.4300,2,0.617700,1,-0.667800,35.814472,3.716429,2.299469,-39.591730,0
2024-05-27,sh.603358,28.7396760000,28.7688040500,28.2833365500,28.7396760000,28.8853162500,2261380,66493911.0200,2,0.515100,1,-0.504200,35.633895,3.697691,2.287875,-39.392107,0
2024-05-28,sh.603358,29.0795032500,29.0795032500,28.0697308500,28.1571150000,28.7396760000,2917000,85152550.9600,2,0.664400,1,-2.027000,34.911586,3.622738,2.241499,-38.593619,0
2024-05-29,sh.603358,27.5745540000,28.8270601500,27.5745540000,28.7396760000,28.1571150000,2686980,78799165.8000,2,0.612000,1,2.069000,35.633895,3.697691,2.287875,-39.392107,0
2024-05-30,sh.603358,29.0406658500,29.1377593500,27.9726373500,28.1668243500,28.7396760000,3488511,102087057.0200,2,0.794600,1,-1.993200,34.923625,3.623987,2.242272,-38.606927,0
2024-05-31,sh.603358,28.0600215000,28.6911292500,27.9629280000,28.3998487500,28.1668243500,2258550,66278520.0000,2,0.514400,1,0.827300,35.212548,3.653968,2.260822,-38.926322,0
2024-06-03,sh.603358,28.2542085000,28.8853162500,28.1862430500,28.3804300500,28.3998487500,3262146,95861179.8900,2,0.743000,1,-0.068400,35.188471,3.651470,2.259277,-38.899706,0
2024-06-04,sh.603358,28.3027552500,28.6814199000,28.1571150000,28.5551983500,28.3804300500,2135569,62556443.0900,2,0.486400,1,0.615800,35.405164,3.673956,2.273189,-39.139253,0
2024-06-05,sh.603358,28.3027552500,28.7882227500,27.9920560500,28.4289768000,28.5551983500,1729588,50565728.9200,2,0.393900,1,-0.442000,35.248664,3.657716,2.263141,-38.966247,0
2024-06-06,sh.603358,28.1571150000,28.2542085000,27.4677511500,28.1376963000,28.4289768000,3178310,91245859.6900,2,0.723900,1,-1.024600,34.887509,3.620240,2.239953,-38.567003,0
2024-06-07,sh.603358,27.9629280000,28.3027552500,27.6716475000,28.1376963000,28.1376963000,2407116,69209487.5200,2,0.548300,1,0.000000,34.887509,3.620240,2.239953,-38.567003,0
2024-06-11,sh.603358,28.1376963000,28.4289768000,27.7007755500,28.2444991500,28.1376963000,1690652,48783395.7700,2,0.385100,1,0.379600,35.019933,3.633981,2.248456,-38.713392,0
2024-06-12,sh.603358,28.1571150000,28.4192674500,28.0697308500,28.2347898000,28.2444991500,1368076,39797640.6600,2,0.311600,1,-0.034400,35.007894,3.632732,2.247683,-38.700084,0
2024-06-13,sh.603358,28.2153711000,28.2736272000,27.8658345000,28.1474056500,28.2347898000,1704784,49279022.9600,2,0.388300,1,-0.309500,34.899548,3.621489,2.240726,-38.580311,0
2024-06-14,sh.603358,27.9240906000,28.3027552500,27.6813568500,27.8852532000,28.1474056500,3368790,97077405.7200,2,0.767300,1,-0.931400,34.574509,3.587760,2.219857,-38.220991,0
2024-06-17,sh.603358,27.8755438500,28.4678142000,27.7687410000,27.9920560500,27.8852532000,2578317,74615895.8400,2,0.587300,1,0.383000,34.706932,3.601501,2.228359,-38.367380,0
2024-06-18,sh.603358,27.9435093000,28.6037451000,27.6619381500,28.5357796500,27.9920560500,2810408,81814810.6200,2,0.640100,1,1.942400,35.381087,3.671458,2.271644,-39.112636,0
2024-06-19,sh.603358,28.3998487500,28.8367695000,28.0600215000,28.3415926500,28.5357796500,3866611,113308728.4800,2,0.880700,1,-0.680500,35.140317,3.646473,2.256185,-38.846474,0
2024-06-20,sh.603358,27.9629280000,28.4386861500,27.5065885500,28.1668243500,28.3415926500,2492300,72234834.0000,2,0.567700,1,-0.616600,34.923625,3.623987,2.242272,-38.606927,0
2024-06-21,sh.603358,28.1085682500,28.6717105500,27.9629280000,28.1571150000,28.1668243500,1707600,49717770.0000,2,0.388900,1,-0.034500,34.911586,3.622738,2.241499,-38.593619,0
2024-06-24,sh.603358,28.0600215000,28.1862430500,27.4774605000,27.4774605000,28.1571150000,2343701,67233884.8700,2,0.533800,1,-2.413800,34.068893,3.535293,2.187394,-37.662049,0
2024-06-25,sh.603358,27.5745540000,27.8464158000,27.3900763500,27.5551353000,27.4774605000,1722500,49007346.2500,2,0.392300,1,0.282700,34.165201,3.545286,2.193578,-37.768514,0
2024-06-26,sh.603358,27.1861800000,28.7299666500,27.0405397500,28.5357796500,27.5551353000,2673481,77060100.6800,2,0.608900,1,3.558800,35.381087,3.671458,2.271644,-39.112636,0
2024-06-27,sh.603358,28.2542085000,28.6328731500,27.8561251500,27.9143812500,28.5357796500,1626600,47014057.0000,2,0.370500,1,-2.177600,34.610624,3.591507,2.222176,-38.260915,0
2024-06-28,sh.603358,27.7687410000,28.4969422500,27.5162979000,28.0114747500,27.9143812500,1635600,47346432.0000,2,0.372500,1,0.347800,34.731009,3.604000,2.229905,-38.393997,0
2024-07-01,sh.603358,27.9337999500,28.3221739500,27.4677511500,28.1571150000,28.0114747500,1836061,52800850.5000,2,0.418200,1,0.519900,34.911586,3.622738,2.241499,-38.593619,0
2024-07-02,sh.603358,28.1765337000,28.4483955000,27.7299036000,28.1571150000,28.1571150000,1855788,53606201.6400,2,0.422700,1,0.000000,34.911586,3.622738,2.241499,-38.593619,0
2024-07-03,sh.603358,28.1571150000,28.8270601500,27.9240906000,28.4192674500,28.1571150000,2524162,73757889.9200,2,0.574900,1,0.931000,35.236625,3.656467,2.262368,-38.952939,0
2024-07-04,sh.603358,28.2542085000,28.6522918500,27.6036820500,27.9726373500,28.4192674500,3314678,96077299.5200,2,0.755000,1,-1.571600,34.682855,3.599003,2.226814,-38.340764,0
2024-07-05,sh.603358,27.9629280000,28.7396760000,27.7687410000,28.6814199000,27.9726373500,2513120,73165480.2000,2,0.572400,1,2.533800,35.561664,3.690196,2.283237,-39.312259,0
2024-07-08,sh.603358,28.3707207000,28.6620012000,27.8658345000,27.8852532000,28.6814199000,2313340,66893646.2000,2,0.526900,1,-2.775900,34.574509,3.587760,2.219857,-38.220991,0
2024-07-09,sh.603358,27.6522288000,28.5357796500,27.6231007500,28.4483955000,27.8852532000,2345723,68048842.5600,2,0.534300,1,2.019500,35.272741,3.660215,2.264687,-38.992863,0
2024-07-10,sh.603358,28.3415926500,30.4485216000,28.1571150000,30.0795663000,28.4483955000,5601670,169930503.0500,2,1.275900,1,5.733800,37.295205,3.870084,2.394540,-41.228631,0
2024-07-11,sh.603358,30.0504382500,31.0310826000,29.5552614000,30.6815460000,30.0795663000,4535116,142433014.4800,2,1.033000,1,2.001300,38.041591,3.947535,2.442461,-42.053736,0
2024-07-12,sh.603358,30.5844525000,30.8757330000,29.7688671000,30.3223000500,30.6815460000,3256100,101590273.2300,2,0.741600,1,-1.170900,37.596167,3.901314,2.413863,-41.561335,0
2024-07-15,sh.603358,30.2931720000,30.6038712000,29.8659606000,30.0213102000,30.3223000500,1957766,60828156.5800,2,0.445900,1,-0.992600,37.222974,3.862588,2.389902,-41.148783,0
2024-07-16,sh.603358,30.0504382500,30.6038712000,29.6135175000,30.3320094000,30.0213102000,3224949,100719582.6000,2,0.734500,1,1.034900,37.608205,3.902563,2.414636,-41.574643,0
2024-07-17,sh.603358,30.1086943500,30.3320094000,29.2057248000,29.2057248000,30.3320094000,2889550,88385546.0500,2,0.658200,1,-3.713200,36.211742,3.757654,2.324976,-40.030898,0
2024-07-18,sh.603358,29.2057248000,29.3902024500,28.3027552500,28.9824097500,29.2057248000,2008466,59627789.8800,2,0.457500,1,-0.764600,35.934857,3.728922,2.307198,-39.724811,0
2024-07-19,sh.603358,28.8940015500,29.2673344500,28.6090896000,28.7859315000,28.9824225000,1371590,40337246.2900,2,0.312400,1,-0.678000,35.272741,3.660215,2.264687,-38.992863,0
2024-07-22,sh.603358,28.7859315000,29.2771590000,28.5108441000,29.0118961500,28.7859315000,1432769,42170619.9800,2,0.326300,1,0.785000,35.549626,3.688947,2.282465,-39.298950,0
2024-07-23,sh.603358,29.0118961500,29.0806680000,26.1136539000,26.1627766500,29.0118961500,6502632,178158448.9600,2,1.481100,1,-9.820500,32.058467,3.326673,2.058315,-35.439589,0
2024-07-24,sh.603358,26.2217239500,27.2631262500,25.5733036500,26.6834778000,26.1627766500,5167982,140497729.2500,2,1.177100,1,1.990200,32.696506,3.392881,2.099280,-36.144920,0
2024-07-25,sh.603358,26.4182149500,27.1059334500,26.2413730500,26.8013724000,26.6834778000,2027896,55156640.0000,2,0.461900,1,0.441800,32.840968,3.407872,2.108555,-36.304618,0
2024-07-26,sh.603358,26.9389161000,27.7740028500,26.8406706000,27.7543537500,26.8013724000,2259818,63104475.5100,2,0.514700,1,3.555700,34.008701,3.529046,2.183529,-37.595508,0
2024-07-29,sh.603358,27.6855819000,27.8820729000,27.4497927000,27.7543537500,27.7543537500,1431225,40361301.4400,2,0.326000,1,0.000000,34.008701,3.529046,2.183529,-37.595508,0
2024-07-30,sh.603358,27.6561082500,27.9606693000,27.3908454000,27.7347046500,27.7543537500,1299300,36567653.0800,2,0.295900,1,-0.070800,33.984624,3.526548,2.181984,-37.568892,0
2024-07-31,sh.603358,27.7347046500,28.9824225000,27.6266346000,28.8645279000,27.7347046500,2153200,62488383.0000,2,0.490400,1,4.073700,35.369049,3.670208,2.270871,-39.099328,0
2024-08-01,sh.603358,28.8350542500,29.7978601500,28.6582123500,29.7192637500,28.8645279000,3432772,102565072.2400,2,0.781900,1,2.961200,36.416396,3.778890,2.338116,-40.257137,0
2024-08-02,sh.603358,29.4736500000,30.0631230000,29.4736500000,29.5522464000,29.7192637500,1927254,58343913.4000,2,0.439000,1,-0.562000,36.211742,3.757654,2.324976,-40.030898,0
2024-08-05,sh.603358,29.3950536000,29.5718955000,27.9999675000,28.1571603000,29.5522464000,2413891,70455966.6000,2,0.549800,1,-4.720700,34.502278,3.580264,2.215220,-38.141142,0
2024-08-06,sh.603358,28.5894405000,29.2771590000,28.1669848500,29.2280362500,28.1571603000,1829944,53375896.5200,2,0.416800,1,3.803200,35.814472,3.716429,2.299469,-39.591730,0
2024-08-07,sh.603358,28.9431243000,29.4736500000,28.8154051500,29.1789135000,29.2280362500,1122984,33266090.6400,2,0.255800,1,-0.168100,35.754280,3.710183,2.295604,-39.525189,0
2024-08-08,sh.603358,29.1297907500,29.2575099000,28.5010195500,29.1003171000,29.1789135000,1369937,40316873.4500,2,0.312000,1,-0.269400,35.657972,3.700190,2.289421,-39.418724,0
2024-08-09,sh.603358,29.0806680000,29.6603164500,28.3733004000,28.7564578500,29.1003171000,2195889,64251786.0000,2,0.500200,1,-1.181600,35.236625,3.656467,2.262368,-38.952939,0
2024-08-12,sh.603358,28.7564578500,28.9824225000,28.0982130000,28.2750549000,28.7564578500,1396010,40228144.6000,2,0.318000,1,-1.674100,34.646740,3.595255,2.224495,-38.300840,0
2024-08-13,sh.603358,27.7052310000,28.5697914000,27.7052310000,28.4911950000,28.2750549000,1261910,36360925.1000,2,0.287400,1,0.764400,34.911586,3.622738,2.241499,-38.593619,0
2024-08-14,sh.603358,28.5403177500,28.6778614500,28.0982130000,28.3340022000,28.4911950000,995900,28776668.0000,2,0.226800,1,-0.551700,34.718971,3.602750,2.229132,-38.380689,0
2024-08-15,sh.603358,28.0490902500,29.4638254500,28.0490902500,28.8841770000,28.3340022000,1963900,57771360.0000,2,0.447300,1,1.941700,35.393125,3.672707,2.272416,-39.125945,0
2024-08-16,sh.603358,28.8350542500,29.3754045000,28.5501423000,28.8841770000,28.8841770000,1297600,38126104.0000,2,0.295600,1,0.000000,35.393125,3.672707,2.272416,-39.125945,0
2024-08-19,sh.603358,28.5894405000,29.1985626000,28.5010195500,29.1396153000,28.8841770000,2124878,62718693.1000,2,0.484000,1,0.884400,35.706126,3.705186,2.292513,-39.471956,0
2024-08-20,sh.603358,29.0708434500,29.2378608000,28.2062830500,28.4911950000,29.1396153000,2267860,66187145.7000,2,0.516500,1,-2.225200,34.911586,3.622738,2.241499,-38.593619,0
2024-08-21,sh.603358,28.1571603000,28.5796159500,26.1234784500,26.9192670000,28.4911950000,7243301,200372268.7000,2,1.649800,1,-5.517200,32.985430,3.422863,2.117830,-36.464316,0
2024-08-22,sh.603358,26.9192670000,28.0490902500,26.2806712500,27.8918974500,26.9192670000,4024600,113248860.2000,2,0.916700,1,3.613100,34.177239,3.546536,2.194350,-37.781822,0
2024-08-23,sh.603358,27.7052310000,28.1768094000,27.6069855000,27.9803184000,27.8918974500,1899574,54034200.0400,2,0.432700,1,0.317000,34.285585,3.557779,2.201307,-37.901595,0
2024-08-26,sh.603358,27.9803184000,28.3929495000,27.1059334500,27.9803184000,27.9803184000,3910435,110658338.3900,2,0.890700,1,0.000000,38.045925,3.715987,2.337075,-37.559421,0
2024-08-27,sh.603358,27.8427747000,27.8427747000,27.2140035000,27.7052310000,27.9803184000,2079647,58264682.1800,2,0.473700,1,-0.983100,37.671878,3.679453,2.314098,-37.190157,0
2024-08-28,sh.603358,27.3417226500,27.7052310000,27.0175125000,27.6855819000,27.7052310000,1964834,54858856.0800,2,0.447500,1,-0.070900,37.645160,3.676844,2.312457,-37.163781,0
2024-08-29,sh.603358,27.7052310000,28.3045285500,27.4006699500,28.2947040000,27.6855819000,2340634,66227805.3600,2,0.533100,1,2.200100,38.473407,3.757740,2.363334,-37.981437,0
2024-08-30,sh.603358,27.9999675000,29.0511943500,27.9508447500,28.7466333000,28.2947040000,2432578,70944704.3800,2,0.554100,1,1.597200,39.087913,3.817759,2.401082,-38.588085,0
2024-09-02,sh.603358,28.4125986000,28.7859315000,28.0982130000,28.4617213500,28.7466333000,1895252,54809095.4400,2,0.431700,1,-0.991100,38.700507,3.779921,2.377285,-38.205633,0
2024-09-03,sh.603358,28.3340022000,28.4420722500,27.0175125000,27.3908454000,28.4617213500,3665000,102838020.3200,2,0.834800,1,-3.762500,37.244395,3.637701,2.287839,-36.768141,0
2024-09-04,sh.603358,26.8210215000,27.4596172500,26.3494431000,27.1943544000,27.3908454000,1978362,54132802.9600,2,0.450600,1,-0.717400,36.977219,3.611605,2.271427,-36.504381,0
2024-09-05,sh.603358,26.7227760000,27.1648807500,26.6736532500,27.0469861500,27.1943544000,2235302,61160684.9500,2,0.509100,1,-0.541900,36.776837,3.592034,2.259118,-36.306561,0
2024-09-06,sh.603358,26.8799688000,27.3122490000,26.3297940000,27.0666352500,27.0469861500,2881952,78929006.8900,2,0.656400,1,0.072600,36.803554,3.594643,2.260759,-36.332937,0
2024-09-09,sh.603358,27.0175125000,27.9999675000,26.9782143000,27.2533017000,27.0666352500,2748740,76749046.7700,2,0.626100,1,0.689700,37.057372,3.619434,2.276351,-36.583509,0
2024-09-10,sh.603358,27.2140035000,29.4048781500,27.1845298500,29.0806680000,27.2533017000,5611722,161663650.3800,2,1.278200,1,6.705100,39.542113,3.862121,2.428983,-39.036477,0
2024-09-11,sh.603358,29.2771590000,29.3557554000,28.4911950000,28.5894405000,29.0806680000,2211586,64751884.0200,2,0.503700,1,-1.689200,38.874172,3.796883,2.387953,-38.377077,0
2024-09-12,sh.603358,28.5010195500,29.1199662000,28.1964585000,28.4715459000,28.5894405000,1931892,56121521.6000,2,0.440000,1,-0.412400,38.713866,3.781226,2.378105,-38.218821,0
2024-09-13,sh.603358,28.2455812500,28.6582123500,28.1276866500,28.4125986000,28.4715459000,992838,28663742.2200,2,0.226100,1,-0.207000,38.633713,3.773397,2.373182,-38.139693,0
2024-09-18,sh.603358,28.4420722500,28.5992650500,28.0982130000,28.1964585000,28.4125986000,1345800,38706567.0000,2,0.306500,1,-0.760700,38.339819,3.744692,2.355128,-37.849557,0
2024-09-19,sh.603358,28.2062830500,29.0806680000,27.7052310000,28.1473357500,28.1964585000,1564174,44644299.7400,2,0.356300,1,-0.174200,38.273025,3.738168,2.351025,-37.783617,0
2024-09-20,sh.603358,27.9508447500,28.6680369000,27.9213711000,28.6680369000,28.1473357500,2745114,79127263.8200,2,0.625300,1,1.849900,38.981042,3.807321,2.394517,-38.482581,0
2024-09-23,sh.603358,28.6778614500,29.6897901000,28.1964585000,28.9627734000,28.6680369000,2996895,88458837.9400,2,0.682600,1,1.028100,39.381807,3.846464,2.419135,-38.878221,0
2024-09-24,sh.603358,29.1592644000,29.1592644000,27.8034765000,28.8547033500,28.9627734000,4283842,124620334.8900,2,0.975700,1,-0.373100,39.234860,3.832112,2.410109,-38.733153,0
2024-09-25,sh.603358,28.7859315000,30.0140002500,28.5599668500,29.9747020500,28.8547033500,5384406,161437351.7800,2,1.226400,1,3.881500,40.757766,3.980855,2.503657,-40.236585,0
2024-09-26,sh.603358,30.3087367500,30.3873331500,29.3852290500,30.3087367500,29.9747020500,3548930,108465447.0100,2,0.808300,1,1.114400,41.211965,4.025218,2.531558,-40.684977,0
2024-09-27,sh.603358,30.2694385500,31.2518935500,29.8862811000,30.6525960000,30.3087367500,3423250,105899617.8800,2,0.779700,1,1.134500,41.679524,4.070885,2.560279,-41.146557,0
2024-09-30,sh.603358,31.4385600000,33.3641718000,30.8097888000,32.7059269500,30.6525960000,10692532,350181416.2800,2,2.435400,1,6.698700,44.471518,4.343582,2.731785,-43.902849,0
2024-10-08,sh.603358,35.3585554500,35.9578530000,30.4462804500,32.1852258000,32.7059269500,13402131,448254235.9300,2,3.052600,1,-1.592100,43.763500,4.274429,2.688293,-43.203885,0
2024-10-09,sh.603358,31.3796127000,33.7964520000,30.6918942000,32.9024179500,32.1852258000,10993742,361705688.8600,2,2.504000,1,2.228300,44.738694,4.369677,2.748197,-44.166609,0
2024-10-10,sh.603358,33.0104880000,33.8946975000,31.8118929000,32.2638222000,32.9024179500,6398732,212096637.5200,2,1.457400,1,-1.940900,43.870371,4.284867,2.694858,-43.309389,0
2024-10-11,sh.603358,32.1754012500,32.4996114000,31.2420690000,32.2638222000,32.2638222000,4301133,139419685.7000,2,0.979700,1,0.000000,43.870371,4.284867,2.694858,-43.309389,0
2024-10-14,sh.603358,32.1754012500,33.1087335000,31.9101384000,32.3915413500,32.2638222000,6841306,226831487.0900,2,1.558200,1,0.395900,44.044036,4.301829,2.705526,-43.480833,0
2024-10-15,sh.603358,32.1262785000,32.4013659000,30.8589115500,31.2322444500,32.3915413500,4774490,154183214.3200,2,1.087500,1,-3.579000,42.467695,4.147866,2.608695,-41.924649,0
2024-10-16,sh.603358,30.9375079500,31.3992618000,30.4659295500,31.2617181000,31.2322444500,2999383,94511643.4200,2,0.683200,1,0.094400,42.507771,4.151780,2.611156,-41.964213,0
2024-10-17,sh.603358,31.2420690000,31.4483845500,30.7017187500,31.0455780000,31.2617181000,3437879,108345896.3700,2,0.783000,1,-0.691400,42.213877,4.123075,2.593103,-41.674077,0
2024-10-18,sh.603358,30.8490870000,32.1164539500,30.7017187500,31.6252264500,31.0455780000,6055306,192851186.7700,2,1.379200,1,1.867100,43.002048,4.200057,2.641519,-42.452169,0
2024-10-21,sh.603358,31.4876827500,31.5957528000,30.0434739000,30.3775086000,31.6252264500,6148592,191289834.3100,2,1.400500,1,-3.945300,41.305477,4.034351,2.537302,-40.777293,0
2024-10-22,sh.603358,30.3382104000,30.8392624500,29.9059302000,30.7410169500,30.3775086000,4552517,141118935.0000,2,1.036900,1,1.196600,41.799754,4.082628,2.567664,-41.265249,0
2024-10-23,sh.603358,30.6329469000,32.7845233500,30.6132978000,32.3031204000,30.7410169500,7964640,261015541.5600,2,1.814100,1,5.081500,43.923806,4.290086,2.698140,-43.362141,0
2024-10-24,sh.603358,32.2736467500,33.1480317000,32.1754012500,32.6371551000,32.3031204000,3986769,132173801.7200,2,0.908100,1,1.034100,44.378006,4.334448,2.726041,-43.810533,0
2024-10-25,sh.603358,32.5585587000,32.8925934000,32.0869803000,32.4210150000,32.6371551000,4555180,150163016.9200,2,1.037500,1,-0.662300,44.084112,4.305743,2.707987,-43.520397,0
2024-10-28,sh.603358,32.4111904500,32.7452251500,31.6645246500,32.2736467500,32.4210150000,4081500,133164690.0000,2,0.929600,1,-0.454500,43.883730,4.286172,2.695678,-43.322577,0
2024-10-29,sh.603358,32.3031204000,32.7157515000,31.7038228500,32.3129449500,32.2736467500,4911833,161501745.7200,2,1.118800,1,0.121800,43.937165,4.291391,2.698961,-43.375329,0
2024-10-30,sh.603358,32.3031204000,32.4111904500,31.8118929000,32.0869803000,32.3129449500,3409157,111114232.6100,2,0.776500,1,-0.699300,43.629912,4.261381,2.680087,-43.072005,0
2024-10-31,sh.603358,32.0869803000,32.1459276000,30.5248768500,31.3796127000,32.0869803000,4748616,150282617.3500,2,1.081600,1,-2.204500,53.380104,4.210777,2.656515,-29.686799,0
2024-11-01,sh.603358,30.8589115500,31.0750516500,29.8568074500,30.0434739000,31.3796127000,3741459,115520597.6900,2,0.852200,1,-4.258000,51.107188,4.031483,2.543401,-28.422740,0
2024-11-04,sh.603358,30.2596140000,30.8982097500,30.0434739000,30.1908421500,30.0434739000,2667823,82388578.3400,2,0.607600,1,0.490500,51.357877,4.051258,2.555877,-28.562159,0
2024-11-05,sh.603358,30.3087367500,30.5936487000,29.7683865000,30.4364559000,30.1908421500,4126323,127193493.3000,2,0.939900,1,0.813500,51.775692,4.084217,2.576670,-28.794522,0
2024-11-06,sh.603358,30.4855786500,31.1634726000,29.7683865000,30.4364559000,30.4364559000,5339567,164521388.7300,2,1.216200,1,0.000000,51.775692,4.084217,2.576670,-28.794522,0
2024-11-07,sh.603358,30.5641750500,30.7999642500,30.0827721000,30.1810176000,30.4364559000,3251622,100170532.0600,2,0.740600,1,-0.839300,51.341164,4.049940,2.555046,-28.552864,0
2024-11-08,sh.603358,30.1810176000,30.6525960000,29.8076847000,30.1122457500,30.1810176000,4050725,124554406.5400,2,0.922600,1,-0.227900,51.224176,4.040712,2.549224,-28.487802,0
2024-11-11,sh.603358,30.2596140000,30.7311924000,29.7389128500,29.7487374000,30.1122457500,6951330,213487287.5400,2,1.583300,1,-1.207200,50.605809,3.991933,2.518450,-28.143904,0
2024-11-12,sh.603358,29.8273338000,30.3087367500,29.2280362500,29.5522464000,29.7487374000,5087016,154323480.5300,2,1.158700,1,-0.660500,50.271557,3.965566,2.501815,-27.958013,0
2024-11-13,sh.603358,29.5817200500,30.0140002500,28.9824225000,30.0140002500,29.5522464000,3945141,118213040.1500,2,0.898600,1,1.562500,51.057050,4.027528,2.540906,-28.394857,0
2024-11-14,sh.603358,30.0140002500,30.1122457500,29.1789135000,29.6308428000,30.0140002500,3788900,114654520.0600,2,0.863000,1,-1.276600,50.405258,3.976113,2.508469,-28.032369,0
2024-11-15,sh.603358,29.5325973000,31.4189109000,29.3066326500,30.2596140000,29.6308428000,8509595,264949614.0600,2,1.938200,1,2.122000,51.474865,4.060487,2.561699,-28.627220,0
2024-11-18,sh.603358,30.2596140000,30.7803151500,29.4736500000,30.7017187500,30.2596140000,9440969,291878041.5800,2,2.150400,1,1.461000,52.226933,4.119812,2.599127,-29.045475,0
2024-11-19,sh.603358,30.6918942000,31.3599636000,30.4069822500,31.2813672000,30.7017187500,8492169,267550744.2000,2,1.934300,1,1.888000,53.212978,4.197594,2.648198,-29.593854,0
2024-11-20,sh.603358,31.2813672000,31.3894372500,30.3087367500,30.9375079500,31.2813672000,5278142,165559178.7800,2,1.202200,1,-1.099200,52.628036,4.151452,2.619088,-29.268545,0
2024-11-21,sh.603358,30.9375079500,31.0554025500,30.2694385500,30.3480349500,30.9375079500,3233488,100799248.1700,2,0.736500,1,-1.905400,51.625279,4.072352,2.569185,-28.710871,0
2024-11-22,sh.603358,30.2792631000,30.9178588500,29.6701410000,29.8469829000,30.3480349500,3666280,112777441.0000,2,0.835100,1,-1.651000,50.772935,4.005116,2.526767,-28.236849,0
2024-11-25,sh.603358,29.7978601500,31.0750516500,29.4834745500,30.9473325000,29.8469829000,6721519,208398279.6800,2,1.531000,1,3.686600,52.644749,4.152770,2.619920,-29.277839,0
2024-11-26,sh.603358,30.9473325000,30.9473325000,30.4561050000,30.4561050000,30.9473325000,2060600,64251903.0000,2,0.469300,1,-1.587300,51.809118,4.086853,2.578334,-28.813111,0
2024-11-27,sh.603358,30.3185613000,30.9375079500,29.7487374000,30.7017187500,30.4561050000,4546563,140857790.6400,2,1.035600,1,0.806500,52.226933,4.119812,2.599127,-29.045475,0
2024-11-28,sh.603358,30.6820696500,31.3894372500,30.3775086000,31.3010163000,30.7017187500,4607704,145253669.4800,2,1.049500,1,1.952000,53.246403,4.200231,2.649862,-29.612443,0
2024-11-29,sh.603358,31.2420690000,32.2245240000,30.7508415000,30.8982097500,31.3010163000,6142392,196105083.9500,2,1.399100,1,-1.286900,52.561185,4.146179,2.615761,-29.231366,0
2024-12-02,sh.603358,30.9669816000,32.6175060000,30.2203158000,32.5683832500,30.8982097500,8798941,282398890.0700,2,2.004100,1,5.405400,55.402331,4.370296,2.757154,-30.811440,0
2024-12-03,sh.603358,32.5880323500,33.0694353000,32.1164539500,32.8532952000,32.5683832500,6714806,222818647.4600,2,1.529400,1,0.874800,55.886997,4.408528,2.781274,-31.080982,0
2024-12-04,sh.603358,32.4210150000,32.9417161500,31.8413665500,32.1950503500,32.8532952000,5388534,177672313.6500,2,1.227300,1,-2.003600,54.767251,4.320200,2.725548,-30.458247,0
2024-12-05,sh.603358,31.9887348000,33.0203125500,31.8904893000,32.7059269500,32.1950503500,6962503,231283142.7800,2,1.585800,1,1.586800,55.636307,4.388753,2.768798,-30.941564,0
2024-12-06,sh.603358,32.4504886500,33.2855754000,31.9592611500,33.1578562500,32.7059269500,5454074,181207954.5600,2,1.242300,1,1.381800,56.405088,4.449397,2.807057,-31.369113,0
2024-12-09,sh.603358,32.7648742500,34.0420657500,32.7354006000,33.8946975000,33.1578562500,8564620,292094078.5200,2,1.950800,1,2.222200,57.658534,4.548272,2.869436,-32.066205,0
2024-12-10,sh.603358,34.1206621500,34.7101351500,33.5213646000,33.9438202500,33.8946975000,9525990,329213487.7700,2,2.169700,1,0.144900,57.742097,4.554864,2.873595,-32.112677,0
2024-12-11,sh.603358,33.6982065000,34.6806615000,33.5606628000,34.4055741000,33.9438202500,7194501,250081014.4300,2,1.638700,1,1.360300,58.527590,4.616826,2.912685,-32.549521,0
2024-12-12,sh.603358,34.5136441500,34.6020651000,34.1894340000,34.3761004500,34.4055741000,3099607,108457809.2600,2,0.706000,1,-0.085700,58.477452,4.612871,2.910190,-32.521638,0
2024-12-13,sh.603358,34.1992585500,34.4350477500,33.6785574000,33.9929430000,34.3761004500,4861109,168413291.9800,2,1.107200,1,-1.114600,57.825660,4.561456,2.877753,-32.159150,0
2024-12-16,sh.603358,33.8357502000,34.0813639500,33.3248736000,33.7964520000,33.9929430000,4185382,143547396.6900,2,0.953300,1,-0.578000,57.491408,4.535089,2.861119,-31.973259,0
2024-12-17,sh.603358,33.4918909500,33.9831184500,32.4210150000,32.9220670500,33.7964520000,5105620,171822136.2100,2,1.162900,1,-2.587200,56.003985,4.417757,2.787096,-31.146044,0
2024-12-18,sh.603358,32.8925934000,33.3641718000,32.8532952000,33.1873299000,32.9220670500,2284116,77039978.0400,2,0.520300,1,0.805700,56.455226,4.453352,2.809552,-31.396997,0
2024-12-19,sh.603358,32.9417161500,33.6392592000,32.5585587000,33.4525927500,33.1873299000,2871046,97140484.0800,2,0.653900,1,0.799300,56.906466,4.488947,2.832008,-31.647950,0
2024-12-20,sh.603358,33.3936454500,33.5410137000,32.8041724500,33.0989089500,33.4525927500,4915694,165737553.1300,2,1.119600,1,-1.057300,56.304812,4.441487,2.802067,-31.313346,0
2024-12-23,sh.603358,33.2757508500,33.5999610000,31.7136474000,32.0771557500,33.0989089500,3613020,119488134.0000,2,0.822900,1,-3.087000,54.566700,4.304379,2.715568,-30.346713,0
2024-12-24,sh.603358,32.0771557500,32.2441731000,31.3010163000,31.9297875000,32.0771557500,4357265,140227135.1700,2,0.992500,1,-0.459400,54.316010,4.284604,2.703092,-30.207294,0
2024-12-25,sh.603358,32.2245240000,32.2245240000,31.5368055000,31.8806647500,31.9297875000,1721900,55727392.0000,2,0.392200,1,-0.153800,54.232447,4.278013,2.698933,-30.160822,0
2024-12-26,sh.603358,31.4778582000,32.1066294000,31.4385600000,31.5073318500,31.8806647500,1950286,63047737.0600,2,0.444200,1,-1.171000,53.597368,4.227916,2.667328,-29.807629,0
2024-12-27,sh.603358,31.4778582000,31.7234719500,30.7213678500,31.4975073000,31.5073318500,3588113,114245945.2500,2,0.817300,1,-0.031200,53.580655,4.226597,2.666496,-29.798334,0
2024-12-30,sh.603358,31.5761037000,33.2364526500,31.2420690000,32.5978569000,31.4975073000,4784920,158128412.8000,2,1.089900,1,3.493400,55.452468,4.374251,2.759649,-30.839324,0
2024-12-31,sh.603358,32.5978569000,33.4329436500,32.3718922500,32.8139970000,32.5978569000,3198765,106985822.8500,2,0.728600,1,0.663100,55.820146,4.403255,2.777947,-31.043804,0
2025-01-02,sh.603358,32.7255760500,33.0006634500,31.0947007500,31.4680336500,32.8139970000,3456942,112607682.7700,2,0.787400,1,-4.101800,53.530517,4.222642,2.664001,-29.770450,0
2025-01-03,sh.603358,31.4876827500,31.5171564000,30.6329469000,31.4385600000,31.4680336500,3693648,116468925.6300,2,0.841300,1,-0.093700,53.480379,4.218687,2.661506,-29.742567,0
2025-01-06,sh.603358,31.0062798000,31.7431210500,30.2890876500,30.7901397000,31.4385600000,2553491,80735591.1900,2,0.581600,1,-2.062500,52.377347,4.131677,2.606612,-29.129126,0
2025-01-07,sh.603358,30.7508415000,31.2027708000,30.4757541000,31.0455780000,30.7901397000,2253867,70821753.2200,2,0.513400,1,0.829600,52.811875,4.165954,2.628237,-29.370785,0
2025-01-08,sh.603358,31.4385600000,31.4778582000,29.3754045000,31.0947007500,31.0455780000,4468417,138625095.3700,2,1.017800,1,0.158200,52.895438,4.172545,2.632396,-29.417257,0
2025-01-09,sh.603358,31.0455780000,31.3403145000,30.4954032000,30.8490870000,31.0947007500,1837182,57665403.6400,2,0.418500,1,-0.789900,52.477622,4.139587,2.611603,-29.184894,0
2025-01-10,sh.603358,30.0729475500,31.6743492000,29.9059302000,31.1929462500,30.8490870000,3825347,120597547.0700,2,0.871300,1,1.114600,53.062564,4.185729,2.640713,-29.510203,0
2025-01-13,sh.603358,30.9669816000,33.6982065000,30.8687361000,33.0989089500,31.1929462500,5755377,192561072.2500,2,1.310900,1,6.110200,56.304812,4.441487,2.802067,-31.313346,0
2025-01-14,sh.603358,33.0989089500,34.3073286000,33.0596107500,34.3073286000,33.0989089500,5387175,184951476.2700,2,1.227000,1,3.650900,58.360464,4.603643,2.904368,-32.456576,0
2025-01-15,sh.603358,34.3073286000,35.5157482500,33.4427682000,34.7199597000,34.3073286000,4713294,167166558.5700,2,1.073500,1,1.202700,59.062394,4.659013,2.939300,-32.846947,0
2025-01-16,sh.603358,35.3683800000,35.3683800000,33.5213646000,33.5901364500,34.7199597000,3967500,137789648.9900,2,0.903700,1,-3.254100,57.140443,4.507404,2.843653,-31.778074,0
2025-01-17,sh.603358,33.5017155000,33.6982065000,32.7255760500,32.8139970000,33.5901364500,3068786,103448220.8000,2,0.699000,1,-2.310600,55.820146,4.403255,2.777947,-31.043804,0
2025-01-20,sh.603358,32.9122425000,33.3641718000,32.2638222000,32.4308395500,32.8139970000,2783834,92635114.3000,2,0.634100,1,-1.167700,55.168354,4.351840,2.745510,-30.681316,0
2025-01-21,sh.603358,32.4210150000,33.0694353000,32.2343485500,32.3227695000,32.4308395500,2951019,97709078.6000,2,0.672200,1,-0.333200,54.984515,4.337338,2.736361,-30.579076,0
2025-01-22,sh.603358,32.2834713000,32.3817168000,31.3403145000,31.8806647500,32.3227695000,2673847,86301739.5400,2,0.609000,1,-1.367800,54.232447,4.278013,2.698933,-30.160822,0
2025-01-23,sh.603358,31.8610156500,32.3424186000,31.5466300500,31.7234719500,31.8806647500,3486647,113441596.6200,2,0.794200,1,-0.493100,53.965045,4.256919,2.685626,-30.012109,0
2025-01-24,sh.603358,31.5368055000,31.9297875000,31.0848762000,31.7725947000,31.7234719500,3920984,125741695.1000,2,0.893100,1,0.154800,54.048608,4.263511,2.689784,-30.058581,0
2025-01-27,sh.603358,31.9887348000,33.8357502000,31.9887348000,32.5880323500,31.7725947000,5079200,169332725.0000,2,1.156900,1,2.566500,55.435756,4.372933,2.758817,-30.830029,0
2025-02-05,sh.603358,32.9220670500,33.7571538000,32.5192605000,33.3150490500,32.5880323500,4123313,139522557.0100,2,0.939200,1,2.230900,56.672490,4.470490,2.820364,-31.517826,0
2025-02-06,sh.603358,33.2659263000,33.4034700000,32.6568042000,33.3641718000,33.3150490500,3403496,114666838.9100,2,0.775200,1,0.147400,56.756053,4.477082,2.824523,-31.564299,0
2025-02-07,sh.603358,33.2069790000,33.8848729500,32.9515407000,33.4820664000,33.3641718000,3449818,117395885.3600,2,0.785800,1,0.353400,56.956604,4.492902,2.834504,-31.675834,0
2025-02-10,sh.603358,33.5508382500,33.5606628000,33.1480317000,33.1676808000,33.4820664000,2813981,95431317.2700,2,0.640900,1,-0.939000,56.421800,4.450715,2.807889,-31.378408,0
2025-02-11,sh.603358,33.2565080000,33.2762448000,32.3880888000,32.9407192000,33.1676924000,2389900,79316081.0000,2,0.544300,1,-0.684300,55.786721,4.400618,2.776283,-31.025215,0
2025-02-12,sh.603358,32.6644040000,33.2071660000,32.2696680000,33.1282188000,32.9407192000,1806604,60053826.6800,2,0.411500,1,0.569200,56.104261,4.425667,2.792086,-31.201811,0
2025-02-13,sh.603358,33.0394032000,33.0394032000,31.9637476000,32.5065096000,33.1282188000,2819403,92555148.6600,2,0.642200,1,-1.876700,55.051366,4.342611,2.739688,-30.616255,0
2025-02-14,sh.603358,32.4078256000,33.0591400000,32.1808524000,32.4966412000,32.5065096000,2695119,89267353.4900,2,0.613900,1,-0.030400,55.034653,4.341293,2.738856,-30.606960,0
2025-02-17,sh.603358,32.4966412000,34.6380840000,32.2992732000,33.8782172000,32.4966412000,6124673,210152033.7000,2,1.395000,1,4.251400,57.374420,4.525861,2.855297,-31.908197,0
2025-02-18,sh.603358,33.9472960000,34.5591368000,33.8880856000,34.3321636000,33.8782172000,4446150,154365380.6300,2,1.012700,1,1.339900,58.143200,4.586504,2.893556,-32.335747,0
2025-02-19,sh.603358,34.0755852000,37.1051840000,34.0459800000,36.8091320000,34.3321636000,8215013,298471664.5100,2,1.871100,1,7.214700,62.338067,4.917407,3.102318,-34.668679,0
2025-02-20,sh.603358,37.0755788000,38.3288656000,37.0755788000,37.4505780000,36.8091320000,8874506,338396596.3200,2,2.021300,1,1.742600,63.424388,5.003100,3.156380,-35.272825,0
2025-02-21,sh.603358,36.6216324000,37.5986040000,36.6117640000,37.1051840000,37.4505780000,5683043,213812608.8000,2,1.294400,1,-0.922300,62.839446,4.956958,3.127269,-34.947516,0
2025-02-24,sh.603358,37.4604464000,38.2400500000,37.1249208000,37.4900516000,37.1051840000,5772443,220090490.2900,2,1.314800,1,1.037200,63.491238,5.008373,3.159706,-35.310003,0
2025-02-25,sh.603358,36.6315008000,38.3486024000,36.6315008000,37.7268932000,37.4900516000,4634770,176957636.7000,2,1.055700,1,0.631700,63.892341,5.040013,3.179668,-35.533073,0
2025-02-26,sh.603358,37.6479460000,39.0295220000,37.2630784000,37.8946560000,37.7268932000,7342301,284047020.5800,2,1.672400,1,0.444700,64.176455,5.062425,3.193807,-35.691080,0
2025-02-27,sh.603358,39.0788640000,39.3354424000,37.4604464000,38.2400500000,37.8946560000,8170718,318338869.6600,2,1.861000,1,0.911500,64.761397,5.108567,3.222917,-36.016389,0
2025-02-28,sh.603358,38.1117608000,38.4176812000,37.3814992000,38.0328136000,38.2400500000,4833741,186185521.7500,2,1.101000,1,-0.541900,64.410432,5.080882,3.205451,-35.821204,0
2025-03-03,sh.603358,38.0032084000,38.2005764000,37.0361052000,37.3617624000,38.0328136000,5302787,201491004.4700,2,1.207800,1,-1.764400,63.273974,4.991235,3.148894,-35.189174,0
2025-03-04,sh.603358,37.1446576000,38.4571548000,36.8880792000,37.6380776000,37.3617624000,3374082,129464659.7300,2,0.768500,1,0.739600,63.741927,5.028148,3.172182,-35.449422,0
2025-03-05,sh.603358,37.6479460000,38.0130768000,37.4703148000,37.7663668000,37.6380776000,2944184,112516184.8500,2,0.670600,1,0.340800,63.959191,5.045286,3.182995,-35.570251,0
2025-03-06,sh.603358,37.7663668000,37.9933400000,37.2828152000,37.7762352000,37.7663668000,3997892,152397989.8200,2,0.910600,1,0.026100,63.975904,5.046605,3.183826,-35.579545,0
2025-03-07,sh.603358,37.7861036000,38.6249176000,37.4505780000,37.9538664000,37.7762352000,4369412,168541492.3600,2,0.995200,1,0.470200,64.276731,5.070335,3.198797,-35.746847,0
2025-03-10,sh.603358,37.9637348000,38.5854440000,37.4209728000,38.2499184000,37.9538664000,5816137,224904527.7600,2,1.324700,1,0.780000,64.778110,5.109885,3.223749,-36.025684,0
2025-03-11,sh.603358,37.8749192000,38.2499184000,37.0065000000,38.2400500000,38.2499184000,5117000,195054951.0000,2,1.165500,1,-0.025800,64.761397,5.108567,3.222917,-36.016389,0
2025-03-12,sh.603358,38.2400500000,38.5854440000,37.8157088000,38.0920240000,38.2400500000,3122097,120602275.2400,2,0.711100,1,-0.387100,64.510708,5.088792,3.210441,-35.876971,0
2025-03-13,sh.603358,38.0722872000,38.0722872000,37.4012360000,37.9439980000,38.0920240000,2807432,107421755.2700,2,0.639400,1,-0.388600,64.260018,5.069017,3.197966,-35.737553,0
2025-03-14,sh.603358,37.9439980000,39.1775480000,37.4999200000,39.1183376000,37.9439980000,4983485,194027859.4800,2,1.135100,1,3.094900,66.248820,5.225899,3.296940,-36.843604,0
2025-03-17,sh.603358,38.8913644000,39.7203100000,38.1413660000,38.6347860000,39.1183376000,5844868,229527282.2900,2,1.331300,1,-1.236100,65.429902,5.161300,3.256186,-36.388171,0
2025-03-18,sh.603358,38.6347860000,39.2268900000,38.2992604000,38.6249176000,38.6347860000,2739053,107204743.7500,2,0.623900,1,-0.025500,65.413189,5.159982,3.255354,-36.378877,0
2025-03-19,sh.603358,38.5262336000,38.7828120000,38.1018924000,38.4472864000,38.6249176000,3975599,154854682.7300,2,0.905500,1,-0.459900,65.112362,5.136252,3.240383,-36.211575,0
2025-03-20,sh.603358,38.2499184000,39.6413628000,38.1512344000,39.6018892000,38.4472864000,5110322,202455862.3200,2,1.164000,1,3.003100,67.067738,5.290498,3.337695,-37.299038,0
2025-03-21,sh.603358,39.4736000000,39.6709680000,37.7466300000,38.2795236000,39.6018892000,4891140,191042944.4000,2,1.114100,1,-3.339100,64.828247,5.113840,3.226244,-36.053568,0
2025-03-24,sh.603358,37.7466300000,38.1611028000,37.0163684000,37.7959720000,38.2795236000,2692112,102199298.8400,2,0.613200,1,-1.263200,66.997650,5.284969,3.334207,-37.260058,0
2025-03-25,sh.603358,37.8453140000,37.9143928000,36.0986072000,36.9966316000,37.7959720000,3382061,126166021.9000,2,0.770300,1,-2.114900,65.580728,5.173198,3.263692,-36.472052,0
2025-03-26,sh.603358,36.9571580000,37.4407096000,36.4341328000,36.8880792000,36.9966316000,2147874,80334610.3500,2,0.489200,1,-0.293400,65.388307,5.158019,3.254116,-36.365039,0
2025-03-27,sh.603358,36.8387372000,36.9176844000,36.4045276000,36.8584740000,36.8880792000,2018275,74978162.8000,2,0.459700,1,-0.080300,65.335828,5.153880,3.251504,-36.335853,0
2025-03-28,sh.603358,36.8486056000,36.9275528000,35.9505812000,36.3551856000,36.8584740000,1875887,69048489.5500,2,0.427300,1,-1.365500,64.443692,5.083505,3.207106,-35.839701,0
2025-03-31,sh.603358,36.6315008000,36.6315008000,35.2104512000,35.7433448000,36.3551856000,2110824,76639897.8000,2,0.480800,1,-1.683000,63.359135,4.997952,3.153132,-35.236536,0
2025-04-01,sh.603358,35.8815024000,36.4143960000,35.5854504000,35.8716340000,35.7433448000,1971032,71753137.5600,2,0.448900,1,0.358900,63.586542,5.015891,3.164449,-35.363006,0
2025-04-02,sh.603358,35.8222920000,36.8387372000,35.8124236000,36.6117640000,35.8716340000,2532259,93549532.0800,2,0.576800,1,2.063300,64.898507,5.119382,3.229741,-36.092641,0
2025-04-03,sh.603358,36.3157120000,36.6611060000,35.3880824000,35.8617656000,36.6117640000,4502802,164626767.6100,2,1.025600,1,-2.048500,63.569049,5.014511,3.163579,-35.353277,0
2025-04-07,sh.603358,34.5295316000,34.5394000000,32.2795364000,32.2894048000,35.8617656000,3634400,120237745.1000,2,0.827800,1,-9.961500,57.236634,4.514992,2.848440,-31.831569,0
2025-04-08,sh.603358,33.0591400000,34.0657168000,31.5788800000,34.0361116000,32.2894048000,4820312,159254211.5800,2,1.097900,1,5.409500,60.332870,4.759232,3.002527,-33.553510,0
2025-04-09,sh.603358,33.0591400000,36.1084756000,31.5788800000,35.1611092000,34.0361116000,3401528,115934041.3700,2,0.774800,1,3.305300,62.327056,4.916539,3.101770,-34.662556,0
2025-04-10,sh.603358,35.1413724000,35.8222920000,34.8946624000,35.0722936000,35.1611092000,2305284,82472526.8200,2,0.525100,1,-0.252600,62.169621,4.904120,3.093935,-34.574999,0
2025-04-11,sh.603358,35.0624252000,35.4472928000,34.5394000000,34.7367680000,35.0722936000,2435300,86477024.3000,2,0.554700,1,-0.956700,61.574863,4.857204,3.064336,-34.244231,0
2025-04-14,sh.603358,34.7268996000,35.9801864000,34.5394000000,35.7038712000,34.7367680000,4496360,160493402.9300,2,1.024100,1,2.784100,63.289164,4.992433,3.149650,-35.197622,0
2025-04-15,sh.603358,35.5262400000,35.7334764000,35.0328200000,35.6841344000,35.7038712000,2775175,99684042.7500,2,0.632100,1,-0.055300,63.254178,4.989673,3.147909,-35.178165,0
2025-04-16,sh.603358,35.5755820000,35.6249240000,34.9341360000,35.5657136000,35.6841344000,1667017,59591992.9800,2,0.379700,1,-0.331900,63.044264,4.973114,3.137462,-35.061423,0
2025-04-17,sh.603358,35.5262400000,36.7893952000,35.0328200000,36.5624220000,35.5657136000,4300254,156875544.9300,2,0.979500,1,2.802400,64.811042,5.112483,3.225388,-36.043999,0
2025-04-18,sh.603358,36.2367648000,36.6611060000,36.0196600000,36.2861068000,36.5624220000,3662985,134862642.8200,2,0.834300,1,-0.755700,64.321242,5.073846,3.201012,-35.771602,0
2025-04-21,sh.603358,35.8222920000,36.1183440000,35.1907144000,35.7236080000,36.2861068000,2815532,101451721.2000,2,0.641300,1,-1.550200,63.324149,4.995192,3.151391,-35.217079,0
2025-04-22,sh.603358,35.4275560000,36.0196600000,34.8354520000,34.9341360000,35.7236080000,4112280,147438445.2000,2,0.936700,1,-2.209900,61.924721,4.884801,3.081747,-34.438801,0
2025-04-23,sh.603358,35.0426884000,35.2104512000,34.1940060000,34.2828216000,34.9341360000,2512750,88003019.6400,2,0.572300,1,-1.864400,60.770192,4.793729,3.024291,-33.796721,0
2025-04-24,sh.603358,34.2828216000,34.4111108000,32.9407192000,33.6216388000,34.2828216000,3061414,104126442.1200,2,0.697300,1,-1.928600,59.598170,4.701276,2.965964,-33.144914,0
2025-04-25,sh.603358,33.2959816000,34.1446640000,33.2367712000,33.8387436000,33.6216388000,2000026,68271764.5200,2,0.455500,1,0.645700,59.983013,4.731634,2.985116,-33.358940,0
2025-04-28,sh.603358,33.8288752000,33.9670328000,33.1676924000,33.5920336000,33.8387436000,1239100,42078976.0000,2,0.282200,1,-0.729100,59.545692,4.697137,2.963352,-33.115728,0
2025-04-29,sh.603358,33.4538760000,34.4209792000,33.3946656000,34.3913740000,33.5920336000,2532819,87301115.7700,2,0.576900,1,2.379600,60.962613,4.808908,3.033867,-33.903735,0
2025-04-30,sh.603358,32.8913772000,34.5887420000,32.4374308000,34.4407160000,34.3913740000,2841054,98025868.0000,2,0.647100,1,0.143500,144.937602,4.767503,3.395823,-76.186638,0
2025-05-06,sh.603358,34.8255836000,35.5163716000,34.4604528000,35.5163716000,34.4407160000,2941400,104161409.0000,2,0.670000,1,3.123200,149.464306,4.916402,3.501882,-78.566106,0
2025-05-07,sh.603358,35.5262400000,35.8124236000,35.0426884000,35.7236080000,35.5163716000,2898066,103890831.6000,2,0.660100,1,0.583500,150.336424,4.945089,3.522315,-79.024536,0
2025-05-08,sh.603358,35.4078192000,35.9801864000,35.2992668000,35.8222920000,35.7236080000,2085650,75621003.5000,2,0.475000,1,0.276200,150.751718,4.958749,3.532045,-79.242836,0
2025-05-09,sh.603358,35.8124236000,36.4143960000,35.5657136000,36.3058436000,35.8222920000,2850686,104136740.5600,2,0.649300,1,1.349900,152.786658,5.025686,3.579723,-80.312505,0
2025-05-12,sh.603358,36.3551856000,36.6117640000,36.0196600000,36.0788704000,36.3058436000,1606600,58954411.1500,2,0.365900,1,-0.625200,151.831482,4.994267,3.557343,-79.810415,0
2025-05-13,sh.603358,35.7532132000,36.1183440000,34.4407160000,34.7170312000,36.0788704000,2993506,106280150.3600,2,0.681800,1,-3.774600,146.100425,4.805752,3.423067,-76.797878,0
2025-05-14,sh.603358,34.7170312000,34.7170312000,33.7301912000,34.3519004000,34.7170312000,3199746,110924471.9300,2,0.728800,1,-1.051700,144.563837,4.755208,3.387066,-75.990168,0
2025-05-15,sh.603358,34.0558484000,34.7268996000,33.9472960000,34.3716372000,34.3519004000,2124779,73948687.9900,2,0.484000,1,0.057500,144.646896,4.757940,3.389012,-76.033828,0
2025-05-16,sh.603358,34.3716372000,34.8847940000,33.8288752000,34.3716372000,34.3716372000,2821342,98392585.4600,2,0.642600,1,0.000000,144.646896,4.757940,3.389012,-76.033828,0
2025-05-19,sh.603358,34.3716372000,34.5690052000,33.3749288000,34.5295316000,34.3716372000,2343223,80707722.0400,2,0.533700,1,0.459400,145.311366,4.779797,3.404580,-76.383108,0
2025-05-20,sh.603358,34.5394000000,35.5755820000,34.5394000000,35.5262400000,34.5295316000,2961640,105628944.1400,2,0.674600,1,2.886500,149.505836,4.917768,3.502855,-78.587936,0
2025-05-21,sh.603358,35.5262400000,35.7926868000,34.3519004000,34.6380840000,35.5262400000,2574239,91348319.4800,2,0.586300,1,-2.500000,145.768190,4.794824,3.415283,-76.623238,0
2025-05-22,sh.603358,34.2236112000,34.6380840000,33.8486120000,33.9472960000,34.6380840000,1928020,66792056.8000,2,0.439100,1,-1.994300,142.861132,4.699200,3.347172,-75.095139,0
2025-05-23,sh.603358,33.8486120000,34.2729532000,33.0591400000,33.0591400000,33.9472960000,2951844,101035715.4000,2,0.672300,1,-2.616300,139.123486,4.576256,3.259601,-73.130441,0
2025-05-26,sh.603358,33.0591400000,33.0788768000,32.4472992000,32.7630880000,33.0591400000,1749100,58065280.0000,2,0.398400,1,-0.895500,137.877604,4.535275,3.230410,-72.475541,0
2025-05-27,sh.603358,32.7630880000,33.1578240000,32.3782204000,33.0591400000,32.7630880000,1967884,65157450.8400,2,0.448200,1,0.903600,142.213379,4.677894,3.331996,-74.754647,0
2025-05-28,sh.603358,32.7729564000,33.3157184000,32.6051936000,33.0591400000,33.0591400000,1424104,47579532.0000,2,0.324400,1,0.000000,142.213379,4.677894,3.331996,-74.754647,0
2025-05-29,sh.603358,32.9407192000,33.6019020000,32.7433512000,33.4538760000,33.0591400000,1693473,57239883.5600,2,0.385700,1,1.194000,143.911450,4.733749,3.371781,-75.647240,0
2025-05-30,sh.603358,33.1676924000,33.5328232000,33.1578240000,33.4045340000,33.4538760000,2104255,70956363.1600,2,0.479300,1,-0.147500,143.699191,4.726767,3.366808,-75.535666,0
2025-06-03,sh.603358,33.1874292000,33.8190068000,32.8124300000,33.7400596000,33.4045340000,3853700,129674007.0000,2,0.877800,1,1.004400,145.142550,4.774244,3.400625,-76.294370,0
2025-06-04,sh.603358,33.7499280000,34.5394000000,33.0097980000,33.3847972000,33.7400596000,2634748,89538913.9800,2,0.600100,1,-1.052900,143.614287,4.723974,3.364818,-75.491036,0
2025-06-05,sh.603358,33.3551920000,34.3420320000,33.1775608000,33.4736128000,33.3847972000,2037764,69498832.8600,2,0.464100,1,0.266000,143.996353,4.736542,3.373770,-75.691869,0
2025-06-06,sh.603358,33.4538760000,33.6019020000,33.0690084000,33.4736128000,33.4736128000,1394579,47064713.7000,2,0.317600,1,0.000000,143.996353,4.736542,3.373770,-75.691869,0
2025-06-09,sh.603358,33.4440076000,33.9275592000,33.0591400000,33.8979540000,33.4736128000,2965315,101162754.7600,2,0.675400,1,1.267700,145.821778,4.796586,3.416539,-76.651407,0
2025-06-10,sh.603358,33.7499280000,34.5394000000,33.7499280000,34.3025584000,33.8979540000,2132317,73882696.1000,2,0.485700,1,1.193600,147.562300,4.853838,3.457318,-77.566314,0
2025-06-11,sh.603358,34.2926900000,34.5196632000,33.9078224000,33.9472960000,34.3025584000,2224446,77111880.4200,2,0.506700,1,-1.035700,146.034037,4.803568,3.421512,-76.762981,0
2025-06-12,sh.603358,33.9078224000,34.1940060000,33.1676924000,33.7992700000,33.9472960000,3231328,110361006.1700,2,0.736000,1,-0.436000,145.397261,4.782623,3.406593,-76.428259,0
2025-06-13,sh.603358,33.3650604000,33.7104544000,32.6644040000,33.2367712000,33.7992700000,2767644,92975349.1100,2,0.630400,1,-1.664200,142.977511,4.703029,3.349899,-75.156314,0
2025-06-16,sh.603358,32.7729564000,33.5032180000,32.4176940000,33.5032180000,33.2367712000,1670581,55804612.7500,2,0.380500,1,0.801700,144.123708,4.740731,3.376754,-75.758814,0
2025-06-17,sh.603358,33.2269028000,33.6512440000,33.0690084000,33.2663764000,33.5032180000,929764,31396356.3200,2,0.211800,1,-0.706900,143.104866,4.707218,3.352883,-75.223258,0
2025-06-18,sh.603358,33.2565080000,33.7203228000,32.9111140000,33.4242708000,33.2663764000,2300360,77784343.9000,2,0.524000,1,0.474600,143.784094,4.729560,3.368797,-75.580295,0
2025-06-19,sh.603358,33.1578240000,33.7104544000,32.2203260000,32.5953252000,33.4242708000,2212119,73295688.6800,2,0.503900,1,-2.480100,140.218147,4.612263,3.285248,-73.705850,0
2025-06-20,sh.603358,32.5953252000,32.8617720000,32.2104576000,32.8617720000,32.5953252000,1079782,35670549.7300,2,0.245900,1,0.817400,141.364344,4.649966,3.312103,-74.308351,0
2025-06-23,sh.603358,32.4769044000,32.8913772000,32.1216420000,32.8913772000,32.8617720000,779799,25640708.2100,2,0.177600,1,0.090100,141.491699,4.654155,3.315087,-74.375295,0
2025-06-24,sh.603358,32.8420352000,33.2565080000,32.5657200000,33.2071660000,32.8913772000,1550455,51788589.9900,2,0.353100,1,0.960100,142.850156,4.698839,3.346915,-75.089369,0
2025-06-25,sh.603358,33.0690084000,33.4440076000,33.0097980000,33.3453236000,33.2071660000,1238400,41684505.0000,2,0.282100,1,0.416000,143.444480,4.718389,3.360840,-75.401777,0
2025-06-26,sh.603358,33.3453236000,33.5229548000,32.8617720000,32.9900612000,33.3453236000,1366965,45901864.6500,2,0.311400,1,-1.065400,141.916217,4.668119,3.325033,-74.598443,0
2025-06-27,sh.603358,33.4341392000,33.7499280000,32.6742724000,32.9703244000,32.9900612000,1491214,49942986.1200,2,0.339700,1,-0.059800,141.831314,4.665326,3.323044,-74.553814,0
2025-06-30,sh.603358,33.0600640500,33.2196299700,32.8207151700,33.0201725700,32.9703082200,1246188,41241513.1200,2,0.283800,1,0.151200,140.557761,4.623435,3.293205,-73.884369,0
2025-07-01,sh.603358,32.8606066500,33.1597927500,32.7608779500,33.1398470100,33.0201725700,1277829,42170167.9200,2,0.291100,1,0.362400,141.067182,4.640191,3.305141,-74.152147,0
2025-07-02,sh.603358,33.1398470100,33.3991416300,32.9503624800,33.2196299700,33.1398470100,1023299,34017477.8600,2,0.233100,1,0.240700,141.406796,4.651362,3.313098,-74.330665,0
2025-07-03,sh.603358,33.2395757100,33.8578936500,33.2395757100,33.6684091200,33.2196299700,1177599,39687914.2800,2,0.268200,1,1.350900,143.317125,4.714200,3.357856,-75.334832,0
2025-07-04,sh.603358,33.8080293000,33.8080293000,33.2395757100,33.4390331100,33.6684091200,1327329,44486555.4500,2,0.302300,1,-0.681300,142.340735,4.682083,3.334979,-74.821591,0
2025-07-07,sh.603358,33.3891687600,34.0274324400,33.1897113600,33.4888974600,33.4390331100,1315070,44346002.7000,2,0.299500,1,0.149100,142.552993,4.689065,3.339953,-74.933166,0
2025-07-08,sh.603358,33.4888974600,33.7481920800,33.2595214500,33.6384905100,33.4888974600,987753,33262306.3000,2,0.225000,1,0.446700,143.189770,4.710010,3.354872,-75.267888,0
2025-07-09,sh.603358,33.6384905100,34.5859131600,33.4988703300,33.9376766100,33.6384905100,2483000,85077440.3500,2,0.565600,1,0.889400,144.463322,4.751902,3.384711,-75.937332,0
2025-07-10,sh.603358,33.8080293000,34.2767541900,33.8080293000,34.1171882700,33.9376766100,1075252,36686884.1200,2,0.244900,1,0.528900,145.227454,4.777037,3.402614,-76.338999,0
2025-07-11,sh.603358,34.2468355800,35.2740411900,34.2468355800,35.2142039700,34.1171882700,3010087,105068921.8400,2,0.685600,1,3.215400,149.897147,4.930639,3.512023,-78.793629,0
2025-07-14,sh.603358,35.2241768400,37.1788593600,35.2241768400,37.0791306600,35.2142039700,6791583,250273142.4800,2,1.546900,1,5.296000,157.835625,5.191764,3.698018,-82.966501,0
2025-07-15,sh.603358,37.0990764000,38.2758750600,36.8298089100,37.3583710200,37.0791306600,5781339,215933066.5900,2,1.316800,1,0.753100,159.024274,5.230863,3.725867,-83.591316,0
2025-07-16,sh.603358,37.0093205700,38.2758750600,36.8697003900,38.2559293200,37.3583710200,5178281,196826945.3300,2,1.179500,1,2.402600,162.844932,5.356537,3.815384,-85.599650,0
2025-07-17,sh.603358,37.6176656400,38.4454138500,36.8098631700,37.9866618300,38.2559293200,6882611,260374613.6800,2,1.567700,1,-0.703900,161.698735,5.318835,3.788529,-84.997149,0
2025-07-18,sh.603358,37.6974486000,37.7473129500,36.8996190000,37.4979912000,37.9866618300,3551031,132955383.7600,2,0.808800,1,-1.286400,159.618599,5.250412,3.739792,-83.903723,0
2025-07-21,sh.603358,37.1489407500,37.5179369400,36.5007042000,36.5007042000,37.4979912000,4215660,156959336.0700,2,0.960200,1,-2.659600,155.373423,5.110773,3.640330,-81.672241,0
2025-07-22,sh.603358,36.0519250500,36.1516537500,35.2939869300,35.9023320000,36.5007042000,4044447,144866284.3700,2,0.921200,1,-1.639300,152.826318,5.026990,3.580652,-80.333352,0
2025-07-23,sh.603358,35.5034172000,35.6031459000,34.4662387200,34.8950721300,35.9023320000,4684230,164532652.8100,2,1.066900,1,-2.805600,148.538691,4.885955,3.480195,-78.079555,0
2025-07-24,sh.603358,34.5559945500,34.9549093500,34.4263472400,34.6258046400,34.8950721300,2706723,94175168.3700,2,0.616500,1,-0.771600,147.392493,4.848253,3.453340,-77.477055,0
2025-07-25,sh.603358,34.7953434300,35.0945295300,34.1171882700,34.8053163000,34.6258046400,2658613,92332041.6400,2,0.605600,1,0.518400,148.156625,4.873388,3.471243,-77.878722,0
2025-07-28,sh.603358,34.7953434300,35.2042311000,34.4163743700,34.9349636100,34.8053163000,2291475,80260682.4000,2,0.521900,1,0.372500,148.708498,4.891541,3.484173,-78.168814,0
2025-07-29,sh.603358,34.9349636100,35.0546380500,34.6058589000,34.8950721300,34.9349636100,1566813,54610815.3800,2,0.356900,1,-0.114200,148.538691,4.885955,3.480195,-78.079555,0
2025-07-30,sh.603358,34.8651535200,35.6530102500,34.6557232500,35.5532815500,34.8950721300,3989798,140843426.7200,2,0.908800,1,1.886300,151.340507,4.978117,3.545840,-79.552333,0
2025-07-31,sh.603358,35.4036885000,36.2314367100,35.2241768400,35.9821149600,35.5532815500,3368594,120904956.7000,2,0.767300,1,1.206200,153.165932,5.038161,3.588609,-80.511871,0
2025-08-01,sh.603358,35.9821149600,36.7899174300,35.5931730300,36.7799445600,35.9821149600,2709463,98176435.1300,2,0.617100,1,2.217300,156.562073,5.149872,3.668179,-82.297056,0
2025-08-04,sh.603358,36.3012468000,37.4381539800,36.3012468000,36.9993477000,36.7799445600,3334320,123774970.6700,2,0.759500,1,0.596500,157.496011,5.180593,3.690061,-82.787982,0
2025-08-05,sh.603358,36.9794019600,37.8969060000,36.7400530800,37.6276385100,36.9993477000,3199514,119667943.9400,2,0.728800,1,1.698100,160.170472,5.268565,3.752722,-84.193816,0
2025-08-06,sh.603358,37.6076927700,37.8969060000,37.2287237100,37.3483981500,37.6276385100,2545475,95832084.8700,2,0.579800,1,-0.742100,158.981823,5.229466,3.724873,-83.569001,0
2025-08-07,sh.603358,37.2785880600,37.5478555500,37.1589136200,37.4780454600,37.3483981500,3138172,117568101.2400,2,0.714800,1,0.347100,159.533695,5.247619,3.737803,-83.859094,0
2025-08-08,sh.603358,36.9195647400,38.0963634000,36.9195647400,37.8769602600,37.4780454600,3341808,126275415.0200,2,0.761200,1,1.064400,161.231766,5.303475,3.777588,-84.751686,0
2025-08-11,sh.603358,37.8769602600,38.8144100400,37.5079640700,38.6149526400,37.8769602600,3431524,131777249.3300,2,0.781600,1,1.948400,164.373195,5.406807,3.851190,-86.402983,0
2025-08-12,sh.603358,38.2858479300,39.0038945700,38.0066075700,38.2359835800,38.6149526400,2642111,101946218.4200,2,0.601800,1,-0.981400,162.760029,5.353745,3.813394,-85.555020,0
2025-08-13,sh.603358,38.2559293200,38.6149526400,37.5777741600,38.1362548800,38.2359835800,3238738,123298550.4000,2,0.737700,1,-0.260800,162.335511,5.339781,3.803448,-85.331872,0
2025-08-14,sh.603358,38.0863905300,38.4952782000,37.8869331300,38.1462277500,38.1362548800,3029054,115855315.8800,2,0.689900,1,0.026200,162.377963,5.341177,3.804443,-85.354187,0
2025-08-15,sh.603358,38.4553867200,38.4653595900,38.0863905300,38.4254681100,38.1462277500,2716546,104256694.9300,2,0.618700,1,0.732000,163.566612,5.380276,3.832292,-85.979001,0
2025-08-18,sh.603358,38.2260107100,39.6222125100,38.2260107100,39.2332705800,38.4254681100,3250445,127528399.7200,2,0.740400,1,2.102300,167.005204,5.493383,3.912857,-87.786502,0
2025-08-19,sh.603358,39.1036232700,39.5823210300,38.3955495000,38.6149526400,39.2332705800,2140886,83385717.7100,2,0.487600,1,-1.576000,164.373195,5.406807,3.851190,-86.402983,0
2025-08-20,sh.603358,38.6149526400,39.1634604900,38.1960921000,39.1036232700,38.6149526400,2377389,92106199.0700,2,0.541500,1,1.265500,166.453331,5.475230,3.899927,-87.496409,0
2025-08-21,sh.603358,38.8144100400,39.1834062300,38.2958208000,38.4354409800,39.1036232700,1856425,72111686.7500,2,0.422800,1,-1.708700,163.609064,5.381672,3.833287,-86.001316,0
2025-08-22,sh.603358,38.2459564500,38.7944643000,37.9467703500,38.7545728200,38.4354409800,2032781,77901287.8300,2,0.463000,1,0.830300,164.967520,5.426357,3.865115,-86.715391,0
2025-08-25,sh.603358,38.5650882900,41.6865966000,38.1960921000,41.1879531000,38.7545728200,5169147,208294370.3600,2,1.177400,1,6.279000,175.325748,5.767075,4.107804,-92.160207,0
2025-08-26,sh.603358,41.2577631900,43.3819845000,41.2577631900,42.2849688000,41.1879531000,6761561,289599104.3700,2,1.540100,1,2.663400,179.995441,5.920677,4.217212,-94.614837,0
2025-08-27,sh.603358,42.2450773200,42.8334766500,40.4699064600,40.5496894200,42.2849688000,5211436,218277052.9900,2,1.187000,1,-4.103800,172.608836,5.677706,4.044148,-90.732058,0
2025-08-28,sh.603358,40.9486042200,43.0827984000,40.5496894200,42.6439921200,40.5496894200,4524335,191098779.8300,2,1.030500,1,5.164800,181.523704,5.970947,4.253019,-95.418170,0
2025-08-29,sh.603358,42.5143448100,43.5315775500,41.9259454800,43.1825271000,42.6439921200,4798167,206280926.6100,2,1.092900,1,1.262900,78.316555,5.590434,3.611199,-113.742367,0
2025-09-01,sh.603358,43.2124457100,43.5814419000,42.2849688000,42.8833410000,43.1825271000,4522459,194652376.2900,2,1.030100,1,-0.692800,77.773946,5.551701,3.586180,-112.954314,0
2025-09-02,sh.603358,42.7836123000,43.3121744100,41.6666508600,42.8933138700,42.8833410000,6189346,264219826.6800,2,1.409700,1,0.023300,77.792033,5.552992,3.587014,-112.980582,0
2025-09-03,sh.603358,42.4844262000,42.4844262000,40.8887670000,41.8062710400,42.8933138700,5049398,211891520.2400,2,1.150100,1,-2.534300,75.820554,5.412263,3.496108,-110.117322,0
2025-09-04,sh.603358,40.8887670000,42.1054571400,40.5696351600,41.3874105000,41.8062710400,3218565,133043224.6500,2,0.733100,1,-1.001900,75.060902,5.358037,3.461080,-109.014047,0
2025-09-05,sh.603358,40.8987398700,41.5768950300,40.7990111700,41.4671934600,41.3874105000,2230061,92081107.1300,2,0.507900,1,0.192800,75.205597,5.368366,3.467752,-109.224194,0
2025-09-08,sh.603358,41.3874105000,42.9232324800,41.3874105000,42.3348331500,41.4671934600,5225144,221320252.7400,2,1.190100,1,2.092400,76.779163,5.480691,3.540310,-111.509549,0
2025-09-09,sh.603358,41.4871392000,42.7038293400,41.4871392000,41.9359183500,42.3348331500,2904598,122659313.0600,2,0.661600,1,-0.942300,76.055685,5.429048,3.506950,-110.458811,0
2025-09-10,sh.603358,41.9059997400,42.4146161100,41.3375461500,41.7863253000,41.9359183500,2597830,108699891.1700,2,0.591700,1,-0.356700,75.784380,5.409681,3.494440,-110.064785,0
2025-09-11,sh.603358,41.5270306800,42.0356470500,40.9884957000,41.6367322500,41.7863253000,2425907,100987468.3700,2,0.552500,1,-0.358000,75.513076,5.390315,3.481930,-109.670758,0
2025-09-12,sh.603358,41.6167865100,41.9059997400,41.1181430100,41.8860540000,41.6367322500,2645401,110099059.3800,2,0.602500,1,0.598800,75.965250,5.422592,3.502780,-110.327469,0
2025-09-15,sh.603358,41.5370035500,42.5043719400,41.2976546700,41.3674647600,41.8860540000,3131864,131115812.5400,2,0.713300,1,-1.238100,75.024728,5.355455,3.459412,-108.961510,0
2025-09-16,sh.603358,41.3076275400,42.0356470500,40.9884957000,41.3774376300,41.3674647600,3367327,139953043.5000,2,0.767000,1,0.024100,75.042815,5.356746,3.460246,-108.987778,0
2025-09-17,sh.603358,41.2876818000,42.3547788900,40.9984685700,41.7763524300,41.3774376300,3784341,158662321.0500,2,0.862000,1,0.964100,75.766293,5.408390,3.493606,-110.038516,0
2025-09-18,sh.603358,41.7863253000,42.5342905500,41.1081701400,41.5968407700,41.7763524300,3857739,162015056.9500,2,0.878700,1,-0.429700,75.440728,5.385150,3.478594,-109.565684,0
2025-09-19,sh.603358,41.3076275400,43.5814419000,38.9939217000,43.5814419000,41.5968407700,8510913,361516525.6700,2,1.938500,1,4.771000,79.040034,5.642078,3.644559,-114.793105,0
2025-09-22,sh.603358,43.6013876400,44.0302210500,42.8933138700,43.6313062500,43.5814419000,5097457,222086028.1300,2,1.161000,1,0.114400,79.130469,5.648533,3.648729,-114.924447,0
2025-09-23,sh.603358,43.4817132000,43.8806280000,42.3348331500,42.5841549000,43.6313062500,4226545,181640312.8100,2,0.962700,1,-2.400000,77.231337,5.512969,3.561160,-112.166260,0
2025-09-24,sh.603358,42.8334766500,43.0429069200,42.0356470500,42.8633952600,42.5841549000,3349144,143090859.7500,2,0.762800,1,0.655700,77.737772,5.549119,3.584512,-112.901777,0
2025-09-25,sh.603358,42.8334766500,42.8334766500,40.8987398700,41.0782515300,42.8633952600,3442565,144310570.7700,2,0.784100,1,-4.164700,74.500206,5.318013,3.435226,-108.199725,0
2025-09-26,sh.603358,41.5370035500,42.8833410000,41.2677360600,41.9558640900,41.0782515300,6174974,261059730.5000,2,1.406500,1,2.136400,76.091859,5.431630,3.508618,-110.511348,0
2025-09-29,sh.603358,41.3874105000,41.6865966000,39.6720768600,41.6865966000,41.9558640900,5361761,219855895.0500,2,1.221200,1,-0.641800,75.603511,5.396770,3.486100,-109.802100,0
2025-09-30,sh.603358,42.0855114000,42.5841549000,41.5270306800,42.4345618500,41.6865966000,3439423,145705027.6200,2,0.783400,1,1.794300,76.960033,5.493602,3.548650,-111.772234,0
2025-10-09,sh.603358,40.8887670000,42.3547788900,40.8887670000,41.5569492900,42.4345618500,3702187,154915316.6300,2,0.843200,1,-2.068200,75.368380,5.379986,3.475258,-109.460610,0
2025-10-10,sh.603358,41.3375461500,42.4644804600,41.3375461500,42.3846975000,41.5569492900,3441807,145387793.0700,2,0.783900,1,1.991800,76.869598,5.487147,3.544480,-111.640891,0
2025-10-13,sh.603358,41.5370035500,41.8561353900,40.9884957000,41.5968407700,42.3846975000,3553431,147628780.6700,2,0.809400,1,-1.858800,75.440728,5.385150,3.478594,-109.565684,0
2025-10-14,sh.603358,41.5968407700,41.9259454800,41.0682786600,41.6865966000,41.5968407700,3064363,127675933.6200,2,0.698000,1,0.215800,75.603511,5.396770,3.486100,-109.802100,0
2025-10-15,sh.603358,41.2278445800,42.2351044500,41.0782515300,41.2278445800,41.6865966000,5107850,212825026.7800,2,1.163400,1,-1.100500,74.771510,5.337380,3.447736,-108.593752,0
2025-10-16,sh.603358,41.1480616200,41.2876818000,39.8515885200,41.2078988400,41.2278445800,5745308,234305881.6700,2,1.308600,1,-0.048400,74.735336,5.334798,3.446068,-108.541215,0
2025-10-17,sh.603358,40.9884957000,41.4871392000,40.1707203600,40.8389026500,41.2078988400,4033429,166010607.9700,2,0.918700,1,-0.895500,74.066119,5.287027,3.415211,-107.569282,0
2025-10-20,sh.603358,40.8787941300,40.9884957000,40.4200421100,40.7990111700,40.8389026500,2039083,83256472.3600,2,0.464400,1,-0.097700,73.993771,5.281863,3.411875,-107.464209,0
2025-10-21,sh.603358,40.7192282100,41.2378174500,40.5895809000,41.0882244000,40.7990111700,2479336,101678725.7700,2,0.564700,1,0.708900,74.518293,5.319305,3.436060,-108.225994,0
2025-10-22,sh.603358,40.9884957000,41.1281158800,40.6793367300,41.0483329200,41.0882244000,1133634,46518070.7500,2,0.258200,1,-0.097100,74.445945,5.314140,3.432724,-108.120920,0
2025-10-23,sh.603358,40.9884957000,42.7636665600,39.9812358300,42.7636665600,41.0483329200,11350002,471614308.9400,2,2.585200,1,4.178800,77.556903,5.536208,3.576172,-112.639092,0
2025-10-24,sh.603358,41.8960268700,42.3846975000,40.8089840400,41.2178717100,42.7636665600,8671701,360297902.8500,2,1.975200,1,-3.614700,74.753423,5.336089,3.446902,-108.567483,0
2025-10-27,sh.603358,40.8887670000,42.7237750800,40.8887670000,41.7863253000,41.2178717100,17232097,722351991.2800,2,3.924900,1,1.379100,75.784380,5.409681,3.494440,-110.064785,0
2025-10-28,sh.603358,41.5868679000,42.0356470500,41.2378174500,41.8760811300,41.7863253000,10744758,449142179.0300,2,2.447300,1,0.214800,75.947163,5.421301,3.501946,-110.301201,0
2025-10-29,sh.603358,41.8661082600,42.2849688000,41.3674647600,41.9259454800,41.8760811300,9689118,405913616.6700,2,2.206900,1,0.119100,76.037598,5.427756,3.506116,-110.432543,0
2025-10-30,sh.603358,41.7663795600,43.3121744100,41.5070849400,42.9332053500,41.9259454800,10174195,435452010.3700,2,2.317400,1,2.402500,77.864381,5.558157,3.590349,-113.085656,0
2025-10-31,sh.603358,42.5143448100,44.1000311400,42.3448060200,43.5415504200,42.9332053500,10448494,451950027.3100,2,2.379900,1,1.417000,49.048060,5.350958,3.957786,-308.858380,0
2025-11-03,sh.603358,43.7808993000,44.3294071500,43.1825271000,43.6711977300,43.5415504200,14466170,632354742.1200,2,3.295000,1,0.297800,49.194103,5.366891,3.969570,-309.778022,0
2025-11-04,sh.603358,43.6711977300,44.2695699300,43.4817132000,44.0601396600,43.6711977300,20294308,891412917.7600,2,4.622400,1,0.890600,49.632233,5.414689,4.004924,-312.536949,0
2025-11-05,sh.603358,43.5714690300,43.8806280000,42.2949416700,43.8407365200,44.0601396600,13710092,596964858.3500,2,3.122700,1,-0.498000,49.385082,5.387726,3.984981,-310.980631,0
2025-11-06,sh.603358,43.5814419000,45.6059345100,42.7636665600,44.6784576000,43.8407365200,19584343,865690280.6100,2,4.460700,1,1.910800,50.328746,5.490676,4.061127,-316.922936,0
2025-11-07,sh.603358,44.0900582700,46.3738455000,44.0800854000,45.8851748700,44.6784576000,15377649,699944767.1000,2,3.502600,1,2.700900,51.688072,5.638974,4.170814,-325.482685,0
2025-11-10,sh.603358,45.8752020000,48.4482024600,45.2967755400,48.4482024600,45.8851748700,17844474,847333617.0800,2,4.064400,1,5.585700,54.575234,5.953952,4.403784,-343.663309,0
2025-11-11,sh.603358,48.0193690500,49.8643500000,48.0193690500,48.9867374400,48.4482024600,14934787,736821945.5500,2,3.401700,1,1.111600,55.181876,6.020134,4.452735,-347.483362,0
2025-11-12,sh.603358,48.8670630000,49.4554623300,48.0692334000,49.1961677100,48.9867374400,12102041,593996927.8800,2,2.756500,1,0.427500,55.417792,6.045872,4.471772,-348.968939,0
2025-11-13,sh.603358,48.8670630000,48.9867374400,46.8724890000,48.0792062700,49.1961677100,10142957,487379323.4300,2,2.310300,1,-2.270400,54.159573,5.908605,4.370244,-341.045865,0
2025-11-14,sh.603358,47.9196403500,49.1861948400,47.6802914700,48.0891791400,48.0792062700,11365587,551474664.8300,2,2.588700,1,0.020700,54.170807,5.909831,4.371150,-341.116607,0
2025-11-17,sh.603358,48.0692334000,48.6077683800,47.4509154600,48.0692334000,48.0891791400,9824462,471466997.6600,2,2.237700,1,-0.041500,54.148339,5.907379,4.369337,-340.975124,0
2025-11-18,sh.603358,47.8697760000,48.1589892300,47.7501015600,47.9196403500,48.0692334000,4486572,215432317.1000,2,1.021900,1,-0.311200,53.979827,5.888995,4.355740,-339.913998,0
2025-11-19,sh.603358,47.9296132200,48.4681482000,47.5306984200,48.3584466300,47.9196403500,8887263,428678298.2700,2,2.024200,1,0.915700,54.474128,5.942922,4.395626,-343.026634,0
2025-11-20,sh.603358,48.1589892300,48.2886365400,46.8724890000,47.6802914700,48.3584466300,5297221,254286893.1900,2,1.206500,1,-1.402400,53.710209,5.859581,4.333984,-338.216196,0
2025-11-21,sh.603358,47.6802914700,47.8598031300,45.4762872000,46.9422990900,47.6802914700,6728124,315232626.7400,2,1.532500,1,-1.547800,52.878886,5.768887,4.266903,-332.981308,0
2025-11-24,sh.603358,46.8126517800,46.8824618700,45.3266941500,45.6258802500,46.9422990900,6122871,281771060.6400,2,1.394600,1,-2.804300,51.395985,5.607108,4.147244,-323.643400,0
2025-11-25,sh.603358,44.8280506500,44.9776437000,41.0682786600,41.0882244000,45.6258802500,23716795,986431604.5200,2,5.402000,1,-9.945400,46.284472,5.049461,3.734786,-291.455915,0
2025-11-26,sh.603358,36.9893748300,41.3774376300,36.9893748300,41.1380887500,41.0882244000,16906354,666904718.2100,2,3.763300,1,0.121400,46.340643,5.055589,3.739319,-291.809623,0
2025-11-27,sh.603358,40.9884957000,42.3348331500,40.0909374000,41.1779802300,41.1380887500,11437245,471736703.2200,2,2.545900,1,0.097000,46.385579,5.060492,3.742945,-292.092590,0
2025-11-28,sh.603358,41.1680073600,41.7564066900,40.4100692400,41.3674647600,41.1779802300,6256106,259025960.6700,2,1.392600,1,0.460200,46.599027,5.083778,3.760168,-293.436683,0
2025-12-01,sh.603358,41.0383600500,41.7663795600,40.5895809000,40.8389026500,41.3674647600,6007333,246564743.7900,2,1.337200,1,-1.277700,46.003620,5.018821,3.712124,-289.687372,0
2025-12-02,sh.603358,40.6893096000,42.1652943600,40.6893096000,41.9857827000,40.8389026500,10518615,437141075.8600,2,2.341400,1,2.808300,47.295541,5.159765,3.816371,-297.822670,0
2025-12-03,sh.603358,42.2949416700,42.4844262000,40.7990111700,41.8361896500,41.9857827000,6317296,262623178.5400,2,1.406200,1,-0.356300,47.127029,5.141381,3.802774,-296.761544,0
2025-12-04,sh.603358,41.4273019800,42.7337479500,41.2976546700,42.2849688000,41.8361896500,5642335,238586159.8800,2,1.256000,1,1.072700,47.632564,5.196533,3.843566,-299.944922,0
2025-12-05,sh.603358,42.2849688000,42.6539649900,41.9758098300,42.5542362900,42.2849688000,5794881,246202485.1900,2,1.289900,1,0.636800,47.935884,5.229624,3.868042,-301.854949,0
2025-12-08,sh.603358,42.6639378600,43.2323914500,42.1652943600,42.9431782200,42.5542362900,4690398,201500681.0500,2,1.044100,1,0.914000,48.374014,5.277422,3.903396,-304.613876,0
2025-12-09,sh.603358,42.9431782200,43.3819845000,42.6838836000,42.9531510900,42.9431782200,4512368,195135065.6100,2,1.004400,1,0.023200,48.385248,5.278648,3.904302,-304.684618,0
2025-12-10,sh.603358,42.9830697000,43.0030154400,42.1353757500,42.4644804600,42.9531510900,5304935,227050398.4000,2,1.180900,1,-1.137700,47.834777,5.218594,3.859883,-301.218273,0
2025-12-11,sh.603358,42.4943990700,42.7536936900,41.9857827000,42.3846975000,42.4644804600,4199067,178377769.8400,2,0.934700,1,-0.187900,47.744905,5.208789,3.852631,-300.652339,0
2025-12-12,sh.603358,42.6539649900,42.8633952600,41.6865966000,42.3049145400,42.3846975000,5173715,218284781.4800,2,1.151600,1,-0.188200,47.655032,5.198984,3.845379,-300.086405,0
2025-12-15,sh.603358,42.8933138700,44.7582405600,42.8933138700,44.7582405600,42.3049145400,11334308,497206112.8800,2,2.523000,1,5.799200,50.418619,5.500481,4.068379,-317.488870,0
2025-12-16,sh.603358,44.4790002000,45.3266941500,40.2804219300,44.3792715000,44.7582405600,20163393,859214027.2400,2,4.488300,1,-0.846700,49.991724,5.453908,4.033932,-314.800685,0
2025-12-17,sh.603358,43.7210620800,44.8779150000,43.0827984000,44.1100040100,44.3792715000,8640635,380329078.9400,2,1.923400,1,-0.606700,49.688403,5.420817,4.009456,-312.890658,0
2025-12-18,sh.603358,44.1498954900,44.4790002000,42.8334766500,44.0800854000,44.1100040100,6500843,286606165.5400,2,1.447100,1,-0.067800,49.654701,5.417140,4.006737,-312.678433,0
2025-12-19,sh.603358,44.2296784500,44.4291358500,43.9504380900,44.3692986300,44.0800854000,4642706,205769739.2000,2,1.033400,1,0.656100,49.980489,5.452683,4.033025,-314.729943,0
2025-12-22,sh.603358,44.2296784500,44.4191629800,44.0003024400,44.2197055800,44.3692986300,3388396,150234078.1500,2,0.754200,1,-0.337200,49.811978,5.434299,4.019428,-313.668817,0
2025-12-23,sh.603358,44.4989459400,44.4989459400,42.8534223900,42.8633952600,44.2197055800,4077800,177764798.2000,2,0.907700,1,-3.067200,48.284141,5.267618,3.896144,-304.047942,0
2025-12-24,sh.603358,42.9830697000,44.7283219500,42.9830697000,44.4989459400,42.8633952600,7579715,335041215.7700,2,1.687200,1,3.815700,50.126533,5.468615,4.044810,-315.649585,0
2025-12-25,sh.603358,45.3865313700,47.4708612000,44.5887017700,46.5832757700,44.4989459400,6780068,313824112.8900,2,1.509200,1,4.684000,52.474459,5.724765,4.234269,-330.434606,0
2025-12-26,sh.603358,46.8724890000,48.3484737600,46.8724890000,47.9395860900,46.5832757700,5908712,282979826.9100,2,1.315300,1,2.911600,54.002296,5.891447,4.357553,-340.055481,0
2025-12-29,sh.603358,48.2487450600,49.5851096400,48.2188264500,49.3058692800,47.9395860900,5655888,277841699.6500,2,1.259000,1,2.850000,55.541367,6.059353,4.481744,-349.747098,0
2025-12-30,sh.603358,49.3956251100,49.8643500000,49.0465746600,49.3258150200,49.3058692800,4094504,203111760.3000,2,0.911400,1,0.040500,55.563835,6.061805,4.483557,-349.888581,0
2025-12-31,sh.603358,49.3357878900,50.9613657000,49.3058692800,50.3629935000,49.3258150200,4684216,236190601.4500,2,1.042700,1,2.102700,56.732181,6.189267,4.577833,-357.245721,0
2026-01-05,sh.603358,50.3629935000,50.9115013500,49.3657065000,50.6123152500,50.3629935000,5486631,275485933.6700,2,1.221300,1,0.495000,57.013033,6.219907,4.600495,-359.014264,0
2026-01-06,sh.603358,50.6123152500,50.9314470900,49.9939973100,50.1136717500,50.6123152500,3785351,191474876.1400,2,0.842600,1,-0.985200,56.451328,6.158627,4.555170,-355.477178,0
2026-01-07,sh.603358,49.8842957400,51.7591953000,49.8842957400,51.4101448500,50.1136717500,6063040,308679051.3800,2,1.349600,1,2.587100,57.911761,6.317954,4.673015,-364.673602,0
2026-01-08,sh.603358,51.4101448500,52.2678116700,51.2206603200,51.6594666000,51.4101448500,5738261,298126270.4900,2,1.277300,1,0.485000,58.192613,6.348594,4.695678,-366.442145,0
2026-01-09,sh.603358,52.4074318500,56.5262271600,52.4074318500,55.7283975600,51.6594666000,12622675,704031806.7500,2,2.809700,1,7.876400,62.776124,6.848638,5.065531,-395.304770,0
2026-01-12,sh.603358,55.8181533900,57.0248706600,55.3594013700,56.7256845600,55.7283975600,9452151,533021074.9600,2,2.104000,1,1.789500,63.899533,6.971198,5.156181,-402.378943,0
2026-01-13,sh.603358,56.7256845600,56.8254132600,55.0801610100,55.4491572000,56.7256845600,7056687,396532732.0000,2,1.570800,1,-2.250400,62.461569,6.814321,5.040148,-393.324001,0
2026-01-14,sh.603358,55.4491572000,55.4491572000,52.8961024800,53.4545832000,55.4491572000,10061880,546695673.8200,2,2.239700,1,-3.597100,60.214750,6.569202,4.858848,-379.175656,0
2026-01-15,sh.603358,53.4346374600,55.4491572000,53.2950172800,55.1399982300,53.4545832000,7506093,412405449.1300,2,1.670800,1,3.153000,62.113312,6.776328,5.012047,-391.131008,0
2026-01-16,sh.603358,55.0500000000,55.8000000000,54.2500000000,54.8000000000,55.1400000000,5715533,313934542.2900,2,1.272200,1,-0.616600,61.562842,6.716274,4.967628,-387.664663,0
2026-01-19,sh.603358,54.1400000000,54.6500000000,52.5200000000,53.4500000000,54.8000000000,7246001,388040216.9800,2,1.612900,1,-2.463500,60.046239,6.550818,4.845251,-378.114530,0
2026-01-20,sh.603358,53.5300000000,54.5600000000,53.0000000000,53.6800000000,53.4500000000,4713661,253092182.9900,2,1.049200,1,0.430300,60.304623,6.579007,4.866100,-379.741590,0
2026-01-21,sh.603358,53.6800000000,55.2900000000,53.1200000000,54.1800000000,53.6800000000,5683837,309839973.1500,2,1.265200,1,0.931400,60.866328,6.640287,4.911425,-383.278676,0
2026-01-22,sh.603358,54.0800000000,54.8000000000,53.8800000000,54.1600000000,54.1800000000,4120960,223797300.7500,2,0.917300,1,-0.036900,60.843859,6.637835,4.909612,-383.137193,0
2026-01-23,sh.603358,54.0500000000,55.6600000000,54.0000000000,54.4100000000,54.1600000000,7715498,422091724.5600,2,1.717400,1,0.461600,61.124712,6.668475,4.932275,-384.905736,0
2026-01-26,sh.603358,54.4200000000,55.2000000000,53.1300000000,54.7100000000,54.4100000000,7167515,389251934.9500,2,1.595500,1,0.551400,61.461735,6.705243,4.959470,-387.027988,0
2026-01-27,sh.603358,54.5000000000,54.5200000000,53.1000000000,53.3700000000,54.7100000000,4469401,239622493.0500,2,0.994900,1,-2.449300,59.956366,6.541013,4.837999,-377.548596,0
2026-01-28,sh.603358,53.4700000000,53.7200000000,51.9000000000,53.6400000000,53.3700000000,4701559,248643429.6000,2,1.046500,1,0.505900,60.259687,6.574104,4.862474,-379.458623,0
2026-01-29,sh.603358,53.5500000000,53.5800000000,51.8000000000,52.1800000000,53.6400000000,4614833,242982193.4100,2,1.027200,1,-2.721800,58.619509,6.395167,4.730125,-369.130331,0
2026-01-30,sh.603358,51.8000000000,52.0800000000,50.8600000000,51.4000000000,52.1800000000,5164239,265669681.7200,2,1.149500,1,-1.494800,57.743249,6.299570,4.659418,-363.612476,0
2026-02-02,sh.603358,51.9000000000,52.4500000000,49.7100000000,50.0100000000,51.4000000000,7800960,395349386.9800,2,1.736500,1,-2.704300,56.181710,6.129212,4.533414,-353.779376,0
2026-02-03,sh.603358,50.1900000000,50.5300000000,49.7000000000,50.1800000000,50.0100000000,4104694,205425152.6400,2,0.913700,1,0.339900,56.372690,6.150048,4.548825,-354.981986,0
2026-02-04,sh.603358,50.2500000000,50.4400000000,49.7800000000,50.2800000000,50.1800000000,3212267,160650569.4300,2,0.715000,1,0.199300,56.485031,6.162304,4.557890,-355.689403,0
2026-02-05,sh.603358,50.6600000000,51.7700000000,50.1900000000,51.5200000000,50.2800000000,10203989,520321504.5900,2,2.271400,1,2.466200,57.878058,6.314278,4.670296,-364.461377,0
2026-02-06,sh.603358,51.0200000000,53.2000000000,50.4100000000,50.8800000000,51.5200000000,9086988,470444752.4300,2,2.022700,1,-1.242200,57.159076,6.235839,4.612280,-359.933906,0
2026-02-09,sh.603358,52.1600000000,52.1600000000,47.0000000000,51.1800000000,50.8800000000,10754534,532367170.6700,2,2.393900,1,0.589600,57.496099,6.272607,4.639475,-362.056158,0
2026-02-10,sh.603358,51.1900000000,51.8500000000,49.3300000000,51.0700000000,51.1800000000,6876986,347103830.7400,2,1.530800,1,-0.214900,57.372524,6.259126,4.629503,-361.277999,0
2026-02-11,sh.603358,50.7500000000,51.5000000000,50.4500000000,50.4900000000,51.0700000000,3960000,201880809.1800,2,0.881500,1,-1.135700,56.720947,6.188041,4.576926,-357.174979,0
2026-02-12,sh.603358,50.2000000000,50.4500000000,49.1400000000,49.7800000000,50.4900000000,6610590,330047055.4800,2,1.471500,1,-1.406200,55.923326,6.101024,4.512565,-352.152316,0
2026-02-13,sh.603358,49.8200000000,50.3500000000,48.8000000000,49.2000000000,49.7800000000,3912235,193819978.4100,2,0.870800,1,-1.165100,55.271748,6.029939,4.459988,-348.049296,0
2026-02-24,sh.603358,49.3800000000,50.9100000000,49.2000000000,50.3800000000,49.2000000000,3390172,169906446.9400,2,0.754600,1,2.398400,56.597372,6.174560,4.566955,-356.396820,0
2026-02-25,sh.603358,50.0500000000,50.6300000000,49.3100000000,49.8900000000,50.3800000000,2941822,146839407.4600,2,0.654800,1,-0.972600,56.046901,6.114505,4.522536,-352.930475,0
2026-02-26,sh.603358,50.1100000000,50.1100000000,49.1200000000,49.8900000000,49.8900000000,2382226,118097967.7700,2,0.530300,1,0.000000,56.046901,6.114505,4.522536,-352.930475,0
2026-02-27,sh.603358,49.4900000000,50.2200000000,49.3000000000,50.2200000000,49.8900000000,2211243,110030525.6300,2,0.492200,1,0.661500,56.417626,6.154950,4.552451,-355.264952,0
2026-03-02,sh.603358,49.8400000000,50.4000000000,48.4100000000,49.0800000000,50.2200000000,3597598,177199545.4800,2,0.800800,1,-2.270000,55.136939,6.015232,4.449109,-347.200396,0
2026-03-03,sh.603358,48.8900000000,50.3700000000,48.0100000000,49.8900000000,49.0800000000,5002492,246539729.3200,2,1.113500,1,1.650400,56.046901,6.114505,4.522536,-352.930475,0
2026-03-04,sh.603358,49.8900000000,50.4900000000,48.6000000000,49.3000000000,49.8900000000,5565913,275942863.2400,2,1.238900,1,-1.182600,55.384089,6.042195,4.469053,-348.756714,0
2026-03-05,sh.603358,49.3300000000,50.0200000000,48.8900000000,49.4500000000,49.3000000000,3971930,196144821.0000,2,0.884100,1,0.304300,55.552601,6.060579,4.482650,-349.817839,0
2026-03-06,sh.603358,49.0000000000,49.9600000000,48.7000000000,49.5500000000,49.4500000000,6196404,305484945.5700,2,1.379300,1,0.202200,55.664942,6.072835,4.491715,-350.525257,0
2026-03-09,sh.603358,49.2600000000,50.1900000000,46.9500000000,49.4500000000,49.5500000000,9726251,473351100.4200,2,2.165000,1,-0.201800,55.552601,6.060579,4.482650,-349.817839,0
2026-03-10,sh.603358,49.5000000000,51.0800000000,49.3400000000,50.7000000000,49.4500000000,8595356,432987837.4600,2,1.913300,1,2.527800,56.956863,6.213779,4.595963,-358.660555,0
2026-03-11,sh.603358,50.6900000000,50.6900000000,49.2200000000,49.7500000000,50.7000000000,6144070,307277826.5800,2,1.367600,1,-1.873800,55.889624,6.097347,4.509845,-351.940091,0
2026-03-12,sh.603358,49.7000000000,50.1600000000,48.3400000000,49.3000000000,49.7500000000,5860308,288771236.7400,2,1.304500,1,-0.904500,55.384089,6.042195,4.469053,-348.756714,0
2026-03-13,sh.603358,49.3000000000,49.3000000000,47.0900000000,48.5000000000,49.3000000000,5340877,257160447.0200,2,1.188900,1,-1.622700,54.485362,5.944147,4.396532,-343.097375,0
2026-03-16,sh.603358,47.7800000000,48.1500000000,46.6700000000,48.0900000000,48.5000000000,4993134,237136073.5700,2,1.111400,1,-0.845400,54.024764,5.893898,4.359366,-340.196965,0
2026-03-17,sh.603358,47.7200000000,47.7200000000,43.2800000000,45.3500000000,48.0900000000,14258399,636804809.4300,2,3.173800,1,-5.697700,50.946622,5.558084,4.110984,-320.813731,0
2026-03-18,sh.603358,44.9000000000,46.3000000000,41.0400000000,46.2000000000,45.3500000000,10373316,454767344.8000,2,2.279000,1,1.874300,51.901520,5.662260,4.188037,-326.826778,0
