date,code,open,high,low,close,preclose,volume,amount,adjustflag,turn,tradestatus,pctChg,peTTM,pbMRQ,psTTM,pcfNcfTTM,isST
2023-06-26,sh.603387,11.9278242200,11.9940373600,11.7575618600,11.8710701000,11.9278242200,2311023,28977748.2000,2,0.455700,1,-0.475800,15.844014,2.444992,3.891731,-20.147863,0
2023-06-27,sh.603387,11.8710701000,12.1359226600,11.8710701000,12.0224144200,11.8710701000,2015163,25606022.6600,2,0.397300,1,1.274900,16.046010,2.476163,3.941346,-20.404728,0
2023-06-28,sh.603387,11.9940373600,12.0697095200,11.8710701000,12.0318734400,12.0224144200,1849092,23404911.5200,2,0.364600,1,0.078700,16.058634,2.478111,3.944447,-20.420782,0
2023-06-29,sh.603387,11.9656603000,12.1548407000,11.9278242200,12.0886275600,12.0318734400,2047260,26163422.0000,2,0.403700,1,0.471700,16.134383,2.489800,3.963053,-20.517106,0
2023-06-30,sh.603387,12.0980865800,12.2872669800,12.0886275600,12.1926767800,12.0886275600,2348447,30268147.4800,2,0.463100,1,0.860700,16.273254,2.511231,3.997164,-20.693701,0
2023-07-03,sh.603387,12.2399718800,12.3345620800,12.1642997200,12.2115948200,12.1926767800,2669983,34536191.1100,2,0.526500,1,0.155200,16.298504,2.515127,4.003366,-20.725809,0
2023-07-04,sh.603387,12.2210538400,12.2778079600,12.1359226600,12.2021358000,12.2115948200,2093211,27040935.2800,2,0.412700,1,-0.077500,16.285879,2.513179,4.000265,-20.709755,0
2023-07-05,sh.603387,12.2021358000,12.2588899200,12.0697095200,12.1264636400,12.2021358000,1811738,23271239.8600,2,0.357200,1,-0.620200,16.184881,2.497593,3.975457,-20.581323,0
2023-07-06,sh.603387,12.1264636400,12.1264636400,11.9940373600,12.0129554000,12.1264636400,2174819,27695803.4100,2,0.428800,1,-0.936000,16.033385,2.474215,3.938245,-20.388674,0
2023-07-07,sh.603387,12.0034963800,12.2683489400,11.9562012800,12.1548407000,12.0129554000,2604997,33365256.8500,2,0.513700,1,1.181100,16.222756,2.503438,3.984760,-20.629485,0
2023-07-10,sh.603387,12.2021358000,12.2872669800,12.1548407000,12.1642997200,12.1548407000,1534476,19811951.4400,2,0.302600,1,0.077800,16.235380,2.505386,3.987861,-20.645539,0
2023-07-11,sh.603387,12.2021358000,12.2399718800,12.0980865800,12.2115948200,12.1642997200,1473784,18982344.0800,2,0.290600,1,0.388800,16.298504,2.515127,4.003366,-20.725809,0
2023-07-12,sh.603387,12.2115948200,12.2494309000,12.1170046200,12.1453816800,12.2115948200,1330072,17139122.0800,2,0.262300,1,-0.542200,16.210131,2.501490,3.981659,-20.613431,0
2023-07-13,sh.603387,12.2021358000,12.2683489400,12.1170046200,12.2305128600,12.1453816800,2585420,33408314.6600,2,0.509800,1,0.700900,16.323753,2.519023,4.009568,-20.757917,0
2023-07-14,sh.603387,12.2210538400,12.2399718800,12.1264636400,12.1359226600,12.2305128600,2110082,27200180.7600,2,0.416100,1,-0.773400,16.197506,2.499541,3.978558,-20.597377,0
2023-07-17,sh.603387,12.1832177600,12.1832177600,11.9278242200,12.0507914800,12.1359226600,2567969,32557996.0500,2,0.506300,1,-0.701500,16.083884,2.482008,3.950649,-20.452890,0
2023-07-18,sh.603387,12.0507914800,12.0602505000,11.8710701000,11.9467422600,12.0507914800,2576065,32458521.6500,2,0.507900,1,-0.863400,15.945012,2.460577,3.916538,-20.276295,0
2023-07-19,sh.603387,11.9562012800,11.9751193200,11.8048569600,11.8521520600,11.9467422600,2821375,35396338.4100,2,0.556300,1,-0.791800,15.818765,2.441095,3.885529,-20.115754,0
2023-07-20,sh.603387,11.8521520600,11.9183652000,11.7481028400,11.7859389200,11.8521520600,2376300,29760118.0800,2,0.468600,1,-0.558700,15.730392,2.427458,3.863822,-20.003376,0
2023-07-21,sh.603387,11.7764799000,11.8616110800,11.6818897000,11.7481028400,11.7859389200,2895126,35982448.2000,2,0.570900,1,-0.321000,15.679893,2.419665,3.851418,-19.939160,0
2023-07-24,sh.603387,11.7859389200,11.8143159800,11.6629716600,11.7575618600,11.7481028400,1936802,24092662.7600,2,0.381900,1,0.080500,15.692518,2.421613,3.854519,-19.955214,0
2023-07-25,sh.603387,11.8426930400,11.9089061800,11.7859389200,11.8805291200,11.7575618600,2911262,36528291.9400,2,0.574000,1,1.045900,15.856639,2.446940,3.894832,-20.163917,0
2023-07-26,sh.603387,11.9562012800,12.0034963800,11.8426930400,11.9845783400,11.8805291200,2667419,33704471.4500,2,0.526000,1,0.875800,15.995511,2.468370,3.928942,-20.340511,0
2023-07-27,sh.603387,12.0034963800,12.0129554000,11.8710701000,11.9467422600,11.9845783400,3999566,50464783.2500,2,0.788600,1,-0.315700,15.945012,2.460577,3.916538,-20.276295,0
2023-07-28,sh.603387,11.8994471600,12.0413324600,11.8899881400,12.0034963800,11.9467422600,3207578,40593041.1200,2,0.632500,1,0.475100,16.020760,2.472267,3.935144,-20.372620,0
2023-07-31,sh.603387,12.0034963800,12.1075456000,11.8899881400,11.9278242200,12.0034963800,3514310,44567131.0400,2,0.692900,1,-0.630400,15.919763,2.456681,3.910336,-20.244187,0
2023-08-01,sh.603387,11.9372832400,12.0034963800,11.7481028400,11.7953979400,11.9278242200,4175347,52324674.5200,2,0.823300,1,-1.110200,15.743017,2.429406,3.866923,-20.019430,0
2023-08-02,sh.603387,11.7953979400,11.7953979400,11.6156765600,11.6251355800,11.7953979400,3772524,46532439.7000,2,0.743900,1,-1.443500,15.515772,2.394339,3.811105,-19.730457,0
2023-08-03,sh.603387,11.6345946000,11.9467422600,11.5778404800,11.8237750000,11.6251355800,4912255,61309147.9400,2,0.968600,1,1.708700,15.780891,2.435251,3.876226,-20.067592,0
2023-08-04,sh.603387,11.8899881400,11.9845783400,11.7859389200,11.8521520600,11.8237750000,3307176,41575233.3000,2,0.652100,1,0.240000,15.818765,2.441095,3.885529,-20.115754,0
2023-08-07,sh.603387,11.8332340200,11.8426930400,11.5116273400,11.5400044000,11.8521520600,5668134,69423077.1800,2,1.117600,1,-2.633700,15.402149,2.376805,3.783196,-19.585970,0
2023-08-08,sh.603387,11.4832502800,11.4927093000,11.2846108600,11.3697420400,11.5400044000,4132069,49636596.3600,2,0.814800,1,-1.475400,15.174905,2.341737,3.727379,-19.296997,0
2023-08-09,sh.603387,11.3508240000,11.6156765600,11.3129879200,11.5305453800,11.3697420400,3248506,39491878.0800,2,0.640500,1,1.414300,15.389525,2.374857,3.780095,-19.569916,0
2023-08-10,sh.603387,11.5305453800,11.5589224400,11.4264961600,11.5021683200,11.5305453800,1728930,20989044.9200,2,0.340900,1,-0.246100,15.351650,2.369012,3.770792,-19.521754,0
2023-08-11,sh.603387,11.4548732200,11.5872995000,11.4264961600,11.4264961600,11.5021683200,2801011,34060006.3200,2,0.552300,1,-0.657900,15.250653,2.353426,3.745984,-19.393321,0
2023-08-14,sh.603387,11.3886600800,11.4832502800,11.2373157600,11.3981191000,11.4264961600,2476778,29636441.3800,2,0.488400,1,-0.248300,15.212779,2.347582,3.736682,-19.345159,0
2023-08-15,sh.603387,11.3413649800,11.4075781200,11.2656928200,11.3508240000,11.3981191000,2486036,29764479.3200,2,0.490200,1,-0.414900,15.149655,2.337841,3.721177,-19.264889,0
2023-08-16,sh.603387,11.3508240000,11.5778404800,11.2846108600,11.2940698800,11.3508240000,3283464,39587435.4000,2,0.647400,1,-0.500000,15.073907,2.326152,3.702571,-19.168564,0
2023-08-17,sh.603387,11.3508240000,11.3508240000,11.1238075200,11.2751518400,11.2940698800,2720175,32211317.7600,2,0.536400,1,-0.167500,15.048657,2.322255,3.696369,-19.136456,0
2023-08-18,sh.603387,11.2278567400,11.3035289000,11.1048894800,11.1238075200,11.2751518400,2382153,28182531.6100,2,0.469700,1,-1.342300,14.846662,2.291084,3.646753,-18.879591,0
2023-08-21,sh.603387,11.1143485000,11.2089387000,10.9157090800,11.0008402600,11.1238075200,3368471,39362936.5700,2,0.664200,1,-1.105400,14.682541,2.265757,3.606440,-18.670888,0
2023-08-22,sh.603387,11.0102992800,11.0859714400,10.7832828000,10.9346271200,11.0008402600,3288636,37855971.3000,2,0.648400,1,-0.601900,14.594168,2.252120,3.584733,-18.558509,0
2023-08-23,sh.603387,10.9440861400,11.0008402600,10.7927418200,10.8116598600,10.9346271200,1632048,18774982.3700,2,0.321800,1,-1.124600,14.430046,2.226793,3.544421,-18.349806,0
2023-08-24,sh.603387,10.8211188800,10.9819222200,10.7170696600,10.9251681000,10.8116598600,1448024,16647265.6300,2,0.285500,1,1.049900,14.581543,2.250172,3.581633,-18.542455,0
2023-08-25,sh.603387,10.9251681000,11.0197583000,10.8400369200,10.8778730000,10.9251681000,1875104,21656146.6400,2,0.369700,1,-0.432900,14.518419,2.240431,3.566128,-18.462185,0
2023-08-28,sh.603387,11.3886600800,11.4454142000,10.8494959400,10.8684139800,10.8778730000,3480861,40901038.7400,2,0.686400,1,-0.087000,14.505795,2.238482,3.563027,-18.446131,0
2023-08-29,sh.603387,10.4427580800,10.5941024000,10.3103318000,10.5373482800,10.8684139800,14705437,162360410.1700,2,2.899600,1,-3.046100,16.723535,2.259257,3.640250,-10.325515,0
2023-08-30,sh.603387,10.5562663200,10.6130204400,10.4616761200,10.5468073000,10.5373482800,6815581,75913581.4200,2,1.343900,1,0.089800,16.738547,2.261285,3.643518,-10.334784,0
2023-08-31,sh.603387,10.4995122000,10.6697745600,10.4805941600,10.5941024000,10.5468073000,4682693,52397050.1200,2,0.923300,1,0.448400,16.813608,2.271425,3.659856,-10.381128,0
2023-09-01,sh.603387,10.6413975000,10.6413975000,10.4900531800,10.5278892600,10.5941024000,2849019,31720314.4800,2,0.561800,1,-0.625000,16.708523,2.257229,3.636982,-10.316246,0
2023-09-04,sh.603387,10.5373482800,10.6130204400,10.4995122000,10.5941024000,10.5278892600,3205649,35775973.0800,2,0.632100,1,0.628900,16.813608,2.271425,3.659856,-10.381128,0
2023-09-05,sh.603387,10.5846433800,10.6413975000,10.5373482800,10.5657253400,10.5941024000,2639436,29517720.2400,2,0.520400,1,-0.267900,16.768571,2.265341,3.650053,-10.353322,0
2023-09-06,sh.603387,10.5468073000,10.5941024000,10.4522171000,10.5657253400,10.5657253400,1847502,20591985.9200,2,0.364300,1,0.000000,16.768571,2.265341,3.650053,-10.353322,0
2023-09-07,sh.603387,10.5941024000,10.6035614200,10.3103318000,10.3765449400,10.5657253400,3820893,42059708.1000,2,0.753400,1,-1.790500,16.468328,2.224780,3.584698,-10.167945,0
2023-09-08,sh.603387,10.3103318000,10.3765449400,10.2535776800,10.3103318000,10.3765449400,2649557,28863307.1900,2,0.522400,1,-0.638100,16.363243,2.210584,3.561824,-10.103062,0
2023-09-11,sh.603387,10.3103318000,10.6697745600,10.3103318000,10.6035614200,10.3103318000,6934830,77276299.4800,2,1.367400,1,2.844000,16.828620,2.273453,3.663124,-10.390397,0
2023-09-12,sh.603387,10.6035614200,10.6508565200,10.5468073000,10.5846433800,10.6035614200,2613594,29296549.4000,2,0.515300,1,-0.178400,16.798596,2.269397,3.656588,-10.371860,0
2023-09-13,sh.603387,10.6413975000,10.6413975000,10.4143810200,10.4711351400,10.5846433800,2567656,28482467.7000,2,0.506300,1,-1.072400,16.618450,2.245061,3.617376,-10.260633,0
2023-09-14,sh.603387,10.4805941600,10.4805941600,10.3292498400,10.4238400400,10.4711351400,2246025,24694419.4700,2,0.442900,1,-0.451700,16.543389,2.234920,3.601037,-10.214289,0
2023-09-15,sh.603387,10.4522171000,10.6697745600,10.3670859200,10.5941024000,10.4238400400,3420275,38202247.8400,2,0.674400,1,1.633400,16.813608,2.271425,3.659856,-10.381128,0
2023-09-18,sh.603387,10.5941024000,10.7265286800,10.5657253400,10.7076106400,10.5941024000,3287541,37113636.9300,2,0.648200,1,1.071400,16.993754,2.295762,3.699069,-10.492355,0
2023-09-19,sh.603387,10.6981516200,10.7643647600,10.6130204400,10.6697745600,10.7076106400,2263682,25530962.1000,2,0.446400,1,-0.353400,16.933705,2.287650,3.685998,-10.455279,0
2023-09-20,sh.603387,10.6603155400,10.7359877000,10.6035614200,10.6697745600,10.6697745600,2742796,30975355.1200,2,0.540800,1,0.000000,16.933705,2.287650,3.685998,-10.455279,0
2023-09-21,sh.603387,10.6697745600,10.6886926000,10.5278892600,10.5562663200,10.6697745600,2125380,23769699.3200,2,0.419100,1,-1.063800,16.753559,2.263313,3.646785,-10.344053,0
2023-09-22,sh.603387,10.5468073000,10.6697745600,10.4427580800,10.6603155400,10.5562663200,2565085,28565708.4600,2,0.505800,1,0.985700,16.918693,2.285622,3.682730,-10.446010,0
2023-09-25,sh.603387,10.6508565200,10.7454467200,10.6035614200,10.7265286800,10.6603155400,2839713,32128340.8000,2,0.559900,1,0.621100,17.023778,2.299818,3.705604,-10.510893,0
2023-09-26,sh.603387,10.6697745600,10.7265286800,10.5657253400,10.5941024000,10.7265286800,1944832,21866839.6400,2,0.383500,1,-1.234600,16.813608,2.271425,3.659856,-10.381128,0
2023-09-27,sh.603387,10.6418276000,10.8327124000,10.5941064000,10.8136239200,10.5941064000,2779660,31342739.8800,2,0.548100,1,2.072100,17.008766,2.297790,3.702337,-10.501624,0
2023-09-28,sh.603387,10.8422566400,10.8422566400,10.6704603200,10.6990930400,10.8136239200,2329456,26164900.9600,2,0.459300,1,-1.059100,16.828620,2.273453,3.663124,-10.390397,0
2023-10-09,sh.603387,10.7086372800,10.7659027200,10.6322833600,10.6990930400,10.6990930400,2783471,31231817.8000,2,0.548800,1,0.000000,16.828620,2.273453,3.663124,-10.390397,0
2023-10-10,sh.603387,10.7563584800,10.8040796800,10.5654736800,10.5750179200,10.6990930400,3025792,33703073.0000,2,0.596600,1,-1.159700,16.633462,2.247089,3.620643,-10.269902,0
2023-10-11,sh.603387,10.5750179200,10.8708893600,10.5750179200,10.7277257600,10.5750179200,3888913,43910542.6900,2,0.766800,1,1.444000,16.873656,2.279538,3.672927,-10.418204,0
2023-10-12,sh.603387,10.7754469600,10.9186105600,10.7563584800,10.8136239200,10.7277257600,2557936,29008767.9600,2,0.504400,1,0.800700,17.008766,2.297790,3.702337,-10.501624,0
2023-10-13,sh.603387,10.8040796800,10.9758760000,10.7659027200,10.9090663200,10.8136239200,2782960,31776396.7200,2,0.548700,1,0.882600,17.158887,2.318071,3.735014,-10.594312,0
2023-10-16,sh.603387,10.9376990400,10.9758760000,10.7277257600,10.7849912000,10.9090663200,2810716,31849973.8200,2,0.554200,1,-1.137400,16.963729,2.291706,3.692534,-10.473817,0
2023-10-17,sh.603387,10.7849912000,10.8327124000,10.5845621600,10.6513718400,10.7849912000,3116489,34784241.6400,2,0.614500,1,-1.238900,16.753559,2.263313,3.646785,-10.344053,0
2023-10-18,sh.603387,10.6704603200,10.6990930400,10.3459561600,10.3841331200,10.6513718400,3586178,39217922.0800,2,0.707100,1,-2.509000,16.333219,2.206528,3.555289,-10.084525,0
2023-10-19,sh.603387,10.3364119200,10.3650446400,10.1168944000,10.1168944000,10.3841331200,4036892,43089003.6400,2,0.796000,1,-2.573500,15.912879,2.149742,3.463792,-9.824997,0
2023-10-20,sh.603387,10.1359828800,10.1550713600,10.0119077600,10.0309962400,10.1168944000,2746544,29005492.1200,2,0.541600,1,-0.849100,15.777769,2.131489,3.434383,-9.741577,0
2023-10-23,sh.603387,10.0500847200,10.0787174400,9.7733017600,9.8782884000,10.0309962400,3031612,31475724.3000,2,0.597800,1,-1.522400,15.537575,2.099040,3.382099,-9.593275,0
2023-10-24,sh.603387,9.8591999200,10.0787174400,9.7923902400,10.0405404800,9.8782884000,2605374,27198996.2600,2,0.513700,1,1.642500,15.792782,2.133517,3.437651,-9.750846,0
2023-10-25,sh.603387,10.0691732000,10.1646156000,9.9928192800,10.0023635200,10.0405404800,1976663,20875435.5300,2,0.389800,1,-0.380200,15.732733,2.125405,3.424580,-9.713770,0
2023-10-26,sh.603387,9.9641865600,10.2600580000,9.8782884000,10.1837040800,10.0023635200,2360996,24852904.4500,2,0.465500,1,1.813000,16.017964,2.163938,3.486667,-9.889879,0
2023-10-27,sh.603387,10.1455271200,10.7659027200,10.0500847200,10.6990930400,10.1837040800,5909658,65184441.1600,2,1.165300,1,5.060900,16.828620,2.273453,3.663124,-10.390397,0
2023-10-30,sh.603387,10.5750179200,10.9567875200,10.5463852000,10.8613451200,10.6990930400,5208431,59292296.1900,2,1.027000,1,1.516500,22.831826,2.298939,3.992244,-7.957994,0
2023-10-31,sh.603387,10.8613451200,11.0140529600,10.8136239200,10.9090663200,10.8613451200,3800986,43493739.5000,2,0.749500,1,0.439400,22.932142,2.309040,4.009785,-7.992959,0
2023-11-01,sh.603387,10.8804336000,10.9567875200,10.7277257600,10.8231681600,10.9090663200,3412216,38723287.6000,2,0.672800,1,-0.787400,22.751574,2.290858,3.978212,-7.930022,0
2023-11-02,sh.603387,10.8231681600,10.9376990400,10.7849912000,10.7945354400,10.8231681600,2969956,33736802.4400,2,0.585600,1,-0.264600,22.691384,2.284798,3.967687,-7.909043,0
2023-11-03,sh.603387,10.8136239200,10.9663317600,10.7754469600,10.8136239200,10.7945354400,2215532,25222517.5200,2,0.436900,1,0.176800,22.731511,2.288838,3.974703,-7.923029,0
2023-11-06,sh.603387,10.8231681600,11.0140529600,10.8231681600,10.9281548000,10.8136239200,3496503,40049405.5800,2,0.689400,1,1.059100,22.972268,2.313080,4.016801,-8.006945,0
2023-11-07,sh.603387,10.9567875200,11.0140529600,10.8899778400,10.8899778400,10.9281548000,2443336,28004065.6400,2,0.481800,1,-0.349300,22.892016,2.304999,4.002768,-7.978973,0
2023-11-08,sh.603387,10.9186105600,11.0426856800,10.8518008800,11.0045087200,10.8899778400,3256153,37487012.9200,2,0.642000,1,1.051700,23.132773,2.329241,4.044866,-8.062889,0
2023-11-09,sh.603387,10.9949644800,11.2144820000,10.9090663200,10.9186105600,11.0045087200,3581012,41456334.2400,2,0.706100,1,-0.780600,22.952205,2.311060,4.013293,-7.999952,0
2023-11-10,sh.603387,10.9281548000,11.0808626400,10.8422566400,10.9854202400,10.9186105600,2238628,25749733.0000,2,0.441400,1,0.611900,23.092647,2.325201,4.037850,-8.048903,0
2023-11-13,sh.603387,10.9949644800,11.0331414400,10.8708893600,10.9663317600,10.9854202400,2189500,25068700.8000,2,0.431700,1,-0.173800,23.052521,2.321161,4.030833,-8.034917,0
2023-11-14,sh.603387,10.9854202400,11.0522299200,10.8995220800,11.0426856800,10.9663317600,2187661,25245475.0700,2,0.431400,1,0.696300,23.213025,2.337322,4.058898,-8.090860,0
2023-11-15,sh.603387,11.0426856800,11.1285838400,11.0045087200,11.1094953600,11.0426856800,2797096,32428005.4800,2,0.551500,1,0.605000,23.353467,2.351463,4.083455,-8.139811,0
2023-11-16,sh.603387,11.0808626400,11.1572165600,10.9854202400,11.0331414400,11.1094953600,2263914,26215196.7800,2,0.446400,1,-0.687300,23.192962,2.335302,4.055390,-8.083867,0
2023-11-17,sh.603387,10.9758760000,11.0999511200,10.9567875200,11.0617741600,11.0331414400,2104028,24317264.6600,2,0.414900,1,0.259500,23.253152,2.341362,4.065915,-8.104846,0
2023-11-20,sh.603387,11.1094953600,11.2144820000,11.0617741600,11.1763050400,11.0617741600,3008485,35171657.7900,2,0.593200,1,1.035400,23.493909,2.365604,4.108012,-8.188762,0
2023-11-21,sh.603387,11.2144820000,11.3099244000,11.1572165600,11.1953935200,11.1763050400,2775197,32645111.3200,2,0.547200,1,0.170800,23.534035,2.369644,4.115028,-8.202748,0
2023-11-22,sh.603387,11.1858492800,11.2812916800,11.1476723200,11.1953935200,11.1953935200,3135140,36824482.1200,2,0.618200,1,0.000000,23.534035,2.369644,4.115028,-8.202748,0
2023-11-23,sh.603387,11.1858492800,11.4626322400,11.1763050400,11.4626322400,11.1953935200,6117649,72914641.1300,2,1.206300,1,2.387000,24.095803,2.426209,4.213256,-8.398551,0
2023-11-24,sh.603387,11.3576456000,11.6153400800,11.3576456000,11.6057958400,11.4626322400,6541476,78908550.3000,2,1.289800,1,1.249000,24.396749,2.456511,4.265878,-8.503445,0
2023-11-27,sh.603387,11.5580746400,11.5580746400,11.1953935200,11.2240262400,11.6057958400,6331614,75116223.2800,2,1.248500,1,-3.289500,23.594225,2.375705,4.125553,-8.223727,0
2023-11-28,sh.603387,11.2431147200,11.4149110400,11.0808626400,11.3003801600,11.2240262400,4480782,53063272.8900,2,0.883500,1,0.680300,23.754730,2.391866,4.153618,-8.279670,0
2023-11-29,sh.603387,11.2908359200,11.3862783200,11.1476723200,11.1953935200,11.3003801600,5025524,59146836.3300,2,0.990900,1,-0.929100,23.534035,2.369644,4.115028,-8.202748,0
2023-11-30,sh.603387,11.1763050400,11.2431147200,11.1094953600,11.2049377600,11.1953935200,3885522,45511956.8800,2,0.766100,1,0.085300,23.554098,2.371665,4.118537,-8.209741,0
2023-12-01,sh.603387,11.2049377600,11.3290128800,11.1667608000,11.2335704800,11.2049377600,3277442,38585534.8200,2,0.646200,1,0.255500,23.614288,2.377725,4.129061,-8.230720,0
2023-12-04,sh.603387,11.2622032000,11.2812916800,11.0235972000,11.1858492800,11.2335704800,4439024,52066902.6700,2,0.875300,1,-0.424800,23.513972,2.367624,4.111520,-8.195755,0
2023-12-05,sh.603387,11.1667608000,11.3003801600,11.0140529600,11.0235972000,11.1858492800,4329718,50261076.7000,2,0.853700,1,-1.450500,23.172899,2.333282,4.051882,-8.076874,0
2023-12-06,sh.603387,11.1094953600,11.2049377600,10.9663317600,11.0904068800,11.0235972000,2737142,31762953.1200,2,0.539700,1,0.606100,23.313341,2.347423,4.076439,-8.125825,0
2023-12-07,sh.603387,11.1572165600,11.1572165600,10.9854202400,10.9949644800,11.0904068800,3601809,41634608.3500,2,0.710200,1,-0.860600,23.112710,2.327221,4.041358,-8.055896,0
2023-12-08,sh.603387,11.0904068800,11.3194686400,10.9567875200,11.0999511200,10.9949644800,8609295,100422353.6600,2,1.697600,1,0.954900,23.333404,2.349443,4.079947,-8.132818,0
2023-12-11,sh.603387,11.0426856800,11.0426856800,10.8136239200,10.9567875200,11.0999511200,6750703,77167152.8800,2,1.331100,1,-1.289800,23.032457,2.319141,4.027325,-8.027924,0
2023-12-12,sh.603387,10.9567875200,10.9567875200,10.6322833600,10.6990930400,10.9567875200,6885861,77193816.8800,2,1.357700,1,-2.351900,22.490753,2.264596,3.932606,-7.839114,0
2023-12-13,sh.603387,10.6895488000,10.9090663200,10.6704603200,10.7563584800,10.6990930400,4460264,50583092.1000,2,0.879500,1,0.535200,22.611132,2.276717,3.953655,-7.881071,0
2023-12-14,sh.603387,10.8136239200,10.9090663200,10.6895488000,10.6990930400,10.7563584800,2916830,32972756.4800,2,0.575100,1,-0.532400,22.490753,2.264596,3.932606,-7.839114,0
2023-12-15,sh.603387,10.6513718400,10.7945354400,10.6131948800,10.6800045600,10.6990930400,3917194,43922907.3100,2,0.772400,1,-0.178400,22.450627,2.260556,3.925590,-7.825128,0
2023-12-18,sh.603387,10.6036506400,10.7372700000,10.5463852000,10.5941064000,10.6800045600,3131992,34889803.8200,2,0.617600,1,-0.804300,22.270059,2.242375,3.894017,-7.762191,0
2023-12-19,sh.603387,10.5654736800,10.6227391200,10.4604870400,10.5750179200,10.5941064000,2319756,25619653.1600,2,0.457400,1,-0.180200,22.229933,2.238334,3.887000,-7.748205,0
2023-12-20,sh.603387,10.5845621600,10.6227391200,10.4986640000,10.5082082400,10.5750179200,2343538,25952228.2600,2,0.462100,1,-0.631800,22.089491,2.224193,3.862444,-7.699254,0
2023-12-21,sh.603387,10.5463852000,10.6322833600,10.3745888800,10.5368409600,10.5082082400,2840481,31224046.2400,2,0.560100,1,0.272500,22.149680,2.230254,3.872968,-7.720233,0
2023-12-22,sh.603387,10.4604870400,10.5082082400,10.2982349600,10.3459561600,10.5368409600,3178784,34589182.4000,2,0.626800,1,-1.811600,21.748418,2.189850,3.802805,-7.580374,0
2023-12-25,sh.603387,10.3077792000,10.3650446400,10.1837040800,10.2409695200,10.3459561600,2107349,22632808.9000,2,0.415500,1,-1.014800,21.527724,2.167629,3.764216,-7.503451,0
2023-12-26,sh.603387,10.2505137600,10.2982349600,10.1550713600,10.2123368000,10.2409695200,2697928,28862513.6400,2,0.532000,1,-0.279600,21.467534,2.161568,3.753692,-7.482472,0
2023-12-27,sh.603387,10.2027925600,10.3173234400,10.0978059200,10.2982349600,10.2123368000,2970760,31765443.5200,2,0.585800,1,0.841100,21.648102,2.179750,3.785265,-7.545409,0
2023-12-28,sh.603387,10.3077792000,10.4413985600,10.1837040800,10.4032216000,10.2982349600,3182203,34470054.4800,2,0.627500,1,1.019500,21.868797,2.201971,3.823854,-7.622332,0
2023-12-29,sh.603387,10.4032216000,10.5368409600,10.3650446400,10.4986640000,10.4032216000,3122446,34266440.0000,2,0.615700,1,0.917400,22.069428,2.222173,3.858935,-7.692261,0
2024-01-02,sh.603387,10.5082082400,10.6322833600,10.4604870400,10.5750179200,10.4986640000,2609693,28836269.2300,2,0.514600,1,0.727300,22.229933,2.238334,3.887000,-7.748205,0
2024-01-03,sh.603387,10.5750179200,10.6609160800,10.4318543200,10.4891197600,10.5750179200,3342652,36862327.0000,2,0.659100,1,-0.812300,22.049365,2.220153,3.855427,-7.685268,0
2024-01-04,sh.603387,10.5654736800,10.5750179200,10.4318543200,10.5559294400,10.4891197600,2136776,23538355.1200,2,0.421300,1,0.636900,22.189807,2.234294,3.879984,-7.734219,0
2024-01-05,sh.603387,10.6131948800,10.6131948800,10.3459561600,10.3936773600,10.5559294400,2162192,23657709.7200,2,0.426300,1,-1.537100,21.848734,2.199951,3.820346,-7.615339,0
2024-01-08,sh.603387,10.4700312800,10.4700312800,10.2600580000,10.2696022400,10.3936773600,3190916,34573056.2800,2,0.629200,1,-1.193800,21.587913,2.173689,3.774740,-7.524430,0
2024-01-09,sh.603387,10.2696022400,10.3268676800,10.1359828800,10.1550713600,10.2696022400,2815804,30116929.8400,2,0.555200,1,-1.115200,21.347156,2.149447,3.732643,-7.440515,0
2024-01-10,sh.603387,10.1455271200,10.2600580000,10.0119077600,10.0691732000,10.1550713600,2962616,31438918.6400,2,0.584200,1,-0.845900,21.166588,2.131266,3.701070,-7.377578,0
2024-01-11,sh.603387,10.0596289600,10.1455271200,9.9450980800,10.0882616800,10.0691732000,3029068,31930688.2100,2,0.597300,1,0.189600,21.206714,2.135306,3.708086,-7.391564,0
2024-01-12,sh.603387,10.0787174400,10.1741598400,10.0119077600,10.0119077600,10.0882616800,2735016,28905640.0400,2,0.539300,1,-0.756900,21.046209,2.119145,3.680021,-7.335620,0
2024-01-15,sh.603387,9.9260096000,10.1073501600,9.9069211200,10.0119077600,10.0119077600,2597160,27189479.3600,2,0.512100,1,0.000000,21.046209,2.119145,3.680021,-7.335620,0
2024-01-16,sh.603387,9.9737308000,10.0691732000,9.8305672000,9.9641865600,10.0119077600,3118822,32487976.4000,2,0.615000,1,-0.476600,20.945893,2.109044,3.662481,-7.300655,0
2024-01-17,sh.603387,9.8782884000,10.0119077600,9.7160363200,9.7255805600,9.9641865600,2299968,23754234.6400,2,0.453500,1,-2.394600,20.444315,2.058540,3.574777,-7.125831,0
2024-01-18,sh.603387,9.6587708800,9.7160363200,9.2292800800,9.5156072800,9.7255805600,6909312,67971388.1200,2,1.362400,1,-2.159000,20.002927,2.014097,3.497599,-6.971986,0
2024-01-19,sh.603387,9.4869745600,9.5633284800,9.3438109600,9.3819879200,9.5156072800,2814864,27874636.6000,2,0.555000,1,-1.404200,19.722043,1.985815,3.448485,-6.874085,0
2024-01-22,sh.603387,9.3628994400,9.3628994400,8.7997892800,8.8475104800,9.3819879200,4773215,45339627.8500,2,0.941200,1,-5.696800,18.598509,1.872686,3.252030,-6.482478,0
2024-01-23,sh.603387,8.8379662400,8.9143201600,8.5802717600,8.8475104800,8.8475104800,4159799,38189749.0100,2,0.820200,1,0.000000,18.598509,1.872686,3.252030,-6.482478,0
2024-01-24,sh.603387,8.9524971200,9.0479395200,8.5898160000,8.9334086400,8.8475104800,3382412,31237952.4400,2,0.666900,1,0.970900,18.779077,1.890867,3.283603,-6.545415,0
2024-01-25,sh.603387,8.9620413600,9.2960897600,8.8188777600,9.2770012800,8.9334086400,3027671,28928055.2600,2,0.597000,1,3.846200,19.501349,1.963593,3.409896,-6.797162,0
2024-01-26,sh.603387,9.2483685600,9.3819879200,9.1433819200,9.2006473600,9.2770012800,2838298,27574171.9400,2,0.559700,1,-0.823000,19.340844,1.947432,3.381831,-6.741218,0
2024-01-29,sh.603387,9.2197358400,9.3056340000,8.8475104800,8.8761432000,9.2006473600,4365254,41139322.8500,2,0.860700,1,-3.527000,18.658698,1.878746,3.262554,-6.503457,0
2024-01-30,sh.603387,8.8475104800,8.9429528800,8.6757141600,8.7043468800,8.8761432000,2751613,25426594.7400,2,0.542600,1,-1.935500,18.297562,1.842383,3.199408,-6.377584,0
2024-01-31,sh.603387,8.6566256800,8.7329796000,8.2462233600,8.2748560800,8.7043468800,5419005,47677929.5600,2,1.068500,1,-4.934200,17.394722,1.751476,3.041543,-6.062901,0
2024-02-01,sh.603387,8.2271348800,8.4275639200,8.0744270400,8.2462233600,8.2748560800,3839098,33161830.2600,2,0.757000,1,-0.346000,17.334532,1.745416,3.031018,-6.041922,0
2024-02-02,sh.603387,8.1985021600,8.3225772800,7.5876708000,7.8453652800,8.2462233600,6483837,54006999.4500,2,1.278500,1,-4.861100,16.491882,1.660569,2.883677,-5.748217,0
2024-02-05,sh.603387,7.6640247200,7.8358210400,7.1390915200,7.3776975200,7.8453652800,10254196,80060676.7800,2,2.021900,1,-5.961100,15.508789,1.561582,2.711779,-5.405562,0
2024-02-06,sh.603387,7.1677242400,7.7880998400,7.1009145600,7.6449362400,7.3776975200,8497488,66354180.1700,2,1.675500,1,3.622300,16.070556,1.618146,2.810007,-5.601365,0
2024-02-07,sh.603387,7.6067592800,8.0362500800,7.4922284000,7.6735689600,7.6449362400,9213558,75010740.1400,2,1.816700,1,0.374500,16.130745,1.624206,2.820531,-5.622344,0
2024-02-08,sh.603387,7.7022016800,8.3893869600,7.6067592800,8.3130330400,7.6735689600,10214532,86017330.1200,2,2.014100,1,8.333300,17.474974,1.759557,3.055575,-6.090872,0
2024-02-19,sh.603387,8.3798427200,8.7234353600,8.3416657600,8.5134620800,8.3130330400,8373603,74789907.4400,2,1.651100,1,2.411000,17.896300,1.801980,3.129246,-6.237725,0
2024-02-20,sh.603387,8.4943736000,8.5707275200,8.2748560800,8.5134620800,8.5134620800,3194766,28347126.2500,2,0.629900,1,0.000000,17.896300,1.801980,3.129246,-6.237725,0
2024-02-21,sh.603387,8.4084754400,8.7043468800,8.3798427200,8.5993602400,8.5134620800,4308720,38850394.2200,2,0.849600,1,1.009000,18.076868,1.820162,3.160819,-6.300661,0
2024-02-22,sh.603387,8.5230063200,8.7043468800,8.5230063200,8.6948026400,8.5993602400,3274343,29730765.2600,2,0.645600,1,1.109900,18.277499,1.840363,3.195900,-6.370591,0
2024-02-23,sh.603387,8.6757141600,8.8475104800,8.6184487200,8.8284220000,8.6948026400,3433395,31374729.1100,2,0.677000,1,1.536800,18.558382,1.868645,3.245014,-6.468493,0
2024-02-26,sh.603387,8.8188777600,8.9620413600,8.7043468800,8.8188777600,8.8284220000,3824565,35389957.8000,2,0.754100,1,-0.108100,18.538319,1.866625,3.241506,-6.461500,0
2024-02-27,sh.603387,8.8475104800,8.9524971200,8.7520680800,8.9524971200,8.8188777600,3627850,33577782.1000,2,0.715300,1,1.515200,18.819203,1.894908,3.290619,-6.559401,0
2024-02-28,sh.603387,8.9620413600,9.1242934400,8.4371081600,8.4561966400,8.9524971200,6601800,60658286.4400,2,1.301700,1,-5.543700,17.775921,1.789859,3.108197,-6.195767,0
2024-02-29,sh.603387,8.4657408800,8.6375372000,8.3702984800,8.6184487200,8.4561966400,4683169,41887494.1100,2,0.923400,1,1.918700,18.116994,1.824202,3.167835,-6.314647,0
2024-03-01,sh.603387,8.5898160000,8.6375372000,8.4752851200,8.5802717600,8.6184487200,4415934,39576436.3600,2,0.870700,1,-0.443000,18.036741,1.816121,3.153803,-6.286675,0
2024-03-04,sh.603387,8.5993602400,8.7520680800,8.5039178400,8.5898160000,8.5802717600,4182628,37591833.5200,2,0.824700,1,0.111200,18.056805,1.818142,3.157311,-6.293668,0
2024-03-05,sh.603387,8.6089044800,8.6089044800,8.3607542400,8.3893869600,8.5898160000,3690916,32611909.8400,2,0.727800,1,-2.333300,17.635479,1.775718,3.083640,-6.146816,0
2024-03-06,sh.603387,8.3607542400,8.4561966400,8.2366791200,8.3512100000,8.3893869600,2943054,25740275.9000,2,0.580300,1,-0.455100,17.555227,1.767638,3.069608,-6.118844,0
2024-03-07,sh.603387,8.3512100000,8.4466524000,8.2175906400,8.2366791200,8.3512100000,3063984,26684471.0800,2,0.604200,1,-1.371400,17.314469,1.743396,3.027510,-6.034929,0
2024-03-08,sh.603387,8.2080464000,8.3130330400,8.1507809600,8.2557676000,8.2366791200,2485296,21395069.7100,2,0.490000,1,0.231700,17.354596,1.747436,3.034526,-6.048915,0
2024-03-11,sh.603387,8.2462233600,8.4848293600,8.1889579200,8.4752851200,8.2557676000,3301422,28945854.4600,2,0.651000,1,2.659000,17.816047,1.793900,3.115213,-6.209753,0
2024-03-12,sh.603387,8.4943736000,8.6852584000,8.4943736000,8.6661699200,8.4752851200,4151472,37548900.7900,2,0.818600,1,2.252300,18.217310,1.834303,3.185376,-6.349612,0
2024-03-13,sh.603387,8.6757141600,8.6852584000,8.5516390400,8.6375372000,8.6661699200,2539959,22914725.3100,2,0.500800,1,-0.330400,18.157120,1.828242,3.174851,-6.328633,0
2024-03-14,sh.603387,8.6661699200,8.7807008000,8.5134620800,8.5898160000,8.6375372000,3121402,28260737.7200,2,0.615500,1,-0.552500,18.056805,1.818142,3.157311,-6.293668,0
2024-03-15,sh.603387,8.5802717600,8.6661699200,8.5134620800,8.6375372000,8.5898160000,2746414,24706643.2800,2,0.541500,1,0.555600,18.157120,1.828242,3.174851,-6.328633,0
2024-03-18,sh.603387,8.7425238400,8.8284220000,8.6470814400,8.8284220000,8.6375372000,4410968,40488416.9600,2,0.869800,1,2.209900,18.558382,1.868645,3.245014,-6.468493,0
2024-03-19,sh.603387,8.7997892800,9.1338376800,8.7997892800,9.0479395200,8.8284220000,7657998,72360631.7400,2,1.510000,1,2.486500,19.019834,1.915109,3.325701,-6.629331,0
2024-03-20,sh.603387,9.0479395200,9.1147492000,8.8856874400,8.9811298400,9.0479395200,4674002,43926143.8600,2,0.921600,1,-0.738400,18.879392,1.900968,3.301144,-6.580380,0
2024-03-21,sh.603387,8.9906740800,9.0479395200,8.8570547200,8.9429528800,8.9811298400,3344354,31326075.6200,2,0.659400,1,-0.425100,18.799140,1.892887,3.287111,-6.552408,0
2024-03-22,sh.603387,8.8952316800,8.9715856000,8.7043468800,8.7807008000,8.9429528800,3496434,32191154.7800,2,0.689400,1,-1.814300,18.458067,1.858545,3.227473,-6.433528,0
2024-03-25,sh.603387,8.7234353600,8.7902450400,8.5134620800,8.5134620800,8.7807008000,3245723,29386841.0100,2,0.640000,1,-3.043500,17.896300,1.801980,3.129246,-6.237725,0
2024-03-26,sh.603387,8.5420948000,8.6661699200,8.3893869600,8.6279929600,8.5134620800,3666100,32777767.3600,2,0.722900,1,1.345300,18.137057,1.826222,3.171343,-6.321640,0
2024-03-27,sh.603387,8.7043468800,9.4869745600,8.6852584000,8.8665989600,8.6279929600,17140883,164811662.9700,2,3.379800,1,2.765500,18.638635,1.876726,3.259046,-6.496464,0
2024-03-28,sh.603387,8.8093335200,8.8952316800,8.5039178400,8.6852584000,8.8665989600,14522023,132100051.0200,2,2.863400,1,-2.045200,18.257436,1.838343,3.192392,-6.363598,0
2024-03-29,sh.603387,8.6948026400,8.9238644000,8.4943736000,8.7807008000,8.6852584000,9793495,89198869.9700,2,1.931100,1,1.098900,18.458067,1.858545,3.227473,-6.433528,0
2024-04-01,sh.603387,8.7807008000,8.9811298400,8.7043468800,8.9811298400,8.7807008000,6733100,62282745.8200,2,1.327600,1,2.282600,18.879392,1.900968,3.301144,-6.580380,0
2024-04-02,sh.603387,8.9524971200,8.9811298400,8.8188777600,8.8952316800,8.9811298400,5273463,49082755.8300,2,1.039800,1,-0.956400,18.698824,1.882787,3.269571,-6.517443,0
2024-04-03,sh.603387,8.8761432000,9.0193068000,8.7425238400,8.9715856000,8.8952316800,4978354,46424476.4100,2,0.981600,1,0.858400,18.859329,1.898948,3.297636,-6.573387,0
2024-04-08,sh.603387,8.9620413600,8.9620413600,8.6184487200,8.6279929600,8.9715856000,5240484,48022291.6800,2,1.033300,1,-3.829800,18.137057,1.826222,3.171343,-6.321640,0
2024-04-09,sh.603387,8.6184487200,9.0097625600,8.5993602400,9.0097625600,8.6279929600,6077643,56372308.2900,2,1.198400,1,4.424800,18.939582,1.907028,3.311668,-6.601359,0
2024-04-10,sh.603387,8.9524971200,9.0670280000,8.7616123200,8.7902450400,9.0097625600,5164931,48160690.4500,2,1.018400,1,-2.436400,18.478130,1.860565,3.230981,-6.440521,0
2024-04-11,sh.603387,8.7329796000,8.8379662400,8.6566256800,8.6852584000,8.7902450400,4318020,39523839.6400,2,0.851400,1,-1.194400,18.257436,1.838343,3.192392,-6.363598,0
2024-04-12,sh.603387,8.7234353600,8.7520680800,8.4657408800,8.4943736000,8.6852584000,4406589,39632886.7700,2,0.868900,1,-2.197800,17.856173,1.797940,3.122230,-6.223739,0
2024-04-15,sh.603387,8.4943736000,8.5898160000,8.0839712800,8.2080464000,8.4943736000,5868828,51000778.2400,2,1.157200,1,-3.370800,17.254280,1.737335,3.016986,-6.013950,0
2024-04-16,sh.603387,8.2080464000,8.2653118400,7.7690113600,7.8167325600,8.2080464000,4865503,40478000.2600,2,0.959400,1,-4.767400,16.431692,1.654509,2.873153,-5.727238,0
2024-04-17,sh.603387,7.9026307200,8.3034888000,7.9026307200,8.2939445600,7.8167325600,4666517,40034733.3700,2,0.920100,1,6.105000,17.434848,1.755517,3.048559,-6.076887,0
2024-04-18,sh.603387,8.2844003200,8.4371081600,8.1794136800,8.2653118400,8.2939445600,3486799,30473990.9400,2,0.687500,1,-0.345200,17.374659,1.749456,3.038035,-6.055908,0
2024-04-19,sh.603387,8.2462233600,8.3798427200,8.1507809600,8.2366791200,8.2653118400,1955949,16944930.2300,2,0.385700,1,-0.346400,17.314469,1.743396,3.027510,-6.034929,0
2024-04-22,sh.603387,8.2080464000,8.3416657600,8.0076173600,8.2557676000,8.2366791200,3678296,31598384.3200,2,0.725300,1,0.231700,17.354596,1.747436,3.034526,-6.048915,0
2024-04-23,sh.603387,8.2462233600,8.4084754400,8.1603252000,8.3321215200,8.2557676000,2704688,23451967.5600,2,0.533300,1,0.924900,17.515100,1.763597,3.062591,-6.104858,0
2024-04-24,sh.603387,8.3607542400,8.3893869600,8.2653118400,8.3416657600,8.3321215200,2975142,25909292.6400,2,0.586600,1,0.114500,17.535164,1.765617,3.066100,-6.111851,0
2024-04-25,sh.603387,8.3321215200,8.6661699200,8.3034888000,8.5898160000,8.3416657600,5530432,49481196.2200,2,1.090500,1,2.974800,18.056805,1.818142,3.157311,-6.293668,0
2024-04-26,sh.603387,8.5420948000,8.6661699200,8.5134620800,8.6279929600,8.5898160000,3176996,28627073.8500,2,0.626400,1,0.444400,18.137057,1.826222,3.171343,-6.321640,0
2024-04-29,sh.603387,8.5898160000,8.8188777600,8.5134620800,8.7997892800,8.6279929600,4021832,36886670.7500,2,0.793000,1,1.991200,18.498193,1.862585,3.234490,-6.447514,0
2024-04-30,sh.603387,8.7902450400,9.0002183200,8.7425238400,8.9620413600,8.7997892800,5279983,49227989.0900,2,1.041100,1,1.843800,19.496375,1.799703,3.645183,-15.261775,0
2024-05-06,sh.603387,9.0574837600,9.4583418400,9.0383952800,9.3915321600,8.9620413600,9933920,96890813.0400,2,1.958800,1,4.792300,20.430706,1.885951,3.819872,-15.993170,0
2024-05-07,sh.603387,9.4106206400,9.4678860800,9.3151782400,9.3915321600,9.3915321600,5032588,49437809.0400,2,0.992300,1,0.000000,20.430706,1.885951,3.819872,-15.993170,0
2024-05-08,sh.603387,9.3915321600,9.6301381600,9.3151782400,9.4010764000,9.3915321600,6466496,64041323.3200,2,1.275100,1,0.101600,20.451469,1.887868,3.823754,-16.009423,0
2024-05-09,sh.603387,9.3915321600,9.5919612000,9.3342667200,9.4774303200,9.4010764000,4551204,45265526.6800,2,0.897400,1,0.812200,20.617572,1.903201,3.854810,-16.139449,0
2024-05-10,sh.603387,9.4297091200,9.5346957600,9.2579128000,9.2674570400,9.4774303200,4820808,47128858.0600,2,0.950600,1,-2.215500,20.160788,1.861035,3.769406,-15.781878,0
2024-05-13,sh.603387,9.2674570400,9.3342667200,9.0861164800,9.1147492000,9.2674570400,4072304,39272772.8300,2,0.803000,1,-1.647800,19.828582,1.830369,3.707295,-15.521826,0
2024-05-14,sh.603387,9.1147492000,9.2770012800,9.1147492000,9.1242934400,9.1147492000,2631620,25353896.0200,2,0.518900,1,0.104700,19.849345,1.832286,3.711177,-15.538079,0
2024-05-15,sh.603387,9.1720146400,9.2101916000,9.0193068000,9.0479395200,9.1242934400,2449128,23371987.5200,2,0.482900,1,-0.836800,19.683241,1.816953,3.680121,-15.408054,0
2024-05-16,sh.603387,9.0861164800,9.1529261600,9.0097625600,9.0479395200,9.0479395200,3233984,30745894.6000,2,0.637700,1,0.000000,19.683241,1.816953,3.680121,-15.408054,0
2024-05-17,sh.603387,9.0765722400,9.1052049600,8.9238644000,9.0097625600,9.0479395200,3312844,31215084.5200,2,0.653200,1,-0.421900,19.600190,1.809286,3.664593,-15.343041,0
2024-05-20,sh.603387,8.9620413600,9.0479395200,8.8284220000,8.8952316800,9.0097625600,5186753,48512677.9000,2,1.022700,1,-1.271200,19.351035,1.786287,3.618009,-15.148002,0
2024-05-21,sh.603387,8.8188777600,8.8952316800,8.7043468800,8.7902450400,8.8952316800,4104302,37780974.7800,2,0.809300,1,-1.180300,19.122643,1.765204,3.575307,-14.969217,0
2024-05-22,sh.603387,8.8093335200,8.9143201600,8.7425238400,8.8093335200,8.7902450400,2630969,24317828.4100,2,0.518800,1,0.217200,19.164168,1.769037,3.583071,-15.001723,0
2024-05-23,sh.603387,8.8188777600,8.8570547200,8.5802717600,8.5993602400,8.8093335200,3494374,31699526.5800,2,0.689000,1,-2.383500,18.707384,1.726872,3.497668,-14.644152,0
2024-05-24,sh.603387,8.5993602400,8.7043468800,8.5707275200,8.6184487200,8.5993602400,2407944,21825325.3200,2,0.474800,1,0.222000,18.748910,1.730705,3.505432,-14.676659,0
2024-05-27,sh.603387,8.5993602400,8.6852584000,8.4561966400,8.5516390400,8.6184487200,3277238,29302542.4300,2,0.646200,1,-0.775200,18.603570,1.717289,3.478258,-14.562886,0
2024-05-28,sh.603387,8.5898160000,8.6089044800,8.4752851200,8.5039178400,8.5516390400,1834520,16415669.5000,2,0.361700,1,-0.558000,18.499755,1.707706,3.458848,-14.481620,0
2024-05-29,sh.603387,8.4657408800,8.5611832800,8.4657408800,8.4848293600,8.5039178400,1890151,16842578.3500,2,0.372700,1,-0.224500,18.458229,1.703872,3.451084,-14.449114,0
2024-05-30,sh.603387,8.5134620800,8.6089044800,8.4371081600,8.5420948000,8.4848293600,2588392,23140522.4400,2,0.510400,1,0.674900,18.582807,1.715372,3.474376,-14.546633,0
2024-05-31,sh.603387,8.5420948000,8.6375372000,8.5134620800,8.6089044800,8.5420948000,2146496,19284912.4400,2,0.423200,1,0.782100,18.728147,1.728788,3.501550,-14.660405,0
2024-06-03,sh.603387,8.5898160000,8.6470814400,8.2557676000,8.3512100000,8.6089044800,4094129,35968420.3800,2,0.807300,1,-2.993300,18.167549,1.677040,3.396736,-14.221568,0
2024-06-04,sh.603387,8.3321215200,8.4084754400,8.1985021600,8.2748560800,8.3512100000,3266218,28330797.2400,2,0.644000,1,-0.914300,18.001445,1.661707,3.365680,-14.091543,0
2024-06-05,sh.603387,8.3225772800,8.4180196800,8.2175906400,8.2271348800,8.2748560800,2865293,24975771.6000,2,0.565000,1,-0.576700,17.897631,1.652124,3.346270,-14.010277,0
2024-06-06,sh.603387,8.2557676000,8.2653118400,7.9121749600,7.9789846400,8.2271348800,4522520,38045724.2000,2,0.891700,1,-3.016200,17.357795,1.602292,3.245339,-13.587693,0
2024-06-07,sh.603387,8.0171616000,8.1603252000,8.0076173600,8.1412367200,7.9789846400,3017278,25581481.3800,2,0.594900,1,2.033500,17.710765,1.634874,3.311332,-13.863998,0
2024-06-11,sh.603387,8.1221482400,8.1698694400,7.9694404000,8.1126040000,8.1412367200,2073457,17532949.5100,2,0.408800,1,-0.351700,17.648476,1.629124,3.299686,-13.815238,0
2024-06-12,sh.603387,8.1415759800,8.3154174600,8.0836288200,8.2188388600,8.1126024000,2271263,19367374.7400,2,0.447800,1,1.309500,17.669239,1.631041,3.303568,-13.831491,0
2024-06-13,sh.603387,8.2671281600,8.2961017400,8.1415759800,8.1898652800,8.2188388600,1848056,15713556.4400,2,0.364400,1,-0.352500,17.606950,1.625291,3.291922,-13.782731,0
2024-06-14,sh.603387,8.1898652800,8.1995231400,8.0449973800,8.1126024000,8.1898652800,1977589,16623723.4000,2,0.389900,1,-0.943400,17.440847,1.609958,3.260867,-13.652706,0
2024-06-17,sh.603387,8.1126024000,8.1222602600,8.0063659400,8.0160238000,8.1126024000,1492928,12438739.1200,2,0.294400,1,-1.190500,17.233218,1.590792,3.222047,-13.490174,0
2024-06-18,sh.603387,8.0160238000,8.0546552400,7.9387609200,7.9580766400,8.0160238000,1959986,16215279.5000,2,0.386500,1,-0.722900,17.108640,1.579292,3.198755,-13.392654,0
2024-06-19,sh.603387,7.9580766400,8.0353395200,7.8711559000,7.8808137600,7.9580766400,1579429,12952705.8500,2,0.311400,1,-0.970900,16.942537,1.563959,3.167699,-13.262628,0
2024-06-20,sh.603387,7.8808137600,7.9870502200,7.7262880000,7.7456037200,7.8808137600,2848476,23123144.0000,2,0.561700,1,-1.715700,16.651856,1.537127,3.113351,-13.035083,0
2024-06-21,sh.603387,7.7262880000,7.9097873400,7.6779987000,7.8518401800,7.7456037200,2013736,16317129.7200,2,0.397100,1,1.371600,16.880248,1.558210,3.156053,-13.213869,0
2024-06-24,sh.603387,7.8421823200,7.8421823200,7.4268943400,7.4558679200,7.8518401800,3716630,29129643.3600,2,0.732800,1,-5.043100,16.028969,1.479628,2.996892,-12.547487,0
2024-06-25,sh.603387,7.4172364800,7.5717622400,7.3882629000,7.4944993600,7.4558679200,2519241,19563621.8300,2,0.496700,1,0.518100,16.112020,1.487295,3.012420,-12.612500,0
2024-06-26,sh.603387,7.4944993600,7.7842351600,7.4365522000,7.7745773000,7.4944993600,2291356,18098229.1500,2,0.451800,1,3.737100,16.714145,1.542877,3.124997,-13.083843,0
2024-06-27,sh.603387,7.7456037200,7.7938930200,7.6007358200,7.6103936800,7.7745773000,1687600,13433426.6000,2,0.332800,1,-2.111800,16.361175,1.510294,3.059003,-12.807538,0
2024-06-28,sh.603387,7.6586829800,7.6876565600,7.4655257800,7.4944993600,7.6103936800,2101545,16511497.9300,2,0.414400,1,-1.522800,16.112020,1.487295,3.012420,-12.612500,0
2024-07-01,sh.603387,7.5234729400,7.6297094000,7.4075786200,7.6007358200,7.4944993600,1863664,14552829.4800,2,0.367500,1,1.417500,16.340412,1.508377,3.055121,-12.791285,0
2024-07-02,sh.603387,7.6393672600,7.6876565600,7.5041572200,7.5138150800,7.6007358200,2413817,18913063.0300,2,0.476000,1,-1.143600,16.153546,1.491128,3.020184,-12.645006,0
2024-07-03,sh.603387,7.5427886600,7.5621043800,7.4268943400,7.4462100600,7.5138150800,1770572,13689941.0300,2,0.349100,1,-0.899700,16.008206,1.477712,2.993010,-12.531233,0
2024-07-04,sh.603387,7.4462100600,7.4751836400,7.2530528600,7.2627107200,7.4462100600,2176111,16493348.7700,2,0.429100,1,-2.464300,15.613710,1.441296,2.919252,-12.222422,0
2024-07-05,sh.603387,7.2530528600,7.5138150800,7.1854478400,7.5041572200,7.2627107200,2834745,21569224.1700,2,0.559000,1,3.324500,16.132783,1.489211,3.016302,-12.628753,0
2024-07-08,sh.603387,7.4848415000,7.4944993600,7.1081849600,7.1468164000,7.5041572200,3707601,27704216.6700,2,0.731100,1,-4.761900,15.364555,1.418296,2.872668,-12.027384,0
2024-07-09,sh.603387,7.1371585400,7.3013421600,7.0212642200,7.2433950000,7.1468164000,2809080,20809383.2400,2,0.553900,1,1.351400,15.572185,1.437463,2.911488,-12.189916,0
2024-07-10,sh.603387,7.2144214200,7.3206578800,7.1275006800,7.1468164000,7.2433950000,2367460,17637954.6000,2,0.466800,1,-1.333300,15.364555,1.418296,2.872668,-12.027384,0
2024-07-11,sh.603387,7.2723685800,7.4944993600,7.2530528600,7.4848415000,7.1468164000,2815286,21582216.4000,2,0.555100,1,4.729700,16.091257,1.485378,3.008538,-12.596246,0
2024-07-12,sh.603387,7.4944993600,7.5524465200,7.3979207600,7.4462100600,7.4848415000,1726581,13339116.8900,2,0.340400,1,-0.516100,16.008206,1.477712,2.993010,-12.531233,0
2024-07-15,sh.603387,7.5331308000,7.5331308000,7.2433950000,7.2627107200,7.4462100600,1787726,13522199.6900,2,0.352500,1,-2.464300,15.613710,1.441296,2.919252,-12.222422,0
2024-07-16,sh.603387,7.1951057000,7.2820264400,7.1757899800,7.2047635600,7.2627107200,1754995,13107207.4700,2,0.346000,1,-0.797900,15.489133,1.429796,2.895960,-12.124903,0
2024-07-17,sh.603387,7.2047635600,7.2723685800,7.0985271000,7.2433950000,7.2047635600,1662164,12403700.8800,2,0.327700,1,0.536200,15.572185,1.437463,2.911488,-12.189916,0
2024-07-18,sh.603387,7.2337371400,7.3399736000,7.1178428200,7.3206578800,7.2433950000,1802586,13533767.9400,2,0.355400,1,1.066700,15.738288,1.452796,2.942544,-12.319942,0
2024-07-19,sh.603387,7.3013421600,7.4075786200,7.2433950000,7.3689471800,7.3206578800,1608661,12230259.0600,2,0.317200,1,0.659600,15.842102,1.462379,2.961954,-12.401208,0
2024-07-22,sh.603387,7.3496314600,7.4558679200,7.2820264400,7.4172364800,7.3689471800,1874093,14331790.8600,2,0.369500,1,0.655300,15.945917,1.471962,2.981364,-12.482474,0
2024-07-23,sh.603387,7.4558679200,7.4751836400,7.1468164000,7.1854478400,7.4172364800,2604726,19704990.6200,2,0.513600,1,-3.125000,15.447607,1.425963,2.888196,-12.092396,0
2024-07-24,sh.603387,7.1564742600,7.1854478400,7.0116063600,7.0212642200,7.1854478400,2130372,15597373.1900,2,0.420100,1,-2.284900,15.094638,1.393380,2.822202,-11.816092,0
2024-07-25,sh.603387,7.0212642200,7.1661321200,6.9729749200,7.0598956600,7.0212642200,1478500,10842720.5200,2,0.291500,1,0.550200,15.177689,1.401047,2.837730,-11.881105,0
2024-07-26,sh.603387,7.0792113800,7.1854478400,7.0695535200,7.1661321200,7.0598956600,1522790,11270405.6600,2,0.300300,1,1.504800,15.406081,1.422130,2.880432,-12.059890,0
2024-07-29,sh.603387,7.1661321200,7.1757899800,7.0695535200,7.1081849600,7.1661321200,1229338,9057412.8600,2,0.242400,1,-0.808600,15.281504,1.410630,2.857140,-11.962371,0
2024-07-30,sh.603387,7.0888692400,7.1468164000,7.0502378000,7.1178428200,7.1081849600,1485815,10928457.4100,2,0.293000,1,0.135900,15.302267,1.412547,2.861022,-11.978624,0
2024-07-31,sh.603387,7.1371585400,7.4365522000,7.0888692400,7.4365522000,7.1178428200,2839891,21541022.9700,2,0.560000,1,4.477600,15.987443,1.475795,2.989128,-12.514980,0
2024-08-01,sh.603387,7.4848415000,7.5524465200,7.3689471800,7.4172364800,7.4365522000,1972551,15198206.7800,2,0.388900,1,-0.259700,15.945917,1.471962,2.981364,-12.482474,0
2024-08-02,sh.603387,7.3979207600,7.6973144200,7.3882629000,7.4848415000,7.4172364800,3707960,29047144.2000,2,0.731100,1,0.911500,16.091257,1.485378,3.008538,-12.596246,0
2024-08-05,sh.603387,7.4848415000,7.6490251200,7.3786050400,7.4075786200,7.4848415000,3233708,25146569.5600,2,0.637600,1,-1.032300,15.925154,1.470045,2.977482,-12.466221,0
2024-08-06,sh.603387,7.4655257800,7.6490251200,7.4558679200,7.6200515400,7.4075786200,3216815,25187178.7100,2,0.634300,1,2.868300,16.381938,1.512211,3.062885,-12.823791,0
2024-08-07,sh.603387,7.6393672600,7.6779987000,7.4558679200,7.5427886600,7.6200515400,2318518,18086733.6000,2,0.457200,1,-1.013900,16.215835,1.496878,3.031830,-12.693766,0
2024-08-08,sh.603387,7.5427886600,7.7069722800,7.4558679200,7.6297094000,7.5427886600,2508110,19814619.3000,2,0.494500,1,1.152400,16.402701,1.514127,3.066767,-12.840045,0
2024-08-09,sh.603387,7.6103936800,7.6683408400,7.4944993600,7.4944993600,7.6297094000,2398628,18777845.6400,2,0.473000,1,-1.772200,16.112020,1.487295,3.012420,-12.612500,0
2024-08-12,sh.603387,7.5717622400,7.7745773000,7.5331308000,7.6490251200,7.4944993600,5814130,46444787.9600,2,1.146400,1,2.061900,16.444227,1.517961,3.074531,-12.872551,0
2024-08-13,sh.603387,7.6103936800,7.7262880000,7.4655257800,7.5621043800,7.6490251200,5265685,41226389.2300,2,1.038300,1,-1.136400,16.257361,1.500711,3.039593,-12.726272,0
2024-08-14,sh.603387,7.5331308000,7.5814201000,7.4075786200,7.4462100600,7.5621043800,2614795,20222982.7000,2,0.515600,1,-1.532600,16.008206,1.477712,2.993010,-12.531233,0
2024-08-15,sh.603387,7.5621043800,7.7456037200,7.4172364800,7.4848415000,7.4462100600,3737908,29229503.1000,2,0.737000,1,0.518800,16.091257,1.485378,3.008538,-12.596246,0
2024-08-16,sh.603387,7.4944993600,7.9194452000,7.3882629000,7.7552615800,7.4848415000,8740036,69662473.1200,2,1.723400,1,3.612900,16.672619,1.539043,3.117233,-13.051337,0
2024-08-19,sh.603387,7.7649194400,7.9773923600,7.6007358200,7.6490251200,7.7552615800,9298070,74416976.0400,2,1.833400,1,-1.369900,16.444227,1.517961,3.074531,-12.872551,0
2024-08-20,sh.603387,7.6490251200,7.6683408400,7.3786050400,7.3979207600,7.6490251200,6172728,47786263.9200,2,1.217100,1,-3.282800,15.904391,1.468129,2.973600,-12.449967,0
2024-08-21,sh.603387,7.3786050400,7.3786050400,7.2433950000,7.2433950000,7.3979207600,4042520,30520675.8400,2,0.797100,1,-2.088800,15.572185,1.437463,2.911488,-12.189916,0
2024-08-22,sh.603387,7.3110000200,7.3979207600,7.2337371400,7.2530528600,7.2433950000,3148953,23866679.7600,2,0.620900,1,0.133300,15.592947,1.439379,2.915370,-12.206169,0
2024-08-23,sh.603387,7.2433950000,7.3496314600,7.0888692400,7.1081849600,7.2530528600,2450539,18127375.0800,2,0.483200,1,-1.997300,15.281504,1.410630,2.857140,-11.962371,0
2024-08-26,sh.603387,7.0598956600,7.1178428200,6.9826327800,7.1081849600,7.1081849600,2814256,20538620.2800,2,0.554900,1,0.000000,15.281504,1.410630,2.857140,-11.962371,0
2024-08-27,sh.603387,7.1081849600,7.2916843000,7.0792113800,7.2047635600,7.1081849600,2706320,20213246.4800,2,0.533600,1,1.358700,15.489133,1.429796,2.895960,-12.124903,0
2024-08-28,sh.603387,7.0309220800,7.2240792800,6.8667384600,7.1081849600,7.2047635600,3298157,24086560.3500,2,0.650300,1,-1.340500,15.281504,1.410630,2.857140,-11.962371,0
2024-08-29,sh.603387,7.0888692400,7.3110000200,7.0502378000,7.2916843000,7.1081849600,2237991,16756644.2400,2,0.441300,1,2.581500,15.675999,1.447046,2.930898,-12.271182,0
2024-08-30,sh.603387,7.2916843000,7.3882629000,7.1951057000,7.2916843000,7.2916843000,3679820,27926359.8000,2,0.725600,1,0.000000,15.675999,1.447046,2.930898,-12.271182,0
2024-09-02,sh.603387,7.3496314600,7.4848415000,7.2627107200,7.2627107200,7.2916843000,3459036,26309150.1600,2,0.682000,1,-0.397400,14.790155,1.479147,2.971464,-59.303213,0
2024-09-03,sh.603387,7.2627107200,7.3979207600,7.1951057000,7.3206578800,7.2627107200,2410012,18275372.3600,2,0.475200,1,0.797900,14.908161,1.490948,2.995173,-59.776377,0
2024-09-04,sh.603387,7.2627107200,7.3592893200,7.2240792800,7.2337371400,7.3206578800,1666156,12583489.1200,2,0.328500,1,-1.187300,14.731151,1.473246,2.959610,-59.066631,0
2024-09-05,sh.603387,7.2337371400,7.3592893200,7.2337371400,7.3399736000,7.2337371400,1595685,12094561.6900,2,0.314600,1,1.468600,14.947497,1.494882,3.003076,-59.934098,0
2024-09-06,sh.603387,7.3206578800,7.3786050400,7.1564742600,7.1757899800,7.3399736000,1414266,10595612.5900,2,0.278900,1,-2.236800,14.613145,1.461444,2.935902,-58.593467,0
2024-09-09,sh.603387,7.2144214200,7.3206578800,7.1468164000,7.2047635600,7.1757899800,1874892,14031047.8800,2,0.369700,1,0.403800,14.672148,1.467345,2.947756,-58.830049,0
2024-09-10,sh.603387,7.1661321200,7.2433950000,7.0309220800,7.1275006800,7.2047635600,2018395,14852221.6200,2,0.398000,1,-1.072400,14.514806,1.451609,2.916144,-58.199164,0
2024-09-11,sh.603387,7.1178428200,7.1854478400,7.0695535200,7.1081849600,7.1275006800,1370912,10119148.5200,2,0.270300,1,-0.271000,14.475471,1.447675,2.908242,-58.041443,0
2024-09-12,sh.603387,7.1275006800,7.2144214200,7.0985271000,7.0985271000,7.1081849600,1196995,8847055.4900,2,0.236000,1,-0.135900,14.455803,1.445708,2.904290,-57.962582,0
2024-09-13,sh.603387,7.0985271000,7.1081849600,6.9440013400,6.9536592000,7.0985271000,1356245,9836009.3100,2,0.267400,1,-2.040800,14.160786,1.416204,2.845019,-56.779672,0
2024-09-18,sh.603387,6.9246856200,6.9536592000,6.7122127000,6.7605020000,6.9536592000,2765604,19426878.3200,2,0.545300,1,-2.777800,13.767431,1.376865,2.765991,-55.202459,0
2024-09-19,sh.603387,6.8192040500,6.9953097500,6.7898531000,6.9268242000,6.7605021500,2394904,16899187.0000,2,0.472200,1,2.460200,13.924773,1.392601,2.797602,-55.833344,0
2024-09-20,sh.603387,6.9561751500,6.9757424500,6.7996367500,6.8387713500,6.9268242000,2410391,16905722.6300,2,0.475300,1,-1.271200,13.747763,1.374898,2.762039,-55.123598,0
2024-09-23,sh.603387,6.8192040500,6.8876896000,6.7800694500,6.7996367500,6.8387713500,2094293,14595260.4700,2,0.413000,1,-0.572200,13.669092,1.367030,2.746234,-54.808156,0
2024-09-24,sh.603387,6.8094204000,7.0442280000,6.8094204000,7.0344443500,6.7996367500,3120164,22205651.0800,2,0.615200,1,3.453200,14.141119,1.414237,2.841068,-56.700811,0
2024-09-25,sh.603387,7.0735789500,7.2790356000,7.0735789500,7.1518481500,7.0344443500,3182623,23392354.1100,2,0.627500,1,1.669000,14.377132,1.437841,2.888485,-57.647139,0
2024-09-26,sh.603387,7.1616318000,7.8660546000,7.1127135500,7.8660546000,7.1518481500,11136498,87428374.0700,2,2.195900,1,9.986300,15.812878,1.581428,3.176938,-63.403967,0
2024-09-27,sh.603387,7.8464873000,8.1693477500,7.7780017500,8.1008622000,7.8660546000,11576465,94051831.4700,2,2.282600,1,2.985100,16.284904,1.628635,3.271772,-65.296623,0
2024-09-30,sh.603387,8.3161025000,8.7857177000,8.1106458500,8.6585302500,8.1008622000,22767928,197332091.8300,2,4.489400,1,6.884100,17.405967,1.740751,3.497003,-69.791680,0
2024-10-08,sh.603387,9.5097078000,9.5292751000,8.6291793000,9.0498762500,8.6585302500,25334140,235294366.6100,2,4.995400,1,4.519800,18.192677,1.819429,3.655059,-72.946106,0
2024-10-09,sh.603387,9.0009580000,9.0009580000,8.2965352000,8.3161025000,9.0498762500,13961592,122702818.5100,2,2.752900,1,-8.108100,16.717595,1.671908,3.358703,-67.031557,0
2024-10-10,sh.603387,8.4139390000,8.5998283500,8.1889150500,8.2378333000,8.3161025000,10476496,89885729.7900,2,2.065700,1,-0.941200,16.560253,1.656172,3.327092,-66.400672,0
2024-10-11,sh.603387,8.2378333000,8.3063188500,7.8954055500,8.0421603000,8.2378333000,8269576,68110776.7800,2,1.630600,1,-2.375300,16.166898,1.616833,3.248063,-64.823459,0
2024-10-14,sh.603387,8.0421603000,8.0910785500,7.8367036500,8.0617276000,8.0421603000,6467159,52768884.2300,2,1.275200,1,0.243300,16.206233,1.620767,3.255966,-64.981180,0
2024-10-15,sh.603387,8.0030257000,8.4824245500,7.9736747500,8.0715112500,8.0617276000,9887110,83199460.5500,2,1.949500,1,0.121400,16.225901,1.622734,3.259918,-65.060041,0
2024-10-16,sh.603387,7.9834584000,8.0812949000,7.8954055500,8.0030257000,8.0715112500,5645624,46154906.6200,2,1.113200,1,-0.848500,16.088227,1.608965,3.232258,-64.508016,0
2024-10-17,sh.603387,8.0128093500,8.1791314000,7.9443238000,7.9638911000,8.0030257000,5128877,42229399.9300,2,1.011300,1,-0.489000,16.009556,1.601098,3.216452,-64.192574,0
2024-10-18,sh.603387,7.9443238000,8.2280496500,7.9443238000,8.1204295000,7.9638911000,6427240,53105926.2300,2,1.267300,1,1.965600,16.324240,1.632569,3.279675,-65.454344,0
2024-10-21,sh.603387,8.1399968000,8.1595641000,7.9638911000,8.0812949000,8.1204295000,6402765,52793411.9400,2,1.262500,1,-0.481900,16.245569,1.624701,3.263869,-65.138902,0
2024-10-22,sh.603387,8.0715112500,8.2378333000,8.0225930000,8.1986987000,8.0812949000,5146645,42940729.0000,2,1.014800,1,1.452800,16.481582,1.648304,3.311286,-66.085229,0
2024-10-23,sh.603387,8.1889150500,8.3161025000,8.1399968000,8.2084823500,8.1986987000,5018886,42207589.3800,2,0.989600,1,0.119300,16.501250,1.650271,3.315237,-66.164090,0
2024-10-24,sh.603387,8.2182660000,8.3943717000,8.2084823500,8.2769679000,8.2084823500,7175948,60689235.4200,2,1.414900,1,0.834300,16.638924,1.664040,3.342897,-66.716115,0
2024-10-25,sh.603387,8.2769679000,8.3454534500,8.2182660000,8.2867515500,8.2769679000,6076928,51417549.5600,2,1.198200,1,0.118200,16.658592,1.666007,3.346849,-66.794975,0
2024-10-28,sh.603387,8.2769679000,8.4432899500,8.2378333000,8.4335063000,8.2867515500,5765038,49308436.6000,2,1.136700,1,1.771000,16.953608,1.695511,3.406120,-67.977885,0
2024-10-29,sh.603387,8.4530736000,8.5411264500,8.2084823500,8.2280496500,8.4335063000,6759349,57434272.5000,2,1.332800,1,-2.436200,16.540585,1.654205,3.323140,-66.321811,0
2024-10-30,sh.603387,8.2280496500,8.2965352000,8.0421603000,8.1595641000,8.2280496500,5013455,41847254.6200,2,0.988500,1,-0.832300,16.402911,1.640437,3.295480,-65.769787,0
2024-10-31,sh.603387,8.1595641000,8.4824245500,8.1204295000,8.2965352000,8.1595641000,8501011,71797019.3000,2,1.676200,1,1.678700,16.999581,1.656475,3.445975,26.874573,0
2024-11-01,sh.603387,8.2769679000,8.5606937500,8.0910785500,8.1693477500,8.2965352000,9043643,76507571.5000,2,1.783200,1,-1.533000,16.738975,1.631081,3.393147,26.462580,0
2024-11-04,sh.603387,8.1693477500,8.2965352000,8.1497804500,8.2965352000,8.1693477500,5148391,43313018.3900,2,1.015200,1,1.556900,16.999581,1.656475,3.445975,26.874573,0
2024-11-05,sh.603387,8.2867515500,8.4335063000,8.2280496500,8.4041553500,8.2965352000,6714344,57346641.8400,2,1.323900,1,1.297200,17.220095,1.677963,3.490675,27.223181,0
2024-11-06,sh.603387,8.4041553500,8.4726409000,8.2965352000,8.4139390000,8.4041553500,7047657,60528896.4400,2,1.389600,1,0.116400,17.240141,1.679916,3.494738,27.254873,0
2024-11-07,sh.603387,8.3748044000,8.8542032500,8.3356698000,8.7563667500,8.4139390000,12199233,107742676.2700,2,2.405400,1,4.069800,17.941775,1.748285,3.636966,28.364083,0
2024-11-08,sh.603387,8.8248523000,8.8737705500,8.6096120000,8.6780975500,8.7563667500,8539448,75972943.1200,2,1.683800,1,-0.893900,17.781402,1.732658,3.604457,28.110549,0
2024-11-11,sh.603387,8.6291793000,8.7172321500,8.5606937500,8.7074485000,8.6780975500,5853938,51728399.6200,2,1.154300,1,0.338200,17.841542,1.738518,3.616648,28.205625,0
2024-11-12,sh.603387,8.7270158000,8.9813907000,8.7270158000,8.7759340500,8.7074485000,11509034,104142478.0200,2,2.269300,1,0.786500,17.981868,1.752192,3.645093,28.427467,0
2024-11-13,sh.603387,8.7074485000,8.8835542000,8.5704774000,8.7465831000,8.7759340500,5589349,49757794.1800,2,1.102100,1,-0.334400,17.921728,1.746331,3.632902,28.332391,0
2024-11-14,sh.603387,8.7172321500,8.7465831000,8.4530736000,8.4824245500,8.7465831000,5378644,47127700.6200,2,1.060600,1,-3.020100,17.380468,1.693590,3.523184,27.476715,0
2024-11-15,sh.603387,8.4335063000,8.5900447000,8.4139390000,8.4237226500,8.4824245500,4488272,39028196.2800,2,0.885000,1,-0.692000,17.260188,1.681869,3.498802,27.286565,0
2024-11-18,sh.603387,8.4432899500,8.5606937500,8.2867515500,8.3258861500,8.4237226500,5577024,47991558.9200,2,1.099700,1,-1.161400,17.059721,1.662336,3.458165,26.969648,0
2024-11-19,sh.603387,8.3748044000,8.8346359500,8.3258861500,8.7661504000,8.3258861500,12946001,114076750.0400,2,2.552700,1,5.287900,17.961822,1.750238,3.641030,28.395775,0
2024-11-20,sh.603387,8.8542032500,9.0596599000,8.7857177000,8.9813907000,8.7661504000,14970430,136621994.1700,2,2.951900,1,2.455400,18.402849,1.793213,3.730430,29.092993,0
2024-11-21,sh.603387,8.9520397500,9.0400926000,8.8052850000,8.9129051500,8.9813907000,8994231,81963121.7300,2,1.773500,1,-0.762500,18.262522,1.779539,3.701984,28.871151,0
2024-11-22,sh.603387,8.8835542000,8.9422561000,8.5704774000,8.5998283500,8.9129051500,7655531,68594617.7800,2,1.509500,1,-3.512600,17.621028,1.717030,3.571948,27.857016,0
2024-11-25,sh.603387,8.6291793000,8.7955013500,8.5313428000,8.7857177000,8.5998283500,8436890,74723947.4800,2,1.663600,1,2.161500,18.001915,1.754145,3.649157,28.459158,0
2024-11-26,sh.603387,8.7367994500,9.0009580000,8.7074485000,8.9031215000,8.7857177000,9343240,84898948.9200,2,1.842300,1,1.336300,18.242475,1.777586,3.697921,28.839459,0
2024-11-27,sh.603387,8.9031215000,8.9618234000,8.5606937500,8.8542032500,8.9031215000,7284282,64985864.1100,2,1.436300,1,-0.549500,18.142242,1.767819,3.677602,28.681000,0
2024-11-28,sh.603387,8.8346359500,8.9031215000,8.7563667500,8.8052850000,8.8542032500,5273460,47630165.6000,2,1.039800,1,-0.552500,18.042008,1.758052,3.657284,28.522542,0
2024-11-29,sh.603387,8.8052850000,8.9520397500,8.7074485000,8.8933378500,8.8052850000,6964596,63084540.1200,2,1.373300,1,1.000000,18.222429,1.775632,3.693857,28.807767,0
2024-12-02,sh.603387,8.9031215000,9.0205253000,8.8639869000,9.0107416500,8.8933378500,7853704,71932248.4300,2,1.548600,1,1.320100,18.462989,1.799073,3.742621,29.188068,0
2024-12-03,sh.603387,9.0009580000,9.0009580000,8.7857177000,8.8639869000,9.0107416500,6494900,58900256.5200,2,1.280700,1,-1.628700,18.162289,1.769772,3.681666,28.712692,0
2024-12-04,sh.603387,8.8444196000,8.8639869000,8.6389629500,8.6878812000,8.8639869000,5289404,47297766.2400,2,1.043000,1,-1.986800,17.801448,1.734611,3.608520,28.142241,0
2024-12-05,sh.603387,8.6878812000,8.7759340500,8.6585302500,8.7661504000,8.6878812000,3489192,31110746.0200,2,0.688000,1,0.900900,17.961822,1.750238,3.641030,28.395775,0
2024-12-06,sh.603387,8.7759340500,8.8639869000,8.7661504000,8.8444196000,8.7661504000,4519008,40758624.5200,2,0.891100,1,0.892900,18.122195,1.765865,3.673539,28.649309,0
2024-12-09,sh.603387,8.8444196000,8.9129051500,8.7367994500,8.8052850000,8.8444196000,4079623,36808338.3900,2,0.804400,1,-0.442500,18.042008,1.758052,3.657284,28.522542,0
2024-12-10,sh.603387,9.0009580000,9.0205253000,8.7759340500,8.8052850000,8.8052850000,6664402,60508125.3600,2,1.314100,1,0.000000,18.042008,1.758052,3.657284,28.522542,0
2024-12-11,sh.603387,8.7857177000,8.8933378500,8.7759340500,8.8933378500,8.8052850000,3538946,32077782.8600,2,0.697800,1,1.000000,18.222429,1.775632,3.693857,28.807767,0
2024-12-12,sh.603387,8.9324724500,8.9520397500,8.8444196000,8.9422561000,8.8933378500,4555910,41497159.9200,2,0.898300,1,0.550100,18.322662,1.785399,3.714175,28.966226,0
2024-12-13,sh.603387,8.9324724500,8.9324724500,8.8052850000,8.8150686500,8.9422561000,4441278,40190798.5800,2,0.875700,1,-1.422300,18.062055,1.760005,3.661348,28.554233,0
2024-12-16,sh.603387,8.8150686500,8.8933378500,8.7563667500,8.7955013500,8.8150686500,3770998,34047491.1200,2,0.743600,1,-0.222000,18.021962,1.756098,3.653221,28.490850,0
2024-12-17,sh.603387,8.7759340500,8.7857177000,8.3943717000,8.4335063000,8.7955013500,6446036,56317594.5200,2,1.271000,1,-4.115700,17.280235,1.683823,3.502866,27.318257,0
2024-12-18,sh.603387,8.4628572500,8.5215591500,8.3748044000,8.4139390000,8.4335063000,3152356,27213101.1600,2,0.621600,1,-0.232000,17.240141,1.679916,3.494738,27.254873,0
2024-12-19,sh.603387,8.3650207500,8.4432899500,8.2476169500,8.3845880500,8.4139390000,3521353,30026836.3300,2,0.694300,1,-0.348800,17.180001,1.674056,3.482547,27.159798,0
2024-12-20,sh.603387,8.3748044000,8.5215591500,8.3356698000,8.3943717000,8.3845880500,2416820,20820287.6000,2,0.476500,1,0.116700,17.200048,1.676009,3.486611,27.191490,0
2024-12-23,sh.603387,8.4041553500,8.4432899500,8.0617276000,8.0812949000,8.3943717000,5044200,42246254.9300,2,0.994600,1,-3.729600,16.558554,1.613501,3.356574,26.177355,0
2024-12-24,sh.603387,8.1399968000,8.2476169500,8.0910785500,8.1693477500,8.0812949000,3314980,27673530.8400,2,0.653600,1,1.089600,16.738975,1.631081,3.393147,26.462580,0
2024-12-25,sh.603387,8.2182660000,8.2182660000,8.0323766500,8.0910785500,8.1693477500,2445004,20230971.9200,2,0.482100,1,-0.958100,16.578601,1.615454,3.360638,26.209047,0
2024-12-26,sh.603387,8.0519439500,8.1693477500,8.0323766500,8.0715112500,8.0910785500,2375968,19639823.2900,2,0.468500,1,-0.241800,16.538508,1.611547,3.352511,26.145663,0
2024-12-27,sh.603387,8.0715112500,8.1986987000,8.0225930000,8.1791314000,8.0715112500,3071872,25548464.9500,2,0.605700,1,1.333300,16.759021,1.633035,3.397211,26.494272,0
2024-12-30,sh.603387,8.1497804500,8.3454534500,8.0715112500,8.2867515500,8.1791314000,4567724,38471908.5900,2,0.900700,1,1.315800,16.979535,1.654522,3.441911,26.842881,0
2024-12-31,sh.603387,8.2378333000,8.3650207500,8.0128093500,8.0715112500,8.2867515500,5566636,46528036.6400,2,1.097600,1,-2.597400,16.538508,1.611547,3.352511,26.145663,0
2025-01-02,sh.603387,8.0421603000,8.1204295000,7.7877854000,7.8562709500,8.0715112500,4313759,35113915.9000,2,0.850600,1,-2.666700,16.097481,1.568573,3.263110,25.448446,0
2025-01-03,sh.603387,7.8562709500,7.9736747500,7.6703816000,7.6997325500,7.8562709500,4306549,34482172.7900,2,0.849200,1,-1.992500,15.776734,1.537319,3.198092,24.941378,0
2025-01-06,sh.603387,7.6801652500,7.8856219000,7.6508143000,7.7877854000,7.6997325500,3100607,24661563.6300,2,0.611400,1,1.143600,15.957154,1.554899,3.234665,25.226604,0
2025-01-07,sh.603387,7.8464873000,7.8464873000,7.6018960500,7.7682181000,7.7877854000,3834703,30190735.1000,2,0.756100,1,-0.251300,15.917061,1.550992,3.226537,25.163220,0
2025-01-08,sh.603387,7.7290835000,7.8269200000,7.5529778000,7.6997325500,7.7682181000,3522625,27771559.1800,2,0.694600,1,-0.881600,15.776734,1.537319,3.198092,24.941378,0
2025-01-09,sh.603387,7.6899489000,7.7682181000,7.6018960500,7.6899489000,7.6997325500,2411970,18944769.6600,2,0.475600,1,-0.127100,15.756687,1.535365,3.194028,24.909686,0
2025-01-10,sh.603387,7.6703816000,8.0128093500,7.6116797000,7.8367036500,7.6899489000,7308512,58802038.0800,2,1.441100,1,1.908400,16.057388,1.564666,3.254983,25.385062,0
2025-01-13,sh.603387,7.7877854000,7.7877854000,7.5823287500,7.6508143000,7.8367036500,4166650,32570445.5000,2,0.821600,1,-2.372000,15.676501,1.527552,3.177774,24.782920,0
2025-01-14,sh.603387,7.6312470000,7.8758382500,7.6312470000,7.8758382500,7.6508143000,3286954,26160151.1200,2,0.648100,1,2.941200,16.137574,1.572480,3.271238,25.511829,0
2025-01-15,sh.603387,7.8464873000,8.2084823500,7.8269200000,8.0617276000,7.8758382500,7231333,59536844.7400,2,1.425900,1,2.360200,16.518461,1.609594,3.348447,26.113971,0
2025-01-16,sh.603387,8.0519439500,8.1791314000,7.9736747500,8.0617276000,8.0617276000,4072894,33678929.3800,2,0.803100,1,0.000000,16.518461,1.609594,3.348447,26.113971,0
2025-01-17,sh.603387,7.9932420500,8.3161025000,7.9932420500,8.0910785500,8.0617276000,6843446,57080931.4000,2,1.349400,1,0.364100,16.578601,1.615454,3.360638,26.209047,0
2025-01-20,sh.603387,8.1106458500,8.2182660000,8.0715112500,8.0715112500,8.0910785500,3206772,26708335.4800,2,0.632300,1,-0.241800,16.538508,1.611547,3.352511,26.145663,0
2025-01-21,sh.603387,8.2182660000,8.8835542000,8.1399968000,8.5606937500,8.0715112500,32593056,291537471.5100,2,6.426700,1,6.060600,17.540842,1.709217,3.555693,27.730249,0
2025-01-22,sh.603387,8.2182660000,8.2182660000,7.7095162000,7.7095162000,8.5606937500,28922730,234815678.8600,2,5.703000,1,-9.942900,15.796781,1.539272,3.202156,24.973070,0
2025-01-23,sh.603387,7.7877854000,8.0128093500,7.6801652500,7.7388671500,7.7095162000,10890124,86773043.9200,2,2.147300,1,0.380700,15.856921,1.545132,3.214346,25.068145,0
2025-01-24,sh.603387,7.6801652500,7.7584344500,7.6214633500,7.7192998500,7.7388671500,6613512,52021020.1200,2,1.304000,1,-0.252800,15.816827,1.541225,3.206219,25.004762,0
2025-01-27,sh.603387,7.7192998500,7.8660546000,7.7192998500,7.7486508000,7.7192998500,6168081,49181537.5700,2,1.216200,1,0.380200,15.876967,1.547085,3.218410,25.099837,0
2025-02-05,sh.603387,7.8171363500,7.8464873000,7.6801652500,7.7682181000,7.7486508000,4880793,38648622.6200,2,0.962400,1,0.252500,15.917061,1.550992,3.226537,25.163220,0
2025-02-06,sh.603387,7.6899489000,7.9834584000,7.6801652500,7.9541074500,7.7682181000,7030464,56398713.4500,2,1.386300,1,2.392900,16.297948,1.588107,3.303747,25.765363,0
2025-02-07,sh.603387,7.9541074500,8.1497804500,7.9247565000,8.0617276000,7.9541074500,7699419,63346200.5200,2,1.518200,1,1.353000,16.518461,1.609594,3.348447,26.113971,0
2025-02-10,sh.603387,8.0323766500,8.2476169500,8.0225930000,8.1986987000,8.0617276000,6146778,51326903.7300,2,1.212000,1,1.699000,16.799115,1.636941,3.405338,26.557655,0
2025-02-11,sh.603387,8.2182660000,8.2182660000,8.0617276000,8.1204295000,8.1986987000,4320872,35830952.7600,2,0.852000,1,-0.954700,16.638741,1.621314,3.372829,26.304122,0
2025-02-12,sh.603387,8.1008622000,8.1497804500,8.0128093500,8.1008622000,8.1204295000,3822216,31552039.6800,2,0.753700,1,-0.241000,16.598648,1.617408,3.364702,26.240738,0
2025-02-13,sh.603387,8.0617276000,8.1302131500,8.0030257000,8.0128093500,8.1008622000,3044529,25064775.9900,2,0.600300,1,-1.087000,16.418228,1.599827,3.328129,25.955513,0
2025-02-14,sh.603387,8.0030257000,8.2867515500,8.0030257000,8.2476169500,8.0128093500,9403331,78764760.3400,2,1.854100,1,2.930400,16.899348,1.646708,3.425656,26.716114,0
2025-02-17,sh.603387,8.3356698000,8.6096120000,8.3161025000,8.4530736000,8.2476169500,10154808,88030733.1900,2,2.002300,1,2.491100,17.320328,1.687730,3.510993,27.381640,0
2025-02-18,sh.603387,8.4432899500,8.4530736000,8.1497804500,8.2182660000,8.4530736000,5844859,49679633.7900,2,1.152500,1,-2.777800,16.839208,1.640848,3.413465,26.621039,0
2025-02-19,sh.603387,8.2084823500,8.3748044000,8.1595641000,8.3356698000,8.2182660000,5705769,48304925.1800,2,1.125100,1,1.428600,17.079768,1.664289,3.462229,27.001339,0
2025-02-20,sh.603387,8.3356698000,8.5802610500,8.3161025000,8.3943717000,8.3356698000,6041057,52194828.8600,2,1.191200,1,0.704200,17.200048,1.676009,3.486611,27.191490,0
2025-02-21,sh.603387,8.3943717000,8.5313428000,8.2769679000,8.3552371000,8.3943717000,5162528,44067605.6000,2,1.017900,1,-0.466200,17.119861,1.668196,3.470356,27.064723,0
2025-02-24,sh.603387,8.3356698000,8.3748044000,8.2671842500,8.3161025000,8.3552371000,4249667,36072754.5300,2,0.837900,1,-0.468400,17.039675,1.660382,3.454102,26.937956,0
2025-02-25,sh.603387,8.2671842500,8.4139390000,8.1889150500,8.3650207500,8.3161025000,5319336,45279963.0400,2,1.048900,1,0.588200,17.139908,1.670149,3.474420,27.096415,0
2025-02-26,sh.603387,8.4139390000,8.4628572500,8.3454534500,8.4139390000,8.3650207500,4856667,41688438.5500,2,0.957600,1,0.584800,17.240141,1.679916,3.494738,27.254873,0
2025-02-27,sh.603387,8.4237226500,8.4530736000,8.3063188500,8.4237226500,8.4139390000,5078002,43534954.3400,2,1.001300,1,0.116300,17.260188,1.681869,3.498802,27.286565,0
2025-02-28,sh.603387,8.4432899500,8.4922082000,8.2378333000,8.2671842500,8.4237226500,4811580,40986404.4800,2,0.948700,1,-1.858300,16.939441,1.650615,3.433784,26.779497,0
2025-03-03,sh.603387,8.3063188500,8.4335063000,8.2476169500,8.3552371000,8.2671842500,4376760,37426298.2000,2,0.863000,1,1.065100,17.119861,1.668196,3.470356,27.064723,0
2025-03-04,sh.603387,8.3552371000,8.5117755000,8.2867515500,8.4922082000,8.3552371000,5767083,49795833.9400,2,1.137100,1,1.639300,17.400515,1.695543,3.527247,27.508407,0
2025-03-05,sh.603387,8.4628572500,8.4628572500,8.3063188500,8.3748044000,8.4922082000,3777818,32253675.6500,2,0.744900,1,-1.382500,17.159955,1.672102,3.478484,27.128106,0
2025-03-06,sh.603387,8.3748044000,8.5215591500,8.3258861500,8.4628572500,8.3748044000,4634308,39909816.7200,2,0.913800,1,1.051400,17.340375,1.689683,3.515057,27.413332,0
2025-03-07,sh.603387,8.4139390000,8.6389629500,8.4041553500,8.4530736000,8.4628572500,6929276,60279228.4400,2,1.366300,1,-0.115600,17.320328,1.687730,3.510993,27.381640,0
2025-03-10,sh.603387,8.4726409000,8.6389629500,8.4432899500,8.5509101000,8.4530736000,5119308,44656411.6000,2,1.009400,1,1.157400,17.520795,1.707264,3.551629,27.698557,0
2025-03-11,sh.603387,8.4628572500,8.5606937500,8.4237226500,8.5117755000,8.5509101000,3201032,27761208.6800,2,0.631200,1,-0.457700,17.440608,1.699450,3.535375,27.571790,0
2025-03-12,sh.603387,8.5117755000,8.5606937500,8.3845880500,8.4237226500,8.5117755000,4067424,35105304.4400,2,0.802000,1,-1.034500,17.260188,1.681869,3.498802,27.286565,0
2025-03-13,sh.603387,8.4432899500,8.4432899500,8.2867515500,8.4041553500,8.4237226500,4288236,36603293.4400,2,0.845500,1,-0.232300,17.220095,1.677963,3.490675,27.223181,0
2025-03-14,sh.603387,8.3748044000,8.5606937500,8.3454534500,8.5606937500,8.4041553500,5288728,45833700.2000,2,1.042800,1,1.862600,17.540842,1.709217,3.555693,27.730249,0
2025-03-17,sh.603387,8.5606937500,8.5998283500,8.4922082000,8.5802610500,8.5606937500,4650299,40650164.2000,2,0.916900,1,0.228600,17.580935,1.713124,3.563820,27.793632,0
2025-03-18,sh.603387,8.5900447000,8.6585302500,8.5606937500,8.6193956500,8.5802610500,4975913,43769614.1000,2,0.981100,1,0.456100,17.661122,1.720937,3.580075,27.920399,0
2025-03-19,sh.603387,8.6096120000,8.6585302500,8.5704774000,8.6291793000,8.6193956500,4340616,38282205.2000,2,0.855900,1,0.113500,17.681168,1.722891,3.584139,27.952091,0
2025-03-20,sh.603387,8.6389629500,8.6389629500,8.5411264500,8.5900447000,8.6291793000,3932368,34494068.1600,2,0.775400,1,-0.453500,17.600982,1.715077,3.567884,27.825324,0
2025-03-21,sh.603387,8.6096120000,8.6389629500,8.4530736000,8.4922082000,8.5900447000,5057460,44171745.3200,2,0.997200,1,-1.139000,17.400515,1.695543,3.527247,27.508407,0
2025-03-24,sh.603387,8.4922082000,8.5313428000,8.2476169500,8.3650207500,8.4922082000,5018678,42855264.1400,2,0.989600,1,-1.497700,17.139908,1.670149,3.474420,27.096415,0
2025-03-25,sh.603387,8.3356698000,8.4726409000,8.3063188500,8.4335063000,8.3650207500,3559476,30537925.0000,2,0.701900,1,0.818700,17.280235,1.683823,3.502866,27.318257,0
2025-03-26,sh.603387,8.4628572500,8.5313428000,8.3748044000,8.4922082000,8.4335063000,3874693,33596534.7000,2,0.764000,1,0.696100,17.400515,1.695543,3.527247,27.508407,0
2025-03-27,sh.603387,8.4335063000,8.5606937500,8.3356698000,8.5509101000,8.4922082000,3980848,34555216.9200,2,0.784900,1,0.691200,17.520795,1.707264,3.551629,27.698557,0
2025-03-28,sh.603387,8.5313428000,8.6487466000,8.4824245500,8.5019918500,8.5509101000,4818968,42183188.1200,2,0.950200,1,-0.572100,17.420561,1.697497,3.531311,27.540099,0
2025-03-31,sh.603387,8.5019918500,8.5117755000,8.1008622000,8.1986987000,8.5019918500,6012851,50626325.4800,2,1.185600,1,-3.567300,16.799115,1.636941,3.405338,26.557655,0
2025-04-01,sh.603387,8.2280496500,8.5704774000,8.2280496500,8.4824245500,8.1986987000,8081740,70031844.4100,2,1.593500,1,3.460600,17.380468,1.693590,3.523184,27.476715,0
2025-04-02,sh.603387,8.4922082000,8.6096120000,8.4139390000,8.5215591500,8.4824245500,4937728,43076008.1700,2,0.973600,1,0.461400,17.460655,1.701403,3.539438,27.603482,0
2025-04-03,sh.603387,8.4628572500,8.6389629500,8.4139390000,8.4824245500,8.5215591500,4454260,38798810.1600,2,0.878300,1,-0.459200,17.380468,1.693590,3.523184,27.476715,0
2025-04-07,sh.603387,8.2182660000,8.2280496500,7.6312470000,7.6312470000,8.4824245500,9210832,73374426.0000,2,1.816200,1,-10.034600,15.636407,1.523645,3.169646,24.719536,0
2025-04-08,sh.603387,7.7780017500,7.7780017500,7.4062230500,7.5823287500,7.6312470000,8040760,62084068.5400,2,1.585500,1,-0.641000,15.536174,1.513878,3.149328,24.561078,0
2025-04-09,sh.603387,7.5138432000,7.6116797000,7.1518481500,7.5823287500,7.5823287500,9363509,71164799.0900,2,1.846300,1,0.000000,15.536174,1.513878,3.149328,24.561078,0
2025-04-10,sh.603387,7.7290835000,7.8367036500,7.6410306500,7.7486508000,7.5823287500,7332192,58060876.4000,2,1.445800,1,2.193500,15.876967,1.547085,3.218410,25.099837,0
2025-04-11,sh.603387,7.6801652500,7.8073527000,7.6410306500,7.7095162000,7.7486508000,4844460,38281575.4000,2,0.955200,1,-0.505100,15.796781,1.539272,3.202156,24.973070,0
2025-04-14,sh.603387,7.7584344500,7.8367036500,7.7290835000,7.7584344500,7.7095162000,4603216,36566600.4000,2,0.907700,1,0.634500,15.897014,1.549039,3.222474,25.131528,0
2025-04-15,sh.603387,7.7780017500,7.8171363500,7.7095162000,7.7780017500,7.7584344500,2690272,21345456.1600,2,0.530500,1,0.252200,15.937107,1.552946,3.230601,25.194912,0
2025-04-16,sh.603387,7.7584344500,7.7584344500,7.5529778000,7.6410306500,7.7780017500,4194620,32831796.3200,2,0.827100,1,-1.761000,15.656454,1.525598,3.173710,24.751228,0
2025-04-17,sh.603387,7.6605979500,7.7584344500,7.5921124000,7.7486508000,7.6410306500,3246226,25582958.2800,2,0.640100,1,1.408500,15.876967,1.547085,3.218410,25.099837,0
2025-04-18,sh.603387,7.6703816000,7.8269200000,7.6703816000,7.7584344500,7.7486508000,3336712,26423754.7600,2,0.657900,1,0.126300,15.897014,1.549039,3.222474,25.131528,0
2025-04-21,sh.603387,7.7584344500,7.7975690500,7.6605979500,7.7682181000,7.7584344500,3062940,24258387.2000,2,0.603900,1,0.126100,15.917061,1.550992,3.226537,25.163220,0
2025-04-22,sh.603387,7.7486508000,7.8171363500,7.7192998500,7.8073527000,7.7682181000,3650772,29023254.2400,2,0.719900,1,0.503800,15.997247,1.558806,3.242792,25.289987,0
2025-04-23,sh.603387,7.8171363500,7.8856219000,7.7877854000,7.8269200000,7.8073527000,2719184,21754561.1600,2,0.536200,1,0.250600,16.037341,1.562713,3.250919,25.353370,0
2025-04-24,sh.603387,7.8269200000,7.9638911000,7.8171363500,7.8660546000,7.8269200000,4169421,33636540.5400,2,0.822100,1,0.500000,16.117528,1.570526,3.267174,25.480137,0
2025-04-25,sh.603387,7.8367036500,7.9247565000,7.7877854000,7.8073527000,7.8660546000,3544313,28353911.6800,2,0.698900,1,-0.746300,15.997247,1.558806,3.242792,25.289987,0
2025-04-28,sh.603387,7.7780017500,7.7975690500,7.6116797000,7.6703816000,7.8073527000,3347460,26306869.0000,2,0.660000,1,-1.754400,15.716594,1.531458,3.185901,24.846303,0
2025-04-29,sh.603387,7.6899489000,7.7780017500,7.6410306500,7.6605979500,7.6703816000,3364261,26466528.7300,2,0.663400,1,-0.127600,15.696547,1.529505,3.181837,24.814611,0
2025-04-30,sh.603387,7.6116797000,7.8073527000,7.6116797000,7.7682181000,7.6605979500,4976997,39364237.9100,2,0.981400,1,1.404900,19.941513,1.500096,3.703264,-28.220233,0
2025-05-06,sh.603387,7.8758382500,8.0225930000,7.7682181000,7.9149728500,7.7682181000,5704450,46224253.4300,2,1.124800,1,1.889200,20.318242,1.528435,3.773225,-28.753361,0
2025-05-07,sh.603387,7.9932420500,7.9932420500,7.8073527000,7.8660546000,7.9149728500,4913182,39575408.1800,2,0.968800,1,-0.618000,20.192665,1.518989,3.749905,-28.575651,0
2025-05-08,sh.603387,7.8562709500,7.9541074500,7.8269200000,7.8954055500,7.8660546000,3937041,31777191.0300,2,0.776300,1,0.373100,20.268011,1.524656,3.763897,-28.682277,0
2025-05-09,sh.603387,7.8954055500,7.9443238000,7.8562709500,7.8856219000,7.8954055500,3345122,26980059.6800,2,0.659600,1,-0.123900,20.242896,1.522767,3.759233,-28.646735,0
2025-05-12,sh.603387,7.9345401500,7.9345401500,7.7975690500,7.8464873000,7.8856219000,3691414,29638693.6800,2,0.727900,1,-0.496300,20.142435,1.515210,3.740577,-28.504568,0
2025-05-13,sh.603387,7.9149728500,7.9638911000,7.8562709500,7.9345401500,7.8464873000,4297294,34778047.8600,2,0.847300,1,1.122200,20.368472,1.532214,3.782553,-28.824444,0
2025-05-14,sh.603387,7.9736747500,7.9736747500,7.8562709500,7.9345401500,7.9345401500,3542540,28639507.5200,2,0.698500,1,0.000000,20.368472,1.532214,3.782553,-28.824444,0
2025-05-15,sh.603387,7.9247565000,7.9541074500,7.8660546000,7.9443238000,7.9345401500,3150692,25526001.2800,2,0.621300,1,0.123300,20.393587,1.534103,3.787218,-28.859986,0
2025-05-16,sh.603387,7.9345401500,8.0128093500,7.8758382500,7.9834584000,7.9443238000,3654752,29690061.4800,2,0.720600,1,0.492600,20.494048,1.541660,3.805874,-29.002154,0
2025-05-19,sh.603387,7.9834584000,8.0030257000,7.8758382500,7.9149728500,7.9834584000,3231624,26129378.9200,2,0.637200,1,-0.857800,20.318242,1.528435,3.773225,-28.753361,0
2025-05-20,sh.603387,7.9345401500,8.2378333000,7.9247565000,8.0812949000,7.9149728500,9581620,79186953.8300,2,1.889300,1,2.101400,20.745201,1.560553,3.852514,-29.357572,0
2025-05-21,sh.603387,8.0617276000,8.1302131500,8.0225930000,8.0715112500,8.0812949000,4776660,39436554.6400,2,0.941900,1,-0.121100,20.720086,1.558664,3.847850,-29.322030,0
2025-05-22,sh.603387,8.0519439500,8.0715112500,7.9149728500,7.9247565000,8.0715112500,4485377,36598963.7100,2,0.884400,1,-1.818200,20.343357,1.530324,3.777889,-28.788903,0
2025-05-23,sh.603387,7.9149728500,8.0715112500,7.9149728500,7.9247565000,7.9247565000,4739020,38780606.0800,2,0.934400,1,0.000000,20.343357,1.530324,3.777889,-28.788903,0
2025-05-26,sh.603387,7.9149728500,7.9443238000,7.7877854000,7.8758382500,7.9247565000,4545387,36555030.3500,2,0.896300,1,-0.617300,20.217781,1.520878,3.754569,-28.611193,0
2025-05-27,sh.603387,7.8758382500,7.9247565000,7.8269200000,7.9247565000,7.8758382500,3394369,27360336.5300,2,0.669300,1,0.621100,20.343357,1.530324,3.777889,-28.788903,0
2025-05-28,sh.603387,7.9149728500,7.9638911000,7.8562709500,7.9051892000,7.9247565000,2374000,19166888.6000,2,0.468100,1,-0.246900,20.293126,1.526546,3.768561,-28.717819,0
2025-05-29,sh.603387,7.9051892000,8.0225930000,7.8562709500,8.0128093500,7.9051892000,4642148,37853856.8000,2,0.915300,1,1.361400,20.569394,1.547328,3.819866,-29.108779,0
2025-05-30,sh.603387,8.0030257000,8.1204295000,8.0030257000,8.0617276000,8.0128093500,4400465,36281675.1100,2,0.867700,1,0.610500,20.694970,1.556774,3.843186,-29.286489,0
2025-06-03,sh.603387,8.0519439500,8.1595641000,7.9932420500,8.1595641000,8.0617276000,5579738,46232117.7100,2,1.100200,1,1.213600,20.946123,1.575667,3.889827,-29.641907,0
2025-06-04,sh.603387,8.1595641000,8.2084823500,8.1008622000,8.1889150500,8.1595641000,3996537,33292024.0500,2,0.788000,1,0.359700,21.021469,1.581335,3.903819,-29.748533,0
2025-06-05,sh.603387,8.1986987000,8.2671842500,8.0617276000,8.1106458500,8.1889150500,4973576,41351256.3200,2,0.980700,1,-0.955800,20.820547,1.566221,3.866507,-29.464198,0
2025-06-06,sh.603387,8.1204295000,8.1399968000,8.0421603000,8.0617276000,8.1106458500,2767474,22840096.4800,2,0.545700,1,-0.603100,20.694970,1.556774,3.843186,-29.286489,0
2025-06-09,sh.603387,8.0812949000,8.2182660000,8.0715112500,8.1889150500,8.0617276000,4832770,40375530.8000,2,0.952900,1,1.577700,21.021469,1.581335,3.903819,-29.748533,0
2025-06-10,sh.603387,8.1889150500,8.2476169500,8.0715112500,8.1693477500,8.1889150500,5027716,42010759.7200,2,0.991400,1,-0.238900,20.971238,1.577557,3.894491,-29.677449,0
2025-06-11,sh.603387,8.1497804500,8.2378333000,8.1497804500,8.1889150500,8.1693477500,3572844,29952495.7200,2,0.704500,1,0.239500,21.021469,1.581335,3.903819,-29.748533,0
2025-06-12,sh.603387,8.1497804500,8.2182660000,8.0715112500,8.1302131500,8.1889150500,4039376,33613193.4800,2,0.796500,1,-0.716800,20.870777,1.569999,3.875835,-29.535282,0
2025-06-13,sh.603387,8.1008622000,8.1986987000,7.9443238000,7.9736747500,8.1302131500,5542952,45477208.6000,2,1.093000,1,-1.925400,20.468933,1.539771,3.801210,-28.966612,0
2025-06-16,sh.603387,7.9736747500,8.0519439500,7.8660546000,7.8954055500,7.9736747500,8966124,72854574.9500,2,1.767900,1,-0.981600,20.268011,1.524656,3.763897,-28.682277,0
2025-06-17,sh.603387,7.9448739700,8.0636018500,7.8261460900,7.8756160400,7.8954040200,6065831,48578521.4000,2,1.196100,1,-0.250600,19.991743,1.503874,3.712593,-28.291317,0
2025-06-18,sh.603387,7.8360400800,7.8657220500,7.6678422500,7.6975242200,7.8756160400,7266994,56781439.8600,2,1.432900,1,-2.261300,19.539669,1.469867,3.628639,-27.651563,0
2025-06-19,sh.603387,7.6678422500,7.7272061900,7.5787963400,7.5985843200,7.6975242200,5259560,40568480.4800,2,1.037100,1,-1.285300,19.288516,1.450974,3.581999,-27.296145,0
2025-06-20,sh.603387,7.5787963400,7.6678422500,7.5590083600,7.5689023500,7.5985843200,4671849,35926677.7100,2,0.921200,1,-0.390600,19.213170,1.445306,3.568007,-27.189519,0
2025-06-23,sh.603387,7.5590083600,7.7272061900,7.5392203800,7.6975242200,7.5689023500,4715708,36449905.5000,2,0.929800,1,1.699300,19.539669,1.469867,3.628639,-27.651563,0
2025-06-24,sh.603387,7.6975242200,7.7964641200,7.6876302300,7.7964641200,7.6975242200,4304124,33800511.8000,2,0.848700,1,1.285300,19.790821,1.488760,3.675280,-28.006982,0
2025-06-25,sh.603387,7.7865701300,7.8162521000,7.7074182100,7.8063581100,7.7964641200,4707452,36973411.4000,2,0.928200,1,0.126900,19.815936,1.490649,3.679944,-28.042524,0
2025-06-26,sh.603387,7.8162521000,7.8162521000,7.7469941700,7.7865701300,7.8063581100,4357016,34276966.5600,2,0.859100,1,-0.253500,19.765706,1.486871,3.670616,-27.971440,0
2025-06-27,sh.603387,7.7766761400,7.8261460900,7.7667821500,7.7964641200,7.7865701300,3502817,27598493.2900,2,0.690700,1,0.127100,19.790821,1.488760,3.675280,-28.006982,0
2025-06-30,sh.603387,7.8360400800,7.8855100300,7.7865701300,7.8657220500,7.7964641200,4167558,33015173.2000,2,0.821800,1,0.888300,19.966628,1.501985,3.707929,-28.255775,0
2025-07-01,sh.603387,7.8756160400,7.9250859900,7.8558280600,7.8954040200,7.8657220500,4074113,32494811.1700,2,0.803300,1,0.377400,20.041974,1.507653,3.721921,-28.362400,0
2025-07-02,sh.603387,7.9052980100,7.9349799800,7.8558280600,7.8855100300,7.8954040200,4049780,32289734.3700,2,0.798500,1,-0.125300,20.016859,1.505764,3.717257,-28.326858,0
2025-07-03,sh.603387,7.8954040200,7.9943439200,7.8657220500,7.9646619500,7.8855100300,4850935,38976585.5000,2,0.956500,1,1.003800,20.217781,1.520878,3.754569,-28.611193,0
2025-07-04,sh.603387,7.9943439200,8.0636018500,7.9448739700,7.9844499300,7.9646619500,4807297,38779036.6800,2,0.947900,1,0.248400,20.268011,1.524656,3.763897,-28.682277,0
2025-07-07,sh.603387,7.9844499300,8.0734958400,7.9448739700,7.9844499300,7.9844499300,3926612,31764599.9600,2,0.774200,1,0.000000,20.268011,1.524656,3.763897,-28.682277,0
2025-07-08,sh.603387,7.9745559400,8.0734958400,7.9646619500,8.0240258900,7.9844499300,5190093,42093358.7500,2,1.023400,1,0.495700,20.368472,1.532214,3.782553,-28.824444,0
2025-07-09,sh.603387,8.0636018500,8.0833898300,7.9844499300,8.0141319000,8.0240258900,4300913,34949301.6600,2,0.848000,1,-0.123300,20.343357,1.530324,3.777889,-28.788903,0
2025-07-10,sh.603387,7.9943439200,8.1130718000,7.9943439200,8.1031778100,8.0141319000,4692570,38338111.1800,2,0.925300,1,1.111100,20.569394,1.547328,3.819866,-29.108779,0
2025-07-11,sh.603387,8.1031778100,8.1823297300,8.0537078600,8.1031778100,8.1031778100,4747760,38919090.5600,2,0.936200,1,0.000000,20.569394,1.547328,3.819866,-29.108779,0
2025-07-14,sh.603387,8.1130718000,8.1922237200,8.0932838200,8.1823297300,8.1031778100,4038760,33277097.0800,2,0.796400,1,0.976800,20.770316,1.562442,3.857178,-29.393114,0
2025-07-15,sh.603387,8.2021177100,8.2219056900,8.0636018500,8.1526477600,8.1823297300,5473889,45005830.1900,2,1.079300,1,-0.362800,20.694970,1.556774,3.843186,-29.286489,0
2025-07-16,sh.603387,8.1724357400,8.3109516000,8.1328597800,8.2911636200,8.1526477600,6855678,57044623.1800,2,1.351800,1,1.699000,21.046584,1.583224,3.908483,-29.784075,0
2025-07-17,sh.603387,8.3010576100,8.3604215500,8.2614816500,8.3109516000,8.2911636200,4617347,38777416.8700,2,0.910400,1,0.238700,21.096814,1.587003,3.917811,-29.855158,0
2025-07-18,sh.603387,8.3208455900,8.3406335700,8.2120117000,8.3208455900,8.3109516000,5314429,44405785.1100,2,1.047900,1,0.119000,21.121930,1.588892,3.922475,-29.890700,0
2025-07-21,sh.603387,8.3802095300,8.5583013500,8.3505275600,8.5187253900,8.3208455900,7619144,65233368.7600,2,1.502300,1,2.378100,21.624235,1.626678,4.015757,-30.601537,0
2025-07-22,sh.603387,8.5385133700,8.5385133700,8.4197854900,8.4890434200,8.5187253900,5035498,43144807.8200,2,0.992900,1,-0.348400,21.548889,1.621010,4.001764,-30.494912,0
2025-07-23,sh.603387,8.5088314000,8.5286193800,8.3703155400,8.3999975100,8.4890434200,7336701,62651858.0700,2,1.446600,1,-1.049000,21.322852,1.604007,3.959788,-30.175035,0
2025-07-24,sh.603387,8.4593614500,8.6572412500,8.4197854900,8.5583013500,8.3999975100,8961719,77310784.7500,2,1.767100,1,1.884600,21.724696,1.634235,4.034413,-30.743705,0
2025-07-25,sh.603387,8.5681953400,8.6968172100,8.5187253900,8.6176652900,8.5583013500,6992873,60983460.9700,2,1.378800,1,0.693600,21.875387,1.645571,4.062397,-30.956956,0
2025-07-28,sh.603387,8.6473472600,8.7561811500,8.6374532700,8.6572412500,8.6176652900,7448545,65453496.4700,2,1.468700,1,0.459200,21.975848,1.653128,4.081053,-31.099123,0
2025-07-29,sh.603387,8.7264991800,8.7264991800,8.5088314000,8.6374532700,8.6572412500,7550291,65712285.3600,2,1.488800,1,-0.228600,21.925618,1.649349,4.071725,-31.028039,0
2025-07-30,sh.603387,8.6176652900,8.7067112000,8.5484073600,8.6077713000,8.6374532700,6663632,58196485.2000,2,1.313900,1,-0.343600,21.850272,1.643682,4.057733,-30.921414,0
2025-07-31,sh.603387,8.6077713000,8.6869232200,8.5088314000,8.5484073600,8.6077713000,8743893,76066747.8200,2,1.724100,1,-0.689700,21.699581,1.632346,4.029749,-30.708163,0
2025-08-01,sh.603387,8.5385133700,8.7264991800,8.5385133700,8.6671352400,8.5484073600,8802780,77128570.6000,2,1.735700,1,1.388900,22.000964,1.655017,4.085717,-31.134665,0
2025-08-04,sh.603387,8.6671352400,8.7660751400,8.5583013500,8.7660751400,8.6671352400,9217295,80786272.3100,2,1.817500,1,1.141600,22.252116,1.673910,4.132358,-31.490084,0
2025-08-05,sh.603387,8.7561811500,8.8155450900,8.6176652900,8.6869232200,8.7660751400,6879284,60444103.6400,2,1.356500,1,-0.902900,22.051194,1.658796,4.095046,-31.205749,0
2025-08-06,sh.603387,8.7264991800,8.7858631200,8.5879833200,8.6077713000,8.6869232200,7504047,65480203.3200,2,1.479600,1,-0.911200,21.850272,1.643682,4.057733,-30.921414,0
2025-08-07,sh.603387,8.6275592800,8.7660751400,8.5088314000,8.5879833200,8.6077713000,8562295,74771854.4500,2,1.688300,1,-0.229900,21.800042,1.639903,4.048405,-30.850330,0
2025-08-08,sh.603387,8.5780893300,8.7561811500,8.5187253900,8.6572412500,8.5879833200,8549089,74798274.1000,2,1.685700,1,0.806500,21.975848,1.653128,4.081053,-31.099123,0
2025-08-11,sh.603387,8.6572412500,8.7462871600,8.6275592800,8.7067112000,8.6572412500,6127661,53836257.3100,2,1.208200,1,0.571400,22.101425,1.662575,4.104374,-31.276832,0
2025-08-12,sh.603387,8.7264991800,8.8650150400,8.6968172100,8.7166051900,8.7067112000,9020459,80007372.7500,2,1.778600,1,0.113600,22.126540,1.664464,4.109038,-31.312374,0
2025-08-13,sh.603387,8.7166051900,8.7462871600,8.6374532700,8.6869232200,8.7166051900,6813399,59770817.6100,2,1.343500,1,-0.340500,22.051194,1.658796,4.095046,-31.205749,0
2025-08-14,sh.603387,8.6869232200,8.7264991800,8.5780893300,8.5780893300,8.6869232200,6712169,58656685.8500,2,1.323500,1,-1.252800,21.774926,1.638014,4.043741,-30.814788,0
2025-08-15,sh.603387,8.5286193800,8.7264991800,8.5286193800,8.6671352400,8.5780893300,6818137,59527549.3800,2,1.344400,1,1.038100,22.000964,1.655017,4.085717,-31.134665,0
2025-08-18,sh.603387,8.6968172100,8.7561811500,8.6374532700,8.6671352400,8.6671352400,7817851,68701073.7900,2,1.541500,1,0.000000,22.000964,1.655017,4.085717,-31.134665,0
2025-08-19,sh.603387,8.6671352400,8.8848030200,8.6275592800,8.8056511000,8.6671352400,10410832,92433779.9500,2,2.052800,1,1.598200,22.352577,1.681467,4.151014,-31.632251,0
2025-08-20,sh.603387,8.7858631200,8.8452270600,8.7166051900,8.8056511000,8.8056511000,6689660,59330383.1200,2,1.319100,1,0.000000,22.352577,1.681467,4.151014,-31.632251,0
2025-08-21,sh.603387,8.8353330700,8.9441669600,8.8155450900,8.9243789800,8.8056511000,8861728,79452807.2900,2,1.747300,1,1.348300,22.653960,1.704139,4.206983,-32.058753,0
2025-08-22,sh.603387,8.9243789800,8.9441669600,8.6671352400,8.7363931700,8.9243789800,12021525,106181946.5000,2,2.370400,1,-2.106400,22.176770,1.668242,4.118366,-31.383458,0
2025-08-25,sh.603387,8.7759691300,8.8155450900,8.6968172100,8.7561811500,8.7363931700,8237048,72855401.4300,2,1.624200,1,0.226500,22.227001,1.672021,4.127694,-31.454542,0
2025-08-26,sh.603387,8.7166051900,8.8452270600,8.6869232200,8.7561811500,8.7561811500,8537823,75807770.3300,2,1.683500,1,0.000000,22.227001,1.672021,4.127694,-31.454542,0
2025-08-27,sh.603387,8.7462871600,8.7858631200,8.5088314000,8.5088314000,8.7561811500,10205119,89092837.1100,2,2.012200,1,-2.824900,21.599120,1.624789,4.011092,-30.565995,0
2025-08-28,sh.603387,8.5286193800,8.5978773100,8.2317996800,8.4296794800,8.5088314000,9527364,80890488.1300,2,1.878600,1,-0.930200,21.398198,1.609674,3.973780,-30.281661,0
2025-08-29,sh.603387,8.4197854900,8.4989374100,8.3307395800,8.3901035200,8.4296794800,5587011,47552424.3100,2,1.101600,1,-0.469500,21.297737,1.602117,3.955124,-30.139493,0
2025-09-01,sh.603387,8.3999975100,8.5088314000,8.3406335700,8.4296794800,8.3901035200,6066085,51675724.1400,2,1.196100,1,0.471700,23.276409,1.609871,4.077045,-56.761464,0
2025-09-02,sh.603387,8.4494674600,8.4494674600,8.2713756400,8.3505275600,8.4296794800,6019366,50759362.4700,2,1.186900,1,-0.939000,23.057851,1.594755,4.038763,-56.228493,0
2025-09-03,sh.603387,8.3604215500,8.4296794800,8.2515876600,8.2812696300,8.3505275600,5403497,45430222.6600,2,1.065500,1,-0.829400,22.866613,1.581528,4.005266,-55.762143,0
2025-09-04,sh.603387,8.2812696300,8.3999975100,8.2120117000,8.3208455900,8.2812696300,7960854,66873456.0200,2,1.569700,1,0.477900,22.975892,1.589086,4.024407,-56.028628,0
2025-09-05,sh.603387,8.3208455900,8.3406335700,8.2120117000,8.3307395800,8.3208455900,8066827,67518618.0800,2,1.590600,1,0.118900,23.003212,1.590976,4.029192,-56.095250,0
2025-09-08,sh.603387,8.3208455900,8.4692554400,8.3109516000,8.4494674600,8.3307395800,7743577,65770644.3800,2,1.526900,1,1.425200,23.331049,1.613650,4.086615,-56.894707,0
2025-09-09,sh.603387,8.4791494300,8.4791494300,8.3109516000,8.3604215500,8.4494674600,5479520,46383435.1900,2,1.080400,1,-1.053900,23.085171,1.596645,4.043548,-56.295114,0
2025-09-10,sh.603387,8.3802095300,8.4494674600,8.3505275600,8.4197854900,8.3604215500,4481315,38006971.0800,2,0.883600,1,0.710100,23.249090,1.607982,4.072260,-56.694843,0
2025-09-11,sh.603387,8.3901035200,8.4395734700,8.2416936700,8.4296794800,8.4197854900,6874042,58114271.5900,2,1.355400,1,0.117500,23.276409,1.609871,4.077045,-56.761464,0
2025-09-12,sh.603387,8.4395734700,8.4494674600,8.3703155400,8.3999975100,8.4296794800,5721780,48667873.5800,2,1.128200,1,-0.352100,23.194450,1.604203,4.062689,-56.561600,0
2025-09-15,sh.603387,8.4600000000,8.4600000000,8.3600000000,8.4000000000,8.4000000000,3885637,32641269.0300,2,0.766200,1,0.000000,22.948573,1.587197,4.019622,-55.962007,0
2025-09-16,sh.603387,8.4000000000,8.4100000000,8.3400000000,8.3900000000,8.4000000000,4069089,34085825.6900,2,0.802300,1,-0.119000,22.921253,1.585307,4.014836,-55.895386,0
2025-09-17,sh.603387,8.4100000000,8.4600000000,8.3800000000,8.3900000000,8.3900000000,4739609,39866455.7400,2,0.934600,1,0.000000,22.921253,1.585307,4.014836,-55.895386,0
2025-09-18,sh.603387,8.4000000000,8.4100000000,8.2300000000,8.2700000000,8.3900000000,6654202,55481069.5400,2,1.312100,1,-1.430300,22.593416,1.562633,3.957413,-55.095928,0
2025-09-19,sh.603387,8.2700000000,8.3000000000,8.1800000000,8.2200000000,8.2700000000,4193181,34461783.9800,2,0.826800,1,-0.604600,22.456817,1.553186,3.933487,-54.762821,0
2025-09-22,sh.603387,8.2200000000,8.2800000000,8.1100000000,8.1500000000,8.2200000000,4249773,34722535.2400,2,0.838000,1,-0.851600,22.265579,1.539959,3.899990,-54.296471,0
2025-09-23,sh.603387,8.1500000000,8.1500000000,7.8800000000,8.0400000000,8.1500000000,8322028,66477578.4000,2,1.640900,1,-1.349700,21.965062,1.519174,3.847352,-53.563635,0
2025-09-24,sh.603387,8.0000000000,8.1500000000,7.9900000000,8.1200000000,8.0400000000,4320604,34994485.6800,2,0.851900,1,0.995000,22.183620,1.534290,3.885634,-54.096607,0
2025-09-25,sh.603387,8.1100000000,8.1400000000,7.9900000000,8.0300000000,8.1200000000,4746061,38236130.6500,2,0.935800,1,-1.108400,21.937743,1.517285,3.842567,-53.497014,0
2025-09-26,sh.603387,8.0500000000,8.0600000000,7.9400000000,8.0000000000,8.0300000000,4710604,37748382.3600,2,0.928800,1,-0.373600,21.855783,1.511616,3.828211,-53.297150,0
2025-09-29,sh.603387,8.0000000000,8.0300000000,7.8500000000,8.0300000000,8.0000000000,5285132,42021322.2400,2,1.042100,1,0.375000,21.937743,1.517285,3.842567,-53.497014,0
2025-09-30,sh.603387,8.0000000000,8.0300000000,7.9600000000,7.9700000000,8.0300000000,4584530,36628550.4000,2,0.904000,1,-0.747200,21.773824,1.505948,3.813855,-53.097285,0
2025-10-09,sh.603387,7.9800000000,7.9800000000,7.8600000000,7.9500000000,7.9700000000,5688050,45018439.6000,2,1.121600,1,-0.250900,21.719185,1.502169,3.804285,-52.964042,0
2025-10-10,sh.603387,7.9400000000,8.0400000000,7.9100000000,8.0200000000,7.9500000000,4550452,36427177.3200,2,0.897300,1,0.880500,21.910423,1.515395,3.837782,-53.430392,0
2025-10-13,sh.603387,7.9900000000,8.0100000000,7.8500000000,7.9500000000,8.0200000000,6906992,54702993.1000,2,1.361900,1,-0.872800,21.719185,1.502169,3.804285,-52.964042,0
2025-10-14,sh.603387,7.9800000000,8.0400000000,7.9500000000,7.9600000000,7.9500000000,4948580,39530059.5200,2,0.975800,1,0.125800,21.746504,1.504058,3.809070,-53.030664,0
2025-10-15,sh.603387,8.0000000000,8.1500000000,7.9700000000,8.0800000000,7.9600000000,6610685,53366926.5700,2,1.303500,1,1.507500,22.074341,1.526732,3.866493,-53.830121,0
2025-10-16,sh.603387,8.0600000000,8.1200000000,8.0400000000,8.1100000000,8.0800000000,4023458,32493807.2200,2,0.793300,1,0.371300,22.156300,1.532401,3.880849,-54.029985,0
2025-10-17,sh.603387,8.1200000000,8.1200000000,7.9500000000,7.9800000000,8.1100000000,5159164,41454180.8800,2,1.017300,1,-1.603000,21.801144,1.507837,3.818641,-53.163907,0
2025-10-20,sh.603387,8.0300000000,8.0800000000,7.9800000000,8.0200000000,7.9800000000,3741645,29995902.8800,2,0.737800,1,0.501300,21.910423,1.515395,3.837782,-53.430392,0
2025-10-21,sh.603387,8.0400000000,8.1300000000,8.0100000000,8.1100000000,8.0200000000,4315912,34905237.2000,2,0.851000,1,1.122200,22.156300,1.532401,3.880849,-54.029985,0
2025-10-22,sh.603387,8.1100000000,8.2100000000,8.0900000000,8.1700000000,8.1100000000,4293707,35079327.8800,2,0.846600,1,0.739800,22.320219,1.543738,3.909561,-54.429714,0
2025-10-23,sh.603387,8.1700000000,8.2000000000,8.1100000000,8.2000000000,8.1700000000,3806374,31020500.5800,2,0.750500,1,0.367200,22.402178,1.549407,3.923916,-54.629578,0
2025-10-24,sh.603387,8.2000000000,8.2000000000,8.1200000000,8.1300000000,8.2000000000,4234840,34484931.4000,2,0.835000,1,-0.853700,22.210940,1.536180,3.890420,-54.163228,0
2025-10-27,sh.603387,8.1500000000,8.2000000000,8.0900000000,8.1500000000,8.1300000000,5506383,44862678.9200,2,1.085700,1,0.246000,22.265579,1.539959,3.899990,-54.296471,0
2025-10-28,sh.603387,8.1600000000,8.2100000000,8.1000000000,8.1800000000,8.1500000000,4208221,34404376.2600,2,0.829800,1,0.368100,22.347539,1.545628,3.914346,-54.496335,0
2025-10-29,sh.603387,8.1800000000,8.2000000000,8.0500000000,8.1100000000,8.1800000000,4715984,38250436.5600,2,0.929900,1,-0.855700,22.156300,1.532401,3.880849,-54.029985,0
2025-10-30,sh.603387,8.1100000000,8.1600000000,8.0600000000,8.0900000000,8.1100000000,4288736,34780276.8400,2,0.845600,1,-0.246600,22.101661,1.528622,3.871279,-53.896742,0
2025-10-31,sh.603387,8.1500000000,8.3500000000,8.1500000000,8.3300000000,8.0900000000,13088448,108376346.4400,2,2.580800,1,2.966600,20.236441,1.569870,4.051728,-22.103494,0
2025-11-03,sh.603387,8.3400000000,8.4700000000,8.3000000000,8.4400000000,8.3300000000,9106204,76510720.3300,2,1.795600,1,1.320500,20.503669,1.590600,4.105232,-22.395377,0
2025-11-04,sh.603387,8.4200000000,8.4600000000,8.3400000000,8.3900000000,8.4400000000,5825578,48935410.8200,2,1.148700,1,-0.592400,20.382201,1.581177,4.080912,-22.262703,0
2025-11-05,sh.603387,8.3800000000,8.4500000000,8.3300000000,8.3900000000,8.3900000000,4555479,38257461.6100,2,0.898200,1,0.000000,20.382201,1.581177,4.080912,-22.262703,0
2025-11-06,sh.603387,8.3900000000,8.4400000000,8.3500000000,8.4100000000,8.3900000000,4717116,39562628.0000,2,0.930100,1,0.238400,20.430788,1.584946,4.090640,-22.315772,0
2025-11-07,sh.603387,8.4000000000,8.4700000000,8.3800000000,8.4300000000,8.4100000000,5173300,43648368.2000,2,1.020100,1,0.237800,20.479375,1.588716,4.100368,-22.368842,0
2025-11-10,sh.603387,8.4700000000,8.5700000000,8.4400000000,8.5600000000,8.4300000000,5525353,47110573.4700,2,1.089500,1,1.542100,20.795190,1.613215,4.163600,-22.713794,0
2025-11-11,sh.603387,8.5600000000,8.6300000000,8.5200000000,8.6300000000,8.5600000000,4961735,42659789.7600,2,0.978300,1,0.817800,20.965244,1.626408,4.197648,-22.899538,0
2025-11-12,sh.603387,8.6700000000,8.7300000000,8.6200000000,8.7300000000,8.6300000000,6715153,58292355.4800,2,1.324100,1,1.158700,21.208178,1.645253,4.246289,-23.164886,0
2025-11-13,sh.603387,8.7400000000,8.7400000000,8.6300000000,8.6900000000,8.7300000000,5709151,49488365.7000,2,1.125700,1,-0.458200,21.111005,1.637715,4.226833,-23.058747,0
2025-11-14,sh.603387,8.6600000000,8.8000000000,8.6400000000,8.7500000000,8.6900000000,6953334,60916370.8900,2,1.371100,1,0.690400,21.256765,1.649023,4.256017,-23.217956,0
2025-11-17,sh.603387,8.7300000000,8.7600000000,8.6200000000,8.6400000000,8.7500000000,6172717,53467028.9600,2,1.217100,1,-1.257100,20.989537,1.628292,4.202512,-22.926073,0
2025-11-18,sh.603387,8.6300000000,8.6800000000,8.5800000000,8.5900000000,8.6400000000,6342913,54652927.1900,2,1.250700,1,-0.578700,20.868070,1.618869,4.178192,-22.793399,0
2025-11-19,sh.603387,8.5500000000,8.6500000000,8.4300000000,8.4500000000,8.5900000000,5266011,44775603.2900,2,1.038300,1,-1.629800,20.527962,1.592485,4.110096,-22.421911,0
2025-11-20,sh.603387,8.5300000000,8.5400000000,8.3600000000,8.4200000000,8.4500000000,4694308,39548067.7200,2,0.925600,1,-0.355000,20.455082,1.586831,4.095504,-22.342307,0
2025-11-21,sh.603387,8.4200000000,8.4300000000,8.1000000000,8.1000000000,8.4200000000,8650409,71042021.7400,2,1.705700,1,-3.800500,19.677691,1.526524,3.939855,-21.493193,0
2025-11-24,sh.603387,8.1400000000,8.2900000000,8.1400000000,8.1900000000,8.1000000000,5693838,46650210.4300,2,1.122700,1,1.111100,19.896332,1.543485,3.983632,-21.732006,0
2025-11-25,sh.603387,8.2500000000,8.3600000000,8.1500000000,8.2800000000,8.1900000000,5567721,46218258.6900,2,1.097800,1,1.098900,20.114973,1.560447,4.027408,-21.970820,0
2025-11-26,sh.603387,8.3100000000,8.4900000000,8.2900000000,8.3500000000,8.2800000000,6092048,51064408.2400,2,1.201200,1,0.845400,20.285028,1.573639,4.061456,-22.156563,0
2025-11-27,sh.603387,8.3300000000,8.3900000000,8.2800000000,8.3600000000,8.3500000000,4499147,37550777.6500,2,0.887100,1,0.119800,20.309321,1.575523,4.066320,-22.183098,0
2025-11-28,sh.603387,8.4000000000,8.4100000000,8.3200000000,8.3900000000,8.3600000000,3756408,31429099.0300,2,0.740700,1,0.358900,20.382201,1.581177,4.080912,-22.262703,0
2025-12-01,sh.603387,8.4400000000,8.5400000000,8.4000000000,8.4800000000,8.3900000000,4778548,40495848.2800,2,0.942200,1,1.072700,20.600842,1.598139,4.124688,-22.501516,0
2025-12-02,sh.603387,8.4900000000,8.5400000000,8.4400000000,8.5000000000,8.4800000000,4572588,38836202.7000,2,0.901600,1,0.235800,20.649429,1.601908,4.134416,-22.554585,0
2025-12-03,sh.603387,8.5300000000,8.5500000000,8.4400000000,8.4800000000,8.5000000000,4162540,35345884.6400,2,0.820800,1,-0.235300,20.600842,1.598139,4.124688,-22.501516,0
2025-12-04,sh.603387,8.5000000000,8.5000000000,8.3400000000,8.4300000000,8.4800000000,4809600,40484654.4000,2,0.948400,1,-0.589600,20.479375,1.588716,4.100368,-22.368842,0
2025-12-05,sh.603387,8.4000000000,8.4500000000,8.3000000000,8.4400000000,8.4300000000,6015712,50395600.0800,2,1.186200,1,0.118600,20.503669,1.590600,4.105232,-22.395377,0
2025-12-08,sh.603387,8.4700000000,8.5100000000,8.3900000000,8.4000000000,8.4400000000,5999477,50651943.5300,2,1.183000,1,-0.473900,20.406495,1.583062,4.085776,-22.289237,0
2025-12-09,sh.603387,8.3800000000,8.4400000000,8.3300000000,8.3300000000,8.4000000000,3876779,32459738.2000,2,0.764400,1,-0.833300,20.236441,1.569870,4.051728,-22.103494,0
2025-12-10,sh.603387,8.3100000000,8.3700000000,8.2600000000,8.3200000000,8.3300000000,4213277,35059914.9200,2,0.830800,1,-0.120000,20.212147,1.567985,4.046864,-22.076959,0
2025-12-11,sh.603387,8.3500000000,8.3600000000,8.1400000000,8.1600000000,8.3200000000,5125742,42150258.9200,2,1.010700,1,-1.923100,19.823452,1.537831,3.969040,-21.652402,0
2025-12-12,sh.603387,8.1500000000,8.1900000000,8.0400000000,8.0400000000,8.1600000000,6049504,49085668.6400,2,1.192800,1,-1.470600,19.531931,1.515216,3.910671,-21.333984,0
2025-12-15,sh.603387,8.0100000000,8.1200000000,7.9800000000,8.1100000000,8.0400000000,4945629,39908648.9900,2,0.975200,1,0.870600,19.701985,1.528408,3.944719,-21.519728,0
2025-12-16,sh.603387,8.0900000000,8.1100000000,8.0300000000,8.0600000000,8.1100000000,3480489,28081754.1000,2,0.686300,1,-0.616500,19.580518,1.518985,3.920399,-21.387054,0
2025-12-17,sh.603387,8.0400000000,8.1000000000,7.9600000000,8.0800000000,8.0600000000,4295712,34511510.6400,2,0.847000,1,0.248100,19.629104,1.522755,3.930127,-21.440124,0
2025-12-18,sh.603387,8.0500000000,8.3200000000,8.0500000000,8.3000000000,8.0800000000,6373798,52546989.5400,2,1.256800,1,2.722800,20.163560,1.564216,4.037136,-22.023889,0
2025-12-19,sh.603387,8.3100000000,8.3900000000,8.2500000000,8.3400000000,8.3000000000,4738392,39521092.8600,2,0.934300,1,0.481900,20.260734,1.571754,4.056592,-22.130029,0
2025-12-22,sh.603387,8.3600000000,8.4100000000,8.3100000000,8.3300000000,8.3400000000,4484903,37485170.9800,2,0.884300,1,-0.119900,20.236441,1.569870,4.051728,-22.103494,0
2025-12-23,sh.603387,8.3500000000,8.3500000000,8.2400000000,8.2600000000,8.3300000000,3505600,29103699.0000,2,0.691200,1,-0.840300,20.066386,1.556677,4.017680,-21.917750,0
2025-12-24,sh.603387,8.2800000000,8.2800000000,8.2100000000,8.2500000000,8.2600000000,3229830,26673245.0000,2,0.636900,1,-0.121100,20.042093,1.554793,4.012816,-21.891215,0
2025-12-25,sh.603387,8.2500000000,8.3200000000,8.2300000000,8.2900000000,8.2500000000,3083464,25527768.2800,2,0.608000,1,0.484800,20.139267,1.562331,4.032272,-21.997355,0
2025-12-26,sh.603387,8.3200000000,8.3900000000,8.2500000000,8.3400000000,8.2900000000,5809401,48456727.2100,2,1.145500,1,0.603100,20.260734,1.571754,4.056592,-22.130029,0
2025-12-29,sh.603387,8.3400000000,8.3600000000,8.2000000000,8.2200000000,8.3400000000,4565180,37744308.8400,2,0.900200,1,-1.438800,19.969213,1.549139,3.998224,-21.811611,0
2025-12-30,sh.603387,8.2300000000,8.4300000000,8.1500000000,8.3300000000,8.2200000000,6591665,54774876.0800,2,1.299700,1,1.338200,20.236441,1.569870,4.051728,-22.103494,0
2025-12-31,sh.603387,8.3300000000,8.4600000000,8.3000000000,8.3700000000,8.3300000000,6042110,50624224.7400,2,1.191400,1,0.480200,20.333614,1.577408,4.071184,-22.209633,0
2026-01-05,sh.603387,8.4000000000,8.6400000000,8.3600000000,8.5500000000,8.3700000000,11318278,96233323.3300,2,2.231700,1,2.150500,20.770896,1.611331,4.158736,-22.687260,0
2026-01-06,sh.603387,8.5800000000,8.5900000000,8.4600000000,8.5500000000,8.5500000000,7714516,65824797.2800,2,1.521100,1,0.000000,20.770896,1.611331,4.158736,-22.687260,0
2026-01-07,sh.603387,8.5400000000,8.5500000000,8.4000000000,8.4200000000,8.5500000000,5372314,45430761.8200,2,1.059300,1,-1.520500,20.455082,1.586831,4.095504,-22.342307,0
2026-01-08,sh.603387,8.4200000000,8.5200000000,8.3900000000,8.4700000000,8.4200000000,5168082,43784460.7200,2,1.019000,1,0.593800,20.576549,1.596254,4.119824,-22.474981,0
2026-01-09,sh.603387,8.4400000000,8.5300000000,8.4200000000,8.5200000000,8.4700000000,6996263,59414239.5900,2,1.379500,1,0.590300,20.698016,1.605677,4.144144,-22.607655,0
2026-01-12,sh.603387,8.5200000000,8.6100000000,8.4400000000,8.4800000000,8.5200000000,10666045,90744889.5400,2,2.103100,1,-0.469500,20.600842,1.598139,4.124688,-22.501516,0
2026-01-13,sh.603387,8.4900000000,8.7700000000,8.4900000000,8.6900000000,8.4800000000,15824045,137217461.0800,2,3.120200,1,2.476400,21.111005,1.637715,4.226833,-23.058747,0
2026-01-14,sh.603387,8.8100000000,8.9800000000,8.6600000000,8.7900000000,8.6900000000,19118062,168534515.3400,2,3.769700,1,1.150700,21.353939,1.656561,4.275473,-23.324095,0
2026-01-15,sh.603387,8.7300000000,8.7500000000,8.5700000000,8.6100000000,8.7900000000,8558304,73906790.5400,2,1.687500,1,-2.047800,20.916657,1.622638,4.187920,-22.846468,0
2026-01-16,sh.603387,8.6300000000,8.6600000000,8.4700000000,8.5600000000,8.6100000000,8788814,75258650.7100,2,1.733000,1,-0.580700,20.795190,1.613215,4.163600,-22.713794,0
2026-01-19,sh.603387,8.5700000000,8.6200000000,8.5300000000,8.5800000000,8.5600000000,5984070,51326226.8400,2,1.179900,1,0.233600,20.843777,1.616985,4.173328,-22.766864,0
2026-01-20,sh.603387,8.5900000000,8.6500000000,8.5600000000,8.6500000000,8.5800000000,5721243,49278567.7300,2,1.128100,1,0.815900,21.013831,1.630177,4.207376,-22.952608,0
2026-01-21,sh.603387,8.6400000000,8.7000000000,8.5700000000,8.6800000000,8.6500000000,6020206,52117015.0000,2,1.187100,1,0.346800,21.086711,1.635830,4.221969,-23.032212,0
2026-01-22,sh.603387,8.6800000000,8.8100000000,8.6400000000,8.7500000000,8.6800000000,6274190,54822525.9800,2,1.237100,1,0.806500,21.256765,1.649023,4.256017,-23.217956,0
2026-01-23,sh.603387,8.7800000000,8.8400000000,8.7000000000,8.7500000000,8.7500000000,6831397,59740893.0500,2,1.347000,1,0.000000,21.256765,1.649023,4.256017,-23.217956,0
2026-01-26,sh.603387,8.8100000000,9.2300000000,8.7900000000,9.2100000000,8.7500000000,24871547,225098290.1700,2,4.904100,1,5.257100,22.374264,1.735714,4.479762,-24.438557,0
2026-01-27,sh.603387,9.1100000000,9.1400000000,8.7600000000,9.0700000000,9.2100000000,20096027,179999960.9700,2,3.962500,1,-1.520100,22.034156,1.709330,4.411665,-24.067069,0
2026-01-28,sh.603387,9.0200000000,9.0600000000,8.7700000000,8.7900000000,9.0700000000,12008966,106541864.3100,2,2.367900,1,-3.087100,21.353939,1.656561,4.275473,-23.324095,0
2026-01-29,sh.603387,8.7500000000,8.8000000000,8.5900000000,8.6700000000,8.7900000000,10081823,87571626.8500,2,1.987900,1,-1.365200,21.062418,1.633946,4.217104,-23.005677,0
2026-01-30,sh.603387,8.6500000000,8.7500000000,8.5400000000,8.6200000000,8.6700000000,7277424,62721627.8800,2,1.435000,1,-0.576700,20.940951,1.624523,4.192784,-22.873003,0
2026-02-02,sh.603387,8.6200000000,8.6400000000,8.4300000000,8.4400000000,8.6200000000,7693101,65685005.3000,2,1.516900,1,-2.088200,20.503669,1.590600,4.105232,-22.395377,0
2026-02-03,sh.603387,8.4800000000,8.5300000000,8.4300000000,8.5100000000,8.4400000000,5739060,48718898.6000,2,1.131600,1,0.829400,20.673723,1.603792,4.139280,-22.581120,0
2026-02-04,sh.603387,8.5100000000,8.6400000000,8.4800000000,8.5900000000,8.5100000000,5646908,48423972.7600,2,1.113500,1,0.940100,20.868070,1.618869,4.178192,-22.793399,0
2026-02-05,sh.603387,8.6300000000,8.6800000000,8.5700000000,8.5900000000,8.5900000000,5333243,46007728.0300,2,1.051600,1,0.000000,20.868070,1.618869,4.178192,-22.793399,0
2026-02-06,sh.603387,8.5600000000,8.8500000000,8.5500000000,8.7800000000,8.5900000000,10197523,89103481.8000,2,2.010700,1,2.211900,21.329646,1.654676,4.270609,-23.297560,0
2026-02-09,sh.603387,8.7900000000,8.8700000000,8.7600000000,8.8000000000,8.7800000000,7487680,66044839.0000,2,1.476400,1,0.227800,21.378233,1.658446,4.280337,-23.350630,0
2026-02-10,sh.603387,8.8000000000,8.9500000000,8.7900000000,8.8900000000,8.8000000000,8392443,74593347.8800,2,1.654800,1,1.022700,21.596874,1.675407,4.324113,-23.589443,0
2026-02-11,sh.603387,8.8900000000,8.9300000000,8.8200000000,8.8700000000,8.8900000000,4579089,40615508.3900,2,0.902900,1,-0.225000,21.548287,1.671638,4.314385,-23.536373,0
2026-02-12,sh.603387,8.8500000000,8.8700000000,8.7400000000,8.7600000000,8.8700000000,5068885,44519095.5100,2,0.999500,1,-1.240100,21.281059,1.650907,4.260881,-23.244490,0
2026-02-13,sh.603387,8.7400000000,8.7900000000,8.6700000000,8.6900000000,8.7600000000,4280988,37437145.9600,2,0.844100,1,-0.799100,21.111005,1.637715,4.226833,-23.058747,0
2026-02-24,sh.603387,8.6800000000,8.7900000000,8.6800000000,8.7800000000,8.6900000000,4471650,39069131.9600,2,0.881700,1,1.035700,21.329646,1.654676,4.270609,-23.297560,0
2026-02-25,sh.603387,8.7600000000,8.8700000000,8.7300000000,8.7400000000,8.7800000000,6099313,53644478.1300,2,1.202700,1,-0.455600,21.232472,1.647138,4.251153,-23.191421,0
2026-02-26,sh.603387,8.7500000000,8.8000000000,8.6400000000,8.6800000000,8.7400000000,5309355,46219459.5100,2,1.046900,1,-0.686500,21.086711,1.635830,4.221969,-23.032212,0
2026-02-27,sh.603387,8.6900000000,8.7400000000,8.6600000000,8.7400000000,8.6800000000,5132715,44660481.7000,2,1.012100,1,0.691200,21.232472,1.647138,4.251153,-23.191421,0
2026-03-02,sh.603387,8.6500000000,8.6700000000,8.4000000000,8.4400000000,8.7400000000,8853267,75255230.1700,2,1.745700,1,-3.432500,20.503669,1.590600,4.105232,-22.395377,0
2026-03-03,sh.603387,8.4400000000,8.5200000000,8.2900000000,8.2900000000,8.4400000000,9148984,76893847.8100,2,1.804000,1,-1.777300,20.139267,1.562331,4.032272,-21.997355,0
2026-03-04,sh.603387,8.2500000000,8.3100000000,8.0800000000,8.1700000000,8.2900000000,8705864,71337190.4000,2,1.716600,1,-1.447500,19.847745,1.539716,3.973904,-21.678937,0
2026-03-05,sh.603387,8.2600000000,8.2800000000,8.1700000000,8.2100000000,8.1700000000,6076148,49915652.0400,2,1.198100,1,0.489600,19.944919,1.547254,3.993360,-21.785076,0
2026-03-06,sh.603387,8.1900000000,8.4000000000,8.1600000000,8.3800000000,8.2100000000,7054211,58761255.0000,2,1.390900,1,2.070600,20.357908,1.579293,4.076048,-22.236168,0
2026-03-09,sh.603387,8.3400000000,8.4100000000,8.2500000000,8.4000000000,8.3800000000,8130836,67757370.3200,2,1.603200,1,0.238700,20.406495,1.583062,4.085776,-22.289237,0
2026-03-10,sh.603387,8.4400000000,8.4800000000,8.3800000000,8.4600000000,8.4000000000,5006983,42251874.2700,2,0.987300,1,0.714300,20.552255,1.594369,4.114960,-22.448446,0
2026-03-11,sh.603387,8.4600000000,8.4600000000,8.3600000000,8.4100000000,8.4600000000,4611516,38703872.3200,2,0.909300,1,-0.591000,20.430788,1.584946,4.090640,-22.315772,0
2026-03-12,sh.603387,8.4000000000,8.4200000000,8.3300000000,8.3500000000,8.4100000000,3889504,32531800.7600,2,0.766900,1,-0.713400,20.285028,1.573639,4.061456,-22.156563,0
2026-03-13,sh.603387,8.3400000000,8.4200000000,8.3000000000,8.3500000000,8.3500000000,4460669,37361785.5500,2,0.879600,1,0.000000,20.285028,1.573639,4.061456,-22.156563,0
2026-03-16,sh.603387,8.3600000000,8.5900000000,8.3300000000,8.5800000000,8.3500000000,12590469,107143008.9300,2,2.482600,1,2.754500,20.843777,1.616985,4.173328,-22.766864,0
2026-03-17,sh.603387,8.6000000000,9.4400000000,8.5500000000,9.4400000000,8.5800000000,38662442,357409116.6000,2,7.623400,1,10.023300,22.933013,1.779060,4.591634,-25.048857,0
2026-03-18,sh.603387,9.7600000000,10.3800000000,9.7200000000,10.3800000000,9.4400000000,33485475,343269931.3000,2,6.602600,1,9.957600,25.216597,1.956212,5.048852,-27.543129,0
