date,code,open,high,low,close,preclose,volume,amount,adjustflag,turn,tradestatus,pctChg,peTTM,pbMRQ,psTTM,pcfNcfTTM,isST
2023-06-26,sh.600032,12.2753005800,12.9540296800,12.1977315400,12.7601070800,12.3140851000,32031652,415946631.5100,2,15.399800,1,3.622000,45.741553,3.613509,6.887246,-50.253297,0
2023-06-27,sh.600032,12.5758806100,12.5758806100,12.1201625000,12.3237812300,12.7601070800,20214052,256740605.6900,2,9.718300,1,-3.419500,44.177442,3.489947,6.651740,-48.534909,0
2023-06-28,sh.600032,12.1880354100,12.7504109500,12.1395547600,12.3043889700,12.3237812300,17830688,228938377.0900,2,8.572400,1,-0.157400,44.107926,3.484455,6.641273,-48.458536,0
2023-06-29,sh.600032,12.3722618800,12.4498309200,11.9844166800,12.0135050700,12.3043889700,15248886,189575464.5500,2,7.331200,1,-2.364100,43.065185,3.402080,6.484269,-47.312944,0
2023-06-30,sh.600032,11.9747205500,12.5080077000,11.8680631200,12.1783392800,12.0135050700,15337115,191854716.6600,2,7.373600,1,1.372100,43.656072,3.448759,6.573238,-47.962113,0
2023-07-03,sh.600032,12.1298586300,12.3334773600,12.0619857200,12.3237812300,12.1783392800,12250105,154118512.8800,2,5.889500,1,1.194300,44.177442,3.489947,6.651740,-48.534909,0
2023-07-04,sh.600032,12.2074276700,12.3722618800,12.1686431500,12.2849967100,12.3237812300,8262500,104459087.0000,2,3.972400,1,-0.314700,44.038410,3.478963,6.630806,-48.382164,0
2023-07-05,sh.600032,12.3043889700,12.5564883500,12.2074276700,12.2365160600,12.2849967100,10674861,136170317.3400,2,5.132100,1,-0.394600,43.864620,3.465234,6.604639,-48.191232,0
2023-07-06,sh.600032,12.2462637600,12.3242654400,12.0025085100,12.1292612400,12.2365135500,7117400,88364405.8200,2,3.421800,1,-0.876500,43.238976,3.415809,6.510436,-47.503876,0
2023-07-07,sh.600032,12.0610097700,12.2755143900,12.0610097700,12.1975127100,12.1292612400,7516189,93959677.9300,2,3.613600,1,0.562700,43.482282,3.435030,6.547070,-47.771181,0
2023-07-10,sh.600032,12.1975127100,12.4900190100,12.0707599800,12.1682620800,12.1975127100,8275552,103915464.8500,2,3.978600,1,-0.239800,43.378008,3.426793,6.531370,-47.656622,0
2023-07-11,sh.600032,12.1877625000,12.2267633400,11.7490030500,12.1292612400,12.1682620800,9513354,116614041.3000,2,4.573700,1,-0.320500,43.238976,3.415809,6.510436,-47.503876,0
2023-07-12,sh.600032,12.1292612400,12.1390114500,11.8660055700,11.8757557800,12.1292612400,6748969,82735858.9000,2,3.244700,1,-2.090000,42.335267,3.344418,6.374366,-46.511030,0
2023-07-13,sh.600032,11.8855059900,11.9830080900,11.8172545200,11.8367549400,11.8757557800,5240011,63817741.7700,2,2.519200,1,-0.328400,42.196235,3.333434,6.353432,-46.358285,0
2023-07-14,sh.600032,11.6710013700,11.6710013700,11.2517423400,11.3882452800,11.8367549400,13168555,153990611.2400,2,6.331000,1,-3.789100,40.597366,3.207126,6.112693,-44.601710,0
2023-07-17,sh.600032,11.2712427600,11.4077457000,11.1444900300,11.3004933900,11.3882452800,6312458,72928555.5400,2,3.034800,1,-0.770500,40.284544,3.182414,6.065591,-44.258033,0
2023-07-18,sh.600032,11.3004933900,11.3102436000,11.1054891900,11.1639904500,11.3004933900,4031656,46149327.1500,2,1.938300,1,-1.207900,39.797932,3.143972,5.992323,-43.723423,0
2023-07-19,sh.600032,11.1639904500,11.2614925500,11.1054891900,11.2614925500,11.1639904500,3826619,43874835.3000,2,1.839700,1,0.873400,40.145512,3.171431,6.044657,-44.105287,0
2023-07-20,sh.600032,11.2712427600,11.3004933900,10.9787364600,11.0079870900,11.2614925500,6715413,76605062.0700,2,3.228600,1,-2.251100,39.241803,3.100039,5.908587,-43.112441,0
2023-07-21,sh.600032,11.0177373000,11.0957389800,10.9982368800,11.0664883500,11.0079870900,3325540,37677656.4100,2,1.598800,1,0.531400,39.450352,3.116514,5.939988,-43.341559,0
2023-07-24,sh.600032,11.0762385600,11.1639904500,10.9787364600,11.1444900300,11.0664883500,2995800,34076244.0000,2,1.440300,1,0.704800,39.728416,3.138481,5.981856,-43.647050,0
2023-07-25,sh.600032,11.2419921300,11.2419921300,11.1054891900,11.1932410800,11.1444900300,4034979,46181045.0000,2,1.939900,1,0.437400,39.902206,3.152210,6.008023,-43.837982,0
2023-07-26,sh.600032,11.1444900300,11.1737406600,11.0469879300,11.1347398200,11.1932410800,2660125,30289312.1200,2,1.278900,1,-0.522600,39.693658,3.135735,5.976622,-43.608864,0
2023-07-27,sh.600032,11.1347398200,11.1932410800,11.0664883500,11.0664883500,11.1347398200,2641986,30113485.9100,2,1.270200,1,-0.613000,39.450352,3.116514,5.939988,-43.341559,0
2023-07-28,sh.600032,11.0177373000,11.1542402400,10.9202352000,11.0957389800,11.0664883500,4030120,45579104.6000,2,1.937600,1,0.264300,39.554626,3.124752,5.955688,-43.456118,0
2023-07-31,sh.600032,11.0957389800,11.3492444400,11.0469879300,11.3199938100,11.0957389800,7279510,84025762.5600,2,3.499800,1,2.021100,40.354060,3.187906,6.076058,-44.334406,0
2023-08-01,sh.600032,11.3004933900,11.4077457000,11.2517423400,11.3492444400,11.3199938100,5091626,59198602.8200,2,2.447900,1,0.258400,40.458334,3.196143,6.091759,-44.448965,0
2023-08-02,sh.600032,11.3492444400,11.3492444400,11.1834908700,11.2224917100,11.3492444400,3619200,41645929.7400,2,1.740000,1,-1.116800,40.006480,3.160447,6.023724,-43.952542,0
2023-08-03,sh.600032,11.2127415000,11.2712427600,11.1249896100,11.2127415000,11.2224917100,2660100,30508283.0000,2,1.278900,1,-0.086900,39.971722,3.157701,6.018490,-43.914355,0
2023-08-04,sh.600032,11.3297440200,11.3297440200,11.1737406600,11.1737406600,11.2127415000,3047700,35084280.0000,2,1.465200,1,-0.347800,39.832690,3.146718,5.997556,-43.761610,0
2023-08-07,sh.600032,11.1737406600,11.1834908700,11.0664883500,11.0957389800,11.1737406600,2918832,33264780.4800,2,1.403300,1,-0.698100,39.554626,3.124752,5.955688,-43.456118,0
2023-08-08,sh.600032,11.1249896100,11.1639904500,11.0274875100,11.1152394000,11.0957389800,2923493,33218400.5500,2,1.405500,1,0.175700,39.624142,3.130243,5.966155,-43.532491,0
2023-08-09,sh.600032,11.1249896100,11.1347398200,10.9982368800,11.0469879300,11.1152394000,2368200,26846147.0000,2,1.138600,1,-0.614000,39.380835,3.111022,5.929521,-43.265186,0
2023-08-10,sh.600032,11.0469879300,11.0957389800,11.0079870900,11.0664883500,11.0469879300,2110900,23910034.0000,2,1.014900,1,0.176500,39.450352,3.116514,5.939988,-43.341559,0
2023-08-11,sh.600032,11.0664883500,11.0957389800,10.8714841500,10.8812343600,11.0664883500,3560216,39956113.9600,2,1.711600,1,-1.674000,38.789949,3.064343,5.840552,-42.616018,0
2023-08-14,sh.600032,10.8812343600,10.9299854100,10.7934824700,10.9299854100,10.8812343600,2764875,30782669.1200,2,1.329300,1,0.448000,38.963739,3.078073,5.866719,-42.806950,0
2023-08-15,sh.600032,10.9397356200,10.9884866700,10.8227331000,10.8909845700,10.9299854100,1863336,20842655.2000,2,0.895800,1,-0.356800,38.824707,3.067089,5.845786,-42.654204,0
2023-08-16,sh.600032,10.8714841500,10.8714841500,10.7252310000,10.7447314200,10.8909845700,2468800,27314033.0000,2,1.186900,1,-1.342900,38.303337,3.025902,5.767284,-42.081408,0
2023-08-17,sh.600032,10.7057305800,10.8519837300,10.5594774300,10.8324833100,10.7447314200,2388300,26247420.0000,2,1.148200,1,0.816700,38.616159,3.050614,5.814385,-42.425086,0
2023-08-18,sh.600032,10.8324833100,10.8812343600,10.7252310000,10.7349812100,10.8324833100,2354055,26114960.4500,2,1.131800,1,-0.900100,38.268579,3.023156,5.762050,-42.043222,0
2023-08-21,sh.600032,10.7739820500,10.7739820500,10.5594774300,10.5692276400,10.7349812100,2872100,31399905.0000,2,1.380800,1,-1.544100,37.677693,2.976477,5.673081,-41.394053,0
2023-08-22,sh.600032,10.5984782700,10.6472293200,10.1889694500,10.3547230200,10.5692276400,4555799,48353546.2400,2,2.190300,1,-2.029500,36.913016,2.916069,5.557945,-40.553952,0
2023-08-23,sh.600032,10.3254723900,10.3547230200,10.0914673500,10.1109677700,10.3547230200,2939527,30717015.1500,2,1.413200,1,-2.354000,36.044066,2.847423,5.427108,-39.599292,0
2023-08-24,sh.600032,10.1889694500,10.1889694500,9.9939652500,10.0914673500,10.1109677700,2088700,21588165.0000,2,1.004200,1,-0.192900,35.974550,2.841931,5.416641,-39.522920,0
2023-08-25,sh.600032,10.0427163000,10.1304681900,9.8964631500,9.8964631500,10.0914673500,2509800,25727984.0000,2,1.206600,1,-1.932400,35.279389,2.787015,5.311972,-38.759192,0
2023-08-28,sh.600032,10.2377205000,10.3547230200,9.9549644100,9.9939652500,9.8964631500,4636900,48328122.0000,2,2.229300,1,0.985200,35.626969,2.814473,5.364306,-39.141056,0
2023-08-29,sh.600032,9.9939652500,10.2279702900,9.9647146200,10.1792192400,9.9939652500,3677483,38149708.9800,2,1.768000,1,1.853700,36.287372,2.866644,5.463742,-39.866597,0
2023-08-30,sh.600032,10.1792192400,10.2377205000,9.9939652500,10.0524665100,10.1792192400,4579100,47431682.0000,2,2.201500,1,-1.245200,65.288147,2.104430,5.731248,-35.594788,0
2023-08-31,sh.600032,10.1012175600,10.1109677700,9.9159635700,9.9744648300,10.0524665100,2826200,28918345.0000,2,1.358800,1,-0.775900,64.781546,2.088100,5.686776,-35.318592,0
2023-09-01,sh.600032,9.9842150400,10.0329660900,9.8964631500,9.9744648300,9.9744648300,2782900,28330075.0000,2,1.337900,1,0.000000,64.781546,2.088100,5.686776,-35.318592,0
2023-09-04,sh.600032,10.0134656700,10.0719669300,9.9452142000,10.0622167200,9.9744648300,6114900,62859007.0000,2,2.939900,1,0.879800,65.351472,2.106471,5.736807,-35.629312,0
2023-09-05,sh.600032,10.0232158800,10.1889694500,10.0037154600,10.1694690300,10.0622167200,5257400,54659889.0000,2,2.527600,1,1.065900,66.048048,2.128923,5.797955,-36.009082,0
2023-09-06,sh.600032,10.1597188200,10.1597188200,10.0524665100,10.1012175600,10.1694690300,3917889,40516823.0200,2,1.883600,1,-0.671100,65.604772,2.114635,5.759042,-35.767411,0
2023-09-07,sh.600032,10.0914673500,10.1012175600,9.9062133600,9.9257137800,10.1012175600,3605400,36870640.0000,2,1.733400,1,-1.737500,64.464921,2.077895,5.658982,-35.145969,0
2023-09-08,sh.600032,9.9354639900,10.0134656700,9.8574623100,10.0134656700,9.9257137800,3207262,32680147.6400,2,1.542000,1,0.884100,65.034846,2.096265,5.709012,-35.456690,0
2023-09-11,sh.600032,10.0134656700,10.4229744900,9.9257137800,10.4132242800,10.0134656700,6250862,65252097.5200,2,3.005200,1,3.992200,67.631174,2.179952,5.936928,-36.872195,0
2023-09-12,sh.600032,10.2572209200,10.3547230200,10.1792192400,10.2767213400,10.4132242800,4631300,48742652.0000,2,2.226600,1,-1.310900,66.744623,2.151376,5.859103,-36.388852,0
2023-09-13,sh.600032,10.2767213400,10.3254723900,10.1207179800,10.1792192400,10.2767213400,2800800,29320662.3800,2,1.346500,1,-0.948800,66.111373,2.130965,5.803514,-36.043607,0
2023-09-14,sh.600032,10.1987196600,10.2474707100,10.1499686100,10.2377205000,10.1792192400,2306402,24126488.0100,2,1.108800,1,0.574700,66.491323,2.143212,5.836867,-36.250754,0
2023-09-15,sh.600032,10.1889694500,10.2767213400,10.0914673500,10.1304681900,10.2377205000,2409446,25051128.1000,2,1.158400,1,-1.047600,65.794747,2.120759,5.775719,-35.870984,0
2023-09-18,sh.600032,10.1012175600,10.1597188200,10.0329660900,10.1012175600,10.1304681900,1643000,17008357.0000,2,0.789900,1,-0.288700,65.604772,2.114635,5.759042,-35.767411,0
2023-09-19,sh.600032,10.1207179800,10.1597188200,10.0524665100,10.0817171400,10.1012175600,1500655,15550078.0000,2,0.721500,1,-0.193100,65.478122,2.110553,5.747925,-35.698361,0
2023-09-20,sh.600032,10.0329660900,10.0817171400,9.9354639900,9.9549644100,10.0817171400,1508000,15443914.0000,2,0.725000,1,-1.257300,64.654896,2.084018,5.675659,-35.249543,0
2023-09-21,sh.600032,9.9452142000,9.9452142000,9.7404597900,9.7404597900,9.9549644100,2979890,30013771.0600,2,1.432600,1,-2.154800,63.261745,2.039113,5.553362,-34.490003,0
2023-09-22,sh.600032,9.7112091600,9.9354639900,9.4577037000,9.9159635700,9.7404597900,4407692,43869056.0000,2,2.119100,1,1.801800,64.401596,2.075854,5.653423,-35.111444,0
2023-09-25,sh.600032,9.9062133600,9.9062133600,9.7599602100,9.8184614700,9.9159635700,1853920,18661810.2000,2,0.891300,1,-0.983300,63.768345,2.055442,5.597834,-34.766199,0
2023-09-26,sh.600032,9.7697104200,9.9452142000,9.7307095800,9.8574623100,9.8184614700,2270612,22892024.1200,2,1.091600,1,0.397200,64.021645,2.063607,5.620069,-34.904297,0
2023-09-27,sh.600032,9.8672125200,9.9257137800,9.8184614700,9.8769627300,9.8574623100,2121200,21524046.0000,2,1.019800,1,0.197800,64.148296,2.067689,5.631187,-34.973346,0
2023-09-28,sh.600032,9.8769627300,9.9452142000,9.8574623100,9.9257137800,9.8769627300,1638200,16639467.0000,2,0.787600,1,0.493600,64.464921,2.077895,5.658982,-35.145969,0
2023-10-09,sh.600032,9.9257137800,9.9257137800,9.7502100000,9.8282116800,9.9257137800,2394000,24124699.0000,2,1.151000,1,-0.982300,63.831670,2.057483,5.603393,-34.800724,0
2023-10-10,sh.600032,9.8282116800,9.8672125200,9.6819585300,9.7014589500,9.8282116800,1998100,20004866.0000,2,0.960600,1,-1.289700,63.008444,2.030948,5.531127,-34.351905,0
2023-10-11,sh.600032,9.7209593700,9.7307095800,9.6039568500,9.6137070600,9.7014589500,2470100,24483008.0000,2,1.187500,1,-0.904500,62.438519,2.012578,5.481096,-34.041184,0
2023-10-12,sh.600032,9.7014589500,9.7404597900,9.6234572700,9.7307095800,9.6137070600,1959400,19470764.0000,2,0.942000,1,1.217000,63.198419,2.037072,5.547803,-34.455478,0
2023-10-13,sh.600032,9.7014589500,9.7404597900,9.4089526500,9.4577037000,9.7307095800,3824500,37359423.0000,2,1.838700,1,-2.805600,61.425318,1.979919,5.392154,-33.488792,0
2023-10-16,sh.600032,9.4382032800,9.4382032800,9.2626995000,9.2821999200,9.4577037000,2696300,25757824.0000,2,1.296300,1,-1.855700,60.285466,1.943178,5.292093,-32.867350,0
2023-10-17,sh.600032,9.2724497100,9.4089526500,9.2724497100,9.3114505500,9.2821999200,1618800,15486094.0000,2,0.778300,1,0.315100,60.475441,1.949302,5.308770,-32.970924,0
2023-10-18,sh.600032,9.3407011800,9.3699518100,9.1261965600,9.1261965600,9.3114505500,2058100,19432500.0000,2,0.989500,1,-1.989500,59.272265,1.910520,5.203150,-32.314958,0
2023-10-19,sh.600032,9.1066961400,9.3309509700,9.0871957200,9.1554471900,9.1261965600,2858083,27023115.3700,2,1.374100,1,0.320500,59.462240,1.916643,5.219827,-32.418531,0
2023-10-20,sh.600032,9.1066961400,9.2431990800,9.0676953000,9.1456969800,9.1554471900,1865459,17548342.1900,2,0.896900,1,-0.106500,59.398915,1.914602,5.214268,-32.384007,0
2023-10-23,sh.600032,9.0871957200,9.0871957200,8.7654387900,8.7849392100,9.1456969800,3151300,28778632.0000,2,1.515000,1,-3.944600,57.055888,1.839080,5.008588,-31.106599,0
2023-10-24,sh.600032,8.8239400500,9.0676953000,8.7556885800,9.0384446700,8.7849392100,3712827,34100766.2100,2,1.785000,1,2.885700,58.702340,1.892150,5.153120,-32.004237,0
2023-10-25,sh.600032,9.0384446700,9.2529492900,9.0384446700,9.1456969800,9.0384446700,2976500,28046607.0000,2,1.431000,1,1.186600,59.398915,1.914602,5.214268,-32.384007,0
2023-10-26,sh.600032,8.8044396300,8.9409425700,8.2291772400,8.2291772400,9.1456969800,25890071,219835305.8400,2,4.860400,1,-10.021300,53.446359,1.722734,4.691730,-29.138701,0
2023-10-27,sh.600032,8.0926743000,8.3169291300,7.9756717800,8.2974287100,8.2291772400,22236290,186730840.6100,2,4.174500,1,0.829400,43.581816,1.697089,4.595210,43.099453,0
2023-10-30,sh.600032,8.2194270300,8.3266793400,8.1219249300,8.1901764000,8.2974287100,13551282,113903666.3300,2,2.544000,1,-1.292600,43.018479,1.675152,4.535813,42.542351,0
2023-10-31,sh.600032,8.1706759800,8.1999266100,8.0536734600,8.0829240900,8.1901764000,9447152,78529498.2000,2,1.773500,1,-1.309500,42.455141,1.653216,4.476415,41.985249,0
2023-11-01,sh.600032,8.1024245100,8.1706759800,8.0634236700,8.1414253500,8.0829240900,8386883,69849682.5800,2,1.574500,1,0.723800,42.762416,1.665181,4.508814,42.289123,0
2023-11-02,sh.600032,8.1414253500,8.1706759800,8.0049224100,8.0049224100,8.1414253500,9521009,78745908.5400,2,1.787400,1,-1.676600,42.045442,1.637262,4.433217,41.580083,0
2023-11-03,sh.600032,8.0244228300,8.2389274500,8.0146726200,8.1219249300,8.0049224100,14329406,119948729.0200,2,2.690100,1,1.461600,42.659991,1.661192,4.498014,42.187831,0
2023-11-06,sh.600032,8.1511755600,8.2779282900,8.1511755600,8.2486776600,8.1219249300,10483245,88400118.9000,2,1.968000,1,1.560600,43.325753,1.687117,4.568212,42.846225,0
2023-11-07,sh.600032,8.2291772400,8.4046810200,8.1901764000,8.3754303900,8.2486776600,12787641,109133143.0200,2,2.400600,1,1.536600,43.991516,1.713042,4.638409,43.504618,0
2023-11-08,sh.600032,8.3754303900,8.3851806000,8.2291772400,8.2681780800,8.3754303900,9609275,81650507.5000,2,1.804000,1,-1.280600,43.428178,1.691106,4.579011,42.947516,0
2023-11-09,sh.600032,8.2681780800,8.3656801800,8.2194270300,8.2779282900,8.2681780800,8932802,76033209.4700,2,1.677000,1,0.117900,43.479391,1.693100,4.584411,42.998162,0
2023-11-10,sh.600032,8.2876785000,8.3071789200,8.1414253500,8.2876785000,8.2779282900,10303029,86709511.0600,2,1.934200,1,0.117800,43.530603,1.695094,4.589811,43.048808,0
2023-11-13,sh.600032,8.2876785000,8.3656801800,8.1609257700,8.3169291300,8.2876785000,10512710,89011231.7000,2,1.973600,1,0.352900,43.684241,1.701077,4.606010,43.200744,0
2023-11-14,sh.600032,8.2876785000,8.4046810200,8.2681780800,8.3461797600,8.3169291300,9622235,82184337.8300,2,1.806400,1,0.351700,43.837878,1.707060,4.622209,43.352681,0
2023-11-15,sh.600032,8.3559299700,8.4534320700,8.3266793400,8.4046810200,8.3461797600,11260608,97000398.6500,2,2.114000,1,0.700900,44.145153,1.719025,4.654608,43.656555,0
2023-11-16,sh.600032,8.4241814400,8.4241814400,8.2389274500,8.2389274500,8.4046810200,11313112,96055808.4000,2,2.123800,1,-1.972200,43.274541,1.685123,4.562812,42.795579,0
2023-11-17,sh.600032,8.2291772400,8.2876785000,8.1901764000,8.2486776600,8.2389274500,8913531,75404911.6700,2,1.673400,1,0.118300,43.325753,1.687117,4.568212,42.846225,0
2023-11-20,sh.600032,8.2974287100,8.3461797600,8.2291772400,8.2584278700,8.2486776600,11149879,94479988.4500,2,2.093200,1,0.118200,43.376966,1.689112,4.573611,42.896871,0
2023-11-21,sh.600032,8.2876785000,8.2974287100,8.1999266100,8.2096768200,8.2584278700,8117168,68715234.8800,2,1.523800,1,-0.590300,43.120904,1.679141,4.546612,42.643642,0
2023-11-22,sh.600032,8.1999266100,8.2291772400,8.1219249300,8.1316751400,8.2096768200,7028700,58894739.0000,2,1.319500,1,-0.950100,42.711204,1.663187,4.503414,42.238477,0
2023-11-23,sh.600032,8.1316751400,8.1804261900,8.0829240900,8.1609257700,8.1316751400,7867947,65720127.1300,2,1.477100,1,0.359700,42.864841,1.669169,4.519614,42.390414,0
2023-11-24,sh.600032,8.1414253500,8.1414253500,7.9951722000,8.0244228300,8.1609257700,7663099,63297130.7800,2,1.438600,1,-1.672600,42.147866,1.641250,4.444017,41.681375,0
2023-11-27,sh.600032,8.0244228300,8.1511755600,7.9659215700,8.0926743000,8.0244228300,7543617,62394934.9100,2,1.416200,1,0.850500,42.506354,1.655210,4.481815,42.035894,0
2023-11-28,sh.600032,8.0634236700,8.1414253500,8.0146726200,8.1316751400,8.0926743000,5893585,48910477.3700,2,1.106400,1,0.481900,42.711204,1.663187,4.503414,42.238477,0
2023-11-29,sh.600032,8.1219249300,8.1511755600,7.9951722000,8.0146726200,8.1316751400,5102300,42087444.0000,2,0.957900,1,-1.438800,42.096654,1.639256,4.438617,41.630729,0
2023-11-30,sh.600032,8.0244228300,8.0439232500,7.9464211500,7.9756717800,8.0146726200,5112901,41892107.1700,2,0.959900,1,-0.486600,41.891804,1.631279,4.417018,41.428147,0
2023-12-01,sh.600032,7.9854219900,7.9854219900,7.8781696800,7.9464211500,7.9756717800,5264036,42718979.6900,2,0.988200,1,-0.366700,41.738167,1.625296,4.400818,41.276210,0
2023-12-04,sh.600032,7.9464211500,7.9464211500,7.8489190500,7.9074203100,7.9464211500,6741400,54503857.0000,2,1.265600,1,-0.490800,41.533317,1.617319,4.379219,41.073627,0
2023-12-05,sh.600032,7.8684194700,7.9659215700,7.8001680000,7.8196684200,7.9074203100,5659000,45775932.0000,2,1.062400,1,-1.109700,41.072405,1.599371,4.330621,40.617816,0
2023-12-06,sh.600032,7.8294186300,7.8781696800,7.7319165300,7.8294186300,7.8196684200,4849524,38900600.4800,2,0.910400,1,0.124700,41.123617,1.601366,4.336021,40.668462,0
2023-12-07,sh.600032,7.8294186300,7.8294186300,7.6539148500,7.7416667400,7.8294186300,7935900,62832531.0000,2,1.489800,1,-1.120800,40.662705,1.583418,4.287423,40.212651,0
2023-12-08,sh.600032,7.7611671600,7.9171705200,7.7514169500,7.8586692600,7.7416667400,8832009,71110087.6000,2,1.658000,1,1.511300,41.277254,1.607348,4.352220,40.820399,0
2023-12-11,sh.600032,7.8099182100,7.9171705200,7.6734152700,7.9171705200,7.8586692600,7967925,63718159.7500,2,1.495800,1,0.744400,41.584529,1.619314,4.384619,41.124273,0
2023-12-12,sh.600032,7.8976701000,7.9366709400,7.8684194700,7.8879198900,7.9171705200,4133933,33448803.3100,2,0.776100,1,-0.369500,41.430892,1.613331,4.368420,40.972336,0
2023-12-13,sh.600032,7.8879198900,8.0146726200,7.8586692600,7.8879198900,7.8879198900,6853572,55829077.6600,2,1.286600,1,0.000000,41.430892,1.613331,4.368420,40.972336,0
2023-12-14,sh.600032,7.9366709400,7.9756717800,7.8684194700,7.9269207300,7.8879198900,6408419,52186832.8500,2,1.203100,1,0.494400,41.635742,1.621308,4.390019,41.174918,0
2023-12-15,sh.600032,7.9269207300,8.1121747200,7.8586692600,7.8781696800,7.9269207300,14125490,115208293.8000,2,2.651800,1,-0.615000,41.379679,1.611337,4.363020,40.921690,0
2023-12-18,sh.600032,7.7904177900,7.9269207300,7.6441646400,7.6734152700,7.8781696800,10447971,82905331.6900,2,1.961400,1,-2.599000,40.304217,1.569458,4.249625,39.858131,0
2023-12-19,sh.600032,7.6441646400,7.6539148500,7.5466625400,7.6051638000,7.6734152700,7352500,57202894.0000,2,1.380300,1,-0.889500,39.945730,1.555498,4.211826,39.503612,0
2023-12-20,sh.600032,7.6051638000,7.7709173700,7.5856633800,7.6051638000,7.6051638000,6177304,48621433.5200,2,1.159700,1,0.000000,39.945730,1.555498,4.211826,39.503612,0
2023-12-21,sh.600032,7.5466625400,7.7319165300,7.4589106500,7.7026659000,7.6051638000,6447028,50279441.2700,2,1.210300,1,1.282100,40.457855,1.575441,4.265824,40.010068,0
2023-12-22,sh.600032,7.6636650600,7.7416667400,7.5661629600,7.6636650600,7.7026659000,6150400,48327883.6500,2,1.154600,1,-0.506300,40.253005,1.567464,4.244225,39.807486,0
2023-12-25,sh.600032,7.6051638000,7.7319165300,7.6051638000,7.7221663200,7.6636650600,4783128,37705047.7500,2,0.897900,1,0.763400,40.560280,1.579429,4.276624,40.111359,0
2023-12-26,sh.600032,7.7221663200,7.7416667400,7.6539148500,7.6734152700,7.7221663200,3702900,29214533.0000,2,0.695200,1,-0.631300,40.304217,1.569458,4.249625,39.858131,0
2023-12-27,sh.600032,7.6929156900,7.7026659000,7.5759131700,7.6344144300,7.6734152700,3856600,30143851.0000,2,0.724000,1,-0.508300,40.099368,1.561481,4.228026,39.655549,0
2023-12-28,sh.600032,7.6344144300,7.8781696800,7.5954135900,7.8684194700,7.6344144300,8908293,71142747.7700,2,1.672400,1,3.065100,41.328467,1.609343,4.357620,40.871044,0
2023-12-29,sh.600032,7.8294186300,7.8879198900,7.8001680000,7.8586692600,7.8684194700,5751574,46319381.0800,2,1.079800,1,-0.123900,41.277254,1.607348,4.352220,40.820399,0
2024-01-02,sh.600032,7.8489190500,8.0049224100,7.8099182100,7.9659215700,7.8586692600,7872580,64173159.4000,2,1.477900,1,1.364800,41.840592,1.629285,4.411618,41.377501,0
2024-01-03,sh.600032,7.9366709400,8.0341730400,7.9171705200,8.0244228300,7.9659215700,6310072,51683910.9400,2,1.184600,1,0.734400,42.147866,1.641250,4.444017,41.681375,0
2024-01-04,sh.600032,8.0536734600,8.0829240900,7.8976701000,7.9366709400,8.0244228300,5809226,47466292.5000,2,1.090600,1,-1.093600,41.686954,1.623302,4.395419,41.225564,0
2024-01-05,sh.600032,7.9074203100,7.9951722000,7.7709173700,7.8391688400,7.9366709400,5675300,45941374.0000,2,1.065400,1,-1.228500,41.174829,1.603360,4.341421,40.719107,0
2024-01-08,sh.600032,7.8001680000,7.8391688400,7.6246642200,7.6344144300,7.8391688400,4905400,38795259.0000,2,0.920900,1,-2.611900,40.099368,1.561481,4.228026,39.655549,0
2024-01-09,sh.600032,7.6344144300,7.6929156900,7.5271621200,7.6149140100,7.6344144300,5470371,42677254.8000,2,1.027000,1,-0.255400,39.996943,1.557493,4.217226,39.554257,0
2024-01-10,sh.600032,7.6051638000,7.7319165300,7.5271621200,7.6831654800,7.6149140100,4939059,38728901.4200,2,0.927200,1,0.896300,40.355430,1.571452,4.255025,39.908777,0
2024-01-11,sh.600032,7.6539148500,7.7611671600,7.6246642200,7.7124161100,7.6831654800,4712009,37173852.6500,2,0.884600,1,0.380700,40.509067,1.577435,4.271224,40.060714,0
2024-01-12,sh.600032,7.7124161100,7.9269207300,7.6929156900,7.8294186300,7.7124161100,7262100,58284515.0000,2,1.363300,1,1.517100,41.123617,1.601366,4.336021,40.668462,0
2024-01-15,sh.600032,7.8001680000,7.8781696800,7.7221663200,7.7319165300,7.8294186300,4509800,35950729.5000,2,0.846600,1,-1.245300,40.611492,1.581423,4.282023,40.162005,0
2024-01-16,sh.600032,7.7221663200,7.7709173700,7.5759131700,7.6734152700,7.7319165300,5104900,40084954.0000,2,0.958400,1,-0.756600,40.304217,1.569458,4.249625,39.858131,0
2024-01-17,sh.600032,7.6831654800,7.6831654800,7.4686608600,7.4784110700,7.6734152700,5152900,40075123.0000,2,0.967400,1,-2.541300,39.279968,1.529573,4.141629,38.845218,0
2024-01-18,sh.600032,7.4784110700,7.4784110700,7.0884026700,7.3321579200,7.4784110700,10536600,78086207.1600,2,1.978100,1,-1.955700,38.511781,1.499660,4.060633,38.085533,0
2024-01-19,sh.600032,7.3126575000,7.3711587600,7.1859047700,7.2639064500,7.3321579200,5639306,42151969.7600,2,1.058700,1,-0.930900,38.153293,1.485700,4.022834,37.731014,0
2024-01-22,sh.600032,7.2541562400,7.2541562400,6.7861461600,6.8446474200,7.2639064500,6859515,49394819.0100,2,1.287700,1,-5.771800,35.951157,1.399949,3.790644,35.553250,0
2024-01-23,sh.600032,6.8348972100,7.0494018300,6.7471453200,7.0299014100,6.8446474200,9447450,67308178.7700,2,1.773600,1,2.706600,36.924194,1.437839,3.893239,36.515518,0
2024-01-24,sh.600032,7.0006507800,7.1079030900,6.8056465800,7.0981528800,7.0299014100,7107124,50990429.9900,2,1.334200,1,0.970900,37.282681,1.451798,3.931038,36.870037,0
2024-01-25,sh.600032,7.1079030900,7.4686608600,7.0981528800,7.4589106500,7.0981528800,8883328,66679498.8300,2,1.667700,1,5.082400,39.177543,1.525585,4.130830,38.743927,0
2024-01-26,sh.600032,7.4881612800,7.6831654800,7.4101596000,7.5661629600,7.4589106500,7681500,59668625.0000,2,1.442100,1,1.437900,39.740880,1.547521,4.190227,39.301029,0
2024-01-29,sh.600032,7.5661629600,7.6149140100,7.3711587600,7.4004093900,7.5661629600,6380864,48912052.1600,2,1.197900,1,-2.190700,38.870268,1.513620,4.098431,38.440053,0
2024-01-30,sh.600032,7.3906591800,7.4491604400,7.1176533000,7.1664043500,7.4004093900,6702380,50213897.0000,2,1.258200,1,-3.162100,37.641169,1.465758,3.968836,37.224557,0
2024-01-31,sh.600032,7.1664043500,7.3321579200,6.9421495200,6.9714001500,7.1664043500,7467800,54322969.0000,2,1.401900,1,-2.721100,36.616919,1.425874,3.860841,36.211644,0
2024-02-01,sh.600032,6.9323993100,7.0396516200,6.7861461600,6.8153967900,6.9714001500,8652300,61155598.4000,2,1.624300,1,-2.237800,35.797520,1.393966,3.774444,35.401313,0
2024-02-02,sh.600032,6.8348972100,6.9226491000,6.2888854500,6.4448888100,6.8153967900,11219330,75659700.7600,2,2.106200,1,-5.436300,33.851446,1.318185,3.569253,33.476779,0
2024-02-05,sh.600032,6.4741394400,6.5131402800,5.8501260000,5.9866289400,6.4448888100,12920853,80742984.6800,2,2.425700,1,-7.110400,31.444459,1.224456,3.315463,31.096433,0
2024-02-06,sh.600032,5.9281276800,6.5033900700,5.8598762100,6.4741394400,5.9866289400,13473202,85592761.4600,2,2.529300,1,8.143300,34.005083,1.324168,3.585452,33.628716,0
2024-02-07,sh.600032,6.4936398600,6.8348972100,6.3961377600,6.7958963700,6.4741394400,15806145,108740863.4000,2,2.967300,1,4.969900,35.695095,1.389977,3.763645,35.300022,0
2024-02-08,sh.600032,6.8153967900,7.2249056100,6.8153967900,7.0981528800,6.7958963700,17659681,128252649.3400,2,3.315300,1,4.447600,37.282681,1.451798,3.931038,36.870037,0
2024-02-19,sh.600032,7.2249056100,7.2639064500,7.0104009900,7.1079030900,7.0981528800,10504796,76666154.8100,2,1.972100,1,0.137400,37.333894,1.453793,3.936438,36.920683,0
2024-02-20,sh.600032,7.1079030900,7.1079030900,6.9714001500,7.0104009900,7.1079030900,9290472,66972475.6800,2,1.744100,1,-1.371700,36.821769,1.433850,3.882440,36.414227,0
2024-02-21,sh.600032,7.0104009900,7.2639064500,6.9226491000,7.0981528800,7.0104009900,9712619,71053670.2500,2,1.823400,1,1.251700,37.282681,1.451798,3.931038,36.870037,0
2024-02-22,sh.600032,7.0981528800,7.2151554000,7.0494018300,7.1664043500,7.0981528800,6996203,51283081.6200,2,1.313400,1,0.961500,37.641169,1.465758,3.968836,37.224557,0
2024-02-23,sh.600032,7.1566541400,7.2639064500,7.1079030900,7.2054051900,7.1664043500,7679600,56519971.0000,2,1.441700,1,0.544200,37.846019,1.473735,3.990435,37.427140,0
2024-02-26,sh.600032,7.1859047700,7.3029072900,7.1176533000,7.1761545600,7.2054051900,8459619,62385619.0800,2,1.588100,1,-0.406000,37.692381,1.467752,3.974236,37.275203,0
2024-02-27,sh.600032,7.1176533000,7.2834068700,7.0786524600,7.2736566600,7.1761545600,7041389,51986539.7100,2,1.321900,1,1.358700,38.204506,1.487695,4.028234,37.781659,0
2024-02-28,sh.600032,7.3516583400,7.5856633800,7.1371537200,7.1371537200,7.2736566600,14524253,110155663.4000,2,2.726700,1,-1.876700,37.487531,1.459775,3.952637,37.072620,0
2024-02-29,sh.600032,7.1079030900,7.4394102300,7.0591520400,7.4394102300,7.1371537200,11601696,87062481.7800,2,2.178000,1,4.235000,39.075118,1.521596,4.120030,38.642635,0
2024-03-01,sh.600032,7.5271621200,7.6344144300,7.3321579200,7.4199098100,7.4394102300,11540400,88047205.0000,2,2.166500,1,-0.262100,38.972693,1.517608,4.109231,38.541344,0
2024-03-04,sh.600032,7.4199098100,7.4491604400,7.2151554000,7.3224077100,7.4199098100,8140337,60981004.2800,2,1.528200,1,-1.314100,38.460568,1.497666,4.055233,38.034888,0
2024-03-05,sh.600032,7.3126575000,7.3614085500,7.2151554000,7.2346558200,7.3224077100,6614000,49291569.0000,2,1.241700,1,-1.198400,37.999656,1.479718,4.006635,37.579077,0
2024-03-06,sh.600032,7.2541562400,7.4881612800,7.2346558200,7.4394102300,7.2346558200,10016868,75887886.8700,2,1.880500,1,2.830200,39.075118,1.521596,4.120030,38.642635,0
2024-03-07,sh.600032,7.4394102300,7.4979114900,7.2736566600,7.3029072900,7.4394102300,7651025,57820795.0000,2,1.436300,1,-1.834900,38.358143,1.493677,4.044433,37.933596,0
2024-03-08,sh.600032,7.3614085500,7.4296600200,7.2834068700,7.3809089700,7.3029072900,5749500,43337199.0000,2,1.079400,1,1.068100,38.767843,1.509631,4.087631,38.338762,0
2024-03-11,sh.600032,7.3906591800,7.5661629600,7.3906591800,7.5661629600,7.3809089700,10626700,81759903.0000,2,1.995000,1,2.509900,39.740880,1.547521,4.190227,39.301029,0
2024-03-12,sh.600032,7.6344144300,7.6344144300,7.4004093900,7.4491604400,7.5661629600,11386893,87088319.7300,2,2.137700,1,-1.546400,39.126331,1.523591,4.125430,38.693281,0
2024-03-13,sh.600032,7.4491604400,7.5174119100,7.3906591800,7.4784110700,7.4491604400,6692600,51161999.0000,2,1.256400,1,0.392700,39.279968,1.529573,4.141629,38.845218,0
2024-03-14,sh.600032,7.4784110700,7.4881612800,7.3321579200,7.3906591800,7.4784110700,5922146,45030200.2200,2,1.111800,1,-1.173400,38.819056,1.511625,4.093031,38.389407,0
2024-03-15,sh.600032,7.3809089700,7.4589106500,7.3321579200,7.4296600200,7.3906591800,6442809,48893572.2200,2,1.209500,1,0.527700,39.023906,1.519602,4.114630,38.591990,0
2024-03-18,sh.600032,7.4199098100,7.5564127500,7.4199098100,7.5466625400,7.4296600200,10072691,77465755.9700,2,1.891000,1,1.574800,39.638455,1.543533,4.179428,39.199738,0
2024-03-19,sh.600032,7.5466625400,7.5856633800,7.4589106500,7.4784110700,7.5466625400,6683579,51488844.9300,2,1.254700,1,-0.904400,39.279968,1.529573,4.141629,38.845218,0
2024-03-20,sh.600032,7.4784110700,7.5076617000,7.4004093900,7.4589106500,7.4784110700,6749146,51544234.7200,2,1.267000,1,-0.260800,39.177543,1.525585,4.130830,38.743927,0
2024-03-21,sh.600032,7.4979114900,7.4979114900,7.2834068700,7.3614085500,7.4589106500,8980825,67806104.5000,2,1.686000,1,-1.307200,38.665418,1.505643,4.076832,38.237470,0
2024-03-22,sh.600032,7.3419081300,7.3809089700,7.1566541400,7.1859047700,7.3614085500,8487100,62894432.0000,2,1.593300,1,-2.384100,37.743594,1.469747,3.979636,37.325848,0
2024-03-25,sh.600032,7.1371537200,7.2151554000,7.0591520400,7.0591520400,7.1859047700,6856772,50153345.2000,2,1.287200,1,-1.763900,37.077832,1.443822,3.909439,36.667455,0
2024-03-26,sh.600032,7.0884026700,7.1956549800,7.0396516200,7.1859047700,7.0591520400,6156500,44905789.0000,2,1.155800,1,1.795600,37.743594,1.469747,3.979636,37.325848,0
2024-03-27,sh.600032,7.2054051900,7.2444060300,6.9128988900,6.9128988900,7.1859047700,6769800,49055291.0000,2,1.270900,1,-3.799200,36.309644,1.413908,3.828442,35.907770,0
2024-03-28,sh.600032,6.8641478400,7.0689022500,6.8641478400,6.9811503600,6.9128988900,6371779,45559499.6500,2,1.196200,1,0.987300,36.668132,1.427868,3.866241,36.262290,0
2024-03-29,sh.600032,6.9811503600,7.1079030900,6.9714001500,7.0494018300,6.9811503600,4935803,35509936.0400,2,0.926600,1,0.977700,37.026619,1.441827,3.904039,36.616809,0
2024-04-01,sh.600032,7.0689022500,7.1859047700,7.0689022500,7.1371537200,7.0494018300,5731300,41935356.0000,2,1.075900,1,1.244800,37.487531,1.459775,3.952637,37.072620,0
2024-04-02,sh.600032,7.1566541400,7.2151554000,7.1274035100,7.1761545600,7.1371537200,5303643,38985275.1400,2,0.995700,1,0.546400,37.692381,1.467752,3.974236,37.275203,0
2024-04-03,sh.600032,7.2346558200,7.2346558200,7.0884026700,7.1566541400,7.1761545600,4695800,34391664.0000,2,0.881600,1,-0.271700,37.589956,1.463764,3.963437,37.173911,0
2024-04-08,sh.600032,7.1566541400,7.2346558200,7.0786524600,7.1664043500,7.1566541400,7795875,57377955.0000,2,1.463500,1,0.136200,37.641169,1.465758,3.968836,37.224557,0
2024-04-09,sh.600032,7.1176533000,7.2639064500,7.0494018300,7.2541562400,7.1664043500,6998800,51655850.0000,2,1.313900,1,1.224500,38.102081,1.483706,4.017434,37.680368,0
2024-04-10,sh.600032,7.1664043500,7.3321579200,7.1664043500,7.1956549800,7.2541562400,9320901,69382977.8000,2,1.749800,1,-0.806500,37.794806,1.471741,3.985036,37.376494,0
2024-04-11,sh.600032,7.0981528800,7.3614085500,7.0591520400,7.3224077100,7.1956549800,11857435,88603602.5500,2,2.226000,1,1.761500,38.460568,1.497666,4.055233,38.034888,0
2024-04-12,sh.600032,7.3126575000,7.3224077100,7.0591520400,7.0884026700,7.3224077100,10440300,76582577.0000,2,1.960000,1,-3.195700,37.231469,1.449804,3.925638,36.819392,0
2024-04-15,sh.600032,7.0786524600,7.1859047700,6.9031486800,7.0494018300,7.0884026700,9844600,71067719.0000,2,1.848100,1,-0.550200,37.026619,1.441827,3.904039,36.616809,0
2024-04-16,sh.600032,6.9421495200,7.0396516200,6.6496432200,6.6788938500,7.0494018300,14541786,100884241.1700,2,2.730000,1,-5.255900,35.080545,1.366047,3.698847,34.692274,0
2024-04-17,sh.600032,6.7276449000,7.1664043500,6.7081444800,7.1566541400,6.6788938500,13489800,96693420.0000,2,2.532500,1,7.153300,37.589956,1.463764,3.963437,37.173911,0
2024-04-18,sh.600032,7.2346558200,7.2346558200,6.9323993100,6.9518997300,7.1566541400,11978900,86049129.0000,2,2.248800,1,-2.861000,36.514494,1.421885,3.850041,36.110353,0
2024-04-19,sh.600032,6.8933984700,7.0396516200,6.8348972100,6.8738980500,6.9518997300,7683938,54437487.9000,2,1.442500,1,-1.122000,36.104795,1.405931,3.806843,35.705187,0
2024-04-22,sh.600032,6.8348972100,6.9518997300,6.7958963700,6.8641478400,6.8738980500,6447150,45382109.0000,2,1.210300,1,-0.141800,36.053582,1.403937,3.801443,35.654542,0
2024-04-23,sh.600032,6.8738980500,6.9226491000,6.7568955300,6.7861461600,6.8641478400,5990200,41850157.0000,2,1.124500,1,-1.136400,35.643882,1.387983,3.758245,35.249376,0
2024-04-24,sh.600032,6.7958963700,6.8348972100,6.7276449000,6.8056465800,6.7861461600,5331774,37074441.0400,2,1.000900,1,0.287400,35.746307,1.391972,3.769045,35.350668,0
2024-04-25,sh.600032,6.7666457400,6.9909005700,6.7373951100,6.9226491000,6.8056465800,7884000,55796984.0000,2,1.480100,1,1.719200,36.360857,1.415902,3.833842,35.958416,0
2024-04-26,sh.600032,6.8836482600,7.0104009900,6.8251470000,6.9811503600,6.9226491000,7726100,54975673.5000,2,1.450400,1,0.845100,36.668132,1.427868,3.866241,36.262290,0
2024-04-29,sh.600032,6.9811503600,7.3126575000,6.9811503600,7.3029072900,6.9811503600,14066990,103797554.3500,2,2.640800,1,4.608900,38.358143,1.493677,4.044433,37.933596,0
2024-04-30,sh.600032,7.3126575000,7.4589106500,7.2931570800,7.3516583400,7.3029072900,12087331,91317002.0200,2,2.269200,1,0.667600,26.700945,1.476418,3.899187,95.494447,0
2024-05-06,sh.600032,7.4491604400,7.6246642200,7.4491604400,7.5271621200,7.3516583400,14743331,114173376.6300,2,2.767800,1,2.387300,27.338368,1.511665,3.992272,97.774155,0
2024-05-07,sh.600032,7.5369123300,7.6246642200,7.4881612800,7.5856633800,7.5271621200,12191400,94387161.0000,2,2.288700,1,0.777200,27.550842,1.523413,4.023300,98.534058,0
2024-05-08,sh.600032,7.6051638000,7.7221663200,7.5174119100,7.5271621200,7.5856633800,14829900,115787536.0000,2,2.784000,1,-0.771200,27.338368,1.511665,3.992272,97.774155,0
2024-05-09,sh.600032,7.6051638000,7.6831654800,7.5466625400,7.6344144300,7.5271621200,12220000,95729368.0000,2,2.294100,1,1.424900,27.727904,1.533204,4.049156,99.167310,0
2024-05-10,sh.600032,7.6441646400,7.8586692600,7.6344144300,7.7904177900,7.6344144300,21010350,167048760.5000,2,3.944300,1,2.043400,28.294502,1.564534,4.131898,101.193718,0
2024-05-13,sh.600032,7.8294186300,7.8781696800,7.6149140100,7.7611671600,7.7904177900,19971900,158998268.0000,2,3.749400,1,-0.375500,28.188265,1.558659,4.116384,100.813766,0
2024-05-14,sh.600032,7.8001680000,8.2486776600,7.6636650600,7.9464211500,7.7611671600,44216115,362156169.2200,2,8.300800,1,2.386900,28.861101,1.595863,4.214639,103.220125,0
2024-05-15,sh.600032,7.9464211500,8.0536734600,7.6929156900,7.7221663200,7.9464211500,29189351,234220064.8400,2,5.479800,1,-2.822100,28.046616,1.550827,4.095698,100.307164,0
2024-05-16,sh.600032,7.7124161100,7.8391688400,7.6636650600,7.7026659000,7.7221663200,17249602,137129374.4000,2,3.238300,1,-0.252500,27.975791,1.546911,4.085356,100.053864,0
2024-05-17,sh.600032,7.6831654800,7.8391688400,7.6734152700,7.7416667400,7.7026659000,12365480,98271664.9000,2,2.321400,1,0.506300,28.117440,1.554743,4.106041,100.560465,0
2024-05-20,sh.600032,7.8001680000,7.9951722000,7.8001680000,7.9561713600,7.7416667400,20574112,167024387.1700,2,3.862400,1,2.770800,28.896513,1.597822,4.219810,103.346775,0
2024-05-21,sh.600032,7.9561713600,7.9756717800,7.8489190500,7.9171705200,7.9561713600,13446304,109102287.7100,2,2.524300,1,-0.490200,28.754864,1.589989,4.199125,102.840174,0
2024-05-22,sh.600032,8.0731738800,8.1316751400,7.8976701000,7.9464211500,7.9171705200,15842317,129508547.3700,2,2.974100,1,0.369500,28.861101,1.595863,4.214639,103.220125,0
2024-05-23,sh.600032,7.9171705200,7.9561713600,7.7806675800,7.8001680000,7.9464211500,12832300,103396821.0000,2,2.409000,1,-1.840500,28.329915,1.566492,4.137069,101.320368,0
2024-05-24,sh.600032,7.8489190500,8.3754303900,7.8294186300,8.0829240900,7.8001680000,36704762,305189692.8600,2,6.890600,1,3.625000,29.356874,1.623277,4.287038,104.993231,0
2024-05-27,sh.600032,8.0244228300,8.1511755600,7.8976701000,7.9464211500,8.0829240900,26280170,214985469.7000,2,1.092900,1,-1.688800,28.861101,1.595863,4.214639,103.220125,0
2024-05-28,sh.600032,7.8879198900,8.1414253500,7.8586692600,8.0439232500,7.9464211500,24013200,197778806.0000,2,0.998600,1,1.227000,29.215225,1.615445,4.266352,104.486630,0
2024-05-29,sh.600032,8.0731738800,8.1219249300,7.8781696800,8.0536734600,8.0439232500,18700770,153950477.2000,2,0.777700,1,0.121200,29.250637,1.617403,4.271524,104.613280,0
2024-05-30,sh.600032,8.0926743000,8.1316751400,7.7904177900,7.8196684200,8.0536734600,19901408,161009120.1600,2,0.827600,1,-2.905600,28.400740,1.570408,4.147412,101.573669,0
2024-05-31,sh.600032,7.8196684200,7.8879198900,7.6929156900,7.8391688400,7.8196684200,14278170,113956420.3000,2,0.593800,1,0.249400,28.471564,1.574324,4.157754,101.826970,0
2024-06-03,sh.600032,7.8684194700,7.9171705200,7.6929156900,7.8001680000,7.8391688400,14675108,117314005.4400,2,0.610300,1,-0.497500,28.329915,1.566492,4.137069,101.320368,0
2024-06-04,sh.600032,7.7904177900,7.9366709400,7.6636650600,7.9269207300,7.8001680000,12469593,100152338.9400,2,0.518600,1,1.625000,28.790276,1.591947,4.204296,102.966824,0
2024-06-05,sh.600032,7.9269207300,7.9464211500,7.8099182100,7.8196684200,7.9269207300,10039156,81006992.6900,2,0.417500,1,-1.353000,28.400740,1.570408,4.147412,101.573669,0
2024-06-06,sh.600032,7.7514169500,7.8489190500,7.6636650600,7.6929156900,7.8196684200,11307200,89683818.0000,2,0.470200,1,-1.620900,27.940379,1.544952,4.080184,99.927213,0
2024-06-07,sh.600032,7.7026659000,7.8391688400,7.6831654800,7.8001680000,7.6929156900,9185568,73244826.5200,2,0.382000,1,1.394200,28.329915,1.566492,4.137069,101.320368,0
2024-06-11,sh.600032,7.7026659000,7.9074203100,7.6929156900,7.7806675800,7.8001680000,11398714,91275071.8000,2,0.474000,1,-0.250000,28.259090,1.562576,4.126726,101.067067,0
2024-06-12,sh.600032,7.8196684200,7.8294186300,7.7026659000,7.7904177900,7.7806675800,8769500,69841986.0000,2,0.364700,1,0.125300,28.294502,1.564534,4.131898,101.193718,0
2024-06-13,sh.600032,7.8099182100,8.0146726200,7.7709173700,7.9756717800,7.7904177900,19266100,156989947.2100,2,0.801200,1,2.378000,28.967338,1.601738,4.230153,103.600076,0
2024-06-14,sh.600032,7.9659215700,8.2876785000,7.8099182100,7.8196684200,7.9756717800,41100300,337404464.0000,2,1.709200,1,-1.956000,28.400740,1.570408,4.147412,101.573669,0
2024-06-17,sh.600032,7.7806675800,7.9854219900,7.5759131700,7.7124161100,7.8196684200,21519764,172415649.8000,2,0.894900,1,-1.371600,28.011203,1.548869,4.090527,100.180514,0
2024-06-18,sh.600032,7.6539148500,7.7416667400,7.5466625400,7.6051638000,7.7124161100,11861238,92412157.4000,2,0.493300,1,-1.390600,27.621667,1.527329,4.033642,98.787359,0
2024-06-19,sh.600032,7.6344144300,7.6344144300,7.3126575000,7.3419081300,7.6051638000,14393553,109953936.0300,2,0.598600,1,-3.461500,26.665532,1.474460,3.894016,95.367796,0
2024-06-20,sh.600032,7.3516583400,7.4394102300,7.2639064500,7.3711587600,7.3419081300,9716300,73348454.4700,2,0.404100,1,0.398400,26.771770,1.480335,3.909530,95.747748,0
2024-06-21,sh.600032,7.3224077100,7.4784110700,7.3029072900,7.3419081300,7.3711587600,6757063,51255931.3900,2,0.281000,1,-0.396800,26.665532,1.474460,3.894016,95.367796,0
2024-06-24,sh.600032,7.3126575000,7.4004093900,7.1274035100,7.1761545600,7.3419081300,7675900,56897418.0000,2,0.319200,1,-2.257600,26.063522,1.441172,3.806103,93.214739,0
2024-06-25,sh.600032,7.1371537200,7.1956549800,6.9421495200,7.0201512000,7.1761545600,8114937,58851352.6200,2,0.337500,1,-2.173900,25.496923,1.409843,3.723362,91.188331,0
2024-06-26,sh.600032,7.0591520400,7.2151554000,7.0006507800,7.2151554000,7.0201512000,6808000,49562323.0000,2,0.283100,1,2.777800,26.205171,1.449005,3.826789,93.721341,0
2024-06-27,sh.600032,7.2249056100,7.2639064500,6.9421495200,6.9616499400,7.2151554000,8479700,61280616.0000,2,0.352600,1,-3.513500,25.284449,1.398094,3.692334,90.428429,0
2024-06-28,sh.600032,6.9616499400,7.2346558200,6.9323993100,7.0981528800,6.9616499400,7569257,55101923.5300,2,0.314800,1,1.960800,25.780223,1.425507,3.764733,92.201535,0
2024-07-01,sh.600032,7.0591520400,7.3029072900,7.0591520400,7.2931570800,7.0981528800,6580115,48598111.8500,2,0.273600,1,2.747300,26.488470,1.464670,3.868159,94.734544,0
2024-07-02,sh.600032,7.2736566600,7.3419081300,7.1956549800,7.2931570800,7.2931570800,5636156,42103883.6400,2,0.234400,1,0.000000,26.488470,1.464670,3.868159,94.734544,0
2024-07-03,sh.600032,7.3126575000,7.3614085500,7.2151554000,7.2249056100,7.2931570800,4641570,34588722.4000,2,0.193000,1,-0.935800,26.240584,1.450963,3.831960,93.847991,0
2024-07-04,sh.600032,7.2054051900,7.2736566600,7.0006507800,7.0299014100,7.2249056100,5952268,43336600.7800,2,0.247500,1,-2.699100,25.532336,1.411801,3.728533,91.314982,0
2024-07-05,sh.600032,7.0397470000,7.1185134000,6.9511348000,7.0299012000,7.0299012000,4966857,35480278.6200,2,0.206600,1,0.000000,25.284449,1.398094,3.692334,90.428429,0
2024-07-08,sh.600032,7.0397470000,7.0495928000,6.8822142000,6.9412890000,7.0299012000,5979576,42179573.4700,2,0.248700,1,-1.260500,24.965737,1.380471,3.645792,89.288574,0
2024-07-09,sh.600032,7.0397470000,7.3351210000,6.9511348000,7.3154294000,6.9412890000,12484186,90622679.1600,2,0.519200,1,5.390100,26.311408,1.454879,3.842303,94.101292,0
2024-07-10,sh.600032,7.2662004000,7.2858920000,7.1283592000,7.1382050000,7.3154294000,8044452,58745176.6000,2,0.334500,1,-2.422600,25.673985,1.419633,3.749219,91.821584,0
2024-07-11,sh.600032,7.2858920000,7.4335790000,7.1775882000,7.3843500000,7.1382050000,10198750,75611215.5000,2,0.424100,1,3.448300,26.559295,1.468586,3.878502,94.987845,0
2024-07-12,sh.600032,7.3548126000,7.4434248000,7.3055836000,7.3351210000,7.3843500000,5555646,41522918.2400,2,0.231000,1,-0.666700,26.382233,1.458795,3.852645,94.354593,0
2024-07-15,sh.600032,7.2858920000,7.3055836000,7.1775882000,7.2366630000,7.3351210000,5973000,43877224.0000,2,0.248400,1,-1.342300,26.028109,1.439214,3.800932,93.088088,0
2024-07-16,sh.600032,7.1874340000,7.2662004000,7.1382050000,7.1677424000,7.2366630000,4757700,34692686.0000,2,0.197900,1,-0.952400,25.780223,1.425507,3.764733,92.201535,0
2024-07-17,sh.600032,7.1775882000,7.1874340000,7.0594386000,7.0791302000,7.1677424000,4705600,33908141.0000,2,0.195700,1,-1.236300,25.461511,1.407884,3.718191,91.061681,0
2024-07-18,sh.600032,7.0102096000,7.1480508000,6.9412890000,7.1382050000,7.0791302000,5411132,38764072.2400,2,0.225000,1,0.834500,25.673985,1.419633,3.749219,91.821584,0
2024-07-19,sh.600032,7.1382050000,7.1578966000,7.0495928000,7.1185134000,7.1382050000,5163000,37247222.0000,2,0.214700,1,-0.275900,25.603161,1.415717,3.738876,91.568283,0
2024-07-22,sh.600032,7.0397470000,7.1382050000,6.9905180000,7.0594386000,7.1185134000,4728700,33857417.0000,2,0.196600,1,-0.829900,25.390686,1.403968,3.707848,90.808380,0
2024-07-23,sh.600032,7.0594386000,7.1086676000,6.9117516000,6.9117516000,7.0594386000,5292150,37641471.0000,2,0.220100,1,-2.092100,24.859500,1.374597,3.630278,88.908623,0
2024-07-24,sh.600032,6.9314432000,7.0495928000,6.8625226000,6.9215974000,6.9117516000,5372096,37914875.0200,2,0.223400,1,0.142500,24.894913,1.376555,3.635449,89.035273,0
2024-07-25,sh.600032,6.9511348000,7.1578966000,6.9117516000,7.0692844000,6.9215974000,5922800,42368542.0000,2,0.246300,1,2.133700,25.426099,1.405926,3.713019,90.935030,0
2024-07-26,sh.600032,7.0889760000,7.1874340000,7.0495928000,7.1480508000,7.0692844000,5093959,36923389.7300,2,0.211800,1,1.114200,25.709398,1.421591,3.754390,91.948234,0
2024-07-29,sh.600032,7.1775882000,7.1775882000,7.0594386000,7.1382050000,7.1480508000,3430485,24811650.4000,2,0.142700,1,-0.137700,25.673985,1.419633,3.749219,91.821584,0
2024-07-30,sh.600032,7.1283592000,7.1283592000,7.0003638000,7.0299012000,7.1382050000,4716700,33721610.0000,2,0.196100,1,-1.517200,25.284449,1.398094,3.692334,90.428429,0
2024-07-31,sh.600032,7.0003638000,7.2169714000,6.9609806000,7.2169714000,7.0299012000,7046600,51024114.0000,2,0.293000,1,2.661100,25.957284,1.435298,3.790589,92.834787,0
2024-08-01,sh.600032,7.2071256000,7.2760462000,7.1677424000,7.1874340000,7.2169714000,4921400,36089159.0000,2,0.204700,1,-0.409300,25.851047,1.429424,3.775075,92.454836,0
2024-08-02,sh.600032,7.1578966000,7.2071256000,7.0692844000,7.0791302000,7.1874340000,3830900,27801078.0000,2,0.159300,1,-1.506800,25.461511,1.407884,3.718191,91.061681,0
2024-08-05,sh.600032,7.0791302000,7.1677424000,6.9609806000,6.9806722000,7.0791302000,6129800,43923525.0000,2,0.254900,1,-1.390800,25.107387,1.388303,3.666477,89.795176,0
2024-08-06,sh.600032,7.0200554000,7.1086676000,6.9708264000,7.0397470000,6.9806722000,4988239,35647008.5100,2,0.207400,1,0.846300,25.319861,1.400052,3.697505,90.555079,0
2024-08-07,sh.600032,7.1185134000,7.1578966000,6.9806722000,7.0889760000,7.0397470000,5109800,36741779.0000,2,0.212500,1,0.699300,25.496923,1.409843,3.723362,91.188331,0
2024-08-08,sh.600032,7.0889760000,7.0889760000,6.9708264000,7.0102096000,7.0889760000,5274450,37562599.5000,2,0.219300,1,-1.111100,25.213624,1.394178,3.681991,90.175128,0
2024-08-09,sh.600032,7.0495928000,7.0692844000,6.9609806000,6.9609806000,7.0102096000,3900800,27717432.0000,2,0.162200,1,-0.702200,25.036562,1.384387,3.656135,89.541875,0
2024-08-12,sh.600032,6.9905180000,7.0200554000,6.9117516000,6.9412890000,6.9609806000,3770000,26639803.0000,2,0.156800,1,-0.282900,24.965737,1.380471,3.645792,89.288574,0
2024-08-13,sh.600032,6.9314432000,7.0003638000,6.8625226000,6.9708264000,6.9412890000,3853152,27149564.4800,2,0.160200,1,0.425500,25.071975,1.386345,3.661306,89.668526,0
2024-08-14,sh.600032,6.9708264000,7.0200554000,6.9117516000,6.9215974000,6.9708264000,3248100,22953426.0000,2,0.135100,1,-0.706200,24.894913,1.376555,3.635449,89.035273,0
2024-08-15,sh.600032,6.9609806000,7.0299012000,6.8526768000,6.9905180000,6.9215974000,5066900,35857613.0000,2,0.210700,1,0.995700,25.142799,1.390261,3.671649,89.921827,0
2024-08-16,sh.600032,7.0102096000,7.0200554000,6.8920600000,6.9215974000,6.9905180000,5026500,35390840.0000,2,0.209000,1,-0.985900,24.894913,1.376555,3.635449,89.035273,0
2024-08-19,sh.600032,6.9019058000,6.9905180000,6.8723684000,6.8920600000,6.9215974000,3937447,27659417.5300,2,0.163700,1,-0.426700,24.788675,1.370680,3.619935,88.655322,0
2024-08-20,sh.600032,6.9019058000,6.9117516000,6.6951440000,6.7443730000,6.8920600000,5129200,35220264.8500,2,0.213300,1,-2.142900,24.257490,1.341309,3.542365,86.755565,0
2024-08-21,sh.600032,6.7443730000,6.7739104000,6.6656066000,6.6951440000,6.7443730000,2941154,20045039.2000,2,0.122300,1,-0.729900,24.080428,1.331518,3.516509,86.122313,0
2024-08-22,sh.600032,6.7345272000,6.7542188000,6.6262234000,6.6557608000,6.6951440000,3028645,20556180.8100,2,0.125900,1,-0.588200,23.938778,1.323686,3.495823,85.615711,0
2024-08-23,sh.600032,6.6656066000,6.6754524000,6.5966860000,6.6459150000,6.6557608000,3029690,20435205.7400,2,0.126000,1,-0.147900,23.903366,1.321727,3.490652,85.489061,0
2024-08-26,sh.600032,6.6262234000,6.6951440000,6.6065318000,6.6557608000,6.6459150000,3233500,21832031.0000,2,0.134500,1,0.148100,23.938778,1.323686,3.495823,85.615711,0
2024-08-27,sh.600032,6.7049898000,6.7542188000,6.6459150000,6.7049898000,6.6557608000,4766813,32407602.0100,2,0.198200,1,0.739600,21.109150,1.320946,3.353971,-18.246593,0
2024-08-28,sh.600032,6.6951440000,6.8428310000,6.6459150000,6.8034478000,6.7049898000,5281819,36342035.1000,2,0.219600,1,1.468400,21.419122,1.340343,3.403222,-18.514531,0
2024-08-29,sh.600032,6.8034478000,6.8526768000,6.7246814000,6.8231394000,6.8034478000,3714400,25644537.0000,2,0.154500,1,0.289400,21.481117,1.344223,3.413072,-18.568119,0
2024-08-30,sh.600032,6.8034478000,6.9708264000,6.8034478000,6.8822142000,6.8231394000,5253000,36827687.0000,2,0.218400,1,0.865800,21.667101,1.355861,3.442622,-18.728882,0
2024-09-02,sh.600032,6.9215974000,7.0200554000,6.9019058000,6.9412890000,6.8822142000,7571200,53650181.0000,2,0.314900,1,0.858400,21.853084,1.367499,3.472173,-18.889645,0
2024-09-03,sh.600032,6.9609806000,7.0200554000,6.8920600000,6.9314432000,6.9412890000,4448000,31373049.2400,2,0.185000,1,-0.141800,21.822087,1.365560,3.467247,-18.862851,0
2024-09-04,sh.600032,6.9215974000,6.9806722000,6.8231394000,6.9314432000,6.9314432000,3732900,26293515.0000,2,0.155200,1,0.000000,21.822087,1.365560,3.467247,-18.862851,0
2024-09-05,sh.600032,6.9609806000,6.9905180000,6.8526768000,6.8920600000,6.9314432000,2808300,19719385.0000,2,0.116800,1,-0.568200,21.698098,1.357801,3.447547,-18.755676,0
2024-09-06,sh.600032,6.9019058000,6.9412890000,6.7246814000,6.7542188000,6.8920600000,3380400,23372872.0000,2,0.140600,1,-2.000000,21.264136,1.330645,3.378596,-18.380562,0
2024-09-09,sh.600032,6.7246814000,6.8034478000,6.6951440000,6.7443730000,6.7542188000,4024500,27613625.0000,2,0.167400,1,-0.145800,21.233139,1.328705,3.373671,-18.353768,0
2024-09-10,sh.600032,6.7837562000,6.7936020000,6.5671486000,6.6656066000,6.7443730000,4497145,30374958.6500,2,0.187000,1,-1.167900,20.985160,1.313187,3.334271,-18.139418,0
2024-09-11,sh.600032,6.6065318000,6.7148356000,6.5573028000,6.5966860000,6.6656066000,3460100,23298456.0000,2,0.143900,1,-1.034000,20.768180,1.299609,3.299795,-17.951861,0
2024-09-12,sh.600032,6.5966860000,6.6951440000,6.5474570000,6.6065318000,6.5966860000,3296500,22227747.0000,2,0.137100,1,0.149300,20.799177,1.301549,3.304720,-17.978655,0
2024-09-13,sh.600032,6.5966860000,6.6656066000,6.5573028000,6.5671486000,6.6065318000,2803700,18769873.0000,2,0.116600,1,-0.596100,20.675188,1.293790,3.285020,-17.871479,0
2024-09-18,sh.600032,6.6262234000,6.6262234000,6.4194616000,6.5376112000,6.5671486000,4870170,32064249.5500,2,0.202500,1,-0.449800,20.582196,1.287971,3.270245,-17.791098,0
2024-09-19,sh.600032,6.5376112000,6.7837562000,6.5277654000,6.7640646000,6.5376112000,5443700,36990770.0000,2,0.226400,1,3.463900,21.295133,1.332584,3.383521,-18.407356,0
2024-09-20,sh.600032,6.7049898000,6.7640646000,6.6459150000,6.6557608000,6.7640646000,5218400,35399193.0000,2,0.217000,1,-1.601200,20.954163,1.311247,3.329346,-18.112624,0
2024-09-23,sh.600032,6.6259579900,6.7252976900,6.6160240200,6.6756278400,6.6557599000,3128200,21035850.0000,2,0.130100,1,0.298500,20.830174,1.303489,3.309645,-18.005449,0
2024-09-24,sh.600032,6.7550996000,7.0233167900,6.7054297500,7.0233167900,6.6756278400,7967239,55395861.3900,2,0.331300,1,5.208300,21.915079,1.371379,3.482023,-18.943232,0
2024-09-25,sh.600032,7.0531187000,7.1723263400,6.9935148800,7.0233167900,7.0233167900,8967215,63983828.9200,2,0.372900,1,0.000000,21.915079,1.371379,3.482023,-18.943232,0
2024-09-26,sh.600032,7.0233167900,7.2219961900,6.9935148800,7.2219961900,7.0233167900,8015928,57476420.0300,2,0.333300,1,2.828900,22.535025,1.410173,3.580524,-19.479109,0
2024-09-27,sh.600032,7.3114019200,7.5299492600,7.2617320700,7.5001473500,7.2219961900,7758206,57922607.7700,2,0.322600,1,3.851400,23.402949,1.464485,3.718426,-20.229336,0
2024-09-30,sh.600032,7.7683645400,8.2551290700,7.7683645400,8.2551290700,7.5001473500,24275899,197545821.6400,2,1.009500,1,10.066200,25.758742,1.611903,4.092731,-22.265666,0
2024-10-08,sh.600032,9.0796485800,9.0796485800,8.3147328900,8.6326199300,8.2551290700,28685673,250942392.5600,2,1.192900,1,4.572800,26.936639,1.685613,4.279884,-23.283832,0
2024-10-09,sh.600032,8.6326199300,8.6326199300,7.8776382100,8.0167137900,8.6326199300,21953767,180507959.6000,2,0.913000,1,-7.134600,25.014807,1.565350,3.974529,-21.622615,0
2024-10-10,sh.600032,8.0365817300,8.3246668600,8.0167137900,8.0961855500,8.0167137900,13523825,111090986.3200,2,0.562400,1,0.991300,25.262786,1.580868,4.013930,-21.836965,0
2024-10-11,sh.600032,8.0961855500,8.1955252500,7.9273080600,8.0067798200,8.0961855500,11344400,92147638.0000,2,0.471800,1,-1.104300,24.983810,1.563410,3.969604,-21.595821,0
2024-10-14,sh.600032,8.0067798200,8.0862515800,7.9074401200,8.0465157000,8.0067798200,9745732,78487561.8800,2,0.405300,1,0.496300,25.107799,1.571169,3.989305,-21.702996,0
2024-10-15,sh.600032,8.0167137900,8.1458554000,7.9074401200,7.9173740900,8.0465157000,7908876,63863658.5300,2,0.328900,1,-1.604900,24.704834,1.545953,3.925279,-21.354676,0
2024-10-16,sh.600032,7.8975061500,8.0663836400,7.8776382100,8.0167137900,7.9173740900,7093343,57102494.5800,2,0.295000,1,1.254700,25.014807,1.565350,3.974529,-21.622615,0
2024-10-17,sh.600032,8.0167137900,8.0763176100,7.8677042400,7.8677042400,8.0167137900,7662091,61476103.7800,2,0.318600,1,-1.858700,24.549848,1.536254,3.900653,-21.220707,0
2024-10-18,sh.600032,7.8677042400,8.2054592200,7.7882324800,7.9670439400,7.8677042400,15808600,127344849.6700,2,0.657400,1,1.262600,24.859821,1.555652,3.949904,-21.488645,0
2024-10-21,sh.600032,8.1259874600,8.1259874600,7.9372420300,7.9869118800,7.9670439400,10144634,81782279.5200,2,0.421900,1,0.249400,24.921815,1.559531,3.959754,-21.542233,0
2024-10-22,sh.600032,7.9471760000,8.1160534900,7.9372420300,8.1160534900,7.9869118800,8778441,71036931.5100,2,0.365100,1,1.616900,25.324780,1.584747,4.023780,-21.890553,0
2024-10-23,sh.600032,8.1855912800,8.4140725900,8.1160534900,8.2948649500,8.1160534900,14733147,122722666.7800,2,0.612700,1,2.203200,25.882731,1.619662,4.112431,-22.372842,0
2024-10-24,sh.600032,8.2451951000,8.2650630400,8.0663836400,8.1756573100,8.2948649500,7378390,60459013.3500,2,0.306800,1,-1.437100,25.510764,1.596386,4.053331,-22.051316,0
2024-10-25,sh.600032,8.1756573100,8.3246668600,8.1259874600,8.2650630400,8.1756573100,7473455,61910570.5000,2,0.310800,1,1.093600,25.789739,1.613843,4.097656,-22.292460,0
2024-10-28,sh.600032,8.2749970100,8.3246668600,8.1557893700,8.3047989200,8.2650630400,9503850,78893574.2600,2,0.395200,1,0.480800,25.913728,1.621602,4.117356,-22.399635,0
2024-10-29,sh.600032,8.3047989200,8.3644027400,8.0067798200,8.0465157000,8.3047989200,11253600,91989773.0000,2,0.468000,1,-3.110000,27.218503,1.562150,3.938644,-33.015924,0
2024-10-30,sh.600032,8.0365817300,8.0961855500,7.9074401200,7.9869118800,8.0465157000,8731420,70347892.4000,2,0.363100,1,-0.740700,27.016884,1.550579,3.909469,-32.771362,0
2024-10-31,sh.600032,7.9869118800,8.1557893700,7.9869118800,8.0862515800,7.9869118800,9323700,76042327.6000,2,0.387700,1,1.243800,27.352915,1.569865,3.958094,-33.178966,0
2024-11-01,sh.600032,8.0167137900,8.1557893700,7.8677042400,8.0167137900,8.0862515800,9706900,78215821.0000,2,0.403700,1,-0.860000,27.117694,1.556364,3.924056,-32.893643,0
2024-11-04,sh.600032,8.0067798200,8.1160534900,7.9670439400,8.1160534900,8.0167137900,8380338,68055470.1800,2,0.348500,1,1.239200,27.453725,1.575650,3.972681,-33.301247,0
2024-11-05,sh.600032,8.1259874600,8.1855912800,8.0564496700,8.1657233400,8.1160534900,11316938,92803314.2200,2,0.470600,1,0.612000,27.621740,1.585293,3.996994,-33.505049,0
2024-11-06,sh.600032,8.1855912800,8.2352611300,8.0465157000,8.0763176100,8.1657233400,12520513,102374894.1300,2,0.520700,1,-1.094900,27.319312,1.567936,3.953231,-33.138205,0
2024-11-07,sh.600032,8.0266477600,8.2749970100,8.0067798200,8.2650630400,8.0763176100,14674791,121303521.2700,2,0.610300,1,2.337000,27.957771,1.604579,4.045619,-33.912653,0
2024-11-08,sh.600032,8.3047989200,8.3644027400,8.1259874600,8.1955252500,8.2650630400,13055900,108096549.0000,2,0.542900,1,-0.841300,27.722549,1.591079,4.011582,-33.627330,0
2024-11-11,sh.600032,8.1955252500,8.3346008300,8.1359214300,8.3246668600,8.1955252500,13128275,109171007.2500,2,0.545900,1,1.575800,28.159389,1.616150,4.074794,-34.157215,0
2024-11-12,sh.600032,8.3445348000,8.4637424400,8.2352611300,8.2849309800,8.3246668600,15669700,131789093.0000,2,0.651600,1,-0.477300,28.024977,1.608436,4.055344,-33.994174,0
2024-11-13,sh.600032,8.2551290700,8.3147328900,8.1557893700,8.2650630400,8.2849309800,7808571,64726086.0100,2,0.324700,1,-0.239800,27.957771,1.604579,4.045619,-33.912653,0
2024-11-14,sh.600032,8.2551290700,8.3445348000,8.0465157000,8.0465157000,8.2650630400,9743466,79955678.3400,2,0.405200,1,-2.644200,27.218503,1.562150,3.938644,-33.015924,0
2024-11-15,sh.600032,8.0465157000,8.1259874600,7.9571099700,7.9670439400,8.0465157000,7806800,63256740.0000,2,0.324700,1,-0.987700,26.949678,1.546722,3.899744,-32.689841,0
2024-11-18,sh.600032,7.9670439400,8.1657233400,7.9670439400,8.0067798200,7.9670439400,8797863,71485795.1200,2,0.365900,1,0.498800,27.084091,1.554436,3.919194,-32.852883,0
2024-11-19,sh.600032,8.0465157000,8.0862515800,7.9372420300,8.0763176100,8.0067798200,6179963,49872372.8500,2,0.257000,1,0.868500,27.319312,1.567936,3.953231,-33.138205,0
2024-11-20,sh.600032,8.0763176100,8.0763176100,7.9869118800,8.0564496700,8.0763176100,6484000,52407105.0000,2,0.269600,1,-0.246000,27.252106,1.564079,3.943506,-33.056685,0
2024-11-21,sh.600032,8.0465157000,8.1259874600,7.9173740900,7.9670439400,8.0564496700,9118266,73164580.0000,2,0.379200,1,-1.109700,26.949678,1.546722,3.899744,-32.689841,0
2024-11-22,sh.600032,7.9571099700,7.9869118800,7.6491569000,7.6491569000,7.9670439400,10319900,81197734.8000,2,0.429200,1,-3.990000,25.874379,1.485007,3.744143,-31.385508,0
2024-11-25,sh.600032,7.6789588100,7.7782985100,7.6491569000,7.7484966000,7.6491569000,6410100,49771587.0000,2,0.266600,1,1.298700,26.210410,1.504293,3.792768,-31.793112,0
2024-11-26,sh.600032,7.7186946900,7.7385626300,7.5895530800,7.6193549900,7.7484966000,5831859,45009922.7100,2,0.242500,1,-1.666700,25.773570,1.479221,3.729555,-31.263227,0
2024-11-27,sh.600032,7.5696851400,7.7087607200,7.3511378000,7.6988267500,7.6193549900,8513600,64588834.0000,2,0.354000,1,1.043000,26.042395,1.494650,3.768455,-31.589310,0
2024-11-28,sh.600032,7.6888927800,7.7782985100,7.6491569000,7.7286286600,7.6988267500,6926580,53836563.6000,2,0.288000,1,0.387100,26.143204,1.500436,3.783043,-31.711591,0
2024-11-29,sh.600032,7.7286286600,7.8180343900,7.6888927800,7.7683645400,7.7286286600,6182180,48316171.0000,2,0.257100,1,0.514100,26.277616,1.508150,3.802493,-31.874633,0
2024-12-02,sh.600032,7.7584305700,7.8379023300,7.7286286600,7.8379023300,7.7683645400,7053800,55325869.0000,2,0.293300,1,0.895100,26.512838,1.521650,3.836531,-32.159956,0
2024-12-03,sh.600032,7.8379023300,7.8677042400,7.7286286600,7.8577702700,7.8379023300,7765058,60935999.2000,2,0.322900,1,0.253500,26.580044,1.525507,3.846256,-32.241477,0
2024-12-04,sh.600032,7.8677042400,7.8875721800,7.7286286600,7.7584305700,7.8577702700,7069600,55416925.0000,2,0.294000,1,-1.264200,26.244013,1.506221,3.797631,-31.833873,0
2024-12-05,sh.600032,7.7584305700,7.7882324800,7.7087607200,7.7584305700,7.7584305700,4630800,36141329.0000,2,0.192600,1,0.000000,26.244013,1.506221,3.797631,-31.833873,0
2024-12-06,sh.600032,7.7484966000,7.8975061500,7.7186946900,7.8975061500,7.7584305700,8275409,65132461.0600,2,0.344100,1,1.792600,26.714457,1.533222,3.865706,-32.404518,0
2024-12-09,sh.600032,7.8875721800,7.9372420300,7.7882324800,7.8478363000,7.8975061500,6464632,51187451.8400,2,0.268800,1,-0.628900,26.546441,1.523579,3.841393,-32.200716,0
2024-12-10,sh.600032,7.9471760000,8.0266477600,7.7981664500,7.8081004200,7.8478363000,10451644,82985407.0000,2,0.434600,1,-0.506300,26.412029,1.515864,3.821943,-32.037675,0
2024-12-11,sh.600032,7.8081004200,7.8975061500,7.7981664500,7.8478363000,7.8081004200,6908552,54602741.8000,2,0.287300,1,0.508900,26.546441,1.523579,3.841393,-32.200716,0
2024-12-12,sh.600032,7.8478363000,7.8875721800,7.7782985100,7.8577702700,7.8478363000,7668680,60510173.2000,2,0.318900,1,0.126600,26.580044,1.525507,3.846256,-32.241477,0
2024-12-13,sh.600032,7.8975061500,7.8975061500,7.7087607200,7.7186946900,7.8577702700,9292100,72532629.4200,2,0.386400,1,-1.769900,26.109601,1.498507,3.778180,-31.670831,0
2024-12-16,sh.600032,7.7186946900,7.7882324800,7.6888927800,7.7385626300,7.7186946900,6590085,51398525.1500,2,0.274100,1,0.257400,26.176807,1.502364,3.787906,-31.752352,0
2024-12-17,sh.600032,7.7385626300,7.7782985100,7.6392229300,7.6888927800,7.7385626300,7235658,56175712.7500,2,0.300900,1,-0.641800,26.008792,1.492721,3.763593,-31.548550,0
2024-12-18,sh.600032,7.7087607200,7.8379023300,7.6988267500,7.7683645400,7.6888927800,7569821,59287948.3800,2,0.314800,1,1.033600,26.277616,1.508150,3.802493,-31.874633,0
2024-12-19,sh.600032,7.7286286600,7.7484966000,7.5895530800,7.6292889600,7.7683645400,6217251,47856170.1700,2,0.258500,1,-1.790300,25.807173,1.481150,3.734418,-31.303987,0
2024-12-20,sh.600032,7.6491569000,7.6690248400,7.5696851400,7.5994870500,7.6292889600,4497632,34405859.4400,2,0.187000,1,-0.390600,25.706364,1.475364,3.719830,-31.181706,0
2024-12-23,sh.600032,7.5597511700,7.6789588100,7.4504775000,7.5696851400,7.5994870500,8711940,66649774.6000,2,0.362300,1,-0.392200,25.605555,1.469578,3.705243,-31.059425,0
2024-12-24,sh.600032,7.5796191100,7.7286286600,7.5498172000,7.6392229300,7.5696851400,6151473,47351546.3700,2,0.255800,1,0.918600,25.840776,1.483078,3.739280,-31.344748,0
2024-12-25,sh.600032,7.6392229300,7.6392229300,7.5001473500,7.5597511700,7.6392229300,4911652,37374104.6800,2,0.204300,1,-1.040300,25.571951,1.467650,3.700380,-31.018665,0
2024-12-26,sh.600032,7.5895530800,7.5895530800,7.4703454400,7.4802794100,7.5597511700,4642752,35148038.5600,2,0.193100,1,-1.051200,25.303127,1.452221,3.661480,-30.692581,0
2024-12-27,sh.600032,7.4802794100,7.6094210200,7.4604114700,7.5994870500,7.4802794100,5959823,45358481.6800,2,0.247800,1,1.593600,25.706364,1.475364,3.719830,-31.181706,0
2024-12-30,sh.600032,7.5895530800,7.6094210200,7.5100813200,7.5398832300,7.5994870500,4343500,32962674.5500,2,0.180600,1,-0.784300,25.504745,1.463793,3.690655,-30.937144,0
2024-12-31,sh.600032,7.5200152900,7.5696851400,7.3511378000,7.3511378000,7.5398832300,6949700,52000223.0000,2,0.289000,1,-2.503300,24.866287,1.427150,3.598267,-30.162696,0
2025-01-02,sh.600032,7.3809397100,7.4008076500,6.9935148800,7.0729866400,7.3511378000,7005745,50643655.0500,2,0.291300,1,-3.783800,23.925400,1.373149,3.462116,-29.021405,0
2025-01-03,sh.600032,7.0630526700,7.1921942800,6.9736469400,6.9935148800,7.0729866400,6356245,45345086.2500,2,0.264300,1,-1.123600,23.656575,1.357721,3.423216,-28.695322,0
2025-01-06,sh.600032,7.0233167900,7.0928545800,6.9537790000,7.0431847300,6.9935148800,6592700,46542741.0000,2,0.274200,1,0.710200,23.824591,1.367364,3.447529,-28.899124,0
2025-01-07,sh.600032,7.0531187000,7.0630526700,6.9736469400,7.0133828200,7.0431847300,4444700,31383511.0000,2,0.184800,1,-0.423100,23.723782,1.361578,3.432941,-28.776843,0
2025-01-08,sh.600032,7.0034488500,7.0531187000,6.8544393000,6.9835809100,7.0133828200,6487600,45412914.0000,2,0.269800,1,-0.424900,23.622972,1.355792,3.418354,-28.654561,0
2025-01-09,sh.600032,6.9736469400,6.9736469400,6.8842412100,6.9041091500,6.9835809100,3938528,27419814.3200,2,0.163800,1,-1.138000,23.354148,1.340363,3.379454,-28.328478,0
2025-01-10,sh.600032,6.9041091500,6.9140431200,6.7749675400,6.7749675400,6.9041091500,4842500,33370248.0000,2,0.201400,1,-1.870500,22.917307,1.315292,3.316241,-27.798593,0
2025-01-13,sh.600032,6.7948354800,6.8842412100,6.7252976900,6.8643732700,6.7749675400,5050928,34653907.5200,2,0.210000,1,1.319600,23.219735,1.332649,3.360003,-28.165437,0
2025-01-14,sh.600032,6.8445053300,6.9835809100,6.8445053300,6.9736469400,6.8643732700,7948399,55415678.0100,2,0.330500,1,1.591900,23.589369,1.353864,3.413491,-28.613801,0
2025-01-15,sh.600032,6.9736469400,6.9835809100,6.8544393000,6.8941751800,6.9736469400,5932200,41158182.0000,2,0.246700,1,-1.139600,23.320544,1.338435,3.374591,-28.287718,0
2025-01-16,sh.600032,6.8941751800,6.9835809100,6.8842412100,6.9339110600,6.8941751800,5148500,35922885.0000,2,0.214100,1,0.576400,23.454957,1.346149,3.394041,-28.450759,0
2025-01-17,sh.600032,6.9140431200,7.0431847300,6.8842412100,6.9935148800,6.9339110600,5928399,41670832.0300,2,0.246500,1,0.859600,23.656575,1.357721,3.423216,-28.695322,0
2025-01-20,sh.600032,7.0133828200,7.0829206100,6.9637129700,6.9835809100,6.9935148800,4294500,30256792.0000,2,0.178600,1,-0.142000,23.622972,1.355792,3.418354,-28.654561,0
2025-01-21,sh.600032,6.9935148800,7.0233167900,6.9339110600,6.9736469400,6.9835809100,3261434,22875517.3600,2,0.135600,1,-0.142200,23.589369,1.353864,3.413491,-28.613801,0
2025-01-22,sh.600032,6.9537790000,7.0133828200,6.9140431200,6.9438450300,6.9736469400,3825100,26799243.0000,2,0.159100,1,-0.427400,23.488560,1.348078,3.398904,-28.491520,0
2025-01-23,sh.600032,6.9637129700,7.0729866400,6.8047694500,6.9537790000,6.9438450300,5979700,42148382.0000,2,0.248700,1,0.143100,23.522163,1.350006,3.403766,-28.532280,0
2025-01-24,sh.600032,6.9835809100,7.0034488500,6.9140431200,6.9637129700,6.9537790000,4629500,32445317.0000,2,0.192500,1,0.142900,23.555766,1.351935,3.408629,-28.573041,0
2025-01-27,sh.600032,6.9537790000,7.1325904600,6.9537790000,7.0531187000,6.9637129700,8343667,59457282.2400,2,0.347000,1,1.283900,23.858194,1.369292,3.452391,-28.939884,0
2025-02-05,sh.600032,7.0829206100,7.1127225200,6.9537790000,7.0133828200,7.0531187000,6310714,44556422.8100,2,0.262400,1,-0.563400,23.723782,1.361578,3.432941,-28.776843,0
2025-02-06,sh.600032,7.0233167900,7.0829206100,6.9537790000,7.0630526700,7.0133828200,6651456,47040580.1800,2,0.276600,1,0.708200,23.891797,1.371221,3.457254,-28.980645,0
2025-02-07,sh.600032,7.0829206100,7.2319301600,7.0431847300,7.2021282500,7.0630526700,8933642,64352903.5800,2,0.371500,1,1.969100,24.362240,1.398221,3.525329,-29.551290,0
2025-02-10,sh.600032,7.2021282500,7.2816000100,7.1921942800,7.2219961900,7.2021282500,5758600,41874656.0000,2,0.239500,1,0.275900,24.429446,1.402078,3.535054,-29.632811,0
2025-02-11,sh.600032,7.2219961900,7.2617320700,7.1027885500,7.1623923700,7.2219961900,5376500,38705684.0000,2,0.223600,1,-0.825300,24.227828,1.390507,3.505879,-29.388249,0
2025-02-12,sh.600032,7.1623923700,7.2517981000,7.1226564900,7.2418641300,7.1623923700,6125400,44455451.0000,2,0.254700,1,1.109600,24.496653,1.405935,3.544779,-29.714332,0
2025-02-13,sh.600032,7.2418641300,7.2517981000,7.1623923700,7.1723263400,7.2418641300,6696589,48593729.2500,2,0.278500,1,-0.960200,24.261431,1.392435,3.510742,-29.429009,0
2025-02-14,sh.600032,7.1822603100,7.2816000100,7.1524584000,7.2816000100,7.1723263400,8277690,60265925.2300,2,0.344200,1,1.523500,24.631065,1.413650,3.564229,-29.877373,0
2025-02-17,sh.600032,7.3114019200,7.4405435300,7.2418641300,7.4008076500,7.2816000100,11682801,86661520.4300,2,0.485800,1,1.637100,25.034302,1.436792,3.622580,-30.366498,0
2025-02-18,sh.600032,7.4107416200,7.5398832300,7.3610717700,7.4008076500,7.4008076500,11828600,88849301.0000,2,0.491900,1,0.000000,25.034302,1.436792,3.622580,-30.366498,0
2025-02-19,sh.600032,7.3610717700,7.4306095600,7.3213358900,7.3908736800,7.4008076500,8156500,60571688.0000,2,0.339200,1,-0.134200,25.000699,1.434864,3.617717,-30.325738,0
2025-02-20,sh.600032,7.3511378000,7.3908736800,7.2219961900,7.2617320700,7.3908736800,9488111,69506565.5200,2,0.394600,1,-1.747300,24.563859,1.409792,3.554504,-29.795853,0
2025-02-21,sh.600032,7.3213358900,7.3213358900,7.2418641300,7.2915339800,7.2617320700,6096160,44692475.0200,2,0.253500,1,0.410400,24.664668,1.415578,3.569092,-29.918134,0
2025-02-24,sh.600032,7.2617320700,7.4206755900,7.2418641300,7.3114019200,7.2915339800,6366700,46859074.0000,2,0.264800,1,0.272500,24.731874,1.419435,3.578817,-29.999655,0
2025-02-25,sh.600032,7.2915339800,7.3511378000,7.2418641300,7.3114019200,7.3114019200,6123300,45026806.0000,2,0.254600,1,0.000000,24.731874,1.419435,3.578817,-29.999655,0
2025-02-26,sh.600032,7.3213358900,7.4504775000,7.2716660400,7.4405435300,7.3114019200,8272086,61704156.4900,2,0.344000,1,1.766300,25.168714,1.444507,3.642030,-30.529540,0
2025-02-27,sh.600032,7.4703454400,7.5001473500,7.3511378000,7.4306095600,7.4405435300,6230560,46459882.1800,2,0.259100,1,-0.133500,25.135111,1.442578,3.637167,-30.488779,0
2025-02-28,sh.600032,7.7782985100,8.0465157000,7.4802794100,7.5001473500,7.4306095600,31221303,242285134.6700,2,1.298400,1,0.935800,25.370333,1.456078,3.671205,-30.774102,0
2025-03-03,sh.600032,7.4504775000,7.6292889600,7.3511378000,7.4405435300,7.5001473500,16805156,127004961.7600,2,0.698900,1,-0.794700,25.168714,1.444507,3.642030,-30.529540,0
2025-03-04,sh.600032,7.4306095600,7.4902133800,7.3412038300,7.3610717700,7.4405435300,10244328,76138018.7900,2,0.426000,1,-1.068100,24.899890,1.429078,3.603130,-30.203457,0
2025-03-05,sh.600032,7.3412038300,7.3610717700,7.1921942800,7.2319301600,7.3610717700,10013470,72973101.8500,2,0.416400,1,-1.754400,24.463050,1.404007,3.539917,-29.673571,0
2025-03-06,sh.600032,7.2517981000,7.3610717700,7.2120622200,7.3412038300,7.2319301600,7984834,58689178.0300,2,0.332100,1,1.511000,24.832684,1.425221,3.593405,-30.121936,0
2025-03-07,sh.600032,7.3412038300,7.3610717700,7.2418641300,7.2617320700,7.3412038300,6288992,46076171.5600,2,0.261500,1,-1.082500,24.563859,1.409792,3.554504,-29.795853,0
2025-03-10,sh.600032,7.2418641300,7.3114019200,7.2219961900,7.2517981000,7.2617320700,5002200,36506083.0000,2,0.208000,1,-0.136800,24.530256,1.407864,3.549642,-29.755092,0
2025-03-11,sh.600032,7.2319301600,7.3014679500,7.1822603100,7.3014679500,7.2517981000,5169700,37687464.0000,2,0.215000,1,0.684900,24.698271,1.417507,3.573955,-29.958894,0
2025-03-12,sh.600032,7.3014679500,7.5200152900,7.2617320700,7.5100813200,7.3014679500,11753438,87911924.4400,2,0.488800,1,2.857100,25.403936,1.458007,3.676068,-30.814863,0
2025-03-13,sh.600032,7.5100813200,7.5498172000,7.4504775000,7.5498172000,7.5100813200,11886969,89848533.6100,2,0.494300,1,0.529100,25.538348,1.465721,3.695518,-30.977904,0
2025-03-14,sh.600032,7.5498172000,7.5895530800,7.4902133800,7.5498172000,7.5498172000,9745469,73851588.5500,2,0.405300,1,0.000000,25.538348,1.465721,3.695518,-30.977904,0
2025-03-17,sh.600032,7.5398832300,7.5994870500,7.5398832300,7.5696851400,7.5498172000,6700371,51042654.4400,2,0.278600,1,0.263200,25.605555,1.469578,3.705243,-31.059425,0
2025-03-18,sh.600032,7.5696851400,7.5895530800,7.4802794100,7.5299492600,7.5696851400,5754900,43542806.0000,2,0.239300,1,-0.524900,25.471142,1.461864,3.685793,-30.896383,0
2025-03-19,sh.600032,7.5299492600,7.6491569000,7.4802794100,7.6292889600,7.5299492600,10578602,80996260.2500,2,0.439900,1,1.319300,25.807173,1.481150,3.734418,-31.303987,0
2025-03-20,sh.600032,7.6292889600,7.6988267500,7.5696851400,7.5994870500,7.6292889600,7632226,58605349.7200,2,0.317400,1,-0.390600,25.706364,1.475364,3.719830,-31.181706,0
2025-03-21,sh.600032,7.5994870500,7.6988267500,7.5796191100,7.6292889600,7.5994870500,9550400,73532385.0000,2,0.397200,1,0.392200,25.807173,1.481150,3.734418,-31.303987,0
2025-03-24,sh.600032,7.6392229300,7.8478363000,7.5994870500,7.7186946900,7.6292889600,15402758,119581480.0700,2,0.640500,1,1.171900,26.109601,1.498507,3.778180,-31.670831,0
2025-03-25,sh.600032,7.7286286600,8.0365817300,7.6491569000,7.9471760000,7.7186946900,28917369,229641911.3400,2,1.202500,1,2.960100,26.882472,1.542864,3.890019,-32.608320,0
2025-03-26,sh.600032,7.8975061500,7.8975061500,7.7186946900,7.7584305700,7.9471760000,20690021,162286861.1000,2,0.860400,1,-2.375000,26.244013,1.506221,3.797631,-31.833873,0
2025-03-27,sh.600032,7.6789588100,7.7882324800,7.5299492600,7.5696851400,7.7584305700,14241488,109028011.5200,2,0.592200,1,-2.432800,25.605555,1.469578,3.705243,-31.059425,0
2025-03-28,sh.600032,7.5398832300,7.6094210200,7.4703454400,7.5001473500,7.5696851400,7643933,57944942.1500,2,0.317900,1,-0.918600,25.370333,1.456078,3.671205,-30.774102,0
2025-03-31,sh.600032,7.4802794100,7.6590908700,7.4504775000,7.5100813200,7.5001473500,10135700,77064698.0000,2,0.421500,1,0.132500,25.403936,1.458007,3.676068,-30.814863,0
2025-04-01,sh.600032,7.5299492600,7.8677042400,7.5299492600,7.7882324800,7.5100813200,16528732,128764555.5600,2,0.687400,1,3.703700,26.344823,1.512007,3.812218,-31.956154,0
2025-04-02,sh.600032,7.7286286600,7.7484966000,7.6292889600,7.6789588100,7.7882324800,8955600,69224436.6800,2,0.372400,1,-1.403100,25.975189,1.490793,3.758730,-31.507789,0
2025-04-03,sh.600032,7.6193549900,8.4438745000,7.6094210200,8.4438745000,7.6789588100,58330274,481275259.4900,2,2.425700,1,9.961200,28.562626,1.639293,4.133145,-34.646340,0
2025-04-07,sh.600032,8.0862515800,9.2385921000,7.9869118800,8.8710352100,8.4438745000,105578446,928102273.5000,2,4.390500,1,5.058800,30.007559,1.722222,4.342233,-36.399037,0
2025-04-08,sh.600032,8.5034783200,9.1392524000,8.5034783200,9.0001768200,8.8710352100,90448771,806211643.8000,2,3.761400,1,1.455800,30.444400,1.747294,4.405446,-36.928923,0
2025-04-09,sh.600032,8.7915634500,8.8014974200,8.0961855500,8.5332802300,9.0001768200,74608922,625042271.3500,2,3.102700,1,-5.187600,28.865054,1.656651,4.176907,-35.013184,0
2025-04-10,sh.600032,8.2451951000,8.7816294800,8.2054592200,8.5630821400,8.5332802300,65542042,564527579.1700,2,2.725600,1,0.349200,28.965864,1.662436,4.191495,-35.135465,0
2025-04-11,sh.600032,8.4240065600,8.4637424400,8.1259874600,8.1557893700,8.5630821400,48752462,405617591.4800,2,2.027400,1,-4.756400,27.588137,1.583365,3.992132,-33.464289,0
2025-04-14,sh.600032,8.1657233400,8.9008371200,8.1458554000,8.8114313900,8.1557893700,69614820,603906410.1700,2,2.895000,1,8.039000,29.805941,1.710651,4.313058,-36.154475,0
2025-04-15,sh.600032,8.7418936000,8.7418936000,8.4836103800,8.7021577200,8.8114313900,49534948,428830397.4300,2,2.059900,1,-1.240100,29.436307,1.689437,4.259570,-35.706111,0
2025-04-16,sh.600032,8.5531481700,8.7816294800,8.3743367100,8.4240065600,8.7021577200,36683475,316108015.5700,2,1.525500,1,-3.196300,28.495420,1.635436,4.123420,-34.564819,0
2025-04-17,sh.600032,8.3942046500,8.8312993300,8.2551290700,8.6425539000,8.4240065600,44345082,382435444.4800,2,1.844100,1,2.594300,29.234688,1.677865,4.230395,-35.461548,0
2025-04-18,sh.600032,8.5432142000,8.5432142000,8.3147328900,8.3346008300,8.6425539000,29894082,252524695.2600,2,1.243200,1,-3.563200,28.192992,1.618079,4.079657,-34.197976,0
2025-04-21,sh.600032,8.2451951000,8.4935443500,8.2153931900,8.3842706800,8.3346008300,25682115,216785661.7600,2,1.068000,1,0.595900,28.361008,1.627722,4.103970,-34.401778,0
2025-04-22,sh.600032,8.1259874600,8.2054592200,7.7683645400,7.8577702700,8.3842706800,47283600,379188914.0000,2,1.966300,1,-6.279600,39.833744,1.518455,3.882206,-28.184518,0
2025-04-23,sh.600032,7.7981664500,7.8875721800,7.7584305700,7.7683645400,7.8577702700,22835000,179402493.0000,2,0.949600,1,-1.137800,39.380516,1.501178,3.838035,-27.863834,0
2025-04-24,sh.600032,7.7683645400,7.9769779100,7.7584305700,7.8677042400,7.7683645400,26123700,207293503.1400,2,1.086400,1,1.278800,39.884103,1.520375,3.887114,-28.220149,0
2025-04-25,sh.600032,7.8975061500,8.1855912800,7.7683645400,8.0961855500,7.8677042400,36628513,297102461.1700,2,1.523200,1,2.904000,41.042353,1.564527,3.999998,-29.039674,0
2025-04-28,sh.600032,8.1359214300,8.1458554000,7.7683645400,7.7882324800,8.0961855500,26218448,207860195.3200,2,1.090300,1,-3.803700,39.481233,1.505018,3.847850,-27.935097,0
2025-04-29,sh.600032,7.7683645400,7.7683645400,7.4306095600,7.5100813200,7.7882324800,22910700,173195932.0000,2,0.952800,1,-3.571400,38.071189,1.451267,3.710427,-26.937415,0
2025-04-30,sh.600032,7.4802794100,7.5498172000,7.4405435300,7.4703454400,7.5100813200,11492620,86744229.0300,2,0.477900,1,-0.529100,37.869754,1.443588,3.690795,-26.794889,0
2025-05-06,sh.600032,7.5498172000,7.6392229300,7.4504775000,7.6094210200,7.4703454400,15107419,115198785.7000,2,0.628300,1,1.861700,38.574776,1.470464,3.759507,-27.293730,0
2025-05-07,sh.600032,7.6690248400,7.7186946900,7.5796191100,7.6392229300,7.6094210200,14407900,110614674.0000,2,0.599200,1,0.391600,38.725853,1.476223,3.774231,-27.400625,0
2025-05-08,sh.600032,7.6392229300,7.7484966000,7.5994870500,7.6988267500,7.6392229300,14392233,111424375.1000,2,0.598500,1,0.780200,39.028005,1.487741,3.803679,-27.614414,0
2025-05-09,sh.600032,7.6988267500,7.7584305700,7.6292889600,7.6690248400,7.6988267500,13363296,103472108.6000,2,0.555700,1,-0.387100,38.876929,1.481982,3.788955,-27.507519,0
2025-05-12,sh.600032,7.6789588100,7.6988267500,7.5696851400,7.6193549900,7.6690248400,14836941,113630390.8900,2,0.617000,1,-0.647700,38.625135,1.472383,3.764415,-27.329362,0
2025-05-13,sh.600032,7.6491569000,7.6690248400,7.5696851400,7.6292889600,7.6193549900,13808700,105826005.0000,2,0.574200,1,0.130400,38.675494,1.474303,3.769323,-27.364993,0
2025-05-14,sh.600032,7.6292889600,7.7087607200,7.5200152900,7.6988267500,7.6292889600,16945862,130252434.6400,2,0.704700,1,0.911500,39.028005,1.487741,3.803679,-27.614414,0
2025-05-15,sh.600032,7.6491569000,7.6988267500,7.5796191100,7.5796191100,7.6988267500,12299892,94493573.1100,2,0.511500,1,-1.548400,38.423700,1.464705,3.744783,-27.186836,0
2025-05-16,sh.600032,7.5994870500,7.6789588100,7.5696851400,7.5796191100,7.5796191100,8829348,67585763.7200,2,0.367200,1,0.000000,38.423700,1.464705,3.744783,-27.186836,0
2025-05-19,sh.600032,7.5498172000,7.6094210200,7.5398832300,7.5994870500,7.5796191100,7694062,58741098.4400,2,0.320000,1,0.262100,38.524418,1.468544,3.754599,-27.258099,0
2025-05-20,sh.600032,7.5597511700,7.8180343900,7.5498172000,7.7782985100,7.5994870500,23451548,181816306.4500,2,0.975200,1,2.352900,39.430875,1.503098,3.842942,-27.899466,0
2025-05-21,sh.600032,7.7683645400,7.9273080600,7.7286286600,7.7782985100,7.7782985100,22410821,176549499.9200,2,0.932000,1,0.000000,39.430875,1.503098,3.842942,-27.899466,0
2025-05-22,sh.600032,7.7484966000,7.7484966000,7.5597511700,7.5696851400,7.7782985100,16398932,125832847.0800,2,0.682000,1,-2.682000,38.373342,1.462785,3.739875,-27.151204,0
2025-05-23,sh.600032,7.5696851400,7.5895530800,7.3412038300,7.3511378000,7.5696851400,15055669,112731476.8500,2,0.626100,1,-2.887100,37.265450,1.420552,3.631900,-26.367311,0
2025-05-26,sh.600032,7.3312698600,7.4206755900,7.3114019200,7.4206755900,7.3511378000,6716900,49823650.0000,2,0.279300,1,0.945900,37.617961,1.433990,3.666255,-26.616732,0
2025-05-27,sh.600032,7.4802794100,7.8478363000,7.4802794100,7.7484966000,7.4206755900,30682820,239152800.7800,2,1.276000,1,4.417700,39.279798,1.497339,3.828219,-27.792571,0
2025-05-28,sh.600032,7.6888927800,8.3544687700,7.6491569000,8.0564496700,7.7484966000,45514739,365751560.9000,2,1.892800,1,3.974400,40.840919,1.556849,3.980366,-28.897148,0
2025-05-29,sh.600032,8.0564496700,8.1259874600,7.8478363000,7.9769779100,8.0564496700,30012002,240602607.9000,2,1.248100,1,-0.986400,40.438049,1.541491,3.941102,-28.612096,0
2025-05-30,sh.600032,7.9173740900,8.0167137900,7.7683645400,7.7782985100,7.9769779100,18069560,142490838.8000,2,0.751400,1,-2.490700,39.430875,1.503098,3.842942,-27.899466,0
2025-06-03,sh.600032,7.7286286600,7.8379023300,7.6789588100,7.8379023300,7.7782985100,14131100,110571090.0000,2,0.587700,1,0.766300,39.733027,1.514616,3.872390,-28.113255,0
2025-06-04,sh.600032,7.8081004200,7.8478363000,7.7385626300,7.7782985100,7.8379023300,10639300,83296200.0000,2,0.442400,1,-0.760500,39.430875,1.503098,3.842942,-27.899466,0
2025-06-05,sh.600032,7.8279683600,7.8478363000,7.6789588100,7.7186946900,7.7782985100,12528500,97859529.0000,2,0.521000,1,-0.766300,39.128722,1.491580,3.813495,-27.685677,0
2025-06-06,sh.600032,7.7584305700,7.7782985100,7.6789588100,7.7484966000,7.7186946900,7961300,61888203.0000,2,0.331100,1,0.386100,39.279798,1.497339,3.828219,-27.792571,0
2025-06-09,sh.600032,7.7584305700,7.7683645400,7.7087607200,7.7584305700,7.7484966000,8276000,64551762.0000,2,0.344200,1,0.128200,39.330157,1.499259,3.833127,-27.828203,0
2025-06-10,sh.600032,7.7584305700,7.7981664500,7.6789588100,7.7087607200,7.7584305700,13291173,103595401.6100,2,0.552700,1,-0.640200,39.078364,1.489660,3.808587,-27.650045,0
2025-06-11,sh.600032,7.6888927800,7.7484966000,7.6094210200,7.6988267500,7.7087607200,8518600,65965145.0000,2,0.354300,1,-0.128900,39.028005,1.487741,3.803679,-27.614414,0
2025-06-12,sh.600032,7.6988309400,7.7187245600,7.5396819800,7.5695224100,7.6988309400,10491800,80047605.0000,2,0.436300,1,-1.679600,38.322983,1.460865,3.734967,-27.115573,0
2025-06-13,sh.600032,7.5496287900,7.6391500800,7.4700543100,7.5098415500,7.5695224100,9912800,75050651.0000,2,0.412200,1,-0.788400,38.020831,1.449347,3.705519,-26.901784,0
2025-06-16,sh.600032,7.5197883600,7.5595756000,7.4700543100,7.5595756000,7.5098415500,7303700,55226719.0000,2,0.303700,1,0.662300,38.272624,1.458946,3.730059,-27.079941,0
2025-06-17,sh.600032,7.5396819800,7.5496287900,7.4800011200,7.5396819800,7.5595756000,5169600,39070427.0000,2,0.215000,1,-0.263200,38.171907,1.455106,3.720243,-27.008678,0
2025-06-18,sh.600032,7.5297351700,7.5595756000,7.4402138800,7.4501606900,7.5396819800,7070700,53151987.0000,2,0.294000,1,-1.187300,37.718678,1.437829,3.676071,-26.687995,0
2025-06-19,sh.600032,7.4501606900,7.4601075000,7.3109053500,7.3307989700,7.4501606900,9136025,67699617.5000,2,0.379900,1,-1.602100,37.114374,1.414793,3.617176,-26.260417,0
2025-06-20,sh.600032,7.3208521600,7.3705862100,7.3109053500,7.3109053500,7.3307989700,4821099,35542460.6500,2,0.200500,1,-0.271400,37.013656,1.410954,3.607360,-26.189154,0
2025-06-23,sh.600032,7.2910117300,7.3705862100,7.2114372500,7.3506925900,7.3109053500,5253100,38679491.0000,2,0.218500,1,0.544200,37.215091,1.418633,3.626992,-26.331680,0
2025-06-24,sh.600032,7.3606394000,7.4302670700,7.3506925900,7.4302670700,7.3506925900,5898800,43950225.0000,2,0.245300,1,1.082500,37.617961,1.433990,3.666255,-26.616732,0
2025-06-25,sh.600032,7.4302670700,7.5297351700,7.4004266400,7.5098415500,7.4302670700,8908500,66850133.0000,2,0.370500,1,1.071000,38.020831,1.449347,3.705519,-26.901784,0
2025-06-26,sh.600032,7.5098415500,7.5197883600,7.4700543100,7.4899479300,7.5098415500,5875799,44287900.4500,2,0.244300,1,-0.264900,37.920113,1.445508,3.695703,-26.830521,0
2025-06-27,sh.600032,7.4998947400,7.5595756000,7.4800011200,7.5197883600,7.4899479300,6529763,49352938.1300,2,0.271500,1,0.398400,38.071189,1.451267,3.710427,-26.937415,0
2025-06-30,sh.600032,7.5297351700,7.5894160300,7.5098415500,7.5197883600,7.5197883600,8118114,61466006.8400,2,0.337600,1,0.000000,38.071189,1.451267,3.710427,-26.937415,0
2025-07-01,sh.600032,7.5098415500,7.5993628400,7.4899479300,7.5695224100,7.5197883600,11887899,90394271.4000,2,0.494400,1,0.661400,38.322983,1.460865,3.734967,-27.115573,0
2025-07-02,sh.600032,7.5695224100,7.5993628400,7.5197883600,7.5595756000,7.5695224100,6483460,49206920.4200,2,0.269600,1,-0.131400,38.272624,1.458946,3.730059,-27.079941,0
2025-07-03,sh.600032,7.5595756000,7.5794692200,7.4899479300,7.5297351700,7.5595756000,6592800,49899079.0000,2,0.274200,1,-0.394700,38.121548,1.453187,3.715335,-26.973047,0
2025-07-04,sh.600032,7.5396819800,7.6988309400,7.5098415500,7.5993628400,7.5297351700,13150010,100777219.1200,2,0.546900,1,0.924700,38.474059,1.466624,3.749691,-27.222467,0
2025-07-07,sh.600032,7.7087777500,7.8082458500,7.6292032700,7.8082458500,7.5993628400,24137300,187675482.4200,2,1.003800,1,2.748700,39.531592,1.506937,3.852758,-27.970729,0
2025-07-08,sh.600032,7.8579799000,7.8579799000,7.6689905100,7.7386181800,7.8082458500,17502348,135947794.9600,2,0.727800,1,-0.891700,39.179081,1.493500,3.818403,-27.721308,0
2025-07-09,sh.600032,7.7386181800,7.8181926600,7.6789373200,7.7585118000,7.7386181800,14386467,112313641.2600,2,0.598300,1,0.257100,39.279798,1.497339,3.828219,-27.792571,0
2025-07-10,sh.600032,7.7485649900,7.8281394700,7.7087777500,7.7585118000,7.7585118000,10137197,79165454.6100,2,0.421600,1,0.000000,39.279798,1.497339,3.828219,-27.792571,0
2025-07-11,sh.600032,7.7883522300,7.7883522300,7.6789373200,7.7087777500,7.7585118000,11473848,89057986.0000,2,0.477100,1,-0.641000,39.028005,1.487741,3.803679,-27.614414,0
2025-07-14,sh.600032,7.7187245600,7.8977671400,7.6988309400,7.8082458500,7.7087777500,16682493,131175239.6000,2,0.693800,1,1.290300,39.531592,1.506937,3.852758,-27.970729,0
2025-07-15,sh.600032,7.8380862800,7.8380862800,7.5894160300,7.6093096500,7.8082458500,13684700,105183628.0000,2,0.569100,1,-2.547800,38.524418,1.468544,3.754599,-27.258099,0
2025-07-16,sh.600032,7.6292032700,7.6689905100,7.5894160300,7.6093096500,7.6093096500,7042749,53976757.3200,2,0.292900,1,0.000000,38.524418,1.468544,3.754599,-27.258099,0
2025-07-17,sh.600032,7.6292032700,7.7087777500,7.5993628400,7.6789373200,7.6093096500,9105000,69991711.0000,2,0.378600,1,0.915000,38.876929,1.481982,3.788955,-27.507519,0
2025-07-18,sh.600032,7.6888841300,7.6888841300,7.6093096500,7.6789373200,7.6789373200,7128170,54852261.4000,2,0.296400,1,0.000000,38.876929,1.481982,3.788955,-27.507519,0
2025-07-21,sh.600032,7.6689905100,7.7485649900,7.6590437000,7.7386181800,7.6789373200,9602863,74538398.5100,2,0.399300,1,0.777200,39.179081,1.493500,3.818403,-27.721308,0
2025-07-22,sh.600032,7.7386181800,7.7982990400,7.6988309400,7.7982990400,7.7386181800,11637570,90750372.4000,2,0.484000,1,0.771200,39.481233,1.505018,3.847850,-27.935097,0
2025-07-23,sh.600032,7.8679267100,7.8679267100,7.7187245600,7.7286713700,7.7982990400,10423000,81649727.0000,2,0.433400,1,-0.892900,39.128722,1.491580,3.813495,-27.685677,0
2025-07-24,sh.600032,7.7087777500,7.7982990400,7.6888841300,7.7982990400,7.7286713700,10420119,81136802.2000,2,0.433300,1,0.900900,39.481233,1.505018,3.847850,-27.935097,0
2025-07-25,sh.600032,7.7883522300,7.7982990400,7.7187245600,7.7286713700,7.7982990400,9588200,74705292.0000,2,0.398700,1,-0.892900,39.128722,1.491580,3.813495,-27.685677,0
2025-07-28,sh.600032,7.7087777500,7.7386181800,7.6490968900,7.6689905100,7.7286713700,10448200,80611931.0000,2,0.434500,1,-0.772200,38.826570,1.480062,3.784047,-27.471888,0
2025-07-29,sh.600032,7.6590437000,7.6888841300,7.5695224100,7.6292032700,7.6689905100,8036200,61445036.0000,2,0.334200,1,-0.518800,38.625135,1.472383,3.764415,-27.329362,0
2025-07-30,sh.600032,7.6292032700,7.6888841300,7.5993628400,7.6292032700,7.6292032700,7215427,55486424.0900,2,0.300100,1,0.000000,38.625135,1.472383,3.764415,-27.329362,0
2025-07-31,sh.600032,7.6292032700,7.6391500800,7.4402138800,7.4501606900,7.6292032700,11264806,85066729.5000,2,0.468500,1,-2.346800,37.718678,1.437829,3.676071,-26.687995,0
2025-08-01,sh.600032,7.4601075000,7.5396819800,7.4601075000,7.4899479300,7.4501606900,4347510,32798989.3800,2,0.180800,1,0.534000,37.920113,1.445508,3.695703,-26.830521,0
2025-08-04,sh.600032,7.4700543100,7.5396819800,7.4203202600,7.5297351700,7.4899479300,4510200,33983253.0000,2,0.187600,1,0.531200,38.121548,1.453187,3.715335,-26.973047,0
2025-08-05,sh.600032,7.5297351700,7.5595756000,7.5098415500,7.5396819800,7.5297351700,4615950,34939844.0000,2,0.192000,1,0.132100,38.171907,1.455106,3.720243,-27.008678,0
2025-08-06,sh.600032,7.5396819800,7.5595756000,7.5098415500,7.5396819800,7.5396819800,4263200,32275301.0000,2,0.177300,1,0.000000,38.171907,1.455106,3.720243,-27.008678,0
2025-08-07,sh.600032,7.5396819800,7.5695224100,7.5098415500,7.5496287900,7.5396819800,5311289,40262281.5100,2,0.220900,1,0.131900,38.222265,1.457026,3.725151,-27.044310,0
2025-08-08,sh.600032,7.5496287900,7.6093096500,7.5297351700,7.5496287900,7.5496287900,6329800,48215483.0000,2,0.263200,1,0.000000,38.222265,1.457026,3.725151,-27.044310,0
2025-08-11,sh.600032,7.5496287900,7.5993628400,7.4800011200,7.5894160300,7.5496287900,6483150,49228814.5000,2,0.269600,1,0.527000,38.423700,1.464705,3.744783,-27.186836,0
2025-08-12,sh.600032,7.5894160300,7.5993628400,7.5297351700,7.5595756000,7.5894160300,4701900,35711670.0000,2,0.195500,1,-0.393200,38.272624,1.458946,3.730059,-27.079941,0
2025-08-13,sh.600032,7.5695224100,7.5894160300,7.5496287900,7.5695224100,7.5595756000,5254700,39982973.0000,2,0.218500,1,0.131600,38.322983,1.460865,3.734967,-27.115573,0
2025-08-14,sh.600032,7.5794692200,7.5794692200,7.4402138800,7.4601075000,7.5695224100,8957898,67589260.8000,2,0.372500,1,-1.445500,37.769037,1.439749,3.680979,-26.723626,0
2025-08-15,sh.600032,7.4899479300,7.5496287900,7.4501606900,7.5396819800,7.4601075000,6086300,45914032.0000,2,0.253100,1,1.066700,38.171907,1.455106,3.720243,-27.008678,0
2025-08-18,sh.600032,7.5595756000,7.5794692200,7.5297351700,7.5695224100,7.5396819800,9682993,73646512.1000,2,0.402700,1,0.395800,38.322983,1.460865,3.734967,-27.115573,0
2025-08-19,sh.600032,7.5695224100,7.5794692200,7.4998947400,7.5098415500,7.5695224100,7089958,53645764.4800,2,0.294800,1,-0.788400,38.020831,1.449347,3.705519,-26.901784,0
2025-08-20,sh.600032,7.4998947400,7.5695224100,7.4800011200,7.5695224100,7.5098415500,7060950,53343532.9200,2,0.293600,1,0.794700,38.322983,1.460865,3.734967,-27.115573,0
2025-08-21,sh.600032,7.5695224100,7.6391500800,7.5595756000,7.6391500800,7.5695224100,11308048,86575326.6600,2,0.470300,1,0.919800,38.675494,1.474303,3.769323,-27.364993,0
2025-08-22,sh.600032,7.6292032700,7.6590437000,7.5894160300,7.6391500800,7.6391500800,8799948,67418455.6800,2,0.366000,1,0.000000,38.675494,1.474303,3.769323,-27.364993,0
2025-08-25,sh.600032,7.6391500800,7.6789373200,7.6192564600,7.6490968900,7.6391500800,14806300,113804704.0000,2,0.615700,1,0.130200,38.725853,1.476223,3.774231,-27.400625,0
2025-08-26,sh.600032,7.6689905100,7.7684586100,7.6292032700,7.7087777500,7.6490968900,15109381,117077206.9000,2,0.628300,1,0.780200,39.028005,1.487741,3.803679,-27.614414,0
2025-08-27,sh.600032,7.7087777500,7.7883522300,7.6093096500,7.6192564600,7.7087777500,14949300,115901094.0000,2,0.621700,1,-1.161300,44.723682,1.449281,3.820659,-26.785238,0
2025-08-28,sh.600032,7.5993628400,7.6490968900,7.4601075000,7.6093096500,7.6192564600,13882102,105555935.2600,2,0.577300,1,-0.130500,44.665296,1.447389,3.815671,-26.750270,0
2025-08-29,sh.600032,7.6093096500,7.6689905100,7.5695224100,7.5894160300,7.6093096500,9434659,72257473.5800,2,0.392300,1,-0.261400,44.548524,1.443605,3.805696,-26.680335,0
2025-09-01,sh.600032,7.5894160300,7.6093096500,7.5297351700,7.5695224100,7.5894160300,7278900,55324253.0000,2,0.302700,1,-0.262100,44.431752,1.439821,3.795720,-26.610399,0
2025-09-02,sh.600032,7.5695224100,7.6093096500,7.4899479300,7.5197883600,7.5695224100,7378529,55962595.2400,2,0.306800,1,-0.657000,44.139822,1.430361,3.770781,-26.435561,0
2025-09-03,sh.600032,7.5297351700,7.5695224100,7.4103734500,7.4203202600,7.5197883600,9070700,68025483.0000,2,0.377200,1,-1.322800,43.555962,1.411441,3.720903,-26.085884,0
2025-09-04,sh.600032,7.4302670700,7.5197883600,7.4004266400,7.4800011200,7.4203202600,9060100,68000544.0000,2,0.376800,1,0.804300,43.906278,1.422793,3.750830,-26.295690,0
2025-09-05,sh.600032,7.4800011200,7.6292032700,7.4402138800,7.6292032700,7.4800011200,11905342,90207051.5800,2,0.495100,1,1.994700,44.782068,1.451173,3.825647,-26.820205,0
2025-09-08,sh.600032,7.6490968900,7.7386181800,7.6292032700,7.6988309400,7.6292032700,11547629,89334843.1700,2,0.480200,1,0.912600,45.190771,1.464417,3.860561,-27.064979,0
2025-09-09,sh.600032,7.6988309400,7.7684586100,7.6689905100,7.7386181800,7.6988309400,12685125,98617405.5000,2,0.527500,1,0.516800,45.424315,1.471985,3.880513,-27.204850,0
2025-09-10,sh.600032,7.7286713700,7.7585118000,7.6093096500,7.6590437000,7.7386181800,9616800,74097669.0000,2,0.399900,1,-1.028300,44.957227,1.456849,3.840610,-26.925108,0
2025-09-11,sh.600032,7.6689905100,7.6888841300,7.6093096500,7.6789373200,7.6590437000,9445100,72612470.1200,2,0.392800,1,0.259700,45.073999,1.460633,3.850586,-26.995044,0
2025-09-12,sh.600032,7.6789373200,7.6888841300,7.6093096500,7.6391500800,7.6789373200,6774906,52097437.0800,2,0.281700,1,-0.518100,44.840454,1.453065,3.830635,-26.855173,0
2025-09-15,sh.600032,7.6789373200,7.6888841300,7.5794692200,7.5894160300,7.6391500800,7091000,54315607.8600,2,0.294900,1,-0.651000,44.548524,1.443605,3.805696,-26.680335,0
2025-09-16,sh.600032,7.5894160300,7.6093096500,7.4899479300,7.5396819800,7.5894160300,8210900,62252154.0000,2,0.341500,1,-0.655300,44.256594,1.434145,3.780757,-26.505496,0
2025-09-17,sh.600032,7.5396819800,7.7087777500,7.5098415500,7.6988309400,7.5396819800,11865816,90994055.4800,2,0.493400,1,2.110800,45.190771,1.464417,3.860561,-27.064979,0
2025-09-18,sh.600032,7.7087777500,7.7485649900,7.5197883600,7.5396819800,7.6988309400,13835607,105734738.4400,2,0.575400,1,-2.067200,44.256594,1.434145,3.780757,-26.505496,0
2025-09-19,sh.600032,7.4998947400,7.5595756000,7.4302670700,7.4800011200,7.5396819800,9041000,67935775.0000,2,0.376000,1,-0.791600,43.906278,1.422793,3.750830,-26.295690,0
2025-09-22,sh.600032,7.4900000000,7.5000000000,7.3700000000,7.4000000000,7.4800000000,6205800,45956358.0000,2,0.258100,1,-1.069500,43.205646,1.400089,3.690976,-25.876078,0
2025-09-23,sh.600032,7.3900000000,7.4200000000,7.2200000000,7.3200000000,7.4000000000,8852248,64460970.5100,2,0.368100,1,-1.081100,42.738558,1.384953,3.651074,-25.596337,0
2025-09-24,sh.600032,7.3300000000,7.3700000000,7.3000000000,7.3600000000,7.3200000000,5101300,37438889.0000,2,0.212100,1,0.546400,42.972102,1.392521,3.671025,-25.736207,0
2025-09-25,sh.600032,7.3600000000,7.3700000000,7.2500000000,7.2800000000,7.3600000000,6574000,47978143.0000,2,0.273400,1,-1.087000,42.505014,1.377385,3.631122,-25.456466,0
2025-09-26,sh.600032,7.2800000000,7.4100000000,7.2600000000,7.3600000000,7.2800000000,7551309,55673478.1000,2,0.314000,1,1.098900,42.972102,1.392521,3.671025,-25.736207,0
2025-09-29,sh.600032,7.3600000000,7.4400000000,7.2800000000,7.4300000000,7.3600000000,6917430,51104130.7800,2,0.287700,1,0.951100,43.380804,1.405765,3.705940,-25.980981,0
2025-09-30,sh.600032,7.4100000000,7.4100000000,7.3500000000,7.3600000000,7.4300000000,5156800,38021071.0000,2,0.214400,1,-0.942100,42.972102,1.392521,3.671025,-25.736207,0
2025-10-09,sh.600032,7.3600000000,7.5300000000,7.3600000000,7.5300000000,7.3600000000,8558909,63976365.8600,2,0.355900,1,2.309800,43.964664,1.424685,3.755818,-26.330658,0
2025-10-10,sh.600032,7.5300000000,7.5800000000,7.4800000000,7.5600000000,7.5300000000,8078232,60846111.6000,2,0.335900,1,0.398400,44.139822,1.430361,3.770781,-26.435561,0
2025-10-13,sh.600032,7.4600000000,7.5200000000,7.4100000000,7.5000000000,7.5600000000,8259829,61630502.9200,2,0.343500,1,-0.793700,43.789506,1.419009,3.740854,-26.225755,0
2025-10-14,sh.600032,7.5300000000,7.6200000000,7.5000000000,7.5600000000,7.5000000000,10601322,80327987.4200,2,0.440900,1,0.800000,44.139822,1.430361,3.770781,-26.435561,0
2025-10-15,sh.600032,7.5900000000,7.6200000000,7.5100000000,7.5600000000,7.5600000000,6762300,51114222.0000,2,0.281200,1,0.000000,44.139822,1.430361,3.770781,-26.435561,0
2025-10-16,sh.600032,7.5800000000,7.6000000000,7.4900000000,7.5100000000,7.5600000000,5177925,38954986.6200,2,0.215300,1,-0.661400,43.847892,1.420901,3.745842,-26.260723,0
2025-10-17,sh.600032,7.5200000000,7.5500000000,7.3900000000,7.4100000000,7.5100000000,6647383,49476394.0100,2,0.276400,1,-1.331600,43.264032,1.401981,3.695964,-25.911046,0
2025-10-20,sh.600032,7.4100000000,7.4800000000,7.3400000000,7.4200000000,7.4100000000,6230100,46042396.0000,2,0.259100,1,0.135000,43.322418,1.403873,3.700952,-25.946013,0
2025-10-21,sh.600032,7.4300000000,7.4900000000,7.4000000000,7.4700000000,7.4200000000,6324983,47228995.0100,2,0.263000,1,0.673900,43.614348,1.413333,3.725891,-26.120852,0
2025-10-22,sh.600032,7.4600000000,7.4800000000,7.4300000000,7.4500000000,7.4700000000,4465283,33287044.3500,2,0.185700,1,-0.267700,43.497576,1.409549,3.715915,-26.050916,0
2025-10-23,sh.600032,7.4600000000,7.5800000000,7.4000000000,7.5700000000,7.4500000000,7897578,59315321.3400,2,0.328400,1,1.610700,44.198208,1.432253,3.775769,-26.470529,0
2025-10-24,sh.600032,7.5600000000,7.5800000000,7.4500000000,7.4500000000,7.5700000000,8052200,60352336.0000,2,0.334900,1,-1.585200,43.497576,1.409549,3.715915,-26.050916,0
2025-10-27,sh.600032,7.5000000000,7.6400000000,7.4600000000,7.5900000000,7.4500000000,13073482,99132866.2000,2,0.543700,1,1.879200,44.314980,1.436037,3.785744,-26.540464,0
2025-10-28,sh.600032,7.5900000000,7.6100000000,7.5200000000,7.5700000000,7.5900000000,7390900,55863236.0000,2,0.307400,1,-0.263500,44.198208,1.432253,3.775769,-26.470529,0
2025-10-29,sh.600032,7.6800000000,7.9900000000,7.6000000000,7.8900000000,7.5700000000,38484512,301947753.5800,2,1.600400,1,4.227200,35.397759,1.465323,3.871778,23.838402,0
2025-10-30,sh.600032,7.8500000000,8.0300000000,7.8100000000,7.9400000000,7.8900000000,26152500,207487440.0000,2,1.087600,1,0.633700,35.622079,1.474609,3.896314,23.989470,0
2025-10-31,sh.600032,7.9100000000,8.0100000000,7.8100000000,7.8900000000,7.9400000000,18744076,147745435.3500,2,0.779500,1,-0.629700,35.397759,1.465323,3.871778,23.838402,0
2025-11-03,sh.600032,7.8900000000,7.9600000000,7.8000000000,7.9400000000,7.8900000000,13678600,107890525.0000,2,0.568800,1,0.633700,35.622079,1.474609,3.896314,23.989470,0
2025-11-04,sh.600032,7.9400000000,8.2200000000,7.9300000000,8.0100000000,7.9400000000,21398423,172687205.1000,2,0.889900,1,0.881600,35.936128,1.487609,3.930664,24.200964,0
2025-11-05,sh.600032,8.0000000000,8.1200000000,7.9100000000,8.1000000000,8.0100000000,17127051,138105562.2300,2,0.712200,1,1.123600,36.339905,1.504324,3.974829,24.472885,0
2025-11-06,sh.600032,8.1200000000,8.1900000000,8.0700000000,8.1600000000,8.1000000000,16543839,134790281.3400,2,0.688000,1,0.740700,36.609089,1.515467,4.004272,24.654165,0
2025-11-07,sh.600032,8.1600000000,8.2400000000,8.1100000000,8.1100000000,8.1600000000,13515490,110322571.5500,2,0.562100,1,-0.612700,36.384769,1.506181,3.979736,24.503098,0
2025-11-10,sh.600032,8.1100000000,8.3200000000,8.1100000000,8.3200000000,8.1100000000,17424000,144212971.7500,2,0.724600,1,2.589400,37.326915,1.545182,4.082787,25.137580,0
2025-11-11,sh.600032,8.3200000000,8.3600000000,8.2200000000,8.2600000000,8.3200000000,11054620,91384519.4000,2,0.459700,1,-0.721200,37.057730,1.534039,4.053344,24.956300,0
2025-11-12,sh.600032,8.2600000000,8.3900000000,8.1600000000,8.2300000000,8.2600000000,14501300,119549514.0000,2,0.603000,1,-0.363200,36.923138,1.528468,4.038622,24.865659,0
2025-11-13,sh.600032,8.2300000000,8.2700000000,8.1200000000,8.2100000000,8.2300000000,11626300,95192658.6700,2,0.483500,1,-0.243000,36.833410,1.524753,4.028808,24.805232,0
2025-11-14,sh.600032,8.1900000000,8.2500000000,8.0800000000,8.1100000000,8.2100000000,13933384,113256730.7200,2,0.579400,1,-1.218000,36.384769,1.506181,3.979736,24.503098,0
2025-11-17,sh.600032,8.1000000000,8.1000000000,7.9300000000,8.0100000000,8.1100000000,12853899,102476533.1800,2,0.534500,1,-1.233000,35.936128,1.487609,3.930664,24.200964,0
2025-11-18,sh.600032,7.9800000000,8.0500000000,7.8400000000,7.9000000000,8.0100000000,9845300,77761887.0000,2,0.409400,1,-1.373300,35.442623,1.467180,3.876685,23.868616,0
2025-11-19,sh.600032,7.8700000000,8.0000000000,7.8100000000,7.8600000000,7.9000000000,7660900,60207924.0000,2,0.318600,1,-0.506300,35.263167,1.459752,3.857056,23.747762,0
2025-11-20,sh.600032,7.8800000000,7.9000000000,7.8100000000,7.8200000000,7.8600000000,7258640,56916242.8400,2,0.301900,1,-0.508900,35.083711,1.452323,3.837427,23.626908,0
2025-11-21,sh.600032,7.8000000000,7.8400000000,7.5000000000,7.5100000000,7.8200000000,12256895,93736158.7500,2,0.509700,1,-3.964200,33.692924,1.394750,3.685304,22.690292,0
2025-11-24,sh.600032,7.5600000000,7.5900000000,7.3800000000,7.4200000000,7.5100000000,12749400,94923851.0000,2,0.530200,1,-1.198400,33.289147,1.378035,3.641140,22.418371,0
2025-11-25,sh.600032,7.4300000000,7.4700000000,7.3800000000,7.4100000000,7.4200000000,16066859,119152336.1200,2,0.668200,1,-0.134800,33.244283,1.376178,3.636232,22.388157,0
2025-11-26,sh.600032,7.4100000000,7.4300000000,7.3600000000,7.3600000000,7.4100000000,11741800,86864314.0000,2,0.488300,1,-0.674800,33.019963,1.366892,3.611696,22.237090,0
2025-11-27,sh.600032,7.3800000000,7.4100000000,7.3500000000,7.3600000000,7.3600000000,8764809,64664621.3100,2,0.364500,1,0.000000,33.019963,1.366892,3.611696,22.237090,0
2025-11-28,sh.600032,7.3700000000,7.4000000000,7.2900000000,7.4000000000,7.3600000000,10640802,78364885.7200,2,0.442500,1,0.543500,33.199419,1.374321,3.631325,22.357944,0
2025-12-01,sh.600032,7.4100000000,7.4300000000,7.3700000000,7.3900000000,7.4000000000,11961618,88497624.4500,2,0.497400,1,-0.135100,33.154555,1.372464,3.626418,22.327731,0
2025-12-02,sh.600032,7.4000000000,7.4100000000,7.3200000000,7.3800000000,7.3900000000,7370971,54288083.9800,2,0.306500,1,-0.135300,33.109691,1.370606,3.621511,22.297517,0
2025-12-03,sh.600032,7.3700000000,7.4000000000,7.3200000000,7.3400000000,7.3800000000,9227400,67918152.0000,2,0.383700,1,-0.542000,32.930235,1.363178,3.601882,22.176663,0
2025-12-04,sh.600032,7.3500000000,7.3700000000,7.2600000000,7.2700000000,7.3400000000,7340400,53527222.0000,2,0.305300,1,-0.953700,32.616186,1.350177,3.567532,21.965169,0
2025-12-05,sh.600032,7.2700000000,7.3800000000,7.2200000000,7.3700000000,7.2700000000,9169160,67064573.6500,2,0.381300,1,1.375500,33.064827,1.368749,3.616604,22.267304,0
2025-12-08,sh.600032,7.3700000000,7.4100000000,7.3400000000,7.3500000000,7.3700000000,7369300,54310309.0000,2,0.306500,1,-0.271400,32.975099,1.365035,3.606789,22.206877,0
2025-12-09,sh.600032,7.3500000000,7.4000000000,7.2600000000,7.2900000000,7.3500000000,7935188,58008310.4900,2,0.330000,1,-0.816300,32.705914,1.353892,3.577346,22.025596,0
2025-12-10,sh.600032,7.2700000000,7.3500000000,7.2600000000,7.3300000000,7.2900000000,6551500,47861778.0000,2,0.272400,1,0.548700,32.885371,1.361320,3.596975,22.146450,0
2025-12-11,sh.600032,7.3300000000,7.3700000000,7.2800000000,7.2900000000,7.3300000000,6388500,46764993.0000,2,0.265700,1,-0.545700,32.705914,1.353892,3.577346,22.025596,0
2025-12-12,sh.600032,7.2700000000,7.4000000000,7.2700000000,7.3600000000,7.2900000000,13636150,100490691.0000,2,0.567100,1,0.960200,33.019963,1.366892,3.611696,22.237090,0
2025-12-15,sh.600032,7.3800000000,7.4600000000,7.3700000000,7.4100000000,7.3600000000,10106418,75064707.2400,2,0.420300,1,0.679300,33.244283,1.376178,3.636232,22.388157,0
2025-12-16,sh.600032,7.4200000000,7.4200000000,7.2800000000,7.3100000000,7.4100000000,7457298,54601606.3600,2,0.310100,1,-1.349500,32.795642,1.357606,3.587160,22.086023,0
2025-12-17,sh.600032,7.3100000000,7.3400000000,7.2200000000,7.3200000000,7.3100000000,8089600,58849596.0000,2,0.336400,1,0.136800,32.840506,1.359463,3.592068,22.116236,0
2025-12-18,sh.600032,7.2700000000,7.3500000000,7.2600000000,7.3200000000,7.3200000000,4934400,36055082.0000,2,0.205200,1,0.000000,32.840506,1.359463,3.592068,22.116236,0
2025-12-19,sh.600032,7.3200000000,7.4100000000,7.2900000000,7.3600000000,7.3200000000,7601288,56039975.6800,2,0.316100,1,0.546400,33.019963,1.366892,3.611696,22.237090,0
2025-12-22,sh.600032,7.3600000000,7.4300000000,7.3500000000,7.4100000000,7.3600000000,6474800,47942097.0000,2,0.269300,1,0.679300,33.244283,1.376178,3.636232,22.388157,0
2025-12-23,sh.600032,7.4100000000,7.4900000000,7.3600000000,7.3800000000,7.4100000000,5990600,44385156.3500,2,0.249100,1,-0.404900,33.109691,1.370606,3.621511,22.297517,0
2025-12-24,sh.600032,7.3900000000,7.4700000000,7.3500000000,7.4500000000,7.3800000000,6742884,50064118.8500,2,0.280400,1,0.948500,33.423740,1.383607,3.655861,22.509011,0
2025-12-25,sh.600032,7.4500000000,7.5200000000,7.4200000000,7.5000000000,7.4500000000,7655052,57212902.0000,2,0.318300,1,0.671100,33.648060,1.392893,3.680397,22.660078,0
2025-12-26,sh.600032,7.5000000000,7.5500000000,7.4700000000,7.5100000000,7.5000000000,7296700,54851688.0000,2,0.303400,1,0.133300,33.692924,1.394750,3.685304,22.690292,0
2025-12-29,sh.600032,7.5100000000,7.5300000000,7.4400000000,7.4500000000,7.5100000000,7422465,55419685.3600,2,0.308700,1,-0.798900,33.423740,1.383607,3.655861,22.509011,0
2025-12-30,sh.600032,7.4300000000,7.4700000000,7.3300000000,7.3500000000,7.4500000000,7712300,56830570.0000,2,0.320700,1,-1.342300,32.975099,1.365035,3.606789,22.206877,0
2025-12-31,sh.600032,7.4000000000,7.4400000000,7.3600000000,7.4100000000,7.3500000000,7081800,52435882.0000,2,0.294500,1,0.816300,33.244283,1.376178,3.636232,22.388157,0
2026-01-05,sh.600032,7.4400000000,7.5000000000,7.4300000000,7.4600000000,7.4100000000,8026505,59914609.9000,2,0.333800,1,0.674800,33.468604,1.385464,3.660768,22.539225,0
2026-01-06,sh.600032,7.4700000000,7.5500000000,7.4500000000,7.5400000000,7.4600000000,7956389,59833489.3900,2,0.330900,1,1.072400,33.827516,1.400321,3.700026,22.780932,0
2026-01-07,sh.600032,7.5600000000,7.5800000000,7.5100000000,7.5100000000,7.5400000000,6904776,52036064.9200,2,0.287100,1,-0.397900,33.692924,1.394750,3.685304,22.690292,0
2026-01-08,sh.600032,7.4900000000,7.5700000000,7.4700000000,7.5500000000,7.5100000000,6706300,50498890.0000,2,0.278900,1,0.532600,33.872380,1.402179,3.704933,22.811146,0
2026-01-09,sh.600032,7.5800000000,7.6900000000,7.5300000000,7.6900000000,7.5500000000,10400505,79341756.6000,2,0.432500,1,1.854300,34.500477,1.428179,3.773634,23.234134,0
2026-01-12,sh.600032,7.6900000000,7.7300000000,7.6100000000,7.7200000000,7.6900000000,11461100,88007051.0000,2,0.476600,1,0.390100,34.635070,1.433751,3.788355,23.324774,0
2026-01-13,sh.600032,7.7200000000,7.7700000000,7.6400000000,7.7300000000,7.7200000000,12802212,98531136.1600,2,0.532400,1,0.129500,34.679934,1.435608,3.793263,23.354987,0
2026-01-14,sh.600032,7.6700000000,7.8900000000,7.6700000000,7.7700000000,7.7300000000,19439930,151513213.9400,2,0.808400,1,0.517500,34.859390,1.443037,3.812891,23.475841,0
2026-01-15,sh.600032,7.7300000000,7.8400000000,7.7300000000,7.8300000000,7.7700000000,10275175,80015980.2500,2,0.427300,1,0.772200,35.128575,1.454180,3.842335,23.657122,0
2026-01-16,sh.600032,7.9000000000,8.0500000000,7.7300000000,7.7300000000,7.8300000000,14036200,109635944.0000,2,0.583700,1,-1.277100,34.679934,1.435608,3.793263,23.354987,0
2026-01-19,sh.600032,7.7000000000,7.9500000000,7.6800000000,7.9400000000,7.7300000000,16121909,127124377.2400,2,0.670400,1,2.716700,35.622079,1.474609,3.896314,23.989470,0
2026-01-20,sh.600032,7.9600000000,8.0100000000,7.9000000000,8.0000000000,7.9400000000,13743643,109370577.9900,2,0.571500,1,0.755700,35.891264,1.485752,3.925757,24.170750,0
2026-01-21,sh.600032,8.0000000000,8.0000000000,7.8800000000,7.9200000000,8.0000000000,9958700,78874652.0000,2,0.414100,1,-1.000000,35.532351,1.470895,3.886499,23.929043,0
2026-01-22,sh.600032,7.9200000000,7.9800000000,7.8600000000,7.9800000000,7.9200000000,9412573,74657394.0800,2,0.391400,1,0.757600,35.801536,1.482038,3.915943,24.110323,0
2026-01-23,sh.600032,7.9800000000,8.1300000000,7.9800000000,8.1100000000,7.9800000000,12788600,103114642.0000,2,0.531800,1,1.629100,36.384769,1.506181,3.979736,24.503098,0
2026-01-26,sh.600032,8.1000000000,8.1800000000,8.0100000000,8.0800000000,8.1100000000,11690146,94491741.4900,2,0.486100,1,-0.369900,36.250177,1.500610,3.965015,24.412458,0
2026-01-27,sh.600032,8.0800000000,8.0800000000,7.8600000000,8.0100000000,8.0800000000,11765573,93735680.7300,2,0.489300,1,-0.866300,35.936128,1.487609,3.930664,24.200964,0
2026-01-28,sh.600032,8.0100000000,8.0400000000,7.9200000000,7.9600000000,8.0100000000,8427673,67113351.3500,2,0.350500,1,-0.624200,35.711808,1.478323,3.906128,24.049896,0
2026-01-29,sh.600032,7.9600000000,8.0200000000,7.8800000000,7.9100000000,7.9600000000,9147825,72703161.0000,2,0.380400,1,-0.628100,35.487487,1.469037,3.881592,23.898829,0
2026-01-30,sh.600032,7.9000000000,7.9700000000,7.7200000000,7.8800000000,7.9100000000,11278000,88440091.0000,2,0.469000,1,-0.379300,35.352895,1.463466,3.866871,23.808189,0
2026-02-02,sh.600032,7.9000000000,8.0500000000,7.8000000000,7.8000000000,7.8800000000,14168341,112107202.9500,2,0.589200,1,-1.015200,34.993982,1.448608,3.827613,23.566481,0
2026-02-03,sh.600032,7.8300000000,7.9400000000,7.8100000000,7.9100000000,7.8000000000,10274297,80983418.7800,2,0.427300,1,1.410300,35.487487,1.469037,3.881592,23.898829,0
2026-02-04,sh.600032,7.9100000000,8.1700000000,7.8800000000,8.0800000000,7.9100000000,15107773,121735195.0800,2,0.628300,1,2.149200,36.250177,1.500610,3.965015,24.412458,0
2026-02-05,sh.600032,8.0800000000,8.1000000000,7.8500000000,7.9000000000,8.0800000000,9709173,77129829.6100,2,0.403800,1,-2.227700,35.442623,1.467180,3.876685,23.868616,0
2026-02-06,sh.600032,7.8700000000,8.0200000000,7.8300000000,7.9300000000,7.9000000000,7766052,61850859.3100,2,0.323000,1,0.379700,35.577215,1.472752,3.891407,23.959256,0
2026-02-09,sh.600032,7.9700000000,8.0500000000,7.9400000000,8.0000000000,7.9300000000,8139788,65153699.7600,2,0.338500,1,0.882700,35.891264,1.485752,3.925757,24.170750,0
2026-02-10,sh.600032,7.9900000000,8.0200000000,7.8600000000,7.8600000000,8.0000000000,6212400,49082508.3300,2,0.258300,1,-1.750000,35.263167,1.459752,3.857056,23.747762,0
2026-02-11,sh.600032,7.9200000000,8.0000000000,7.8700000000,7.8800000000,7.8600000000,6233192,49311939.6400,2,0.259200,1,0.254500,35.352895,1.463466,3.866871,23.808189,0
2026-02-12,sh.600032,7.8900000000,7.9800000000,7.8600000000,7.9400000000,7.8800000000,6982073,55359785.6200,2,0.290400,1,0.761400,35.622079,1.474609,3.896314,23.989470,0
2026-02-13,sh.600032,7.9500000000,7.9800000000,7.7800000000,7.7800000000,7.9400000000,7656500,59980101.0000,2,0.318400,1,-2.015100,34.904254,1.444894,3.817799,23.506055,0
2026-02-24,sh.600032,7.8500000000,8.1700000000,7.8100000000,8.1000000000,7.7800000000,16682900,134213375.0000,2,0.693800,1,4.113100,36.339905,1.504324,3.974829,24.472885,0
2026-02-25,sh.600032,8.0800000000,8.1600000000,8.0600000000,8.0900000000,8.1000000000,10289093,83488860.1600,2,0.427900,1,-0.123500,36.295041,1.502467,3.969922,24.442671,0
2026-02-26,sh.600032,8.0800000000,8.1800000000,8.0700000000,8.1600000000,8.0900000000,10400687,84573181.0500,2,0.432500,1,0.865300,36.609089,1.515467,4.004272,24.654165,0
2026-02-27,sh.600032,8.1300000000,8.3600000000,8.1200000000,8.3000000000,8.1600000000,15377773,127128316.1700,2,0.639500,1,1.715700,37.237186,1.541468,4.072973,25.077153,0
2026-03-02,sh.600032,8.3000000000,8.4600000000,8.2200000000,8.3800000000,8.3000000000,22360657,187152342.3700,2,0.929900,1,0.963900,37.596099,1.556325,4.112230,25.318861,0
2026-03-03,sh.600032,8.3500000000,8.4600000000,8.2500000000,8.3100000000,8.3800000000,22638446,188833607.3400,2,0.941400,1,-0.835300,37.282050,1.543325,4.077880,25.107367,0
2026-03-04,sh.600032,8.2500000000,8.4400000000,8.1900000000,8.3500000000,8.3100000000,19913859,165858373.4700,2,0.828100,1,0.481300,37.461507,1.550754,4.097509,25.228221,0
2026-03-05,sh.600032,8.4100000000,8.4900000000,8.3200000000,8.3500000000,8.3500000000,18870583,158609864.2200,2,0.784700,1,0.000000,37.461507,1.550754,4.097509,25.228221,0
2026-03-06,sh.600032,8.3300000000,8.5400000000,8.2700000000,8.4500000000,8.3500000000,18128800,153002238.0000,2,0.753900,1,1.197600,37.910148,1.569326,4.146581,25.530355,0
2026-03-09,sh.600032,8.5000000000,8.6700000000,8.4900000000,8.6300000000,8.4500000000,27145701,233248741.6000,2,1.128900,1,2.130200,38.717701,1.602755,4.234910,26.074197,0
2026-03-10,sh.600032,8.6000000000,8.7100000000,8.4500000000,8.6000000000,8.6300000000,23195700,199014589.0000,2,0.964600,1,-0.347600,38.583109,1.597184,4.220189,25.983557,0
2026-03-11,sh.600032,8.5900000000,9.1500000000,8.3900000000,9.1100000000,8.6000000000,55106924,488416732.4800,2,2.291700,1,5.930200,40.871177,1.691900,4.470456,27.524442,0
2026-03-12,sh.600032,9.0200000000,9.4400000000,8.9200000000,9.2400000000,9.1100000000,92704418,851735030.7400,2,3.855200,1,1.427000,41.454410,1.716044,4.534249,27.917217,0
2026-03-13,sh.600032,9.2400000000,9.2900000000,8.9200000000,8.9900000000,9.2400000000,58647996,532131300.4900,2,2.438900,1,-2.705600,40.332808,1.669614,4.411569,27.161881,0
2026-03-16,sh.600032,8.9600000000,9.0400000000,8.5800000000,8.6300000000,8.9900000000,43859975,381657822.5000,2,1.823900,1,-4.004400,38.717701,1.602755,4.234910,26.074197,0
2026-03-17,sh.600032,8.6300000000,9.4900000000,8.5000000000,9.2600000000,8.6300000000,111439465,1036798011.9700,2,4.634300,1,7.300100,41.544138,1.719758,4.544064,27.977643,0
2026-03-18,sh.600032,9.1800000000,9.4100000000,8.9500000000,9.0200000000,9.2600000000,92476762,843393686.8200,2,3.845700,1,-2.591800,40.467400,1.675186,4.426291,27.252521,0
