date,code,open,high,low,close,preclose,volume,amount,adjustflag,turn,tradestatus,pctChg,peTTM,pbMRQ,psTTM,pcfNcfTTM,isST
2023-06-26,sh.600211,36.3932450000,38.2197739000,35.4868472000,37.5193756000,36.4138449500,5179625,280506641.5600,2,2.089100,1,3.036000,27.184935,4.051706,4.829000,25.241193,0
2023-06-27,sh.600211,37.4232425000,38.8309057500,37.0799100000,38.7553726000,37.5193756000,5214364,290616736.3100,2,2.103100,1,3.294300,28.080486,4.185181,4.988081,26.072711,0
2023-06-28,sh.600211,38.7004394000,39.2703713500,38.0275077000,38.2403738500,38.7553726000,3247557,182031430.7600,2,1.309800,1,-1.328800,27.707340,4.129566,4.921797,25.726245,0
2023-06-29,sh.600211,38.4532400000,40.8909007500,38.2472405000,40.4720351000,38.2403738500,7518034,439239035.8900,2,3.032200,1,5.835900,29.324306,4.370563,5.209027,27.227597,0
2023-06-30,sh.600211,40.7673010500,41.5432325000,40.6505680000,40.7879010000,40.4720351000,5496848,328167941.6300,2,2.217000,1,0.780500,29.553169,4.404673,5.249681,27.440096,0
2023-07-03,sh.600211,40.4445685000,40.6986345500,39.2703713500,39.5587706500,40.7879010000,4816543,278569953.7200,2,1.942600,1,-3.013500,28.662594,4.271940,5.091484,26.613197,0
2023-07-04,sh.600211,39.4214376500,39.6343038000,38.1648407000,39.2017048500,39.5587706500,5263609,297454198.9200,2,2.123000,1,-0.902600,28.403879,4.233380,5.045527,26.372981,0
2023-07-05,sh.600211,40.3072355000,43.1225620000,40.1836358000,42.5526300500,39.2017048500,12255845,752030679.7900,2,4.943100,1,8.547900,30.831816,4.595246,5.476814,28.627319,0
2023-07-06,sh.600211,42.1612310000,43.0538955000,41.1175002000,41.3715662500,42.5526300500,8103236,494400056.7400,2,3.268300,1,-2.775500,29.976068,4.467703,5.324803,27.832757,0
2023-07-07,sh.600211,41.4745660000,41.8522317500,40.5750348500,40.7467011000,41.3715662500,3246992,194493272.6300,2,1.309600,1,-1.510400,29.523317,4.400224,5.244379,27.412379,0
2023-07-10,sh.600211,40.7535677500,41.1106335500,39.9501697000,40.1699025000,40.7467011000,2921385,171875326.5100,2,1.178300,1,-1.415600,29.105394,4.337936,5.170141,27.024337,0
2023-07-11,sh.600211,40.1630358500,40.6505680000,39.6343038000,40.3827686500,40.1699025000,2974563,173913194.8800,2,1.199700,1,0.529900,29.259627,4.360923,5.197538,27.167543,0
2023-07-12,sh.600211,40.2179690500,40.3690353500,39.3253045500,39.4077043500,40.3827686500,2593081,150081268.9000,2,1.045900,1,-2.414600,28.553138,4.255626,5.072040,26.511568,0
2023-07-13,sh.600211,40.5887681500,40.7741677000,37.3751759500,37.7665750000,39.4077043500,9181153,511853953.3500,2,3.703000,1,-4.164500,27.364045,4.078401,4.860816,25.407496,0
2023-07-14,sh.600211,37.8352415000,38.4601066500,37.1142432500,38.2609738000,37.7665750000,5020564,276129632.8500,2,2.024900,1,1.309100,27.722266,4.131791,4.924448,25.740104,0
2023-07-17,sh.600211,38.5905730000,38.5905730000,37.5262422500,37.7940416000,38.2609738000,2930700,160978585.0000,2,1.182000,1,-1.220400,27.383946,4.081367,4.864351,25.425974,0
2023-07-18,sh.600211,37.5674421500,38.1442407500,37.5262422500,37.6155087000,37.7940416000,2387227,131382539.7800,2,0.962800,1,-0.472400,27.254589,4.062087,4.841373,25.305866,0
2023-07-19,sh.600211,37.5674421500,38.3090403500,37.5674421500,37.7940416000,37.6155087000,2081555,114898198.3800,2,0.839500,1,0.474600,27.383946,4.081367,4.864351,25.425974,0
2023-07-20,sh.600211,37.7734416500,38.7897058500,37.7665750000,38.2815737500,37.7940416000,3177312,176982202.0400,2,1.281500,1,1.290000,27.737191,4.134016,4.927100,25.753962,0
2023-07-21,sh.600211,38.1305074500,38.5219065000,37.8352415000,37.9725745000,38.2815737500,2247165,124811546.3600,2,0.906300,1,-0.807200,27.513304,4.100647,4.887329,25.546083,0
2023-07-24,sh.600211,37.9382412500,38.6523728500,37.7665750000,38.3021737000,37.9725745000,1924817,107225605.3500,2,0.776300,1,0.868000,27.752117,4.136240,4.929751,25.767821,0
2023-07-25,sh.600211,38.4532400000,38.5219065000,38.0275077000,38.3159070000,38.3021737000,2093718,116622526.3200,2,0.844500,1,0.035900,27.762068,4.137723,4.931519,25.777060,0
2023-07-26,sh.600211,38.1785740000,38.5150398500,37.5743088000,37.7940416000,38.3159070000,2333054,129087362.7400,2,0.941000,1,-1.362000,27.383946,4.081367,4.864351,25.425974,0
2023-07-27,sh.600211,37.5811754500,37.8146415500,36.9425770000,37.0524434000,37.7940416000,2706383,146966912.4000,2,1.091600,1,-1.962200,26.846616,4.001282,4.768902,24.927064,0
2023-07-28,sh.600211,36.8601772000,37.5880421000,36.8052440000,37.5056423000,37.0524434000,2090500,113918704.0000,2,0.843200,1,1.223100,27.174985,4.050223,4.827232,25.231954,0
2023-07-31,sh.600211,37.6292420000,37.7528417000,35.7340466000,36.2215787500,37.5056423000,5881922,312457765.9800,2,2.372300,1,-3.423700,26.244607,3.911557,4.661964,24.368099,0
2023-08-01,sh.600211,36.3726450500,36.4138449500,35.5280471000,35.7065800000,36.2215787500,4422017,230737651.1000,2,1.783500,1,-1.421800,25.871461,3.855943,4.595681,24.021633,0
2023-08-02,sh.600211,35.7065800000,35.7821131500,35.3632475000,35.4799805500,35.7065800000,2330384,120552929.6600,2,0.939900,1,-0.634600,25.707277,3.831472,4.566516,23.869188,0
2023-08-03,sh.600211,35.3632475000,35.8164464000,35.1435147000,35.5761136500,35.4799805500,2482740,128581009.7000,2,1.001400,1,0.271000,25.776931,3.841854,4.578889,23.933862,0
2023-08-04,sh.600211,35.5005805000,35.6859800500,35.3289142500,35.5623803500,35.5761136500,1804674,93429360.2000,2,0.727900,1,-0.038600,25.766980,3.840371,4.577121,23.924622,0
2023-08-07,sh.600211,35.3014476500,35.4662472500,33.4337188500,33.6877849000,35.5623803500,6371319,314061858.8600,2,2.569700,1,-5.271300,24.408728,3.637934,4.335848,22.663487,0
2023-08-08,sh.600211,33.6397183500,34.2989167500,33.4474521500,34.0242507500,33.6877849000,3728779,184229242.8000,2,1.503900,1,0.998800,24.652517,3.674269,4.379153,22.889844,0
2023-08-09,sh.600211,33.9899175000,34.1272505000,33.6465850000,33.9212510000,34.0242507500,2466695,121639468.8200,2,0.994900,1,-0.302700,24.577888,3.663146,4.365897,22.820551,0
2023-08-10,sh.600211,33.7495847500,33.9830508500,33.5779185000,33.7770513500,33.9212510000,2011946,98877072.0600,2,0.811500,1,-0.425100,24.473407,3.647574,4.347337,22.723541,0
2023-08-11,sh.600211,33.6534516500,34.3195167000,33.6534516500,33.7770513500,33.7770513500,3137718,155576591.4400,2,1.265500,1,0.000000,24.473407,3.647574,4.347337,22.723541,0
2023-08-14,sh.600211,33.6465850000,34.1615837500,33.3238524500,34.0585840000,33.7770513500,2487093,122423036.8000,2,1.003100,1,0.833500,24.677394,3.677976,4.383572,22.912942,0
2023-08-15,sh.600211,34.0585840000,34.4362497500,33.7152515000,34.1203838500,34.0585840000,2584036,128191531.2400,2,1.042200,1,0.181500,24.722171,3.684650,4.391526,22.954518,0
2023-08-16,sh.600211,34.0654506500,34.4019165000,33.7907846500,33.8457178500,34.1203838500,2789316,138703860.0800,2,1.125000,1,-0.805000,24.523160,3.654989,4.356175,22.769736,0
2023-08-17,sh.600211,33.6465850000,34.1684504000,33.5092520000,34.1203838500,33.8457178500,2403129,118743022.0200,2,0.969200,1,0.811500,24.722171,3.684650,4.391526,22.954518,0
2023-08-18,sh.600211,33.9899175000,34.2302502500,33.2208527000,33.2483193000,34.1203838500,3881580,189498337.1600,2,1.565500,1,-2.555800,24.090310,3.590476,4.279286,22.367836,0
2023-08-21,sh.600211,33.3032525000,33.5985184500,33.0285865000,33.0285865000,33.2483193000,1656499,80422391.1400,2,0.668100,1,-0.660900,23.931101,3.566747,4.251004,22.220010,0
2023-08-22,sh.600211,33.0629197500,33.2895192000,32.2869883000,33.2483193000,33.0285865000,2696366,129090219.1800,2,1.087500,1,0.665300,24.090310,3.590476,4.279286,22.367836,0
2023-08-23,sh.600211,33.0697864000,33.4886520500,32.6989873000,32.9599200000,33.2483193000,1668400,80502667.0000,2,0.672900,1,-0.867400,23.881349,3.559332,4.242167,22.173815,0
2023-08-24,sh.600211,32.8569202500,33.4268522000,32.8294536500,33.1453195500,32.9599200000,2338153,112794478.3200,2,0.943000,1,0.562500,24.015681,3.579353,4.266029,22.298543,0
2023-08-25,sh.600211,33.4749187500,34.6422492500,33.4131189000,34.3675832500,33.1453195500,6654012,331597435.1100,2,2.683700,1,3.687600,17.640292,3.581968,4.093235,1335.247519,0
2023-08-28,sh.600211,36.6267111000,36.6541777000,34.3538499500,34.5461161500,34.3675832500,6002353,307904443.6000,2,2.420900,1,0.519500,17.731930,3.600576,4.114499,1342.183870,0
2023-08-29,sh.600211,34.1272505000,35.1778479500,34.0929172500,34.9581151500,34.5461161500,3841584,194763165.9300,2,1.549400,1,1.192600,17.943402,3.643516,4.163568,1358.190833,0
2023-08-30,sh.600211,34.8825820000,34.9855817500,34.3126500500,34.7177824000,34.9581151500,3542022,178944928.5000,2,1.428600,1,-0.687500,17.820044,3.618467,4.134944,1348.853438,0
2023-08-31,sh.600211,34.6765825000,34.6765825000,34.2920501000,34.5529828000,34.7177824000,1994506,100179994.0200,2,0.804400,1,-0.474700,17.735455,3.601291,4.115316,1342.450652,0
2023-09-01,sh.600211,34.3469833000,34.8345154500,34.3469833000,34.4637163500,34.5529828000,2158226,108441384.7000,2,0.870500,1,-0.258300,17.689636,3.591987,4.104685,1338.982477,0
2023-09-04,sh.600211,34.4774496500,34.6628492000,34.0379840500,34.5323828500,34.4637163500,2601106,130287318.1300,2,1.049100,1,0.199200,17.724881,3.599144,4.112863,1341.650304,0
2023-09-05,sh.600211,34.6765825000,34.6765825000,34.2989167500,34.5255162000,34.5323828500,2120405,106394795.1600,2,0.855200,1,-0.019900,17.721357,3.598428,4.112045,1341.383522,0
2023-09-06,sh.600211,34.4705830000,34.5186495500,33.9899175000,34.0517173500,34.5255162000,2163405,107654680.5800,2,0.872600,1,-1.372300,17.478164,3.549047,4.055615,1322.975514,0
2023-09-07,sh.600211,34.0242507500,34.0242507500,32.9049868000,32.9393200500,34.0517173500,3237227,157017118.1100,2,1.305700,1,-3.266800,16.907189,3.433107,3.923127,1279.756713,0
2023-09-08,sh.600211,32.7333205500,33.2689192500,32.5822542500,33.0079865500,32.9393200500,1926211,92281542.2700,2,0.776900,1,0.208500,16.942435,3.440264,3.931305,1282.424540,0
2023-09-11,sh.600211,33.0079865500,34.0585840000,32.8912535000,33.9693175500,33.0079865500,3478888,171090798.0300,2,1.403100,1,2.912400,17.435869,3.540459,4.045801,1319.774121,0
2023-09-12,sh.600211,33.9555842500,34.7864489000,33.8937844000,34.5461161500,33.9693175500,3320009,167058117.7100,2,1.339000,1,1.698000,17.731930,3.600576,4.114499,1342.183870,0
2023-09-13,sh.600211,34.3675832500,34.6147826500,33.6053851000,34.0379840500,34.5461161500,2243240,111208339.0000,2,0.904800,1,-1.470900,17.471115,3.547615,4.053979,1322.441948,0
2023-09-14,sh.600211,34.0997839000,34.4705830000,33.5779185000,34.0997839000,34.0379840500,2084200,103059324.6600,2,0.840600,1,0.181600,17.502835,3.554056,4.061340,1324.842993,0
2023-09-15,sh.600211,34.1135172000,34.6216493000,33.9143843500,34.4774496500,34.0997839000,2851367,142769977.6400,2,1.150000,1,1.107500,17.696685,3.593419,4.106320,1339.516042,0
2023-09-18,sh.600211,34.6422492500,35.3907141000,34.4911829500,35.2259145000,34.4774496500,3844298,195518360.2000,2,1.550500,1,2.170900,18.080859,3.671428,4.195464,1368.595359,0
2023-09-19,sh.600211,35.3426475500,35.3838474500,34.6971824500,34.9512485000,35.2259145000,2456226,124929283.9400,2,0.990700,1,-0.779700,17.939878,3.642801,4.162751,1357.924050,0
2023-09-20,sh.600211,34.9855817500,35.3632475000,34.7933155500,34.7933155500,34.9512485000,1752800,89325559.0800,2,0.707000,1,-0.451900,17.858813,3.626340,4.143940,1351.788048,0
2023-09-21,sh.600211,34.7933155500,34.7933155500,33.7152515000,33.8731844500,34.7933155500,2293106,113850817.7200,2,0.924900,1,-2.644600,17.386526,3.530439,4.034351,1316.039163,0
2023-09-22,sh.600211,33.8457178500,34.5117829000,33.5161186500,34.4431164000,33.8731844500,2175154,107940825.3200,2,0.877300,1,1.682500,17.679062,3.589840,4.102231,1338.182129,0
2023-09-25,sh.600211,34.3401166500,34.7315157000,34.1341171500,34.5461161500,34.4431164000,2863966,143948173.9100,2,1.155100,1,0.299000,17.731930,3.600576,4.114499,1342.183870,0
2023-09-26,sh.600211,34.5039282000,34.6868236400,34.3280672000,34.3913771600,34.5461348400,2076470,101825447.5500,2,0.837500,1,-0.448000,17.231446,3.498949,3.998367,1304.300723,0
2023-09-27,sh.600211,34.4828248800,35.5239220000,34.2928950000,35.3902676400,34.3913771600,3631948,181462807.9200,2,1.464900,1,2.904500,17.731930,3.600576,4.114499,1342.183870,0
2023-09-28,sh.600211,35.5590942000,36.0374361200,35.2073722000,35.3973020800,35.3902676400,2979977,150820717.5900,2,1.201900,1,0.019900,17.735455,3.601291,4.115316,1342.450652,0
2023-10-09,sh.600211,35.3761987600,35.3761987600,34.6446170000,35.2847510400,35.3973020800,2551718,126900277.7000,2,1.029200,1,-0.318000,17.679062,3.589840,4.102231,1338.182129,0
2023-10-10,sh.600211,35.2284755200,35.3480610000,34.4124804800,34.5742726000,35.2847510400,2199357,108592108.3800,2,0.887100,1,-2.013600,17.323084,3.517557,4.019630,1311.237074,0
2023-10-11,sh.600211,34.5742726000,35.3832332000,34.5039282000,34.8415813200,34.5742726000,2481515,123393863.0500,2,1.000900,1,0.773100,17.457017,3.544753,4.050708,1321.374817,0
2023-10-12,sh.600211,34.9541323600,35.3410265600,34.6235136800,34.8486157600,34.8415813200,1811467,89981628.8900,2,0.730600,1,0.020200,17.460541,3.545468,4.051526,1321.641600,0
2023-10-13,sh.600211,34.6235136800,35.4324742800,34.5039282000,35.1510966800,34.8486157600,2750122,137339646.9900,2,1.109200,1,0.868000,17.612096,3.576242,4.086692,1333.113257,0
2023-10-16,sh.600211,35.1651655600,35.6083352800,34.2295850400,34.5179970800,35.1510966800,3184104,157487029.5200,2,1.284200,1,-1.801100,17.294888,3.511831,4.013088,1309.102812,0
2023-10-17,sh.600211,34.4546871200,34.5039282000,33.5402099200,34.1451717600,34.5179970800,2774601,133477312.9000,2,1.119100,1,-1.080100,17.108088,3.473901,3.969743,1294.963328,0
2023-10-18,sh.600211,34.0396551600,34.1029651200,33.2025568000,33.2166256800,34.1451717600,2371086,113141849.1200,2,0.956300,1,-2.719400,16.642849,3.379431,3.861789,1259.748009,0
2023-10-19,sh.600211,33.1181435200,33.1322124000,32.2388385200,32.2880796000,33.2166256800,2093756,97102061.4900,2,0.844500,1,-2.795400,16.177611,3.284962,3.753836,1224.532690,0
2023-10-20,sh.600211,31.9011854000,32.2247696400,31.5142912000,31.5705667200,32.2880796000,2025512,91532286.7600,2,0.816900,1,-2.222200,15.818108,3.211962,3.670417,1197.320852,0
2023-10-23,sh.600211,31.4509812400,31.5846356000,30.9233982400,31.1907069600,31.5705667200,2053240,91157599.2000,2,0.828100,1,-1.203200,15.627783,3.173316,3.626255,1182.914585,0
2023-10-24,sh.600211,31.3876712800,32.5342850000,31.0992592400,32.1262874800,31.1907069600,2113589,95544563.4500,2,0.852500,1,2.999500,16.096546,3.268501,3.735026,1218.396687,0
2023-10-25,sh.600211,32.1262874800,32.3443551200,31.6760833200,31.7956688000,32.1262874800,1835942,83404265.2000,2,0.740500,1,-1.029100,15.930893,3.234864,3.696588,1205.857899,0
2023-10-26,sh.600211,31.6690488800,32.8297314800,31.5846356000,32.7031115600,31.7956688000,3252095,150353771.9700,2,1.311700,1,2.854000,16.385558,3.327187,3.802088,1240.272870,0
2023-10-27,sh.600211,31.9363576000,34.0255862800,31.3102924400,34.0185518400,32.7031115600,5381487,251862868.5300,2,2.170500,1,4.022400,15.325699,3.506900,4.044656,-100.613636,0
2023-10-30,sh.600211,33.7653120000,35.7912307200,33.6597954000,35.2636477200,34.0185518400,7648861,380878776.0500,2,3.085000,1,3.660000,15.886627,3.635254,4.192693,-104.296145,0
2023-10-31,sh.600211,35.4817153600,36.1218494000,35.2636477200,35.4957842400,35.2636477200,5389363,273442968.6600,2,2.173700,1,0.658300,15.991207,3.659185,4.220293,-104.982714,0
2023-11-01,sh.600211,35.4887498000,35.9670917200,34.8837879600,35.1651655600,35.4957842400,2984657,149674172.3100,2,1.203800,1,-0.931400,15.842260,3.625102,4.180984,-104.004873,0
2023-11-02,sh.600211,35.2214410800,35.3832332000,34.4828248800,34.8486157600,35.1651655600,2384891,118006538.9700,2,0.961900,1,-0.900200,15.699651,3.592469,4.143347,-103.068642,0
2023-11-03,sh.600211,34.8908224000,35.3832332000,34.5461348400,35.0315112000,34.8486157600,2439605,121669322.5200,2,0.984000,1,0.524800,15.782047,3.611324,4.165093,-103.609575,0
2023-11-06,sh.600211,35.7630929600,35.8686095600,35.1510966800,35.4465431600,35.0315112000,2745137,138465912.4300,2,1.107200,1,1.184700,15.969023,3.654108,4.214438,-104.837078,0
2023-11-07,sh.600211,35.6646108000,37.9789415600,35.6646108000,37.3458419600,35.4465431600,8880347,468389946.4300,2,3.581700,1,5.358200,16.824677,3.849903,4.440257,-110.454465,0
2023-11-08,sh.600211,37.6342540000,37.6694262000,36.9097066800,37.2825320000,37.3458419600,4015412,213227679.3600,2,1.619500,1,-0.169500,16.796155,3.843377,4.432729,-110.267219,0
2023-11-09,sh.600211,37.3177042000,38.6894200000,36.9167411200,37.0363266000,37.2825320000,5003549,268713221.3700,2,2.018100,1,-0.660400,16.685237,3.817996,4.403457,-109.539039,0
2023-11-10,sh.600211,36.6494324000,37.8101150000,36.5790880000,36.9097066800,37.0363266000,3688183,194932455.9300,2,1.487500,1,-0.341900,16.628193,3.804943,4.388402,-109.164547,0
2023-11-13,sh.600211,36.7901212000,37.1066710000,35.8545406800,36.0655738800,36.9097066800,3701700,190518210.6400,2,1.493000,1,-2.287000,16.247903,3.717923,4.288038,-106.667930,0
2023-11-14,sh.600211,36.0866772000,36.2977104000,35.7982651600,36.1359182800,36.0655738800,2710500,138872655.0000,2,1.093200,1,0.195000,16.279594,3.725175,4.296402,-106.875982,0
2023-11-15,sh.600211,36.4102614400,36.4383992000,35.4395087200,35.9881950400,36.1359182800,2690096,136960202.5000,2,1.085000,1,-0.408800,16.213043,3.709946,4.278838,-106.439074,0
2023-11-16,sh.600211,35.7912307200,36.1218494000,35.6083352800,35.7349552000,35.9881950400,1872335,95370576.9500,2,0.755200,1,-0.703700,16.098956,3.683840,4.248729,-105.690089,0
2023-11-17,sh.600211,35.6294386000,36.5790880000,35.6294386000,36.5087436000,35.7349552000,3501755,179979218.3900,2,1.412400,1,2.165400,16.447555,3.763608,4.340729,-107.978654,0
2023-11-20,sh.600211,36.7197768000,37.4794963200,36.1851593600,37.3388075200,36.5087436000,4972029,260680111.6400,2,2.005400,1,2.273600,16.821508,3.849178,4.439420,-110.433660,0
2023-11-21,sh.600211,37.2121876000,37.6483228800,36.9519133200,37.2051531600,37.3388075200,3053113,161696191.0300,2,1.231400,1,-0.358000,16.761295,3.835400,4.423529,-110.038362,0
2023-11-22,sh.600211,37.0081888400,37.8241838800,36.9308100000,37.1629465200,37.2051531600,3081093,163878181.4900,2,1.242700,1,-0.113400,16.742280,3.831049,4.418511,-109.913531,0
2023-11-23,sh.600211,37.0714988000,37.5990818000,36.8323278400,37.2121876000,37.1629465200,3333325,176247297.2400,2,1.344400,1,0.132500,16.764464,3.836125,4.424366,-110.059167,0
2023-11-24,sh.600211,37.1277743200,37.4865307600,36.6916390400,37.0363266000,37.2121876000,2788320,146697037.4000,2,1.124600,1,-0.472600,16.685237,3.817996,4.403457,-109.539039,0
2023-11-27,sh.600211,36.9308100000,37.1770154000,36.4032270000,36.7197768000,37.0363266000,2634544,137536696.8300,2,1.062600,1,-0.854700,16.542628,3.785363,4.365820,-108.602808,0
2023-11-28,sh.600211,36.5931568800,36.8886033600,36.1570216000,36.7268112400,36.7197768000,2845305,147609721.7700,2,1.147600,1,0.019200,16.545797,3.786088,4.366657,-108.623613,0
2023-11-29,sh.600211,36.6846046000,36.6846046000,36.1781249200,36.2273660000,36.7268112400,1809820,93456403.0400,2,0.729900,1,-1.359900,16.320792,3.734602,4.307275,-107.146448,0
2023-11-30,sh.600211,36.2977104000,37.1137054400,36.0866772000,36.5087436000,36.2273660000,2741123,142606918.1200,2,1.105600,1,0.776700,16.447555,3.763608,4.340729,-107.978654,0
2023-12-01,sh.600211,36.6212946400,36.8252934000,36.0585394400,36.4454336400,36.5087436000,2107913,109046532.1600,2,0.850200,1,-0.173400,16.419034,3.757082,4.333202,-107.791408,0
2023-12-04,sh.600211,36.4383992000,36.4383992000,35.7912307200,36.0163328000,36.4454336400,2370843,121569949.5900,2,0.956200,1,-1.177400,16.225719,3.712847,4.282184,-106.522294,0
2023-12-05,sh.600211,35.8052996000,36.3821236800,35.6716452400,35.7982651600,36.0163328000,2040055,104281039.2800,2,0.822800,1,-0.605500,16.127478,3.690367,4.256257,-105.877335,0
2023-12-06,sh.600211,35.5801975200,35.9811606000,35.4535776000,35.6294386000,35.7982651600,1708220,86653153.2400,2,0.689000,1,-0.471600,16.051420,3.672963,4.236184,-105.378012,0
2023-12-07,sh.600211,35.4887498000,35.6083352800,34.7782713600,34.7923402400,35.6294386000,2631995,131355029.1200,2,1.061600,1,-2.349500,15.674298,3.586668,4.136656,-102.902201,0
2023-12-08,sh.600211,34.5531692800,34.7571680400,32.6398016000,33.5683476800,34.7923402400,7345304,350762387.8500,2,2.962600,1,-3.518000,15.122878,3.460489,3.991129,-99.282107,0
2023-12-11,sh.600211,33.4698655200,34.3280672000,33.2729012000,34.2577228000,33.5683476800,2865818,137855771.8600,2,1.155900,1,2.053600,15.433448,3.531555,4.073093,-101.321010,0
2023-12-12,sh.600211,34.3280672000,35.1299933600,34.2647572400,34.4687560000,34.2577228000,2345980,115374620.8400,2,0.946200,1,0.616000,15.528521,3.553310,4.098184,-101.945164,0
2023-12-13,sh.600211,34.4546871200,37.4091519200,34.1733095200,36.5087436000,34.4687560000,7897144,405658182.5900,2,3.185100,1,5.918400,16.447555,3.763608,4.340729,-107.978654,0
2023-12-14,sh.600211,36.9308100000,37.3950830400,36.0937116400,36.4243303200,36.5087436000,5504285,286304689.7100,2,2.220000,1,-0.231200,16.409526,3.754906,4.330693,-107.728992,0
2023-12-15,sh.600211,36.7690178800,36.8393622800,35.6364730400,35.8404718000,36.4243303200,3496658,179339977.7600,2,1.410300,1,-1.602900,16.146492,3.694718,4.261275,-106.002166,0
2023-12-18,sh.600211,35.3199232400,36.7760523200,35.2706821600,36.0585394400,35.8404718000,3803481,196566971.7000,2,1.534000,1,0.608400,16.244734,3.717198,4.287202,-106.647125,0
2023-12-19,sh.600211,35.8826784400,36.1429527200,35.3832332000,35.6646108000,36.0585394400,2131814,107971773.4700,2,0.859800,1,-1.092500,16.067265,3.676589,4.240366,-105.482038,0
2023-12-20,sh.600211,35.7349552000,35.8545406800,34.7642024800,34.7712369200,35.6646108000,2302998,115169951.7400,2,0.928900,1,-2.504900,15.664791,3.584493,4.134147,-102.839785,0
2023-12-21,sh.600211,34.6164792400,35.1651655600,34.2436539200,35.0104078800,34.7712369200,1780200,87914460.0800,2,0.718000,1,0.687800,15.772540,3.609148,4.162584,-103.547160,0
2023-12-22,sh.600211,35.1018556000,35.1018556000,34.0466896000,34.2788261200,35.0104078800,1863710,91468751.5100,2,0.751700,1,-2.089600,15.442955,3.533731,4.075602,-101.383426,0
2023-12-25,sh.600211,34.1944128400,34.5320659600,33.9482074400,34.4546871200,34.2788261200,1028678,50223416.7600,2,0.414900,1,0.513000,15.522182,3.551860,4.096511,-101.903554,0
2023-12-26,sh.600211,34.2717916800,34.4546871200,33.5402099200,33.8919319200,34.4546871200,1433242,69306534.4600,2,0.578100,1,-1.633300,15.268655,3.493847,4.029602,-100.239143,0
2023-12-27,sh.600211,34.0607584800,34.3280672000,33.5964854400,34.1522062000,33.8919319200,1740399,83966115.9600,2,0.701900,1,0.768000,15.385912,3.520678,4.060547,-101.008933,0
2023-12-28,sh.600211,34.1522062000,34.4546871200,33.4557966400,34.3210327600,34.1522062000,2456101,118893996.8700,2,0.990600,1,0.494300,15.461970,3.538082,4.080620,-101.508257,0
2023-12-29,sh.600211,34.0748273600,34.4687560000,34.0748273600,34.3280672000,34.3210327600,2528864,123281869.1800,2,1.020000,1,0.020500,15.465139,3.538807,4.081456,-101.529062,0
2024-01-02,sh.600211,34.4335838000,34.8978568400,34.3069638800,34.5039282000,34.3280672000,2853709,140165964.0500,2,1.151000,1,0.512300,15.544366,3.556936,4.102366,-102.049190,0
2024-01-03,sh.600211,34.3984116000,34.8837879600,34.1240684400,34.2928950000,34.5039282000,2509098,123136003.9300,2,1.012000,1,-0.611600,15.449293,3.535181,4.077275,-101.425036,0
2024-01-04,sh.600211,34.1522062000,34.2577228000,33.5613132400,33.8356564000,34.2928950000,1931109,92782173.3900,2,0.778900,1,-1.333300,15.243303,3.488046,4.022911,-100.072702,0
2024-01-05,sh.600211,33.8215875200,33.8778630400,32.6468360400,32.7171804400,33.8356564000,3152289,148444315.5300,2,1.271400,1,-3.305600,14.739418,3.372744,3.889929,-96.764686,0
2024-01-08,sh.600211,32.5835260800,32.9071103200,32.3584240000,32.5553883200,32.7171804400,1802303,83689153.8100,2,0.726900,1,-0.494500,14.666529,3.356065,3.870693,-96.286168,0
2024-01-09,sh.600211,32.4217339600,32.6186982800,31.9785642400,32.2318040800,32.5553883200,1867943,85789824.1300,2,0.753400,1,-0.993900,14.520751,3.322708,3.832220,-95.329131,0
2024-01-10,sh.600211,32.0840808400,32.5342850000,32.0278053200,32.2810451600,32.2318040800,1509900,69207487.0000,2,0.609000,1,0.152800,14.542935,3.327784,3.838074,-95.474767,0
2024-01-11,sh.600211,32.2177352000,32.5553883200,32.0067020000,32.3935962000,32.2810451600,1553910,71302934.5800,2,0.626700,1,0.348700,14.593640,3.339387,3.851456,-95.807649,0
2024-01-12,sh.600211,32.3373206800,32.5694572000,32.0137364400,32.0207708800,32.3935962000,1455564,66853210.7600,2,0.587100,1,-1.150900,14.425679,3.300953,3.807129,-94.704977,0
2024-01-15,sh.600211,31.9293231600,32.7875248400,31.7604966000,32.4217339600,32.0207708800,1787536,82199966.8300,2,0.721000,1,1.252200,14.606317,3.342287,3.854802,-95.890870,0
2024-01-16,sh.600211,32.3724928800,32.6327671600,31.7956688000,32.1825630000,32.4217339600,1570006,71707230.1000,2,0.633200,1,-0.737700,14.498568,3.317632,3.826365,-95.183495,0
2024-01-17,sh.600211,32.0629775200,32.5624227600,31.7182899600,31.7253244000,32.1825630000,1744139,79530043.6200,2,0.703500,1,-1.420800,14.292577,3.270496,3.772002,-93.831162,0
2024-01-18,sh.600211,31.6549800000,31.6549800000,30.1425754000,31.1766380800,31.7253244000,2954854,129143939.5400,2,1.191800,1,-1.729500,14.045388,3.213933,3.706765,-92.208361,0
2024-01-19,sh.600211,31.4087746000,32.0489086400,30.5294696000,31.8449098800,31.1766380800,3583309,159973181.8900,2,1.445200,1,2.143500,14.346452,3.282824,3.786220,-94.184849,0
2024-01-22,sh.600211,31.6549800000,31.6549800000,28.8271351200,29.0311338800,31.8449098800,4996485,212879080.2500,2,2.015200,1,-8.835900,13.078817,2.992758,3.451674,-85.862795,0
2024-01-23,sh.600211,28.9818928000,29.7767845200,28.7427218400,29.5938890800,29.0311338800,2289942,95484281.7100,2,0.923600,1,1.938500,13.332344,3.050771,3.518583,-87.527205,0
2024-01-24,sh.600211,29.6009235200,30.1003687600,28.6653430000,29.6079579600,29.5938890800,2129526,89064118.4300,2,0.858900,1,0.047500,13.338682,3.052221,3.520256,-87.568816,0
2024-01-25,sh.600211,29.4602347200,30.4661596400,29.3898903200,30.4098841200,29.6079579600,2289586,97722126.8800,2,0.923500,1,2.708500,13.699958,3.134890,3.615602,-89.940601,0
2024-01-26,sh.600211,30.2480920000,30.6982961600,29.7978878400,29.8330600400,30.4098841200,1986650,85356055.6000,2,0.801300,1,-1.896800,13.440093,3.075426,3.547020,-88.234580,0
2024-01-29,sh.600211,29.8260256000,30.4169185600,29.8049222800,30.0229899200,29.8330600400,2226877,95300279.0000,2,0.898200,1,0.636600,13.525658,3.095006,3.569602,-88.796319,0
2024-01-30,sh.600211,29.7556812000,30.1847820400,29.0663060800,29.0874094000,30.0229899200,1924974,81137844.3400,2,0.776400,1,-3.116200,13.104170,2.998559,3.458365,-86.029236,0
2024-01-31,sh.600211,29.0733405200,29.3406492400,27.6312803200,27.7086591600,29.0874094000,2532167,101784295.6500,2,1.021300,1,-4.740000,12.483029,2.856426,3.294438,-81.951429,0
2024-02-01,sh.600211,27.5187292800,28.4824475600,27.4343160000,27.9196923600,27.7086591600,1983804,78920629.6700,2,0.800100,1,0.761600,12.578102,2.878181,3.319529,-82.575583,0
2024-02-02,sh.600211,27.8001068800,28.1166566800,25.6757060000,26.6816309200,27.9196923600,2992532,114442089.6100,2,1.207000,1,-4.434400,12.020343,2.750552,3.172329,-78.913879,0
2024-02-05,sh.600211,26.2525300800,26.9489396400,24.6486777600,26.2243923200,26.6816309200,3752794,138036571.6600,2,1.513600,1,-1.713700,11.814352,2.703417,3.117965,-77.561546,0
2024-02-06,sh.600211,26.0203935600,28.8482384400,25.7390159600,28.8482384400,26.2243923200,4070162,160803035.7100,2,1.641600,1,10.005400,12.996421,2.973903,3.429929,-85.321861,0
2024-02-07,sh.600211,29.9245077600,31.3313957600,29.8963700000,30.7545716800,28.8482384400,6183580,269469242.5900,2,2.494000,1,6.608100,13.855243,3.170423,3.656583,-90.960053,0
2024-02-08,sh.600211,30.4731940800,31.7815999200,30.3254708400,30.8600882800,30.7545716800,4713611,208971744.3000,2,1.901100,1,0.343100,13.902779,3.181301,3.669129,-91.272130,0
2024-02-19,sh.600211,30.9515360000,31.5072567600,30.4028496800,30.8671227200,30.8600882800,3395719,149213582.8800,2,1.369600,1,0.022800,13.905949,3.182026,3.669965,-91.292935,0
2024-02-20,sh.600211,30.8038127600,31.3665679600,30.3184364000,31.2258791600,30.8671227200,3227386,142685610.5400,2,1.301700,1,1.162300,14.067572,3.219009,3.712620,-92.353997,0
2024-02-21,sh.600211,31.0781559200,32.2107007600,30.8460194000,31.3524990800,31.2258791600,3732305,167906153.7300,2,1.505300,1,0.405500,14.124615,3.232062,3.727674,-92.728489,0
2024-02-22,sh.600211,31.3032580000,31.7112555200,31.1625692000,31.6690488800,31.3524990800,2794161,124892167.2900,2,1.127000,1,1.009600,14.267224,3.264695,3.765311,-93.664720,0
2024-02-23,sh.600211,31.7956688000,31.7956688000,31.1696036400,31.5705667200,31.6690488800,2535345,113416540.1900,2,1.022600,1,-0.311000,14.222857,3.254542,3.753602,-93.373449,0
2024-02-26,sh.600211,31.3595335200,31.9293231600,31.2188447200,31.5635322800,31.5705667200,2666554,119579798.5800,2,1.075500,1,-0.022300,14.219688,3.253817,3.752765,-93.352643,0
2024-02-27,sh.600211,31.5635322800,31.9996675600,31.3032580000,31.9996675600,31.5635322800,2860333,128625556.0400,2,1.153600,1,1.381800,14.416171,3.298777,3.804620,-94.642562,0
2024-02-28,sh.600211,32.0137364400,32.9071103200,31.2680858000,31.2821546800,31.9996675600,4326394,198253527.6100,2,1.745000,1,-2.242300,14.092925,3.224810,3.719311,-92.520438,0
2024-02-29,sh.600211,31.0429837200,31.9011854000,30.8952604800,31.8660132000,31.2821546800,3116836,139327995.5200,2,1.257100,1,1.866400,14.355959,3.284999,3.788729,-94.247264,0
2024-03-01,sh.600211,31.8308410000,31.9574609200,31.4720845600,31.7745654800,31.8660132000,2311739,104073051.8500,2,0.932400,1,-0.287000,14.314761,3.275572,3.777856,-93.976798,0
2024-03-04,sh.600211,31.7745654800,32.6327671600,31.4791190000,32.6257327200,31.7745654800,4026518,184431014.3000,2,1.624000,1,2.678800,14.698220,3.363317,3.879056,-96.494219,0
2024-03-05,sh.600211,32.3443551200,32.3654584400,31.8660132000,32.2529074000,32.6257327200,2381337,108852899.6000,2,0.960500,1,-1.142700,14.530258,3.324883,3.834729,-95.391547,0
2024-03-06,sh.600211,31.9715298000,32.2107007600,31.5142912000,31.9152542800,32.2529074000,2104400,95383614.5800,2,0.848800,1,-1.046900,14.378142,3.290075,3.794584,-94.392900,0
2024-03-07,sh.600211,31.8449098800,31.9715298000,31.2680858000,31.2680858000,31.9152542800,2106493,94634987.1500,2,0.849600,1,-2.027800,14.086586,3.223360,3.717638,-92.478828,0
2024-03-08,sh.600211,31.3384302000,31.7253244000,31.2680858000,31.5987044800,31.2680858000,1499621,67226292.9200,2,0.604800,1,1.057400,14.235534,3.257443,3.756947,-93.456669,0
2024-03-11,sh.600211,31.5987044800,32.1122186000,31.5142912000,32.0067020000,31.5987044800,2592600,117426530.3800,2,1.045700,1,1.291200,14.419340,3.299503,3.805456,-94.663367,0
2024-03-12,sh.600211,32.0278053200,33.3854522400,32.0207708800,32.9000758800,32.0067020000,5042863,236509595.8900,2,2.033900,1,2.791200,14.821814,3.391599,3.911675,-97.305619,0
2024-03-13,sh.600211,32.9211792000,33.1251779600,32.4639406000,32.9493169600,32.9000758800,2859093,133551618.0000,2,1.153100,1,0.149700,14.843998,3.396675,3.917529,-97.451255,0
2024-03-14,sh.600211,33.1392468400,33.6808987200,32.6327671600,32.9071103200,32.9493169600,2824901,132720512.3000,2,1.139400,1,-0.128100,14.824983,3.392324,3.912511,-97.326424,0
2024-03-15,sh.600211,32.5272505600,33.1603501600,32.3584240000,32.7382837600,32.9071103200,2200306,102199334.7800,2,0.887400,1,-0.513000,14.748925,3.374920,3.892438,-96.827101,0
2024-03-18,sh.600211,32.7804904000,32.9141447600,32.3724928800,32.8508348000,32.7382837600,2074743,96260078.4600,2,0.836800,1,0.343800,14.799631,3.386522,3.905820,-97.159983,0
2024-03-19,sh.600211,32.7453182000,32.8438003600,32.4498717200,32.5272505600,32.8508348000,1718903,79728475.5500,2,0.693300,1,-0.985000,14.653853,3.353165,3.867347,-96.202947,0
2024-03-20,sh.600211,32.4146995200,32.5905605200,32.1684941200,32.5764916400,32.5272505600,1535236,70716707.8600,2,0.619200,1,0.151400,14.676036,3.358241,3.873202,-96.348583,0
2024-03-21,sh.600211,32.4639406000,32.5483538800,32.1473908000,32.2107007600,32.5764916400,1535916,70549091.4600,2,0.619500,1,-1.122900,14.511244,3.320532,3.829711,-95.266716,0
2024-03-22,sh.600211,32.0840808400,32.2247696400,31.0922248000,31.3454646400,32.2107007600,2481900,110984496.0000,2,1.001000,1,-2.686200,14.121446,3.231337,3.726838,-92.707684,0
2024-03-25,sh.600211,31.0218804000,31.9222887200,30.9867082000,31.3243613200,31.3454646400,2702298,121112418.4200,2,1.089900,1,-0.067300,14.111939,3.229161,3.724329,-92.645269,0
2024-03-26,sh.600211,31.0922248000,33.3713833600,31.0781559200,33.1884879200,31.3243613200,4482786,205879363.5400,2,1.808000,1,5.951000,14.951747,3.421330,3.945965,-98.158630,0
2024-03-27,sh.600211,33.2729012000,33.2869700800,31.6549800000,31.6901522000,33.1884879200,4719358,216866596.3800,2,1.903400,1,-4.514600,13.946067,3.339603,3.563634,-45.570424,0
2024-03-28,sh.600211,31.3736024000,31.8589787600,31.1696036400,31.4931878800,31.6901522000,3576789,160245096.2000,2,1.442600,1,-0.621500,13.859388,3.318846,3.541485,-45.287190,0
2024-03-29,sh.600211,31.3102924400,31.5072567600,30.5365040400,31.0851903600,31.4931878800,3031450,133596354.1100,2,1.222700,1,-1.295500,13.679838,3.275850,3.495605,-44.700490,0
2024-04-01,sh.600211,31.0429837200,32.3584240000,30.9937426400,32.2669762800,31.0851903600,4147611,188199689.9600,2,1.672800,1,3.801800,14.199913,3.400391,3.628500,-46.399897,0
2024-04-02,sh.600211,32.1966318800,32.2810451600,31.6831177600,31.8589787600,32.2669762800,1838120,83376308.9200,2,0.741400,1,-1.264400,14.020363,3.357395,3.582619,-45.813197,0
2024-04-03,sh.600211,31.5846356000,32.4709750400,31.5846356000,32.0700119600,31.8589787600,2482478,113488568.6400,2,1.001300,1,0.662400,14.113234,3.379634,3.606350,-46.116663,0
2024-04-08,sh.600211,32.0700119600,32.0700119600,30.7053306000,30.9304326800,32.0700119600,3653824,161985560.1600,2,1.473700,1,-3.553400,13.611733,3.259542,3.478202,-44.477948,0
2024-04-09,sh.600211,30.9445015600,31.7253244000,30.7616061200,31.5846356000,30.9304326800,2362024,105259622.7600,2,0.952700,1,2.115100,13.899631,3.328483,3.551769,-45.418692,0
2024-04-10,sh.600211,31.7534621600,31.9222887200,30.8741571600,31.1344314400,31.5846356000,1949100,86641267.7600,2,0.786100,1,-1.425400,13.701507,3.281040,3.501142,-44.771298,0
2024-04-11,sh.600211,31.0851903600,31.5846356000,30.8882260400,31.0711214800,31.1344314400,1657902,73695306.3000,2,0.668700,1,-0.203300,13.673646,3.274368,3.494023,-44.680259,0
2024-04-12,sh.600211,30.9515360000,31.1766380800,30.6701584000,30.7616061200,31.0711214800,1484300,65038230.0000,2,0.598700,1,-0.996200,13.537436,3.241750,3.459217,-44.235176,0
2024-04-15,sh.600211,30.6490550800,31.6127733600,30.6490550800,31.2962235600,30.7616061200,2558300,113485664.0800,2,1.031800,1,1.737900,13.772708,3.298090,3.519336,-45.003955,0
2024-04-16,sh.600211,31.2469824800,32.3584240000,30.9726393200,31.6831177600,31.2962235600,4294404,194176212.2700,2,1.732000,1,1.236200,13.942971,3.338862,3.562843,-45.560309,0
2024-04-17,sh.600211,31.8660132000,32.2669762800,31.1625692000,32.2247696400,31.6831177600,3509811,159332172.9500,2,1.415600,1,1.709600,14.181339,3.395943,3.623753,-46.339204,0
2024-04-18,sh.600211,32.1614596800,32.9071103200,32.0067020000,32.4498717200,32.2247696400,3511555,162573692.7700,2,1.416300,1,0.698500,14.280401,3.419665,3.649067,-46.662901,0
2024-04-19,sh.600211,32.2880796000,32.6046294000,32.0137364400,32.5553883200,32.4498717200,2433800,111866564.0000,2,0.981600,1,0.325200,14.326836,3.430784,3.660932,-46.814634,0
2024-04-22,sh.600211,32.7101460000,34.1170340000,32.4991128000,33.3643489200,32.5553883200,4727190,225144255.5300,2,1.906600,1,2.484900,14.682840,3.516035,3.751902,-47.977919,0
2024-04-23,sh.600211,33.2729012000,33.8215875200,32.9422825200,33.5894510000,33.3643489200,3299580,156556970.3700,2,1.330800,1,0.674700,14.781902,3.539757,3.777215,-48.301615,0
2024-04-24,sh.600211,33.7582775600,33.8989663600,33.1673846000,33.3995211200,33.5894510000,3388089,161424422.9400,2,1.366500,1,-0.565400,14.698318,3.519741,3.755857,-48.028496,0
2024-04-25,sh.600211,33.4346933200,33.5894510000,32.8086281600,33.1040746400,33.3995211200,2405300,113397148.0000,2,0.970100,1,-0.884600,14.568300,3.488606,3.722633,-47.603644,0
2024-04-26,sh.600211,33.1181435200,33.6738642800,32.8086281600,33.3080734000,33.1040746400,3517932,165985459.2000,2,1.418900,1,0.616200,14.658075,3.510104,3.745573,-47.896994,0
2024-04-29,sh.600211,32.3654584400,33.7653120000,32.0770464000,33.4698655200,33.3080734000,5865236,274243244.2200,2,2.365600,1,0.485700,14.552670,3.223788,4.024025,-27.740476,0
2024-04-30,sh.600211,33.5255889600,34.7146372800,33.4419840000,34.0922448000,33.4698523200,6108548,223919836.8600,2,1.895200,1,1.859600,14.592431,3.232596,4.035019,-27.816269,0
2024-05-06,sh.600211,34.4359540800,37.5014692800,34.4173752000,37.5014692800,34.0922448000,9696301,380292269.8900,2,3.008300,1,10.000000,16.051674,3.555855,4.438521,-30.597896,0
2024-05-07,sh.600211,38.5325971200,38.7183859200,37.0555761600,37.5293376000,37.5014692800,11874796,481441770.4100,2,3.684200,1,0.074300,16.063602,3.558498,4.441820,-30.620634,0
2024-05-08,sh.600211,37.2134966400,38.1795984000,36.6468408000,36.8326296000,37.5293376000,6998404,280366792.6100,2,2.171300,1,-1.856400,15.765392,3.492437,4.359360,-30.052182,0
2024-05-09,sh.600211,36.6932880000,37.4085748800,36.4146048000,36.9998395200,36.8326296000,5723772,227840384.3600,2,1.775800,1,0.454000,15.836963,3.508291,4.379150,-30.188611,0
2024-05-10,sh.600211,36.9905500800,37.3342593600,36.2288160000,36.2752632000,36.9998395200,5456705,214884446.6400,2,1.693000,1,-1.958300,15.526824,3.439588,4.293392,-29.597420,0
2024-05-13,sh.600211,36.2473948800,36.4424731200,35.7271862400,35.9501328000,36.2752632000,4440230,172220747.7800,2,1.377600,1,-0.896300,15.387659,3.408759,4.254911,-29.332142,0
2024-05-14,sh.600211,35.7736334400,36.8790768000,35.7643440000,36.3681576000,35.9501328000,5420490,212649609.3600,2,1.681700,1,1.162800,15.566585,3.448396,4.304387,-29.673214,0
2024-05-15,sh.600211,36.2381054400,36.3217104000,34.9468732800,35.0304782400,36.3681576000,6292235,239592761.0600,2,1.952200,1,-3.678200,14.994021,3.321558,4.146065,-28.581785,0
2024-05-16,sh.600211,34.8446894400,35.2441353600,34.7239267200,34.8725577600,35.0304782400,3923136,147717356.6000,2,1.217200,1,-0.450800,14.926427,3.306584,4.127374,-28.452936,0
2024-05-17,sh.600211,34.8354000000,35.1419515200,34.3895068800,34.8725577600,34.8725577600,3893390,145675225.3100,2,1.207900,1,0.000000,14.926427,3.306584,4.127374,-28.452936,0
2024-05-20,sh.600211,34.9375838400,35.7643440000,34.9097155200,35.3834769600,34.8725577600,4917290,186641990.5500,2,1.525600,1,1.465100,15.145114,3.355029,4.187844,-28.869801,0
2024-05-21,sh.600211,35.4577924800,35.5878446400,34.8725577600,35.0118993600,35.3834769600,3255695,123162009.5100,2,1.010100,1,-1.050100,14.986069,3.319797,4.143866,-28.566627,0
2024-05-22,sh.600211,35.1047937600,35.1976881600,34.4359540800,34.8075316800,35.0118993600,2965470,110957207.3000,2,0.920000,1,-0.583700,14.898594,3.300419,4.119678,-28.399881,0
2024-05-23,sh.600211,34.8075316800,34.8354000000,34.1665603200,34.3709280000,34.8075316800,2766865,102612665.9500,2,0.858400,1,-1.254300,14.711715,3.259020,4.068003,-28.043650,0
2024-05-24,sh.600211,34.2966124800,34.6960584000,34.1851392000,34.2687441600,34.3709280000,2598230,96144527.4900,2,0.806100,1,-0.297300,14.667978,3.249331,4.055909,-27.960277,0
2024-05-27,sh.600211,34.3616385600,34.9747416000,33.9807715200,34.9747416000,34.2687441600,3572270,132984912.0300,2,1.108300,1,2.060200,14.970164,3.316273,4.139468,-28.536309,0
2024-05-28,sh.600211,34.9190049600,34.9190049600,34.2687441600,34.3244808000,34.9747416000,2813262,104348632.6800,2,0.872800,1,-1.859200,14.691834,3.254616,4.062506,-28.005754,0
2024-05-29,sh.600211,34.2780336000,34.6217428800,34.0922448000,34.4824012800,34.3244808000,2440530,90324624.7000,2,0.757200,1,0.460100,14.759429,3.269590,4.081197,-28.134603,0
2024-05-30,sh.600211,34.4638224000,34.4638224000,33.7299566400,33.8414299200,34.4824012800,3233695,118259459.1400,2,1.003300,1,-1.858800,14.485075,3.208814,4.005334,-27.611627,0
2024-05-31,sh.600211,33.8135616000,34.2315864000,33.8135616000,33.9343243200,33.8414299200,2273350,83314178.9000,2,0.705300,1,0.274500,14.524837,3.217622,4.016328,-27.687420,0
2024-06-03,sh.600211,33.9343243200,34.3151913600,33.4698523200,33.7206672000,33.9343243200,2534482,92304719.2000,2,0.786300,1,-0.629600,14.433385,3.197363,3.991041,-27.513095,0
2024-06-04,sh.600211,33.5348784000,34.6217428800,33.4419840000,34.5288484800,33.7206672000,3768331,138844748.8200,2,1.169100,1,2.396700,14.779309,3.273994,4.086694,-28.172500,0
2024-06-05,sh.600211,34.4638224000,34.8911366400,34.1479814400,34.1758497600,34.5288484800,3075121,114508275.3200,2,0.954100,1,-1.022300,14.628216,3.240523,4.044914,-27.884484,0
2024-06-06,sh.600211,34.1479814400,34.3802174400,33.6277728000,33.7949827200,34.1758497600,2933872,107224487.2800,2,0.910200,1,-1.114400,14.465195,3.204410,3.999837,-27.573730,0
2024-06-07,sh.600211,34.0457976000,34.2501652800,33.1168536000,33.4141156800,33.7949827200,3162821,114343922.9100,2,0.981300,1,-1.127000,14.302173,3.168296,3.954759,-27.262976,0
2024-06-11,sh.600211,33.2561952000,33.9993504000,32.9124859200,33.9900609600,33.4141156800,2507571,90663361.6000,2,0.778000,1,1.723700,14.548693,3.222907,4.022925,-27.732896,0
2024-06-12,sh.600211,33.7113777600,34.2315864000,33.6927988800,33.8971665600,33.9900609600,1882513,68741382.6800,2,0.584100,1,-0.273300,14.508932,3.214099,4.011931,-27.657103,0
2024-06-13,sh.600211,33.8414299200,34.1015342400,33.6927988800,33.8785876800,33.8971665600,1975093,72026623.1300,2,0.612800,1,-0.054800,14.500980,3.212337,4.009732,-27.641944,0
2024-06-14,sh.600211,33.8600088000,33.8878771200,33.0796958400,33.4977206400,33.8785876800,2674996,96209652.1800,2,0.829900,1,-1.124200,14.337958,3.176224,3.964654,-27.331190,0
2024-06-17,sh.600211,33.3490896000,33.9436137600,33.2561952000,33.5627467200,33.4977206400,1741148,62962027.1000,2,0.540200,1,0.194100,14.365791,3.182389,3.972350,-27.384246,0
2024-06-18,sh.600211,33.6370622400,34.0736659200,33.0704064000,33.2190374400,33.5627467200,3805535,137215750.9500,2,1.180700,1,-1.024100,14.218674,3.149799,3.931670,-27.103809,0
2024-06-19,sh.600211,33.0518275200,33.2469057600,32.0950152000,32.4480139200,33.2190374400,3834707,134489870.7300,2,1.189700,1,-2.321000,13.888654,3.076691,3.840415,-26.474722,0
2024-06-20,sh.600211,32.3272512000,32.7452760000,31.6119643200,31.7513059200,32.4480139200,3076552,106261883.1000,2,0.954500,1,-2.147200,13.590444,3.010630,3.757955,-25.906269,0
2024-06-21,sh.600211,31.6026748800,32.5501977600,31.5933854400,32.0485680000,31.7513059200,1974000,68227209.0000,2,0.612400,1,0.936200,13.717680,3.038816,3.793138,-26.148809,0
2024-06-24,sh.600211,31.7791742400,31.8163320000,30.9152563200,31.0545979200,32.0485680000,2988800,100678221.4000,2,0.927300,1,-3.101400,13.292233,2.944569,3.675496,-25.337817,0
2024-06-25,sh.600211,30.9152563200,31.3518600000,30.6458625600,30.8223619200,31.0545979200,2080590,69390910.5000,2,0.645500,1,-0.747800,13.192830,2.922548,3.648009,-25.148333,0
2024-06-26,sh.600211,30.7944936000,31.3890177600,30.4786526400,31.3239916800,30.8223619200,2476956,82567493.9600,2,0.768500,1,1.627500,13.407541,2.970113,3.707380,-25.557619,0
2024-06-27,sh.600211,31.1939395200,31.1939395200,30.0699172800,30.1163644800,31.3239916800,3302951,108144892.1500,2,1.024700,1,-3.855300,12.890643,2.855606,3.564450,-24.572301,0
2024-06-28,sh.600211,29.9305756800,30.5901259200,29.9212862400,30.2649955200,30.1163644800,2210260,72323354.9900,2,0.685700,1,0.493500,12.954262,2.869699,3.582042,-24.693571,0
2024-07-01,sh.600211,30.2557060800,30.9524140800,29.9212862400,30.9524140800,30.2649955200,2405805,79083277.8000,2,0.746400,1,2.271300,13.248496,2.934880,3.663402,-25.254444,0
2024-07-02,sh.600211,30.7944936000,30.9338352000,30.4786526400,30.6644414400,30.9524140800,1658720,54851586.6000,2,0.514600,1,-0.930400,13.125236,2.907575,3.629318,-25.019484,0
2024-07-03,sh.600211,30.6551520000,30.8502302400,30.2278377600,30.4043371200,30.6644414400,1550790,50820684.3000,2,0.481100,1,-0.848200,13.013904,2.882912,3.598534,-24.807262,0
2024-07-04,sh.600211,30.5158104000,30.5529681600,29.6890502400,29.8376812800,30.4043371200,1779490,57550937.6000,2,0.552100,1,-1.863700,12.771359,2.829182,3.531466,-24.344920,0
2024-07-05,sh.600211,29.6983396800,30.5715470400,29.6426030400,30.4972315200,29.8376812800,2118031,68585125.6300,2,0.657100,1,2.210500,13.053665,2.891720,3.609528,-24.883055,0
2024-07-08,sh.600211,30.3393110400,30.4786526400,29.3639198400,29.4475248000,30.4972315200,2212000,70807585.3000,2,0.686300,1,-3.442000,12.604361,2.792188,3.485289,-24.026587,0
2024-07-09,sh.600211,29.2988937600,29.8376812800,29.0109211200,29.7354974400,29.4475248000,2089791,66391426.5000,2,0.648400,1,0.977900,12.727622,2.819493,3.519372,-24.261547,0
2024-07-10,sh.600211,29.7354974400,30.6644414400,29.5404192000,30.0513384000,29.7354974400,2381100,77452318.8000,2,0.738700,1,1.062200,12.862810,2.849441,3.556754,-24.519246,0
2024-07-11,sh.600211,30.4693632000,30.9988612800,30.2835744000,30.9152563200,30.0513384000,2608882,86279276.3200,2,0.809400,1,2.874800,13.232591,2.931357,3.659004,-25.224127,0
2024-07-12,sh.600211,30.9802824000,31.2682550400,30.7480464000,31.1382028800,30.9152563200,2124476,70913121.4000,2,0.659100,1,0.721200,13.328019,2.952496,3.685391,-25.406031,0
2024-07-15,sh.600211,30.9245457600,31.1103345600,30.5715470400,30.9709929600,31.1382028800,1591986,52865797.0200,2,0.493900,1,-0.537000,13.256448,2.936642,3.665601,-25.269603,0
2024-07-16,sh.600211,30.8316513600,30.9431246400,30.5808364800,30.8223619200,30.9709929600,1256508,41589285.9700,2,0.389800,1,-0.479900,13.192830,2.922548,3.648009,-25.148333,0
2024-07-17,sh.600211,30.8223619200,31.3425705600,30.6737308800,31.1753606400,30.8223619200,2192870,73349985.0200,2,0.680300,1,1.145300,13.343923,2.956020,3.689789,-25.436349,0
2024-07-18,sh.600211,31.1010451200,31.5840960000,30.7666252800,31.5748065600,31.1753606400,2778307,93618706.9000,2,0.862000,1,1.281300,13.514897,2.993895,3.737066,-25.762262,0
2024-07-19,sh.600211,31.6026748800,31.7141481600,31.2125184000,31.3518600000,31.5748065600,2151129,72950643.3400,2,0.667400,1,-0.706100,13.419470,2.972755,3.710678,-25.580357,0
2024-07-22,sh.600211,31.2961233600,31.7234376000,31.1010451200,31.3425705600,31.3518600000,1742919,58893624.7100,2,0.540700,1,-0.029600,13.415494,2.971874,3.709579,-25.572777,0
2024-07-23,sh.600211,31.3054128000,31.3890177600,30.2557060800,30.2557060800,31.3425705600,2370892,78312771.5100,2,0.735600,1,-3.467700,12.950285,2.868819,3.580942,-24.685992,0
2024-07-24,sh.600211,30.1070750400,30.4136265600,29.6333136000,29.7447868800,30.2557060800,1735206,55881369.1900,2,0.538400,1,-1.688700,12.731598,2.820374,3.520472,-24.269127,0
2024-07-25,sh.600211,29.4475248000,30.2557060800,29.4382353600,29.9212862400,29.7447868800,1389979,44829032.9500,2,0.431200,1,0.593400,12.807144,2.837109,3.541362,-24.413135,0
2024-07-26,sh.600211,29.8283918400,30.3114427200,29.8191024000,30.1163644800,29.9212862400,1153640,37283660.7500,2,0.357900,1,0.652000,12.890643,2.855606,3.564450,-24.572301,0
2024-07-29,sh.600211,30.0699172800,30.0699172800,29.5032614400,29.5032614400,30.1163644800,1473963,47049018.4400,2,0.457300,1,-2.035800,12.628218,2.797473,3.491886,-24.072063,0
2024-07-30,sh.600211,29.3546304000,29.7262080000,29.2152888000,29.5032614400,29.5032614400,1269340,40229102.5000,2,0.393800,1,0.000000,12.628218,2.797473,3.491886,-24.072063,0
2024-07-31,sh.600211,29.7540763200,31.4540438400,29.4939720000,31.4168860800,29.5032614400,3887604,128495344.8400,2,1.206100,1,6.486100,13.447303,2.978921,3.718375,-25.633412,0
2024-08-01,sh.600211,31.4819121600,31.6769904000,30.8595196800,31.3239916800,31.4168860800,2185945,73565705.0500,2,0.678200,1,-0.295700,13.407541,2.970113,3.707380,-25.557619,0
2024-08-02,sh.600211,31.0267296000,32.0206996800,31.0267296000,31.4168860800,31.3239916800,2520701,85798363.4300,2,0.782100,1,0.296600,13.447303,2.978921,3.718375,-25.633412,0
2024-08-05,sh.600211,31.3611494400,32.0764363200,31.0731768000,31.0917556800,31.4168860800,2881790,97796110.9000,2,0.894100,1,-1.034900,13.308138,2.948092,3.679894,-25.368135,0
2024-08-06,sh.600211,31.5562276800,31.7698848000,31.1196240000,31.6677009600,31.0917556800,2147403,72701057.0300,2,0.666200,1,1.852400,13.554659,3.002703,3.748060,-25.838055,0
2024-08-07,sh.600211,31.5097804800,31.8070425600,31.2310972800,31.5190699200,31.6677009600,1782554,60429729.4200,2,0.553000,1,-0.469300,13.491040,2.988610,3.730469,-25.716785,0
2024-08-08,sh.600211,31.3983072000,32.0671468800,31.3611494400,31.7513059200,31.5190699200,2353697,80421962.2400,2,0.730200,1,0.736800,13.590444,3.010630,3.757955,-25.906269,0
2024-08-09,sh.600211,31.7420164800,32.1600412800,31.4261755200,31.4447544000,31.7513059200,1977540,67658016.4000,2,0.613500,1,-0.965500,13.459231,2.981563,3.721673,-25.656150,0
2024-08-12,sh.600211,31.2218078400,32.3736984000,31.2218078400,32.0206996800,31.4447544000,3555705,122678101.9000,2,1.103200,1,1.831600,13.705752,3.036174,3.789840,-26.126071,0
2024-08-13,sh.600211,32.0671468800,32.0764363200,31.5376488000,32.0671468800,32.0206996800,3043238,104159547.8700,2,0.944200,1,0.145100,13.725633,3.040578,3.795337,-26.163968,0
2024-08-14,sh.600211,32.3922772800,33.0611169600,32.1600412800,32.7174076800,32.0671468800,5084000,178498899.6200,2,1.577300,1,2.027800,13.707828,2.993914,3.876033,60.148277,0
2024-08-15,sh.600211,32.8939070400,33.0611169600,32.4108561600,32.7917232000,32.7174076800,3958037,139610817.5300,2,1.228000,1,0.227100,13.738964,3.000714,3.884837,60.284900,0
2024-08-16,sh.600211,32.6245132800,33.3955368000,32.3736984000,33.2840635200,32.7917232000,4402567,156242647.3500,2,1.365900,1,1.501400,13.945243,3.045768,3.943164,61.190027,0
2024-08-19,sh.600211,33.2840635200,33.8878771200,33.0704064000,33.4234051200,33.2840635200,4480794,161643719.1400,2,1.390200,1,0.418600,14.003624,3.058519,3.959672,61.446196,0
2024-08-20,sh.600211,33.4234051200,33.7206672000,33.0239592000,33.2469057600,33.4234051200,2999633,107604154.7300,2,0.930600,1,-0.528100,13.929675,3.042367,3.938762,61.121716,0
2024-08-21,sh.600211,33.1725902400,33.5813256000,32.7174076800,32.7917232000,33.2469057600,2999707,106616030.4300,2,0.930700,1,-1.369100,13.738964,3.000714,3.884837,60.284900,0
2024-08-22,sh.600211,32.7917232000,33.0704064000,32.6152238400,32.6616710400,32.7917232000,2222516,78447658.9700,2,0.689500,1,-0.396600,13.684475,2.988814,3.869430,60.045810,0
2024-08-23,sh.600211,32.6616710400,33.0982747200,32.2715145600,32.5223294400,32.6616710400,2275080,79961888.6000,2,0.705800,1,-0.426600,13.626094,2.976063,3.852922,59.789642,0
2024-08-26,sh.600211,32.5780660800,32.9775120000,32.2343568000,32.6988288000,32.5223294400,2741261,96167672.7000,2,0.850500,1,0.542700,13.700043,2.992214,3.873832,60.114121,0
2024-08-27,sh.600211,32.6988288000,32.9775120000,32.4665928000,32.8660387200,32.6988288000,2487579,87813512.4200,2,0.771800,1,0.511400,13.770100,3.007515,3.893641,60.421523,0
2024-08-28,sh.600211,32.9310648000,32.9310648000,32.4294350400,32.7452760000,32.8660387200,2202772,77469503.4200,2,0.683400,1,-0.367400,13.719504,2.996464,3.879334,60.199511,0
2024-08-29,sh.600211,32.5733430000,33.2228994000,32.1052803000,33.1560333000,32.7452844000,2932932,100947389.8400,2,0.909900,1,1.254400,13.509333,2.950561,3.819906,59.277305,0
2024-08-30,sh.600211,33.1655856000,33.6814098000,32.9076735000,33.1655856000,33.1560333000,3488330,121747325.6800,2,1.082300,1,0.028800,13.513225,2.951411,3.821007,59.294383,0
2024-09-02,sh.600211,33.1369287000,33.5954391000,32.2294602000,32.2676694000,33.1655856000,2907560,99370780.8800,2,0.902100,1,-2.707400,13.147371,2.871505,3.717558,57.689063,0
2024-09-03,sh.600211,32.3058786000,32.9172258000,32.0097573000,32.3345355000,32.2676694000,2003890,68223852.7000,2,0.621700,1,0.207200,13.174616,2.877456,3.725261,57.808608,0
2024-09-04,sh.600211,32.2390125000,32.6019999000,32.0193096000,32.1625941000,32.3345355000,1827406,61774230.0700,2,0.567000,1,-0.531800,13.104559,2.862155,3.705452,57.501206,0
2024-09-05,sh.600211,32.2772217000,32.6211045000,32.1912510000,32.3918493000,32.1625941000,1364843,46375819.4600,2,0.423400,1,0.712800,13.197968,2.882556,3.731864,57.911075,0
2024-09-06,sh.600211,32.4682677000,32.5160292000,31.7136360000,31.7231883000,32.3918493000,1949222,65386503.5600,2,0.604700,1,-2.064300,12.925524,2.823052,3.654828,56.715624,0
2024-09-09,sh.600211,31.5799038000,31.8760251000,31.4079624000,31.4461716000,31.7231883000,1860790,61468446.8000,2,0.577300,1,-0.873200,12.812654,2.798400,3.622913,56.220366,0
2024-09-10,sh.600211,31.4270670000,31.5607992000,30.6724353000,31.3219917000,31.4461716000,1978819,64301664.7500,2,0.613900,1,-0.394900,12.762058,2.787349,3.608606,55.998353,0
2024-09-11,sh.600211,31.2073641000,31.5799038000,30.9781089000,31.5225900000,31.3219917000,1124100,36923225.2000,2,0.348800,1,0.640400,12.843791,2.805201,3.631717,56.356989,0
2024-09-12,sh.600211,31.5034854000,31.8855774000,30.8348244000,30.8443767000,31.5225900000,1849230,60598070.2000,2,0.573700,1,-2.151500,12.567455,2.744846,3.553580,55.144460,0
2024-09-13,sh.600211,31.0927365000,31.0927365000,30.3094479000,30.3954186000,30.8443767000,1353150,43360309.6000,2,0.419800,1,-1.455600,12.384528,2.704893,3.501856,54.341799,0
2024-09-18,sh.600211,30.5291508000,30.5387031000,29.8986990000,30.4336278000,30.3954186000,1505637,47587292.1500,2,0.467100,1,0.125700,12.400096,2.708294,3.506258,54.410111,0
2024-09-19,sh.600211,30.4718370000,31.2073641000,30.2616864000,30.7393014000,30.4336278000,2330192,74939187.6600,2,0.722900,1,1.004400,12.524642,2.735496,3.541474,54.956603,0
2024-09-20,sh.600211,30.7488537000,30.8348244000,30.2425818000,30.4336278000,30.7393014000,1794614,57145693.1400,2,0.556800,1,-0.994400,12.400096,2.708294,3.506258,54.410111,0
2024-09-23,sh.600211,30.4527324000,30.8634813000,30.3763140000,30.4909416000,30.4336278000,1453020,46493284.4200,2,0.450800,1,0.188300,12.423448,2.713394,3.512861,54.512578,0
2024-09-24,sh.600211,30.6055692000,31.8378159000,30.4431801000,31.8091590000,30.4909416000,3805523,124557932.1500,2,1.180700,1,4.323300,12.960552,2.830702,3.664733,56.869325,0
2024-09-25,sh.600211,31.9046820000,33.0987195000,31.9046820000,32.3727447000,31.8091590000,4177436,142749510.7400,2,1.296100,1,1.771800,13.190184,2.880856,3.729663,57.876920,0
2024-09-26,sh.600211,32.4300585000,33.5858868000,32.1625941000,33.5763345000,32.3727447000,3836540,132212370.5200,2,1.190300,1,3.717900,13.680583,2.987964,3.868329,60.028732,0
2024-09-27,sh.600211,34.0921587000,35.2384347000,33.8246943000,35.1620163000,33.5763345000,4949853,179137557.3100,2,1.535700,1,4.722600,14.326665,3.129074,4.051015,62.863659,0
2024-09-30,sh.600211,36.5853090000,38.6772627000,36.5662044000,38.6772627000,35.1620163000,12237083,485867442.3700,2,3.796600,1,9.997300,15.758942,3.441896,4.456007,69.148317,0
2024-10-08,sh.600211,42.5459442000,42.5459442000,40.2629445000,42.5459442000,38.6772627000,15491729,680689843.2500,2,4.806300,1,10.002500,17.335225,3.786171,4.901718,76.064857,0
2024-10-09,sh.600211,42.1638522000,43.0999776000,39.6420450000,39.7280157000,42.5459442000,12229741,528885366.3000,2,3.794300,1,-6.623300,16.187068,3.535403,4.577064,71.026884,0
2024-10-10,sh.600211,39.5465220000,41.6862372000,39.0402501000,39.0689070000,39.7280157000,9780786,410115170.6800,2,3.034500,1,-1.659100,15.918516,3.476749,4.501128,69.848510,0
2024-10-11,sh.600211,39.1644300000,39.2695053000,36.9674010000,37.4450160000,39.0689070000,6975439,276419904.2900,2,2.164100,1,-4.156500,15.256867,3.332238,4.314040,66.945271,0
2024-10-14,sh.600211,37.4545683000,38.0181540000,36.5279952000,37.8653172000,37.4450160000,5516223,215606107.2100,2,1.711400,1,1.122400,15.428117,3.369641,4.362463,67.696698,0
2024-10-15,sh.600211,37.6456143000,38.0850201000,36.8814303000,36.9291918000,37.8653172000,4030068,158012962.5200,2,1.250300,1,-2.472300,15.046695,3.286335,4.254612,66.023066,0
2024-10-16,sh.600211,36.2987400000,37.1202378000,36.1841124000,36.3465015000,36.9291918000,3757630,143867145.5400,2,1.165800,1,-1.577900,14.809280,3.234481,4.187480,64.981316,0
2024-10-17,sh.600211,36.6712797000,36.7763550000,35.8593342000,35.8593342000,36.3465015000,3454865,131295954.9500,2,1.071900,1,-1.340300,14.610785,3.191128,4.131353,64.110344,0
2024-10-18,sh.600211,35.6300790000,37.7411373000,35.4390330000,36.9865056000,35.8593342000,7479301,286313541.7000,2,2.320500,1,3.143300,15.070048,3.291435,4.261215,66.125533,0
2024-10-21,sh.600211,37.1297901000,37.9703925000,36.7094889000,37.6265097000,36.9865056000,6396098,250145970.3000,2,1.984400,1,1.730400,15.330816,3.348389,4.334950,67.269751,0
2024-10-22,sh.600211,37.7315850000,38.0468109000,37.3303884000,37.7888988000,37.6265097000,4672731,184290715.5600,2,1.449700,1,0.431600,15.396981,3.362840,4.353658,67.560075,0
2024-10-23,sh.600211,37.8271080000,38.0372586000,37.3494930000,37.7506896000,37.7888988000,4557896,179969814.8800,2,1.414100,1,-0.101100,15.381412,3.359440,4.349256,67.491763,0
2024-10-24,sh.600211,37.6169574000,38.4480075000,37.5405390000,38.0372586000,37.7506896000,5576439,221754214.6600,2,1.730100,1,0.759100,15.498174,3.384942,4.382272,68.004100,0
2024-10-25,sh.600211,38.0181540000,38.3811414000,37.6074051000,38.3047230000,38.0372586000,4739961,188571631.2600,2,1.470600,1,0.703200,15.607152,3.408744,4.413087,68.482280,0
2024-10-28,sh.600211,38.5721874000,38.5721874000,37.6551666000,38.0181540000,38.3047230000,4593592,182560399.0900,2,1.425200,1,-0.748100,15.490390,3.383242,4.380071,67.969944,0
2024-10-29,sh.600211,38.1232293000,38.2378569000,37.0629240000,37.0820286000,38.0181540000,6127978,240389106.6200,2,1.901200,1,-2.462300,15.108968,3.299936,4.272220,66.296312,0
2024-10-30,sh.600211,36.6903843000,36.7668027000,35.5823175000,36.1267986000,37.0820286000,7439518,280269129.2400,2,2.308100,1,-2.576000,16.530332,3.358191,4.143813,-58.190863,0
2024-10-31,sh.600211,36.2987400000,36.5470998000,35.8497819000,36.0408279000,36.1267986000,4966584,188060082.2000,2,1.540900,1,-0.238000,16.490995,3.350200,4.133952,-58.052386,0
2024-11-01,sh.600211,35.6873928000,36.7190412000,35.6396313000,36.1554555000,36.0408279000,5477182,207794144.5200,2,1.699300,1,0.318000,16.543445,3.360855,4.147100,-58.237022,0
2024-11-04,sh.600211,36.0217233000,37.0151625000,36.0217233000,36.9387441000,36.1554555000,4637555,177907486.5000,2,1.438800,1,2.166400,16.901850,3.433666,4.236945,-59.498695,0
2024-11-05,sh.600211,36.8241165000,37.3685976000,36.4611291000,37.2921792000,36.9387441000,5666531,220077996.6000,2,1.758000,1,0.956800,17.063569,3.466520,4.277485,-60.067987,0
2024-11-06,sh.600211,37.2539700000,37.9990494000,36.9865056000,37.3017315000,37.2921792000,6278572,246390542.8200,2,1.947900,1,0.025600,17.067940,3.467408,4.278581,-60.083374,0
2024-11-07,sh.600211,37.1106855000,38.4957690000,36.9960579000,38.4002460000,37.3017315000,8060324,321388338.0500,2,2.500700,1,2.944900,17.570581,3.569521,4.404582,-61.852794,0
2024-11-08,sh.600211,39.3650283000,39.7184634000,38.2665138000,38.3429322000,38.4002460000,7150939,289880441.1700,2,2.218600,1,-0.149300,17.544356,3.564193,4.398008,-61.760477,0
2024-11-11,sh.600211,38.1423339000,38.6390535000,37.7506896000,38.4862167000,38.3429322000,6084670,243754605.8400,2,1.887800,1,0.373700,17.609918,3.577512,4.414443,-61.991271,0
2024-11-12,sh.600211,38.6868150000,40.0050324000,38.5148736000,38.8874133000,38.4862167000,9399838,386944373.4200,2,2.916300,1,1.042400,17.793491,3.614806,4.460461,-62.637494,0
2024-11-13,sh.600211,38.6868150000,39.2121915000,37.8653172000,38.3620368000,38.8874133000,5538887,222687872.1200,2,1.718400,1,-1.351000,17.553098,3.565969,4.400200,-61.791249,0
2024-11-14,sh.600211,38.2092000000,38.4575598000,37.1584470000,37.1966562000,38.3620368000,4271990,169242374.5000,2,1.325400,1,-3.037800,17.019861,3.457640,4.266528,-59.914125,0
2024-11-15,sh.600211,37.1775516000,37.5691959000,36.5853090000,36.5948613000,37.1966562000,4042170,157083957.6400,2,1.254100,1,-1.617900,16.744501,3.401700,4.197501,-58.944790,0
2024-11-18,sh.600211,36.6139659000,37.0915809000,36.1076940000,36.2509785000,36.5948613000,3613726,138487880.9800,2,1.121200,1,-0.939700,16.587153,3.369734,4.158057,-58.390884,0
2024-11-19,sh.600211,36.4229199000,36.8241165000,36.1172463000,36.7668027000,36.2509785000,2968385,113356127.9400,2,0.920900,1,1.422900,16.823175,3.417683,4.217223,-59.221743,0
2024-11-20,sh.600211,36.6808320000,37.1393424000,36.5375475000,36.9387441000,36.7668027000,3465918,133933066.3600,2,1.075300,1,0.467700,16.901850,3.433666,4.236945,-59.498695,0
2024-11-21,sh.600211,36.8718780000,36.9387441000,36.0121710000,36.3178446000,36.9387441000,4478707,170978469.3400,2,1.389500,1,-1.680900,16.617748,3.375950,4.165727,-58.498588,0
2024-11-22,sh.600211,36.2987400000,36.2987400000,34.6652967000,34.6748490000,36.3178446000,6672521,247413279.6200,2,2.070200,1,-4.523900,15.865972,3.223224,3.977272,-55.852150,0
2024-11-25,sh.600211,34.6652967000,34.9614180000,34.3214139000,34.7608197000,34.6748490000,3303845,119934070.4300,2,1.025000,1,0.247900,15.905309,3.231216,3.987133,-55.990626,0
2024-11-26,sh.600211,34.6175352000,35.1811209000,34.4838030000,34.7512674000,34.7608197000,2505870,91459681.9100,2,0.777400,1,-0.027500,15.900938,3.230328,3.986037,-55.975240,0
2024-11-27,sh.600211,34.7608197000,35.4199284000,34.3023093000,35.4199284000,34.7512674000,3089095,112810547.1500,2,0.958400,1,1.924100,16.206894,3.292484,4.062734,-57.052279,0
2024-11-28,sh.600211,35.4294807000,35.4867945000,34.8658950000,34.8849996000,35.4199284000,2945523,108437643.7900,2,0.913900,1,-1.510200,15.962130,3.242759,4.001377,-56.190648,0
2024-11-29,sh.600211,34.7226105000,35.7733635000,34.7226105000,35.5154514000,34.8849996000,3724129,137956858.2300,2,1.155400,1,1.807200,16.250602,3.301363,4.073691,-57.206142,0
2024-12-02,sh.600211,35.3530623000,35.8211250000,35.3148531000,35.8020204000,35.5154514000,3318724,123723553.6800,2,1.029600,1,0.806900,16.381725,3.328001,4.106561,-57.667730,0
2024-12-03,sh.600211,35.6682882000,36.1076940000,35.4294807000,35.6873928000,35.8020204000,2699667,100794136.3500,2,0.837600,1,-0.320200,16.329276,3.317346,4.093413,-57.483094,0
2024-12-04,sh.600211,35.6396313000,35.9070957000,35.2002255000,35.2957485000,35.6873928000,2813630,104798371.9100,2,0.872900,1,-1.097400,16.150074,3.280940,4.048490,-56.852257,0
2024-12-05,sh.600211,35.2288824000,35.4867945000,35.0760456000,35.3435100000,35.2957485000,1813662,67006510.3000,2,0.562700,1,0.135300,16.171927,3.285380,4.053969,-56.929189,0
2024-12-06,sh.600211,35.3339577000,35.8784388000,35.2384347000,35.8402296000,35.3435100000,2879791,107470047.7000,2,0.893500,1,1.405400,16.399209,3.331553,4.110943,-57.729275,0
2024-12-09,sh.600211,35.9548572000,36.1650078000,35.5250037000,35.5823175000,35.8402296000,2759857,103476561.5200,2,0.856200,1,-0.719600,16.281197,3.307579,4.081360,-57.313845,0
2024-12-10,sh.600211,36.2509785000,36.5375475000,35.9644095000,36.0408279000,35.5823175000,4151031,157272968.7300,2,1.287900,1,1.288600,16.490995,3.350200,4.133952,-58.052386,0
2024-12-11,sh.600211,36.0503802000,36.4993383000,35.9262003000,36.4515768000,36.0408279000,3365681,127835340.8400,2,1.044200,1,1.139700,16.678939,3.388381,4.181066,-58.713996,0
2024-12-12,sh.600211,36.4420245000,36.9482964000,36.2223216000,36.8814303000,36.4515768000,4155807,159708035.9700,2,1.289300,1,1.179200,16.875625,3.428338,4.230371,-59.406378,0
2024-12-13,sh.600211,36.7763550000,36.7763550000,35.7638112000,35.8020204000,36.8814303000,3939520,149309105.8800,2,1.222200,1,-2.926700,16.381725,3.328001,4.106561,-57.667730,0
2024-12-16,sh.600211,35.7256020000,35.9070957000,35.2575393000,35.3053008000,35.8020204000,2862249,106402595.7300,2,0.888000,1,-1.387400,16.154444,3.281828,4.049586,-56.867644,0
2024-12-17,sh.600211,35.3053008000,35.7256020000,35.0664933000,35.2670916000,35.3053008000,2362830,87477524.0000,2,0.733100,1,-0.108200,16.136961,3.278277,4.045203,-56.806099,0
2024-12-18,sh.600211,35.4676899000,35.5823175000,35.1620163000,35.3721669000,35.2670916000,1940624,71875188.9600,2,0.602100,1,0.297900,16.185040,3.288044,4.057256,-56.975348,0
2024-12-19,sh.600211,35.1620163000,35.5345560000,35.0187318000,35.4581376000,35.3721669000,2063133,76107502.3100,2,0.640100,1,0.243000,16.224377,3.296035,4.067117,-57.113824,0
2024-12-20,sh.600211,35.3435100000,35.8020204000,35.2575393000,35.5727652000,35.4581376000,1758575,65565633.7400,2,0.545600,1,0.323300,16.276826,3.306691,4.080265,-57.298459,0
2024-12-23,sh.600211,35.6205267000,35.8975434000,35.1524640000,35.2193301000,35.5727652000,2383073,88688050.5200,2,0.739400,1,-0.993600,16.115107,3.273837,4.039725,-56.729167,0
2024-12-24,sh.600211,35.1715686000,35.7733635000,35.0664933000,35.7256020000,35.2193301000,2139261,79772918.5500,2,0.663700,1,1.437500,16.346759,3.320898,4.097795,-57.544639,0
2024-12-25,sh.600211,35.8497819000,36.0312756000,35.4103761000,35.6396313000,35.7256020000,1983260,73969106.8000,2,0.615300,1,-0.240600,16.307422,3.312906,4.087934,-57.406163,0
2024-12-26,sh.600211,35.5345560000,35.7447066000,35.5154514000,35.6587359000,35.6396313000,1759860,65643226.7000,2,0.546000,1,0.053600,16.316164,3.314682,4.090126,-57.436936,0
2024-12-27,sh.600211,35.6587359000,36.0217233000,35.4294807000,35.9166480000,35.6587359000,2271612,85145290.9300,2,0.704800,1,0.723300,16.434175,3.338656,4.119709,-57.852365,0
2024-12-30,sh.600211,35.9166480000,36.2509785000,35.7447066000,36.0312756000,35.9166480000,2549750,96237557.9400,2,0.791100,1,0.319100,16.486624,3.349312,4.132857,-58.037000,0
2024-12-31,sh.600211,36.0121710000,36.2223216000,35.2861962000,35.2861962000,36.0312756000,2723011,101798086.0300,2,0.844800,1,-2.067900,16.145703,3.280052,4.047395,-56.836871,0
2025-01-02,sh.600211,35.0855979000,35.3244054000,33.9393219000,34.1017110000,35.2861962000,3348229,121654528.6800,2,1.038800,1,-3.356800,15.603725,3.169948,3.911532,-54.928974,0
2025-01-03,sh.600211,34.0061880000,35.0378364000,34.0061880000,34.1399202000,34.1017110000,2914970,105336569.6700,2,0.904400,1,0.112000,15.621208,3.173500,3.915915,-54.990519,0
2025-01-06,sh.600211,34.2258909000,35.4390330000,34.2163386000,34.8658950000,34.1399202000,3492899,127558866.8900,2,1.083700,1,2.126500,15.953388,3.240983,3.999185,-56.159875,0
2025-01-07,sh.600211,34.8754473000,34.9136565000,34.0635018000,34.4646984000,34.8658950000,2518869,90711793.9300,2,0.781500,1,-1.150700,15.769815,3.203689,3.953167,-55.513652,0
2025-01-08,sh.600211,34.2449955000,34.5411168000,33.3566316000,34.0061880000,34.4646984000,2860395,101684894.6200,2,0.887400,1,-1.330400,15.560017,3.161068,3.900575,-54.775111,0
2025-01-09,sh.600211,33.7673805000,34.0539495000,33.4521546000,33.8437989000,34.0061880000,1730967,61326076.9800,2,0.537000,1,-0.477500,15.485713,3.145973,3.881949,-54.513545,0
2025-01-10,sh.600211,33.6814098000,34.0252926000,33.3566316000,33.3948408000,33.8437989000,1751883,61782438.7900,2,0.543500,1,-1.326600,15.280286,3.104240,3.830453,-53.790390,0
2025-01-13,sh.600211,33.1082718000,33.5476776000,33.1082718000,33.3375270000,33.3948408000,1473832,51406849.8600,2,0.457300,1,-0.171600,15.254061,3.098913,3.823879,-53.698073,0
2025-01-14,sh.600211,33.3470793000,34.2736524000,33.3375270000,34.2258909000,33.3375270000,2394862,84965380.6300,2,0.743000,1,2.664800,15.660545,3.181491,3.925776,-55.128996,0
2025-01-15,sh.600211,34.1494725000,34.2449955000,33.9202173000,34.0157403000,34.2258909000,1395360,49688312.1000,2,0.432900,1,-0.614000,15.564388,3.161956,3.901671,-54.790498,0
2025-01-16,sh.600211,34.0157403000,34.5124599000,33.7960374000,33.9870834000,34.0157403000,1935731,69281773.3200,2,0.600600,1,-0.084200,15.551275,3.159292,3.898384,-54.744339,0
2025-01-17,sh.600211,33.8342466000,34.5411168000,33.8342466000,34.4264892000,33.9870834000,1622113,58237091.1300,2,0.503300,1,1.292900,15.752332,3.200138,3.948785,-55.452107,0
2025-01-20,sh.600211,34.5793260000,34.9518657000,34.4169369000,34.4551461000,34.4264892000,1855558,67278499.4200,2,0.575700,1,0.083200,15.765444,3.202802,3.952072,-55.498266,0
2025-01-21,sh.600211,34.6379400000,34.7822647500,34.1087492500,34.7149132000,34.4551286500,1602110,57384360.1000,2,0.497100,1,0.754000,15.769815,3.203689,3.953167,-55.513652,0
2025-01-22,sh.600211,34.6668049500,34.8303730000,34.4070204000,34.5224802000,34.7149132000,1337600,48036060.4000,2,0.415000,1,-0.554300,15.682399,3.185931,3.931254,-55.205927,0
2025-01-23,sh.600211,34.8111297000,34.9746977500,34.4070204000,34.4166420500,34.5224802000,1900630,68477775.3200,2,0.589700,1,-0.306600,15.634320,3.176163,3.919202,-55.036678,0
2025-01-24,sh.600211,34.3685338000,34.6090750500,34.1568575000,34.3685338000,34.4166420500,1582020,56460935.1000,2,0.490800,1,-0.139800,15.612466,3.171724,3.913723,-54.959747,0
2025-01-27,sh.600211,34.4455070000,34.9169678500,34.3300472000,34.6283183500,34.3685338000,1636582,58946944.0400,2,0.507800,1,0.755900,15.730478,3.195698,3.943306,-55.375176,0
2025-02-05,sh.600211,34.6379400000,34.8207513500,34.4551286500,34.5224802000,34.6283183500,1874402,67492244.1000,2,0.581500,1,-0.305600,15.682399,3.185931,3.931254,-55.205927,0
2025-02-06,sh.600211,34.3877771000,34.8015080500,34.1857224500,34.7437781500,34.5224802000,2261072,81189280.4100,2,0.701500,1,0.641000,15.782927,3.206353,3.956454,-55.559811,0
2025-02-07,sh.600211,34.7341565000,35.2825905500,34.5417235000,35.0324276500,34.7437781500,2938122,106921124.9800,2,0.911600,1,0.830800,15.914051,3.232992,3.989324,-56.021399,0
2025-02-10,sh.600211,35.0324276500,35.2825905500,34.8111297000,35.1190225000,35.0324276500,2278561,83164471.6000,2,0.706900,1,0.247200,15.953388,3.240983,3.999185,-56.159875,0
2025-02-11,sh.600211,35.1190225000,35.2729689000,34.6571833000,35.0131843500,35.1190225000,2172324,78731391.2600,2,0.674000,1,-0.301400,15.905309,3.231216,3.987133,-55.990626,0
2025-02-12,sh.600211,34.9265895000,35.0709142500,34.7052915500,34.9169678500,35.0131843500,1822294,66047397.4000,2,0.565400,1,-0.274800,15.861601,3.222336,3.976176,-55.836764,0
2025-02-13,sh.600211,34.9073462000,35.2633472500,34.8303730000,34.9362111500,34.9169678500,2887775,105301508.9700,2,0.895900,1,0.055100,15.870343,3.224112,3.978368,-55.867536,0
2025-02-14,sh.600211,34.9554544500,35.4942668500,34.9554544500,35.1190225000,34.9362111500,2800252,102459370.4800,2,0.868800,1,0.523300,15.953388,3.240983,3.999185,-56.159875,0
2025-02-17,sh.600211,35.3210771500,35.3788070500,34.7437781500,34.8015080500,35.1190225000,3194860,116317651.7800,2,0.991200,1,-0.904100,15.809152,3.211681,3.963028,-55.652129,0
2025-02-18,sh.600211,34.7822647500,34.9265895000,33.9066946000,34.0413977000,34.8015080500,3417376,121818167.1000,2,1.060200,1,-2.184100,15.463859,3.141534,3.876471,-54.436613,0
2025-02-19,sh.600211,34.1087492500,34.2242090500,33.8874513000,34.1376142000,34.0413977000,2136741,75659717.6000,2,0.662900,1,0.282600,15.507567,3.150413,3.887427,-54.590476,0
2025-02-20,sh.600211,34.1568575000,34.6860482500,34.0125327500,34.3396688500,34.1376142000,2751281,98408594.9600,2,0.853600,1,0.591900,15.599354,3.169060,3.910436,-54.913588,0
2025-02-21,sh.600211,34.3011822500,34.5417235000,33.9066946000,34.2530740000,34.3396688500,2899035,102897102.4000,2,0.899400,1,-0.252200,15.560017,3.161068,3.900575,-54.775111,0
2025-02-24,sh.600211,34.2530740000,34.2723173000,33.7719915000,33.8970729500,34.2530740000,2867130,101253360.9000,2,0.889500,1,-1.039300,15.398297,3.128215,3.860036,-54.205819,0
2025-02-25,sh.600211,33.8104781000,33.8200997500,33.5025853000,33.5506935500,33.8970729500,2273270,79439854.3000,2,0.705300,1,-1.021900,15.240949,3.096249,3.820592,-53.651914,0
2025-02-26,sh.600211,33.5699368500,33.8874513000,33.5314502500,33.8297214000,33.5506935500,2068254,72506676.7200,2,0.641700,1,0.831700,15.367702,3.121999,3.852366,-54.098116,0
2025-02-27,sh.600211,33.8297214000,34.0125327500,33.5795585000,34.0125327500,33.8297214000,2734874,96017077.1800,2,0.848500,1,0.540400,15.450747,3.138870,3.873184,-54.390455,0
2025-02-28,sh.600211,33.9355595500,34.1568575000,33.5410719000,33.7335049000,34.0125327500,2720136,95568034.4400,2,0.843900,1,-0.820400,15.323994,3.113120,3.841409,-53.944253,0
2025-03-03,sh.600211,33.5891801500,34.1472358500,33.5795585000,33.6084234500,33.7335049000,2440454,85738686.6800,2,0.757200,1,-0.370800,15.267174,3.101576,3.827166,-53.744231,0
2025-03-04,sh.600211,33.5218286000,33.8008564500,33.4448554000,33.6757750000,33.6084234500,1446602,50559163.9800,2,0.448800,1,0.200400,15.297769,3.107792,3.834835,-53.851935,0
2025-03-05,sh.600211,33.7912348000,33.7912348000,33.3967471500,33.4640987000,33.6757750000,1748280,60827502.6000,2,0.542400,1,-0.628600,15.201612,3.088257,3.810731,-53.513437,0
2025-03-06,sh.600211,33.5988018000,33.9836678000,33.5122069500,33.8778296500,33.4640987000,3093419,108636344.7500,2,0.959700,1,1.236300,15.389556,3.126439,3.857844,-54.175047,0
2025-03-07,sh.600211,33.8778296500,34.1472358500,33.6853966500,33.9644245000,33.8778296500,1948703,68769358.4200,2,0.604600,1,0.255600,15.428893,3.134430,3.867705,-54.313523,0
2025-03-10,sh.600211,33.9644245000,34.3011822500,33.8682080000,34.2915606000,33.9644245000,2683007,95203819.0800,2,0.832400,1,0.963200,15.577500,3.164620,3.904958,-54.836656,0
2025-03-11,sh.600211,34.1279925500,34.3204255500,33.8297214000,34.3204255500,34.2915606000,1908166,67717991.5300,2,0.592000,1,0.084200,15.590612,3.167284,3.908245,-54.882815,0
2025-03-12,sh.600211,34.4743719500,34.4839936000,34.1568575000,34.2338307000,34.3204255500,1821693,64958678.6800,2,0.565200,1,-0.252300,15.551275,3.159292,3.898384,-54.744339,0
2025-03-13,sh.600211,34.2049657500,34.3492905000,34.0413977000,34.2915606000,34.2338307000,1837266,65331547.1200,2,0.570000,1,0.168600,15.577500,3.164620,3.904958,-54.836656,0
2025-03-14,sh.600211,34.2915606000,34.6379400000,34.2915606000,34.5802101000,34.2915606000,3876820,139081733.1000,2,1.202800,1,0.841800,15.708624,3.191258,3.937828,-55.298244,0
2025-03-17,sh.600211,35.9849710000,38.0343824500,35.9849710000,38.0343824500,34.5802101000,21277740,824003688.9900,2,6.601400,1,9.988900,12.119680,3.252137,4.539572,20.427828,0
2025-03-18,sh.600211,37.5244350000,38.1883288500,37.2165422000,37.5340566500,38.0343824500,13832208,542151617.4900,2,4.291500,1,-1.315500,11.960251,3.209357,4.479856,20.159109,0
2025-03-19,sh.600211,37.3320020000,38.4866000000,37.3031370500,37.8130845000,37.5340566500,10234251,403518456.6300,2,3.175200,1,0.743400,12.049163,3.233215,4.513159,20.308972,0
2025-03-20,sh.600211,37.7842195500,38.0632474000,37.1203257000,37.1588123000,37.8130845000,6619706,257636317.0700,2,2.053800,1,-1.730300,11.840679,3.177272,4.435069,19.957570,0
2025-03-21,sh.600211,37.7842195500,38.0632474000,36.6296215500,36.7065947500,37.1588123000,8041997,310693409.4300,2,2.495000,1,-1.217000,11.696580,3.138605,4.381095,19.714689,0
2025-03-24,sh.600211,36.6681081500,37.4089752000,36.5622700000,36.8605411500,36.7065947500,5952837,228270484.7900,2,1.846900,1,0.419400,11.745635,3.151768,4.399469,19.797372,0
2025-03-25,sh.600211,36.9567576500,37.1010824000,36.5815133000,36.8412978500,36.8605411500,3532950,135084893.6000,2,1.096100,1,-0.052200,11.739503,3.150123,4.397172,19.787036,0
2025-03-26,sh.600211,36.6681081500,36.9760009500,36.2351339000,36.3313504000,36.8412978500,4608601,174711119.0200,2,1.429800,1,-1.384200,11.577008,3.106519,4.336308,19.513149,0
2025-03-27,sh.600211,36.4275669000,37.0433525000,36.0523225500,36.9856226000,36.3313504000,5732107,218555666.1200,2,1.778400,1,1.800800,11.785492,3.162463,4.414398,19.864551,0
2025-03-28,sh.600211,36.9471360000,37.6302731500,36.8701628000,36.9278927000,36.9856226000,6625755,256391974.7600,2,2.055700,1,-0.156100,11.767096,3.157527,4.407508,19.833545,0
2025-03-31,sh.600211,36.5718916500,37.0914607500,36.2255122500,36.6296215500,36.9278927000,4856887,184986867.4500,2,1.506900,1,-0.807700,11.672052,3.132023,4.371908,19.673347,0
2025-04-01,sh.600211,36.8797844500,38.0632474000,36.7354597000,37.5436783000,36.6296215500,9814274,384313158.2100,2,3.044900,1,2.495400,11.963317,3.210180,4.481005,20.164277,0
2025-04-02,sh.600211,37.6687597500,37.6880030500,37.1395690000,37.2646504500,37.5436783000,4732599,183855204.0000,2,1.468300,1,-0.743200,11.874404,3.186321,4.447701,20.014414,0
2025-04-03,sh.600211,37.0625958000,37.5532999500,36.9375143500,37.2357855000,37.2646504500,4475973,173127123.6600,2,1.388700,1,-0.077500,11.865207,3.183853,4.444256,19.998911,0
2025-04-07,sh.600211,35.8887545000,36.4660535000,33.5122069500,34.0317760500,37.2357855000,10774098,392386570.7200,2,3.342700,1,-8.604700,10.844247,2.909894,4.061843,18.278075,0
2025-04-08,sh.600211,34.3204255500,35.3499421000,34.2530740000,34.8881029000,34.0317760500,7165111,259424268.9700,2,2.223000,1,2.516300,11.117116,2.983114,4.164050,18.737998,0
2025-04-09,sh.600211,34.3589121500,35.2441039500,33.2909090000,35.0420493000,34.8881029000,6108362,218290347.7100,2,1.895100,1,0.441300,11.166171,2.996277,4.182424,18.820681,0
2025-04-10,sh.600211,35.2056173500,35.8598895500,35.2056173500,35.5423751000,35.0420493000,5406209,199715861.1000,2,1.677300,1,1.427800,11.325600,3.039058,4.242140,19.089400,0
2025-04-11,sh.600211,35.1959957000,35.8310246000,35.1478874500,35.4942668500,35.5423751000,3694410,136233788.4000,2,1.146200,1,-0.135400,11.310270,3.034944,4.236398,19.063561,0
2025-04-14,sh.600211,35.5616184000,35.9657277000,35.4942668500,35.5904833500,35.4942668500,3897740,144481203.7500,2,1.209300,1,0.271100,11.340930,3.043171,4.247882,19.115238,0
2025-04-15,sh.600211,35.5808617000,35.7636730500,35.2152390000,35.6770782000,35.5904833500,2806760,103608771.5000,2,0.870800,1,0.243300,11.368523,3.050576,4.258218,19.161747,0
2025-04-16,sh.600211,35.5904833500,35.6578349000,35.0516709500,35.5327534500,35.6770782000,3088458,113565711.5300,2,0.958200,1,-0.404500,11.322534,3.038235,4.240992,19.084232,0
2025-04-17,sh.600211,35.4076720000,35.6866998500,35.1190225000,35.4269153000,35.5327534500,2002770,73819790.7000,2,0.621400,1,-0.297900,11.288809,3.029185,4.228359,19.027388,0
2025-04-18,sh.600211,35.4172936500,35.7251864500,35.3114555000,35.4557802500,35.4269153000,2163846,79767379.5600,2,0.671300,1,0.081500,11.298007,3.031654,4.231805,19.042891,0
2025-04-21,sh.600211,35.4654019000,35.9657277000,35.3403204500,35.9464844000,35.4557802500,3596021,133633854.4900,2,1.115700,1,1.384000,11.454370,3.073611,4.290372,19.306442,0
2025-04-22,sh.600211,35.9072306000,36.2016326000,35.6717090000,36.0151780000,35.9464842000,3425706,125479734.5200,2,1.062800,1,0.191100,11.252018,3.019313,4.214579,18.965376,0
2025-04-23,sh.600211,36.2114460000,36.3193934000,35.6815224000,35.7698430000,36.0151780000,2953850,107978183.1000,2,0.916400,1,-0.681200,11.175369,2.998746,4.185869,18.836184,0
2025-04-24,sh.600211,35.8483502000,36.5352882000,35.7011492000,35.9464842000,35.7698430000,3269620,120096559.2000,2,1.014400,1,0.493800,11.230556,3.013554,4.206540,18.929202,0
2025-04-25,sh.600211,35.7502162000,36.0446182000,35.5343214000,35.8287234000,35.9464842000,2548180,92865765.0000,2,0.790600,1,-0.327600,11.193765,3.003682,4.192760,18.867190,0
2025-04-28,sh.600211,35.7992832000,35.8974172000,35.4263740000,35.4558142000,35.8287234000,2490571,90353761.3100,2,0.772700,1,-1.040800,11.077259,2.972419,4.149121,18.670818,0
2025-04-29,sh.600211,35.1319720000,35.1319720000,34.2782062000,35.0632782000,35.4558142000,3324747,117942737.9600,2,1.031500,1,-1.107100,11.429038,2.808187,4.091686,26.528622,0
2025-04-30,sh.600211,35.0730916000,35.1810390000,34.7492494000,34.8375700000,35.0632782000,2578785,91782319.5400,2,0.800100,1,-0.643700,11.355467,2.790110,4.065348,26.357853,0
2025-05-06,sh.600211,35.0338380000,35.1025318000,34.8375700000,35.0240246000,34.8375700000,3108750,110668870.7300,2,0.964500,1,0.535200,11.416243,2.805043,4.087106,26.498923,0
2025-05-07,sh.600211,35.1515988000,35.6226420000,34.8768236000,35.0338380000,35.0240246000,3254989,116650473.1900,2,1.009900,1,0.028000,11.419442,2.805829,4.088251,26.506348,0
2025-05-08,sh.600211,34.9160772000,35.3674936000,34.8964504000,35.2889864000,35.0338380000,2382594,85508054.1800,2,0.739200,1,0.728300,11.502609,2.826264,4.118025,26.699392,0
2025-05-09,sh.600211,35.3674936000,35.5245080000,35.1319720000,35.1712256000,35.2889864000,2707550,97414490.2000,2,0.840000,1,-0.333700,11.464224,2.816832,4.104283,26.610295,0
2025-05-12,sh.600211,35.2104792000,35.2889864000,34.8964504000,35.0142112000,35.1712256000,3296960,117535892.1000,2,1.022900,1,-0.446400,11.413044,2.804257,4.085961,26.491499,0
2025-05-13,sh.600211,35.1810390000,35.4067472000,35.0534648000,35.4067472000,35.0142112000,3253814,116934285.6600,2,1.009500,1,1.121100,11.540993,2.835695,4.131767,26.788489,0
2025-05-14,sh.600211,35.4067472000,35.4361874000,35.0632782000,35.3576802000,35.4067472000,2547214,91429630.1800,2,0.790300,1,-0.138600,11.525000,2.831765,4.126041,26.751365,0
2025-05-15,sh.600211,35.3674936000,35.5146946000,35.2104792000,35.2791730000,35.3576802000,2351868,84727642.1200,2,0.729700,1,-0.222000,11.499410,2.825478,4.116880,26.691967,0
2025-05-16,sh.600211,35.3282400000,35.6717090000,35.1319720000,35.6717090000,35.2791730000,2846247,102653193.7700,2,0.883100,1,1.112700,11.627359,2.856915,4.162687,26.988957,0
2025-05-19,sh.600211,35.9366708000,36.0151780000,35.2104792000,35.4460008000,35.6717090000,3247438,117218032.0000,2,1.007500,1,-0.632700,11.553788,2.838839,4.136348,26.818188,0
2025-05-20,sh.600211,35.4361874000,35.9464842000,35.4263740000,35.7698430000,35.4460008000,3876519,141577315.2500,2,1.202700,1,0.913600,11.659346,2.864775,4.174139,27.063204,0
2025-05-21,sh.600211,35.8287234000,36.2212594000,35.6913358000,35.9268574000,35.7698430000,3464496,127001148.1600,2,1.074900,1,0.439000,11.710526,2.877350,4.192461,27.182000,0
2025-05-22,sh.600211,35.9268574000,35.9268574000,35.3969338000,35.3969338000,35.9268574000,3152310,114207972.0600,2,0.978000,1,-1.475000,11.537795,2.834909,4.130622,26.781064,0
2025-05-23,sh.600211,35.3773070000,35.9170440000,35.3674936000,35.4754410000,35.3969338000,3196286,116089505.7100,2,0.991700,1,0.221800,11.563384,2.841197,4.139784,26.840462,0
2025-05-26,sh.600211,35.5637616000,35.5932018000,34.8473834000,34.9258906000,35.4754410000,3530063,126338581.3900,2,1.095200,1,-1.549100,11.384256,2.797184,4.075654,26.424676,0
2025-05-27,sh.600211,34.9258906000,35.2497328000,34.7492494000,35.1123452000,34.9258906000,2019992,72159331.8100,2,0.626700,1,0.533900,11.445032,2.812117,4.097412,26.565746,0
2025-05-28,sh.600211,35.0436514000,35.3871204000,34.9455174000,35.3086132000,35.1123452000,2130340,76422144.5000,2,0.660900,1,0.559000,11.509006,2.827835,4.120316,26.714241,0
2025-05-29,sh.600211,35.2104792000,35.6030152000,35.0632782000,35.5441348000,35.3086132000,2606377,93984797.8400,2,0.808600,1,0.667000,11.585775,2.846698,4.147800,26.892435,0
2025-05-30,sh.600211,35.6226420000,36.8983840000,35.4263740000,36.3488336000,35.5441348000,6825088,252419549.9700,2,2.117500,1,2.263900,11.848071,2.911146,4.241703,27.501264,0
2025-06-03,sh.600211,36.7021160000,37.4675612000,36.3586470000,37.0750252000,36.3488336000,6307490,238291986.0300,2,1.956900,1,1.997800,12.084776,2.969306,4.326446,28.050696,0
2025-06-04,sh.600211,36.9867046000,37.2811066000,36.7708098000,37.1044654000,37.0750252000,4040026,152440316.6600,2,1.253400,1,0.079400,12.094372,2.971664,4.329881,28.072970,0
2025-06-05,sh.600211,37.0946520000,37.4283076000,36.5254748000,36.6432356000,37.1044654000,3598632,134901657.2700,2,1.116500,1,-1.243100,11.944032,2.934724,4.276059,27.724007,0
2025-06-06,sh.600211,36.6824892000,36.8100634000,36.2703264000,36.4371542000,36.6432356000,2922198,108530876.7500,2,0.906600,1,-0.562400,11.876859,2.918219,4.252010,27.568087,0
2025-06-09,sh.600211,36.4567810000,37.3399870000,36.3586470000,37.0750252000,36.4371542000,4619636,174440777.4500,2,1.433200,1,1.750600,12.084776,2.969306,4.326446,28.050696,0
2025-06-10,sh.600211,37.0750252000,37.3301736000,36.5941686000,36.9474510000,37.0750252000,3915368,147859024.4000,2,1.214700,1,-0.344100,12.043193,2.959088,4.311559,27.954174,0
2025-06-11,sh.600211,36.9474510000,37.1437190000,36.7511830000,36.8689438000,36.9474510000,2711457,101939224.7400,2,0.841200,1,-0.212500,12.017603,2.952801,4.302397,27.894776,0
2025-06-12,sh.600211,36.9278242000,37.2909200000,36.7511830000,37.2909200000,36.8689438000,3547008,134142888.9100,2,1.100500,1,1.144500,12.155148,2.986597,4.351640,28.214040,0
2025-06-13,sh.600211,37.2909200000,37.4086808000,36.1427522000,36.1427522000,37.2909200000,5640842,209884751.9000,2,1.750100,1,-3.078900,11.780897,2.894641,4.217655,27.345345,0
2025-06-16,sh.600211,36.1721924000,36.3880872000,35.7894698000,35.9072306000,36.1427522000,3689280,135449747.3100,2,1.144600,1,-0.651600,11.704128,2.875778,4.190171,27.167151,0
2025-06-17,sh.600211,36.1623790000,36.5941686000,35.9661110000,36.0642450000,35.9072306000,3392520,125244706.9300,2,1.052500,1,0.437300,11.755308,2.888353,4.208494,27.285947,0
2025-06-18,sh.600211,35.9464842000,36.1525656000,35.5245080000,35.6324554000,36.0642450000,2801132,101933014.2700,2,0.869100,1,-1.197300,11.614564,2.853772,4.158106,26.959258,0
2025-06-19,sh.600211,35.5343214000,35.7698430000,35.2104792000,35.2987998000,35.6324554000,2242680,80928599.2000,2,0.695800,1,-0.936400,11.505807,2.827049,4.119170,26.706816,0
2025-06-20,sh.600211,35.2301060000,35.4460008000,35.2301060000,35.3773070000,35.2987998000,1821952,65603387.0200,2,0.565300,1,0.222400,11.531397,2.833337,4.128332,26.766214,0
2025-06-23,sh.600211,35.0829050000,35.5735750000,34.9357040000,35.4165606000,35.3773070000,1889025,67973939.7300,2,0.586100,1,0.111000,11.544192,2.836481,4.132912,26.795913,0
2025-06-24,sh.600211,35.4754410000,35.8090966000,35.4656276000,35.7600296000,35.4165606000,2237677,81326794.8000,2,0.694200,1,0.969800,11.656147,2.863989,4.172993,27.055779,0
2025-06-25,sh.600211,35.9562976000,36.0642450000,35.5637616000,35.9759244000,35.7600296000,2768105,101003923.7000,2,0.858800,1,0.603700,11.726519,2.881280,4.198187,27.219124,0
2025-06-26,sh.600211,35.8090966000,35.9464842000,35.6913358000,35.7992832000,35.9759244000,1905861,69516857.8000,2,0.591300,1,-0.491000,11.668942,2.867133,4.177574,27.085478,0
2025-06-27,sh.600211,35.8189100000,36.4077140000,35.7600296000,35.9759244000,35.7992832000,2554722,93889231.7400,2,0.792600,1,0.493400,11.726519,2.881280,4.198187,27.219124,0
2025-06-30,sh.600211,35.9759244000,36.2016326000,35.8287234000,36.1329388000,35.9759244000,2117940,77699030.9500,2,0.657100,1,0.436400,11.777699,2.893855,4.216510,27.337920,0
2025-07-01,sh.600211,36.0053646000,36.2605130000,35.9366708000,36.1525656000,36.1329388000,1967551,72420971.5000,2,0.610400,1,0.054300,11.784096,2.895427,4.218800,27.352769,0
2025-07-02,sh.600211,36.1525656000,36.2310728000,35.6815224000,35.8876038000,36.1525656000,2300974,84146418.2200,2,0.713900,1,-0.732900,11.697731,2.874206,4.187881,27.152301,0
2025-07-03,sh.600211,35.8287234000,36.2703264000,35.8287234000,36.2408862000,35.8876038000,2824981,104057988.3300,2,0.876500,1,0.984400,11.812885,2.902500,4.229107,27.419592,0
2025-07-04,sh.600211,36.2506996000,36.3684604000,36.0348048000,36.0936852000,36.2408862000,2273990,83888364.6000,2,0.705500,1,-0.406200,11.764904,2.890711,4.211929,27.308221,0
2025-07-07,sh.600211,36.1133120000,36.3095800000,35.9268574000,35.9955512000,36.0936852000,1659021,60947762.6200,2,0.514700,1,-0.271900,11.732917,2.882852,4.200477,27.233973,0
2025-07-08,sh.600211,35.9268574000,36.3586470000,35.9268574000,36.1918192000,35.9955512000,2011670,74175299.8000,2,0.624100,1,0.545300,11.796891,2.898571,4.223381,27.382468,0
2025-07-09,sh.600211,36.1721924000,36.3292068000,36.0446182000,36.1820058000,36.1918192000,2240060,82634670.7000,2,0.695000,1,-0.027100,11.793692,2.897785,4.222236,27.375044,0
2025-07-10,sh.600211,36.1525656000,36.5352882000,36.0053646000,36.3782738000,36.1820058000,2253315,83456472.0500,2,0.699100,1,0.542400,11.857667,2.913504,4.245139,27.523539,0
2025-07-11,sh.600211,36.3193934000,36.7511830000,36.3193934000,36.5549150000,36.3782738000,3705570,138199852.8500,2,1.149700,1,0.485600,11.915244,2.927651,4.265752,27.657184,0
2025-07-14,sh.600211,36.5549150000,36.8591304000,36.5156614000,36.6824892000,36.5549150000,2539600,94934524.7100,2,0.787900,1,0.349000,11.956827,2.937868,4.280639,27.753706,0
2025-07-15,sh.600211,36.6923026000,36.8591304000,36.3095800000,36.5843552000,36.6824892000,2581589,96087693.2700,2,0.800900,1,-0.267500,11.924840,2.930008,4.269188,27.679458,0
2025-07-16,sh.600211,36.6530490000,37.5362550000,36.6236088000,37.2516664000,36.5843552000,5457292,206352762.8800,2,1.693100,1,1.824000,12.142353,2.983453,4.347059,28.184341,0
2025-07-17,sh.600211,37.2614798000,37.4871880000,37.0652118000,37.1829726000,37.2516664000,3052232,115763718.8400,2,0.947000,1,-0.184400,12.119962,2.977951,4.339043,28.132368,0
2025-07-18,sh.600211,37.0946520000,37.6343890000,36.9278242000,37.6343890000,37.1829726000,3963712,150404209.9000,2,1.229700,1,1.214000,12.267103,3.014105,4.391721,28.473906,0
2025-07-21,sh.600211,38.5568486000,41.4027346000,38.3703940000,40.5784090000,37.6343890000,23798545,982193282.5700,2,7.383500,1,7.822700,13.226720,3.249889,4.735271,30.701330,0
2025-07-22,sh.600211,40.5784090000,41.2064666000,39.6461360000,40.8237440000,40.5784090000,21230561,875638327.7900,2,6.586800,1,0.604600,13.306688,3.269537,4.763900,30.886949,0
2025-07-23,sh.600211,40.2840070000,40.5293420000,39.0573320000,39.1947196000,40.8237440000,13130467,531020203.6700,2,4.073700,1,-3.990400,12.775700,3.139070,4.573802,29.654441,0
2025-07-24,sh.600211,38.8905042000,39.8325906000,38.8610640000,39.6461360000,39.1947196000,8872282,356145716.0500,2,2.752600,1,1.151700,12.922842,3.175224,4.626480,29.995979,0
2025-07-25,sh.600211,39.6461360000,40.3821410000,39.1554660000,39.1554660000,39.6461360000,7550024,304754644.5800,2,2.342400,1,-1.237600,12.762906,3.135926,4.569222,29.624742,0
2025-07-28,sh.600211,38.8414372000,39.7344566000,38.8316238000,39.2339732000,39.1554660000,5131706,204936744.4200,2,1.592100,1,0.200500,12.788495,3.142214,4.578383,29.684140,0
2025-07-29,sh.600211,39.2437866000,39.8129638000,38.9199444000,39.7344566000,39.2339732000,7120997,286581129.8200,2,2.209300,1,1.275600,12.951630,3.182297,4.636787,30.062802,0
2025-07-30,sh.600211,39.5480020000,41.2162800000,39.4596814000,40.5980358000,39.7344566000,15966849,660431331.0400,2,4.953700,1,2.173400,13.233118,3.251461,4.737561,30.716180,0
2025-07-31,sh.600211,40.5391554000,42.6882900000,40.3330740000,41.7854572000,40.5980358000,19977859,852279223.3900,2,6.198200,1,2.924800,13.620163,3.346560,4.876127,31.614574,0
2025-08-01,sh.600211,41.7952706000,43.0611992000,40.3330740000,41.2064666000,41.7854572000,16115902,686682836.5700,2,5.000000,1,-1.385600,13.431439,3.300189,4.808562,31.176514,0
2025-08-04,sh.600211,41.8345242000,45.3280946000,41.8345242000,45.3280946000,41.2064666000,32135706,1450815980.6500,2,9.970100,1,10.002400,14.774902,3.630287,5.289533,34.294908,0
2025-08-05,sh.600211,43.9640320000,44.4547020000,42.4429550000,43.0611992000,45.3280946000,23809371,1047931614.5400,2,7.386900,1,-5.001100,14.035997,3.448733,5.024999,32.579792,0
2025-08-06,sh.600211,42.7864240000,42.7864240000,41.2457202000,41.3340408000,43.0611992000,16222243,689669483.2300,2,5.033000,1,-4.010900,13.473022,3.310407,4.823449,31.273036,0
2025-08-07,sh.600211,41.1770264000,41.5597490000,40.6176626000,40.7844904000,41.3340408000,10136109,423707585.1100,2,3.144700,1,-1.329500,13.293894,3.266394,4.759320,30.857250,0
2025-08-08,sh.600211,40.6078492000,41.7069500000,40.4312080000,41.1770264000,40.7844904000,8922145,373773423.6200,2,2.768100,1,0.962500,13.421842,3.297831,4.805126,31.154240,0
2025-08-11,sh.600211,41.1770264000,43.0415724000,40.7256100000,42.8551178000,41.1770264000,10415602,443375142.9600,2,3.231500,1,4.075300,13.968824,3.432228,5.000950,32.423872,0
2025-08-12,sh.600211,44.0523526000,47.1435736000,43.6500032000,47.1435736000,42.8551178000,17496325,833269238.2700,2,5.428300,1,10.006900,15.366666,3.775687,5.501389,35.668486,0
2025-08-13,sh.600211,47.1435736000,50.3918090000,46.5155160000,46.5155160000,47.1435736000,33059629,1619975942.5700,2,10.256800,1,-1.332200,15.161948,3.725386,5.428098,35.193303,0
2025-08-14,sh.600211,46.5253294000,47.2515210000,45.2299606000,45.2397740000,46.5155160000,18574455,872346246.4900,2,5.762800,1,-2.742600,14.746114,3.623213,5.279226,34.228085,0
2025-08-15,sh.600211,45.1318266000,46.7412242000,45.1318266000,46.0739130000,45.2397740000,14334098,671854706.0100,2,4.447200,1,1.843800,15.018005,3.690019,5.376565,34.859189,0
2025-08-18,sh.600211,46.6038366000,46.7314108000,45.5930564000,45.9757790000,46.0739130000,13976415,654584814.2900,2,4.336200,1,-0.213000,15.169300,3.629000,5.312043,31.100210,0
2025-08-19,sh.600211,45.9855924000,47.8893920000,45.8580182000,46.5842098000,45.9757790000,14884294,711572372.5500,2,4.617900,1,1.323400,15.370047,3.677026,5.382341,31.511781,0
2025-08-20,sh.600211,46.0935398000,46.5155160000,45.2299606000,46.2014872000,46.5842098000,9673528,451795820.7100,2,3.001200,1,-0.821600,15.243771,3.646816,5.338121,31.252889,0
2025-08-21,sh.600211,47.2024540000,47.5949900000,45.5243626000,45.9267120000,46.2014872000,9227846,436076309.4600,2,2.863000,1,-0.594700,15.153111,3.625127,5.306374,31.067018,0
2025-08-22,sh.600211,45.5341760000,45.8285780000,44.8374246000,45.1808936000,45.9267120000,9871380,454365674.4800,2,3.062600,1,-1.623900,14.907035,3.566258,5.220202,30.562511,0
2025-08-25,sh.600211,45.0631328000,45.6813770000,44.8472380000,45.3379080000,45.1808936000,9105939,419594583.5600,2,2.825100,1,0.347500,14.958840,3.578651,5.238343,30.668723,0
2025-08-26,sh.600211,45.3379080000,46.0640996000,45.1710802000,45.2692142000,45.3379080000,7096119,328926359.5400,2,2.201600,1,-0.151500,14.936175,3.573229,5.230406,30.622256,0
2025-08-27,sh.600211,45.0140658000,45.3673482000,43.9444052000,43.9640320000,45.2692142000,8476450,387739341.6600,2,2.629800,1,-2.883200,14.505542,3.470207,5.079606,29.739368,0
2025-08-28,sh.600211,48.3604352000,48.3604352000,45.6126832000,47.9188322000,43.9640320000,37513238,1829732654.5700,2,11.638500,1,8.995500,15.810393,3.782371,5.536543,32.414584,0
2025-08-29,sh.600211,46.5842098000,46.9473056000,45.1023864000,46.2799944000,47.9188322000,19383093,911867047.1400,2,6.013600,1,-3.420000,15.269673,3.653013,5.347192,31.305995,0
2025-09-01,sh.600211,46.7300000000,50.6200000000,46.5800000000,48.3900000000,46.2800000000,19204679,933592082.3600,2,5.958300,1,4.559200,15.667928,3.748289,5.486654,32.122500,0
2025-09-02,sh.600211,48.4400000000,48.5200000000,46.6900000000,46.9800000000,48.3900000000,10985806,521237401.9200,2,3.408400,1,-2.913800,15.211392,3.639070,5.326783,31.186507,0
2025-09-03,sh.600211,47.7100000000,51.6800000000,47.7100000000,49.7900000000,46.9800000000,24624922,1238258556.1900,2,7.639900,1,5.981300,16.121226,3.856733,5.645392,33.051856,0
2025-09-04,sh.600211,49.2900000000,50.8000000000,46.2400000000,47.1200000000,49.7900000000,18240160,878005721.6400,2,5.659000,1,-5.362500,15.256722,3.649915,5.342657,31.279442,0
2025-09-05,sh.600211,47.1000000000,51.5000000000,46.6800000000,50.4800000000,47.1200000000,22024830,1078358137.6200,2,6.833200,1,7.130700,16.344638,3.910180,5.723627,33.509895,0
2025-09-08,sh.600211,50.4900000000,55.5300000000,49.8500000000,55.5300000000,50.4800000000,25732258,1363851686.0300,2,7.983500,1,10.004000,17.979749,4.301353,6.296216,36.862212,0
2025-09-09,sh.600211,56.0000000000,57.3700000000,54.5400000000,55.6200000000,55.5300000000,21248280,1186454221.2000,2,6.592300,1,0.162100,18.008890,4.308325,6.306421,36.921956,0
2025-09-10,sh.600211,54.9100000000,56.4800000000,54.3000000000,54.6300000000,55.6200000000,10227515,561575271.4100,2,3.173100,1,-1.779900,17.688343,4.231639,6.194171,36.264770,0
2025-09-11,sh.600211,53.0500000000,56.3800000000,51.6000000000,54.7500000000,54.6300000000,16337287,887479850.8600,2,5.068700,1,0.219700,17.727197,4.240934,6.207777,36.344429,0
2025-09-12,sh.600211,54.7600000000,57.9800000000,53.6900000000,56.4300000000,54.7500000000,16792928,933489056.4200,2,5.210000,1,3.068500,18.271155,4.371067,6.398262,37.459655,0
2025-09-15,sh.600211,56.4000000000,57.2000000000,54.0000000000,54.1100000000,56.4300000000,13903962,772668554.9500,2,4.313700,1,-4.111300,17.519975,4.191360,6.135211,35.919580,0
2025-09-16,sh.600211,54.7000000000,56.0200000000,52.8600000000,53.1900000000,54.1100000000,12518268,676169233.8900,2,3.883800,1,-1.700200,17.222093,4.120097,6.030898,35.308861,0
2025-09-17,sh.600211,53.1900000000,53.2100000000,52.0000000000,52.4400000000,53.1900000000,8979641,472336173.3800,2,2.785900,1,-1.410000,16.979255,4.062002,5.945860,34.810992,0
2025-09-18,sh.600211,52.4400000000,53.2800000000,51.5000000000,52.3900000000,52.4400000000,9603410,504259063.3700,2,2.979500,1,-0.095300,16.963066,4.058129,5.940191,34.777801,0
2025-09-19,sh.600211,52.2000000000,52.6500000000,51.3100000000,51.5200000000,52.3900000000,6727445,349301960.6400,2,2.087200,1,-1.660600,16.681373,3.990739,5.841546,34.200273,0
2025-09-22,sh.600211,51.6100000000,52.1200000000,50.6800000000,51.1100000000,51.5200000000,6690228,342591414.8400,2,2.075700,1,-0.795800,16.548622,3.958980,5.795059,33.928105,0
2025-09-23,sh.600211,50.9300000000,50.9300000000,46.2500000000,47.5000000000,51.1100000000,17946857,857127963.2100,2,5.568000,1,-7.063200,15.379760,3.679349,5.385743,31.531696,0
2025-09-24,sh.600211,47.0000000000,47.9600000000,46.9100000000,47.5900000000,47.5000000000,8145201,387429556.6500,2,2.527100,1,0.189500,15.408901,3.686321,5.395947,31.591440,0
2025-09-25,sh.600211,47.6000000000,47.9400000000,46.6500000000,46.9700000000,47.5900000000,7750151,366880034.2900,2,2.404500,1,-1.302800,15.208154,3.638296,5.325649,31.179869,0
2025-09-26,sh.600211,46.8800000000,46.8800000000,45.6800000000,45.8000000000,46.9700000000,6961150,320547712.9000,2,2.159700,1,-2.491000,14.829327,3.547667,5.192990,30.403193,0
2025-09-29,sh.600211,45.8000000000,46.2800000000,45.2000000000,46.2500000000,45.8000000000,5035921,230761498.5000,2,1.562400,1,0.982500,14.975030,3.582524,5.244012,30.701915,0
2025-09-30,sh.600211,46.3500000000,46.8300000000,46.1000000000,46.7000000000,46.2500000000,4765150,221985114.0800,2,1.478400,1,0.973000,15.120733,3.617381,5.295035,31.000636,0
2025-10-09,sh.600211,46.9900000000,47.7100000000,46.0000000000,47.7100000000,46.7000000000,7604108,356597399.0200,2,2.359200,1,2.162700,15.447755,3.695616,5.409553,31.671099,0
2025-10-10,sh.600211,47.7100000000,49.9400000000,47.0000000000,48.8900000000,47.7100000000,10824827,528394057.9400,2,3.358400,1,2.473300,15.829820,3.787019,5.543346,32.454413,0
2025-10-13,sh.600211,46.6000000000,47.8000000000,46.5000000000,47.5000000000,48.8900000000,6937659,327365463.0300,2,2.152400,1,-2.843100,15.379760,3.679349,5.385743,31.531696,0
2025-10-14,sh.600211,47.5100000000,49.2000000000,46.9800000000,48.2400000000,47.5000000000,7709333,368714761.5500,2,2.391800,1,1.557900,15.619361,3.736670,5.469647,32.022927,0
2025-10-15,sh.600211,47.8200000000,48.6800000000,47.2500000000,48.2700000000,48.2400000000,5927531,285106726.4700,2,1.839000,1,0.062200,15.629074,3.738994,5.473048,32.042841,0
2025-10-16,sh.600211,48.7700000000,49.8500000000,48.5400000000,49.2200000000,48.2700000000,8864983,437157418.1900,2,2.750400,1,1.968100,15.936669,3.812581,5.580763,32.673475,0
2025-10-17,sh.600211,48.9000000000,49.4500000000,47.8600000000,48.6700000000,49.2200000000,6618252,322239379.5100,2,2.053300,1,-1.117400,15.758588,3.769978,5.518402,32.308371,0
2025-10-20,sh.600211,48.5000000000,48.8800000000,47.5000000000,48.1500000000,48.6700000000,5156753,248089953.2400,2,1.599900,1,-1.068400,15.590220,3.729698,5.459442,31.963182,0
2025-10-21,sh.600211,48.1900000000,48.4500000000,47.6200000000,47.7300000000,48.1500000000,4024241,192496538.2900,2,1.248500,1,-0.872300,15.454230,3.697165,5.411821,31.684376,0
2025-10-22,sh.600211,47.9000000000,47.9800000000,46.8200000000,46.9400000000,47.7300000000,4303893,202980816.2000,2,1.335300,1,-1.655100,15.198441,3.635972,5.322247,31.159954,0
2025-10-23,sh.600211,46.6300000000,47.1500000000,44.1000000000,45.2400000000,46.9400000000,9605937,433754136.3800,2,2.980300,1,-3.621600,14.648007,3.504290,5.129495,30.031451,0
2025-10-24,sh.600211,45.2000000000,45.4900000000,45.0100000000,45.4300000000,45.2400000000,4003647,181393331.6000,2,1.242100,1,0.420000,14.709526,3.519007,5.151038,30.157578,0
2025-10-27,sh.600211,45.6000000000,46.1600000000,45.5200000000,45.6100000000,45.4300000000,4117315,188598688.9500,2,1.277400,1,0.396200,14.767808,3.532950,5.171447,30.277066,0
2025-10-28,sh.600211,45.5100000000,46.0000000000,45.2000000000,45.6600000000,45.6100000000,3288994,150124360.8700,2,1.020400,1,0.109600,14.783997,3.536823,5.177116,30.310258,0
2025-10-29,sh.600211,45.7000000000,45.8300000000,44.9000000000,45.8100000000,45.6600000000,3556230,161330422.7000,2,1.103300,1,0.328500,14.832564,3.548442,5.194123,30.409831,0
2025-10-30,sh.600211,45.7500000000,45.8100000000,45.0100000000,45.1100000000,45.8100000000,3556738,161524074.5000,2,1.103500,1,-1.528100,14.605915,3.494220,5.114755,29.945154,0
2025-10-31,sh.600211,44.8000000000,46.5000000000,44.0000000000,46.4300000000,45.1100000000,6966538,318738298.5600,2,2.161400,1,2.926200,15.252040,4.213866,5.500847,31.306108,0
2025-11-03,sh.600211,46.4500000000,46.6000000000,45.4700000000,45.9000000000,46.4300000000,4387185,201070231.1600,2,1.361100,1,-1.141500,15.077938,4.165765,5.438055,30.948748,0
2025-11-04,sh.600211,45.4000000000,45.9900000000,44.5700000000,44.8200000000,45.9000000000,4145098,186804689.4400,2,1.286000,1,-2.352900,14.723163,4.067747,5.310101,30.220542,0
2025-11-05,sh.600211,44.5200000000,44.9700000000,44.3000000000,44.7800000000,44.8200000000,2827905,126307507.4500,2,0.877400,1,-0.089200,14.710023,4.064116,5.305362,30.193572,0
2025-11-06,sh.600211,44.7300000000,44.9200000000,44.5500000000,44.8200000000,44.7800000000,2261274,101194241.9200,2,0.701600,1,0.089300,14.723163,4.067747,5.310101,30.220542,0
2025-11-07,sh.600211,44.8400000000,47.1500000000,44.6300000000,46.0500000000,44.8200000000,8061135,371352594.2900,2,2.501000,1,2.744300,15.127212,4.179378,5.455827,31.049888,0
2025-11-10,sh.600211,46.5000000000,46.5000000000,45.5300000000,45.7400000000,46.0500000000,3752411,171767198.8600,2,1.164200,1,-0.673200,15.025378,4.151243,5.419099,30.840866,0
2025-11-11,sh.600211,45.8100000000,46.1600000000,45.5800000000,46.0600000000,45.7400000000,3526008,161909357.6100,2,1.093900,1,0.699600,15.130497,4.180286,5.457011,31.056630,0
2025-11-12,sh.600211,46.0800000000,46.3800000000,45.7000000000,46.1500000000,46.0600000000,3330726,153227513.7000,2,1.033400,1,0.195400,15.160062,4.188454,5.467674,31.117314,0
2025-11-13,sh.600211,46.2100000000,47.0700000000,45.7400000000,46.8500000000,46.1500000000,5312974,246336016.0400,2,1.648400,1,1.516800,15.390008,4.251984,5.550607,31.589300,0
2025-11-14,sh.600211,47.8400000000,48.9900000000,47.1600000000,47.7200000000,46.8500000000,10943071,528279954.3900,2,3.395100,1,1.857000,15.675799,4.330943,5.653682,32.175910,0
2025-11-17,sh.600211,47.2700000000,47.2700000000,46.0500000000,46.2100000000,47.7200000000,5901680,273946873.5000,2,1.831000,1,-3.164300,15.179771,4.193899,5.474783,31.157770,0
2025-11-18,sh.600211,46.0000000000,46.2900000000,45.1100000000,45.4600000000,46.2100000000,4117620,187545987.2000,2,1.277500,1,-1.623000,14.933400,4.125831,5.385926,30.652072,0
2025-11-19,sh.600211,45.3600000000,45.5800000000,44.3500000000,44.6200000000,45.4600000000,3405087,152670321.6600,2,1.056400,1,-1.847800,14.657464,4.049595,5.286406,30.085689,0
2025-11-20,sh.600211,44.7100000000,45.0000000000,44.2600000000,44.3800000000,44.6200000000,2395079,106729999.0200,2,0.743100,1,-0.537900,14.578625,4.027813,5.257971,29.923866,0
2025-11-21,sh.600211,44.1800000000,44.5800000000,41.6400000000,41.8900000000,44.3800000000,6965320,298592335.1800,2,2.161000,1,-5.610600,13.760671,3.801827,4.962966,28.244947,0
2025-11-24,sh.600211,41.9000000000,42.3900000000,41.7500000000,41.9100000000,41.8900000000,2777394,116840709.1700,2,0.861700,1,0.047700,13.767241,3.803643,4.965335,28.258432,0
2025-11-25,sh.600211,42.1200000000,42.5200000000,42.0300000000,42.3100000000,41.9100000000,2721292,115182292.0600,2,0.844300,1,0.954400,13.898639,3.839946,5.012726,28.528138,0
2025-11-26,sh.600211,42.3200000000,42.9600000000,42.3000000000,42.4300000000,42.3100000000,2650940,113011295.8000,2,0.822500,1,0.283600,13.938059,3.850836,5.026943,28.609050,0
2025-11-27,sh.600211,42.5100000000,42.6100000000,42.1000000000,42.2100000000,42.4300000000,2095836,88736265.9000,2,0.650200,1,-0.518500,13.865790,3.830870,5.000878,28.460711,0
2025-11-28,sh.600211,42.2000000000,42.3500000000,41.9100000000,42.2800000000,42.2100000000,1896172,79892668.0900,2,0.588300,1,0.165800,13.888784,3.837223,5.009171,28.507910,0
2025-12-01,sh.600211,42.5100000000,42.6500000000,42.2800000000,42.5100000000,42.2800000000,2120231,90047749.9300,2,0.657800,1,0.544000,13.964338,3.858097,5.036421,28.662991,0
2025-12-02,sh.600211,42.3500000000,42.4900000000,41.9100000000,42.0300000000,42.5100000000,1756607,73895906.7700,2,0.545000,1,-1.129100,13.806661,3.814534,4.979552,28.339344,0
2025-12-03,sh.600211,42.0000000000,42.1700000000,41.7100000000,41.9000000000,42.0300000000,1803137,75556410.3600,2,0.559400,1,-0.309300,13.763956,3.802735,4.964151,28.251689,0
2025-12-04,sh.600211,41.8800000000,41.9000000000,41.2000000000,41.8800000000,41.9000000000,2350414,97698875.7800,2,0.729200,1,-0.047700,13.757386,3.800920,4.961781,28.238204,0
2025-12-05,sh.600211,41.9500000000,41.9500000000,41.1600000000,41.7000000000,41.8800000000,2144708,88969584.0200,2,0.665400,1,-0.429800,13.698257,3.784584,4.940455,28.116837,0
2025-12-08,sh.600211,41.7800000000,42.1900000000,41.7800000000,41.9700000000,41.7000000000,2304283,96822328.1500,2,0.714900,1,0.647500,13.786951,3.809088,4.972444,28.298888,0
2025-12-09,sh.600211,42.2500000000,42.7800000000,42.0000000000,42.1000000000,41.9700000000,3092774,130951872.4600,2,0.959500,1,0.309700,13.829655,3.820887,4.987846,28.386542,0
2025-12-10,sh.600211,42.1800000000,42.1900000000,41.6100000000,42.0600000000,42.1000000000,2005066,84016886.5800,2,0.622100,1,-0.095000,13.816515,3.817256,4.983107,28.359572,0
2025-12-11,sh.600211,42.0400000000,42.5200000000,41.7700000000,41.8200000000,42.0600000000,2339909,98466177.3600,2,0.726000,1,-0.570600,13.737677,3.795474,4.954672,28.197748,0
2025-12-12,sh.600211,41.7900000000,42.2000000000,41.6300000000,42.1500000000,41.8200000000,2338687,98279706.0100,2,0.725600,1,0.789100,13.846080,3.825424,4.993770,28.420256,0
2025-12-15,sh.600211,41.9800000000,42.3100000000,41.8200000000,41.8700000000,42.1500000000,1561444,65612747.5600,2,0.484400,1,-0.664300,13.754101,3.800012,4.960596,28.231462,0
2025-12-16,sh.600211,41.9200000000,41.9200000000,40.4500000000,40.8000000000,41.8700000000,3338425,136768728.3700,2,1.035800,1,-2.555500,13.402611,3.702902,4.833827,27.509998,0
2025-12-17,sh.600211,40.7000000000,41.4500000000,40.6000000000,41.3500000000,40.8000000000,2311645,94999483.5800,2,0.717200,1,1.348000,13.583284,3.752818,4.898989,27.880844,0
2025-12-18,sh.600211,41.1500000000,41.5000000000,41.0200000000,41.0300000000,41.3500000000,1708806,70470682.9200,2,0.530200,1,-0.773900,13.478165,3.723776,4.861076,27.665079,0
2025-12-19,sh.600211,41.5800000000,42.5700000000,41.5600000000,42.4500000000,41.0300000000,4796915,202823487.2000,2,1.488200,1,3.460900,13.944629,3.852652,5.029312,28.622535,0
2025-12-22,sh.600211,42.4600000000,42.6100000000,42.1100000000,42.3900000000,42.4500000000,2721224,115419119.0400,2,0.844300,1,-0.141300,13.924919,3.847206,5.022204,28.582079,0
2025-12-23,sh.600211,42.3900000000,42.5300000000,42.0400000000,42.1800000000,42.3900000000,1955802,82683497.2400,2,0.606800,1,-0.495400,13.855935,3.828147,4.997324,28.440484,0
2025-12-24,sh.600211,42.1200000000,42.3200000000,41.9500000000,42.1900000000,42.1800000000,1666470,70254916.9000,2,0.517000,1,0.023700,13.859220,3.829055,4.998509,28.447226,0
2025-12-25,sh.600211,42.1900000000,42.4500000000,42.0600000000,42.3900000000,42.1900000000,1829526,77365539.2100,2,0.567600,1,0.474000,13.924919,3.847206,5.022204,28.582079,0
2025-12-26,sh.600211,42.4200000000,42.4500000000,42.0000000000,42.1100000000,42.3900000000,2108462,88967159.8000,2,0.654200,1,-0.660500,13.832940,3.821794,4.989031,28.393285,0
2025-12-29,sh.600211,42.1200000000,42.1400000000,41.7500000000,41.8000000000,42.1100000000,2001188,83814496.0200,2,0.620900,1,-0.736200,13.731107,3.793659,4.952303,28.184263,0
2025-12-30,sh.600211,41.8000000000,42.3400000000,41.7400000000,42.0500000000,41.8000000000,1883934,79344292.1400,2,0.584500,1,0.598100,13.813230,3.816349,4.981922,28.352829,0
2025-12-31,sh.600211,42.1500000000,42.8000000000,41.9400000000,42.5500000000,42.0500000000,2932872,124348972.3300,2,0.909900,1,1.189100,13.977478,3.861727,5.041160,28.689961,0
2026-01-05,sh.600211,42.5400000000,44.5500000000,42.4200000000,44.1900000000,42.5500000000,6912814,302435439.6400,2,2.144700,1,3.854300,14.516211,4.010569,5.235461,29.795756,0
2026-01-06,sh.600211,44.0200000000,44.7800000000,43.8100000000,44.1900000000,44.1900000000,4570620,201449540.6800,2,1.418000,1,0.000000,14.516211,4.010569,5.235461,29.795756,0
2026-01-07,sh.600211,44.4500000000,44.5000000000,43.8800000000,44.0500000000,44.1900000000,3853760,170373800.5200,2,1.195600,1,-0.316800,14.470221,3.997863,5.218874,29.701358,0
2026-01-08,sh.600211,44.0500000000,44.3800000000,43.8800000000,43.9900000000,44.0500000000,3292800,145252833.6000,2,1.021600,1,-0.136200,14.450512,3.992418,5.211766,29.660903,0
2026-01-09,sh.600211,43.9800000000,44.9800000000,43.8100000000,44.9600000000,43.9900000000,4913466,217865568.3800,2,1.524400,1,2.205000,14.769152,4.080453,5.326688,30.314939,0
2026-01-12,sh.600211,44.9400000000,45.1100000000,44.2900000000,44.8100000000,44.9600000000,4572197,203978041.6600,2,1.418500,1,-0.333600,14.719878,4.066839,5.308916,30.213800,0
2026-01-13,sh.600211,44.8200000000,46.0000000000,44.8200000000,45.2000000000,44.8100000000,6630355,301446664.7800,2,2.057100,1,0.870300,14.847991,4.102234,5.355122,30.476763,0
2026-01-14,sh.600211,45.3900000000,45.7500000000,44.1000000000,44.5000000000,45.2000000000,6828150,307577724.3800,2,2.118400,1,-1.548700,14.618044,4.038704,5.272189,30.004778,0
2026-01-15,sh.600211,44.0300000000,44.6600000000,44.0000000000,44.2100000000,44.5000000000,3015392,133479706.6400,2,0.935500,1,-0.651700,14.522781,4.012385,5.237830,29.809241,0
2026-01-16,sh.600211,44.2200000000,44.4900000000,43.5100000000,43.7900000000,44.2100000000,3495259,153349435.1000,2,1.084400,1,-0.950000,14.384812,3.974267,5.188070,29.526050,0
2026-01-19,sh.600211,43.6800000000,44.1800000000,43.5000000000,44.0300000000,43.7900000000,2601826,114317996.7200,2,0.807200,1,0.548100,14.463651,3.996048,5.216505,29.687873,0
2026-01-20,sh.600211,44.0700000000,44.2100000000,43.7000000000,43.9000000000,44.0300000000,2496711,109538965.4100,2,0.774600,1,-0.295300,14.420947,3.984250,5.201103,29.600219,0
2026-01-21,sh.600211,43.7700000000,44.7800000000,43.7000000000,44.1000000000,43.9000000000,3272498,144955522.3200,2,1.015300,1,0.455600,14.486646,4.002401,5.224798,29.735072,0
2026-01-22,sh.600211,44.5200000000,44.5200000000,43.8300000000,43.9200000000,44.1000000000,2327950,102577612.5400,2,0.722200,1,-0.408200,14.427517,3.986065,5.203472,29.613704,0
2026-01-23,sh.600211,44.2200000000,44.2400000000,43.6000000000,43.9500000000,43.9200000000,3708622,162895612.3600,2,1.150600,1,0.068300,14.437372,3.988788,5.207027,29.633932,0
2026-01-26,sh.600211,43.8600000000,44.6000000000,43.1100000000,44.5800000000,43.9500000000,5817643,255586947.3400,2,1.804900,1,1.433400,14.644324,4.045965,5.281667,30.058719,0
2026-01-27,sh.600211,44.6000000000,44.6600000000,43.0900000000,43.6200000000,44.5800000000,4804227,209275242.7600,2,1.490500,1,-2.153400,14.328968,3.958838,5.167929,29.411425,0
2026-01-28,sh.600211,43.6200000000,43.6200000000,42.6500000000,42.6800000000,43.6200000000,4011405,172104252.5600,2,1.244500,1,-2.155000,14.020183,3.873526,5.056562,28.777616,0
2026-01-29,sh.600211,42.6700000000,43.0600000000,42.1700000000,42.8000000000,42.6800000000,2870107,122446986.5200,2,0.890500,1,0.281200,14.059602,3.884417,5.070779,28.858528,0
2026-01-30,sh.600211,42.4700000000,43.0300000000,42.0800000000,42.4000000000,42.8000000000,2297941,97755334.8500,2,0.712900,1,-0.934600,13.928204,3.848114,5.023389,28.588822,0
2026-02-02,sh.600211,42.3900000000,42.6000000000,41.4200000000,41.4500000000,42.4000000000,2447165,102856742.0000,2,0.759200,1,-2.240600,13.616133,3.761894,4.910836,27.948270,0
2026-02-03,sh.600211,41.5500000000,42.0400000000,41.3300000000,41.9000000000,41.4500000000,1575998,65828567.9000,2,0.489000,1,1.085600,13.763956,3.802735,4.964151,28.251689,0
2026-02-04,sh.600211,41.9100000000,42.0000000000,41.2900000000,41.9700000000,41.9000000000,2430939,101379448.4800,2,0.754200,1,0.167100,13.786951,3.809088,4.972444,28.298888,0
2026-02-05,sh.600211,41.9700000000,42.3300000000,41.8600000000,42.1700000000,41.9700000000,2390201,100640825.1100,2,0.741600,1,0.476500,13.852650,3.827240,4.996139,28.433741,0
2026-02-06,sh.600211,42.6400000000,43.6000000000,42.6000000000,42.7700000000,42.1700000000,5994113,258456572.5100,2,1.859700,1,1.422800,14.049747,3.881694,5.067225,28.838300,0
2026-02-09,sh.600211,42.6100000000,43.3400000000,42.3300000000,42.7100000000,42.7700000000,3153483,134423332.8200,2,0.978400,1,-0.140300,14.030037,3.876249,5.060116,28.797844,0
2026-02-10,sh.600211,42.6600000000,42.9800000000,42.4000000000,42.8100000000,42.7100000000,1781060,76171468.7000,2,0.552600,1,0.234100,14.062887,3.885324,5.071964,28.865270,0
2026-02-11,sh.600211,42.8900000000,42.8900000000,42.6000000000,42.6300000000,42.8100000000,1438611,61478408.1800,2,0.446300,1,-0.420500,14.003758,3.868988,5.050638,28.743903,0
2026-02-12,sh.600211,42.7000000000,42.7500000000,42.3200000000,42.3700000000,42.6300000000,1669384,70909052.7000,2,0.517900,1,-0.609900,13.918349,3.845391,5.019834,28.568594,0
2026-02-13,sh.600211,42.3600000000,42.4700000000,41.7100000000,41.7400000000,42.3700000000,2361933,99352548.6200,2,0.732800,1,-1.486900,13.711397,3.788214,4.945194,28.143807,0
2026-02-24,sh.600211,42.0900000000,42.1900000000,41.6000000000,41.8200000000,41.7400000000,1912266,80052882.7600,2,0.593300,1,0.191700,13.737677,3.795474,4.954672,28.197748,0
2026-02-25,sh.600211,42.0800000000,42.7800000000,41.8100000000,42.4500000000,41.8200000000,2962461,125969642.0400,2,0.919100,1,1.506500,13.944629,3.852652,5.029312,28.622535,0
2026-02-26,sh.600211,42.3600000000,42.6000000000,42.1200000000,42.2000000000,42.4500000000,2065020,87293722.6800,2,0.640700,1,-0.588900,13.862505,3.829962,4.999693,28.453969,0
2026-02-27,sh.600211,42.1100000000,42.6100000000,42.0400000000,42.5800000000,42.2000000000,1848940,78323380.2100,2,0.573600,1,0.900500,13.987333,3.864450,5.044714,28.710189,0
2026-03-02,sh.600211,42.2600000000,42.4900000000,41.6000000000,42.1000000000,42.5800000000,2772180,116456067.5300,2,0.860100,1,-1.127300,13.829655,3.820887,4.987846,28.386542,0
2026-03-03,sh.600211,42.1000000000,42.7800000000,41.8100000000,41.8800000000,42.1000000000,3492196,147612492.8600,2,1.083500,1,-0.522600,13.757386,3.800920,4.961781,28.238204,0
2026-03-04,sh.600211,42.0000000000,42.2000000000,41.1100000000,41.1800000000,41.8800000000,2689960,111861985.6800,2,0.834600,1,-1.671400,13.527440,3.737390,4.878848,27.766219,0
2026-03-05,sh.600211,41.5000000000,41.5700000000,41.0300000000,41.1000000000,41.1800000000,2108046,86988456.5400,2,0.654000,1,-0.194300,13.501160,3.730129,4.869370,27.712278,0
2026-03-06,sh.600211,41.0600000000,42.5000000000,40.8500000000,42.4300000000,41.1000000000,3275560,137576598.4000,2,1.016200,1,3.236000,13.938059,3.850836,5.026943,28.609050,0
2026-03-09,sh.600211,42.3400000000,42.3400000000,41.5700000000,41.6300000000,42.4300000000,2488936,103984900.4600,2,0.772200,1,-1.885500,13.675262,3.778231,4.932162,28.069638,0
2026-03-10,sh.600211,41.9000000000,42.5900000000,41.9000000000,42.5300000000,41.6300000000,2420877,102524848.8800,2,0.751100,1,2.161900,13.970908,3.859912,5.038791,28.676476,0
2026-03-11,sh.600211,42.4700000000,42.8600000000,42.2800000000,42.7700000000,42.5300000000,2305396,98227783.7200,2,0.715300,1,0.564300,14.049747,3.881694,5.067225,28.838300,0
2026-03-12,sh.600211,42.6200000000,42.7700000000,41.8300000000,42.0600000000,42.7700000000,2641758,111249734.4400,2,0.819600,1,-1.660000,13.816515,3.817256,4.983107,28.359572,0
2026-03-13,sh.600211,42.1500000000,44.1300000000,42.1500000000,43.8100000000,42.0600000000,8077923,352763348.6400,2,2.506200,1,4.160700,15.055263,3.717538,4.736080,52.183474,0
2026-03-16,sh.600211,43.4200000000,44.4500000000,43.3300000000,44.2000000000,43.8100000000,6326211,278880421.1100,2,1.962700,1,0.890200,15.189286,3.750631,4.778241,52.648016,0
2026-03-17,sh.600211,44.2500000000,44.5000000000,43.8200000000,43.8400000000,44.2000000000,4168900,184130231.3900,2,1.293400,1,-0.814500,15.065572,3.720083,4.739323,52.219208,0
2026-03-18,sh.600211,43.8700000000,44.4300000000,43.7000000000,44.1100000000,43.8400000000,3548885,156304775.8300,2,1.101000,1,0.615900,15.158357,3.742994,4.768512,52.540814,0
