date,code,open,high,low,close,preclose,volume,amount,adjustflag,turn,tradestatus,pctChg,peTTM,pbMRQ,psTTM,pcfNcfTTM,isST
2023-06-26,sh.603558,6.8955028000,6.9482072800,6.8515824000,6.8603664800,6.9394232000,1301800,10212530.0000,2,0.341400,1,-1.139200,13.658347,1.189193,1.284224,-46.373481,0
2023-06-27,sh.603558,6.8867187200,7.0448321600,6.8779346400,7.0272640000,6.8603664800,1990900,15882593.0000,2,0.539400,1,2.432800,13.543600,1.179202,1.273435,-45.983886,0
2023-06-28,sh.603558,7.0448321600,7.1151048000,6.9042868800,7.1151048000,7.0272640000,2307800,18478557.0000,2,0.625300,1,1.250000,13.712895,1.193942,1.289353,-46.558685,0
2023-06-29,sh.603558,7.0887525600,7.2205137600,7.0799684800,7.1414570400,7.1151048000,2158724,17598403.1200,2,0.584900,1,0.370400,13.763684,1.198364,1.294129,-46.731124,0
2023-06-30,sh.603558,7.1502411200,7.3171386400,7.1326729600,7.2556500800,7.1414570400,3964508,32822700.3200,2,1.074200,1,1.599000,13.983767,1.217526,1.314822,-47.478363,0
2023-07-03,sh.603558,7.3171386400,7.3259227200,7.2029456000,7.2556500800,7.2556500800,2183399,18026664.6600,2,0.591600,1,0.000000,13.983767,1.217526,1.314822,-47.478363,0
2023-07-04,sh.603558,7.2732182400,7.3171386400,7.2029456000,7.2995704800,7.2556500800,2319708,19239891.4000,2,0.628500,1,0.605300,14.068414,1.224896,1.322781,-47.765762,0
2023-07-05,sh.603558,7.3259227200,7.3259227200,7.2468660000,7.2732182400,7.2995704800,1494000,12400171.0000,2,0.404800,1,-0.361000,14.017626,1.220474,1.318006,-47.593322,0
2023-07-06,sh.603558,7.2907864000,7.2995704800,7.2380819200,7.2732182400,7.2732182400,1434650,11871120.5000,2,0.388700,1,0.000000,14.017626,1.220474,1.318006,-47.593322,0
2023-07-07,sh.603558,7.2732182400,7.3961953600,7.2292978400,7.3522749600,7.2732182400,2488400,20797032.0000,2,0.674200,1,1.087000,14.169992,1.233740,1.332332,-48.110641,0
2023-07-10,sh.603558,7.3259227200,7.4137635200,7.3259227200,7.3961953600,7.3522749600,1929599,16195785.5900,2,0.522800,1,0.597400,14.254639,1.241110,1.340291,-48.398040,0
2023-07-11,sh.603558,7.3874112800,7.3961953600,7.3171386400,7.3347068000,7.3961953600,1981949,16592236.1300,2,0.537000,1,-0.831400,14.136133,1.230792,1.329148,-47.995681,0
2023-07-12,sh.603558,7.3874112800,7.3874112800,7.2468660000,7.2556500800,7.3347068000,2204100,18314321.0000,2,0.597200,1,-1.077800,13.983767,1.217526,1.314822,-47.478363,0
2023-07-13,sh.603558,7.2907864000,7.3434908800,7.2117296800,7.2907864000,7.2556500800,1828800,15136465.0000,2,0.495500,1,0.484300,14.051485,1.223422,1.321189,-47.708282,0
2023-07-14,sh.603558,7.2995704800,7.3259227200,7.2380819200,7.3259227200,7.2907864000,1289400,10718962.0000,2,0.349400,1,0.481900,14.119203,1.229318,1.327556,-47.938201,0
2023-07-17,sh.603558,7.2995704800,7.3434908800,7.2029456000,7.3171386400,7.3259227200,1674300,13879260.0000,2,0.453600,1,-0.119900,14.102274,1.227844,1.325965,-47.880722,0
2023-07-18,sh.603558,7.3347068000,7.3786272000,7.2644341600,7.3434908800,7.3171386400,1343699,11236718.2000,2,0.364100,1,0.360100,14.153062,1.232266,1.330740,-48.053161,0
2023-07-19,sh.603558,7.3171386400,7.4049794400,7.2995704800,7.3698431200,7.3434908800,1209857,10142580.1800,2,0.327800,1,0.358900,14.203850,1.236688,1.335515,-48.225601,0
2023-07-20,sh.603558,7.4225476000,7.4488998400,7.3434908800,7.3610590400,7.3698431200,1372641,11531262.1700,2,0.371900,1,-0.119200,14.186921,1.235214,1.333923,-48.168121,0
2023-07-21,sh.603558,7.3434908800,7.4664680000,7.3083545600,7.3786272000,7.3610590400,1150200,9654685.0000,2,0.311600,1,0.238700,14.220780,1.238162,1.337107,-48.283081,0
2023-07-24,sh.603558,7.3961953600,7.3961953600,7.3347068000,7.3698431200,7.3786272000,918297,7698066.8900,2,0.248800,1,-0.119000,14.203850,1.236688,1.335515,-48.225601,0
2023-07-25,sh.603558,7.4137635200,7.4225476000,7.3610590400,7.4049794400,7.3698431200,1713300,14410507.0000,2,0.464200,1,0.476800,14.271569,1.242584,1.341882,-48.455520,0
2023-07-26,sh.603558,7.4137635200,7.4313316800,7.3786272000,7.4225476000,7.4049794400,1258471,10613344.4000,2,0.341000,1,0.237200,14.305428,1.245532,1.345066,-48.570480,0
2023-07-27,sh.603558,7.4401157600,7.4401157600,7.3522749600,7.3698431200,7.4225476000,1546800,12999460.0000,2,0.419100,1,-0.710100,14.203850,1.236688,1.335515,-48.225601,0
2023-07-28,sh.603558,7.3786272000,7.5016043200,7.3171386400,7.4840361600,7.3698431200,3715599,31545048.5100,2,1.006700,1,1.549500,14.423934,1.255850,1.356209,-48.972839,0
2023-07-31,sh.603558,7.5191724800,7.5279565600,7.4313316800,7.5103884000,7.4840361600,2303400,19628241.0000,2,0.624100,1,0.352100,14.474723,1.260272,1.360984,-49.145279,0
2023-08-01,sh.603558,7.5279565600,7.5543088000,7.4401157600,7.4401157600,7.5103884000,2058800,17565051.0000,2,0.557800,1,-0.935700,14.339287,1.248480,1.348250,-48.685440,0
2023-08-02,sh.603558,7.4576839200,7.4752520800,7.3874112800,7.4049794400,7.4401157600,1696000,14317311.0000,2,0.459500,1,-0.472300,14.271569,1.242584,1.341882,-48.455520,0
2023-08-03,sh.603558,7.4049794400,7.4225476000,7.3171386400,7.3698431200,7.4049794400,2270600,19022283.0000,2,0.615200,1,-0.474500,14.203850,1.236688,1.335515,-48.225601,0
2023-08-04,sh.603558,7.3434908800,7.4137635200,7.2732182400,7.2732182400,7.3698431200,2497600,20834141.0000,2,0.676700,1,-1.311100,14.017626,1.220474,1.318006,-47.593322,0
2023-08-07,sh.603558,7.2556500800,7.3434908800,7.2205137600,7.2820023200,7.2732182400,1838000,15240636.0000,2,0.498000,1,0.120800,14.034555,1.221948,1.319597,-47.650802,0
2023-08-08,sh.603558,7.2732182400,7.3610590400,7.2292978400,7.3434908800,7.2820023200,1881300,15629855.0000,2,0.509700,1,0.844400,14.153062,1.232266,1.330740,-48.053161,0
2023-08-09,sh.603558,7.2995704800,7.3259227200,7.2292978400,7.2292978400,7.3434908800,1720502,14215386.5600,2,0.466200,1,-1.555000,13.932979,1.213104,1.310047,-47.305923,0
2023-08-10,sh.603558,7.2117296800,7.2820023200,7.1941615200,7.2732182400,7.2292978400,1060800,8754110.0000,2,0.287400,1,0.607500,14.017626,1.220474,1.318006,-47.593322,0
2023-08-11,sh.603558,7.2732182400,7.2732182400,7.1414570400,7.1590252000,7.2732182400,1832900,15021119.0300,2,0.496600,1,-1.570000,13.797543,1.201312,1.297312,-46.846084,0
2023-08-14,sh.603558,7.1151048000,7.2644341600,7.0711844000,7.2380819200,7.1590252000,1706900,13947195.0000,2,0.462500,1,1.104300,13.949908,1.214578,1.311638,-47.363403,0
2023-08-15,sh.603558,7.2468660000,7.5630928800,7.2292978400,7.5191724800,7.2380819200,10735800,91384741.0300,2,2.908800,1,3.883500,16.013039,1.294611,1.431431,-107.370483,0
2023-08-16,sh.603558,7.4928202400,7.6509336800,7.3874112800,7.5543088000,7.5191724800,7692851,66068119.7700,2,2.084300,1,0.467300,16.087867,1.300661,1.438120,-107.872214,0
2023-08-17,sh.603558,7.5543088000,7.5543088000,7.3961953600,7.5191724800,7.5543088000,5170700,43998087.0000,2,1.401000,1,-0.465100,16.013039,1.294611,1.431431,-107.370483,0
2023-08-18,sh.603558,7.5191724800,7.5191724800,7.3171386400,7.3171386400,7.5191724800,3576700,30165902.0000,2,0.969100,1,-2.686900,15.582782,1.259826,1.392970,-104.485529,0
2023-08-21,sh.603558,7.3171386400,7.4313316800,7.2205137600,7.3786272000,7.3171386400,3584800,30077119.0000,2,0.971300,1,0.840300,15.713730,1.270413,1.404675,-105.363558,0
2023-08-22,sh.603558,7.3698431200,7.4225476000,7.1590252000,7.2292978400,7.3786272000,3253508,26923354.6800,2,0.881500,1,-2.023800,15.395714,1.244702,1.376247,-103.231201,0
2023-08-23,sh.603558,7.2468660000,7.2820023200,6.9833436000,7.0799684800,7.2292978400,3561900,28712562.0000,2,0.965100,1,-2.065600,15.077698,1.218991,1.347819,-101.098843,0
2023-08-24,sh.603558,7.0887525600,7.1853774400,6.9921276800,7.0272640000,7.0799684800,2195700,17651839.0000,2,0.594900,1,-0.744400,14.965457,1.209917,1.337786,-100.346246,0
2023-08-25,sh.603558,7.0536162400,7.3083545600,6.9569913600,7.0887525600,7.0272640000,4041000,32853715.0000,2,1.094900,1,0.875000,15.096405,1.220504,1.349492,-101.224276,0
2023-08-28,sh.603558,7.4488998400,7.4488998400,7.1941615200,7.2292978400,7.0887525600,4094800,33967910.0000,2,1.109500,1,1.982700,15.395714,1.244702,1.376247,-103.231201,0
2023-08-29,sh.603558,7.2029456000,7.3786272000,7.1765933600,7.3610590400,7.2292978400,2841100,23722175.0000,2,0.769800,1,1.822600,15.676317,1.267388,1.401331,-105.112693,0
2023-08-30,sh.603558,7.3610590400,7.6245814400,7.3610590400,7.5455247200,7.3610590400,6723887,57671351.0800,2,1.821800,1,2.506000,16.069160,1.299148,1.436448,-107.746782,0
2023-08-31,sh.603558,7.6421496000,7.6421496000,7.5103884000,7.5455247200,7.5455247200,3683505,31753670.2000,2,0.998000,1,0.000000,16.069160,1.299148,1.436448,-107.746782,0
2023-09-01,sh.603558,7.6245814400,7.6509336800,7.5455247200,7.6245814400,7.5455247200,3374775,29262677.0000,2,0.914400,1,1.047700,16.237521,1.312760,1.451498,-108.875677,0
2023-09-04,sh.603558,7.6509336800,7.6860700000,7.5718769600,7.6245814400,7.6245814400,2699400,23446500.0000,2,0.731400,1,0.000000,16.237521,1.312760,1.451498,-108.875677,0
2023-09-05,sh.603558,7.6245814400,7.6597177600,7.5718769600,7.6245814400,7.6245814400,2150300,18631458.0000,2,0.582600,1,0.000000,16.237521,1.312760,1.451498,-108.875677,0
2023-09-06,sh.603558,7.6245814400,7.6597177600,7.5543088000,7.5718769600,7.6245814400,1943584,16794333.2400,2,0.526600,1,-0.691200,16.125280,1.303686,1.441464,-108.123080,0
2023-09-07,sh.603558,7.6070132800,7.6070132800,7.4928202400,7.5103884000,7.5718769600,2247100,19292090.0000,2,0.608800,1,-0.812100,15.994333,1.293099,1.429759,-107.245050,0
2023-09-08,sh.603558,7.4840361600,7.5279565600,7.4137635200,7.4313316800,7.5103884000,2009100,17054135.0000,2,0.544400,1,-1.052600,15.825971,1.279487,1.414709,-106.116155,0
2023-09-11,sh.603558,7.4488998400,7.6245814400,7.4137635200,7.5455247200,7.4313316800,2335550,20033940.5000,2,0.632800,1,1.536600,16.069160,1.299148,1.436448,-107.746782,0
2023-09-12,sh.603558,7.5806610400,7.5806610400,7.4313316800,7.4488998400,7.5455247200,1524100,12957506.0000,2,0.412900,1,-1.280600,15.863385,1.282512,1.418053,-106.367021,0
2023-09-13,sh.603558,7.5367406400,7.5982292000,7.4488998400,7.5982292000,7.4488998400,3182600,27340423.0000,2,0.862300,1,2.004700,16.181401,1.308223,1.446481,-108.499378,0
2023-09-14,sh.603558,7.5894451200,7.7299904000,7.5103884000,7.6157973600,7.5982292000,4951700,43052423.0000,2,1.341600,1,0.231200,16.218814,1.311248,1.449825,-108.750244,0
2023-09-15,sh.603558,7.6157973600,7.7036381600,7.5718769600,7.5894451200,7.6157973600,2934400,25449978.0000,2,0.795100,1,-0.346000,16.162694,1.306710,1.444809,-108.373946,0
2023-09-18,sh.603558,7.5982292000,7.6597177600,7.4840361600,7.6421496000,7.5894451200,2672102,23135405.2200,2,0.724000,1,0.694400,16.274935,1.315785,1.454842,-109.126543,0
2023-09-19,sh.603558,7.6597177600,7.7212063200,7.5894451200,7.6245814400,7.6421496000,3388300,29466570.0000,2,0.918000,1,-0.229900,16.237521,1.312760,1.451498,-108.875677,0
2023-09-20,sh.603558,7.5982292000,7.6772859200,7.5718769600,7.6070132800,7.6245814400,2710520,23547988.8000,2,0.734400,1,-0.230400,16.200108,1.309735,1.448153,-108.624811,0
2023-09-21,sh.603558,7.5982292000,7.6333655200,7.4313316800,7.4752520800,7.6070132800,1840200,15736376.0000,2,0.498600,1,-1.732100,15.919505,1.287049,1.423070,-106.743319,0
2023-09-22,sh.603558,7.4752520800,7.5894451200,7.4488998400,7.5279565600,7.4752520800,1940700,16649199.0000,2,0.525800,1,0.705100,16.031746,1.296124,1.433103,-107.495916,0
2023-09-25,sh.603558,7.5543088000,7.9408083200,7.5543088000,7.7036381600,7.5279565600,7741370,68394368.6900,2,2.097500,1,2.333700,16.405883,1.326372,1.466548,-110.004572,0
2023-09-26,sh.603558,7.6948540800,7.7475585600,7.5367406400,7.6772859200,7.7036381600,5470493,47639805.9600,2,1.482200,1,-0.342100,16.349762,1.321834,1.461531,-109.628274,0
2023-09-27,sh.603558,7.6948540800,7.6948540800,7.5191724800,7.5982292000,7.6772859200,3087200,26834154.5000,2,0.836500,1,-1.029700,16.181401,1.308223,1.446481,-108.499378,0
2023-09-28,sh.603558,7.6333655200,7.8090471200,7.5806610400,7.7651267200,7.5982292000,4042820,35610881.4700,2,1.095400,1,2.196500,16.536830,1.336958,1.478253,-110.882602,0
2023-10-09,sh.603558,7.7651267200,7.7739108000,7.5455247200,7.5718769600,7.7651267200,3320220,28761656.1000,2,0.899600,1,-2.488700,16.125280,1.303686,1.441464,-108.123080,0
2023-10-10,sh.603558,7.5543088000,7.5982292000,7.4313316800,7.5103884000,7.5718769600,2551902,21782458.9600,2,0.691400,1,-0.812100,15.994333,1.293099,1.429759,-107.245050,0
2023-10-11,sh.603558,7.5279565600,7.5455247200,7.4576839200,7.4840361600,7.5103884000,2402800,20525450.0000,2,0.651000,1,-0.350900,15.938212,1.288562,1.424742,-106.868752,0
2023-10-12,sh.603558,7.4840361600,7.6772859200,7.4576839200,7.6421496000,7.4840361600,2501550,21602246.5000,2,0.677800,1,2.112700,16.274935,1.315785,1.454842,-109.126543,0
2023-10-13,sh.603558,7.6333655200,7.6333655200,7.5191724800,7.5455247200,7.6421496000,2178000,18739758.0000,2,0.590100,1,-1.264400,16.069160,1.299148,1.436448,-107.746782,0
2023-10-16,sh.603558,7.5543088000,7.6772859200,7.4225476000,7.5982292000,7.5455247200,2997100,25884301.0000,2,0.812000,1,0.698500,16.181401,1.308223,1.446481,-108.499378,0
2023-10-17,sh.603558,7.5894451200,7.8090471200,7.4840361600,7.6685018400,7.5982292000,3875150,33874394.0000,2,1.049900,1,0.924900,16.331055,1.320322,1.459859,-109.502841,0
2023-10-18,sh.603558,7.6860700000,7.7299904000,7.5543088000,7.5718769600,7.6685018400,2548488,22082051.9600,2,0.690500,1,-1.260000,16.125280,1.303686,1.441464,-108.123080,0
2023-10-19,sh.603558,7.5191724800,7.6509336800,7.4313316800,7.4928202400,7.5718769600,2382700,20382588.0000,2,0.645600,1,-1.044100,15.956919,1.290074,1.426414,-106.994185,0
2023-10-20,sh.603558,7.4840361600,7.5543088000,7.4313316800,7.4488998400,7.4928202400,1849000,15748182.0000,2,0.501000,1,-0.586200,15.863385,1.282512,1.418053,-106.367021,0
2023-10-23,sh.603558,7.4752520800,7.4752520800,7.2029456000,7.2468660000,7.4488998400,3647100,30312427.0000,2,0.988200,1,-2.712300,15.433128,1.247727,1.379592,-103.482066,0
2023-10-24,sh.603558,7.2292978400,7.7299904000,7.2292978400,7.6509336800,7.2468660000,5353100,46168141.0000,2,1.450400,1,5.575800,16.293642,1.317297,1.456514,-109.251975,0
2023-10-25,sh.603558,7.6421496000,7.7914789600,7.5543088000,7.7299904000,7.6509336800,3579300,31369423.0000,2,0.969800,1,1.033300,16.462003,1.330909,1.471564,-110.380871,0
2023-10-26,sh.603558,7.7212063200,7.7914789600,7.6157973600,7.6860700000,7.7299904000,2412522,21122407.7200,2,0.653700,1,-0.568200,16.368469,1.323347,1.463203,-109.753707,0
2023-10-27,sh.603558,7.7299904000,8.1164899200,7.6860700000,8.0637854400,7.6860700000,9788300,89273785.5000,2,2.652100,1,4.914300,17.490692,1.379690,1.543600,-155.425430,0
2023-10-30,sh.603558,8.0374332000,8.1340580800,7.9232401600,7.9320242400,8.0637854400,4753200,43430368.0000,2,1.287800,1,-1.634000,17.204897,1.357146,1.518378,-152.885799,0
2023-10-31,sh.603558,7.9320242400,8.0637854400,7.9056720000,8.0198650400,7.9320242400,4633200,42250100.0000,2,1.255300,1,1.107400,17.395427,1.372176,1.535193,-154.578886,0
2023-11-01,sh.603558,8.0110809600,8.2218988800,7.9495924000,8.2131148000,8.0198650400,4807532,44365822.8800,2,1.302600,1,2.409600,17.814594,1.405240,1.572185,-158.303679,0
2023-11-02,sh.603558,8.2482511200,8.3360919200,8.0725695200,8.2131148000,8.2131148000,5077220,47669156.6000,2,1.375600,1,0.000000,17.814594,1.405240,1.572185,-158.303679,0
2023-11-03,sh.603558,8.2043307200,8.2394670400,8.0286491200,8.0462172800,8.2131148000,3730441,34455801.7400,2,1.010700,1,-2.032100,17.452586,1.376684,1.540237,-155.086813,0
2023-11-06,sh.603558,8.0462172800,8.1252740000,7.9759446400,8.0462172800,8.0462172800,2942900,26969348.0000,2,0.797400,1,0.000000,17.452586,1.376684,1.540237,-155.086813,0
2023-11-07,sh.603558,8.0901376800,8.1164899200,8.0198650400,8.0462172800,8.0462172800,2334200,21428580.0000,2,0.632400,1,0.000000,17.452586,1.376684,1.540237,-155.086813,0
2023-11-08,sh.603558,8.0198650400,8.0725695200,7.9583764800,7.9759446400,8.0462172800,3420800,31173575.0000,2,0.926800,1,-0.873400,17.300162,1.364661,1.526785,-153.732343,0
2023-11-09,sh.603558,7.9935128000,8.0462172800,7.9320242400,7.9671605600,7.9759446400,2491190,22621959.0000,2,0.675000,1,-0.110100,17.281109,1.363158,1.525104,-153.563034,0
2023-11-10,sh.603558,7.9495924000,8.0198650400,7.9056720000,7.9847287200,7.9671605600,2315900,20977483.0000,2,0.627500,1,0.220500,17.319215,1.366164,1.528467,-153.901651,0
2023-11-13,sh.603558,7.9495924000,8.2921715200,7.9495924000,8.2658192800,7.9847287200,4576122,42657883.9400,2,1.239900,1,3.520400,17.928912,1.414258,1.582274,-159.319531,0
2023-11-14,sh.603558,8.2746033600,8.3536600800,8.1867625600,8.3009556000,8.2658192800,3111000,29273664.0000,2,0.842900,1,0.425100,18.005125,1.420269,1.589000,-159.996766,0
2023-11-15,sh.603558,8.3712282400,8.3887964000,8.1955466400,8.2218988800,8.3009556000,2371878,22256677.3200,2,0.642600,1,-0.952400,17.833647,1.406743,1.573867,-158.472988,0
2023-11-16,sh.603558,8.2482511200,8.3185237600,8.1955466400,8.2482511200,8.2218988800,2217690,20881447.5000,2,0.600900,1,0.320500,17.890806,1.411252,1.578911,-158.980914,0
2023-11-17,sh.603558,8.2658192800,8.3185237600,8.1867625600,8.2218988800,8.2482511200,1990900,18672756.3900,2,0.539400,1,-0.319500,17.833647,1.406743,1.573867,-158.472988,0
2023-11-20,sh.603558,8.2658192800,8.3448760000,8.1867625600,8.3448760000,8.2218988800,2392800,22534260.0000,2,0.648300,1,1.495700,18.100390,1.427784,1.597407,-160.843310,0
2023-11-21,sh.603558,8.3009556000,8.4327168000,8.2746033600,8.3009556000,8.3448760000,2629932,25000975.3200,2,0.712600,1,-0.526300,18.005125,1.420269,1.589000,-159.996766,0
2023-11-22,sh.603558,8.3097396800,8.3887964000,8.2570352000,8.3360919200,8.3009556000,2900700,27566143.0000,2,0.785900,1,0.423300,18.081337,1.426281,1.595726,-160.674001,0
2023-11-23,sh.603558,8.3185237600,8.4942053600,8.3185237600,8.4063645600,8.3360919200,3419600,32720437.0000,2,0.926500,1,0.843000,18.233761,1.438305,1.609178,-162.028471,0
2023-11-24,sh.603558,8.3712282400,8.5381257600,8.3624441600,8.4063645600,8.4063645600,3488400,33506513.0000,2,0.945200,1,0.000000,18.233761,1.438305,1.609178,-162.028471,0
2023-11-27,sh.603558,8.4334288500,8.7130398600,8.3612711700,8.6318624700,8.4063697200,7436515,70618705.9500,2,2.014900,1,2.682400,18.233761,1.438305,1.609178,-162.028471,0
2023-11-28,sh.603558,8.6679413100,9.0016705800,8.6318624700,8.7851975400,8.6318624700,5661407,55224649.1100,2,1.533900,1,1.776400,18.557663,1.463854,1.637763,-164.906720,0
2023-11-29,sh.603558,8.7581384100,8.7761778300,8.6228427600,8.7040201500,8.7851975400,3013500,29049109.0000,2,0.816500,1,-0.924000,18.386185,1.450328,1.622630,-163.382941,0
2023-11-30,sh.603558,8.6769610200,8.8393158000,8.5236259500,8.8212763800,8.7040201500,3950050,38051914.1500,2,1.070200,1,1.347200,18.633875,1.469866,1.644489,-165.583955,0
2023-12-01,sh.603558,8.8032369600,8.8393158000,8.7040201500,8.7581384100,8.8212763800,2878300,27952068.0000,2,0.779900,1,-0.715700,18.500504,1.459346,1.632719,-164.398794,0
2023-12-04,sh.603558,8.7671581200,8.9024537700,8.5957836300,8.8302960900,8.7581384100,4234500,41090712.0000,2,1.147300,1,0.823900,18.652928,1.471369,1.646170,-165.753264,0
2023-12-05,sh.603558,8.7942172500,8.9655917400,8.7491187000,8.8393158000,8.8302960900,5102100,50133976.0000,2,1.382400,1,0.102100,18.671981,1.472872,1.647852,-165.922572,0
2023-12-06,sh.603558,8.7671581200,9.2001042000,8.7671581200,8.9295129000,8.8393158000,5465200,54408006.0000,2,1.480800,1,1.020400,18.862511,1.487901,1.664667,-167.615660,0
2023-12-07,sh.603558,8.9655917400,9.1279465200,8.9295129000,9.0648085500,8.9295129000,6023500,60267256.0000,2,1.632000,1,1.515200,19.148307,1.510445,1.689889,-170.155291,0
2023-12-08,sh.603558,9.1099071000,9.2452027500,8.8663749300,9.0197100000,9.0648085500,7548400,75977363.0000,2,2.045200,1,-0.497500,19.053042,1.502931,1.681482,-169.308747,0
2023-12-11,sh.603558,8.9655917400,9.2452027500,8.8393158000,9.2271633300,9.0197100000,7466600,75365383.0000,2,2.023000,1,2.300000,19.491262,1.537498,1.720156,-173.202849,0
2023-12-12,sh.603558,9.2271633300,9.3534392700,9.1279465200,9.3173604300,9.2271633300,6700450,68740742.0000,2,1.815400,1,0.977500,19.681792,1.552527,1.736970,-174.895936,0
2023-12-13,sh.603558,9.3083407200,9.3173604300,9.1459859400,9.2091239100,9.3173604300,3620920,37061820.6000,2,0.981100,1,-1.161700,19.453156,1.534492,1.716793,-172.864231,0
2023-12-14,sh.603558,9.2091239100,9.2903013000,9.1099071000,9.2361830400,9.2091239100,4552400,46413687.0000,2,1.233400,1,0.293800,19.510315,1.539001,1.721837,-173.372157,0
2023-12-15,sh.603558,9.1730450700,9.2993210100,9.0738282600,9.1369662300,9.2361830400,3623106,36815197.3200,2,0.981700,1,-1.074200,19.300731,1.522469,1.703341,-171.509761,0
2023-12-18,sh.603558,9.1369662300,9.1640253600,8.8573552200,8.9024537700,9.1369662300,5470199,54317047.8400,2,1.482100,1,-2.566600,18.805352,1.483393,1.659622,-167.107734,0
2023-12-19,sh.603558,8.9204931900,9.0828479700,8.8844143500,9.0467691300,8.9024537700,5599500,55702238.0000,2,1.517100,1,1.621100,19.110201,1.507439,1.686526,-169.816674,0
2023-12-20,sh.603558,9.0557888400,9.2001042000,8.9836311600,9.0648085500,9.0467691300,4465143,45066861.5400,2,1.209800,1,0.199400,19.148307,1.510445,1.689889,-170.155291,0
2023-12-21,sh.603558,8.9746114500,9.1189268100,8.8032369600,9.0287297100,9.0648085500,4367502,43384586.8200,2,1.183300,1,-0.398000,19.072095,1.504434,1.683163,-169.478056,0
2023-12-22,sh.603558,9.0287297100,9.1459859400,8.8753946400,8.9295129000,9.0287297100,4532920,45185078.7200,2,1.228200,1,-1.098900,18.862511,1.487901,1.664667,-167.615660,0
2023-12-25,sh.603558,8.8663749300,8.9385326100,8.6408821800,8.7761778300,8.9295129000,6863000,66436479.0000,2,1.859500,1,-1.717200,18.538610,1.462352,1.636082,-164.737411,0
2023-12-26,sh.603558,8.7671581200,8.8844143500,8.6408821800,8.6859807300,8.7761778300,3617702,35051773.6200,2,0.980200,1,-1.027700,18.348079,1.447322,1.619267,-163.044324,0
2023-12-27,sh.603558,8.6679413100,8.7851975400,8.5687245000,8.7130398600,8.6859807300,3731500,35943641.0000,2,1.011000,1,0.311500,18.405238,1.451831,1.624311,-163.552250,0
2023-12-28,sh.603558,8.7130398600,8.7491187000,8.3883303000,8.5777442100,8.7130398600,9874200,93108759.0000,2,2.675300,1,-1.552800,18.119443,1.429287,1.599089,-161.012619,0
2023-12-29,sh.603558,8.5867639200,8.7581384100,8.4785274000,8.7400989900,8.5777442100,5033100,48231467.0000,2,1.363700,1,1.892700,18.462398,1.456340,1.629356,-164.060176,0
2024-01-02,sh.603558,8.7040201500,9.0106902900,8.6950004400,8.9746114500,8.7400989900,4984961,49298827.5100,2,1.350600,1,2.683200,18.957777,1.495416,1.673074,-168.462204,0
2024-01-03,sh.603558,8.9114734800,9.0648085500,8.8663749300,9.0377494200,8.9746114500,5513400,54810393.0000,2,1.493800,1,0.703500,19.091148,1.505937,1.684844,-169.647365,0
2024-01-04,sh.603558,8.9926508700,9.0467691300,8.9204931900,9.0197100000,9.0377494200,3861600,38459227.0000,2,1.046300,1,-0.199600,19.053042,1.502931,1.681482,-169.308747,0
2024-01-05,sh.603558,9.0197100000,9.0648085500,8.8483355100,8.8844143500,9.0197100000,3144700,31142980.0000,2,0.852000,1,-1.500000,18.767246,1.480387,1.656259,-166.769116,0
2024-01-08,sh.603558,8.8573552200,8.9204931900,8.6769610200,8.7220595700,8.8844143500,3785802,36861402.4800,2,1.025700,1,-1.827400,18.424291,1.453334,1.625993,-163.721559,0
2024-01-09,sh.603558,8.7851975400,8.8663749300,8.6589216000,8.8483355100,8.7220595700,2858400,27775702.0000,2,0.774500,1,1.447800,18.691034,1.474375,1.649533,-166.091881,0
2024-01-10,sh.603558,8.8483355100,8.9836311600,8.7220595700,8.9204931900,8.8483355100,3485800,34328929.0000,2,0.944500,1,0.815500,18.843458,1.486398,1.662985,-167.446351,0
2024-01-11,sh.603558,9.0467691300,9.0467691300,8.7851975400,8.8212763800,8.9204931900,2821200,27762418.0000,2,0.764400,1,-1.112200,18.633875,1.469866,1.644489,-165.583955,0
2024-01-12,sh.603558,8.9114734800,9.2181436200,8.7942172500,8.8573552200,8.8212763800,5198114,51347265.0700,2,1.408400,1,0.409000,18.710087,1.475878,1.651215,-166.261190,0
2024-01-15,sh.603558,8.7851975400,9.2722618800,8.7220595700,9.1459859400,8.8573552200,5301200,53429460.0000,2,1.436300,1,3.258700,19.319784,1.523972,1.705022,-171.679070,0
2024-01-16,sh.603558,9.1189268100,9.1910844900,8.8393158000,8.9746114500,9.1459859400,3657100,36368132.0000,2,0.990900,1,-1.873800,18.957777,1.495416,1.673074,-168.462204,0
2024-01-17,sh.603558,8.9746114500,9.2632421700,8.9746114500,9.0648085500,8.9746114500,4023700,40745922.0000,2,1.090200,1,1.005000,19.148307,1.510445,1.689889,-170.155291,0
2024-01-18,sh.603558,9.0106902900,9.0467691300,8.5687245000,8.8483355100,9.0648085500,4664715,45492116.5300,2,1.263900,1,-2.388100,18.691034,1.474375,1.649533,-166.091881,0
2024-01-19,sh.603558,8.8302960900,9.0197100000,8.7130398600,8.7761778300,8.8483355100,3853700,37847622.0000,2,1.044100,1,-0.815500,18.538610,1.462352,1.636082,-164.737411,0
2024-01-22,sh.603558,8.6859807300,8.7671581200,7.9373448000,8.2349952300,8.7761778300,7468754,69101430.9000,2,2.023600,1,-6.166500,17.395427,1.372176,1.535193,-154.578886,0
2024-01-23,sh.603558,7.8832265400,8.2259755200,7.7569506000,8.2259755200,8.2349952300,6744754,59476152.8800,2,1.827400,1,-0.109500,17.376374,1.370673,1.533511,-154.409578,0
2024-01-24,sh.603558,8.2169558100,8.2981332000,7.7840097300,8.1898966800,8.2259755200,6465000,57794456.0000,2,1.751600,1,-0.438600,17.300162,1.364661,1.526785,-153.732343,0
2024-01-25,sh.603558,8.2349952300,8.7942172500,8.0275419000,8.6859807300,8.1898966800,8501673,79652876.9400,2,2.303500,1,6.057300,18.348079,1.447322,1.619267,-163.044324,0
2024-01-26,sh.603558,8.6408821800,8.9655917400,8.5236259500,8.8483355100,8.6859807300,4559200,44384114.0000,2,1.235300,1,1.869200,18.691034,1.474375,1.649533,-166.091881,0
2024-01-29,sh.603558,8.8302960900,9.0016705800,8.4875471100,8.5236259500,8.8483355100,2850067,27326258.2000,2,0.772200,1,-3.669700,18.005125,1.420269,1.589000,-159.996766,0
2024-01-30,sh.603558,8.5326456600,8.5597047900,8.1538178400,8.2620543600,8.5236259500,3388400,31102409.0000,2,0.918100,1,-3.068800,17.452586,1.376684,1.540237,-155.086813,0
2024-01-31,sh.603558,8.2530346500,8.2530346500,7.7118520500,7.9463645100,8.2620543600,6347200,55530429.6000,2,1.719700,1,-3.821000,16.785730,1.324082,1.481385,-149.161006,0
2024-02-01,sh.603558,7.8922462500,7.9193053800,7.4502804600,7.5765564000,7.9463645100,6336600,53564209.0000,2,1.716900,1,-4.653800,16.004555,1.262462,1.412444,-142.219348,0
2024-02-02,sh.603558,7.5314578500,7.9012659600,7.4232213300,7.8922462500,7.5765564000,11498300,97610871.0000,2,3.115400,1,4.166700,16.671412,1.315064,1.471296,-148.145154,0
2024-02-05,sh.603558,7.8020491500,7.8020491500,7.1075314800,7.5675366900,7.8922462500,11113100,90621495.0000,2,3.011000,1,-4.114300,15.985502,1.260959,1.410763,-142.050039,0
2024-02-06,sh.603558,7.3961622000,8.0185221900,6.8639993100,7.7479308900,7.5675366900,8020464,66636872.8100,2,2.173100,1,2.383800,16.366563,1.291017,1.444393,-145.436214,0
2024-02-07,sh.603558,8.1538178400,8.3432317500,7.5224381400,8.1538178400,7.7479308900,10670126,93106905.4000,2,2.891000,1,5.238600,17.223950,1.358649,1.520059,-153.055108,0
2024-02-08,sh.603558,7.9644039300,8.9204931900,7.9553842200,8.7220595700,8.1538178400,7022288,65878251.5200,2,1.902600,1,6.969000,18.424291,1.453334,1.625993,-163.721559,0
2024-02-19,sh.603558,8.7040201500,9.1820647800,8.7040201500,9.1730450700,8.7220595700,8608815,86125809.8600,2,2.332500,1,5.170600,19.376944,1.528480,1.710067,-172.186996,0
2024-02-20,sh.603558,9.0287297100,9.1279465200,8.7491187000,8.9114734800,9.1730450700,3829540,37638793.8700,2,1.037600,1,-2.851500,18.824405,1.484895,1.661304,-167.277042,0
2024-02-21,sh.603558,8.7942172500,9.0918676800,8.6138230500,8.8573552200,8.9114734800,5350557,52361903.8700,2,1.449700,1,-0.607300,18.710087,1.475878,1.651215,-166.261190,0
2024-02-22,sh.603558,8.7310792800,8.8934340600,8.4965668200,8.7310792800,8.8573552200,5943157,56921197.2200,2,1.610300,1,-1.425700,18.443345,1.454837,1.627674,-163.890867,0
2024-02-23,sh.603558,8.6679413100,8.8212763800,8.5777442100,8.6318624700,8.7310792800,6073857,58531420.0500,2,1.645700,1,-1.136400,18.233761,1.438305,1.609178,-162.028471,0
2024-02-26,sh.603558,8.6318624700,9.0648085500,8.5957836300,8.8844143500,8.6318624700,6758961,66432378.7700,2,1.831300,1,2.925800,18.767246,1.480387,1.656259,-166.769116,0
2024-02-27,sh.603558,8.8573552200,8.8573552200,8.6048033400,8.7942172500,8.8844143500,5124720,49482431.1500,2,1.388500,1,-1.015200,18.576716,1.465357,1.639444,-165.076029,0
2024-02-28,sh.603558,8.7400989900,8.8844143500,8.2530346500,8.2710740700,8.7942172500,5992252,56792959.8700,2,1.623600,1,-5.948700,17.471639,1.378187,1.541919,-155.256121,0
2024-02-29,sh.603558,8.2620543600,8.5777442100,8.1718572600,8.4153894300,8.2710740700,5172700,48094740.2200,2,1.401500,1,1.744800,17.776488,1.402234,1.568822,-157.965061,0
2024-03-01,sh.603558,8.4604879800,8.6228427600,8.2079361000,8.3883303000,8.4153894300,5017542,46727698.3500,2,1.359500,1,-0.321500,17.719329,1.397726,1.563778,-157.457135,0
2024-03-04,sh.603558,8.5146062400,8.6859807300,8.2530346500,8.6048033400,8.3883303000,4936657,46032376.1100,2,1.337600,1,2.580600,18.176602,1.433796,1.604133,-161.520545,0
2024-03-05,sh.603558,8.5687245000,8.5777442100,8.3883303000,8.4604879800,8.6048033400,2437498,22904549.4300,2,0.660400,1,-1.677100,17.871753,1.409749,1.577230,-158.811605,0
2024-03-06,sh.603558,8.3612711700,8.5777442100,8.3161726200,8.3432317500,8.4604879800,3198200,29890337.0000,2,0.866500,1,-1.385900,17.624064,1.390211,1.555370,-156.610591,0
2024-03-07,sh.603558,8.3612711700,8.4604879800,8.2981332000,8.3161726200,8.3432317500,2484000,23056672.0000,2,0.673000,1,-0.324300,17.566905,1.385702,1.550326,-156.102665,0
2024-03-08,sh.603558,8.3522514600,8.6048033400,8.2440149400,8.5957836300,8.3161726200,3803800,35478656.0000,2,1.030600,1,3.362300,18.157549,1.432293,1.602452,-161.351236,0
2024-03-11,sh.603558,8.5506850800,8.8844143500,8.5506850800,8.6769610200,8.5957836300,4182469,40221056.4000,2,1.133200,1,0.944400,18.329026,1.445819,1.617585,-162.875015,0
2024-03-12,sh.603558,8.7040201500,8.7671581200,8.5687245000,8.6318624700,8.6769610200,3603000,34600830.0000,2,0.976200,1,-0.519800,18.233761,1.438305,1.609178,-162.028471,0
2024-03-13,sh.603558,8.6769610200,8.9385326100,8.5957836300,8.7491187000,8.6318624700,6587564,64098165.0000,2,1.784900,1,1.358400,18.481451,1.457843,1.631037,-164.229485,0
2024-03-14,sh.603558,8.7130398600,9.0828479700,8.6769610200,9.0377494200,8.7491187000,5578492,55501016.0900,2,1.511500,1,3.299000,19.091148,1.505937,1.684844,-169.647365,0
2024-03-15,sh.603558,9.0197100000,9.2903013000,8.9295129000,9.2542224600,9.0377494200,7870532,79924333.4400,2,2.132500,1,2.395200,19.548421,1.542007,1.725200,-173.710775,0
2024-03-18,sh.603558,9.5157940500,9.8405036100,9.4075575300,9.6330502800,9.2542224600,12745807,136012246.5500,2,3.453400,1,4.093600,14.575942,1.615803,1.727828,-1229.149650,0
2024-03-19,sh.603558,9.6510897000,9.9487401300,9.5879517300,9.7232473800,9.6330502800,6344517,68784595.7600,2,1.719000,1,0.936300,14.712421,1.630932,1.744006,-1240.658542,0
2024-03-20,sh.603558,9.7683459300,9.7683459300,9.4706955000,9.5608926000,9.7232473800,4388300,46678827.0000,2,1.189000,1,-1.669800,14.466759,1.603699,1.714885,-1219.942537,0
2024-03-21,sh.603558,9.6420699900,9.7052079600,9.4165772400,9.4977546300,9.5608926000,4157000,43771522.0000,2,1.126300,1,-0.660400,14.371223,1.593109,1.703561,-1211.886313,0
2024-03-22,sh.603558,9.5338334700,9.5789320200,9.3444195600,9.4977546300,9.4977546300,3935700,41261993.0000,2,1.066400,1,0.000000,14.371223,1.593109,1.703561,-1211.886313,0
2024-03-25,sh.603558,9.4887349200,9.8044247700,9.4075575300,9.4797152100,9.4977546300,4210692,44914606.0100,2,1.140900,1,-0.189900,14.343928,1.590083,1.700325,-1209.584534,0
2024-03-26,sh.603558,9.5157940500,9.5789320200,9.2903013000,9.5608926000,9.4797152100,3860199,40446188.0600,2,1.045900,1,0.856300,14.466759,1.603699,1.714885,-1219.942537,0
2024-03-27,sh.603558,9.4887349200,9.7683459300,9.4526560800,9.6150108600,9.5608926000,4876600,52107219.0000,2,1.321300,1,0.566000,14.548646,1.612777,1.724592,-1226.847872,0
2024-03-28,sh.603558,9.5969714400,9.8224641900,9.5518728900,9.6420699900,9.6150108600,4429800,47661280.0000,2,1.200200,1,0.281400,14.589590,1.617316,1.729446,-1230.300540,0
2024-03-29,sh.603558,9.6420699900,9.7412868000,9.5699123100,9.7412868000,9.6420699900,3378100,36229144.0000,2,0.915300,1,1.029000,14.739716,1.633958,1.747242,-1242.960321,0
2024-04-01,sh.603558,9.7412868000,9.8224641900,9.4526560800,9.7954050600,9.7412868000,5378700,57805258.0000,2,1.457300,1,0.555600,14.821604,1.643035,1.756949,-1249.865656,0
2024-04-02,sh.603558,9.8405036100,10.1020752000,9.7863853500,10.0930554900,9.7954050600,6656883,73735324.0300,2,1.803600,1,3.038700,15.271984,1.692962,1.810337,-1287.844999,0
2024-04-03,sh.603558,9.9757992600,10.2283511400,9.8405036100,10.1471737500,10.0930554900,6514792,72257717.1400,2,1.765100,1,0.536200,15.353871,1.702039,1.820044,-1294.750334,0
2024-04-08,sh.603558,10.2554102700,10.3365876600,10.0118781000,10.1020752000,10.1471737500,6939684,78031094.1200,2,1.880300,1,-0.444400,15.285632,1.694475,1.811954,-1288.995888,0
2024-04-09,sh.603558,10.0930554900,10.1742328800,10.0118781000,10.0840357800,10.1020752000,4353892,48682838.1200,2,1.179700,1,-0.178600,15.258336,1.691449,1.808719,-1286.694110,0
2024-04-10,sh.603558,10.0569766500,10.1832525900,9.9126612900,10.1020752000,10.0840357800,3930800,43892765.6600,2,1.065000,1,0.178900,15.285632,1.694475,1.811954,-1288.995888,0
2024-04-11,sh.603558,10.1020752000,10.2463905600,9.9216810000,9.9757992600,10.1020752000,5756400,64411227.0000,2,1.559700,1,-1.250000,15.094561,1.673294,1.789305,-1272.883439,0
2024-04-12,sh.603558,9.9126612900,10.3275679500,9.9036415800,10.2644299800,9.9757992600,5211900,58806602.0800,2,1.412100,1,2.893300,15.531294,1.721707,1.841075,-1309.711893,0
2024-04-15,sh.603558,10.1381540400,10.3546270800,9.6510897000,9.8314839000,10.2644299800,6655350,73243243.0000,2,1.803200,1,-4.217900,14.876195,1.649087,1.763420,-1254.469212,0
2024-04-16,sh.603558,9.6781488300,9.8224641900,9.3534392700,9.4797152100,9.8314839000,5844492,61670357.0400,2,1.583500,1,-3.578000,14.343928,1.590083,1.700325,-1209.584534,0
2024-04-17,sh.603558,9.4797152100,10.1291343300,9.4797152100,10.0479569400,9.4797152100,5919400,65108470.0000,2,1.603800,1,5.994300,15.203744,1.685397,1.802248,-1282.090553,0
2024-04-18,sh.603558,10.1201146200,10.2554102700,9.9487401300,10.0389372300,10.0479569400,3553117,39833512.7200,2,0.962700,1,-0.089800,15.190097,1.683884,1.800630,-1280.939664,0
2024-04-19,sh.603558,9.8856021600,10.3365876600,9.8856021600,10.2824694000,10.0389372300,4575900,51746902.0000,2,1.239800,1,2.425900,15.558589,1.724733,1.844311,-1312.013672,0
2024-04-22,sh.603558,10.2373708500,10.4538438900,10.0750160700,10.3275679500,10.2824694000,4072084,46502063.2800,2,1.103300,1,0.438600,15.626829,1.732298,1.852400,-1317.768118,0
2024-04-23,sh.603558,10.3726665000,10.3726665000,10.1020752000,10.1381540400,10.3275679500,3217800,36353821.0000,2,0.871800,1,-1.834100,15.340223,1.700526,1.818426,-1293.599445,0
2024-04-24,sh.603558,9.7863853500,10.1922723000,9.4887349200,9.9126612900,10.1381540400,10500961,113827510.5300,2,2.845200,1,-2.224200,12.922751,1.646620,1.738536,51.434918,0
2024-04-25,sh.603558,9.9216810000,10.1652131700,9.8224641900,10.0389372300,9.9126612900,4369369,48509666.5900,2,1.183900,1,1.273900,13.087372,1.667596,1.760683,52.090140,0
2024-04-26,sh.603558,9.9848189700,10.1561934600,9.6691291200,9.7863853500,10.0389372300,5581464,61145492.5600,2,1.512300,1,-2.515700,12.758130,1.625644,1.716389,50.779696,0
2024-04-29,sh.603558,9.7593262200,10.2373708500,9.6691291200,10.2193314300,9.7863853500,5941550,66026127.5000,2,1.609800,1,4.424000,13.322545,1.697562,1.792322,53.026171,0
2024-04-30,sh.603558,10.2283511400,10.3726665000,9.9667795500,10.2734496900,10.2193314300,4310967,48659857.6000,2,1.168000,1,0.529600,13.393097,1.706552,1.801813,53.306981,0
2024-05-06,sh.603558,10.3195522800,10.6884370800,10.0244444400,10.6331043600,10.2734416800,7207000,81291934.0000,2,1.952700,1,3.500900,13.557718,1.727528,1.823960,53.962203,0
2024-05-07,sh.603558,10.6331043600,10.7714361600,10.5039946800,10.6976592000,10.6331043600,5111040,58975324.6200,2,1.384800,1,0.607100,13.640029,1.738016,1.835034,54.289814,0
2024-05-08,sh.603558,10.6515486000,10.7991025200,10.5316610400,10.7068813200,10.6976592000,5945000,68718465.0000,2,1.610800,1,0.086200,13.651787,1.739514,1.836615,54.336615,0
2024-05-09,sh.603558,10.7529919200,11.2325421600,10.7068813200,10.9466564400,10.7068813200,4904090,58138981.8000,2,1.328700,1,2.239400,13.957512,1.778470,1.877746,55.553456,0
2024-05-10,sh.603558,10.9374343200,11.1034324800,10.4763283200,10.6054380000,10.9466564400,8237700,95366778.0000,2,2.231900,1,-3.117100,13.522442,1.723033,1.819214,53.821798,0
2024-05-13,sh.603558,10.4671062000,11.0480997600,10.3103301600,10.9466564400,10.6054380000,6738300,78896005.0000,2,1.825700,1,3.217400,13.957512,1.778470,1.877746,55.553456,0
2024-05-14,sh.603558,10.8359910000,11.5184278800,10.8359910000,11.3985403200,10.9466564400,7449950,91374474.0000,2,2.018500,1,4.128100,14.533686,1.851886,1.955260,57.846732,0
2024-05-15,sh.603558,11.3155412400,11.6198712000,11.2509864000,11.2970970000,11.3985403200,5820117,72305133.7500,2,1.576900,1,-0.890000,14.404340,1.835405,1.937859,57.331915,0
2024-05-16,sh.603558,11.2694306400,11.6752039200,10.9558785600,11.1126546000,11.2970970000,5761630,70428979.6000,2,1.561100,1,-1.632700,14.169168,1.805439,1.906220,56.395884,0
2024-05-17,sh.603558,11.1126546000,11.2325421600,10.6976592000,10.9097679600,11.1126546000,4867400,57669149.0000,2,1.318800,1,-1.825700,13.910477,1.772477,1.871418,55.366249,0
2024-05-20,sh.603558,10.8728794800,10.8821016000,10.4025513600,10.7714361600,10.9097679600,6607600,76073222.0000,2,1.790300,1,-1.268000,13.734098,1.750002,1.847689,54.664226,0
2024-05-21,sh.603558,10.7437698000,10.8452131200,10.5132168000,10.6238822400,10.7714361600,4794500,55273154.0000,2,1.299000,1,-1.369900,13.545959,1.726030,1.822378,53.915401,0
2024-05-22,sh.603558,10.7161034400,10.7253255600,10.4486619600,10.4671062000,10.6238822400,3232500,36931532.0000,2,0.875800,1,-1.475700,13.346062,1.700559,1.795485,53.119774,0
2024-05-23,sh.603558,10.4117734800,10.4394398400,10.1627762400,10.1812204800,10.4671062000,3588600,39931196.0000,2,0.972300,1,-2.731300,12.981544,1.654112,1.746446,51.668926,0
2024-05-24,sh.603558,10.1719983600,10.3933292400,10.0613329200,10.1074435200,10.1812204800,2761746,30585026.9000,2,0.748300,1,-0.724600,12.887475,1.642126,1.733790,51.294513,0
2024-05-27,sh.603558,10.1719983600,10.4117734800,10.0705550400,10.3564407600,10.1074435200,5717379,63745128.6400,2,1.549100,1,2.463500,13.204959,1.682579,1.776502,52.558156,0
2024-05-28,sh.603558,10.3472186400,10.4394398400,10.0152223200,10.0982214000,10.3564407600,4428100,48738212.0000,2,1.199800,1,-2.493300,12.875717,1.640627,1.732208,51.247712,0
2024-05-29,sh.603558,10.0982214000,10.2549974400,9.9691117200,10.0521108000,10.0982214000,2928500,32052676.0000,2,0.793500,1,-0.456600,12.816923,1.633136,1.724299,51.013704,0
2024-05-30,sh.603558,10.0613329200,10.1627762400,9.9598896000,9.9875559600,10.0521108000,2599600,28373716.0000,2,0.704300,1,-0.642200,12.734613,1.622648,1.713225,50.686093,0
2024-05-31,sh.603558,9.9967780800,10.1904426000,9.9598896000,10.0889992800,9.9875559600,3182200,34765096.0000,2,0.862200,1,1.015700,12.863958,1.639129,1.730626,51.200910,0
2024-06-03,sh.603558,10.0521108000,10.3841071200,9.9230011200,10.0613329200,10.0889992800,4047900,44604222.0000,2,1.096800,1,-0.274200,12.828682,1.634634,1.725881,51.060506,0
2024-06-04,sh.603558,10.0060002000,10.4486619600,9.9598896000,10.2826638000,10.0613329200,7151527,79238791.4200,2,1.937700,1,2.199800,13.110889,1.670593,1.763847,52.183743,0
2024-06-05,sh.603558,10.2365532000,10.2826638000,10.0060002000,10.0428886800,10.2826638000,4096900,44785701.0000,2,1.110000,1,-2.331800,12.805165,1.631638,1.722717,50.966903,0
2024-06-06,sh.603558,10.0060002000,10.0428886800,9.5541163200,9.6555596400,10.0428886800,7765902,81834726.8200,2,2.104100,1,-3.856700,12.311302,1.568709,1.656276,49.001237,0
2024-06-07,sh.603558,9.7108923600,10.0521108000,9.7108923600,10.0336665600,9.6555596400,5915200,63402372.0000,2,1.602700,1,3.916000,12.793406,1.630139,1.721135,50.920101,0
2024-06-11,sh.603558,10.2181089600,10.2457753200,9.8584462800,10.1074435200,10.0336665600,4057600,44057309.3600,2,1.099400,1,0.735300,12.887475,1.642126,1.733790,51.294513,0
2024-06-12,sh.603558,10.1074435200,10.1258877600,9.8307799200,9.8861126400,10.1074435200,3109920,33466402.0000,2,0.842600,1,-2.189800,12.605268,1.606167,1.695824,50.171276,0
2024-06-13,sh.603558,9.8307799200,9.9230011200,9.7754472000,9.8031135600,9.8861126400,2083900,22251756.0000,2,0.564600,1,-0.839600,12.499440,1.592682,1.681587,49.750062,0
2024-06-14,sh.603558,9.8307799200,9.9414453600,9.4526730000,9.6463375200,9.8031135600,5780700,60540929.0000,2,1.566200,1,-1.599200,12.299543,1.567211,1.654694,48.954435,0
2024-06-17,sh.603558,9.5080057200,9.7570029600,9.3327854400,9.4434508800,9.6463375200,5488800,56735731.0000,2,1.487200,1,-2.103300,12.040853,1.534249,1.619892,47.924801,0
2024-06-18,sh.603558,9.4895614800,9.6832260000,9.3512296800,9.4987836000,9.4434508800,4897900,50504816.8000,2,1.327100,1,0.585900,12.111405,1.543238,1.629383,48.205610,0
2024-06-19,sh.603558,9.6094490400,9.6094490400,9.4157845200,9.4526730000,9.4987836000,3549400,36454228.0000,2,0.961700,1,-0.485400,12.052611,1.535747,1.621474,47.971602,0
2024-06-20,sh.603558,9.3696739200,9.5910048000,9.2774527200,9.4618951200,9.4526730000,3085200,31549605.0100,2,0.835900,1,0.097600,12.064370,1.537245,1.623056,48.018404,0
2024-06-21,sh.603558,9.3235633200,9.5817826800,9.2774527200,9.4618951200,9.4618951200,3622567,37180257.7500,2,0.981500,1,0.000000,12.064370,1.537245,1.623056,48.018404,0
2024-06-24,sh.603558,9.3696739200,9.5264499600,9.2313421200,9.3143412000,9.4618951200,2770200,28110694.0000,2,0.750600,1,-1.559500,11.876232,1.513273,1.597745,47.269579,0
2024-06-25,sh.603558,9.2866748400,9.6278932800,9.2866748400,9.4526730000,9.3143412000,3296067,33871393.3900,2,0.893000,1,1.485100,12.052611,1.535747,1.621474,47.971602,0
2024-06-26,sh.603558,9.3881181600,9.5172278400,9.2866748400,9.4987836000,9.4526730000,2911900,29714496.0000,2,0.789000,1,0.487800,12.111405,1.543238,1.629383,48.205610,0
2024-06-27,sh.603558,9.4711172400,9.5172278400,9.1391209200,9.1483430400,9.4987836000,3503900,35256038.0000,2,0.949400,1,-3.689300,11.664576,1.486303,1.569270,46.427151,0
2024-06-28,sh.603558,9.2128978800,9.3051190800,9.0376776000,9.1760094000,9.1483430400,3159500,31507561.0000,2,0.856000,1,0.302400,11.699852,1.490798,1.574016,46.567556,0
2024-07-01,sh.603558,9.1760094000,9.3512296800,9.1022324400,9.2774527200,9.1760094000,3710470,37091403.3000,2,1.005300,1,1.105500,11.829197,1.507279,1.591417,47.082373,0
2024-07-02,sh.603558,9.2866748400,9.4250066400,9.0930103200,9.2036757600,9.2774527200,3173900,31714845.0000,2,0.859900,1,-0.795200,11.735128,1.495293,1.578762,46.707960,0
2024-07-03,sh.603558,9.1391209200,9.2036757600,8.9270121600,8.9639006400,9.2036757600,3115700,30468415.0000,2,0.844200,1,-2.605200,11.429403,1.456338,1.537632,45.491120,0
2024-07-04,sh.603558,8.9085679200,9.0284554800,8.8071246000,8.8255688400,8.9639006400,2322100,22399394.0000,2,0.629200,1,-1.543200,11.253024,1.433863,1.513903,44.789096,0
2024-07-05,sh.603558,8.7702361200,8.9454564000,8.7149034000,8.9270121600,8.8255688400,3152700,30163660.0000,2,0.854200,1,1.149400,11.382369,1.450344,1.531304,45.303913,0
2024-07-08,sh.603558,8.9177900400,9.1114545600,8.8071246000,8.8809015600,8.9270121600,5706900,55470204.0000,2,1.546200,1,-0.516500,11.323575,1.442853,1.523394,45.069906,0
2024-07-09,sh.603558,8.8809015600,8.9546785200,8.7149034000,8.8993458000,8.8809015600,3060700,29304633.0000,2,0.829300,1,0.207700,11.347093,1.445850,1.526558,45.163509,0
2024-07-10,sh.603558,8.9085679200,8.9270121600,8.6134600800,8.6780149200,8.8993458000,2433100,23188420.0000,2,0.659200,1,-2.487000,11.064885,1.409891,1.488592,44.040271,0
2024-07-11,sh.603558,8.7610140000,8.8532352000,8.6134600800,8.6872370400,8.6780149200,3707925,35024686.5000,2,1.004600,1,0.106300,11.076644,1.411389,1.490174,44.087073,0
2024-07-12,sh.603558,8.7149034000,8.8255688400,8.5857937200,8.6042379600,8.6872370400,2881600,27186327.0000,2,0.780800,1,-0.955400,10.970816,1.397904,1.475936,43.665859,0
2024-07-15,sh.603558,8.6042379600,8.6226822000,8.4474619200,8.4935725200,8.6042379600,3455300,31895117.0000,2,0.936200,1,-1.286200,10.829712,1.379925,1.456953,43.104240,0
2024-07-16,sh.603558,8.5120167600,8.5489052400,8.1431319600,8.1984646800,8.4935725200,5685100,50969707.0000,2,1.540300,1,-3.474500,10.453436,1.331980,1.406332,41.606590,0
2024-07-17,sh.603558,8.1984646800,8.2537974000,8.0509107600,8.0970213600,8.1984646800,3656700,32295986.0000,2,0.990800,1,-1.237300,10.324091,1.315498,1.388931,41.091773,0
2024-07-18,sh.603558,8.0785771200,8.1707983200,7.9955780400,8.1431319600,8.0970213600,3584600,31364508.0000,2,0.971200,1,0.569500,10.382884,1.322990,1.396840,41.325780,0
2024-07-19,sh.603558,8.1062434800,8.1431319600,7.9679116800,8.0785771200,8.1431319600,4006300,35022509.7600,2,1.085500,1,-0.792800,10.300573,1.312502,1.385767,40.998170,0
2024-07-22,sh.603558,8.0324665200,8.1431319600,7.9863559200,8.0877992400,8.0785771200,3100900,27085086.0000,2,0.840200,1,0.114200,10.312332,1.314000,1.387349,41.044971,0
2024-07-23,sh.603558,8.0877992400,8.1062434800,7.8756904800,7.8756904800,8.0877992400,3968800,34258670.0000,2,1.075300,1,-2.622600,10.041883,1.279539,1.350964,39.968535,0
2024-07-24,sh.603558,7.8941347200,7.9218010800,7.7465808000,7.7742471600,7.8756904800,2661400,22565545.0000,2,0.721100,1,-1.288100,9.912538,1.263058,1.333563,39.453718,0
2024-07-25,sh.603558,7.6912480800,7.8480241200,7.6728038400,7.7465808000,7.7742471600,2292300,19288722.0000,2,0.621100,1,-0.355900,9.877262,1.258563,1.328817,39.313313,0
2024-07-26,sh.603558,7.7558029200,7.9310232000,7.7558029200,7.8756904800,7.7465808000,2036500,17370193.0000,2,0.551800,1,1.666700,10.041883,1.279539,1.350964,39.968535,0
2024-07-29,sh.603558,7.8756904800,7.8849126000,7.6174711200,7.6635817200,7.8756904800,3030400,25278560.0000,2,0.821100,1,-2.693200,9.771434,1.245079,1.314580,38.892099,0
2024-07-30,sh.603558,7.6543596000,7.7189144400,7.5436941600,7.6912480800,7.6635817200,2304300,19140196.0000,2,0.624300,1,0.361000,9.806710,1.249574,1.319326,39.032504,0
2024-07-31,sh.603558,7.7281365600,7.9863559200,7.6359153600,7.9033568400,7.6912480800,5676466,48472488.0000,2,1.538000,1,2.757800,10.077159,1.284034,1.355710,40.108940,0
2024-08-01,sh.603558,7.8849126000,7.9586895600,7.5898047600,7.6728038400,7.9033568400,6858566,57455482.7800,2,1.858300,1,-2.917200,9.783193,1.246577,1.316162,38.938901,0
2024-08-02,sh.603558,7.5805826400,7.7742471600,7.5805826400,7.6912480800,7.6728038400,4258000,35537200.0000,2,1.153700,1,0.240400,9.806710,1.249574,1.319326,39.032504,0
2024-08-05,sh.603558,7.6728038400,7.8756904800,7.5805826400,7.6174711200,7.6912480800,4720050,39486442.5000,2,1.278900,1,-0.959200,9.712641,1.237587,1.306670,38.658091,0
2024-08-06,sh.603558,7.6451374800,7.7465808000,7.5068056800,7.6543596000,7.6174711200,6978200,57596780.0000,2,1.890700,1,0.484300,9.759676,1.243580,1.312998,38.845298,0
2024-08-07,sh.603558,7.6728038400,7.7096923200,7.4606950800,7.5344720400,7.6543596000,7269234,59589078.8900,2,1.969600,1,-1.566300,9.606813,1.224103,1.292433,38.236877,0
2024-08-08,sh.603558,7.5805826400,8.2906858800,7.5621384000,8.2906858800,7.5344720400,14510675,124192717.6100,2,3.931600,1,10.036700,10.624270,1.368818,1.416544,96.921748,0
2024-08-09,sh.603558,8.6503485600,8.6503485600,8.0877992400,8.1062434800,8.2906858800,19213018,172716389.4000,2,5.205600,1,-2.224700,10.387912,1.338366,1.385031,94.765535,0
2024-08-12,sh.603558,8.0693550000,8.2537974000,8.0048001600,8.0601328800,8.1062434800,9456477,83092992.7500,2,2.562200,1,-0.568800,10.328823,1.330753,1.377152,94.226482,0
2024-08-13,sh.603558,8.0324665200,8.1246877200,7.8941347200,8.1246877200,8.0601328800,7139900,62099074.0000,2,1.934500,1,0.800900,10.411548,1.341411,1.388182,94.981157,0
2024-08-14,sh.603558,8.0970213600,8.0970213600,7.8941347200,7.9033568400,8.1246877200,6052100,52192920.0000,2,1.639800,1,-2.724200,10.127919,1.304869,1.350365,92.393702,0
2024-08-15,sh.603558,7.8849126000,8.0509107600,7.7834692800,7.9771338000,7.9033568400,6357369,54751516.7800,2,1.722500,1,0.933500,10.222462,1.317049,1.362971,93.256187,0
2024-08-16,sh.603558,7.9310232000,8.2353531600,7.8572462400,8.0970213600,7.9771338000,8637655,75394870.8000,2,2.340300,1,1.502900,10.376094,1.336843,1.383455,94.657725,0
2024-08-19,sh.603558,8.1154656000,8.2261310400,8.0416886400,8.1984646800,8.0970213600,7174805,63369383.7000,2,1.944000,1,1.252800,10.506091,1.353592,1.400788,95.843642,0
2024-08-20,sh.603558,8.1523540800,8.1892425600,7.9494674400,8.1154656000,8.1984646800,5670400,49551586.0000,2,1.536400,1,-1.012400,10.399730,1.339889,1.386606,94.873346,0
2024-08-21,sh.603558,8.0509107600,8.2630195200,8.0416886400,8.1892425600,8.1154656000,4283400,37915261.0000,2,1.160600,1,0.909100,10.494273,1.352069,1.399212,95.735831,0
2024-08-22,sh.603558,8.1246877200,8.3460186000,8.0601328800,8.2169089200,8.1892425600,6749600,59929125.0000,2,1.828800,1,0.337800,10.529727,1.356637,1.403939,96.059263,0
2024-08-23,sh.603558,8.2076868000,8.2076868000,8.0232444000,8.0601328800,8.2169089200,4261888,37380226.4800,2,1.154700,1,-1.908000,10.328823,1.330753,1.377152,94.226482,0
2024-08-26,sh.603558,7.9863559200,8.1431319600,7.8295798800,8.1246877200,8.0601328800,4206000,36576194.0000,2,1.139600,1,0.800900,10.411548,1.341411,1.388182,94.981157,0
2024-08-27,sh.603558,8.0509107600,8.1431319600,8.0416886400,8.0509107600,8.1246877200,2487000,21783712.0000,2,0.673800,1,-0.908100,10.317005,1.329230,1.375577,94.118672,0
2024-08-28,sh.603558,8.0601328800,8.2169089200,7.9494674400,8.2076868000,8.0509107600,3948600,34698828.0000,2,1.069800,1,1.947300,10.517909,1.355114,1.402363,95.951452,0
2024-08-29,sh.603558,8.1228846000,8.4527001000,8.0286516000,8.3678904000,8.2076943000,4960475,43541749.2500,2,1.344000,1,1.951800,10.494273,1.352069,1.399212,95.735831,0
2024-08-30,sh.603558,8.2925040000,8.5846263000,8.2736574000,8.4809700000,8.3678904000,5176100,46521265.0000,2,1.402400,1,1.351400,10.636088,1.370341,1.418120,97.029558,0
2024-09-02,sh.603558,8.4150069000,8.6600127000,8.3678904000,8.4621234000,8.4809700000,4260500,38474796.0000,2,1.154400,1,-0.222200,10.612452,1.367295,1.414969,96.813937,0
2024-09-03,sh.603558,8.3961603000,8.6034729000,8.3961603000,8.5280865000,8.4621234000,2251600,20334000.0000,2,0.610100,1,0.779500,10.695177,1.377954,1.425999,97.568612,0
2024-09-04,sh.603558,8.5280865000,8.6694360000,8.4903933000,8.6600127000,8.5280865000,3051300,27885215.0000,2,0.826700,1,1.547000,10.860627,1.399270,1.448058,99.077960,0
2024-09-05,sh.603558,8.7071292000,8.9898282000,8.6694360000,8.9427117000,8.6600127000,5043000,47558208.0000,2,1.366400,1,3.264400,11.215163,1.444948,1.495329,102.312279,0
2024-09-06,sh.603558,8.9521350000,8.9992515000,8.7165525000,8.8107855000,8.9427117000,4022601,37800137.4100,2,1.089900,1,-1.475200,11.049713,1.423632,1.473269,100.802930,0
2024-09-09,sh.603558,8.7730923000,9.1029078000,8.7259758000,9.0180981000,8.8107855000,3912000,37075461.4000,2,1.059900,1,2.352900,11.309706,1.457129,1.507934,103.174764,0
2024-09-10,sh.603558,9.0086748000,9.0652146000,8.8013622000,9.0275214000,9.0180981000,3892200,36933209.0000,2,1.054600,1,0.104500,11.321524,1.458651,1.509510,103.282574,0
2024-09-11,sh.603558,8.9709816000,9.1217544000,8.8579020000,8.9898282000,9.0275214000,2418200,23050582.0000,2,0.655200,1,-0.417500,11.274253,1.452561,1.503207,102.851332,0
2024-09-12,sh.603558,8.9898282000,9.0275214000,8.8202088000,8.8390554000,8.9898282000,2514700,23737837.0000,2,0.681300,1,-1.677100,11.085167,1.428199,1.477996,101.126362,0
2024-09-13,sh.603558,8.8107855000,8.8955952000,8.7259758000,8.7730923000,8.8390554000,2628300,24542160.0000,2,0.712100,1,-0.746300,11.002442,1.417541,1.466966,100.371688,0
2024-09-18,sh.603558,8.8013622000,9.0180981000,8.6694360000,8.9521350000,8.7730923000,2420600,22751171.0000,2,0.655800,1,2.040800,11.226981,1.446471,1.496905,102.420089,0
2024-09-19,sh.603558,9.0275214000,9.1406010000,8.9050185000,9.0086748000,8.9521350000,2339500,22378757.0000,2,0.633900,1,0.631600,11.297889,1.455606,1.506359,103.066953,0
2024-09-20,sh.603558,9.0275214000,9.0652146000,8.9144418000,8.9521350000,9.0086748000,1559000,14855419.0000,2,0.422400,1,-0.627600,11.226981,1.446471,1.496905,102.420089,0
2024-09-23,sh.603558,8.9709816000,9.0934845000,8.8579020000,9.0369447000,8.9521350000,2515501,24096872.5700,2,0.681600,1,0.947400,11.333342,1.460174,1.511086,103.390385,0
2024-09-24,sh.603558,9.0369447000,9.1217544000,8.8955952000,8.9992515000,9.0369447000,4004120,38189672.6000,2,1.084900,1,-0.417100,11.286071,1.454084,1.504783,102.959143,0
2024-09-25,sh.603558,9.0369447000,9.2254107000,8.6788593000,8.9427117000,8.9992515000,8889120,84598476.4000,2,2.408400,1,-0.628300,11.215163,1.444948,1.495329,102.312279,0
2024-09-26,sh.603558,8.8673253000,9.1782942000,8.8202088000,9.1688709000,8.9427117000,4296720,41033453.0000,2,1.164200,1,2.529000,11.498792,1.481490,1.533145,104.899734,0
2024-09-27,sh.603558,9.1877175000,9.5929194000,9.1217544000,9.3950301000,9.1688709000,4434650,43895577.0000,2,1.201500,1,2.466600,11.782421,1.518033,1.570962,107.487189,0
2024-09-30,sh.603558,9.6117660000,10.2148572000,9.3479136000,10.0923543000,9.3950301000,8741551,90892374.1500,2,2.368500,1,7.422300,12.656944,1.630705,1.687563,115.465175,0
2024-10-08,sh.603558,11.0252610000,11.0441076000,9.7813854000,10.1394708000,10.0923543000,12151078,133006272.2400,2,3.292300,1,0.466900,12.716034,1.638318,1.695441,116.004228,0
2024-10-09,sh.603558,9.9886980000,10.1300475000,9.5175330000,9.5458029000,10.1394708000,7358665,76548936.5000,2,1.993800,1,-5.855000,11.971507,1.542394,1.596173,109.212159,0
2024-10-10,sh.603558,9.6117660000,10.0640844000,9.5740728000,9.7908087000,9.5458029000,6650215,69506630.9500,2,1.801800,1,2.566600,12.278772,1.581982,1.637141,112.015235,0
2024-10-11,sh.603558,9.7908087000,9.8567718000,9.5269563000,9.5458029000,9.7908087000,2964850,30480635.0000,2,0.803300,1,-2.502400,11.971507,1.542394,1.596173,109.212159,0
2024-10-14,sh.603558,9.7059990000,9.8190786000,9.5552262000,9.6400359000,9.5458029000,4120400,42383137.0000,2,1.116400,1,0.987200,12.089686,1.557620,1.611930,110.290265,0
2024-10-15,sh.603558,9.6494592000,9.6871524000,9.5175330000,9.5175330000,9.6400359000,3033550,30895981.0000,2,0.821900,1,-1.270800,11.936054,1.537827,1.591446,108.888727,0
2024-10-16,sh.603558,9.4327233000,9.8567718000,9.4044534000,9.6871524000,9.5175330000,3654200,37449099.0000,2,0.990100,1,1.782200,12.148776,1.565233,1.619808,110.829318,0
2024-10-17,sh.603558,9.6494592000,10.1112009000,9.6494592000,9.6871524000,9.6871524000,4776000,50206684.0000,2,1.294000,1,0.000000,12.148776,1.565233,1.619808,110.829318,0
2024-10-18,sh.603558,9.6871524000,10.1206242000,9.6117660000,10.0640844000,9.6871524000,4564147,48193903.0300,2,1.236600,1,3.891100,12.621491,1.626137,1.682836,115.141743,0
2024-10-21,sh.603558,10.1017776000,10.4975562000,9.9133116000,10.2996669000,10.0640844000,5700300,61709439.0000,2,1.544500,1,2.340800,12.916937,1.664202,1.722228,117.837008,0
2024-10-22,sh.603558,10.2996669000,10.4410164000,10.1771640000,10.3562067000,10.2996669000,3774300,41389759.0000,2,1.022600,1,0.548900,12.987845,1.673338,1.731682,118.483872,0
2024-10-23,sh.603558,10.3467834000,10.3656300000,10.1394708000,10.1677407000,10.3562067000,3629100,39432321.0000,2,0.983300,1,-1.819800,12.751487,1.642886,1.700168,116.327660,0
2024-10-24,sh.603558,10.6671756000,10.8744882000,10.1206242000,10.2619737000,10.1677407000,14764594,163134444.2100,2,4.000400,1,0.926800,12.068069,1.639215,1.578515,30.975307,0
2024-10-25,sh.603558,10.2148572000,10.3467834000,9.9981213000,10.0923543000,10.2619737000,8148924,87385824.1200,2,2.207900,1,-1.652900,11.868597,1.612121,1.552424,30.463319,0
2024-10-28,sh.603558,10.1960106000,10.2242805000,9.8661951000,10.0923543000,10.0923543000,6503300,69034382.2000,2,1.762000,1,0.000000,11.868597,1.612121,1.552424,30.463319,0
2024-10-29,sh.603558,10.0923543000,10.1960106000,9.8850417000,10.0169679000,10.0923543000,4911500,52263167.0000,2,1.330700,1,-0.747000,11.779943,1.600079,1.540828,30.235768,0
2024-10-30,sh.603558,9.9227349000,10.0829310000,9.8756184000,10.0169679000,10.0169679000,4438728,47012925.0800,2,1.202600,1,0.000000,11.779943,1.600079,1.540828,30.235768,0
2024-10-31,sh.603558,9.9415815000,10.0358145000,9.8285019000,9.9510048000,10.0169679000,5481800,57725096.0000,2,1.485300,1,-0.658500,11.702370,1.589542,1.530682,30.036662,0
2024-11-01,sh.603558,9.8473485000,10.0358145000,9.6588825000,9.7059990000,9.9510048000,5532500,57968592.0000,2,1.499000,1,-2.462100,11.414244,1.550406,1.492994,29.297123,0
2024-11-04,sh.603558,9.7531155000,10.0075446000,9.6871524000,10.0075446000,9.7059990000,4680501,49260630.4100,2,1.268200,1,3.106800,11.768861,1.598574,1.539379,30.207324,0
2024-11-05,sh.603558,10.0358145000,10.0452378000,9.8756184000,9.9792747000,10.0075446000,4790200,50593001.0000,2,1.297900,1,-0.282500,11.735616,1.594058,1.535030,30.121993,0
2024-11-06,sh.603558,9.9698514000,10.0075446000,9.8379252000,9.9415815000,9.9792747000,4543800,47916181.0000,2,1.231100,1,-0.377700,11.691288,1.588037,1.529232,30.008218,0
2024-11-07,sh.603558,9.9038883000,10.1206242000,9.8379252000,10.1112009000,9.9415815000,4485300,47763186.0000,2,1.215300,1,1.706200,11.890761,1.615132,1.555323,30.520206,0
2024-11-08,sh.603558,10.1394708000,10.1865873000,9.7625388000,9.9510048000,10.1112009000,7671528,80742122.4800,2,2.078500,1,-1.584300,11.702370,1.589542,1.530682,30.036662,0
2024-11-11,sh.603558,9.8473485000,9.9321582000,9.6683058000,9.7719621000,9.9510048000,5130300,53144057.0000,2,1.390000,1,-1.799200,11.491816,1.560943,1.503141,29.496229,0
2024-11-12,sh.603558,9.7813854000,10.0735077000,9.7719621000,9.9133116000,9.7719621000,5822240,61370827.2000,2,1.577500,1,1.446500,11.658043,1.583521,1.524884,29.922886,0
2024-11-13,sh.603558,9.8944650000,10.0169679000,9.6588825000,9.8096553000,9.9133116000,3417900,35537947.0000,2,0.926100,1,-1.045600,11.536143,1.566964,1.508939,29.610004,0
2024-11-14,sh.603558,9.7436922000,9.8190786000,9.5552262000,9.5929194000,9.8096553000,4028000,41408576.0000,2,1.091600,1,-2.209400,11.278805,1.532009,1.475279,28.949489,0
2024-11-15,sh.603558,9.5929194000,9.7248456000,9.4233000000,9.4233000000,9.5929194000,3090800,31416755.0000,2,0.837600,1,-1.768200,11.079376,1.504920,1.449193,28.437612,0
2024-11-18,sh.603558,9.5081097000,9.5363796000,9.2725272000,9.3196437000,9.4233000000,3554100,35505703.0000,2,0.963200,1,-1.100000,10.957503,1.488366,1.433252,28.124798,0
2024-11-19,sh.603558,9.3290670000,9.5175330000,9.2819505000,9.5175330000,9.3196437000,3401400,33932544.0000,2,0.921800,1,2.123400,11.190170,1.519970,1.463685,28.721988,0
2024-11-20,sh.603558,9.4892631000,9.5834961000,9.4421466000,9.5458029000,9.5175330000,3346650,33809347.0000,2,0.906900,1,0.297000,11.223408,1.524484,1.468033,28.807301,0
2024-11-21,sh.603558,9.5646495000,9.5929194000,9.4515699000,9.5081097000,9.5458029000,2132100,21507371.0000,2,0.577800,1,-0.394900,11.179090,1.518465,1.462236,28.693551,0
2024-11-22,sh.603558,9.5081097000,9.6023427000,9.2159874000,9.2254107000,9.5081097000,3111750,31111312.5000,2,0.843300,1,-2.973200,10.846709,1.473317,1.418760,27.840422,0
2024-11-25,sh.603558,9.2442573000,9.4986864000,9.2348340000,9.4798398000,9.2254107000,3166400,31643197.0000,2,0.858100,1,2.757900,11.145852,1.513950,1.457888,28.608238,0
2024-11-26,sh.603558,9.5081097000,9.6023427000,9.4233000000,9.5458029000,9.4798398000,2387900,24174194.0000,2,0.647100,1,0.695800,11.223408,1.524484,1.468033,28.807301,0
2024-11-27,sh.603558,9.5740728000,9.5834961000,9.3196437000,9.4609932000,9.5458029000,4075200,40673563.0000,2,1.104400,1,-0.888500,11.123693,1.510940,1.454990,28.551363,0
2024-11-28,sh.603558,9.4327233000,9.5929194000,9.4233000000,9.4609932000,9.4609932000,2360900,23806705.0000,2,0.639800,1,0.000000,11.123693,1.510940,1.454990,28.551363,0
2024-11-29,sh.603558,9.4704165000,9.7531155000,9.4515699000,9.6777291000,9.4609932000,5072999,51985525.7500,2,1.374800,1,2.290800,11.378519,1.545553,1.488322,29.205428,0
2024-12-02,sh.603558,9.6400359000,9.7908087000,9.5740728000,9.6965757000,9.6777291000,4535300,46665040.0000,2,1.229100,1,0.194700,11.400678,1.548563,1.491220,29.262303,0
2024-12-03,sh.603558,9.6965757000,9.7719621000,9.5552262000,9.5929194000,9.6965757000,4238600,43394154.0000,2,1.148700,1,-1.069000,11.278805,1.532009,1.475279,28.949489,0
2024-12-04,sh.603558,9.5929194000,9.6117660000,9.2725272000,9.3196437000,9.5929194000,5137900,51220126.0000,2,1.392400,1,-2.848700,10.957503,1.488366,1.433252,28.124798,0
2024-12-05,sh.603558,9.2819505000,9.3667602000,9.1782942000,9.3384903000,9.3196437000,3739200,36762660.0000,2,1.013300,1,0.202200,10.979662,1.491376,1.436151,28.181674,0
2024-12-06,sh.603558,9.3102204000,9.4892631000,9.3102204000,9.4609932000,9.3384903000,3045100,30441622.0000,2,0.825200,1,1.311800,11.123693,1.510940,1.454990,28.551363,0
2024-12-09,sh.603558,9.5458029000,9.5458029000,9.3573369000,9.4421466000,9.4609932000,2950550,29616145.5000,2,0.799600,1,-0.199200,11.101535,1.507930,1.452092,28.494487,0
2024-12-10,sh.603558,9.6306126000,9.7342689000,9.4609932000,9.4609932000,9.4421466000,5035600,51359255.0000,2,1.364700,1,0.199600,11.123693,1.510940,1.454990,28.551363,0
2024-12-11,sh.603558,9.4421466000,9.6965757000,9.4421466000,9.6871524000,9.4609932000,3420100,34975353.0000,2,0.926900,1,2.390400,11.389598,1.547058,1.489771,29.233865,0
2024-12-12,sh.603558,9.6965757000,9.8944650000,9.6400359000,9.8944650000,9.6871524000,3775200,39339376.0000,2,1.023100,1,2.140100,11.633345,1.580167,1.521653,29.859493,0
2024-12-13,sh.603558,9.8944650000,9.9792747000,9.7154223000,9.7719621000,9.8944650000,5004700,52283571.0000,2,1.356300,1,-1.238100,11.489313,1.560603,1.502814,29.489804,0
2024-12-16,sh.603558,9.8285019000,10.1112009000,9.7719621000,9.9981213000,9.7719621000,6854000,72479651.0000,2,1.857400,1,2.314400,11.755218,1.596721,1.537594,30.172306,0
2024-12-17,sh.603558,9.9981213000,10.1583174000,9.6777291000,9.7059990000,9.9981213000,6930500,72884000.0000,2,1.878200,1,-2.921800,11.411757,1.550068,1.492669,29.290740,0
2024-12-18,sh.603558,9.7059990000,9.8944650000,9.5646495000,9.7436922000,9.7059990000,5065500,52363770.0000,2,1.372800,1,0.388300,11.456075,1.556088,1.498466,29.404491,0
2024-12-19,sh.603558,9.7154223000,9.8473485000,9.5929194000,9.7059990000,9.7436922000,2929400,30097079.0000,2,0.793900,1,-0.386800,11.411757,1.550068,1.492669,29.290740,0
2024-12-20,sh.603558,9.7625388000,10.0169679000,9.7059990000,9.8756184000,9.7059990000,3639600,38214062.0000,2,0.986300,1,1.747600,11.611186,1.577157,1.518755,29.802618,0
2024-12-23,sh.603558,9.7813854000,9.9792747000,9.6588825000,9.8096553000,9.8756184000,4873750,50703598.5000,2,1.320800,1,-0.667900,11.533630,1.566622,1.508610,29.603554,0
2024-12-24,sh.603558,9.7813854000,9.9886980000,9.7342689000,9.9133116000,9.8096553000,4565500,47820168.0000,2,1.237300,1,1.056700,11.655503,1.583176,1.524551,29.916368,0
2024-12-25,sh.603558,9.9227349000,9.9604281000,9.5081097000,9.7059990000,9.9133116000,4892200,50311521.0000,2,1.325800,1,-2.091300,11.411757,1.550068,1.492669,29.290740,0
2024-12-26,sh.603558,9.6777291000,9.8756184000,9.6400359000,9.7154223000,9.7059990000,3025700,31341528.0000,2,0.820000,1,0.097100,11.422837,1.551573,1.494118,29.319178,0
2024-12-27,sh.603558,9.7154223000,9.9415815000,9.6494592000,9.9415815000,9.7154223000,3604100,37714219.0000,2,0.976700,1,2.327800,11.688742,1.587691,1.528899,30.001681,0
2024-12-30,sh.603558,9.9321582000,10.4127465000,9.8567718000,10.3467834000,9.9415815000,10844900,117461376.0000,2,2.939000,1,4.075800,12.165155,1.652403,1.591214,31.224498,0
2024-12-31,sh.603558,10.2996669000,10.5069795000,10.0546611000,10.1394708000,10.3467834000,8795900,95749452.0300,2,2.383700,1,-2.003600,11.921409,1.619294,1.559332,30.598871,0
2025-01-02,sh.603558,10.1017776000,10.4881329000,10.1017776000,10.1960106000,10.1394708000,8029222,87485938.8400,2,2.175900,1,0.557600,11.987885,1.628324,1.568027,30.769496,0
2025-01-03,sh.603558,10.1488941000,10.2431271000,9.8096553000,9.8850417000,10.1960106000,6271400,66534289.0000,2,1.699600,1,-3.049900,11.622265,1.578662,1.520204,29.831055,0
2025-01-06,sh.603558,9.8190786000,10.1865873000,9.5646495000,9.8285019000,9.8850417000,7316800,76863546.0000,2,1.982900,1,-0.572000,11.555789,1.569632,1.511509,29.660429,0
2025-01-07,sh.603558,9.8379252000,10.0735077000,9.6117660000,10.0640844000,9.8285019000,5309300,55511523.0000,2,1.438800,1,2.396900,11.832774,1.607255,1.547738,30.371370,0
2025-01-08,sh.603558,10.1488941000,10.4598630000,10.0735077000,10.4410164000,10.0640844000,9512736,103763643.8000,2,2.578000,1,3.745300,12.275949,1.667452,1.605706,31.508874,0
2025-01-09,sh.603558,10.3185135000,10.3938999000,10.1771640000,10.2713970000,10.4410164000,6133050,67089844.5000,2,1.662100,1,-1.624500,12.076520,1.640363,1.579621,30.996997,0
2025-01-10,sh.603558,10.3185135000,10.9875678000,10.3185135000,10.6671756000,10.2713970000,13643000,154789105.0000,2,3.697300,1,3.853200,12.541854,1.703570,1.640487,32.191377,0
2025-01-13,sh.603558,10.4975562000,10.9781445000,10.1771640000,10.4127465000,10.6671756000,8846067,99559934.9300,2,2.397300,1,-2.385200,12.242710,1.662937,1.601359,31.423561,0
2025-01-14,sh.603558,10.4221698000,10.9310280000,10.2525504000,10.7802552000,10.4127465000,8650600,97508159.0000,2,2.344300,1,3.529400,12.674806,1.721629,1.657877,32.532628,0
2025-01-15,sh.603558,10.6671756000,11.1760338000,10.6671756000,10.8179484000,10.7802552000,9475868,109206680.2000,2,2.568000,1,0.349700,12.719124,1.727649,1.663674,32.646379,0
2025-01-16,sh.603558,10.7896785000,10.9687212000,10.5069795000,10.5729426000,10.8179484000,8191900,92963598.0000,2,2.220000,1,-2.264800,12.431060,1.688521,1.625995,31.907001,0
2025-01-17,sh.603558,10.5069795000,10.9404513000,10.4692863000,10.6860222000,10.5729426000,6730068,76454193.5200,2,1.823900,1,1.069500,12.564012,1.706580,1.643385,32.248252,0
2025-01-20,sh.603558,10.6012125000,10.8273717000,10.5352494000,10.6577523000,10.6860222000,5136630,58197628.8000,2,1.392000,1,-0.264600,12.530774,1.702065,1.639038,32.162939,0
2025-01-21,sh.603558,10.6577523000,10.7614086000,10.3373601000,10.3844766000,10.6577523000,5379500,59687941.0000,2,1.457900,1,-2.564100,12.209472,1.658422,1.597011,31.338249,0
2025-01-22,sh.603558,10.3656300000,10.4787096000,10.1488941000,10.4033232000,10.3844766000,4955235,54364601.4800,2,1.342900,1,0.181500,12.231631,1.661432,1.599909,31.395124,0
2025-01-23,sh.603558,10.3185135000,10.4975562000,10.3090902000,10.3467834000,10.4033232000,3712010,40987123.0000,2,1.006000,1,-0.543500,12.165155,1.652403,1.591214,31.224498,0
2025-01-24,sh.603558,10.3090902000,10.4221698000,10.1488941000,10.3562067000,10.3467834000,4088110,44681938.9000,2,1.107900,1,0.091100,12.176234,1.653908,1.592663,31.252936,0
2025-01-27,sh.603558,10.3844766000,10.5917892000,10.3656300000,10.4598630000,10.3562067000,3912500,43473472.0000,2,1.060300,1,1.000900,12.298107,1.670462,1.608605,31.565749,0
2025-02-05,sh.603558,10.4787096000,10.5540960000,10.0546611000,10.0735077000,10.4598630000,6781968,73401224.3200,2,1.837900,1,-3.693700,11.843853,1.608760,1.549188,30.399807,0
2025-02-06,sh.603558,10.0546611000,10.1771640000,9.8567718000,10.1206242000,10.0735077000,4463500,47472571.0000,2,1.209600,1,0.467700,11.899250,1.616285,1.556434,30.541995,0
2025-02-07,sh.603558,10.1488941000,10.2242805000,10.0452378000,10.1017776000,10.1206242000,4756300,51123016.0000,2,1.289000,1,-0.186200,11.877091,1.613275,1.553535,30.485120,0
2025-02-10,sh.603558,10.1394708000,10.1583174000,9.9981213000,10.1300475000,10.1017776000,3221200,34539219.0000,2,0.873000,1,0.279900,11.910329,1.617790,1.557883,30.570433,0
2025-02-11,sh.603558,10.1583174000,10.2996669000,10.0829310000,10.2902436000,10.1300475000,3705900,40164091.0000,2,1.004300,1,1.581400,12.098679,1.643373,1.582519,31.053872,0
2025-02-12,sh.603558,10.2902436000,10.2902436000,10.0263912000,10.1206242000,10.2902436000,4167400,44679412.0000,2,1.129400,1,-1.648400,11.899250,1.616285,1.556434,30.541995,0
2025-02-13,sh.603558,10.1300475000,10.1300475000,9.9038883000,9.9133116000,10.1206242000,3541464,37622988.7000,2,0.959700,1,-2.048400,11.655503,1.583176,1.524551,29.916368,0
2025-02-14,sh.603558,9.8944650000,9.9510048000,9.8002320000,9.9133116000,9.9133116000,3326413,34903149.5000,2,0.901500,1,0.000000,11.655503,1.583176,1.524551,29.916368,0
2025-02-17,sh.603558,9.9415815000,9.9415815000,9.6871524000,9.8190786000,9.9133116000,4380086,45379070.5400,2,1.187000,1,-0.950600,11.544710,1.568127,1.510059,29.631992,0
2025-02-18,sh.603558,9.7813854000,9.9321582000,9.7248456000,9.7248456000,9.8190786000,2942213,30691558.2400,2,0.797300,1,-0.959700,11.433916,1.553078,1.495568,29.347616,0
2025-02-19,sh.603558,9.7154223000,9.8285019000,9.6777291000,9.8190786000,9.7248456000,2274500,23582143.0000,2,0.616400,1,0.969000,11.544710,1.568127,1.510059,29.631992,0
2025-02-20,sh.603558,9.8096553000,10.0075446000,9.7719621000,9.8567718000,9.8190786000,3302527,34652397.4500,2,0.895000,1,0.383900,11.589027,1.574147,1.515856,29.745742,0
2025-02-21,sh.603558,9.9038883000,9.9038883000,9.6023427000,9.7436922000,9.8567718000,4987350,51446040.5000,2,1.351600,1,-1.147200,11.456075,1.556088,1.498466,29.404491,0
2025-02-24,sh.603558,9.7625388000,9.8285019000,9.6965757000,9.8096553000,9.7436922000,3170100,32871949.0000,2,0.859100,1,0.677000,11.533630,1.566622,1.508610,29.603554,0
2025-02-25,sh.603558,9.8002320000,9.8002320000,9.4515699000,9.4986864000,9.8096553000,4688375,47740570.5000,2,1.327500,1,-3.170000,10.689288,1.451935,1.398170,27.436368,0
2025-02-26,sh.603558,9.4986864000,9.7813854000,9.4892631000,9.5929194000,9.4986864000,4883100,50021796.2500,2,1.382600,1,0.992100,10.795333,1.466339,1.412040,27.708554,0
2025-02-27,sh.603558,9.5929194000,9.7531155000,9.5646495000,9.7059990000,9.5929194000,4901400,50276522.0000,2,1.387800,1,1.178800,10.922586,1.483624,1.428685,28.035178,0
2025-02-28,sh.603558,9.6965757000,9.7154223000,9.5269563000,9.6211893000,9.7059990000,2968000,30329362.0000,2,0.840400,1,-0.873800,10.827146,1.470660,1.416201,27.790210,0
2025-03-03,sh.603558,9.6400359000,9.7625388000,9.4609932000,9.5081097000,9.6211893000,7013200,71410184.0000,2,1.985700,1,-1.175300,10.699893,1.453375,1.399557,27.463587,0
2025-03-04,sh.603558,9.4892631000,9.5834961000,9.4515699000,9.5458029000,9.5081097000,2497322,25248190.2000,2,0.707100,1,0.396400,10.742311,1.459137,1.405105,27.572461,0
2025-03-05,sh.603558,9.5175330000,9.5740728000,9.3573369000,9.5081097000,9.5458029000,3549600,35637879.0000,2,1.005000,1,-0.394900,10.699893,1.453375,1.399557,27.463587,0
2025-03-06,sh.603558,9.5269563000,9.5458029000,9.3007971000,9.3573369000,9.5081097000,8455700,84158909.0000,2,2.394100,1,-1.585700,10.530222,1.430328,1.377363,27.028089,0
2025-03-07,sh.603558,9.3479136000,9.3856068000,9.2348340000,9.2725272000,9.3573369000,4146300,40969124.0000,2,1.174000,1,-0.906300,10.434781,1.417365,1.364880,26.783121,0
2025-03-10,sh.603558,9.2442573000,9.3007971000,9.1500243000,9.1971408000,9.2725272000,6241400,60952705.0000,2,1.767200,1,-0.813000,10.349946,1.405841,1.353783,26.565372,0
2025-03-11,sh.603558,9.1594476000,9.2725272000,9.0463680000,9.2725272000,9.1971408000,4898499,47694326.2200,2,1.387000,1,0.819700,10.434781,1.417365,1.364880,26.783121,0
2025-03-12,sh.603558,9.2913738000,9.3384903000,9.1406010000,9.2819505000,9.2725272000,3788100,37268396.0000,2,1.072600,1,0.101600,10.445386,1.418805,1.366267,26.810340,0
2025-03-13,sh.603558,9.2725272000,9.2913738000,9.1500243000,9.2725272000,9.2819505000,3013700,29460393.0000,2,0.853300,1,-0.101500,10.434781,1.417365,1.364880,26.783121,0
2025-03-14,sh.603558,9.2725272000,9.5081097000,9.2348340000,9.4986864000,9.2725272000,5412300,54085379.0000,2,1.532400,1,2.439000,10.689288,1.451935,1.398170,27.436368,0
2025-03-17,sh.603558,9.5363796000,9.5552262000,9.4704165000,9.4986864000,9.4986864000,3953900,39861337.0000,2,1.119500,1,0.000000,10.689288,1.451935,1.398170,27.436368,0
2025-03-18,sh.603558,9.5269563000,9.8190786000,9.4798398000,9.8190786000,9.4986864000,6594000,67698340.0000,2,1.867000,1,3.373000,11.049840,1.500909,1.445330,28.361801,0
2025-03-19,sh.603558,9.9133116000,9.9510048000,9.6871524000,9.7436922000,9.8190786000,4238860,43933425.8000,2,1.200200,1,-0.767800,10.965004,1.489385,1.434233,28.144052,0
2025-03-20,sh.603558,9.7625388000,9.9038883000,9.7436922000,9.7625388000,9.7436922000,5114860,53229617.2000,2,1.448200,1,0.193400,10.986213,1.492266,1.437008,28.198489,0
2025-03-21,sh.603558,9.8002320000,9.8567718000,9.6211893000,9.7248456000,9.7625388000,4567700,47165253.0000,2,1.293300,1,-0.386100,10.943795,1.486504,1.431459,28.089615,0
2025-03-24,sh.603558,9.6588825000,9.8756184000,9.6306126000,9.7908087000,9.7248456000,6656500,68936792.0000,2,1.884700,1,0.678300,11.018026,1.496587,1.441169,28.280145,0
2025-03-25,sh.603558,9.7813854000,9.7813854000,9.2536806000,9.6211893000,9.7908087000,8938600,90433210.0000,2,2.530900,1,-1.732400,11.097857,1.444176,1.401115,255.271512,0
2025-03-26,sh.603558,9.6965757000,9.9227349000,9.6965757000,9.7531155000,9.6211893000,8896386,92614681.1000,2,2.518900,1,1.371200,11.250031,1.463978,1.420327,258.771807,0
2025-03-27,sh.603558,9.7154223000,9.8379252000,9.5552262000,9.5834961000,9.7531155000,6345200,64888241.0000,2,1.796600,1,-1.739100,11.054379,1.438518,1.395626,254.271428,0
2025-03-28,sh.603558,9.5834961000,9.6494592000,9.4233000000,9.4421466000,9.5834961000,4623500,46611401.0000,2,1.309100,1,-1.474900,10.891335,1.417301,1.375042,250.521112,0
2025-03-31,sh.603558,9.3761835000,9.4233000000,9.1877175000,9.2348340000,9.4421466000,6885600,67850631.0000,2,1.949600,1,-2.195600,10.652204,1.386182,1.344851,245.020648,0
2025-04-01,sh.603558,9.2819505000,9.4327233000,9.1877175000,9.2913738000,9.2348340000,6394286,63189097.4000,2,1.810500,1,0.612200,10.717421,1.394669,1.353085,246.520775,0
2025-04-02,sh.603558,9.3007971000,9.4515699000,9.2442573000,9.4233000000,9.2913738000,4077100,40616669.0000,2,1.154400,1,1.419900,10.869596,1.414472,1.372297,250.021070,0
2025-04-03,sh.603558,9.2065641000,9.2065641000,8.6788593000,8.7071292000,9.4233000000,17247400,161331192.9600,2,4.883400,1,-7.600000,10.043506,1.306972,1.268003,231.019468,0
2025-04-07,sh.603558,8.0569215000,8.1982710000,7.8401856000,7.8401856000,8.7071292000,7673800,64623516.3600,2,2.172800,1,-9.956700,9.043503,1.176840,1.141751,208.017530,0
2025-04-08,sh.603558,7.9532652000,8.0003817000,7.6140264000,7.8496089000,7.8401856000,7515162,62123981.4200,2,2.127800,1,0.120200,9.054373,1.178255,1.143123,208.267551,0
2025-04-09,sh.603558,7.7647992000,7.9438419000,7.4255604000,7.9155720000,7.8496089000,6061864,49567138.1200,2,1.716400,1,0.840300,9.130460,1.188156,1.152730,210.017698,0
2025-04-10,sh.603558,8.4621234000,8.4809700000,8.2265409000,8.2548108000,7.9155720000,9098300,80878229.0000,2,2.576100,1,4.285700,9.521766,1.239077,1.202132,219.018457,0
2025-04-11,sh.603558,8.1605778000,8.4244302000,8.1417312000,8.3584671000,8.2548108000,5299700,46633080.0000,2,1.500600,1,1.255700,9.641331,1.254636,1.217228,221.768689,0
2025-04-14,sh.603558,8.4809700000,8.6694360000,8.4432768000,8.5940496000,8.3584671000,5815606,52890120.7200,2,1.646600,1,2.818500,9.913071,1.289998,1.251535,228.019216,0
2025-04-15,sh.603558,8.5092399000,8.6505894000,8.5092399000,8.6317428000,8.5940496000,3552000,32348976.0000,2,1.005700,1,0.438600,9.956550,1.295656,1.257024,229.019300,0
2025-04-16,sh.603558,8.6411661000,9.1971408000,8.6223195000,8.8861719000,8.6317428000,15881200,150101651.0000,2,4.496600,1,2.947600,10.250029,1.333847,1.294076,235.769869,0
2025-04-17,sh.603558,8.7448224000,8.8767486000,8.3773137000,8.5940496000,8.8861719000,11918196,109701112.4800,2,3.374500,1,-3.287400,9.913071,1.289998,1.251535,228.019216,0
2025-04-18,sh.603558,8.4998166000,8.5846263000,8.1982710000,8.3019273000,8.5940496000,9031106,79727181.8600,2,2.557100,1,-3.399100,9.576114,1.246150,1.208994,220.268562,0
2025-04-21,sh.603558,8.2736574000,8.3584671000,8.2736574000,8.3113506000,8.3019273000,4789706,42293415.9800,2,1.356200,1,0.113500,9.586983,1.247564,1.210366,220.518583,0
2025-04-22,sh.603558,8.3396205000,8.4432768000,8.3113506000,8.4244302000,8.3113506000,5657400,50316405.0000,2,1.601800,1,1.360500,9.717418,1.264538,1.226834,223.518836,0
2025-04-23,sh.603558,8.4527001000,8.5280865000,8.4150069000,8.4903933000,8.4244302000,5508800,49566643.0000,2,1.559800,1,0.783000,9.793506,1.274439,1.236440,225.268984,0
2025-04-24,sh.603558,8.5092399000,8.6317428000,8.4432768000,8.4621234000,8.4903933000,4821800,43614261.0000,2,1.365200,1,-0.333000,9.760897,1.270196,1.232323,224.518921,0
2025-04-25,sh.603558,8.4809700000,8.5846263000,8.4715467000,8.5186632000,8.4621234000,4228500,38296693.0000,2,1.197300,1,0.668200,9.826114,1.278682,1.240557,226.019047,0
2025-04-28,sh.603558,8.4809700000,8.5186632000,8.3113506000,8.3113506000,8.5186632000,4032800,35840937.0000,2,1.141800,1,-2.433600,9.586983,1.247564,1.210366,220.518583,0
2025-04-29,sh.603558,8.2736574000,8.2736574000,7.9815351000,8.0286516000,8.3113506000,8322960,71318364.0400,2,2.356600,1,-3.401400,9.936830,1.198059,1.163947,18.047637,0
2025-04-30,sh.603558,8.0474982000,8.1700011000,8.0286516000,8.0663448000,8.0286516000,4557000,39154804.0000,2,1.290300,1,0.469500,9.983482,1.203683,1.169411,18.132368,0
2025-05-06,sh.603558,8.1511545000,8.2736574000,8.1040380000,8.2548108000,8.0663448000,4104900,35714593.0000,2,1.162300,1,2.336400,10.216741,1.231807,1.196734,18.556021,0
2025-05-07,sh.603558,8.3773137000,8.4998166000,8.2925040000,8.3490438000,8.2548108000,5831100,51979891.0000,2,1.651000,1,1.141600,10.333371,1.245869,1.210395,18.767848,0
2025-05-08,sh.603558,8.4055836000,8.7542457000,8.2925040000,8.4809700000,8.3490438000,8944812,80902469.9800,2,2.532600,1,1.580100,10.496652,1.265555,1.229521,19.064405,0
2025-05-09,sh.603558,8.4809688000,8.6369406400,8.3444934400,8.4809688000,8.4809688000,6640200,57809258.0000,2,1.880100,1,0.000000,10.146763,1.223370,1.188537,18.428925,0
2025-05-12,sh.603558,8.6369406400,8.8708984000,8.5199617600,8.6759336000,8.4809688000,8564414,75904487.4500,2,2.424900,1,2.298900,10.380022,1.251493,1.215860,18.852579,0
2025-05-13,sh.603558,8.8514019200,8.9976255200,8.6369406400,8.6466888800,8.6759336000,9347640,84243899.9000,2,2.646700,1,-0.337100,10.345034,1.247275,1.211761,18.789031,0
2025-05-14,sh.603558,8.6564371200,8.7149265600,8.4712205600,8.6174441600,8.6466888800,5733900,50451879.0000,2,1.623500,1,-0.338200,10.310045,1.243056,1.207663,18.725483,0
2025-05-15,sh.603558,8.6856818400,8.8708984000,8.5881994400,8.6856818400,8.6174441600,6487500,58129986.0000,2,1.836900,1,0.791900,10.391685,1.252900,1.217226,18.873761,0
2025-05-16,sh.603558,8.6661853600,8.7929124800,8.5687029600,8.7734160000,8.6856818400,5404800,48069597.0000,2,1.530300,1,1.010100,10.496652,1.265555,1.229521,19.064405,0
2025-05-19,sh.603558,8.7246748000,8.8026607200,8.6466888800,8.7734160000,8.7734160000,3423500,30658393.0000,2,0.969300,1,0.000000,10.496652,1.265555,1.229521,19.064405,0
2025-05-20,sh.603558,8.7831642400,8.8319054400,8.7246748000,8.8221572000,8.7734160000,3694800,33270367.0000,2,1.046100,1,0.555600,10.554967,1.272586,1.236352,19.170319,0
2025-05-21,sh.603558,8.8319054400,8.8611501600,8.7246748000,8.7929124800,8.8221572000,2835100,25536396.0000,2,0.802700,1,-0.331500,10.519978,1.268367,1.232254,19.106771,0
2025-05-22,sh.603558,8.8221572000,8.8514019200,8.6856818400,8.6954300800,8.7929124800,4150100,37268904.0000,2,1.175100,1,-1.108600,10.403348,1.254306,1.218592,18.894944,0
2025-05-23,sh.603558,8.6564371200,8.7344230400,8.5784512000,8.5784512000,8.6954300800,3344242,29682556.9000,2,0.946900,1,-1.345300,10.263393,1.237432,1.202199,18.640752,0
2025-05-26,sh.603558,8.6076959200,8.6954300800,8.5297100000,8.6174441600,8.5784512000,2773200,24554185.0000,2,0.785200,1,0.454500,10.310045,1.243056,1.207663,18.725483,0
2025-05-27,sh.603558,8.6369406400,8.7539195200,8.6174441600,8.7246748000,8.6174441600,2714800,24231060.0000,2,0.768700,1,1.244300,10.438337,1.258524,1.222691,18.958492,0
2025-05-28,sh.603558,8.6856818400,8.8319054400,8.6856818400,8.7831642400,8.7246748000,3424542,30811227.4800,2,0.969600,1,0.670400,10.508315,1.266961,1.230887,19.085588,0
2025-05-29,sh.603558,8.8319054400,8.8416536800,8.7246748000,8.8221572000,8.7831642400,4458000,40243943.0000,2,1.262200,1,0.444000,10.554967,1.272586,1.236352,19.170319,0
2025-05-30,sh.603558,8.7929124800,8.8221572000,8.7149265600,8.7441712800,8.8221572000,3325900,29932317.0000,2,0.941700,1,-0.884000,10.461663,1.261337,1.225423,19.000857,0
2025-06-03,sh.603558,8.7441712800,9.0268702400,8.7051783200,8.9878772800,8.7441712800,7513700,68473711.0000,2,2.127400,1,2.787100,10.753237,1.296491,1.259576,19.530424,0
2025-06-04,sh.603558,8.9683808000,9.0268702400,8.8903948800,8.9878772800,8.9878772800,4497900,41266172.0000,2,1.273500,1,0.000000,10.753237,1.296491,1.259576,19.530424,0
2025-06-05,sh.603558,8.9878772800,9.2803244800,8.9293878400,9.0756114400,8.9878772800,9361000,87402468.0000,2,2.650500,1,0.976100,10.858203,1.309146,1.271871,19.721068,0
2025-06-06,sh.603558,9.0561149600,9.0561149600,8.8611501600,9.0073737600,9.0756114400,5781500,52924701.0000,2,1.637000,1,-0.751900,10.776563,1.299303,1.262308,19.572789,0
2025-06-09,sh.603558,8.9878772800,9.2315832800,8.9586325600,9.1633456000,9.0073737600,5626500,52458509.0000,2,1.593100,1,1.731600,10.963170,1.321802,1.284167,19.911712,0
2025-06-10,sh.603558,9.1243526400,9.5240304800,9.0951079200,9.1925903200,9.1633456000,9217600,88335882.0000,2,2.609900,1,0.319100,10.998159,1.326020,1.288265,19.975260,0
2025-06-11,sh.603558,9.1828420800,9.2413315200,9.1048561600,9.1633456000,9.1925903200,4561400,42860991.8400,2,1.291500,1,-0.318100,10.963170,1.321802,1.284167,19.911712,0
2025-06-12,sh.603558,9.1048561600,9.1828420800,9.0463667200,9.1633456000,9.1633456000,4700142,43899000.9600,2,1.330800,1,0.000000,10.963170,1.321802,1.284167,19.911712,0
2025-06-13,sh.603558,9.1048561600,9.1243526400,8.9488843200,8.9586325600,9.1633456000,4245800,39274704.0000,2,1.202200,1,-2.234000,10.718248,1.292272,1.255478,19.466876,0
2025-06-16,sh.603558,8.9391360800,8.9878772800,8.8903948800,8.9196396000,8.9586325600,2290000,20970215.0000,2,0.648400,1,-0.435300,10.671596,1.286648,1.250013,19.382145,0
2025-06-17,sh.603558,8.9001431200,9.0171220000,8.8124089600,8.8416536800,8.9196396000,2790900,25405916.0000,2,0.790200,1,-0.874300,10.578292,1.275398,1.239084,19.212684,0
2025-06-18,sh.603558,8.8221572000,8.8319054400,8.7149265600,8.7441712800,8.8416536800,2464000,22156269.0000,2,0.697700,1,-1.102500,10.461663,1.261337,1.225423,19.000857,0
2025-06-19,sh.603558,8.7441712800,8.7636677600,8.5881994400,8.6174441600,8.7441712800,2498496,22208990.5200,2,0.707400,1,-1.449300,10.310045,1.243056,1.207663,18.725483,0
2025-06-20,sh.603558,8.6174441600,8.6759336000,8.5784512000,8.6076959200,8.6174441600,1803500,15971077.0000,2,0.510600,1,-0.113100,10.298382,1.241650,1.206297,18.704300,0
2025-06-23,sh.603558,8.5589547200,8.6661853600,8.4809688000,8.6174441600,8.6076959200,2264272,19978376.0400,2,0.641100,1,0.113300,10.310045,1.243056,1.207663,18.725483,0
2025-06-24,sh.603558,8.6759336000,8.8514019200,8.6174441600,8.8514019200,8.6174441600,2971100,26728028.0000,2,0.841200,1,2.714900,10.589955,1.276804,1.240450,19.233867,0
2025-06-25,sh.603558,8.9098913600,8.9391360800,8.7929124800,8.8416536800,8.8514019200,2682228,24347332.9600,2,0.759400,1,-0.110100,10.578292,1.275398,1.239084,19.212684,0
2025-06-26,sh.603558,8.8416536800,8.8611501600,8.7929124800,8.8026607200,8.8416536800,1667800,15097476.0000,2,0.472200,1,-0.441000,10.531641,1.269774,1.233620,19.127953,0
2025-06-27,sh.603558,8.8514019200,8.8806466400,8.7831642400,8.8611501600,8.8026607200,2550901,23161796.0800,2,0.722300,1,0.664500,10.601618,1.278211,1.241816,19.255049,0
2025-06-30,sh.603558,8.8806466400,8.9001431200,8.8319054400,8.8806466400,8.8611501600,1969200,17924497.0000,2,0.557600,1,0.220000,10.624944,1.281023,1.244549,19.297415,0
2025-07-01,sh.603558,8.9098913600,8.9098913600,8.7149265600,8.8514019200,8.8806466400,2310300,20932819.0000,2,0.654100,1,-0.329300,10.589955,1.276804,1.240450,19.233867,0
2025-07-02,sh.603558,8.8806466400,8.9196396000,8.8416536800,8.9001431200,8.8514019200,2149000,19590571.0000,2,0.608500,1,0.550700,10.648270,1.283835,1.247281,19.339780,0
2025-07-03,sh.603558,8.9683808000,9.5727716800,8.9683808000,9.1828420800,8.9001431200,14813845,141818552.2500,2,4.194400,1,3.176300,10.986496,1.324614,1.286899,19.954078,0
2025-07-04,sh.603558,9.0951079200,9.2900727200,9.0171220000,9.0366184800,9.1828420800,6170845,57748668.1000,2,1.747200,1,-1.592400,10.811551,1.303522,1.266407,19.636337,0
2025-07-07,sh.603558,9.0756114400,9.0951079200,8.9781290400,9.0853596800,9.0366184800,2938400,27313215.0000,2,0.832000,1,0.539400,10.869866,1.310553,1.273238,19.742251,0
2025-07-08,sh.603558,9.0853596800,9.1535973600,9.0366184800,9.0853596800,9.0853596800,3404900,31718910.0000,2,0.964100,1,0.000000,10.869866,1.310553,1.273238,19.742251,0
2025-07-09,sh.603558,9.1048561600,9.1243526400,9.0463667200,9.0853596800,9.0853596800,3136645,29245303.4000,2,0.888100,1,0.000000,10.869866,1.310553,1.273238,19.742251,0
2025-07-10,sh.603558,9.0853596800,9.1048561600,9.0171220000,9.0951079200,9.0853596800,2638400,24524513.0000,2,0.747000,1,0.107300,10.881529,1.311959,1.274604,19.763434,0
2025-07-11,sh.603558,9.0951079200,9.1243526400,9.0658632000,9.0951079200,9.0951079200,3000700,28002466.0000,2,0.849600,1,0.000000,10.881529,1.311959,1.274604,19.763434,0
2025-07-14,sh.603558,9.0951079200,9.2218350400,9.0951079200,9.1925903200,9.0951079200,2768300,26063304.5500,2,0.783800,1,1.071800,10.998159,1.326020,1.288265,19.975260,0
2025-07-15,sh.603558,9.1730938400,9.2120868000,9.0561149600,9.0951079200,9.1925903200,2506000,23439225.0000,2,0.709500,1,-1.060400,10.881529,1.311959,1.274604,19.763434,0
2025-07-16,sh.603558,9.1243526400,9.2120868000,9.0561149600,9.1925903200,9.0951079200,2473800,23280331.0000,2,0.700400,1,1.071800,10.998159,1.326020,1.288265,19.975260,0
2025-07-17,sh.603558,9.2315832800,9.2315832800,9.1146044000,9.1341008800,9.1925903200,2847700,26737574.0000,2,0.806300,1,-0.636300,10.928181,1.317583,1.280068,19.848164,0
2025-07-18,sh.603558,9.1341008800,9.1730938400,9.0268702400,9.0951079200,9.1341008800,2746300,25558222.0000,2,0.777600,1,-0.426900,10.881529,1.311959,1.274604,19.763434,0
2025-07-21,sh.603558,9.0658632000,9.2120868000,9.0561149600,9.2120868000,9.0951079200,3735200,35126798.0000,2,1.057600,1,1.286200,11.021484,1.328833,1.290997,20.017626,0
2025-07-22,sh.603558,9.2023385600,9.2510797600,9.1730938400,9.2315832800,9.2120868000,4323900,40898568.0000,2,1.224300,1,0.211600,11.044810,1.331645,1.293730,20.059991,0
2025-07-23,sh.603558,9.2803244800,9.2803244800,9.1828420800,9.1925903200,9.2315832800,3467200,32843397.0000,2,0.981700,1,-0.422400,10.998159,1.326020,1.288265,19.975260,0
2025-07-24,sh.603558,9.1828420800,9.2998209600,9.1828420800,9.2705762400,9.1925903200,2643700,25107753.0000,2,0.748500,1,0.848400,11.091462,1.337270,1.299194,20.144722,0
2025-07-25,sh.603558,9.2705762400,9.4362963200,9.2705762400,9.3778068800,9.2705762400,4112350,39562602.0000,2,1.164400,1,1.156700,11.219755,1.352738,1.314222,20.377731,0
2025-07-28,sh.603558,9.3778068800,9.4557928000,9.2803244800,9.2900727200,9.3778068800,3231100,30937821.0000,2,0.914900,1,-0.935600,11.114788,1.340082,1.301926,20.187087,0
2025-07-29,sh.603558,9.3290656800,9.3778068800,9.1828420800,9.2510797600,9.2900727200,4377700,41610328.0000,2,1.239500,1,-0.419700,11.068136,1.334458,1.296462,20.102356,0
2025-07-30,sh.603558,9.2413315200,9.3875551200,9.2218350400,9.3778068800,9.2510797600,3812000,36445868.0000,2,1.079300,1,1.369900,11.219755,1.352738,1.314222,20.377731,0
2025-07-31,sh.603558,9.3778068800,9.3973033600,8.9976255200,9.0073737600,9.3778068800,6983749,65639228.0800,2,1.977400,1,-3.950100,10.776563,1.299303,1.262308,19.572789,0
2025-08-01,sh.603558,9.0561149600,9.2023385600,9.0073737600,9.1243526400,9.0073737600,4687400,43872421.0000,2,1.327200,1,1.298700,10.916518,1.316177,1.278702,19.826982,0
2025-08-04,sh.603558,9.1048561600,9.1925903200,9.0561149600,9.1633456000,9.1243526400,2876400,26973202.0000,2,0.814400,1,0.427400,10.963170,1.321802,1.284167,19.911712,0
2025-08-05,sh.603558,9.1828420800,9.2998209600,9.1438491200,9.2803244800,9.1633456000,3347200,31789661.0000,2,0.947700,1,1.276600,11.103125,1.338676,1.300560,20.165904,0
2025-08-06,sh.603558,9.2900727200,9.3778068800,9.2413315200,9.3583104000,9.2803244800,3593200,34373546.0000,2,1.017400,1,0.840300,11.196429,1.349925,1.311489,20.335366,0
2025-08-07,sh.603558,9.3680586400,9.4362963200,9.3290656800,9.3973033600,9.3583104000,3122200,30079580.0000,2,0.884000,1,0.416700,11.243080,1.355550,1.316954,20.420096,0
2025-08-08,sh.603558,9.5240304800,9.5435269600,9.3388139200,9.4850375200,9.3973033600,4671400,45188688.0000,2,1.322700,1,0.933600,11.418385,1.417906,1.334116,397.097191,0
2025-08-11,sh.603558,9.5240304800,9.5630234400,9.4070516000,9.5240304800,9.4850375200,6065500,59143154.0000,2,1.717400,1,0.411100,11.465326,1.423735,1.339601,398.729656,0
2025-08-12,sh.603558,9.5337787200,9.6117646400,9.5045340000,9.5142822400,9.5240304800,2853400,27978697.0000,2,0.807900,1,-0.102400,11.453591,1.422278,1.338230,398.321540,0
2025-08-13,sh.603558,9.5727716800,9.5825199200,9.4167998400,9.4460445600,9.5142822400,3180072,30882407.2400,2,0.900400,1,-0.717200,11.371444,1.412077,1.328632,395.464726,0
2025-08-14,sh.603558,9.4655410400,9.4947857600,9.3193174400,9.3290656800,9.4460445600,3633600,35031279.0000,2,1.028800,1,-1.238400,11.230621,1.394590,1.312178,390.567330,0
2025-08-15,sh.603558,9.3778068800,9.4557928000,9.3388139200,9.4070516000,9.3290656800,3184099,30722604.3500,2,0.901500,1,0.835900,11.324503,1.406248,1.323147,393.832260,0
2025-08-18,sh.603558,9.4265480800,9.4655410400,9.3290656800,9.3680586400,9.4070516000,4522600,43573533.0000,2,1.280500,1,-0.414500,11.277562,1.400419,1.317663,392.199795,0
2025-08-19,sh.603558,9.3583104000,9.5045340000,9.3193174400,9.5045340000,9.3680586400,4157100,40253767.0000,2,1.177000,1,1.456800,11.441855,1.420820,1.336858,397.913424,0
2025-08-20,sh.603558,9.5045340000,9.6020164000,9.4557928000,9.5922681600,9.5045340000,4411750,43176478.0000,2,1.249100,1,0.923100,11.547473,1.433936,1.349199,401.586471,0
2025-08-21,sh.603558,9.6117646400,9.8067294400,9.5532752000,9.7384917600,9.5922681600,5914100,58895061.0000,2,1.674500,1,1.524400,11.723501,1.455794,1.369766,407.708216,0
2025-08-22,sh.603558,9.7384917600,9.8944636000,9.6117646400,9.8164776800,9.7384917600,7497322,74966844.0000,2,2.122800,1,0.800800,11.817383,1.467452,1.380735,410.973146,0
2025-08-25,sh.603558,9.7774847200,9.8457224000,9.6897505600,9.7189952800,9.8164776800,6437300,64490052.0000,2,1.822700,1,-0.993000,11.700031,1.452880,1.367023,406.891983,0
2025-08-26,sh.603558,9.7482400000,9.9724495200,9.7384917600,9.8554706400,9.7189952800,6622200,66897576.0000,2,1.875000,1,1.404200,11.864324,1.473281,1.386219,412.605612,0
2025-08-27,sh.603558,9.8554706400,9.9042118400,9.6117646400,9.6410093600,9.8554706400,6027700,60078083.0000,2,1.706700,1,-2.176100,11.606149,1.441222,1.356054,403.627052,0
2025-08-28,sh.603558,9.6507576000,9.7969812000,9.4850375200,9.6702540800,9.6410093600,4697898,46513813.3200,2,1.330200,1,0.303300,11.641354,1.445594,1.360168,404.851401,0
2025-08-29,sh.603558,9.6605058400,9.7189952800,9.5337787200,9.6800023200,9.6702540800,4371350,43324170.0000,2,1.237700,1,0.100800,11.653090,1.447051,1.361539,405.259518,0
2025-09-01,sh.603558,9.7000000000,9.7000000000,9.4300000000,9.4800000000,9.6800000000,6268300,59742889.0000,2,1.774800,1,-2.066100,11.125004,1.381475,1.299838,386.894283,0
2025-09-02,sh.603558,9.5400000000,9.6100000000,9.4000000000,9.5900000000,9.4800000000,4717022,44773306.8300,2,1.335600,1,1.160300,11.254092,1.397504,1.314920,391.383562,0
2025-09-03,sh.603558,9.5900000000,9.6700000000,9.5100000000,9.5500000000,9.5900000000,4439475,42589228.7500,2,1.257000,1,-0.417100,11.207151,1.391675,1.309436,389.751097,0
2025-09-04,sh.603558,9.5300000000,9.7700000000,9.4600000000,9.6800000000,9.5500000000,6170472,59563946.5000,2,1.747100,1,1.361300,11.359709,1.410620,1.327261,395.056609,0
2025-09-05,sh.603558,9.8800000000,9.9700000000,9.7000000000,9.8000000000,9.6800000000,6493900,63669942.0000,2,1.838700,1,1.239700,11.500532,1.428107,1.343714,399.954005,0
2025-09-08,sh.603558,9.7700000000,10.0100000000,9.7000000000,9.8400000000,9.8000000000,7412950,72962361.0000,2,2.098900,1,0.408200,11.547473,1.433936,1.349199,401.586471,0
2025-09-09,sh.603558,9.8400000000,9.9400000000,9.7500000000,9.8600000000,9.8400000000,7385075,72663126.0000,2,2.091000,1,0.203300,11.570943,1.436850,1.351941,402.402703,0
2025-09-10,sh.603558,9.8600000000,9.9400000000,9.7900000000,9.8200000000,9.8600000000,5812758,57314539.2200,2,1.645800,1,-0.405700,11.524002,1.431021,1.346456,400.770238,0
2025-09-11,sh.603558,9.7500000000,9.9000000000,9.6700000000,9.8100000000,9.8200000000,7759350,76052092.6000,2,2.197000,1,-0.101800,11.512267,1.429564,1.345085,400.362122,0
2025-09-12,sh.603558,9.8400000000,9.8400000000,9.7100000000,9.7400000000,9.8100000000,4490000,43785050.0000,2,1.271300,1,-0.713600,11.430120,1.419363,1.335487,397.505307,0
2025-09-15,sh.603558,9.7400000000,9.7600000000,9.6500000000,9.6900000000,9.7400000000,3015550,29235977.5000,2,0.853800,1,-0.513300,11.371444,1.412077,1.328632,395.464726,0
2025-09-16,sh.603558,9.7100000000,9.7700000000,9.6400000000,9.6800000000,9.6900000000,3862696,37431378.3700,2,1.093700,1,-0.103200,11.359709,1.410620,1.327261,395.056609,0
2025-09-17,sh.603558,9.7500000000,9.8500000000,9.6700000000,9.7300000000,9.6800000000,5491568,53558366.9500,2,1.602700,1,0.516500,11.077463,1.375571,1.294283,385.240936,0
2025-09-18,sh.603558,9.7600000000,10.1000000000,9.7300000000,9.8800000000,9.7300000000,9798050,96921791.5000,2,2.859600,1,1.541600,11.248235,1.396777,1.314236,391.179902,0
2025-09-19,sh.603558,10.6500000000,10.6800000000,10.2500000000,10.3200000000,9.8800000000,24021062,250793036.5800,2,7.010600,1,4.453400,11.749169,1.458982,1.372765,408.600869,0
2025-09-22,sh.603558,10.2500000000,10.3000000000,9.7600000000,9.8600000000,10.3200000000,13969496,138347264.5900,2,4.077000,1,-4.457400,11.225466,1.393950,1.311576,390.388040,0
2025-09-23,sh.603558,9.8600000000,10.0500000000,9.7000000000,10.0200000000,9.8600000000,9640251,94887822.4900,2,2.813500,1,1.622700,11.407623,1.416570,1.332859,396.722937,0
2025-09-24,sh.603558,9.9500000000,9.9700000000,9.8100000000,9.8900000000,10.0200000000,6267700,61897596.0000,2,1.829200,1,-1.297400,11.259620,1.398191,1.315566,391.575833,0
2025-09-25,sh.603558,9.8900000000,9.9000000000,9.7100000000,9.7100000000,9.8900000000,5820600,56947356.0000,2,1.698800,1,-1.820000,11.054693,1.372744,1.291623,384.449074,0
2025-09-26,sh.603558,9.6800000000,9.8300000000,9.6200000000,9.7600000000,9.7100000000,3989900,38823208.0000,2,1.164500,1,0.514900,11.111617,1.379812,1.298274,386.428729,0
2025-09-29,sh.603558,9.7800000000,9.9800000000,9.6700000000,9.9500000000,9.7600000000,5513275,54465355.0000,2,1.609100,1,1.946700,11.327929,1.406673,1.323547,393.951419,0
2025-09-30,sh.603558,9.9800000000,9.9800000000,9.8300000000,9.9600000000,9.9500000000,4936500,48920347.0000,2,1.440700,1,0.100500,11.339314,1.408087,1.324878,394.347351,0
2025-10-09,sh.603558,9.9700000000,10.1100000000,9.9200000000,10.0500000000,9.9600000000,6274875,62730023.0000,2,1.831300,1,0.903600,11.441778,1.420811,1.336849,397.910730,0
2025-10-10,sh.603558,10.0500000000,10.2100000000,10.0000000000,10.2000000000,10.0500000000,6743800,68396868.0000,2,1.968200,1,1.492500,11.612551,1.442017,1.356802,403.849696,0
2025-10-13,sh.603558,9.9500000000,10.0700000000,9.8700000000,10.0600000000,10.2000000000,5016500,50102561.2800,2,1.464100,1,-1.372500,11.453163,1.422225,1.338180,398.306661,0
2025-10-14,sh.603558,10.1000000000,10.2000000000,10.0800000000,10.1000000000,10.0600000000,5285700,53579037.0000,2,1.542600,1,0.397600,11.498702,1.427879,1.343500,399.890386,0
2025-10-15,sh.603558,10.1700000000,10.3600000000,10.1300000000,10.3500000000,10.1000000000,6225400,64013929.0000,2,1.816900,1,2.475200,11.783324,1.463223,1.376755,409.788662,0
2025-10-16,sh.603558,10.3800000000,10.7500000000,10.3700000000,10.4900000000,10.3500000000,8931551,93992707.9100,2,2.606700,1,1.352700,11.942712,1.483015,1.395378,415.331698,0
2025-10-17,sh.603558,10.4900000000,10.7400000000,10.4000000000,10.6500000000,10.4900000000,7354972,78039054.0800,2,2.146600,1,1.525300,12.124869,1.505635,1.416661,421.666595,0
2025-10-20,sh.603558,10.7800000000,10.8400000000,10.5000000000,10.5400000000,10.6500000000,6940279,73473358.8200,2,2.025500,1,-1.032900,11.999636,1.490084,1.402029,417.311353,0
2025-10-21,sh.603558,10.5400000000,10.7400000000,10.4900000000,10.7200000000,10.5400000000,4790800,51023698.0000,2,1.398200,1,1.707800,12.204563,1.515531,1.425973,424.438112,0
2025-10-22,sh.603558,10.7200000000,10.9100000000,10.5600000000,10.5900000000,10.7200000000,5086500,54315283.0000,2,1.484500,1,-1.212700,12.056560,1.497153,1.408680,419.291008,0
2025-10-23,sh.603558,10.6300000000,10.8400000000,10.5700000000,10.7800000000,10.5900000000,8126800,87000290.0000,2,2.371800,1,1.794100,12.272872,1.524014,1.433954,426.813699,0
2025-10-24,sh.603558,10.7200000000,10.9000000000,10.7100000000,10.8800000000,10.7800000000,3920700,42410834.0000,2,1.144300,1,0.927600,12.386721,1.538151,1.447256,430.773009,0
2025-10-27,sh.603558,10.8800000000,11.0100000000,10.7500000000,10.9300000000,10.8800000000,5007200,54585513.0000,2,1.461400,1,0.459600,12.443645,1.545220,1.453907,432.752665,0
2025-10-28,sh.603558,11.1000000000,11.5300000000,11.0500000000,11.5200000000,10.9300000000,13163922,149811426.8100,2,3.841900,1,5.398000,10.658409,1.646778,1.556255,25.757074,0
2025-10-29,sh.603558,11.3800000000,11.5500000000,11.1000000000,11.3200000000,11.5200000000,9809800,110825552.0000,2,2.863000,1,-1.736100,10.473368,1.618188,1.529237,25.309903,0
2025-10-30,sh.603558,11.2800000000,11.6800000000,11.2300000000,11.3700000000,11.3200000000,7966900,91389228.0000,2,2.325200,1,0.441700,10.519628,1.625335,1.535991,25.421696,0
2025-10-31,sh.603558,11.3700000000,12.2500000000,11.3100000000,12.1000000000,11.3700000000,12138729,144110020.0800,2,3.542700,1,6.420400,11.195031,1.729688,1.634608,27.053871,0
2025-11-03,sh.603558,12.1000000000,12.2000000000,11.8700000000,12.0800000000,12.1000000000,9468151,113762521.5500,2,2.763300,1,-0.165300,11.176527,1.726829,1.631906,27.009154,0
2025-11-04,sh.603558,12.0100000000,12.4600000000,11.9200000000,12.3300000000,12.0800000000,11274879,137629342.4700,2,3.290600,1,2.069500,11.407829,1.762567,1.665679,27.568118,0
2025-11-05,sh.603558,12.2000000000,12.7800000000,12.0000000000,12.7500000000,12.3300000000,14289050,177031451.9200,2,4.170300,1,3.406300,11.796417,1.822605,1.722418,28.507178,0
2025-11-06,sh.603558,12.7600000000,13.5000000000,12.1100000000,12.4000000000,12.7500000000,26135551,337277921.2800,2,7.627700,1,-2.745100,11.472593,1.772573,1.675136,27.724628,0
2025-11-07,sh.603558,12.0000000000,12.2700000000,11.8200000000,11.8300000000,12.4000000000,17894400,214339542.0000,2,5.222500,1,-4.596800,10.945224,1.691092,1.598134,26.450190,0
2025-11-10,sh.603558,11.9900000000,11.9900000000,11.7000000000,11.8200000000,11.8300000000,12414100,147000827.0000,2,3.623100,1,-0.084500,10.935972,1.689662,1.596783,26.427831,0
2025-11-11,sh.603558,11.9300000000,11.9300000000,11.6900000000,11.7400000000,11.8200000000,8147400,95782518.0000,2,2.377800,1,-0.676800,10.861955,1.678227,1.585975,26.248963,0
2025-11-12,sh.603558,11.7500000000,12.0900000000,11.7300000000,12.0000000000,11.7400000000,8505700,101507894.0000,2,2.482400,1,2.214700,11.102510,1.715393,1.621099,26.830286,0
2025-11-13,sh.603558,11.9500000000,12.2700000000,11.9100000000,12.2200000000,12.0000000000,7249700,87974141.0000,2,2.115800,1,1.833300,11.306056,1.746842,1.650819,27.322174,0
2025-11-14,sh.603558,12.1900000000,12.3200000000,12.0000000000,12.0000000000,12.2200000000,6249800,75703022.0000,2,1.824000,1,-1.800300,11.102510,1.715393,1.621099,26.830286,0
2025-11-17,sh.603558,12.0500000000,12.1900000000,12.0000000000,12.1000000000,12.0000000000,5184900,62667133.0000,2,1.513200,1,0.833300,11.195031,1.729688,1.634608,27.053871,0
2025-11-18,sh.603558,12.0800000000,12.1100000000,11.9000000000,11.9600000000,12.1000000000,4801300,57511630.0000,2,1.401300,1,-1.157000,11.065501,1.709675,1.615695,26.740851,0
2025-11-19,sh.603558,11.9200000000,12.0700000000,11.6700000000,11.7500000000,11.9600000000,5792100,68357796.0000,2,1.690400,1,-1.755900,10.871208,1.679656,1.587326,26.271321,0
2025-11-20,sh.603558,11.7600000000,11.9000000000,11.6000000000,11.7500000000,11.7500000000,5120475,60107833.2500,2,1.494400,1,0.000000,10.871208,1.679656,1.587326,26.271321,0
2025-11-21,sh.603558,11.6300000000,11.7400000000,11.3200000000,11.3700000000,11.7500000000,5676900,65137922.0000,2,1.656800,1,-3.234000,10.519628,1.625335,1.535991,25.421696,0
2025-11-24,sh.603558,11.4200000000,11.5900000000,11.2700000000,11.3300000000,11.3700000000,4856600,55364489.0000,2,1.417400,1,-0.351800,10.482620,1.619617,1.530588,25.332261,0
2025-11-25,sh.603558,11.3400000000,11.5000000000,11.2800000000,11.4500000000,11.3300000000,3029751,34647821.8100,2,0.884200,1,1.059100,10.593645,1.636771,1.546799,25.600564,0
2025-11-26,sh.603558,11.4300000000,11.5300000000,11.3200000000,11.3600000000,11.4500000000,3402200,38748680.0000,2,0.992900,1,-0.786000,10.510376,1.623906,1.534640,25.399337,0
2025-11-27,sh.603558,11.4000000000,11.5500000000,11.3000000000,11.3800000000,11.3600000000,4886905,55859202.6000,2,1.426300,1,0.176100,10.528880,1.626765,1.537342,25.444054,0
2025-11-28,sh.603558,11.3300000000,11.4400000000,11.2300000000,11.4200000000,11.3800000000,2705300,30693045.0000,2,0.789600,1,0.351500,10.565889,1.632483,1.542746,25.533488,0
2025-12-01,sh.603558,11.4800000000,11.6200000000,11.4300000000,11.5300000000,11.4200000000,4029800,46436641.0000,2,1.176100,1,0.963200,10.667662,1.648207,1.557606,25.779433,0
2025-12-02,sh.603558,11.5000000000,11.6800000000,11.4000000000,11.5200000000,11.5300000000,3788700,43740145.0000,2,1.105700,1,-0.086700,10.658409,1.646778,1.556255,25.757074,0
2025-12-03,sh.603558,11.6000000000,11.7000000000,11.5400000000,11.6500000000,11.5200000000,3537500,41138026.0000,2,1.032400,1,1.128500,10.778687,1.665361,1.573817,26.047736,0
2025-12-04,sh.603558,11.6200000000,11.7700000000,11.5000000000,11.6300000000,11.6500000000,3667900,42692631.0000,2,1.070500,1,-0.171700,10.760182,1.662502,1.571115,26.003018,0
2025-12-05,sh.603558,11.6600000000,11.6600000000,11.4800000000,11.5700000000,11.6300000000,2904200,33585625.0000,2,0.847600,1,-0.515900,10.704670,1.653925,1.563010,25.868867,0
2025-12-08,sh.603558,11.6000000000,11.6300000000,11.4100000000,11.5000000000,11.5700000000,3381422,38864973.3400,2,0.986900,1,-0.605000,10.639905,1.643919,1.553553,25.712357,0
2025-12-09,sh.603558,11.5300000000,11.6400000000,11.4100000000,11.4800000000,11.5000000000,3204800,36933501.0000,2,0.935300,1,-0.173900,10.621401,1.641060,1.550851,25.667640,0
2025-12-10,sh.603558,11.4800000000,11.6500000000,11.4300000000,11.5500000000,11.4800000000,2461900,28426140.0000,2,0.718500,1,0.609800,10.686166,1.651066,1.560308,25.824150,0
2025-12-11,sh.603558,11.5500000000,11.5800000000,11.3300000000,11.3300000000,11.5500000000,3053900,34830065.0000,2,0.891300,1,-1.904800,10.482620,1.619617,1.530588,25.332261,0
2025-12-12,sh.603558,11.3500000000,11.6300000000,11.2800000000,11.3800000000,11.3300000000,4402400,50320956.0000,2,1.284900,1,0.441300,10.528880,1.626765,1.537342,25.444054,0
2025-12-15,sh.603558,11.3000000000,11.5400000000,11.2500000000,11.4600000000,11.3800000000,3334400,38151925.0000,2,0.973200,1,0.703000,10.602897,1.638201,1.548150,25.622923,0
2025-12-16,sh.603558,11.4600000000,11.5300000000,11.3500000000,11.4100000000,11.4600000000,2869400,32787039.0000,2,0.837400,1,-0.436300,10.556636,1.631053,1.541395,25.511130,0
2025-12-17,sh.603558,11.3700000000,11.6600000000,11.3200000000,11.6100000000,11.4100000000,4089450,47120049.0000,2,1.193500,1,1.752800,10.741678,1.659643,1.568413,25.958301,0
2025-12-18,sh.603558,11.5600000000,11.9300000000,11.5500000000,11.8900000000,11.6100000000,4416100,52145334.0000,2,1.288900,1,2.411700,11.000737,1.699669,1.606239,26.584341,0
2025-12-19,sh.603558,11.8900000000,11.9700000000,11.7500000000,11.8200000000,11.8900000000,4639300,54950045.0000,2,1.354000,1,-0.588700,10.935972,1.689662,1.596783,26.427831,0
2025-12-22,sh.603558,11.8300000000,11.9400000000,11.6500000000,11.6800000000,11.8200000000,4417000,51876419.0000,2,1.289100,1,-1.184400,10.806443,1.669650,1.577870,26.114811,0
2025-12-23,sh.603558,11.6100000000,11.6700000000,11.3000000000,11.3500000000,11.6800000000,4772400,54571676.0000,2,1.392800,1,-2.825300,10.501124,1.622476,1.533290,25.376978,0
2025-12-24,sh.603558,11.3800000000,11.4700000000,11.3400000000,11.3800000000,11.3500000000,3355600,38161040.0000,2,0.979300,1,0.264300,10.528880,1.626765,1.537342,25.444054,0
2025-12-25,sh.603558,11.3800000000,11.4800000000,11.3800000000,11.4100000000,11.3800000000,2274800,26002027.0000,2,0.663900,1,0.263600,10.556636,1.631053,1.541395,25.511130,0
2025-12-26,sh.603558,11.4100000000,11.4500000000,11.3000000000,11.4000000000,11.4100000000,2679500,30486620.0000,2,0.782000,1,-0.087600,10.547384,1.629624,1.540044,25.488771,0
2025-12-29,sh.603558,11.3900000000,11.4000000000,11.2300000000,11.2700000000,11.4000000000,2760600,31259656.0000,2,0.805700,1,-1.140400,10.427107,1.611040,1.522482,25.198110,0
2025-12-30,sh.603558,11.2700000000,11.4200000000,11.2100000000,11.2800000000,11.2700000000,2938500,33345112.0000,2,0.857600,1,0.088700,10.436359,1.612470,1.523833,25.220468,0
2025-12-31,sh.603558,11.2400000000,11.3400000000,11.1500000000,11.2300000000,11.2800000000,2499700,28073252.0000,2,0.729500,1,-0.443300,10.390099,1.605322,1.517079,25.108676,0
2026-01-05,sh.603558,11.2400000000,11.3300000000,11.2100000000,11.2400000000,11.2300000000,3893500,43830670.0000,2,1.136300,1,0.089000,10.399351,1.606752,1.518429,25.131034,0
2026-01-06,sh.603558,11.2700000000,11.3800000000,11.2200000000,11.2600000000,11.2400000000,4008828,45252739.6800,2,1.170000,1,0.177900,10.417855,1.609611,1.521131,25.175751,0
2026-01-07,sh.603558,11.2900000000,11.2900000000,11.0200000000,11.0700000000,11.2600000000,4395100,48970200.0000,2,1.282700,1,-1.687400,10.242065,1.582450,1.495464,24.750938,0
2026-01-08,sh.603558,11.0800000000,11.1900000000,10.9400000000,11.1700000000,11.0700000000,4752977,52494355.4800,2,1.387200,1,0.903300,10.334586,1.596745,1.508973,24.974524,0
2026-01-09,sh.603558,11.1400000000,11.1600000000,10.9700000000,11.0300000000,11.1700000000,3448900,38056050.0000,2,1.006600,1,-1.253400,10.205057,1.576732,1.490060,24.661504,0
2026-01-12,sh.603558,11.0300000000,11.1100000000,10.9600000000,11.0300000000,11.0300000000,4632550,51149817.0000,2,1.352000,1,0.000000,10.205057,1.576732,1.490060,24.661504,0
2026-01-13,sh.603558,11.0500000000,11.2800000000,11.0400000000,11.0900000000,11.0300000000,5734950,64005904.5000,2,1.673800,1,0.544000,10.260569,1.585309,1.498166,24.795656,0
2026-01-14,sh.603558,11.0700000000,11.1300000000,10.8500000000,10.9700000000,11.0900000000,7030149,77316291.0800,2,2.051800,1,-1.082100,10.149544,1.568155,1.481955,24.527353,0
2026-01-15,sh.603558,10.9500000000,11.0200000000,10.8800000000,10.9700000000,10.9700000000,2935000,32207924.0000,2,0.856600,1,0.000000,10.149544,1.568155,1.481955,24.527353,0
2026-01-16,sh.603558,11.0300000000,11.1600000000,10.9700000000,11.1300000000,10.9700000000,4477050,49644163.0000,2,1.306600,1,1.458500,10.297578,1.591027,1.503569,24.885090,0
2026-01-19,sh.603558,11.0200000000,11.3800000000,11.0100000000,11.3600000000,11.1300000000,4398800,49523673.0000,2,1.283800,1,2.066500,10.510376,1.623906,1.534640,25.399337,0
2026-01-20,sh.603558,11.4000000000,11.7100000000,11.3500000000,11.6500000000,11.3600000000,5516150,63908655.5000,2,1.609900,1,2.552800,10.778687,1.665361,1.573817,26.047736,0
2026-01-21,sh.603558,11.7000000000,11.7700000000,11.6100000000,11.7700000000,11.6500000000,4368700,51046664.0000,2,1.275000,1,1.030000,10.889712,1.682515,1.590028,26.316038,0
2026-01-22,sh.603558,11.7500000000,11.9600000000,11.6300000000,11.9300000000,11.7700000000,4125800,48939765.0000,2,1.204100,1,1.359400,11.037745,1.705387,1.611643,26.673776,0
2026-01-23,sh.603558,11.9300000000,12.0000000000,11.6400000000,11.6700000000,11.9300000000,5595100,65685990.0000,2,1.632900,1,-2.179400,10.797191,1.668220,1.576519,26.092453,0
2026-01-26,sh.603558,11.7100000000,11.9600000000,11.6600000000,11.7800000000,11.6700000000,4646600,54817524.0100,2,1.356100,1,0.942600,10.898964,1.683945,1.591379,26.338397,0
2026-01-27,sh.603558,11.7500000000,11.7600000000,11.4500000000,11.6000000000,11.7800000000,5897600,68123739.0000,2,1.721200,1,-1.528000,10.732426,1.658214,1.567062,25.935943,0
2026-01-28,sh.603558,11.6100000000,11.6600000000,11.4600000000,11.5300000000,11.6000000000,3729900,43040313.0000,2,1.088600,1,-0.603400,10.667662,1.648207,1.557606,25.779433,0
2026-01-29,sh.603558,11.5000000000,11.6300000000,11.3800000000,11.4700000000,11.5300000000,4032600,46390661.0000,2,1.176900,1,-0.520400,10.612149,1.639630,1.549501,25.645281,0
2026-01-30,sh.603558,11.5500000000,12.0200000000,11.4700000000,11.9300000000,11.4700000000,7151075,84394835.5000,2,2.087100,1,4.010500,11.037745,1.705387,1.611643,26.673776,0
2026-02-02,sh.603558,11.8900000000,12.0100000000,11.7000000000,11.7000000000,11.9300000000,5365600,63629718.0000,2,1.566000,1,-1.927900,10.824947,1.672509,1.580572,26.159528,0
2026-02-03,sh.603558,11.7500000000,11.8500000000,11.5600000000,11.6100000000,11.7000000000,4918400,57293679.0000,2,1.435500,1,-0.769200,10.741678,1.659643,1.568413,25.958301,0
2026-02-04,sh.603558,11.6100000000,11.9500000000,11.5500000000,11.8700000000,11.6100000000,5062000,59931790.0000,2,1.477400,1,2.239400,10.982233,1.696810,1.603537,26.539624,0
2026-02-05,sh.603558,11.8500000000,12.0900000000,11.7800000000,12.0500000000,11.8700000000,4864300,58291888.5000,2,1.419700,1,1.516400,11.148770,1.722541,1.627854,26.942078,0
2026-02-06,sh.603558,12.0000000000,12.2100000000,11.9600000000,12.1200000000,12.0500000000,3854225,46653831.0000,2,1.124900,1,0.580900,11.213535,1.732547,1.637310,27.098588,0
2026-02-09,sh.603558,12.1500000000,12.2700000000,12.0200000000,12.0400000000,12.1200000000,4612000,55855798.0000,2,1.346000,1,-0.660100,11.139518,1.721111,1.626503,26.919720,0
2026-02-10,sh.603558,12.1000000000,12.4500000000,11.9900000000,12.3800000000,12.0400000000,5183300,63622400.0000,2,1.512800,1,2.823900,11.454089,1.769714,1.672434,27.679911,0
2026-02-11,sh.603558,12.3800000000,12.3800000000,12.0000000000,12.0600000000,12.3800000000,6114700,74151144.0000,2,1.784600,1,-2.584800,11.158022,1.723970,1.629205,26.964437,0
2026-02-12,sh.603558,12.0900000000,12.0900000000,11.8800000000,11.9500000000,12.0600000000,3514100,42083968.0000,2,1.025600,1,-0.912100,11.056249,1.708246,1.614345,26.718493,0
2026-02-13,sh.603558,12.0000000000,12.0000000000,11.8100000000,11.8300000000,11.9500000000,2600100,30958641.0000,2,0.758800,1,-1.004200,10.945224,1.691092,1.598134,26.450190,0
2026-02-24,sh.603558,11.9000000000,12.2200000000,11.8300000000,12.2000000000,11.8300000000,3754100,45405949.0000,2,1.095600,1,3.127600,11.287552,1.743983,1.648117,27.277457,0
2026-02-25,sh.603558,12.1900000000,12.2400000000,12.0300000000,12.0600000000,12.2000000000,2837700,34307790.0000,2,0.828200,1,-1.147500,11.158022,1.723970,1.629205,26.964437,0
2026-02-26,sh.603558,12.1000000000,12.1300000000,12.0100000000,12.1000000000,12.0600000000,1928600,23280483.0000,2,0.562900,1,0.331700,11.195031,1.729688,1.634608,27.053871,0
2026-02-27,sh.603558,12.0800000000,12.1700000000,12.0500000000,12.1000000000,12.1000000000,2279750,27575895.0000,2,0.665400,1,0.000000,11.195031,1.729688,1.634608,27.053871,0
2026-03-02,sh.603558,12.0000000000,12.1200000000,11.8400000000,11.8700000000,12.1000000000,3949000,47119809.0000,2,1.152500,1,-1.900800,10.982233,1.696810,1.603537,26.539624,0
2026-03-03,sh.603558,11.8700000000,12.0300000000,11.6000000000,11.6600000000,11.8700000000,4831800,57081452.0000,2,1.410200,1,-1.769200,10.787939,1.666791,1.575168,26.070094,0
2026-03-04,sh.603558,11.6500000000,11.7400000000,11.3300000000,11.3700000000,11.6600000000,4534200,52040010.0000,2,1.323300,1,-2.487100,10.519628,1.625335,1.535991,25.421696,0
2026-03-05,sh.603558,11.5900000000,11.6300000000,11.4300000000,11.4700000000,11.3700000000,2724500,31455069.0000,2,0.795200,1,0.879500,10.612149,1.639630,1.549501,25.645281,0
2026-03-06,sh.603558,11.4700000000,11.9500000000,11.4000000000,11.8800000000,11.4700000000,3457400,40640346.0000,2,1.009100,1,3.574500,10.991485,1.698239,1.604888,26.561983,0
2026-03-09,sh.603558,11.7800000000,11.9400000000,11.6800000000,11.7400000000,11.8800000000,3716900,43736916.0000,2,1.084800,1,-1.178500,10.861955,1.678227,1.585975,26.248963,0
2026-03-10,sh.603558,11.7500000000,11.9800000000,11.7500000000,11.9700000000,11.7400000000,2421000,28730808.0000,2,0.706600,1,1.959100,11.074754,1.711105,1.617046,26.763210,0
2026-03-11,sh.603558,12.0200000000,12.1200000000,11.8400000000,12.1100000000,11.9700000000,3883250,46637313.5000,2,1.133300,1,1.169600,11.204283,1.731118,1.635959,27.076230,0
2026-03-12,sh.603558,12.1100000000,12.1600000000,11.7800000000,11.8100000000,12.1100000000,5128300,61223332.0000,2,1.496700,1,-2.477300,10.926720,1.688233,1.595432,26.405473,0
2026-03-13,sh.603558,12.3900000000,12.9900000000,12.3900000000,12.9900000000,11.8100000000,9771050,125067548.5000,2,2.851700,1,9.991500,10.991926,1.897559,1.719320,32.533693,0
2026-03-16,sh.603558,13.1000000000,13.6600000000,12.8400000000,13.1400000000,12.9900000000,32301998,425076893.2400,2,9.427400,1,1.154700,11.118854,1.919471,1.739173,32.909371,0
2026-03-17,sh.603558,13.1300000000,14.3300000000,13.0800000000,14.1100000000,13.1400000000,29391750,403870031.0000,2,8.578100,1,7.382000,11.939652,2.061167,1.867560,35.338754,0
2026-03-18,sh.603558,13.6600000000,14.0000000000,13.1400000000,13.9600000000,14.1100000000,20757978,282731592.6500,2,6.058300,1,-1.063100,11.812724,2.039256,1.847706,34.963076,0
