date,code,open,high,low,close,preclose,volume,amount,adjustflag,turn,tradestatus,pctChg,peTTM,pbMRQ,psTTM,pcfNcfTTM,isST
2023-06-26,sz.000989,11.8951118700,12.1423543800,11.6295551000,11.8493262200,12.0141545600,21499297,278180854.9600,2,3.267400,1,-1.372000,27.871797,2.670645,3.785389,20.146528,0
2023-06-27,sz.000989,11.8401690900,12.3071827200,11.7760691800,12.2705542000,11.8493262200,27306257,362405393.7500,2,4.149900,1,3.554900,28.862602,2.765583,3.919954,20.862710,0
2023-06-28,sz.000989,12.2797113300,12.3438112400,12.0416259500,12.2980255900,12.2705542000,18020131,240087424.7900,2,2.738700,1,0.223900,28.927220,2.771775,3.928730,20.909418,0
2023-06-29,sz.000989,12.2430828100,12.8840819100,12.1148829900,12.6185251400,12.2980255900,28683949,392814235.2700,2,4.359300,1,2.606100,29.681094,2.844010,4.031117,21.454339,0
2023-06-30,sz.000989,12.5086395800,12.8932390400,12.4903253200,12.6734679200,12.6185251400,21678348,301229335.6800,2,3.142400,1,0.435400,29.810330,2.856394,4.048669,21.547755,0
2023-07-03,sz.000989,12.5635823600,12.6826250500,11.7211264000,12.2064542900,12.6734679200,29779847,394350107.4600,2,4.525900,1,-3.685000,28.711828,2.751136,3.899477,20.753726,0
2023-07-04,sz.000989,12.0507830800,12.1331972500,11.8126977000,11.8767976100,12.2064542900,17248560,224178525.3500,2,2.621400,1,-2.700700,27.936414,2.676837,3.794165,20.193235,0
2023-07-05,sz.000989,11.7943834400,11.9225832600,11.4921981500,11.5562980600,11.8767976100,15057202,191450437.4500,2,2.288400,1,-2.698500,27.182540,2.604602,3.691778,19.648314,0
2023-07-06,sz.000989,11.4921981500,11.6112408400,11.2907412900,11.3456840700,11.5562980600,12349078,154101563.2700,2,1.876800,1,-1.822500,26.687138,2.557133,3.624495,19.290223,0
2023-07-07,sz.000989,11.3273698100,11.4464125000,11.2174842500,11.4006268500,11.3456840700,8272161,102624185.9100,2,1.257200,1,0.484300,26.816373,2.569516,3.642047,19.383638,0
2023-07-10,sz.000989,11.4464125000,11.4830410200,11.2632699000,11.3548412000,11.4006268500,6570302,81347263.5700,2,0.998500,1,-0.401600,26.708677,2.559197,3.627420,19.305792,0
2023-07-11,sz.000989,11.3823125900,11.3914697200,11.2174842500,11.3090555500,11.3548412000,7838927,96587849.8500,2,1.191300,1,-0.403200,26.600981,2.548877,3.612794,19.227946,0
2023-07-12,sz.000989,11.3182126800,11.4280982400,11.2083271200,11.2632699000,11.3090555500,10550499,130192724.6700,2,1.603400,1,-0.404900,26.493284,2.538558,3.598167,19.150100,0
2023-07-13,sz.000989,11.2632699000,11.3182126800,11.0801273000,11.3182126800,11.2632699000,10202918,125046725.4600,2,1.550600,1,0.487800,26.622520,2.550941,3.615719,19.243515,0
2023-07-14,sz.000989,11.2907412900,11.5196695400,11.2357985100,11.4372553700,11.3182126800,9045606,112367519.0200,2,1.374700,1,1.051800,26.902530,2.577771,3.653748,19.445914,0
2023-07-17,sz.000989,11.4006268500,12.0416259500,11.1991699900,11.8951118700,11.4372553700,22214504,284596171.8000,2,3.376100,1,4.003200,27.979493,2.680965,3.800015,20.224374,0
2023-07-18,sz.000989,11.7394406600,11.8676404800,11.6661836200,11.7302835300,11.8951118700,8844996,113643770.4000,2,1.344200,1,-1.385700,27.591786,2.643815,3.747359,19.944128,0
2023-07-19,sz.000989,11.6936550100,11.7943834400,11.4006268500,11.4647267600,11.7302835300,9237862,116405208.2900,2,1.404000,1,-2.263900,26.967148,2.583963,3.662524,19.492622,0
2023-07-20,sz.000989,11.4280982400,11.5196695400,11.3456840700,11.3823125900,11.4647267600,6293403,78550695.6000,2,0.956500,1,-0.718800,26.773295,2.565388,3.636196,19.352499,0
2023-07-21,sz.000989,11.3639983300,11.5837694500,11.3182126800,11.4921981500,11.3823125900,6570915,82439327.2000,2,0.998600,1,0.965400,27.031766,2.590155,3.671300,19.539330,0
2023-07-24,sz.000989,11.4464125000,11.7485977900,11.3914697200,11.6387122300,11.4921981500,7236538,91852132.3300,2,1.099800,1,1.274900,27.376394,2.623176,3.718106,19.788436,0
2023-07-25,sz.000989,11.6844978800,11.7943834400,11.5288266700,11.7211264000,11.6387122300,7612153,96968954.5700,2,1.156900,1,0.708100,27.570247,2.641751,3.744434,19.928559,0
2023-07-26,sz.000989,11.6661836200,11.7669120500,11.4921981500,11.5105124100,11.7211264000,8530792,108283615.1400,2,1.296500,1,-1.796900,27.168250,2.594282,3.677151,19.570468,0
2023-07-27,sz.000989,11.4830410200,11.5837694500,11.2357985100,11.2449556400,11.5105124100,10561130,130859393.1500,2,1.605100,1,-2.307100,26.541456,2.534430,3.592316,19.118961,0
2023-07-28,sz.000989,11.2449556400,11.3731554600,11.1808557300,11.3639983300,11.2449556400,6672374,82258952.2400,2,1.014100,1,1.058600,26.730216,2.561260,3.630346,19.321361,0
2023-07-31,sz.000989,11.3456840700,11.4006268500,11.1442272100,11.2357985100,11.3639983300,11555751,141979727.0100,2,1.756200,1,-1.128100,26.428666,2.532366,3.589391,19.103392,0
2023-08-01,sz.000989,11.2357985100,11.2357985100,10.1735714300,10.2468284700,11.2357985100,38872528,448050045.6500,2,5.907800,1,-8.802000,24.102427,2.309468,3.273454,17.421920,0
2023-08-02,sz.000989,10.3017712500,10.3475569000,10.1277857800,10.2559856000,10.2468284700,13632167,152035411.1900,2,2.071800,1,0.089400,24.207191,2.311532,3.276380,17.437489,0
2023-08-03,sz.000989,10.2101999500,10.5673280200,10.1735714300,10.4208139400,10.2559856000,15592181,177298140.0700,2,2.369700,1,1.607100,24.511673,2.348682,3.329036,17.717735,0
2023-08-04,sz.000989,10.4299710700,10.7046849700,10.3933425500,10.5764851500,10.4208139400,13497909,156107189.1800,2,2.051400,1,1.493800,24.877840,2.383768,3.378766,17.982411,0
2023-08-07,sz.000989,10.5764851500,10.6039565400,10.2651427300,10.3017712500,10.5764851500,11046428,124797331.6800,2,1.601200,1,-2.597400,24.231662,2.321852,3.291006,17.515335,0
2023-08-08,sz.000989,10.2376713400,10.4665995900,9.9812717000,10.2559856000,10.3017712500,21428509,239089335.6600,2,3.106100,1,-0.444400,40.666459,2.457187,3.235416,28.707776,0
2023-08-09,sz.000989,10.3475569000,10.4665995900,10.1827285600,10.4208139400,10.2559856000,15243330,172211006.8800,2,2.209600,1,1.607100,41.320027,2.496677,3.287414,29.169151,0
2023-08-10,sz.000989,10.3475569000,10.4574424600,10.2559856000,10.3658711600,10.4208139400,10240800,116090994.0000,2,1.484400,1,-0.527200,41.102171,2.483514,3.270081,29.015360,0
2023-08-11,sz.000989,10.3567140300,10.6314279300,10.3383997700,10.3933425500,10.3658711600,15822583,181526378.7300,2,2.293500,1,0.265000,41.211099,2.490095,3.278748,29.092255,0
2023-08-14,sz.000989,10.3658711600,10.4665995900,10.1644143000,10.4024996800,10.3933425500,10165523,114261694.9800,2,1.473500,1,0.088100,41.247408,2.492289,3.281636,29.117887,0
2023-08-15,sz.000989,10.4024996800,10.4849138500,10.2926141200,10.4574424600,10.4024996800,9778843,111140779.0000,2,1.417500,1,0.528200,41.465264,2.505453,3.298969,29.271679,0
2023-08-16,sz.000989,10.3841854200,10.4665995900,10.2834569900,10.2834569900,10.4574424600,6872406,77689663.2500,2,0.996200,1,-1.663700,40.775387,2.463768,3.244083,28.784672,0
2023-08-17,sz.000989,10.2559856000,10.3475569000,10.2285142100,10.3109283800,10.2834569900,5197768,58413910.3200,2,0.753400,1,0.267100,40.884315,2.470350,3.252749,28.861568,0
2023-08-18,sz.000989,10.2926141200,10.3017712500,9.8988575300,9.9080146600,10.3109283800,15250885,167281035.9600,2,2.210700,1,-3.907600,39.286704,2.373818,3.125643,27.733762,0
2023-08-21,sz.000989,9.9080146600,10.1094715200,9.8530718800,9.9171717900,9.9080146600,9270827,100950745.5800,2,1.343800,1,0.092400,39.323013,2.376012,3.128532,27.759394,0
2023-08-22,sz.000989,9.9263289200,10.0179002200,9.7981291000,10.0179002200,9.9171717900,8791671,95351124.7200,2,1.274400,1,1.015700,39.722416,2.400145,3.160308,28.041346,0
2023-08-23,sz.000989,9.9812717000,10.0545287400,9.8713861400,9.8805432700,10.0179002200,5462130,59404513.1000,2,0.791800,1,-1.371100,39.177776,2.367236,3.116977,27.656867,0
2023-08-24,sz.000989,9.8897004000,9.9995859600,9.7615005800,9.9080146600,9.8805432700,7096386,76590159.6000,2,1.028600,1,0.278000,39.286704,2.373818,3.125643,27.733762,0
2023-08-25,sz.000989,9.8988575300,9.9354860500,9.6699292800,9.7157149300,9.9080146600,7054428,75387516.1800,2,1.022600,1,-1.940900,38.524208,2.327746,3.064979,27.195492,0
2023-08-28,sz.000989,10.1735714300,10.2834569900,9.8072862300,9.8439147500,9.7157149300,12986179,142680971.9200,2,1.882400,1,1.319500,39.032539,2.358460,3.105422,27.554339,0
2023-08-29,sz.000989,9.8622290100,10.0270573500,9.7340291900,10.0087430900,9.8439147500,8574400,93178738.0000,2,1.242900,1,1.674400,39.686107,2.397951,3.157420,28.015714,0
2023-08-30,sz.000989,10.0087430900,10.1003143900,9.8897004000,9.9812717000,10.0087430900,7940000,86527583.0000,2,1.150900,1,-0.274500,39.577179,2.391369,3.148753,27.938818,0
2023-08-31,sz.000989,9.9446431800,10.1277857800,9.8622290100,10.1094715200,9.9812717000,9731669,106579692.0000,2,1.410600,1,1.284400,40.085509,2.422084,3.189196,28.297665,0
2023-09-01,sz.000989,10.0545287400,10.1003143900,9.9812717000,10.0270573500,10.1094715200,4785576,52403926.1400,2,0.693700,1,-0.815200,39.758725,2.402339,3.163197,28.066978,0
2023-09-04,sz.000989,10.0453716100,10.1003143900,9.9812717000,10.0636858700,10.0270573500,8986706,98451594.8000,2,1.302700,1,0.365300,39.903963,2.411114,3.174752,28.169505,0
2023-09-05,sz.000989,10.0545287400,10.3933425500,10.0087430900,10.0362144800,10.0636858700,15734601,174534724.2100,2,2.280800,1,-0.273000,39.795035,2.404533,3.166086,28.092610,0
2023-09-06,sz.000989,9.9538003100,10.0636858700,9.8164433600,9.8988575300,10.0362144800,11786507,127641069.5300,2,1.708500,1,-1.368600,39.250395,2.371624,3.122754,27.708130,0
2023-09-07,sz.000989,9.8988575300,9.8988575300,9.6424578900,9.6516150200,9.8988575300,9504118,101184061.7600,2,1.377700,1,-2.497700,38.270042,2.312388,3.044758,27.016068,0
2023-09-08,sz.000989,9.6333007600,9.7340291900,9.5508865900,9.6058293700,9.6516150200,6737918,70942949.2600,2,0.976700,1,-0.474400,38.088496,2.301419,3.030314,26.887908,0
2023-09-11,sz.000989,9.6241436300,10.1461000400,9.6058293700,10.0453716100,9.6058293700,18252200,198362476.0000,2,2.645700,1,4.575800,39.831344,2.406727,3.168975,28.118242,0
2023-09-12,sz.000989,10.0270573500,10.2101999500,9.9995859600,10.1186286500,10.0453716100,10199200,112783128.0000,2,1.478400,1,0.729300,40.121819,2.424278,3.192085,28.323297,0
2023-09-13,sz.000989,10.0820001300,10.1277857800,9.8072862300,9.9171717900,10.1186286500,9982200,108335208.0000,2,1.447000,1,-1.991000,39.323013,2.376012,3.128532,27.759394,0
2023-09-14,sz.000989,9.9171717900,10.0911572600,9.8439147500,10.0636858700,9.9171717900,10210100,111572105.0000,2,1.480000,1,1.477400,39.903963,2.411114,3.174752,28.169505,0
2023-09-15,sz.000989,10.0545287400,10.1827285600,9.9721145700,10.0362144800,10.0636858700,12918400,142170036.0000,2,1.872600,1,-0.273000,39.795035,2.404533,3.166086,28.092610,0
2023-09-18,sz.000989,10.0362144800,10.1918856900,9.9995859600,10.1827285600,10.0362144800,11121375,122735033.5000,2,1.612100,1,1.459900,40.375984,2.439635,3.212306,28.502721,0
2023-09-19,sz.000989,10.1735714300,10.2101999500,9.9812717000,10.0270573500,10.1827285600,7865915,86367601.9500,2,1.140200,1,-1.528800,39.758725,2.402339,3.163197,28.066978,0
2023-09-20,sz.000989,9.9904288300,10.0728430000,9.9080146600,9.9263289200,10.0270573500,5057200,55154330.0000,2,0.733100,1,-1.004600,39.359323,2.378206,3.131421,27.785026,0
2023-09-21,sz.000989,9.9080146600,9.9538003100,9.7615005800,9.7706577100,9.9263289200,7316951,78596923.0900,2,1.060600,1,-1.568300,38.742064,2.340909,3.082312,27.349283,0
2023-09-22,sz.000989,9.7248720600,9.9538003100,9.6333007600,9.9446431800,9.7706577100,7333815,78546151.1000,2,1.063100,1,1.780700,39.431941,2.382593,3.137198,27.836290,0
2023-09-25,sz.000989,9.9354860500,10.2926141200,9.8622290100,10.1735714300,9.9446431800,16227235,180268520.6400,2,2.352200,1,2.302000,40.339675,2.437441,3.209417,28.477089,0
2023-09-26,sz.000989,10.1918856900,10.2559856000,10.0728430000,10.1094715200,10.1735714300,8053543,89308800.3600,2,1.167400,1,-0.630100,40.085509,2.422084,3.189196,28.297665,0
2023-09-27,sz.000989,10.1277857800,10.4574424600,10.1094715200,10.3933425500,10.1094715200,14495877,163471355.6600,2,2.101200,1,2.808000,41.211099,2.490095,3.278748,29.092255,0
2023-09-28,sz.000989,10.4024996800,10.6863707100,10.3567140300,10.5947994100,10.3933425500,18366980,212589248.3200,2,2.662400,1,1.938300,42.009904,2.538362,3.342301,29.656158,0
2023-10-09,sz.000989,10.5673280200,10.6588993200,10.2285142100,10.3933425500,10.5947994100,12749305,144397414.2500,2,1.848100,1,-1.901500,41.211099,2.490095,3.278748,29.092255,0
2023-10-10,sz.000989,10.3933425500,10.3933425500,10.0362144800,10.0728430000,10.3933425500,11493700,127400473.0000,2,1.666100,1,-3.083700,39.940272,2.413308,3.177641,28.195137,0
2023-10-11,sz.000989,10.0820001300,10.3017712500,10.0545287400,10.2193570800,10.0728430000,11632114,129789876.7000,2,1.686100,1,1.454500,40.521221,2.448411,3.223861,28.605248,0
2023-10-12,sz.000989,10.2193570800,10.4024996800,10.1735714300,10.2559856000,10.2193570800,9619400,107847582.7200,2,1.394400,1,0.358400,40.666459,2.457187,3.235416,28.707776,0
2023-10-13,sz.000989,10.2101999500,10.3567140300,10.1827285600,10.2834569900,10.2559856000,9555801,107392947.2100,2,1.385200,1,0.267900,40.775387,2.463768,3.244083,28.784672,0
2023-10-16,sz.000989,10.3567140300,10.4024996800,10.0728430000,10.1369429100,10.2834569900,9489448,105636362.2200,2,1.375500,1,-1.424800,40.194437,2.428666,3.197862,28.374561,0
2023-10-17,sz.000989,10.1186286500,10.1277857800,9.8164433600,9.9538003100,10.1369429100,9097700,98575153.0000,2,1.318700,1,-1.806700,39.468251,2.384787,3.140087,27.861922,0
2023-10-18,sz.000989,9.9263289200,9.9354860500,9.6241436300,9.6241436300,9.9538003100,10260988,109068318.1000,2,1.487400,1,-3.311900,38.161114,2.305806,3.036091,26.939172,0
2023-10-19,sz.000989,9.5966722400,9.5966722400,9.2487013000,9.3219583400,9.6241436300,14842478,151933933.9900,2,2.151500,1,-3.139900,36.962906,2.233407,2.940762,26.093318,0
2023-10-20,sz.000989,9.3219583400,9.4410010300,9.2578584300,9.3036440800,9.3219583400,8425532,85821632.0800,2,1.221300,1,-0.196500,36.890288,2.229019,2.934985,26.042054,0
2023-10-23,sz.000989,9.2487013000,9.2944869500,9.0747158300,9.1113443500,9.3036440800,8925225,89176794.3900,2,1.293700,1,-2.066900,36.127792,2.182947,2.874321,25.503783,0
2023-10-24,sz.000989,9.1388157400,9.4135296400,9.1113443500,9.3036440800,9.1113443500,7685575,77837172.8500,2,1.114100,1,2.110600,36.890288,2.229019,2.934985,26.042054,0
2023-10-25,sz.000989,9.3036440800,9.3952153800,9.2212299100,9.2395441700,9.3036440800,6897305,70003897.0700,2,0.999800,1,-0.689000,36.636122,2.213662,2.914763,25.862631,0
2023-10-26,sz.000989,9.1662871300,9.2303870400,9.0197730500,9.2120727800,9.2395441700,9672309,96464778.7600,2,1.402000,1,-0.297300,33.535483,2.182534,2.928721,51.613777,0
2023-10-27,sz.000989,9.2120727800,9.6424578900,9.0380873100,9.6333007600,9.2120727800,16924866,173970853.9200,2,2.453300,1,4.572600,35.068915,2.282332,3.062638,53.973850,0
2023-10-30,sz.000989,9.5234152000,9.6974006700,9.5051009400,9.6241436300,9.6333007600,10952787,115168962.5000,2,1.587600,1,-0.095100,35.035579,2.280163,3.059727,53.922544,0
2023-10-31,sz.000989,9.6241436300,9.7706577100,9.5875151100,9.7157149300,9.6241436300,10401380,110399428.1400,2,1.507700,1,0.951500,35.368934,2.301858,3.088840,54.435603,0
2023-11-01,sz.000989,9.7157149300,9.9446431800,9.6699292800,9.9171717900,9.7157149300,13811577,148050114.7300,2,2.002000,1,2.073500,36.102314,2.349587,3.152887,55.564334,0
2023-11-02,sz.000989,9.9721145700,9.9812717000,9.5600437200,9.5783579800,9.9171717900,14472354,152998927.6100,2,2.097800,1,-3.416400,34.868902,2.269315,3.045171,53.666014,0
2023-11-03,sz.000989,9.6241436300,9.7981291000,9.5692008500,9.6882435400,9.5783579800,11238604,119107893.1100,2,1.629100,1,1.147200,35.268928,2.295349,3.080106,54.281685,0
2023-11-06,sz.000989,9.7157149300,9.9721145700,9.7157149300,9.8256004900,9.6882435400,8676900,93592815.0000,2,1.257800,1,1.417800,35.768960,2.327892,3.123775,55.051275,0
2023-11-07,sz.000989,9.8256004900,9.9171717900,9.7248720600,9.8622290100,9.8256004900,7504130,80583193.4800,2,1.087800,1,0.372800,35.902301,2.336570,3.135420,55.256498,0
2023-11-08,sz.000989,9.8347576200,10.0911572600,9.8072862300,9.9080146600,9.8622290100,9525673,103622716.5300,2,1.380800,1,0.464300,36.068979,2.347418,3.149976,55.513028,0
2023-11-09,sz.000989,9.8897004000,10.0179002200,9.7615005800,9.7889719700,9.9080146600,7002430,75241238.8000,2,1.015000,1,-1.201500,35.635618,2.319214,3.112130,54.846051,0
2023-11-10,sz.000989,9.7523434500,9.9354860500,9.7248720600,9.8256004900,9.7889719700,6294405,67668597.6000,2,0.912400,1,0.374200,35.768960,2.327892,3.123775,55.051275,0
2023-11-13,sz.000989,9.8347576200,9.9080146600,9.7523434500,9.8072862300,9.8256004900,5921808,63349847.4500,2,0.858400,1,-0.186400,35.702289,2.323553,3.117952,54.948663,0
2023-11-14,sz.000989,9.8072862300,9.9080146600,9.7798148400,9.8347576200,9.8072862300,5699100,61286307.0000,2,0.826100,1,0.280100,35.802295,2.330062,3.126686,55.102581,0
2023-11-15,sz.000989,9.8805432700,10.0179002200,9.8164433600,9.9538003100,9.8347576200,9270500,100291353.0000,2,1.343800,1,1.210400,36.235656,2.358265,3.164532,55.769558,0
2023-11-16,sz.000989,9.9446431800,9.9446431800,9.7431863200,9.7523434500,9.9538003100,7702344,82559119.3800,2,1.116500,1,-2.023900,35.502276,2.310536,3.100485,54.640827,0
2023-11-17,sz.000989,9.7431863200,10.1003143900,9.6974006700,10.0820001300,9.7523434500,13379815,145565612.7000,2,1.939500,1,3.380300,36.702353,2.388639,3.205290,56.487841,0
2023-11-20,sz.000989,10.1186286500,10.2742998600,10.0545287400,10.2285142100,10.0820001300,12282853,136528840.9900,2,1.780400,1,1.453200,37.235720,2.423351,3.251870,57.308736,0
2023-11-21,sz.000989,10.1918856900,10.2559856000,10.1277857800,10.1552571700,10.2285142100,8275350,92063297.5000,2,1.199500,1,-0.716200,36.969037,2.405995,3.228580,56.898288,0
2023-11-22,sz.000989,10.1094715200,10.2285142100,10.0545287400,10.1369429100,10.1552571700,6392450,70837965.5000,2,0.926600,1,-0.180300,36.902366,2.401656,3.222757,56.795677,0
2023-11-23,sz.000989,10.1277857800,10.3017712500,10.1277857800,10.2468284700,10.1369429100,9211500,102889217.0000,2,1.335200,1,1.084000,37.302391,2.427690,3.257692,57.411348,0
2023-11-24,sz.000989,10.2651427300,10.4299710700,10.1644143000,10.2834569900,10.2468284700,17839928,200771227.9500,2,2.586000,1,0.357500,37.435733,2.436368,3.269337,57.616572,0
2023-11-27,sz.000989,10.2468284700,10.3109283800,10.0453716100,10.0728430000,10.2834569900,16575042,183782674.2500,2,2.402600,1,-2.048100,36.669017,2.386469,3.202378,56.436535,0
2023-11-28,sz.000989,10.0453716100,10.3567140300,9.8805432700,10.2559856000,10.0728430000,16738031,185971003.7100,2,2.426200,1,1.818200,37.335727,2.429859,3.260604,57.462654,0
2023-11-29,sz.000989,10.2559856000,10.2559856000,10.1186286500,10.1369429100,10.2559856000,7673326,85160762.0100,2,1.112300,1,-1.160700,36.902366,2.401656,3.222757,56.795677,0
2023-11-30,sz.000989,10.1461000400,10.2193570800,10.0179002200,10.1552571700,10.1369429100,6653100,73604300.0000,2,0.964400,1,0.180700,36.969037,2.405995,3.228580,56.898288,0
2023-12-01,sz.000989,10.1461000400,10.2742998600,10.0820001300,10.1552571700,10.1552571700,6735000,74761235.0000,2,0.976300,1,0.000000,36.969037,2.405995,3.228580,56.898288,0
2023-12-04,sz.000989,10.1827285600,10.2285142100,10.0545287400,10.0636858700,10.1552571700,9071837,100204160.2200,2,1.315000,1,-0.901700,36.635682,2.384300,3.199467,56.385229,0
2023-12-05,sz.000989,10.0270573500,10.0911572600,9.9171717900,9.9263289200,10.0636858700,7257400,79067551.0000,2,1.052000,1,-1.364900,36.135650,2.351757,3.155798,55.615640,0
2023-12-06,sz.000989,9.8897004000,10.0270573500,9.8622290100,9.9446431800,9.9263289200,6877345,74650013.5400,2,0.996900,1,0.184500,36.202321,2.356096,3.161621,55.718252,0
2023-12-07,sz.000989,9.9446431800,9.9446431800,9.7248720600,9.7889719700,9.9446431800,8792791,94048757.1900,2,1.274500,1,-1.565400,35.635618,2.319214,3.112130,54.846051,0
2023-12-08,sz.000989,9.7248720600,9.8530718800,9.6882435400,9.6974006700,9.7889719700,6191604,65985338.2600,2,0.897500,1,-0.935500,35.491108,2.297519,3.083017,54.332991,0
2023-12-11,sz.000989,9.6699292800,9.8897004000,9.6058293700,9.8805432700,9.6974006700,7629801,81317956.6700,2,1.106000,1,1.888600,36.161384,2.340909,3.141242,55.359110,0
2023-12-12,sz.000989,9.8805432700,10.2742998600,9.8439147500,10.0636858700,9.8805432700,13837860,152671891.4500,2,2.005900,1,1.853600,36.635682,2.384300,3.199467,56.385229,0
2023-12-13,sz.000989,10.0636858700,10.3475569000,9.9904288300,10.2101999500,10.0636858700,16712950,186664888.0100,2,2.422600,1,1.455900,37.169049,2.419012,3.246047,57.206124,0
2023-12-14,sz.000989,10.3475569000,10.7046849700,10.2285142100,10.2376713400,10.2101999500,20107930,229100182.7700,2,2.914700,1,0.269100,37.269056,2.425520,3.254781,57.360042,0
2023-12-15,sz.000989,10.2376713400,10.2926141200,9.7981291000,9.8805432700,10.2376713400,16779095,182802905.1000,2,2.432200,1,-3.488400,35.968972,2.340909,3.141242,55.359110,0
2023-12-18,sz.000989,9.8256004900,10.0636858700,9.7431863200,9.7889719700,9.8805432700,10686748,115313387.5600,2,1.549100,1,-0.926800,35.635618,2.319214,3.112130,54.846051,0
2023-12-19,sz.000989,9.8347576200,9.8347576200,9.5325723300,9.6058293700,9.7889719700,9123075,96089743.2500,2,1.322400,1,-1.870900,34.968908,2.275824,3.053905,53.819932,0
2023-12-20,sz.000989,9.6516150200,9.8713861400,9.6516150200,9.6699292800,9.6058293700,9653372,102905967.6500,2,1.399300,1,0.667300,35.202257,2.291010,3.074283,54.179074,0
2023-12-21,sz.000989,9.6149865000,9.6699292800,9.3769011200,9.6241436300,9.6699292800,9231234,95890966.3600,2,1.338100,1,-0.473500,35.035579,2.280163,3.059727,53.922544,0
2023-12-22,sz.000989,9.6241436300,9.7065578000,9.3769011200,9.4318439000,9.6241436300,7979400,82935216.4800,2,1.156600,1,-1.998100,34.335534,2.234603,2.998591,52.845119,0
2023-12-25,sz.000989,9.4135296400,9.5051009400,9.3219583400,9.4410010300,9.4318439000,6383080,65659579.0000,2,0.925300,1,0.097100,34.368870,2.236772,3.001502,52.896425,0
2023-12-26,sz.000989,9.4410010300,9.5325723300,9.3036440800,9.3402726000,9.4410010300,6701545,68842462.8000,2,0.971400,1,-1.066900,34.002180,2.212908,2.969478,52.332060,0
2023-12-27,sz.000989,9.3402726000,9.3952153800,9.2487013000,9.3677439900,9.3402726000,6814850,69306016.5000,2,0.987800,1,0.294100,34.102186,2.219416,2.978212,52.485978,0
2023-12-28,sz.000989,9.3769011200,9.4318439000,9.2578584300,9.3860582500,9.3677439900,11528860,117660790.2100,2,1.671200,1,0.195500,34.168857,2.223755,2.984034,52.588589,0
2023-12-29,sz.000989,9.3677439900,9.4226867700,9.2120727800,9.2670155600,9.3860582500,19472361,198511904.4100,2,2.822600,1,-1.268300,33.735496,2.195552,2.946188,51.921612,0
2024-01-02,sz.000989,9.3036440800,9.5234152000,9.2578584300,9.4318439000,9.2670155600,15695704,160983190.2800,2,2.275200,1,1.778700,34.335534,2.234603,2.998591,52.845119,0
2024-01-03,sz.000989,9.4043725100,9.6516150200,9.3860582500,9.4593152900,9.4318439000,10359233,107586354.3400,2,1.501600,1,0.291300,34.619750,2.241111,3.007325,52.999037,0
2024-01-04,sz.000989,9.4501581600,9.4593152900,9.2853298200,9.3402726000,9.4593152900,7403010,75423880.3500,2,1.073100,1,-1.258500,34.002180,2.212908,2.969478,52.332060,0
2024-01-05,sz.000989,9.3494297300,9.3769011200,9.1388157400,9.2120727800,9.3402726000,8015100,81034748.9900,2,1.161800,1,-1.372500,33.535483,2.182534,2.928721,51.613777,0
2024-01-08,sz.000989,9.1571300000,9.1571300000,8.8824161000,8.8824161000,9.2120727800,10191304,99992996.8000,2,1.477300,1,-3.578500,32.335406,2.104432,2.823916,49.766763,0
2024-01-09,sz.000989,8.9282017500,8.9831445300,8.8366304500,8.8915732300,8.8824161000,6556748,63749256.6000,2,0.950400,1,0.103100,32.368742,2.106601,2.826827,49.818069,0
2024-01-10,sz.000989,8.8915732300,8.9190446200,8.7450591500,8.8183161900,8.8915732300,5610667,54115599.2200,2,0.813300,1,-0.823900,32.102058,2.089245,2.803537,49.407621,0
2024-01-11,sz.000989,8.8091590600,8.9465160100,8.7816876700,8.9373588800,8.8183161900,7065674,68455458.8200,2,1.024200,1,1.349900,32.535419,2.117449,2.841383,50.074598,0
2024-01-12,sz.000989,8.9282017500,9.0197730500,8.8457875800,8.8732589700,8.9373588800,6520566,63563435.4900,2,0.945200,1,-0.717200,32.302071,2.102262,2.821004,49.715457,0
2024-01-15,sz.000989,8.8915732300,9.0014587900,8.8091590600,8.9282017500,8.8732589700,5642167,54978788.5600,2,0.817900,1,0.619200,32.502083,2.115279,2.838472,50.023292,0
2024-01-16,sz.000989,8.9282017500,9.0106159200,8.8183161900,8.9282017500,8.9282017500,6405400,62298029.3300,2,0.928500,1,0.000000,32.502083,2.115279,2.838472,50.023292,0
2024-01-17,sz.000989,8.9098874900,8.9831445300,8.6351735900,8.6351735900,8.9282017500,7986128,76688539.4800,2,1.157600,1,-3.282100,31.435348,2.045855,2.745312,48.381502,0
2024-01-18,sz.000989,8.5619165500,8.6718021100,8.2963597800,8.5527594200,8.6351735900,9802800,90460733.0000,2,1.421000,1,-0.954400,31.135329,2.026329,2.719110,47.919749,0
2024-01-19,sz.000989,8.5436022900,8.6260164600,8.4703452500,8.5344451600,8.5527594200,4855594,45371342.1000,2,0.703800,1,-0.214100,31.068658,2.021990,2.713288,47.817137,0
2024-01-22,sz.000989,8.5344451600,8.5527594200,7.8842889300,7.9209174500,8.5344451600,11083751,98956278.2600,2,1.606600,1,-7.188800,28.835182,1.876632,2.518234,44.379639,0
2024-01-23,sz.000989,8.0124887500,8.0765886600,7.7927176300,7.8751318000,7.9209174500,14125174,121806829.9300,2,2.047500,1,-0.578000,28.668504,1.865785,2.503678,44.123109,0
2024-01-24,sz.000989,7.8842889300,8.0308030100,7.6370464200,7.9941744900,7.8751318000,11662016,100149693.4200,2,1.690500,1,1.511600,29.257543,1.893989,2.541524,44.790086,0
2024-01-25,sz.000989,8.0033316200,8.3604596900,7.9575459700,8.3513025600,7.9941744900,10052558,89912330.9000,2,1.457200,1,4.467400,30.401949,1.978600,2.655063,46.791018,0
2024-01-26,sz.000989,8.3329883000,8.4703452500,8.2688883900,8.3329883000,8.3513025600,7164152,65554739.2000,2,1.038500,1,-0.219300,30.335278,1.974261,2.649240,46.688406,0
2024-01-29,sz.000989,8.3238311700,8.4337167300,8.2139456100,8.2505741300,8.3329883000,6813624,61746200.3000,2,0.987700,1,-0.989000,30.035259,1.954735,2.623039,46.226653,0
2024-01-30,sz.000989,8.2047884800,8.2414170000,7.8934460600,7.9117603200,8.2505741300,8091730,71298482.1900,2,1.172900,1,-4.106500,28.801846,1.874463,2.515323,44.328333,0
2024-01-31,sz.000989,7.8934460600,7.9575459700,7.4172753000,7.4813752100,7.9117603200,16228403,135039318.6800,2,2.352400,1,-5.439800,27.235079,1.772496,2.378494,41.916954,0
2024-02-01,sz.000989,7.4813752100,7.6828320700,7.3714896500,7.5271608600,7.4813752100,10224248,84051624.7800,2,1.482000,1,0.612000,27.401757,1.783343,2.393050,42.173483,0
2024-02-02,sz.000989,7.5546322500,7.6370464200,6.9777330600,7.1975041800,7.5271608600,16507441,131094918.2900,2,2.392800,1,-4.379600,26.201680,1.705241,2.288245,40.326470,0
2024-02-05,sz.000989,7.1150900100,7.1791899200,6.5931336000,6.7854333300,7.1975041800,18373776,137384120.3400,2,2.663400,1,-5.725200,24.833722,1.607612,2.157239,38.017702,0
2024-02-06,sz.000989,6.7762762000,7.4630609500,6.6663906400,7.3989610400,6.7854333300,17820076,138316855.4100,2,2.583100,1,9.041800,26.935060,1.752970,2.352293,41.455200,0
2024-02-07,sz.000989,7.3898039100,7.7560891100,7.3165468700,7.6553606800,7.3989610400,18733700,155862052.3000,2,2.715500,1,3.465300,27.868453,1.813716,2.433808,42.891767,0
2024-02-08,sz.000989,7.6278892900,8.0308030100,7.6278892900,7.9483888400,7.6553606800,16755468,145027550.1000,2,2.428800,1,3.827800,28.935188,1.883141,2.526968,44.533557,0
2024-02-19,sz.000989,7.9026031900,8.0124887500,7.6919892000,7.8293461500,7.9483888400,15748711,134983288.1200,2,2.282800,1,-1.497700,28.501827,1.854937,2.489121,43.866579,0
2024-02-20,sz.000989,7.7927176300,8.0216458800,7.7103034600,8.0124887500,7.8293461500,11783944,102221177.0600,2,1.708100,1,2.339200,29.168536,1.898328,2.547347,44.892698,0
2024-02-21,sz.000989,7.9667031000,8.1864742200,7.8842889300,7.9850173600,8.0124887500,11322946,99515980.7800,2,1.641300,1,-0.342900,29.068530,1.891819,2.538613,44.738780,0
2024-02-22,sz.000989,7.9941744900,8.0857457900,7.9483888400,8.0857457900,7.9850173600,8375863,73441642.7700,2,1.214100,1,1.261500,29.435220,1.915684,2.570637,45.303146,0
2024-02-23,sz.000989,8.0765886600,8.1406885700,7.9941744900,8.1132171800,8.0857457900,10718164,94586859.9200,2,1.553600,1,0.339800,29.535227,1.922192,2.579370,45.457064,0
2024-02-26,sz.000989,8.1223743100,8.2688883900,8.0308030100,8.1498457000,8.1132171800,10522123,93529268.7600,2,1.525200,1,0.451500,29.668569,1.930870,2.591015,45.662287,0
2024-02-27,sz.000989,8.1040600500,8.2963597800,8.1040600500,8.2872026500,8.1498457000,13111551,117417730.3400,2,1.900600,1,1.685400,30.168601,1.963413,2.634684,46.431876,0
2024-02-28,sz.000989,8.3146740400,8.5069737700,7.9758602300,7.9758602300,8.2872026500,18244275,164898420.5000,2,2.644600,1,-3.756900,29.035195,1.889650,2.535702,44.687475,0
2024-02-29,sz.000989,7.9667031000,8.2231027400,7.9300745800,8.2047884800,7.9758602300,10691000,94948158.2500,2,1.549700,1,2.870300,29.868581,1.943887,2.608483,45.970123,0
2024-03-01,sz.000989,8.1956313500,8.2231027400,8.1132171800,8.1681599600,8.2047884800,8178657,72889279.0700,2,1.185500,1,-0.446400,29.735239,1.935209,2.596838,45.764899,0
2024-03-04,sz.000989,8.1223743100,8.3055169100,8.1223743100,8.2780455200,8.1681599600,18130150,162553078.3300,2,2.628000,1,1.345300,30.135265,1.961244,2.631773,46.380571,0
2024-03-05,sz.000989,8.1498457000,8.2505741300,8.1040600500,8.1681599600,8.2780455200,12927740,115391868.5700,2,1.873900,1,-1.327400,29.735239,1.935209,2.596838,45.764899,0
2024-03-06,sz.000989,8.1315314400,8.1864742200,7.9667031000,8.1132171800,8.1681599600,9476903,83618222.3900,2,1.373700,1,-0.672600,29.535227,1.922192,2.579370,45.457064,0
2024-03-07,sz.000989,8.1132171800,8.1406885700,7.9667031000,7.9667031000,8.1132171800,10068743,88423470.2400,2,1.459500,1,-1.805900,29.001859,1.887480,2.532790,44.636169,0
2024-03-08,sz.000989,7.9667031000,8.0582744000,7.8842889300,8.0033316200,7.9667031000,9275610,80662825.0000,2,1.344500,1,0.459800,29.135201,1.896158,2.544435,44.841392,0
2024-03-11,sz.000989,8.0765886600,8.1773170900,8.0399601400,8.1773170900,8.0033316200,12657131,112260645.5000,2,1.834700,1,2.173900,29.768575,1.937379,2.599749,45.816205,0
2024-03-12,sz.000989,8.2872026500,8.3879310800,8.2322598700,8.3238311700,8.1773170900,14384200,130670263.0000,2,2.085000,1,1.791700,30.301942,1.972091,2.646329,46.637100,0
2024-03-13,sz.000989,8.3146740400,8.3421454300,8.2231027400,8.3055169100,8.3238311700,9981822,90339277.1200,2,1.446900,1,-0.220000,30.235272,1.967752,2.640507,46.534488,0
2024-03-14,sz.000989,8.3421454300,8.4245596000,8.1681599600,8.2505741300,8.3055169100,9270100,84029764.0000,2,1.343700,1,-0.661500,30.035259,1.954735,2.623039,46.226653,0
2024-03-15,sz.000989,8.2505741300,8.3055169100,8.2047884800,8.2963597800,8.2505741300,6616760,59725849.8900,2,0.959100,1,0.554900,30.201936,1.965583,2.637595,46.483182,0
2024-03-18,sz.000989,8.3146740400,8.4062453400,8.2688883900,8.4062453400,8.2963597800,10599155,96592932.9600,2,1.536400,1,1.324500,30.601962,1.991617,2.672530,47.098854,0
2024-03-19,sz.000989,8.4245596000,8.4611881200,8.3329883000,8.3604596900,8.4062453400,8813055,80781096.6400,2,1.269800,1,-0.544700,30.435284,1.980769,2.657974,46.842324,0
2024-03-20,sz.000989,8.3421454300,8.3970882100,8.2780455200,8.3787739500,8.3604596900,7035100,64034442.0000,2,1.013700,1,0.219100,30.501955,1.985108,2.663797,46.944936,0
2024-03-21,sz.000989,8.3879310800,8.4154024700,8.2963597800,8.3238311700,8.3787739500,7928460,72278267.0000,2,1.142400,1,-0.655700,30.301942,1.972091,2.646329,46.637100,0
2024-03-22,sz.000989,8.3329883000,8.3329883000,8.0765886600,8.1498457000,8.3238311700,10075200,89904926.0000,2,1.451700,1,-2.090200,29.668569,1.930870,2.591015,45.662287,0
2024-03-25,sz.000989,8.1040600500,8.1956313500,8.0033316200,8.0124887500,8.1498457000,8574600,75985092.0000,2,1.235500,1,-1.685400,29.168536,1.898328,2.547347,44.892698,0
2024-03-26,sz.000989,8.0033316200,8.0491172700,7.8842889300,7.9483888400,8.0124887500,8147063,70821307.7200,2,1.173900,1,-0.800000,28.935188,1.883141,2.526968,44.533557,0
2024-03-27,sz.000989,7.9483888400,8.0308030100,7.8659746700,7.8751318000,7.9483888400,8189105,71197570.0000,2,1.179900,1,-0.921700,28.668504,1.865785,2.503678,44.123109,0
2024-03-28,sz.000989,7.8751318000,8.0216458800,7.7927176300,7.9300745800,7.8751318000,8302690,71783532.1800,2,1.196300,1,0.697700,28.868517,1.878802,2.521145,44.430945,0
2024-03-29,sz.000989,7.9209174500,8.0124887500,7.8751318000,8.0033316200,7.9300745800,5511185,47806983.8500,2,0.794100,1,0.923800,29.135201,1.896158,2.544435,44.841392,0
2024-04-01,sz.000989,8.0033316200,8.1406885700,8.0033316200,8.1315314400,8.0033316200,6897997,60949278.4400,2,0.993900,1,1.601800,29.601898,1.926531,2.585193,45.559675,0
2024-04-02,sz.000989,8.1773170900,8.1864742200,8.0674315300,8.1406885700,8.1315314400,6994787,62051601.6900,2,1.007800,1,0.112600,29.635233,1.928701,2.588104,45.610981,0
2024-04-03,sz.000989,8.1315314400,8.1590028300,8.0765886600,8.1406885700,8.1406885700,6143090,54532192.5400,2,0.885100,1,0.000000,29.635233,1.928701,2.588104,45.610981,0
2024-04-08,sz.000989,8.1406885700,8.1498457000,7.9575459700,7.9850173600,8.1406885700,7027828,61757596.2300,2,1.012600,1,-1.912300,29.068530,1.891819,2.538613,44.738780,0
2024-04-09,sz.000989,7.9850173600,8.0765886600,7.8385032800,8.0674315300,7.9850173600,8029250,69898870.4000,2,1.156900,1,1.032100,29.368549,1.911345,2.564814,45.200534,0
2024-04-10,sz.000989,8.0582744000,8.0949029200,7.8568175400,7.9300745800,8.0674315300,6103250,53084379.9900,2,0.879400,1,-1.702600,28.868517,1.878802,2.521145,44.430945,0
2024-04-11,sz.000989,7.8751318000,8.0216458800,7.8293461500,7.9209174500,7.9300745800,5215987,45334710.6400,2,0.751500,1,-0.115500,28.835182,1.876632,2.518234,44.379639,0
2024-04-12,sz.000989,7.9300745800,7.9667031000,7.8385032800,7.8659746700,7.9209174500,5728843,49345396.8000,2,0.825400,1,-0.693600,28.635169,1.863615,2.500766,44.071803,0
2024-04-15,sz.000989,7.8659746700,7.9575459700,7.6645178100,7.8385032800,7.8659746700,9685191,82814867.0200,2,1.395500,1,-0.349200,28.535163,1.857107,2.492033,43.917885,0
2024-04-16,sz.000989,7.7835605000,7.8934460600,7.5637893800,7.5912607700,7.8385032800,10577643,89273064.0900,2,1.524100,1,-3.154200,27.635105,1.798530,2.413429,42.532625,0
2024-04-17,sz.000989,7.6370464200,7.8842889300,7.6278892900,7.8842889300,7.5912607700,8919378,75966302.2100,2,1.285100,1,3.860100,28.701840,1.867954,2.506589,44.174415,0
2024-04-18,sz.000989,7.8934460600,7.9850173600,7.8293461500,7.8751318000,7.8842889300,7595741,65662295.4600,2,1.094400,1,-0.116100,28.668504,1.865785,2.503678,44.123109,0
2024-04-19,sz.000989,7.8568175400,7.9209174500,7.7927176300,7.8934460600,7.8751318000,6474091,55554569.5500,2,0.932800,1,0.232600,28.735175,1.870124,2.509500,44.225721,0
2024-04-22,sz.000989,7.8751318000,7.9941744900,7.8293461500,7.9575459700,7.8934460600,8137624,70592488.0800,2,1.172500,1,0.812100,28.968524,1.885311,2.529879,44.584863,0
2024-04-23,sz.000989,8.0033316200,8.0765886600,7.9209174500,8.0308030100,7.9575459700,8345126,72863456.7400,2,1.202400,1,0.920600,29.235207,1.902667,2.553169,44.995310,0
2024-04-24,sz.000989,8.0582744000,8.0674315300,7.7835605000,7.8110318900,8.0308030100,14514200,124879412.0000,2,2.091300,1,-2.736600,28.435156,1.850598,2.483299,43.763968,0
2024-04-25,sz.000989,7.8110318900,7.8110318900,7.8110318900,7.8110318900,7.8110318900,,,2,,0,,26.060404,1.782136,2.473824,-13.952914,0
2024-04-26,sz.000989,7.4172753000,7.4172753000,7.4172753000,7.4172753000,7.8110318900,1479000,11979900.0000,2,0.213100,1,-5.041000,24.746691,1.692298,2.349118,-13.249544,1
2024-04-29,sz.000989,7.0509901000,7.0509901000,7.0509901000,7.0509901000,7.4172753000,3000200,23101540.0000,2,0.432300,1,-4.938300,23.524632,1.608727,2.233112,-12.595245,1
2024-04-30,sz.000989,6.8495332400,7.3073897400,6.8312189800,7.1883470500,7.0509901000,76123808,583094472.3700,2,10.968300,1,1.948100,23.982904,1.640066,2.276614,-12.840607,1
2024-05-06,sz.000989,7.0326758400,7.5454751200,6.9594188000,7.4539038200,7.1883470500,60830326,477715961.8200,2,8.764700,1,3.694300,24.868896,1.700655,2.360718,-13.314973,1
2024-05-07,sz.000989,7.3623325200,7.4447466900,7.2341327000,7.2799183500,7.4539038200,35739787,286382848.6800,2,5.149600,1,-2.334200,24.288419,1.660959,2.305616,-13.004182,1
2024-05-08,sz.000989,7.2982326100,7.4447466900,7.2707612200,7.3348611300,7.2799183500,24564582,197039453.2100,2,3.539400,1,0.754700,24.471727,1.673494,2.323016,-13.102326,1
2024-05-09,sz.000989,7.3257040000,7.4264324300,7.2799183500,7.3989610400,7.3348611300,23418099,188431551.5100,2,3.374200,1,0.873900,24.685588,1.688119,2.343317,-13.216829,1
2024-05-10,sz.000989,7.3806467800,7.7560891100,7.3714896500,7.5088466000,7.3989610400,24340176,201189050.8800,2,3.507100,1,1.485100,25.052205,1.713190,2.378119,-13.413118,1
2024-05-13,sz.000989,7.4630609500,7.6736749400,7.4355895600,7.5912607700,7.5088466000,18702147,154688707.5600,2,2.694700,1,1.097600,25.327168,1.731994,2.404221,-13.560335,1
2024-05-14,sz.000989,7.5912607700,7.6462035500,7.3623325200,7.3898039100,7.5912607700,23818540,194483789.8800,2,3.431900,1,-2.653800,24.655036,1.686030,2.340417,-13.200471,1
2024-05-15,sz.000989,7.3440182600,7.5363179900,7.3440182600,7.4172753000,7.3898039100,13380716,108554966.4500,2,1.928000,1,0.371700,24.746691,1.692298,2.349118,-13.249544,1
2024-05-16,sz.000989,7.4081181700,7.4081181700,7.1791899200,7.2249755700,7.4172753000,19411954,154135654.3500,2,2.797000,1,-2.592600,24.105110,1.648423,2.288215,-12.906037,1
2024-05-17,sz.000989,7.2249755700,7.2799183500,7.2249755700,7.2799183500,7.2249755700,8519771,67508505.8900,2,1.227600,1,0.760500,24.288419,1.660959,2.305616,-13.004182,1
2024-05-20,sz.000989,7.2799183500,7.3073897400,6.9136331500,6.9960473200,7.2799183500,28759406,221982729.6100,2,4.143800,1,-3.899400,23.341323,1.596192,2.215711,-12.497100,1
2024-05-21,sz.000989,7.0326758400,7.0601472300,6.9319474100,7.0509901000,6.9960473200,13351667,102098829.7900,2,1.923800,1,0.785300,23.524632,1.608727,2.233112,-12.595245,1
2024-05-22,sz.000989,7.0326758400,7.0784614900,7.0143615800,7.0509901000,7.0509901000,8098068,62352878.0600,2,1.166800,1,0.000000,23.524632,1.608727,2.233112,-12.595245,1
2024-05-23,sz.000989,7.0509901000,7.0693043600,6.9868901900,7.0326758400,7.0509901000,10057767,77172220.3800,2,1.449200,1,-0.259700,23.463529,1.604549,2.227312,-12.562530,1
2024-05-24,sz.000989,7.0052044500,7.2066613100,7.0052044500,7.1791899200,7.0326758400,12927241,100664553.2100,2,1.862600,1,2.083300,23.952352,1.637977,2.273714,-12.824250,1
2024-05-27,sz.000989,7.1700327900,7.1791899200,7.0601472300,7.1334042700,7.1791899200,10423830,81091012.3600,2,1.501900,1,-0.637800,23.799595,1.627531,2.259213,-12.742462,1
2024-05-28,sz.000989,7.1527099800,7.1623627600,7.0079182800,7.0079182800,7.1334044200,10512151,76798842.2100,2,1.514600,1,-1.759100,22.180367,1.516800,2.105506,-11.875517,1
2024-05-29,sz.000989,6.9789599400,7.0079182800,6.6990293200,6.7472932200,7.0079182800,15962962,112335046.6800,2,2.300000,1,-3.719000,21.355477,1.460390,2.027202,-11.433865,1
2024-05-30,sz.000989,6.6893765400,6.7279876600,6.4094459200,6.4190987000,6.7472932200,23009806,154139864.6900,2,3.315400,1,-4.864100,20.316727,1.389355,1.928597,-10.877712,1
2024-05-31,sz.000989,6.3225709000,6.5059737200,6.1295153000,6.4384042600,6.4190987000,14866493,97709624.7500,2,2.142000,1,0.300800,20.377830,1.393534,1.934397,-10.910427,1
2024-06-03,sz.000989,6.4384042600,6.4384042600,6.2260431000,6.2743070000,6.4384042600,10041525,65667944.2600,2,1.446800,1,-2.548700,19.858455,1.358017,1.885094,-10.632350,1
2024-06-04,sz.000989,6.2550014400,6.5928487400,6.1777792000,6.5445848400,6.2743070000,15622168,104348213.7000,2,2.250900,1,4.307700,20.713897,1.416516,1.966299,-11.090359,1
2024-06-05,sz.000989,6.6314598600,6.8727793600,6.5928487400,6.8727793600,6.5445848400,21081340,148529006.8300,2,3.037500,1,5.014700,21.752647,1.487551,2.064903,-11.646512,1
2024-06-06,sz.000989,6.8534738000,6.8534738000,6.5252792800,6.5252792800,6.8727793600,19185557,131749029.8900,2,2.764400,1,-5.056200,20.652794,1.412337,1.960498,-11.057644,1
2024-06-07,sz.000989,6.6604182000,6.7279876600,6.5542376200,6.6604182000,6.5252792800,11087154,76360824.4100,2,1.597500,1,2.071000,21.080514,1.441587,2.001100,-11.286648,1
2024-06-11,sz.000989,6.6507654200,6.6507654200,6.4866681600,6.6121543000,6.6604182000,8680587,59097168.1000,2,1.250700,1,-0.724600,20.927757,1.431141,1.986600,-11.204861,1
2024-06-12,sz.000989,6.5735431800,6.7279876600,6.5735431800,6.6700709800,6.6121543000,7982962,55215475.1100,2,1.150200,1,0.875900,21.111066,1.443676,2.004000,-11.303006,1
2024-06-13,sz.000989,6.6604182000,6.6700709800,6.5735431800,6.5928487400,6.6700709800,5532446,37817919.5600,2,0.797100,1,-1.157700,20.866654,1.426962,1.980799,-11.172146,1
2024-06-14,sz.000989,6.6218070800,6.6507654200,6.5831959600,6.6314598600,6.5928487400,4266169,29235085.9600,2,0.614700,1,0.585700,20.988860,1.435319,1.992400,-11.237576,1
2024-06-17,sz.000989,6.6121543000,6.6121543000,6.4287514800,6.4287514800,6.6314598600,6772123,45728830.0900,2,0.975800,1,-3.056800,20.347279,1.391445,1.931497,-10.894069,1
2024-06-18,sz.000989,6.4673626000,6.5252792800,6.4384042600,6.4866681600,6.4287514800,4180926,28069042.5300,2,0.602400,1,0.900900,20.530588,1.403980,1.948898,-10.992214,1
2024-06-19,sz.000989,6.4866681600,6.6604182000,6.4770153800,6.6025015200,6.4866681600,7229616,49127641.7600,2,1.041700,1,1.785700,20.897205,1.429051,1.983699,-11.188503,1
2024-06-20,sz.000989,6.5831959600,6.6025015200,6.4384042600,6.4673626000,6.6025015200,5653861,38020951.6800,2,0.814600,1,-2.046800,20.469485,1.399802,1.943097,-10.959499,1
2024-06-21,sz.000989,6.4577098200,6.4963209400,6.3997931400,6.3997931400,6.4673626000,3467937,23146445.1600,2,0.499700,1,-1.044800,20.255625,1.385177,1.922796,-10.844997,1
2024-06-24,sz.000989,6.3901403600,6.3901403600,6.0812514000,6.0812514000,6.3997931400,9982815,63554634.1000,2,1.438400,1,-4.977400,19.247426,1.316231,1.827092,-10.305201,1
2024-06-25,sz.000989,6.0715986200,6.1005569600,5.8881958000,5.9557652600,6.0812514000,7136032,44001118.9400,2,1.028200,1,-2.063500,18.850257,1.289071,1.789390,-10.092554,1
2024-06-26,sz.000989,5.9461124800,6.1102097400,5.8881958000,6.1102097400,5.9557652600,5629727,34927412.2800,2,0.811200,1,2.593200,19.339080,1.322499,1.835792,-10.354273,1
2024-06-27,sz.000989,6.1391680800,6.1681264200,6.0619458400,6.1102097400,6.1102097400,4645200,29403815.0000,2,0.669300,1,0.000000,19.339080,1.322499,1.835792,-10.354273,1
2024-06-28,sz.000989,6.1488208600,6.2067375400,6.0715986200,6.1584736400,6.1102097400,6334250,40425041.9800,2,0.912700,1,0.789900,19.491838,1.332946,1.850293,-10.436060,1
2024-07-01,sz.000989,6.1681264200,6.2356958800,6.0812514000,6.2260431000,6.1584736400,4379403,27925351.1100,2,0.631000,1,1.097200,19.705698,1.347570,1.870594,-10.550562,1
2024-07-02,sz.000989,6.2163903200,6.4480570400,6.2067375400,6.3515292400,6.2260431000,6218264,40971909.0800,2,0.896000,1,2.015500,20.102867,1.374731,1.908296,-10.763209,1
2024-07-03,sz.000989,6.3611820200,6.4094459200,6.3225709000,6.3611820200,6.3515292400,3236386,21340508.0800,2,0.466300,1,0.152000,20.133419,1.376820,1.911196,-10.779567,1
2024-07-04,sz.000989,6.3997931400,6.4094459200,6.0909041800,6.1584736400,6.3611820200,4912799,31786182.6200,2,0.707900,1,-3.186600,19.491838,1.332946,1.850293,-10.436060,1
2024-07-05,sz.000989,6.1295153000,6.3611820200,6.1005569600,6.3322236800,6.1584736400,5608799,36544857.4900,2,0.808100,1,2.821300,20.041764,1.370552,1.902495,-10.730495,1
2024-07-08,sz.000989,6.3129181200,6.3225709000,6.1584736400,6.1681264200,6.3322236800,4208212,27093379.9900,2,0.606300,1,-2.591500,19.522389,1.335035,1.853193,-10.452418,1
2024-07-09,sz.000989,6.1970847600,6.2453486600,6.0233347200,6.2067375400,6.1681264200,4718251,30034166.7600,2,0.679800,1,0.626000,19.644595,1.343392,1.864793,-10.517848,1
2024-07-10,sz.000989,6.1874319800,6.2550014400,6.1295153000,6.1681264200,6.2067375400,3028669,19392541.8100,2,0.436400,1,-0.622100,19.522389,1.335035,1.853193,-10.452418,1
2024-07-11,sz.000989,6.2453486600,6.3322236800,6.1970847600,6.3225709000,6.1681264200,5325792,34623334.9700,2,0.767400,1,2.503900,20.011213,1.368463,1.899595,-10.714137,1
2024-07-12,sz.000989,6.3032653400,6.3997931400,6.2839597800,6.3708348000,6.3225709000,5261039,34569971.4600,2,0.758000,1,0.763400,20.163970,1.378909,1.914096,-10.795924,1
2024-07-15,sz.000989,6.3611820200,6.3611820200,6.2067375400,6.2646542200,6.3708348000,3806149,24719871.5000,2,0.548400,1,-1.666700,19.827904,1.355927,1.882194,-10.615992,1
2024-07-16,sz.000989,6.2646542200,6.3225709000,6.2453486600,6.2839597800,6.2646542200,2994303,19510064.7100,2,0.431400,1,0.308200,19.889007,1.360106,1.887995,-10.648707,1
2024-07-17,sz.000989,6.2743070000,6.3129181200,6.2260431000,6.2839597800,6.2839597800,3126969,20329694.4700,2,0.450500,1,0.000000,19.889007,1.360106,1.887995,-10.648707,1
2024-07-18,sz.000989,6.2646542200,6.3129181200,6.1970847600,6.2936125600,6.2839597800,3981291,25827141.4100,2,0.573600,1,0.153600,19.919558,1.362195,1.890895,-10.665065,1
2024-07-19,sz.000989,6.2743070000,6.6025015200,6.2550014400,6.4963209400,6.2936125600,10281210,68983010.6500,2,1.481400,1,3.220900,20.561139,1.406070,1.951798,-11.008571,1
2024-07-22,sz.000989,6.4866681600,6.6121543000,6.4384042600,6.5831959600,6.4963209400,8389797,56940665.7400,2,1.208800,1,1.337300,20.836102,1.424873,1.977899,-11.155788,1
2024-07-23,sz.000989,6.5542376200,6.6218070800,6.4190987000,6.4384042600,6.5831959600,6665400,45045035.0000,2,0.960400,1,-2.199400,20.377830,1.393534,1.934397,-10.910427,1
2024-07-24,sz.000989,6.4287514800,6.4866681600,6.3129181200,6.3418764600,6.4384042600,4564624,30176560.2000,2,0.657700,1,-1.499300,20.072316,1.372641,1.905396,-10.746852,1
2024-07-25,sz.000989,6.3129181200,6.4094459200,6.3032653400,6.3804875800,6.3418764600,4007955,26438617.5000,2,0.577500,1,0.608800,20.194522,1.380998,1.916996,-10.812282,1
2024-07-26,sz.000989,6.3611820200,6.4384042600,6.3611820200,6.4094459200,6.3804875800,3334978,22125121.4800,2,0.480500,1,0.453900,20.286176,1.387266,1.925697,-10.861354,1
2024-07-29,sz.000989,6.4094459200,6.4480570400,6.3708348000,6.4190987000,6.4094459200,3145078,20917310.1400,2,0.453200,1,0.150600,20.316727,1.389355,1.928597,-10.877712,1
2024-07-30,sz.000989,6.4094459200,6.4866681600,6.4094459200,6.4480570400,6.4190987000,3349236,22369221.4000,2,0.482600,1,0.451100,20.408382,1.395623,1.937297,-10.926784,1
2024-07-31,sz.000989,6.4770153800,6.6025015200,6.4480570400,6.5831959600,6.4480570400,6036312,40980916.0800,2,0.869700,1,2.095800,20.836102,1.424873,1.977899,-11.155788,1
2024-08-01,sz.000989,6.6121543000,6.8052099000,6.6121543000,6.7955571200,6.5831959600,11406746,79707877.4800,2,1.643500,1,3.225800,21.508235,1.470836,2.041702,-11.515653,1
2024-08-02,sz.000989,6.7472932200,6.8438210200,6.6507654200,6.6604182000,6.7955571200,7628303,53305663.5100,2,1.099100,1,-1.988600,21.080514,1.441587,2.001100,-11.286648,1
2024-08-05,sz.000989,6.6314598600,6.7665987800,6.5831959600,6.5831959600,6.6604182000,7845545,54253817.2300,2,1.130400,1,-1.159400,20.836102,1.424873,1.977899,-11.155788,1
2024-08-06,sz.000989,6.6507654200,6.7569460000,6.5735431800,6.7376404400,6.5831959600,7323799,50681162.1300,2,1.055200,1,2.346000,21.324926,1.458301,2.024301,-11.417508,1
2024-08-07,sz.000989,6.7376404400,6.7376404400,6.6507654200,6.6604182000,6.7376404400,4598100,31798617.0000,2,0.662500,1,-1.146100,21.080514,1.441587,2.001100,-11.286648,1
2024-08-08,sz.000989,6.6604182000,6.7376404400,6.6411126400,6.6990293200,6.6604182000,4353300,30186323.0000,2,0.627200,1,0.579700,21.202720,1.449944,2.012701,-11.352078,1
2024-08-09,sz.000989,6.7086821000,6.7376404400,6.5059737200,6.5156265000,6.6990293200,7556200,51796883.0000,2,1.088700,1,-2.737800,20.622242,1.410248,1.957598,-11.041286,1
2024-08-12,sz.000989,6.5252792800,6.6121543000,6.4673626000,6.5156265000,6.5156265000,4771450,32370158.5000,2,0.687500,1,0.000000,20.622242,1.410248,1.957598,-11.041286,1
2024-08-13,sz.000989,6.4770153800,6.5252792800,6.4287514800,6.4963209400,6.5156265000,4032900,27015681.0000,2,0.581100,1,-0.296300,20.561139,1.406070,1.951798,-11.008571,1
2024-08-14,sz.000989,6.4866681600,6.5252792800,6.4384042600,6.4866681600,6.4963209400,2303900,15452165.0000,2,0.332000,1,-0.148600,20.530588,1.403980,1.948898,-10.992214,1
2024-08-15,sz.000989,6.4673626000,6.5542376200,6.4480570400,6.5252792800,6.4866681600,3140342,21173122.5000,2,0.452500,1,0.595200,20.652794,1.412337,1.960498,-11.057644,1
2024-08-16,sz.000989,6.5252792800,6.5252792800,6.4577098200,6.4673626000,6.5252792800,2761600,18564061.0000,2,0.397900,1,-0.887600,20.469485,1.399802,1.943097,-10.959499,1
2024-08-19,sz.000989,6.4673626000,6.5059737200,6.4480570400,6.4673626000,6.4673626000,2989900,20071093.0000,2,0.430800,1,0.000000,20.469485,1.399802,1.943097,-10.959499,1
2024-08-20,sz.000989,6.4673626000,6.4673626000,6.2839597800,6.3032653400,6.4673626000,4620600,30439891.0000,2,0.665800,1,-2.537300,19.950110,1.364284,1.893795,-10.681422,1
2024-08-21,sz.000989,6.3129181200,6.3129181200,6.2550014400,6.2646542200,6.3032653400,2436350,15844788.5000,2,0.351000,1,-0.612600,19.827904,1.355927,1.882194,-10.615992,1
2024-08-22,sz.000989,6.2550014400,6.3032653400,6.2356958800,6.2550014400,6.2646542200,2532900,16465318.0000,2,0.365000,1,-0.154100,19.797352,1.353838,1.879294,-10.599635,1
2024-08-23,sz.000989,6.2453486600,6.2550014400,6.0329875000,6.1295153000,6.2550014400,4630359,29334433.0300,2,0.667200,1,-2.006200,19.400183,1.326678,1.841592,-10.386988,1
2024-08-26,sz.000989,6.1198625200,6.2356958800,6.0909041800,6.2260431000,6.1295153000,2436766,15561113.3700,2,0.351100,1,1.574800,19.705698,1.347570,1.870594,-10.550562,1
2024-08-27,sz.000989,6.2067375400,6.4287514800,6.1584736400,6.3804875800,6.2260431000,5249636,34270608.1400,2,0.756300,1,2.480600,20.194522,1.380998,1.916996,-10.812282,1
2024-08-28,sz.000989,6.3129181200,6.3611820200,6.0909041800,6.2743070000,6.3804875800,5244305,34000655.8500,2,0.755500,1,-1.664100,21.637456,1.486228,1.971840,-15.989610,1
2024-08-29,sz.000989,6.2356958800,6.3611820200,6.2067375400,6.3418764600,6.2743070000,3261153,21288099.8000,2,0.469800,1,1.076900,21.870475,1.502233,1.993076,-16.161806,1
2024-08-30,sz.000989,6.3032653400,6.4963209400,6.3032653400,6.4190987000,6.3418764600,4828012,32137209.2000,2,0.695500,1,1.217700,22.136782,1.520525,2.017344,-16.358601,1
2024-09-02,sz.000989,6.4673626000,6.4673626000,6.3225709000,6.3225709000,6.4190987000,3120550,20624961.5000,2,0.449500,1,-1.503800,21.803898,1.497660,1.987008,-16.112607,1
2024-09-03,sz.000989,6.3225709000,6.4094459200,6.3129181200,6.3901403600,6.3225709000,3016836,19908778.1700,2,0.434600,1,1.068700,22.036917,1.513666,2.008244,-16.284803,1
2024-09-04,sz.000989,6.3708348000,6.3997931400,6.3129181200,6.3322236800,6.3901403600,3045180,20028549.8100,2,0.438700,1,-0.906300,21.837186,1.499947,1.990042,-16.137207,1
2024-09-05,sz.000989,6.3322236800,6.3804875800,6.3322236800,6.3611820200,6.3322236800,1837375,12092397.3500,2,0.264700,1,0.457300,21.937051,1.506806,1.999143,-16.211005,1
2024-09-06,sz.000989,6.3804875800,6.3804875800,6.2936125600,6.3032653400,6.3611820200,2369260,15552364.2000,2,0.341300,1,-0.910500,21.737321,1.493087,1.980941,-16.063408,1
2024-09-09,sz.000989,6.3032653400,6.3515292400,6.2646542200,6.2743070000,6.3032653400,1812601,11822088.5000,2,0.261100,1,-0.459400,21.637456,1.486228,1.971840,-15.989610,1
2024-09-10,sz.000989,6.2743070000,6.2839597800,6.1681264200,6.2550014400,6.2743070000,2588700,16665243.0000,2,0.372900,1,-0.307700,21.570879,1.481655,1.965773,-15.940411,1
2024-09-11,sz.000989,6.2260431000,6.2260431000,6.1681264200,6.1777792000,6.2550014400,2007135,12874852.0500,2,0.289100,1,-1.234600,21.304572,1.463363,1.941504,-15.743616,1
2024-09-12,sz.000989,6.1584736400,6.2453486600,6.1584736400,6.1874319800,6.1777792000,1722580,11082415.8000,2,0.248200,1,0.156300,21.337860,1.465649,1.944538,-15.768216,1
2024-09-13,sz.000989,6.1874319800,6.2067375400,6.1198625200,6.1198625200,6.1874319800,1866075,11899374.2900,2,0.268800,1,-1.092000,21.104842,1.449644,1.923303,-15.596020,1
2024-09-18,sz.000989,6.1295153000,6.1584736400,6.0426402800,6.0909041800,6.1198625200,1910575,12070401.2500,2,0.275200,1,-0.473200,21.004976,1.442784,1.914202,-15.522222,1
2024-09-19,sz.000989,6.1584736400,6.2356958800,6.1005569600,6.2067375400,6.0909041800,2664991,17039701.6500,2,0.383900,1,1.901700,21.404437,1.470222,1.950605,-15.817414,1
2024-09-20,sz.000989,6.2067375400,6.2067375400,6.1391680800,6.1681264200,6.2067375400,1894365,12107857.3500,2,0.272900,1,-0.622100,21.271283,1.461076,1.938471,-15.719017,1
2024-09-23,sz.000989,6.1777792000,6.2067375400,6.1681264200,6.1681264200,6.1681264200,1853060,11870582.6000,2,0.267000,1,0.000000,21.271283,1.461076,1.938471,-15.719017,1
2024-09-24,sz.000989,6.1874319800,6.3418764600,6.1681264200,6.3225709000,6.1681264200,5147614,33450368.2000,2,0.741600,1,2.503900,21.803898,1.497660,1.987008,-16.112607,1
2024-09-25,sz.000989,6.3611820200,6.4770153800,6.3418764600,6.3708348000,6.3225709000,7103080,47210769.8700,2,1.023300,1,0.763400,21.970340,1.509093,2.002176,-16.235604,1
2024-09-26,sz.000989,6.3611820200,6.4963209400,6.3418764600,6.4963209400,6.3708348000,8150366,54315143.1300,2,1.174100,1,1.969700,22.403089,1.538817,2.041613,-16.555396,1
2024-09-27,sz.000989,6.6121543000,6.7955571200,6.5156265000,6.7376404400,6.4963209400,13513160,93148677.5500,2,1.946700,1,3.714700,23.235299,1.595980,2.117453,-17.170381,1
2024-09-30,sz.000989,6.9403488200,7.0754877400,6.7859043400,7.0754877400,6.7376404400,34463564,249285921.3500,2,4.964800,1,5.014300,24.400392,1.676008,2.223629,-18.031360,1
2024-10-08,sz.000989,7.4326406000,7.4326406000,6.9210432600,7.1527099800,7.0754877400,45314400,338441231.4300,2,6.528000,1,1.091400,24.666700,1.694300,2.247898,-18.228156,1
2024-10-09,sz.000989,7.0272238400,7.0368766200,6.7955571200,6.7955571200,7.1527099800,25618234,182114329.9500,2,3.690600,1,-4.993300,23.435029,1.609699,2.135655,-17.317978,1
2024-10-10,sz.000989,6.7569460000,6.8631265800,6.5928487400,6.8245154600,6.7955571200,17330308,121352920.5700,2,2.496600,1,0.426100,23.534894,1.616558,2.144756,-17.391776,1
2024-10-11,sz.000989,6.7762515600,6.8631265800,6.6604182000,6.7762515600,6.8245154600,12665655,88680855.0600,2,1.824600,1,-0.707200,23.368452,1.605126,2.129588,-17.268779,1
2024-10-14,sz.000989,6.7859043400,6.8052099000,6.6893765400,6.7955571200,6.7762515600,8753071,61290709.3800,2,1.261000,1,0.284900,23.435029,1.609699,2.135655,-17.317978,1
2024-10-15,sz.000989,6.7569460000,6.7762515600,6.7183348800,6.7279876600,6.7955571200,6093665,42598239.3500,2,0.877900,1,-0.994300,23.202010,1.593693,2.114420,-17.145782,1
2024-10-16,sz.000989,6.6893765400,6.7376404400,6.6700709800,6.6990293200,6.7279876600,5351700,37193874.0000,2,0.771000,1,-0.430400,23.102145,1.586834,2.105319,-17.071984,1
2024-10-17,sz.000989,6.7183348800,6.7376404400,6.6604182000,6.6797237600,6.6990293200,5164700,35840728.0000,2,0.744000,1,-0.288200,23.035568,1.582261,2.099252,-17.022785,1
2024-10-18,sz.000989,6.6604182000,6.7859043400,6.6218070800,6.7762515600,6.6797237600,10056619,69998012.9500,2,1.448800,1,1.445100,23.368452,1.605126,2.129588,-17.268779,1
2024-10-21,sz.000989,6.7472932200,6.7472932200,6.6990293200,6.7376404400,6.7762515600,8306690,57878522.1800,2,1.196700,1,-0.569800,23.235299,1.595980,2.117453,-17.170381,1
2024-10-22,sz.000989,6.7279876600,6.9693071600,6.7183348800,6.8631265800,6.7376404400,12767537,90641528.1200,2,1.839300,1,1.862500,23.668048,1.625704,2.156890,-17.490174,1
2024-10-23,sz.000989,6.8631265800,6.9017377000,6.8245154600,6.8824321400,6.8631265800,8844056,62994699.1400,2,1.274100,1,0.281300,23.734625,1.630277,2.162957,-17.539372,1
2024-10-24,sz.000989,6.8727793600,6.9500016000,6.8534738000,6.9113904800,6.8824321400,12139362,86950590.5200,2,1.748800,1,0.420800,23.834490,1.637137,2.172058,-17.613171,1
2024-10-25,sz.000989,6.9113904800,6.9693071600,6.8727793600,6.9500016000,6.9113904800,8924367,64016454.1400,2,1.285600,1,0.558700,23.967643,1.646283,2.184192,-17.711568,1
2024-10-28,sz.000989,6.9403488200,7.1527099800,6.9306960400,7.1140988600,6.9500016000,13663016,99697860.9600,2,1.968300,1,2.361100,24.533546,1.685154,2.235764,-18.129758,1
2024-10-29,sz.000989,7.0947933000,7.1237516400,6.9306960400,6.9306960400,7.1140988600,12095979,87822512.8500,2,1.742600,1,-2.578000,23.901067,1.641710,2.178125,-17.662369,1
2024-10-30,sz.000989,6.9017377000,6.9982655000,6.8727793600,6.9500016000,6.9306960400,9354318,67249268.0700,2,1.347600,1,0.278600,24.752144,1.630715,2.321794,-30.543026,1
2024-10-31,sz.000989,6.9500016000,7.0851405200,6.9306960400,7.0561821800,6.9500016000,10289123,74909132.3700,2,1.482300,1,1.527800,25.130302,1.655628,2.357266,-31.009656,1
2024-11-01,sz.000989,7.0272238400,7.1140988600,6.9596543800,7.0175710600,7.0561821800,11449588,83384635.8400,2,1.649400,1,-0.547200,24.992790,1.646569,2.344367,-30.839973,1
2024-11-04,sz.000989,7.1430572000,7.2588905600,7.0947933000,7.1913211000,7.0175710600,11507248,85639901.2200,2,1.657700,1,2.475900,25.611594,1.687337,2.402412,-31.603548,1
2024-11-05,sz.000989,7.1527099800,7.2492377800,7.1430572000,7.2395850000,7.1913211000,13103779,97912767.2000,2,1.887700,1,0.671100,25.783484,1.698661,2.418535,-31.815653,1
2024-11-06,sz.000989,7.2299322200,7.2781961200,7.1720155400,7.2106266600,7.2395850000,11751468,88043429.6800,2,1.692900,1,-0.400000,25.680350,1.691867,2.408861,-31.688390,1
2024-11-07,sz.000989,7.2202794400,7.4036822600,7.2202794400,7.3940294800,7.2106266600,15042746,114442593.7600,2,2.167100,1,2.543500,26.333531,1.734899,2.470131,-32.494387,1
2024-11-08,sz.000989,7.4422933800,7.4809045000,7.2878489000,7.2975016800,7.3940294800,13840550,105590785.8000,2,1.993900,1,-1.305500,25.989751,1.712250,2.437884,-32.070178,1
2024-11-11,sz.000989,7.2685433400,7.3264600200,7.1913211000,7.3264600200,7.2975016800,11679774,87656310.2700,2,1.682600,1,0.396800,26.092885,1.719045,2.447558,-32.197440,1
2024-11-12,sz.000989,7.6932656600,7.6932656600,7.6932656600,7.6932656600,7.3264600200,2936295,23402271.1500,2,0.423000,1,5.006600,27.399249,1.805111,2.570097,-33.809433,1
2024-11-13,sz.000989,8.0793768600,8.0793768600,8.0793768600,8.0793768600,7.6932656600,1440554,12057436.9800,2,0.207500,1,5.018800,28.774368,1.895706,2.699085,-35.506268,1
2024-11-14,sz.000989,8.4847936200,8.4847936200,8.4847936200,8.4847936200,8.0793768600,2176317,19129826.4300,2,0.313500,1,5.017900,30.218243,1.990831,2.834523,-37.287945,1
2024-11-15,sz.000989,8.4944464000,8.5234047400,8.0600713000,8.0600713000,8.4847936200,46595006,395089417.2200,2,6.712500,1,-5.005700,28.705612,1.891176,2.692636,-35.421427,1
2024-11-18,sz.000989,7.8090990200,7.8959740400,7.6546545400,7.6546545400,8.0600713000,21508600,171690276.3700,2,3.098500,1,-5.029900,27.261737,1.796051,2.557198,-33.639750,1
2024-11-19,sz.000989,7.5967378600,7.6256962000,7.3650711400,7.5291684000,7.6546545400,18606865,144198611.5000,2,2.680500,1,-1.639300,26.814823,1.766608,2.515277,-33.088279,1
2024-11-20,sz.000989,7.5002100600,7.6836128800,7.4712517200,7.6160434200,7.5291684000,15124837,119107464.1100,2,2.178900,1,1.153800,27.124225,1.786992,2.544299,-33.470067,1
2024-11-21,sz.000989,7.6063906400,7.6160434200,7.4905572800,7.5388211800,7.6160434200,11322150,88344775.5000,2,1.631100,1,-1.013900,26.849201,1.768872,2.518501,-33.130700,1
2024-11-22,sz.000989,7.5388211800,7.6932656600,7.4133350400,7.4133350400,7.5388211800,15574486,121853733.4800,2,2.243700,1,-1.664500,26.402287,1.739429,2.476580,-32.579228,1
2024-11-25,sz.000989,7.4229878200,7.4712517200,7.3168072400,7.3940294800,7.4133350400,9623002,73563322.4400,2,1.386300,1,-0.260400,26.333531,1.734899,2.470131,-32.494387,1
2024-11-26,sz.000989,7.3843767000,7.4615989400,7.2395850000,7.2685433400,7.3940294800,11140586,84814709.6500,2,1.604900,1,-1.697100,25.886618,1.705456,2.428209,-31.942915,1
2024-11-27,sz.000989,7.2492377800,7.2588905600,7.0561821800,7.2492377800,7.2685433400,11557427,85602917.4000,2,1.665000,1,-0.265600,25.817862,1.700926,2.421760,-31.858073,1
2024-11-28,sz.000989,7.2202794400,7.3554183600,7.1913211000,7.2781961200,7.2492377800,10823781,81739505.3600,2,1.559300,1,0.399500,25.920995,1.707721,2.431434,-31.985336,1
2024-11-29,sz.000989,7.2685433400,7.4036822600,7.2395850000,7.3554183600,7.2781961200,9132232,69315820.1600,2,1.315600,1,1.061000,26.196019,1.725840,2.457232,-32.324703,1
2024-12-02,sz.000989,7.3554183600,7.4809045000,7.3071544600,7.4712517200,7.3554183600,10508435,80768978.3000,2,1.513800,1,1.574800,26.608555,1.753018,2.495928,-32.833753,1
2024-12-03,sz.000989,7.4229878200,7.4519461600,7.3747239200,7.4229878200,7.4712517200,8447914,64921626.0000,2,1.217000,1,-0.646000,26.436665,1.741694,2.479805,-32.621649,1
2024-12-04,sz.000989,7.4133350400,7.4133350400,7.2492377800,7.2685433400,7.4229878200,10030768,76169231.0400,2,1.445000,1,-2.080600,25.886618,1.705456,2.428209,-31.942915,1
2024-12-05,sz.000989,7.2492377800,7.3843767000,7.2492377800,7.3650711400,7.2685433400,6674116,50618252.5500,2,0.961500,1,1.328000,26.230397,1.728105,2.460457,-32.367124,1
2024-12-06,sz.000989,7.3554183600,7.4422933800,7.3361128000,7.4422933800,7.3650711400,7713596,59125712.3000,2,1.111200,1,1.048500,26.505421,1.746224,2.486254,-32.706491,1
2024-12-09,sz.000989,7.4422933800,7.5581267400,7.4229878200,7.4615989400,7.4422933800,11917500,92510238.0000,2,1.716800,1,0.259400,26.574177,1.750753,2.492704,-32.791333,1
2024-12-10,sz.000989,7.5870850800,7.6739601000,7.4615989400,7.4615989400,7.4615989400,11934515,92889355.9000,2,1.719300,1,0.000000,26.574177,1.750753,2.492704,-32.791333,1
2024-12-11,sz.000989,7.4326406000,7.5677795200,7.4133350400,7.5677795200,7.4615989400,10909966,84829880.6900,2,1.571700,1,1.423000,26.952335,1.775667,2.528176,-33.257962,1
2024-12-12,sz.000989,7.5677795200,7.7318767800,7.5581267400,7.7029184400,7.5677795200,13536792,107232319.3700,2,1.950100,1,1.785700,27.433627,1.807375,2.573321,-33.851854,1
2024-12-13,sz.000989,7.6739601000,7.6836128800,7.5388211800,7.5581267400,7.7029184400,10255200,80749112.0000,2,1.477400,1,-1.879700,26.917957,1.773402,2.524951,-33.215541,1
2024-12-16,sz.000989,7.5581267400,7.6836128800,7.5581267400,7.6450017600,7.5581267400,9213771,72884204.2400,2,1.327300,1,1.149400,27.227359,1.793786,2.553973,-33.597329,1
2024-12-17,sz.000989,7.6450017600,7.6450017600,7.2975016800,7.3264600200,7.6450017600,13971812,107669339.9400,2,2.012800,1,-4.166700,26.092885,1.719045,2.447558,-32.197440,1
2024-12-18,sz.000989,7.3361128000,7.4229878200,7.3168072400,7.3554183600,7.3264600200,6465173,49325389.7600,2,0.931400,1,0.395300,26.196019,1.725840,2.457232,-32.324703,1
2024-12-19,sz.000989,7.2975016800,7.3940294800,7.2588905600,7.3554183600,7.3554183600,5810254,44004090.4000,2,0.837000,1,0.000000,26.196019,1.725840,2.457232,-32.324703,1
2024-12-20,sz.000989,7.4422933800,7.5677795200,7.4133350400,7.5388211800,7.3554183600,8603575,66817764.7500,2,1.239400,1,2.493400,26.849201,1.768872,2.518501,-33.130700,1
2024-12-23,sz.000989,7.5484739600,7.6160434200,7.4519461600,7.4712517200,7.5388211800,9821555,76629864.6000,2,1.414900,1,-0.896300,26.608555,1.753018,2.495928,-32.833753,1
2024-12-24,sz.000989,7.4809045000,7.5098628400,7.4326406000,7.5002100600,7.4712517200,6365301,49263762.7700,2,0.917000,1,0.387600,26.711689,1.759813,2.505603,-32.961016,1
2024-12-25,sz.000989,7.5195156200,7.5195156200,7.2975016800,7.3457655800,7.5002100600,8561001,65368069.5900,2,1.233300,1,-2.059200,26.161641,1.723575,2.454007,-32.282282,1
2024-12-26,sz.000989,7.3940294800,7.4519461600,7.3554183600,7.4422933800,7.3457655800,5538115,42522729.5000,2,0.797800,1,1.314100,26.505421,1.746224,2.486254,-32.706491,1
2024-12-27,sz.000989,7.4615989400,7.5774323000,7.4519461600,7.5774323000,7.4422933800,7683585,59964517.6200,2,1.106900,1,1.815800,26.986713,1.777932,2.531400,-33.300383,1
2024-12-30,sz.000989,7.5388211800,7.7222240000,7.4809045000,7.6643073200,7.5774323000,11398111,90073207.4600,2,1.642000,1,1.146500,27.296115,1.798316,2.560423,-33.682171,1
2024-12-31,sz.000989,7.6450017600,7.7029184400,7.5581267400,7.6836128800,7.6643073200,11745882,92987280.4100,2,1.692100,1,0.251900,27.364871,1.802846,2.566872,-33.767013,1
2025-01-02,sz.000989,7.7511823400,7.8090990200,7.5677795200,7.6160434200,7.6836128800,14390804,114631183.4100,2,2.073100,1,-0.879400,27.124225,1.786992,2.544299,-33.470067,1
2025-01-03,sz.000989,7.6256962000,7.6450017600,7.4422933800,7.4809045000,7.6160434200,10264464,80233897.3000,2,1.478700,1,-1.774400,26.642933,1.755283,2.499153,-32.876174,1
2025-01-06,sz.000989,7.4712517200,7.5388211800,7.3650711400,7.4712517200,7.4809045000,6822155,52789513.5700,2,0.982800,1,-0.129000,26.608555,1.753018,2.495928,-32.833753,1
2025-01-07,sz.000989,7.4326406000,7.4905572800,7.2202794400,7.4036822600,7.4712517200,10923613,83221718.6700,2,1.573700,1,-0.904400,26.367909,1.737164,2.473355,-32.536807,1
2025-01-08,sz.000989,7.4036822600,7.4036822600,7.2106266600,7.3457655800,7.4036822600,7244705,54775732.9500,2,1.043700,1,-0.782300,26.161641,1.723575,2.454007,-32.282282,1
2025-01-09,sz.000989,7.2878489000,7.3554183600,7.2588905600,7.2975016800,7.3457655800,4740160,35869203.4000,2,0.682900,1,-0.657000,25.989751,1.712250,2.437884,-32.070178,1
2025-01-10,sz.000989,7.2878489000,7.3168072400,7.2106266600,7.2202794400,7.2975016800,4869600,36578153.0000,2,0.701500,1,-1.058200,25.714728,1.694131,2.412086,-31.730811,1
2025-01-13,sz.000989,7.1816683200,7.2106266600,7.1044460800,7.2106266600,7.2202794400,4257619,31566777.1300,2,0.613400,1,-0.133700,25.680350,1.691867,2.408861,-31.688390,1
2025-01-14,sz.000989,7.3168072400,7.4229878200,7.2685433400,7.4133350400,7.2106266600,6079930,46373454.0000,2,0.875900,1,2.811200,26.402287,1.739429,2.476580,-32.579228,1
2025-01-15,sz.000989,7.3843767000,7.4133350400,7.3457655800,7.3650711400,7.4133350400,3781050,28894321.0000,2,0.544700,1,-0.651000,26.230397,1.728105,2.460457,-32.367124,1
2025-01-16,sz.000989,7.4036822600,7.4422933800,7.3650711400,7.4133350400,7.3650711400,4117400,31590290.0000,2,0.593200,1,0.655300,26.402287,1.739429,2.476580,-32.579228,1
2025-01-17,sz.000989,7.3843767000,7.4326406000,7.3554183600,7.4326406000,7.4133350400,3520500,26981846.0000,2,0.507200,1,0.260400,26.471043,1.743959,2.483029,-32.664070,1
2025-01-20,sz.000989,7.4519461600,7.5098628400,7.4133350400,7.4712517200,7.4326406000,4112390,31825021.3000,2,0.592400,1,0.519500,26.608555,1.753018,2.495928,-32.833753,1
2025-01-21,sz.000989,7.4809045000,7.4905572800,7.3843767000,7.4326406000,7.4712517200,3979195,30622767.7000,2,0.573200,1,-0.516800,26.471043,1.743959,2.483029,-32.664070,1
2025-01-22,sz.000989,7.4133350400,7.5677795200,7.3940294800,7.5677795200,7.4326406000,5777112,44746669.5600,2,0.832300,1,1.818200,26.952335,1.775667,2.528176,-33.257962,1
2025-01-23,sz.000989,7.5581267400,7.6836128800,7.5291684000,7.6063906400,7.5677795200,9115145,71883093.4000,2,1.313100,1,0.510200,27.089847,1.784727,2.541074,-33.427646,1
2025-01-24,sz.000989,7.5967378600,7.6546545400,7.5774323000,7.6353489800,7.6063906400,5381172,42479134.5200,2,0.775200,1,0.380700,27.192981,1.791521,2.550748,-33.554908,1
2025-01-27,sz.000989,7.6353489800,7.7608351200,7.6353489800,7.6836128800,7.6353489800,9086205,72517585.3600,2,1.309000,1,0.632100,27.364871,1.802846,2.566872,-33.767013,1
2025-02-05,sz.000989,7.7125712200,7.7222240000,7.5870850800,7.6353489800,7.6836128800,6646067,52581012.3300,2,0.957400,1,-0.628100,27.192981,1.791521,2.550748,-33.554908,1
2025-02-06,sz.000989,7.6546545400,7.7704879000,7.6256962000,7.7415295600,7.6353489800,8152949,65213124.1600,2,1.174500,1,1.390600,27.571138,1.816435,2.586220,-34.021538,1
2025-02-07,sz.000989,7.7511823400,7.8284045800,7.7318767800,7.7608351200,7.7415295600,8571821,69115702.3200,2,1.234900,1,0.249400,27.639894,1.820965,2.592670,-34.106380,1
2025-02-10,sz.000989,7.7415295600,7.7704879000,7.7125712200,7.7608351200,7.7608351200,6565642,52602107.6700,2,0.945800,1,0.000000,27.639894,1.820965,2.592670,-34.106380,1
2025-02-11,sz.000989,7.7511823400,7.7608351200,7.6836128800,7.6932656600,7.7608351200,6184382,49362287.5400,2,0.890900,1,-0.870600,27.399249,1.805111,2.570097,-33.809433,1
2025-02-12,sz.000989,7.6932656600,7.7318767800,7.5774323000,7.7125712200,7.6932656600,7392226,58679218.6800,2,1.064900,1,0.250900,27.468005,1.809640,2.576546,-33.894275,1
2025-02-13,sz.000989,7.6932656600,7.7318767800,7.6450017600,7.6546545400,7.7125712200,5231150,41648263.0000,2,0.753600,1,-0.750900,27.261737,1.796051,2.557198,-33.639750,1
2025-02-14,sz.000989,7.6546545400,7.6932656600,7.6450017600,7.6546545400,7.6546545400,4071225,32323325.2500,2,0.586500,1,0.000000,27.261737,1.796051,2.557198,-33.639750,1
2025-02-17,sz.000989,7.6546545400,7.7029184400,7.6353489800,7.6836128800,7.6546545400,4282742,34029030.6300,2,0.617000,1,0.378300,27.364871,1.802846,2.566872,-33.767013,1
2025-02-18,sz.000989,7.6836128800,8.0697240800,7.6643073200,7.8380573600,7.6836128800,17010884,139482921.1400,2,2.450600,1,2.010100,27.914918,1.839084,2.618467,-34.445747,1
2025-02-19,sz.000989,7.8477101400,8.0697240800,7.8090990200,8.0600713000,7.8380573600,14376540,118931779.7700,2,2.071100,1,2.832500,28.705612,1.891176,2.692636,-35.421427,1
2025-02-20,sz.000989,8.0697240800,8.1083352000,7.9152796000,8.0118074000,8.0600713000,8397551,69603990.2700,2,1.209800,1,-0.598800,28.533722,1.879852,2.676512,-35.209322,1
2025-02-21,sz.000989,7.9828490600,8.1952102200,7.9442379400,8.0986824200,8.0118074000,11920582,100060318.6400,2,1.717300,1,1.084300,28.843124,1.900236,2.705535,-35.591110,1
2025-02-24,sz.000989,8.0890296400,8.2531269000,8.0407657400,8.0890296400,8.0986824200,9402539,79155985.5700,2,1.354500,1,-0.119200,28.808746,1.897971,2.702310,-35.548689,1
2025-02-25,sz.000989,8.0793768600,8.1952102200,7.9056268200,7.9635435000,8.0890296400,12136454,101270067.1500,2,1.748400,1,-1.551300,28.361832,1.868527,2.660389,-34.997218,1
2025-02-26,sz.000989,7.9152796000,8.0311129600,7.9152796000,7.9925018400,7.9635435000,7313650,60537009.7400,2,1.053600,1,0.363600,28.464966,1.875322,2.670063,-35.124480,1
2025-02-27,sz.000989,7.9925018400,8.1179879800,7.9731962800,8.0697240800,7.9925018400,6781585,56484967.0000,2,0.977000,1,0.966200,28.739990,1.893441,2.695861,-35.463847,1
2025-02-28,sz.000989,8.0600713000,8.1276407600,7.8766684800,7.9056268200,8.0697240800,11330903,93897231.8600,2,1.632300,1,-2.033500,28.155564,1.854938,2.641040,-34.742693,1
2025-03-03,sz.000989,7.9056268200,8.0021546200,7.8863212600,7.9442379400,7.9056268200,8730804,71934838.6500,2,1.257800,1,0.488400,28.293076,1.863997,2.653939,-34.912376,1
2025-03-04,sz.000989,7.9152796000,7.9635435000,7.8670157000,7.9635435000,7.9442379400,5917800,48497206.0000,2,0.852500,1,0.243000,28.361832,1.868527,2.660389,-34.997218,1
2025-03-05,sz.000989,7.9925018400,8.0118074000,7.8959740400,7.9249323800,7.9635435000,5194000,42643925.0000,2,0.748200,1,-0.484800,28.224320,1.859468,2.647490,-34.827534,1
2025-03-06,sz.000989,7.9345851600,7.9538907200,7.8959740400,7.9442379400,7.9249323800,5864705,48184785.8500,2,0.844900,1,0.243600,28.293076,1.863997,2.653939,-34.912376,1
2025-03-07,sz.000989,7.9345851600,8.1662518800,7.9152796000,8.0214601800,7.9442379400,8803665,73267066.8500,2,1.268300,1,0.972100,28.568100,1.882117,2.679737,-35.251743,1
2025-03-10,sz.000989,8.0311129600,8.1372935400,8.0118074000,8.0986824200,8.0214601800,6518040,54533586.3000,2,0.939000,1,0.962700,28.843124,1.900236,2.705535,-35.591110,1
2025-03-11,sz.000989,8.0504185200,8.1083352000,8.0118074000,8.1083352000,8.0986824200,5425795,45280479.2200,2,0.781600,1,0.119200,28.877502,1.902500,2.708759,-35.633531,1
2025-03-12,sz.000989,8.1565991000,8.2531269000,8.1179879800,8.1952102200,8.1083352000,9965736,84678012.9600,2,1.435700,1,1.071400,29.186903,1.922884,2.737782,-36.015319,1
2025-03-13,sz.000989,8.1759046600,8.2820852400,8.1662518800,8.2338213400,8.1952102200,8324619,70890179.7900,2,1.199200,1,0.471100,29.324415,1.931944,2.750681,-36.185002,1
2025-03-14,sz.000989,8.2434741200,8.3110435800,8.1759046600,8.2338213400,8.2338213400,12714524,108623460.4100,2,1.831700,1,0.000000,29.324415,1.931944,2.750681,-36.185002,1
2025-03-17,sz.000989,8.2531269000,8.3400019200,8.1276407600,8.3303491400,8.2338213400,12210830,104310200.0800,2,1.759100,1,1.172300,29.668195,1.954593,2.782928,-36.609211,1
2025-03-18,sz.000989,8.3303491400,8.5330575200,8.3013908000,8.4461825000,8.3303491400,15860768,138829714.3600,2,2.284900,1,1.390500,30.080731,1.981771,2.821624,-37.118261,1
2025-03-19,sz.000989,8.4268769400,8.5137519600,8.3400019200,8.3786130400,8.4461825000,11320830,98723715.2200,2,1.630900,1,-0.800000,29.840085,1.965917,2.799051,-36.821315,1
2025-03-20,sz.000989,8.3303491400,8.4944464000,8.3303491400,8.3979186000,8.3786130400,9161700,79873347.7500,2,1.319800,1,0.230400,29.908841,1.970447,2.805501,-36.906157,1
2025-03-21,sz.000989,8.5427103000,8.5716686400,8.3110435800,8.4075713800,8.3979186000,15182776,132932660.4500,2,2.187200,1,0.114900,29.943219,1.972712,2.808726,-36.948578,1
2025-03-24,sz.000989,8.3786130400,8.3882658200,7.9828490600,8.0214601800,8.4075713800,23812002,199932694.5300,2,3.430400,1,-4.592400,28.568100,1.882117,2.679737,-35.251743,1
2025-03-25,sz.000989,8.0311129600,8.2434741200,7.9731962800,8.1855574400,8.0214601800,13789283,116245332.9900,2,1.986500,1,2.045700,29.152525,1.920620,2.734557,-35.972898,1
2025-03-26,sz.000989,8.2048630000,8.2241685600,8.0793768600,8.1759046600,8.1855574400,10978715,92762775.0500,2,1.581600,1,-0.117900,29.118147,1.918355,2.731332,-35.930477,1
2025-03-27,sz.000989,8.2048630000,8.2048630000,8.0311129600,8.1662518800,8.1759046600,12935883,109039421.5100,2,1.863500,1,-0.118100,29.083769,1.916090,2.728108,-35.888056,1
2025-03-28,sz.000989,8.0118074000,8.0890296400,7.9442379400,8.0407657400,8.1662518800,17260877,143237468.9300,2,2.486600,1,-1.536600,32.978370,1.899705,3.006696,-89.310331,1
2025-03-31,sz.000989,8.0021546200,8.0890296400,7.8090990200,7.9731962800,8.0407657400,11128731,91871891.6400,2,1.603200,1,-0.840300,32.701241,1.883741,2.981430,-88.559824,1
2025-04-01,sz.000989,7.9538907200,8.0793768600,7.9442379400,8.0118074000,7.9731962800,10323535,85806004.4000,2,1.487200,1,0.484300,32.859600,1.892863,2.995867,-88.988685,1
2025-04-02,sz.000989,7.9828490600,8.0504185200,7.9538907200,8.0118074000,8.0118074000,7817800,64935345.6400,2,1.126200,1,0.000000,32.859600,1.892863,2.995867,-88.988685,1
2025-04-03,sz.000989,7.9442379400,8.0793768600,7.9345851600,8.0311129600,8.0118074000,9847121,81823132.6800,2,1.418600,1,0.241000,32.938780,1.897425,3.003086,-89.203116,1
2025-04-07,sz.000989,7.6450017600,7.7511823400,7.6256962000,7.6256962000,8.0311129600,11921800,94437857.0000,2,1.717500,1,-5.048100,31.276005,1.801641,2.851488,-84.700074,1
2025-04-08,sz.000989,7.3940294800,7.5098628400,7.2492377800,7.3361128000,7.6256962000,17503557,133054569.3300,2,2.521600,1,-3.797500,30.088309,1.733224,2.743204,-81.483615,1
2025-04-09,sz.000989,7.2395850000,7.4519461600,6.9693071600,7.4326406000,7.3361128000,14121424,106112467.8900,2,2.034300,1,1.315800,30.484208,1.756030,2.779299,-82.555768,1
2025-04-10,sz.000989,7.5002100600,7.7994462400,7.4422933800,7.6739601000,7.4326406000,15357546,121432452.9400,2,2.212400,1,3.246800,31.473955,1.813044,2.869536,-85.236150,1
2025-04-11,sz.000989,7.5967378600,7.8670157000,7.5774323000,7.8573629200,7.6739601000,10623200,84949315.0000,2,1.530400,1,2.389900,32.226162,1.856375,2.938116,-87.273241,1
2025-04-14,sz.000989,7.8766684800,8.0118074000,7.8284045800,7.9828490600,7.8573629200,8391535,68798832.9500,2,1.208900,1,1.597100,32.740831,1.886022,2.985039,-88.667039,1
2025-04-15,sz.000989,7.9731962800,8.1276407600,7.9442379400,8.0986824200,7.9828490600,11028946,91771810.0500,2,1.588800,1,1.451000,33.215909,1.913388,3.028353,-89.953623,1
2025-04-16,sz.000989,8.0793768600,8.1759046600,7.9925018400,8.1469463200,8.0986824200,11197988,93931898.6200,2,1.613200,1,0.595900,33.413859,1.924791,3.046400,-90.489699,1
2025-04-17,sz.000989,8.1952102200,8.5427103000,8.1565991000,8.4558352800,8.1469463200,22091000,192032532.4200,2,3.182400,1,3.791500,34.680735,1.997769,3.161903,-93.920588,1
2025-04-18,sz.000989,8.3206963600,8.4461825000,8.1565991000,8.4075713800,8.4558352800,17144033,147693574.1200,2,2.469800,1,-0.570800,34.482786,1.986366,3.143856,-93.384512,1
2025-04-21,sz.000989,8.3303491400,8.5330575200,8.2820852400,8.5137519600,8.4075713800,15627790,136404842.8000,2,2.251300,1,1.262900,34.918274,2.011453,3.183560,-94.563880,1
2025-04-22,sz.000989,8.2724324600,8.5813214200,8.2627796800,8.5137519600,8.5137519600,21179190,184975881.1500,2,3.051100,1,0.000000,34.918274,2.011453,3.183560,-94.563880,1
2025-04-23,sz.000989,8.4944464000,8.7840298000,8.4558352800,8.7454186800,8.5137519600,21855716,196092207.2700,2,3.148500,1,2.721100,35.868431,2.066186,3.270188,-97.137047,1
2025-04-24,sz.000989,8.6681964400,8.7454186800,8.5813214200,8.7261131200,8.7454186800,16839936,151055038.3400,2,2.426000,1,-0.220800,41.125460,1.999533,3.688909,-87.920874,1
2025-04-25,sz.000989,8.7068075600,8.8998631600,8.6971547800,8.8805576000,8.7261131200,16168659,147507795.1100,2,2.329300,1,1.769900,41.853344,2.034923,3.754199,-89.476995,1
2025-04-28,sz.000989,8.8612520400,8.9384742800,8.5137519600,8.5909742000,8.8805576000,20675685,187812535.0000,2,2.978500,1,-3.260900,40.488561,1.968567,3.631779,-86.559267,1
2025-04-29,sz.000989,8.4461825000,8.6681964400,8.4461825000,8.6199325400,8.5909742000,11063773,98457380.1400,2,1.593900,1,0.337100,40.625040,1.975203,3.644021,-86.851040,1
2025-04-30,sz.000989,8.7164603400,8.9577798400,8.6681964400,8.9481270600,8.6199325400,18203980,166837798.6000,2,2.622500,1,3.807400,42.171794,2.050406,3.782764,-90.157799,1
2025-05-06,sz.000989,8.9481270600,8.9481270600,8.9481270600,8.9481270600,8.9481270600,,,2,,0,,42.171794,2.050406,3.782764,-90.157799,1
2025-05-07,sz.000989,8.9481270600,8.9481270600,8.2724324600,8.3400019200,8.9481270600,64196573,570432597.2600,2,9.248200,1,-6.796100,39.305749,1.911058,3.525682,-84.030570,0
2025-05-08,sz.000989,8.4000000000,8.6500000000,8.3100000000,8.4400000000,8.3400000000,36770440,310340895.0900,2,5.297200,1,1.199000,38.395894,1.866821,3.444069,-82.085418,0
2025-05-09,sz.000989,8.3400000000,8.3800000000,8.0900000000,8.0900000000,8.4400000000,32607053,266479159.6600,2,4.697400,1,-4.146900,36.803647,1.789405,3.301247,-78.681401,0
2025-05-12,sz.000989,8.1300000000,8.1500000000,8.0200000000,8.1200000000,8.0900000000,18725516,151492268.3100,2,2.697600,1,0.370800,36.940126,1.796041,3.313489,-78.973174,0
2025-05-13,sz.000989,8.1300000000,8.5100000000,7.9800000000,8.3600000000,8.1200000000,38947596,320019400.6200,2,5.610800,1,2.955700,38.031952,1.849126,3.411424,-81.307357,0
2025-05-14,sz.000989,8.3700000000,8.9800000000,8.3700000000,8.6400000000,8.3600000000,49466220,430170149.9800,2,7.126100,1,3.349300,39.305749,1.911058,3.525682,-84.030570,0
2025-05-15,sz.000989,8.8100000000,9.5000000000,8.7300000000,9.1500000000,8.6400000000,83414019,762887785.0800,2,12.016700,1,5.902800,41.625880,2.023864,3.733796,-88.990707,0
2025-05-16,sz.000989,9.2000000000,9.2700000000,8.6900000000,8.9200000000,9.1500000000,56476041,501000275.1700,2,8.136000,1,-2.513700,40.579547,1.972991,3.639941,-86.753782,0
2025-05-19,sz.000989,9.3800000000,9.3800000000,8.6700000000,8.6800000000,8.9200000000,43255195,383810814.9500,2,6.231400,1,-2.690600,39.487720,1.919906,3.542005,-84.419600,0
2025-05-20,sz.000989,8.6500000000,8.9000000000,8.6500000000,8.7300000000,8.6800000000,28661544,251143038.4500,2,4.129000,1,0.576000,39.715184,1.930965,3.562408,-84.905888,0
2025-05-21,sz.000989,8.6700000000,8.7700000000,8.5000000000,8.5100000000,8.7300000000,28449532,244432666.9500,2,4.098500,1,-2.520000,38.714343,1.882304,3.472634,-82.766221,0
2025-05-22,sz.000989,8.5000000000,8.9500000000,8.4300000000,8.8400000000,8.5100000000,38735289,336324042.6800,2,5.580200,1,3.877800,40.215605,1.955296,3.607296,-85.975722,0
2025-05-23,sz.000989,8.8100000000,9.1900000000,8.8100000000,8.9600000000,8.8400000000,49606950,447800066.2400,2,7.146400,1,1.357500,40.761518,1.981838,3.656263,-87.142813,0
2025-05-26,sz.000989,8.7700000000,8.9000000000,8.4900000000,8.5300000000,8.9600000000,41733656,358620674.8800,2,6.012200,1,-4.799100,38.805329,1.886728,3.480795,-82.960736,0
2025-05-27,sz.000989,8.5400000000,8.6400000000,8.4000000000,8.4400000000,8.5300000000,22221112,188959517.4400,2,3.201200,1,-1.055100,38.395894,1.866821,3.444069,-82.085418,0
2025-05-28,sz.000989,8.4500000000,8.4800000000,8.3400000000,8.4500000000,8.4400000000,15326975,128987426.5500,2,2.208000,1,0.118500,38.441387,1.869033,3.448150,-82.182675,0
2025-05-29,sz.000989,8.4500000000,8.5700000000,8.3600000000,8.5200000000,8.4500000000,18782700,159294014.0000,2,2.705800,1,0.828400,38.759836,1.884516,3.476715,-82.863478,0
2025-05-30,sz.000989,8.4500000000,8.7800000000,8.4500000000,8.5000000000,8.5200000000,23670953,203876420.4900,2,3.410000,1,-0.234700,38.668851,1.880092,3.468553,-82.668963,0
2025-06-03,sz.000989,8.5000000000,9.3500000000,8.4400000000,9.3500000000,8.5000000000,62476161,559695188.5100,2,9.000300,1,10.000000,42.535736,2.068101,3.815409,-90.935859,0
2025-06-04,sz.000989,9.5700000000,10.2900000000,9.5500000000,10.2900000000,9.3500000000,87684128,889745111.9700,2,12.631800,1,10.053500,46.812056,2.276017,4.198990,-100.078074,0
2025-06-05,sz.000989,10.2800000000,10.4700000000,9.6800000000,9.8000000000,10.2900000000,126809305,1271153378.9500,2,18.268200,1,-4.761900,44.582910,2.167636,3.999038,-95.312452,0
2025-06-06,sz.000989,9.7800000000,9.9600000000,9.5600000000,9.6800000000,9.8000000000,60829006,590904698.1300,2,8.763100,1,-1.224500,44.036997,2.141093,3.950070,-94.145360,0
2025-06-09,sz.000989,9.6000000000,10.5800000000,9.6000000000,10.2400000000,9.6800000000,88108297,894781523.4300,2,12.692900,1,5.785100,46.584592,2.264958,4.178587,-99.591786,0
2025-06-10,sz.000989,10.1900000000,10.2400000000,9.8900000000,10.0000000000,10.2400000000,61739916,618819505.0600,2,8.894300,1,-2.343800,45.492765,2.211873,4.080651,-97.257604,0
2025-06-11,sz.000989,10.0000000000,10.1100000000,9.8600000000,9.9000000000,10.0000000000,32322753,321196436.9900,2,4.656400,1,-1.000000,45.037838,2.189754,4.039845,-96.285028,0
2025-06-12,sz.000989,9.8500000000,9.9500000000,9.7200000000,9.9500000000,9.9000000000,34889300,343745184.0000,2,5.026200,1,0.505100,45.265302,2.200814,4.060248,-96.771316,0
2025-06-13,sz.000989,9.9000000000,9.9600000000,9.2500000000,9.2600000000,9.9500000000,54948465,520468704.4900,2,7.915900,1,-6.934700,42.126301,2.048195,3.778683,-90.060541,0
2025-06-16,sz.000989,9.2200000000,9.4000000000,9.1400000000,9.2900000000,9.2600000000,21962945,203651934.0000,2,3.164000,1,0.324000,42.262779,2.054830,3.790925,-90.352314,0
2025-06-17,sz.000989,9.3500000000,9.5000000000,9.0800000000,9.1200000000,9.2900000000,29897571,277188674.2000,2,4.307100,1,-1.829900,41.489402,2.017228,3.721554,-88.698935,0
2025-06-18,sz.000989,9.0700000000,9.1100000000,8.8700000000,8.8900000000,9.1200000000,24061302,215182261.7800,2,3.466300,1,-2.521900,40.443069,1.966355,3.627699,-86.462010,0
2025-06-19,sz.000989,8.8600000000,8.9500000000,8.7300000000,8.7400000000,8.8900000000,14789700,130412549.0000,2,2.130600,1,-1.687300,39.760677,1.933177,3.566489,-85.003146,0
2025-06-20,sz.000989,8.7400000000,8.8600000000,8.7400000000,8.8200000000,8.7400000000,13402372,118092979.9500,2,1.930800,1,0.915300,40.124619,1.950872,3.599134,-85.781206,0
2025-06-23,sz.000989,8.7900000000,8.9200000000,8.6800000000,8.9200000000,8.8200000000,17905052,158069129.3100,2,2.579400,1,1.133800,40.579547,1.972991,3.639941,-86.753782,0
2025-06-24,sz.000989,9.0000000000,9.0200000000,8.9200000000,8.9800000000,8.9200000000,20310876,182149164.3100,2,2.926000,1,0.672600,40.852503,1.986262,3.664425,-87.337328,0
2025-06-25,sz.000989,8.9500000000,9.0100000000,8.8900000000,9.0000000000,8.9800000000,17105201,153251374.9800,2,2.464200,1,0.222700,40.943489,1.990686,3.672586,-87.531843,0
2025-06-26,sz.000989,9.0000000000,9.0900000000,8.8200000000,8.9400000000,9.0000000000,18778322,167896327.0800,2,2.705200,1,-0.666700,40.670532,1.977415,3.648102,-86.948298,0
2025-06-27,sz.000989,8.9100000000,9.0400000000,8.9100000000,8.9500000000,8.9400000000,15716645,141245225.5700,2,2.264100,1,0.111900,40.716025,1.979626,3.652183,-87.045555,0
2025-06-30,sz.000989,8.9300000000,8.9700000000,8.9100000000,8.9700000000,8.9500000000,12403500,110923689.0000,2,1.786900,1,0.223500,40.807011,1.984050,3.660344,-87.240071,0
2025-07-01,sz.000989,9.0000000000,9.1600000000,8.9400000000,9.1300000000,8.9700000000,22973715,208232387.0600,2,3.309600,1,1.783700,41.534895,2.019440,3.725634,-88.796192,0
2025-07-02,sz.000989,9.2300000000,9.2300000000,9.0200000000,9.0500000000,9.1300000000,20187720,184048866.9300,2,2.908300,1,-0.876200,41.170953,2.001745,3.692989,-88.018131,0
2025-07-03,sz.000989,9.0800000000,9.9600000000,9.0500000000,9.9600000000,9.0500000000,52882593,517578224.4400,2,7.618300,1,10.055200,45.310794,2.203026,4.064328,-96.868573,0
2025-07-04,sz.000989,10.1300000000,10.9200000000,10.0000000000,10.2400000000,9.9600000000,164946257,1712004455.0300,2,23.762200,1,2.811200,46.584592,2.264958,4.178587,-99.591786,0
2025-07-07,sz.000989,10.2000000000,10.3500000000,9.8400000000,10.1200000000,10.2400000000,95527375,963932486.5600,2,13.761700,1,-1.171900,46.038679,2.238416,4.129619,-98.424695,0
2025-07-08,sz.000989,10.0500000000,10.3400000000,9.9100000000,10.0000000000,10.1200000000,60343493,606768132.6900,2,8.693100,1,-1.185800,45.492765,2.211873,4.080651,-97.257604,0
2025-07-09,sz.000989,10.1300000000,11.0000000000,10.0200000000,11.0000000000,10.0000000000,94915679,1005954672.4800,2,13.673600,1,10.000000,50.042042,2.433060,4.488716,-106.983364,0
2025-07-10,sz.000989,11.0000000000,12.1000000000,10.4100000000,11.6600000000,11.0000000000,188638997,2115853027.1300,2,27.175400,1,6.000000,53.044565,2.579044,4.758039,-113.402366,0
2025-07-11,sz.000989,11.6600000000,12.4000000000,11.3000000000,11.8000000000,11.6600000000,144790452,1726352168.2300,2,20.858600,1,1.200700,53.681463,2.610010,4.815168,-114.763972,0
2025-07-14,sz.000989,11.8000000000,12.1900000000,11.3200000000,11.5100000000,11.8000000000,99437221,1159946220.9000,2,14.325000,1,-2.457600,52.362173,2.545866,4.696829,-111.943502,0
2025-07-15,sz.000989,11.6500000000,11.9300000000,10.9900000000,11.0900000000,11.5100000000,108597306,1235694902.8700,2,15.644600,1,-3.649000,50.451477,2.452967,4.525442,-107.858682,0
2025-07-16,sz.000989,11.0900000000,11.4300000000,10.8200000000,11.4100000000,11.0900000000,81240673,903295977.8000,2,11.703600,1,2.885500,51.907245,2.523747,4.656023,-110.970926,0
2025-07-17,sz.000989,11.2100000000,12.2800000000,11.2100000000,11.9100000000,11.4100000000,89017315,1052526315.4500,2,12.823900,1,4.382100,54.181884,2.634341,4.860055,-115.833806,0
2025-07-18,sz.000989,11.7000000000,12.1400000000,11.4500000000,12.0900000000,11.9100000000,68877369,809526732.7600,2,9.922500,1,1.511300,55.000753,2.674155,4.933507,-117.584443,0
2025-07-21,sz.000989,11.9200000000,12.8800000000,11.9100000000,12.3000000000,12.0900000000,67616630,837168817.6000,2,9.740900,1,1.737000,55.956102,2.720604,5.019201,-119.626853,0
2025-07-22,sz.000989,12.3000000000,13.3000000000,12.3000000000,12.6200000000,12.3000000000,85440865,1094806507.3500,2,12.308600,1,2.601600,57.411870,2.791384,5.149782,-122.739096,0
2025-07-23,sz.000989,12.2100000000,12.5600000000,11.9000000000,11.9800000000,12.6200000000,72241105,877618268.4600,2,10.407100,1,-5.071300,54.500333,2.649824,4.888620,-116.514609,0
2025-07-24,sz.000989,11.9300000000,12.1000000000,11.7200000000,11.8400000000,11.9800000000,44012952,522195809.6200,2,6.340500,1,-1.168600,53.863434,2.618858,4.831491,-115.153003,0
2025-07-25,sz.000989,11.8600000000,11.8800000000,11.5500000000,11.5800000000,11.8400000000,35977755,419362712.7500,2,5.183000,1,-2.195900,52.680622,2.561349,4.725394,-112.624305,0
2025-07-28,sz.000989,11.7000000000,11.9500000000,11.3800000000,11.4900000000,11.5800000000,41971953,486172668.6300,2,6.046500,1,-0.777200,52.271188,2.541442,4.688668,-111.748987,0
2025-07-29,sz.000989,11.4400000000,11.9500000000,11.2800000000,11.8300000000,11.4900000000,55257035,646965471.6500,2,7.960300,1,2.959100,53.817942,2.616646,4.827410,-115.055745,0
2025-07-30,sz.000989,11.7000000000,11.8400000000,11.3500000000,11.3900000000,11.8300000000,40790353,472898084.9400,2,5.876300,1,-3.719400,51.816260,2.519323,4.647862,-110.776411,0
2025-07-31,sz.000989,11.3800000000,11.6500000000,11.3000000000,11.4200000000,11.3900000000,31649635,362300559.9000,2,4.559500,1,0.263400,51.952738,2.525959,4.660103,-111.068183,0
2025-08-01,sz.000989,11.3800000000,11.8800000000,11.2200000000,11.6300000000,11.4200000000,46742918,543605440.2100,2,6.733800,1,1.838900,52.908086,2.572408,4.745797,-113.110593,0
2025-08-04,sz.000989,11.5100000000,11.7800000000,11.0300000000,11.5700000000,11.6300000000,37370301,424902800.0200,2,5.383600,1,-0.515900,52.635130,2.559137,4.721313,-112.527047,0
2025-08-05,sz.000989,11.5600000000,11.8700000000,11.4400000000,11.6400000000,11.5700000000,31180800,362310843.0000,2,4.491900,1,0.605000,52.953579,2.574620,4.749878,-113.207851,0
2025-08-06,sz.000989,11.6300000000,11.6500000000,11.1800000000,11.4300000000,11.6400000000,38562802,437856943.2200,2,5.555400,1,-1.804100,51.998231,2.528171,4.664184,-111.165441,0
2025-08-07,sz.000989,11.3600000000,11.5900000000,11.2200000000,11.3600000000,11.4300000000,30730150,349572354.5000,2,4.427000,1,-0.612400,51.679782,2.512688,4.635620,-110.484638,0
2025-08-08,sz.000989,11.3000000000,11.9200000000,11.2800000000,11.6200000000,11.3600000000,50430427,585898816.6100,2,7.265000,1,2.288700,52.862593,2.570197,4.741717,-113.013335,0
2025-08-11,sz.000989,11.5400000000,11.6300000000,11.1400000000,11.2500000000,11.6200000000,51590997,582797310.9200,2,7.432200,1,-3.184200,51.179361,2.488357,4.590732,-109.414804,0
2025-08-12,sz.000989,11.2100000000,11.2800000000,10.9500000000,11.0700000000,11.2500000000,35023791,388640577.4400,2,5.045500,1,-1.600000,50.360491,2.448544,4.517281,-107.664167,0
2025-08-13,sz.000989,11.0700000000,11.2000000000,10.9900000000,11.1300000000,11.0700000000,24763623,274415762.6300,2,3.567500,1,0.542000,50.633448,2.461815,4.541765,-108.247713,0
2025-08-14,sz.000989,11.1300000000,12.2400000000,11.0800000000,12.2400000000,11.1300000000,79252300,931601655.2500,2,11.417100,1,9.973000,55.683145,2.707333,4.994717,-119.043307,0
2025-08-15,sz.000989,12.1100000000,12.2500000000,11.7800000000,12.1200000000,12.2400000000,80375235,961554381.7000,2,11.578900,1,-0.980400,55.137232,2.680790,4.945749,-117.876216,0
2025-08-18,sz.000989,12.2300000000,12.4400000000,12.0100000000,12.3500000000,12.1200000000,67599703,827426025.4400,2,9.738400,1,1.897700,56.183565,2.731663,5.039604,-120.113141,0
2025-08-19,sz.000989,12.2600000000,12.7100000000,12.0200000000,12.0200000000,12.3500000000,61837665,760293092.7500,2,8.908400,1,-2.672100,54.682304,2.658671,4.904943,-116.903640,0
2025-08-20,sz.000989,11.8900000000,12.0300000000,11.7300000000,11.8300000000,12.0200000000,38662422,457771919.9800,2,5.569700,1,-1.580700,53.817942,2.616646,4.827410,-115.055745,0
2025-08-21,sz.000989,11.7000000000,12.4000000000,11.6700000000,11.9900000000,11.8300000000,50026085,605185657.7000,2,7.206800,1,1.352500,66.028031,2.817035,5.245582,-191.260288,0
2025-08-22,sz.000989,11.9000000000,12.0400000000,11.5500000000,11.7600000000,11.9900000000,41095669,481256045.6500,2,5.920300,1,-1.918300,64.761439,2.762997,5.144958,-187.591408,0
2025-08-25,sz.000989,11.6000000000,12.9300000000,11.6000000000,12.7100000000,11.7600000000,89511551,1102490660.0700,2,12.895100,1,8.078200,69.993017,2.986198,5.560579,-202.745476,0
2025-08-26,sz.000989,12.4600000000,12.7000000000,12.2000000000,12.2500000000,12.7100000000,52676200,652722043.0000,2,7.588500,1,-3.619200,67.459832,2.878122,5.359331,-195.407717,0
2025-08-27,sz.000989,12.6000000000,12.6000000000,11.4100000000,11.4900000000,12.2500000000,58844940,702822701.0300,2,8.477200,1,-6.204100,63.274569,2.699561,5.026834,-183.284463,0
2025-08-28,sz.000989,11.5200000000,11.7700000000,11.0100000000,11.3800000000,11.4900000000,36862273,417603579.4900,2,5.310400,1,-0.957400,62.668807,2.673716,4.978709,-181.529781,0
2025-08-29,sz.000989,11.3200000000,11.4600000000,11.2500000000,11.4500000000,11.3800000000,23505600,266678026.0000,2,3.386200,1,0.615100,63.054292,2.690163,5.009334,-182.646397,0
2025-09-01,sz.000989,11.3600000000,11.4300000000,11.1800000000,11.3000000000,11.4500000000,22504960,254146572.4000,2,3.242100,1,-1.310000,62.228253,2.654921,4.943709,-180.253649,0
2025-09-02,sz.000989,11.3200000000,11.3400000000,11.0300000000,11.0900000000,11.3000000000,19225072,214043738.3500,2,2.769600,1,-1.858400,61.071799,2.605581,4.851835,-176.903802,0
2025-09-03,sz.000989,11.1000000000,11.1900000000,10.9000000000,10.9300000000,11.0900000000,17527416,193191591.5800,2,2.525000,1,-1.442700,60.190691,2.567989,4.781836,-174.351538,0
2025-09-04,sz.000989,10.9200000000,10.9800000000,10.4300000000,10.5200000000,10.9300000000,23963905,255531623.2100,2,3.452200,1,-3.751100,57.932852,2.471661,4.602462,-167.811362,0
2025-09-05,sz.000989,10.5100000000,10.7100000000,10.3800000000,10.7000000000,10.5200000000,18215375,192088096.3200,2,2.624100,1,1.711000,58.924098,2.513951,4.681211,-170.682659,0
2025-09-08,sz.000989,10.6300000000,10.7900000000,10.6100000000,10.7200000000,10.7000000000,15055649,161072319.4700,2,2.168900,1,0.186900,59.034237,2.518650,4.689961,-171.001692,0
2025-09-09,sz.000989,10.7100000000,10.7300000000,10.3800000000,10.4100000000,10.7200000000,18366061,193419075.3500,2,2.645800,1,-2.891800,57.327090,2.445816,4.554337,-166.056680,0
2025-09-10,sz.000989,10.4100000000,10.6500000000,10.3900000000,10.6100000000,10.4100000000,14144311,149194408.2300,2,2.037600,1,1.921200,58.428475,2.492806,4.641837,-169.247010,0
2025-09-11,sz.000989,10.5300000000,10.6300000000,10.2600000000,10.6100000000,10.6100000000,18608767,195451256.5800,2,2.680800,1,0.000000,58.428475,2.492806,4.641837,-169.247010,0
2025-09-12,sz.000989,10.6300000000,11.2000000000,10.6300000000,10.9000000000,10.6100000000,29528559,322915337.9300,2,4.253900,1,2.733300,60.025483,2.560941,4.768711,-173.872989,0
2025-09-15,sz.000989,10.8600000000,10.9400000000,10.6000000000,10.6800000000,10.9000000000,21630528,232010204.4200,2,3.116100,1,-2.018300,58.813960,2.509252,4.672461,-170.363626,0
2025-09-16,sz.000989,10.6800000000,10.8100000000,10.5700000000,10.7200000000,10.6800000000,13520025,144428519.5000,2,1.947700,1,0.374500,59.034237,2.518650,4.689961,-171.001692,0
2025-09-17,sz.000989,10.7000000000,10.7200000000,10.5200000000,10.5500000000,10.7200000000,15192117,160842714.9900,2,2.188600,1,-1.585800,58.098059,2.478709,4.615587,-168.289911,0
2025-09-18,sz.000989,10.6000000000,10.6500000000,10.2900000000,10.3900000000,10.5500000000,17082953,179462884.1300,2,2.461000,1,-1.516600,57.216951,2.441117,4.545588,-165.737647,0
2025-09-19,sz.000989,10.3900000000,10.4000000000,10.1000000000,10.1600000000,10.3900000000,19091945,194610133.0500,2,2.750400,1,-2.213700,55.950359,2.387079,4.444963,-162.068768,0
2025-09-22,sz.000989,10.1400000000,10.6800000000,10.1400000000,10.3400000000,10.1600000000,16989273,176629161.2600,2,2.447500,1,1.771700,56.941605,2.429370,4.523713,-164.940065,0
2025-09-23,sz.000989,10.2700000000,10.2800000000,9.8100000000,9.9600000000,10.3400000000,21487400,214405311.0000,2,3.095500,1,-3.675000,54.848974,2.340089,4.357464,-158.878438,0
2025-09-24,sz.000989,9.9500000000,9.9500000000,9.7700000000,9.9200000000,9.9600000000,17827105,175518786.7500,2,2.568200,1,-0.401600,54.628697,2.330691,4.339964,-158.240372,0
2025-09-25,sz.000989,9.9200000000,10.0300000000,9.8100000000,9.9200000000,9.9200000000,13591878,134679084.5600,2,1.958100,1,0.000000,54.628697,2.330691,4.339964,-158.240372,0
2025-09-26,sz.000989,9.9100000000,10.1700000000,9.7700000000,10.0400000000,9.9200000000,21561849,215153243.7200,2,3.106200,1,1.209700,55.289528,2.358885,4.392464,-160.154570,0
2025-09-29,sz.000989,10.0400000000,10.0400000000,9.7400000000,9.8400000000,10.0400000000,17096441,167994804.7800,2,2.462900,1,-1.992000,54.188143,2.311895,4.304964,-156.964240,0
2025-09-30,sz.000989,9.8900000000,9.9000000000,9.7100000000,9.7200000000,9.8400000000,14725010,143854413.0400,2,2.121300,1,-1.219500,53.527312,2.283702,4.252465,-155.050041,0
2025-10-09,sz.000989,9.7200000000,9.7800000000,9.6200000000,9.7600000000,9.7200000000,12794245,124343790.1000,2,1.843100,1,0.411500,53.747589,2.293099,4.269965,-155.688108,0
2025-10-10,sz.000989,9.7500000000,9.9300000000,9.7100000000,9.8400000000,9.7600000000,16050210,158041151.9500,2,2.312200,1,0.819700,54.188143,2.311895,4.304964,-156.964240,0
2025-10-13,sz.000989,9.5000000000,9.7700000000,9.4500000000,9.7500000000,9.8400000000,11403735,110226327.9500,2,1.642800,1,-0.914600,53.692519,2.290750,4.265590,-155.528591,0
2025-10-14,sz.000989,9.7600000000,9.8800000000,9.6900000000,9.7300000000,9.7500000000,11910100,116529302.0000,2,1.715800,1,-0.205100,53.582381,2.286051,4.256840,-155.209558,0
2025-10-15,sz.000989,9.7300000000,9.9500000000,9.6600000000,9.9400000000,9.7300000000,17284304,170754418.8000,2,2.490000,1,2.158300,54.738835,2.335390,4.348714,-158.559405,0
2025-10-16,sz.000989,9.9400000000,10.1700000000,9.8800000000,10.1200000000,9.9400000000,23459829,236609503.2900,2,3.379600,1,1.810900,55.730082,2.377681,4.427463,-161.430702,0
2025-10-17,sz.000989,10.0900000000,10.1500000000,9.8600000000,9.8800000000,10.1200000000,16386276,163498251.5600,2,2.360600,1,-2.371500,54.408420,2.321293,4.322464,-157.602306,0
2025-10-20,sz.000989,9.8800000000,9.9500000000,9.6900000000,9.7200000000,9.8800000000,14936100,145739281.0000,2,2.151700,1,-1.619400,53.527312,2.283702,4.252465,-155.050041,0
2025-10-21,sz.000989,9.7300000000,9.8100000000,9.6400000000,9.7900000000,9.7200000000,13030845,126865550.2500,2,1.877200,1,0.720200,53.912796,2.300148,4.283090,-156.166657,0
2025-10-22,sz.000989,9.7800000000,9.9400000000,9.7400000000,9.8800000000,9.7900000000,12433935,122779917.7000,2,1.791200,1,0.919300,54.408420,2.321293,4.322464,-157.602306,0
2025-10-23,sz.000989,9.9000000000,9.9900000000,9.7300000000,9.9000000000,9.8800000000,10571427,103906372.6700,2,1.522900,1,0.202400,54.518558,2.325992,4.331214,-157.921339,0
2025-10-24,sz.000989,9.9200000000,10.0200000000,9.7900000000,9.8100000000,9.9000000000,12829500,126886582.0000,2,1.848200,1,-0.909100,54.022935,2.304847,4.291840,-156.485690,0
2025-10-27,sz.000989,9.8900000000,10.0200000000,9.7600000000,10.0200000000,9.8100000000,18496030,183244356.1500,2,2.664500,1,2.140700,55.179389,2.354186,4.383714,-159.835537,0
2025-10-28,sz.000989,9.9900000000,10.0800000000,9.9000000000,10.0400000000,10.0200000000,13682701,136637366.7400,2,1.971100,1,0.199600,55.289528,2.358885,4.392464,-160.154570,0
2025-10-29,sz.000989,10.0400000000,10.0400000000,9.9000000000,9.9500000000,10.0400000000,9750680,96882035.2500,2,1.404700,1,-0.896400,54.793904,2.337740,4.353089,-158.718921,0
2025-10-30,sz.000989,9.9700000000,10.2800000000,9.9500000000,9.9600000000,9.9500000000,25006998,253001046.6000,2,3.602500,1,0.100500,66.901221,2.335219,4.405113,79.538331,0
2025-10-31,sz.000989,9.9300000000,10.0800000000,9.7800000000,10.0200000000,9.9600000000,18155902,180746435.0400,2,2.615500,1,0.602400,67.304240,2.349286,4.431650,80.017477,0
2025-11-03,sz.000989,10.0400000000,10.2000000000,9.9600000000,10.1700000000,10.0200000000,18196081,183965918.6800,2,2.621300,1,1.497000,68.311788,2.384455,4.497992,81.215344,0
2025-11-04,sz.000989,10.1800000000,10.2400000000,10.0500000000,10.1400000000,10.1700000000,15193675,154087479.2500,2,2.188800,1,-0.295000,68.110279,2.377421,4.484724,80.975770,0
2025-11-05,sz.000989,10.0600000000,10.1800000000,10.0100000000,10.0700000000,10.1400000000,11841400,119382594.2500,2,1.705900,1,-0.690300,67.640089,2.361009,4.453764,80.416766,0
2025-11-06,sz.000989,10.0800000000,10.0800000000,9.9300000000,9.9500000000,10.0700000000,13074850,130250723.7500,2,1.883600,1,-1.191700,66.834051,2.332874,4.400690,79.458473,0
2025-11-07,sz.000989,9.9400000000,10.0100000000,9.9000000000,9.9100000000,9.9500000000,10323800,102672019.5000,2,1.487200,1,-0.402000,66.565371,2.323496,4.382999,79.139042,0
2025-11-10,sz.000989,9.9000000000,10.0800000000,9.8600000000,10.0300000000,9.9100000000,12265016,122513574.4800,2,1.766900,1,1.210900,67.371410,2.351631,4.436073,80.097335,0
2025-11-11,sz.000989,10.0000000000,10.0900000000,9.9300000000,10.0300000000,10.0300000000,12643657,126819198.9600,2,1.821400,1,0.000000,67.371410,2.351631,4.436073,80.097335,0
2025-11-12,sz.000989,10.0400000000,10.5600000000,10.0200000000,10.5300000000,10.0300000000,59173203,612400419.7300,2,8.524500,1,4.985000,70.729905,2.468861,4.657213,84.090223,0
2025-11-13,sz.000989,10.3600000000,10.4000000000,10.2100000000,10.3400000000,10.5300000000,34364200,353612463.0000,2,4.950500,1,-1.804400,69.453677,2.424313,4.573180,82.572926,0
2025-11-14,sz.000989,10.3200000000,10.8400000000,10.3100000000,10.5800000000,10.3400000000,50507460,538938723.3500,2,7.276100,1,2.321100,71.065754,2.480584,4.679327,84.489512,0
2025-11-17,sz.000989,10.4400000000,10.5700000000,10.2400000000,10.2900000000,10.5800000000,30624769,317445958.5300,2,4.411800,1,-2.741000,69.117827,2.412590,4.551066,82.173637,0
2025-11-18,sz.000989,10.2500000000,10.3300000000,10.0800000000,10.1200000000,10.2900000000,17824245,181080899.5000,2,2.567800,1,-1.652100,67.975939,2.372732,4.475878,80.816055,0
2025-11-19,sz.000989,10.0800000000,10.1100000000,9.8100000000,9.8500000000,10.1200000000,17141368,169881480.5600,2,2.469400,1,-2.668000,66.162352,2.309428,4.356462,78.659895,0
2025-11-20,sz.000989,9.8500000000,9.9600000000,9.7000000000,9.9000000000,9.8500000000,13178161,129518278.8500,2,1.898400,1,0.507600,66.498201,2.321151,4.378576,79.059184,0
2025-11-21,sz.000989,9.7600000000,9.8400000000,9.3700000000,9.3800000000,9.9000000000,19373994,184635740.3200,2,2.791000,1,-5.252500,63.005366,2.199232,4.148591,74.906581,0
2025-11-24,sz.000989,9.3800000000,9.5000000000,9.2900000000,9.4300000000,9.3800000000,7767271,72935217.7200,2,1.119000,1,0.533000,63.341216,2.210955,4.170705,75.305869,0
2025-11-25,sz.000989,9.4600000000,9.5800000000,9.4200000000,9.5000000000,9.4300000000,7860106,74839439.3600,2,1.132300,1,0.742300,63.811405,2.227367,4.201664,75.864874,0
2025-11-26,sz.000989,9.5100000000,9.6400000000,9.4400000000,9.4700000000,9.5000000000,8405918,80292478.9600,2,1.211000,1,-0.315800,63.609895,2.220333,4.188396,75.625300,0
2025-11-27,sz.000989,9.5000000000,9.5000000000,9.3600000000,9.4000000000,9.4700000000,7184000,67638312.0000,2,1.034900,1,-0.739200,63.139706,2.203921,4.157436,75.066296,0
2025-11-28,sz.000989,9.4000000000,9.4600000000,9.2300000000,9.4500000000,9.4000000000,8554338,79863107.4400,2,1.232300,1,0.531900,63.475556,2.215644,4.179550,75.465585,0
2025-12-01,sz.000989,9.4500000000,9.4800000000,9.3800000000,9.4500000000,9.4500000000,6449304,60911871.1000,2,0.929100,1,0.000000,63.475556,2.215644,4.179550,75.465585,0
2025-12-02,sz.000989,9.4400000000,9.4400000000,9.3000000000,9.3200000000,9.4500000000,7190023,67127883.5900,2,1.035800,1,-1.375700,62.602347,2.185164,4.122054,74.427434,0
2025-12-03,sz.000989,9.3200000000,9.3600000000,9.2000000000,9.2000000000,9.3200000000,8002600,73999022.0000,2,1.152900,1,-1.287600,61.796308,2.157029,4.068980,73.469141,0
2025-12-04,sz.000989,9.2000000000,9.2500000000,9.1400000000,9.1700000000,9.2000000000,6154800,56534663.0000,2,0.886700,1,-0.326100,61.594798,2.149995,4.055712,73.229568,0
2025-12-05,sz.000989,9.1900000000,9.2700000000,9.1000000000,9.2600000000,9.1700000000,6818573,62602289.9900,2,0.982300,1,0.981500,62.199328,2.171097,4.095517,73.948287,0
2025-12-08,sz.000989,9.2900000000,9.2900000000,9.2300000000,9.2600000000,9.2600000000,6336090,58606921.7000,2,0.912800,1,0.000000,62.199328,2.171097,4.095517,73.948287,0
2025-12-09,sz.000989,9.2600000000,9.2600000000,9.0400000000,9.0600000000,9.2600000000,9799315,89452410.4500,2,1.411700,1,-2.159800,60.855930,2.124205,4.007061,72.351132,0
2025-12-10,sz.000989,9.0700000000,9.2100000000,8.9300000000,9.1900000000,9.0600000000,9404158,85472922.2600,2,1.354800,1,1.434900,61.729138,2.154685,4.064557,73.389283,0
2025-12-11,sz.000989,9.2200000000,9.2200000000,9.0500000000,9.0900000000,9.1900000000,6411901,58398390.1200,2,0.923700,1,-1.088100,61.057439,2.131239,4.020329,72.590705,0
2025-12-12,sz.000989,9.1100000000,9.1500000000,9.0000000000,9.1000000000,9.0900000000,7711172,70117978.2200,2,1.110900,1,0.110000,61.124609,2.133583,4.024752,72.670563,0
2025-12-15,sz.000989,9.0800000000,9.1200000000,8.9000000000,8.9400000000,9.1000000000,7977440,71921589.4000,2,1.149200,1,-1.758200,60.049891,2.096070,3.953987,71.392839,0
2025-12-16,sz.000989,8.9400000000,8.9700000000,8.7400000000,8.7900000000,8.9400000000,8620800,75787747.0000,2,1.241900,1,-1.677900,59.042342,2.060901,3.887645,70.194973,0
2025-12-17,sz.000989,8.7700000000,8.8500000000,8.6500000000,8.8300000000,8.7900000000,8361383,73171687.4500,2,1.204500,1,0.455100,59.311022,2.070279,3.905336,70.514404,0
2025-12-18,sz.000989,8.7500000000,8.9500000000,8.7400000000,8.8900000000,8.8300000000,7031267,62523032.9700,2,1.012900,1,0.679500,59.714041,2.084347,3.931873,70.993550,0
2025-12-19,sz.000989,8.9100000000,9.0500000000,8.8700000000,9.0400000000,8.8900000000,7571200,68049612.0000,2,1.090700,1,1.687300,60.721590,2.119516,3.998215,72.191417,0
2025-12-22,sz.000989,9.0400000000,9.0900000000,8.9700000000,9.0300000000,9.0400000000,5484207,49599238.4200,2,0.790100,1,-0.110600,60.654420,2.117171,3.993792,72.111559,0
2025-12-23,sz.000989,9.0500000000,9.0500000000,8.8900000000,8.8900000000,9.0300000000,7182400,64239111.7000,2,1.034700,1,-1.550400,59.714041,2.084347,3.931873,70.993550,0
2025-12-24,sz.000989,8.9000000000,8.9700000000,8.8500000000,8.9500000000,8.8900000000,4683200,41753730.0000,2,0.674700,1,0.674900,60.117061,2.098414,3.958410,71.472697,0
2025-12-25,sz.000989,8.9600000000,8.9700000000,8.9000000000,8.9500000000,8.9500000000,5032590,44991642.5500,2,0.725000,1,0.000000,60.117061,2.098414,3.958410,71.472697,0
2025-12-26,sz.000989,8.9500000000,8.9800000000,8.8800000000,8.9100000000,8.9500000000,6191452,55260166.8800,2,0.891900,1,-0.446900,59.848381,2.089036,3.940719,71.153266,0
2025-12-29,sz.000989,8.8900000000,8.9000000000,8.8000000000,8.8200000000,8.9100000000,6480730,57279248.6000,2,0.933600,1,-1.010100,59.243852,2.067934,3.900914,70.434546,0
2025-12-30,sz.000989,8.7900000000,8.8300000000,8.7600000000,8.7700000000,8.8200000000,6070100,53366320.0000,2,0.874500,1,-0.566900,58.908002,2.056211,3.878799,70.035257,0
2025-12-31,sz.000989,8.7800000000,8.8000000000,8.6800000000,8.7300000000,8.7700000000,5177391,45178002.5200,2,0.745900,1,-0.456100,58.639323,2.046833,3.861108,69.715826,0
2026-01-05,sz.000989,8.7400000000,9.0300000000,8.7400000000,9.0200000000,8.7300000000,12651941,112832918.2700,2,1.822600,1,3.321900,60.587250,2.114826,3.989370,72.031701,0
2026-01-06,sz.000989,9.0200000000,9.0500000000,8.9800000000,9.0100000000,9.0200000000,8312828,74877627.0000,2,1.197500,1,-0.110900,60.520080,2.112482,3.984947,71.951843,0
2026-01-07,sz.000989,9.0000000000,9.0500000000,8.9600000000,8.9700000000,9.0100000000,6681000,60118706.0000,2,0.962500,1,-0.444000,60.251400,2.103103,3.967256,71.632412,0
2026-01-08,sz.000989,8.9800000000,9.0700000000,8.9800000000,9.0400000000,8.9700000000,7425219,67087175.1000,2,1.069700,1,0.780400,60.721590,2.119516,3.998215,72.191417,0
2026-01-09,sz.000989,9.0700000000,9.0800000000,8.9800000000,9.0800000000,9.0400000000,10641650,96252374.0000,2,1.533000,1,0.442500,60.990269,2.128894,4.015906,72.510848,0
2026-01-12,sz.000989,9.1000000000,9.1300000000,9.0200000000,9.1100000000,9.0800000000,10628343,96497163.5700,2,1.531100,1,0.330400,61.191779,2.135928,4.029175,72.750421,0
2026-01-13,sz.000989,9.1100000000,9.3800000000,9.1000000000,9.2000000000,9.1100000000,23389565,216217059.0200,2,3.369500,1,0.987900,61.796308,2.157029,4.068980,73.469141,0
2026-01-14,sz.000989,9.2000000000,9.2800000000,9.0600000000,9.1300000000,9.2000000000,16699541,153306382.0900,2,2.405700,1,-0.760900,61.326119,2.140617,4.038020,72.910137,0
2026-01-15,sz.000989,9.1200000000,9.2800000000,9.0600000000,9.0700000000,9.1300000000,9828497,89731561.7600,2,1.415900,1,-0.657200,60.923099,2.126549,4.011484,72.430990,0
2026-01-16,sz.000989,9.0100000000,9.0200000000,8.7900000000,8.8200000000,9.0700000000,18698999,166019592.1800,2,2.693800,1,-2.756300,59.243852,2.067934,3.900914,70.434546,0
2026-01-19,sz.000989,8.8200000000,8.8900000000,8.7300000000,8.8800000000,8.8200000000,7981660,70567281.3000,2,1.149800,1,0.680300,59.646871,2.082002,3.927450,70.913692,0
2026-01-20,sz.000989,8.9000000000,8.9200000000,8.8200000000,8.8600000000,8.8800000000,6737229,59652137.9100,2,0.970600,1,-0.225200,59.512532,2.077313,3.918605,70.753977,0
2026-01-21,sz.000989,8.8300000000,8.8600000000,8.8000000000,8.8400000000,8.8600000000,6793460,60017807.6000,2,0.978700,1,-0.225700,59.378192,2.072624,3.909759,70.594261,0
2026-01-22,sz.000989,8.8500000000,8.8800000000,8.8200000000,8.8600000000,8.8400000000,5371545,47565939.4300,2,0.773800,1,0.226200,59.512532,2.077313,3.918605,70.753977,0
2026-01-23,sz.000989,8.8700000000,9.0100000000,8.8600000000,9.0100000000,8.8600000000,9389715,84279896.1300,2,1.352700,1,1.693000,60.520080,2.112482,3.984947,71.951843,0
2026-01-26,sz.000989,9.0100000000,9.1400000000,8.9400000000,9.0800000000,9.0100000000,13728612,124131638.9500,2,1.977700,1,0.776900,60.990269,2.128894,4.015906,72.510848,0
2026-01-27,sz.000989,9.0700000000,9.0800000000,8.8300000000,8.9500000000,9.0800000000,10948330,97541994.7000,2,1.577200,1,-1.431700,60.117061,2.098414,3.958410,71.472697,0
2026-01-28,sz.000989,8.9400000000,8.9400000000,8.8200000000,8.8400000000,8.9500000000,8495000,75332539.7000,2,1.223800,1,-1.229100,59.378192,2.072624,3.909759,70.594261,0
2026-01-29,sz.000989,8.8100000000,8.8800000000,8.7300000000,8.8300000000,8.8400000000,7165835,63102851.6500,2,1.032300,1,-0.113100,59.311022,2.070279,3.905336,70.514404,0
2026-01-30,sz.000989,8.8400000000,8.9000000000,8.7600000000,8.8200000000,8.8300000000,6816718,60186192.6100,2,0.982000,1,-0.113300,59.243852,2.067934,3.900914,70.434546,0
2026-02-02,sz.000989,8.8000000000,8.8500000000,8.7000000000,8.7200000000,8.8200000000,6023430,52932771.6000,2,0.867700,1,-1.133800,58.572153,2.044488,3.856685,69.635968,0
2026-02-03,sz.000989,8.7300000000,8.7900000000,8.7000000000,8.7800000000,8.7200000000,4876375,42659940.5000,2,0.702500,1,0.688100,58.975172,2.058556,3.883222,70.115115,0
2026-02-04,sz.000989,8.7600000000,8.8600000000,8.7300000000,8.8600000000,8.7800000000,5491106,48376785.0400,2,0.791100,1,0.911200,59.512532,2.077313,3.918605,70.753977,0
2026-02-05,sz.000989,8.8500000000,8.9900000000,8.8200000000,8.9300000000,8.8600000000,8777186,78322810.4800,2,1.264400,1,0.790100,59.982721,2.093725,3.949564,71.312981,0
2026-02-06,sz.000989,9.1800000000,9.5600000000,9.1700000000,9.2500000000,8.9300000000,42812324,399974986.5000,2,6.167600,1,3.583400,62.132158,2.168752,4.091094,73.868430,0
2026-02-09,sz.000989,9.0900000000,9.3700000000,9.0900000000,9.1600000000,9.2500000000,23443918,215193119.0900,2,3.377300,1,-0.973000,61.527629,2.147651,4.051289,73.149710,0
2026-02-10,sz.000989,9.1300000000,9.2900000000,9.1000000000,9.1800000000,9.1600000000,15936380,147001096.3000,2,2.295800,1,0.218300,61.661968,2.152340,4.060134,73.309425,0
2026-02-11,sz.000989,9.1800000000,9.2000000000,9.0800000000,9.1400000000,9.1800000000,10189205,93062342.9600,2,1.467900,1,-0.435700,61.393289,2.142962,4.042443,72.989994,0
2026-02-12,sz.000989,9.1000000000,9.1200000000,8.9800000000,8.9900000000,9.1400000000,11898338,107354691.6200,2,1.714100,1,-1.641100,60.385740,2.107793,3.976101,71.792128,0
2026-02-13,sz.000989,8.9800000000,9.0500000000,8.9800000000,8.9900000000,8.9900000000,5645400,50867964.8500,2,0.813300,1,0.000000,60.385740,2.107793,3.976101,71.792128,0
2026-02-24,sz.000989,9.0200000000,9.0700000000,8.9500000000,8.9800000000,8.9900000000,8747666,78547312.6300,2,1.260200,1,-0.111200,60.318570,2.105448,3.971678,71.712270,0
2026-02-25,sz.000989,8.9700000000,9.0300000000,8.9500000000,9.0000000000,8.9800000000,7576970,68215876.0200,2,1.091500,1,0.222700,60.452910,2.110137,3.980524,71.871986,0
2026-02-26,sz.000989,9.0100000000,9.0400000000,8.9500000000,8.9800000000,9.0000000000,6899660,62023238.0000,2,0.994000,1,-0.222200,60.318570,2.105448,3.971678,71.712270,0
2026-02-27,sz.000989,8.9700000000,9.0100000000,8.9100000000,9.0100000000,8.9800000000,8831130,79011155.5000,2,1.272200,1,0.334100,60.520080,2.112482,3.984947,71.951843,0
2026-03-02,sz.000989,8.8000000000,8.9800000000,8.7900000000,8.8300000000,9.0100000000,9029030,79791020.6000,2,1.300700,1,-1.997800,59.311022,2.070279,3.905336,70.514404,0
2026-03-03,sz.000989,8.8200000000,8.8800000000,8.6000000000,8.6000000000,8.8300000000,11993451,104591005.8600,2,1.727800,1,-2.604800,57.766114,2.016353,3.803612,68.677675,0
2026-03-04,sz.000989,8.5600000000,8.5900000000,8.3900000000,8.4300000000,8.6000000000,8275120,70110300.8900,2,1.192100,1,-1.976700,56.624226,1.976495,3.728424,67.320093,0
2026-03-05,sz.000989,8.5100000000,8.5500000000,8.4500000000,8.5000000000,8.4300000000,5002150,42483975.5000,2,0.720600,1,0.830400,57.094415,1.992907,3.759384,67.879098,0
2026-03-06,sz.000989,8.4900000000,8.7000000000,8.4500000000,8.6900000000,8.5000000000,6961005,59998510.3000,2,1.002800,1,2.235300,58.370643,2.037455,3.843417,69.396395,0
2026-03-09,sz.000989,8.6000000000,8.7100000000,8.5500000000,8.7000000000,8.6900000000,6359775,54863330.7500,2,0.916200,1,0.115100,58.437813,2.039799,3.847840,69.476253,0
2026-03-10,sz.000989,8.7500000000,9.0600000000,8.7400000000,8.9500000000,8.7000000000,13139410,117187394.0500,2,1.892900,1,2.873600,60.117061,2.098414,3.958410,71.472697,0
2026-03-11,sz.000989,9.0300000000,9.1300000000,8.9200000000,9.0800000000,8.9500000000,15325051,138975890.6900,2,2.207700,1,1.452500,60.990269,2.128894,4.015906,72.510848,0
2026-03-12,sz.000989,9.0300000000,9.0800000000,8.9600000000,9.0300000000,9.0800000000,6915820,62287985.6000,2,0.996300,1,-0.550700,60.654420,2.117171,3.993792,72.111559,0
2026-03-13,sz.000989,9.0300000000,9.1900000000,9.0000000000,9.0600000000,9.0300000000,12254200,111738469.0000,2,1.765300,1,0.332200,60.855930,2.124205,4.007061,72.351132,0
2026-03-16,sz.000989,9.0700000000,9.1100000000,9.0000000000,9.0900000000,9.0600000000,8351170,75603573.2000,2,1.203100,1,0.331100,61.057439,2.131239,4.020329,72.590705,0
2026-03-17,sz.000989,9.1000000000,9.1700000000,9.0600000000,9.0700000000,9.0900000000,9345515,85303584.3000,2,1.346300,1,-0.220000,60.923099,2.126549,4.011484,72.430990,0
2026-03-18,sz.000989,9.0700000000,9.2500000000,9.0300000000,9.2000000000,9.0700000000,12651112,115758020.9200,2,1.822500,1,1.433300,61.796308,2.157029,4.068980,73.469141,0
