date,code,open,high,low,close,preclose,volume,amount,adjustflag,turn,tradestatus,pctChg,peTTM,pbMRQ,psTTM,pcfNcfTTM,isST
2023-06-26,sz.002282,6.9967337600,7.0346051200,6.8547161600,6.8547161600,6.9872659200,2631500,19216233.0000,2,0.664200,1,-1.897000,26.952185,1.133392,2.833736,19.656726,0
2023-06-27,sz.002282,6.9209910400,7.0819443200,6.8736518400,7.0724764800,6.8547161600,2797298,20756753.1000,2,0.706000,1,3.176800,27.808401,1.169398,2.923758,20.281180,0
2023-06-28,sz.002282,7.0819443200,7.1103478400,6.9399267200,7.0914121600,7.0724764800,2603245,19334548.2500,2,0.657100,1,0.267700,27.882855,1.172529,2.931586,20.335481,0
2023-06-29,sz.002282,7.0819443200,7.1860905600,7.0724764800,7.1482192000,7.0914121600,2457145,18554725.8500,2,0.620200,1,0.801100,28.106215,1.181921,2.955070,20.498382,0
2023-06-30,sz.002282,7.1671548800,7.2428976000,7.1292835200,7.1860905600,7.1482192000,3641521,27685013.0600,2,0.748100,1,0.529800,28.255122,1.188183,2.970726,20.606982,0
2023-07-03,sz.002282,7.2811440600,7.3571873400,7.1860899600,7.2241116000,7.1860899600,2966139,22637808.5700,2,0.748700,1,0.529100,28.292349,1.189749,2.974640,20.634133,0
2023-07-04,sz.002282,7.2526278300,7.3001548800,7.1955953700,7.2906494700,7.2241116000,2521039,19228574.0100,2,0.636300,1,0.921100,28.552937,1.200707,3.002038,20.824184,0
2023-07-05,sz.002282,7.3001548800,7.3096602900,7.2051007800,7.2241116000,7.2906494700,2152120,16415069.3000,2,0.543200,1,-0.912600,28.292349,1.189749,2.974640,20.634133,0
2023-07-06,sz.002282,7.2526278300,7.2621332400,7.1480683200,7.1860899600,7.2241116000,2014640,15207783.5900,2,0.508500,1,-0.526300,28.143442,1.183487,2.958984,20.525532,0
2023-07-07,sz.002282,7.1955953700,7.2336170100,7.1290575000,7.2051007800,7.1860899600,2469640,18660658.2100,2,0.623300,1,0.264600,28.217896,1.186618,2.966812,20.579832,0
2023-07-10,sz.002282,7.2526278300,7.2621332400,7.1670791400,7.2146061900,7.2051007800,1737439,13182617.0100,2,0.438500,1,0.131900,28.255122,1.188183,2.970726,20.606982,0
2023-07-11,sz.002282,7.2526278300,7.2906494700,7.1955953700,7.2811440600,7.2146061900,2083500,15895963.9700,2,0.525900,1,0.922300,28.515710,1.199142,2.998124,20.797034,0
2023-07-12,sz.002282,7.2811440600,7.3191657000,7.1860899600,7.2146061900,7.2811440600,1681400,12834235.0000,2,0.424400,1,-0.913800,28.255122,1.188183,2.970726,20.606982,0
2023-07-13,sz.002282,7.2716386500,7.2716386500,7.1670791400,7.2241116000,7.2146061900,2589000,19647440.0000,2,0.653500,1,0.131800,28.292349,1.189749,2.974640,20.634133,0
2023-07-14,sz.002282,7.2241116000,7.2336170100,7.1575737300,7.1860899600,7.2241116000,2038601,15399246.5400,2,0.514500,1,-0.526300,28.143442,1.183487,2.958984,20.525532,0
2023-07-17,sz.002282,7.1385629100,7.2526278300,7.1100466800,7.2336170100,7.1860899600,2385000,18039323.0000,2,0.602000,1,0.661400,28.329576,1.191314,2.978554,20.661283,0
2023-07-18,sz.002282,7.2716386500,7.3001548800,7.1480683200,7.2621332400,7.2336170100,2651400,20221513.0000,2,0.669200,1,0.394200,28.441256,1.196011,2.990296,20.742733,0
2023-07-19,sz.002282,7.2431224200,7.2716386500,7.1860899600,7.2241116000,7.2621332400,1646603,12508303.1800,2,0.415600,1,-0.523600,28.292349,1.189749,2.974640,20.634133,0
2023-07-20,sz.002282,7.2146061900,7.2716386500,7.1670791400,7.1670791400,7.2241116000,2556400,19399253.0000,2,0.645200,1,-0.789500,28.068988,1.180356,2.951156,20.471232,0
2023-07-21,sz.002282,7.1670791400,7.2146061900,7.1290575000,7.1575737300,7.1670791400,1815400,13678404.0000,2,0.458200,1,-0.132600,28.031762,1.178791,2.947242,20.444081,0
2023-07-24,sz.002282,7.1670791400,7.2241116000,7.1005412700,7.1860899600,7.1575737300,2141000,16161635.0000,2,0.540400,1,0.398400,28.143442,1.183487,2.958984,20.525532,0
2023-07-25,sz.002282,7.2146061900,7.3001548800,7.1860899600,7.2906494700,7.1860899600,3310300,25293223.0000,2,0.835500,1,1.455000,28.552937,1.200707,3.002038,20.824184,0
2023-07-26,sz.002282,7.3001548800,7.3096602900,7.2336170100,7.3096602900,7.2906494700,2025150,15505249.5000,2,0.511100,1,0.260800,28.627390,1.203838,3.009866,20.878484,0
2023-07-27,sz.002282,7.3096602900,7.3952089800,7.2431224200,7.2716386500,7.3096602900,3033300,23387868.0000,2,0.765600,1,-0.520200,28.478483,1.197576,2.994210,20.769883,0
2023-07-28,sz.002282,7.2906494700,7.3857035700,7.1860899600,7.3666927500,7.2716386500,3711201,28538453.7400,2,0.936700,1,1.307200,28.850751,1.213231,3.033350,21.041385,0
2023-07-31,sz.002282,7.3952089800,7.4427360300,7.3571873400,7.3857035700,7.3666927500,3700075,28767678.0000,2,0.933900,1,0.258100,28.925204,1.216362,3.041178,21.095686,0
2023-08-01,sz.002282,7.3571873400,7.4522414400,7.3286711100,7.4427360300,7.3857035700,3273301,25495257.7900,2,0.826200,1,0.772200,29.148565,1.225754,3.064662,21.258587,0
2023-08-02,sz.002282,7.4427360300,7.5472955400,7.3952089800,7.4902630800,7.4427360300,3187970,24991364.7000,2,0.804600,1,0.638600,29.334699,1.233582,3.084232,21.394338,0
2023-08-03,sz.002282,7.4617468500,7.5472955400,7.3476819300,7.4332306200,7.4902630800,3977601,31068115.7300,2,1.003900,1,-0.761400,29.111338,1.224189,3.060748,21.231436,0
2023-08-04,sz.002282,7.4427360300,7.4902630800,7.3952089800,7.4332306200,7.4332306200,3288500,25725493.9800,2,0.830000,1,0.000000,29.111338,1.224189,3.060748,21.231436,0
2023-08-07,sz.002282,7.4047143900,7.4522414400,7.3381765200,7.3857035700,7.4332306200,2711400,21044065.0000,2,0.684400,1,-0.639400,28.925204,1.216362,3.041178,21.095686,0
2023-08-08,sz.002282,7.3952089800,7.3952089800,7.2621332400,7.3001548800,7.3857035700,3001700,23068931.0000,2,0.757600,1,-1.158300,28.590163,1.202272,3.005952,20.851334,0
2023-08-09,sz.002282,7.2811440600,7.3857035700,7.2241116000,7.2431224200,7.3001548800,2173943,16647246.2400,2,0.548700,1,-0.781300,28.366803,1.192880,2.982468,20.688433,0
2023-08-10,sz.002282,7.2051007800,7.3001548800,7.2051007800,7.2526278300,7.2431224200,1822801,13897234.6300,2,0.460100,1,0.131200,28.404029,1.194445,2.986382,20.715583,0
2023-08-11,sz.002282,7.2716386500,7.2811440600,7.1005412700,7.1100466800,7.2526278300,2811002,21250360.2200,2,0.709500,1,-1.965900,27.845628,1.170963,2.927672,20.308331,0
2023-08-14,sz.002282,7.0815304500,7.2146061900,7.0530142200,7.1670791400,7.1100466800,2424100,18171519.0000,2,0.611800,1,0.802100,28.068988,1.180356,2.951156,20.471232,0
2023-08-15,sz.002282,7.1765845500,7.1955953700,7.0720250400,7.0910358600,7.1670791400,1875500,14032099.0000,2,0.473400,1,-1.061000,27.771174,1.167832,2.919844,20.254030,0
2023-08-16,sz.002282,7.1100466800,7.1195520900,6.9959817600,7.0054871700,7.0910358600,1515270,11254404.0000,2,0.382500,1,-1.206400,27.436133,1.153743,2.884618,20.009679,0
2023-08-17,sz.002282,7.0054871700,7.3571873400,6.9484547100,7.3191657000,7.0054871700,6416845,48657459.6000,2,1.619600,1,4.477600,28.664617,1.205403,3.013780,20.905634,0
2023-08-18,sz.002282,7.2906494700,7.4807576700,7.2716386500,7.3096602900,7.3191657000,6460200,50189926.0000,2,1.630600,1,-0.129900,28.627390,1.203838,3.009866,20.878484,0
2023-08-21,sz.002282,7.2431224200,7.3761981600,7.1670791400,7.1860899600,7.3096602900,4095800,31299058.0000,2,1.033800,1,-1.690500,28.143442,1.183487,2.958984,20.525532,0
2023-08-22,sz.002282,7.1670791400,7.2621332400,6.7773573300,6.9199384800,7.1860899600,8142100,59407460.0000,2,1.672600,1,-3.703700,32.058079,1.134936,2.685001,16.619117,0
2023-08-23,sz.002282,6.9579601200,6.9864763500,6.7868627400,6.8153789700,6.9199384800,3447000,24805798.0000,2,0.708100,1,-1.511000,31.573685,1.117788,2.644431,16.368004,0
2023-08-24,sz.002282,6.8534006100,6.8534006100,6.6537870000,6.6727978200,6.8153789700,4930000,34746013.0000,2,1.012700,1,-2.092100,30.913148,1.094403,2.589109,16.025577,0
2023-08-25,sz.002282,6.6632924100,6.7963681500,6.5397220800,6.5587329000,6.6727978200,4566646,31876766.6000,2,0.938100,1,-1.709400,30.384718,1.075695,2.544850,15.751635,0
2023-08-28,sz.002282,6.8819168400,6.9104330700,6.6157653600,6.6347761800,6.5587329000,5509600,39150303.0000,2,1.131800,1,1.159400,30.737005,1.088167,2.574356,15.934263,0
2023-08-29,sz.002282,6.6252707700,6.8724114300,6.6062599500,6.8534006100,6.6347761800,4186400,29921878.0000,2,0.860000,1,3.295100,31.749828,1.124024,2.659184,16.459317,0
2023-08-30,sz.002282,6.8819168400,6.9579601200,6.8058735600,6.8629060200,6.8534006100,3644950,26462084.0000,2,0.748800,1,0.138700,31.793864,1.125583,2.662872,16.482146,0
2023-08-31,sz.002282,6.8914222500,6.9009276600,6.7583465100,6.7773573300,6.8629060200,3128900,22407876.0000,2,0.642700,1,-1.246500,31.397542,1.111552,2.629679,16.276690,0
2023-09-01,sz.002282,6.7963681500,6.8534006100,6.7583465100,6.8248843800,6.7773573300,2133400,15277797.0000,2,0.438200,1,0.701300,31.617721,1.119347,2.648120,16.390832,0
2023-09-04,sz.002282,6.8819168400,6.9864763500,6.8248843800,6.9769709400,6.8248843800,3526100,25721045.0000,2,0.724300,1,2.228400,32.322294,1.144290,2.707131,16.756087,0
2023-09-05,sz.002282,6.9769709400,6.9959817600,6.9104330700,6.9484547100,6.9769709400,2191800,16014894.0000,2,0.450200,1,-0.408700,32.190187,1.139613,2.696066,16.687602,0
2023-09-06,sz.002282,6.9294438900,7.0625196300,6.9104330700,7.0340034000,6.9484547100,3107915,22906022.3500,2,0.638400,1,1.231200,32.586509,1.153644,2.729260,16.893058,0
2023-09-07,sz.002282,7.0340034000,7.0720250400,6.9009276600,6.9104330700,7.0340034000,2688928,19750749.7800,2,0.552400,1,-1.756800,32.014043,1.133377,2.681313,16.596288,0
2023-09-08,sz.002282,6.9199384800,7.0435088100,6.9009276600,7.0149925800,6.9104330700,2750675,20233317.8500,2,0.565100,1,1.513100,32.498437,1.150526,2.721883,16.847401,0
2023-09-11,sz.002282,7.0340034000,7.0625196300,6.9389493000,7.0244979900,7.0149925800,2830800,20892739.0000,2,0.581500,1,0.135500,32.542473,1.152085,2.725572,16.870230,0
2023-09-12,sz.002282,7.0244979900,7.0435088100,6.9674655300,7.0054871700,7.0244979900,1872402,13798068.7200,2,0.384600,1,-0.270600,32.454402,1.148967,2.718195,16.824573,0
2023-09-13,sz.002282,6.9769709400,7.0244979900,6.8914222500,6.9199384800,7.0054871700,2477475,18083847.5000,2,0.508900,1,-1.221200,32.058079,1.134936,2.685001,16.619117,0
2023-09-14,sz.002282,6.9199384800,7.0054871700,6.8248843800,6.9579601200,6.9199384800,3074401,22473525.3300,2,0.631600,1,0.549500,32.234223,1.141172,2.699754,16.710430,0
2023-09-15,sz.002282,6.9484547100,7.0054871700,6.8914222500,6.9199384800,6.9579601200,2883300,21054682.0000,2,0.592300,1,-0.546400,32.058079,1.134936,2.685001,16.619117,0
2023-09-18,sz.002282,6.8819168400,6.9959817600,6.8058735600,6.9674655300,6.9199384800,2917890,21299705.7000,2,0.599400,1,0.686800,32.278258,1.142731,2.703442,16.733259,0
2023-09-19,sz.002282,6.9579601200,6.9959817600,6.8914222500,6.9199384800,6.9674655300,2270690,16537967.3000,2,0.466500,1,-0.682100,32.058079,1.134936,2.685001,16.619117,0
2023-09-20,sz.002282,6.8914222500,6.9294438900,6.8248843800,6.8343897900,6.9199384800,1954900,14129892.0000,2,0.401600,1,-1.236300,31.661757,1.120906,2.651808,16.413660,0
2023-09-21,sz.002282,6.8343897900,6.9199384800,6.7963681500,6.8058735600,6.8343897900,2096000,15103834.0000,2,0.430600,1,-0.417200,31.529649,1.116229,2.640743,16.345175,0
2023-09-22,sz.002282,6.7868627400,6.9769709400,6.7868627400,6.9769709400,6.8058735600,2771975,20153873.2500,2,0.569400,1,2.514000,32.322294,1.144290,2.707131,16.756087,0
2023-09-25,sz.002282,6.9769709400,7.0054871700,6.8724114300,6.9009276600,6.9769709400,1881800,13691244.0000,2,0.386600,1,-1.089900,31.970008,1.131818,2.677625,16.573460,0
2023-09-26,sz.002282,6.8819168400,6.9769709400,6.8629060200,6.9294438900,6.9009276600,2475400,17990992.0000,2,0.508500,1,0.413200,32.102115,1.136495,2.688690,16.641945,0
2023-09-27,sz.002282,6.8724114300,6.9674655300,6.7678519200,6.8914222500,6.9294438900,3283246,23821180.9000,2,0.674500,1,-0.548700,31.925972,1.130259,2.673937,16.550631,0
2023-09-28,sz.002282,6.8914222500,7.0054871700,6.8438952000,6.9769709400,6.8914222500,2909900,21321296.0000,2,0.597800,1,1.241400,32.322294,1.144290,2.707131,16.756087,0
2023-10-09,sz.002282,6.9769709400,6.9864763500,6.8153789700,6.8534006100,6.9769709400,3189900,23088167.0000,2,0.655300,1,-1.771100,31.749828,1.124024,2.659184,16.459317,0
2023-10-10,sz.002282,6.8819168400,6.9104330700,6.7678519200,6.7868627400,6.8534006100,2643500,18938489.0000,2,0.543000,1,-0.970900,31.441578,1.113111,2.633367,16.299518,0
2023-10-11,sz.002282,6.7963681500,6.8534006100,6.7203248700,6.8153789700,6.7868627400,2960900,21191745.0000,2,0.608200,1,0.420200,31.573685,1.117788,2.644431,16.368004,0
2023-10-12,sz.002282,6.7868627400,6.8534006100,6.7868627400,6.8343897900,6.8153789700,1880900,13509191.0000,2,0.386400,1,0.278900,31.661757,1.120906,2.651808,16.413660,0
2023-10-13,sz.002282,6.8438952000,6.8438952000,6.7298302800,6.7393356900,6.8343897900,2273100,16161222.0000,2,0.466900,1,-1.390800,31.221399,1.105316,2.614926,16.185376,0
2023-10-16,sz.002282,6.7393356900,6.7583465100,6.6632924100,6.7203248700,6.7393356900,2157600,15217222.0000,2,0.443200,1,-0.282100,31.133327,1.102198,2.607549,16.139719,0
2023-10-17,sz.002282,6.7298302800,6.7298302800,6.6442815900,6.6918086400,6.7203248700,1639600,11515808.0000,2,0.336800,1,-0.424300,31.001219,1.097521,2.596485,16.071234,0
2023-10-18,sz.002282,6.7013140500,6.7013140500,6.5682383100,6.5682383100,6.6918086400,2201307,15288016.4400,2,0.452200,1,-1.846600,30.428754,1.077254,2.548538,15.774464,0
2023-10-19,sz.002282,6.5682383100,6.6537870000,6.5302166700,6.5587329000,6.5682383100,2018800,13983951.0000,2,0.414700,1,-0.144700,30.384718,1.075695,2.544850,15.751635,0
2023-10-20,sz.002282,6.5017004400,6.6157653600,6.5017004400,6.5397220800,6.5587329000,1725500,11902143.0000,2,0.354500,1,-0.289900,30.296646,1.072577,2.537474,15.705978,0
2023-10-23,sz.002282,6.4636788000,6.5302166700,6.2735706000,6.3401084700,6.5397220800,4075770,27320572.5000,2,0.837300,1,-3.052300,29.371894,1.039839,2.460022,15.226581,0
2023-10-24,sz.002282,6.2830760100,6.5302166700,6.2830760100,6.5207112600,6.3401084700,2966700,20161218.0000,2,0.609400,1,2.848600,30.208575,1.069459,2.530098,15.660321,0
2023-10-25,sz.002282,6.5397220800,6.7013140500,6.5397220800,6.6632924100,6.5207112600,2705500,18925715.0000,2,0.555800,1,2.186600,30.869112,1.092844,2.585420,16.002748,0
2023-10-26,sz.002282,6.7963681500,6.9389493000,6.7108194600,6.8819168400,6.6632924100,8553502,61590063.3200,2,1.757100,1,3.281000,28.620012,1.116375,2.594185,85.307512,0
2023-10-27,sz.002282,6.8724114300,6.9864763500,6.8153789700,6.9674655300,6.8819168400,6357300,46422790.0000,2,1.305900,1,1.243100,28.975786,1.130253,2.626433,86.367965,0
2023-10-30,sz.002282,6.9199384800,7.0625196300,6.8914222500,7.0244979900,6.9674655300,4862002,35842723.7400,2,0.998800,1,0.818600,29.212968,1.139504,2.647932,87.074933,0
2023-10-31,sz.002282,7.0244979900,7.2431224200,7.0244979900,7.0435088100,7.0244979900,5976266,44563660.4000,2,1.227700,1,0.270600,29.292029,1.142588,2.655098,87.310589,0
2023-11-01,sz.002282,7.0435088100,7.1955953700,7.0149925800,7.1290575000,7.0435088100,6384300,47898716.0000,2,1.311500,1,1.214600,29.647803,1.156466,2.687346,88.371042,0
2023-11-02,sz.002282,7.1290575000,7.3001548800,7.0815304500,7.1195520900,7.1290575000,4360064,32920625.2800,2,0.895700,1,-0.133300,29.608272,1.154924,2.683763,88.253213,0
2023-11-03,sz.002282,7.1290575000,7.1955953700,7.0340034000,7.0815304500,7.1195520900,4556800,34187275.0000,2,0.936100,1,-0.534000,29.450151,1.148756,2.669430,87.781901,0
2023-11-06,sz.002282,7.1290575000,7.1765845500,7.0625196300,7.1005412700,7.0815304500,3667200,27383203.0000,2,0.753300,1,0.268500,29.529212,1.151840,2.676597,88.017557,0
2023-11-07,sz.002282,7.1005412700,7.2431224200,7.0625196300,7.1575737300,7.1005412700,4846000,36580595.0000,2,0.995500,1,0.803200,29.766394,1.161092,2.698095,88.724526,0
2023-11-08,sz.002282,7.1860899600,7.2431224200,7.1575737300,7.1765845500,7.1575737300,3589316,27153683.3100,2,0.737300,1,0.265600,29.845455,1.164176,2.705262,88.960182,0
2023-11-09,sz.002282,7.1860899600,7.2051007800,7.1480683200,7.1765845500,7.1765845500,2951101,22308920.5500,2,0.606200,1,0.000000,29.845455,1.164176,2.705262,88.960182,0
2023-11-10,sz.002282,7.1765845500,7.2241116000,7.1290575000,7.2146061900,7.1765845500,2796300,21144439.0000,2,0.574400,1,0.529800,30.003576,1.170343,2.719594,89.431494,0
2023-11-13,sz.002282,7.2146061900,7.3191657000,7.1670791400,7.3191657000,7.2146061900,3979400,30458864.0000,2,0.817500,1,1.449300,30.438411,1.187305,2.759009,90.727603,0
2023-11-14,sz.002282,7.3191657000,7.3666927500,7.2811440600,7.3571873400,7.3191657000,2877500,22199260.0000,2,0.591100,1,0.519500,30.596532,1.193473,2.773341,91.198915,0
2023-11-15,sz.002282,7.3761981600,7.3761981600,7.2811440600,7.3096602900,7.3571873400,3848100,29609844.0000,2,0.790500,1,-0.646000,30.398880,1.185763,2.755425,90.609775,0
2023-11-16,sz.002282,7.3096602900,7.3381765200,7.2811440600,7.2811440600,7.3096602900,2813800,21651610.0000,2,0.578000,1,-0.390100,30.280289,1.181137,2.744676,90.256290,0
2023-11-17,sz.002282,7.3191657000,7.4142198000,7.2621332400,7.3761981600,7.2811440600,3579200,27724789.0000,2,0.735200,1,1.305500,30.675593,1.196557,2.780507,91.434571,0
2023-11-20,sz.002282,7.4237252100,7.5472955400,7.3571873400,7.4902630800,7.3761981600,5083200,39898721.0000,2,1.044200,1,1.546400,31.149958,1.215060,2.823505,92.848508,0
2023-11-21,sz.002282,7.4807576700,7.4807576700,7.3096602900,7.3381765200,7.4902630800,4472900,34714631.0000,2,0.918800,1,-2.030500,30.517472,1.190389,2.766175,90.963259,0
2023-11-22,sz.002282,7.3286711100,7.4142198000,7.2906494700,7.3096602900,7.3381765200,4127900,31972184.0000,2,0.848000,1,-0.388600,30.398880,1.185763,2.755425,90.609775,0
2023-11-23,sz.002282,7.2811440600,7.4142198000,7.2621332400,7.3761981600,7.3096602900,3139302,24275198.4400,2,0.644900,1,0.910300,30.675593,1.196557,2.780507,91.434571,0
2023-11-24,sz.002282,7.4142198000,7.4237252100,7.3096602900,7.3381765200,7.3761981600,3419500,26460642.0000,2,0.702400,1,-0.515500,30.517472,1.190389,2.766175,90.963259,0
2023-11-27,sz.002282,7.3381765200,7.4047143900,7.2621332400,7.3666927500,7.3381765200,3889864,30026649.3600,2,0.799100,1,0.388600,30.636063,1.195015,2.776924,91.316743,0
2023-11-28,sz.002282,7.3952089800,7.4617468500,7.3381765200,7.4522414400,7.3666927500,3089168,24158623.4400,2,0.634600,1,1.161300,30.991836,1.208892,2.809172,92.377195,0
2023-11-29,sz.002282,7.4522414400,7.4997684900,7.4047143900,7.4522414400,7.4522414400,2706900,21237611.0000,2,0.556100,1,0.000000,30.991836,1.208892,2.809172,92.377195,0
2023-11-30,sz.002282,7.4712522600,7.4712522600,7.3001548800,7.3761981600,7.4522414400,2645100,20519531.1000,2,0.543400,1,-1.020400,30.675593,1.196557,2.780507,91.434571,0
2023-12-01,sz.002282,7.4332306200,7.4332306200,7.3001548800,7.3571873400,7.3761981600,3219800,24934148.0000,2,0.661400,1,-0.257700,30.596532,1.193473,2.773341,91.198915,0
2023-12-04,sz.002282,7.3666927500,7.4047143900,7.2906494700,7.3952089800,7.3571873400,2705439,20953637.6900,2,0.555800,1,0.516800,30.754654,1.199641,2.787674,91.670227,0
2023-12-05,sz.002282,7.3286711100,7.4047143900,7.2906494700,7.3381765200,7.3952089800,3527400,27275043.0000,2,0.724600,1,-0.771200,30.517472,1.190389,2.766175,90.963259,0
2023-12-06,sz.002282,7.2621332400,7.4142198000,7.2621332400,7.3857035700,7.3381765200,3185200,24674009.0000,2,0.654300,1,0.647700,30.715124,1.198099,2.784090,91.552399,0
2023-12-07,sz.002282,7.3857035700,7.4237252100,7.3001548800,7.3381765200,7.3857035700,2712466,20937694.8000,2,0.557200,1,-0.643500,30.517472,1.190389,2.766175,90.963259,0
2023-12-08,sz.002282,7.3001548800,7.3761981600,7.1575737300,7.1670791400,7.3381765200,3765200,28676146.0000,2,0.773500,1,-2.331600,29.805924,1.162634,2.701678,88.842354,0
2023-12-11,sz.002282,7.1860899600,7.3286711100,7.1100466800,7.3001548800,7.1670791400,4345445,33160331.1500,2,0.892700,1,1.856800,30.359350,1.184221,2.751842,90.491946,0
2023-12-12,sz.002282,7.2906494700,7.4427360300,7.2336170100,7.4237252100,7.3001548800,4800700,37160569.9900,2,0.986200,1,1.692700,30.873245,1.204266,2.798423,92.023711,0
2023-12-13,sz.002282,7.4047143900,7.4807576700,7.3191657000,7.4142198000,7.4237252100,5286271,41278066.8000,2,1.085900,1,-0.128000,30.833715,1.202724,2.794840,91.905883,0
2023-12-14,sz.002282,7.4142198000,7.4712522600,7.3476819300,7.3952089800,7.4142198000,3748071,29199900.2500,2,0.769900,1,-0.256400,30.754654,1.199641,2.787674,91.670227,0
2023-12-15,sz.002282,7.3857035700,7.4237252100,7.3096602900,7.3191657000,7.3952089800,3344300,25842419.0000,2,0.687000,1,-1.028300,30.438411,1.187305,2.759009,90.727603,0
2023-12-18,sz.002282,7.3381765200,7.4142198000,7.2526278300,7.2621332400,7.3191657000,4101600,31593058.0000,2,0.842600,1,-0.779200,30.201228,1.178053,2.737510,90.020634,0
2023-12-19,sz.002282,7.3001548800,7.3857035700,7.2146061900,7.3476819300,7.2621332400,3041800,23351379.0000,2,0.624900,1,1.178000,30.557002,1.191931,2.769758,91.081087,0
2023-12-20,sz.002282,7.3191657000,7.4427360300,7.2811440600,7.3381765200,7.3476819300,3662997,28439660.5300,2,0.752500,1,-0.129400,30.517472,1.190389,2.766175,90.963259,0
2023-12-21,sz.002282,7.3096602900,7.4617468500,7.1575737300,7.4427360300,7.3381765200,5566197,42921709.2300,2,1.143400,1,1.424900,30.952306,1.207350,2.805589,92.259367,0
2023-12-22,sz.002282,7.4522414400,7.4902630800,7.3001548800,7.3476819300,7.4427360300,5593900,43481432.0000,2,1.149100,1,-1.277100,30.557002,1.191931,2.769758,91.081087,0
2023-12-25,sz.002282,7.3286711100,8.0795985000,7.2906494700,7.8324578400,7.3476819300,29557978,239554031.6100,2,6.071900,1,6.597700,32.573053,1.270570,2.952497,97.090318,0
2023-12-26,sz.002282,7.6993821000,7.8134470200,7.5568009500,7.7754253800,7.8324578400,33025043,265780677.6700,2,6.784100,1,-0.728200,32.335870,1.261319,2.930999,96.383349,0
2023-12-27,sz.002282,7.6613604600,8.0510822700,7.5663063600,7.8134470200,7.7754253800,31076168,254087841.2300,2,6.383800,1,0.489000,32.493992,1.267487,2.945331,96.854661,0
2023-12-28,sz.002282,7.6518550500,7.8134470200,7.5568009500,7.6898766900,7.8134470200,23464368,189985096.1600,2,4.820100,1,-1.581500,31.980097,1.247441,2.898751,95.322897,0
2023-12-29,sz.002282,7.6328442300,7.7469091500,7.6043280000,7.6993821000,7.6898766900,18736070,151644997.4500,2,3.848800,1,0.123600,32.019627,1.248983,2.902334,95.440725,0
2024-01-02,sz.002282,7.6993821000,8.2506958800,7.6803712800,7.9845444000,7.6993821000,37626640,316597359.9000,2,7.729400,1,3.703700,33.205539,1.295242,3.009828,98.975566,0
2024-01-03,sz.002282,7.8419632500,7.9085011200,7.7088875100,7.7849307900,7.9845444000,23681842,193977623.9400,2,4.864800,1,-2.500000,32.375401,1.262861,2.934582,96.501177,0
2024-01-04,sz.002282,7.6993821000,7.7469091500,7.5948225900,7.6138334100,7.7849307900,16621502,133983363.0200,2,3.414400,1,-2.197800,31.663853,1.235105,2.870086,94.380272,0
2024-01-05,sz.002282,7.6138334100,7.6423496400,7.2431224200,7.2906494700,7.6138334100,19896105,155195533.5800,2,4.087100,1,-4.244700,30.319820,1.182679,2.748259,90.374118,0
2024-01-08,sz.002282,7.3191657000,8.0225660400,7.3191657000,7.6328442300,7.2906494700,32691740,266607252.7600,2,6.715600,1,4.693600,31.742914,1.238189,2.877252,94.615928,0
2024-01-09,sz.002282,7.6233388200,7.7469091500,7.3857035700,7.5472955400,7.6328442300,21520467,170822424.2100,2,4.420800,1,-1.120800,31.387141,1.224312,2.845004,93.555476,0
2024-01-10,sz.002282,7.4997684900,7.5377901300,7.3096602900,7.3381765200,7.5472955400,13425002,104358693.2000,2,2.757800,1,-2.770800,30.517472,1.190389,2.766175,90.963259,0
2024-01-11,sz.002282,7.3571873400,7.4522414400,7.0435088100,7.4332306200,7.3381765200,19793401,150799203.4700,2,4.066000,1,1.295300,30.912776,1.205808,2.802006,92.141539,0
2024-01-12,sz.002282,7.3857035700,7.3952089800,7.1100466800,7.1290575000,7.4332306200,11672134,88904445.6600,2,2.397700,1,-4.092100,29.647803,1.156466,2.687346,88.371042,0
2024-01-15,sz.002282,7.1195520900,7.1195520900,6.9199384800,6.9864763500,7.1290575000,8653700,63548640.0000,2,1.777700,1,-2.000000,29.054847,1.133336,2.633599,86.603621,0
2024-01-16,sz.002282,7.0054871700,7.0244979900,6.8343897900,6.9484547100,6.9864763500,7427711,54097428.4700,2,1.525800,1,-0.544200,28.896725,1.127169,2.619267,86.132308,0
2024-01-17,sz.002282,6.9009276600,7.0149925800,6.7583465100,6.7583465100,6.9484547100,6327350,45848268.5000,2,1.299800,1,-2.736000,28.106117,1.096330,2.547604,83.775747,0
2024-01-18,sz.002282,6.7108194600,6.8058735600,6.5112058500,6.7298302800,6.7583465100,8240100,57626729.2700,2,1.692700,1,-0.421900,27.987526,1.091704,2.536855,83.422263,0
2024-01-19,sz.002282,6.7488411000,6.7963681500,6.6537870000,6.6537870000,6.7298302800,4586600,32365815.0000,2,0.942200,1,-1.129900,27.671283,1.079368,2.508190,82.479639,0
2024-01-22,sz.002282,6.6252707700,6.6537870000,6.1119786300,6.1880219100,6.6537870000,8021300,53875091.0000,2,1.647800,1,-7.000000,25.734293,1.003812,2.332616,76.706064,0
2024-01-23,sz.002282,6.1119786300,6.2830760100,6.0074191200,6.2355489600,6.1880219100,7703900,50083529.7000,2,1.582600,1,0.768000,25.931945,1.011522,2.350532,77.295204,0
2024-01-24,sz.002282,6.2545597800,6.3781301100,6.0929678100,6.3496138800,6.2355489600,6601600,43416229.0000,2,1.356100,1,1.829300,26.406310,1.030026,2.393529,78.709141,0
2024-01-25,sz.002282,6.3591192900,6.6157653600,6.3306030600,6.5872491300,6.3496138800,5880300,40250244.0000,2,1.207900,1,3.742500,27.394570,1.068574,2.483108,81.654842,0
2024-01-26,sz.002282,6.6062599500,6.7583465100,6.5872491300,6.6252707700,6.5872491300,6161200,43171696.0000,2,1.265700,1,0.577200,27.552691,1.074742,2.497440,82.126155,0
2024-01-29,sz.002282,6.6252707700,6.7108194600,6.4541733900,6.4636788000,6.6252707700,5014100,34504308.0000,2,1.030000,1,-2.439000,26.880675,1.048529,2.436527,80.123078,0
2024-01-30,sz.002282,6.4066463400,6.5872491300,6.3591192900,6.3876355200,6.4636788000,5394200,36611079.0000,2,1.108100,1,-1.176500,26.564431,1.036193,2.407862,79.180453,0
2024-01-31,sz.002282,6.3686247000,6.4446679800,6.0929678100,6.1404948600,6.3876355200,5510800,36288398.0000,2,1.132000,1,-3.869000,25.536641,0.996103,2.314701,76.116924,0
2024-02-01,sz.002282,6.0834624000,6.1309894500,5.8743433800,5.8933542000,6.1404948600,6944000,43649686.0000,2,1.426500,1,-4.024800,24.508850,0.956012,2.221539,73.053394,0
2024-02-02,sz.002282,5.8933542000,6.0454407600,5.4085782900,5.5891810800,5.8933542000,7074400,42533426.0000,2,1.453200,1,-5.161300,23.243877,0.906669,2.106879,69.282897,0
2024-02-05,sz.002282,5.5891810800,5.6176973100,5.0283618900,5.0283618900,5.5891810800,8684400,46869145.0000,2,1.784000,1,-10.034000,20.911584,0.815694,1.895475,62.331041,0
2024-02-06,sz.002282,4.9428132000,5.1804484500,4.5340805700,4.9713294300,5.0283618900,10655763,53597881.5500,2,2.188900,1,-1.134200,20.674401,0.806442,1.873976,61.624073,0
2024-02-07,sz.002282,5.0568781200,5.0568781200,4.4770481100,4.5435859800,4.9713294300,14585462,71627507.1000,2,2.996200,1,-8.604200,18.895533,0.737054,1.712735,56.321810,0
2024-02-08,sz.002282,4.5055643400,4.9903402500,4.4485318800,4.9618240200,4.5435859800,11887416,59050031.1200,2,2.441900,1,9.205000,20.634871,0.804900,1.870393,61.506245,0
2024-02-19,sz.002282,5.0188564800,5.4180837000,4.9903402500,5.2850079600,4.9618240200,12386574,68719274.2100,2,2.544500,1,6.513400,21.978904,0.857327,1.992219,65.512399,0
2024-02-20,sz.002282,5.2945133700,5.3325350100,5.1994592700,5.2850079600,5.2850079600,5248159,29157699.7400,2,1.078100,1,0.000000,21.978904,0.857327,1.992219,65.512399,0
2024-02-21,sz.002282,5.2374809100,5.6367081300,5.2374809100,5.4275891100,5.2850079600,6837411,39384349.1100,2,1.404600,1,2.697800,22.571860,0.880456,2.045966,67.279820,0
2024-02-22,sz.002282,5.4180837000,5.5606648500,5.3800620600,5.5416540300,5.4275891100,6178468,35650508.7700,2,1.269200,1,2.101600,23.046225,0.898959,2.088964,68.693756,0
2024-02-23,sz.002282,5.5891810800,5.7507730500,5.5511594400,5.7412676400,5.5416540300,6389804,37942148.9500,2,1.312600,1,3.602100,23.876364,0.931340,2.164209,71.168145,0
2024-02-26,sz.002282,5.7887946900,6.1119786300,5.7412676400,5.9789028900,5.7412676400,8807851,55071021.1400,2,1.809300,1,4.139100,24.864624,0.969889,2.253788,74.113847,0
2024-02-27,sz.002282,5.9408812500,6.0929678100,5.8363217400,6.0834624000,5.9789028900,4694565,29709549.8500,2,0.964400,1,1.748800,25.299458,0.986851,2.293202,75.409955,0
2024-02-28,sz.002282,6.0929678100,6.3020868300,5.5416540300,5.5606648500,6.0834624000,12831200,79982175.0800,2,2.635800,1,-8.593800,23.125286,0.902043,2.096130,68.929412,0
2024-02-29,sz.002282,5.4180837000,5.8078055100,5.4180837000,5.7602784600,5.5606648500,8155301,48906521.0300,2,1.675300,1,3.589700,23.955425,0.934424,2.171376,71.403802,0
2024-03-01,sz.002282,5.8173109200,5.8933542000,5.7507730500,5.8743433800,5.7602784600,6020201,36894286.1800,2,1.236700,1,1.980200,24.429789,0.952928,2.214373,72.817738,0
2024-03-04,sz.002282,5.8933542000,5.9598920700,5.7317622300,5.8363217400,5.8743433800,5222273,31861923.5200,2,1.072800,1,-0.647200,24.271668,0.946760,2.200041,72.346426,0
2024-03-05,sz.002282,5.8363217400,5.8363217400,5.6747297700,5.6937405900,5.8363217400,5172200,31218835.0000,2,1.062500,1,-2.443000,23.678712,0.923631,2.146294,70.579005,0
2024-03-06,sz.002282,5.7317622300,5.8458271500,5.6937405900,5.8078055100,5.6937405900,4107475,24972104.7500,2,0.843800,1,2.003300,24.153077,0.942134,2.189291,71.992942,0
2024-03-07,sz.002282,5.8743433800,6.3496138800,5.8458271500,6.0834624000,5.8078055100,14594715,93467522.4000,2,2.998100,1,4.746300,25.299458,0.986851,2.293202,75.409955,0
2024-03-08,sz.002282,6.0834624000,6.1024732200,5.8838487900,5.9979137100,6.0834624000,9835165,61630751.2500,2,2.020400,1,-1.406300,24.943685,0.972973,2.260954,74.349503,0
2024-03-11,sz.002282,6.0264299400,6.1119786300,5.9028596100,6.0169245300,5.9979137100,6206416,39352898.2800,2,1.274900,1,0.317000,25.022746,0.976057,2.268120,74.585159,0
2024-03-12,sz.002282,6.1119786300,6.1595056800,6.0074191200,6.0929678100,6.0169245300,6926087,44317659.6400,2,1.422800,1,1.263800,25.338989,0.988393,2.296785,75.527783,0
2024-03-13,sz.002282,6.1119786300,6.2165381400,6.0549461700,6.1214840400,6.0929678100,6691000,43112782.0000,2,1.374500,1,0.468000,25.457580,0.993019,2.307534,75.881268,0
2024-03-14,sz.002282,6.1119786300,6.1785165000,5.9884083000,6.0739569900,6.1214840400,4572600,29243703.0000,2,0.939300,1,-0.776400,25.259928,0.985309,2.289619,75.292127,0
2024-03-15,sz.002282,6.0834624000,6.3020868300,6.0169245300,6.2735706000,6.0739569900,8346500,54377354.8500,2,1.714600,1,3.286400,26.090066,1.017690,2.364864,77.766517,0
2024-03-18,sz.002282,6.2735706000,6.3496138800,6.1975273200,6.3401084700,6.2735706000,7192600,47581378.0000,2,1.477500,1,1.060600,26.366779,1.028484,2.389946,78.591313,0
2024-03-19,sz.002282,6.3115922400,6.3496138800,6.1880219100,6.2070327300,6.3401084700,8177300,53814852.0000,2,1.679800,1,-2.099000,27.582669,0.992843,2.210737,136.830272,0
2024-03-20,sz.002282,6.1975273200,6.2830760100,6.1975273200,6.2545597800,6.2070327300,4986115,32754663.1000,2,1.024300,1,0.765700,27.793869,1.000446,2.227665,137.877977,0
2024-03-21,sz.002282,6.2640651900,6.3781301100,6.2165381400,6.3306030600,6.2545597800,5865940,38917589.8000,2,1.205000,1,1.215800,28.131788,1.012609,2.254749,139.554305,0
2024-03-22,sz.002282,6.3496138800,6.3971409300,6.1595056800,6.2165381400,6.3306030600,4646400,30473194.0000,2,0.954500,1,-1.801800,27.624909,0.994364,2.214123,137.039813,0
2024-03-25,sz.002282,6.1975273200,6.2640651900,6.0929678100,6.0929678100,6.2165381400,4618304,30058259.8300,2,0.948700,1,-1.987800,27.075790,0.974598,2.170111,134.315780,0
2024-03-26,sz.002282,6.0929678100,6.2070327300,5.9503866600,6.1024732200,6.0929678100,4924800,31349815.0000,2,1.011700,1,0.156000,27.118030,0.976119,2.173497,134.525321,0
2024-03-27,sz.002282,6.1214840400,6.1214840400,5.8838487900,5.8838487900,6.1024732200,3988100,25163203.0000,2,0.819200,1,-3.582600,26.146512,0.941149,2.095630,129.705878,0
2024-03-28,sz.002282,5.8933542000,6.1500002700,5.8838487900,6.0739569900,5.8838487900,4338823,27563427.8300,2,0.891300,1,3.231000,26.991311,0.971557,2.163340,133.896698,0
2024-03-29,sz.002282,6.0834624000,6.1595056800,6.0644515800,6.1500002700,6.0739569900,4202589,27048335.1000,2,0.863300,1,1.252000,27.329230,0.983721,2.190424,135.573026,0
2024-04-01,sz.002282,6.1785165000,6.3401084700,6.1595056800,6.2925814200,6.1500002700,5413600,35744703.0000,2,1.112100,1,2.318400,27.962829,1.006527,2.241207,138.716141,0
2024-04-02,sz.002282,6.2830760100,6.3686247000,6.2640651900,6.3496138800,6.2925814200,4624590,30739109.4000,2,0.950000,1,0.906300,28.216268,1.015650,2.261520,139.973387,0
2024-04-03,sz.002282,6.3401084700,6.3401084700,6.2355489600,6.3401084700,6.3496138800,4168300,27603639.0000,2,0.856300,1,-0.149700,28.174028,1.014130,2.258134,139.763846,0
2024-04-08,sz.002282,6.2925814200,6.3210976500,6.0549461700,6.0644515800,6.3401084700,5395999,35048626.6200,2,1.108500,1,-4.347800,26.949071,0.970037,2.159955,133.687157,0
2024-04-09,sz.002282,6.1309894500,6.2165381400,6.0644515800,6.1880219100,6.0644515800,3596802,23250028.3700,2,0.738900,1,2.037600,27.498190,0.989803,2.203966,136.411190,0
2024-04-10,sz.002282,6.1880219100,6.2070327300,5.9789028900,6.0454407600,6.1880219100,3586100,22872783.0000,2,0.736700,1,-2.304100,26.864591,0.966996,2.153184,133.268075,0
2024-04-11,sz.002282,5.9979137100,6.2165381400,5.9408812500,6.1214840400,6.0454407600,3808400,24514761.0000,2,0.782300,1,1.257900,27.202510,0.979160,2.180268,134.944403,0
2024-04-12,sz.002282,6.1500002700,6.2165381400,6.0359353500,6.0929678100,6.1214840400,3653082,23639996.2400,2,0.750400,1,-0.465800,27.075790,0.974598,2.170111,134.315780,0
2024-04-15,sz.002282,6.1500002700,6.5492274900,5.7602784600,5.8553325600,6.0929678100,15797950,100389999.5000,2,3.245300,1,-3.900200,26.019792,0.936587,2.085473,129.077255,0
2024-04-16,sz.002282,5.6747297700,5.6747297700,5.2659971400,5.3135241900,5.8553325600,16503503,93929134.2800,2,3.390200,1,-9.253200,23.612117,0.849923,1.892499,117.133418,0
2024-04-17,sz.002282,5.3705566500,5.7602784600,5.3515458300,5.7412676400,5.3135241900,8848190,52342298.7800,2,1.817600,1,8.050100,25.512913,0.918342,2.044847,126.562763,0
2024-04-18,sz.002282,5.7507730500,5.8458271500,5.6176973100,5.7222568200,5.7412676400,5146192,31192483.3400,2,1.057100,1,-0.331100,25.428433,0.915301,2.038076,126.143681,0
2024-04-19,sz.002282,5.7317622300,5.8648379700,5.6557189500,5.6937405900,5.7222568200,3883320,23472233.2000,2,0.797700,1,-0.498300,25.301714,0.910740,2.027920,125.515058,0
2024-04-22,sz.002282,5.7032460000,5.7317622300,5.4751161600,5.6081919000,5.6937405900,5036500,29769753.0000,2,1.034600,1,-1.502500,24.921554,0.897056,1.997450,123.629189,0
2024-04-23,sz.002282,5.5891810800,5.7602784600,5.5891810800,5.6937405900,5.6081919000,4446800,26676530.0000,2,0.913500,1,1.525400,25.301714,0.910740,2.027920,125.515058,0
2024-04-24,sz.002282,5.7602784600,5.8933542000,5.6937405900,5.8933542000,5.6937405900,3934200,24178441.0000,2,0.808200,1,3.505800,26.188752,0.942669,2.099015,129.915419,0
2024-04-25,sz.002282,6.4826896200,6.4826896200,6.4826896200,6.4826896200,5.8933542000,3899102,26591875.6400,2,0.801000,1,10.000000,22.964595,1.024565,2.189383,-484.214626,0
2024-04-26,sz.002282,6.7773573300,6.7773573300,6.2830760100,6.3020868300,6.4826896200,31818802,217344902.7000,2,6.536300,1,-2.785900,22.324819,0.996022,2.128389,-470.724775,0
2024-04-29,sz.002282,6.2165381400,6.3401084700,6.1595056800,6.3115922400,6.3020868300,19509001,128279129.5000,2,4.007600,1,0.150800,22.358491,0.997524,2.131599,-471.434767,0
2024-04-30,sz.002282,6.3401084700,6.4636788000,6.2640651900,6.3781301100,6.3115922400,14980500,100195238.0000,2,3.077300,1,1.054200,22.594198,1.008040,2.154071,-476.404712,0
2024-05-06,sz.002282,6.4636788000,6.6442815900,6.4351625700,6.6347761800,6.3781301100,15918038,110242635.9400,2,3.269900,1,4.023800,23.503354,1.048602,2.240747,-495.574499,0
2024-05-07,sz.002282,6.5682383100,6.7963681500,6.5302166700,6.7013140500,6.6347761800,13769141,96987866.6200,2,2.805200,1,1.002900,23.739061,1.059118,2.263219,-500.544444,0
2024-05-08,sz.002282,6.7393356900,6.7393356900,6.5682383100,6.5777437200,6.7013140500,7000650,48747098.0000,2,1.426200,1,-1.844000,23.301319,1.039588,2.221486,-491.314547,0
2024-05-09,sz.002282,6.5777437200,6.7013140500,6.5777437200,6.6442815900,6.5777437200,6153800,42978679.7000,2,1.253700,1,1.011600,23.537026,1.050104,2.243958,-496.284492,0
2024-05-10,sz.002282,6.6632924100,6.7298302800,6.5872491300,6.6632924100,6.6442815900,5248100,36811617.0000,2,1.069200,1,0.286100,23.604371,1.053109,2.250378,-497.704476,0
2024-05-13,sz.002282,6.6632924100,6.8629060200,6.5872491300,6.7108194600,6.6632924100,8075600,57265946.0000,2,1.645200,1,0.713300,23.772733,1.060620,2.266429,-501.254436,0
2024-05-14,sz.002282,6.6537870000,6.8058735600,6.6537870000,6.7868627400,6.7108194600,6077700,43137542.0000,2,1.238200,1,1.133100,24.042112,1.072639,2.292111,-506.934373,0
2024-05-15,sz.002282,6.7868627400,6.8248843800,6.6727978200,6.6823032300,6.7868627400,5233200,37107449.0000,2,1.066100,1,-1.540600,23.671716,1.056113,2.256799,-499.124460,0
2024-05-16,sz.002282,6.7203248700,6.7583465100,6.6442815900,6.6727978200,6.6823032300,4366100,30757668.0000,2,0.889500,1,-0.142200,23.638043,1.054611,2.253588,-498.414468,0
2024-05-17,sz.002282,6.6537870000,6.7868627400,6.6442815900,6.7773573300,6.6727978200,4482100,31703047.0000,2,0.913100,1,1.567000,24.008440,1.071136,2.288901,-506.224381,0
2024-05-20,sz.002282,6.7773573300,6.8819168400,6.7488411000,6.8058735600,6.7773573300,4250000,30460550.0000,2,0.865800,1,0.420800,24.109457,1.075643,2.298532,-508.354358,0
2024-05-21,sz.002282,6.8058735600,6.8534006100,6.7298302800,6.7678519200,6.8058735600,4608900,32824188.0000,2,0.939000,1,-0.558700,23.974768,1.069634,2.285691,-505.514389,0
2024-05-22,sz.002282,6.7108194600,6.8248843800,6.7108194600,6.7678519200,6.7678519200,2865043,20460546.0200,2,0.583700,1,0.000000,23.974768,1.069634,2.285691,-505.514389,0
2024-05-23,sz.002282,6.7583465100,6.7678519200,6.5872491300,6.6062599500,6.7678519200,4073901,28538521.6000,2,0.830000,1,-2.387600,23.402336,1.044095,2.231117,-493.444523,0
2024-05-24,sz.002282,6.6157653600,6.7013140500,6.5682383100,6.6062599500,6.6062599500,3269434,22872592.6600,2,0.666100,1,0.000000,23.402336,1.044095,2.231117,-493.444523,0
2024-05-27,sz.002282,6.6062599500,6.6918086400,6.5777437200,6.6823032300,6.6062599500,3474819,24240281.6600,2,0.707900,1,1.151100,22.927285,1.022901,2.185826,-483.427945,0
2024-05-28,sz.002282,6.6823032300,6.7393356900,6.6347761800,6.6442815900,6.6823032300,3057900,21482237.0000,2,0.623000,1,-0.569000,22.796831,1.017080,2.173389,-480.677288,0
2024-05-29,sz.002282,6.6442815900,6.8248843800,6.6062599500,6.7298302800,6.6442815900,5032900,35603091.0000,2,1.025300,1,1.287600,23.090353,1.030176,2.201373,-486.866266,0
2024-05-30,sz.002282,6.7963681500,6.7963681500,6.6252707700,6.6537870000,6.7298302800,3561103,25088315.0900,2,0.725500,1,-1.129900,22.829445,1.018535,2.176499,-481.364952,0
2024-05-31,sz.002282,6.6537870000,6.8438952000,6.6062599500,6.7488411000,6.6537870000,5120800,36300530.0000,2,1.043300,1,1.428600,23.155580,1.033086,2.207591,-488.241594,0
2024-06-03,sz.002282,6.7868627400,6.8438952000,6.5017004400,6.5967545400,6.7488411000,6779600,47556524.0000,2,1.381200,1,-2.253500,22.633764,1.009805,2.157843,-477.238967,0
2024-06-04,sz.002282,6.5777437200,6.5872491300,6.3876355200,6.4731842100,6.5967545400,6383600,43313738.5000,2,1.300500,1,-1.873200,22.209788,0.990890,2.117422,-468.299332,0
2024-06-05,sz.002282,6.5120650000,6.5315040000,6.3273945000,6.3371140000,6.4731870000,6304500,41579225.0000,2,1.284400,1,-2.102100,21.263997,0.948693,2.027253,-448.357070,0
2024-06-06,sz.002282,6.3371140000,6.4051505000,5.8997365000,6.0455290000,6.3371140000,7101889,44621745.6800,2,1.446900,1,-4.601200,20.285592,0.905042,1.933974,-427.727143,0
2024-06-07,sz.002282,6.0844070000,6.3468335000,6.0844070000,6.2885165000,6.0455290000,6421853,41288414.6100,2,1.308300,1,4.019300,21.100930,0.941418,2.011707,-444.918749,0
2024-06-11,sz.002282,6.2690775000,6.3176750000,6.0844070000,6.2593580000,6.2885165000,4302680,27461589.2000,2,0.876600,1,-0.463700,21.003089,0.937053,2.002379,-442.855756,0
2024-06-12,sz.002282,6.2593580000,6.4148700000,6.2010410000,6.3857115000,6.2593580000,3057750,20032016.0000,2,0.622900,1,2.018600,21.427065,0.955968,2.042799,-451.795391,0
2024-06-13,sz.002282,6.3954310000,6.4343090000,6.2885165000,6.3176750000,6.3857115000,3243800,21149124.0000,2,0.660900,1,-1.065400,21.198770,0.945783,2.021034,-446.981741,0
2024-06-14,sz.002282,6.3954310000,6.4051505000,6.2301995000,6.3273945000,6.3176750000,4034200,26207429.0000,2,0.821900,1,0.153800,21.231384,0.947238,2.024144,-447.669405,0
2024-06-17,sz.002282,6.2982360000,6.3857115000,6.2496385000,6.2690775000,6.3273945000,3098700,20079767.0000,2,0.631300,1,-0.921700,21.035703,0.938508,2.005488,-443.543420,0
2024-06-18,sz.002282,6.2787970000,6.4440285000,6.2204800000,6.4245895000,6.2690775000,3351712,21953812.4100,2,0.682800,1,2.480600,21.557519,0.961788,2.055237,-454.546048,0
2024-06-19,sz.002282,6.4731870000,6.4926260000,6.3662725000,6.4051505000,6.4245895000,2776650,18370195.0000,2,0.565700,1,-0.302600,21.492292,0.958878,2.049018,-453.170719,0
2024-06-20,sz.002282,6.3759920000,6.4245895000,6.2399190000,6.2690775000,6.4051505000,3211900,20900888.0000,2,0.654400,1,-2.124400,21.035703,0.938508,2.005488,-443.543420,0
2024-06-21,sz.002282,6.2010410000,6.2787970000,6.1524435000,6.1913215000,6.2690775000,3276000,20944437.0000,2,0.667400,1,-1.240300,20.774795,0.926867,1.980614,-438.042106,0
2024-06-24,sz.002282,6.1524435000,6.1913215000,5.8900170000,5.9580535000,6.1913215000,4535400,28094773.0000,2,0.924000,1,-3.767700,19.992071,0.891946,1.905991,-421.538165,0
2024-06-25,sz.002282,5.9872120000,6.1232850000,5.9386145000,6.0358095000,5.9580535000,4328588,26893472.2300,2,0.881900,1,1.305100,20.252979,0.903586,1.930865,-427.039479,0
2024-06-26,sz.002282,6.0163705000,6.2399190000,5.9580535000,6.2301995000,6.0358095000,2697307,16970886.2600,2,0.549500,1,3.220600,20.905249,0.932687,1.993051,-440.792763,0
2024-06-27,sz.002282,6.2204800000,6.2982360000,6.1135655000,6.1135655000,6.2301995000,2953600,18809809.0000,2,0.588300,1,-1.872100,20.513887,0.915227,1.955739,-432.540793,0
2024-06-28,sz.002282,6.1135655000,6.3176750000,6.0552485000,6.2107605000,6.1135655000,3708593,23771928.9900,2,0.738700,1,1.589800,20.840022,0.929777,1.986832,-439.417435,0
2024-07-01,sz.002282,6.2690775000,6.3565530000,6.1718825000,6.2787970000,6.2107605000,4596195,29548147.6400,2,0.915500,1,1.095500,21.068316,0.939963,2.008597,-444.231084,0
2024-07-02,sz.002282,6.2301995000,6.3565530000,6.2107605000,6.3273945000,6.2787970000,2744758,17801548.4200,2,0.546700,1,0.774000,21.231384,0.947238,2.024144,-447.669405,0
2024-07-03,sz.002282,6.3371140000,6.3662725000,6.1913215000,6.2204800000,6.3273945000,3124500,20111288.0000,2,0.622400,1,-1.689700,20.872635,0.931232,1.989942,-440.105099,0
2024-07-04,sz.002282,6.2010410000,6.2593580000,5.9288950000,5.9580535000,6.2204800000,3463300,21630908.0000,2,0.689900,1,-4.218800,19.992071,0.891946,1.905991,-421.538165,0
2024-07-05,sz.002282,5.9386145000,6.0844070000,5.8997365000,6.0455290000,5.9580535000,2709800,16707211.0000,2,0.539800,1,1.468200,20.285592,0.905042,1.933974,-427.727143,0
2024-07-08,sz.002282,6.0358095000,6.0455290000,5.8414195000,5.8802975000,6.0455290000,3063500,18634898.0000,2,0.610200,1,-2.733100,19.731163,0.880306,1.881117,-416.036851,0
2024-07-09,sz.002282,5.8219805000,6.0941265000,5.8025415000,6.0844070000,5.8802975000,3721800,22775663.0000,2,0.741400,1,3.471100,20.416046,0.910862,1.946412,-430.477800,0
2024-07-10,sz.002282,6.0358095000,6.0941265000,5.7345050000,5.7733830000,6.0844070000,10649862,64312280.8400,2,2.121400,1,-5.111800,19.372415,0.864300,1.846915,-408.472545,0
2024-07-11,sz.002282,5.8900170000,6.1427240000,5.8802975000,6.1038460000,5.7733830000,9203302,57048602.9200,2,1.833300,1,5.723900,20.481273,0.913772,1.952630,-431.853128,0
2024-07-12,sz.002282,6.1038460000,6.2496385000,6.0746875000,6.1524435000,6.1038460000,4865100,30871551.0000,2,0.969100,1,0.796200,20.644341,0.921047,1.968177,-435.291450,0
2024-07-15,sz.002282,6.1427240000,6.1427240000,5.9580535000,5.9969315000,6.1524435000,3834400,23735935.0000,2,0.763800,1,-2.527600,20.122525,0.897766,1.918428,-424.288822,0
2024-07-16,sz.002282,6.0649680000,6.0649680000,5.8802975000,5.9094560000,5.9969315000,4152000,25337472.0000,2,0.827100,1,-1.458700,19.829003,0.884671,1.890445,-418.099844,0
2024-07-17,sz.002282,5.8802975000,5.9386145000,5.8025415000,5.8219805000,5.9094560000,3988207,23996993.1200,2,0.794400,1,-1.480300,19.535482,0.871575,1.862461,-411.910866,0
2024-07-18,sz.002282,5.7928220000,5.8317000000,5.6567490000,5.7831025000,5.8219805000,4445696,26264807.4600,2,0.885600,1,-0.667800,19.405028,0.865755,1.850024,-409.160209,0
2024-07-19,sz.002282,5.8317000000,5.9191755000,5.7442245000,5.8705780000,5.7831025000,4139000,24859729.0000,2,0.824500,1,1.512600,19.698549,0.878851,1.878007,-415.349187,0
2024-07-22,sz.002282,5.8705780000,5.9386145000,5.8317000000,5.8997365000,5.8705780000,2652200,16068877.0000,2,0.528300,1,0.496700,19.796390,0.883216,1.887335,-417.412180,0
2024-07-23,sz.002282,5.8608585000,5.9774925000,5.8025415000,5.8317000000,5.8997365000,4123654,25140521.8600,2,0.821400,1,-1.153200,19.568095,0.873030,1.865570,-412.598530,0
2024-07-24,sz.002282,5.8414195000,5.8608585000,5.6956270000,5.6956270000,5.8317000000,3266392,19326441.4000,2,0.650700,1,-2.333300,19.111507,0.852660,1.822040,-402.971231,0
2024-07-25,sz.002282,5.6956270000,5.8219805000,5.6178710000,5.7539440000,5.6956270000,3313700,19541913.0000,2,0.660100,1,1.023900,19.307188,0.861390,1.840696,-407.097217,0
2024-07-26,sz.002282,5.7539440000,5.9191755000,5.7539440000,5.9191755000,5.7539440000,3091300,18723011.0000,2,0.615800,1,2.871600,19.861617,0.886126,1.893554,-418.787508,0
2024-07-29,sz.002282,5.9191755000,6.0260900000,5.8608585000,5.9872120000,5.9191755000,3737200,22952404.0000,2,0.744400,1,1.149400,20.089911,0.896311,1.915319,-423.601158,0
2024-07-30,sz.002282,5.9774925000,6.0358095000,5.9094560000,6.0066510000,5.9872120000,2941800,18112957.0000,2,0.586000,1,0.324700,20.155138,0.899221,1.921537,-424.976486,0
2024-07-31,sz.002282,5.9969315000,6.1621630000,5.9580535000,6.1524435000,6.0066510000,4630502,29036984.3800,2,0.922400,1,2.427200,20.644341,0.921047,1.968177,-435.291450,0
2024-08-01,sz.002282,6.1524435000,6.5995405000,6.1135655000,6.2787970000,6.1524435000,12038902,78391220.0600,2,2.398100,1,2.053700,21.068316,0.939963,2.008597,-444.231084,0
2024-08-02,sz.002282,6.2496385000,6.3079555000,6.0552485000,6.0649680000,6.2787970000,7084300,44857201.0000,2,1.411200,1,-3.405600,20.350819,0.907952,1.940193,-429.102472,0
2024-08-05,sz.002282,6.0649680000,6.1038460000,5.8705780000,5.8802975000,6.0649680000,5835085,35977551.6500,2,1.162300,1,-3.044900,19.731163,0.880306,1.881117,-416.036851,0
2024-08-06,sz.002282,5.9191755000,6.0746875000,5.8997365000,6.0260900000,5.8802975000,3216930,19869547.5600,2,0.640800,1,2.479300,20.220365,0.902131,1.927756,-426.351815,0
2024-08-07,sz.002282,6.0163705000,6.0941265000,5.9774925000,6.0163705000,6.0260900000,2531336,15748889.8500,2,0.504200,1,-0.161300,20.187752,0.900676,1.924647,-425.664151,0
2024-08-08,sz.002282,6.0066510000,6.0649680000,5.8900170000,5.9191755000,6.0163705000,3605086,22032836.9000,2,0.718100,1,-1.615500,19.861617,0.886126,1.893554,-418.787508,0
2024-08-09,sz.002282,5.9288950000,6.0552485000,5.9288950000,5.9288950000,5.9191755000,3259500,20073407.0000,2,0.649300,1,0.164200,19.894230,0.887581,1.896663,-419.475173,0
2024-08-12,sz.002282,5.9288950000,5.9969315000,5.8705780000,5.8997365000,5.9288950000,2888600,17540983.0000,2,0.575400,1,-0.491800,19.796390,0.883216,1.887335,-417.412180,0
2024-08-13,sz.002282,5.8608585000,5.9969315000,5.8608585000,5.9774925000,5.8997365000,2827801,17313796.1300,2,0.563300,1,1.318000,20.057298,0.894856,1.912210,-422.913494,0
2024-08-14,sz.002282,5.9774925000,6.0649680000,5.9483340000,5.9969315000,5.9774925000,3121882,19298072.5500,2,0.621900,1,0.325200,20.122525,0.897766,1.918428,-424.288822,0
2024-08-15,sz.002282,5.9872120000,6.0552485000,5.9288950000,6.0066510000,5.9969315000,2897000,17894060.5100,2,0.577100,1,0.162100,20.155138,0.899221,1.921537,-424.976486,0
2024-08-16,sz.002282,6.0455290000,6.1038460000,6.0066510000,6.0066510000,6.0066510000,3319500,20665084.0000,2,0.661200,1,0.000000,20.155138,0.899221,1.921537,-424.976486,0
2024-08-19,sz.002282,6.0066510000,6.2301995000,6.0066510000,6.0455290000,6.0066510000,4221000,26427500.0000,2,0.840800,1,0.647200,20.285592,0.905042,1.933974,-427.727143,0
2024-08-20,sz.002282,6.0455290000,6.0649680000,5.8802975000,5.8997365000,6.0455290000,6166400,37767761.1200,2,1.228300,1,-2.411600,16.204989,0.926232,1.916700,-161.814950,0
2024-08-21,sz.002282,5.8997365000,5.9483340000,5.8414195000,5.8705780000,5.8997365000,3378351,20429320.5300,2,0.673000,1,-0.494200,16.124898,0.921655,1.907227,-161.015206,0
2024-08-22,sz.002282,5.8900170000,5.9094560000,5.7539440000,5.7733830000,5.8705780000,3010601,18089262.0300,2,0.599700,1,-1.655600,15.857930,0.906395,1.875650,-158.349391,0
2024-08-23,sz.002282,5.8122610000,5.8317000000,5.6470295000,5.7345050000,5.7733830000,3362050,19754268.5000,2,0.669700,1,-0.673400,15.751142,0.900292,1.863020,-157.283065,0
2024-08-26,sz.002282,5.9774925000,5.9774925000,5.6761880000,5.8317000000,5.7345050000,3718500,22180096.0000,2,0.740700,1,1.694900,16.018111,0.915551,1.894596,-159.948880,0
2024-08-27,sz.002282,5.9580535000,5.9580535000,5.7247855000,5.8900170000,5.8317000000,6279437,37597576.8000,2,1.250800,1,1.000000,16.178292,0.924706,1.913542,-161.548369,0
2024-08-28,sz.002282,5.8317000000,5.9191755000,5.8122610000,5.8511390000,5.8900170000,6564336,39587042.0000,2,1.307600,1,-0.660100,16.071504,0.918603,1.900911,-160.482043,0
2024-08-29,sz.002282,5.8122610000,5.9094560000,5.7928220000,5.8900170000,5.8511390000,4424200,26702731.0000,2,0.881300,1,0.664500,16.178292,0.924706,1.913542,-161.548369,0
2024-08-30,sz.002282,5.8900170000,6.0358095000,5.8608585000,6.0066510000,5.8900170000,5350842,32896154.5700,2,1.065900,1,1.980200,16.498654,0.943017,1.951434,-164.747346,0
2024-09-02,sz.002282,5.9580535000,6.0746875000,5.9094560000,5.9191755000,6.0066510000,6370364,39274459.1200,2,1.269000,1,-1.456300,16.258382,0.929284,1.923015,-162.348113,0
2024-09-03,sz.002282,5.9288950000,5.9969315000,5.8997365000,5.9677730000,5.9191755000,2392100,14666431.0000,2,0.476500,1,0.821000,16.391867,0.936914,1.938803,-163.681020,0
2024-09-04,sz.002282,5.9580535000,6.0066510000,5.8997365000,5.9386145000,5.9677730000,2616000,16069393.0000,2,0.521100,1,-0.488600,16.311776,0.932336,1.929330,-162.881276,0
2024-09-05,sz.002282,5.9386145000,5.9872120000,5.9191755000,5.9483340000,5.9386145000,1908700,11688631.0000,2,0.380200,1,0.163700,16.338473,0.933862,1.932488,-163.147858,0
2024-09-06,sz.002282,5.9094560000,5.9774925000,5.8511390000,5.8705780000,5.9483340000,2441364,14851576.7600,2,0.486300,1,-1.307200,16.124898,0.921655,1.907227,-161.015206,0
2024-09-09,sz.002282,5.8705780000,5.9288950000,5.8122610000,5.8900170000,5.8705780000,2078200,12560458.0000,2,0.414000,1,0.331100,16.178292,0.924706,1.913542,-161.548369,0
2024-09-10,sz.002282,5.9094560000,5.9191755000,5.7539440000,5.8802975000,5.8900170000,3520100,21135441.0000,2,0.701200,1,-0.165000,16.151595,0.923181,1.910384,-161.281787,0
2024-09-11,sz.002282,5.8608585000,5.9288950000,5.8122610000,5.8511390000,5.8802975000,1947614,11742668.3000,2,0.388000,1,-0.495900,16.071504,0.918603,1.900911,-160.482043,0
2024-09-12,sz.002282,5.8414195000,5.8900170000,5.8122610000,5.8317000000,5.8511390000,1756203,10584108.1500,2,0.349800,1,-0.332200,16.018111,0.915551,1.894596,-159.948880,0
2024-09-13,sz.002282,5.8802975000,5.8802975000,5.6956270000,5.7150660000,5.8317000000,2729339,16182046.3200,2,0.543700,1,-2.000000,15.697748,0.897240,1.856704,-156.749902,0
2024-09-18,sz.002282,5.7247855000,5.7345050000,5.4915175000,5.6178710000,5.7150660000,3541653,20327874.1800,2,0.705500,1,-1.700700,15.430780,0.881981,1.825128,-154.084088,0
2024-09-19,sz.002282,5.6664685000,5.7928220000,5.5789930000,5.7442245000,5.6178710000,3512252,20622786.7700,2,0.699600,1,2.249100,15.777839,0.901818,1.866177,-157.549647,0
2024-09-20,sz.002282,5.7442245000,5.7539440000,5.6664685000,5.7053465000,5.7442245000,2133571,12518460.4000,2,0.425000,1,-0.676800,15.671052,0.895714,1.853547,-156.483321,0
2024-09-23,sz.002282,5.6664685000,5.7345050000,5.6567490000,5.6859075000,5.7053465000,2432300,14241608.0000,2,0.484500,1,-0.340700,15.617658,0.892662,1.847231,-155.950158,0
2024-09-24,sz.002282,5.7247855000,5.9191755000,5.7053465000,5.9191755000,5.6859075000,3898375,23357541.2500,2,0.776500,1,4.102600,16.258382,0.929284,1.923015,-162.348113,0
2024-09-25,sz.002282,6.0066510000,6.1232850000,5.8997365000,6.0649680000,5.9191755000,6335623,39572236.2000,2,1.262000,1,2.463100,16.658835,0.952173,1.970380,-166.346835,0
2024-09-26,sz.002282,6.0746875000,6.1913215000,6.0260900000,6.1816020000,6.0649680000,3996293,25161331.0400,2,0.796100,1,1.923100,16.979197,0.970484,2.008272,-169.545813,0
2024-09-27,sz.002282,6.1913215000,6.4245895000,6.1913215000,6.3468335000,6.1816020000,7634750,49523185.0000,2,1.520800,1,2.673000,17.433044,0.996425,2.061952,-174.077698,0
2024-09-30,sz.002282,6.5120650000,6.8522475000,6.4051505000,6.8425280000,6.3468335000,15275059,104678852.3100,2,3.042700,1,7.810100,18.794583,1.074246,2.222993,-187.673352,0
2024-10-08,sz.002282,7.4840150000,7.4840150000,6.7842110000,7.1341130000,6.8425280000,19299362,141617194.3400,2,3.844400,1,4.261400,19.595489,1.120024,2.317723,-195.670796,0
2024-10-09,sz.002282,6.9202840000,6.9980400000,6.4343090000,6.4343090000,7.1341130000,14208761,97652921.4500,2,2.830300,1,-9.809300,17.673315,1.010158,2.090371,-176.476931,0
2024-10-10,sz.002282,6.5606625000,6.7356135000,6.3759920000,6.5898210000,6.4343090000,10907739,74083670.3700,2,2.172800,1,2.416900,18.100465,1.034573,2.140894,-180.742234,0
2024-10-11,sz.002282,6.5801015000,6.5995405000,6.2690775000,6.3176750000,6.5898210000,7667800,50780031.0000,2,1.527400,1,-4.129800,17.352953,0.991847,2.052479,-173.277953,0
2024-10-14,sz.002282,6.4634675000,6.5412235000,6.2982360000,6.5315040000,6.3176750000,5750270,38142933.6000,2,1.145400,1,3.384600,17.940284,1.025417,2.121948,-179.142745,0
2024-10-15,sz.002282,6.5120650000,6.5606625000,6.3954310000,6.4051505000,6.5315040000,5229800,34882866.0000,2,1.041800,1,-1.934500,17.593225,1.005580,2.080898,-175.677186,0
2024-10-16,sz.002282,6.3954310000,6.5217845000,6.2690775000,6.4731870000,6.4051505000,3985161,26489578.8700,2,0.793800,1,1.062200,17.780103,1.016262,2.103002,-177.543257,0
2024-10-17,sz.002282,6.4829065000,6.5703820000,6.3662725000,6.3857115000,6.4731870000,5318913,35414948.9900,2,1.059500,1,-1.351400,17.539831,1.002528,2.074583,-175.144024,0
2024-10-18,sz.002282,6.4051505000,6.5995405000,6.3857115000,6.5509430000,6.3857115000,6511711,43656538.7000,2,1.297100,1,2.587500,17.993678,1.028469,2.128263,-179.675908,0
2024-10-21,sz.002282,6.5606625000,6.6092600000,6.4829065000,6.5315040000,6.5509430000,7025458,47259521.2800,2,1.399500,1,-0.296700,17.940284,1.025417,2.121948,-179.142745,0
2024-10-22,sz.002282,6.5217845000,6.6384185000,6.4829065000,6.6384185000,6.5315040000,6408728,43465844.3000,2,1.276600,1,1.636900,18.233949,1.042202,2.156682,-182.075142,0
2024-10-23,sz.002282,6.6286990000,6.7258940000,6.5898210000,6.6286990000,6.6384185000,5529100,37916514.0000,2,1.101400,1,-0.146400,18.207252,1.040676,2.153524,-181.808560,0
2024-10-24,sz.002282,6.6092600000,6.7939305000,6.5995405000,6.6384185000,6.6286990000,7365100,50676061.0000,2,1.467100,1,0.146600,18.233949,1.042202,2.156682,-182.075142,0
2024-10-25,sz.002282,6.6481380000,6.7550525000,6.6481380000,6.7258940000,6.6384185000,5123900,35435655.0000,2,1.020700,1,1.317700,18.474221,1.055935,2.185101,-184.474375,0
2024-10-28,sz.002282,6.7744915000,7.0271985000,6.7064550000,6.9883205000,6.7258940000,9396760,66498746.9300,2,1.871800,1,3.901700,19.195036,1.097135,2.270358,-191.672074,0
2024-10-29,sz.002282,7.0660765000,7.0660765000,6.7064550000,6.7453330000,6.9883205000,9875658,69499957.6400,2,1.967200,1,-3.477100,17.806968,1.035896,2.160406,32.705323,0
2024-10-30,sz.002282,6.7744915000,6.8619670000,6.6870160000,6.8230890000,6.7453330000,6411607,44752159.6500,2,1.277200,1,1.152700,18.012236,1.047837,2.185310,33.082330,0
2024-10-31,sz.002282,6.8619670000,6.9300035000,6.7842110000,6.8716865000,6.8230890000,7374551,52002081.7400,2,1.469000,1,0.712300,18.140528,1.055300,2.200875,33.317959,0
2024-11-01,sz.002282,6.9008450000,6.9105645000,6.6189795000,6.6286990000,6.8716865000,9015899,62261009.1100,2,1.795900,1,-3.536100,17.499066,1.017984,2.123050,32.139813,0
2024-11-04,sz.002282,6.6384185000,6.8230890000,6.6286990000,6.8036500000,6.6286990000,5740950,39840775.8000,2,1.143600,1,2.639300,17.960919,1.044852,2.179084,32.988078,0
2024-11-05,sz.002282,6.8036500000,6.9008450000,6.7939305000,6.8814060000,6.8036500000,7489557,52817501.8500,2,1.491900,1,1.142900,18.166186,1.056793,2.203988,33.365085,0
2024-11-06,sz.002282,6.8814060000,6.9202840000,6.7842110000,6.8133695000,6.8814060000,8894336,62642980.4400,2,1.771700,1,-0.988700,17.986577,1.046345,2.182197,33.035204,0
2024-11-07,sz.002282,6.7842110000,6.9494425000,6.7356135000,6.9300035000,6.8133695000,8902086,63137648.3200,2,1.773300,1,1.711800,18.294479,1.064256,2.219553,33.600714,0
2024-11-08,sz.002282,6.9397230000,6.9786010000,6.8619670000,6.8911255000,6.9300035000,8050900,57149094.0000,2,1.603700,1,-0.561000,18.191845,1.058286,2.207101,33.412211,0
2024-11-11,sz.002282,6.8522475000,6.9591620000,6.8328085000,6.9591620000,6.8911255000,6347650,45179381.5000,2,1.264400,1,0.987300,18.371454,1.068734,2.228892,33.742091,0
2024-11-12,sz.002282,6.9397230000,7.0757960000,6.8716865000,6.9105645000,6.9591620000,9742404,69951614.9800,2,1.940700,1,-0.698300,18.243162,1.061271,2.213327,33.506462,0
2024-11-13,sz.002282,6.9591620000,7.0369180000,6.8522475000,6.9786010000,6.9105645000,7355230,52533728.9500,2,1.465100,1,0.984500,18.422771,1.071720,2.235117,33.836343,0
2024-11-14,sz.002282,6.9494425000,6.9883205000,6.7842110000,6.8036500000,6.9786010000,6770521,47942877.9600,2,1.348700,1,-2.507000,17.960919,1.044852,2.179084,32.988078,0
2024-11-15,sz.002282,6.7842110000,6.9105645000,6.6481380000,6.6578575000,6.8036500000,8574500,59868524.0000,2,1.708000,1,-2.142900,17.576042,1.022462,2.132389,32.281191,0
2024-11-18,sz.002282,6.7842110000,6.7842110000,6.5703820000,6.6578575000,6.6578575000,7056815,48552529.8600,2,1.405700,1,0.000000,17.576042,1.022462,2.132389,32.281191,0
2024-11-19,sz.002282,6.6870160000,6.8036500000,6.6578575000,6.8036500000,6.6578575000,5758850,39898356.0000,2,1.147100,1,2.189800,17.960919,1.044852,2.179084,32.988078,0
2024-11-20,sz.002282,6.8133695000,6.9883205000,6.7939305000,6.9883205000,6.8036500000,7935637,56491577.9200,2,1.580800,1,2.714300,18.448429,1.073212,2.238230,33.883469,0
2024-11-21,sz.002282,6.9591620000,7.0271985000,6.9202840000,7.0077595000,6.9883205000,6658150,47802496.5000,2,1.326300,1,0.278200,18.499746,1.076197,2.244456,33.977720,0
2024-11-22,sz.002282,7.0077595000,7.0563570000,6.7647720000,6.8230890000,7.0077595000,7298900,52149027.0000,2,1.453900,1,-2.635200,18.012236,1.047837,2.185310,33.082330,0
2024-11-25,sz.002282,6.8133695000,6.9494425000,6.7550525000,6.9397230000,6.8230890000,5141600,36348521.0000,2,1.024200,1,1.709400,18.320137,1.065749,2.222666,33.647840,0
2024-11-26,sz.002282,6.9494425000,7.1146740000,6.9008450000,6.9105645000,6.9397230000,8796600,63253880.9700,2,1.752300,1,-0.420200,18.243162,1.061271,2.213327,33.506462,0
2024-11-27,sz.002282,6.9008450000,6.9688815000,6.6481380000,6.9591620000,6.9105645000,6440643,45058632.4500,2,1.283000,1,0.703200,18.371454,1.068734,2.228892,33.742091,0
2024-11-28,sz.002282,6.9397230000,7.1632715000,6.9202840000,7.0271985000,6.9591620000,8299601,60085507.2300,2,1.653300,1,0.977700,18.551063,1.079183,2.250682,34.071972,0
2024-11-29,sz.002282,6.9883205000,7.1535520000,6.9688815000,7.1049545000,7.0271985000,6367875,46348664.5000,2,1.268500,1,1.106500,18.756331,1.091124,2.275586,34.448979,0
2024-12-02,sz.002282,7.1729910000,7.2896250000,7.0855155000,7.2507470000,7.1049545000,8589202,63666984.9400,2,1.710900,1,2.052000,19.141208,1.113514,2.322281,35.155866,0
2024-12-03,sz.002282,7.2215885000,7.3187835000,7.2021495000,7.2799055000,7.2507470000,7661715,57238641.2000,2,1.526200,1,0.402100,19.218183,1.117992,2.331620,35.297244,0
2024-12-04,sz.002282,7.4354175000,7.5034540000,7.1632715000,7.2313080000,7.2799055000,11059900,82999078.0000,2,2.203100,1,-0.667600,19.089891,1.110528,2.316055,35.061614,0
2024-12-05,sz.002282,7.1729910000,7.4062590000,7.1535520000,7.3285030000,7.2313080000,7265885,54549046.8000,2,1.447300,1,1.344100,19.346475,1.125455,2.347185,35.532873,0
2024-12-06,sz.002282,7.3382225000,7.3965395000,7.2507470000,7.3576615000,7.3285030000,7164285,53990612.6500,2,1.427100,1,0.397900,19.423451,1.129933,2.356524,35.674250,0
2024-12-09,sz.002282,7.3673810000,7.4451370000,7.2604665000,7.3382225000,7.3576615000,7215800,54581795.0000,2,1.437400,1,-0.264200,19.372134,1.126947,2.350298,35.579999,0
2024-12-10,sz.002282,7.4840150000,7.5423320000,7.3479420000,7.3576615000,7.3382225000,8452289,64393155.3400,2,1.683700,1,0.264900,19.423451,1.129933,2.356524,35.674250,0
2024-12-11,sz.002282,7.3382225000,7.4159785000,7.3285030000,7.3868200000,7.3576615000,5703200,43277379.5000,2,1.136100,1,0.396300,19.500426,1.134411,2.365863,35.815628,0
2024-12-12,sz.002282,7.3868200000,7.4159785000,7.2896250000,7.3868200000,7.3868200000,4938607,37393055.0400,2,0.983800,1,0.000000,19.500426,1.134411,2.365863,35.815628,0
2024-12-13,sz.002282,7.3868200000,7.3868200000,7.1729910000,7.2118690000,7.3868200000,6696162,50112913.6200,2,1.333900,1,-2.368400,19.038574,1.107543,2.309829,34.967363,0
2024-12-16,sz.002282,7.2410275000,7.3479420000,7.2118690000,7.2799055000,7.2118690000,5916979,44351672.9300,2,1.178600,1,0.943400,19.218183,1.117992,2.331620,35.297244,0
2024-12-17,sz.002282,7.2799055000,7.2993445000,6.9397230000,6.9591620000,7.2799055000,7955151,57674824.2200,2,1.584600,1,-4.405900,18.371454,1.068734,2.228892,33.742091,0
2024-12-18,sz.002282,7.0174790000,7.1146740000,6.8716865000,6.9591620000,6.9591620000,4984390,35844159.4000,2,0.992900,1,0.000000,18.371454,1.068734,2.228892,33.742091,0
2024-12-19,sz.002282,6.9300035000,6.9980400000,6.8716865000,6.9786010000,6.9591620000,4422900,31541404.0000,2,0.881000,1,0.279300,18.422771,1.071720,2.235117,33.836343,0
2024-12-20,sz.002282,6.9786010000,7.1146740000,6.9688815000,7.0271985000,6.9786010000,4638500,33568927.0000,2,0.924000,1,0.696400,18.551063,1.079183,2.250682,34.071972,0
2024-12-23,sz.002282,7.0369180000,7.0660765000,6.7064550000,6.7161745000,7.0271985000,7131100,50240933.0000,2,1.420500,1,-4.426000,17.729993,1.031418,2.151067,32.563946,0
2024-12-24,sz.002282,6.8328085000,6.8911255000,6.7356135000,6.8619670000,6.7161745000,5037100,35399889.0000,2,1.003400,1,2.170800,18.114869,1.053808,2.197762,33.270833,0
2024-12-25,sz.002282,6.8619670000,6.8716865000,6.6286990000,6.7453330000,6.8619670000,6123099,42412920.0600,2,1.219700,1,-1.699700,17.806968,1.035896,2.160406,32.705323,0
2024-12-26,sz.002282,6.7550525000,6.9105645000,6.7258940000,6.8133695000,6.7453330000,5170910,36365666.8000,2,1.030000,1,1.008600,17.986577,1.046345,2.182197,33.035204,0
2024-12-27,sz.002282,6.8036500000,7.0174790000,6.7550525000,6.9688815000,6.8133695000,5809604,41531894.2100,2,1.157300,1,2.282500,18.397112,1.070227,2.232005,33.789217,0
2024-12-30,sz.002282,6.9980400000,7.6686855000,6.8328085000,7.3382225000,6.9688815000,36757395,281718310.9400,2,7.322000,1,5.299900,19.372134,1.126947,2.350298,35.579999,0
2024-12-31,sz.002282,7.3090640000,7.5034540000,7.1341130000,7.2021495000,7.3382225000,28243760,211280229.2600,2,5.626100,1,-1.854300,19.012915,1.106050,2.306716,34.920237,0
2025-01-02,sz.002282,7.2118690000,7.3382225000,6.9883205000,7.0466375000,7.2021495000,18773963,137493256.5600,2,3.739700,1,-2.159200,18.602380,1.082168,2.256908,34.166224,0
2025-01-03,sz.002282,7.0952350000,7.6200880000,6.6286990000,6.6675770000,7.0466375000,20584699,148674319.6200,2,4.100400,1,-5.379300,17.601700,1.023955,2.135502,32.328317,0
2025-01-06,sz.002282,6.6189795000,6.8230890000,6.4634675000,6.7550525000,6.6675770000,13650572,93813159.6500,2,2.719200,1,1.312000,17.832626,1.037389,2.163519,32.752449,0
2025-01-07,sz.002282,6.7647720000,7.4354175000,6.7064550000,7.4354175000,6.7550525000,15969893,119619703.2500,2,3.181200,1,10.071900,19.628718,1.141874,2.381427,36.051257,0
2025-01-08,sz.002282,7.9699900000,8.0769045000,7.5326125000,7.6978440000,7.4354175000,61675699,490043425.3200,2,12.285600,1,3.529400,20.321497,1.182175,2.465478,37.323654,0
2025-01-09,sz.002282,7.6978440000,8.0380265000,7.4645760000,7.7561610000,7.6978440000,51690867,412022883.5000,2,10.296700,1,0.757600,20.475447,1.191131,2.484156,37.606409,0
2025-01-10,sz.002282,7.6492465000,7.9213925000,7.5520515000,7.5812100000,7.7561610000,34148973,270480164.7100,2,6.802400,1,-2.255600,20.013595,1.164264,2.428122,36.758144,0
2025-01-13,sz.002282,7.3382225000,7.4451370000,6.9688815000,7.0174790000,7.5812100000,31674339,233481933.8300,2,6.309400,1,-7.435900,18.525405,1.077690,2.247569,34.024846,0
2025-01-14,sz.002282,7.0077595000,7.4354175000,7.0077595000,7.4256980000,7.0174790000,25402841,189737196.0100,2,5.060200,1,5.817200,19.603060,1.140381,2.378314,36.004131,0
2025-01-15,sz.002282,7.3771005000,7.4256980000,7.1729910000,7.2313080000,7.4256980000,15924348,118953993.4100,2,3.172100,1,-2.617800,19.089891,1.110528,2.316055,35.061614,0
2025-01-16,sz.002282,7.2410275000,7.3673810000,7.0660765000,7.1632715000,7.2313080000,13101300,97099727.3200,2,2.609700,1,-0.940900,18.910282,1.100080,2.294264,34.731734,0
2025-01-17,sz.002282,7.1243935000,7.4354175000,7.0271985000,7.2507470000,7.1632715000,21927985,162733871.7700,2,4.368000,1,1.221200,19.141208,1.113514,2.322281,35.155866,0
2025-01-20,sz.002282,7.2799055000,7.9797095000,7.2604665000,7.9797095000,7.2507470000,29170670,234793132.7000,2,5.810700,1,10.053600,21.065592,1.225462,2.555754,38.690303,0
2025-01-21,sz.002282,8.1449410000,8.2226970000,7.7756000000,7.8825145000,7.9797095000,48077151,391912594.4300,2,9.576800,1,-1.218000,20.809007,1.210536,2.524624,38.219045,0
2025-01-22,sz.002282,7.8339170000,7.8727950000,7.6589660000,7.7075635000,7.8825145000,21797075,173408074.0000,2,4.341900,1,-2.219500,20.347155,1.183668,2.468591,37.370780,0
2025-01-23,sz.002282,7.8144780000,7.9505510000,7.6298075000,7.6395270000,7.7075635000,28163119,225076688.2000,2,5.610000,1,-0.882700,20.167546,1.173219,2.446800,37.040899,0
2025-01-24,sz.002282,7.7658805000,7.9602705000,7.6589660000,7.8922340000,7.6395270000,31277750,252026544.6300,2,6.230400,1,3.307900,20.834666,1.212028,2.527737,38.266171,0
2025-01-27,sz.002282,7.9019535000,8.0477460000,7.6784050000,7.6978440000,7.8922340000,20825726,167250481.4800,2,4.148400,1,-2.463100,20.321497,1.182175,2.465478,37.323654,0
2025-02-05,sz.002282,7.6978440000,7.8825145000,7.4937345000,7.8825145000,7.6978440000,22514497,178575058.5700,2,4.484800,1,2.399000,20.809007,1.210536,2.524624,38.219045,0
2025-02-06,sz.002282,7.7756000000,7.9602705000,7.7464415000,7.9602705000,7.8825145000,24326142,197252170.6400,2,4.845700,1,0.986400,21.014275,1.222477,2.549528,38.596051,0
2025-02-07,sz.002282,7.9505510000,8.1352215000,7.8047585000,7.9505510000,7.9602705000,27370151,224249337.8400,2,5.452100,1,-0.122100,20.988616,1.220984,2.546415,38.548926,0
2025-02-10,sz.002282,7.9505510000,8.2129775000,7.8533560000,8.1157825000,7.9505510000,28658035,236378096.8800,2,5.708600,1,2.078200,21.424810,1.246359,2.599336,39.350065,0
2025-02-11,sz.002282,8.1838190000,8.2226970000,7.8727950000,7.8727950000,8.1157825000,23165598,190664042.5200,2,4.614500,1,-2.994000,20.783349,1.209043,2.521511,38.171919,0
2025-02-12,sz.002282,7.8241975000,7.9408315000,7.7561610000,7.8241975000,7.8727950000,16188401,130284811.9900,2,3.224700,1,-0.617300,20.655056,1.201580,2.505946,37.936290,0
2025-02-13,sz.002282,7.8241975000,8.6114770000,7.7950390000,8.0671850000,7.8241975000,42793237,364413931.2200,2,8.524300,1,3.105600,21.296518,1.238896,2.583771,39.114435,0
2025-02-14,sz.002282,7.8825145000,8.7378305000,7.8825145000,8.3782090000,8.0671850000,43264470,370418912.9700,2,8.618200,1,3.855400,22.117588,1.286660,2.683386,40.622462,0
2025-02-17,sz.002282,8.2712945000,8.5142820000,8.2129775000,8.4365260000,8.3782090000,28523449,245416810.3600,2,5.681800,1,0.696100,22.271539,1.295616,2.702064,40.905217,0
2025-02-18,sz.002282,8.3782090000,8.4268065000,8.0088680000,8.0963435000,8.4365260000,21788866,184008128.4600,2,4.340300,1,-4.032300,21.373493,1.243374,2.593110,39.255813,0
2025-02-19,sz.002282,8.1060630000,8.3004530000,7.9699900000,8.2421360000,8.0963435000,15741975,132516105.2500,2,3.135800,1,1.800700,21.758370,1.265763,2.639804,39.962700,0
2025-02-20,sz.002282,8.1740995000,8.3198920000,8.0574655000,8.1643800000,8.2421360000,16107900,135038928.0000,2,3.208600,1,-0.943400,21.553102,1.253822,2.614901,39.585694,0
2025-02-21,sz.002282,8.1643800000,8.1935385000,8.0185875000,8.0671850000,8.1643800000,15481100,128639103.0000,2,3.083800,1,-1.190500,21.296518,1.238896,2.583771,39.114435,0
2025-02-24,sz.002282,8.0671850000,8.1838190000,7.9894290000,8.1449410000,8.0671850000,14345753,119543237.0200,2,2.857600,1,0.963900,21.501785,1.250837,2.608675,39.491442,0
2025-02-25,sz.002282,8.0671850000,8.1449410000,7.8436365000,7.8922340000,8.1449410000,17347029,141573206.1200,2,3.455500,1,-3.102600,20.834666,1.212028,2.527737,38.266171,0
2025-02-26,sz.002282,7.8825145000,8.0671850000,7.8630755000,7.9311120000,7.8922340000,11318537,92489179.6700,2,2.254600,1,0.492600,20.937299,1.217999,2.540189,38.454674,0
2025-02-27,sz.002282,7.9213925000,7.9991485000,7.8241975000,7.9602705000,7.9311120000,10908457,88950132.2600,2,2.172900,1,0.367600,21.014275,1.222477,2.549528,38.596051,0
2025-02-28,sz.002282,7.9019535000,8.2129775000,7.8339170000,8.0671850000,7.9602705000,17382850,143755169.4900,2,3.462600,1,1.343100,21.296518,1.238896,2.583771,39.114435,0
2025-03-03,sz.002282,8.0866240000,8.1838190000,7.7561610000,7.8144780000,8.0671850000,15952800,131406632.0000,2,3.177800,1,-3.132500,20.629398,1.200087,2.502834,37.889164,0
2025-03-04,sz.002282,7.6784050000,7.9408315000,7.5812100000,7.9311120000,7.8144780000,10027000,80523092.0000,2,1.997400,1,1.492500,20.937299,1.217999,2.540189,38.454674,0
2025-03-05,sz.002282,7.8825145000,8.0380265000,7.8339170000,7.9116730000,7.9311120000,7619900,62011988.0000,2,1.517900,1,-0.245100,20.885983,1.215013,2.533963,38.360422,0
2025-03-06,sz.002282,7.9213925000,8.0088680000,7.8727950000,7.9602705000,7.9116730000,9563001,78243490.1200,2,1.904900,1,0.614300,21.014275,1.222477,2.549528,38.596051,0
2025-03-07,sz.002282,7.9213925000,7.9408315000,7.7658805000,7.8047585000,7.9602705000,10163557,81990274.2800,2,2.024600,1,-1.953600,20.603740,1.198594,2.499721,37.842038,0
2025-03-10,sz.002282,7.7853195000,7.9505510000,7.7756000000,7.9019535000,7.8047585000,6508400,52797218.0000,2,1.296500,1,1.245300,20.860324,1.213521,2.530850,38.313296,0
2025-03-11,sz.002282,7.7950390000,8.1449410000,7.7367220000,8.0866240000,7.9019535000,14046310,115762336.8000,2,2.798000,1,2.337000,21.347835,1.241881,2.589997,39.208687,0
2025-03-12,sz.002282,8.0671850000,8.2324165000,8.0380265000,8.1838190000,8.0866240000,14157645,119101001.3500,2,2.820200,1,1.201900,21.604419,1.256808,2.621127,39.679945,0
2025-03-13,sz.002282,8.1643800000,8.1935385000,7.9116730000,8.0574655000,8.1838190000,9020900,74505412.0000,2,1.796900,1,-1.543900,21.270859,1.237403,2.580658,39.067310,0
2025-03-14,sz.002282,8.0283070000,8.0866240000,7.9116730000,8.0769045000,8.0574655000,7627000,62890513.0000,2,1.519300,1,0.241300,21.322176,1.240388,2.586884,39.161561,0
2025-03-17,sz.002282,8.0866240000,8.1546605000,8.0477460000,8.1255020000,8.0769045000,8579501,71515730.3000,2,1.709000,1,0.601700,21.450469,1.247852,2.602449,39.397190,0
2025-03-18,sz.002282,8.1643800000,8.1740995000,7.9602705000,8.0185875000,8.1255020000,11114401,91833042.2500,2,2.214000,1,-1.315800,22.667579,1.221216,2.585011,-65.415352,0
2025-03-19,sz.002282,8.0185875000,8.1546605000,7.9699900000,8.0380265000,8.0185875000,8656100,71825686.0000,2,1.724300,1,0.242400,22.722530,1.224176,2.591277,-65.573934,0
2025-03-20,sz.002282,8.0088680000,8.2518555000,7.9894290000,8.1449410000,8.0380265000,12987636,108444005.6700,2,2.587100,1,1.330100,23.024765,1.240459,2.625744,-66.446139,0
2025-03-21,sz.002282,8.1060630000,8.1255020000,7.9408315000,7.9699900000,8.1449410000,9188500,75833665.7500,2,1.830300,1,-2.148000,22.530199,1.213814,2.569344,-65.018895,0
2025-03-24,sz.002282,7.9602705000,7.9894290000,7.5228930000,7.6978440000,7.9699900000,10984000,87466535.0000,2,2.188000,1,-3.414600,21.760875,1.172367,2.481610,-62.798738,0
2025-03-25,sz.002282,7.6881245000,7.7464415000,7.6006490000,7.6686855000,7.6978440000,5136300,40588238.0000,2,1.023100,1,-0.378800,21.678448,1.167926,2.472210,-62.560864,0
2025-03-26,sz.002282,7.6978440000,7.8533560000,7.6200880000,7.7950390000,7.6686855000,6368700,51073961.0000,2,1.268600,1,1.647700,22.035634,1.187170,2.512944,-63.591651,0
2025-03-27,sz.002282,7.7756000000,7.7853195000,7.6006490000,7.6686855000,7.7950390000,6374900,50400606.0000,2,1.269900,1,-1.620900,21.678448,1.167926,2.472210,-62.560864,0
2025-03-28,sz.002282,7.6686855000,7.7270025000,7.5520515000,7.5617710000,7.6686855000,4979792,38995379.4100,2,0.992000,1,-1.394200,21.376213,1.151643,2.437743,-61.688659,0
2025-03-31,sz.002282,7.4840150000,7.5714905000,7.3479420000,7.4742955000,7.5617710000,6003200,45952136.0000,2,1.195800,1,-1.156800,21.128931,1.138321,2.409543,-60.975037,0
2025-04-01,sz.002282,7.4840150000,7.6200880000,7.4840150000,7.5714905000,7.4742955000,3939966,30696586.9100,2,0.784800,1,1.300400,21.403689,1.153124,2.440877,-61.767950,0
2025-04-02,sz.002282,7.6006490000,7.6784050000,7.5228930000,7.5326125000,7.5714905000,3275201,25620507.8400,2,0.652400,1,-0.513500,21.293786,1.147203,2.428343,-61.450785,0
2025-04-03,sz.002282,7.4937345000,7.9991485000,7.4742955000,7.6492465000,7.5326125000,11574300,91705006.0000,2,2.305600,1,1.548400,21.623496,1.164966,2.465943,-62.402281,0
2025-04-07,sz.002282,7.1049545000,7.3382225000,6.8814060000,6.8814060000,7.6492465000,8043100,57568960.0000,2,1.602200,1,-10.038100,19.452904,1.048025,2.218409,-56.138265,0
2025-04-08,sz.002282,6.8036500000,6.9008450000,6.4245895000,6.6286990000,6.8814060000,12999171,88645147.0700,2,2.589400,1,-3.672300,18.738532,1.009538,2.136942,-54.076691,0
2025-04-09,sz.002282,6.4731870000,6.7161745000,6.1038460000,6.6578575000,6.6286990000,10195300,67653260.0000,2,2.030900,1,0.439900,18.820959,1.013979,2.146342,-54.314565,0
2025-04-10,sz.002282,6.7647720000,6.9202840000,6.7550525000,6.7550525000,6.6578575000,7822300,54974351.0000,2,1.558200,1,1.459900,19.095718,1.028782,2.177676,-55.107478,0
2025-04-11,sz.002282,6.7550525000,6.9105645000,6.7453330000,6.8425280000,6.7550525000,5731600,40497792.0000,2,1.141700,1,1.295000,19.343000,1.042104,2.205876,-55.821100,0
2025-04-14,sz.002282,6.9300035000,7.0855155000,6.9105645000,6.9300035000,6.8425280000,6419500,46075598.8800,2,1.278700,1,1.278400,19.590283,1.055426,2.234076,-56.534722,0
2025-04-15,sz.002282,6.9591620000,6.9883205000,6.8425280000,6.9202840000,6.9300035000,4353175,30903976.7500,2,0.867100,1,-0.140300,19.562807,1.053946,2.230942,-56.455431,0
2025-04-16,sz.002282,6.9202840000,6.9300035000,6.6870160000,6.8425280000,6.9202840000,4965202,34769230.0400,2,0.989100,1,-1.123600,19.343000,1.042104,2.205876,-55.821100,0
2025-04-17,sz.002282,6.8328085000,6.9591620000,6.7744915000,6.9300035000,6.8425280000,5135402,36525488.1000,2,1.023000,1,1.278400,19.590283,1.055426,2.234076,-56.534722,0
2025-04-18,sz.002282,6.9900000000,7.0300000000,6.8600000000,6.9600000000,6.9300000000,4452400,30909145.0000,2,0.886900,1,0.432900,19.123194,1.030262,2.180809,-55.186769,0
2025-04-21,sz.002282,6.9300000000,7.0400000000,6.8900000000,7.0300000000,6.9600000000,3156301,22070859.9800,2,0.628700,1,1.005700,19.315524,1.040624,2.202742,-55.741809,0
2025-04-22,sz.002282,7.0200000000,7.0500000000,6.9700000000,7.0100000000,7.0300000000,4009200,28099739.0000,2,0.798600,1,-0.284500,19.260573,1.037663,2.196476,-55.583226,0
2025-04-23,sz.002282,7.1500000000,7.1900000000,7.0800000000,7.1800000000,7.0100000000,5285353,37792468.4200,2,1.052800,1,2.425100,19.688817,1.045686,2.198756,-28.266757,0
2025-04-24,sz.002282,7.1600000000,7.2300000000,7.0800000000,7.1500000000,7.1800000000,4697200,33585773.0000,2,0.935700,1,-0.417800,19.606552,1.041317,2.189569,-28.148651,0
2025-04-25,sz.002282,7.1100000000,7.2500000000,7.1000000000,7.2000000000,7.1500000000,3149500,22635796.0000,2,0.627400,1,0.699300,19.743661,1.048598,2.204881,-28.345494,0
2025-04-28,sz.002282,7.2000000000,7.2200000000,7.0800000000,7.1100000000,7.2000000000,3100760,22107440.8000,2,0.617700,1,-1.250000,19.496865,1.035491,2.177320,-27.991176,0
2025-04-29,sz.002282,7.1100000000,7.2900000000,7.1100000000,7.2500000000,7.1100000000,4474836,32400706.2300,2,0.891400,1,1.969100,19.880770,1.055880,2.220193,-28.542338,0
2025-04-30,sz.002282,7.2500000000,7.3100000000,7.2500000000,7.2500000000,7.2500000000,3276100,23871456.0000,2,0.652600,1,0.000000,19.880770,1.055880,2.220193,-28.542338,0
2025-05-06,sz.002282,7.3100000000,7.3700000000,7.2800000000,7.3500000000,7.2500000000,4104200,30114989.5700,2,0.817500,1,1.379300,20.154987,1.070444,2.250816,-28.936025,0
2025-05-07,sz.002282,7.4100000000,7.4400000000,7.3200000000,7.3700000000,7.3500000000,4123699,30406530.6100,2,0.821400,1,0.272100,20.209831,1.073357,2.256941,-29.014763,0
2025-05-08,sz.002282,7.3400000000,7.5000000000,7.3400000000,7.4600000000,7.3700000000,4948415,36844663.6000,2,0.985700,1,1.221200,20.456626,1.086465,2.284502,-29.369082,0
2025-05-09,sz.002282,7.4400000000,7.5000000000,7.3700000000,7.4300000000,7.4600000000,4301000,31947589.0000,2,0.856700,1,-0.402100,20.374361,1.082095,2.275315,-29.250975,0
2025-05-12,sz.002282,7.4800000000,7.4800000000,7.4100000000,7.4600000000,7.4300000000,4315700,32110897.0000,2,0.859700,1,0.403800,20.456626,1.086465,2.284502,-29.369082,0
2025-05-13,sz.002282,7.5200000000,7.5600000000,7.4300000000,7.4900000000,7.4600000000,4218950,31606222.0000,2,0.840400,1,0.402100,20.538892,1.090834,2.293689,-29.487188,0
2025-05-14,sz.002282,7.4800000000,7.5100000000,7.3800000000,7.4300000000,7.4900000000,4789415,35613532.1500,2,0.954000,1,-0.801100,20.374361,1.082095,2.275315,-29.250975,0
2025-05-15,sz.002282,7.4200000000,7.4400000000,7.3300000000,7.3600000000,7.4300000000,3114300,22974810.0000,2,0.620400,1,-0.942100,20.182409,1.071901,2.253879,-28.975394,0
2025-05-16,sz.002282,7.3300000000,7.4900000000,7.3300000000,7.4200000000,7.3600000000,3977504,29565261.7000,2,0.792300,1,0.815200,20.346939,1.080639,2.272253,-29.211607,0
2025-05-19,sz.002282,7.4100000000,7.5000000000,7.4000000000,7.4600000000,7.4200000000,3984500,29666858.0600,2,0.793700,1,0.539100,20.456626,1.086465,2.284502,-29.369082,0
2025-05-20,sz.002282,7.4600000000,7.5000000000,7.4000000000,7.4800000000,7.4600000000,4386275,32749750.2500,2,0.873700,1,0.268100,20.511470,1.089377,2.290627,-29.447819,0
2025-05-21,sz.002282,7.5000000000,7.5100000000,7.4100000000,7.4200000000,7.4800000000,3232500,24064516.0000,2,0.643900,1,-0.802100,20.346939,1.080639,2.272253,-29.211607,0
2025-05-22,sz.002282,7.3800000000,7.4800000000,7.3100000000,7.3200000000,7.4200000000,4649000,34314542.0000,2,0.926100,1,-1.347700,20.072722,1.066075,2.241629,-28.817919,0
2025-05-23,sz.002282,7.3400000000,7.4800000000,7.2700000000,7.2800000000,7.3200000000,5858814,43213918.4600,2,1.167100,1,-0.546400,19.963035,1.060250,2.229380,-28.660444,0
2025-05-26,sz.002282,7.3200000000,7.3700000000,7.2300000000,7.3300000000,7.2800000000,4074185,29844508.0500,2,0.811600,1,0.686800,20.100144,1.067532,2.244692,-28.857288,0
2025-05-27,sz.002282,7.3200000000,7.3600000000,7.2800000000,7.3200000000,7.3300000000,3126985,22882240.8000,2,0.622900,1,-0.136400,20.072722,1.066075,2.241629,-28.817919,0
2025-05-28,sz.002282,7.3200000000,7.3900000000,7.2200000000,7.2800000000,7.3200000000,4020000,29298923.5000,2,0.800800,1,-0.546400,19.963035,1.060250,2.229380,-28.660444,0
2025-05-29,sz.002282,7.2200000000,7.4200000000,7.2200000000,7.4000000000,7.2800000000,5277400,38939113.0000,2,1.051200,1,1.648400,20.292096,1.077726,2.266128,-29.132869,0
2025-05-30,sz.002282,7.3700000000,7.4000000000,7.2000000000,7.2500000000,7.4000000000,4811500,34948078.0000,2,0.958400,1,-2.027000,19.880770,1.055880,2.220193,-28.542338,0
2025-06-03,sz.002282,7.2100000000,7.3500000000,7.1900000000,7.3300000000,7.2500000000,4137901,30218423.3200,2,0.824300,1,1.103400,20.100144,1.067532,2.244692,-28.857288,0
2025-06-04,sz.002282,7.2800000000,7.3100000000,7.2300000000,7.2800000000,7.3300000000,4180305,30401080.2000,2,0.832700,1,-0.682100,19.963035,1.060250,2.229380,-28.660444,0
2025-06-05,sz.002282,7.2900000000,7.3000000000,7.1600000000,7.1800000000,7.2800000000,4965800,35789936.0000,2,0.989200,1,-1.373600,19.688817,1.045686,2.198756,-28.266757,0
2025-06-06,sz.002282,7.1800000000,7.2300000000,7.1600000000,7.2200000000,7.1800000000,3154100,22703444.0000,2,0.628300,1,0.557100,19.798504,1.051511,2.211006,-28.424232,0
2025-06-09,sz.002282,7.2400000000,7.3100000000,7.1900000000,7.3000000000,7.2200000000,3865601,28141515.2900,2,0.770000,1,1.108000,20.017878,1.063162,2.235505,-28.739182,0
2025-06-10,sz.002282,7.2800000000,7.3700000000,7.1900000000,7.2800000000,7.3000000000,5800114,42253121.9200,2,1.155400,1,-0.274000,19.963035,1.060250,2.229380,-28.660444,0
2025-06-11,sz.002282,7.2700000000,7.4200000000,7.2500000000,7.3600000000,7.2800000000,5391690,39733685.0000,2,1.074000,1,1.098900,20.182409,1.071901,2.253879,-28.975394,0
2025-06-12,sz.002282,7.3600000000,7.4400000000,7.3100000000,7.3900000000,7.3600000000,3662100,27052135.0000,2,0.729500,1,0.407600,20.264674,1.076270,2.263066,-29.093500,0
2025-06-13,sz.002282,7.3800000000,7.3800000000,7.2600000000,7.2800000000,7.3900000000,3305400,24144749.0000,2,0.658400,1,-1.488500,19.963035,1.060250,2.229380,-28.660444,0
2025-06-16,sz.002282,7.2400000000,7.3400000000,7.2300000000,7.2700000000,7.2800000000,3598900,26267028.0000,2,0.716900,1,-0.137400,19.935613,1.058793,2.226317,-28.621075,0
2025-06-17,sz.002282,7.2700000000,7.2900000000,7.2000000000,7.2500000000,7.2700000000,3288200,23792798.0000,2,0.655000,1,-0.275100,19.880770,1.055880,2.220193,-28.542338,0
2025-06-18,sz.002282,7.2400000000,7.3000000000,7.1700000000,7.2200000000,7.2500000000,2817900,20381830.0000,2,0.561300,1,-0.413800,19.798504,1.051511,2.211006,-28.424232,0
2025-06-19,sz.002282,7.1700000000,7.3400000000,7.1700000000,7.2400000000,7.2200000000,6579114,47746679.7200,2,1.310500,1,0.277000,19.853348,1.054424,2.217131,-28.502969,0
2025-06-20,sz.002282,7.2300000000,7.3000000000,7.1200000000,7.1200000000,7.2400000000,5029869,36160047.7900,2,1.001900,1,-1.657500,19.524287,1.036947,2.180382,-28.030544,0
2025-06-23,sz.002282,7.1000000000,7.2900000000,7.0600000000,7.2800000000,7.1200000000,3910611,28192982.4200,2,0.779000,1,2.247200,19.963035,1.060250,2.229380,-28.660444,0
2025-06-24,sz.002282,7.2900000000,7.4500000000,7.2800000000,7.4400000000,7.2800000000,4751302,35159078.6600,2,0.946400,1,2.197800,20.401783,1.083552,2.278377,-29.290344,0
2025-06-25,sz.002282,7.4700000000,7.4800000000,7.4000000000,7.4600000000,7.4400000000,4221815,31391949.0000,2,0.841000,1,0.268800,20.456626,1.086465,2.284502,-29.369082,0
2025-06-26,sz.002282,7.4500000000,7.4600000000,7.3600000000,7.3700000000,7.4600000000,4158800,30792550.0000,2,0.828400,1,-1.206400,20.209831,1.073357,2.256941,-29.014763,0
2025-06-27,sz.002282,7.4200000000,7.4400000000,7.3500000000,7.4200000000,7.3700000000,4468174,33082544.6500,2,0.890000,1,0.678400,20.346939,1.080639,2.272253,-29.211607,0
2025-06-30,sz.002282,7.4400000000,7.4800000000,7.4000000000,7.4700000000,7.4200000000,3559306,26537339.7600,2,0.709000,1,0.673900,20.484048,1.087921,2.287564,-29.408450,0
2025-07-01,sz.002282,7.4700000000,7.5200000000,7.4200000000,7.5000000000,7.4700000000,4532212,33902221.0400,2,0.902800,1,0.401600,20.566313,1.092290,2.296751,-29.526556,0
2025-07-02,sz.002282,7.5000000000,7.6400000000,7.4700000000,7.5800000000,7.5000000000,7368511,55679766.9400,2,1.467800,1,1.066700,20.785687,1.103941,2.321250,-29.841506,0
2025-07-03,sz.002282,7.5700000000,7.5800000000,7.5200000000,7.5600000000,7.5800000000,4187800,31640104.0000,2,0.834200,1,-0.263900,20.730844,1.101028,2.315125,-29.762769,0
2025-07-04,sz.002282,7.5500000000,7.5800000000,7.4800000000,7.4900000000,7.5600000000,3803200,28625098.0000,2,0.757600,1,-0.925900,20.538892,1.090834,2.293689,-29.487188,0
2025-07-07,sz.002282,7.5000000000,7.5800000000,7.4600000000,7.5800000000,7.4900000000,3521760,26515901.4000,2,0.701500,1,1.201600,20.785687,1.103941,2.321250,-29.841506,0
2025-07-08,sz.002282,7.5800000000,7.6400000000,7.5500000000,7.6200000000,7.5800000000,4216760,32084782.4000,2,0.840000,1,0.527700,20.895374,1.109767,2.333499,-29.998981,0
2025-07-09,sz.002282,7.6200000000,7.7100000000,7.6000000000,7.6300000000,7.6200000000,5047702,38609176.2400,2,1.005500,1,0.131200,20.922796,1.111223,2.336562,-30.038350,0
2025-07-10,sz.002282,7.6200000000,7.6700000000,7.5700000000,7.6200000000,7.6300000000,4158175,31646922.7500,2,0.828300,1,-0.131100,20.895374,1.109767,2.333499,-29.998981,0
2025-07-11,sz.002282,7.6200000000,7.6400000000,7.5600000000,7.6000000000,7.6200000000,3678600,27958465.0000,2,0.732800,1,-0.262500,20.840531,1.106854,2.327375,-29.920244,0
2025-07-14,sz.002282,7.6400000000,7.7400000000,7.6000000000,7.7200000000,7.6000000000,6059077,46640814.3400,2,1.207000,1,1.578900,21.169592,1.124331,2.364123,-30.392669,0
2025-07-15,sz.002282,7.6800000000,7.7500000000,7.6100000000,7.6500000000,7.7200000000,4614975,35389060.7500,2,0.919300,1,-0.906700,20.977640,1.114136,2.342686,-30.117088,0
2025-07-16,sz.002282,7.6600000000,7.7500000000,7.6500000000,7.7500000000,7.6500000000,5988775,46193883.2500,2,1.192900,1,1.307200,21.251857,1.128700,2.373310,-30.510775,0
2025-07-17,sz.002282,7.7200000000,7.7700000000,7.7100000000,7.7200000000,7.7500000000,4476125,34609613.2500,2,0.891600,1,-0.387100,21.169592,1.124331,2.364123,-30.392669,0
2025-07-18,sz.002282,7.7600000000,7.7700000000,7.6700000000,7.7500000000,7.7200000000,3839095,29630306.5500,2,0.764700,1,0.388600,21.251857,1.128700,2.373310,-30.510775,0
2025-07-21,sz.002282,7.7600000000,7.8700000000,7.7600000000,7.8600000000,7.7500000000,6141395,48064774.7500,2,1.223300,1,1.419400,21.553496,1.144720,2.406995,-30.943831,0
2025-07-22,sz.002282,7.9000000000,7.9800000000,7.8600000000,7.9500000000,7.8600000000,8738645,69314127.2000,2,1.740700,1,1.145000,21.800292,1.157827,2.434556,-31.298150,0
2025-07-23,sz.002282,7.9800000000,7.9800000000,7.8600000000,7.8800000000,7.9500000000,6205495,49100988.4000,2,1.236100,1,-0.880500,21.608340,1.147633,2.413120,-31.022569,0
2025-07-24,sz.002282,7.8600000000,7.9500000000,7.8300000000,7.8700000000,7.8800000000,5608095,44231671.6500,2,1.117100,1,-0.126900,21.580918,1.146176,2.410058,-30.983200,0
2025-07-25,sz.002282,7.8800000000,7.8800000000,7.7600000000,7.7700000000,7.8700000000,6196000,48323357.0000,2,1.234200,1,-1.270600,21.306701,1.131613,2.379434,-30.589513,0
2025-07-28,sz.002282,7.8100000000,7.8400000000,7.7700000000,7.8200000000,7.7700000000,5208100,40674705.1700,2,1.037400,1,0.643500,21.443809,1.138894,2.394746,-30.786356,0
2025-07-29,sz.002282,7.8300000000,7.8300000000,7.6500000000,7.7200000000,7.8200000000,5237049,40419285.3000,2,1.043200,1,-1.278800,21.169592,1.124331,2.364123,-30.392669,0
2025-07-30,sz.002282,7.7500000000,7.7500000000,7.6200000000,7.7000000000,7.7200000000,4324500,33233505.0000,2,0.861400,1,-0.259100,21.114748,1.121418,2.357998,-30.313931,0
2025-07-31,sz.002282,7.7200000000,7.7400000000,7.5500000000,7.5800000000,7.7000000000,5406100,41289919.0000,2,1.076900,1,-1.558400,20.785687,1.103941,2.321250,-29.841506,0
2025-08-01,sz.002282,7.6100000000,7.7800000000,7.5800000000,7.7500000000,7.5800000000,6992300,53960483.0000,2,1.392800,1,2.242700,21.251857,1.128700,2.373310,-30.510775,0
2025-08-04,sz.002282,7.7100000000,7.8000000000,7.6700000000,7.7900000000,7.7500000000,4153226,32225153.4500,2,0.827300,1,0.516100,21.361544,1.134525,2.385559,-30.668250,0
2025-08-05,sz.002282,7.8000000000,7.8200000000,7.7600000000,7.7900000000,7.7900000000,5937839,46245043.9200,2,1.182800,1,0.000000,21.361544,1.134525,2.385559,-30.668250,0
2025-08-06,sz.002282,7.8000000000,7.8200000000,7.7700000000,7.7900000000,7.7900000000,4983589,38848054.2000,2,0.992700,1,0.000000,21.361544,1.134525,2.385559,-30.668250,0
2025-08-07,sz.002282,7.8100000000,7.8700000000,7.6800000000,7.7300000000,7.7900000000,6865224,53188016.0600,2,1.367500,1,-0.770200,21.197014,1.125787,2.367185,-30.432038,0
2025-08-08,sz.002282,7.7300000000,7.8300000000,7.6900000000,7.8200000000,7.7300000000,6267700,48776710.0100,2,1.248500,1,1.164300,21.443809,1.138894,2.394746,-30.786356,0
2025-08-11,sz.002282,7.8400000000,7.9700000000,7.8100000000,7.9000000000,7.8200000000,6762499,53427602.1300,2,1.347100,1,1.023000,21.663183,1.150546,2.419245,-31.101306,0
2025-08-12,sz.002282,7.9300000000,7.9500000000,7.8600000000,7.8900000000,7.9000000000,4733300,37381706.0000,2,0.942900,1,-0.126600,21.635762,1.149089,2.416182,-31.061937,0
2025-08-13,sz.002282,7.9200000000,7.9200000000,7.8400000000,7.8800000000,7.8900000000,5681600,44740861.0000,2,1.131800,1,-0.126700,21.608340,1.147633,2.413120,-31.022569,0
2025-08-14,sz.002282,7.8900000000,7.9200000000,7.6900000000,7.7000000000,7.8800000000,6150400,47823526.0000,2,1.225100,1,-2.284300,21.114748,1.121418,2.357998,-30.313931,0
2025-08-15,sz.002282,7.7000000000,7.8400000000,7.6900000000,7.7500000000,7.7000000000,6825640,53079181.9000,2,1.359600,1,0.649400,21.251857,1.128700,2.373310,-30.510775,0
2025-08-18,sz.002282,7.7700000000,7.8200000000,7.7200000000,7.7300000000,7.7500000000,7389700,57405952.0000,2,1.472000,1,-0.258100,21.197014,1.125787,2.367185,-30.432038,0
2025-08-19,sz.002282,7.7400000000,7.9100000000,7.6800000000,7.9000000000,7.7300000000,9375814,73354767.8600,2,1.867600,1,2.199200,21.663183,1.150546,2.419245,-31.101306,0
2025-08-20,sz.002282,7.8800000000,7.9200000000,7.8200000000,7.9100000000,7.9000000000,6401500,50437836.0000,2,1.275200,1,0.126600,21.690605,1.152002,2.422307,-31.140675,0
2025-08-21,sz.002282,7.9300000000,8.0900000000,7.8600000000,7.9500000000,7.9100000000,11161600,88923852.0000,2,2.223400,1,0.505700,21.800292,1.157827,2.434556,-31.298150,0
2025-08-22,sz.002282,7.9200000000,7.9500000000,7.7300000000,7.8200000000,7.9500000000,11266600,88029286.0000,2,2.244300,1,-1.635200,21.443809,1.138894,2.394746,-30.786356,0
2025-08-25,sz.002282,7.8200000000,7.8900000000,7.7700000000,7.8800000000,7.8200000000,9499851,74380004.8200,2,1.892300,1,0.767300,21.608340,1.147633,2.413120,-31.022569,0
2025-08-26,sz.002282,7.8100000000,7.8500000000,7.6600000000,7.7800000000,7.8800000000,10974668,85426763.4000,2,2.173200,1,-1.269000,22.871934,1.150551,2.380604,210.874647,0
2025-08-27,sz.002282,7.7900000000,7.8100000000,7.5000000000,7.5100000000,7.7800000000,13148242,100798471.4000,2,2.603600,1,-3.470400,22.078178,1.110622,2.297987,203.556375,0
2025-08-28,sz.002282,7.4800000000,7.5900000000,7.2600000000,7.4300000000,7.5100000000,11713312,86834898.0900,2,2.319400,1,-1.065200,21.842991,1.098791,2.273507,201.387998,0
2025-08-29,sz.002282,7.4500000000,7.4600000000,7.3400000000,7.3900000000,7.4300000000,6663276,49234096.3500,2,1.319400,1,-0.538400,21.725397,1.092876,2.261268,200.303810,0
2025-09-01,sz.002282,7.3900000000,7.4400000000,7.3300000000,7.3700000000,7.3900000000,6730845,49671962.1000,2,1.332800,1,-0.270600,21.666601,1.089918,2.255148,199.761715,0
2025-09-02,sz.002282,7.3800000000,7.4000000000,7.2100000000,7.3100000000,7.3700000000,8040383,58642789.0700,2,1.592100,1,-0.814100,21.490210,1.081045,2.236788,198.135433,0
2025-09-03,sz.002282,7.3100000000,7.3400000000,7.1100000000,7.1500000000,7.3100000000,6040415,43547371.9500,2,1.196100,1,-2.188800,21.019836,1.057383,2.187830,193.798679,0
2025-09-04,sz.002282,7.1500000000,7.2500000000,7.1000000000,7.1800000000,7.1500000000,6238850,44854779.5800,2,1.235400,1,0.419600,21.108032,1.061820,2.197010,194.611820,0
2025-09-05,sz.002282,7.1800000000,7.2400000000,7.1400000000,7.2100000000,7.1800000000,5142700,37039229.0000,2,1.018300,1,0.417800,21.196227,1.066256,2.206189,195.424962,0
2025-09-08,sz.002282,7.2500000000,7.2700000000,7.1900000000,7.2700000000,7.2100000000,5461100,39554660.0000,2,1.081400,1,0.832200,21.372617,1.075129,2.224549,197.051244,0
2025-09-09,sz.002282,7.2700000000,7.2700000000,7.2000000000,7.2200000000,7.2700000000,3624000,26198312.0000,2,0.717600,1,-0.687800,21.225625,1.067735,2.209249,195.696009,0
2025-09-10,sz.002282,7.2500000000,7.2700000000,7.2100000000,7.2500000000,7.2200000000,4106004,29752373.9700,2,0.813100,1,0.415500,21.313820,1.072172,2.218429,196.509150,0
2025-09-11,sz.002282,7.2600000000,7.2800000000,7.1700000000,7.2800000000,7.2500000000,5143400,37246784.0000,2,1.018500,1,0.413800,21.402015,1.076608,2.227609,197.322291,0
2025-09-12,sz.002282,7.2800000000,7.4000000000,7.2300000000,7.2900000000,7.2800000000,7764495,56711994.5700,2,1.537500,1,0.137400,21.431414,1.078087,2.230669,197.593339,0
2025-09-15,sz.002282,7.2900000000,7.3000000000,7.1900000000,7.2100000000,7.2900000000,5863500,42323411.9100,2,1.161100,1,-1.097400,21.196227,1.066256,2.206189,195.424962,0
2025-09-16,sz.002282,7.1900000000,7.2500000000,7.1700000000,7.2400000000,7.2100000000,5071250,36589289.5000,2,1.004200,1,0.416100,21.284422,1.070693,2.215369,196.238103,0
2025-09-17,sz.002282,7.2300000000,7.2900000000,7.2200000000,7.2600000000,7.2400000000,5740200,41684183.0000,2,1.136700,1,0.276200,21.343219,1.073651,2.221489,196.780197,0
2025-09-18,sz.002282,7.2600000000,7.3800000000,7.1600000000,7.1900000000,7.2600000000,8811262,64051606.3600,2,1.744800,1,-0.964200,21.137430,1.063299,2.200070,194.882868,0
2025-09-19,sz.002282,7.1800000000,7.2100000000,7.0700000000,7.0900000000,7.1900000000,6742090,48005906.2000,2,1.335000,1,-1.390800,20.843446,1.048510,2.169471,192.172397,0
2025-09-22,sz.002282,7.0600000000,7.1100000000,6.9700000000,7.0200000000,7.0900000000,5667858,39757822.1600,2,1.122300,1,-0.987300,20.637658,1.038158,2.148051,190.275067,0
2025-09-23,sz.002282,7.0000000000,7.0100000000,6.8200000000,6.9700000000,7.0200000000,6947800,47947563.0000,2,1.375800,1,-0.712300,20.490666,1.030764,2.132752,188.919831,0
2025-09-24,sz.002282,6.9700000000,7.0700000000,6.9000000000,7.0600000000,6.9700000000,3921200,27517208.0000,2,0.776500,1,1.291200,20.755251,1.044073,2.160291,191.359255,0
2025-09-25,sz.002282,7.0700000000,7.1400000000,6.9900000000,7.0100000000,7.0600000000,4319700,30471315.0000,2,0.855400,1,-0.708200,20.608259,1.036679,2.144991,190.004020,0
2025-09-26,sz.002282,7.0000000000,7.0900000000,6.9600000000,7.0300000000,7.0100000000,3607403,25410390.9400,2,0.714300,1,0.285300,20.667056,1.039637,2.151111,190.546114,0
2025-09-29,sz.002282,7.0500000000,7.0900000000,6.9100000000,7.0600000000,7.0300000000,3837916,26970147.3200,2,0.760000,1,0.426700,20.755251,1.044073,2.160291,191.359255,0
2025-09-30,sz.002282,7.0700000000,7.0800000000,7.0000000000,7.0000000000,7.0600000000,3066680,21580504.4000,2,0.607300,1,-0.849900,20.578861,1.035200,2.141932,189.732973,0
2025-10-09,sz.002282,7.0100000000,7.0900000000,6.9900000000,7.0700000000,7.0000000000,4540983,31978515.7900,2,0.899200,1,1.000000,20.784649,1.045552,2.163351,191.630302,0
2025-10-10,sz.002282,7.2100000000,7.3300000000,7.1800000000,7.2400000000,7.0700000000,10136501,73554869.1300,2,2.007200,1,2.404500,21.284422,1.070693,2.215369,196.238103,0
2025-10-13,sz.002282,7.0000000000,7.1300000000,6.9300000000,7.1100000000,7.2400000000,7047000,49895676.0000,2,1.395400,1,-1.795600,20.902243,1.051468,2.175590,192.714491,0
2025-10-14,sz.002282,7.2200000000,7.3100000000,7.1300000000,7.2700000000,7.1100000000,10370850,75073038.0000,2,2.053600,1,2.250400,21.372617,1.075129,2.224549,197.051244,0
2025-10-15,sz.002282,7.2500000000,7.4900000000,7.2500000000,7.3300000000,7.2700000000,11430502,84430954.8600,2,2.263400,1,0.825300,21.549007,1.084003,2.242908,198.677527,0
2025-10-16,sz.002282,7.3400000000,7.3400000000,7.2400000000,7.2800000000,7.3300000000,6088100,44297343.0000,2,1.205500,1,-0.682100,21.402015,1.076608,2.227609,197.322291,0
2025-10-17,sz.002282,7.2700000000,7.3000000000,7.1700000000,7.1900000000,7.2800000000,5317802,38490953.4400,2,1.053000,1,-1.236300,21.137430,1.063299,2.200070,194.882868,0
2025-10-20,sz.002282,7.2300000000,7.5500000000,7.1900000000,7.5000000000,7.1900000000,15275596,112871957.3100,2,3.024800,1,4.311500,22.048779,1.109143,2.294927,203.285328,0
2025-10-21,sz.002282,7.4800000000,7.6200000000,7.4400000000,7.5400000000,7.5000000000,15491065,116958766.6000,2,3.067500,1,0.533300,22.166373,1.115059,2.307166,204.369516,0
2025-10-22,sz.002282,7.5000000000,7.5700000000,7.4300000000,7.4400000000,7.5400000000,9116295,68336285.8500,2,1.805200,1,-1.326300,21.872389,1.100270,2.276567,201.659045,0
2025-10-23,sz.002282,7.4100000000,7.5200000000,7.4100000000,7.4700000000,7.4400000000,6114143,45612244.7800,2,1.210700,1,0.403200,21.960584,1.104707,2.285747,202.472186,0
2025-10-24,sz.002282,7.4800000000,7.5000000000,7.3800000000,7.4200000000,7.4700000000,6667900,49503518.0000,2,1.320400,1,-0.669300,21.813593,1.097312,2.270447,201.116951,0
2025-10-27,sz.002282,7.4700000000,7.5600000000,7.3800000000,7.4600000000,7.4200000000,7142179,53266927.3400,2,1.414300,1,0.539100,21.931186,1.103228,2.282687,202.201139,0
2025-10-28,sz.002282,7.5800000000,7.5800000000,7.4700000000,7.5000000000,7.4600000000,6733897,50584132.3400,2,1.333400,1,0.536200,21.635232,1.091634,2.314074,-87.049206,0
2025-10-29,sz.002282,7.4900000000,7.5200000000,7.4200000000,7.4900000000,7.5000000000,5802900,43390893.0000,2,1.149100,1,-0.133300,21.606385,1.090179,2.310988,-86.933140,0
2025-10-30,sz.002282,7.4500000000,7.5300000000,7.4100000000,7.4300000000,7.4900000000,5856900,43705588.0000,2,1.159800,1,-0.801100,21.433303,1.081446,2.292476,-86.236746,0
2025-10-31,sz.002282,7.4200000000,7.4800000000,7.3900000000,7.4100000000,7.4300000000,6199400,45975914.0000,2,1.227600,1,-0.269200,21.375609,1.078534,2.286305,-86.004615,0
2025-11-03,sz.002282,7.4400000000,7.4900000000,7.3900000000,7.4800000000,7.4100000000,5416700,40345812.0000,2,1.072600,1,0.944700,21.577538,1.088723,2.307903,-86.817074,0
2025-11-04,sz.002282,7.5200000000,7.5500000000,7.4300000000,7.4600000000,7.4800000000,6778200,50727567.0000,2,1.342200,1,-0.267400,21.519844,1.085812,2.301732,-86.584943,0
2025-11-05,sz.002282,7.4000000000,7.6100000000,7.3900000000,7.6000000000,7.4600000000,11138464,84049282.0700,2,2.205600,1,1.876700,21.923702,1.106189,2.344928,-88.209862,0
2025-11-06,sz.002282,7.5600000000,7.5800000000,7.4900000000,7.5600000000,7.6000000000,7693350,58013032.5600,2,1.523400,1,-0.526300,21.808314,1.100367,2.332586,-87.745599,0
2025-11-07,sz.002282,7.5500000000,7.6400000000,7.5400000000,7.6300000000,7.5600000000,7803500,59413404.0600,2,1.545200,1,0.925900,22.010243,1.110556,2.354184,-88.558058,0
2025-11-10,sz.002282,7.6300000000,8.2400000000,7.5800000000,7.8700000000,7.6300000000,31716259,250961888.1300,2,6.280400,1,3.145500,22.702570,1.145488,2.428234,-91.343633,0
2025-11-11,sz.002282,7.8800000000,8.0200000000,7.7800000000,7.9600000000,7.8700000000,24578943,194963383.5800,2,4.867000,1,1.143600,22.962193,1.158588,2.456003,-92.388223,0
2025-11-12,sz.002282,7.9400000000,7.9600000000,7.8600000000,7.9200000000,7.9600000000,13963601,110347113.9100,2,2.765000,1,-0.502500,22.846805,1.152766,2.443662,-91.923961,0
2025-11-13,sz.002282,7.9200000000,7.9900000000,7.8400000000,7.9200000000,7.9200000000,9166900,72493830.0000,2,1.815200,1,0.000000,22.846805,1.152766,2.443662,-91.923961,0
2025-11-14,sz.002282,7.9100000000,7.9800000000,7.8800000000,7.8900000000,7.9200000000,9231800,73195637.0000,2,1.828100,1,-0.378800,22.760264,1.148399,2.434405,-91.575764,0
2025-11-17,sz.002282,7.8800000000,7.9200000000,7.8000000000,7.8400000000,7.8900000000,8789700,68947657.0000,2,1.740500,1,-0.633700,22.616029,1.141122,2.418978,-90.995436,0
2025-11-18,sz.002282,7.8400000000,7.8900000000,7.6600000000,7.7300000000,7.8400000000,10324079,79789680.7200,2,2.044300,1,-1.403100,22.298713,1.125111,2.385038,-89.718714,0
2025-11-19,sz.002282,7.7400000000,7.7500000000,7.5500000000,7.6000000000,7.7300000000,6884500,52381195.0000,2,1.363200,1,-1.681800,21.923702,1.106189,2.344928,-88.209862,0
2025-11-20,sz.002282,7.6300000000,7.6900000000,7.5400000000,7.6200000000,7.6000000000,6569100,50005728.0000,2,1.300800,1,0.263200,21.981396,1.109100,2.351099,-88.441993,0
2025-11-21,sz.002282,7.5600000000,7.6200000000,7.2300000000,7.2400000000,7.6200000000,10653200,78369198.0000,2,2.109500,1,-4.986900,20.885211,1.053791,2.233852,-84.031500,0
2025-11-24,sz.002282,7.2700000000,7.3900000000,7.2700000000,7.3400000000,7.2400000000,6935600,50896183.1000,2,1.373400,1,1.381200,21.173681,1.068346,2.264707,-85.192156,0
2025-11-25,sz.002282,7.4000000000,7.4400000000,7.3400000000,7.3800000000,7.3400000000,5234700,38713858.0000,2,1.036600,1,0.545000,21.289068,1.074168,2.277048,-85.656418,0
2025-11-26,sz.002282,7.3600000000,7.4500000000,7.2900000000,7.3000000000,7.3800000000,5638181,41596539.5900,2,1.116500,1,-1.084000,21.058293,1.062524,2.252365,-84.727893,0
2025-11-27,sz.002282,7.3000000000,7.4800000000,7.2800000000,7.3800000000,7.3000000000,4041681,29813251.4900,2,0.800300,1,1.095900,21.289068,1.074168,2.277048,-85.656418,0
2025-11-28,sz.002282,7.3500000000,7.5100000000,7.3400000000,7.5000000000,7.3800000000,4232581,31472122.2100,2,0.838100,1,1.626000,21.635232,1.091634,2.314074,-87.049206,0
2025-12-01,sz.002282,7.5200000000,7.5700000000,7.4500000000,7.4800000000,7.5000000000,4459601,33485651.5100,2,0.883100,1,-0.266700,21.577538,1.088723,2.307903,-86.817074,0
2025-12-02,sz.002282,7.5000000000,7.5100000000,7.4000000000,7.4900000000,7.4800000000,3968946,29613758.3400,2,0.785900,1,0.133700,21.606385,1.090179,2.310988,-86.933140,0
2025-12-03,sz.002282,7.4900000000,7.6300000000,7.4500000000,7.6000000000,7.4900000000,7408500,56008001.0000,2,1.467000,1,1.468600,21.923702,1.106189,2.344928,-88.209862,0
2025-12-04,sz.002282,7.6000000000,7.6300000000,7.4900000000,7.5200000000,7.6000000000,6086645,45941954.2000,2,1.205300,1,-1.052600,21.692926,1.094545,2.320244,-87.281337,0
2025-12-05,sz.002282,7.5100000000,7.6300000000,7.4700000000,7.6300000000,7.5200000000,4889980,36976677.0000,2,0.968300,1,1.462800,22.010243,1.110556,2.354184,-88.558058,0
2025-12-08,sz.002282,7.6500000000,7.6600000000,7.5600000000,7.5900000000,7.6300000000,5134955,39029608.4500,2,1.016800,1,-0.524200,21.894855,1.104734,2.341842,-88.093796,0
2025-12-09,sz.002282,7.5700000000,7.6300000000,7.5200000000,7.5600000000,7.5900000000,6269300,47587957.0000,2,1.241400,1,-0.395300,21.808314,1.100367,2.332586,-87.745599,0
2025-12-10,sz.002282,7.5700000000,7.5700000000,7.4000000000,7.4900000000,7.5600000000,5462300,40862796.0000,2,1.081600,1,-0.925900,21.606385,1.090179,2.310988,-86.933140,0
2025-12-11,sz.002282,7.5100000000,7.5300000000,7.3600000000,7.3700000000,7.4900000000,5108080,37911601.8000,2,1.011500,1,-1.602100,21.260221,1.072712,2.273963,-85.540353,0
2025-12-12,sz.002282,7.3800000000,7.5000000000,7.2800000000,7.3000000000,7.3700000000,5628400,41608299.0000,2,1.114500,1,-0.949800,21.058293,1.062524,2.252365,-84.727893,0
2025-12-15,sz.002282,7.2600000000,7.3500000000,7.2100000000,7.3300000000,7.3000000000,5161400,37628894.0000,2,1.022000,1,0.411000,21.144834,1.066890,2.261621,-85.076090,0
2025-12-16,sz.002282,7.3300000000,7.3300000000,7.1500000000,7.1600000000,7.3300000000,5303950,38240213.0000,2,1.050300,1,-2.319200,20.654435,1.042147,2.209169,-83.102975,0
2025-12-17,sz.002282,7.1300000000,7.1900000000,7.0000000000,7.1300000000,7.1600000000,5945837,42072809.0700,2,1.177400,1,-0.419000,20.567894,1.037780,2.199913,-82.754778,0
2025-12-18,sz.002282,7.1200000000,7.2500000000,7.0800000000,7.2300000000,7.1300000000,4606450,33171887.5000,2,0.912200,1,1.402500,20.856364,1.052335,2.230767,-83.915434,0
2025-12-19,sz.002282,7.2300000000,7.3600000000,7.2100000000,7.3400000000,7.2300000000,4604700,33695842.0000,2,0.911800,1,1.521400,21.173681,1.068346,2.264707,-85.192156,0
2025-12-22,sz.002282,7.3600000000,7.4100000000,7.2500000000,7.2700000000,7.3400000000,5516000,40338408.0000,2,1.092300,1,-0.953700,20.971752,1.058157,2.243109,-84.379697,0
2025-12-23,sz.002282,7.2800000000,7.4200000000,7.2600000000,7.2900000000,7.2700000000,6553100,48046056.0000,2,1.297600,1,0.275100,21.029446,1.061068,2.249279,-84.611828,0
2025-12-24,sz.002282,7.2900000000,7.4200000000,7.2400000000,7.4000000000,7.2900000000,5854500,43130728.0000,2,1.159300,1,1.508900,21.346762,1.077079,2.283219,-85.888549,0
2025-12-25,sz.002282,7.4100000000,7.4800000000,7.3600000000,7.4700000000,7.4000000000,5485230,40802096.9000,2,1.086200,1,0.945900,21.548691,1.087268,2.304817,-86.701009,0
2025-12-26,sz.002282,7.4900000000,7.5000000000,7.3600000000,7.4000000000,7.4700000000,5560500,41320972.0000,2,1.101100,1,-0.937100,21.346762,1.077079,2.283219,-85.888549,0
2025-12-29,sz.002282,7.4300000000,7.4300000000,7.3100000000,7.3700000000,7.4000000000,5022300,36989396.0000,2,0.994500,1,-0.405400,21.260221,1.072712,2.273963,-85.540353,0
2025-12-30,sz.002282,7.3300000000,7.3800000000,7.2500000000,7.3000000000,7.3700000000,4871200,35632727.0000,2,0.964600,1,-0.949800,21.058293,1.062524,2.252365,-84.727893,0
2025-12-31,sz.002282,7.2800000000,7.3700000000,7.2300000000,7.3500000000,7.3000000000,5593002,40807368.6800,2,1.107500,1,0.684900,21.202528,1.069801,2.267792,-85.308221,0
2026-01-05,sz.002282,7.3700000000,7.4600000000,7.3600000000,7.4000000000,7.3500000000,8248900,61186867.7000,2,1.633400,1,0.680300,21.346762,1.077079,2.283219,-85.888549,0
2026-01-06,sz.002282,7.4400000000,7.5000000000,7.3700000000,7.4400000000,7.4000000000,6256900,46613143.0000,2,1.239000,1,0.540500,21.462150,1.082901,2.295561,-86.352812,0
2026-01-07,sz.002282,7.4400000000,7.4800000000,7.3900000000,7.4300000000,7.4400000000,5551500,41274637.0000,2,1.099300,1,-0.134400,21.433303,1.081446,2.292476,-86.236746,0
2026-01-08,sz.002282,7.4100000000,7.5500000000,7.4000000000,7.5400000000,7.4300000000,7217800,54182467.0000,2,1.429200,1,1.480500,21.750620,1.097456,2.326415,-87.513468,0
2026-01-09,sz.002282,7.5500000000,7.5700000000,7.4700000000,7.5300000000,7.5400000000,6993905,52608630.7000,2,1.384900,1,-0.132600,21.721773,1.096001,2.323330,-87.397402,0
2026-01-12,sz.002282,7.5700000000,7.5900000000,7.5200000000,7.5700000000,7.5300000000,8052800,60881118.0000,2,1.594600,1,0.531200,21.837161,1.101823,2.335672,-87.861665,0
2026-01-13,sz.002282,7.5700000000,7.6000000000,7.4600000000,7.5200000000,7.5700000000,7931715,59847987.5500,2,1.570600,1,-0.660500,21.692926,1.094545,2.320244,-87.281337,0
2026-01-14,sz.002282,7.5100000000,7.5800000000,7.3800000000,7.4600000000,7.5200000000,10861215,81485618.9000,2,2.150700,1,-0.797900,21.519844,1.085812,2.301732,-86.584943,0
2026-01-15,sz.002282,7.4700000000,7.5200000000,7.4300000000,7.4900000000,7.4600000000,6861601,51337462.4600,2,1.358700,1,0.402100,21.606385,1.090179,2.310988,-86.933140,0
2026-01-16,sz.002282,7.5300000000,7.6200000000,7.4700000000,7.6200000000,7.4900000000,8013745,60553441.8500,2,1.586900,1,1.735600,21.981396,1.109100,2.351099,-88.441993,0
2026-01-19,sz.002282,7.6000000000,7.7300000000,7.5800000000,7.7100000000,7.6200000000,10474907,80445258.9700,2,2.074200,1,1.181100,22.241019,1.122200,2.378868,-89.486583,0
2026-01-20,sz.002282,7.7100000000,7.7400000000,7.6600000000,7.7000000000,7.7100000000,6324600,48700008.0000,2,1.252400,1,-0.129700,22.212172,1.120744,2.375782,-89.370518,0
2026-01-21,sz.002282,7.6600000000,7.8000000000,7.6300000000,7.7900000000,7.7000000000,9243300,71512246.0000,2,1.830300,1,1.168800,22.471795,1.133844,2.403551,-90.415108,0
2026-01-22,sz.002282,7.7900000000,7.8300000000,7.7300000000,7.8100000000,7.7900000000,7384400,57531492.0000,2,1.462200,1,0.256700,22.529488,1.136755,2.409722,-90.647239,0
2026-01-23,sz.002282,7.8200000000,7.8300000000,7.7500000000,7.7900000000,7.8100000000,7406000,57678209.0000,2,1.466500,1,-0.256100,22.471795,1.133844,2.403551,-90.415108,0
2026-01-26,sz.002282,7.8000000000,7.8200000000,7.6900000000,7.7600000000,7.7900000000,7759900,60192922.0000,2,1.536600,1,-0.385100,22.385254,1.129477,2.394295,-90.066911,0
2026-01-27,sz.002282,7.7500000000,7.7600000000,7.5400000000,7.7300000000,7.7600000000,7894850,60470387.5000,2,1.563300,1,-0.386600,22.298713,1.125111,2.385038,-89.718714,0
2026-01-28,sz.002282,7.7500000000,7.7500000000,7.5900000000,7.6500000000,7.7300000000,6324200,48389449.0000,2,1.252300,1,-1.034900,22.067937,1.113467,2.360355,-88.790190,0
2026-01-29,sz.002282,7.6600000000,7.6900000000,7.5500000000,7.6000000000,7.6500000000,7248874,55283324.3600,2,1.435400,1,-0.653600,21.923702,1.106189,2.344928,-88.209862,0
2026-01-30,sz.002282,7.5800000000,7.7200000000,7.5400000000,7.7200000000,7.6000000000,9794915,74828390.5500,2,1.939600,1,1.578900,22.269866,1.123655,2.381953,-89.602649,0
2026-02-02,sz.002282,7.6900000000,7.7800000000,7.5800000000,7.6000000000,7.7200000000,8891300,68406512.0000,2,1.760600,1,-1.554400,21.923702,1.106189,2.344928,-88.209862,0
2026-02-03,sz.002282,7.6700000000,7.8100000000,7.6400000000,7.8100000000,7.6000000000,9923600,77016140.0000,2,1.965000,1,2.763200,22.529488,1.136755,2.409722,-90.647239,0
2026-02-04,sz.002282,7.7900000000,7.9200000000,7.7800000000,7.8800000000,7.8100000000,10426526,82024760.8700,2,2.064600,1,0.896300,22.731417,1.146944,2.431320,-91.459699,0
2026-02-05,sz.002282,7.8500000000,7.8900000000,7.7200000000,7.7200000000,7.8800000000,7278125,56768769.2500,2,1.441200,1,-2.030500,22.269866,1.123655,2.381953,-89.602649,0
2026-02-06,sz.002282,7.7100000000,7.8300000000,7.6800000000,7.7800000000,7.7200000000,6679200,51996736.0000,2,1.322600,1,0.777200,22.442948,1.132388,2.400466,-90.299043,0
2026-02-09,sz.002282,7.8100000000,7.9000000000,7.7800000000,7.8500000000,7.7800000000,6181402,48489199.6000,2,1.224000,1,0.899700,22.644876,1.142577,2.422064,-91.111502,0
2026-02-10,sz.002282,7.8600000000,7.8800000000,7.8000000000,7.8400000000,7.8500000000,4552203,35704101.4800,2,0.901400,1,-0.127400,22.616029,1.141122,2.418978,-90.995436,0
2026-02-11,sz.002282,7.8200000000,7.9000000000,7.8100000000,7.8300000000,7.8400000000,5694600,44738622.0000,2,1.127600,1,-0.127600,22.587182,1.139666,2.415893,-90.879371,0
2026-02-12,sz.002282,7.8600000000,7.8700000000,7.7200000000,7.7300000000,7.8300000000,5479300,42645550.0000,2,1.085000,1,-1.277100,22.298713,1.125111,2.385038,-89.718714,0
2026-02-13,sz.002282,7.7300000000,7.7800000000,7.6400000000,7.6700000000,7.7300000000,5893900,45442877.0000,2,1.167100,1,-0.776200,22.125631,1.116378,2.366526,-89.022321,0
2026-02-24,sz.002282,7.7100000000,7.9200000000,7.7100000000,7.8800000000,7.6700000000,10313807,80828348.2100,2,2.042300,1,2.737900,22.731417,1.146944,2.431320,-91.459699,0
2026-02-25,sz.002282,7.9000000000,8.0000000000,7.8600000000,7.8700000000,7.8800000000,8768091,69644508.1400,2,1.736200,1,-0.126900,22.702570,1.145488,2.428234,-91.343633,0
2026-02-26,sz.002282,7.9000000000,8.0000000000,7.8400000000,7.9800000000,7.8700000000,7490775,59499057.5500,2,1.483300,1,1.397700,23.019887,1.161499,2.462174,-92.620355,0
2026-02-27,sz.002282,7.9600000000,8.0200000000,7.8900000000,8.0000000000,7.9800000000,6793081,54076536.3700,2,1.345100,1,0.250600,23.077581,1.164410,2.468345,-92.852486,0
2026-03-02,sz.002282,7.8700000000,7.9900000000,7.7500000000,7.8300000000,8.0000000000,9679800,75986759.0000,2,1.916800,1,-2.125000,22.587182,1.139666,2.415893,-90.879371,0
2026-03-03,sz.002282,7.8300000000,7.9200000000,7.5800000000,7.5900000000,7.8300000000,9963145,76995338.6000,2,1.972900,1,-3.065100,21.894855,1.104734,2.341842,-88.093796,0
2026-03-04,sz.002282,7.5700000000,7.6700000000,7.5200000000,7.5900000000,7.5900000000,7151206,54308593.3400,2,1.416100,1,0.000000,21.894855,1.104734,2.341842,-88.093796,0
2026-03-05,sz.002282,7.6500000000,7.8400000000,7.6500000000,7.7600000000,7.5900000000,8264600,64222840.0000,2,1.636500,1,2.239800,22.385254,1.129477,2.394295,-90.066911,0
2026-03-06,sz.002282,7.7100000000,7.9700000000,7.7100000000,7.9400000000,7.7600000000,9407450,74347828.0000,2,1.862800,1,2.319600,22.904499,1.155677,2.449833,-92.156092,0
2026-03-09,sz.002282,7.8300000000,7.9600000000,7.7700000000,7.8500000000,7.9400000000,10233004,80326766.2000,2,2.026300,1,-1.133500,22.644876,1.142577,2.422064,-91.111502,0
2026-03-10,sz.002282,7.8800000000,8.0200000000,7.8500000000,8.0000000000,7.8500000000,9786236,78030606.6800,2,1.937800,1,1.910800,23.077581,1.164410,2.468345,-92.852486,0
2026-03-11,sz.002282,8.0500000000,8.0600000000,7.9200000000,7.9900000000,8.0000000000,6477700,51669924.9900,2,1.282700,1,-0.125000,23.048734,1.162954,2.465260,-92.736420,0
2026-03-12,sz.002282,7.9900000000,8.0200000000,7.8300000000,7.8700000000,7.9900000000,8252800,65297900.4300,2,1.634200,1,-1.501900,22.702570,1.145488,2.428234,-91.343633,0
2026-03-13,sz.002282,7.8300000000,7.9700000000,7.8200000000,7.8400000000,7.8700000000,6910900,54524118.0000,2,1.368500,1,-0.381200,22.616029,1.141122,2.418978,-90.995436,0
2026-03-16,sz.002282,7.8600000000,7.8900000000,7.7100000000,7.7400000000,7.8400000000,8736800,67872418.0000,2,1.730000,1,-1.275500,22.327560,1.126566,2.388124,-89.834780,0
2026-03-17,sz.002282,7.6800000000,7.7000000000,7.2900000000,7.3400000000,7.7400000000,26609825,198791697.7500,2,5.269200,1,-5.168000,25.000871,1.068619,2.283496,34.329538,0
2026-03-18,sz.002282,7.3200000000,7.3400000000,7.1800000000,7.2800000000,7.3400000000,14092145,102087426.1500,2,2.790500,1,-0.817400,24.796504,1.059884,2.264830,34.048915,0
