date,code,open,high,low,close,preclose,volume,amount,adjustflag,turn,tradestatus,pctChg,peTTM,pbMRQ,psTTM,pcfNcfTTM,isST
2023-06-26,sz.000969,8.8910606400,9.1055379800,8.8910606400,8.9788013700,8.9398054900,16456328,152226992.9600,2,1.604400,1,0.436200,47.925932,1.921635,1.291818,56.734988,0
2023-06-27,sz.000969,8.9788013700,9.2517725300,8.9203075500,9.2225256200,8.9788013700,20464696,192598868.4500,2,1.995100,1,2.714400,49.226853,1.973797,1.326884,58.275026,0
2023-06-28,sz.000969,9.1932787100,9.2030276800,9.0275462200,9.1445338600,9.2225256200,13974600,130601084.5400,2,1.362400,1,-0.845700,48.810558,1.957105,1.315663,57.782214,0
2023-06-29,sz.000969,9.1445338600,9.3102663500,9.1055379800,9.2517725300,9.1445338600,15734885,149265340.9200,2,1.534000,1,1.172700,49.382963,1.980057,1.331091,58.459831,0
2023-06-30,sz.000969,9.2615215000,9.3882581100,9.2030276800,9.2322745900,9.2517725300,17300109,164451663.4400,2,1.686600,1,-0.210700,49.278890,1.975884,1.328286,58.336628,0
2023-07-03,sz.000969,9.2322745900,9.3785091400,9.1445338600,9.1835297400,9.2322745900,14178089,134109480.3400,2,1.382200,1,-0.528000,49.018705,1.965451,1.321273,58.028620,0
2023-07-04,sz.000969,9.2127766500,9.3102663500,9.1640318000,9.2127766500,9.1835297400,13273939,125796381.8500,2,1.294100,1,0.318500,49.174816,1.971711,1.325481,58.213425,0
2023-07-05,sz.000969,9.2127766500,9.4565009000,9.1737807700,9.3395132600,9.2127766500,24078725,230898455.4600,2,2.347500,1,1.375700,49.851295,1.998835,1.343715,59.014244,0
2023-07-06,sz.000969,9.3005173800,9.3395132600,9.1835297400,9.3102663500,9.3395132600,14267722,135582827.3000,2,1.391000,1,-0.313200,49.695184,1.992575,1.339507,58.829440,0
2023-07-07,sz.000969,9.2810194400,9.2907684100,9.0957890100,9.1932787100,9.3102663500,17045027,160391549.3400,2,1.661700,1,-1.256500,49.070742,1.967538,1.322676,58.090222,0
2023-07-10,sz.000969,9.1932787100,9.2907684100,9.0762910700,9.1250359200,9.1932787100,12294022,115576639.9600,2,1.198600,1,-0.742300,48.706484,1.952932,1.312857,57.659011,0
2023-07-11,sz.000969,9.1152869500,9.1932787100,9.0860400400,9.1835297400,9.1250359200,8434280,79110370.8000,2,0.822300,1,0.641000,49.018705,1.965451,1.321273,58.028620,0
2023-07-12,sz.000969,9.1542828300,9.2030276800,9.0372951900,9.0567931300,9.1835297400,10949373,102303392.5400,2,1.067500,1,-1.380000,48.342226,1.938327,1.303039,57.227801,0
2023-07-13,sz.000969,9.0957890100,9.2907684100,9.0567931300,9.2420235600,9.0567931300,14520510,137188287.7000,2,1.415600,1,2.045200,49.330926,1.977970,1.329689,58.398229,0
2023-07-14,sz.000969,9.2225256200,9.2615215000,9.1737807700,9.2030276800,9.2420235600,9691400,91688703.0000,2,0.944800,1,-0.421900,49.122779,1.969624,1.324078,58.151823,0
2023-07-17,sz.000969,9.1932787100,9.2127766500,9.0372951900,9.1347848900,9.2030276800,9010500,84385765.0000,2,0.878400,1,-0.741500,48.758521,1.955019,1.314260,57.720613,0
2023-07-18,sz.000969,9.1347848900,9.3297642900,9.0957890100,9.2517725300,9.1347848900,13204792,125115394.1400,2,1.287400,1,1.280700,49.382963,1.980057,1.331091,58.459831,0
2023-07-19,sz.000969,9.2420235600,9.2810194400,9.0957890100,9.2030276800,9.2517725300,10267423,96596845.2000,2,1.001000,1,-0.526900,49.122779,1.969624,1.324078,58.151823,0
2023-07-20,sz.000969,9.2030276800,9.2322745900,8.9982993100,8.9982993100,9.2030276800,9490900,88500396.0400,2,0.925300,1,-2.224600,48.030005,1.925808,1.294623,56.858191,0
2023-07-21,sz.000969,8.9885503400,9.0470441600,8.9008096100,8.9495544600,8.9982993100,8920528,82021124.6400,2,0.869700,1,-0.541700,47.769821,1.915376,1.287610,56.550184,0
2023-07-24,sz.000969,8.9398054900,9.0177972500,8.8520647600,8.9495544600,8.9495544600,5958400,54678805.7100,2,0.580900,1,0.000000,47.769821,1.915376,1.287610,56.550184,0
2023-07-25,sz.000969,9.0080482800,9.1445338600,8.9982993100,9.1055379800,8.9495544600,9085700,84656874.0000,2,0.885800,1,1.742900,48.602411,1.948760,1.310052,57.535808,0
2023-07-26,sz.000969,9.1445338600,9.1445338600,8.9203075500,8.9690524000,9.1055379800,7425900,68480506.0000,2,0.724000,1,-1.498900,47.873895,1.919549,1.290415,56.673387,0
2023-07-27,sz.000969,8.9398054900,9.0665421000,8.8618137300,8.8618137300,8.9690524000,7003400,64378124.9800,2,0.682800,1,-1.195700,47.301490,1.896598,1.274986,55.995770,0
2023-07-28,sz.000969,8.8228178500,8.9690524000,8.7448260900,8.9398054900,8.8618137300,9083048,82663409.9800,2,0.885500,1,0.880100,47.717784,1.913290,1.286207,56.488582,0
2023-07-31,sz.000969,8.9495544600,9.0567931300,8.9495544600,8.9982993100,8.9398054900,6936530,64070456.8600,2,0.676300,1,0.654300,48.030005,1.925808,1.294623,56.858191,0
2023-08-01,sz.000969,9.0275462200,9.1737807700,8.9593034300,9.1347848900,8.9982993100,12851431,119453154.4700,2,1.252900,1,1.516800,48.758521,1.955019,1.314260,57.720613,0
2023-08-02,sz.000969,9.4077560500,9.8269617600,9.3297642900,9.5539906000,9.1347848900,62984750,619217717.8600,2,6.140500,1,4.589100,50.996105,2.044737,1.374573,60.369477,0
2023-08-03,sz.000969,9.5539906000,9.6027354500,9.1055379800,9.1445338600,9.5539906000,45490608,430122165.2700,2,4.435000,1,-4.285700,48.810558,1.957105,1.315663,57.782214,0
2023-08-04,sz.000969,9.1542828300,9.8952045500,9.1347848900,9.5247436900,9.1445338600,63094943,622219652.3700,2,6.151200,1,4.157800,50.839995,2.038478,1.370365,60.184673,0
2023-08-07,sz.000969,9.4954967800,9.7002251500,9.4077560500,9.6124844200,9.5247436900,47219345,464758325.2000,2,4.603500,1,0.921200,51.308326,2.057256,1.382989,60.739086,0
2023-08-08,sz.000969,9.5539906000,10.2364185000,9.5149947200,9.8464597000,9.6124844200,66826925,674096060.3100,2,6.515100,1,2.434100,52.557211,2.107331,1.416652,62.217523,0
2023-08-09,sz.000969,9.6612292700,9.6709782400,9.4077560500,9.4759988400,9.8464597000,45634792,444686789.3300,2,4.449000,1,-3.762400,50.579811,2.028045,1.363352,59.876665,0
2023-08-10,sz.000969,9.4370029600,9.4857478100,9.3102663500,9.3882581100,9.4759988400,23261766,224068586.9800,2,2.267800,1,-0.925900,50.111479,2.009267,1.350728,59.322252,0
2023-08-11,sz.000969,9.3590112000,9.4467519300,9.0860400400,9.0957890100,9.3882581100,23928807,226464811.9100,2,2.332900,1,-3.115300,48.550374,1.946673,1.308649,57.474207,0
2023-08-14,sz.000969,9.0275462200,9.0762910700,8.8520647600,8.9690524000,9.0957890100,17286650,158478698.9500,2,1.685300,1,-1.393400,47.873895,1.919549,1.290415,56.673387,0
2023-08-15,sz.000969,8.9885503400,9.0567931300,8.8423157900,8.8910606400,8.9690524000,12857590,117765645.8800,2,1.253500,1,-0.869600,47.457600,1.902857,1.279194,56.180575,0
2023-08-16,sz.000969,8.8325668200,8.8423157900,8.6473363900,8.6570853600,8.8910606400,15222754,136344679.1200,2,1.484100,1,-2.631600,46.208716,1.852782,1.245531,54.702139,0
2023-08-17,sz.000969,8.6570853600,8.8228178500,8.5595956600,8.8130688800,8.6570853600,11648475,104176901.2300,2,1.135600,1,1.801800,47.041305,1.886166,1.267973,55.687763,0
2023-08-18,sz.000969,8.8130688800,8.8715627000,8.7058302100,8.7155791800,8.8130688800,11942359,107822242.3600,2,1.164300,1,-1.106200,46.520937,1.865301,1.253947,55.071748,0
2023-08-21,sz.000969,8.7350771200,8.8423157900,8.5790936000,8.5790936000,8.7155791800,12466954,111413427.7900,2,1.215400,1,-1.566000,45.792421,1.836090,1.234310,54.209327,0
2023-08-22,sz.000969,8.6473363900,8.6863322700,8.4816039000,8.6668343300,8.5790936000,11166768,98547060.8300,2,1.088700,1,1.022700,46.260753,1.854869,1.246934,54.763740,0
2023-08-23,sz.000969,8.6375874200,8.6375874200,8.3061224400,8.3353693500,8.6668343300,14216662,123129843.3900,2,1.386000,1,-3.824500,44.491500,1.783929,1.199245,52.669289,0
2023-08-24,sz.000969,8.3451183200,8.4718549300,8.2768755300,8.3646162600,8.3353693500,8126300,69816433.0000,2,0.792200,1,0.350900,44.647611,1.790188,1.203453,52.854093,0
2023-08-25,sz.000969,8.4231100800,8.5693446300,8.3841142000,8.4523569900,8.3646162600,15714512,136574989.0900,2,1.532000,1,1.049000,40.180598,1.821455,1.184697,221.668331,0
2023-08-28,sz.000969,9.2810194400,9.3005173800,8.9885503400,9.2225256200,8.4523569900,77104271,732267089.6200,2,7.517000,1,9.111900,43.841806,1.987424,1.292646,241.866483,0
2023-08-29,sz.000969,8.9690524000,9.1835297400,8.8325668200,9.0957890100,9.2225256200,63888530,588552677.9500,2,6.228600,1,-1.374200,43.239329,1.960113,1.274882,238.542737,0
2023-08-30,sz.000969,9.0860400400,9.3492622300,9.0665421000,9.1737807700,9.0957890100,35884882,339073138.3800,2,3.498500,1,0.857400,43.610084,1.976920,1.285813,240.588119,0
2023-08-31,sz.000969,9.2615215000,9.4175050200,9.1250359200,9.1835297400,9.1737807700,25792637,245383823.2500,2,2.514600,1,0.106300,43.656428,1.979021,1.287180,240.843792,0
2023-09-01,sz.000969,9.2615215000,9.3297642900,9.1250359200,9.2127766500,9.1835297400,21043066,199197837.7400,2,2.051500,1,0.318500,43.795461,1.985323,1.291279,241.610811,0
2023-09-04,sz.000969,9.2225256200,9.3492622300,9.1347848900,9.3395132600,9.2127766500,22994701,218522809.4700,2,2.241800,1,1.375700,44.397939,2.012634,1.309043,244.934557,0
2023-09-05,sz.000969,9.2615215000,9.4370029600,9.2225256200,9.4175050200,9.3395132600,22519730,216735547.8200,2,2.195500,1,0.835100,44.768694,2.029441,1.319974,246.979940,0
2023-09-06,sz.000969,9.3395132600,9.6027354500,9.3200153200,9.5734885400,9.4175050200,27162252,264919421.7000,2,2.648100,1,1.656300,45.510204,2.063055,1.341837,251.070705,0
2023-09-07,sz.000969,9.5344926600,9.5539906000,9.3102663500,9.3297642900,9.5734885400,25950150,250258286.5000,2,2.529900,1,-2.545800,44.351594,2.010534,1.307676,244.678884,0
2023-09-08,sz.000969,9.3200153200,9.5929864800,9.2517725300,9.5247436900,9.3297642900,22863149,222176770.7000,2,2.229000,1,2.089900,45.278482,2.052551,1.335005,249.792341,0
2023-09-11,sz.000969,9.4759988400,9.6124844200,9.3687601700,9.5344926600,9.5247436900,21266561,207607622.7000,2,2.073300,1,0.102400,45.324827,2.054652,1.336371,250.048014,0
2023-09-12,sz.000969,9.4857478100,9.5637395700,9.4370029600,9.4565009000,9.5344926600,16359700,158934724.0000,2,1.594900,1,-0.818000,44.954072,2.037845,1.325440,248.002631,0
2023-09-13,sz.000969,9.3882581100,9.4467519300,9.2420235600,9.3102663500,9.4565009000,21271421,203336647.1600,2,2.073800,1,-1.546400,44.258906,2.006332,1.304943,244.167539,0
2023-09-14,sz.000969,9.3200153200,9.3882581100,9.2322745900,9.3102663500,9.3102663500,13122300,124947169.0000,2,1.279300,1,0.000000,44.258906,2.006332,1.304943,244.167539,0
2023-09-15,sz.000969,9.3980070800,9.6124844200,9.3492622300,9.5344926600,9.3102663500,31875348,310460983.5200,2,3.107600,1,2.408400,45.324827,2.054652,1.336371,250.048014,0
2023-09-18,sz.000969,9.4565009000,9.5052457500,9.2712704700,9.4272539900,9.5344926600,24212586,233805503.8800,2,2.360500,1,-1.124700,44.815038,2.031542,1.321341,247.235613,0
2023-09-19,sz.000969,9.3687601700,9.3687601700,9.2127766500,9.2420235600,9.4272539900,15480139,147100793.8800,2,1.509200,1,-1.964800,43.934495,1.991626,1.295378,242.377829,0
2023-09-20,sz.000969,9.2517725300,9.2712704700,9.0957890100,9.1152869500,9.2420235600,12827964,120666940.2400,2,1.250600,1,-1.371300,43.332017,1.964314,1.277615,239.054082,0
2023-09-21,sz.000969,9.1250359200,9.1737807700,9.0080482800,9.0665421000,9.1152869500,11333200,105615441.0000,2,1.104900,1,-0.534800,43.100295,1.953810,1.270783,237.775718,0
2023-09-22,sz.000969,9.0762910700,9.1737807700,8.9885503400,9.1640318000,9.0665421000,10475148,97774749.3200,2,1.021200,1,1.075300,43.563739,1.974819,1.284447,240.332447,0
2023-09-25,sz.000969,9.1250359200,9.2322745900,9.0860400400,9.1737807700,9.1640318000,13727076,129031310.4500,2,1.338300,1,0.106400,43.610084,1.976920,1.285813,240.588119,0
2023-09-26,sz.000969,9.1640318000,9.1640318000,9.0470441600,9.1055379800,9.1737807700,9496308,88711989.7200,2,0.925800,1,-0.743900,43.285673,1.962214,1.276248,238.798410,0
2023-09-27,sz.000969,9.0860400400,9.2127766500,9.0470441600,9.0860400400,9.1055379800,9038402,84478885.0600,2,0.881200,1,-0.214100,43.192984,1.958012,1.273516,238.287064,0
2023-09-28,sz.000969,9.1055379800,9.2127766500,9.0665421000,9.1932787100,9.0860400400,12077300,113590819.0000,2,1.177400,1,1.180300,43.702773,1.981121,1.288546,241.099465,0
2023-10-09,sz.000969,9.1835297400,9.2517725300,9.0957890100,9.1835297400,9.1932787100,9613000,90464388.0000,2,0.937200,1,-0.106000,43.656428,1.979021,1.287180,240.843792,0
2023-10-10,sz.000969,9.1932787100,9.3200153200,9.1835297400,9.2712704700,9.1835297400,14929898,141955191.1200,2,1.455500,1,0.955400,44.073528,1.997928,1.299478,243.144848,0
2023-10-11,sz.000969,9.3492622300,9.3687601700,9.2127766500,9.2420235600,9.2712704700,14502400,138021795.0000,2,1.413900,1,-0.315500,43.934495,1.991626,1.295378,242.377829,0
2023-10-12,sz.000969,9.2615215000,9.4565009000,9.2517725300,9.4175050200,9.2420235600,17363900,167020231.0000,2,1.692800,1,1.898700,44.768694,2.029441,1.319974,246.979940,0
2023-10-13,sz.000969,9.3785091400,9.4662498700,9.3395132600,9.4175050200,9.4175050200,12810398,123611917.0500,2,1.248900,1,0.000000,44.768694,2.029441,1.319974,246.979940,0
2023-10-16,sz.000969,9.4272539900,9.4857478100,9.3590112000,9.4077560500,9.4175050200,14748844,142403079.0400,2,1.437900,1,-0.103500,44.722350,2.027341,1.318608,246.724267,0
2023-10-17,sz.000969,9.4272539900,9.4954967800,9.3200153200,9.4370029600,9.4077560500,11716074,113006017.8400,2,1.142200,1,0.310900,44.861383,2.033643,1.322707,247.491285,0
2023-10-18,sz.000969,9.4272539900,9.4272539900,9.0957890100,9.0957890100,9.4370029600,18293293,172685762.2600,2,1.783400,1,-3.615700,43.239329,1.960113,1.274882,238.542737,0
2023-10-19,sz.000969,9.0665421000,9.1640318000,8.9105585800,9.0275462200,9.0957890100,13872436,128900268.4600,2,1.352400,1,-0.750300,42.914918,1.945407,1.265317,236.753027,0
2023-10-20,sz.000969,9.0080482800,9.0957890100,8.9300565200,8.9593034300,9.0275462200,9395119,86770039.6100,2,0.915900,1,-0.755900,42.590507,1.930700,1.255752,234.963317,0
2023-10-23,sz.000969,8.9203075500,8.9788013700,8.7838219700,8.8033199100,8.9593034300,14702400,134023392.0000,2,1.433400,1,-1.741000,41.848997,1.897087,1.233889,230.872552,0
2023-10-24,sz.000969,8.8130688800,8.9788013700,8.8130688800,8.9105585800,8.8033199100,9997000,91262634.0000,2,0.974600,1,1.218200,42.358785,1.920196,1.248920,233.684953,0
2023-10-25,sz.000969,8.9690524000,9.1932787100,8.9495544600,9.0860400400,8.9105585800,10756945,100202638.0900,2,1.048700,1,1.969400,43.192984,1.958012,1.273516,238.287064,0
2023-10-26,sz.000969,9.0470441600,9.2907684100,8.9690524000,9.2810194400,9.0860400400,12026546,112873999.1400,2,1.172500,1,2.145900,44.119872,2.000029,1.300844,243.400520,0
2023-10-27,sz.000969,9.2420235600,9.3882581100,9.2127766500,9.3492622300,9.2810194400,12367458,118194217.1100,2,1.205700,1,0.735300,44.444283,2.014735,1.310409,245.190230,0
2023-10-30,sz.000969,9.3102663500,9.4857478100,9.3005173800,9.4565009000,9.3492622300,14652667,141974296.6000,2,1.428500,1,1.147000,44.954072,2.037845,1.325440,248.002631,0
2023-10-31,sz.000969,9.4077560500,9.4272539900,9.1932787100,9.2322745900,9.4565009000,17945168,170912708.2800,2,1.749500,1,-2.371100,42.151347,1.961389,1.285084,29.088126,0
2023-11-01,sz.000969,9.2615215000,9.5734885400,9.1250359200,9.3492622300,9.2322745900,25305857,241858692.9300,2,2.467100,1,1.267200,42.685472,1.986242,1.301368,29.456719,0
2023-11-02,sz.000969,9.2420235600,9.2907684100,8.9398054900,8.9495544600,9.3492622300,26351573,245736088.0100,2,2.569100,1,-4.275300,40.860546,1.901325,1.245731,28.197360,0
2023-11-03,sz.000969,8.9495544600,9.1835297400,8.9495544600,9.1055379800,8.9495544600,18864649,175823563.8000,2,1.839100,1,1.742900,41.572712,1.934463,1.267443,28.688817,0
2023-11-06,sz.000969,9.3200153200,9.6027354500,9.2907684100,9.3882581100,9.1055379800,28133887,272110866.0200,2,2.742800,1,3.104900,42.863514,1.994527,1.306796,29.579583,0
2023-11-07,sz.000969,9.3687601700,9.5052457500,9.3005173800,9.4759988400,9.3882581100,16383640,158446228.0200,2,1.597300,1,0.934600,43.264107,2.013168,1.319009,29.856028,0
2023-11-08,sz.000969,9.4954967800,9.5247436900,9.3882581100,9.4467519300,9.4759988400,16180172,156780257.2400,2,1.577400,1,-0.308600,43.191410,2.009785,1.316793,29.805860,0
2023-11-09,sz.000969,9.4759988400,9.5637395700,9.4272539900,9.4662498700,9.4467519300,20739865,202026214.0000,2,2.022000,1,0.206400,43.280556,2.013933,1.319511,29.867379,0
2023-11-10,sz.000969,9.4272539900,9.5052457500,9.3590112000,9.4565009000,9.4662498700,14227900,137716768.0000,2,1.387100,1,-0.103000,43.235983,2.011859,1.318152,29.836620,0
2023-11-13,sz.000969,9.4565009000,9.5734885400,9.4077560500,9.5734885400,9.4565009000,16219045,158105916.1700,2,1.581200,1,1.237100,43.770861,2.036748,1.334459,30.205733,0
2023-11-14,sz.000969,9.5344926600,9.7002251500,9.4954967800,9.6027354500,9.5734885400,20614251,203010345.3500,2,2.009700,1,0.305500,43.904580,2.042970,1.338536,30.298011,0
2023-11-15,sz.000969,9.6514803000,9.6807272100,9.5442416300,9.5929864800,9.6027354500,14701050,144599987.8300,2,1.433200,1,-0.101500,43.860007,2.040896,1.337177,30.267252,0
2023-11-16,sz.000969,9.5637395700,9.5637395700,9.4662498700,9.4759988400,9.5929864800,11724114,114287702.6600,2,1.143000,1,-1.219500,43.325129,2.016007,1.320870,29.898139,0
2023-11-17,sz.000969,9.4759988400,9.5637395700,9.4175050200,9.5344926600,9.4759988400,10713621,104457477.6100,2,1.044500,1,0.617300,43.592568,2.028451,1.329023,30.082695,0
2023-11-20,sz.000969,9.5929864800,9.7489700000,9.5149947200,9.7294720600,9.5344926600,25383868,251679490.7000,2,2.474700,1,2.045000,44.484032,2.069933,1.356201,30.697883,0
2023-11-21,sz.000969,9.7197230900,9.7392210300,9.5539906000,9.5832375100,9.7294720600,17878873,176952048.8500,2,1.743000,1,-1.503000,43.815434,2.038822,1.335818,30.236492,0
2023-11-22,sz.000969,9.5637395700,9.6319823600,9.4175050200,9.4272539900,9.5832375100,15456932,150632049.7100,2,1.506900,1,-1.627700,43.102263,2.005637,1.314075,29.744342,0
2023-11-23,sz.000969,9.4077560500,9.5929864800,9.3785091400,9.5734885400,9.4272539900,13153719,128390816.6200,2,1.282400,1,1.551200,43.770861,2.036748,1.334459,30.205733,0
2023-11-24,sz.000969,9.5442416300,9.5539906000,9.2322745900,9.3200153200,9.5734885400,17328175,166260437.5500,2,1.689400,1,-2.647700,42.611958,1.982822,1.299127,29.405988,0
2023-11-27,sz.000969,9.3005173800,9.6222333900,9.2712704700,9.5637395700,9.3200153200,22575699,219474871.0100,2,2.200900,1,2.615100,43.726288,2.034674,1.333100,30.174973,0
2023-11-28,sz.000969,9.5149947200,9.5734885400,9.3980070800,9.5247436900,9.5637395700,14298440,139303876.0000,2,1.394000,1,-0.407700,43.547995,2.026377,1.327664,30.051936,0
2023-11-29,sz.000969,9.5052457500,9.6417313300,9.4857478100,9.5539906000,9.5247436900,15035039,147692891.3000,2,1.465800,1,0.307100,43.681715,2.032600,1.331741,30.144214,0
2023-11-30,sz.000969,9.5539906000,9.5832375100,9.2907684100,9.3980070800,9.5539906000,14336300,138326000.8800,2,1.397700,1,-1.632700,42.968544,1.999414,1.309998,29.652063,0
2023-12-01,sz.000969,9.4175050200,9.4175050200,9.2127766500,9.3590112000,9.3980070800,14712701,140320486.4500,2,1.434400,1,-0.414900,42.790251,1.991118,1.304563,29.529026,0
2023-12-04,sz.000969,9.3492622300,9.4370029600,9.3005173800,9.3297642900,9.3590112000,14936824,143193604.6200,2,1.456200,1,-0.312500,42.656531,1.984896,1.300486,29.436748,0
2023-12-05,sz.000969,9.2810194400,9.3005173800,9.0860400400,9.0957890100,9.3297642900,13398825,125739387.0000,2,1.306300,1,-2.507800,41.586775,1.935118,1.267872,28.698522,0
2023-12-06,sz.000969,9.0860400400,9.2615215000,9.0372951900,9.1445338600,9.0957890100,11990702,112984980.9600,2,1.169000,1,0.535900,41.809641,1.945488,1.274666,28.852319,0
2023-12-07,sz.000969,9.1445338600,9.1542828300,8.9593034300,9.0567931300,9.1445338600,11615466,107602438.2900,2,1.132400,1,-0.959500,41.408482,1.926821,1.262436,28.575484,0
2023-12-08,sz.000969,9.0470441600,9.0860400400,8.9593034300,8.9690524000,9.0567931300,10151212,93781261.1600,2,0.989700,1,-0.968800,41.007324,1.908155,1.250206,28.298650,0
2023-12-11,sz.000969,8.9593034300,9.0957890100,8.8618137300,9.0665421000,8.9690524000,11825678,109251964.8300,2,1.152900,1,1.087000,41.453056,1.928896,1.263795,28.606244,0
2023-12-12,sz.000969,9.0665421000,9.1152869500,9.0080482800,9.0665421000,9.0665421000,8995400,83644506.0000,2,0.877000,1,0.000000,41.453056,1.928896,1.263795,28.606244,0
2023-12-13,sz.000969,9.0470441600,9.1250359200,8.9788013700,8.9982993100,9.0665421000,8433800,78252437.0000,2,0.822200,1,-0.752700,41.141043,1.914377,1.254283,28.390928,0
2023-12-14,sz.000969,9.0470441600,9.1152869500,8.9105585800,8.9398054900,8.9982993100,9768248,90054105.2900,2,0.952300,1,-0.650100,40.873604,1.901933,1.246129,28.206372,0
2023-12-15,sz.000969,8.9495544600,8.9982993100,8.8618137300,8.8715627000,8.9398054900,9316082,85185523.7600,2,0.908200,1,-0.763400,40.561592,1.887414,1.236617,27.991056,0
2023-12-18,sz.000969,8.8618137300,8.8715627000,8.6180894800,8.6570853600,8.8715627000,15103942,134820822.1100,2,1.472500,1,-2.417600,39.580982,1.841784,1.206720,27.314349,0
2023-12-19,sz.000969,8.6765833000,8.7253281500,8.5985915400,8.6863322700,8.6570853600,7811700,69411653.0000,2,0.761600,1,0.337800,39.714702,1.848006,1.210797,27.406627,0
2023-12-20,sz.000969,8.6960812400,8.7058302100,8.5303487500,8.5400977200,8.6863322700,9539902,84201063.5200,2,0.930100,1,-1.683500,39.046104,1.816895,1.190413,26.945236,0
2023-12-21,sz.000969,8.4913528700,8.5595956600,8.3548672900,8.5011018400,8.5400977200,11036138,95831169.0700,2,1.075900,1,-0.456600,38.867811,1.808599,1.184978,26.822198,0
2023-12-22,sz.000969,8.5205997800,8.5790936000,8.4328590500,8.4913528700,8.5011018400,8032854,69948539.4500,2,0.783100,1,-0.114700,38.823238,1.806525,1.183619,26.791439,0
2023-12-25,sz.000969,8.4718549300,8.5303487500,8.4036121400,8.4621059600,8.4913528700,6549676,56807610.0500,2,0.638500,1,-0.344400,38.689519,1.800303,1.179542,26.699161,0
2023-12-26,sz.000969,8.4523569900,8.4621059600,8.3061224400,8.3353693500,8.4621059600,7698830,66078898.5700,2,0.750600,1,-1.497700,38.110067,1.773339,1.161876,26.299289,0
2023-12-27,sz.000969,8.3548672900,8.4426080200,8.2768755300,8.4036121400,8.3353693500,7909010,67773555.6500,2,0.771100,1,0.818700,38.422080,1.787858,1.171388,26.514604,0
2023-12-28,sz.000969,8.4036121400,8.7058302100,8.3061224400,8.6473363900,8.4036121400,20363016,178566770.2300,2,1.985200,1,2.900200,39.536409,1.839710,1.205361,27.283590,0
2023-12-29,sz.000969,8.6473363900,8.7838219700,8.6180894800,8.7643240300,8.6473363900,10981909,98273915.5400,2,1.070600,1,1.352900,40.071287,1.864599,1.221668,27.652702,0
2024-01-02,sz.000969,8.8130688800,9.3492622300,8.8130688800,9.1640318000,8.7643240300,42498447,398691387.9000,2,4.143200,1,4.560600,41.898787,1.949636,1.277384,28.913838,0
2024-01-03,sz.000969,9.0665421000,9.1542828300,8.8033199100,8.9008096100,9.1640318000,30427212,278780625.5700,2,2.966400,1,-2.872300,40.695312,1.893636,1.240693,28.083334,0
2024-01-04,sz.000969,8.8520647600,8.9690524000,8.7838219700,8.8520647600,8.9008096100,16332200,148558344.2100,2,1.592300,1,-0.547600,40.472446,1.883266,1.233899,27.929537,0
2024-01-05,sz.000969,8.8520647600,8.8715627000,8.5108508100,8.5790936000,8.8520647600,18188909,161973624.8600,2,1.773300,1,-3.083700,39.224397,1.825192,1.195849,27.068274,0
2024-01-08,sz.000969,8.5303487500,8.5888425700,8.2086327400,8.2476286200,8.5790936000,16102798,137959846.9200,2,1.569900,1,-3.863600,37.708909,1.754673,1.149646,26.022454,0
2024-01-09,sz.000969,8.2281306800,8.3743652300,8.1988837700,8.2476286200,8.2476286200,9781103,83035438.0300,2,0.953600,1,0.000000,37.708909,1.754673,1.149646,26.022454,0
2024-01-10,sz.000969,8.2573775900,8.3451183200,8.0623981900,8.1988837700,8.2476286200,10089788,84992208.0200,2,0.983700,1,-0.591000,37.486043,1.744302,1.142851,25.868657,0
2024-01-11,sz.000969,8.1891348000,8.5011018400,8.1501389200,8.4328590500,8.1988837700,12731802,109131887.5600,2,1.241200,1,2.853700,38.555799,1.794080,1.175465,26.606883,0
2024-01-12,sz.000969,8.5205997800,8.7253281500,8.3938631700,8.4036121400,8.4328590500,15830066,138991389.3500,2,1.543300,1,-0.346800,38.422080,1.787858,1.171388,26.514604,0
2024-01-15,sz.000969,8.3451183200,8.4036121400,8.1988837700,8.3158714100,8.4036121400,10086942,85913923.6100,2,0.983400,1,-1.044100,38.020921,1.769191,1.159158,26.237770,0
2024-01-16,sz.000969,8.2866245000,8.4523569900,8.1696368600,8.2963734700,8.3158714100,14329219,121736579.5800,2,1.397000,1,-0.234500,37.931775,1.765043,1.156440,26.176251,0
2024-01-17,sz.000969,8.2378796500,8.2671265600,7.8576698200,7.8966657000,8.2963734700,20438483,168042028.6300,2,1.992600,1,-4.817900,36.104274,1.680006,1.100725,24.915116,0
2024-01-18,sz.000969,7.8674187900,7.8674187900,7.5749496900,7.7991760000,7.8966657000,17917314,141754893.6600,2,1.746800,1,-1.234600,35.658542,1.659265,1.087135,24.607522,0
2024-01-19,sz.000969,7.8089249700,7.8771677600,7.7406821800,7.7796780600,7.7991760000,7751420,61985705.6700,2,0.755700,1,-0.250000,35.569396,1.655117,1.084418,24.546003,0
2024-01-22,sz.000969,7.7601801200,7.7601801200,7.1752419200,7.2239867700,7.7796780600,15203600,116238123.0000,2,1.482200,1,-7.142900,33.028725,1.536894,1.006959,22.792717,0
2024-01-23,sz.000969,7.2142378000,7.3702213200,7.1167481000,7.3214764700,7.2239867700,11057990,82395072.8500,2,1.078100,1,1.349500,33.474457,1.557635,1.020548,23.100311,0
2024-01-24,sz.000969,7.3702213200,7.4872089600,7.1362460400,7.4677110200,7.3214764700,11332827,85131346.7600,2,1.104900,1,1.997300,34.143054,1.588746,1.040932,23.561702,0
2024-01-25,sz.000969,7.5359538100,7.8186739400,7.4579620500,7.7894270300,7.4677110200,15569607,122258217.5700,2,1.517900,1,4.308100,35.613969,1.657191,1.085777,24.576762,0
2024-01-26,sz.000969,7.7894270300,7.8771677600,7.7211842400,7.7796780600,7.7894270300,10346613,82735276.2800,2,1.008700,1,-0.125200,35.569396,1.655117,1.084418,24.546003,0
2024-01-29,sz.000969,7.8381718800,7.8674187900,7.5944476300,7.6236945400,7.7796780600,10612600,83900755.0000,2,1.034600,1,-2.005000,34.856225,1.621932,1.062675,24.053852,0
2024-01-30,sz.000969,7.5554517500,7.7114352700,7.3994682300,7.4287151400,7.6236945400,9720726,75376427.2000,2,0.947700,1,-2.557500,33.964762,1.580450,1.035497,23.438664,0
2024-01-31,sz.000969,7.3897192600,7.4774599900,7.1069991300,7.1167481000,7.4287151400,13062119,97378689.6000,2,1.273400,1,-4.199500,32.538420,1.514079,0.992011,22.454363,0
2024-02-01,sz.000969,7.0582542800,7.2142378000,6.9022707600,6.9997604600,7.1167481000,14883104,107485089.1700,2,1.451000,1,-1.643800,32.003542,1.489190,0.975704,22.085251,0
2024-02-02,sz.000969,6.9802625200,7.0972501600,6.4343202000,6.6487975400,6.9997604600,17626297,122164769.8100,2,1.718400,1,-5.013900,30.398907,1.414523,0.926783,20.977912,0
2024-02-05,sz.000969,6.6098016600,6.6098016600,5.9858675800,6.1126041900,6.6487975400,23409168,149655612.8900,2,2.282200,1,-8.064500,27.947383,1.300449,0.852042,19.286145,0
2024-02-06,sz.000969,6.1126041900,6.7170403300,6.0248634600,6.6585465100,6.1126041900,19251493,126594851.9700,2,1.876900,1,8.931400,30.443481,1.416598,0.928142,21.008672,0
2024-02-07,sz.000969,6.6585465100,7.1849908900,6.6487975400,7.1264970700,6.6585465100,24307561,175720719.8900,2,2.369800,1,7.027800,32.582993,1.516153,0.993370,22.485123,0
2024-02-08,sz.000969,7.1654929500,7.6529414500,7.1362460400,7.5359538100,7.1264970700,23709105,181628425.5700,2,2.311400,1,5.745600,34.455067,1.603265,1.050445,23.777018,0
2024-02-19,sz.000969,7.6529414500,7.6529414500,7.3409744100,7.4677110200,7.5359538100,20255582,155446944.3000,2,1.974800,1,-0.905600,34.143054,1.588746,1.040932,23.561702,0
2024-02-20,sz.000969,7.4384641100,7.4774599900,7.2922295600,7.4579620500,7.4677110200,10576325,80145481.2500,2,1.031100,1,-0.130500,34.098481,1.586672,1.039573,23.530942,0
2024-02-21,sz.000969,7.3897192600,7.6724393900,7.3409744100,7.4677110200,7.4579620500,13987100,108145915.0000,2,1.363600,1,0.130700,34.143054,1.588746,1.040932,23.561702,0
2024-02-22,sz.000969,7.4384641100,7.5944476300,7.4287151400,7.5457027800,7.4677110200,9546770,73626285.7000,2,0.930700,1,1.044400,34.499640,1.605339,1.051804,23.807777,0
2024-02-23,sz.000969,7.5944476300,7.6626904200,7.4774599900,7.6431924800,7.5457027800,13422076,104170290.9400,2,1.308500,1,1.292000,34.945372,1.626080,1.065393,24.115371,0
2024-02-26,sz.000969,7.6431924800,7.8089249700,7.6334435100,7.6821883600,7.6431924800,14636890,115768521.9900,2,1.427000,1,0.510200,35.123664,1.634376,1.070828,24.238409,0
2024-02-27,sz.000969,7.7601801200,7.9064146700,7.6626904200,7.9064146700,7.6821883600,15546782,124156925.2400,2,1.515700,1,2.918800,36.148847,1.682080,1.102084,24.945875,0
2024-02-28,sz.000969,7.9161636400,8.0818961300,7.5164558700,7.5164558700,7.9064146700,24191844,194084425.0200,2,2.358500,1,-4.932200,34.365920,1.599117,1.047727,23.715499,0
2024-02-29,sz.000969,7.4287151400,7.8674187900,7.4189661700,7.8674187900,7.5164558700,21054865,166903173.3200,2,2.052700,1,4.669300,35.970555,1.673784,1.096648,24.822837,0
2024-03-01,sz.000969,7.9941554000,8.1208920100,7.9064146700,8.0136533400,7.8674187900,20737868,169903076.9500,2,2.021800,1,1.858700,36.639152,1.704895,1.117032,25.284228,0
2024-03-04,sz.000969,7.9941554000,8.0429002500,7.8674187900,7.9454105500,8.0136533400,16347127,132887381.9700,2,1.593700,1,-0.851600,36.327140,1.690376,1.107519,25.068913,0
2024-03-05,sz.000969,7.8771677600,7.9844064300,7.8284229100,7.8966657000,7.9454105500,13225256,107221360.8000,2,1.289400,1,-0.613500,36.104274,1.680006,1.100725,24.915116,0
2024-03-06,sz.000969,7.9064146700,8.1111430400,7.8869167300,8.0039043700,7.8966657000,20609400,169087734.4200,2,2.009200,1,1.358000,36.594579,1.702821,1.115673,25.253469,0
2024-03-07,sz.000969,7.9746574600,8.1403899500,7.9356615800,7.9454105500,8.0039043700,19719307,162554883.8200,2,1.922500,1,-0.730800,36.327140,1.690376,1.107519,25.068913,0
2024-03-08,sz.000969,7.9259126100,8.0234023100,7.8674187900,8.0136533400,7.9454105500,13125766,106925088.7000,2,1.279700,1,0.858900,36.639152,1.704895,1.117032,25.284228,0
2024-03-11,sz.000969,8.1013940700,8.2671265600,8.0526492200,8.2183817100,8.0136533400,22448344,188148613.4000,2,2.188500,1,2.554700,37.575189,1.748451,1.145569,25.930176,0
2024-03-12,sz.000969,8.2671265600,8.4718549300,8.2183817100,8.4036121400,8.2183817100,35319004,302590897.3200,2,3.443300,1,2.253900,38.422080,1.787858,1.171388,26.514604,0
2024-03-13,sz.000969,8.4133611100,8.7155791800,8.2281306800,8.4426080200,8.4036121400,44514284,386302158.6500,2,4.339800,1,0.464000,38.600372,1.796154,1.176824,26.637642,0
2024-03-14,sz.000969,8.3451183200,8.4913528700,8.2183817100,8.3061224400,8.4426080200,25387946,217734482.9700,2,2.475100,1,-1.616600,37.976348,1.767117,1.157799,26.207010,0
2024-03-15,sz.000969,8.2768755300,8.5108508100,8.2378796500,8.4816039000,8.3061224400,19334600,166397605.0900,2,1.885000,1,2.112700,38.778665,1.804451,1.182260,26.760680,0
2024-03-18,sz.000969,8.5400977200,8.6570853600,8.4913528700,8.6473363900,8.4816039000,24714544,217516480.7000,2,2.409500,1,1.954000,39.536409,1.839710,1.205361,27.283590,0
2024-03-19,sz.000969,8.6473363900,8.7253281500,8.5498466900,8.6375874200,8.6473363900,19576461,173781641.9100,2,1.908500,1,-0.112700,39.491836,1.837636,1.204003,27.252830,0
2024-03-20,sz.000969,8.5693446300,8.6960812400,8.5498466900,8.6570853600,8.6375874200,16722551,147962662.3800,2,1.630300,1,0.225700,39.580982,1.841784,1.206720,27.314349,0
2024-03-21,sz.000969,8.7253281500,8.8618137300,8.5985915400,8.8033199100,8.6570853600,31266513,280585723.8500,2,3.048200,1,1.689200,40.249580,1.872895,1.227104,27.775740,0
2024-03-22,sz.000969,8.7350771200,8.7545750600,8.5303487500,8.6083405100,8.8033199100,24918826,220382806.2500,2,2.429400,1,-2.214800,39.358116,1.831414,1.199926,27.160552,0
2024-03-25,sz.000969,8.5888425700,8.7155791800,8.3938631700,8.4133611100,8.6083405100,19637238,172694122.6000,2,1.914500,1,-2.265000,38.466653,1.789932,1.172747,26.545364,0
2024-03-26,sz.000969,8.3938631700,8.4718549300,8.2671265600,8.4328590500,8.4133611100,16251769,139474843.0200,2,1.584400,1,0.231700,38.555799,1.794080,1.175465,26.606883,0
2024-03-27,sz.000969,8.4231100800,8.4231100800,8.0721471600,8.0818961300,8.4328590500,16960829,143014392.5900,2,1.653500,1,-4.161800,36.951165,1.719413,1.126544,25.499544,0
2024-03-28,sz.000969,8.0916451000,8.6960812400,8.0916451000,8.5693446300,8.0818961300,32787895,285145592.9900,2,3.196500,1,6.031400,39.179824,1.823117,1.194490,27.037514,0
2024-03-29,sz.000969,8.5790936000,8.6180894800,8.4231100800,8.6083405100,8.5693446300,20129720,176104270.8700,2,1.962500,1,0.455100,39.358116,1.831414,1.199926,27.160552,0
2024-04-01,sz.000969,8.6375874200,8.7545750600,8.6083405100,8.7058302100,8.6083405100,23229031,206715339.2200,2,2.264600,1,1.132500,39.803848,1.852155,1.213515,27.468146,0
2024-04-02,sz.000969,8.6570853600,8.9105585800,8.5985915400,8.8325668200,8.7058302100,33477141,301286924.7000,2,3.263700,1,1.455800,40.383299,1.879118,1.231181,27.868018,0
2024-04-03,sz.000969,8.7740730000,8.8130688800,8.6278384500,8.7448260900,8.8325668200,21592636,193230858.4100,2,2.105100,1,-0.993400,39.982141,1.860451,1.218951,27.591184,0
2024-04-08,sz.000969,8.7448260900,8.8325668200,8.5693446300,8.5888425700,8.7448260900,24518596,219199992.2700,2,2.390400,1,-1.783700,39.268970,1.827266,1.197208,27.099033,0
2024-04-09,sz.000969,8.5693446300,8.8520647600,8.5303487500,8.7740730000,8.5888425700,23942718,214467766.5900,2,2.334200,1,2.156600,40.115860,1.866673,1.223027,27.683462,0
2024-04-10,sz.000969,8.7058302100,8.7253281500,8.5011018400,8.6083405100,8.7740730000,18076782,159530281.9400,2,1.762300,1,-1.888900,39.358116,1.831414,1.199926,27.160552,0
2024-04-11,sz.000969,8.5205997800,8.9105585800,8.4328590500,8.6473363900,8.6083405100,26585048,236651122.4200,2,2.591800,1,0.453000,39.536409,1.839710,1.205361,27.283590,0
2024-04-12,sz.000969,8.6180894800,8.6863322700,8.5108508100,8.5498466900,8.6473363900,17944794,158086760.8200,2,1.749500,1,-1.127400,39.090677,1.818969,1.191772,26.975996,0
2024-04-15,sz.000969,8.4816039000,8.5595956600,8.1988837700,8.4133611100,8.5498466900,20985956,180591235.9900,2,2.046000,1,-1.596400,38.466653,1.789932,1.172747,26.545364,0
2024-04-16,sz.000969,8.3548672900,8.4133611100,7.8479208500,7.8576698200,8.4133611100,23030706,190781331.2800,2,2.245300,1,-6.604900,35.925982,1.671709,1.095289,24.792078,0
2024-04-17,sz.000969,7.9746574600,8.4231100800,7.9649084900,8.4231100800,7.8576698200,19578086,165633979.2900,2,1.908700,1,7.196000,38.511226,1.792006,1.174106,26.576123,0
2024-04-18,sz.000969,8.3353693500,8.5303487500,8.2866245000,8.4036121400,8.4231100800,19048888,164649470.5300,2,1.857100,1,-0.231500,38.422080,1.787858,1.171388,26.514604,0
2024-04-19,sz.000969,8.3743652300,8.6375874200,8.3158714100,8.5011018400,8.4036121400,21782250,189437549.9100,2,2.123600,1,1.160100,38.867811,1.808599,1.184978,26.822198,0
2024-04-22,sz.000969,8.4426080200,8.5498466900,8.3158714100,8.3256203800,8.5011018400,15875101,137002750.8500,2,1.547700,1,-2.064200,38.065494,1.771265,1.160517,26.268529,0
2024-04-23,sz.000969,8.2963734700,8.3743652300,8.1403899500,8.1696368600,8.3256203800,15534896,131229688.5900,2,1.514500,1,-1.873500,37.352323,1.738080,1.138774,25.776379,0
2024-04-24,sz.000969,8.1891348000,8.4621059600,8.1501389200,8.4523569900,8.1696368600,15242801,130504024.4700,2,1.486000,1,3.460600,38.644945,1.798228,1.178183,26.668401,0
2024-04-25,sz.000969,8.4328590500,8.4816039000,8.3158714100,8.3841142000,8.4523569900,12819737,110378317.2000,2,1.249800,1,-0.807400,38.332933,1.783710,1.168671,26.453086,0
2024-04-26,sz.000969,8.3646162600,8.5205997800,8.3256203800,8.4913528700,8.3841142000,16166100,140206737.0000,2,1.576100,1,1.279100,38.823238,1.806525,1.183619,26.791439,0
2024-04-29,sz.000969,8.5108508100,8.7935709400,8.4621059600,8.7740730000,8.4913528700,22770536,202847106.5600,2,2.219900,1,3.329500,37.621228,1.796714,1.186431,18.395868,0
2024-04-30,sz.000969,8.7838219700,8.8325668200,8.5790936000,8.6083405100,8.7740730000,18071449,160312914.1200,2,1.761800,1,-1.888900,36.910605,1.762776,1.164021,18.048391,0
2024-05-06,sz.000969,8.6863322700,8.8520647600,8.6863322700,8.7935709400,8.6083405100,20803064,187665355.2900,2,2.028100,1,2.151800,37.704831,1.800707,1.189067,18.436748,0
2024-05-07,sz.000969,8.7643240300,8.9398054900,8.7545750600,8.8423157900,8.7935709400,19833260,180203660.7600,2,1.933600,1,0.554300,37.913837,1.810688,1.195659,18.538947,0
2024-05-08,sz.000969,8.7838219700,8.7935709400,8.6473363900,8.6570853600,8.8423157900,15158900,135137549.0000,2,1.477900,1,-2.094800,37.119612,1.772758,1.170612,18.150590,0
2024-05-09,sz.000969,8.6570853600,8.8715627000,8.6570853600,8.8228178500,8.6570853600,17258627,156089274.0800,2,1.682600,1,1.914400,37.830235,1.806696,1.193022,18.498067,0
2024-05-10,sz.000969,8.8325668200,8.9203075500,8.7058302100,8.8325668200,8.8228178500,16958537,153060390.4000,2,1.653300,1,0.110500,37.872036,1.808692,1.194341,18.518507,0
2024-05-13,sz.000969,8.7643240300,8.7935709400,8.5498466900,8.6668343300,8.8325668200,15711406,139578282.4600,2,1.531700,1,-1.876400,37.161413,1.774754,1.171930,18.171030,0
2024-05-14,sz.000969,8.7253281500,8.8130688800,8.6473363900,8.7155791800,8.6668343300,15212100,136175479.9900,2,1.483100,1,0.562400,37.370420,1.784736,1.178521,18.273229,0
2024-05-15,sz.000969,8.7545750600,8.8813116700,8.6278384500,8.6473363900,8.7155791800,20192300,181638092.0000,2,1.968600,1,-0.783000,37.077810,1.770761,1.169294,18.130150,0
2024-05-16,sz.000969,8.6570853600,8.7935709400,8.5303487500,8.5595956600,8.6473363900,17089600,151758898.0000,2,1.666100,1,-1.014700,36.701598,1.752794,1.157429,17.946191,0
2024-05-17,sz.000969,8.5790936000,8.7253281500,8.5205997800,8.7253281500,8.5595956600,17012060,150819808.7900,2,1.658500,1,1.936200,37.412221,1.786732,1.179840,18.293669,0
2024-05-20,sz.000969,8.7448260900,8.8618137300,8.7155791800,8.8423157900,8.7253281500,20074800,181150975.0000,2,1.957100,1,1.340800,37.913837,1.810688,1.195659,18.538947,0
2024-05-21,sz.000969,8.8423157900,8.9593034300,8.7545750600,8.8813116700,8.8423157900,31363620,285401100.4200,2,3.057700,1,0.441000,38.081043,1.818674,1.200932,18.620707,0
2024-05-22,sz.000969,8.8715627000,8.8910606400,8.6668343300,8.7740730000,8.8813116700,24612781,221409961.8900,2,2.399500,1,-1.207500,37.621228,1.796714,1.186431,18.395868,0
2024-05-23,sz.000969,8.7350771200,8.7448260900,8.4718549300,8.4816039000,8.7740730000,20930161,183711400.1400,2,2.040500,1,-3.333300,36.367187,1.736823,1.146883,17.782673,0
2024-05-24,sz.000969,8.4621059600,8.5400977200,8.2768755300,8.2963734700,8.4816039000,19044979,163890394.7100,2,1.856700,1,-2.183900,35.572961,1.698893,1.121836,17.394315,0
2024-05-27,sz.000969,8.2963734700,8.3938631700,8.1793858300,8.3938631700,8.2963734700,13186512,112106508.2800,2,1.285600,1,1.175100,35.990975,1.718856,1.135019,17.598714,0
2024-05-28,sz.000969,8.3548672900,8.5790936000,8.3061224400,8.4231100800,8.3938631700,14139469,123151515.1600,2,1.378500,1,0.348400,36.116379,1.724845,1.138974,17.660033,0
2024-05-29,sz.000969,8.3743652300,8.6765833000,8.3646162600,8.5790936000,8.4231100800,19961158,175646097.8200,2,1.946000,1,1.851900,36.785201,1.756787,1.160066,17.987071,0
2024-05-30,sz.000969,8.5693446300,8.6180894800,8.5011018400,8.5205997800,8.5790936000,11982902,105049979.5800,2,1.168200,1,-0.681800,36.534392,1.744809,1.152156,17.864432,0
2024-05-31,sz.000969,8.5205997800,8.6375874200,8.5011018400,8.5888425700,8.5205997800,11906200,104837173.0000,2,1.160800,1,0.800900,36.827002,1.758783,1.161384,18.007511,0
2024-06-03,sz.000969,8.5498466900,8.5985915400,8.2573775900,8.3353693500,8.5888425700,17262790,148955293.5000,2,1.683000,1,-2.951200,35.740167,1.706878,1.127109,17.476075,0
2024-06-04,sz.000969,8.3061224400,8.4523569900,8.2281306800,8.4328590500,8.3353693500,11267168,96315593.0000,2,1.098500,1,1.169600,36.158180,1.726842,1.140292,17.680473,0
2024-06-05,sz.000969,8.3841142000,8.4328590500,8.2183817100,8.2183817100,8.4328590500,12354868,105626472.7800,2,1.204500,1,-2.543400,35.238550,1.682922,1.111290,17.230797,0
2024-06-06,sz.000969,8.2573775900,8.3256203800,7.9746574600,8.0429002500,8.2183817100,16050200,133436455.0000,2,1.564800,1,-2.135200,34.486126,1.646988,1.087562,16.862879,0
2024-06-07,sz.000969,8.0916451000,8.1501389200,7.9844064300,8.0818961300,8.0429002500,9966302,82524862.6000,2,0.971600,1,0.484800,34.653331,1.654973,1.092835,16.944639,0
2024-06-11,sz.000969,8.0429002500,8.1598878900,7.8674187900,8.1208920100,8.0818961300,11135229,91621754.7900,2,1.085600,1,0.482500,34.820537,1.662958,1.098108,17.026398,0
2024-06-12,sz.000969,8.1013940700,8.2671265600,8.0916451000,8.1598878900,8.1208920100,9911602,83256943.4900,2,0.966300,1,0.480200,34.987742,1.670944,1.103381,17.108157,0
2024-06-13,sz.000969,8.1598878900,8.1891348000,8.0916451000,8.1111430400,8.1598878900,8030892,67015130.9200,2,0.782900,1,-0.597400,34.778735,1.660962,1.096790,17.005958,0
2024-06-14,sz.000969,8.0916451000,8.1208920100,7.9844064300,8.0916451000,8.1111430400,10829201,89453428.2800,2,1.055800,1,-0.240400,34.695132,1.656969,1.094153,16.965078,0
2024-06-17,sz.000969,8.0623981900,8.1891348000,8.0429002500,8.1013940700,8.0916451000,8456400,70554657.7600,2,0.824400,1,0.120500,34.736934,1.658966,1.095471,16.985518,0
2024-06-18,sz.000969,8.1208920100,8.2866245000,8.1013940700,8.2476286200,8.1013940700,11151877,94210832.6500,2,1.087200,1,1.805100,35.363954,1.688911,1.115245,17.292116,0
2024-06-19,sz.000969,8.2476286200,8.3158714100,8.1696368600,8.1988837700,8.2476286200,9270805,78253665.5000,2,0.903800,1,-0.591000,35.154947,1.678929,1.108654,17.189917,0
2024-06-20,sz.000969,8.1988837700,8.2281306800,7.9259126100,7.9259126100,8.1988837700,11187701,92232252.3100,2,1.090700,1,-3.329400,33.984509,1.623032,1.071743,16.617601,0
2024-06-21,sz.000969,7.9161636400,7.9844064300,7.8479208500,7.8771677600,7.9259126100,8537552,69272880.6500,2,0.832300,1,-0.615000,33.775502,1.613050,1.065151,16.515402,0
2024-06-24,sz.000969,7.8186739400,7.8479208500,7.5359538100,7.5457027800,7.8771677600,13098801,102801911.7300,2,1.277000,1,-4.207900,32.354256,1.545174,1.020331,15.820447,0
2024-06-25,sz.000969,7.5554517500,7.6626904200,7.5262048400,7.5749496900,7.5457027800,10154121,79169011.6400,2,0.989900,1,0.387600,32.479660,1.551163,1.024285,15.881766,0
2024-06-26,sz.000969,7.5846986600,7.8186739400,7.5164558700,7.7991760000,7.5749496900,10424420,82062362.5100,2,1.016300,1,2.960100,33.441091,1.597079,1.054605,16.351883,0
2024-06-27,sz.000969,7.8090199200,7.8484096800,7.6317660000,7.6317660000,7.7991724800,9520010,74747811.4000,2,0.928100,1,-2.146500,32.396057,1.547170,1.021649,15.840886,0
2024-06-28,sz.000969,7.6514608800,7.9074943200,7.6317660000,7.8090199200,7.6317660000,12604701,100150196.9800,2,1.228900,1,2.322600,33.148482,1.583105,1.045378,16.208804,0
2024-07-01,sz.000969,7.9370366400,7.9961212800,7.7794776000,7.9567315200,7.8090199200,13566381,109023048.9000,2,1.322600,1,1.891600,33.775502,1.613050,1.065151,16.515402,0
2024-07-02,sz.000969,7.9271892000,8.0059687200,7.8779520000,7.9271892000,7.9567315200,10154011,81854267.3500,2,0.989900,1,-0.371300,33.650098,1.607061,1.061197,16.454082,0
2024-07-03,sz.000969,7.9074943200,7.9173417600,7.7991724800,7.8090199200,7.9271892000,6362101,50745030.9300,2,0.620300,1,-1.490700,33.148482,1.583105,1.045378,16.208804,0
2024-07-04,sz.000969,7.8287148000,7.8681045600,7.5431390400,7.5825288000,7.8090199200,9470300,73763550.0000,2,0.923300,1,-2.900400,32.187051,1.537189,1.015058,15.738687,0
2024-07-05,sz.000969,7.5923762400,7.7400878400,7.4840544000,7.6810032000,7.5825288000,7520873,58198394.0700,2,0.733200,1,1.298700,32.605064,1.557152,1.028240,15.943086,0
2024-07-08,sz.000969,7.6810032000,7.6810032000,7.4249697600,7.4545120800,7.6810032000,8941889,68263659.8400,2,0.871800,1,-2.948700,31.643633,1.511236,0.997920,15.472969,0
2024-07-09,sz.000969,7.4643595200,7.7105455200,7.3560376800,7.6908506400,7.4545120800,10857766,83382979.5100,2,1.058500,1,3.170400,32.646866,1.559148,1.029558,15.963526,0
2024-07-10,sz.000969,7.8090199200,8.0453584800,7.7991724800,7.9173417600,7.6908506400,25181347,203670896.3900,2,2.455000,1,2.944900,33.608297,1.605064,1.059878,16.433642,0
2024-07-11,sz.000969,8.0158161600,8.2620021600,8.0059687200,8.2324598400,7.9173417600,20364718,168800859.7300,2,1.985400,1,3.980100,34.945941,1.668948,1.102063,17.087718,0
2024-07-12,sz.000969,8.2127649600,8.2915444800,8.1832226400,8.2620021600,8.2324598400,13705721,114715971.1400,2,1.336200,1,0.358900,35.071345,1.674937,1.106017,17.149037,0
2024-07-15,sz.000969,8.2915444800,8.3407816800,8.2226124000,8.3013919200,8.2620021600,11974125,100799189.3900,2,1.167400,1,0.476800,35.238550,1.682922,1.111290,17.230797,0
2024-07-16,sz.000969,8.2620021600,8.3998663200,8.2324598400,8.3900188800,8.3013919200,12304000,104423423.0000,2,1.199500,1,1.067600,35.614762,1.700889,1.123155,17.414755,0
2024-07-17,sz.000969,8.3998663200,8.4195612000,8.2816970400,8.3013919200,8.3900188800,10977611,93013783.6200,2,1.070200,1,-1.056300,35.238550,1.682922,1.111290,17.230797,0
2024-07-18,sz.000969,8.2521547200,8.3407816800,8.1438328800,8.3013919200,8.3013919200,8554711,71584783.9500,2,0.834000,1,0.000000,35.238550,1.682922,1.111290,17.230797,0
2024-07-19,sz.000969,8.2718496000,8.3703240000,8.1930700800,8.2915444800,8.3013919200,7767100,65361989.0000,2,0.757200,1,-0.118600,35.196749,1.680926,1.109972,17.210357,0
2024-07-22,sz.000969,8.3112393600,8.3703240000,8.1930700800,8.2423072800,8.2915444800,7772100,65228027.0000,2,0.757700,1,-0.593800,34.987742,1.670944,1.103381,17.108157,0
2024-07-23,sz.000969,8.1930700800,8.2521547200,8.0059687200,8.0059687200,8.2423072800,8184500,67583639.0000,2,0.797900,1,-2.867400,33.984509,1.623032,1.071743,16.617601,0
2024-07-24,sz.000969,8.0256636000,8.0945956800,7.9173417600,7.9271892000,8.0059687200,7591292,61611878.8000,2,0.740100,1,-0.984000,33.650098,1.607061,1.061197,16.454082,0
2024-07-25,sz.000969,7.9271892000,7.9961212800,7.8090199200,7.9173417600,7.9271892000,8005082,64343138.0600,2,0.780400,1,-0.124200,33.608297,1.605064,1.059878,16.433642,0
2024-07-26,sz.000969,7.9074943200,8.1536803200,7.8976468800,8.1536803200,7.9173417600,8502392,69840758.9200,2,0.828900,1,2.985100,34.611530,1.652977,1.091517,16.924199,0
2024-07-29,sz.000969,8.1536803200,8.1930700800,8.0749008000,8.1142905600,8.1536803200,7434700,61295276.9700,2,0.724800,1,-0.483100,34.444324,1.644991,1.086243,16.842439,0
2024-07-30,sz.000969,8.0945956800,8.2029175200,8.0059687200,8.1142905600,8.1142905600,9813800,80815756.0000,2,0.956800,1,0.000000,34.444324,1.644991,1.086243,16.842439,0
2024-07-31,sz.000969,8.1142905600,8.4589509600,8.1044431200,8.4491035200,8.1142905600,15833365,134340415.9200,2,1.543600,1,4.126200,35.865571,1.712867,1.131064,17.537394,0
2024-08-01,sz.000969,8.4491035200,8.5574253600,8.4392560800,8.5081881600,8.4491035200,13795573,119264349.1000,2,1.345000,1,0.699300,36.116379,1.724845,1.138974,17.660033,0
2024-08-02,sz.000969,8.4786458400,8.5672728000,8.3998663200,8.4195612000,8.5081881600,10016789,86171409.5800,2,0.976600,1,-1.041700,35.740167,1.706878,1.127109,17.476075,0
2024-08-05,sz.000969,8.3801714400,8.4687984000,8.1438328800,8.1635277600,8.4195612000,12768977,107870266.7900,2,1.244900,1,-3.040900,34.653331,1.654973,1.092835,16.944639,0
2024-08-06,sz.000969,8.2423072800,8.3801714400,8.1930700800,8.2718496000,8.1635277600,9936359,83498405.5300,2,0.968700,1,1.326900,35.113146,1.676933,1.107336,17.169477,0
2024-08-07,sz.000969,8.2718496000,8.3703240000,8.2127649600,8.3112393600,8.2718496000,8290318,69927684.9200,2,0.808200,1,0.476200,35.280352,1.684918,1.112609,17.251236,0
2024-08-08,sz.000969,8.3112393600,8.3703240000,8.2029175200,8.3013919200,8.3112393600,8910600,74986187.0000,2,0.868700,1,-0.118500,35.238550,1.682922,1.111290,17.230797,0
2024-08-09,sz.000969,8.3407816800,8.4884932800,8.2915444800,8.3013919200,8.3013919200,8567802,72901934.0000,2,0.835300,1,0.000000,35.238550,1.682922,1.111290,17.230797,0
2024-08-12,sz.000969,8.3210868000,8.3309342400,8.1733752000,8.2226124000,8.3013919200,7043100,58991725.8800,2,0.686600,1,-0.949000,34.904139,1.666951,1.100744,17.067278,0
2024-08-13,sz.000969,8.2226124000,8.3210868000,8.1635277600,8.2718496000,8.2226124000,5748012,48109572.5600,2,0.560400,1,0.598800,35.113146,1.676933,1.107336,17.169477,0
2024-08-14,sz.000969,8.2816970400,8.3112393600,8.1635277600,8.1635277600,8.2718496000,5419700,45238293.0000,2,0.528400,1,-1.309500,34.653331,1.654973,1.092835,16.944639,0
2024-08-15,sz.000969,8.1339854400,8.3013919200,8.0945956800,8.2226124000,8.1635277600,7631543,63656690.7300,2,0.744000,1,0.723800,34.904139,1.666951,1.100744,17.067278,0
2024-08-16,sz.000969,8.2718496000,8.3013919200,8.0847482400,8.1044431200,8.2226124000,8124070,67574281.4000,2,0.792000,1,-1.437100,34.402523,1.642995,1.084925,16.821999,0
2024-08-19,sz.000969,8.1339854400,8.2521547200,8.0847482400,8.1930700800,8.1044431200,7760800,64545795.0000,2,0.756600,1,1.093600,34.778735,1.660962,1.096790,17.005958,0
2024-08-20,sz.000969,8.1930700800,8.2620021600,7.9173417600,7.9764264000,8.1930700800,10168571,83033025.1900,2,0.991400,1,-2.644200,33.859105,1.617042,1.067788,16.556281,0
2024-08-21,sz.000969,7.9665789600,8.0059687200,7.9074943200,7.9271892000,7.9764264000,5313100,42910021.0000,2,0.518000,1,-0.617300,33.650098,1.607061,1.061197,16.454082,0
2024-08-22,sz.000969,7.9370366400,7.9665789600,7.8287148000,7.8385622400,7.9271892000,7166642,57310030.5600,2,0.698700,1,-1.118000,33.273886,1.589094,1.049332,16.270123,0
2024-08-23,sz.000969,7.8385622400,7.9271892000,7.8090199200,7.8681045600,7.8385622400,6306645,50326322.6900,2,0.614800,1,0.376900,33.399290,1.595083,1.053287,16.331443,0
2024-08-26,sz.000969,7.8779520000,8.0059687200,7.8385622400,7.9665789600,7.8681045600,7113763,57422018.4200,2,0.693500,1,1.251600,33.817304,1.615046,1.066470,16.535841,0
2024-08-27,sz.000969,7.9567315200,7.9665789600,7.7794776000,7.7991724800,7.9665789600,6145600,48916963.6400,2,0.599100,1,-2.101400,33.106681,1.581108,1.044059,16.188364,0
2024-08-28,sz.000969,7.7794776000,7.9074943200,7.7499352800,7.8385622400,7.7991724800,4632409,36892844.4500,2,0.451600,1,0.505100,33.273886,1.589094,1.049332,16.270123,0
2024-08-29,sz.000969,7.7696301600,8.0158161600,7.7696301600,7.9764264000,7.8385622400,7281400,58691005.0000,2,0.709900,1,1.758800,33.859105,1.617042,1.067788,16.556281,0
2024-08-30,sz.000969,8.0158161600,8.3900188800,8.0059687200,8.2915444800,7.9764264000,18597634,156138261.9200,2,1.812600,1,3.950600,23.721369,1.641494,1.122234,16.112580,0
2024-09-02,sz.000969,8.2915444800,8.3407816800,8.1733752000,8.2029175200,8.2915444800,13570474,113627748.1200,2,1.322700,1,-1.068900,23.467815,1.623949,1.110239,15.940355,0
2024-09-03,sz.000969,8.2029175200,8.3112393600,8.1536803200,8.2127649600,8.2029175200,9812417,81998117.3000,2,0.956400,1,0.120000,23.495988,1.625898,1.111572,15.959491,0
2024-09-04,sz.000969,8.2029175200,8.2521547200,8.0945956800,8.1142905600,8.2127649600,9285384,76979434.8000,2,0.905000,1,-1.199000,23.214261,1.606403,1.098244,15.768130,0
2024-09-05,sz.000969,8.1438328800,8.2127649600,8.0847482400,8.1339854400,8.1142905600,7574418,62648851.4800,2,0.738200,1,0.242700,23.270606,1.610302,1.100909,15.806402,0
2024-09-06,sz.000969,8.1044431200,8.1635277600,7.9468840800,7.9567315200,8.1339854400,7419500,60505329.0000,2,0.723100,1,-2.179200,22.763499,1.575211,1.076919,15.461953,0
2024-09-09,sz.000969,7.9567315200,8.0256636000,7.8484096800,7.8681045600,7.9567315200,6722401,54023927.0400,2,0.655200,1,-1.113900,22.509945,1.557665,1.064923,15.289728,0
2024-09-10,sz.000969,7.8976468800,7.9370366400,7.7006980800,7.8976468800,7.8681045600,9349510,74208629.0000,2,0.911300,1,0.375500,22.594463,1.563514,1.068922,15.347136,0
2024-09-11,sz.000969,7.8582571200,7.9665789600,7.7991724800,7.9271892000,7.8976468800,6936956,55636150.4800,2,0.676100,1,0.374100,22.678981,1.569362,1.072920,15.404545,0
2024-09-12,sz.000969,7.9271892000,8.0749008000,7.8779520000,7.8877994400,7.9271892000,6418987,51847948.3500,2,0.625600,1,-0.496900,22.566290,1.561564,1.067589,15.328000,0
2024-09-13,sz.000969,7.8877994400,7.9271892000,7.7991724800,7.8287148000,7.8877994400,5085814,40583279.2800,2,0.495700,1,-0.749100,22.397254,1.549867,1.059592,15.213184,0
2024-09-18,sz.000969,7.8385622400,7.9665789600,7.6317660000,7.7400878400,7.8287148000,8356914,65765890.2800,2,0.814500,1,-1.132100,22.143701,1.532321,1.047597,15.040959,0
2024-09-19,sz.000969,7.7794776000,8.0158161600,7.6711557600,7.9468840800,7.7400878400,11325901,90675145.1900,2,1.103900,1,2.671800,22.735326,1.573261,1.075586,15.442817,0
2024-09-20,sz.000969,7.9468840800,7.9862738400,7.8779520000,7.9665789600,7.9468840800,7421700,59813679.0000,2,0.723400,1,0.247800,22.791671,1.577160,1.078251,15.481089,0
2024-09-23,sz.000969,7.9567315200,8.0453584800,7.9173417600,7.9370366400,7.9665789600,6775084,54747280.4400,2,0.660300,1,-0.370800,22.707153,1.571312,1.074253,15.423681,0
2024-09-24,sz.000969,7.9567315200,8.2324598400,7.9567315200,8.2324598400,7.9370366400,16046500,132322550.4800,2,1.564000,1,3.722100,23.552333,1.629797,1.114238,15.997763,0
2024-09-25,sz.000969,8.3013919200,8.4491035200,8.2324598400,8.2423072800,8.2324598400,15875899,134634565.6300,2,1.547400,1,0.119600,23.580506,1.631747,1.115570,16.016899,0
2024-09-26,sz.000969,8.2324598400,8.4983407200,8.2324598400,8.4884932800,8.2423072800,13562862,115222501.1700,2,1.321900,1,2.986900,24.284822,1.680485,1.148891,16.495301,0
2024-09-27,sz.000969,8.5869676800,8.8922383200,8.5672728000,8.8036113600,8.4884932800,26828295,237586458.2400,2,2.614800,1,3.712300,25.186346,1.742869,1.191541,17.107656,0
2024-09-30,sz.000969,9.0399499200,9.6406437600,9.0104076000,9.6307963200,8.8036113600,47129514,449249282.9500,2,4.593500,1,9.396000,27.552849,1.906629,1.303498,18.715087,0
2024-10-08,sz.000969,10.5958454400,10.5958454400,9.7686604800,10.3496594400,9.6307963200,52889237,550992521.0500,2,5.154900,1,7.464200,29.609452,2.048944,1.400794,20.112020,0
2024-10-09,sz.000969,10.1428632000,10.1724055200,9.5224744800,9.6209488800,10.3496594400,42987483,431568476.7600,2,4.189800,1,-7.040900,27.524676,1.904679,1.302165,18.695950,0
2024-10-10,sz.000969,9.7391181600,9.9065246400,9.3452205600,9.4830847200,9.6209488800,31410001,306648992.4000,2,3.061400,1,-1.433000,27.130259,1.877386,1.283506,18.428045,0
2024-10-11,sz.000969,9.4436949600,9.5323219200,8.9414755200,9.0793396800,9.4830847200,26393969,246209580.2100,2,2.572500,1,-4.257500,25.975181,1.797456,1.228860,17.643466,0
2024-10-14,sz.000969,9.1482717600,9.4043052000,9.0301024800,9.3944577600,9.0793396800,22770110,213210197.6700,2,2.219300,1,3.470700,26.876705,1.859841,1.271510,18.255821,0
2024-10-15,sz.000969,9.5126270400,9.5914065600,9.2073564000,9.2172038400,9.3944577600,37589011,359537928.1500,2,3.663600,1,-1.886800,26.369598,1.824749,1.247520,17.911371,0
2024-10-16,sz.000969,9.0596448000,9.2664410400,8.9710178400,9.1384243200,9.2172038400,22570439,209484279.5300,2,2.199800,1,-0.854700,26.144216,1.809153,1.236857,17.758283,0
2024-10-17,sz.000969,9.1778140800,9.3353731200,9.1088820000,9.1187294400,9.1384243200,18728212,175333616.6700,2,1.825400,1,-0.215500,26.087871,1.805254,1.234191,17.720010,0
2024-10-18,sz.000969,9.0793396800,9.6012540000,9.0596448000,9.4240000800,9.1187294400,31151926,295712926.9800,2,3.036200,1,3.347700,26.961223,1.865689,1.275509,18.313229,0
2024-10-21,sz.000969,9.5520168000,9.7686604800,9.4535424000,9.7095758400,9.4240000800,44330868,433439085.4600,2,4.320700,1,3.030300,27.778230,1.922225,1.314161,18.868175,0
2024-10-22,sz.000969,9.7194232800,10.1724055200,9.7095758400,10.0837785600,9.7095758400,56754101,575534432.5800,2,5.531600,1,3.854000,28.848790,1.996307,1.364808,19.595346,0
2024-10-23,sz.000969,10.0443888000,10.1330157600,9.8277451200,10.0640836800,10.0837785600,44691859,453893807.5600,2,4.355900,1,-0.195300,28.792445,1.992408,1.362142,19.557074,0
2024-10-24,sz.000969,10.2511850400,10.3595068800,10.0246939200,10.1034734400,10.0640836800,38995591,401869010.6000,2,3.800700,1,0.391400,28.905136,2.000206,1.367473,19.633618,0
2024-10-25,sz.000969,10.0542362400,10.1822529600,9.9853041600,10.0640836800,10.1034734400,34546966,352939879.1600,2,3.367100,1,-0.389900,28.792445,1.992408,1.362142,19.557074,0
2024-10-28,sz.000969,10.0443888000,10.2413376000,10.0049990400,10.1330157600,10.0640836800,33569565,345558867.9500,2,3.271900,1,0.684900,28.989654,2.006054,1.371472,19.691027,0
2024-10-29,sz.000969,10.1527106400,10.2413376000,9.9853041600,10.0640836800,10.1330157600,37707115,387078079.5000,2,3.675200,1,-0.680300,28.792445,1.992408,1.362142,19.557074,0
2024-10-30,sz.000969,9.9754567200,10.1921004000,9.9459144000,10.1231683200,10.0640836800,28571698,292051410.2800,2,2.784800,1,0.587100,27.404566,1.972856,1.350898,28.935854,0
2024-10-31,sz.000969,10.1034734400,10.7730993600,10.0739311200,10.6844724000,10.1231683200,68650806,736122555.6100,2,6.691100,1,5.544700,28.924080,2.082246,1.425802,30.540274,0
2024-11-01,sz.000969,10.6647775200,11.7283010400,10.5564556800,11.1079123200,10.6844724000,110054496,1248075663.1300,2,10.726600,1,3.963100,30.070380,2.164768,1.482309,31.750626,0
2024-11-04,sz.000969,11.4821150400,11.4821150400,10.8814212000,10.9995904800,11.1079123200,79810003,895729474.1000,2,7.778800,1,-0.975200,29.777140,2.143658,1.467854,31.441001,0
2024-11-05,sz.000969,10.8912686400,11.1866918400,10.8518788800,11.0980648800,10.9995904800,64965162,730400497.6200,2,6.331900,1,0.895300,30.043721,2.162849,1.480995,31.722478,0
2024-11-06,sz.000969,11.1768444000,11.6889112800,11.1768444000,11.3245560000,11.0980648800,76162647,883678024.3700,2,7.423300,1,2.040800,30.656859,2.206989,1.511219,32.369875,0
2024-11-07,sz.000969,11.3245560000,11.4821150400,11.0094379200,11.1768444000,11.3245560000,54678710,619754689.5300,2,5.329300,1,-1.304300,30.256987,2.178202,1.491508,31.947660,0
2024-11-08,sz.000969,11.2162341600,11.5018099200,11.1571495200,11.2063867200,11.1768444000,48322256,556242315.4100,2,4.709800,1,0.264300,30.336961,2.183959,1.495450,32.032103,0
2024-11-11,sz.000969,11.3245560000,11.8563177600,11.3147085600,11.7873856800,11.2063867200,64284322,760725269.4900,2,6.265500,1,5.184500,31.909791,2.297187,1.572982,33.692818,0
2024-11-12,sz.000969,11.8760126400,11.9055549600,11.3442508800,11.4525727200,11.7873856800,47732884,560329373.2500,2,4.652300,1,-2.840400,31.003414,2.231937,1.528302,32.735796,0
2024-11-13,sz.000969,11.4033355200,11.6889112800,11.2260816000,11.3639457600,11.4525727200,36540375,423515983.6700,2,3.561400,1,-0.773900,30.763491,2.214665,1.516475,32.482466,0
2024-11-14,sz.000969,11.2753188000,11.3442508800,10.8321840000,10.8518788800,11.3639457600,37365354,418686259.4000,2,3.641800,1,-4.506100,29.377268,2.114871,1.448142,31.018785,0
2024-11-15,sz.000969,10.8026416800,10.9995904800,10.5859980000,10.6253877600,10.8518788800,31811999,349326288.0800,2,3.100600,1,-2.087100,28.764131,2.070731,1.417918,30.371387,0
2024-11-18,sz.000969,10.6647775200,10.7337096000,10.2708799200,10.3496594400,10.6253877600,29139746,310335009.5500,2,2.840100,1,-2.595000,28.017703,2.016996,1.381123,29.583251,0
2024-11-19,sz.000969,10.4973710400,10.8617263200,10.4185915200,10.8617263200,10.3496594400,38162568,413093096.4600,2,3.719500,1,4.947700,29.403926,2.116790,1.449456,31.046933,0
2024-11-20,sz.000969,10.7534044800,10.9405058400,10.7238621600,10.9109635200,10.8617263200,30937324,340631961.8400,2,3.015300,1,0.453300,29.537217,2.126386,1.456027,31.187671,0
2024-11-21,sz.000969,10.9208109600,12.0040293600,10.8617263200,12.0040293600,10.9109635200,103062135,1227617985.3400,2,10.045000,1,10.018100,32.496270,2.339408,1.601892,34.312068,0
2024-11-22,sz.000969,12.8016720000,13.2054170400,12.6145706400,12.9493836000,12.0040293600,88537230,1172362645.3700,2,8.629400,1,7.875300,35.055451,2.523644,1.728046,37.014249,0
2024-11-25,sz.000969,13.6485518400,14.2492456800,13.0380105600,13.2841965600,12.9493836000,225068241,3118231676.7300,2,21.936500,1,2.585600,35.961828,2.588894,1.772726,37.971271,0
2024-11-26,sz.000969,13.0970952000,13.2841965600,11.9547921600,11.9547921600,13.2841965600,126890415,1580068491.2900,2,12.367500,1,-10.007400,32.362979,2.329812,1.595322,34.171329,0
2024-11-27,sz.000969,11.4722676000,11.8858600800,11.3147085600,11.8169280000,11.9547921600,93255674,1097281186.1900,2,9.089200,1,-1.153200,31.989766,2.302945,1.576924,33.777261,0
2024-11-28,sz.000969,11.8760126400,12.2108256000,11.5608945600,11.5805894400,11.8169280000,68511648,822918814.7700,2,6.677500,1,-2.000000,31.349970,2.256886,1.545386,33.101716,0
2024-11-29,sz.000969,11.6987587200,12.2108256000,11.5510471200,12.0237242400,11.5805894400,76896882,929383121.1800,2,7.494800,1,3.826500,32.549586,2.343246,1.604520,34.368363,0
2024-12-02,sz.000969,12.0532665600,12.3585372000,12.0335716800,12.1812832800,12.0237242400,69872651,865210789.8100,2,6.810200,1,1.310400,32.976117,2.373952,1.625546,34.818727,0
2024-12-03,sz.000969,12.2108256000,12.2600628000,11.7972331200,11.9744870400,12.1812832800,57861599,704695830.8400,2,5.639500,1,-1.697700,32.416296,2.333651,1.597950,34.227625,0
2024-12-04,sz.000969,11.9744870400,12.0729614400,11.7184536000,11.8169280000,11.9744870400,42499100,514290862.0000,2,4.142200,1,-1.315800,31.989766,2.302945,1.576924,33.777261,0
2024-12-05,sz.000969,11.7381484800,11.9646396000,11.6692164000,11.9154024000,11.8169280000,33059902,397993099.2600,2,3.222200,1,0.833300,32.256347,2.322136,1.590065,34.058738,0
2024-12-06,sz.000969,11.9252498400,11.9449447200,11.6790638400,11.8563177600,11.9154024000,37084166,444771842.4200,2,3.614400,1,-0.495900,32.096398,2.310621,1.582181,33.889852,0
2024-12-09,sz.000969,11.8070805600,11.8563177600,11.4821150400,11.6298266400,11.8563177600,37186046,440306595.9200,2,3.624400,1,-1.910300,31.483261,2.266481,1.551956,33.242455,0
2024-12-10,sz.000969,11.9350972800,12.2502153600,11.8563177600,11.9941819200,11.6298266400,66354706,811981236.0700,2,6.467300,1,3.132900,32.469612,2.337489,1.600578,34.283920,0
2024-12-11,sz.000969,11.9941819200,12.1911307200,11.8661652000,12.1025037600,11.9941819200,49062301,598690581.6400,2,4.781900,1,0.903100,32.762852,2.358599,1.615033,34.593545,0
2024-12-12,sz.000969,12.1714358400,12.1714358400,11.7873856800,11.9449447200,12.1025037600,36956420,447405410.4600,2,3.602000,1,-1.301900,32.336321,2.327893,1.594008,34.143182,0
2024-12-13,sz.000969,11.8267754400,11.8563177600,11.6002843200,11.6101317600,11.9449447200,33244691,395155471.0300,2,3.240200,1,-2.803000,31.429945,2.262643,1.549328,33.186159,0
2024-12-16,sz.000969,11.5608945600,11.6101317600,11.2162341600,11.2851662400,11.6101317600,33904783,391436500.0500,2,3.304600,1,-2.799000,30.550226,2.199312,1.505963,32.257285,0
2024-12-17,sz.000969,11.2359290400,11.3344034400,11.0783700000,11.1177597600,11.2851662400,22824861,259709184.0600,2,2.224600,1,-1.483400,30.097038,2.166687,1.483623,31.778773,0
2024-12-18,sz.000969,11.1965392800,11.2753188000,11.0488276800,11.1177597600,11.1177597600,21339788,242379870.7500,2,2.079900,1,0.000000,30.097038,2.166687,1.483623,31.778773,0
2024-12-19,sz.000969,11.0094379200,11.1965392800,10.9306584000,11.1473020800,11.1177597600,19203487,215595400.4900,2,1.871700,1,0.265700,30.177012,2.172445,1.487565,31.863216,0
2024-12-20,sz.000969,11.1571495200,11.3737932000,11.0980648800,11.3147085600,11.1473020800,21711285,248554742.2800,2,2.116100,1,1.501800,30.630200,2.205070,1.509905,32.341728,0
2024-12-23,sz.000969,11.3245560000,11.4033355200,11.0291328000,11.1276072000,11.3147085600,20382757,231620698.2900,2,1.986600,1,-1.653600,30.123696,2.168606,1.484937,31.806921,0
2024-12-24,sz.000969,11.1669969600,11.3442508800,11.1276072000,11.2654713600,11.1276072000,17703837,202181680.0600,2,1.725500,1,1.238900,30.496910,2.195474,1.503334,32.200989,0
2024-12-25,sz.000969,11.2654713600,11.3048611200,10.8715737600,10.9897430400,11.2654713600,20649000,231272119.0000,2,2.012600,1,-2.447600,29.750482,2.141739,1.466540,31.412853,0
2024-12-26,sz.000969,11.0192853600,11.2457764800,10.9995904800,11.1866918400,10.9897430400,15283696,173239304.3200,2,1.489600,1,1.792100,30.283645,2.180121,1.492822,31.975807,0
2024-12-27,sz.000969,11.1866918400,11.4722676000,11.1866918400,11.3836406400,11.1866918400,25109233,289845587.4600,2,2.447300,1,1.760600,30.814755,2.218356,1.519003,32.536594,0
2024-12-30,sz.000969,11.3836406400,11.7086061600,11.2556239200,11.5510471200,11.3836406400,35591760,418163786.2700,2,3.469000,1,1.470600,31.267913,2.250979,1.541341,33.015073,0
2024-12-31,sz.000969,11.5707420000,11.5904368800,10.9798956000,10.9798956000,11.5510471200,32264765,367169447.9000,2,3.144700,1,-4.944600,29.721844,2.139677,1.465128,31.382615,0
2025-01-02,sz.000969,10.9306584000,10.9897430400,10.4579812800,10.5761505600,10.9798956000,29098456,318078178.2300,2,2.836100,1,-3.677100,28.628933,2.060998,1.411253,30.228635,0
2025-01-03,sz.000969,10.5859980000,10.7534044800,10.2708799200,10.3299645600,10.5761505600,24955826,266188663.8900,2,2.432300,1,-2.327700,27.962524,2.013023,1.378403,29.524989,0
2025-01-06,sz.000969,10.3004222400,10.5958454400,10.1724055200,10.3988966400,10.3299645600,19469800,205725269.5800,2,1.897600,1,0.667300,28.149118,2.026456,1.387601,29.722010,0
2025-01-07,sz.000969,10.3496594400,10.9995904800,10.3398120000,10.9995904800,10.3988966400,34960553,379930236.0000,2,3.407500,1,5.776500,29.775156,2.143515,1.467756,31.438906,0
2025-01-08,sz.000969,10.9602007200,11.0586751200,10.3496594400,10.6647775200,10.9995904800,36021642,389530650.9900,2,3.510900,1,-3.043900,28.868840,2.078269,1.423079,30.481948,0
2025-01-09,sz.000969,10.5761505600,11.3540983200,10.4875236000,10.9700481600,10.6647775200,44633446,499302072.0000,2,4.350200,1,2.862400,29.695187,2.137758,1.463814,31.354469,0
2025-01-10,sz.000969,10.9208109600,11.0783700000,10.7140147200,10.7337096000,10.9700481600,29177900,323248445.9900,2,2.843800,1,-2.154400,29.055435,2.091702,1.432277,30.678968,0
2025-01-13,sz.000969,10.5367608000,10.8026416800,10.4481338400,10.7435570400,10.7337096000,18223987,197210824.9500,2,1.776200,1,0.091700,29.082091,2.093621,1.433591,30.707114,0
2025-01-14,sz.000969,10.7435570400,11.5116573600,10.6352352000,11.5018099200,10.7435570400,48560187,553300004.9400,2,4.733000,1,7.057700,31.134631,2.241384,1.534771,32.874344,0
2025-01-15,sz.000969,11.4722676000,11.5904368800,11.3540983200,11.4624201600,11.5018099200,33980698,395607773.9000,2,3.312000,1,-0.342500,31.028005,2.233708,1.529515,32.761761,0
2025-01-16,sz.000969,11.5018099200,11.7381484800,11.4033355200,11.5215048000,11.4624201600,36383400,427445265.0000,2,3.546100,1,0.515500,31.187944,2.245222,1.537399,32.930636,0
2025-01-17,sz.000969,11.4722676000,11.5608945600,11.3639457600,11.5018099200,11.5215048000,26378160,307554313.4200,2,2.571000,1,-0.170900,31.134631,2.241384,1.534771,32.874344,0
2025-01-20,sz.000969,11.5707420000,11.6790638400,11.4427252800,11.5510471200,11.5018099200,29543300,347167102.1000,2,2.879500,1,0.428100,31.267913,2.250979,1.541341,33.015073,0
2025-01-21,sz.000969,11.7972331200,11.8070805600,11.4427252800,11.6790638400,11.5510471200,36467140,430288246.4000,2,3.554300,1,1.108300,31.614445,2.275925,1.558423,33.380969,0
2025-01-22,sz.000969,11.6199792000,12.0040293600,11.5904368800,11.7479959200,11.6790638400,47941800,576147255.0000,2,4.672700,1,0.590200,31.801040,2.289358,1.567621,33.577990,0
2025-01-23,sz.000969,11.8070805600,12.0532665600,11.6101317600,11.6101317600,11.7479959200,42484722,510045401.8600,2,4.140800,1,-1.173500,31.427851,2.262492,1.549225,33.183948,0
2025-01-24,sz.000969,11.5215048000,11.8169280000,11.5116573600,11.7972331200,11.6101317600,29046697,344584734.1700,2,2.831100,1,1.611500,31.934322,2.298953,1.574191,33.718719,0
2025-01-27,sz.000969,11.7972331200,11.8169280000,11.3442508800,11.3442508800,11.7972331200,29557201,345091785.7000,2,2.880800,1,-3.839700,30.708129,2.210680,1.513746,32.424011,0
2025-02-05,sz.000969,11.4919624800,11.6396740800,11.4131829600,11.5707420000,11.3442508800,26287210,307690404.4000,2,2.562100,1,1.996500,31.321225,2.254817,1.543969,33.071365,0
2025-02-06,sz.000969,11.4821150400,12.0040293600,11.4624201600,12.0040293600,11.5707420000,43167714,519112544.1700,2,4.207400,1,3.744700,32.494105,2.339252,1.601786,34.309782,0
2025-02-07,sz.000969,11.9744870400,12.1025037600,11.7972331200,11.9547921600,12.0040293600,48750433,593002322.9300,2,4.751500,1,-0.410200,32.360824,2.329657,1.595215,34.169053,0
2025-02-10,sz.000969,11.9744870400,12.0335716800,11.7676908000,11.9154024000,11.9547921600,35783909,431918852.8600,2,3.487700,1,-0.329500,32.254198,2.321981,1.589959,34.056470,0
2025-02-11,sz.000969,11.8858600800,11.9055549600,11.7479959200,11.8070805600,11.9154024000,24116558,289035310.8700,2,2.350500,1,-0.909100,31.960978,2.300872,1.575505,33.746865,0
2025-02-12,sz.000969,11.7676908000,11.8858600800,11.6790638400,11.8760126400,11.8070805600,27916607,334336973.9300,2,2.720900,1,0.583800,32.147573,2.314305,1.584703,33.943886,0
2025-02-13,sz.000969,11.8366228800,11.8760126400,11.5313522400,11.5510471200,11.8760126400,33413893,396032754.8700,2,3.256700,1,-2.736300,31.267913,2.250979,1.541341,33.015073,0
2025-02-14,sz.000969,11.5215048000,11.6593689600,11.3048611200,11.3836406400,11.5510471200,28356905,329403830.3000,2,2.763800,1,-1.449300,30.814755,2.218356,1.519003,32.536594,0
2025-02-17,sz.000969,11.3836406400,11.5411996800,11.3442508800,11.4624201600,11.3836406400,23721951,275703682.6400,2,2.312100,1,0.692000,31.028005,2.233708,1.529515,32.761761,0
2025-02-18,sz.000969,11.4427252800,11.5116573600,11.0980648800,11.1866918400,11.4624201600,24524207,282300017.2600,2,2.390300,1,-2.405500,30.281627,2.179976,1.492722,31.973677,0
2025-02-19,sz.000969,11.2260816000,11.8366228800,11.1965392800,11.8070805600,11.1866918400,56840951,674736321.3200,2,5.540100,1,5.545800,31.960978,2.300872,1.575505,33.746865,0
2025-02-20,sz.000969,11.7873856800,12.2502153600,11.7283010400,12.1911307200,11.8070805600,67003222,818659856.0200,2,6.530500,1,3.252700,33.000576,2.375713,1.626752,34.844553,0
2025-02-21,sz.000969,12.1418935200,12.2305204800,12.0335716800,12.1714358400,12.1911307200,42753449,526913187.3400,2,4.167000,1,-0.161600,32.947263,2.371875,1.624124,34.788261,0
2025-02-24,sz.000969,12.2108256000,12.3585372000,12.0434191200,12.3093000000,12.1714358400,45813888,570311547.4000,2,4.465300,1,1.132700,33.320453,2.398741,1.642520,35.182303,0
2025-02-25,sz.000969,12.1418935200,12.2403679200,11.9843344800,12.0729614400,12.3093000000,38569527,473941607.5600,2,3.759200,1,-1.920000,32.680700,2.352685,1.610984,34.506803,0
2025-02-26,sz.000969,12.1517409600,12.5456385600,12.0729614400,12.4373167200,12.0729614400,56189075,709964731.4600,2,5.476500,1,3.017900,33.666985,2.423688,1.659602,35.548199,0
2025-02-27,sz.000969,12.5554860000,12.6342655200,12.1714358400,12.4176218400,12.4373167200,46123097,581599306.8100,2,4.495400,1,-0.158400,33.613673,2.419850,1.656974,35.491908,0
2025-02-28,sz.000969,12.2994525600,12.3585372000,11.7676908000,11.8366228800,12.4176218400,40518490,493719191.4400,2,3.949200,1,-4.678800,32.040947,2.306629,1.579447,33.831303,0
2025-03-03,sz.000969,11.8661652000,12.9395361600,11.7972331200,12.6244180800,11.8366228800,89493641,1140711880.0600,2,8.722600,1,6.655600,34.173456,2.460149,1.684569,36.082970,0
2025-03-04,sz.000969,12.4668590400,12.6638078400,12.3585372000,12.5456385600,12.6244180800,48483237,616326891.4700,2,4.725500,1,-0.624000,33.960205,2.444797,1.674056,35.857804,0
2025-03-05,sz.000969,12.5259436800,12.7031976000,12.3388423200,12.4865539200,12.5456385600,35701547,452162614.5900,2,3.479700,1,-0.471000,33.800267,2.433283,1.666172,35.688928,0
2025-03-06,sz.000969,12.5259436800,12.6638078400,12.4767064800,12.5850283200,12.4865539200,42175635,539057023.5300,2,4.110700,1,0.788600,34.066831,2.452473,1.679312,35.970387,0
2025-03-07,sz.000969,12.5160962400,12.9001464000,12.4767064800,12.7031976000,12.5850283200,58891436,761692132.1200,2,5.739900,1,0.939000,34.386707,2.475501,1.695081,36.308137,0
2025-03-10,sz.000969,12.7031976000,12.8902989600,12.5653334400,12.6736552800,12.7031976000,40914829,527991017.8700,2,3.987800,1,-0.232600,34.306738,2.469744,1.691139,36.223699,0
2025-03-11,sz.000969,12.4077744000,12.7130450400,12.3683846400,12.7130450400,12.6736552800,32799601,418084329.7900,2,3.196800,1,0.310800,34.413363,2.477420,1.696395,36.336283,0
2025-03-12,sz.000969,12.7721296800,12.8312143200,12.6342655200,12.6539604000,12.7130450400,34257483,442618538.1500,2,3.338900,1,-0.464800,34.253425,2.465906,1.688511,36.167408,0
2025-03-13,sz.000969,12.5850283200,12.6638078400,12.2206730400,12.3782320800,12.6539604000,33557401,421367237.8100,2,3.270700,1,-2.179000,33.507047,2.412174,1.651718,35.379324,0
2025-03-14,sz.000969,12.4077744000,12.5357911200,12.2600628000,12.5357911200,12.3782320800,26380170,332932130.9800,2,2.571200,1,1.272900,33.933549,2.442878,1.672742,35.829658,0
2025-03-17,sz.000969,12.6539604000,12.6835027200,12.4570116000,12.5062488000,12.5357911200,21004009,267383085.6400,2,2.047200,1,-0.235700,33.853580,2.437121,1.668800,35.745220,0
2025-03-18,sz.000969,12.5357911200,13.2054170400,12.5357911200,13.0183156800,12.5062488000,58007745,767102081.2500,2,5.653800,1,4.094500,35.239711,2.536908,1.737129,37.208804,0
2025-03-19,sz.000969,13.1167900800,13.9439750400,13.0084682400,13.4614504800,13.0183156800,83917700,1142595459.7300,2,8.179100,1,3.403900,36.439247,2.623263,1.796260,38.475367,0
2025-03-20,sz.000969,13.2940440000,13.3334337600,13.0478580000,13.0774003200,13.4614504800,52300001,697847381.3400,2,5.097500,1,-2.853000,35.399649,2.548422,1.745013,37.377679,0
2025-03-21,sz.000969,12.9592310400,13.7174839200,12.7622822400,13.0577054400,13.0774003200,69462125,933652502.6100,2,6.770200,1,-0.150600,35.346336,2.544584,1.742385,37.321387,0
2025-03-24,sz.000969,13.0970952000,13.1758747200,12.2108256000,12.5850283200,13.0577054400,52896113,676136494.3400,2,5.155600,1,-3.619900,34.066831,2.452473,1.679312,35.970387,0
2025-03-25,sz.000969,12.5160962400,13.6485518400,12.4274692800,13.3728235200,12.5850283200,91285037,1236888560.8400,2,8.897200,1,6.259800,36.199340,2.605992,1.784434,38.222054,0
2025-03-26,sz.000969,13.3728235200,13.6091620800,13.1955696000,13.3137388800,13.3728235200,58127263,789481938.3100,2,5.665400,1,-0.441800,36.039401,2.594478,1.776550,38.053179,0
2025-03-27,sz.000969,13.2743491200,13.6387044000,12.8607566400,13.0872477600,13.3137388800,51749271,695080815.5100,2,5.043800,1,-1.701200,35.426305,2.550341,1.746327,37.405825,0
2025-03-28,sz.000969,12.9789259200,13.0774003200,12.4373167200,12.6736552800,13.0872477600,53358002,689736247.6900,2,5.200600,1,-3.160300,36.312760,2.446417,1.785584,85.943118,0
2025-03-31,sz.000969,12.6736552800,12.8607566400,12.4077744000,12.6736552800,12.6736552800,38303900,491681632.9600,2,3.733300,1,0.000000,36.312760,2.446417,1.785584,85.943118,0
2025-04-01,sz.000969,12.6736552800,13.2743491200,12.5259436800,13.1660272800,12.6736552800,60777626,802915144.6200,2,5.923700,1,3.885000,37.723512,2.541460,1.854954,89.282012,0
2025-04-02,sz.000969,13.2546542400,13.5008402400,13.1955696000,13.3137388800,13.1660272800,65716502,890768410.1600,2,6.405100,1,1.121900,38.146738,2.569973,1.875765,90.283680,0
2025-04-03,sz.000969,13.0872477600,13.6387044000,13.0577054400,13.1266375200,13.3137388800,52727721,711571435.7600,2,5.139200,1,-1.405300,37.610652,2.533857,1.849405,89.014900,0
2025-04-07,sz.000969,12.5554860000,12.7918245600,11.8169280000,11.8169280000,13.1266375200,45365503,556083230.9300,2,4.421600,1,-9.977500,33.858051,2.281041,1.664880,80.133444,0
2025-04-08,sz.000969,11.5215048000,11.7184536000,10.6352352000,10.9208109600,11.8169280000,75046251,839341091.4600,2,7.314400,1,-7.583300,31.290482,2.108062,1.538627,74.056657,0
2025-04-09,sz.000969,10.5269133600,11.1276072000,9.9459144000,11.0488276800,10.9208109600,50162128,543781255.6200,2,4.889100,1,1.172200,31.657278,2.132774,1.556663,74.924770,0
2025-04-10,sz.000969,11.2753188000,11.6199792000,11.1571495200,11.1669969600,11.0488276800,46635888,537175560.8500,2,4.545400,1,1.069500,31.995858,2.155584,1.573312,75.726104,0
2025-04-11,sz.000969,10.9306584000,11.3147085600,10.8715737600,11.1571495200,11.1669969600,29632090,335684503.6000,2,2.888100,1,-0.088200,31.967643,2.153683,1.571925,75.659326,0
2025-04-14,sz.000969,11.4624201600,11.8464703200,11.4328778400,11.5904368800,11.1571495200,46046680,546311013.8100,2,4.488000,1,3.883500,33.209105,2.237321,1.632970,78.597553,0
2025-04-15,sz.000969,11.6987587200,11.7184536000,11.3344034400,11.5215048000,11.5904368800,22553344,263506252.2800,2,2.198200,1,-0.594700,33.011600,2.224015,1.623258,78.130107,0
2025-04-16,sz.000969,11.4919624800,11.4919624800,10.9405058400,11.0685225600,11.5215048000,27984110,316626192.0000,2,2.727500,1,-3.931600,31.713708,2.136575,1.559438,75.058325,0
2025-04-17,sz.000969,11.0586751200,11.2556239200,10.9897430400,11.0488276800,11.0685225600,17621800,199283906.0000,2,1.717500,1,-0.177900,31.657278,2.132774,1.556663,74.924770,0
2025-04-18,sz.000969,11.0389802400,11.1177597600,10.8617263200,11.0685225600,11.0488276800,14874692,166026408.2000,2,1.449800,1,0.178300,31.713708,2.136575,1.559438,75.058325,0
2025-04-21,sz.000969,11.0586751200,11.2753188000,10.9602007200,11.2654713600,11.0685225600,17210703,195076806.3700,2,1.677500,1,1.779400,32.278009,2.174593,1.587186,76.393883,0
2025-04-22,sz.000969,11.2260816000,11.2260816000,11.0882174400,11.1177597600,11.2654713600,15370803,173885791.8700,2,1.498100,1,-1.311200,31.854783,2.146080,1.566375,75.392215,0
2025-04-23,sz.000969,11.1768444000,11.5116573600,11.1669969600,11.4328778400,11.1177597600,28769652,331952309.5900,2,2.804100,1,2.834400,32.757665,2.206907,1.610772,77.529107,0
2025-04-24,sz.000969,11.4624201600,11.4919624800,11.1768444000,11.2359290400,11.4328778400,19126490,219499418.9000,2,1.864200,1,-1.722700,32.193364,2.168890,1.583024,76.193549,0
2025-04-25,sz.000969,11.1965392800,11.2654713600,11.0685225600,11.0980648800,11.2359290400,18204685,206129072.7000,2,1.774300,1,-1.227000,31.798353,2.142278,1.563600,75.258659,0
2025-04-28,sz.000969,11.2851662400,11.4525727200,11.0586751200,11.0980648800,11.0980648800,22780456,259728444.7000,2,2.220300,1,0.000000,31.469306,2.104036,1.586436,26.516649,0
2025-04-29,sz.000969,10.9798956000,11.1177597600,10.9503532800,10.9995904800,11.0980648800,15188353,170040034.3500,2,1.480300,1,-0.887300,31.190076,2.085367,1.572360,26.281364,0
2025-04-30,sz.000969,11.0192853600,11.1473020800,10.9798956000,11.0389802400,10.9995904800,16327010,183735190.9000,2,1.591300,1,0.358100,31.301768,2.092835,1.577990,26.375478,0
2025-05-06,sz.000969,11.2063867200,11.8563177600,11.2063867200,11.8563177600,11.0389802400,54918923,652766095.2500,2,5.352700,1,7.404100,33.619383,2.247790,1.694826,28.328345,0
2025-05-07,sz.000969,11.9350972800,11.9547921600,11.7381484800,11.8760126400,11.8563177600,31725372,381249017.4900,2,3.092100,1,0.166100,33.675229,2.251524,1.697642,28.375402,0
2025-05-08,sz.000969,11.8760126400,12.1517409600,11.7873856800,12.1221986400,11.8760126400,28491249,347968651.1000,2,2.776900,1,2.073000,34.373306,2.298198,1.732833,28.963616,0
2025-05-09,sz.000969,11.9744870400,12.0532665600,11.7479959200,11.7775382400,12.1221986400,22614989,272670236.6800,2,2.204300,1,-2.843200,33.395999,2.232855,1.683565,28.140117,0
2025-05-12,sz.000969,11.8858600800,12.0237242400,11.8366228800,11.9055549600,11.7775382400,23113897,279955056.5800,2,2.253000,1,1.087000,33.758999,2.257125,1.701864,28.445988,0
2025-05-13,sz.000969,11.9252498400,12.0040293600,11.7578433600,11.8070805600,11.9055549600,19213152,231102467.8400,2,1.858900,1,-0.827100,33.479768,2.238456,1.687788,28.210703,0
2025-05-14,sz.000969,11.8267754400,12.2994525600,11.8267754400,12.0040293600,11.8070805600,40372406,497096607.0100,2,3.906000,1,1.668100,34.038229,2.275794,1.715941,28.681273,0
2025-05-15,sz.000969,11.9449447200,12.1123512000,11.7578433600,11.8760126400,12.0040293600,27814780,336482917.9800,2,2.691100,1,-1.066400,33.675229,2.251524,1.697642,28.375402,0
2025-05-16,sz.000969,11.7873856800,12.7524348000,11.7775382400,12.1911307200,11.8760126400,57199241,721511899.4100,2,5.534000,1,2.653400,34.568768,2.311266,1.742687,29.128315,0
2025-05-19,sz.000969,12.1812832800,12.5554860000,11.8464703200,12.3683846400,12.1911307200,51506860,641130693.4100,2,4.983300,1,1.454000,35.071383,2.344871,1.768025,29.551829,0
2025-05-20,sz.000969,12.3486897600,12.5948757600,12.2305204800,12.3782320800,12.3683846400,31048196,390292883.6500,2,3.003900,1,0.079600,35.099306,2.346738,1.769432,29.575357,0
2025-05-21,sz.000969,12.3093000000,12.5456385600,12.0631140000,12.2305204800,12.3782320800,35374170,439380581.0100,2,3.422400,1,-1.193300,34.680460,2.318734,1.748317,29.222429,0
2025-05-22,sz.000969,12.1221986400,12.6441129600,12.0926563200,12.2699102400,12.2305204800,39568765,498012954.4300,2,3.828300,1,0.322100,34.792152,2.326202,1.753948,29.316543,0
2025-05-23,sz.000969,12.2009781600,12.7130450400,12.1615884000,12.4471641600,12.2699102400,57364346,730186850.6500,2,5.550000,1,1.444600,35.294768,2.359807,1.779286,29.740057,0
2025-05-26,sz.000969,12.7524348000,13.2940440000,12.5751808800,13.2152644800,12.4471641600,96594998,1269391466.5400,2,9.345600,1,6.170900,37.472768,2.505428,1.889084,31.575282,0
2025-05-27,sz.000969,13.1857221600,13.1857221600,12.6835027200,12.7918245600,13.2152644800,63293825,824470551.3200,2,6.123700,1,-3.204200,36.272075,2.425149,1.828554,30.563555,0
2025-05-28,sz.000969,12.7524348000,13.2546542400,12.7130450400,12.9395361600,12.7918245600,58943943,781197431.3300,2,5.702800,1,1.154700,36.690922,2.453153,1.849669,30.916483,0
2025-05-29,sz.000969,12.9001464000,13.5796197600,12.7524348000,13.2546542400,12.9395361600,67516604,911473843.1900,2,6.532200,1,2.435300,37.584460,2.512895,1.894714,31.669396,0
2025-05-30,sz.000969,13.1266375200,13.1463324000,12.5160962400,12.5554860000,13.2546542400,55498308,715112338.1700,2,5.369500,1,-5.274900,35.601922,2.380343,1.794770,29.998871,0
2025-06-03,sz.000969,12.3979269600,12.5456385600,12.3979269600,12.4964013600,12.5554860000,24146329,305614724.3300,2,2.336200,1,-0.470600,35.434383,2.369141,1.786324,29.857700,0
2025-06-04,sz.000969,12.6244180800,12.7327399200,12.4373167200,12.5160962400,12.4964013600,24699720,315149899.5900,2,2.389700,1,0.157600,35.490229,2.372875,1.789140,29.904757,0
2025-06-05,sz.000969,12.4373167200,12.7918245600,12.4373167200,12.5554860000,12.5160962400,30103278,384740605.1400,2,2.912500,1,0.314700,35.601922,2.380343,1.794770,29.998871,0
2025-06-06,sz.000969,12.5357911200,12.5554860000,12.2600628000,12.2797576800,12.5554860000,27275200,341565205.0000,2,2.638900,1,-2.196100,34.820075,2.328069,1.755356,29.340072,0
2025-06-09,sz.000969,12.3289948800,12.6342655200,12.3093000000,12.5850283200,12.2797576800,31303640,397630634.4000,2,3.028600,1,2.486000,35.685691,2.385944,1.798993,30.069456,0
2025-06-10,sz.000969,12.6342655200,12.8804515200,12.5554860000,12.7819771200,12.5850283200,51951817,672173728.5200,2,5.026300,1,1.564900,36.244152,2.423282,1.827147,30.540027,0
2025-06-11,sz.000969,12.7425873600,13.0970952000,12.6342655200,12.9493836000,12.7819771200,49600840,650124535.3700,2,4.798900,1,1.309700,36.718845,2.455020,1.851077,30.940012,0
2025-06-12,sz.000969,12.8902989600,13.0380105600,12.7130450400,12.9887733600,12.9493836000,36974051,483721100.2400,2,3.577200,1,0.304200,36.830537,2.462488,1.856707,31.034126,0
2025-06-13,sz.000969,12.9789259200,13.1857221600,12.8410617600,12.9592310400,12.9887733600,38876531,512584101.0500,2,3.761300,1,-0.227400,36.746768,2.456887,1.852484,30.963540,0
2025-06-16,sz.000969,13.0183156800,13.2743491200,12.8902989600,13.1857221600,12.9592310400,38747224,517099785.8200,2,3.748800,1,1.747700,37.388998,2.499827,1.884861,31.504696,0
2025-06-17,sz.000969,13.1660272800,13.2054170400,12.8213668800,12.9099938400,13.1857221600,34668807,455807113.1800,2,3.354200,1,-2.091100,36.607152,2.447553,1.845446,30.845898,0
2025-06-18,sz.000969,13.0000000000,13.0500000000,12.7800000000,12.8600000000,12.9100000000,24192288,312071303.9200,2,2.340600,1,-0.387300,35.909075,2.400879,1.810255,30.257685,0
2025-06-19,sz.000969,12.8700000000,12.9100000000,12.3100000000,12.3600000000,12.8600000000,34488951,431099998.8400,2,3.336800,1,-3.888000,34.512922,2.307532,1.739871,29.081258,0
2025-06-20,sz.000969,12.2800000000,12.4500000000,12.2600000000,12.2800000000,12.3600000000,14568800,179645026.0400,2,1.409500,1,-0.647200,34.289537,2.292597,1.728610,28.893030,0
2025-06-23,sz.000969,12.2000000000,12.4800000000,12.1500000000,12.4400000000,12.2800000000,16254000,200668168.0000,2,1.572600,1,1.302900,34.736306,2.322468,1.751133,29.269486,0
2025-06-24,sz.000969,12.5500000000,12.8600000000,12.4900000000,12.8000000000,12.4400000000,25761299,327475958.2200,2,2.492400,1,2.893900,35.741537,2.389678,1.801809,30.116513,0
2025-06-25,sz.000969,12.8000000000,12.9400000000,12.7200000000,12.8600000000,12.8000000000,26052730,333961303.4800,2,2.520600,1,0.468800,35.909075,2.400879,1.810255,30.257685,0
2025-06-26,sz.000969,12.8600000000,12.9000000000,12.6600000000,12.6900000000,12.8600000000,24799796,317116339.2400,2,2.399400,1,-1.321900,35.434383,2.369141,1.786324,29.857700,0
2025-06-27,sz.000969,12.7700000000,12.9200000000,12.7300000000,12.7400000000,12.6900000000,21129582,270816505.4200,2,2.044300,1,0.394000,35.573998,2.378476,1.793363,29.975342,0
2025-06-30,sz.000969,12.7400000000,12.9000000000,12.6700000000,12.8800000000,12.7400000000,26042746,333798274.1800,2,2.519600,1,1.098900,35.964922,2.404613,1.813070,30.304742,0
2025-07-01,sz.000969,12.9000000000,13.1900000000,12.8800000000,13.0700000000,12.8800000000,42122128,550111579.1100,2,4.075300,1,1.475200,36.495460,2.440085,1.839815,30.751784,0
2025-07-02,sz.000969,13.1600000000,13.1600000000,12.7500000000,12.7900000000,13.0700000000,28887600,371330345.0000,2,2.794900,1,-2.142300,35.713614,2.387811,1.800401,30.092985,0
2025-07-03,sz.000969,12.7500000000,12.8500000000,12.5300000000,12.6900000000,12.7900000000,23800401,301137373.7800,2,2.302700,1,-0.781900,35.434383,2.369141,1.786324,29.857700,0
2025-07-04,sz.000969,12.6000000000,12.7400000000,12.5400000000,12.5700000000,12.6900000000,18256298,230629958.5700,2,1.766300,1,-0.945600,35.099306,2.346738,1.769432,29.575357,0
2025-07-07,sz.000969,12.5600000000,12.7000000000,12.5100000000,12.6300000000,12.5700000000,14494408,182733785.9100,2,1.402300,1,0.477300,35.266845,2.357940,1.777878,29.716528,0
2025-07-08,sz.000969,12.6300000000,12.7200000000,12.5600000000,12.6900000000,12.6300000000,17460673,221066885.8800,2,1.689300,1,0.475100,35.434383,2.369141,1.786324,29.857700,0
2025-07-09,sz.000969,12.6600000000,12.8500000000,12.5400000000,12.5500000000,12.6900000000,25895705,328300351.3100,2,2.505400,1,-1.103200,35.043460,2.343004,1.766617,29.528300,0
2025-07-10,sz.000969,12.5100000000,12.6200000000,12.4900000000,12.5700000000,12.5500000000,16870238,211644576.9000,2,1.632200,1,0.159400,35.099306,2.346738,1.769432,29.575357,0
2025-07-11,sz.000969,12.6900000000,13.1000000000,12.6200000000,13.0500000000,12.5700000000,60974304,788919224.9100,2,5.899300,1,3.818600,36.439614,2.436351,1.837000,30.704727,0
2025-07-14,sz.000969,13.2500000000,13.2600000000,12.9300000000,12.9600000000,13.0500000000,35233835,459427231.8700,2,3.408900,1,-0.689700,36.188306,2.419549,1.824331,30.492970,0
2025-07-15,sz.000969,12.9300000000,13.2600000000,12.8700000000,13.0600000000,12.9600000000,33925248,442774297.7000,2,3.282300,1,0.771600,36.467537,2.438218,1.838408,30.728255,0
2025-07-16,sz.000969,13.0100000000,13.1700000000,12.9500000000,13.0800000000,13.0600000000,26562645,346924949.1900,2,2.569900,1,0.153100,36.523383,2.441952,1.841223,30.775312,0
2025-07-17,sz.000969,13.4000000000,13.9600000000,13.1800000000,13.8000000000,13.0800000000,94508000,1290838096.7500,2,9.143600,1,5.504600,38.533845,2.576371,1.942575,32.469366,0
2025-07-18,sz.000969,13.6900000000,13.7900000000,13.5900000000,13.7300000000,13.8000000000,56555091,774074693.0500,2,5.471700,1,-0.507200,38.338383,2.563303,1.932721,32.304666,0
2025-07-21,sz.000969,13.7500000000,13.8200000000,13.6300000000,13.7600000000,13.7300000000,39914230,547017936.8400,2,3.861700,1,0.218500,38.422152,2.568903,1.936944,32.375252,0
2025-07-22,sz.000969,13.7700000000,14.0000000000,13.6200000000,13.7700000000,13.7600000000,43928566,605065798.4500,2,4.250100,1,0.072700,38.450075,2.570770,1.938352,32.398780,0
2025-07-23,sz.000969,14.0700000000,14.2200000000,13.7500000000,13.8300000000,13.7700000000,63075131,880826066.7200,2,6.102500,1,0.435700,38.617614,2.581972,1.946798,32.539952,0
2025-07-24,sz.000969,13.6800000000,14.4000000000,13.6600000000,14.3000000000,13.8300000000,72141678,1027251361.2100,2,6.979700,1,3.398400,39.929998,2.669718,2.012958,33.645792,0
2025-07-25,sz.000969,14.3100000000,14.3200000000,14.0200000000,14.0500000000,14.3000000000,37946152,536004855.0400,2,3.671300,1,-1.748300,39.231921,2.623044,1.977766,33.057579,0
2025-07-28,sz.000969,14.0000000000,14.0600000000,13.8100000000,13.9500000000,14.0500000000,29310826,408722959.1500,2,2.835800,1,-0.711700,38.952691,2.604375,1.963690,32.822294,0
2025-07-29,sz.000969,13.9100000000,13.9100000000,13.7000000000,13.8300000000,13.9500000000,28226343,388879901.6100,2,2.730900,1,-0.860200,38.617614,2.581972,1.946798,32.539952,0
2025-07-30,sz.000969,13.8100000000,13.8300000000,13.3600000000,13.4900000000,13.8300000000,35324376,478860220.7900,2,3.417600,1,-2.458400,37.668229,2.518496,1.898937,31.739982,0
2025-07-31,sz.000969,13.5000000000,13.5800000000,13.2200000000,13.3100000000,13.4900000000,29093416,389725511.3100,2,2.814800,1,-1.334300,37.165614,2.484891,1.873599,31.316468,0
2025-08-01,sz.000969,13.3100000000,13.4500000000,13.2400000000,13.2900000000,13.3100000000,20330783,271188321.0700,2,1.967000,1,-0.150300,37.109768,2.481157,1.870784,31.269411,0
2025-08-04,sz.000969,13.2000000000,13.4000000000,13.1800000000,13.4000000000,13.2900000000,18402860,244597728.2600,2,1.780500,1,0.827700,37.416921,2.501694,1.886268,31.528225,0
2025-08-05,sz.000969,13.4000000000,13.4400000000,13.3200000000,13.4300000000,13.4000000000,21447486,287074794.2100,2,2.075000,1,0.223900,37.500691,2.507294,1.890491,31.598810,0
2025-08-06,sz.000969,13.4400000000,13.5100000000,13.3800000000,13.5100000000,13.4300000000,21984948,296182242.1500,2,2.127000,1,0.595700,37.724075,2.522230,1.901753,31.787039,0
2025-08-07,sz.000969,13.5600000000,13.6500000000,13.1900000000,13.5100000000,13.5100000000,41389542,555616469.4700,2,4.004400,1,0.000000,37.724075,2.522230,1.901753,31.787039,0
2025-08-08,sz.000969,13.4100000000,13.5500000000,13.3700000000,13.3900000000,13.5100000000,21764592,292621244.4700,2,2.105700,1,-0.888200,37.388998,2.499827,1.884861,31.504696,0
2025-08-11,sz.000969,13.3900000000,13.5500000000,13.3300000000,13.5200000000,13.3900000000,20721303,278882273.9900,2,2.004800,1,0.970900,37.751998,2.524097,1.903160,31.810567,0
2025-08-12,sz.000969,13.5200000000,13.5200000000,13.2300000000,13.3900000000,13.5200000000,24088118,321375529.1300,2,2.330500,1,-0.961500,37.388998,2.499827,1.884861,31.504696,0
2025-08-13,sz.000969,13.3900000000,13.8700000000,13.3400000000,13.8100000000,13.3900000000,50374624,690521812.3400,2,4.873700,1,3.136700,38.561768,2.578238,1.943983,32.492894,0
2025-08-14,sz.000969,13.8000000000,13.8000000000,13.4100000000,13.4800000000,13.8100000000,34777366,472914297.7800,2,3.364700,1,-2.389600,37.640306,2.516629,1.897530,31.716453,0
2025-08-15,sz.000969,13.3700000000,13.7800000000,13.3700000000,13.7600000000,13.4800000000,30746114,420796074.1200,2,2.974700,1,2.077200,38.422152,2.568903,1.936944,32.375252,0
2025-08-18,sz.000969,13.7800000000,13.9800000000,13.6900000000,13.9300000000,13.7600000000,36705910,509262660.8500,2,3.551300,1,1.235500,38.896845,2.600641,1.960874,32.775237,0
2025-08-19,sz.000969,13.8500000000,14.0900000000,13.8500000000,13.9600000000,13.9300000000,37143906,518686917.7200,2,3.593700,1,0.215400,38.980614,2.606242,1.965097,32.845822,0
2025-08-20,sz.000969,13.8600000000,14.2400000000,13.8500000000,14.1100000000,13.9600000000,35962522,505323378.9200,2,3.479400,1,1.074500,39.399460,2.634246,1.986212,33.198750,0
2025-08-21,sz.000969,14.0800000000,14.2500000000,13.8700000000,13.9400000000,14.1100000000,30555500,428226321.6000,2,2.956200,1,-1.204800,38.924768,2.602508,1.962282,32.798765,0
2025-08-22,sz.000969,13.8900000000,14.2000000000,13.8900000000,14.0000000000,13.9400000000,32475430,455388344.4700,2,3.142000,1,0.430400,39.092306,2.613710,1.970728,32.939936,0
2025-08-25,sz.000969,14.1000000000,14.4100000000,14.0300000000,14.3600000000,14.0000000000,48702269,695041158.9300,2,4.711900,1,2.571400,40.097537,2.680919,2.021404,33.786963,0
2025-08-26,sz.000969,14.1500000000,14.1500000000,13.8000000000,13.9900000000,14.3600000000,46772435,652565495.3300,2,4.527000,1,-2.576600,52.648793,2.642518,1.995614,-1428.263169,0
2025-08-27,sz.000969,13.9900000000,14.3900000000,13.9500000000,14.0000000000,13.9900000000,50077850,707916479.0200,2,4.846900,1,0.071500,52.686426,2.644406,1.997040,-1429.284086,0
2025-08-28,sz.000969,13.9400000000,14.2600000000,13.6600000000,14.1200000000,14.0000000000,44419688,622080912.8900,2,4.299300,1,0.857100,53.138024,2.667073,2.014158,-1441.535092,0
2025-08-29,sz.000969,14.1200000000,14.6500000000,14.0700000000,14.4900000000,14.1200000000,59487556,858902335.6500,2,5.757600,1,2.620400,54.530451,2.736961,2.066937,-1479.309029,0
2025-09-01,sz.000969,14.7000000000,14.7000000000,14.2900000000,14.4800000000,14.4900000000,46801786,676898692.9300,2,4.529800,1,-0.069000,54.492818,2.735072,2.065510,-1478.288112,0
2025-09-02,sz.000969,14.4600000000,14.4900000000,13.8500000000,13.9000000000,14.4800000000,43487314,609438280.5300,2,4.209000,1,-4.005500,52.310095,2.625518,1.982776,-1419.074914,0
2025-09-03,sz.000969,13.9600000000,14.2000000000,13.3800000000,13.4500000000,13.9000000000,30535615,417535404.1700,2,2.955500,1,-3.237400,50.616602,2.540519,1.918585,-1373.133640,0
2025-09-04,sz.000969,13.5000000000,13.8400000000,12.8100000000,13.0100000000,13.4500000000,39061002,519207061.2100,2,3.780600,1,-3.271400,48.960743,2.457409,1.855821,-1328.213283,0
2025-09-05,sz.000969,13.0900000000,13.4800000000,13.0500000000,13.4800000000,13.0100000000,26694618,355278914.1600,2,2.583700,1,3.612600,50.729502,2.546186,1.922865,-1376.196391,0
2025-09-08,sz.000969,13.5500000000,14.0700000000,13.4000000000,14.0200000000,13.4800000000,42033365,580702166.9000,2,4.068300,1,4.005900,52.761693,2.648184,1.999893,-1431.325920,0
2025-09-09,sz.000969,14.0200000000,14.0700000000,13.6900000000,13.7600000000,14.0200000000,27364478,378852787.2000,2,2.648500,1,-1.854500,51.783230,2.599074,1.962806,-1404.782073,0
2025-09-10,sz.000969,13.7400000000,13.8300000000,13.4100000000,13.4300000000,13.7600000000,25522219,345879148.5700,2,2.470200,1,-2.398300,50.541336,2.536741,1.915732,-1371.091805,0
2025-09-11,sz.000969,13.4300000000,13.8000000000,13.2900000000,13.8000000000,13.4300000000,25071100,340690373.3100,2,2.426600,1,2.755000,51.933763,2.606629,1.968511,-1408.865742,0
2025-09-12,sz.000969,13.8000000000,13.8700000000,13.6300000000,13.6600000000,13.8000000000,21550759,295666347.6800,2,2.085800,1,-1.014500,51.406899,2.580185,1.948541,-1394.572901,0
2025-09-15,sz.000969,13.7100000000,13.7100000000,13.4000000000,13.4100000000,13.6600000000,21025801,283583463.7400,2,2.035000,1,-1.830200,50.466070,2.532964,1.912880,-1369.049971,0
2025-09-16,sz.000969,13.4700000000,13.4700000000,13.0700000000,13.3600000000,13.4100000000,24519164,324798340.5800,2,2.373100,1,-0.372900,50.277904,2.523519,1.905747,-1363.945385,0
2025-09-17,sz.000969,13.3000000000,13.5000000000,13.2000000000,13.3700000000,13.3600000000,16687186,222976060.4600,2,1.615100,1,0.074900,50.315537,2.525408,1.907174,-1364.966302,0
2025-09-18,sz.000969,13.3300000000,13.4700000000,12.9000000000,13.0300000000,13.3700000000,32293147,425770865.9900,2,3.125600,1,-2.543000,49.036010,2.461187,1.858674,-1330.255117,0
2025-09-19,sz.000969,13.0200000000,13.1400000000,12.7700000000,12.8000000000,13.0300000000,23984148,310139258.3600,2,2.321400,1,-1.765200,48.170447,2.417743,1.825866,-1306.774021,0
2025-09-22,sz.000969,12.8300000000,13.2000000000,12.7300000000,13.1000000000,12.8000000000,21925600,284224030.3500,2,2.122100,1,2.343800,49.299442,2.474409,1.868659,-1337.401538,0
2025-09-23,sz.000969,13.0800000000,13.1100000000,12.5500000000,12.7900000000,13.1000000000,25122083,320328388.7500,2,2.431500,1,-2.366400,48.132814,2.415854,1.824439,-1305.753104,0
2025-09-24,sz.000969,12.7400000000,13.1800000000,12.6700000000,13.1500000000,12.7900000000,24409373,317929383.3100,2,2.362500,1,2.814700,49.487608,2.483853,1.875792,-1342.506124,0
2025-09-25,sz.000969,13.4000000000,13.7500000000,13.3500000000,13.5300000000,13.1500000000,41387538,561526579.1800,2,4.005800,1,2.889700,50.917668,2.555630,1.929997,-1381.300977,0
2025-09-26,sz.000969,13.4500000000,13.7200000000,13.2600000000,13.2600000000,13.5300000000,23304186,313655493.5700,2,2.255500,1,-1.995600,49.901572,2.504631,1.891483,-1353.736213,0
2025-09-29,sz.000969,13.3100000000,13.3800000000,13.1400000000,13.3100000000,13.2600000000,16743711,222167064.6600,2,1.620600,1,0.377100,50.089738,2.514075,1.898615,-1358.840799,0
2025-09-30,sz.000969,13.3600000000,13.5900000000,13.3000000000,13.5600000000,13.3100000000,24398980,330094537.7400,2,2.361500,1,1.878300,51.030567,2.561297,1.934276,-1384.363729,0
2025-10-09,sz.000969,14.2500000000,14.9200000000,14.2000000000,14.9200000000,13.5600000000,42876119,632198211.1400,2,4.149900,1,10.029500,56.148677,2.818182,2.128275,-1523.208469,0
2025-10-10,sz.000969,16.4100000000,16.4100000000,15.6800000000,16.4100000000,14.9200000000,111521003,1818533935.0000,2,10.793800,1,9.986600,61.756018,3.099622,2.340817,-1675.325132,0
2025-10-13,sz.000969,18.0500000000,18.0500000000,18.0500000000,18.0500000000,16.4100000000,25954154,468472479.7000,2,2.512000,1,9.993900,67.927857,3.409396,2.574756,-1842.755554,0
2025-10-14,sz.000969,19.8600000000,19.8600000000,19.3300000000,19.8600000000,18.0500000000,66040590,1310323499.9900,2,6.391900,1,10.027700,74.739459,3.751279,2.832945,-2027.541568,0
2025-10-15,sz.000969,20.0000000000,20.7300000000,18.7100000000,19.9700000000,19.8600000000,292405097,5748867932.6300,2,28.301100,1,0.553900,75.153424,3.772057,2.848636,-2038.771657,0
2025-10-16,sz.000969,20.1700000000,21.2800000000,19.3900000000,20.3100000000,19.9700000000,262253398,5366440617.5100,2,25.382800,1,1.702600,76.432951,3.836278,2.897135,-2073.482842,0
2025-10-17,sz.000969,19.9600000000,21.7000000000,19.4600000000,19.5600000000,20.3100000000,251743301,5138780341.4100,2,24.365600,1,-3.692800,73.610464,3.694614,2.790151,-1996.914052,0
2025-10-20,sz.000969,19.2000000000,20.7400000000,18.1300000000,19.4200000000,19.5600000000,212874063,4222387144.4400,2,20.603500,1,-0.715700,73.083600,3.668170,2.770180,-1982.621211,0
2025-10-21,sz.000969,19.7700000000,21.3600000000,19.0300000000,20.6300000000,19.4200000000,298998155,6141346490.6700,2,28.939200,1,6.230700,77.637213,3.896722,2.942782,-2106.152192,0
2025-10-22,sz.000969,20.5400000000,22.6900000000,20.0000000000,21.3300000000,20.6300000000,318071131,6782969257.8600,2,30.785200,1,3.393100,80.271534,4.028942,3.042634,-2177.616397,0
2025-10-23,sz.000969,20.9000000000,21.2500000000,19.7000000000,20.1800000000,21.3300000000,215171929,4402746943.0300,2,20.825900,1,-5.391500,75.943720,3.811723,2.878591,-2060.210918,0
2025-10-24,sz.000969,20.1200000000,20.4200000000,18.3700000000,18.9900000000,20.1800000000,206940314,3936197532.9400,2,20.029200,1,-5.896900,71.465374,3.586949,2.708843,-1938.721771,0
2025-10-27,sz.000969,19.0400000000,20.8900000000,18.7500000000,20.8900000000,18.9900000000,172864554,3490386328.3800,2,16.731100,1,10.005300,78.615675,3.945832,2.979870,-2132.696040,0
2025-10-28,sz.000969,22.5800000000,22.9800000000,22.3000000000,22.9800000000,20.8900000000,100404129,2291533904.7200,2,9.717800,1,10.004800,86.481006,4.340604,3.277999,-2346.067735,0
2025-10-29,sz.000969,23.7200000000,24.3000000000,22.8000000000,23.5200000000,22.9800000000,267350833,6294062334.6900,2,25.876200,1,2.349900,88.513196,4.442603,3.355028,-2401.197264,0
2025-10-30,sz.000969,23.7400000000,24.8000000000,23.2000000000,23.2500000000,23.5200000000,238326636,5715995532.2100,2,23.065600,1,-1.148000,77.811477,4.316118,3.240689,-248.672013,0
2025-10-31,sz.000969,23.1400000000,23.4500000000,20.9300000000,21.2400000000,23.2500000000,203028857,4402583315.1900,2,19.649400,1,-8.645200,71.084550,3.942983,2.960526,-227.173917,0
2025-11-03,sz.000969,21.4000000000,22.6000000000,20.8000000000,21.2400000000,21.2400000000,171612571,3715283127.9100,2,16.608900,1,0.000000,71.084550,3.942983,2.960526,-227.173917,0
2025-11-04,sz.000969,20.7300000000,21.8600000000,20.5000000000,21.5000000000,21.2400000000,146946889,3100134919.6800,2,14.221700,1,1.224100,71.954700,3.991249,2.996766,-229.954765,0
2025-11-05,sz.000969,20.6300000000,22.3300000000,20.3000000000,21.5800000000,21.5000000000,150518433,3220182516.0400,2,14.567400,1,0.372100,72.222438,4.006100,3.007916,-230.810411,0
2025-11-06,sz.000969,21.5500000000,22.0900000000,21.1100000000,21.1700000000,21.5800000000,117057759,2510750934.6100,2,11.329000,1,-1.899900,70.850279,3.929988,2.950769,-226.425227,0
2025-11-07,sz.000969,21.1900000000,21.2900000000,20.1700000000,20.2600000000,21.1700000000,100637189,2057026813.7900,2,9.739800,1,-4.298500,67.804754,3.761056,2.823929,-216.692258,0
2025-11-10,sz.000969,20.2200000000,20.3300000000,19.5800000000,19.7300000000,20.2600000000,84449968,1675127451.4700,2,8.169300,1,-2.616000,66.030987,3.662667,2.750055,-211.023605,0
2025-11-11,sz.000969,19.8000000000,20.5000000000,19.5600000000,20.1000000000,19.7300000000,87172514,1748886301.8600,2,8.432700,1,1.875300,67.269277,3.731354,2.801628,-214.980966,0
2025-11-12,sz.000969,20.0200000000,20.0300000000,18.9700000000,19.2500000000,20.1000000000,72045574,1392315000.9400,2,6.969400,1,-4.228900,64.424557,3.573560,2.683151,-205.889731,0
2025-11-13,sz.000969,19.5500000000,21.1800000000,19.3000000000,20.4800000000,19.2500000000,138039097,2799919131.1100,2,13.353300,1,6.389600,68.541035,3.801897,2.854594,-219.045283,0
2025-11-14,sz.000969,20.1400000000,20.4300000000,19.1800000000,19.1800000000,20.4800000000,102716160,2021896268.5800,2,9.936300,1,-6.347700,64.190285,3.560565,2.673394,-205.141041,0
2025-11-17,sz.000969,19.4500000000,19.6500000000,18.8800000000,19.1000000000,19.1800000000,82204563,1575493716.7400,2,7.952100,1,-0.417100,63.922547,3.545714,2.662243,-204.285396,0
2025-11-18,sz.000969,19.0300000000,19.1900000000,18.4800000000,18.5900000000,19.1000000000,61427006,1148150200.5800,2,5.942200,1,-2.670200,62.215715,3.451038,2.591157,-198.830655,0
2025-11-19,sz.000969,18.4400000000,18.6500000000,18.0900000000,18.3700000000,18.5900000000,46361983,850222840.9600,2,4.484900,1,-1.183400,61.479434,3.410197,2.560492,-196.477629,0
2025-11-20,sz.000969,18.3700000000,18.4700000000,17.9400000000,18.0000000000,18.3700000000,37874528,686983759.1200,2,3.663800,1,-2.014200,60.241144,3.341511,2.508920,-192.520268,0
2025-11-21,sz.000969,17.7300000000,17.9000000000,17.0200000000,17.0400000000,18.0000000000,55348437,959579876.8600,2,5.354200,1,-5.333300,57.028283,3.163297,2.375111,-182.252521,0
2025-11-24,sz.000969,17.2900000000,17.6400000000,17.1800000000,17.5700000000,17.0400000000,43706713,761002308.0300,2,4.228000,1,3.110300,58.802050,3.261686,2.448985,-187.921173,0
2025-11-25,sz.000969,18.3000000000,18.6900000000,17.9300000000,18.5100000000,17.5700000000,85009283,1560821940.9800,2,8.223400,1,5.350000,61.947976,3.436187,2.580006,-197.975009,0
2025-11-26,sz.000969,18.3600000000,18.4000000000,18.0300000000,18.1600000000,18.5100000000,47676736,867401101.7300,2,4.612000,1,-1.890900,60.776621,3.371213,2.531222,-194.231560,0
2025-11-27,sz.000969,18.1600000000,18.4400000000,17.9700000000,18.0100000000,18.1600000000,38880683,706459158.9200,2,3.761100,1,-0.826000,60.274611,3.343367,2.510314,-192.627224,0
2025-11-28,sz.000969,18.0100000000,18.2300000000,17.8600000000,18.1900000000,18.0100000000,32913470,594583101.8400,2,3.183900,1,0.999400,60.877023,3.376782,2.535403,-194.552427,0
2025-12-01,sz.000969,18.2000000000,18.3300000000,18.0500000000,18.1300000000,18.1900000000,31268660,567485394.4400,2,3.024800,1,-0.329900,60.676219,3.365644,2.527040,-193.910692,0
2025-12-02,sz.000969,18.0100000000,18.0500000000,17.8500000000,17.9000000000,18.1300000000,27610400,495334695.7900,2,2.670900,1,-1.268600,59.906471,3.322947,2.494982,-191.450711,0
2025-12-03,sz.000969,17.9900000000,18.0700000000,17.7300000000,17.7800000000,17.9000000000,25701146,459436750.3400,2,2.486200,1,-0.670400,59.504863,3.300670,2.478256,-190.167243,0
2025-12-04,sz.000969,17.7100000000,18.0700000000,17.6100000000,17.9100000000,17.7800000000,32689367,584194046.6400,2,3.162200,1,0.731200,59.939938,3.324803,2.496376,-191.557667,0
2025-12-05,sz.000969,17.9700000000,18.7400000000,17.8600000000,18.6500000000,17.9100000000,73848759,1360537190.5700,2,7.143800,1,4.131800,62.416518,3.462177,2.599520,-199.472389,0
2025-12-08,sz.000969,18.7400000000,19.1800000000,18.6500000000,18.9000000000,18.6500000000,73096228,1385246011.4200,2,7.071000,1,1.340500,63.253201,3.508586,2.634366,-202.146282,0
2025-12-09,sz.000969,18.6800000000,18.8800000000,18.4400000000,18.6000000000,18.9000000000,40194818,749268877.3700,2,3.888300,1,-1.587300,62.249182,3.452895,2.592551,-198.937611,0
2025-12-10,sz.000969,18.5500000000,18.5800000000,18.1800000000,18.4500000000,18.6000000000,28954598,531030347.3500,2,2.800900,1,-0.806500,61.747172,3.425049,2.571643,-197.333275,0
2025-12-11,sz.000969,18.6000000000,19.2800000000,18.4300000000,18.9400000000,18.4500000000,85799766,1621805602.3500,2,8.299900,1,2.655800,63.387070,3.516012,2.639942,-202.574105,0
2025-12-12,sz.000969,19.0000000000,20.8300000000,18.6400000000,20.8300000000,18.9400000000,162233396,3277736627.2800,2,15.693700,1,9.978900,69.712390,3.866871,2.903378,-222.788733,0
2025-12-15,sz.000969,21.6900000000,22.2800000000,20.8800000000,20.9400000000,20.8300000000,190653913,4094177094.4200,2,18.443000,1,0.528100,70.080531,3.887291,2.918710,-223.965245,0
2025-12-16,sz.000969,20.9400000000,20.9800000000,19.2900000000,19.3600000000,20.9400000000,111400885,2202357696.2700,2,10.776400,1,-7.545400,64.792697,3.593981,2.698483,-207.066244,0
2025-12-17,sz.000969,19.4400000000,20.0500000000,18.9800000000,19.7400000000,19.3600000000,91006056,1777250797.8300,2,8.803500,1,1.962800,66.064454,3.664524,2.751449,-211.130561,0
2025-12-18,sz.000969,19.3700000000,19.7500000000,19.2000000000,19.2600000000,19.7400000000,63497731,1233996088.8600,2,6.142500,1,-2.431600,64.458024,3.575417,2.684545,-205.996687,0
2025-12-19,sz.000969,19.9200000000,20.7500000000,19.8400000000,20.2000000000,19.2600000000,101258071,2048911392.3200,2,9.795300,1,4.880600,67.603950,3.749918,2.815566,-216.050523,0
2025-12-22,sz.000969,20.6100000000,20.7300000000,20.1000000000,20.2000000000,20.2000000000,71691843,1457191873.7600,2,6.935200,1,0.000000,67.603950,3.749918,2.815566,-216.050523,0
2025-12-23,sz.000969,20.0300000000,20.4200000000,19.9200000000,20.0400000000,20.2000000000,51131712,1028235497.8100,2,4.946300,1,-0.792100,67.068473,3.720215,2.793264,-214.339232,0
2025-12-24,sz.000969,19.9400000000,20.4300000000,19.5900000000,20.2200000000,20.0400000000,56961148,1145706720.6800,2,5.510200,1,0.898200,67.670885,3.753631,2.818354,-216.264435,0
2025-12-25,sz.000969,20.1200000000,20.6500000000,20.0400000000,20.3700000000,20.2200000000,66713161,1364157666.5900,2,6.453500,1,0.741800,68.172894,3.781476,2.839261,-217.868770,0
2025-12-26,sz.000969,20.3000000000,20.9500000000,20.1100000000,20.6400000000,20.3700000000,92886546,1911324352.8900,2,8.985400,1,1.325500,69.076512,3.831599,2.876895,-220.756574,0
2025-12-29,sz.000969,20.7500000000,20.8700000000,20.2000000000,20.3200000000,20.6400000000,60029979,1229022465.1900,2,5.807000,1,-1.550400,68.005558,3.772194,2.832292,-217.333992,0
2025-12-30,sz.000969,20.6100000000,21.3800000000,20.6100000000,20.6900000000,20.3200000000,93977234,1965125232.8100,2,9.090900,1,1.820900,69.230753,3.840155,2.883319,-221.249505,0
2025-12-31,sz.000969,20.6100000000,21.2500000000,20.3100000000,21.0100000000,20.6900000000,87396962,1816602648.2900,2,8.454400,1,1.546600,70.301505,3.899548,2.927914,-224.671440,0
2026-01-05,sz.000969,21.6100000000,22.2800000000,21.4000000000,21.4400000000,21.0100000000,102043253,2215082316.0600,2,9.871200,1,2.046600,71.740326,3.979358,2.987838,-229.269666,0
2026-01-06,sz.000969,21.5800000000,21.5900000000,21.1100000000,21.3500000000,21.4400000000,72961913,1553434809.6800,2,7.058000,1,-0.419800,71.439178,3.962654,2.975295,-228.307246,0
2026-01-07,sz.000969,21.3100000000,22.8600000000,21.2200000000,22.4900000000,21.3500000000,121946149,2724222661.5200,2,11.796500,1,5.339600,75.253729,4.174243,3.134164,-240.497891,0
2026-01-08,sz.000969,22.5200000000,23.9600000000,22.2400000000,22.9000000000,22.4900000000,129739458,3011410840.6900,2,12.550400,1,1.823000,76.625629,4.250340,3.191300,-244.882245,0
2026-01-09,sz.000969,23.6000000000,25.1900000000,23.6000000000,25.1900000000,22.9000000000,111108556,2746456564.1200,2,10.748100,1,10.000000,84.288191,4.675374,3.510430,-269.370470,0
2026-01-12,sz.000969,27.0000000000,27.7100000000,26.7700000000,27.7100000000,25.1900000000,73501066,2013381287.0700,2,7.110200,1,10.004000,92.720357,5.143098,3.861613,-296.318211,0
2026-01-13,sz.000969,30.4800000000,30.4800000000,27.7100000000,28.2900000000,27.7100000000,214357500,6107601833.9200,2,20.736000,1,2.093100,94.661093,5.250748,3.942440,-302.520468,0
2026-01-14,sz.000969,28.5900000000,31.1200000000,28.5200000000,29.2700000000,28.2900000000,210651424,6363213895.2600,2,20.377500,1,3.464100,97.940268,5.432640,4.079011,-313.000145,0
2026-01-15,sz.000969,28.0200000000,29.0000000000,26.3400000000,27.5600000000,29.2700000000,179380751,4871748577.6400,2,17.352500,1,-5.842200,92.218442,5.115257,3.840709,-294.714178,0
2026-01-16,sz.000969,27.5600000000,28.0000000000,26.3600000000,26.4000000000,27.5600000000,116851313,3154309428.9300,2,11.303700,1,-4.209000,88.336969,4.899956,3.679054,-282.309663,0
2026-01-19,sz.000969,26.4400000000,27.0900000000,26.0500000000,26.3000000000,26.4000000000,72036781,1908721102.1800,2,6.968500,1,-0.378800,88.002359,4.881395,3.665118,-281.240308,0
2026-01-20,sz.000969,26.3000000000,26.5400000000,24.9500000000,25.4000000000,26.3000000000,78721180,2004125197.4200,2,7.615100,1,-3.422100,84.990872,4.714351,3.539696,-271.616115,0
2026-01-21,sz.000969,25.0100000000,25.7000000000,24.9000000000,25.3000000000,25.4000000000,48771680,1236631019.8900,2,4.718000,1,-0.393700,84.656262,4.695791,3.525760,-270.546760,0
2026-01-22,sz.000969,25.5400000000,26.4300000000,25.4300000000,26.0000000000,25.3000000000,76809389,1998198136.0800,2,7.430200,1,2.766800,86.998530,4.825714,3.623310,-278.032244,0
2026-01-23,sz.000969,26.1300000000,26.3000000000,25.7000000000,26.2200000000,26.0000000000,67588136,1760277360.9500,2,6.538200,1,0.846200,87.734672,4.866547,3.653969,-280.384824,0
2026-01-26,sz.000969,26.0600000000,26.1500000000,24.9500000000,25.1800000000,26.2200000000,67180610,1709069896.2700,2,6.498800,1,-3.966400,84.254730,4.673518,3.509037,-269.263535,0
2026-01-27,sz.000969,25.0300000000,25.1200000000,24.2200000000,25.0900000000,25.1800000000,43560537,1078639260.1700,2,4.213900,1,-0.357400,83.953582,4.656814,3.496495,-268.301115,0
2026-01-28,sz.000969,25.0700000000,25.2900000000,24.5600000000,25.1800000000,25.0900000000,48231864,1202561925.7800,2,4.665700,1,0.358700,84.254730,4.673518,3.509037,-269.263535,0
2026-01-29,sz.000969,25.0000000000,25.4400000000,24.5000000000,24.5600000000,25.1800000000,53335597,1328542733.8400,2,5.159400,1,-2.462300,82.180150,4.558444,3.422635,-262.633535,0
2026-01-30,sz.000969,24.2100000000,24.4000000000,23.1200000000,23.9500000000,24.5600000000,57571199,1365806575.6700,2,5.569200,1,-2.483700,80.139031,4.445225,3.337626,-256.110471,0
2026-02-02,sz.000969,23.6100000000,24.1500000000,23.3300000000,23.3700000000,23.9500000000,33369210,794046313.6800,2,3.228000,1,-2.421700,78.198294,4.337574,3.256799,-249.908213,0
2026-02-03,sz.000969,23.5400000000,24.2400000000,23.3900000000,24.2200000000,23.3700000000,39242190,936224283.6200,2,3.796100,1,3.637100,81.042477,4.495338,3.375253,-258.997729,0
2026-02-04,sz.000969,24.2000000000,24.4700000000,23.8500000000,24.1900000000,24.2200000000,27748163,670478301.6400,2,2.684200,1,-0.123900,80.942094,4.489770,3.371072,-258.676922,0
2026-02-05,sz.000969,23.8600000000,24.1000000000,23.4200000000,23.6600000000,24.1900000000,25570280,605736527.0600,2,2.473600,1,-2.191000,79.168662,4.391400,3.297213,-253.009342,0
2026-02-06,sz.000969,23.3300000000,23.8900000000,23.3100000000,23.3700000000,23.6600000000,25321825,596605309.8000,2,2.449500,1,-1.225700,78.198294,4.337574,3.256799,-249.908213,0
2026-02-09,sz.000969,23.7300000000,24.0900000000,23.6600000000,23.9500000000,23.3700000000,27883555,667059098.5300,2,2.697300,1,2.481800,80.139031,4.445225,3.337626,-256.110471,0
2026-02-10,sz.000969,23.9500000000,24.2400000000,23.6000000000,23.8200000000,23.9500000000,19852062,473609627.7800,2,1.920400,1,-0.542800,79.704038,4.421096,3.319510,-254.720309,0
2026-02-11,sz.000969,23.8500000000,24.1800000000,23.6000000000,23.6500000000,23.8200000000,23311935,556070099.6900,2,2.255100,1,-0.713700,79.135202,4.389544,3.295819,-252.902406,0
2026-02-12,sz.000969,23.6500000000,24.1800000000,23.5500000000,23.9200000000,23.6500000000,26160803,626502749.0700,2,2.530700,1,1.141600,80.038648,4.439657,3.333446,-255.789664,0
2026-02-13,sz.000969,23.7500000000,24.0200000000,23.5700000000,23.6000000000,23.9200000000,21871217,520066779.8100,2,2.115700,1,-1.337800,78.967897,4.380263,3.288851,-252.367729,0
2026-02-24,sz.000969,23.8700000000,24.2800000000,23.8000000000,24.0600000000,23.6000000000,29948353,721001641.2900,2,2.897100,1,1.949200,80.507101,4.465642,3.352956,-257.286761,0
2026-02-25,sz.000969,24.2200000000,25.0000000000,24.0200000000,24.8600000000,24.0600000000,57866377,1428833655.0300,2,5.597700,1,3.325000,83.183979,4.614125,3.464442,-265.841599,0
2026-02-26,sz.000969,24.8800000000,25.2200000000,24.6100000000,25.0000000000,24.8600000000,57625917,1440844160.3000,2,5.574500,1,0.563200,83.652433,4.640110,3.483952,-267.338696,0
2026-02-27,sz.000969,24.7600000000,25.6300000000,24.7400000000,25.5100000000,25.0000000000,62941780,1592123340.9000,2,6.088700,1,2.040000,85.358943,4.734768,3.555025,-272.792405,0
2026-03-02,sz.000969,25.4700000000,26.6000000000,25.3000000000,26.6000000000,25.5100000000,90165744,2335730572.9600,2,8.722200,1,4.272800,89.006189,4.937077,3.706925,-284.448372,0
2026-03-03,sz.000969,26.6500000000,26.6900000000,24.0100000000,24.0200000000,26.6000000000,91063916,2284164498.1300,2,8.809100,1,-9.699200,80.373258,4.458217,3.347381,-256.859019,0
2026-03-04,sz.000969,23.3200000000,24.6000000000,23.2300000000,23.8300000000,24.0200000000,43365160,1042540841.4600,2,4.195000,1,-0.791000,79.737499,4.422953,3.320903,-254.827245,0
2026-03-05,sz.000969,24.4000000000,25.2200000000,24.0700000000,24.6000000000,23.8300000000,52787243,1301888522.8100,2,5.106400,1,3.231200,82.313994,4.565868,3.428209,-263.061277,0
2026-03-06,sz.000969,24.2900000000,24.7000000000,23.9500000000,24.1400000000,24.6000000000,32502755,789446868.9700,2,3.144200,1,-1.869900,80.774789,4.480490,3.364104,-258.142245,0
2026-03-09,sz.000969,23.8000000000,23.9400000000,22.9500000000,23.7500000000,24.1400000000,40217661,942619478.8800,2,3.890500,1,-1.615600,79.469811,4.408104,3.309755,-253.971761,0
2026-03-10,sz.000969,24.2100000000,24.3200000000,23.7000000000,24.0300000000,23.7500000000,26920070,646342759.0300,2,2.604100,1,1.178900,80.406718,4.460073,3.348775,-256.965955,0
2026-03-11,sz.000969,24.0800000000,24.3400000000,23.5000000000,23.5200000000,24.0300000000,31526327,749825533.9900,2,3.049700,1,-2.122300,78.700209,4.365415,3.277702,-251.512245,0
2026-03-12,sz.000969,23.3800000000,23.4500000000,22.2500000000,22.5800000000,23.5200000000,49011161,1112934546.9900,2,4.741100,1,-3.996600,75.554877,4.190947,3.146706,-241.460310,0
2026-03-13,sz.000969,22.4000000000,23.1500000000,22.2300000000,22.6500000000,22.5800000000,32361800,736642227.3200,2,3.130500,1,0.310000,75.789104,4.203939,3.156461,-242.208858,0
2026-03-16,sz.000969,22.5000000000,22.5800000000,21.4300000000,21.9800000000,22.6500000000,39279972,858692332.7000,2,3.799800,1,-2.958100,73.547219,4.079584,3.063091,-235.044181,0
2026-03-17,sz.000969,21.9900000000,22.1800000000,21.3700000000,21.4200000000,21.9800000000,23139543,504253293.5800,2,2.238400,1,-2.547800,71.673404,3.975646,2.985050,-229.055795,0
2026-03-18,sz.000969,21.4300000000,21.6700000000,21.1300000000,21.6200000000,21.4200000000,18544198,397296244.2500,2,1.793900,1,0.933700,72.342624,4.012767,3.012922,-231.194504,0
