date,code,open,high,low,close,preclose,volume,amount,adjustflag,turn,tradestatus,pctChg,peTTM,pbMRQ,psTTM,pcfNcfTTM,isST
2023-06-26,sz.002709,39.0647733000,40.5137924600,38.8493785600,40.0732123100,39.7501202000,14126587,574640692.6000,2,1.020800,1,0.812800,16.045481,6.022035,3.668390,61.445586,0
2023-06-27,sz.002709,40.0438403000,40.5040017900,39.1724706700,39.4466094300,40.0732123100,11231708,455117216.1600,2,0.811600,1,-1.563600,15.794587,5.927871,3.611029,60.484795,0
2023-06-28,sz.002709,39.4759814400,40.4648391100,39.4661907700,39.8578175700,39.4466094300,11291249,460753023.0800,2,0.815900,1,1.042400,15.959236,5.989666,3.648672,61.115314,0
2023-06-29,sz.002709,39.8284455600,40.2396537000,39.1724706700,39.3291213900,39.8578175700,10814991,436402595.5200,2,0.781500,1,-1.326500,15.747544,5.910216,3.600274,60.304646,0
2023-06-30,sz.002709,39.2507960300,40.9739539500,38.9472852600,40.3277697300,39.3291213900,23679265,972883383.1800,2,1.711000,1,2.539200,16.147410,6.060290,3.691694,61.835919,0
2023-07-03,sz.002709,40.3375604000,40.8075125600,39.9557242700,40.4158857600,40.3277697300,13862111,571136491.2100,2,1.001700,1,0.218500,16.182689,6.073530,3.699759,61.971018,0
2023-07-04,sz.002709,40.6704431800,41.1110233300,39.9557242700,40.8270939000,40.4158857600,13476442,559309293.6300,2,0.973800,1,1.017400,16.347342,6.135326,3.737403,62.601549,0
2023-07-05,sz.002709,41.0033259600,41.1110233300,40.4844204500,40.6508618400,40.8270939000,8944865,372513510.0000,2,0.646300,1,-0.431700,16.276778,6.108843,3.721270,62.331327,0
2023-07-06,sz.002709,40.3375604000,40.5725364800,39.8284455600,39.9263522600,40.6508618400,9473239,388093742.8400,2,0.684500,1,-1.782300,15.986681,5.999966,3.654947,61.220412,0
2023-07-07,sz.002709,39.9165615900,39.9165615900,39.3584934000,39.4955627800,39.9263522600,7154497,289280687.3700,2,0.517000,1,-1.079000,15.814191,5.935229,3.615511,60.559868,0
2023-07-10,sz.002709,39.6522135000,41.4243247700,39.5053534500,40.7879312200,39.4955627800,20808489,869957465.3800,2,1.503600,1,3.272200,16.331661,6.129441,3.733818,62.541500,0
2023-07-11,sz.002709,40.3473510700,40.6116991600,38.7612625300,39.7990735500,40.7879312200,32492811,1308951829.3600,2,2.347900,1,-2.424400,15.935718,5.980839,3.643296,61.025251,0
2023-07-12,sz.002709,39.6522135000,39.7403295300,38.8200065500,39.0158199500,39.7990735500,15987099,639603579.7200,2,1.155200,1,-1.968000,15.622100,5.863135,3.571595,59.824262,0
2023-07-13,sz.002709,39.1430986600,39.7403295300,38.7612625300,39.1333079900,39.0158199500,15422297,616210944.5200,2,1.114400,1,0.301100,15.669143,5.880791,3.582350,60.004411,0
2023-07-14,sz.002709,39.0647733000,39.0745639700,37.8703115600,38.1542409900,39.1333079900,28145050,1097405451.7100,2,2.033700,1,-2.501900,15.277120,5.733661,3.492724,58.503175,0
2023-07-17,sz.002709,37.7919862000,37.7919862000,34.3652517000,35.3834813800,38.1542409900,52797078,1914936319.0800,2,3.815100,1,-7.262000,14.167696,5.317283,3.239082,54.254676,0
2023-07-18,sz.002709,35.2268306600,35.6184574600,34.9331105600,35.0016452500,35.3834813800,15616765,560382200.0300,2,1.128500,1,-1.079100,14.014808,5.259902,3.204128,53.669194,0
2023-07-19,sz.002709,34.8449945300,34.9722732400,33.9246715500,34.3554610300,35.0016452500,17627918,617723155.3300,2,1.273800,1,-1.846200,13.756073,5.162796,3.144975,52.678378,0
2023-07-20,sz.002709,34.3652517000,34.9331105600,34.0715316000,34.1204849500,34.3554610300,16174608,568155453.4500,2,1.168800,1,-0.684000,13.661987,5.127485,3.123465,52.318081,0
2023-07-21,sz.002709,33.9932062400,34.2575543300,33.4840914000,33.6015794400,34.1204849500,16626025,572808625.2400,2,1.201400,1,-1.520800,13.454215,5.049506,3.075963,51.522426,0
2023-07-24,sz.002709,33.4840914000,33.5624167600,32.8281165100,32.9162325400,33.6015794400,16823756,567551384.2100,2,1.215700,1,-2.039600,13.179799,4.946515,3.013225,50.471561,0
2023-07-25,sz.002709,33.2393246500,34.1596476300,33.2295339800,34.1009036100,32.9162325400,19645765,674875237.9800,2,1.419600,1,3.599000,13.654147,5.124542,3.121672,52.288057,0
2023-07-26,sz.002709,34.1009036100,34.6785531400,33.8561368600,34.4435770600,34.1009036100,18356870,645276876.4400,2,1.326500,1,1.004900,13.791355,5.176038,3.153041,52.813489,0
2023-07-27,sz.002709,34.4533677300,35.8240615300,34.4435770600,34.8352038600,34.4435770600,21377932,767849267.6200,2,1.544800,1,1.137000,13.948164,5.234890,3.188892,53.413984,0
2023-07-28,sz.002709,34.5610651000,35.2953653500,34.2086009800,35.1974586500,34.8352038600,14227549,506458934.8500,2,1.028100,1,1.039900,14.093212,5.289328,3.222053,53.969441,0
2023-07-31,sz.002709,35.1974586500,36.3429670400,35.1974586500,36.0492469400,35.1974586500,21794032,801260202.9100,2,1.574800,1,2.420000,14.434272,5.417331,3.300028,55.275517,0
2023-08-01,sz.002709,35.8338522000,36.8129192000,35.5499227700,36.2156883300,36.0492469400,14987091,555132037.8500,2,1.083000,1,0.461700,14.500916,5.442343,3.315264,55.530727,0
2023-08-02,sz.002709,36.1079909600,36.5191991000,35.5695041100,35.7653175100,36.2156883300,10088186,370107186.5200,2,0.729000,1,-1.243600,14.320585,5.374663,3.274037,54.840158,0
2023-08-03,sz.002709,35.5401321000,35.9317589000,35.3443187000,35.7457361700,35.7653175100,8852353,321885577.7400,2,0.639700,1,-0.054700,14.312745,5.371721,3.272244,54.810134,0
2023-08-04,sz.002709,35.8925962200,36.3821297200,35.4520160700,35.8142708600,35.7457361700,10371533,380267033.5000,2,0.749400,1,0.191700,14.340186,5.382020,3.278518,54.915220,0
2023-08-07,sz.002709,35.8044801900,36.3233857000,35.5890854500,36.1569443100,35.8142708600,10865126,399937211.4300,2,0.785100,1,0.956800,14.477394,5.433515,3.309887,55.440653,0
2023-08-08,sz.002709,36.2254790000,36.5191991000,36.0296656000,36.4212924000,36.1569443100,10016480,371605095.1600,2,0.723800,1,0.731100,14.583240,5.473240,3.334086,55.845987,0
2023-08-09,sz.002709,36.4310830700,36.6954311600,35.9023868900,36.2548510100,36.4212924000,9966809,370706052.5900,2,0.720200,1,-0.457000,14.516596,5.448228,3.318850,55.590776,0
2023-08-10,sz.002709,36.2254790000,36.6856404900,36.1275723000,36.5779431200,36.2548510100,9201686,343684235.0500,2,0.664900,1,0.891200,14.645964,5.496781,3.348426,56.086184,0
2023-08-11,sz.002709,36.5975244600,36.7443845100,35.8534335400,35.8534335400,36.5779431200,7269631,269024304.2800,2,0.525300,1,-1.980700,14.355867,5.387905,3.282103,54.975270,0
2023-08-14,sz.002709,35.4618067400,35.7261548300,35.0505986000,35.7163641600,35.8534335400,8548975,308682667.1200,2,0.617700,1,-0.382300,14.300984,5.367307,3.269555,54.765096,0
2023-08-15,sz.002709,35.4422254000,35.8044801900,34.7470878300,35.1582959700,35.7163641600,11232593,402916498.5700,2,0.811700,1,-1.562500,16.877554,5.453999,3.467319,-4464.275908,0
2023-08-16,sz.002709,35.1582959700,36.0982002900,35.0016452500,35.0505986000,35.1582959700,9534644,345307757.5900,2,0.689000,1,-0.306300,16.825854,5.437292,3.456698,-4450.600878,0
2023-08-17,sz.002709,35.0505986000,35.3834813800,34.5708557700,35.0505986000,35.0505986000,7909262,283281284.4100,2,0.571500,1,0.000000,16.825854,5.437292,3.456698,-4450.600878,0
2023-08-18,sz.002709,34.9331105600,35.1485053000,34.0715316000,34.1302756200,35.0505986000,10283884,362225196.1500,2,0.743100,1,-2.625700,16.384058,5.294526,3.365936,-4333.741525,0
2023-08-21,sz.002709,34.0715316000,34.1890196400,33.4840914000,33.4840914000,34.1302756200,8446394,291241814.6800,2,0.610300,1,-1.893300,16.073861,5.194285,3.302209,-4251.691341,0
2023-08-22,sz.002709,33.5330447500,34.0519502600,32.5050244000,33.0924646000,33.4840914000,10630589,358997673.5900,2,0.768200,1,-1.169600,15.885862,5.133533,3.263587,-4201.963957,0
2023-08-23,sz.002709,33.0924646000,33.1707899600,31.5357480700,31.8196775000,33.0924646000,17205976,564323338.6800,2,1.243300,1,-3.846200,15.274867,4.936089,3.138064,-4040.349959,0
2023-08-24,sz.002709,31.7707241500,32.7693724900,31.4574227100,32.3385830100,31.8196775000,10194404,336164033.8700,2,0.736600,1,1.630800,15.523965,5.016586,3.189239,-4106.238743,0
2023-08-25,sz.002709,32.2210949700,32.2994203300,31.5553294100,31.8196775000,32.3385830100,11443711,371789876.8000,2,0.826900,1,-1.604600,15.274867,4.936089,3.138064,-4040.349959,0
2023-08-28,sz.002709,33.6799048000,33.6896954700,31.8294681700,31.8490495100,31.8196775000,13031667,432873058.2900,2,0.941700,1,0.092300,15.288967,4.940646,3.140961,-4044.079513,0
2023-08-29,sz.002709,31.8294681700,32.7008378000,31.7413521400,32.1427696100,31.8490495100,20626178,679026121.5800,2,1.490400,1,0.922200,15.429966,4.986210,3.169927,-4081.375051,0
2023-08-30,sz.002709,32.1427696100,32.6714657900,31.9273748700,32.4560710500,32.1427696100,10985707,363706191.2200,2,0.793800,1,0.974700,15.580365,5.034811,3.200825,-4121.156958,0
2023-08-31,sz.002709,32.4560710500,32.4952337300,31.9175842000,32.1427696100,32.4560710500,7713888,253668337.6500,2,0.557400,1,-0.965300,15.429966,4.986210,3.169927,-4081.375051,0
2023-09-01,sz.002709,32.3092110000,32.4560710500,32.0252815700,32.1721416200,32.1427696100,5448827,179229990.5500,2,0.393700,1,0.091400,15.444066,4.990766,3.172824,-4085.104604,0
2023-09-04,sz.002709,32.1721416200,32.7204191400,31.8196775000,32.6616751200,32.1721416200,11207221,371634065.4200,2,0.809800,1,1.521600,15.679064,5.066706,3.221102,-4147.263835,0
2023-09-05,sz.002709,32.4560710500,32.8770698600,32.4169083700,32.6029311000,32.6616751200,7605583,253509002.8200,2,0.549600,1,-0.179900,15.650864,5.057593,3.215309,-4139.804727,0
2023-09-06,sz.002709,32.6127217700,32.6714657900,32.1329789400,32.5833497600,32.6029311000,9480299,313265739.0400,2,0.685000,1,-0.060100,15.641464,5.054556,3.213378,-4137.318358,0
2023-09-07,sz.002709,32.5539777500,32.5539777500,30.8895638500,30.9189358600,32.5833497600,20072615,645488707.2200,2,1.450400,1,-5.108200,14.842471,4.796360,3.049233,-3925.976975,0
2023-09-08,sz.002709,30.8699825100,30.8699825100,27.8348748100,28.7160351100,30.9189358600,48752004,1423095400.0300,2,3.522800,1,-7.124800,13.784980,4.454631,2.831982,-3646.260440,0
2023-09-11,sz.002709,28.7356164500,28.8433138200,27.6880147600,27.9229908400,28.7160351100,36532808,1046705951.1800,2,2.639800,1,-2.761700,13.404284,4.331608,2.753772,-3545.562487,0
2023-09-12,sz.002709,28.0111068700,28.9999645400,27.9034095000,28.5593843900,27.9229908400,24321981,708286296.9100,2,1.757500,1,2.279100,13.709781,4.430330,2.816533,-3626.369486,0
2023-09-13,sz.002709,28.3929430000,28.5398030500,27.8642468200,28.0306882100,28.5593843900,15251472,438230761.2000,2,1.102100,1,-1.851200,13.455983,4.348315,2.764393,-3559.237518,0
2023-09-14,sz.002709,27.9034095000,28.1383855800,27.4922013600,27.6096894000,28.0306882100,11142340,315316901.0900,2,0.805100,1,-1.501900,13.253885,4.283007,2.722874,-3505.780580,0
2023-09-15,sz.002709,27.7957121300,27.8055028000,27.4040853300,27.4628293500,27.6096894000,11733424,330468286.4000,2,0.846900,1,-0.531900,13.183386,4.260225,2.708391,-3487.132811,0
2023-09-18,sz.002709,27.2865972900,28.4614776900,27.1886905900,28.0306882100,27.4628293500,18346879,524477588.7600,2,1.324300,1,2.067700,13.455983,4.348315,2.764393,-3559.237518,0
2023-09-19,sz.002709,28.0502695500,28.1579669200,27.6684334200,27.8936188300,28.0306882100,9816034,279172035.1900,2,0.708500,1,-0.489000,13.390184,4.327052,2.750875,-3541.832933,0
2023-09-20,sz.002709,27.8446654800,27.8740374900,27.3649226500,27.3649226500,27.8936188300,11097097,311753233.6400,2,0.801000,1,-1.895400,13.136386,4.245037,2.698735,-3474.700965,0
2023-09-21,sz.002709,27.2278532700,27.5607360500,27.1103652300,27.1691092500,27.3649226500,11298969,314819909.0900,2,0.815500,1,-0.715600,13.042387,4.214661,2.679424,-3449.837272,0
2023-09-22,sz.002709,27.1593185800,27.4824106900,27.0320398700,27.4530386800,27.1691092500,11993444,334049725.4600,2,0.865700,1,1.045000,13.178686,4.258706,2.707425,-3485.889626,0
2023-09-25,sz.002709,27.4628293500,27.6782240900,27.0418305400,27.4236666700,27.4530386800,12056797,336394647.0800,2,0.870200,1,-0.107000,13.164586,4.254150,2.704528,-3482.160072,0
2023-09-26,sz.002709,27.4334573400,27.4530386800,26.4641810100,26.4837623500,27.4236666700,23715889,648993154.7100,2,1.711800,1,-3.427300,12.713390,4.108345,2.611835,-3362.814350,0
2023-09-27,sz.002709,26.4935530200,27.2670159500,26.3662743100,26.6012503900,26.4837623500,23539341,640828330.2500,2,1.699000,1,0.443600,12.769789,4.126571,2.623422,-3377.732566,0
2023-09-28,sz.002709,26.6795757500,26.9830865200,26.4054369900,26.4641810100,26.6012503900,15836155,430210295.5800,2,1.143000,1,-0.515300,12.703990,4.105308,2.609904,-3360.327981,0
2023-10-09,sz.002709,26.4641810100,26.5131343600,25.8473688000,26.3173209600,26.4641810100,17618288,471181326.2800,2,1.271700,1,-0.554900,12.633490,4.082526,2.595420,-3341.680212,0
2023-10-10,sz.002709,26.3075302900,26.8558078100,26.0431822000,26.0431822000,26.3173209600,17091288,460516529.6200,2,1.233900,1,-1.041700,12.501896,4.040001,2.568386,-3306.872130,0
2023-10-11,sz.002709,26.1312982300,26.4739716800,25.8473688000,25.9452755000,26.0431822000,15998301,426665785.5400,2,1.154900,1,-0.375900,12.454896,4.024813,2.558730,-3294.440280,0
2023-10-12,sz.002709,26.0627635400,27.8446654800,26.0236008600,27.6292707400,25.9452755000,49420801,1369347352.5900,2,3.567800,1,6.490600,13.263289,4.286046,2.724806,-3508.268102,0
2023-10-13,sz.002709,27.3061786300,27.4922013600,27.0320398700,27.2082719300,27.6292707400,17649813,491192543.0900,2,1.274200,1,-1.523700,13.061191,4.220738,2.683287,-3454.811147,0
2023-10-16,sz.002709,27.3257599700,27.3257599700,26.1215075600,26.2585769400,27.2082719300,19318540,521302127.6600,2,1.394600,1,-3.490500,12.605295,4.073414,2.589628,-3334.222201,0
2023-10-17,sz.002709,26.2879489500,27.1201559000,26.1606702400,26.5229250300,26.2585769400,22778198,621639606.2700,2,1.644400,1,1.006700,12.732194,4.114422,2.615698,-3367.788196,0
2023-10-18,sz.002709,26.3662743100,26.3662743100,25.7592527700,25.7592527700,26.5229250300,15731922,416510362.6600,2,1.135700,1,-2.879300,12.365597,3.995956,2.540384,-3270.819765,0
2023-10-19,sz.002709,25.4851140100,25.7005087500,25.1620219000,25.1913939100,25.7592527700,16428685,425850276.7100,2,1.186000,1,-2.204500,12.092999,3.907865,2.484382,-3198.715034,0
2023-10-20,sz.002709,25.1130685500,26.0921355500,25.0445338600,25.6613460700,25.1913939100,20941647,548087684.8500,2,1.511800,1,1.865500,12.318597,3.980768,2.530729,-3258.387915,0
2023-10-23,sz.002709,25.5536487000,25.5536487000,24.8095577800,25.0249525200,25.6613460700,13670062,350140858.4200,2,0.986900,1,-2.480000,12.013100,3.882046,2.467967,-3177.580889,0
2023-10-24,sz.002709,25.1816032400,25.3382539600,24.6333257200,24.8976738100,25.0249525200,16565344,421668655.0400,2,1.195900,1,-0.508600,11.952000,3.862301,2.455415,-3161.419484,0
2023-10-25,sz.002709,24.9857898400,25.4949046800,24.7018604100,24.7214417500,24.8976738100,16104127,411812816.2500,2,1.162600,1,-0.707800,11.867401,3.834963,2.438035,-3139.042154,0
2023-10-26,sz.002709,24.5060470100,25.0445338600,23.9969321700,24.9074644800,24.7214417500,20453230,510264108.1200,2,1.476600,1,0.752500,11.949387,3.861457,2.454878,-3160.728183,0
2023-10-27,sz.002709,24.7214417500,26.7089477600,24.5354190200,26.4543903400,24.9074644800,34149137,903056985.3700,2,2.465300,1,6.210700,12.691526,4.101280,2.607343,-3357.031270,0
2023-10-30,sz.002709,26.2487862700,27.8936188300,26.1410889000,27.7075961000,26.4543903400,37040515,1034283388.1800,2,2.674000,1,4.737200,17.533536,4.142011,3.023148,-16.885824,0
2023-10-31,sz.002709,27.4726200200,27.5411547100,27.0026678600,27.2278532700,27.7075961000,19881098,552147237.2100,2,1.435300,1,-1.731400,17.229952,4.070294,2.970804,-16.593455,0
2023-11-01,sz.002709,27.2572252800,27.3649226500,26.6697850800,27.0809932200,27.2278532700,13786537,380497790.0200,2,0.995300,1,-0.539400,17.137018,4.048340,2.954780,-16.503954,0
2023-11-02,sz.002709,27.2180626000,27.2768066200,26.2487862700,26.3466929700,27.0809932200,14817797,403221458.8400,2,1.069700,1,-2.711500,16.672348,3.938569,2.874662,-16.056450,0
2023-11-03,sz.002709,26.4641810100,26.6991570900,26.1019262200,26.6012503900,26.3466929700,12556640,339636367.2000,2,0.906500,1,0.966200,16.833434,3.976623,2.902436,-16.211585,0
2023-11-06,sz.002709,26.6306224000,28.3439896500,26.6012503900,27.9817348600,26.6012503900,31209105,886298269.7100,2,2.253000,1,5.189500,17.707013,4.182992,3.053059,-17.052893,0
2023-11-07,sz.002709,27.9915255300,27.9915255300,27.0614118800,27.3453413100,27.9817348600,24012928,670381270.7900,2,1.733500,1,-2.274300,17.304299,4.087857,2.983623,-16.665056,0
2023-11-08,sz.002709,27.4824106900,27.7271774400,27.0907838900,27.3061786300,27.3453413100,16485215,461483480.9900,2,1.190100,1,-0.143200,17.279517,4.082003,2.979350,-16.641189,0
2023-11-09,sz.002709,27.1691092500,27.8740374900,27.1201559000,27.5019920300,27.3061786300,21049273,592357450.4700,2,1.519600,1,0.717100,17.403429,4.111275,3.000715,-16.760523,0
2023-11-10,sz.002709,27.3257599700,27.7369681100,27.1005745600,27.4432480100,27.5019920300,15902926,446249294.7600,2,1.148100,1,-0.213600,17.366255,4.102493,2.994306,-16.724723,0
2023-11-13,sz.002709,27.4922013600,28.3733616600,27.3649226500,27.5509453800,27.4432480100,18931882,535961831.9800,2,1.366700,1,0.392400,17.434406,4.118593,3.006056,-16.790357,0
2023-11-14,sz.002709,27.6292707400,27.6684334200,27.1005745600,27.3061786300,27.5509453800,13910238,388217924.0800,2,1.004200,1,-0.888400,17.279517,4.082003,2.979350,-16.641189,0
2023-11-15,sz.002709,27.7075961000,28.0306882100,27.3942946600,27.5998987300,27.3061786300,19771414,559814241.5500,2,1.427300,1,1.075700,17.465384,4.125911,3.011398,-16.820190,0
2023-11-16,sz.002709,27.4138760000,27.4236666700,26.4641810100,26.5425063700,27.5998987300,22568754,616094162.8400,2,1.629300,1,-3.831100,16.796260,3.967842,2.896027,-16.175784,0
2023-11-17,sz.002709,26.4935530200,26.6599944100,26.2389956000,26.6502037400,26.5425063700,11284591,304983389.0100,2,0.814700,1,0.405800,16.864412,3.983941,2.907777,-16.241418,0
2023-11-20,sz.002709,26.6502037400,26.6795757500,25.8473688000,26.5522970400,26.6502037400,15646147,419792943.9900,2,1.129500,1,-0.367400,16.802456,3.969305,2.897095,-16.181751,0
2023-11-21,sz.002709,26.5620877100,26.8655984800,26.3075302900,26.3075302900,26.5522970400,11865944,322015654.0000,2,0.856600,1,-0.921800,16.647566,3.932715,2.870389,-16.032583,0
2023-11-22,sz.002709,26.3075302900,26.3466929700,25.6515554000,25.6809274100,26.3075302900,11603253,306588399.1100,2,0.837700,1,-2.381800,16.251048,3.839044,2.802021,-15.650713,0
2023-11-23,sz.002709,25.6221833900,25.7788341100,25.4165793200,25.6221833900,25.6809274100,10392524,271260711.1200,2,0.750300,1,-0.228700,16.213874,3.830262,2.795611,-15.614913,0
2023-11-24,sz.002709,25.5928113800,25.6319740600,25.0053711800,25.0151618500,25.6221833900,11289983,290709574.8200,2,0.815000,1,-2.369100,15.829747,3.739519,2.729380,-15.244976,0
2023-11-27,sz.002709,24.9466271600,24.9466271600,24.3298149500,24.5256283500,25.0151618500,13276370,333285478.1100,2,0.958400,1,-1.956900,15.519967,3.666338,2.675967,-14.946640,0
2023-11-28,sz.002709,24.4766750000,24.6626977300,24.1829549000,24.4277216500,24.5256283500,12650234,315148869.8100,2,0.913200,1,-0.399200,15.458011,3.651702,2.665285,-14.886972,0
2023-11-29,sz.002709,24.4375123200,24.5452096900,23.6738400600,23.7619560900,24.4277216500,19193567,468636521.0100,2,1.385600,1,-2.725500,15.036711,3.552177,2.592644,-14.481235,0
2023-11-30,sz.002709,23.7130027400,24.0752575300,23.5955147000,23.6934214000,23.7619560900,11251068,273331547.6800,2,0.812200,1,-0.288400,14.993342,3.541932,2.585166,-14.439468,0
2023-12-01,sz.002709,23.6934214000,23.7913281000,23.1843065600,23.4682359900,23.6934214000,12470576,298097055.8400,2,0.900300,1,-0.950400,14.850843,3.508269,2.560596,-14.302234,0
2023-12-04,sz.002709,23.3899106300,23.4682359900,22.7143544000,22.7633077500,23.4682359900,20179278,472039749.9700,2,1.456800,1,-3.003800,14.404760,3.402889,2.483682,-13.872630,0
2023-12-05,sz.002709,22.6556103800,23.3507479500,22.4500063100,22.6066570300,22.7633077500,19786869,464156272.5200,2,1.428400,1,-0.688200,14.305631,3.379471,2.466590,-13.777162,0
2023-12-06,sz.002709,22.6066570300,24.1927455700,22.3814716200,23.3017946000,22.6066570300,44570760,1070912650.7200,2,3.217600,1,3.074900,14.745518,3.483387,2.542436,-14.200799,0
2023-12-07,sz.002709,23.3017946000,23.4094919700,22.7241450700,23.1157718700,23.3017946000,20808966,489872693.4800,2,1.502200,1,-0.798300,14.627802,3.455579,2.522139,-14.087432,0
2023-12-08,sz.002709,23.4682359900,23.4780266600,22.8122611000,22.8416331100,23.1157718700,15384090,362709680.0500,2,1.110600,1,-1.185900,14.454327,3.414598,2.492228,-13.920365,0
2023-12-11,sz.002709,22.8514237800,22.9101678000,22.2346115700,22.8318424400,22.8416331100,19676664,452520367.7400,2,1.420500,1,-0.042900,14.448131,3.413135,2.491160,-13.914398,0
2023-12-12,sz.002709,22.7828890900,23.0178651700,22.6556103800,22.9591211500,22.8318424400,13954255,326035879.1000,2,1.007400,1,0.557500,14.528674,3.432161,2.505047,-13.991966,0
2023-12-13,sz.002709,22.8416331100,22.8807957900,21.9506821400,21.9506821400,22.9591211500,18425631,419235475.7800,2,1.330200,1,-4.392300,13.890527,3.281410,2.395018,-13.377393,0
2023-12-14,sz.002709,22.1269142000,22.4793783200,21.5982180200,21.7646594100,21.9506821400,14900106,333950722.5200,2,1.075700,1,-0.847500,13.772811,3.253601,2.374721,-13.264026,0
2023-12-15,sz.002709,21.8429847700,22.4500063100,21.6863340500,21.7352874000,21.7646594100,19302200,434740837.0000,2,1.393500,1,-0.135000,13.754224,3.249210,2.371516,-13.246125,0
2023-12-18,sz.002709,21.6080086900,21.9017287900,20.9520338000,21.0499405000,21.7352874000,20432913,445176463.5300,2,1.475100,1,-3.153200,13.320533,3.146758,2.296739,-12.828455,0
2023-12-19,sz.002709,21.0499405000,21.4317766300,20.8737084400,21.2849165800,21.0499405000,16310905,352652145.9800,2,1.177500,1,1.116300,13.469227,3.181884,2.322377,-12.971656,0
2023-12-20,sz.002709,21.2751259100,21.3338699300,20.7953830800,20.8149644200,21.2849165800,13389765,286600284.6700,2,0.966600,1,-2.207900,13.171838,3.111631,2.271101,-12.685253,0
2023-12-21,sz.002709,20.7366390600,21.7646594100,20.6876857100,21.5590553400,20.8149644200,24319493,527528377.2800,2,1.755700,1,3.574800,13.642704,3.222865,2.352288,-13.138724,0
2023-12-22,sz.002709,21.5394740000,22.4500063100,21.1086845200,21.9311008000,21.5590553400,24243339,540921217.2400,2,1.750200,1,1.725700,13.878136,3.278483,2.392881,-13.365460,0
2023-12-25,sz.002709,22.0094261600,22.5577036800,22.0094261600,22.2052395600,21.9311008000,17167797,390464533.6300,2,1.239400,1,1.250000,14.051613,3.319464,2.422792,-13.532528,0
2023-12-26,sz.002709,22.2346115700,22.6164477000,22.0387981700,22.2639835800,22.2052395600,15162157,345767070.0300,2,1.094600,1,0.264600,14.088787,3.328245,2.429202,-13.568328,0
2023-12-27,sz.002709,22.2541929100,22.3423089400,21.9800541500,22.1562862100,22.2639835800,10954318,247745717.6200,2,0.790800,1,-0.483700,14.020635,3.312146,2.417451,-13.502695,0
2023-12-28,sz.002709,22.1562862100,24.3689776300,22.0192168300,24.3689776300,22.1562862100,44540736,1081455138.9000,2,3.215500,1,9.986700,15.420840,3.642921,2.658875,-14.851174,0
2023-12-29,sz.002709,24.7899764400,25.2795099400,24.4179309800,24.5550003600,24.3689776300,56462704,1432013217.6700,2,4.076100,1,0.763400,15.538556,3.670730,2.679172,-14.964542,0
2024-01-02,sz.002709,24.6724884000,24.6724884000,23.6640493900,23.7130027400,24.5550003600,27351035,670557054.5000,2,1.974500,1,-3.429000,15.005735,3.544859,2.587303,-14.451403,0
2024-01-03,sz.002709,23.6150960400,23.9871415000,23.4290733100,23.8402814500,23.7130027400,22136371,536009970.9300,2,1.598400,1,0.536700,15.086278,3.563886,2.601190,-14.528971,0
2024-01-04,sz.002709,23.8892348000,23.9381881500,22.9591211500,23.1647252200,23.8402814500,17612282,418041800.0500,2,1.271700,1,-2.833700,14.658782,3.462897,2.527481,-14.117267,0
2024-01-05,sz.002709,23.1647252200,23.6934214000,22.3227276000,22.4597969800,23.1647252200,23981551,563313725.5600,2,1.731700,1,-3.043100,14.212699,3.357517,2.450567,-13.687663,0
2024-01-08,sz.002709,22.0387981700,22.7633077500,21.7157060600,21.8527754400,22.4597969800,19457980,438493796.9900,2,1.405000,1,-2.702700,13.828572,3.266774,2.384335,-13.317726,0
2024-01-09,sz.002709,21.9898448200,22.7143544000,21.3632419400,22.0681701800,21.8527754400,21843931,490599676.4900,2,1.577300,1,0.985700,13.964875,3.298973,2.407837,-13.448994,0
2024-01-10,sz.002709,21.8625661100,23.1451438800,21.6177993600,22.4500063100,22.0681701800,30644129,704395273.8200,2,2.212800,1,1.730300,14.206503,3.356054,2.449498,-13.681696,0
2024-01-11,sz.002709,22.4206343000,24.3004429400,22.2248209000,23.6934214000,22.4500063100,42525894,1014220827.0300,2,3.070700,1,5.538600,14.993344,3.541932,2.585166,-14.439470,0
2024-01-12,sz.002709,23.4682359900,24.3298149500,23.3997013000,23.6836307300,23.6934214000,33260846,809502921.5300,2,2.401700,1,-0.041300,14.987148,3.540468,2.584098,-14.433504,0
2024-01-15,sz.002709,23.5073986700,23.6934214000,22.9297491400,23.0178651700,23.6836307300,19440921,460126238.6800,2,1.403800,1,-2.811100,14.565848,3.440943,2.511457,-14.027766,0
2024-01-16,sz.002709,23.0080745000,23.8304907800,22.8416331100,23.5073986700,23.0178651700,26579124,636277203.5400,2,1.919200,1,2.126800,14.875628,3.514124,2.564869,-14.326103,0
2024-01-17,sz.002709,23.4388639800,23.4584453200,22.6751917200,22.6849823900,23.5073986700,22192069,523518422.2200,2,1.602400,1,-3.498500,14.355197,3.391180,2.475136,-13.824898,0
2024-01-18,sz.002709,22.4206343000,23.3017946000,22.2737742500,23.2430505800,22.6849823900,28822319,669144449.1600,2,2.081200,1,2.460100,14.708346,3.474606,2.536027,-14.165001,0
2024-01-19,sz.002709,23.0863998600,24.1340015500,22.9591211500,23.0472371800,23.2430505800,33041369,794122212.5700,2,2.385900,1,-0.842500,14.584435,3.445334,2.514662,-14.045667,0
2024-01-22,sz.002709,22.6164477000,22.7143544000,21.4513579700,21.6080086900,23.0472371800,32394040,731288012.8900,2,2.339100,1,-6.244700,13.673682,3.230184,2.357629,-13.168558,0
2024-01-23,sz.002709,21.4807299800,22.1464955400,21.0107778200,21.5590553400,21.6080086900,22671273,499541409.3400,2,1.637000,1,-0.226600,13.642704,3.222865,2.352288,-13.138725,0
2024-01-24,sz.002709,21.6080086900,21.7548687400,20.1981522100,21.0499405000,21.5590553400,41232394,875929060.4700,2,2.977300,1,-2.361500,13.320533,3.146758,2.296739,-12.828455,0
2024-01-25,sz.002709,20.8345457600,21.2849165800,20.3841749400,21.1968005500,21.0499405000,31407948,671187410.7600,2,2.267900,1,0.697700,13.413467,3.168712,2.312762,-12.917956,0
2024-01-26,sz.002709,21.0009871500,21.4611486400,20.6583137000,20.7268483900,21.1968005500,23496209,504221556.8200,2,1.696600,1,-2.217100,13.116078,3.098459,2.261486,-12.631553,0
2024-01-29,sz.002709,20.6681043700,20.7268483900,19.2778292300,19.3463639200,20.7268483900,36201884,730321640.9100,2,2.614100,1,-6.660400,12.242499,2.892090,2.110863,-11.790245,0
2024-01-30,sz.002709,19.2190852100,19.6596653600,18.7001797000,18.7295517100,19.3463639200,22776828,445417866.6000,2,1.644700,1,-3.188300,11.852176,2.799883,2.043563,-11.414342,0
2024-01-31,sz.002709,18.5924823300,19.3855266000,18.2889715600,18.2889715600,18.7295517100,30941913,590899113.5800,2,2.234300,1,-2.352300,11.573375,2.734020,1.995492,-11.145839,0
2024-02-01,sz.002709,18.1910648600,18.4064596000,17.7015313600,17.9267167700,18.2889715600,21467703,395286201.3700,2,1.550100,1,-1.980700,11.344138,2.679867,1.955967,-10.925070,0
2024-02-02,sz.002709,17.9267167700,18.0637861500,16.4483256000,17.1728351800,17.9267167700,27183246,481961551.7700,2,1.962800,1,-4.205400,10.867077,2.567169,1.873711,-10.465633,0
2024-02-05,sz.002709,17.0553471400,17.1728351800,15.7336066900,16.2818842100,17.1728351800,31755465,534084106.4800,2,2.293000,1,-5.188100,10.303277,2.433981,1.776501,-9.922661,0
2024-02-06,sz.002709,16.1546055000,17.4469739400,16.0566988000,17.3099045600,16.2818842100,30358153,522377959.5100,2,2.192100,1,6.313900,10.953815,2.587659,1.888667,-10.549167,0
2024-02-07,sz.002709,17.4273926000,17.8386007400,17.0455564700,17.3784392500,17.3099045600,32531540,580530566.0500,2,2.349000,1,0.395900,10.997184,2.597905,1.896145,-10.590934,0
2024-02-08,sz.002709,17.6232060000,18.0833674900,17.3294859000,18.0442048100,17.3784392500,33534636,608976988.8900,2,2.421500,1,3.831000,11.418485,2.697430,1.968786,-10.996671,0
2024-02-19,sz.002709,18.1323208400,18.1714835200,17.7211127000,18.0637861500,18.0442048100,25262209,463213524.9800,2,1.824100,1,0.108500,11.430876,2.700357,1.970922,-11.008604,0
2024-02-20,sz.002709,17.9462981100,18.1421115100,17.6623686800,18.0148328000,18.0637861500,17763282,323645148.9500,2,1.282700,1,-0.271000,11.399898,2.693039,1.965581,-10.978771,0
2024-02-21,sz.002709,17.7994380600,18.9057837700,17.7406940400,18.4162502700,18.0148328000,33160226,626785038.3900,2,2.394400,1,2.228300,11.653917,2.753047,2.009379,-11.223406,0
2024-02-22,sz.002709,18.3085529000,18.7491330500,18.2400182100,18.6316450100,18.4162502700,16377370,310152277.6600,2,1.182600,1,1.169600,11.790220,2.785247,2.032881,-11.354674,0
2024-02-23,sz.002709,18.7197610400,18.9547371200,18.5729009900,18.8862024300,18.6316450100,20169702,386783631.2300,2,1.456400,1,1.366300,11.951306,2.823300,2.060655,-11.509809,0
2024-02-26,sz.002709,18.7882957300,19.4148986100,18.7099703700,19.0918065000,18.8862024300,25653761,499064403.8600,2,1.852400,1,1.088600,12.081414,2.854036,2.083088,-11.635110,0
2024-02-27,sz.002709,19.0722251600,19.3267825800,18.8568304200,19.3267825800,19.0918065000,22445093,437687340.8800,2,1.620700,1,1.230800,12.230108,2.889163,2.108726,-11.778312,0
2024-02-28,sz.002709,19.4834333000,20.8541271000,19.0036904700,19.0722251600,19.3267825800,52440178,1067725200.4000,2,3.786600,1,-1.317100,19.644241,2.851109,2.417275,-11.623177,0
2024-02-29,sz.002709,18.8764117600,20.2666869000,18.8176677400,20.2079428800,19.0722251600,44820563,899819026.9300,2,3.236400,1,5.954800,20.814021,3.020888,2.561220,-12.315317,0
2024-03-01,sz.002709,20.3645936000,20.4722909700,19.9729668000,20.1883615400,20.2079428800,30337741,625522697.0400,2,2.190600,1,-0.096900,20.793853,3.017960,2.558738,-12.303383,0
2024-03-04,sz.002709,20.1981522100,20.4625003000,19.7575720600,19.9142227800,20.1883615400,22150238,452843234.7500,2,1.599400,1,-1.357900,20.511492,2.976979,2.523993,-12.136315,0
2024-03-05,sz.002709,19.6498746900,19.7282000500,19.2778292300,19.5617586600,19.9142227800,20117605,400822825.0700,2,1.452700,1,-1.769900,20.148457,2.924289,2.479320,-11.921513,0
2024-03-06,sz.002709,19.3855266000,20.0708735000,19.1897132000,19.6498746900,19.5617586600,17752533,355298281.8200,2,1.281900,1,0.450500,20.239216,2.937462,2.490488,-11.975214,0
2024-03-07,sz.002709,19.6596653600,19.8261067500,18.9938998000,19.0036904700,19.6498746900,17758254,351064737.7200,2,1.282300,1,-3.288500,19.573651,2.840864,2.408589,-11.581410,0
2024-03-08,sz.002709,18.9841091300,19.3855266000,18.7197610400,18.9351557800,19.0036904700,15978819,309852228.6800,2,1.153800,1,-0.360600,19.503061,2.830618,2.399903,-11.539643,0
2024-03-11,sz.002709,20.0317108200,20.8247550900,20.0219201500,20.8247550900,18.9351557800,23418285,494498436.9400,2,1.691000,1,9.979300,21.449333,3.113095,2.639396,-12.691220,0
2024-03-12,sz.002709,22.1660768800,22.7633077500,21.9311008000,22.2150302300,20.8247550900,108784981,2473720268.9900,2,7.855200,1,6.676100,22.881305,3.320927,2.815604,-13.538495,0
2024-03-13,sz.002709,21.9115194600,23.1843065600,21.7450780700,22.5381223400,22.2150302300,71050954,1634434098.4800,2,5.130500,1,1.454400,23.214088,3.369226,2.856554,-13.735397,0
2024-03-14,sz.002709,22.4989596600,22.8122611000,21.5198926600,21.7548687400,22.5381223400,54349748,1226889143.8200,2,3.924500,1,-3.475200,22.407343,3.252138,2.757282,-13.258059,0
2024-03-15,sz.002709,21.8919381200,21.9800541500,20.9324524600,21.4611486400,21.7548687400,35342030,769364683.0400,2,2.552000,1,-1.350100,22.104813,3.208229,2.720055,-13.079057,0
2024-03-18,sz.002709,22.0290075000,22.6751917200,21.7254967300,22.3520996100,21.4611486400,55508596,1256088516.1000,2,4.008200,1,4.151500,23.022486,3.341418,2.832977,-13.622029,0
2024-03-19,sz.002709,22.3618902800,22.5577036800,22.0975421900,22.0975421900,22.3520996100,28825609,655426983.5400,2,2.081400,1,-1.138900,22.760294,3.303364,2.800714,-13.466894,0
2024-03-20,sz.002709,22.1073328600,22.4891689900,21.7744500800,21.9408914700,22.0975421900,20315039,456253955.2500,2,1.466900,1,-0.708900,22.598945,3.279946,2.780859,-13.371427,0
2024-03-21,sz.002709,21.8625661100,22.0094261600,21.2555445700,21.4415673000,21.9408914700,23522925,517533766.3900,2,1.698500,1,-2.275800,22.084645,3.205302,2.717573,-13.067124,0
2024-03-22,sz.002709,21.2653352400,21.4121952900,20.3743842700,20.4331282900,21.4415673000,31284910,661316903.3800,2,2.259000,1,-4.703200,21.045961,3.054551,2.589760,-12.452551,0
2024-03-25,sz.002709,20.3156402500,20.3548029300,19.4834333000,19.6009213400,20.4331282900,29620008,599713628.7800,2,2.138800,1,-4.072800,20.188794,2.930144,2.484284,-11.945380,0
2024-03-26,sz.002709,19.5519679900,21.5590553400,19.5519679900,21.5590553400,19.6009213400,49202842,1034886486.8300,2,3.552800,1,9.990000,22.410586,3.221455,2.750466,-17.642977,0
2024-03-27,sz.002709,22.2737742500,22.2737742500,21.2849165800,21.3044979200,21.5590553400,71596479,1598108583.3500,2,5.169800,1,-1.180700,22.145974,3.183417,2.717990,-17.434658,0
2024-03-28,sz.002709,21.1478472000,22.0192168300,21.1478472000,21.3240792600,21.3044979200,47247409,1038150895.0600,2,3.411600,1,0.091900,22.166329,3.186343,2.720488,-17.450683,0
2024-03-29,sz.002709,21.1968005500,22.5087503300,21.0597311700,21.7646594100,21.3240792600,53984963,1206090813.7100,2,3.898100,1,2.066100,22.624311,3.252177,2.776696,-17.811234,0
2024-04-01,sz.002709,21.7646594100,22.9884931600,21.5492646700,22.7143544000,21.7646594100,65741795,1510455970.8700,2,4.747100,1,4.363500,23.611517,3.394085,2.897857,-18.588422,0
2024-04-02,sz.002709,22.7535170800,24.4668843300,22.2639835800,23.9381881500,22.7143544000,89317212,2117623230.0700,2,6.449400,1,5.387900,24.883689,3.576956,3.053991,-19.589954,0
2024-04-03,sz.002709,23.4976080000,25.2697192700,23.3507479500,23.3899106300,23.9381881500,90236679,2236032397.6600,2,6.515200,1,-2.290400,24.313759,3.495030,2.984043,-19.141270,0
2024-04-08,sz.002709,23.0961905300,24.2221175800,22.4793783200,22.5283316700,23.3899106300,60879240,1443414612.4800,2,4.395600,1,-3.683500,23.418149,3.366289,2.874125,-18.436192,0
2024-04-09,sz.002709,22.3227276000,24.7801857700,22.3227276000,24.7801857700,22.5283316700,79303710,1930896620.8500,2,5.725800,1,9.995700,25.758947,3.702771,3.161412,-20.279010,0
2024-04-10,sz.002709,24.7312324200,25.1816032400,24.1927455700,24.4179309800,24.7801857700,74052119,1851483219.4200,2,5.346700,1,-1.461900,25.382383,3.648642,3.115196,-19.982556,0
2024-04-11,sz.002709,24.0752575300,25.0445338600,23.4976080000,25.0151618500,24.4179309800,68890165,1711053734.9200,2,4.974000,1,2.445900,26.003204,3.737883,3.191390,-20.471304,0
2024-04-12,sz.002709,24.4766750000,24.9368364900,23.5171893400,23.6542587200,25.0151618500,54786072,1353644907.0700,2,3.955600,1,-5.440300,24.588548,3.534530,3.017768,-19.357601,0
2024-04-15,sz.002709,23.4976080000,24.3396056200,22.9982838300,23.7423747500,23.6542587200,48248780,1167757059.0200,2,3.483600,1,0.372500,24.680144,3.547697,3.029010,-19.429711,0
2024-04-16,sz.002709,23.3507479500,23.3605386200,21.8331941000,21.9506821400,23.7423747500,49486324,1128543712.5400,2,3.573000,1,-7.546400,22.817684,3.279974,2.800429,-17.963469,0
2024-04-17,sz.002709,22.2444022400,22.9395398100,21.9311008000,22.5087503300,21.9506821400,45727075,1047900401.1500,2,3.301600,1,2.542400,23.397795,3.363363,2.871626,-18.420167,0
2024-04-18,sz.002709,22.1758675500,22.6556103800,21.3730326100,22.0094261600,22.5087503300,43242895,976396474.2700,2,3.122200,1,-2.218400,22.878748,3.288752,2.807923,-18.011542,0
2024-04-19,sz.002709,21.5590553400,21.8723567800,20.7562204000,20.8834991100,22.0094261600,48217313,1037674305.0800,2,3.481400,1,-5.115700,21.708350,3.120510,2.664280,-17.090133,0
2024-04-22,sz.002709,20.6876857100,21.1380565300,19.9338041200,20.0023388100,20.8834991100,35716852,741328884.1000,2,2.578800,1,-4.219400,20.792386,2.988843,2.551863,-16.369031,0
2024-04-23,sz.002709,20.1002455100,20.7855924100,20.0904548400,20.3450122600,20.0023388100,29313967,612329715.6500,2,2.116500,1,1.713200,21.148594,3.040047,2.595581,-16.649460,0
2024-04-24,sz.002709,20.0708735000,20.1491988600,19.4932239700,19.7575720600,20.3450122600,38204372,767694450.9500,2,2.758400,1,-2.887400,20.537951,2.952269,2.520636,-16.168724,0
2024-04-25,sz.002709,19.5813400000,20.2275242200,19.3561545900,19.8358974200,19.7575720600,30042608,610966375.2000,2,2.169100,1,0.396400,20.619370,2.963973,2.530629,-16.232822,0
2024-04-26,sz.002709,19.5617586600,20.5310349900,19.5617586600,20.4233376200,19.8358974200,37538525,774582093.3700,2,2.710300,1,2.961500,21.230013,3.051751,2.605573,-16.713558,0
2024-04-29,sz.002709,20.6915429900,22.1815724900,20.5425400400,21.5756271600,20.4233376800,53335245,1156740142.1000,2,3.850900,1,5.642000,31.896798,3.147899,3.083490,-46.057292,0
2024-04-30,sz.002709,21.6550954000,21.6948295200,20.7809447600,20.8604130000,21.5756271600,33853493,718973061.3200,2,2.444300,1,-3.314900,30.839445,3.043548,2.981274,-44.530531,0
2024-05-06,sz.002709,21.9729683600,22.6285813400,21.7842312900,22.0425030700,20.8604130000,46505821,1033960314.8600,2,3.357800,1,5.666700,32.587014,3.216016,3.150213,-47.053928,0
2024-05-07,sz.002709,21.9928354200,22.2312401400,21.7047630500,22.0425030700,22.0425030700,27012180,596622074.8400,2,1.950300,1,0.000000,32.587014,3.216016,3.150213,-47.053928,0
2024-05-08,sz.002709,22.0524366000,22.0524366000,21.3471559700,21.3670230300,22.0425030700,23420685,508288200.2900,2,1.691000,1,-3.064400,31.588403,3.117463,3.053677,-45.611987,0
2024-05-09,sz.002709,22.0822371900,23.1252578400,22.0822371900,22.5093789800,21.3670230300,61129771,1390610191.7100,2,4.413700,1,5.346400,33.277230,3.284134,3.216937,-48.050563,0
2024-05-10,sz.002709,22.3504425000,22.5491131000,21.7544307000,21.8537660000,22.5093789800,37956172,841394787.8500,2,2.740500,1,-2.912600,32.307990,3.188479,3.123240,-46.651032,0
2024-05-13,sz.002709,21.4266242100,21.6054277500,20.8604130000,21.0292830100,21.8537660000,32961503,702817069.4000,2,2.379900,1,-3.772700,31.089098,3.068187,3.005409,-44.891016,0
2024-05-14,sz.002709,21.1683524300,21.3372224400,20.8703465300,20.9299477100,21.0292830100,19993775,423163361.0400,2,1.443600,1,-0.472400,30.942244,3.053694,2.991212,-44.678966,0
2024-05-15,sz.002709,21.1584189000,21.5458265700,20.8902135900,20.9597483000,20.9299477100,18704473,397755991.9700,2,1.350500,1,0.142400,30.900412,3.049565,2.987168,-44.618564,0
2024-05-16,sz.002709,21.0094159500,21.0888841900,20.5425400400,20.6518088700,20.9597483000,25237446,525972636.6900,2,1.822200,1,-1.469200,30.446425,3.004761,2.943281,-43.963030,0
2024-05-17,sz.002709,20.5723406300,20.8008118200,20.2942017900,20.8008118200,20.6518088700,26755846,555560200.8900,2,1.931800,1,0.721500,30.666096,3.026441,2.964517,-44.280224,0
2024-05-20,sz.002709,20.8107453500,21.0094159500,20.6120747500,20.9001471200,20.8008118200,22048896,462246914.5200,2,1.592000,1,0.477600,30.812544,3.040894,2.978674,-44.491686,0
2024-05-21,sz.002709,20.8008118200,21.0094159500,20.3240023800,20.4332712100,20.9001471200,21087742,436099462.1300,2,1.522600,1,-2.233800,30.124241,2.972965,2.912135,-43.497813,0
2024-05-22,sz.002709,20.2942017900,20.7710112300,20.2246670800,20.7412106400,20.4332712100,25551880,529061488.2600,2,1.844900,1,1.507000,30.578228,3.017769,2.956022,-44.153346,0
2024-05-23,sz.002709,20.6319418100,20.6319418100,19.9663953000,20.0061294200,20.7412106400,25352399,514017665.0600,2,1.830500,1,-3.544100,29.494517,2.910817,2.851259,-42.588525,0
2024-05-24,sz.002709,19.8968605900,20.0955311900,19.5591205700,19.5988546900,20.0061294200,20380981,405533894.0400,2,1.471500,1,-2.035700,28.894082,2.851560,2.793215,-41.721529,0
2024-05-27,sz.002709,19.6187217500,19.7081235200,18.9631087700,19.5293199800,19.5988546900,24960545,483891932.2000,2,1.802200,1,-0.354800,28.791569,2.841443,2.783305,-41.573505,0
2024-05-28,sz.002709,19.5392535100,19.7677247000,19.1816464300,19.5392535100,19.5293199800,17289030,339412588.8000,2,1.248300,1,0.050900,28.806214,2.842889,2.784720,-41.594651,0
2024-05-29,sz.002709,19.8670600000,20.6319418100,19.7677247000,20.0359300100,19.5392535100,32664778,663672969.8800,2,2.358400,1,2.541900,29.538451,2.915153,2.855506,-42.651963,0
2024-05-30,sz.002709,20.0359300100,20.1253317800,19.6783229300,19.7379241100,20.0359300100,15488210,308604121.2000,2,1.118300,1,-1.487400,29.099108,2.871794,2.813035,-42.017576,0
2024-05-31,sz.002709,19.7577911700,19.8968605900,19.4200511500,19.4200511500,19.7379241100,16039846,317162638.4000,2,1.158100,1,-1.610500,28.630477,2.825545,2.767732,-41.340897,0
2024-06-03,sz.002709,19.3803170300,19.4101176200,19.0227099500,19.2710482000,19.4200511500,16761780,323920878.0600,2,1.210200,1,-0.767300,28.410805,2.803866,2.746496,-41.023703,0
2024-06-04,sz.002709,19.2511811400,19.5789876300,19.0326434800,19.5293199800,19.2710482000,15654417,304935065.5600,2,1.130300,1,1.340200,28.791569,2.841443,2.783305,-41.573505,0
2024-06-05,sz.002709,19.5889211600,20.4531382700,19.5392535100,19.9465282400,19.5293199800,35358778,715451790.3000,2,2.553000,1,2.136300,29.406648,2.902146,2.842765,-42.461647,0
2024-06-06,sz.002709,19.9465282400,20.1749994300,19.2710482000,19.3107823200,19.9465282400,21883712,432996099.8700,2,1.580000,1,-3.187300,28.469384,2.809647,2.752159,-41.108288,0
2024-06-07,sz.002709,19.4399182100,19.4995193900,18.4862993300,18.6750364000,19.3107823200,26652774,506170710.2600,2,1.924400,1,-3.292200,27.532121,2.717148,2.661553,-39.754929,0
2024-06-11,sz.002709,18.6154352200,18.8637734700,18.2478946100,18.8637734700,18.6750364000,17661407,330239273.9700,2,1.275200,1,1.010600,27.810371,2.744609,2.688451,-40.156707,0
2024-06-12,sz.002709,18.7942387600,19.1319787800,18.6750364000,18.9134411200,18.8637734700,13462395,256049379.4700,2,0.972000,1,0.263300,27.883595,2.751835,2.695530,-40.262438,0
2024-06-13,sz.002709,18.8240393500,19.0823111300,18.5757011000,18.6353022800,18.9134411200,15292802,289354310.4100,2,1.104200,1,-1.470600,27.473542,2.711367,2.655890,-39.670344,0
2024-06-14,sz.002709,18.5856346300,18.9730423000,18.2975622600,18.9432417100,18.6353022800,22640176,424511232.7600,2,1.634700,1,1.652500,27.927529,2.756171,2.699777,-40.325877,0
2024-06-17,sz.002709,19.0723776000,20.8405459400,18.8935740600,20.3935370900,18.9432417100,91698977,1872902740.0200,2,6.620800,1,7.656000,30.065662,2.967184,2.906472,-43.413228,0
2024-06-18,sz.002709,20.2346006100,20.2346006100,19.6683894000,19.9067941200,20.3935370900,47831428,955798423.6400,2,3.453500,1,-2.386800,29.348069,2.896364,2.837102,-42.377062,0
2024-06-19,sz.002709,19.8273258800,19.8571264700,19.3505164400,19.4299846800,19.9067941200,25969427,510563020.7500,2,1.875000,1,-2.395200,28.645121,2.826990,2.769147,-41.362043,0
2024-06-20,sz.002709,19.3306493800,19.4001840900,18.6949034600,18.7147705200,19.4299846800,24537444,469029360.4800,2,1.771600,1,-3.681000,27.590700,2.722929,2.667216,-39.839514,0
2024-06-21,sz.002709,18.7147705200,18.8538399400,18.2379610800,18.3372963800,18.7147705200,22098551,411272129.7000,2,1.595500,1,-2.017000,27.034199,2.668008,2.613418,-39.035957,0
2024-06-24,sz.002709,17.9796893000,18.4167646200,17.4929463300,18.1187587200,18.3372963800,23145478,418666923.9800,2,1.671100,1,-1.191800,26.712015,2.636212,2.582272,-38.570739,0
2024-06-25,sz.002709,18.0988916600,18.2280275500,17.5823481000,17.6419492800,18.1187587200,18157015,326117556.9300,2,1.311000,1,-2.631600,26.009067,2.566838,2.514318,-37.555720,0
2024-06-26,sz.002709,17.6816834000,18.3670969700,17.3836775000,18.2478946100,17.6419492800,20856566,376600044.8800,2,1.505900,1,3.434700,26.902397,2.655001,2.600677,-38.845640,0
2024-06-27,sz.002709,18.0392904800,18.0889581300,17.6022151600,17.6022151600,18.2478946100,15528485,278699066.9400,2,1.121200,1,-3.538400,25.950488,2.561057,2.508655,-37.471135,0
2024-06-28,sz.002709,17.5128133900,17.9598222400,17.4134780900,17.4432786800,17.6022151600,17777947,315713954.0000,2,1.283600,1,-0.902900,25.716172,2.537932,2.486003,-37.132795,0
2024-07-01,sz.002709,17.2942757300,17.2942757300,16.7876657000,17.1750733700,17.4432786800,21416315,366303266.6400,2,1.546300,1,-1.537600,25.320766,2.498909,2.447779,-36.561849,0
2024-07-02,sz.002709,17.0757380700,17.4432786800,16.9267351200,17.0658045400,17.1750733700,12620217,218555774.6200,2,0.911200,1,-0.636200,25.159674,2.483011,2.432206,-36.329241,0
2024-07-03,sz.002709,17.0757380700,17.5326804500,16.9366686500,17.3538769100,17.0658045400,19036766,331580528.9600,2,1.374500,1,1.688000,25.584371,2.524925,2.473262,-36.942482,0
2024-07-04,sz.002709,17.3638104400,17.4333451500,16.6386627500,16.6585298100,17.3538769100,16617154,283499682.9000,2,1.199800,1,-4.006900,24.559239,2.423754,2.374162,-35.462245,0
2024-07-05,sz.002709,16.4896598000,16.6088621600,16.2909892000,16.3903245000,16.6585298100,18057866,298591389.7600,2,1.303800,1,-1.610000,24.163831,2.384731,2.335937,-34.891296,0
2024-07-08,sz.002709,16.2909892000,16.3803909700,15.8638474100,15.9433156500,16.3903245000,16004036,258950377.5300,2,1.155500,1,-2.727300,23.504817,2.319693,2.272230,-33.939715,0
2024-07-09,sz.002709,15.8837144700,16.0525844800,15.4466391500,15.8837144700,15.9433156500,26437004,419099051.7700,2,1.908800,1,-0.373800,23.416949,2.311021,2.263736,-33.812838,0
2024-07-10,sz.002709,15.7148444600,16.2909892000,15.5857085700,15.7347115200,15.8837144700,25392985,408059419.1800,2,1.833400,1,-0.938100,23.197278,2.289342,2.242500,-33.495644,0
2024-07-11,sz.002709,16.0327174200,16.9565357100,15.8936480000,16.6088621600,15.7347115200,42317526,700349007.2000,2,3.055400,1,5.555600,24.486015,2.416528,2.367083,-35.356513,0
2024-07-12,sz.002709,16.5889951000,16.7479315800,16.3903245000,16.4101915600,16.6088621600,20704685,344442776.7100,2,1.494900,1,-1.196200,24.193120,2.387622,2.338769,-34.933589,0
2024-07-15,sz.002709,16.4399921500,16.4896598000,15.8539138800,15.9433156500,16.4101915600,18868820,304819359.9800,2,1.362400,1,-2.845000,23.504817,2.319693,2.272230,-33.939715,0
2024-07-16,sz.002709,15.8539138800,16.2015874300,15.8141797600,16.1618533100,15.9433156500,15822735,256285191.6100,2,1.142400,1,1.370700,23.827002,2.351490,2.303376,-34.404933,0
2024-07-17,sz.002709,16.1221191900,16.2909892000,15.9234485900,16.0128503600,16.1618533100,14633615,236985265.0700,2,1.056600,1,-0.921900,23.607331,2.329810,2.282140,-34.087739,0
2024-07-18,sz.002709,15.9433156500,16.2711221400,15.7645121100,16.2214544900,16.0128503600,19097763,308703458.4700,2,1.378900,1,1.302700,23.914870,2.360161,2.311870,-34.531810,0
2024-07-19,sz.002709,16.1320527200,16.5095268600,16.0923186000,16.2313880200,16.2214544900,18746921,307154574.0100,2,1.353600,1,0.061200,23.929515,2.361607,2.313286,-34.552956,0
2024-07-22,sz.002709,16.2909892000,16.4399921500,15.8737809400,16.0029168300,16.2313880200,19910600,322959175.8000,2,1.437600,1,-1.407600,23.592686,2.328365,2.280724,-34.066593,0
2024-07-23,sz.002709,15.9631827100,15.9631827100,15.3771044400,15.3771044400,16.0029168300,20760085,326989781.8800,2,1.498900,1,-3.910600,22.670067,2.237312,2.191534,-32.734380,0
2024-07-24,sz.002709,15.2579020800,15.4466391500,14.8009597000,14.8406938200,15.3771044400,22503718,340602573.8300,2,1.624800,1,-3.488400,21.879251,2.159266,2.115085,-31.592483,0
2024-07-25,sz.002709,14.7115579300,15.3175032600,14.6817573400,14.9896967700,14.8406938200,18969645,287658983.8100,2,1.369600,1,1.004000,22.098922,2.180945,2.136321,-31.909676,0
2024-07-26,sz.002709,14.9201620600,15.6453097500,14.9201620600,15.3373703200,14.9896967700,19328394,298809884.0900,2,1.395500,1,2.319400,22.611488,2.231530,2.185871,-32.649795,0
2024-07-29,sz.002709,15.3771044400,15.3870379700,14.9002950000,14.9996303000,15.3373703200,14489278,219139332.4600,2,1.046100,1,-2.202100,22.113567,2.182390,2.137737,-31.930823,0
2024-07-30,sz.002709,14.9598961800,15.0393644200,14.5625549800,14.6320896900,14.9996303000,24722223,366805603.9200,2,1.785000,1,-2.450300,21.571711,2.128915,2.085355,-31.148412,0
2024-07-31,sz.002709,14.6718238100,15.6055756300,14.4830867400,15.5857085700,14.6320896900,36274652,554951121.6600,2,2.619100,1,6.517300,22.977607,2.267663,2.221264,-33.178451,0
2024-08-01,sz.002709,15.6055756300,15.6651768100,15.2579020800,15.3473038500,15.5857085700,19673940,305728743.2800,2,1.420500,1,-1.529600,22.626133,2.232976,2.187287,-32.670941,0
2024-08-02,sz.002709,15.2976362000,15.6055756300,15.1784338400,15.1883673700,15.3473038500,17802125,275543784.6000,2,1.285300,1,-1.035600,22.391817,2.209851,2.164635,-32.332601,0
2024-08-05,sz.002709,15.0989656000,15.5757750400,14.8704944100,14.8804279400,15.1883673700,20590645,314511965.7800,2,1.486700,1,-2.027500,21.937830,2.165047,2.120748,-31.677068,0
2024-08-06,sz.002709,15.0790985400,15.2777691400,14.8804279400,15.1088991300,14.8804279400,16627825,252125885.1100,2,1.200600,1,1.535400,22.274659,2.198289,2.153310,-32.163431,0
2024-08-07,sz.002709,15.1486332500,15.1486332500,14.8506273500,14.9499626500,15.1088991300,14096120,212045708.0600,2,1.017800,1,-1.051900,22.040343,2.175164,2.130658,-31.825091,0
2024-08-08,sz.002709,14.8605608800,15.1883673700,14.7115579300,14.9896967700,14.9499626500,17825597,268408111.1000,2,1.287000,1,0.265800,22.098922,2.180945,2.136321,-31.909676,0
2024-08-09,sz.002709,15.0890320700,15.2877026700,14.6221561600,14.6221561600,14.9896967700,17050564,255309291.2000,2,1.231100,1,-2.452000,21.557066,2.127469,2.083939,-31.127265,0
2024-08-12,sz.002709,14.6022891000,14.7810926400,14.3638843800,14.4334190900,14.6221561600,16119086,234792138.5100,2,1.163800,1,-1.290800,21.278816,2.100009,2.057041,-30.725487,0
2024-08-13,sz.002709,14.3539508500,14.7810926400,14.2148814300,14.6718238100,14.4334190900,20795896,303728931.8400,2,1.501500,1,1.651800,21.630290,2.134696,2.091018,-31.232997,0
2024-08-14,sz.002709,14.6718238100,14.8605608800,14.3440173200,14.3738179100,14.6718238100,14846958,216195375.9200,2,1.072000,1,-2.031100,21.190948,2.091337,2.048546,-30.598609,0
2024-08-15,sz.002709,14.2943496700,14.5923555700,14.1652137800,14.4135520300,14.3738179100,17424003,252468798.1000,2,1.258000,1,0.276400,21.249527,2.097118,2.054209,-30.683194,0
2024-08-16,sz.002709,14.4234855600,14.4632196800,14.1056126000,14.1155461300,14.4135520300,16407445,235049981.6500,2,1.184600,1,-2.067500,20.810184,2.053759,2.011738,-30.048807,0
2024-08-19,sz.002709,14.0658784800,14.3241502600,14.0360778900,14.0758120100,14.1155461300,12105108,172283459.2400,2,0.874000,1,-0.281500,20.751605,2.047978,2.006075,-29.964222,0
2024-08-20,sz.002709,14.0658784800,14.3936849700,13.8076067000,13.8374072900,14.0758120100,21031286,297957210.8200,2,1.518500,1,-1.693700,20.400131,2.013291,1.972097,-29.456713,0
2024-08-21,sz.002709,13.7182049300,14.4036185000,13.6685372800,14.1453467200,13.8374072900,32412926,462783519.0900,2,2.340300,1,2.225400,20.854118,2.058095,2.015985,-30.112246,0
2024-08-22,sz.002709,14.1652137800,14.3142167300,13.8473408200,13.8672078800,14.1453467200,21508906,303616753.5200,2,1.553000,1,-1.966300,20.444065,2.017627,1.976345,-29.520151,0
2024-08-23,sz.002709,13.8076067000,14.0360778900,13.6089361000,13.6288031600,13.8672078800,17365113,239943947.0700,2,1.253800,1,-1.719200,20.092592,1.982940,1.942367,-29.012641,0
2024-08-26,sz.002709,13.6288031600,14.4036185000,13.6288031600,13.8274737600,13.6288031600,32157587,454969058.5100,2,2.321800,1,1.457700,20.385487,2.011846,1.970682,-29.435566,0
2024-08-27,sz.002709,13.7579390500,13.7877396400,13.4599331500,13.4897337400,13.8274737600,17218857,234992630.7500,2,1.243200,1,-2.442500,19.887565,1.962706,1.922547,-28.716594,0
2024-08-28,sz.002709,13.4102655000,13.6288031600,13.2215284300,13.5592684500,13.4897337400,15541999,210451724.2200,2,1.122200,1,0.515500,31.188462,2.040191,2.035422,-46.147179,0
2024-08-29,sz.002709,13.4599331500,14.0261443600,13.4599331500,13.8970084700,13.5592684500,23217613,322235982.2100,2,1.676300,1,2.490800,31.965318,2.091009,2.086121,-47.296633,0
2024-08-30,sz.002709,13.9466761200,14.5824220400,13.7877396400,14.2546155500,13.8970084700,33044972,475139996.0400,2,2.385900,1,2.573300,32.787871,2.144816,2.139803,-48.513701,0
2024-09-02,sz.002709,14.1950143700,14.4234855600,13.8572743500,13.8572743500,14.2546155500,19348348,274139597.1200,2,1.397000,1,-2.787500,31.873923,2.085031,2.080157,-47.161403,0
2024-09-03,sz.002709,13.8473408200,14.4830867400,13.7480055200,14.2248149600,13.8572743500,27778646,398410916.3300,2,2.005700,1,2.652300,32.719325,2.140332,2.135329,-48.412279,0
2024-09-04,sz.002709,14.0857455400,14.5824220400,14.0857455400,14.3241502600,14.2248149600,29187395,422599353.2900,2,2.107400,1,0.698300,32.947812,2.155279,2.150241,-48.750354,0
2024-09-05,sz.002709,14.3042832000,14.7512920500,14.1155461300,14.2049479000,14.3241502600,23899909,345666485.3800,2,1.725600,1,-0.832200,32.673627,2.137343,2.132347,-48.344664,0
2024-09-06,sz.002709,14.1751473100,14.2049479000,13.8473408200,13.8572743500,14.2049479000,15602372,219361466.3200,2,1.126500,1,-2.447600,31.873923,2.085031,2.080157,-47.161403,0
2024-09-09,sz.002709,13.7678725800,13.9665431800,13.6983378700,13.7778061100,13.8572743500,11724521,162655631.9100,2,0.846500,1,-0.573500,31.691134,2.073073,2.068227,-46.890944,0
2024-09-10,sz.002709,13.7877396400,13.8672078800,13.4102655000,13.5592684500,13.7778061100,15587932,212706328.3000,2,1.125500,1,-1.586200,31.188462,2.040191,2.035422,-46.147179,0
2024-09-11,sz.002709,13.5294678600,14.9201620600,13.5294678600,14.7910261700,13.5592684500,95714426,1404242329.6200,2,6.910700,1,9.084200,34.021700,2.225527,2.220325,-50.339304,0
2024-09-12,sz.002709,14.4731532100,14.7115579300,14.2347484900,14.2347484900,14.7910261700,66941011,969641891.3600,2,4.833200,1,-3.760900,32.742173,2.141827,2.136820,-48.446087,0
2024-09-13,sz.002709,14.3042832000,14.4036185000,13.5990025700,13.5990025700,14.2347484900,36271551,504251711.1000,2,2.618900,1,-4.466200,31.279857,2.046170,2.041387,-46.282409,0
2024-09-18,sz.002709,13.5692019800,13.5692019800,13.0625919500,13.1519937200,13.5990025700,25491090,339066721.5000,2,1.840500,1,-3.287100,30.251666,1.978911,1.974285,-44.761074,0
2024-09-19,sz.002709,13.2910631400,13.6784708100,12.9930572400,13.2910631400,13.1519937200,33177645,444732771.8500,2,2.395500,1,1.057400,30.571548,1.999836,1.995161,-45.234378,0
2024-09-20,sz.002709,13.2910631400,13.3506643200,12.8142537000,12.8738548800,13.2910631400,32137736,418927030.3100,2,2.320400,1,-3.139000,29.611903,1.937061,1.932533,-43.814465,0
2024-09-23,sz.002709,12.8639213500,13.2115949000,12.7745195800,12.9930572400,12.8738548800,22346447,293320451.5700,2,1.613400,1,0.925900,29.886087,1.954996,1.950426,-44.220154,0
2024-09-24,sz.002709,13.1122596000,14.1850808400,13.0725254800,14.1453467200,12.9930572400,68212541,943632163.0000,2,4.925000,1,8.868500,32.536535,2.128375,2.123400,-48.141819,0
2024-09-25,sz.002709,14.4036185000,14.6916908700,14.2049479000,14.2248149600,14.1453467200,49584613,720634216.7300,2,3.580100,1,0.561800,32.719325,2.140332,2.135329,-48.412279,0
2024-09-26,sz.002709,14.1552802500,15.2877026700,14.1254796600,15.2678356100,14.2248149600,52275287,776470412.8300,2,3.774300,1,7.332400,35.118437,2.297270,2.291900,-51.962062,0
2024-09-27,sz.002709,15.5757750400,16.7975992300,15.5161738600,16.7280645200,15.2678356100,83802194,1382779240.2100,2,6.050600,1,9.564100,38.477195,2.516983,2.511099,-56.931758,0
2024-09-30,sz.002709,17.7313510500,18.3968975600,17.2843422000,18.3968975600,16.7280645200,95988729,1741481695.1600,2,6.930500,1,9.976200,42.315775,2.768084,2.761613,-62.611411,0
2024-10-08,sz.002709,20.2346006100,20.2346006100,18.8836405300,20.2346006100,18.3968975600,112265617,2244098894.8200,2,8.105700,1,9.989200,46.542792,3.044594,3.037477,-68.865806,0
2024-10-09,sz.002709,19.9465282400,19.9465282400,18.2081604900,18.2081604900,20.2346006100,83197829,1580310504.7800,2,6.007000,1,-10.014700,41.881659,2.739686,2.733282,-61.969083,0
2024-10-10,sz.002709,17.8406198800,18.6253687500,17.3340098500,17.6320157500,18.2081604900,56925831,1024251445.5200,2,4.110100,1,-3.164200,40.556434,2.652997,2.646795,-60.008250,0
2024-10-11,sz.002709,17.4532122100,17.5426139800,16.1121856600,16.3704574400,17.6320157500,55123916,924778686.4700,2,3.980000,1,-7.154900,37.654650,2.463176,2.457419,-55.714702,0
2024-10-14,sz.002709,16.3803909700,16.7379980500,16.0426509500,16.6088621600,16.3704574400,42605556,705338861.4000,2,3.076200,1,1.456300,38.203019,2.499048,2.493206,-56.526081,0
2024-10-15,sz.002709,16.4399921500,16.6287292200,16.1121856600,16.1221191900,16.6088621600,38970710,642188846.7500,2,2.813700,1,-2.930600,37.083433,2.425810,2.420140,-54.869515,0
2024-10-16,sz.002709,15.8837144700,16.0525844800,15.6453097500,15.7744456400,16.1221191900,36652646,584265826.5700,2,2.646400,1,-2.156500,36.283728,2.373498,2.367949,-53.686254,0
2024-10-17,sz.002709,15.8936480000,16.1320527200,15.5956421000,15.6254426900,15.7744456400,28041729,447274988.9900,2,2.024700,1,-0.944600,35.940998,2.351078,2.345582,-53.179142,0
2024-10-18,sz.002709,15.6353762200,16.8174662900,15.5261073900,16.3406568500,15.6254426900,57909432,937752663.5600,2,4.181100,1,4.577200,37.586104,2.458693,2.452945,-55.613280,0
2024-10-21,sz.002709,16.4399921500,16.8870010000,16.3108562600,16.5790615700,16.3406568500,56568442,944250981.1600,2,4.084300,1,1.459000,38.134473,2.494564,2.488733,-56.424659,0
2024-10-22,sz.002709,16.5989286300,17.0260704200,16.2810556700,16.9962698300,16.5790615700,48785748,819594908.2700,2,3.522400,1,2.516500,39.094118,2.557339,2.551361,-57.844572,0
2024-10-23,sz.002709,17.1353392500,17.9002210600,16.6485962800,17.5823481000,16.9962698300,83311735,1449108640.6900,2,6.015200,1,3.448300,40.442191,2.645523,2.639339,-59.839213,0
2024-10-24,sz.002709,17.3340098500,17.4830128000,16.8373333500,16.9068680600,17.5823481000,47454534,815372789.7000,2,3.426300,1,-3.841800,38.888480,2.543887,2.537941,-57.540305,0
2024-10-25,sz.002709,16.9068680600,18.5955681600,16.9068680600,18.5955681600,16.9068680600,106457563,1958405090.5600,2,7.686400,1,9.988200,42.772758,2.797977,2.791437,-63.287574,0
2024-10-28,sz.002709,18.6849699300,18.8141058200,18.0293569500,18.6253687500,18.5955681600,98376270,1821298015.3700,2,7.102900,1,0.160300,75.392191,2.778299,2.962771,-84.253810,0
2024-10-29,sz.002709,18.6750364000,18.9531752400,17.9300216500,17.9498887100,18.6253687500,65865185,1213829367.9100,2,4.755600,1,-3.626700,72.657968,2.677540,2.855321,-81.198206,0
2024-10-30,sz.002709,17.6816834000,18.0293569500,17.5922816300,17.8505534100,17.9498887100,40661350,728533722.0800,2,2.935800,1,-0.553400,72.255876,2.662722,2.839520,-80.748852,0
2024-10-31,sz.002709,17.8505534100,19.0723776000,17.7313510500,18.7942387600,17.8505534100,85092406,1592850306.2200,2,6.143800,1,5.286600,76.075747,2.803489,2.989633,-85.017712,0
2024-11-01,sz.002709,18.6750364000,19.1518458400,17.9697557700,18.2280275500,18.7942387600,56168561,1044436284.2000,2,4.055400,1,-3.012700,73.783824,2.719029,2.899565,-82.456396,0
2024-11-04,sz.002709,18.0194234200,18.7445711100,17.8902875300,18.2280275500,18.2280275500,40682690,747412320.4400,2,2.937300,1,0.000000,73.783824,2.719029,2.899565,-82.456396,0
2024-11-05,sz.002709,18.2081604900,20.0557970700,17.9796893000,20.0557970700,18.2280275500,118259269,2318308126.7900,2,8.538500,1,10.027200,81.182311,2.991673,3.190312,-90.724503,0
2024-11-06,sz.002709,20.0657306000,21.2478206700,19.8869270600,20.5425400400,20.0557970700,129804458,2709149135.1100,2,9.372100,1,2.426900,83.152561,3.064279,3.267739,-92.926336,0
2024-11-07,sz.002709,20.6915429900,22.0325695400,20.5624071000,20.8802800600,20.5425400400,97423392,2059281832.7400,2,7.034100,1,1.644100,84.519672,3.114659,3.321464,-94.454138,0
2024-11-08,sz.002709,21.7742977600,22.9663213600,21.7047630500,21.8636995300,20.8802800600,111437026,2497551301.9700,2,8.045900,1,4.709800,88.500380,3.261353,3.477898,-98.902740,0
2024-11-11,sz.002709,21.1584189000,24.0490761300,21.1584189000,24.0490761300,21.8636995300,120265956,2825660109.6200,2,8.683400,1,9.995500,97.346397,3.587340,3.825530,-108.788520,0
2024-11-12,sz.002709,24.4662843900,25.4596373900,22.8471190000,22.9265872400,24.0490761300,138600609,3355059312.2200,2,10.007100,1,-4.667500,92.802761,3.419901,3.646974,-103.710824,0
2024-11-13,sz.002709,22.9265872400,23.8404720000,22.2014395500,23.4629978600,22.9265872400,94566122,2186255624.0700,2,6.827800,1,2.339700,94.974056,3.499916,3.732301,-106.137333,0
2024-11-14,sz.002709,23.4729313900,23.8404720000,22.1120377800,22.1617054300,23.4629978600,66663561,1541163472.7600,2,4.813200,1,-5.546100,89.706655,3.305806,3.525302,-100.250801,0
2024-11-15,sz.002709,21.9729683600,22.5987807500,21.6054277500,21.6054277500,22.1617054300,57281421,1271653607.1600,2,4.135800,1,-2.510100,87.454976,3.222828,3.436816,-97.734459,0
2024-11-18,sz.002709,21.5557601000,22.1120377800,20.8703465300,21.0193494800,21.6054277500,51311189,1110418510.2900,2,3.704700,1,-2.712600,85.082634,3.135404,3.343587,-95.083271,0
2024-11-19,sz.002709,21.1782859600,23.0358560700,20.7511441700,22.7477837000,21.0193494800,75251166,1656333511.0400,2,5.433200,1,8.223100,92.079032,3.393231,3.618532,-102.902028,0
2024-11-20,sz.002709,22.3504425000,23.1053907800,22.2511072000,22.9166537100,22.7477837000,68437486,1568247645.7400,2,4.941300,1,0.742400,92.762589,3.418421,3.645395,-103.665929,0
2024-11-21,sz.002709,22.9861884200,24.8338250000,22.9067201800,24.2378132000,22.9166537100,104331297,2531179743.5800,2,7.532900,1,5.765100,98.110410,3.615495,3.855554,-109.642335,0
2024-11-22,sz.002709,23.8404720000,24.5854867500,23.5921337500,23.6219343400,24.2378132000,80752508,1949572097.5100,2,5.830400,1,-2.541000,95.617441,3.523626,3.757585,-106.856341,0
2024-11-25,sz.002709,23.7908043500,25.2112991400,23.7908043500,24.8040244100,23.6219343400,89974703,2219598463.7000,2,6.496300,1,5.004200,100.402334,3.699955,3.945622,-112.203652,0
2024-11-26,sz.002709,24.8338250000,24.8338250000,23.3239284400,23.5722666900,24.8040244100,60657082,1454826004.6900,2,4.379500,1,-4.966000,95.416395,3.516217,3.749684,-106.631665,0
2024-11-27,sz.002709,23.0656566600,25.2013656100,22.8471190000,24.8437585300,23.5722666900,67141167,1611775552.4300,2,4.847700,1,5.394000,100.563170,3.705882,3.951943,-112.383394,0
2024-11-28,sz.002709,24.9629608900,25.0324956000,24.0788767200,24.1881455500,24.8437585300,43056199,1063014017.2100,2,3.108700,1,-2.638900,97.909364,3.608086,3.847653,-109.417658,0
2024-11-29,sz.002709,23.9398073000,24.8338250000,23.7808708200,24.5258855700,24.1881455500,47726109,1175333152.3600,2,3.445900,1,1.396300,99.276476,3.658466,3.901378,-110.945461,0
2024-12-02,sz.002709,24.3371485000,24.4762179200,23.8007378800,24.0093420100,24.5258855700,48668571,1177007344.4600,2,3.513900,1,-2.106100,97.185599,3.581414,3.819211,-108.608821,0
2024-12-03,sz.002709,24.0093420100,24.0093420100,23.1053907800,23.2345266700,24.0093420100,43476986,1022774181.3400,2,3.139100,1,-3.227100,94.049282,3.465837,3.695959,-105.103862,0
2024-12-04,sz.002709,23.0656566600,23.4629978600,22.2312401400,22.4398442700,23.2345266700,48089617,1097076224.9600,2,3.472100,1,-3.420300,90.832548,3.347296,3.569548,-101.509031,0
2024-12-05,sz.002709,22.4497778000,22.6385148700,22.2511072000,22.4001101500,22.4398442700,28917722,652586666.2600,2,2.087900,1,-0.177100,90.671711,3.341369,3.563227,-101.329289,0
2024-12-06,sz.002709,22.3504425000,23.0259225400,21.9531013000,22.8371854700,22.4001101500,37902897,862406768.0300,2,2.736600,1,1.951200,92.440915,3.406567,3.632754,-103.306446,0
2024-12-09,sz.002709,22.6981160500,22.8669860600,22.2511072000,22.6087142800,22.8371854700,28825483,654518702.8200,2,2.081200,1,-1.000400,91.516104,3.372486,3.596410,-102.272932,0
2024-12-10,sz.002709,23.4431308000,23.5325325700,22.1617054300,22.2312401400,22.6087142800,38530500,881774874.8200,2,2.782000,1,-1.669600,89.988155,3.316179,3.536365,-100.565388,0
2024-12-11,sz.002709,22.0524366000,22.5689801600,21.8736330600,22.0027689500,22.2312401400,27676390,617754445.3400,2,1.998300,1,-1.027700,89.063344,3.282099,3.500021,-99.531874,0
2024-12-12,sz.002709,21.8935001200,22.3603760300,21.7345636400,22.1219713100,22.0027689500,28072719,622765193.1800,2,2.026900,1,0.541800,89.545854,3.299880,3.518983,-100.071099,0
2024-12-13,sz.002709,21.9531013000,22.2014395500,21.6749624600,21.9829018900,22.1219713100,35577224,788689953.6400,2,2.568700,1,-0.628600,88.982925,3.279135,3.496861,-99.442003,0
2024-12-16,sz.002709,21.9829018900,22.1517719000,20.9895488900,21.1385518400,21.9829018900,34261912,738342514.0800,2,2.473800,1,-3.840900,85.565145,3.153186,3.362549,-95.622496,0
2024-12-17,sz.002709,21.0193494800,21.7544307000,21.0193494800,21.3670230300,21.1385518400,26805538,579329878.3300,2,1.935400,1,1.080800,86.489956,3.187266,3.398892,-96.656009,0
2024-12-18,sz.002709,21.3670230300,21.5458265700,21.1882194900,21.2776212600,21.3670230300,16044855,344562737.8800,2,1.158500,1,-0.418400,86.128073,3.173930,3.384671,-96.251591,0
2024-12-19,sz.002709,21.0193494800,21.1782859600,20.7114100500,20.8902135900,21.2776212600,25756256,541976556.6200,2,1.859600,1,-1.820700,84.559915,3.116142,3.323045,-94.499111,0
2024-12-20,sz.002709,20.9398812400,21.3968236200,20.9398812400,21.1087512500,20.8902135900,21100162,449619311.3400,2,1.523500,1,1.046100,85.444517,3.148740,3.357808,-95.487690,0
2024-12-23,sz.002709,21.0690171300,21.8935001200,20.9398812400,20.9597483000,21.1087512500,31966475,686808214.6600,2,2.308000,1,-0.705900,84.841379,3.126514,3.334106,-94.813659,0
2024-12-24,sz.002709,20.9597483000,21.3570895000,20.5624071000,20.9200141800,20.9597483000,29261993,615231413.3200,2,2.112800,1,-0.189600,84.680542,3.120587,3.327786,-94.633917,0
2024-12-25,sz.002709,21.0590836000,21.2279536100,20.1749994300,20.2842682600,20.9200141800,27140665,559149300.0600,2,1.959600,1,-3.038900,82.107155,3.025754,3.226656,-91.758053,0
2024-12-26,sz.002709,20.2147335500,20.3836035600,20.0359300100,20.0855976600,20.2842682600,24412483,495318861.0900,2,1.762600,1,-0.979400,81.302971,2.996119,3.195053,-90.859345,0
2024-12-27,sz.002709,20.0756641300,20.5127394500,19.9663953000,20.1551323700,20.0855976600,24508257,499430349.1400,2,1.769500,1,0.346200,81.584435,3.006491,3.206114,-91.173893,0
2024-12-30,sz.002709,20.0359300100,20.3637365000,19.9365947100,20.2346006100,20.1551323700,18965575,384181883.4000,2,1.369300,1,0.394300,81.906109,3.018345,3.218756,-91.533376,0
2024-12-31,sz.002709,20.2346006100,20.2644012000,19.5690541000,19.5889211600,20.2346006100,20083429,399945901.9000,2,1.450000,1,-3.191000,79.292512,2.922031,3.116046,-88.612576,0
2025-01-02,sz.002709,19.5889211600,19.6683894000,18.5657675700,18.7247040500,19.5889211600,28466361,545174387.6400,2,2.055300,1,-4.411800,75.794313,2.793118,2.978574,-84.703198,0
2025-01-03,sz.002709,18.7346375800,18.8737070000,17.9300216500,18.0591575400,18.7247040500,27859640,515019757.5000,2,2.011500,1,-3.554400,73.100303,2.693840,2.872704,-81.692533,0
2025-01-06,sz.002709,18.3372963800,18.5558340400,17.5624810400,17.7015504600,18.0591575400,35051879,633535123.2500,2,2.530800,1,-1.980200,71.652772,2.640497,2.815819,-80.074859,0
2025-01-07,sz.002709,17.7015504600,18.0591575400,17.5128133900,18.0194234200,17.7015504600,29428363,528397689.3000,2,2.124800,1,1.795700,72.939466,2.687913,2.866383,-81.512791,0
2025-01-08,sz.002709,17.9598222400,18.2081604900,17.3240763200,17.7114839900,18.0194234200,31278269,555136646.4600,2,2.258300,1,-1.708900,71.692981,2.641979,2.817399,-80.119794,0
2025-01-09,sz.002709,17.5326804500,18.2478946100,17.5028798600,18.1485593100,17.7114839900,28870931,525155799.6300,2,2.084500,1,2.467800,73.462185,2.707176,2.886925,-82.096951,0
2025-01-10,sz.002709,18.1584928400,18.5260334500,17.8008857600,17.8008857600,18.1485593100,23537884,429287594.5200,2,1.699500,1,-1.915700,72.054864,2.655314,2.831620,-80.524213,0
2025-01-13,sz.002709,17.5823481000,18.4962328600,17.5624810400,17.9896228300,17.8008857600,28248282,514985710.1100,2,2.039600,1,1.060300,72.818838,2.683468,2.861643,-81.377985,0
2025-01-14,sz.002709,17.9896228300,18.6055016900,17.8505534100,18.4862993300,17.9896228300,34853406,642071250.9500,2,2.516500,1,2.760900,74.829298,2.757556,2.940650,-83.624754,0
2025-01-15,sz.002709,18.4664322700,18.4763658000,18.0790246000,18.1882934300,18.4862993300,25079522,460973966.5600,2,1.810800,1,-1.612000,73.623022,2.713103,2.893246,-82.276693,0
2025-01-16,sz.002709,18.2578281400,18.6253687500,18.0690910700,18.3174293200,18.1882934300,22119720,408091708.6000,2,1.597100,1,0.710000,74.145741,2.732366,2.913788,-82.860853,0
2025-01-17,sz.002709,18.2379610800,18.9035075900,18.2379610800,18.5657675700,18.3174293200,33574772,629034623.7600,2,2.424100,1,1.355700,75.150971,2.769410,2.953291,-83.984237,0
2025-01-20,sz.002709,18.7346375800,19.0028428900,18.5856346300,18.7048369900,18.5657675700,25765449,485754832.0700,2,1.860300,1,0.749100,75.713900,2.790155,2.975413,-84.613333,0
2025-01-21,sz.002709,18.7843052300,18.8439064100,18.3670969700,18.6253687500,18.7048369900,20748424,387314488.1800,2,1.498100,1,-0.424900,75.392226,2.778300,2.962772,-84.253850,0
2025-01-22,sz.002709,18.4763658000,18.5558340400,18.0988916600,18.1982269600,18.6253687500,17312042,318370494.8300,2,1.250000,1,-2.293300,73.663231,2.714585,2.894826,-82.321628,0
2025-01-23,sz.002709,18.3770305000,18.6253687500,18.0392904800,18.0392904800,18.1982269600,17706614,327151754.9900,2,1.278400,1,-0.873400,73.019884,2.690877,2.869544,-81.602662,0
2025-01-24,sz.002709,17.9796893000,18.7545046400,17.9796893000,18.4266981500,18.0392904800,27433916,509035316.0200,2,1.980800,1,2.147600,74.588042,2.748665,2.931169,-83.355142,0
2025-01-27,sz.002709,18.4962328600,18.7147705200,18.1584928400,18.1584928400,18.4266981500,17247011,319090715.1000,2,1.245300,1,-1.455500,73.502394,2.708658,2.888505,-82.141886,0
2025-02-05,sz.002709,18.3074957900,18.3273628500,17.9498887100,18.0988916600,18.1584928400,17078534,311687344.4000,2,1.233100,1,-0.328200,73.261139,2.699767,2.879025,-81.872274,0
2025-02-06,sz.002709,18.0194234200,19.0227099500,17.9399551800,18.8935740600,18.0988916600,34988205,656922661.3500,2,2.526200,1,4.390800,76.477874,2.818308,3.005436,-85.467105,0
2025-02-07,sz.002709,18.9730423000,20.1849329600,18.8935740600,19.7975252900,18.8935740600,47520074,944546793.7100,2,3.431000,1,4.784400,80.136910,2.953148,3.149229,-89.556225,0
2025-02-10,sz.002709,19.8769935300,19.8869270600,19.1816464300,19.5293199800,19.7975252900,46077682,899331607.2000,2,3.326900,1,-1.354700,79.051262,2.913141,3.106566,-88.342970,0
2025-02-11,sz.002709,19.5392535100,19.5392535100,18.7346375800,18.8737070000,19.5293199800,41787459,795541141.3100,2,3.017100,1,-3.357100,76.397456,2.815344,3.002276,-85.377234,0
2025-02-12,sz.002709,18.7942387600,19.8571264700,18.6849699300,19.4796523300,18.8737070000,58306048,1122407314.4700,2,4.209800,1,3.210500,78.850216,2.905732,3.098665,-88.118293,0
2025-02-13,sz.002709,19.4200511500,19.6783229300,19.2213805500,19.2313140800,19.4796523300,43966413,861902352.4800,2,3.174400,1,-1.274900,77.844987,2.868688,3.059161,-86.994908,0
2025-02-14,sz.002709,19.2015134900,20.0657306000,19.2015134900,19.4200511500,19.2313140800,40532088,799687445.9000,2,2.926500,1,0.981400,78.608961,2.896841,3.089184,-87.848681,0
2025-02-17,sz.002709,19.4697188000,19.5392535100,18.8737070000,19.0525105400,19.4200511500,42013709,809437829.2100,2,3.033400,1,-1.892600,76.941110,2.835379,3.023641,-85.984789,0
2025-02-18,sz.002709,19.2511811400,19.8273258800,19.0823111300,19.3008487900,19.0525105400,61361342,1204445989.8500,2,4.430400,1,1.303400,77.943992,2.872336,3.063052,-87.105550,0
2025-02-19,sz.002709,19.1319787800,19.4299846800,18.9035075900,19.3703835000,19.3008487900,38587719,746237377.6600,2,2.786100,1,0.360300,78.224799,2.882684,3.074087,-87.419364,0
2025-02-20,sz.002709,19.2611146700,19.3107823200,18.9233746500,19.1319787800,19.3703835000,33204436,637998458.3300,2,2.397400,1,-1.230800,77.262032,2.847205,3.036252,-86.343433,0
2025-02-21,sz.002709,19.1319787800,19.7279905800,19.1021781900,19.6286552800,19.1319787800,53751240,1057583317.3400,2,3.880900,1,2.596100,79.267796,2.921120,3.115075,-88.584955,0
2025-02-24,sz.002709,19.9465282400,20.3935370900,19.5690541000,20.1352653100,19.6286552800,63604603,1276947850.0900,2,4.592300,1,2.581000,81.313675,2.996513,3.195474,-90.871308,0
2025-02-25,sz.002709,19.8769935300,20.3637365000,19.6981899900,20.0160629500,20.1352653100,44550299,902235250.9000,2,3.216600,1,-0.592000,80.832292,2.978774,3.176557,-90.333342,0
2025-02-26,sz.002709,20.0061294200,20.6915429900,20.0061294200,20.6120747500,20.0160629500,50349589,1035046497.7900,2,3.635300,1,2.977700,83.239209,3.067472,3.271144,-93.023169,0
2025-02-27,sz.002709,20.6915429900,21.5160259800,20.4332712100,21.4762918600,20.6120747500,78512029,1663276726.9300,2,5.668700,1,4.192800,86.729238,3.196084,3.408296,-96.923417,0
2025-02-28,sz.002709,21.2577542000,22.0325695400,20.6617424000,20.7412106400,21.4762918600,81700575,1755383684.1000,2,5.898900,1,-3.422800,83.760708,3.086690,3.291638,-93.605965,0
2025-03-03,sz.002709,21.1186847800,22.3504425000,21.1186847800,21.9729683600,20.7412106400,95100908,2083776253.2800,2,6.866400,1,5.938700,88.735002,3.269999,3.487118,-99.164940,0
2025-03-04,sz.002709,21.4166906800,21.4464912700,20.5524735700,20.7610777000,21.9729683600,72759462,1524486604.1900,2,5.253300,1,-5.515400,83.840938,3.089646,3.294791,-93.695626,0
2025-03-05,sz.002709,20.6617424000,20.7710112300,20.4034706200,20.6617424000,20.7610777000,32747180,677459188.2000,2,2.364400,1,-0.478500,83.439785,3.074863,3.279026,-93.247321,0
2025-03-06,sz.002709,20.7114100500,20.9796153600,20.6220082800,20.7412106400,20.6617424000,39372152,824338472.2700,2,2.842700,1,0.384600,83.760708,3.086690,3.291638,-93.605965,0
2025-03-07,sz.002709,20.5326065100,20.6816094600,20.0657306000,20.2743347300,20.7412106400,41498577,847562321.9100,2,2.996300,1,-2.251000,81.875289,3.017210,3.217544,-91.498934,0
2025-03-10,sz.002709,20.1849329600,20.4034706200,20.0657306000,20.2842682600,20.2743347300,28120811,572142706.1600,2,2.030400,1,0.049000,81.915405,3.018688,3.219121,-91.543764,0
2025-03-11,sz.002709,20.0657306000,20.3240023800,19.9067941200,20.2644012000,20.2842682600,22068736,447731887.0000,2,1.593400,1,-0.097900,81.835174,3.015731,3.215968,-91.454103,0
2025-03-12,sz.002709,20.2743347300,20.5822741600,20.1749994300,20.3240023800,20.2644012000,30769531,631854468.9400,2,2.221600,1,0.294100,82.075866,3.024601,3.225427,-91.723086,0
2025-03-13,sz.002709,20.3538029700,20.6319418100,19.7180570500,19.8273258800,20.3240023800,37554243,760901972.5900,2,2.711500,1,-2.443800,80.070102,2.950686,3.146604,-89.481564,0
2025-03-14,sz.002709,19.6683894000,20.1054647200,19.4299846800,20.0061294200,19.8273258800,32504461,649086481.7600,2,2.346900,1,0.901800,80.792177,2.977296,3.174980,-90.288512,0
2025-03-17,sz.002709,20.0259964800,20.2445341400,19.8769935300,19.9862623600,20.0061294200,27095960,547058054.9700,2,1.956400,1,-0.099300,80.711946,2.974339,3.171827,-90.198851,0
2025-03-18,sz.002709,20.0259964800,20.3140688500,20.0160629500,20.1650659000,19.9862623600,26813545,544212969.5300,2,1.936000,1,0.894600,81.434021,3.000948,3.200203,-91.005799,0
2025-03-19,sz.002709,20.1153982500,20.1352653100,19.8273258800,19.9067941200,20.1650659000,21662777,435013662.3900,2,1.564100,1,-1.280800,80.391024,2.962513,3.159216,-89.840208,0
2025-03-20,sz.002709,19.8968605900,19.8968605900,19.5491870400,19.5591205700,19.9067941200,21368660,424104007.7500,2,1.542800,1,-1.746500,78.986989,2.910772,3.104040,-88.271142,0
2025-03-21,sz.002709,19.5293199800,19.6385888100,19.0425770100,19.1419123100,19.5591205700,23569269,457251781.6000,2,1.701700,1,-2.133100,77.302147,2.848684,3.037829,-86.388263,0
2025-03-24,sz.002709,19.1121117200,19.3306493800,18.8836405300,19.2710482000,19.1419123100,19673647,378067245.4700,2,1.420500,1,0.674600,77.823646,2.867901,3.058323,-86.971059,0
2025-03-25,sz.002709,19.2710482000,19.5193864500,19.1021781900,19.3703835000,19.2710482000,17268852,335680602.4600,2,1.246800,1,0.515500,78.224799,2.882684,3.074087,-87.419364,0
2025-03-26,sz.002709,19.2710482000,19.4299846800,19.1717129000,19.1816464300,19.3703835000,13342962,259229973.1100,2,0.963400,1,-0.974400,77.462608,2.854597,3.044134,-86.567585,0
2025-03-27,sz.002709,19.1220452500,19.2611146700,18.8737070000,19.0525105400,19.1816464300,15940880,305494376.0400,2,1.151000,1,-0.673200,76.941110,2.835379,3.023641,-85.984789,0
2025-03-28,sz.002709,19.0525105400,19.1717129000,18.8737070000,18.8737070000,19.0525105400,12434596,237525054.4200,2,0.897800,1,-0.938500,76.219035,2.808769,2.995264,-85.177841,0
2025-03-31,sz.002709,18.7545046400,18.8339728800,18.2876287300,18.5160999200,18.8737070000,18337814,341922601.4800,2,1.324000,1,-1.894700,74.774885,2.755551,2.938512,-83.563946,0
2025-04-01,sz.002709,18.5955681600,18.7743717000,18.4763658000,18.5061663900,18.5160999200,13029922,243940432.2800,2,0.940800,1,-0.053600,74.734769,2.754072,2.936935,-83.519115,0
2025-04-02,sz.002709,18.4962328600,18.7942387600,18.4266981500,18.6651028700,18.5061663900,11135243,209158791.3900,2,0.804000,1,0.858800,75.376626,2.777726,2.962159,-84.236416,0
2025-04-03,sz.002709,18.4465652100,18.7147705200,18.3472299100,18.4564987400,18.6651028700,11931918,222215257.1100,2,0.861600,1,-1.117600,74.534205,2.746681,2.929054,-83.294977,0
2025-04-07,sz.002709,16.8373333500,17.3936110300,16.6088621600,16.6088621600,18.4564987400,26123404,440132009.8100,2,1.886300,1,-10.010800,67.072762,2.471718,2.635833,-74.956513,0
2025-04-08,sz.002709,16.3406568500,16.7578651100,15.8439803500,16.0625180100,16.6088621600,33951378,553122770.5400,2,2.451500,1,-3.289500,64.866421,2.390411,2.549128,-72.490838,0
2025-04-09,sz.002709,15.7347115200,16.6386627500,15.2678356100,16.4697927400,16.0625180100,31365344,504392438.4000,2,2.264800,1,2.535600,66.511148,2.451021,2.613763,-74.328886,0
2025-04-10,sz.002709,16.7777321700,17.1353392500,16.6585298100,16.6585298100,16.4697927400,25016050,424415709.5900,2,1.806300,1,1.146000,67.273338,2.479109,2.643715,-75.180665,0
2025-04-11,sz.002709,16.5194603900,16.9366686500,16.4697927400,16.8174662900,16.6585298100,18753890,316866335.2900,2,1.354200,1,0.954100,67.915183,2.502762,2.668939,-75.897952,0
2025-04-14,sz.002709,16.9664692400,17.1850069000,16.8174662900,16.9267351200,16.8174662900,20367290,348762865.7000,2,1.470700,1,0.649700,68.356451,2.519023,2.686280,-76.391087,0
2025-04-15,sz.002709,16.9764027700,17.3836775000,16.8870010000,17.0956051300,16.9267351200,22736939,392962633.3200,2,1.641800,1,0.997700,68.079857,2.553651,2.631817,-50.356176,0
2025-04-16,sz.002709,17.0260704200,17.0757380700,16.4896598000,16.7081974600,17.0956051300,20667812,347876480.5200,2,1.492400,1,-2.266100,66.537083,2.495782,2.572176,-49.215043,0
2025-04-17,sz.002709,16.5790615700,16.7876657000,16.5492609800,16.5492609800,16.7081974600,11644786,195250055.6000,2,0.840800,1,-0.951200,65.904150,2.472041,2.547708,-48.746886,0
2025-04-18,sz.002709,16.4697927400,16.6883304000,16.4300586200,16.6485962800,16.5492609800,10371739,172865555.7400,2,0.748900,1,0.600200,66.299733,2.486879,2.563001,-49.039484,0
2025-04-21,sz.002709,16.6386627500,17.0360039500,16.3903245000,17.0360039500,16.6485962800,16104073,273796817.5800,2,1.162800,1,2.327000,67.842507,2.544748,2.622641,-50.180617,0
2025-04-22,sz.002709,16.9764027700,17.0459374800,16.8870010000,16.9168015900,17.0360039500,10828898,184728733.2600,2,0.781900,1,-0.699700,67.367807,2.526942,2.604290,-49.829499,0
2025-04-23,sz.002709,17.2545416100,17.2843422000,16.9664692400,17.0757380700,16.9168015900,14958024,257402828.2600,2,1.080100,1,0.939500,63.386594,2.540814,2.429698,-36.081688,0
2025-04-24,sz.002709,17.1452727800,17.3439433800,16.9168015900,16.9366686500,17.0757380700,18749014,323153078.5300,2,1.353800,1,-0.814400,62.870357,2.520120,2.409909,-35.787829,0
2025-04-25,sz.002709,16.8870010000,17.1154721900,16.8273998200,16.9764027700,16.9366686500,13416421,229522148.3100,2,0.968800,1,0.234600,63.017853,2.526033,2.415563,-35.871788,0
2025-04-28,sz.002709,16.9366686500,16.9466021800,16.5889951000,16.6287292200,16.9764027700,14181035,238431211.2400,2,1.024000,1,-2.048000,61.727259,2.474300,2.366093,-35.137141,0
2025-04-29,sz.002709,16.5889951000,16.8770674700,16.5492609800,16.7677986400,16.6287292200,11095830,187245808.3400,2,0.801200,1,0.836300,62.243497,2.494993,2.385881,-35.431000,0
2025-04-30,sz.002709,16.7479315800,17.6618163400,16.7280645200,17.3638104400,16.7677986400,33079838,577045751.1700,2,2.388600,1,3.554500,64.455943,2.583678,2.470687,-36.690396,0
2025-05-06,sz.002709,17.3638104400,17.6220822200,17.3141427900,17.6220822200,17.3638104400,20223266,356750005.3000,2,1.460300,1,1.487400,65.414670,2.622108,2.507437,-37.236134,0
2025-05-07,sz.002709,17.8604869400,17.9300216500,17.4035445600,17.5426139800,17.6220822200,18729444,331762522.4800,2,1.352400,1,-0.451000,65.119677,2.610283,2.496129,-37.068214,0
2025-05-08,sz.002709,17.4929463300,17.9796893000,17.4432786800,17.7909522300,17.5426139800,19549954,349532947.8200,2,1.411600,1,1.415600,66.041530,2.647235,2.531465,-37.592963,0
2025-05-09,sz.002709,17.6816834000,17.7114839900,17.3936110300,17.6618163400,17.7909522300,15064237,266235654.3900,2,1.087700,1,-0.725900,65.562167,2.628020,2.513090,-37.320093,0
2025-05-12,sz.002709,17.8108192900,18.3472299100,17.7412845800,18.3273628500,17.6618163400,32049024,583950090.4800,2,2.314200,1,3.768300,68.032732,2.727051,2.607791,-38.726419,0
2025-05-13,sz.002709,18.5359669800,18.5359669800,18.0591575400,18.0988916600,18.3273628500,20661127,378885722.9000,2,1.491900,1,-1.246600,67.184627,2.693055,2.575282,-38.243650,0
2025-05-14,sz.002709,18.0591575400,18.2677616700,18.0293569500,18.2478946100,18.0988916600,15670296,286288691.7500,2,1.131500,1,0.823300,67.737739,2.715227,2.596483,-38.558499,0
2025-05-15,sz.002709,18.1088251900,18.1286922500,17.7710851700,17.7710851700,18.2478946100,15399813,277339790.4500,2,1.112000,1,-2.613000,65.967783,2.644279,2.528638,-37.550983,0
2025-05-16,sz.002709,17.7214175200,17.9002210600,17.7015504600,17.7710851700,17.7710851700,9612324,172330059.7100,2,0.694100,1,0.000000,65.967783,2.644279,2.528638,-37.550983,0
2025-05-19,sz.002709,17.7114839900,17.8108192900,17.4830128000,17.8008857600,17.7710851700,10334353,183664203.3100,2,0.746200,1,0.167700,66.078405,2.648713,2.532879,-37.613953,0
2025-05-20,sz.002709,17.7810187000,17.8604869400,17.6320157500,17.7909522300,17.8008857600,10273467,183596699.9800,2,0.741800,1,-0.055800,66.041531,2.647235,2.531465,-37.592963,0
2025-05-21,sz.002709,17.7611516400,18.1982269600,17.6816834000,17.9697557700,17.7909522300,25681341,466084352.4400,2,1.854400,1,1.005000,66.705265,2.673840,2.556907,-37.970782,0
2025-05-22,sz.002709,17.9797500000,18.0097162500,17.5302562500,17.5702112500,17.9697612500,17275752,306154257.0900,2,1.247400,1,-2.223500,64.861560,2.599937,2.486235,-36.921285,0
2025-05-23,sz.002709,17.4903012500,17.8299187500,17.1906387500,17.1906387500,17.5702112500,21603212,377998310.6700,2,1.559900,1,-2.160300,63.460344,2.543770,2.432525,-36.123668,0
2025-05-26,sz.002709,17.1307062500,17.3005150000,17.0607850000,17.2006275000,17.1906387500,12567824,215856242.3000,2,0.907500,1,0.058100,63.497218,2.545248,2.433938,-36.144658,0
2025-05-27,sz.002709,17.1806500000,17.4103912500,17.0408075000,17.2405825000,17.2006275000,11305608,194790048.9000,2,0.816300,1,0.232300,63.644714,2.551160,2.439592,-36.228618,0
2025-05-28,sz.002709,17.2505712500,17.2705487500,16.9209425000,16.9409200000,17.2405825000,11022061,188232555.6400,2,0.795900,1,-1.738100,62.538491,2.506818,2.397189,-35.598920,0
2025-05-29,sz.002709,16.8809875000,17.1606725000,16.8610100000,17.1307062500,16.9409200000,11694536,199463492.6800,2,0.844400,1,1.120300,63.239099,2.534901,2.424044,-35.997729,0
2025-05-30,sz.002709,17.0807625000,17.1307062500,16.8310437500,16.8310437500,17.1307062500,9692864,164156861.9800,2,0.699900,1,-1.749300,62.132876,2.490559,2.381641,-35.368031,0
2025-06-03,sz.002709,16.8709987500,17.2905262500,16.7910887500,16.9808750000,16.8310437500,13937921,238284224.1000,2,1.006400,1,0.890200,62.685987,2.512730,2.402842,-35.682880,0
2025-06-04,sz.002709,17.0408075000,17.5702112500,17.0308187500,17.3005150000,16.9808750000,21082970,365959028.6400,2,1.522300,1,1.882400,63.865959,2.560029,2.448072,-36.354557,0
2025-06-05,sz.002709,17.3005150000,17.3404700000,17.0607850000,17.3005150000,17.3005150000,11511895,198200169.0500,2,0.831200,1,0.000000,63.865959,2.560029,2.448072,-36.354557,0
2025-06-06,sz.002709,17.3005150000,17.4303687500,17.1806500000,17.2006275000,17.3005150000,12321339,213238092.4900,2,0.889700,1,-0.577400,63.497218,2.545248,2.433938,-36.144658,0
2025-06-09,sz.002709,17.2006275000,17.5202675000,17.1806500000,17.3604475000,17.2006275000,14998342,261011230.6600,2,1.083000,1,0.929200,64.087203,2.568897,2.456553,-36.480497,0
2025-06-10,sz.002709,17.4103912500,17.7000650000,17.1207175000,17.3005150000,17.3604475000,23462504,409901286.0200,2,1.694200,1,-0.345200,63.865959,2.560029,2.448072,-36.354557,0
2025-06-11,sz.002709,17.2505712500,17.7300312500,17.2206050000,17.4803125000,17.3005150000,22274189,391744001.5000,2,1.608400,1,1.039300,64.529693,2.586634,2.473514,-36.732376,0
2025-06-12,sz.002709,17.4903012500,17.6001775000,17.2805375000,17.5002900000,17.4803125000,16481883,287199090.9100,2,1.190100,1,0.114300,64.603441,2.589590,2.476341,-36.774356,0
2025-06-13,sz.002709,17.3604475000,17.4903012500,17.0607850000,17.1107287500,17.5002900000,17972257,309510560.7300,2,1.297700,1,-2.226000,63.165351,2.531945,2.421217,-35.955749,0
2025-06-16,sz.002709,17.0108412500,17.1307062500,16.8110662500,16.9209425000,17.1107287500,19509354,330669308.5300,2,1.408700,1,-1.109200,62.464743,2.503862,2.394362,-35.556940,0
2025-06-17,sz.002709,16.9309312500,17.3005150000,16.8809875000,17.0907512500,16.9209425000,21733708,372668050.0300,2,1.569300,1,1.003500,63.091602,2.528989,2.418390,-35.913769,0
2025-06-18,sz.002709,17.0707737500,17.0707737500,16.6912012500,16.9109537500,17.0907512500,18583742,313023605.9200,2,1.341900,1,-1.052000,62.427868,2.502384,2.392948,-35.535950,0
2025-06-19,sz.002709,16.8410325000,17.2305937500,16.7411450000,16.7910887500,16.9109537500,20487765,348513735.1000,2,1.479400,1,-0.708800,61.985379,2.484647,2.375987,-35.284071,0
2025-06-20,sz.002709,16.6812125000,17.1806500000,16.5913137500,16.6013025000,16.7910887500,23904668,404085821.1600,2,1.726100,1,-1.130300,61.284771,2.456563,2.349132,-34.885262,0
2025-06-23,sz.002709,16.5014150000,17.0208300000,16.4814375000,16.9309312500,16.6013025000,21310535,359790068.2300,2,1.538800,1,1.985600,62.501617,2.505340,2.395775,-35.577930,0
2025-06-24,sz.002709,17.0408075000,17.8099412500,16.9808750000,17.7999525000,16.9309312500,51504460,904449681.5700,2,3.719000,1,5.132700,65.709664,2.633932,2.518744,-37.404054,0
2025-06-25,sz.002709,17.9497837500,18.2394575000,17.8598850000,18.1495587500,17.7999525000,44562496,805582293.2000,2,3.217700,1,1.964100,67.000258,2.685665,2.568214,-38.138701,0
2025-06-26,sz.002709,18.1395700000,18.7089287500,17.9797500000,18.2094912500,18.1495587500,50907878,937816286.0600,2,3.675900,1,0.330200,67.221503,2.694534,2.576695,-38.264641,0
2025-06-27,sz.002709,18.2794125000,18.6489962500,18.0197050000,18.0696487500,18.2094912500,34405479,627697310.7000,2,2.484300,1,-0.768000,66.705265,2.673840,2.556907,-37.970782,0
2025-06-30,sz.002709,18.0996150000,18.3193675000,17.9098287500,18.0996150000,18.0696487500,23463382,424253763.1700,2,1.694200,1,0.165800,66.815888,2.678275,2.561147,-38.033752,0
2025-07-01,sz.002709,18.1795250000,18.1795250000,17.6201550000,17.9298062500,18.0996150000,26402909,471543134.2800,2,1.906500,1,-0.938200,66.189028,2.653147,2.537119,-37.676923,0
2025-07-02,sz.002709,17.8598850000,18.3393450000,17.6601100000,18.1695362500,17.9298062500,35712077,644248754.7400,2,2.578700,1,1.337000,67.074008,2.688621,2.571041,-38.180682,0
2025-07-03,sz.002709,18.1795250000,19.1784000000,17.8698737500,18.9286812500,18.1695362500,78810676,1471231237.7200,2,5.690700,1,4.178100,69.876440,2.800955,2.678463,-39.775917,0
2025-07-04,sz.002709,18.8787375000,18.8987150000,18.4991650000,18.5790750000,18.9286812500,43362849,809698604.5000,2,3.131100,1,-1.847000,68.585846,2.749222,2.628992,-39.041269,0
2025-07-07,sz.002709,18.4691987500,18.6390075000,18.3393450000,18.3892887500,18.5790750000,22663948,418599539.5200,2,1.636500,1,-1.021500,67.885238,2.721139,2.602137,-38.642460,0
2025-07-08,sz.002709,18.3793000000,18.8188050000,18.3093787500,18.6789625000,18.3892887500,33018187,615855440.0700,2,2.384100,1,1.575200,68.954587,2.764003,2.643127,-39.251168,0
2025-07-09,sz.002709,18.6789625000,18.6889512500,18.2694237500,18.3293562500,18.6789625000,29259136,540845372.4300,2,2.112700,1,-1.871700,67.663993,2.712271,2.593656,-38.516521,0
2025-07-10,sz.002709,18.1995025000,18.4492212500,18.1295812500,18.4092662500,18.3293562500,20221632,370575679.4900,2,1.460100,1,0.436000,67.958986,2.724095,2.604964,-38.684440,0
2025-07-11,sz.002709,18.3693112500,18.7289062500,18.1795250000,18.4492212500,18.4092662500,31645832,586228423.3300,2,2.285100,1,0.217000,68.106483,2.730007,2.610618,-38.768400,0
2025-07-14,sz.002709,18.6390075000,19.0485462500,18.4991650000,18.6190300000,18.4492212500,34958712,656103868.0100,2,2.524300,1,0.920400,68.733343,2.755135,2.634646,-39.125229,0
2025-07-15,sz.002709,18.5590975000,18.6989400000,18.2194800000,18.3793000000,18.6190300000,25176465,464309589.6800,2,1.817900,1,-1.287600,67.848364,2.719661,2.600724,-38.621470,0
2025-07-16,sz.002709,18.3493337500,18.4392325000,18.1795250000,18.2594350000,18.3793000000,15885000,290970178.4700,2,1.147000,1,-0.652200,67.405875,2.701924,2.583762,-38.369591,0
2025-07-17,sz.002709,18.6789625000,19.4381075000,18.4592100000,19.4381075000,18.2594350000,78331024,1482693582.4800,2,5.656100,1,6.455100,71.757020,2.876337,2.750548,-40.846403,0
2025-07-18,sz.002709,19.4780625000,19.6478712500,19.1284562500,19.3082537500,19.4381075000,53699487,1039747449.1500,2,3.877500,1,-0.668000,71.277656,2.857122,2.732173,-40.573534,0
2025-07-21,sz.002709,19.3082537500,19.3482087500,19.0585350000,19.1784000000,19.3082537500,34685403,664863796.8200,2,2.504500,1,-0.672500,70.798293,2.837907,2.713798,-40.300665,0
2025-07-22,sz.002709,19.1784000000,19.4281187500,19.0984900000,19.2982650000,19.1784000000,40742705,786131359.6400,2,2.941900,1,0.625000,71.240782,2.855644,2.730760,-40.552544,0
2025-07-23,sz.002709,19.3781750000,19.6079162500,19.1084787500,19.1084787500,19.2982650000,46690629,902824517.9700,2,3.371400,1,-0.983400,70.540174,2.827561,2.703904,-40.153735,0
2025-07-24,sz.002709,19.1084787500,19.9675112500,19.0685237500,19.8776125000,19.1084787500,62517132,1229896021.6800,2,4.514200,1,4.025100,73.379480,2.941372,2.812739,-41.769960,0
2025-07-25,sz.002709,19.8876012500,20.3470837500,19.7977025000,19.8176800000,19.8776125000,46750066,933975166.3000,2,3.375700,1,-0.301500,73.158236,2.932504,2.804258,-41.644020,0
2025-07-28,sz.002709,19.7277812500,20.1273312500,19.5479837500,19.9175675000,19.8176800000,34789707,692602592.0200,2,2.512100,1,0.504000,73.526977,2.947285,2.818393,-41.853920,0
2025-07-29,sz.002709,19.8576350000,20.0174550000,19.6278937500,19.7977025000,19.9175675000,28383237,562187025.1400,2,2.049500,1,-0.601800,73.084488,2.929548,2.801432,-41.602040,0
2025-07-30,sz.002709,19.8276687500,19.8476462500,19.3082537500,19.4880512500,19.7977025000,28860495,565856338.1200,2,2.083900,1,-1.564100,71.941390,2.883727,2.757615,-40.951353,0
2025-07-31,sz.002709,19.3382200000,19.4880512500,18.7688612500,18.8687487500,19.4880512500,38140914,728712788.5400,2,2.754000,1,-3.177900,69.655195,2.792087,2.669982,-39.649977,0
2025-08-01,sz.002709,18.8687487500,19.1684112500,18.7788500000,18.9087037500,18.8687487500,21917190,415535261.3800,2,1.582600,1,0.211800,69.802692,2.797999,2.675636,-39.733937,0
2025-08-04,sz.002709,18.7988275000,18.9286812500,18.6390075000,18.9286812500,18.9087037500,19523090,367255398.3600,2,1.409700,1,0.105700,69.876440,2.800955,2.678463,-39.775917,0
2025-08-05,sz.002709,18.9386700000,19.3382200000,18.8887262500,19.0385575000,18.9286812500,24473594,467078331.8000,2,1.767200,1,0.580500,70.282055,2.817214,2.694010,-40.006806,0
2025-08-06,sz.002709,19.0285687500,19.7777250000,18.9286812500,19.4381075000,19.0385575000,34252562,663948775.0700,2,2.473300,1,2.098600,71.757020,2.876337,2.750548,-40.846403,0
2025-08-07,sz.002709,19.3781750000,19.4780625000,19.0585350000,19.1784000000,19.4381075000,25228236,485322317.0500,2,1.821700,1,-1.336100,70.798293,2.837907,2.713798,-40.300665,0
2025-08-08,sz.002709,19.0885012500,19.2283437500,18.9386700000,18.9586475000,19.1784000000,19793931,376860281.9100,2,1.429300,1,-1.145800,69.987062,2.805389,2.682703,-39.838886,0
2025-08-11,sz.002709,19.3082537500,20.1473087500,19.1883887500,20.1273312500,18.9586475000,76779177,1517346894.5500,2,5.544000,1,6.164400,74.301333,2.978324,2.848075,-42.294708,0
2025-08-12,sz.002709,20.0374325000,20.0474212500,19.5579725000,19.7977025000,20.1273312500,46524197,918629404.5100,2,3.359400,1,-1.637700,73.084488,2.929548,2.801432,-41.602040,0
2025-08-13,sz.002709,19.7577475000,19.9175675000,19.6678487500,19.8276687500,19.7977025000,30882521,611706018.9200,2,2.229900,1,0.151400,73.195110,2.933982,2.805672,-41.665010,0
2025-08-14,sz.002709,19.8276687500,19.8975900000,19.2583100000,19.4281187500,19.8276687500,33798634,662020040.1900,2,2.440500,1,-2.015100,71.720146,2.874859,2.749134,-40.825413,0
2025-08-15,sz.002709,19.3382200000,20.2471962500,19.2982650000,20.1772750000,19.4281187500,57048748,1141026959.9100,2,4.119300,1,3.856000,74.485704,2.985715,2.855142,-42.399658,0
2025-08-18,sz.002709,20.4170050000,20.6567350000,20.2671737500,20.4569600000,20.1772750000,54748135,1119949653.6000,2,3.953200,1,1.386100,75.518179,3.027101,2.894718,-42.987376,0
2025-08-19,sz.002709,20.4070162500,20.7266562500,20.0773875000,20.5768250000,20.4569600000,52912830,1083669581.2900,2,3.820700,1,0.585900,76.677360,3.058290,2.797438,-687.921068,0
2025-08-20,sz.002709,20.4369825000,20.6467462500,20.1972525000,20.6467462500,20.5768250000,42013503,859274625.0200,2,3.033700,1,0.339800,76.937914,3.068682,2.806944,-690.258664,0
2025-08-21,sz.002709,20.8465212500,20.9264312500,20.1772750000,20.2971400000,20.6467462500,43743721,896036525.9300,2,3.158600,1,-1.693300,75.635143,3.016721,2.759415,-678.570685,0
2025-08-22,sz.002709,20.1972525000,20.5468587500,20.1373200000,20.3870387500,20.2971400000,43312145,882737936.1000,2,3.127400,1,0.442900,75.970141,3.030082,2.771637,-681.576165,0
2025-08-25,sz.002709,20.6267687500,21.2560600000,20.4769375000,20.9264312500,20.3870387500,66040523,1375703321.4400,2,4.768600,1,2.645800,77.980131,3.110251,2.844968,-699.609048,0
2025-08-26,sz.002709,20.8764875000,20.9464087500,20.6767125000,20.8265437500,20.9264312500,35017382,729409667.7400,2,2.528500,1,-0.477300,77.607910,3.095405,2.831388,-696.269625,0
2025-08-27,sz.002709,20.7666112500,21.3060037500,20.2771625000,20.2971400000,20.8265437500,60524888,1262469811.1900,2,4.370300,1,-2.542000,75.635143,3.016721,2.759415,-678.570685,0
2025-08-28,sz.002709,20.1972525000,20.5368700000,19.7877137500,20.4569600000,20.2971400000,48670165,986877893.2200,2,3.514300,1,0.787400,76.230696,3.040474,2.781143,-683.913761,0
2025-08-29,sz.002709,20.3770500000,21.7954525000,20.3770500000,21.4858012500,20.4569600000,93316164,1988689016.3800,2,6.738100,1,5.029300,80.064564,3.193389,2.921015,-718.309814,0
2025-09-01,sz.002709,21.7055537500,22.0651487500,21.4758125000,21.8653737500,21.4858012500,78119666,1702325758.6500,2,5.640800,1,1.766600,81.479000,3.249804,2.972618,-730.999621,0
2025-09-02,sz.002709,21.8354075000,22.2149800000,21.5557225000,21.6955650000,21.8653737500,74619478,1629764229.8800,2,5.388100,1,-0.776600,80.846226,3.224566,2.949532,-725.322602,0
2025-09-03,sz.002709,21.8653737500,22.3148675000,21.5357450000,21.7954525000,21.6955650000,70409690,1545930832.9800,2,5.084100,1,0.460400,81.218446,3.239412,2.963112,-728.662025,0
2025-09-04,sz.002709,21.9652612500,23.5235062500,21.9352950000,23.1239562500,21.7954525000,145497919,3343783464.9400,2,10.506000,1,6.095300,86.168975,3.436864,3.143723,-773.076346,0
2025-09-05,sz.002709,23.2737875000,25.4413462500,22.9241812500,25.4413462500,23.1239562500,124590895,3095190722.7500,2,8.996400,1,10.021600,94.804483,3.781293,3.458775,-850.550952,0
2025-09-08,sz.002709,27.8386462500,27.9884775000,26.6699625000,27.9884775000,25.4413462500,156237429,4297504124.2000,2,11.281500,1,10.011800,104.296098,4.159868,3.805059,-935.706230,0
2025-09-09,sz.002709,28.6876900000,30.6454850000,28.4879150000,28.8774762500,27.9884775000,278835938,8219673256.4600,2,20.133900,1,3.176300,107.608858,4.291998,3.925920,-965.427091,0
2025-09-10,sz.002709,27.5889275000,28.8574987500,27.5889275000,27.7487475000,28.8774762500,192311870,5403946688.8000,2,13.886300,1,-3.908700,103.402770,4.124237,3.772468,-927.691615,0
2025-09-11,sz.002709,27.6588487500,28.9074425000,27.1893775000,28.6077800000,27.7487475000,172154815,4878830323.4900,2,12.430800,1,3.095800,106.603863,4.251913,3.889254,-956.410650,0
2025-09-12,sz.002709,28.7476225000,29.4068800000,27.7687250000,28.0084550000,28.6077800000,146525828,4156084777.1300,2,10.580200,1,-2.095000,104.370542,4.162837,3.807775,-936.374114,0
2025-09-15,sz.002709,28.3181062500,30.8053050000,28.3181062500,30.8053050000,28.0084550000,59684001,1805518092.0200,2,4.309600,1,9.985700,114.792708,4.578527,4.188010,-1029.877949,0
2025-09-16,sz.002709,30.7653500000,30.9451475000,29.0872400000,29.8363962500,30.8053050000,196650872,5878807480.9600,2,14.199600,1,-3.145300,111.182172,4.434520,4.056286,-997.485549,0
2025-09-17,sz.002709,30.0961037500,30.4656875000,28.9873525000,29.6466100000,29.8363962500,149833692,4451380447.6200,2,10.819100,1,-0.636100,110.474953,4.406312,4.030484,-991.140646,0
2025-09-18,sz.002709,29.2870150000,32.1637750000,28.6577237500,31.2348212500,29.6466100000,203979638,6166598713.3400,2,14.728800,1,5.357100,116.393254,4.642365,4.246403,-1044.237466,0
2025-09-19,sz.002709,30.9651250000,32.7431225000,30.4656875000,31.2647875000,31.2348212500,180678076,5758265760.8800,2,13.046200,1,0.095900,116.504921,4.646819,4.250477,-1045.239293,0
2025-09-22,sz.002709,30.9451475000,31.5244950000,29.6965537500,30.2059800000,31.2647875000,126452667,3819255333.2700,2,9.130800,1,-3.386600,112.559386,4.489450,4.106531,-1009.841413,0
2025-09-23,sz.002709,30.8053050000,31.6643375000,29.9762387500,31.2747762500,30.2059800000,125312675,3859980016.4000,2,9.048500,1,3.538400,116.542143,4.648303,4.251835,-1045.573235,0
2025-09-24,sz.002709,31.1449225000,34.2514237500,30.3658000000,33.3124812500,31.2747762500,177418428,5785663108.7500,2,12.810900,1,6.515500,124.135434,4.951163,4.528863,-1113.697458,0
2025-09-25,sz.002709,33.3024925000,33.9617500000,32.4934037500,32.5633250000,33.3124812500,139050824,4617059381.9400,2,10.040500,1,-2.248900,121.343783,4.839818,4.427014,-1088.651788,0
2025-09-26,sz.002709,32.0738762500,34.9606250000,32.0738762500,34.1315587500,32.5633250000,165775325,5542530780.6000,2,11.970200,1,4.816000,127.187640,5.072901,4.640217,-1141.080723,0
2025-09-29,sz.002709,34.9606250000,37.5477112500,34.9606250000,37.5477112500,34.1315587500,217670839,8076890033.0200,2,15.717400,1,10.008800,139.917571,5.580636,5.104646,-1255.288978,0
2025-09-30,sz.002709,36.9583750000,40.0548875000,36.4389600000,38.1270587500,37.5477112500,205340692,7745189765.8800,2,14.827100,1,1.543000,142.076448,5.666743,5.183409,-1274.657630,0
2025-10-09,sz.002709,38.8062937500,39.7752025000,37.7474862500,38.7463612500,38.1270587500,154261864,5963638033.9200,2,11.138800,1,1.624300,144.384213,5.758789,5.267604,-1295.362050,0
2025-10-10,sz.002709,37.9572500000,38.1370475000,34.8707262500,35.2802650000,38.7463612500,151723512,5468601730.3400,2,10.955400,1,-8.945600,131.469041,5.243665,4.796416,-1179.491880,0
2025-10-13,sz.002709,33.5222450000,37.6176325000,33.5222450000,37.2480487500,35.2802650000,141173090,5132451366.9100,2,10.193600,1,5.577600,138.801828,5.536135,5.063940,-1245.278941,0
2025-10-14,sz.002709,37.3579250000,37.6475987500,34.2514237500,34.5211200000,37.2480487500,127567832,4615402886.1500,2,9.211200,1,-7.321000,128.640149,5.130834,4.693209,-1154.112100,0
2025-10-15,sz.002709,34.9606250000,35.2403100000,33.2525487500,34.6509737500,34.5211200000,97393340,3316171954.6900,2,7.032400,1,0.376200,129.124039,5.150134,4.710863,-1158.453378,0
2025-10-16,sz.002709,34.6709512500,36.6986675000,34.6709512500,35.2103437500,34.6509737500,107108439,3825317447.2100,2,7.733900,1,1.614300,131.208485,5.233273,4.786910,-1177.154269,0
2025-10-17,sz.002709,35.0305462500,36.5588250000,34.1615250000,34.3113562500,35.2103437500,81145847,2851055390.8100,2,5.859300,1,-2.553200,127.858482,5.099657,4.664691,-1147.099266,0
2025-10-20,sz.002709,35.0105687500,35.9595000000,33.8418850000,34.7808275000,34.3113562500,82231509,2889197777.9100,2,5.937600,1,1.368300,129.607928,5.169434,4.728517,-1162.794656,0
2025-10-21,sz.002709,35.4101187500,35.8296462500,34.6809400000,34.9506362500,34.7808275000,79727533,2812653046.1800,2,5.756800,1,0.488200,130.240706,5.194673,4.751603,-1168.471712,0
2025-10-22,sz.002709,34.6110187500,34.7708387500,32.7531112500,32.8829650000,34.9506362500,100895990,3359964777.8200,2,7.285300,1,-5.916000,122.535698,4.887357,4.470499,-1099.345206,0
2025-10-23,sz.002709,32.9029425000,33.9317837500,32.2137187500,33.6221325000,32.8829650000,89737340,2963435153.5900,2,6.479600,1,2.247900,125.290145,4.997219,4.570990,-1124.057097,0
2025-10-24,sz.002709,33.6221325000,34.3113562500,33.4523237500,34.2014800000,33.6221325000,70006702,2378697341.8200,2,5.054900,1,1.723100,127.449037,5.083327,4.649754,-1143.425877,0
2025-10-27,sz.002709,34.5910412500,35.8196575000,34.4412100000,35.2003550000,34.2014800000,99829996,3517321422.0800,2,7.208400,1,2.920600,131.171263,5.231788,4.785552,-1176.820324,0
2025-10-28,sz.002709,35.3401975000,37.9572500000,34.7808275000,37.1981050000,35.2003550000,153513654,5634430539.7800,2,11.084700,1,5.675400,138.615716,5.528712,5.057150,-1243.609219,0
2025-10-29,sz.002709,36.8085437500,39.3856412500,36.4789150000,38.9561250000,37.1981050000,135878811,5135343800.5500,2,9.811300,1,4.726100,145.166835,5.790004,5.296156,-1302.383446,0
2025-10-30,sz.002709,39.1359225000,42.0526375000,38.7263837500,40.8939425000,38.9561250000,169658367,6884169469.4400,2,12.250400,1,4.974400,152.387954,6.078020,5.559606,-1367.168674,0
2025-10-31,sz.002709,41.7230087500,44.6896675000,39.8251462500,39.8251462500,40.8939425000,217974663,9253049611.5400,2,15.739200,1,-2.613600,134.793142,5.817871,5.264530,-273.742488,0
2025-11-03,sz.002709,40.6342350000,41.2235712500,38.7064062500,40.2646512500,39.8251462500,152859896,6100885721.9200,2,11.037500,1,1.103600,136.280701,5.882076,5.322629,-276.763474,0
2025-11-04,sz.002709,40.8639762500,41.3034812500,39.2557875000,39.5154950000,40.2646512500,104901238,4227971778.9200,2,7.574500,1,-1.860600,133.745089,5.772635,5.223597,-271.614066,0
2025-11-05,sz.002709,38.2069687500,40.9239087500,37.7574750000,40.1447862500,39.5154950000,119900918,4739554302.3400,2,8.657600,1,1.592500,135.875003,5.864565,5.306783,-275.939568,0
2025-11-06,sz.002709,40.0448987500,41.2635262500,39.5454612500,39.9450112500,40.1447862500,96477109,3881849468.0400,2,6.966300,1,-0.497600,135.198840,5.835381,5.280375,-274.566393,0
2025-11-07,sz.002709,42.9516250000,43.9405112500,41.7529750000,43.6608262500,39.9450112500,224732605,9686441503.1000,2,16.227200,1,9.302300,147.775476,6.378207,5.771573,-300.107453,0
2025-11-10,sz.002709,43.9505000000,46.8472375000,43.6608262500,44.9393862500,43.6608262500,247198611,11197719765.4700,2,17.849300,1,2.928400,152.102921,6.564986,5.940587,-308.895775,0
2025-11-11,sz.002709,43.4510625000,46.1480250000,43.4510625000,43.5509500000,44.9393862500,176755658,7845589968.3800,2,12.762900,1,-3.089600,147.403586,6.362156,5.757048,-299.352207,0
2025-11-12,sz.002709,42.4521875000,43.4510625000,40.4544375000,42.8617262500,43.5509500000,166092966,6943043055.4700,2,11.612700,1,-1.582600,148.507808,6.409816,5.800175,-301.594698,0
2025-11-13,sz.002709,43.4510625000,47.1469000000,43.1514000000,47.1469000000,42.8617262500,143249114,6609097393.9700,2,10.015500,1,9.997700,163.355128,7.050648,6.380057,-331.747140,0
2025-11-14,sz.002709,48.9348862500,49.7239975000,46.5275975000,46.5575637500,47.1469000000,231478254,11120758661.3300,2,16.184200,1,-1.250000,161.313189,6.962515,6.300307,-327.600301,0
2025-11-17,sz.002709,47.3167087500,48.1957187500,45.2490375000,47.5364612500,46.5575637500,191991805,8979246238.6900,2,13.423400,1,2.102600,164.704885,7.108905,6.432774,-334.488271,0
2025-11-18,sz.002709,46.7173837500,46.7473500000,42.7818162500,42.7818162500,47.5364612500,172877509,7626564007.0400,2,11.744800,1,-10.002100,151.383367,6.533929,5.912484,-307.434481,0
2025-11-19,sz.002709,42.5021312500,44.9194087500,42.0026937500,44.7995437500,42.7818162500,157784756,6827110407.3500,2,10.719400,1,4.716300,158.523092,6.842090,6.191335,-321.934076,0
2025-11-20,sz.002709,45.4288350000,47.8161462500,44.2301850000,44.2801287500,44.7995437500,179333157,8278993605.7000,2,12.183400,1,-1.159400,156.685143,6.762762,6.119552,-318.201507,0
2025-11-21,sz.002709,41.9527500000,42.9416362500,39.8651012500,39.8651012500,44.2801287500,159117478,6514920033.3100,2,10.810000,1,-9.970700,141.062577,6.088469,5.509391,-286.474670,0
2025-11-24,sz.002709,39.7552250000,39.8151575000,37.2180825000,38.4566875000,39.8651012500,128829431,4959460171.0100,2,8.752300,1,-3.532900,136.078908,5.873366,5.314747,-276.353666,0
2025-11-25,sz.002709,38.4566875000,40.5543250000,37.6875537500,40.1347975000,38.4566875000,134243747,5282977770.5500,2,9.120100,1,4.363600,142.016897,6.129659,5.546664,-288.412735,0
2025-11-26,sz.002709,39.7352475000,40.1947300000,38.9561250000,39.5254837500,40.1347975000,86151600,3408603983.0600,2,5.852900,1,-1.518200,139.860841,6.036600,5.462456,-284.034145,0
2025-11-27,sz.002709,39.4555625000,41.5532000000,39.4555625000,40.5942800000,39.5254837500,108419325,4424796034.0100,2,7.365700,1,2.704100,143.642775,6.199834,5.610164,-291.714623,0
2025-11-28,sz.002709,40.4344600000,41.8828287500,40.0848537500,41.2035937500,40.5942800000,93088748,3831059052.1200,2,6.324200,1,1.501000,145.798830,6.292892,5.694372,-296.093214,0
2025-12-01,sz.002709,41.4233462500,44.2201962500,41.4033687500,42.3423112500,41.2035937500,137777051,5904464255.8200,2,9.360200,1,2.763600,149.828180,6.466805,5.851744,-304.276153,0
2025-12-02,sz.002709,41.3434362500,42.2524125000,40.8739650000,40.9738525000,42.3423112500,74381617,3067769795.7200,2,5.053300,1,-3.231900,144.985891,6.257805,5.662622,-294.442270,0
2025-12-03,sz.002709,41.0637512500,41.8029187500,39.3257087500,39.9350225000,40.9738525000,73940854,2974211695.8200,2,5.023300,1,-2.535300,141.309993,6.099148,5.519054,-286.977132,0
2025-12-04,sz.002709,39.7052812500,39.9050562500,39.0360350000,39.2058437500,39.9350225000,47701546,1879944037.0100,2,3.240700,1,-1.825900,138.729796,5.987782,5.418281,-281.737179,0
2025-12-05,sz.002709,39.2058437500,39.3956300000,38.4067437500,38.5465862500,39.2058437500,55149791,2141820425.8000,2,3.746700,1,-1.681500,136.397015,5.887096,5.327171,-276.999688,0
2025-12-08,sz.002709,37.9172950000,40.1547750000,37.6775650000,39.7552250000,38.5465862500,79350063,3111417280.6400,2,5.276700,1,3.135500,142.911079,6.168253,5.581587,-290.228671,0
2025-12-09,sz.002709,39.4355850000,40.9039312500,38.6664512500,39.9150450000,39.7552250000,70442968,2817649869.4800,2,4.684400,1,0.402000,143.485596,6.193050,5.604026,-291.395419,0
2025-12-10,sz.002709,39.8551125000,40.3645387500,38.6065187500,39.6453487500,39.9150450000,61478180,2428820228.7600,2,4.088200,1,-0.675700,142.516099,6.151205,5.566161,-289.426531,0
2025-12-11,sz.002709,40.0648762500,41.1536500000,39.4555625000,39.6553375000,39.6453487500,78921458,3185014757.7500,2,5.245900,1,0.025200,142.599165,6.154790,5.569405,-289.595225,0
2025-12-12,sz.002709,40.0648762500,40.1847412500,36.8085437500,38.1869912500,39.6553375000,105409129,4009828368.7400,2,7.006500,1,-3.702800,137.319045,5.926892,5.363183,-278.872177,0
2025-12-15,sz.002709,37.9073062500,39.0260462500,37.6875537500,38.0771150000,38.1869912500,50024423,1917229107.8900,2,3.325100,1,-0.287700,136.923934,5.909839,5.347751,-278.069772,0
2025-12-16,sz.002709,38.0671262500,38.3268337500,36.5088812500,37.2180825000,38.0771150000,52068038,1939697432.5200,2,3.460900,1,-2.256000,133.834884,5.776511,5.227104,-271.796425,0
2025-12-17,sz.002709,37.7275087500,40.3245837500,37.6076437500,39.9350225000,37.2180825000,116397071,4571165000.6100,2,7.736900,1,7.300100,143.604902,6.198199,5.608685,-291.637710,0
2025-12-18,sz.002709,39.8551125000,40.2147075000,38.0871037500,38.1869912500,39.9350225000,73362315,2871064386.0100,2,4.876400,1,-4.377200,137.319045,5.926892,5.363183,-278.872177,0
2025-12-19,sz.002709,38.3667887500,38.6065187500,37.4378350000,37.9972050000,38.1869912500,58543324,2225234258.0900,2,3.891300,1,-0.497000,136.636580,5.897436,5.336528,-277.486205,0
2025-12-22,sz.002709,38.1470362500,39.2058437500,38.0871037500,38.7863162500,37.9972050000,59882481,2326653902.1200,2,3.980400,1,2.076800,139.474196,6.019912,5.447355,-283.248931,0
2025-12-23,sz.002709,39.0260462500,42.6619512500,38.8562375000,42.4222212500,38.7863162500,186099615,7754116873.1300,2,12.370000,1,9.374200,152.548779,6.584230,5.958001,-309.801239,0
2025-12-24,sz.002709,42.4322100000,44.3400612500,42.4322100000,43.4810287500,42.4222212500,144871686,6292683568.2800,2,9.629600,1,2.495900,156.356213,6.748565,6.106705,-317.533505,0
2025-12-25,sz.002709,42.5620637500,43.4610512500,41.9727275000,42.9815912500,43.4810287500,77162166,3293997600.1900,2,5.128900,1,-1.148600,154.560253,6.671048,6.036561,-313.886210,0
2025-12-26,sz.002709,44.0004437500,46.3577887500,43.2912425000,45.6885425000,42.9815912500,149721428,6717399583.6600,2,9.951900,1,6.297900,164.294353,7.091186,6.416740,-333.654549,0
2025-12-29,sz.002709,44.9493750000,45.1691275000,42.8717150000,43.9505000000,45.6885425000,121076871,5330825350.6700,2,8.047900,1,-3.804100,158.044414,6.821430,6.172640,-320.961962,0
2025-12-30,sz.002709,43.0015687500,45.4488125000,42.3922550000,45.3089700000,43.9505000000,103638508,4571577166.1100,2,6.888800,1,3.090900,162.929424,7.032274,6.363431,-330.882604,0
2025-12-31,sz.002709,45.4488125000,46.7773162500,45.0792287500,46.2778787500,45.3089700000,113403707,5222626398.5300,2,7.537900,1,2.138400,166.413585,7.182656,6.499509,-337.958357,0
2026-01-05,sz.002709,48.5453250000,48.8250100000,45.9482500000,47.9859550000,46.2778787500,171700690,8163167222.6800,2,11.412900,1,3.690900,172.555765,7.447761,6.739401,-350.432106,0
2026-01-06,sz.002709,47.4465625000,49.0947062500,46.5475750000,47.3866300000,47.9859550000,139462069,6648739103.1400,2,9.270000,1,-1.249000,170.400614,7.354742,6.655228,-346.055352,0
2026-01-07,sz.002709,47.3966187500,47.9360112500,44.9493750000,45.4388237500,47.3866300000,144630496,6665891130.2800,2,9.613500,1,-4.110500,163.396373,7.052428,6.381668,-331.830901,0
2026-01-08,sz.002709,44.9893300000,45.6785537500,43.8805787500,44.3500500000,45.4388237500,93442801,4174619933.1100,2,6.211100,1,-2.396100,159.481182,6.883443,6.228755,-323.879798,0
2026-01-09,sz.002709,43.9604887500,45.2490375000,43.5609387500,44.3900050000,44.3500500000,74867296,3344263939.0300,2,4.976400,1,0.090100,159.624859,6.889644,6.234366,-324.171581,0
2026-01-12,sz.002709,44.5800000000,45.4500000000,43.2000000000,43.8900000000,44.3900000000,98695149,4341248845.5400,2,6.560200,1,-1.126400,157.649303,6.804376,6.157208,-320.159557,0
2026-01-13,sz.002709,43.9100000000,44.9700000000,43.3000000000,43.5500000000,43.8900000000,92772410,4088580055.6500,2,6.166500,1,-0.774700,156.428051,6.751665,6.109511,-317.679396,0
2026-01-14,sz.002709,43.2100000000,44.0000000000,42.5000000000,43.0500000000,43.5500000000,86829260,3757966434.2100,2,5.771500,1,-1.148100,154.632092,6.674149,6.039367,-314.032101,0
2026-01-15,sz.002709,42.6800000000,44.9800000000,42.5100000000,44.1100000000,43.0500000000,93047847,4124491401.9000,2,6.184800,1,2.462300,158.439525,6.838483,6.188072,-321.764367,0
2026-01-16,sz.002709,44.1200000000,44.8800000000,43.6600000000,43.8600000000,44.1100000000,69534140,3066418874.3700,2,4.621900,1,-0.566800,157.541546,6.799725,6.153000,-319.940719,0
2026-01-19,sz.002709,43.5000000000,44.5400000000,43.3600000000,43.6800000000,43.8600000000,56552381,2484640408.8300,2,3.759000,1,-0.410400,156.895000,6.771819,6.127748,-318.627693,0
2026-01-20,sz.002709,44.1000000000,44.2700000000,42.1000000000,43.1200000000,43.6800000000,62831782,2702848016.6100,2,4.176400,1,-1.282100,154.883526,6.685001,6.049187,-314.542723,0
2026-01-21,sz.002709,43.0000000000,44.0000000000,42.7900000000,43.4700000000,43.1200000000,48107127,2097784325.4900,2,3.197700,1,0.811700,156.140698,6.739263,6.098288,-317.095829,0
2026-01-22,sz.002709,43.5200000000,44.5000000000,43.1900000000,43.5900000000,43.4700000000,48508952,2116214707.0200,2,3.224400,1,0.276100,156.571728,6.757866,6.115122,-317.971180,0
2026-01-23,sz.002709,43.6200000000,44.3900000000,43.5300000000,44.2500000000,43.5900000000,66976642,2952771714.9000,2,4.451900,1,1.514100,158.942394,6.860188,6.207712,-322.785609,0
2026-01-26,sz.002709,44.7400000000,44.7700000000,43.3500000000,43.4100000000,44.2500000000,60901087,2675606193.1500,2,4.048100,1,-1.898300,155.925182,6.729961,6.089871,-316.658154,0
2026-01-27,sz.002709,43.1700000000,43.6000000000,39.7600000000,41.6000000000,43.4100000000,94845178,3891011864.5500,2,6.304300,1,-4.169500,149.423810,6.449352,5.835951,-303.454946,0
2026-01-28,sz.002709,41.4200000000,42.1800000000,41.0100000000,41.8300000000,41.6000000000,53738560,2232307642.6100,2,3.572000,1,0.552900,150.249951,6.485009,5.868217,-305.132701,0
2026-01-29,sz.002709,41.7800000000,42.4000000000,40.9600000000,41.1500000000,41.8300000000,49663297,2055357954.4800,2,3.301100,1,-1.625600,147.807447,6.379587,5.772821,-300.172380,0
2026-01-30,sz.002709,40.9500000000,41.0800000000,39.5500000000,40.7100000000,41.1500000000,45279103,1834364009.2200,2,3.009700,1,-1.069300,146.227002,6.311373,5.711095,-296.962761,0
2026-02-02,sz.002709,40.5600000000,41.5000000000,40.0200000000,40.0400000000,40.7100000000,40300172,1645917115.8100,2,2.678700,1,-1.645800,143.820417,6.207501,5.617102,-292.075385,0
2026-02-03,sz.002709,40.5000000000,40.8300000000,39.7500000000,40.7900000000,40.0400000000,41621768,1677350014.5900,2,2.766600,1,1.873100,146.514356,6.323775,5.722318,-297.546328,0
2026-02-04,sz.002709,40.8000000000,40.8300000000,39.7000000000,40.3500000000,40.7900000000,33690493,1351938400.7400,2,2.239400,1,-1.078700,144.933912,6.255561,5.660592,-294.336708,0
2026-02-05,sz.002709,40.0900000000,40.4500000000,39.1500000000,39.3500000000,40.3500000000,33488439,1326335592.3800,2,2.226000,1,-2.478300,141.341993,6.100529,5.520304,-287.042118,0
2026-02-06,sz.002709,38.8700000000,42.4800000000,38.7000000000,41.7800000000,39.3500000000,88983454,3684832237.2100,2,5.914700,1,6.175300,150.070355,6.477258,5.861202,-304.767972,0
2026-02-09,sz.002709,42.1000000000,42.1400000000,40.8000000000,41.3500000000,41.7800000000,53941280,2224088296.0100,2,3.585500,1,-1.029200,148.525830,6.410594,5.800879,-301.631298,0
2026-02-10,sz.002709,41.1400000000,41.4300000000,40.7500000000,40.9100000000,41.3500000000,27841984,1140556651.4200,2,1.850600,1,-1.064100,146.945386,6.342379,5.739152,-298.421679,0
2026-02-11,sz.002709,40.8900000000,41.8100000000,40.6600000000,41.5100000000,40.9100000000,48167409,1995654539.4700,2,3.201700,1,1.466600,149.100537,6.435399,5.823325,-302.798433,0
2026-02-12,sz.002709,41.0000000000,42.1500000000,40.5000000000,42.0000000000,41.5100000000,48453902,2021095626.6900,2,3.220700,1,1.180400,150.860577,6.511365,5.892066,-306.372782,0
2026-02-13,sz.002709,41.5400000000,43.9900000000,41.5400000000,43.2500000000,42.0000000000,67298689,2909170587.5400,2,4.473300,1,2.976200,155.350476,6.705155,6.067425,-315.491019,0
2026-02-24,sz.002709,43.6800000000,44.3000000000,43.0600000000,43.3700000000,43.2500000000,53389979,2325017548.1300,2,3.548800,1,0.277500,155.781506,6.723759,6.084259,-316.366370,0
2026-02-25,sz.002709,43.3700000000,44.9700000000,43.3600000000,44.0000000000,43.3700000000,73402416,3245665551.7700,2,4.879000,1,1.452600,158.044414,6.821430,6.172640,-320.961962,0
2026-02-26,sz.002709,44.6800000000,44.6800000000,42.2100000000,42.3900000000,44.0000000000,74384234,3188983328.3700,2,4.944300,1,-3.659100,152.261426,6.571827,5.946778,-309.217672,0
2026-02-27,sz.002709,42.1000000000,42.6300000000,41.7200000000,42.2800000000,42.3900000000,41369053,1743166042.0000,2,2.749800,1,-0.259500,151.866315,6.554774,5.931346,-308.415267,0
2026-03-02,sz.002709,41.1400000000,42.3900000000,41.0500000000,41.3900000000,42.2800000000,43196252,1794205890.9100,2,2.871200,1,-2.105000,148.669507,6.416795,5.806490,-301.923082,0
2026-03-03,sz.002709,41.3900000000,42.0000000000,40.4000000000,40.6200000000,41.3900000000,51864560,2135183817.0000,2,3.447400,1,-1.860400,145.903730,6.297420,5.698469,-296.306248,0
2026-03-04,sz.002709,40.3600000000,41.3500000000,40.0900000000,40.5500000000,40.6200000000,33844869,1376580789.4900,2,2.249700,1,-0.172300,145.652296,6.286568,5.688649,-295.795626,0
2026-03-05,sz.002709,41.2400000000,43.2600000000,41.2400000000,42.1900000000,40.5500000000,69203678,2929285263.3800,2,4.599900,1,4.044400,151.543042,6.540821,5.918720,-307.758754,0
2026-03-06,sz.002709,42.6100000000,43.0000000000,41.3800000000,41.9000000000,42.1900000000,41466618,1739335363.1100,2,2.756300,1,-0.687400,150.501386,6.495862,5.878037,-305.643323,0
2026-03-09,sz.002709,40.6400000000,43.4600000000,39.5100000000,43.3600000000,41.9000000000,86660734,3634127262.8900,2,5.760300,1,3.484500,155.745587,6.722209,6.082856,-316.293424,0
2026-03-10,sz.002709,44.6300000000,46.0000000000,44.6300000000,45.1500000000,43.3600000000,128128620,5798411972.0000,2,8.516700,1,4.128200,67.427123,5.144073,5.515363,319.800658,0
2026-03-11,sz.002709,45.5500000000,49.2300000000,44.9800000000,48.7900000000,45.1500000000,163564110,7777545797.2000,2,10.872000,1,8.062000,72.863108,5.558789,5.960013,345.583037,0
2026-03-12,sz.002709,48.0000000000,49.2700000000,47.5500000000,48.6300000000,48.7900000000,110973082,5365842470.9500,2,7.376300,1,-0.327900,72.624163,5.540560,5.940468,344.449746,0
2026-03-13,sz.002709,48.3700000000,51.0000000000,48.0700000000,48.7700000000,48.6300000000,127964190,6341012443.0300,2,8.505700,1,0.287900,72.833240,5.556511,5.957570,345.441376,0
2026-03-16,sz.002709,49.0300000000,49.7600000000,47.5000000000,47.8500000000,48.7700000000,83902959,4051444235.1200,2,5.577000,1,-1.886400,71.459309,5.451692,5.845186,338.924950,0
2026-03-17,sz.002709,47.9500000000,48.3300000000,45.3600000000,45.5800000000,47.8500000000,77834064,3603033104.5300,2,5.173600,1,-4.744000,68.069286,5.193065,5.567890,322.846379,0
2026-03-18,sz.002709,45.9100000000,45.9800000000,43.7300000000,44.3300000000,45.5800000000,62125811,2751924555.4900,2,4.129500,1,-2.742400,66.202533,5.050648,5.415195,313.992540,0
