date,code,open,high,low,close,preclose,volume,amount,adjustflag,turn,tradestatus,pctChg,peTTM,pbMRQ,psTTM,pcfNcfTTM,isST
2023-06-26,sz.002543,7.1249343600,7.1618990000,6.9678346400,6.9863169600,7.1341755200,3054987,23329013.2600,2,0.492300,1,-2.072500,10.927360,1.265982,0.935269,7.377894,0
2023-06-27,sz.002543,7.0325227600,7.1803813200,7.0140404400,7.1711401600,6.9863169600,3438079,26535332.2400,2,0.554000,1,2.645500,11.216443,1.299474,0.960012,7.573076,0
2023-06-28,sz.002543,7.1803813200,7.1803813200,7.0140404400,7.1618990000,7.1711401600,2410100,18541748.0000,2,0.388300,1,-0.128900,11.201989,1.297799,0.958774,7.563317,0
2023-06-29,sz.002543,7.1618990000,7.2450694400,7.1249343600,7.2358282800,7.1618990000,2803000,21869981.0000,2,0.451700,1,1.032300,11.317623,1.311196,0.968672,7.641390,0
2023-06-30,sz.002543,7.2912752400,7.3467222000,7.2543106000,7.3097575600,7.2358282800,2886232,22822471.8000,2,0.436200,1,1.021700,11.433256,1.324593,0.978569,7.719463,0
2023-07-03,sz.002543,7.3189987200,7.4021691600,7.3189987200,7.3929280000,7.3097575600,3887389,31033593.8800,2,0.626400,1,1.137800,11.563344,1.339664,0.989703,7.807295,0
2023-07-04,sz.002543,7.3929280000,7.4298926400,7.3374810400,7.4114103200,7.3929280000,2502761,20039809.3700,2,0.403300,1,0.250000,11.592252,1.343013,0.992177,7.826813,0
2023-07-05,sz.002543,7.3744456800,7.4576161200,7.3652045200,7.3744456800,7.4114103200,2215132,17736069.4000,2,0.356900,1,-0.498800,11.534435,1.336315,0.987228,7.787777,0
2023-07-06,sz.002543,7.4114103200,7.4114103200,7.3559633600,7.3836868400,7.3744456800,1744195,13934799.0500,2,0.281000,1,0.125300,11.548890,1.337989,0.988466,7.797536,0
2023-07-07,sz.002543,7.3189987200,7.4021691600,7.3189987200,7.3836868400,7.3836868400,2002200,15974537.5700,2,0.322600,1,0.000000,11.548890,1.337989,0.988466,7.797536,0
2023-07-10,sz.002543,7.3836868400,7.4483749600,7.3282398800,7.3559633600,7.3836868400,1820200,14512209.0000,2,0.293300,1,-0.375500,11.505527,1.332965,0.984754,7.768258,0
2023-07-11,sz.002543,7.3836868400,7.4114103200,7.3282398800,7.4114103200,7.3559633600,1723216,13768259.7800,2,0.277700,1,0.753800,11.592252,1.343013,0.992177,7.826813,0
2023-07-12,sz.002543,7.4298926400,7.4483749600,7.3374810400,7.3559633600,7.4114103200,1834859,14689219.2300,2,0.295700,1,-0.748100,11.505527,1.332965,0.984754,7.768258,0
2023-07-13,sz.002543,7.3467222000,7.4206514800,7.3467222000,7.3929280000,7.3559633600,1814700,14521127.3100,2,0.292400,1,0.502500,11.563344,1.339664,0.989703,7.807295,0
2023-07-14,sz.002543,7.3744456800,7.4114103200,7.3467222000,7.3559633600,7.3929280000,1852451,14794593.7600,2,0.298500,1,-0.500000,11.505527,1.332965,0.984754,7.768258,0
2023-07-17,sz.002543,7.3929280000,7.4483749600,7.3559633600,7.4483749600,7.3559633600,3745882,30080758.3000,2,0.603600,1,1.256300,11.650069,1.349711,0.997125,7.865849,0
2023-07-18,sz.002543,7.4391338000,7.4853396000,7.3929280000,7.4760984400,7.4483749600,2664893,21486879.8600,2,0.429400,1,0.372200,11.693431,1.354735,1.000837,7.895127,0
2023-07-19,sz.002543,7.4483749600,7.5038219200,7.4298926400,7.4668572800,7.4760984400,1583078,12774797.3900,2,0.255100,1,-0.123600,11.678977,1.353060,0.999600,7.885368,0
2023-07-20,sz.002543,7.4945807600,7.5592688800,7.4021691600,7.4298926400,7.4668572800,2544227,20607500.2900,2,0.410000,1,-0.495000,11.621161,1.346362,0.994651,7.846331,0
2023-07-21,sz.002543,7.4021691600,7.4668572800,7.3744456800,7.4298926400,7.4298926400,1896400,15250191.0000,2,0.305600,1,0.000000,11.621161,1.346362,0.994651,7.846331,0
2023-07-24,sz.002543,7.4668572800,7.4853396000,7.3652045200,7.4206514800,7.4298926400,2938748,23599375.5600,2,0.473500,1,-0.124400,11.606706,1.344688,0.993414,7.836572,0
2023-07-25,sz.002543,7.4576161200,7.5869923600,7.4298926400,7.5869923600,7.4206514800,7307652,59693124.8700,2,1.177500,1,2.241600,11.866882,1.374830,1.015682,8.012236,0
2023-07-26,sz.002543,7.5592688800,7.5685100400,7.4668572800,7.4853396000,7.5869923600,4396269,35666630.2100,2,0.708400,1,-1.339800,11.707886,1.356410,1.002074,7.904886,0
2023-07-27,sz.002543,7.5038219200,7.5223042400,7.4391338000,7.4483749600,7.4853396000,2861471,23170845.5500,2,0.461100,1,-0.493800,11.650069,1.349711,0.997125,7.865849,0
2023-07-28,sz.002543,7.4391338000,7.5592688800,7.4391338000,7.5407865600,7.4483749600,4138997,33702916.1200,2,0.666900,1,1.240700,11.794611,1.366457,1.009497,7.963441,0
2023-07-31,sz.002543,7.5685100400,7.5962335200,7.5130630800,7.5500277200,7.5407865600,5074771,41403025.6500,2,0.817700,1,0.122500,11.809065,1.368132,1.010734,7.973200,0
2023-08-01,sz.002543,7.5500277200,7.5869923600,7.4945807600,7.5592688800,7.5500277200,2861878,23379214.9200,2,0.461100,1,0.122400,11.823519,1.369806,1.011971,7.982959,0
2023-08-02,sz.002543,7.5500277200,7.6239570000,7.5315454000,7.5962335200,7.5592688800,3474700,28552330.0000,2,0.559900,1,0.489000,11.881336,1.376505,1.016920,8.021995,0
2023-08-03,sz.002543,7.5592688800,7.5777512000,7.5130630800,7.5685100400,7.5962335200,2429798,19836564.6200,2,0.391500,1,-0.365000,11.837973,1.371481,1.013208,7.992718,0
2023-08-04,sz.002543,7.5962335200,7.6239570000,7.5685100400,7.5869923600,7.5685100400,2762657,22691805.9900,2,0.445200,1,0.244200,11.866882,1.374830,1.015682,8.012236,0
2023-08-07,sz.002543,7.5869923600,7.5869923600,7.4945807600,7.5315454000,7.5869923600,3493318,28481315.7500,2,0.562900,1,-0.730800,11.780156,1.364783,1.008260,7.953682,0
2023-08-08,sz.002543,7.5223042400,7.5315454000,7.3836868400,7.4206514800,7.5315454000,3331019,26820683.7900,2,0.536700,1,-1.472400,11.606706,1.344688,0.993414,7.836572,0
2023-08-09,sz.002543,7.4114103200,7.4391338000,7.3374810400,7.3467222000,7.4206514800,2362500,18863740.0000,2,0.380700,1,-0.996300,11.491073,1.331291,0.983517,7.758499,0
2023-08-10,sz.002543,7.3559633600,7.6147158400,7.3189987200,7.4576161200,7.3467222000,5846545,47340534.6000,2,0.942100,1,1.509400,11.664523,1.351386,0.998363,7.875609,0
2023-08-11,sz.002543,7.4114103200,7.4853396000,7.2727929200,7.2820340800,7.4576161200,5134800,40907154.0000,2,0.827400,1,-2.354400,11.389894,1.319569,0.974857,7.690185,0
2023-08-14,sz.002543,7.2173459600,7.2820340800,7.1434166800,7.2820340800,7.2820340800,3708200,28986298.0000,2,0.597500,1,0.000000,11.389894,1.319569,0.974857,7.690185,0
2023-08-15,sz.002543,7.2820340800,7.2912752400,7.1711401600,7.2265871200,7.2820340800,2046851,15996701.5000,2,0.329800,1,-0.761400,11.303169,1.309521,0.967434,7.631631,0
2023-08-16,sz.002543,7.2081048000,7.2635517600,7.1711401600,7.1803813200,7.2265871200,1299100,10142126.0000,2,0.209300,1,-0.639400,11.230898,1.301148,0.961249,7.582835,0
2023-08-17,sz.002543,7.1896224800,7.2635517600,7.0694874000,7.2543106000,7.1803813200,2342600,18206621.0000,2,0.377500,1,1.029600,11.346531,1.314545,0.971146,7.660908,0
2023-08-18,sz.002543,7.2820340800,7.3005164000,7.1618990000,7.1711401600,7.2543106000,1716400,13435417.0000,2,0.276600,1,-1.146500,11.216443,1.299474,0.960012,7.573076,0
2023-08-21,sz.002543,7.1434166800,7.2543106000,7.1156932000,7.1249343600,7.1711401600,2323700,18051218.0000,2,0.374400,1,-0.644300,11.144173,1.291101,0.953826,7.524280,0
2023-08-22,sz.002543,7.1249343600,7.1711401600,6.9585934800,7.0510050800,7.1249343600,3068500,23342260.0000,2,0.494400,1,-1.037600,11.028539,1.277704,0.943929,7.446207,0
2023-08-23,sz.002543,7.0602462400,7.0879697200,6.9401111600,6.9863169600,7.0510050800,2387156,18103387.1600,2,0.384700,1,-0.917400,10.927360,1.265982,0.935269,7.377894,0
2023-08-24,sz.002543,6.9770758000,7.0510050800,6.8661818800,6.9493523200,6.9863169600,2994506,22520457.0000,2,0.482500,1,-0.529100,10.869543,1.259284,0.930321,7.338857,0
2023-08-25,sz.002543,6.9308700000,6.9585934800,6.8199760800,6.8384584000,6.9493523200,3518234,26245832.2000,2,0.566900,1,-1.595700,10.696093,1.239189,0.915475,7.221748,0
2023-08-28,sz.002543,7.2450694400,7.5223042400,7.2265871200,7.3744456800,6.8384584000,23544636,190498467.2200,2,3.558700,1,7.837800,10.981931,1.338117,1.011226,6.585088,0
2023-08-29,sz.002543,7.2820340800,7.5592688800,7.1988636400,7.5407865600,7.3744456800,14135255,114044130.2900,2,2.136500,1,2.255600,11.229644,1.368300,1.034036,6.733623,0
2023-08-30,sz.002543,7.5407865600,7.6886451200,7.5315454000,7.6424393200,7.5407865600,8979976,74058373.1800,2,1.357300,1,1.348000,11.381024,1.386745,1.047975,6.824395,0
2023-08-31,sz.002543,7.5777512000,7.7625744000,7.5777512000,7.7348509200,7.6424393200,10851695,90661263.3200,2,1.640200,1,1.209200,11.518642,1.403513,1.060647,6.906915,0
2023-09-01,sz.002543,7.7071274400,7.7810567200,7.6424393200,7.7533332400,7.7348509200,6893313,57658958.3200,2,1.041900,1,0.238900,11.546166,1.406867,1.063181,6.923419,0
2023-09-04,sz.002543,7.7625744000,7.9196741200,7.7625744000,7.8919506400,7.7533332400,8166956,69436091.9600,2,1.234400,1,1.787800,11.752593,1.432019,1.082189,7.047199,0
2023-09-05,sz.002543,7.8919506400,7.9381564400,7.8087802000,7.9011918000,7.8919506400,6018191,51332422.8400,2,0.909600,1,0.117100,11.766355,1.433696,1.083457,7.055451,0
2023-09-06,sz.002543,7.8549860000,7.9289152800,7.8087802000,7.8272625200,7.9011918000,5706756,48468947.6400,2,0.862600,1,-0.935700,11.656260,1.420282,1.073319,6.989435,0
2023-09-07,sz.002543,7.8642271600,7.8734683200,7.6609216400,7.7163686000,7.8272625200,5815235,48724644.5700,2,0.879000,1,-1.416800,11.491119,1.400160,1.058113,6.890411,0
2023-09-08,sz.002543,7.6886451200,7.7256097600,7.6424393200,7.6886451200,7.7163686000,3237600,26908669.0000,2,0.489400,1,-0.359300,11.449833,1.395129,1.054311,6.865655,0
2023-09-11,sz.002543,7.6701628000,7.7625744000,7.6239570000,7.7071274400,7.6886451200,4556029,38029401.7500,2,0.688600,1,0.240400,11.477357,1.398483,1.056845,6.882159,0
2023-09-12,sz.002543,7.6978862800,7.8180213600,7.6516804800,7.7995390400,7.7071274400,4525518,38049871.7400,2,0.684000,1,1.199000,11.614975,1.415251,1.069517,6.964679,0
2023-09-13,sz.002543,7.7718155600,7.8457448400,7.7071274400,7.7533332400,7.7995390400,4216400,35399975.0000,2,0.637300,1,-0.592400,11.546166,1.406867,1.063181,6.923419,0
2023-09-14,sz.002543,7.7348509200,7.7810567200,7.6609216400,7.7256097600,7.7533332400,2818400,23498664.4100,2,0.426000,1,-0.357600,11.504880,1.401836,1.059380,6.898663,0
2023-09-15,sz.002543,7.7256097600,7.7625744000,7.6424393200,7.7348509200,7.7256097600,3688400,30797307.0000,2,0.557500,1,0.119600,11.518642,1.403513,1.060647,6.906915,0
2023-09-18,sz.002543,7.7071274400,7.8457448400,7.6054746800,7.8365036800,7.7348509200,5123752,43165656.3800,2,0.774400,1,1.314200,11.670022,1.421958,1.074586,6.997687,0
2023-09-19,sz.002543,7.8272625200,7.8457448400,7.7440920800,7.7995390400,7.8365036800,3979900,33580516.0000,2,0.601500,1,-0.471700,11.614975,1.415251,1.069517,6.964679,0
2023-09-20,sz.002543,7.7810567200,7.8642271600,7.7533332400,7.7995390400,7.7995390400,4721500,39938312.7100,2,0.713600,1,0.000000,11.614975,1.415251,1.069517,6.964679,0
2023-09-21,sz.002543,7.7810567200,7.8087802000,7.7348509200,7.7718155600,7.7995390400,2798600,23554177.9300,2,0.423000,1,-0.355500,11.573689,1.410221,1.065716,6.939923,0
2023-09-22,sz.002543,7.7995390400,7.9658799200,7.7718155600,7.9566387600,7.7718155600,11570438,98920264.7900,2,1.748800,1,2.378100,11.848926,1.443757,1.091060,7.104963,0
2023-09-25,sz.002543,7.8919506400,7.9473976000,7.7533332400,7.7718155600,7.9566387600,7517000,63619685.6300,2,1.136200,1,-2.322900,11.573689,1.410221,1.065716,6.939923,0
2023-09-26,sz.002543,7.7440920800,7.7625744000,7.6516804800,7.6701628000,7.7718155600,6058144,50387253.0400,2,0.915700,1,-1.308000,11.422309,1.391775,1.051777,6.849151,0
2023-09-27,sz.002543,7.6609216400,7.7348509200,7.5869923600,7.6794039600,7.6701628000,3161014,26285832.3400,2,0.477800,1,0.120500,11.436071,1.393452,1.053044,6.857403,0
2023-09-28,sz.002543,7.6794039600,7.8827094800,7.6516804800,7.8365036800,7.6794039600,4816000,40725146.7800,2,0.727900,1,2.045700,11.670022,1.421958,1.074586,6.997687,0
2023-10-09,sz.002543,7.8365036800,7.8457448400,7.7256097600,7.8180213600,7.8365036800,5382832,45406558.3400,2,0.813600,1,-0.235800,11.642499,1.418605,1.072052,6.981183,0
2023-10-10,sz.002543,7.7995390400,7.8457448400,7.5407865600,7.6239570000,7.8180213600,5530749,45680559.2100,2,0.836000,1,-2.482300,11.353500,1.383391,1.045441,6.807891,0
2023-10-11,sz.002543,7.6886451200,7.7440920800,7.6054746800,7.6794039600,7.6239570000,4187884,34781211.8800,2,0.633000,1,0.727300,11.436071,1.393452,1.053044,6.857403,0
2023-10-12,sz.002543,7.7256097600,7.7995390400,7.6794039600,7.7533332400,7.6794039600,3521532,29566117.1200,2,0.532300,1,0.962700,11.546166,1.406867,1.063181,6.923419,0
2023-10-13,sz.002543,7.7071274400,7.7440920800,7.5962335200,7.6331981600,7.7533332400,4535155,37515210.7000,2,0.685500,1,-1.549500,11.367262,1.385068,1.046708,6.816143,0
2023-10-16,sz.002543,7.5962335200,7.6978862800,7.4945807600,7.6609216400,7.6331981600,5798696,47814836.6200,2,0.876500,1,0.363200,11.408548,1.390099,1.050509,6.840899,0
2023-10-17,sz.002543,7.6147158400,7.7071274400,7.5685100400,7.6701628000,7.6609216400,3323673,27548127.2200,2,0.502400,1,0.120600,11.422309,1.391775,1.051777,6.849151,0
2023-10-18,sz.002543,7.6701628000,7.7163686000,7.5777512000,7.5777512000,7.6701628000,3000943,24769832.4900,2,0.453600,1,-1.204800,11.284691,1.375007,1.039105,6.766631,0
2023-10-19,sz.002543,7.5777512000,7.6516804800,7.5315454000,7.5592688800,7.5777512000,3286100,27025519.0000,2,0.496700,1,-0.243900,11.257168,1.371653,1.036570,6.750127,0
2023-10-20,sz.002543,7.5315454000,7.5777512000,7.4760984400,7.4853396000,7.5592688800,3974359,32366007.9000,2,0.600700,1,-0.978000,11.147073,1.358239,1.026433,6.684111,0
2023-10-23,sz.002543,7.3467222000,7.4853396000,7.2912752400,7.3097575600,7.4853396000,3792600,30250320.8000,2,0.573200,1,-2.345700,10.885599,1.326379,1.002356,6.527324,0
2023-10-24,sz.002543,7.3097575600,7.4668572800,7.3005164000,7.4576161200,7.3097575600,3359600,26927779.0000,2,0.507800,1,2.022800,11.105788,1.353208,1.022631,6.659355,0
2023-10-25,sz.002543,7.4668572800,7.6516804800,7.4391338000,7.6239570000,7.4576161200,3837600,31452845.0000,2,0.580000,1,2.230500,11.353500,1.383391,1.045441,6.807891,0
2023-10-26,sz.002543,7.6147158400,7.6609216400,7.4853396000,7.5869923600,7.6239570000,2650770,21677986.3000,2,0.400700,1,-0.484800,11.298453,1.376684,1.040372,6.774883,0
2023-10-27,sz.002543,7.6147158400,7.7440920800,7.5500277200,7.7071274400,7.5869923600,3762803,31289585.0600,2,0.568700,1,1.583400,11.477357,1.398483,1.056845,6.882159,0
2023-10-30,sz.002543,7.8549860000,7.9936034000,7.6794039600,7.7348509200,7.7071274400,6417004,53937436.8500,2,0.969900,1,0.359700,11.022539,1.358907,1.043505,5.315422,0
2023-10-31,sz.002543,7.7348509200,7.7902978800,7.6516804800,7.7163686000,7.7348509200,4573900,38155602.0000,2,0.691300,1,-0.238900,10.996201,1.355660,1.041012,5.302721,0
2023-11-01,sz.002543,7.7348509200,7.7718155600,7.6516804800,7.7348509200,7.7163686000,4950773,41367922.2400,2,0.748300,1,0.239500,11.022539,1.358907,1.043505,5.315422,0
2023-11-02,sz.002543,7.7625744000,7.8087802000,7.6978862800,7.7071274400,7.7348509200,3629297,30442816.0300,2,0.548600,1,-0.358400,10.983032,1.354036,1.039765,5.296370,0
2023-11-03,sz.002543,7.7163686000,7.7810567200,7.6794039600,7.7071274400,7.7071274400,3234187,27018419.4500,2,0.488800,1,0.000000,10.983032,1.354036,1.039765,5.296370,0
2023-11-06,sz.002543,7.7163686000,7.7902978800,7.6794039600,7.7533332400,7.7071274400,4715792,39513590.3500,2,0.712800,1,0.599500,11.048878,1.362154,1.045999,5.328123,0
2023-11-07,sz.002543,7.7718155600,7.7810567200,7.6794039600,7.7625744000,7.7533332400,4403501,36894116.4000,2,0.665600,1,0.119200,11.062047,1.363778,1.047245,5.334474,0
2023-11-08,sz.002543,7.7810567200,7.7902978800,7.7163686000,7.7533332400,7.7625744000,3662101,30760732.3900,2,0.553500,1,-0.119000,11.048878,1.362154,1.045999,5.328123,0
2023-11-09,sz.002543,7.7625744000,7.8087802000,7.7440920800,7.7902978800,7.7533332400,3360672,28279513.8900,2,0.508000,1,0.476800,11.101554,1.368648,1.050985,5.353525,0
2023-11-10,sz.002543,7.7533332400,7.7995390400,7.6978862800,7.7902978800,7.7902978800,4063512,34104536.2500,2,0.614200,1,0.000000,11.101554,1.368648,1.050985,5.353525,0
2023-11-13,sz.002543,7.7995390400,7.8180213600,7.6794039600,7.7533332400,7.7902978800,5027196,42037582.4800,2,0.759800,1,-0.474500,11.048878,1.362154,1.045999,5.328123,0
2023-11-14,sz.002543,7.7810567200,7.7810567200,7.7071274400,7.7533332400,7.7533332400,3572639,29971322.8200,2,0.540000,1,0.000000,11.048878,1.362154,1.045999,5.328123,0
2023-11-15,sz.002543,7.7718155600,7.8087802000,7.7348509200,7.7902978800,7.7533332400,3516683,29609654.9600,2,0.531500,1,0.476800,11.101554,1.368648,1.050985,5.353525,0
2023-11-16,sz.002543,7.7995390400,7.8087802000,7.7348509200,7.7625744000,7.7902978800,3108600,26102584.2400,2,0.469900,1,-0.355900,11.062047,1.363778,1.047245,5.334474,0
2023-11-17,sz.002543,7.7718155600,7.8734683200,7.7163686000,7.8734683200,7.7625744000,3829799,32383000.6300,2,0.578900,1,1.428600,11.220076,1.383260,1.062206,5.410680,0
2023-11-20,sz.002543,7.9011918000,7.9011918000,7.7902978800,7.8180213600,7.8734683200,3684279,31219207.8500,2,0.556900,1,-0.704200,11.141061,1.373519,1.054726,5.372577,0
2023-11-21,sz.002543,7.8272625200,7.8919506400,7.7995390400,7.8087802000,7.8180213600,3695200,31386983.0000,2,0.558500,1,-0.118200,11.127892,1.371895,1.053479,5.366226,0
2023-11-22,sz.002543,7.7810567200,7.8180213600,7.7625744000,7.7718155600,7.8087802000,3001315,25306162.4500,2,0.453600,1,-0.473400,11.075216,1.365401,1.048492,5.340824,0
2023-11-23,sz.002543,7.7533332400,7.8642271600,7.7440920800,7.8457448400,7.7718155600,2998028,25392845.3600,2,0.453100,1,0.951200,11.180569,1.378390,1.058466,5.391629,0
2023-11-24,sz.002543,7.8457448400,7.8734683200,7.7810567200,7.7995390400,7.8457448400,2381700,20122725.0000,2,0.360000,1,-0.588900,11.114723,1.370272,1.052232,5.359876,0
2023-11-27,sz.002543,7.7995390400,7.8087802000,7.5777512000,7.6701628000,7.7995390400,5075760,42104682.6000,2,0.767200,1,-1.658800,10.930356,1.347542,1.034778,5.270968,0
2023-11-28,sz.002543,7.6794039600,7.8087802000,7.6331981600,7.7902978800,7.6701628000,4005355,33586244.5500,2,0.605400,1,1.566300,11.101554,1.368648,1.050985,5.353525,0
2023-11-29,sz.002543,7.8087802000,7.8642271600,7.7902978800,7.8087802000,7.7902978800,3983800,33746447.1200,2,0.602100,1,0.237200,11.127892,1.371895,1.053479,5.366226,0
2023-11-30,sz.002543,7.7995390400,7.8457448400,7.6978862800,7.7625744000,7.8087802000,3455471,29044159.1100,2,0.522300,1,-0.591700,11.062047,1.363778,1.047245,5.334474,0
2023-12-01,sz.002543,7.7625744000,7.8272625200,7.6978862800,7.7163686000,7.7625744000,4581239,38445505.3600,2,0.692400,1,-0.595200,10.996201,1.355660,1.041012,5.302721,0
2023-12-04,sz.002543,7.7071274400,7.7533332400,7.5777512000,7.6331981600,7.7163686000,6213000,51237644.0000,2,0.939100,1,-1.077800,10.877679,1.341048,1.029791,5.245566,0
2023-12-05,sz.002543,7.6239570000,7.6239570000,7.4853396000,7.4853396000,7.6331981600,3789400,30967741.0000,2,0.572800,1,-1.937000,10.666974,1.315071,1.009844,5.143957,0
2023-12-06,sz.002543,7.4760984400,7.6424393200,7.4760984400,7.5869923600,7.4853396000,4297343,35296034.1600,2,0.649500,1,1.358000,10.811834,1.332930,1.023558,5.213813,0
2023-12-07,sz.002543,7.5777512000,7.7902978800,7.5777512000,7.7625744000,7.5869923600,6834083,56849959.9100,2,1.032900,1,2.314300,11.062047,1.363778,1.047245,5.334474,0
2023-12-08,sz.002543,7.6886451200,7.9473976000,7.6886451200,7.7902978800,7.7625744000,9035098,76685697.0000,2,1.365600,1,0.357100,11.101554,1.368648,1.050985,5.353525,0
2023-12-11,sz.002543,7.7718155600,7.7718155600,7.4853396000,7.5962335200,7.7902978800,8520914,69899777.8000,2,1.287900,1,-2.491100,10.825003,1.334554,1.024804,5.220163,0
2023-12-12,sz.002543,7.6054746800,7.7718155600,7.5223042400,7.7533332400,7.5962335200,5619700,46607785.0000,2,0.849400,1,2.068100,11.048878,1.362154,1.045999,5.328123,0
2023-12-13,sz.002543,7.7625744000,7.8180213600,7.6609216400,7.7256097600,7.7533332400,3571131,29944445.7000,2,0.539800,1,-0.357600,11.009370,1.357284,1.042258,5.309071,0
2023-12-14,sz.002543,7.7348509200,7.8365036800,7.6794039600,7.7533332400,7.7256097600,4381000,36807966.2400,2,0.662200,1,0.358900,11.048878,1.362154,1.045999,5.328123,0
2023-12-15,sz.002543,7.7533332400,7.8734683200,7.7256097600,7.8365036800,7.7533332400,4629693,39213823.1400,2,0.699800,1,1.072700,11.167400,1.376766,1.057219,5.385278,0
2023-12-18,sz.002543,7.8087802000,7.8087802000,7.6978862800,7.7163686000,7.8365036800,5519880,46213387.9000,2,0.834300,1,-1.533000,10.996201,1.355660,1.041012,5.302721,0
2023-12-19,sz.002543,7.7071274400,7.7625744000,7.6331981600,7.6886451200,7.7163686000,2442001,20330477.6200,2,0.369100,1,-0.359300,10.956694,1.350789,1.037272,5.283669,0
2023-12-20,sz.002543,7.6886451200,7.7625744000,7.6147158400,7.6239570000,7.6886451200,2095637,17442691.5300,2,0.316700,1,-0.841300,10.864510,1.339425,1.028544,5.239215,0
2023-12-21,sz.002543,7.6516804800,7.7810567200,7.5592688800,7.7810567200,7.6239570000,3889884,32334428.6000,2,0.587900,1,2.060600,11.088385,1.367025,1.049739,5.347175,0
2023-12-22,sz.002543,8.0028445600,8.5295906800,7.8457448400,8.2615970400,7.7810567200,26393580,236095961.3200,2,3.989300,1,6.175800,11.773178,1.451449,1.114568,5.677404,0
2023-12-25,sz.002543,8.1507031200,8.2061500800,7.9566387600,8.1322208000,8.2615970400,19749909,172140774.1200,2,2.985100,1,-1.566000,11.588811,1.428720,1.097114,5.588496,0
2023-12-26,sz.002543,8.0767738400,8.3909732800,7.9473976000,8.2708382000,8.1322208000,21268078,188650606.8500,2,3.214600,1,1.704500,11.786347,1.453073,1.115815,5.683755,0
2023-12-27,sz.002543,8.1784266000,8.1876677600,7.9658799200,8.1691854400,8.2708382000,12858668,112717700.8400,2,1.943500,1,-1.229100,11.641487,1.435214,1.102101,5.613898,0
2023-12-28,sz.002543,8.1137384800,8.3909732800,8.0120857200,8.3170440000,8.1691854400,17684119,156848519.7600,2,2.672900,1,1.810000,11.852193,1.461190,1.122049,5.715507,0
2023-12-29,sz.002543,8.2708382000,8.3540086400,8.1876677600,8.2431147200,8.3170440000,13769194,123370808.3200,2,2.081200,1,-0.888900,11.746840,1.448202,1.112075,5.664703,0
2024-01-02,sz.002543,8.2061500800,8.3817321200,8.1691854400,8.2893205200,8.2431147200,11719252,105201036.3200,2,1.771300,1,0.560500,11.812686,1.456320,1.118308,5.696456,0
2024-01-03,sz.002543,8.3078028400,8.8068254800,8.1876677600,8.5665553200,8.2893205200,21968066,201263397.1500,2,3.320400,1,3.344500,12.207759,1.505026,1.155710,5.886973,0
2024-01-04,sz.002543,8.5295906800,8.7791020000,8.4094556000,8.6589669200,8.5665553200,16572231,153349666.1300,2,2.504800,1,1.078700,12.339450,1.521262,1.168177,5.950478,0
2024-01-05,sz.002543,8.6682080800,8.6682080800,8.2800793600,8.3355263200,8.6589669200,14492159,132176371.1800,2,2.190400,1,-3.735300,11.878531,1.464438,1.124542,5.728209,0
2024-01-08,sz.002543,8.2338735600,8.3540086400,8.1784266000,8.1784266000,8.3355263200,8934242,79842150.8600,2,1.350400,1,-1.884700,11.654656,1.436837,1.103348,5.620249,0
2024-01-09,sz.002543,8.1691854400,8.3170440000,8.1599442800,8.2800793600,8.1784266000,7068401,63055420.6800,2,1.068400,1,1.242900,11.799517,1.454696,1.117062,5.690105,0
2024-01-10,sz.002543,8.2800793600,8.3909732800,8.1784266000,8.3170440000,8.2800793600,6266118,56184623.1700,2,0.947100,1,0.446400,11.852193,1.461190,1.122049,5.715507,0
2024-01-11,sz.002543,8.3170440000,8.3170440000,8.1876677600,8.2615970400,8.3170440000,6013579,53682431.4700,2,0.908900,1,-0.666700,11.773178,1.451449,1.114568,5.677404,0
2024-01-12,sz.002543,8.2246324000,8.3262851600,8.1876677600,8.1876677600,8.2615970400,5158834,46078896.9400,2,0.779700,1,-0.894900,11.667826,1.438461,1.104594,5.626600,0
2024-01-15,sz.002543,8.1784266000,8.5573141600,8.1137384800,8.4279379200,8.1876677600,8419512,76181153.2600,2,1.272600,1,2.934500,12.010222,1.480673,1.137009,5.791714,0
2024-01-16,sz.002543,8.3817321200,8.5757964800,8.3078028400,8.5203495200,8.4279379200,9296398,85097030.7000,2,1.405100,1,1.096500,12.141913,1.496908,1.149476,5.855220,0
2024-01-17,sz.002543,8.5111083600,8.6220022800,8.4279379200,8.4279379200,8.5203495200,9496300,87516780.6200,2,1.435300,1,-1.084600,12.010222,1.480673,1.137009,5.791714,0
2024-01-18,sz.002543,8.3724909600,8.3724909600,8.0398092000,8.2985616800,8.4279379200,10840800,96297293.0000,2,1.638500,1,-1.535100,11.825855,1.457943,1.119555,5.702806,0
2024-01-19,sz.002543,8.2431147200,8.3355263200,8.1507031200,8.1599442800,8.2985616800,5567000,49495331.6200,2,0.841400,1,-1.670400,11.628318,1.433590,1.100854,5.607548,0
2024-01-22,sz.002543,8.1137384800,8.1691854400,7.6239570000,7.6886451200,8.1599442800,8615869,73780001.8400,2,1.302300,1,-5.775800,10.956694,1.350789,1.037272,5.283669,0
2024-01-23,sz.002543,7.6424393200,7.7718155600,7.3467222000,7.7348509200,7.6886451200,7197054,59018987.3200,2,1.087800,1,0.601000,11.022539,1.358907,1.043505,5.315422,0
2024-01-24,sz.002543,7.7163686000,8.2061500800,7.6794039600,8.1322208000,7.7348509200,10051281,87090047.4200,2,1.519200,1,5.137400,11.588811,1.428720,1.097114,5.588496,0
2024-01-25,sz.002543,8.0767738400,8.2431147200,7.9936034000,8.2246324000,8.1322208000,7080264,62341663.0500,2,1.070200,1,1.136400,11.720502,1.444955,1.109581,5.652002,0
2024-01-26,sz.002543,8.2523558800,8.3724909600,8.1784266000,8.2246324000,8.2246324000,4700517,42059605.9600,2,0.710500,1,0.000000,11.720502,1.444955,1.109581,5.652002,0
2024-01-29,sz.002543,8.1876677600,8.2708382000,8.0582915200,8.0860150000,8.2246324000,3850613,33898426.8800,2,0.582000,1,-1.685400,11.522965,1.420602,1.090881,5.556743,0
2024-01-30,sz.002543,8.1322208000,8.1599442800,7.9381564400,7.9658799200,8.0860150000,3271008,28470172.3500,2,0.494400,1,-1.485700,11.351767,1.399496,1.074673,5.474186,0
2024-01-31,sz.002543,7.9473976000,7.9473976000,7.6978862800,7.7718155600,7.9658799200,4045440,34177832.6100,2,0.611500,1,-2.436200,11.075216,1.365401,1.048492,5.340824,0
2024-02-01,sz.002543,7.7718155600,7.8180213600,7.5315454000,7.6978862800,7.7718155600,4507954,37558493.4800,2,0.681400,1,-0.951200,10.969863,1.352413,1.038518,5.290020,0
2024-02-02,sz.002543,7.6701628000,7.9381564400,7.4668572800,7.7163686000,7.6978862800,6744800,56367627.5400,2,1.019500,1,0.240100,10.996201,1.355660,1.041012,5.302721,0
2024-02-05,sz.002543,7.6331981600,7.6331981600,7.1434166800,7.3467222000,7.7163686000,6358497,50836649.6000,2,0.961100,1,-4.790400,10.469437,1.290718,0.991143,5.048698,0
2024-02-06,sz.002543,7.1988636400,7.7533332400,6.9401111600,7.6147158400,7.3467222000,6409447,50627403.6200,2,0.968800,1,3.647800,10.851341,1.337801,1.027298,5.232865,0
2024-02-07,sz.002543,7.5592688800,7.7533332400,7.5038219200,7.6147158400,7.6147158400,4678595,38741464.1100,2,0.707200,1,0.000000,10.851341,1.337801,1.027298,5.232865,0
2024-02-08,sz.002543,7.6701628000,8.1229796400,7.5130630800,8.0305680400,7.6147158400,5977738,50487065.6900,2,0.903500,1,5.461200,11.443951,1.410861,1.083400,5.518640,0
2024-02-19,sz.002543,8.1322208000,8.2061500800,8.0305680400,8.1691854400,8.0305680400,5014274,44130499.8100,2,0.757900,1,1.726100,11.641487,1.435214,1.102101,5.613898,0
2024-02-20,sz.002543,8.1414619600,8.2523558800,8.0305680400,8.2246324000,8.1691854400,4247237,37566789.5300,2,0.642000,1,0.678700,11.720502,1.444955,1.109581,5.652002,0
2024-02-21,sz.002543,8.1599442800,8.4556614000,8.1599442800,8.2431147200,8.2246324000,7323630,66279530.0400,2,1.106900,1,0.224700,11.746840,1.448202,1.112075,5.664703,0
2024-02-22,sz.002543,8.2246324000,8.4371790800,8.1784266000,8.3078028400,8.2431147200,5063957,45499283.6700,2,0.765400,1,0.784800,11.839024,1.459567,1.120802,5.709157,0
2024-02-23,sz.002543,8.3078028400,8.3540086400,8.1322208000,8.2985616800,8.3078028400,3893166,34774403.8200,2,0.588400,1,-0.111200,11.825855,1.457943,1.119555,5.702806,0
2024-02-26,sz.002543,8.4186967600,8.5295906800,8.3262851600,8.4002144400,8.2985616800,6998537,63781229.4200,2,1.057800,1,1.224900,11.970715,1.475802,1.133269,5.772663,0
2024-02-27,sz.002543,8.4556614000,8.5018672000,8.3447674800,8.4926260400,8.4002144400,5087466,46477232.4800,2,0.769000,1,1.100100,12.102406,1.492038,1.145736,5.836168,0
2024-02-28,sz.002543,8.4833848800,8.6220022800,8.1044973200,8.1137384800,8.4926260400,9039745,81812524.3600,2,1.366300,1,-4.461400,11.562473,1.425472,1.094621,5.575795,0
2024-02-29,sz.002543,7.9843622400,8.3909732800,7.9843622400,8.3817321200,8.1137384800,5512358,49432387.0800,2,0.833200,1,3.303000,11.944377,1.472555,1.130776,5.759961,0
2024-03-01,sz.002543,8.4371790800,8.4926260400,8.3447674800,8.4186967600,8.3817321200,4586177,41806082.8500,2,0.693200,1,0.441000,11.997053,1.479049,1.135762,5.785364,0
2024-03-04,sz.002543,8.5295906800,8.8530312800,8.5295906800,8.8160666400,8.4186967600,12150313,114847079.9800,2,1.836500,1,4.720100,12.563325,1.548862,1.189371,6.058438,0
2024-03-05,sz.002543,8.7883431600,8.7883431600,8.5573141600,8.6959315600,8.8160666400,7971069,74805401.9400,2,1.204800,1,-1.362700,12.392126,1.527756,1.173164,5.975881,0
2024-03-06,sz.002543,8.6127611200,8.8992370800,8.6127611200,8.7606196800,8.6959315600,7970618,75829889.0100,2,1.204700,1,0.743900,12.484310,1.539121,1.181891,6.020335,0
2024-03-07,sz.002543,8.9084782400,9.1117837600,8.7051727200,8.7236550400,8.7606196800,7535518,72264331.4600,2,1.139000,1,-0.421900,12.431634,1.532626,1.176904,5.994932,0
2024-03-08,sz.002543,8.6866904000,8.8899959200,8.6497257600,8.8345489600,8.7236550400,5871763,55974766.9600,2,0.887500,1,1.271200,12.589663,1.552109,1.191865,6.071139,0
2024-03-11,sz.002543,8.8345489600,8.8530312800,8.6589669200,8.7606196800,8.8345489600,5491242,51843306.1800,2,0.830000,1,-0.836800,12.484310,1.539121,1.181891,6.020335,0
2024-03-12,sz.002543,8.7606196800,8.7975843200,8.5757964800,8.6404846000,8.7606196800,6271521,58627775.3400,2,0.947900,1,-1.371300,12.313112,1.518015,1.165684,5.937777,0
2024-03-13,sz.002543,8.6866904000,8.6959315600,8.5388318400,8.6774492400,8.6404846000,4834723,45155888.1100,2,0.730800,1,0.427800,12.365788,1.524509,1.170671,5.963179,0
2024-03-14,sz.002543,8.7421373600,8.8253078000,8.5942788000,8.7513785200,8.6774492400,5570532,52684520.7500,2,0.842000,1,0.852000,12.471141,1.537497,1.180644,6.013984,0
2024-03-15,sz.002543,8.7698608400,8.9639252000,8.6866904000,8.9639252000,8.7513785200,8802220,84609611.2700,2,1.330400,1,2.428700,12.774030,1.574839,1.209319,6.160047,0
2024-03-18,sz.002543,9.0008898400,9.0101310000,8.8437901200,8.9177194000,8.9639252000,6326950,60909583.3800,2,0.956300,1,-0.515500,12.708185,1.566721,1.203085,6.128294,0
2024-03-19,sz.002543,8.8992370800,8.9731663600,8.8253078000,8.8437901200,8.9177194000,4953410,47642757.9100,2,0.748700,1,-0.829000,12.602832,1.553733,1.193112,6.077490,0
2024-03-20,sz.002543,8.8160666400,8.8530312800,8.6866904000,8.7698608400,8.8437901200,4450578,42149220.8800,2,0.672700,1,-0.835900,12.497479,1.540744,1.183138,6.026685,0
2024-03-21,sz.002543,8.8068254800,8.8068254800,8.6959315600,8.7698608400,8.7698608400,4416428,41816585.5200,2,0.667500,1,0.000000,12.497479,1.540744,1.183138,6.026685,0
2024-03-22,sz.002543,8.7421373600,8.7421373600,8.5757964800,8.6220022800,8.7698608400,5071938,47445580.1200,2,0.766600,1,-1.686000,12.286773,1.514767,1.163190,5.925076,0
2024-03-25,sz.002543,8.5942788000,8.8715136000,8.5942788000,8.6774492400,8.6220022800,5132006,48768202.2800,2,0.775700,1,0.643100,12.365788,1.524509,1.170671,5.963179,0
2024-03-26,sz.002543,8.6682080800,8.7975843200,8.6220022800,8.7791020000,8.6774492400,4109768,38714264.8400,2,0.621200,1,1.171500,12.510648,1.542368,1.184385,6.033036,0
2024-03-27,sz.002543,8.7698608400,8.8807547600,8.6682080800,8.6682080800,8.7791020000,3972472,37681918.9000,2,0.600400,1,-1.263200,12.352619,1.522885,1.169424,5.956829,0
2024-03-28,sz.002543,8.7236550400,8.8992370800,8.6774492400,8.8715136000,8.6682080800,5012210,47888802.9500,2,0.757600,1,2.345400,12.642339,1.558603,1.196852,6.096541,0
2024-03-29,sz.002543,8.9084782400,8.9454428800,8.7975843200,8.9454428800,8.8715136000,4425357,42581768.8100,2,0.668900,1,0.833300,12.747692,1.571592,1.206826,6.147346,0
2024-04-01,sz.002543,8.9454428800,9.0840602800,8.9084782400,8.9916486800,8.9454428800,4918125,47808271.5200,2,0.743400,1,0.516500,12.813538,1.579709,1.213059,6.179099,0
2024-04-02,sz.002543,8.9824075200,9.0748191200,8.9454428800,9.0748191200,8.9916486800,4899330,47831310.5000,2,0.740500,1,0.925000,12.932059,1.594321,1.224280,6.236254,0
2024-04-03,sz.002543,9.0101310000,9.7771472800,8.9824075200,9.5091536400,9.0748191200,12825940,130280807.2100,2,1.938600,1,4.786200,13.551007,1.670628,1.282876,6.534730,0
2024-04-08,sz.002543,9.3243304400,9.5646006000,9.2226776800,9.4259832000,9.5091536400,10560489,107390210.6500,2,1.596200,1,-0.874600,13.432485,1.656016,1.271655,6.477575,0
2024-04-09,sz.002543,9.3335716000,9.3520539200,9.1949542000,9.2504011600,9.4259832000,5474912,54866441.1400,2,0.827500,1,-1.862700,13.182272,1.625168,1.247967,6.356914,0
2024-04-10,sz.002543,9.2411600000,9.3612950800,9.0840602800,9.1487484000,9.2504011600,4883436,48624055.6200,2,0.738100,1,-1.098900,13.037412,1.607309,1.234253,6.287058,0
2024-04-11,sz.002543,9.1117837600,9.3612950800,9.0748191200,9.2873658000,9.1487484000,4357922,43720850.7900,2,0.658700,1,1.515200,13.234949,1.631663,1.252954,6.382317,0
2024-04-12,sz.002543,9.3612950800,9.7217003200,9.3428127600,9.6292887200,9.2873658000,10946456,113916546.8400,2,1.654500,1,3.681600,13.722206,1.691734,1.299083,6.617288,0
2024-04-15,sz.002543,9.7032180000,9.8788000400,9.4167420400,9.6200475600,9.6292887200,10210303,106583241.3800,2,1.543200,1,-0.096000,13.709037,1.690110,1.297836,6.610937,0
2024-04-16,sz.002543,9.5276359600,9.9804528000,9.2688834800,9.7217003200,9.6200475600,12733589,132439991.3900,2,1.924600,1,1.056700,13.853897,1.707969,1.311550,6.680793,0
2024-04-17,sz.002543,9.5646006000,10.6920221200,9.4537066800,10.5534047200,9.7217003200,22804911,252095470.2800,2,3.446900,1,8.555100,15.039116,1.854088,1.423755,7.252344,0
2024-04-18,sz.002543,10.2576876000,10.5903693600,10.1837583200,10.2576876000,10.5534047200,16277396,182222118.7900,2,2.460300,1,-2.802100,14.617705,1.802135,1.383860,7.049126,0
2024-04-19,sz.002543,10.1652760000,10.4979577600,10.1005878800,10.2946522400,10.2576876000,10650833,118485958.6300,2,1.609800,1,0.360400,14.670381,1.808629,1.388847,7.074528,0
2024-04-22,sz.002543,10.2576876000,10.3223757200,9.8788000400,9.9065235200,10.2946522400,11821115,128501745.8600,2,1.786700,1,-3.770200,14.117279,1.740440,1.336484,6.807804,0
2024-04-23,sz.002543,9.9434881600,10.0174174400,9.6570122000,9.7494238000,9.9065235200,8281111,87964876.1100,2,1.251700,1,-1.585800,13.893404,1.712840,1.315290,6.699845,0
2024-04-24,sz.002543,9.6754945200,9.8880412000,9.6015652400,9.8418354000,9.7494238000,6592506,69631621.8800,2,0.996400,1,0.947900,14.025095,1.729075,1.327757,6.763350,0
2024-04-25,sz.002543,9.8325942400,9.8325942400,9.5646006000,9.6292887200,9.8418354000,5835424,60967808.9800,2,0.882000,1,-2.159600,13.722206,1.691734,1.299083,6.617288,0
2024-04-26,sz.002543,9.5368771200,9.8880412000,9.4906713200,9.7586649600,9.6292887200,10563859,111006810.6500,2,1.596700,1,1.343600,13.906573,1.714463,1.316537,6.706195,0
2024-04-29,sz.002543,10.0728644000,10.4055461600,9.9896939600,10.1467936800,9.7586649600,14299998,157493237.5800,2,2.161400,1,3.977300,13.363167,1.738615,1.259813,9.607898,0
2024-04-30,sz.002543,10.1929994800,10.3870638400,10.0174174400,10.2207229600,10.1467936800,10752534,119124708.8200,2,1.625200,1,0.728600,13.460531,1.751283,1.268992,9.677901,0
2024-05-06,sz.002543,10.3316168800,10.9600157600,10.3038934000,10.7751925600,10.2207229600,15041712,173240930.6700,2,2.273500,1,5.425000,14.190758,1.846289,1.337834,10.202923,0
2024-05-07,sz.002543,10.7197456000,10.8583630000,10.5256812400,10.7659514000,10.7751925600,9050671,104527469.8900,2,1.368000,1,-0.085800,14.178588,1.844705,1.336687,10.194173,0
2024-05-08,sz.002543,10.7105044400,10.8860864800,10.5349224000,10.6920221200,10.7659514000,6987869,81291269.2000,2,1.056200,1,-0.686700,14.081224,1.832038,1.327508,10.124170,0
2024-05-09,sz.002543,10.6458163200,11.0616685200,10.6458163200,10.9138099600,10.6920221200,6287324,73897512.6700,2,0.950300,1,2.074300,14.373315,1.870040,1.355044,10.334179,0
2024-05-10,sz.002543,10.9784980800,10.9969804000,10.7197456000,10.9045688000,10.9138099600,5876729,69133408.0800,2,0.888200,1,-0.084700,14.361145,1.868457,1.353897,10.325428,0
2024-05-13,sz.002543,10.7936748800,11.0801508400,10.6180928400,10.9507746000,10.9045688000,8592873,100932878.4100,2,1.298800,1,0.423700,14.421997,1.876374,1.359634,10.369180,0
2024-05-14,sz.002543,10.9045688000,11.1355978000,10.8213983600,11.0524273600,10.9507746000,6619991,78534472.9900,2,1.000600,1,0.928300,14.555872,1.893792,1.372255,10.465434,0
2024-05-15,sz.002543,11.0616685200,11.3204210000,10.8398806800,11.2187682400,11.0524273600,7370122,88778876.7500,2,1.114000,1,1.505000,14.774940,1.922294,1.392908,10.622941,0
2024-05-16,sz.002543,11.2557328800,11.2557328800,10.8306395200,10.8491218400,11.2187682400,8087575,95704186.9400,2,1.222400,1,-3.294900,14.288122,1.858956,1.347013,10.272926,0
2024-05-17,sz.002543,10.8121572000,11.0154627200,10.6088516800,10.7474690800,10.8491218400,8663708,100735662.0100,2,1.309500,1,-0.937000,14.154247,1.841539,1.334392,10.176672,0
2024-05-20,sz.002543,10.7751925600,10.9230511200,10.5903693600,10.8953276400,10.7474690800,5702310,66564909.1000,2,0.861900,1,1.375800,14.348974,1.866874,1.352750,10.316678,0
2024-05-21,sz.002543,10.7844337200,10.9969804000,10.7844337200,10.8860864800,10.8953276400,4428983,52277348.0400,2,0.669400,1,-0.084800,14.336804,1.865290,1.351602,10.307928,0
2024-05-22,sz.002543,10.8121572000,10.8860864800,10.5811282000,10.5996105200,10.8860864800,3999657,46269294.1800,2,0.604500,1,-2.631600,13.959519,1.816204,1.316034,10.036666,0
2024-05-23,sz.002543,10.4979577600,10.6365751600,10.4425108000,10.5071989200,10.5996105200,3806341,43378880.3400,2,0.575300,1,-0.871800,13.837815,1.800369,1.304560,9.949163,0
2024-05-24,sz.002543,10.4425108000,10.5811282000,10.3778226800,10.5071989200,10.5071989200,2668800,30286086.8200,2,0.403400,1,0.000000,13.837815,1.800369,1.304560,9.949163,0
2024-05-27,sz.002543,10.4517519600,10.8953276400,10.4517519600,10.8491218400,10.5071989200,5890144,68127647.1500,2,0.890300,1,3.254200,14.288122,1.858956,1.347013,10.272926,0
2024-05-28,sz.002543,10.7936748800,10.9045688000,10.5811282000,10.6088516800,10.8491218400,6183376,71777714.2600,2,0.934600,1,-2.214700,13.971690,1.817787,1.317181,10.045417,0
2024-05-29,sz.002543,10.5903693600,10.7012632800,10.4517519600,10.5071989200,10.6088516800,3899100,44611726.0000,2,0.589300,1,-0.958200,13.837815,1.800369,1.304560,9.949163,0
2024-05-30,sz.002543,10.4425108000,10.7474690800,10.3963050000,10.5718870400,10.5071989200,3859620,44278640.0500,2,0.583400,1,0.615700,13.923008,1.811453,1.312592,10.010415,0
2024-05-31,sz.002543,10.5718870400,10.6550574800,10.4517519600,10.4702342800,10.5718870400,3260763,37164732.1600,2,0.492900,1,-0.961500,13.789133,1.794035,1.299971,9.914161,0
2024-06-03,sz.002543,10.4517519600,10.5718870400,10.2299641200,10.3316168800,10.4702342800,4504894,50720914.4400,2,0.680900,1,-1.323900,13.606576,1.770284,1.282760,9.782906,0
2024-06-04,sz.002543,10.3408580400,10.4794754400,10.1745171600,10.4702342800,10.3316168800,4000000,44786889.0000,2,0.604600,1,1.341700,13.789133,1.794035,1.299971,9.914161,0
2024-06-05,sz.002543,10.4055461600,10.4979577600,10.0358997600,10.0636232400,10.4702342800,4650200,51194758.0000,2,0.702900,1,-3.883500,13.253633,1.724364,1.249486,9.529145,0
2024-06-06,sz.002543,10.1467936800,10.1745171600,9.8972823600,9.9619704800,10.0636232400,3793439,41143524.3900,2,0.573400,1,-1.010100,13.119758,1.706946,1.236865,9.432891,0
2024-06-07,sz.002543,9.9712116400,10.1190702000,9.9527293200,10.1098290400,9.9619704800,3035800,32984947.0000,2,0.458900,1,1.484200,13.314485,1.732281,1.255223,9.572897,0
2024-06-11,sz.002543,10.0081762800,10.1375525200,9.8880412000,9.9896939600,10.1098290400,4262501,46148372.8500,2,0.644300,1,-1.188300,13.156269,1.711697,1.240307,9.459142,0
2024-06-12,sz.002543,10.0081762800,10.1005878800,9.9712116400,10.0728644000,9.9896939600,2631633,28594019.1600,2,0.397800,1,0.832600,13.265803,1.725948,1.250634,9.537896,0
2024-06-13,sz.002543,10.0728644000,10.2114818000,9.8695588800,9.9342470000,10.0728644000,3034598,32915352.4600,2,0.458700,1,-1.376100,13.083246,1.702196,1.233423,9.406640,0
2024-06-14,sz.002543,9.9342470000,10.0728644000,9.8418354000,10.0174174400,9.9342470000,3165479,34209913.4000,2,0.478500,1,0.837200,13.192780,1.716447,1.243750,9.485393,0
2024-06-17,sz.002543,9.9342470000,10.1560348400,9.8603177200,9.9804528000,10.0174174400,3948600,42821457.0000,2,0.596800,1,-0.369000,13.144099,1.710113,1.239160,9.450392,0
2024-06-18,sz.002543,9.9420672400,9.9804536000,9.6541695400,9.8173115700,9.9804536000,4749000,48315505.0000,2,0.717800,1,-1.634600,12.450382,1.619857,1.173760,8.951621,0
2024-06-19,sz.002543,9.8173115700,9.9132774700,9.7597320300,9.8173115700,9.8173115700,3811400,39087836.0000,2,0.576100,1,0.000000,12.450382,1.619857,1.173760,8.951621,0
2024-06-20,sz.002543,9.7021524900,9.8652945200,9.4526411500,9.6349763600,9.8173115700,4380800,44020430.0000,2,0.662100,1,-1.857300,12.219143,1.589772,1.151960,8.785364,0
2024-06-21,sz.002543,9.5965900000,9.8652945200,9.5965900000,9.7117490800,9.6349763600,2653856,26905808.1000,2,0.401100,1,0.796800,12.316507,1.602439,1.161139,8.855367,0
2024-06-24,sz.002543,9.6061865900,9.8461013400,9.4334479700,9.5294138700,9.7117490800,2406009,23997841.4700,2,0.363700,1,-1.877500,12.085268,1.572354,1.139339,8.689110,0
2024-06-25,sz.002543,9.5486070500,9.7885218000,9.4622377400,9.7021524900,9.5294138700,2667989,26923817.0400,2,0.403300,1,1.812700,12.304337,1.600856,1.159992,8.846617,0
2024-06-26,sz.002543,9.7021524900,9.8365047500,9.5678002300,9.7789252100,9.7021524900,3397187,34249453.9200,2,0.513500,1,0.791300,12.401700,1.613523,1.169170,8.916620,0
2024-06-27,sz.002543,9.7789252100,9.7789252100,9.4910275100,9.5582036400,9.7789252100,2368118,23673846.7300,2,0.357900,1,-2.257100,12.121780,1.577104,1.142781,8.715361,0
2024-06-28,sz.002543,9.3758684300,9.6829593100,9.3758684300,9.5582036400,9.5582036400,3070820,30547341.8000,2,0.464100,1,0.000000,12.121780,1.577104,1.142781,8.715361,0
2024-07-01,sz.002543,9.4622377400,9.8269081600,9.4526411500,9.7981183900,9.5582036400,2901400,29316072.0000,2,0.438500,1,2.510000,12.426041,1.616690,1.171465,8.934121,0
2024-07-02,sz.002543,9.8461013400,9.8461013400,9.4814309200,9.5294138700,9.7981183900,3019053,30171195.6400,2,0.456300,1,-2.742400,12.085268,1.572354,1.139339,8.689110,0
2024-07-03,sz.002543,9.5678002300,9.5678002300,9.1455502700,9.1551468600,9.5294138700,6528236,63099835.5200,2,0.986700,1,-3.927500,11.610620,1.510600,1.094591,8.347846,0
2024-07-04,sz.002543,9.2511127600,9.3758684300,9.0111980100,9.0975673200,9.1551468600,4833521,46356674.2400,2,0.730600,1,-0.628900,11.537598,1.501099,1.087707,8.295344,0
2024-07-05,sz.002543,9.0303911900,9.2031298100,9.0303911900,9.1263570900,9.0975673200,2774714,26344241.5200,2,0.419400,1,0.316500,11.574109,1.505850,1.091149,8.321595,0
2024-07-08,sz.002543,9.0783741400,9.1743400400,8.9632150600,8.9920048300,9.1263570900,2474300,23309200.0000,2,0.374000,1,-1.472100,11.403723,1.483682,1.075086,8.199090,0
2024-07-09,sz.002543,9.0591809600,9.2127264000,8.8960389300,9.1839366300,8.9920048300,2630450,24828260.9700,2,0.397600,1,2.134500,11.647132,1.515350,1.098034,8.374097,0
2024-07-10,sz.002543,9.1647434500,9.2319195800,8.9920048300,9.0303911900,9.1839366300,2236400,21220131.0000,2,0.338000,1,-1.671900,11.452404,1.490015,1.079676,8.234092,0
2024-07-11,sz.002543,9.1359536800,9.2607093500,9.0303911900,9.2415161700,9.0303911900,3473497,33184517.4300,2,0.525000,1,2.337900,11.720155,1.524851,1.104918,8.426600,0
2024-07-12,sz.002543,9.1743400400,9.2990957100,9.0879707300,9.1167605000,9.2415161700,2485685,23761791.0500,2,0.375700,1,-1.349900,11.561939,1.504266,1.090002,8.312845,0
2024-07-15,sz.002543,9.1071639100,9.1839366300,9.0207946000,9.0879707300,9.1167605000,2342417,22194830.1600,2,0.354000,1,-0.315800,11.525427,1.499516,1.086560,8.286594,0
2024-07-16,sz.002543,9.0879707300,9.1551468600,8.8096696200,8.8864423400,9.0879707300,3641300,33842542.0000,2,0.550400,1,-2.217500,11.269847,1.466264,1.062465,8.102836,0
2024-07-17,sz.002543,8.8576525700,8.9152321100,8.6849139500,8.7424934900,8.8864423400,3537500,32303351.0000,2,0.534700,1,-1.619900,11.087291,1.442512,1.045254,7.971581,0
2024-07-18,sz.002543,8.6945105400,8.8096696200,8.5985446400,8.7808798500,8.7424934900,2294777,20811593.6100,2,0.346800,1,0.439100,11.135972,1.448846,1.049844,8.006582,0
2024-07-19,sz.002543,8.7808798500,8.8000730300,8.6657207700,8.6945105400,8.7808798500,2146159,19525544.9000,2,0.324400,1,-0.983600,11.026438,1.434595,1.039518,7.927829,0
2024-07-22,sz.002543,8.6561241800,8.7712832600,8.6177378200,8.6465275900,8.6945105400,2894500,26205664.0000,2,0.437500,1,-0.551900,10.965586,1.426678,1.033781,7.884077,0
2024-07-23,sz.002543,8.7233003100,8.7233003100,8.4833855600,8.4833855600,8.6465275900,2795676,24965642.6800,2,0.422600,1,-1.886800,10.758688,1.399759,1.014275,7.735321,0
2024-07-24,sz.002543,8.4737889700,8.5505616900,8.2914537600,8.3106469400,8.4833855600,3528400,30839097.0000,2,0.533300,1,-2.036200,10.539620,1.371257,0.993623,7.577814,0
2024-07-25,sz.002543,8.3298401200,8.4162094300,8.2722605800,8.3106469400,8.3106469400,2221607,19274190.2500,2,0.335800,1,0.000000,10.539620,1.371257,0.993623,7.577814,0
2024-07-26,sz.002543,8.6561241800,8.8960389300,8.5025787400,8.8672491600,8.3106469400,9617979,87717946.4800,2,1.453700,1,6.697500,11.245507,1.463097,1.060170,8.085335,0
2024-07-29,sz.002543,8.8288628000,8.8576525700,8.6561241800,8.7520900800,8.8672491600,5984600,54576879.0000,2,0.904600,1,-1.298700,11.099461,1.444096,1.046402,7.980331,0
2024-07-30,sz.002543,8.7424934900,8.7424934900,8.4833855600,8.5985446400,8.7520900800,4560301,40831339.4500,2,0.689300,1,-1.754400,10.904734,1.418761,1.028044,7.840325,0
2024-07-31,sz.002543,8.5985446400,9.1359536800,8.5313685100,9.0879707300,8.5985446400,4768708,44454559.2400,2,0.720800,1,5.692000,11.525427,1.499516,1.086560,8.286594,0
2024-08-01,sz.002543,9.1743400400,9.2607093500,9.0111980100,9.1455502700,9.0879707300,4551200,43332035.0000,2,0.687900,1,0.633600,11.598450,1.509017,1.093444,8.339096,0
2024-08-02,sz.002543,9.0303911900,9.1647434500,8.9920048300,9.0111980100,9.1455502700,2840300,26846329.0000,2,0.429300,1,-1.469000,11.428063,1.486848,1.077381,8.216591,0
2024-08-05,sz.002543,8.9248287000,9.1839366300,8.8480559800,8.8672491600,9.0111980100,3342800,31400311.0000,2,0.505300,1,-1.597400,11.245507,1.463097,1.060170,8.085335,0
2024-08-06,sz.002543,8.8960389300,9.0016014200,8.7808798500,8.8960389300,8.8672491600,2311164,21345800.7200,2,0.349300,1,0.324700,11.282018,1.467847,1.063612,8.111586,0
2024-08-07,sz.002543,8.8672491600,8.9920048300,8.8192662100,8.9728116500,8.8960389300,2739272,25481727.8400,2,0.414000,1,0.863000,11.379382,1.480515,1.072791,8.181589,0
2024-08-08,sz.002543,8.9632150600,8.9920048300,8.7328969000,8.9152321100,8.9728116500,1860368,17253606.9600,2,0.281200,1,-0.641700,11.306359,1.471014,1.065907,8.129087,0
2024-08-09,sz.002543,8.9728116500,9.0207946000,8.8960389300,8.9152321100,8.9152321100,1813198,16936136.3000,2,0.274100,1,0.000000,11.306359,1.471014,1.065907,8.129087,0
2024-08-12,sz.002543,8.9152321100,8.9920048300,8.7904764400,8.9152321100,8.9152321100,2073600,19287278.0000,2,0.313400,1,0.000000,11.306359,1.471014,1.065907,8.129087,0
2024-08-13,sz.002543,9.1359536800,9.1359536800,8.7424934900,8.8576525700,8.9152321100,2332200,21442328.0000,2,0.352500,1,-0.645900,11.233336,1.461513,1.059023,8.076585,0
2024-08-14,sz.002543,8.8288628000,8.8576525700,8.7041071300,8.7233003100,8.8576525700,1783098,16251467.6400,2,0.269500,1,-1.516800,11.062950,1.439345,1.042960,7.954080,0
2024-08-15,sz.002543,8.6657207700,8.9056355200,8.6177378200,8.8192662100,8.7233003100,3677598,33725631.6400,2,0.555900,1,1.100100,11.184654,1.455180,1.054433,8.041584,0
2024-08-16,sz.002543,8.8192662100,8.9056355200,8.6849139500,8.7137037200,8.8192662100,2147700,19575615.0000,2,0.324600,1,-1.197000,11.050779,1.437762,1.041812,7.945330,0
2024-08-19,sz.002543,8.7424934900,8.8768457500,8.6657207700,8.8096696200,8.7137037200,2058300,18881000.0000,2,0.311100,1,1.101300,11.172484,1.453596,1.053286,8.032833,0
2024-08-20,sz.002543,8.8192662100,8.8192662100,8.6369310000,8.6849139500,8.8096696200,1660404,15051168.3700,2,0.251000,1,-1.416100,11.014268,1.433011,1.038370,7.919078,0
2024-08-21,sz.002543,8.6561241800,8.7137037200,8.5409651000,8.6177378200,8.6849139500,1830400,16429460.0000,2,0.276700,1,-0.773500,10.929075,1.421927,1.030339,7.857826,0
2024-08-22,sz.002543,8.6465275900,8.6753173600,8.5505616900,8.5889480500,8.6177378200,1656632,14865145.9000,2,0.250400,1,-0.334100,10.892563,1.417177,1.026897,7.831575,0
2024-08-23,sz.002543,8.5793514600,8.7328969000,8.4066128400,8.6657207700,8.5889480500,2626557,23654590.0500,2,0.397000,1,0.893900,10.989927,1.429845,1.036076,7.901578,0
2024-08-26,sz.002543,8.5505616900,8.6561241800,8.0611356000,8.5697548700,8.6657207700,8374825,72998332.0300,2,1.265800,1,-1.107400,13.027769,1.446783,0.970031,17.280641,0
2024-08-27,sz.002543,8.5793514600,8.5793514600,8.3010503500,8.3298401200,8.5697548700,4894501,42973960.8200,2,0.739800,1,-2.799600,12.663050,1.406279,0.942874,16.796860,0
2024-08-28,sz.002543,8.2626639900,8.3490333000,8.1666980900,8.1858912700,8.3298401200,3241558,27871155.7400,2,0.489900,1,-1.728100,12.444218,1.381977,0.926581,16.506592,0
2024-08-29,sz.002543,8.2338742200,8.3682264800,8.1666980900,8.3394367100,8.1858912700,3811083,32941907.2700,2,0.576000,1,1.875700,12.677639,1.407899,0.943961,16.816212,0
2024-08-30,sz.002543,8.3298401200,8.5985446400,8.1858912700,8.4354026100,8.3394367100,4802190,42253846.6300,2,0.725800,1,1.150700,12.823526,1.424101,0.954823,17.009724,0
2024-09-02,sz.002543,8.4258060200,8.5217719200,8.1954878600,8.2050844500,8.4354026100,5257576,45458994.0400,2,0.794700,1,-2.730400,12.473396,1.385218,0.928753,16.545294,0
2024-09-03,sz.002543,8.1571015000,8.4449992000,8.1475049100,8.3778230700,8.2050844500,4605800,40055949.4000,2,0.696100,1,2.105300,12.735994,1.414380,0.948306,16.893616,0
2024-09-04,sz.002543,8.3298401200,8.5505616900,8.2146810400,8.3874196600,8.3778230700,3810798,33332893.6400,2,0.576000,1,0.114500,12.750582,1.416000,0.949392,16.912968,0
2024-09-05,sz.002543,8.3874196600,8.4641923800,8.2818571700,8.4066128400,8.3874196600,1751425,15314487.4400,2,0.264700,1,0.228800,12.779760,1.419240,0.951565,16.951670,0
2024-09-06,sz.002543,8.4066128400,8.4641923800,8.3010503500,8.3202435300,8.4066128400,1747430,15248336.9300,2,0.264100,1,-1.027400,12.648461,1.404659,0.941788,16.777509,0
2024-09-09,sz.002543,8.2626639900,8.3106469400,8.1571015000,8.2338742200,8.3202435300,2526043,21608059.2200,2,0.381800,1,-1.038100,12.517162,1.390078,0.932012,16.603348,0
2024-09-10,sz.002543,8.1666980900,8.2914537600,8.0131526500,8.1762946800,8.2338742200,2501200,21201515.0000,2,0.378000,1,-0.699300,12.429630,1.380357,0.925494,16.487241,0
2024-09-11,sz.002543,8.2050844500,8.3586298900,8.0707321900,8.2242776300,8.1762946800,2754663,23646543.3200,2,0.416400,1,0.586900,12.502573,1.388458,0.930926,16.583997,0
2024-09-12,sz.002543,8.1954878600,8.3202435300,8.1666980900,8.1954878600,8.2242776300,1968726,16869123.5300,2,0.297600,1,-0.350100,12.458807,1.383597,0.927667,16.525943,0
2024-09-13,sz.002543,8.1954878600,8.2050844500,8.0131526500,8.0323458300,8.1954878600,2280415,19220382.6500,2,0.344700,1,-1.990600,12.210798,1.356055,0.909200,16.196973,0
2024-09-18,sz.002543,8.3394367100,8.3970162500,7.8020276700,8.1954878600,8.0323458300,4786525,40577865.7200,2,0.723500,1,2.031100,12.458807,1.383597,0.927667,16.525943,0
2024-09-19,sz.002543,8.1091185500,8.5409651000,8.0611356000,8.4737889700,8.1954878600,6028283,52927715.6900,2,0.911200,1,3.395800,12.881881,1.430581,0.959168,17.087129,0
2024-09-20,sz.002543,8.4449992000,8.4641923800,8.2530674000,8.3298401200,8.4737889700,4087761,35536043.4300,2,0.617800,1,-1.698800,12.663050,1.406279,0.942874,16.796860,0
2024-09-23,sz.002543,8.2914537600,8.4833855600,8.2626639900,8.3682264800,8.3298401200,3494443,30405075.1000,2,0.528200,1,0.460800,12.721405,1.412760,0.947220,16.874265,0
2024-09-24,sz.002543,8.4449992000,8.7137037200,8.4066128400,8.7137037200,8.3682264800,4650649,41534901.0400,2,0.702900,1,4.128400,13.246600,1.471085,0.986325,17.570909,0
2024-09-25,sz.002543,8.8672491600,9.1167605000,8.8000730300,8.8384593900,8.7137037200,5203819,48556494.8300,2,0.786500,1,1.431700,13.436254,1.492147,1.000446,17.822475,0
2024-09-26,sz.002543,8.8096696200,9.1743400400,8.7424934900,9.1647434500,8.8384593900,4182871,39108162.0400,2,0.632200,1,3.691600,13.932273,1.547231,1.037379,18.480417,0
2024-09-27,sz.002543,9.3086923000,9.6925559000,9.2319195800,9.3950616100,9.1647434500,7475473,73367073.3000,2,1.129900,1,2.513100,14.282403,1.586115,1.063449,18.944846,0
2024-09-30,sz.002543,9.7117490800,10.1148058600,9.4334479700,10.0668229100,9.3950616100,12460158,127590683.3600,2,1.883300,1,7.150200,15.303617,1.699524,1.139488,20.299431,0
2024-10-08,sz.002543,10.9593057800,11.0744648600,10.1723854000,10.6426183100,10.0668229100,13592984,150812061.9800,2,2.054500,1,5.719700,16.178943,1.796732,1.204663,21.460505,0
2024-10-09,sz.002543,10.4410899200,10.4602831000,9.6253797700,9.6349763600,10.6426183100,9855743,102541210.5100,2,1.489700,1,-9.468000,14.647122,1.626618,1.090606,19.428627,0
2024-10-10,sz.002543,9.7885218000,10.2587547100,9.5773968200,9.9516638300,9.6349763600,7503390,77613906.8400,2,1.134100,1,3.286900,15.128551,1.680083,1.126453,20.067217,0
2024-10-11,sz.002543,10.0103823600,10.0495236400,9.6385402000,9.7363934000,9.9516704400,4833026,48471585.1100,2,0.730500,1,-2.163200,14.515823,1.612037,1.080830,19.254466,0
2024-10-14,sz.002543,9.8342466000,9.9712410800,9.6091842400,9.9223144800,9.7363934000,4010178,40259900.5000,2,0.606100,1,1.909500,14.793010,1.642819,1.101469,19.622139,0
2024-10-15,sz.002543,9.8440319200,9.9320998000,9.6385402000,9.6581108400,9.9223144800,3328060,33311817.9400,2,0.503000,1,-2.662700,14.399113,1.599076,1.072140,19.099656,0
2024-10-16,sz.002543,9.6483255200,9.7266080800,9.4526191200,9.5309016800,9.6581108400,3640593,35696038.3000,2,0.550300,1,-1.317100,14.209459,1.578014,1.058018,18.848090,0
2024-10-17,sz.002543,9.5798282800,9.7363934000,9.4526191200,9.4624044400,9.5309016800,3314397,32532764.9400,2,0.501000,1,-0.718700,14.107338,1.566673,1.050414,18.712631,0
2024-10-18,sz.002543,9.4624044400,9.7363934000,9.4036925200,9.5798282800,9.4624044400,4902425,48078917.9800,2,0.741000,1,1.241000,14.282403,1.586115,1.063449,18.944846,0
2024-10-21,sz.002543,9.6189695600,9.6483255200,9.4526191200,9.4819750800,9.5798282800,5218083,50918566.8200,2,0.788700,1,-1.021500,14.136515,1.569913,1.052587,18.751334,0
2024-10-22,sz.002543,9.4917604000,9.8244612800,9.4917604000,9.7853200000,9.4819750800,7254925,72142595.9300,2,1.096600,1,3.199200,14.588767,1.620137,1.086261,19.351222,0
2024-10-23,sz.002543,9.8048906400,9.8538172400,9.6287548800,9.6678961600,9.7853200000,4628577,45951800.6500,2,0.699600,1,-1.200000,14.413702,1.600696,1.073226,19.119007,0
2024-10-24,sz.002543,9.6678961600,9.7363934000,9.5602576400,9.6874668000,9.6678961600,3210525,31664471.7500,2,0.485300,1,0.202400,14.442879,1.603936,1.075398,19.157709,0
2024-10-25,sz.002543,9.7266080800,9.8538172400,9.6776814800,9.7266080800,9.6874668000,4532997,45235166.2500,2,0.685100,1,0.404000,14.501234,1.610417,1.079743,19.235114,0
2024-10-28,sz.002543,9.7168227600,9.9418851200,9.7070374400,9.9418851200,9.7266080800,4924394,49536213.1600,2,0.744300,1,2.213300,14.822187,1.646060,1.103641,19.660841,0
2024-10-29,sz.002543,9.9223144800,9.9810264000,9.5504723200,9.6581108400,9.9418851200,4091183,40819632.5100,2,0.618400,1,-2.854300,14.399113,1.599076,1.072140,19.099656,0
2024-10-30,sz.002543,9.6581108400,9.7461787200,9.4232631600,9.5015457200,9.6581108400,5443897,53001078.7300,2,0.822800,1,-1.621100,14.165693,1.573153,1.054759,18.790036,0
2024-10-31,sz.002543,9.3743365600,9.4526191200,8.9731384400,9.1982008000,9.5015457200,9982937,93392382.7800,2,1.508900,1,-3.192600,15.099631,1.486793,1.009342,69.600910,0
2024-11-01,sz.002543,9.1492742000,9.1688448400,8.8948558800,8.9339971600,9.1982008000,8352608,76997753.7300,2,1.262500,1,-2.872300,14.665918,1.444087,0.980350,67.601735,0
2024-11-04,sz.002543,9.0024944000,9.1003476000,8.8752852400,9.0709916400,8.9339971600,6803509,62417253.4600,2,1.028300,1,1.533400,14.890807,1.466231,0.995383,68.638344,0
2024-11-05,sz.002543,8.9829237600,9.1590595200,8.9731384400,9.1101329200,9.0709916400,10401848,96497257.5200,2,1.572200,1,0.431500,14.955060,1.472558,0.999678,68.934518,0
2024-11-06,sz.002543,9.1199182400,9.1590595200,9.0122797200,9.0612063200,9.1101329200,7815827,72430156.6800,2,1.181300,1,-0.537100,14.874743,1.464649,0.994309,68.564300,0
2024-11-07,sz.002543,9.0416356800,9.3449806000,9.0024944000,9.3449806000,9.0612063200,11364879,107164534.5300,2,1.717800,1,3.131700,15.340583,1.510519,1.025448,70.711562,0
2024-11-08,sz.002543,9.4428338000,9.7363934000,9.2666980400,9.5798282800,9.3449806000,13219590,127960887.3800,2,1.998100,1,2.513100,15.726105,1.548479,1.051219,72.488607,0
2024-11-11,sz.002543,9.5406870000,10.2745860000,9.3547659200,10.0984502400,9.5798282800,20340223,204772022.3900,2,3.074300,1,5.413700,16.577468,1.632309,1.108128,76.412914,0
2024-11-12,sz.002543,10.0495236400,10.0495236400,9.7168227600,9.8146759600,10.0984502400,14905308,151064468.3300,2,2.252900,1,-2.810100,16.111628,1.586440,1.076989,74.265651,0
2024-11-13,sz.002543,9.8146759600,10.5681456000,9.7755346800,10.2256594000,9.8146759600,14845971,154793391.4900,2,2.243900,1,4.187400,16.786292,1.652871,1.122087,77.375479,0
2024-11-14,sz.002543,10.2354447200,10.3137272800,9.9614557600,10.0593089600,10.2256594000,10247456,105732847.0100,2,1.548900,1,-1.626800,16.513214,1.625982,1.103833,76.116739,0
2024-11-15,sz.002543,9.9810264000,10.4605070800,9.9320998000,9.9516704400,10.0593089600,11285957,117593004.3900,2,1.705800,1,-1.070000,16.336516,1.608584,1.092022,75.302261,0
2024-11-18,sz.002543,9.9125291600,10.0593089600,9.5504723200,9.6483255200,9.9516704400,11217394,112113524.2400,2,1.695500,1,-3.048200,15.838549,1.559551,1.058735,73.006912,0
2024-11-19,sz.002543,9.6287548800,9.7168227600,9.5113310400,9.6972521200,9.6483255200,7591040,74731862.2100,2,1.147400,1,0.507100,15.918867,1.567460,1.064104,73.377129,0
2024-11-20,sz.002543,9.6483255200,9.8048906400,9.5406870000,9.7853200000,9.6972521200,7059817,69732129.9100,2,1.067100,1,0.908200,16.063438,1.581695,1.073768,74.043521,0
2024-11-21,sz.002543,9.6972521200,9.8538172400,9.6091842400,9.7070374400,9.7853200000,4830774,47966526.5500,2,0.730200,1,-0.800000,15.934930,1.569041,1.065178,73.451173,0
2024-11-22,sz.002543,9.6776814800,9.8636025600,9.4134778400,9.4330484800,9.7070374400,5392180,53170487.0000,2,0.815000,1,-2.822600,15.485154,1.524754,1.035112,71.377954,0
2024-11-25,sz.002543,9.4134778400,9.5798282800,9.3156246400,9.4819750800,9.4330484800,4550185,43969881.6500,2,0.687700,1,0.518700,15.565471,1.532662,1.040481,71.748172,0
2024-11-26,sz.002543,9.4232631600,9.5700429600,9.4134778400,9.4330484800,9.4819750800,3369735,32689983.2000,2,0.509300,1,-0.516000,15.485154,1.524754,1.035112,71.377954,0
2024-11-27,sz.002543,9.4330484800,10.1767328000,9.2960540000,10.0788796000,9.4330484800,18871930,190925479.3400,2,2.852400,1,6.846500,16.545341,1.629146,1.105981,76.264827,0
2024-11-28,sz.002543,10.0005970400,10.1669474800,9.8342466000,9.9027438400,10.0788796000,11359699,115711572.5200,2,1.717000,1,-1.747600,16.256199,1.600675,1.086653,74.932043,0
2024-11-29,sz.002543,9.9027438400,10.2550153600,9.8929585200,10.0886649200,9.9027438400,10745281,110215842.6500,2,1.624100,1,1.877500,16.561404,1.630727,1.107055,76.338870,0
2024-12-02,sz.002543,10.0299530000,10.2452300400,10.0103823600,10.1767328000,10.0886649200,9096221,94204976.0000,2,1.374900,1,0.872900,16.705975,1.644963,1.116719,77.005262,0
2024-12-03,sz.002543,10.2060887600,10.2648006800,10.0103823600,10.1180208800,10.1767328000,7424622,76823233.9000,2,1.122200,1,-0.576900,16.609594,1.635473,1.110276,76.561001,0
2024-12-04,sz.002543,10.0593089600,10.1375915200,9.9223144800,10.0005970400,10.1180208800,5498907,56218557.6600,2,0.831100,1,-1.160500,16.416833,1.616492,1.097391,75.672478,0
2024-12-05,sz.002543,9.9418851200,9.9908117200,9.7755346800,9.9125291600,10.0005970400,5415767,54670462.2200,2,0.818600,1,-0.880600,16.272262,1.602257,1.087727,75.006087,0
2024-12-06,sz.002543,9.9418851200,10.1669474800,9.8733878800,10.1180208800,9.9125291600,7563627,77592758.3900,2,1.143200,1,2.073100,16.609594,1.635473,1.110276,76.561001,0
2024-12-09,sz.002543,10.1571621600,10.4507217600,10.0593089600,10.4507217600,10.1180208800,15151999,159409922.6500,2,2.290200,1,3.288200,17.155751,1.689250,1.146784,79.078480,0
2024-12-10,sz.002543,10.6464281600,10.8029932800,10.3626538800,10.3920098400,10.4507217600,16375776,176315375.9800,2,2.475100,1,-0.561800,17.059371,1.679760,1.140341,78.634219,0
2024-12-11,sz.002543,10.3626538800,10.5975015600,10.3332979200,10.4115804800,10.3920098400,8444208,90442171.2300,2,1.276300,1,0.188300,17.091498,1.682923,1.142489,78.782306,0
2024-12-12,sz.002543,10.4311511200,10.5975015600,10.3528685600,10.5877162400,10.4115804800,7201357,77186749.2900,2,1.088500,1,1.691700,17.380639,1.711394,1.161817,80.115090,0
2024-12-13,sz.002543,10.6170722000,10.6170722000,10.2256594000,10.2745860000,10.5877162400,9770060,103644535.7600,2,1.476700,1,-2.957500,16.866609,1.660780,1.127456,77.745697,0
2024-12-16,sz.002543,10.2745860000,10.3920098400,10.0495236400,10.1767328000,10.2745860000,6726600,70014180.0000,2,1.016700,1,-0.952400,16.705975,1.644963,1.116719,77.005262,0
2024-12-17,sz.002543,10.1767328000,10.2452300400,9.9712410800,10.0299530000,10.1767328000,5136475,52986298.2500,2,0.776400,1,-1.442300,16.465023,1.621237,1.100612,75.894609,0
2024-12-18,sz.002543,10.0788796000,10.2060887600,10.0299530000,10.0690942800,10.0299530000,4228400,43647310.9700,2,0.639100,1,0.390200,16.529277,1.627564,1.104907,76.190783,0
2024-12-19,sz.002543,10.0201676800,10.1278062000,9.8733878800,10.0495236400,10.0690942800,4491100,45913543.7200,2,0.678800,1,-0.194400,16.497150,1.624401,1.102760,76.042696,0
2024-12-20,sz.002543,10.0593089600,10.2158740800,10.0397383200,10.0984502400,10.0495236400,4274877,44274656.2900,2,0.646100,1,0.486900,16.577468,1.632309,1.108128,76.412914,0
2024-12-23,sz.002543,10.1473768400,10.1767328000,9.7853200000,9.7853200000,10.0984502400,4914093,49953862.9200,2,0.742700,1,-3.100800,16.063438,1.581695,1.073768,74.043521,0
2024-12-24,sz.002543,9.8342466000,10.1963034400,9.7951053200,10.0788796000,9.7853200000,5277039,54219298.0900,2,0.797600,1,3.000000,16.545341,1.629146,1.105981,76.264827,0
2024-12-25,sz.002543,10.0103823600,10.1767328000,9.8538172400,9.9908117200,10.0788796000,3774187,38426201.7900,2,0.570500,1,-0.873800,16.400770,1.614910,1.096317,75.598435,0
2024-12-26,sz.002543,9.9908117200,10.0690942800,9.9712410800,10.0201676800,9.9908117200,2807809,28752114.4500,2,0.424400,1,0.293800,16.448960,1.619656,1.099538,75.820565,0
2024-12-27,sz.002543,10.0201676800,10.1669474800,9.9712410800,10.1473768400,10.0201676800,3967739,40964236.1300,2,0.599700,1,1.269500,16.657785,1.640218,1.113497,76.783131,0
2024-12-30,sz.002543,10.1375915200,10.2648006800,10.0593089600,10.1767328000,10.1473768400,4041430,42047155.1200,2,0.610800,1,0.289300,16.705975,1.644963,1.116719,77.005262,0
2024-12-31,sz.002543,10.1963034400,10.2941566400,10.0201676800,10.0201676800,10.1767328000,5279110,54722895.0400,2,0.797900,1,-1.538500,16.448960,1.619656,1.099538,75.820565,0
2025-01-02,sz.002543,10.0201676800,10.4507217600,10.0103823600,10.0984502400,10.0201676800,9846297,102927270.9800,2,1.488200,1,0.781300,16.577468,1.632309,1.108128,76.412914,0
2025-01-03,sz.002543,10.0788796000,10.3528685600,9.6385402000,9.6678961600,10.0984502400,8902895,90559040.7100,2,1.345600,1,-4.263600,15.870676,1.562715,1.060883,73.154999,0
2025-01-06,sz.002543,9.5504723200,9.8831732000,9.3939072000,9.6776814800,9.6678961600,6307519,62416458.4700,2,0.953400,1,0.101200,15.886740,1.564296,1.061956,73.229042,0
2025-01-07,sz.002543,9.7657493600,10.0495236400,9.6581108400,9.8831732000,9.6776814800,4706569,47531771.8300,2,0.711400,1,2.123400,16.224072,1.597512,1.084506,74.783956,0
2025-01-08,sz.002543,9.7951053200,10.1571621600,9.5993989200,10.1082355600,9.8831732000,6275503,63552835.9100,2,0.948500,1,2.277200,16.593531,1.633891,1.109202,76.486957,0
2025-01-09,sz.002543,10.0299530000,10.0886649200,9.8831732000,9.9223144800,10.1082355600,3710835,37711785.6000,2,0.560900,1,-1.839300,16.288326,1.603839,1.088801,75.080130,0
2025-01-10,sz.002543,9.8831732000,9.9810264000,9.6287548800,9.6483255200,9.9223144800,4479234,44801337.0300,2,0.677000,1,-2.761300,15.838549,1.559551,1.058735,73.006912,0
2025-01-13,sz.002543,9.6874668000,9.7168227600,9.3351952800,9.3645512400,9.6483255200,5349500,51605915.0000,2,0.808600,1,-2.941200,15.372710,1.513682,1.027596,70.859649,0
2025-01-14,sz.002543,9.3841218800,9.6874668000,9.3058393200,9.6874668000,9.3645512400,3907467,38116227.5600,2,0.590600,1,3.448300,15.902803,1.565878,1.063030,73.303086,0
2025-01-15,sz.002543,9.7657493600,9.7951053200,9.5993989200,9.6483255200,9.6874668000,2604532,25817558.6500,2,0.393700,1,-0.404000,15.838549,1.559551,1.058735,73.006912,0
2025-01-16,sz.002543,9.7266080800,10.6170722000,9.6678961600,10.6170722000,9.6483255200,10394633,111215374.7500,2,1.571100,1,10.040600,17.428830,1.716139,1.165038,80.337220,0
2025-01-17,sz.002543,11.2531180000,11.6836720800,11.1944060800,11.6836720800,10.6170722000,27685759,328038114.9200,2,4.184600,1,10.046100,19.179744,1.888544,1.282079,88.407964,0
2025-01-20,sz.002543,11.7423840000,12.8481251600,11.3607565200,12.8481251600,11.6836720800,42532153,542359416.0400,2,6.428600,1,9.966500,21.091293,2.076765,1.409857,97.219143,0
2025-01-21,sz.002543,12.8481251600,12.8481251600,11.5662482400,11.6836720800,12.8481251600,51457418,629935859.9000,2,7.777600,1,-9.063200,19.179744,1.888544,1.282079,88.407964,0
2025-01-22,sz.002543,11.3314005600,11.4586097200,10.6855694400,10.8029932800,11.6836720800,32784090,365674570.7400,2,4.955200,1,-7.537700,17.734035,1.746191,1.185440,81.744047,0
2025-01-23,sz.002543,10.8519198800,10.9497730800,10.6170722000,10.6562134800,10.8029932800,21247898,233688932.5500,2,3.211500,1,-1.358700,17.493083,1.722466,1.169333,80.633394,0
2025-01-24,sz.002543,10.6464281600,10.7638520000,10.4702924000,10.7247107200,10.6562134800,14806948,161336080.0000,2,2.238000,1,0.642800,17.605528,1.733538,1.176850,81.151699,0
2025-01-27,sz.002543,10.6757841200,10.8714905200,10.4898630400,10.4898630400,10.7247107200,12477245,136139034.0500,2,1.885900,1,-2.189800,17.220005,1.695577,1.151079,79.374654,0
2025-02-05,sz.002543,10.4898630400,10.7149254000,10.4115804800,10.7051400800,10.4898630400,12050870,130335341.9400,2,1.821400,1,2.052200,17.573401,1.730374,1.174702,81.003612,0
2025-02-06,sz.002543,10.6366428400,10.8421345600,10.5485749600,10.8225639200,10.7051400800,13228105,145150869.0700,2,1.999400,1,1.096900,17.766162,1.749355,1.187587,81.892134,0
2025-02-07,sz.002543,10.8714905200,10.9889143600,10.7638520000,10.8812758400,10.8225639200,15265765,170003244.0200,2,2.307400,1,0.542500,17.862543,1.758845,1.194030,82.336395,0
2025-02-10,sz.002543,10.8714905200,10.9204171200,10.7247107200,10.9008464800,10.8812758400,11364313,125865888.6100,2,1.717700,1,0.179900,17.894669,1.762008,1.196177,82.484482,0
2025-02-11,sz.002543,10.9106318000,11.3607565200,10.8617052000,11.1454794800,10.9008464800,20127315,228501547.2300,2,3.042200,1,2.244200,18.296255,1.801550,1.223022,84.335570,0
2025-02-12,sz.002543,11.0574116000,11.6836720800,10.9889143600,11.3411858800,11.1454794800,24220086,281475217.2400,2,3.660800,1,1.755900,18.617524,1.833184,1.244497,85.816441,0
2025-02-13,sz.002543,11.2726886400,11.3216152400,11.0671969200,11.0965528800,11.3411858800,10860301,123849440.3400,2,1.641500,1,-2.157000,18.215938,1.793642,1.217653,83.965353,0
2025-02-14,sz.002543,11.0671969200,11.0867675600,10.8421345600,10.9399877600,11.0965528800,8848400,99088822.9100,2,1.337400,1,-1.410900,17.958923,1.768335,1.200472,82.780656,0
2025-02-17,sz.002543,10.9204171200,11.0084850000,10.7540666800,10.8323492400,10.9399877600,11564669,127912219.7900,2,1.748000,1,-0.983900,17.782225,1.750936,1.188661,81.966178,0
2025-02-18,sz.002543,10.8225639200,10.8225639200,10.5681456000,10.5975015600,10.8323492400,6603990,72069377.1500,2,0.998200,1,-2.168000,17.396703,1.712976,1.162891,80.189133,0
2025-02-19,sz.002543,10.5975015600,11.0084850000,10.5779309200,10.8323492400,10.5975015600,10171787,112348715.5500,2,1.537400,1,2.216100,17.782225,1.750936,1.188661,81.966178,0
2025-02-20,sz.002543,10.7932079600,11.1552648000,10.7834226400,11.0867675600,10.8323492400,10461122,117739344.3600,2,1.581200,1,2.348700,18.199875,1.792060,1.216579,83.891309,0
2025-02-21,sz.002543,11.0769822400,11.2139767200,10.9693437200,11.0084850000,11.0867675600,8117001,91827652.3100,2,1.226900,1,-0.706100,18.071367,1.779407,1.207989,83.298961,0
2025-02-24,sz.002543,10.9497730800,11.3118299200,10.8714905200,11.2629033200,11.0084850000,10906431,124639927.9000,2,1.648500,1,2.311100,18.489017,1.820531,1.235907,85.224093,0
2025-02-25,sz.002543,11.0574116000,11.2335473600,11.0574116000,11.1063382000,11.2629033200,5685182,64690020.0300,2,0.859300,1,-1.390100,18.232002,1.795224,1.218727,84.039396,0
2025-02-26,sz.002543,11.0965528800,11.5368922800,11.0574116000,11.4683950400,11.1063382000,10452978,121658490.4400,2,1.579900,1,3.259900,18.826349,1.853746,1.258456,86.779006,0
2025-02-27,sz.002543,11.4586097200,11.6836720800,11.3607565200,11.5956042000,11.4683950400,9588543,112944151.1400,2,1.449300,1,1.109200,19.035173,1.874308,1.272415,87.741572,0
2025-02-28,sz.002543,11.5956042000,11.7815252800,11.3607565200,11.3901124800,11.5956042000,10926925,129029709.4400,2,1.651600,1,-1.772200,18.697841,1.841093,1.249866,86.186658,0
2025-03-03,sz.002543,11.4586097200,11.4879656800,11.1161235200,11.1944060800,11.3901124800,9261780,106800085.0600,2,1.399900,1,-1.718200,18.376573,1.809459,1.228390,84.705788,0
2025-03-04,sz.002543,11.2531180000,11.4096831200,11.1454794800,11.3509712000,11.1944060800,6514017,75201837.1200,2,0.984600,1,1.398600,18.633588,1.834766,1.245571,85.890484,0
2025-03-05,sz.002543,11.3020446000,11.3509712000,11.1063382000,11.2433326800,11.3509712000,4510500,51568437.0000,2,0.681700,1,-0.948300,18.456890,1.817367,1.233759,85.076005,0
2025-03-06,sz.002543,11.2824739600,11.3020446000,11.1650501200,11.2041914000,11.2433326800,5901329,67641371.1500,2,0.892000,1,-0.348100,18.392636,1.811041,1.229464,84.779831,0
2025-03-07,sz.002543,11.1944060800,11.3020446000,11.0965528800,11.1552648000,11.2041914000,5315868,60762598.7200,2,0.803500,1,-0.436700,18.312319,1.803132,1.224095,84.409614,0
2025-03-10,sz.002543,11.1650501200,11.2237620400,10.9986996800,11.2041914000,11.1552648000,5538547,62831645.9100,2,0.837100,1,0.438600,18.392636,1.811041,1.229464,84.779831,0
2025-03-11,sz.002543,10.9986996800,11.1552648000,10.9106318000,11.1356941600,11.2041914000,5228060,58896532.7000,2,0.790200,1,-0.611400,18.280192,1.799969,1.221948,84.261527,0
2025-03-12,sz.002543,11.1748354400,11.5466776000,11.1161235200,11.1748354400,11.1356941600,7933933,91344767.4000,2,1.199200,1,0.351500,18.344446,1.806296,1.226243,84.557701,0
2025-03-13,sz.002543,11.1356941600,11.2041914000,10.8910611600,10.9595584000,11.1748354400,7170300,80537702.0000,2,1.083800,1,-1.926400,17.991050,1.771498,1.202620,82.928743,0
2025-03-14,sz.002543,10.9497730800,11.3020446000,10.9497730800,11.2629033200,10.9595584000,5603473,63970619.7100,2,0.846900,1,2.767900,18.489017,1.820531,1.235907,85.224093,0
2025-03-17,sz.002543,11.4096831200,11.5956042000,11.2629033200,11.3803271600,11.2629033200,6025453,70061960.9300,2,0.910700,1,1.042600,18.681778,1.839511,1.248792,86.112615,0
2025-03-18,sz.002543,11.3509712000,11.4683950400,11.2531180000,11.4292537600,11.3803271600,4448888,51631080.9600,2,0.672400,1,0.429900,18.762095,1.847420,1.254161,86.482832,0
2025-03-19,sz.002543,11.4194684400,11.6934574000,11.3803271600,11.5956042000,11.4292537600,9356918,110606248.3500,2,1.414300,1,1.455500,19.035173,1.874308,1.272415,87.741572,0
2025-03-20,sz.002543,11.5466776000,11.5564629200,11.2726886400,11.3411858800,11.5956042000,7134600,82848545.7000,2,1.078400,1,-2.194100,18.617524,1.833184,1.244497,85.816441,0
2025-03-21,sz.002543,11.2531180000,11.4683950400,11.1748354400,11.2433326800,11.3411858800,5677596,65536800.0000,2,0.858100,1,-0.862800,18.456890,1.817367,1.233759,85.076005,0
2025-03-24,sz.002543,11.2335473600,11.4879656800,11.0182703200,11.2726886400,11.2433326800,6250018,72119113.1800,2,0.944700,1,0.261100,18.505080,1.822113,1.236981,85.298136,0
2025-03-25,sz.002543,11.2139767200,11.3901124800,11.1748354400,11.2824739600,11.2726886400,4132680,47714643.7600,2,0.624600,1,0.086800,18.521143,1.823694,1.238054,85.372180,0
2025-03-26,sz.002543,11.2041914000,11.5173216400,11.1552648000,11.5075363200,11.2824739600,5499554,64123764.9000,2,0.831200,1,1.994800,18.890603,1.860073,1.262751,87.075181,0
2025-03-27,sz.002543,11.4977510000,11.6347454800,11.3314005600,11.5466776000,11.5075363200,5793870,68149145.1000,2,0.875700,1,0.340100,18.954856,1.866400,1.267046,87.371355,0
2025-03-28,sz.002543,11.4977510000,11.5858188800,11.2726886400,11.4488244000,11.5466776000,4531523,52861940.7700,2,0.684900,1,-0.847500,18.794222,1.850583,1.256308,86.630919,0
2025-03-31,sz.002543,11.3803271600,11.5173216400,11.1356941600,11.2629033200,11.4488244000,5538025,63954622.8500,2,0.837100,1,-1.623900,18.489017,1.820531,1.235907,85.224093,0
2025-04-01,sz.002543,11.2629033200,11.3803271600,11.1356941600,11.1650501200,11.2629033200,4542000,52237979.0000,2,0.686500,1,-0.868800,18.328382,1.804714,1.225169,84.483657,0
2025-04-02,sz.002543,11.2922592800,11.8206665600,11.2139767200,11.6934574000,11.1650501200,14149663,167512119.0100,2,2.138700,1,4.732700,19.195808,1.890125,1.283153,88.482007,0
2025-04-03,sz.002543,11.4194684400,11.5368922800,10.5485749600,10.5779309200,11.6934574000,20528093,228559315.3800,2,3.102700,1,-9.539700,17.364576,1.709812,1.160743,80.041046,0
2025-04-07,sz.002543,9.6972521200,9.8244612800,9.5211163600,9.5211163600,10.5779309200,6868555,67258237.3000,2,1.038200,1,-9.990700,15.629725,1.538989,1.044776,72.044346,0
2025-04-08,sz.002543,9.2862686800,9.4428338000,8.7578614000,9.1590595200,9.5211163600,13787960,127037201.8400,2,2.084000,1,-3.802700,15.035378,1.480466,1.005047,69.304736,0
2025-04-09,sz.002543,8.9046412000,9.2373420800,8.5327990400,9.1688448400,9.1590595200,8141226,74515902.2800,2,1.230500,1,0.106800,15.051441,1.482048,1.006120,69.378779,0
2025-04-10,sz.002543,9.3743365600,9.6581108400,9.2569127200,9.3351952800,9.1688448400,7124024,68659145.0600,2,1.076800,1,1.814300,15.324519,1.508937,1.024375,70.637519,0
2025-04-11,sz.002543,9.3351952800,9.5113310400,9.2764833600,9.4330484800,9.3351952800,4046801,38888611.0500,2,0.611700,1,1.048200,15.485154,1.524754,1.035112,71.377954,0
2025-04-14,sz.002543,9.5406870000,9.6776814800,9.4917604000,9.5309016800,9.4330484800,3800991,37212990.1600,2,0.574500,1,1.037300,15.645788,1.540571,1.045850,72.118389,0
2025-04-15,sz.002543,9.5896136000,9.6678961600,9.4428338000,9.5309016800,9.5309016800,3800175,37013632.3100,2,0.574400,1,0.000000,15.645788,1.540571,1.045850,72.118389,0
2025-04-16,sz.002543,9.4917604000,9.5896136000,9.1688448400,9.2764833600,9.5309016800,4165580,39635732.6000,2,0.629600,1,-2.669400,15.228139,1.499447,1.017932,70.193258,0
2025-04-17,sz.002543,9.2471274000,9.5406870000,9.2079861200,9.4428338000,9.2764833600,3497322,33792364.4200,2,0.528600,1,1.793200,15.501217,1.526336,1.036186,71.451998,0
2025-04-18,sz.002543,9.4428338000,9.5896136000,9.3254099600,9.5113310400,9.4428338000,2787529,26923603.6600,2,0.421300,1,0.725400,15.613661,1.537407,1.043702,71.970302,0
2025-04-21,sz.002543,9.5113310400,9.6678961600,9.4624044400,9.6287548800,9.5113310400,2982452,29213900.1200,2,0.450800,1,1.234600,15.806423,1.556388,1.056588,72.858825,0
2025-04-22,sz.002543,9.5896136000,9.7363934000,9.5700429600,9.6678961600,9.6287548800,2402500,23698490.0000,2,0.363100,1,0.406500,15.870676,1.562715,1.060883,73.154999,0
2025-04-23,sz.002543,9.7363934000,9.9027438400,9.7363934000,9.8636025600,9.6678961600,3646800,36642523.0000,2,0.551200,1,2.024300,16.191945,1.594348,1.082358,74.635869,0
2025-04-24,sz.002543,9.8636025600,9.9614557600,9.7363934000,9.8342466000,9.8636025600,3452500,34683834.0000,2,0.521800,1,-0.297600,16.143755,1.589603,1.079137,74.413738,0
2025-04-25,sz.002543,9.7853200000,10.0103823600,9.7853200000,9.9418851200,9.8342466000,2487200,25250432.0000,2,0.375900,1,1.094500,16.320453,1.607002,1.090948,75.228217,0
2025-04-28,sz.002543,10.2354447200,10.3920098400,10.1669474800,10.3430832400,9.9418851200,9494474,99999033.5200,2,1.435100,1,4.035400,11.714885,1.592140,1.026431,-10.338454,0
2025-04-29,sz.002543,10.2256594000,10.6562134800,10.1963034400,10.6170722000,10.3430832400,8503581,90922636.5900,2,1.285300,1,2.649000,12.025213,1.634315,1.053621,-10.612320,0
2025-04-30,sz.002543,10.7149254000,11.1846207600,10.6268575200,10.9693437200,10.6170722000,11265842,126698547.7200,2,1.702800,1,3.318000,12.424206,1.688542,1.088580,-10.964434,0
2025-05-06,sz.002543,10.9693437200,11.2531180000,10.7932079600,11.1356941600,10.9693437200,10447954,118095689.2600,2,1.579200,1,1.516500,12.612619,1.714148,1.105088,-11.130710,0
2025-05-07,sz.002543,11.1944060800,11.2824739600,11.0671969200,11.1944060800,11.1356941600,4721538,53835349.3000,2,0.713600,1,0.527200,12.679118,1.723186,1.110915,-11.189396,0
2025-05-08,sz.002543,11.2139767200,11.2433326800,11.0671969200,11.1356941600,11.1944060800,3441769,39355771.5000,2,0.520200,1,-0.524500,12.612619,1.714148,1.105088,-11.130710,0
2025-05-09,sz.002543,11.1650501200,11.2824739600,11.0574116000,11.1944060800,11.1356941600,3786200,43321169.0000,2,0.572300,1,0.527200,12.679118,1.723186,1.110915,-11.189396,0
2025-05-12,sz.002543,11.3020446000,11.3411858800,11.2041914000,11.3216152400,11.1944060800,3551288,40954735.1300,2,0.536800,1,1.136400,12.823199,1.742768,1.123539,-11.316548,0
2025-05-13,sz.002543,11.5271069600,11.6249601600,11.2531180000,11.3020446000,11.3216152400,3163904,36678446.6400,2,0.478200,1,-0.172900,12.801033,1.739755,1.121596,-11.296986,0
2025-05-14,sz.002543,11.3509712000,11.3509712000,11.0574116000,11.1552648000,11.3020446000,3379100,38509070.0000,2,0.510700,1,-1.298700,12.634786,1.717161,1.107030,-11.150272,0
2025-05-15,sz.002543,11.1552648000,11.2433326800,11.0280556400,11.1650501200,11.1552648000,2834100,32186816.0000,2,0.428400,1,0.087700,12.645869,1.718667,1.108001,-11.160053,0
2025-05-16,sz.002543,11.1063382000,11.2531180000,11.0378409600,11.1748354400,11.1650501200,1863292,21290445.8200,2,0.281600,1,0.087600,12.656952,1.720174,1.108972,-11.169834,0
2025-05-19,sz.002543,11.2237620400,11.3020446000,11.1356941600,11.2433326800,11.1748354400,2455960,28120264.4000,2,0.371200,1,0.613000,12.734534,1.730717,1.115770,-11.238300,0
2025-05-20,sz.002543,11.2335473600,11.3411858800,11.1650501200,11.3411858800,11.2433326800,2120334,24397730.4200,2,0.320500,1,0.870300,12.845365,1.745780,1.125481,-11.336110,0
2025-05-21,sz.002543,11.3411858800,11.4096831200,11.1552648000,11.2531180000,11.3411858800,2066731,23769042.7500,2,0.312400,1,-0.776500,12.745617,1.732224,1.116741,-11.248081,0
2025-05-22,sz.002543,11.2237620400,11.3901124800,11.2139767200,11.2629033200,11.2531180000,1874419,21618734.2500,2,0.283300,1,0.087000,12.756700,1.733730,1.117712,-11.257862,0
2025-05-23,sz.002543,11.2531180000,11.3998978000,11.1650501200,11.2237620400,11.2629033200,3409100,39290836.0000,2,0.515300,1,-0.347500,12.712368,1.727705,1.113828,-11.218738,0
2025-05-26,sz.002543,11.2237620400,11.2726886400,11.0867675600,11.2335473600,11.2237620400,2179960,24896234.9800,2,0.329500,1,0.087200,12.723451,1.729211,1.114799,-11.228519,0
2025-05-27,sz.002543,11.2629033200,11.3803271600,11.1454794800,11.3411858800,11.2335473600,2303969,26545457.2100,2,0.348200,1,0.958200,12.845365,1.745780,1.125481,-11.336110,0
2025-05-28,sz.002543,11.3314005600,11.4488244000,11.2433326800,11.3411858800,11.3411858800,2185721,25318668.8300,2,0.330400,1,0.000000,12.845365,1.745780,1.125481,-11.336110,0
2025-05-29,sz.002543,11.3411858800,11.4096831200,11.2629033200,11.3901124800,11.3411858800,2845313,33042101.3000,2,0.430100,1,0.431400,12.900781,1.753312,1.130336,-11.385014,0
2025-05-30,sz.002543,11.3901124800,11.4683950400,11.2824739600,11.3411858800,11.3901124800,2313312,26821134.3600,2,0.349600,1,-0.429600,12.845365,1.745780,1.125481,-11.336110,0
2025-06-03,sz.002543,11.2531180000,11.3216152400,11.0182703200,11.0965528800,11.3411858800,5528680,62731347.8000,2,0.835600,1,-2.157000,12.568287,1.708123,1.101204,-11.091586,0
2025-06-04,sz.002543,11.0965528800,11.3216152400,11.0965528800,11.2531180000,11.0965528800,2753145,31597250.8700,2,0.416100,1,1.410900,12.745617,1.732224,1.116741,-11.248081,0
2025-06-05,sz.002543,11.3607565200,11.5662482400,11.2824739600,11.4781803600,11.2531180000,4531104,53056028.5500,2,0.684900,1,2.000000,13.000529,1.766868,1.139076,-11.473043,0
2025-06-06,sz.002543,11.5368922800,11.5760335600,11.3216152400,11.3607565200,11.4781803600,3281759,38275843.2200,2,0.496000,1,-1.023000,12.867532,1.748793,1.127423,-11.355672,0
2025-06-09,sz.002543,11.3020446000,11.4390390800,11.2139767200,11.3411858800,11.3607565200,3298859,38059234.2200,2,0.498600,1,-0.172300,12.845365,1.745780,1.125481,-11.336110,0
2025-06-10,sz.002543,11.2629033200,11.5956042000,11.2629033200,11.4879656800,11.3411858800,5308834,62343846.4500,2,0.802400,1,1.294200,13.011613,1.768375,1.140047,-11.482824,0
2025-06-11,sz.002543,11.3998978000,11.7325986800,11.3998978000,11.5956042000,11.4879656800,5800535,68452935.3700,2,0.876700,1,0.937000,13.133527,1.784944,1.150729,-11.590414,0
2025-06-12,sz.002543,11.4781803600,12.1827234000,11.3509712000,11.8500225200,11.5956042000,10064118,121488722.2000,2,1.521200,1,2.194100,13.421689,1.824107,1.175977,-11.844719,0
2025-06-13,sz.002543,11.7801406000,12.0996020400,11.5904603700,11.7102584100,11.8500227900,9405659,111107750.8900,2,1.421600,1,-1.179400,13.000529,1.766868,1.139076,-11.473043,0
2025-06-16,sz.002543,11.6902920700,11.7801406000,11.3608474600,11.4606791600,11.7102584100,6815242,78316469.0800,2,1.030100,1,-2.131300,12.723451,1.729211,1.114799,-11.228519,0
2025-06-17,sz.002543,11.4307296500,11.6204098800,11.2410494200,11.3209147800,11.4606791600,4640637,52931263.8900,2,0.701400,1,-1.219500,12.568287,1.708123,1.101204,-11.091586,0
2025-06-18,sz.002543,11.4407128200,11.4606791600,11.1512008900,11.3308979500,11.3209147800,4538653,51339640.5200,2,0.686000,1,0.088200,12.579370,1.709630,1.102175,-11.101367,0
2025-06-19,sz.002543,11.3907969700,11.4307296500,11.1512008900,11.2011167400,11.3308979500,3024218,34104567.5000,2,0.457100,1,-1.145400,12.435289,1.690048,1.089551,-10.974215,0
2025-06-20,sz.002543,11.1911335700,11.3009484400,11.1512008900,11.2110999100,11.2011167400,2163359,24348768.3900,2,0.327000,1,0.089100,12.446372,1.691554,1.090522,-10.983996,0
2025-06-23,sz.002543,11.1312345500,11.1911335700,10.9315711500,11.0813187000,11.2110999100,3102907,34401045.5700,2,0.469000,1,-1.157600,12.302291,1.671973,1.077898,-10.856844,0
2025-06-24,sz.002543,11.0813187000,11.3009484400,11.0713355300,11.2110999100,11.0813187000,3157317,35447682.0000,2,0.477200,1,1.171200,12.446372,1.691554,1.090522,-10.983996,0
2025-06-25,sz.002543,11.2110999100,11.3907969700,10.9715038300,11.1412177200,11.2110999100,7722035,86255542.6400,2,1.167200,1,-0.623300,12.368790,1.681010,1.083724,-10.915529,0
2025-06-26,sz.002543,11.0114365100,11.2110999100,10.8417226200,10.9914701700,11.1412177200,4621917,51170108.9400,2,0.698600,1,-1.344100,12.202543,1.658416,1.069158,-10.768815,0
2025-06-27,sz.002543,11.0713355300,11.1012850400,10.9615206600,11.0413860200,10.9914701700,2392759,26510910.3100,2,0.361700,1,0.454100,12.257959,1.665947,1.074014,-10.817720,0
2025-06-30,sz.002543,11.0513691900,11.1711672300,11.0413860200,11.0913018700,11.0413860200,2805507,31186051.8400,2,0.424000,1,0.452100,12.313374,1.673479,1.078869,-10.866625,0
2025-07-01,sz.002543,11.0913018700,11.1312345500,11.0114365100,11.1212513800,11.0913018700,3458316,38382552.0900,2,0.522700,1,0.270000,12.346624,1.677998,1.081782,-10.895967,0
2025-07-02,sz.002543,11.1512008900,11.3109316100,11.0913018700,11.2909652700,11.1212513800,4877360,54913710.2000,2,0.737200,1,1.526000,12.535037,1.703604,1.098291,-11.062243,0
2025-07-03,sz.002543,11.2610157600,11.3808138000,11.1811504000,11.3009484400,11.2909652700,2595140,29318602.2300,2,0.392200,1,0.088400,12.546120,1.705111,1.099262,-11.072024,0
2025-07-04,sz.002543,11.3009484400,11.3907969700,11.0513691900,11.0713355300,11.3009484400,4329121,48379909.8300,2,0.654300,1,-2.031800,12.291208,1.670466,1.076927,-10.847063,0
2025-07-07,sz.002543,11.1112682100,11.1711672300,11.0114365100,11.1512008900,11.0713355300,2575246,28631397.8800,2,0.389200,1,0.721400,12.379873,1.682516,1.084695,-10.925310,0
2025-07-08,sz.002543,11.1012850400,11.2909652700,11.0713355300,11.2510325900,11.1512008900,2676389,30040136.1400,2,0.404500,1,0.895300,12.490705,1.697579,1.094406,-11.023120,0
2025-07-09,sz.002543,11.2510325900,11.4407128200,11.2310662500,11.3408811200,11.2510325900,3179209,36075751.3100,2,0.480500,1,0.798600,12.590453,1.711136,1.103146,-11.111148,0
2025-07-10,sz.002543,11.3408811200,11.4307296500,11.2709989300,11.4007801400,11.3408811200,1905300,21662941.0000,2,0.288000,1,0.528200,12.656952,1.720174,1.108972,-11.169834,0
2025-07-11,sz.002543,11.4007801400,11.4806455000,11.3308979500,11.4307296500,11.4007801400,4424797,50641029.5800,2,0.668800,1,0.262700,12.690201,1.724692,1.111886,-11.199177,0
2025-07-14,sz.002543,11.4407128200,11.8699891300,11.3907969700,11.8500227900,11.4307296500,5793560,67970755.0000,2,0.875700,1,3.668100,13.155693,1.787956,1.152671,-11.609976,0
2025-07-15,sz.002543,11.9099218100,11.9298881500,11.6803089000,11.7402079200,11.8500227900,3414167,40209392.6900,2,0.516000,1,-0.926700,13.033779,1.771387,1.141989,-11.502386,0
2025-07-16,sz.002543,11.9099218100,11.9598376600,11.7501910900,11.9298881500,11.7402079200,4339152,51639636.7200,2,0.655800,1,1.615600,13.244359,1.800006,1.160440,-11.688224,0
2025-07-17,sz.002543,11.9298881500,12.0397030200,11.8001069400,11.8699891300,11.9298881500,3338786,39823331.1000,2,0.504600,1,-0.502100,13.177860,1.790969,1.154613,-11.629538,0
2025-07-18,sz.002543,11.8699891300,11.9199049800,11.6104267100,11.6803089000,11.8699891300,3486003,40766517.9800,2,0.526900,1,-1.598000,12.967280,1.762349,1.136163,-11.443700,0
2025-07-21,sz.002543,11.7002752400,11.7901237700,11.6403762200,11.7501910900,11.6803089000,2567065,30202574.7000,2,0.388000,1,0.598300,13.044862,1.772893,1.142960,-11.512167,0
2025-07-22,sz.002543,11.7501910900,11.8200732800,11.6603425600,11.8001069400,11.7501910900,3061871,36053277.3400,2,0.462800,1,0.424800,13.100278,1.780425,1.147816,-11.561071,0
2025-07-23,sz.002543,11.8001069400,11.9099218100,11.7402079200,11.8799723000,11.8001069400,2803533,33295060.3600,2,0.423700,1,0.676800,13.188943,1.792475,1.155584,-11.639319,0
2025-07-24,sz.002543,11.8899554700,11.8999386400,11.6703257300,11.7601742600,11.8799723000,3129047,36825981.3700,2,0.472900,1,-1.008400,13.055945,1.774400,1.143931,-11.521948,0
2025-07-25,sz.002543,11.8100901100,11.8999386400,11.7402079200,11.8500227900,11.7601742600,3220782,38197593.0900,2,0.486800,1,0.764000,13.155693,1.787956,1.152671,-11.609976,0
2025-07-28,sz.002543,11.8699891300,11.8799723000,11.7601742600,11.8001069400,11.8500227900,2852056,33746458.9200,2,0.431100,1,-0.421200,13.100278,1.780425,1.147816,-11.561071,0
2025-07-29,sz.002543,11.8100901100,11.8200732800,11.5305613500,11.8001069400,11.8001069400,4846069,56674222.8300,2,0.732500,1,0.000000,13.100278,1.780425,1.147816,-11.561071,0
2025-07-30,sz.002543,11.8001069400,12.0097535100,11.7102584100,11.8899554700,11.8001069400,3772758,44878080.9900,2,0.570200,1,0.761400,13.200026,1.793981,1.156555,-11.649100,0
2025-07-31,sz.002543,11.8899554700,11.8899554700,11.4906286700,11.6703257300,11.8899554700,4569098,53287932.6600,2,0.690600,1,-1.847200,12.956197,1.760843,1.135192,-11.433919,0
2025-08-01,sz.002543,11.5605108600,11.7701574300,11.5305613500,11.7102584100,11.6703257300,3674959,42979391.0700,2,0.555500,1,0.342200,13.000529,1.766868,1.139076,-11.473043,0
2025-08-04,sz.002543,11.6204098800,11.7801406000,11.5804772000,11.6603425600,11.7102584100,4053276,47377993.0200,2,0.612600,1,-0.426300,12.945114,1.759337,1.134220,-11.424138,0
2025-08-05,sz.002543,11.7102584100,11.8200732800,11.6104267100,11.7701574300,11.6603425600,2919435,34286563.8300,2,0.441300,1,0.941800,13.067028,1.775906,1.144902,-11.531728,0
2025-08-06,sz.002543,11.8899554700,12.9481714900,11.8600059600,12.9481714900,11.7701574300,11562668,144420931.9000,2,1.747700,1,10.008500,14.374839,1.953647,1.259490,-12.685879,0
2025-08-07,sz.002543,13.2077339100,13.3275319500,12.5588278600,12.8782893000,12.9481714900,19936775,257735635.7500,2,3.013400,1,-0.539700,14.297257,1.943103,1.252692,-12.617413,0
2025-08-08,sz.002543,12.7684744300,14.1661182300,12.6586595600,13.8366736200,12.8782893000,26514996,360307649.1700,2,4.007600,1,7.441900,15.361239,2.087706,1.345916,-13.556383,0
2025-08-11,sz.002543,13.4173804800,13.7568082600,13.0080705100,13.5571448600,13.8366736200,22731664,302711513.7200,2,3.435800,1,-2.020200,15.050911,2.045530,1.318725,-13.282517,0
2025-08-12,sz.002543,13.0979190400,13.1777844000,12.7485080900,12.8583229600,13.5571448600,16007947,207009877.2600,2,2.419500,1,-5.154600,14.275091,1.940091,1.250750,-12.597851,0
2025-08-13,sz.002543,12.8782893000,12.9481714900,12.7085754100,12.7285417500,12.8583229600,10996169,141026820.2400,2,1.662000,1,-1.009300,14.131010,1.920509,1.238126,-12.470699,0
2025-08-14,sz.002543,12.7485080900,12.8183902800,12.4789625000,12.6087437100,12.7285417500,12499626,158233761.6200,2,1.889300,1,-0.941200,13.998012,1.902434,1.226473,-12.353327,0
2025-08-15,sz.002543,12.5688110300,12.6886090700,12.5388615200,12.6386932200,12.6087437100,6378139,80592105.6400,2,0.964000,1,0.237500,14.031262,1.906952,1.229386,-12.382670,0
2025-08-18,sz.002543,12.6386932200,12.7784576000,12.5388615200,12.7185585800,12.6386932200,8209534,104192175.4000,2,1.240800,1,0.631900,14.119927,1.919003,1.237155,-12.460918,0
2025-08-19,sz.002543,12.7185585800,12.8183902800,12.5388615200,12.6187268800,12.7185585800,7331479,92731357.4900,2,1.108100,1,-0.784900,14.009096,1.903940,1.227444,-12.363108,0
2025-08-20,sz.002543,12.5787942000,12.7285417500,12.5089120100,12.7285417500,12.6187268800,5464256,69143371.2000,2,0.825900,1,0.870300,14.131010,1.920509,1.238126,-12.470699,0
2025-08-21,sz.002543,12.7684744300,12.7784576000,12.6386932200,12.6886090700,12.7285417500,5004600,63610370.0000,2,0.756400,1,-0.313700,14.086678,1.914484,1.234242,-12.431575,0
2025-08-22,sz.002543,12.7584912600,12.7684744300,12.6087437100,12.6486763900,12.6886090700,4740103,60097027.0100,2,0.716400,1,-0.314700,14.042345,1.908459,1.230357,-12.392451,0
2025-08-25,sz.002543,12.6386932200,12.7185585800,12.5987605400,12.6985922400,12.6486763900,4908576,62259205.8500,2,0.741900,1,0.394600,14.097761,1.915990,1.235213,-12.441356,0
2025-08-26,sz.002543,12.6786259000,12.8084071100,12.6287100500,12.7984239400,12.6985922400,5331171,68114367.8600,2,0.805800,1,0.786200,14.208592,1.931053,1.244923,-12.539165,0
2025-08-27,sz.002543,12.7684744300,12.8183902800,12.2792991000,12.2792991000,12.7984239400,11561592,144888461.2900,2,1.747500,1,-4.056200,13.423717,1.845386,1.201210,-9.206402,0
2025-08-28,sz.002543,12.2792991000,12.3990971400,12.0197366800,12.2792991000,12.2792991000,8514606,104288135.1200,2,1.287000,1,0.000000,13.423717,1.845386,1.201210,-9.206402,0
2025-08-29,sz.002543,12.2393664200,12.3292149500,12.1095852100,12.1095852100,12.2792991000,6106816,74618945.4200,2,0.923000,1,-1.382100,13.238186,1.819880,1.184608,-9.079159,0
2025-09-01,sz.002543,12.2094169100,12.2094169100,11.9398713200,11.9598376600,12.1095852100,6756712,81334743.5800,2,1.021300,1,-1.236600,13.074482,1.797376,1.169959,-8.966886,0
2025-09-02,sz.002543,12.0097535100,12.0197366800,11.7302247500,11.9099218100,11.9598376600,7005470,83153418.5400,2,1.058900,1,-0.417400,13.019914,1.789874,1.165076,-8.929462,0
2025-09-03,sz.002543,11.9398713200,11.9498544900,11.7501910900,11.7601742600,11.9099218100,4618940,54738271.2900,2,0.698100,1,-1.257300,12.856210,1.767369,1.150428,-8.817188,0
2025-09-04,sz.002543,11.8100901100,11.8699891300,11.5804772000,11.7102584100,11.7601742600,4408748,51894196.4000,2,0.666400,1,-0.424400,12.801642,1.759868,1.145545,-8.779764,0
2025-09-05,sz.002543,11.7002752400,11.8699891300,11.6403762200,11.8500227900,11.7102584100,4921345,57955399.4500,2,0.743800,1,1.193500,12.954432,1.780872,1.159217,-8.884552,0
2025-09-08,sz.002543,11.8600059600,12.0796357000,11.8200732800,12.0097535100,11.8500227900,5064818,60717141.6600,2,0.765500,1,1.347900,13.129050,1.804877,1.174842,-9.004310,0
2025-09-09,sz.002543,12.0297198500,12.0596693600,11.8001069400,11.8600059600,12.0097535100,3267745,38964407.2000,2,0.493900,1,-1.246900,12.965346,1.782372,1.160194,-8.892037,0
2025-09-10,sz.002543,11.8600059600,11.9298881500,11.7601742600,11.8100901100,11.8600059600,2559768,30327557.9800,2,0.386900,1,-0.420900,12.910778,1.774871,1.155311,-8.854613,0
2025-09-11,sz.002543,11.8200732800,11.8999386400,11.6902920700,11.8600059600,11.8100901100,3623744,42850090.1700,2,0.547700,1,0.422700,12.965346,1.782372,1.160194,-8.892037,0
2025-09-12,sz.002543,11.9300000000,12.0300000000,11.8000000000,11.8500000000,11.8600000000,5026593,59788767.2900,2,0.759800,1,-0.084300,12.932605,1.777871,1.157264,-8.869582,0
2025-09-15,sz.002543,11.8000000000,11.9100000000,11.7400000000,11.8400000000,11.8500000000,3104522,36687634.4600,2,0.469200,1,-0.084400,12.921692,1.776371,1.156287,-8.862098,0
2025-09-16,sz.002543,11.8700000000,11.9700000000,11.8300000000,11.9400000000,11.8400000000,2800932,33338360.9200,2,0.423400,1,0.844600,13.030828,1.791374,1.166053,-8.936946,0
2025-09-17,sz.002543,11.9200000000,12.1100000000,11.9000000000,12.0700000000,11.9400000000,4095692,49332935.6200,2,0.619000,1,1.088800,13.172704,1.810878,1.178749,-9.034250,0
2025-09-18,sz.002543,12.0500000000,12.0700000000,11.8600000000,11.8700000000,12.0700000000,4380710,52426110.6600,2,0.662100,1,-1.657000,12.954432,1.780872,1.159217,-8.884552,0
2025-09-19,sz.002543,11.8600000000,11.9500000000,11.7200000000,11.8800000000,11.8700000000,2927753,34654276.7200,2,0.442500,1,0.084200,12.965346,1.782372,1.160194,-8.892037,0
2025-09-22,sz.002543,12.3200000000,12.8700000000,12.3200000000,12.6200000000,11.8800000000,16888961,211907650.6000,2,2.552700,1,6.229000,13.772952,1.893396,1.232461,-9.445918,0
2025-09-23,sz.002543,12.5900000000,12.7900000000,12.0500000000,12.5200000000,12.6200000000,14314838,178129131.8700,2,2.163600,1,-0.792400,13.663816,1.878392,1.222696,-9.371069,0
2025-09-24,sz.002543,12.6300000000,12.6800000000,12.3000000000,12.3700000000,12.5200000000,8851759,109951999.5000,2,1.337900,1,-1.198100,13.500112,1.855888,1.208047,-9.258796,0
2025-09-25,sz.002543,12.5000000000,12.5200000000,12.2000000000,12.2000000000,12.3700000000,7584727,93627757.4400,2,1.146400,1,-1.374300,13.314581,1.830382,1.191445,-9.131553,0
2025-09-26,sz.002543,12.3200000000,12.3500000000,12.0600000000,12.2200000000,12.2000000000,5761929,70199682.5100,2,0.870900,1,0.163900,13.336408,1.833383,1.193398,-9.146523,0
2025-09-29,sz.002543,12.3200000000,12.3200000000,12.1200000000,12.1900000000,12.2200000000,5981039,73048273.8800,2,0.904000,1,-0.245500,13.303667,1.828882,1.190468,-9.124068,0
2025-09-30,sz.002543,12.1500000000,12.2500000000,12.0000000000,12.1100000000,12.1900000000,5863424,71096713.6400,2,0.886200,1,-0.656300,13.216359,1.816880,1.182655,-9.064189,0
2025-10-09,sz.002543,12.1700000000,12.3900000000,12.0400000000,12.3200000000,12.1100000000,6008986,73439972.3800,2,0.908200,1,1.734100,13.445544,1.848386,1.203164,-9.221372,0
2025-10-10,sz.002543,12.2600000000,12.4100000000,12.2100000000,12.3400000000,12.3200000000,4534360,55935818.2000,2,0.685400,1,0.162300,13.467371,1.851387,1.205117,-9.236342,0
2025-10-13,sz.002543,11.9000000000,12.2200000000,11.8200000000,12.0900000000,12.3400000000,6624421,79457849.0300,2,1.001300,1,-2.025900,13.194531,1.813879,1.180702,-9.049220,0
2025-10-14,sz.002543,12.1400000000,12.4800000000,12.0800000000,12.4800000000,12.0900000000,8861496,109267264.7200,2,1.339400,1,3.225800,13.620162,1.872391,1.218789,-9.341130,0
2025-10-15,sz.002543,12.4000000000,12.4600000000,12.2700000000,12.4600000000,12.4800000000,5732429,70986622.8000,2,0.866400,1,-0.160300,13.598334,1.869391,1.216836,-9.326160,0
2025-10-16,sz.002543,12.4300000000,12.5500000000,12.1700000000,12.1900000000,12.4600000000,5532270,68165101.5100,2,0.836200,1,-2.166900,13.303667,1.828882,1.190468,-9.124068,0
2025-10-17,sz.002543,12.1900000000,12.2500000000,11.8200000000,11.8400000000,12.1900000000,4325690,51864308.6000,2,0.653800,1,-2.871200,12.921692,1.776371,1.156287,-8.862098,0
2025-10-20,sz.002543,11.9700000000,11.9900000000,11.7800000000,11.8200000000,11.8400000000,3337818,39523208.0400,2,0.504500,1,-0.168900,12.899865,1.773371,1.154334,-8.847128,0
2025-10-21,sz.002543,11.7900000000,12.0300000000,11.7800000000,12.0100000000,11.8200000000,2808380,33570815.7200,2,0.424500,1,1.607400,13.107223,1.801876,1.172889,-8.989341,0
2025-10-22,sz.002543,12.0200000000,12.0800000000,11.8500000000,11.9000000000,12.0100000000,4780863,57138554.5500,2,0.722600,1,-0.915900,12.987173,1.785373,1.162147,-8.907007,0
2025-10-23,sz.002543,11.8300000000,11.9500000000,11.5200000000,11.7200000000,11.9000000000,6610573,77222825.1700,2,0.999200,1,-1.512600,12.790729,1.758367,1.144568,-8.772279,0
2025-10-24,sz.002543,11.7200000000,11.7900000000,11.5700000000,11.6000000000,11.7200000000,5758191,67042452.9000,2,0.870300,1,-1.023900,12.659766,1.740364,1.132849,-8.682460,0
2025-10-27,sz.002543,11.6100000000,11.7500000000,11.5100000000,11.7400000000,11.6000000000,6287979,73430006.9200,2,0.950400,1,1.206900,12.812556,1.761368,1.146521,-8.787249,0
2025-10-28,sz.002543,11.6600000000,11.7100000000,11.4900000000,11.5300000000,11.7400000000,6387096,73801659.9800,2,0.965400,1,-1.788800,12.554852,1.694453,1.123376,-6.958806,0
2025-10-29,sz.002543,11.4800000000,11.5600000000,11.4200000000,11.5600000000,11.5300000000,3395099,39035203.4900,2,0.513200,1,0.260200,12.587518,1.698862,1.126299,-6.976912,0
2025-10-30,sz.002543,11.5400000000,11.7600000000,11.4900000000,11.5200000000,11.5600000000,5717727,66172375.1200,2,0.864200,1,-0.346000,12.543963,1.692983,1.122402,-6.952771,0
2025-10-31,sz.002543,11.5200000000,11.6300000000,11.4800000000,11.5500000000,11.5200000000,4265193,49298227.3600,2,0.644700,1,0.260400,12.576629,1.697392,1.125325,-6.970877,0
2025-11-03,sz.002543,11.5100000000,11.5300000000,11.3100000000,11.3700000000,11.5500000000,4975559,56587527.6500,2,0.752000,1,-1.558400,12.380630,1.670939,1.107788,-6.862240,0
2025-11-04,sz.002543,11.3600000000,11.4100000000,11.2400000000,11.2800000000,11.3700000000,3884899,44024932.1900,2,0.587200,1,-0.791600,12.282630,1.657713,1.099019,-6.807921,0
2025-11-05,sz.002543,11.2100000000,11.4000000000,11.1900000000,11.3500000000,11.2800000000,2558600,28961500.4100,2,0.386700,1,0.620600,12.358852,1.668000,1.105839,-6.850169,0
2025-11-06,sz.002543,11.3600000000,11.5300000000,11.3100000000,11.4200000000,11.3500000000,4670740,53446467.0400,2,0.706000,1,0.616700,12.435074,1.678287,1.112659,-6.892417,0
2025-11-07,sz.002543,11.3400000000,11.4800000000,11.2900000000,11.4500000000,11.4200000000,3224959,36882209.2100,2,0.487400,1,0.262700,12.467741,1.682696,1.115582,-6.910523,0
2025-11-10,sz.002543,11.4500000000,11.4900000000,11.3300000000,11.4100000000,11.4500000000,2929959,33380455.4200,2,0.442900,1,-0.349300,12.424185,1.676818,1.111685,-6.886381,0
2025-11-11,sz.002543,11.4500000000,11.4700000000,11.3600000000,11.3800000000,11.4100000000,3214230,36679019.1000,2,0.485800,1,-0.262900,12.391519,1.672409,1.108762,-6.868275,0
2025-11-12,sz.002543,11.3900000000,11.5800000000,11.3800000000,11.5500000000,11.3800000000,5218167,59989020.1300,2,0.788700,1,1.493800,12.576629,1.697392,1.125325,-6.970877,0
2025-11-13,sz.002543,11.5200000000,11.5500000000,11.4000000000,11.4900000000,11.5500000000,5032884,57647749.1400,2,0.760700,1,-0.519500,12.511296,1.688574,1.119479,-6.934664,0
2025-11-14,sz.002543,11.4900000000,11.9800000000,11.4600000000,11.6800000000,11.4900000000,7973910,93600267.6200,2,1.205200,1,1.653600,12.718184,1.716497,1.137991,-7.049337,0
2025-11-17,sz.002543,11.6100000000,11.6700000000,11.5100000000,11.5100000000,11.6800000000,4249659,49175185.9900,2,0.642300,1,-1.455500,12.533074,1.691514,1.121428,-6.946735,0
2025-11-18,sz.002543,11.5200000000,11.6200000000,11.3800000000,11.4700000000,11.5100000000,4567594,52484043.5800,2,0.690400,1,-0.347500,12.489518,1.685635,1.117531,-6.922594,0
2025-11-19,sz.002543,11.4100000000,11.4600000000,10.8800000000,10.9400000000,11.4700000000,9539932,105656561.4500,2,1.441900,1,-4.620700,11.912409,1.607746,1.065892,-6.602718,0
2025-11-20,sz.002543,10.9500000000,11.0700000000,10.9100000000,10.9800000000,10.9400000000,3466308,38086301.4400,2,0.523900,1,0.365600,11.955964,1.613625,1.069790,-6.626859,0
2025-11-21,sz.002543,10.9300000000,11.1100000000,10.8100000000,10.8100000000,10.9800000000,4769296,52330067.1500,2,0.720900,1,-1.548300,11.770854,1.588641,1.053226,-6.524258,0
2025-11-24,sz.002543,10.9000000000,10.9300000000,10.7800000000,10.8400000000,10.8100000000,3017971,32724822.3600,2,0.456200,1,0.277500,11.803520,1.593050,1.056149,-6.542364,0
2025-11-25,sz.002543,10.8600000000,10.9800000000,10.7900000000,10.8600000000,10.8400000000,3035160,33138463.0000,2,0.458800,1,0.184500,11.825298,1.595989,1.058098,-6.554435,0
2025-11-26,sz.002543,10.8600000000,10.9700000000,10.7700000000,10.7700000000,10.8600000000,2874848,31177408.2400,2,0.434500,1,-0.828700,11.727298,1.582763,1.049329,-6.500116,0
2025-11-27,sz.002543,10.7700000000,10.9700000000,10.7500000000,10.9000000000,10.7700000000,2758343,30076672.6100,2,0.416900,1,1.207100,11.868854,1.601868,1.061995,-6.578576,0
2025-11-28,sz.002543,10.8100000000,10.9600000000,10.7700000000,10.8700000000,10.9000000000,2397600,25975636.6500,2,0.362400,1,-0.275200,11.836187,1.597459,1.059072,-6.560470,0
2025-12-01,sz.002543,10.8300000000,10.9300000000,10.7700000000,10.8100000000,10.8700000000,4085700,44273284.0000,2,0.617500,1,-0.552000,11.770854,1.588641,1.053226,-6.524258,0
2025-12-02,sz.002543,10.8000000000,11.1200000000,10.6200000000,10.7300000000,10.8100000000,9002897,97241248.7900,2,1.360800,1,-0.740100,11.683743,1.576885,1.045432,-6.475975,0
2025-12-03,sz.002543,10.7400000000,10.7700000000,10.5400000000,10.6000000000,10.7300000000,5981405,63507247.5500,2,0.904100,1,-1.211600,11.542188,1.557780,1.032766,-6.397515,0
2025-12-04,sz.002543,10.5600000000,10.7200000000,10.4700000000,10.7100000000,10.6000000000,6535491,69248959.2400,2,0.987800,1,1.037700,11.661965,1.573945,1.043483,-6.463904,0
2025-12-05,sz.002543,10.6900000000,10.7300000000,10.4500000000,10.5600000000,10.7100000000,5087465,53649055.6800,2,0.769000,1,-1.400600,11.498632,1.551901,1.028869,-6.373373,0
2025-12-08,sz.002543,10.6300000000,10.6300000000,10.3600000000,10.4000000000,10.5600000000,7825247,81719340.0400,2,1.182800,1,-1.515200,11.324411,1.528388,1.013280,-6.276807,0
2025-12-09,sz.002543,10.3500000000,10.4000000000,10.1300000000,10.1700000000,10.4000000000,9028376,92322881.9900,2,1.364600,1,-2.211500,11.073967,1.494587,0.990871,-6.137993,0
2025-12-10,sz.002543,10.1200000000,10.1800000000,10.0500000000,10.0900000000,10.1700000000,8127958,82003216.5700,2,1.228500,1,-0.786600,10.986856,1.482830,0.983076,-6.089710,0
2025-12-11,sz.002543,10.0800000000,10.1000000000,9.8900000000,9.9200000000,10.0900000000,10385403,103643838.2600,2,1.569700,1,-1.684800,10.801746,1.457847,0.966513,-5.987108,0
2025-12-12,sz.002543,9.9600000000,9.9700000000,9.7800000000,9.9300000000,9.9200000000,23278039,229833168.8100,2,3.518400,1,0.100800,10.812635,1.459316,0.967487,-5.993143,0
2025-12-15,sz.002543,9.8500000000,10.0300000000,9.7900000000,9.9600000000,9.9300000000,11478753,114200253.3500,2,1.735000,1,0.302100,10.845301,1.463725,0.970410,-6.011250,0
2025-12-16,sz.002543,9.9500000000,9.9900000000,9.8300000000,9.8400000000,9.9600000000,6681438,65999813.9200,2,1.009900,1,-1.204800,10.714635,1.446090,0.958719,-5.938825,0
2025-12-17,sz.002543,9.8400000000,9.9000000000,9.7100000000,9.8500000000,9.8400000000,5513048,53905929.5200,2,0.833300,1,0.101600,10.725524,1.447560,0.959693,-5.944860,0
2025-12-18,sz.002543,9.7900000000,9.9100000000,9.7800000000,9.8600000000,9.8500000000,4639600,45780676.0000,2,0.701300,1,0.101500,10.736413,1.449029,0.960667,-5.950896,0
2025-12-19,sz.002543,9.8900000000,10.0800000000,9.8500000000,10.0400000000,9.8600000000,7705259,76989596.8200,2,1.164600,1,1.825600,10.932412,1.475482,0.978205,-6.059533,0
2025-12-22,sz.002543,10.0300000000,10.1100000000,9.9700000000,10.0100000000,10.0400000000,4865859,48730509.1800,2,0.735500,1,-0.298800,10.899745,1.471073,0.975282,-6.041427,0
2025-12-23,sz.002543,10.0000000000,10.0500000000,9.9700000000,9.9800000000,10.0100000000,3411353,34107365.1900,2,0.515600,1,-0.299700,10.867079,1.466664,0.972359,-6.023320,0
2025-12-24,sz.002543,9.9900000000,10.0500000000,9.9300000000,10.0500000000,9.9800000000,5412600,54159027.0000,2,0.818100,1,0.701400,10.943301,1.476952,0.979179,-6.065568,0
2025-12-25,sz.002543,10.3100000000,10.5400000000,10.1200000000,10.1700000000,10.0500000000,14823532,151985580.2600,2,2.240500,1,1.194000,11.073967,1.494587,0.990871,-6.137993,0
2025-12-26,sz.002543,10.1300000000,10.1900000000,10.0600000000,10.0800000000,10.1700000000,9460204,95587043.4000,2,1.429900,1,-0.885000,10.975967,1.481360,0.982102,-6.083674,0
2025-12-29,sz.002543,10.0900000000,10.2200000000,10.0100000000,10.1000000000,10.0800000000,6457607,65375016.9800,2,0.976000,1,0.198400,10.997745,1.484300,0.984050,-6.095745,0
2025-12-30,sz.002543,10.1000000000,10.3600000000,10.1000000000,10.2300000000,10.1000000000,10783085,110460119.0300,2,1.629800,1,1.287100,11.139300,1.503404,0.996716,-6.174205,0
2025-12-31,sz.002543,10.2700000000,10.3700000000,10.1800000000,10.2100000000,10.2300000000,6903449,70709808.6300,2,1.043400,1,-0.195500,11.117523,1.500465,0.994768,-6.162134,0
2026-01-05,sz.002543,10.2800000000,10.3000000000,10.1300000000,10.2300000000,10.2100000000,7494219,76711336.9800,2,1.132700,1,0.195900,11.139300,1.503404,0.996716,-6.174205,0
2026-01-06,sz.002543,10.2800000000,10.2800000000,10.1900000000,10.2600000000,10.2300000000,6597801,67547337.9600,2,0.997200,1,0.293300,11.171967,1.507813,0.999639,-6.192311,0
2026-01-07,sz.002543,10.2500000000,10.2500000000,10.1300000000,10.1600000000,10.2600000000,6478551,65948916.3500,2,0.979200,1,-0.974700,11.063078,1.493117,0.989896,-6.131957,0
2026-01-08,sz.002543,10.1600000000,10.2200000000,10.0700000000,10.1900000000,10.1600000000,4431480,45071870.3200,2,0.669800,1,0.295300,11.095745,1.497526,0.992819,-6.150064,0
2026-01-09,sz.002543,10.1500000000,10.2300000000,10.1500000000,10.2000000000,10.1900000000,5847561,59622547.1000,2,0.883800,1,0.098100,11.106634,1.498996,0.993794,-6.156099,0
2026-01-12,sz.002543,10.2000000000,10.3800000000,10.1700000000,10.3800000000,10.2000000000,7842943,80478909.7900,2,1.185400,1,1.764700,11.302633,1.525448,1.011331,-6.264736,0
2026-01-13,sz.002543,10.3800000000,10.3900000000,10.2000000000,10.2200000000,10.3800000000,7857390,80890129.9000,2,1.187600,1,-1.541400,11.128411,1.501935,0.995742,-6.168170,0
2026-01-14,sz.002543,10.2500000000,10.3500000000,10.0600000000,10.1400000000,10.2200000000,7897560,80719776.1400,2,1.193700,1,-0.782800,11.041301,1.490178,0.987948,-6.119887,0
2026-01-15,sz.002543,10.1500000000,10.2600000000,10.0900000000,10.2500000000,10.1400000000,5762961,58794459.4000,2,0.871000,1,1.084800,11.161078,1.506344,0.998665,-6.186276,0
2026-01-16,sz.002543,10.2800000000,10.3000000000,10.1200000000,10.1600000000,10.2500000000,6097559,62065736.8900,2,0.921600,1,-0.878000,11.063078,1.493117,0.989896,-6.131957,0
2026-01-19,sz.002543,10.1200000000,10.3500000000,10.1100000000,10.3300000000,10.1600000000,8429440,86758611.4400,2,1.274100,1,1.673200,11.248189,1.518100,1.006460,-6.234559,0
2026-01-20,sz.002543,10.3400000000,10.4100000000,10.2800000000,10.3700000000,10.3300000000,7392438,76596781.0500,2,1.117300,1,0.387200,11.291744,1.523979,1.010357,-6.258701,0
2026-01-21,sz.002543,10.3600000000,10.4800000000,10.3100000000,10.4300000000,10.3700000000,7682900,80022185.5200,2,1.161200,1,0.578600,11.357077,1.532796,1.016203,-6.294913,0
2026-01-22,sz.002543,10.4500000000,10.4600000000,10.3600000000,10.4400000000,10.4300000000,5787152,60210530.2800,2,0.874700,1,0.095900,11.367966,1.534266,1.017177,-6.300948,0
2026-01-23,sz.002543,10.4400000000,10.4600000000,10.4000000000,10.4500000000,10.4400000000,5597016,58343378.9700,2,0.846000,1,0.095800,11.378855,1.535736,1.018151,-6.306984,0
2026-01-26,sz.002543,10.4800000000,10.7100000000,10.3700000000,10.4600000000,10.4500000000,16111998,169388685.8100,2,2.435300,1,0.095700,11.389744,1.537205,1.019126,-6.313019,0
2026-01-27,sz.002543,10.4200000000,10.4400000000,10.1100000000,10.2200000000,10.4600000000,10825704,110718088.2400,2,1.636300,1,-2.294500,11.128411,1.501935,0.995742,-6.168170,0
2026-01-28,sz.002543,10.1800000000,10.2200000000,10.0700000000,10.1000000000,10.2200000000,7919419,80270018.0400,2,1.197000,1,-1.174200,10.997745,1.484300,0.984050,-6.095745,0
2026-01-29,sz.002543,10.0700000000,10.1700000000,10.0200000000,10.1000000000,10.1000000000,8055344,81326164.8000,2,1.217500,1,0.000000,10.997745,1.484300,0.984050,-6.095745,0
2026-01-30,sz.002543,10.0900000000,10.2200000000,9.9600000000,10.0400000000,10.1000000000,7518787,75656004.0300,2,1.136400,1,-0.594100,10.932412,1.475482,0.978205,-6.059533,0
2026-02-02,sz.002543,9.3100000000,9.3900000000,9.0400000000,9.0400000000,10.0400000000,21820076,201001565.4700,2,3.298000,1,-9.960200,9.843526,1.328522,0.880774,-5.455994,0
2026-02-03,sz.002543,9.1100000000,9.2300000000,9.0600000000,9.1600000000,9.0400000000,8336095,76273634.2100,2,1.260000,1,1.327400,9.974193,1.346157,0.892466,-5.528418,0
2026-02-04,sz.002543,9.1700000000,9.3300000000,9.1200000000,9.3000000000,9.1600000000,6597300,60955206.0000,2,0.997200,1,1.528400,10.126637,1.366731,0.906106,-5.612914,0
2026-02-05,sz.002543,9.3000000000,9.3800000000,9.2600000000,9.3000000000,9.3000000000,5548330,51713122.3000,2,0.838600,1,0.000000,10.126637,1.366731,0.906106,-5.612914,0
2026-02-06,sz.002543,9.2600000000,9.3800000000,9.2300000000,9.3200000000,9.3000000000,4749387,44327115.1700,2,0.717900,1,0.215100,10.148414,1.369671,0.908055,-5.624985,0
2026-02-09,sz.002543,9.3700000000,9.5600000000,9.3300000000,9.4200000000,9.3200000000,5527344,52081978.7400,2,0.835400,1,1.073000,10.257303,1.384367,0.917798,-5.685338,0
2026-02-10,sz.002543,9.4900000000,9.5300000000,9.3800000000,9.4400000000,9.4200000000,3832190,36234506.9000,2,0.579200,1,0.212300,10.279081,1.387306,0.919746,-5.697409,0
2026-02-11,sz.002543,9.4900000000,9.5200000000,9.3900000000,9.4000000000,9.4400000000,3657044,34500063.4200,2,0.552700,1,-0.423700,10.235525,1.381427,0.915849,-5.673268,0
2026-02-12,sz.002543,9.4100000000,9.4200000000,9.2200000000,9.2300000000,9.4000000000,4667426,43390819.4200,2,0.705500,1,-1.808500,10.050415,1.356444,0.899286,-5.570666,0
2026-02-13,sz.002543,9.2400000000,9.3000000000,9.1000000000,9.1100000000,9.2300000000,4496080,41286564.6800,2,0.679600,1,-1.300100,9.919748,1.338809,0.887594,-5.498241,0
2026-02-24,sz.002543,9.2100000000,9.3200000000,9.1600000000,9.2800000000,9.1100000000,4115413,38129915.4000,2,0.622000,1,1.866100,10.104859,1.363792,0.904157,-5.600843,0
2026-02-25,sz.002543,9.2800000000,9.3900000000,9.2500000000,9.3100000000,9.2800000000,3975700,37080107.0000,2,0.600900,1,0.323300,10.137525,1.368201,0.907080,-5.618949,0
2026-02-26,sz.002543,9.3400000000,9.3400000000,9.1600000000,9.1800000000,9.3100000000,4390320,40516811.2000,2,0.663600,1,-1.396300,9.995970,1.349096,0.894414,-5.540489,0
2026-02-27,sz.002543,9.1900000000,9.2400000000,9.1500000000,9.2400000000,9.1800000000,3711446,34184012.1200,2,0.561000,1,0.653600,10.061303,1.357914,0.900260,-5.576701,0
2026-03-02,sz.002543,9.1800000000,9.2000000000,8.9200000000,9.0800000000,9.2400000000,9521800,86351671.0000,2,1.439200,1,-1.731600,9.887082,1.334400,0.884671,-5.480135,0
2026-03-03,sz.002543,9.1000000000,9.1800000000,8.9200000000,8.9600000000,9.0800000000,6399751,57850995.4800,2,0.967300,1,-1.321600,9.756415,1.316765,0.872979,-5.407710,0
2026-03-04,sz.002543,8.9400000000,9.0200000000,8.7000000000,8.7200000000,8.9600000000,6821641,60095272.8800,2,1.031100,1,-2.678600,9.495083,1.281494,0.849596,-5.262861,0
2026-03-05,sz.002543,8.8900000000,8.9700000000,8.8200000000,8.9000000000,8.7200000000,5295198,47114462.2800,2,0.800300,1,2.064200,9.691082,1.307947,0.867134,-5.371498,0
2026-03-06,sz.002543,8.9000000000,9.0300000000,8.8700000000,9.0000000000,8.9000000000,4088549,36707140.8000,2,0.618000,1,1.123600,9.799971,1.322643,0.876877,-5.431852,0
2026-03-09,sz.002543,9.0000000000,9.0000000000,8.7900000000,8.8900000000,9.0000000000,6219500,55097156.0000,2,0.940100,1,-1.222200,9.680193,1.306478,0.866159,-5.365463,0
2026-03-10,sz.002543,8.9400000000,9.0000000000,8.8900000000,8.9400000000,8.8900000000,4335882,38750169.9800,2,0.655400,1,0.562400,9.734638,1.313826,0.871031,-5.395640,0
2026-03-11,sz.002543,8.9300000000,9.0100000000,8.9000000000,9.0100000000,8.9400000000,4547500,40725960.3000,2,0.687300,1,0.783000,9.810860,1.324113,0.877851,-5.437887,0
2026-03-12,sz.002543,8.9900000000,9.0100000000,8.8900000000,8.9000000000,9.0100000000,3985360,35623551.2000,2,0.602400,1,-1.220900,9.691082,1.307947,0.867134,-5.371498,0
2026-03-13,sz.002543,8.8600000000,9.7900000000,8.8500000000,9.7900000000,8.9000000000,22971877,219971017.1500,2,3.472100,1,10.000000,10.660191,1.438742,0.953847,-5.908648,0
2026-03-16,sz.002543,9.7000000000,9.8200000000,9.4000000000,9.5000000000,9.7900000000,33691167,320928980.8700,2,5.092300,1,-2.962200,10.344414,1.396123,0.925592,-5.733622,0
2026-03-17,sz.002543,9.5000000000,9.5700000000,9.3100000000,9.3100000000,9.5000000000,15722786,148286418.1400,2,2.376400,1,-2.000000,10.137525,1.368201,0.907080,-5.618949,0
2026-03-18,sz.002543,9.3500000000,9.3900000000,9.1800000000,9.2700000000,9.3100000000,11359500,105292149.0000,2,1.716900,1,-0.429600,10.093970,1.362322,0.903183,-5.594808,0
