date,code,open,high,low,close,preclose,volume,amount,adjustflag,turn,tradestatus,pctChg,peTTM,pbMRQ,psTTM,pcfNcfTTM,isST
2023-06-26,sz.002985,42.1902624000,42.5049683200,41.2166409600,41.2363100800,42.1017513600,2568811,108840099.6500,2,1.223300,1,-2.055600,47.242696,4.493600,14.735537,-51.289541,0
2023-06-27,sz.002985,41.2559792000,41.9640675200,41.2559792000,41.8460528000,41.2363100800,1887541,80049238.1200,2,0.898800,1,1.478700,47.941252,4.560045,14.953425,-52.047936,0
2023-06-28,sz.002985,41.8460528000,42.4656300800,40.8134240000,42.1804278400,41.8460528000,2838178,120404208.1100,2,1.351500,1,0.799100,48.324332,4.596483,15.072912,-52.463830,0
2023-06-29,sz.002985,42.1410896000,42.9475235200,42.0329094400,42.8098396800,42.1804278400,2576719,111821174.1300,2,1.227000,1,1.492200,49.045422,4.665071,15.297828,-53.246690,0
2023-06-30,sz.002985,42.7409977600,43.8621376000,42.5836448000,43.3900787200,42.8098396800,3915431,172770743.1500,2,1.867900,1,1.355400,49.710178,4.728301,15.505173,-53.968389,0
2023-07-03,sz.002985,43.4490860800,44.2555200000,43.3900787200,43.6556118400,43.3900787200,3271569,145712560.6400,2,1.557900,1,0.612000,50.014388,4.757236,15.600060,-54.298657,0
2023-07-04,sz.002985,43.7736265600,44.1080016000,43.4097478400,43.8227993600,43.6556118400,2483175,110610073.8400,2,1.182500,1,0.383000,50.205927,4.775455,15.659803,-54.506605,0
2023-07-05,sz.002985,43.8227993600,43.9604832000,43.2032220800,43.2327257600,43.8227993600,2246784,99429017.8300,2,1.069900,1,-1.346500,49.529905,4.711154,15.448944,-53.772674,0
2023-07-06,sz.002985,43.1540492800,43.5671008000,42.8983507200,42.9868617600,43.2327257600,2017567,88570161.1000,2,0.960800,1,-0.568700,49.248229,4.684361,15.361086,-53.466869,0
2023-07-07,sz.002985,42.8688470400,43.0065308800,42.1902624000,42.5836448000,42.9868617600,2049868,88748531.0800,2,0.976100,1,-0.938000,48.786280,4.640422,15.216999,-52.965350,0
2023-07-10,sz.002985,42.7705014400,43.4687552000,42.5148028800,42.7705014400,42.5836448000,1953355,85239582.0400,2,0.930200,1,0.438800,49.000354,4.660784,15.283771,-53.197761,0
2023-07-11,sz.002985,42.7901705600,43.4195824000,42.6033139200,43.3802441600,42.7705014400,2159480,94682906.9100,2,1.028300,1,1.425600,49.698911,4.727229,15.501659,-53.956156,0
2023-07-12,sz.002985,43.3704096000,43.4982588800,42.5246374400,42.6131484800,43.3802441600,1916853,83831318.7300,2,0.912800,1,-1.768300,48.820082,4.643637,15.227542,-53.002046,0
2023-07-13,sz.002985,42.7508323200,43.1245456000,42.5738102400,42.9180198400,42.6131484800,1789000,77960850.2300,2,0.851900,1,0.715400,49.169360,4.676859,15.336486,-53.381244,0
2023-07-14,sz.002985,42.9376889600,43.2917331200,42.6623212800,42.6819904000,42.9180198400,1542045,67319948.2000,2,0.734300,1,-0.550000,48.898951,4.651139,15.252142,-53.087671,0
2023-07-17,sz.002985,42.7901705600,42.8688470400,42.3279462400,42.5443065600,42.6819904000,1373370,59424647.1000,2,0.654000,1,-0.322600,48.741212,4.636135,15.202942,-52.916421,0
2023-07-18,sz.002985,42.5934793600,43.1343801600,42.1902624000,42.9573580800,42.5443065600,1828285,79554215.0900,2,0.870600,1,0.970900,49.214428,4.681146,15.350543,-53.430173,0
2023-07-19,sz.002985,42.8786816000,43.0065308800,42.0427440000,42.1804278400,42.9573580800,1965316,84682121.6500,2,0.935900,1,-1.808600,48.324332,4.596483,15.072912,-52.463830,0
2023-07-20,sz.002985,42.2689388800,42.5541411200,41.4133321600,41.4723395200,42.1804278400,2380595,101490500.1600,2,1.133600,1,-1.678700,47.513105,4.519321,14.819881,-51.583113,0
2023-07-21,sz.002985,41.4034976000,41.6985344000,41.2068064000,41.3346556800,41.4723395200,1780388,74941710.8300,2,0.847800,1,-0.332000,47.355366,4.504317,14.770680,-51.411862,0
2023-07-24,sz.002985,41.4625049600,41.4625049600,40.9707769600,41.0887916800,41.3346556800,1781646,74588011.8800,2,0.848400,1,-0.594800,47.073690,4.477525,14.682822,-51.106058,0
2023-07-25,sz.002985,41.7968800000,41.7968800000,41.1674681600,41.6493616000,41.0887916800,2061512,86854400.9700,2,0.981700,1,1.364300,47.715912,4.538611,14.883139,-51.803292,0
2023-07-26,sz.002985,41.6493616000,41.6591961600,41.1773027200,41.3543248000,41.6493616000,2023676,85103720.9800,2,0.963700,1,-0.708400,47.377900,4.506461,14.777709,-51.436327,0
2023-07-27,sz.002985,41.3838284800,41.4920086400,40.5380563200,40.6659056000,41.3543248000,3661983,152624621.4100,2,1.743800,1,-1.664700,46.589208,4.431442,14.531707,-50.580074,0
2023-07-28,sz.002985,40.4495452800,40.9707769600,40.0266592000,40.9314387200,40.6659056000,2636871,108500089.2000,2,1.255700,1,0.653000,46.893418,4.460378,14.626593,-50.910343,0
2023-07-31,sz.002985,40.8822659200,41.4034976000,40.7445820800,41.0101152000,40.9314387200,4106003,170954679.3300,2,1.955300,1,0.192200,46.983554,4.468951,14.654708,-51.008200,0
2023-08-01,sz.002985,40.6855747200,40.6855747200,38.4826332800,39.0432032000,41.0101152000,10089247,402425848.0500,2,4.813100,1,-4.796200,37.399609,4.101451,13.468282,-93.183878,0
2023-08-02,sz.002985,38.8956848000,38.8956848000,38.4236259200,38.5416406400,39.0432032000,3690581,144908882.6600,2,1.760600,1,-1.284600,36.919161,4.048763,13.295264,-91.986806,0
2023-08-03,sz.002985,38.8268428800,38.8268428800,38.4629641600,38.6498208000,38.5416406400,2243731,88105684.5300,2,1.070400,1,0.280700,37.022787,4.060127,13.332582,-92.244998,0
2023-08-04,sz.002985,38.8956848000,38.9940304000,38.4826332800,38.7383318400,38.6498208000,2977579,117316796.0300,2,1.420500,1,0.229000,37.107572,4.069425,13.363114,-92.456246,0
2023-08-07,sz.002985,38.6989936000,38.8956848000,38.3646185600,38.6596553600,38.7383318400,2373261,93280998.2100,2,1.132200,1,-0.203100,37.032207,4.061160,13.335974,-92.268470,0
2023-08-08,sz.002985,38.5514752000,38.7088281600,37.9614016000,38.1089200000,38.6596553600,3724626,144520501.3700,2,1.776800,1,-1.424600,36.504656,4.003306,13.145993,-90.954037,0
2023-08-09,sz.002985,38.1187545600,38.7383318400,38.0105744000,38.6989936000,38.1089200000,2565588,100223799.5600,2,1.223900,1,1.548400,37.069890,4.065293,13.349544,-92.362358,0
2023-08-10,sz.002985,38.6989936000,38.8071737600,38.3056112000,38.4039568000,38.6989936000,2277505,89062709.8000,2,1.086500,1,-0.762400,36.787273,4.034299,13.247769,-91.658198,0
2023-08-11,sz.002985,38.4236259200,38.4236259200,37.6565302400,37.7548758400,38.4039568000,2607079,100703650.2900,2,1.243700,1,-1.690100,36.165516,3.966114,13.023863,-90.109045,0
2023-08-14,sz.002985,37.5286809600,38.0007398400,37.3811625600,37.9614016000,37.7548758400,1926635,73801533.1800,2,0.919100,1,0.547000,36.363348,3.987809,13.095106,-90.601957,0
2023-08-15,sz.002985,37.9614016000,38.0204089600,37.2533132800,37.4303353600,37.9614016000,1780728,67946616.7400,2,0.849500,1,-1.399000,35.854638,3.932021,12.911910,-89.334469,0
2023-08-16,sz.002985,37.3614934400,37.5483500800,36.8009235200,36.8796000000,37.4303353600,2082301,78618715.8100,2,0.993400,1,-1.471400,35.327087,3.874167,12.721929,-88.020036,0
2023-08-17,sz.002985,36.6730742400,38.1384236800,36.4763830400,38.0302435200,36.8796000000,3864987,147386506.3300,2,1.843800,1,3.120000,36.429292,3.995041,13.118853,-90.766261,0
2023-08-18,sz.002985,37.8335523200,38.3351148800,37.5090118400,37.5286809600,38.0302435200,2637706,101776274.9200,2,1.258300,1,-1.318900,35.948843,3.942352,12.945835,-89.569189,0
2023-08-21,sz.002985,37.8335523200,37.8335523200,36.4763830400,36.4862176000,37.5286809600,2997458,112872957.6800,2,1.429900,1,-2.777800,34.950264,3.832843,12.586228,-87.081156,0
2023-08-22,sz.002985,36.5648940800,36.8599308800,35.7584601600,36.7320816000,36.4862176000,2888526,106843287.2300,2,1.378000,1,0.673900,35.185778,3.858670,12.671041,-87.667956,0
2023-08-23,sz.002985,36.6042323200,36.6534051200,35.9748204800,36.0043241600,36.7320816000,1743110,64115757.9800,2,0.831500,1,-1.981300,34.488657,3.782220,12.419995,-85.931027,0
2023-08-24,sz.002985,36.0731660800,36.3485337600,35.6011072000,35.9354822400,36.0043241600,1696726,62100729.5400,2,0.809400,1,-0.191200,34.422713,3.774988,12.396248,-85.766723,0
2023-08-25,sz.002985,35.7191219200,35.9846550400,35.0995446400,35.2077248000,35.9354822400,2167332,78138981.4800,2,1.033900,1,-2.025200,33.725592,3.698538,12.145201,-84.029794,0
2023-08-28,sz.002985,37.0074492800,37.1746368000,35.6994528000,35.6994528000,35.2077248000,3256310,119852360.2400,2,1.553400,1,1.396600,34.196620,3.750194,12.314827,-85.203395,0
2023-08-29,sz.002985,35.6896182400,37.2336441600,35.5125961600,37.1844713600,35.6994528000,3788368,141613656.4300,2,1.807200,1,4.159800,35.619124,3.906193,12.827097,-88.747668,0
2023-08-30,sz.002985,37.1844713600,37.9318979200,37.1352985600,37.6368611200,37.1844713600,2686766,102751562.2500,2,1.281700,1,1.216600,36.052469,3.953717,12.983153,-89.827381,0
2023-08-31,sz.002985,37.5483500800,37.7155376000,37.2238096000,37.5876883200,37.6368611200,1693584,64453440.9800,2,0.807900,1,-0.130700,36.005367,3.948551,12.966190,-89.710021,0
2023-09-01,sz.002985,37.4008316800,37.6270265600,36.8796000000,37.0762912000,37.5876883200,1395899,52762338.1000,2,0.665900,1,-1.360500,35.515498,3.894829,12.789779,-88.489476,0
2023-09-04,sz.002985,37.2533132800,37.4598390400,36.9484419200,37.4106662400,37.0762912000,1709158,64705897.0200,2,0.815400,1,0.901900,35.835797,3.929955,12.905125,-89.287525,0
2023-09-05,sz.002985,37.4008316800,37.7647104000,37.2729824000,37.3614934400,37.4106662400,2201162,84047840.3000,2,1.050100,1,-0.131400,35.788694,3.924789,12.888162,-89.170165,0
2023-09-06,sz.002985,37.1746368000,38.4039568000,37.1352985600,38.2859420800,37.3614934400,3273730,126419734.0100,2,1.561700,1,2.474300,36.674226,4.021902,13.207058,-91.376533,0
2023-09-07,sz.002985,38.1384236800,38.2761075200,37.7647104000,37.9122288000,38.2859420800,2347726,90663570.7500,2,1.120000,1,-0.976100,36.316245,3.982644,13.078143,-90.484597,0
2023-09-08,sz.002985,37.7745449600,38.7088281600,37.6171920000,38.5318060800,37.9122288000,4669666,182638629.1500,2,2.227700,1,1.634200,36.909740,4.047730,13.291871,-91.963334,0
2023-09-11,sz.002985,38.5023024000,38.6596553600,37.7155376000,38.1089200000,38.5318060800,2936015,113682393.1100,2,1.400600,1,-1.097500,36.504656,4.003306,13.145993,-90.954037,0
2023-09-12,sz.002985,38.1089200000,38.2564384000,37.9417324800,38.1187545600,38.1089200000,1302364,50483007.6800,2,0.621300,1,0.025800,36.514077,4.004339,13.149386,-90.977509,0
2023-09-13,sz.002985,38.0400780800,38.1580928000,37.3221552000,37.4598390400,38.1187545600,1687293,64518148.4200,2,0.804900,1,-1.728600,35.882899,3.935121,12.922087,-89.404885,0
2023-09-14,sz.002985,37.5286809600,37.7352067200,36.8796000000,37.0467875200,37.4598390400,1545255,58414064.8400,2,0.737200,1,-1.102700,35.487236,3.891730,12.779602,-88.419060,0
2023-09-15,sz.002985,37.2533132800,37.4598390400,36.8009235200,37.1549676800,37.0467875200,1363885,51402889.3800,2,0.650600,1,0.292000,35.590862,3.903094,12.816919,-88.677252,0
2023-09-18,sz.002985,37.0762912000,37.9122288000,36.9582764800,37.4893427200,37.1549676800,2077053,79298311.2700,2,0.990900,1,0.899900,35.911161,3.938220,12.932265,-89.475301,0
2023-09-19,sz.002985,37.4008316800,37.5483500800,36.3878720000,36.7025779200,37.4893427200,2222562,82976824.0200,2,1.060300,1,-2.098600,35.157517,3.855571,12.660864,-87.597540,0
2023-09-20,sz.002985,36.5157212800,36.8009235200,36.4075411200,36.4567139200,36.7025779200,1527163,56807025.1600,2,0.728500,1,-0.669900,34.922003,3.829743,12.576051,-87.010740,0
2023-09-21,sz.002985,36.3583683200,36.9189382400,36.0928352000,36.5550595200,36.4567139200,1236761,45998161.0300,2,0.590000,1,0.269800,35.016208,3.840074,12.609976,-87.245460,0
2023-09-22,sz.002985,36.5550595200,37.0172838400,36.2993609600,36.9582764800,36.5550595200,1313873,49007164.3800,2,0.626800,1,1.103000,35.402451,3.882432,12.749069,-88.207812,0
2023-09-25,sz.002985,36.8796000000,36.9779456000,36.2993609600,36.5353904000,36.9582764800,1330112,49389520.8600,2,0.634500,1,-1.144200,34.997367,3.838008,12.603191,-87.198516,0
2023-09-26,sz.002985,36.3386992000,36.5648940800,36.0043241600,36.1026697600,36.5353904000,1112166,40924429.9900,2,0.530600,1,-1.184400,34.582863,3.792551,12.453920,-86.165747,0
2023-09-27,sz.002985,36.0928352000,36.7517507200,36.0338278400,36.5845632000,36.1026697600,1292541,47955270.6400,2,0.616600,1,1.334800,35.044470,3.843174,12.620153,-87.315876,0
2023-09-28,sz.002985,36.6042323200,37.0467875200,36.5058867200,36.7812544000,36.5845632000,1358159,50839458.5800,2,0.647900,1,0.537600,35.232881,3.863836,12.688004,-87.785316,0
2023-10-09,sz.002985,36.8205926400,37.2238096000,36.7025779200,37.1057948800,36.7812544000,1706609,64208658.8100,2,0.814100,1,0.882400,35.543759,3.897929,12.799957,-88.559892,0
2023-10-10,sz.002985,37.1057948800,37.5778537600,36.9877801600,37.0566220800,37.1057948800,1735465,65795103.8700,2,0.827900,1,-0.132500,35.496657,3.892763,12.782994,-88.442532,0
2023-10-11,sz.002985,37.1549676800,37.4500044800,36.2501881600,36.2895264000,37.0566220800,2508122,93874715.1300,2,1.196500,1,-2.070100,34.761853,3.812180,12.518378,-86.611716,0
2023-10-12,sz.002985,36.2206844800,36.6829088000,36.1321734400,36.5648940800,36.2895264000,1906403,70539193.3300,2,0.909400,1,0.758800,35.025629,3.841107,12.613368,-87.268932,0
2023-10-13,sz.002985,36.4370448000,36.4370448000,35.8076329600,35.9944896000,36.5648940800,1322120,48543512.1000,2,0.630700,1,-1.560000,34.479236,3.781187,12.416603,-85.907555,0
2023-10-16,sz.002985,36.0436624000,36.2698572800,35.5027616000,35.6011072000,35.9944896000,1603068,58329932.8200,2,0.764700,1,-1.092900,34.102414,3.739863,12.280902,-84.968675,0
2023-10-17,sz.002985,35.4929270400,35.7289564800,34.6078166400,35.4929270400,35.6011072000,2586441,92512427.5500,2,1.233900,1,-0.303900,33.998788,3.728498,12.243584,-84.710483,0
2023-10-18,sz.002985,35.3650777600,35.4929270400,34.8438460800,34.8930188800,35.4929270400,1087320,38757415.3700,2,0.518700,1,-1.690200,33.424134,3.665479,12.036641,-83.278690,0
2023-10-19,sz.002985,34.8733497600,35.3257395200,34.6668240000,34.6963276800,34.8930188800,1457968,51835356.8600,2,0.695500,1,-0.563700,33.235723,3.644816,11.968791,-82.809250,0
2023-10-20,sz.002985,34.5389747200,35.0602064000,34.1750960000,34.2537724800,34.6963276800,1646836,57711982.9200,2,0.785600,1,-1.275500,32.811798,3.598326,11.816128,-81.753010,0
2023-10-23,sz.002985,34.1455923200,34.2537724800,33.2408128000,33.4571731200,34.2537724800,1526743,52255124.2100,2,0.728300,1,-2.325600,32.048733,3.514644,11.541334,-79.851777,0
2023-10-24,sz.002985,33.6243606400,33.9193974400,33.2211436800,33.6833680000,33.4571731200,1404482,47926527.5100,2,0.670000,1,0.676100,32.265406,3.538406,11.619362,-80.391633,0
2023-10-25,sz.002985,33.9292320000,34.6569894400,33.8112172800,34.0079084800,33.6833680000,1558549,54132547.1500,2,0.743500,1,0.963500,32.576284,3.572499,11.731315,-81.166209,0
2023-10-26,sz.002985,33.7325408000,34.4701328000,33.3686620800,34.4209600000,34.0079084800,1538891,53098984.2500,2,0.734100,1,1.214600,32.971947,3.615889,11.873800,-82.152034,0
2023-10-27,sz.002985,34.1259232000,34.6668240000,33.3883312000,34.3816217600,34.4209600000,2721673,94155236.9300,2,1.298400,1,-0.114300,34.440762,3.501982,12.593088,322.893874,0
2023-10-30,sz.002985,34.2832761600,34.6176512000,33.9292320000,34.4898019200,34.3816217600,2485766,86725651.4300,2,1.185800,1,0.314600,34.549128,3.513001,12.632711,323.909844,0
2023-10-31,sz.002985,34.4799673600,34.5881475200,33.8308864000,33.9784048000,34.4898019200,2638456,91581221.9200,2,1.258700,1,-1.482700,34.036851,3.460912,12.445400,319.107075,0
2023-11-01,sz.002985,33.9882393600,34.2242688000,33.8308864000,34.0472467200,33.9784048000,1601145,55345621.2500,2,0.763800,1,0.202600,34.105811,3.467924,12.470615,319.753602,0
2023-11-02,sz.002985,34.4406291200,35.6011072000,34.4406291200,34.8143424000,34.0472467200,6176015,220358246.9600,2,2.946300,1,2.253000,34.874227,3.546057,12.751582,326.957756,0
2023-11-03,sz.002985,34.4209600000,35.0110336000,34.2439379200,34.4406291200,34.8143424000,4374617,153578424.7000,2,2.086900,1,-1.073400,34.499870,3.507992,12.614701,323.448040,0
2023-11-06,sz.002985,34.4701328000,35.1487174400,34.4307945600,34.9618608000,34.4406291200,4071769,144059729.9600,2,1.942400,1,1.513400,35.021999,3.561083,12.805614,328.343170,0
2023-11-07,sz.002985,34.8143424000,35.1585520000,34.6373203200,35.0110336000,34.9618608000,2515173,89299635.3400,2,1.199900,1,0.140600,35.071256,3.566091,12.823625,328.804975,0
2023-11-08,sz.002985,35.0110336000,35.2273939200,34.6963276800,35.0208681600,35.0110336000,2924702,104001893.8500,2,1.395200,1,0.028100,35.081108,3.567093,12.827227,328.897336,0
2023-11-09,sz.002985,34.9716953600,35.2077248000,34.7258313600,35.0503718400,35.0208681600,2159051,76801347.6600,2,1.030000,1,0.084200,35.110662,3.570098,12.838033,329.174418,0
2023-11-10,sz.002985,35.0011990400,35.1388828800,34.6766585600,35.0798755200,35.0503718400,1972068,70153582.6700,2,0.940800,1,0.084200,35.140216,3.573103,12.848840,329.451501,0
2023-11-13,sz.002985,35.0503718400,37.0369529600,35.0307027200,36.5353904000,35.0798755200,6621437,242850140.0000,2,3.158700,1,4.149100,36.598235,3.721357,13.381957,343.120922,0
2023-11-14,sz.002985,36.3878720000,36.9287728000,36.2993609600,36.7124124800,36.5353904000,3769693,140303658.0800,2,1.798300,1,0.484500,36.775562,3.739387,13.446795,344.783419,0
2023-11-15,sz.002985,37.0172838400,37.1057948800,36.2600227200,36.3190300800,36.7124124800,3009876,111704504.6600,2,1.435900,1,-1.071500,36.381502,3.699319,13.302710,341.088981,0
2023-11-16,sz.002985,36.3386992000,39.1415488000,36.2796918400,37.8728905600,36.3190300800,9821449,379805084.4000,2,4.685300,1,4.278400,37.938036,3.857589,13.871848,355.682010,0
2023-11-17,sz.002985,37.8630560000,37.9909052800,37.3024860800,37.9614016000,37.8728905600,3872685,148169783.2000,2,1.847500,1,0.233700,38.026699,3.866605,13.904267,356.513259,0
2023-11-20,sz.002985,37.9614016000,38.4531296000,37.4893427200,37.8827251200,37.9614016000,3198075,123038298.3100,2,1.525600,1,-0.207300,37.947887,3.858591,13.875450,355.774371,0
2023-11-21,sz.002985,37.8433868800,37.9023942400,37.1844713600,37.2828169600,37.8827251200,2994125,114208239.0600,2,1.428300,1,-1.583600,37.346947,3.797487,13.655720,350.140354,0
2023-11-22,sz.002985,37.1746368000,37.5680192000,36.8304272000,36.8796000000,37.2828169600,1859465,70047588.9700,2,0.887100,1,-1.081500,36.943037,3.756417,13.508032,346.353555,0
2023-11-23,sz.002985,36.8304272000,37.1746368000,36.6239014400,37.1746368000,36.8796000000,1582731,59489390.7000,2,0.755000,1,0.800000,37.238581,3.786468,13.616096,349.124383,0
2023-11-24,sz.002985,37.0467875200,37.0664566400,36.0928352000,36.1911808000,37.1746368000,2058491,76293989.9000,2,0.982000,1,-2.645500,36.253433,3.686297,13.255882,339.888288,0
2023-11-27,sz.002985,36.1911808000,36.4272102400,35.6011072000,35.9059785600,36.1911808000,2053038,75120516.6600,2,0.979400,1,-0.788000,35.967740,3.657247,13.151420,337.209821,0
2023-11-28,sz.002985,36.0338278400,36.2108499200,35.6502800000,36.1026697600,35.9059785600,1372532,50267454.2000,2,0.654800,1,0.547800,36.164770,3.677281,13.223463,339.057040,0
2023-11-29,sz.002985,36.0928352000,36.5943977600,35.9059785600,36.1715116800,36.1026697600,1631345,60198363.7400,2,0.778200,1,0.190700,36.233730,3.684293,13.248678,339.703566,0
2023-11-30,sz.002985,36.0239932800,36.0731660800,35.6011072000,35.8568057600,36.1715116800,1621699,59033176.9400,2,0.773600,1,-0.870000,35.918483,3.652239,13.133409,336.748016,0
2023-12-01,sz.002985,35.7584601600,36.5157212800,35.6011072000,36.2895264000,35.8568057600,1650264,60481516.6500,2,0.787300,1,1.206800,36.351948,3.696314,13.291903,340.811898,0
2023-12-04,sz.002985,36.2698572800,36.6730742400,36.0830006400,36.3977065600,36.2895264000,1592907,58925212.2100,2,0.759900,1,0.298100,36.460314,3.707333,13.331527,341.827868,0
2023-12-05,sz.002985,36.1715116800,36.4173756800,35.4339196800,35.5814380800,36.3977065600,1809486,65797103.5000,2,0.863200,1,-2.242600,35.642642,3.624191,13.032549,334.161910,0
2023-12-06,sz.002985,35.4437542400,35.8666403200,35.3159049600,35.6109417600,35.5814380800,1514664,54811967.7200,2,0.722600,1,0.082900,35.672196,3.627196,13.043355,334.438992,0
2023-12-07,sz.002985,35.4240851200,35.5912726400,35.0011990400,35.1290483200,35.6109417600,2208186,79082126.8100,2,1.053400,1,-1.353200,35.189474,3.578112,12.866851,329.913306,0
2023-12-08,sz.002985,34.7159968000,34.7946732800,31.6181104000,31.6574486400,35.1290483200,12696649,413460900.4200,2,6.056900,1,-9.882400,31.711903,3.224508,11.595294,297.309891,0
2023-12-11,sz.002985,31.7557942400,34.3127798400,30.7133308800,34.2341033600,31.6574486400,12042753,400087124.3000,2,5.745000,1,8.139200,34.292989,3.486956,12.539056,321.508460,0
2023-12-12,sz.002985,34.2045996800,35.0798755200,33.9292320000,34.4012908800,34.2341033600,5103895,179435266.0200,2,2.434800,1,0.488400,34.460465,3.503985,12.600292,323.078596,0
2023-12-13,sz.002985,34.2341033600,35.1782211200,34.2242688000,34.2734416000,34.4012908800,3167809,111759052.0300,2,1.511200,1,-0.371600,34.332395,3.490963,12.553464,321.877903,0
2023-12-14,sz.002985,34.2832761600,34.5193056000,33.8210518400,33.8702246400,34.2734416000,2073088,71862130.3700,2,0.989000,1,-1.176500,33.928485,3.449893,12.405776,318.091105,0
2023-12-15,sz.002985,33.8997283200,34.2144342400,33.7227062400,33.8112172800,33.8702246400,1284105,44264184.4300,2,0.612600,1,-0.174200,33.869376,3.443883,12.384164,317.536939,0
2023-12-18,sz.002985,33.3194892800,33.4375040000,32.3557024000,32.4638825600,33.8112172800,2910847,96823941.1900,2,1.388600,1,-3.984900,32.519724,3.306648,11.890670,304.883489,0
2023-12-19,sz.002985,32.3261987200,32.9457760000,31.9623200000,32.2475222400,32.4638825600,1490604,48804181.5200,2,0.711100,1,-0.666500,32.302991,3.284611,11.811423,302.851548,0
2023-12-20,sz.002985,32.4048752000,32.4540480000,31.6377795200,31.7164560000,32.2475222400,1528382,49737666.3100,2,0.729100,1,-1.646800,31.771012,3.230518,11.616907,297.864057,0
2023-12-21,sz.002985,31.7164560000,31.9328163200,31.1853897600,31.5591030400,31.7164560000,1637314,52523417.0200,2,0.781100,1,-0.496100,31.613388,3.214491,11.559273,296.386282,0
2023-12-22,sz.002985,31.6377795200,33.0047833600,31.6279449600,32.6114009600,31.5591030400,3336076,109962293.4000,2,1.591500,1,3.334400,32.667496,3.321674,11.944702,306.268903,0
2023-12-25,sz.002985,32.6114009600,33.8112172800,32.3557024000,33.4866768000,32.6114009600,2843822,96398713.8400,2,1.356600,1,2.684000,33.544277,3.410826,12.265293,314.489028,0
2023-12-26,sz.002985,33.4178348800,33.4768422400,32.5327244800,32.8179267200,33.4866768000,1672430,55953569.3000,2,0.797800,1,-1.997100,32.874377,3.342710,12.020347,308.208483,0
2023-12-27,sz.002985,32.7097465600,32.8474304000,32.2671913600,32.4442134400,32.8179267200,1607344,53015988.9500,2,0.766800,1,-1.138700,32.500021,3.304645,11.883466,304.698767,0
2023-12-28,sz.002985,32.6999120000,33.6735334400,32.4540480000,33.5358496000,32.4442134400,2367971,80020403.6000,2,1.129600,1,3.364700,33.593535,3.415835,12.283304,314.950832,0
2023-12-29,sz.002985,33.6243606400,34.2341033600,33.4571731200,34.1062540800,33.5358496000,1850479,63944711.9400,2,0.882800,1,1.700900,34.164920,3.473934,12.492228,320.307767,0
2024-01-02,sz.002985,34.1160886400,34.6668240000,33.8407209600,33.9095628800,34.1062540800,2129521,73978500.5800,2,1.015900,1,-0.576700,33.967891,3.453900,12.420185,318.460548,0
2024-01-03,sz.002985,33.6833680000,34.0865849600,33.2899856000,33.5260150400,33.9095628800,2208805,75289189.0300,2,1.053700,1,-1.131100,33.583683,3.414833,12.279701,314.858471,0
2024-01-04,sz.002985,33.4571731200,34.5193056000,33.3391584000,34.1750960000,33.5260150400,4183407,145067256.2800,2,1.995700,1,1.936100,34.233881,3.480946,12.517443,320.954294,0
2024-01-05,sz.002985,34.0472467200,34.0964195200,32.6310700800,32.9457760000,34.1750960000,2825204,95642122.8200,2,1.347800,1,-3.597100,33.002446,3.355732,12.067175,309.409176,0
2024-01-08,sz.002985,32.9654451200,33.0244524800,31.3525772800,31.3624118400,32.9457760000,2964248,95980220.2800,2,1.414100,1,-4.806000,31.416358,3.194457,11.487230,294.539063,0
2024-01-09,sz.002985,31.4312537600,31.7164560000,30.9001875200,31.1558860800,31.3624118400,2068540,65719650.6000,2,0.986800,1,-0.658500,31.209477,3.173421,11.411585,292.599483,0
2024-01-10,sz.002985,30.9788640000,31.2640662400,30.3691212800,30.6346544000,31.1558860800,1733868,54198207.4400,2,0.827100,1,-1.673000,30.687349,3.120330,11.220672,287.704353,0
2024-01-11,sz.002985,30.6739926400,31.5394339200,30.4871360000,31.4214192000,30.6346544000,2310415,72951617.3000,2,1.102200,1,2.568200,31.475467,3.200467,11.508843,295.093229,0
2024-01-12,sz.002985,31.4705920000,31.8541398400,31.2837353600,31.5197648000,31.4214192000,1726180,55488755.7200,2,0.823500,1,0.313000,31.573982,3.210484,11.544864,296.016838,0
2024-01-15,sz.002985,31.4509228800,31.4509228800,30.1527609600,30.2904448000,31.5197648000,3530510,109701342.7900,2,1.684200,1,-3.900200,30.342547,3.085270,11.094597,284.471720,0
2024-01-16,sz.002985,30.4084595200,30.6838272000,29.9167315200,30.6838272000,30.2904448000,2325635,71632448.9600,2,1.109400,1,1.298700,30.736606,3.125339,11.238682,288.166157,0
2024-01-17,sz.002985,30.6346544000,30.7526691200,29.3266579200,29.3659961600,30.6838272000,2231015,67751476.4700,2,1.064300,1,-4.294900,29.416509,2.991109,10.755995,275.789790,0
2024-01-18,sz.002985,29.3659961600,29.4151689600,28.1563452800,28.9431100800,29.3659961600,2860379,83413428.1500,2,1.364500,1,-1.440100,28.992895,2.948036,10.601103,271.818270,0
2024-01-19,sz.002985,29.0807939200,29.2774851200,28.6579078400,28.9824483200,28.9431100800,1513106,44624852.1800,2,0.721800,1,0.135900,29.032301,2.952043,10.615512,272.187714,0
2024-01-22,sz.002985,28.8152608000,28.9824483200,26.9368598400,27.1532201600,28.9824483200,3068505,87283980.2900,2,1.463800,1,-6.311500,27.199926,2.765724,9.945514,255.008577,0
2024-01-23,sz.002985,27.1237164800,27.8711430400,26.9073561600,27.5269334400,27.1532201600,2518915,70287896.9000,2,1.201600,1,1.376300,27.574283,2.803789,10.082395,258.518293,0
2024-01-24,sz.002985,27.4974297600,27.7334592000,26.4549664000,27.6056099200,27.5269334400,2327804,64287201.2700,2,1.110500,1,0.285800,27.653094,2.811803,10.111212,259.257181,0
2024-01-25,sz.002985,27.5957753600,28.4218784000,27.3990841600,28.4120438400,27.6056099200,2129228,60769188.9800,2,1.015700,1,2.921300,28.460915,2.893943,10.406588,266.830779,0
2024-01-26,sz.002985,28.4218784000,28.5202240000,27.8711430400,27.9694886400,28.4120438400,1641989,47075308.7600,2,0.783300,1,-1.557600,28.017599,2.848866,10.244491,262.674536,0
2024-01-29,sz.002985,28.1071724800,28.3333673600,27.1827238400,27.2220620800,27.9694886400,1708707,47911418.1700,2,0.815100,1,-2.672300,27.268887,2.772736,9.970729,255.655104,0
2024-01-30,sz.002985,27.0548745600,27.3892496000,26.3762899200,26.4254627200,27.2220620800,1607102,44015558.8600,2,0.766700,1,-2.926300,26.470917,2.691598,9.678955,248.173867,0
2024-01-31,sz.002985,26.5533120000,26.5533120000,24.9896169600,25.0879625600,26.4254627200,3063454,79497745.0000,2,1.461400,1,-5.061400,25.131116,2.555365,9.189064,235.612778,0
2024-02-01,sz.002985,25.0977971200,25.7665472000,24.7142492800,25.2256464000,25.0879625600,2593177,66396123.1800,2,1.237100,1,0.548800,25.269037,2.569389,9.239494,236.905831,0
2024-02-02,sz.002985,25.2158118400,25.5403523200,22.8653520000,23.6226131200,25.2256464000,3869803,94670850.5800,2,1.846100,1,-6.354800,23.663246,2.406110,8.652345,221.850997,0
2024-02-05,sz.002985,23.2292307200,23.3865836800,21.2623187200,21.4393408000,23.6226131200,5260435,117905141.3800,2,2.509500,1,-9.242300,21.476219,2.183730,7.852669,201.346866,0
2024-02-06,sz.002985,20.7312524800,23.5832748800,20.6624105600,23.4554256000,21.4393408000,4676626,106397508.5400,2,2.231000,1,9.403700,23.495771,2.389081,8.591108,220.280861,0
2024-02-07,sz.002985,23.5931094400,25.3043228800,23.5045984000,24.8420985600,23.4554256000,5387749,135608703.4200,2,2.570200,1,5.911900,24.884829,2.530322,9.099010,233.303754,0
2024-02-08,sz.002985,25.0781280000,26.7893414400,24.9994515200,26.2386060800,24.8420985600,4470762,119152522.0600,2,2.132800,1,5.621500,26.283739,2.672565,9.610514,246.419009,0
2024-02-19,sz.002985,26.2681097600,27.0253708800,25.1273008000,25.6386979200,26.2386060800,4754028,124763920.1400,2,2.267900,1,-2.286400,25.682799,2.611461,9.390784,240.784991,0
2024-02-20,sz.002985,25.4518412800,25.6091942400,25.0289552000,25.5206832000,25.6386979200,2862882,73672773.9500,2,1.365700,1,-0.460300,25.564581,2.599440,9.347558,239.676660,0
2024-02-21,sz.002985,25.3829993600,26.7106649600,25.1273008000,25.8648928000,25.5206832000,3699375,98108691.5900,2,1.764800,1,1.348700,25.909383,2.634500,9.473633,242.909293,0
2024-02-22,sz.002985,25.7173744000,26.1599296000,25.6190288000,26.1107568000,25.8648928000,2763073,72757439.8300,2,1.318100,1,0.950600,26.155670,2.659543,9.563686,245.218317,0
2024-02-23,sz.002985,26.0615840000,26.4648009600,25.6682016000,26.4352972800,26.1107568000,3007650,79771089.3200,2,1.434800,1,1.242900,26.480769,2.692599,9.682557,248.266228,0
2024-02-26,sz.002985,26.5041392000,27.1827238400,26.0910876800,26.9073561600,26.4352972800,3791532,102771061.5400,2,1.808700,1,1.785700,26.953640,2.740682,9.855460,252.699554,0
2024-02-27,sz.002985,26.7204995200,28.0383305600,26.6909958400,28.0284960000,26.9073561600,4045112,112861086.6400,2,1.929700,1,4.166700,28.076708,2.854877,10.266104,263.228702,0
2024-02-28,sz.002985,27.8711430400,28.4710512000,26.5533120000,26.5828156800,28.0284960000,5865985,164543682.7500,2,2.798400,1,-5.157900,26.628541,2.707625,9.736589,249.651642,0
2024-02-29,sz.002985,26.4549664000,27.6154444800,26.2681097600,27.6056099200,26.5828156800,3864155,106887549.7400,2,1.843400,1,3.847600,27.653094,2.811803,10.111212,259.257181,0
2024-03-01,sz.002985,27.6351136000,28.0186614400,27.3892496000,27.9301504000,27.6056099200,3488966,98477779.2400,2,1.664400,1,1.175600,27.978193,2.844859,10.230083,262.305092,0
2024-03-04,sz.002985,28.0186614400,28.0186614400,27.2220620800,27.6449481600,27.9301504000,2611340,73253137.6700,2,1.245700,1,-1.021100,27.692500,2.815810,10.125621,259.626625,0
2024-03-05,sz.002985,27.6056099200,28.3038636800,27.4089187200,27.7629628800,27.6449481600,3940972,111938425.3400,2,1.880000,1,0.426900,27.810718,2.827830,10.168846,260.734956,0
2024-03-06,sz.002985,27.8613084800,27.8613084800,26.8385142400,27.5957753600,27.7629628800,3272483,91305382.3500,2,1.561100,1,-0.602200,27.643243,2.810801,10.107610,259.164820,0
2024-03-07,sz.002985,27.4580915200,27.7629628800,26.8483488000,26.8483488000,27.5957753600,2280370,63387541.7000,2,1.087800,1,-2.708500,26.894531,2.734671,9.833847,252.145388,0
2024-03-08,sz.002985,27.0155363200,27.4679260800,26.8188451200,27.2614003200,26.8483488000,2324290,64091849.0000,2,1.108800,1,1.538500,27.308293,2.776743,9.985137,256.024548,0
2024-03-11,sz.002985,27.2417312000,28.1760144000,27.2023929600,27.9891577600,27.2614003200,3240604,91495753.8200,2,1.545900,1,2.669600,28.037302,2.850870,10.251696,262.859258,0
2024-03-12,sz.002985,28.2251872000,29.1889740800,28.0973379200,28.9037718400,27.9891577600,5613940,163689385.2400,2,2.678100,1,3.267700,28.953489,2.944029,10.586695,271.448826,0
2024-03-13,sz.002985,28.9136064000,29.1102976000,28.2546908800,28.5989004800,28.9037718400,4316623,125603367.6600,2,2.059200,1,-1.054800,28.648093,2.912976,10.475028,268.585637,0
2024-03-14,sz.002985,28.4415475200,28.6579078400,27.7334592000,28.0383305600,28.5989004800,3165330,90603420.9000,2,1.510000,1,-1.960100,28.086559,2.855878,10.269706,263.321063,0
2024-03-15,sz.002985,27.9793232000,28.5792313600,27.8318048000,28.3333673600,28.0383305600,3591837,102719483.4400,2,1.713500,1,1.052300,28.382104,2.885930,10.377771,266.091891,0
2024-03-18,sz.002985,28.3136982400,29.0021174400,28.1366761600,28.9529446400,28.3333673600,4049438,117970157.5000,2,1.931800,1,2.186700,29.002747,2.949037,10.604705,271.910631,0
2024-03-19,sz.002985,29.7888822400,29.9954080000,28.8250953600,28.8250953600,28.9529446400,5258156,156485112.8300,2,2.508400,1,-0.441600,28.874677,2.936015,10.557878,270.709938,0
2024-03-20,sz.002985,28.8250953600,29.1299667200,28.6087350400,28.9332755200,28.8250953600,3454259,101456584.4900,2,1.647800,1,0.375300,28.983044,2.947034,10.597501,271.725909,0
2024-03-21,sz.002985,28.9627792000,29.0906284800,28.4808857600,28.8939372800,28.9332755200,3606230,105662623.3600,2,1.720300,1,-0.136000,28.943638,2.943027,10.583093,271.356465,0
2024-03-22,sz.002985,28.8447644800,28.8447644800,27.8416393600,28.0284960000,28.8939372800,3913548,112157427.6100,2,1.867000,1,-2.995200,28.076708,2.854877,10.266104,263.228702,0
2024-03-25,sz.002985,28.0088268800,28.0284960000,26.8975216000,26.9466944000,28.0284960000,3777800,105334119.8000,2,1.802200,1,-3.859600,26.993045,2.744688,9.869869,253.068997,0
2024-03-26,sz.002985,27.1925584000,27.2023929600,26.3467862400,26.7991760000,26.9466944000,2859531,77939589.2200,2,1.364100,1,-0.547400,26.845273,2.729663,9.815836,251.683583,0
2024-03-27,sz.002985,26.8975216000,27.0155363200,25.6288633600,25.6386979200,26.7991760000,2764696,73524822.7600,2,1.318900,1,-4.330300,25.682799,2.611461,9.390784,240.784991,0
2024-03-28,sz.002985,25.8648928000,28.1071724800,25.8255545600,27.5662716800,25.6386979200,6062511,167252895.9500,2,2.892100,1,7.518200,27.613688,2.807796,10.096803,258.887737,0
2024-03-29,sz.002985,27.4187532800,28.8841027200,27.1728892800,28.8742681600,27.5662716800,7631349,218189125.9700,2,3.640500,1,4.744900,28.923935,2.941024,10.575888,271.171743,0
2024-04-01,sz.002985,29.0119520000,29.1594704000,28.4022092800,28.7759225600,28.8742681600,5577651,162464891.5700,2,2.660800,1,-0.340600,28.825420,2.931007,10.539867,270.248134,0
2024-04-02,sz.002985,28.5693968000,29.3856652800,28.2743600000,28.8054262400,28.7759225600,6134917,179766768.5900,2,2.926700,1,0.102500,28.854974,2.934012,10.550673,270.525216,0
2024-04-03,sz.002985,28.5202240000,28.5202240000,27.7334592000,28.2448563200,28.8054262400,4294731,122996694.8000,2,2.048800,1,-1.946100,28.293440,2.876914,10.345351,265.260642,0
2024-04-08,sz.002985,28.1366761600,28.3628710400,27.0057017600,27.1237164800,28.2448563200,3723700,103933587.8400,2,1.776400,1,-3.969400,27.170372,2.762719,9.934707,254.731494,0
2024-04-09,sz.002985,27.1630547200,27.7531283200,27.1040473600,27.2023929600,27.1237164800,2700234,75027569.0500,2,1.288100,1,0.290100,27.249184,2.770733,9.963524,255.470382,0
2024-04-10,sz.002985,27.2122275200,27.2122275200,26.1599296000,26.7795068800,27.2023929600,2889309,78224270.5800,2,1.378300,1,-1.554600,26.825570,2.727659,9.808632,251.498861,0
2024-04-11,sz.002985,26.6418230400,26.8286796800,26.1894332800,26.2287715200,26.7795068800,2498478,67158350.1800,2,1.191900,1,-2.056600,26.273888,2.671563,9.606912,246.326648,0
2024-04-12,sz.002985,26.1599296000,26.8188451200,25.8648928000,25.9042310400,26.2287715200,2593879,69363273.7600,2,1.237400,1,-1.237300,25.948789,2.638507,9.488042,243.278737,0
2024-04-15,sz.002985,25.9927420800,26.8385142400,25.4715104000,25.8747273600,25.9042310400,4345669,115336110.5900,2,2.073100,1,-0.113900,25.919235,2.635502,9.477235,243.001654,0
2024-04-16,sz.002985,25.7468780800,25.8157200000,24.3405360000,24.3798742400,25.8747273600,3921643,99076424.7000,2,1.870800,1,-5.777300,24.421810,2.483242,8.929710,228.962790,0
2024-04-17,sz.002985,24.6945801600,25.5600214400,24.6945801600,25.4616758400,24.3798742400,3253085,83619362.7700,2,1.551900,1,4.437300,25.505472,2.593430,9.325945,239.122494,0
2024-04-18,sz.002985,25.5698560000,26.7008304000,25.4125030400,26.1402604800,25.4616758400,3995103,106012774.7600,2,1.905900,1,2.665100,26.185224,2.662548,9.574493,245.495400,0
2024-04-19,sz.002985,25.8648928000,27.0253708800,25.7173744000,26.7598377600,26.1402604800,5091067,137453572.9400,2,2.428700,1,2.370200,26.805867,2.725656,9.801428,251.314139,0
2024-04-22,sz.002985,26.4549664000,27.0942128000,26.0910876800,26.9466944000,26.7598377600,4377679,119142465.1700,2,2.088400,1,0.698300,26.993045,2.744688,9.869869,253.068997,0
2024-04-23,sz.002985,26.9368598400,27.4482569600,26.6516576000,26.9663635200,26.9466944000,3607233,99282828.1500,2,1.720800,1,0.073000,27.012748,2.746692,9.877073,253.253719,0
2024-04-24,sz.002985,26.9270252800,27.7826320000,26.8581833600,27.7236246400,26.9663635200,4621369,129009839.2400,2,2.204600,1,2.808200,27.771312,2.823824,10.154438,260.365512,0
2024-04-25,sz.002985,25.5796905600,26.0419148800,24.9502787200,24.9502787200,27.7236246400,13862215,354268868.0500,2,6.687500,1,-10.003500,54.029068,3.156269,9.573665,-25.910768,0
2024-04-26,sz.002985,24.7830912000,26.4352972800,24.6552419200,25.6386979200,24.9502787200,12151279,318883228.1900,2,5.862100,1,2.759200,55.519819,3.243356,9.837819,-26.625689,0
2024-04-29,sz.002985,25.6485324800,26.2582752000,25.3338265600,25.8845619200,25.6386979200,7250093,190003653.2700,2,3.497700,1,0.959000,56.052230,3.274458,9.932159,-26.881018,0
2024-04-30,sz.002985,25.8943964800,26.0517494400,24.4388816000,24.5273926400,25.8845619200,8991810,227067232.9600,2,4.337900,1,-5.243200,53.113322,3.102773,9.411400,-25.471603,0
2024-05-06,sz.002985,24.7437529600,25.3043228800,24.7437529600,25.2748192000,24.5273926400,6442986,164458570.5700,2,3.108300,1,3.047300,54.731851,3.197324,9.698195,-26.247802,0
2024-05-07,sz.002985,25.2748192000,27.8023011200,25.1764736000,27.8023011200,25.2748192000,12244081,332122613.1300,2,5.906900,1,10.000000,60.205036,3.517057,10.668014,-28.872582,0
2024-05-08,sz.002985,28.2251872000,28.3825401600,27.3204076800,27.4187532800,27.8023011200,17419955,494022444.7200,2,8.403900,1,-1.379600,59.374475,3.468537,10.520843,-28.474270,0
2024-05-09,sz.002985,27.4679260800,28.4710512000,27.3794150400,28.2251872000,27.4187532800,13714660,389819097.3600,2,6.616300,1,2.941200,61.120783,3.570553,10.830280,-29.311748,0
2024-05-10,sz.002985,28.2940291200,28.3727056000,27.7236246400,27.8711430400,28.2251872000,9048678,257793955.9000,2,4.365300,1,-1.254400,60.354111,3.525765,10.694430,-28.944075,0
2024-05-13,sz.002985,27.5367680000,27.6842864000,26.8385142400,26.9663635200,27.8711430400,6641175,183081367.0500,2,3.203900,1,-3.246300,58.394839,3.411309,10.347257,-28.004465,0
2024-05-14,sz.002985,26.9466944000,27.5367680000,26.3467862400,26.4648009600,26.9663635200,7431547,202462394.5400,2,3.585200,1,-1.860000,57.308720,3.347860,10.154802,-27.483594,0
2024-05-15,sz.002985,26.3566208000,26.6909958400,25.9730729600,26.3369516800,26.4648009600,4813994,129239838.7400,2,2.322400,1,-0.483100,57.031867,3.331687,10.105745,-27.350823,0
2024-05-16,sz.002985,26.4746355200,27.4875952000,26.4746355200,26.7106649600,26.3369516800,6302942,172028861.4200,2,3.040700,1,1.419000,57.841131,3.378962,10.249143,-27.738923,0
2024-05-17,sz.002985,27.1925584000,27.7727974400,26.6319884800,27.6252790400,26.7106649600,11215517,311839204.7600,2,5.410700,1,3.424200,59.821700,3.494663,10.600089,-28.688746,0
2024-05-20,sz.002985,27.6449481600,28.3136982400,27.3990841600,27.9399849600,27.6252790400,10877755,309377704.5500,2,5.247700,1,1.139200,60.503186,3.534474,10.720845,-29.015567,0
2024-05-21,sz.002985,27.7334592000,27.7826320000,26.9761980800,27.1925584000,27.9399849600,6623144,183403738.2700,2,3.195200,1,-2.675100,58.884657,3.439923,10.434050,-28.239367,0
2024-05-22,sz.002985,27.0450400000,27.3695804800,26.8188451200,27.2515657600,27.1925584000,4469762,123190939.3800,2,2.156300,1,0.217000,59.012435,3.447387,10.456692,-28.300646,0
2024-05-23,sz.002985,27.2712348800,27.9006467200,27.1237164800,27.6842864000,27.2515657600,11245762,315298582.6300,2,5.425300,1,1.587900,59.949479,3.502128,10.622731,-28.750025,0
2024-05-24,sz.002985,27.3400768000,27.3400768000,26.0124112000,26.0222457600,27.6842864000,8498285,228603072.1000,2,4.099800,1,-6.003600,56.350380,3.291875,9.984990,-27.024002,0
2024-05-27,sz.002985,25.8353891200,25.9632384000,24.9502787200,25.7173744000,26.0222457600,6127209,157795426.4300,2,2.955900,1,-1.171600,55.690191,3.253309,9.868007,-26.707394,0
2024-05-28,sz.002985,25.7173744000,25.8943964800,25.0879625600,25.1174662400,25.7173744000,4291550,110986931.2000,2,2.070400,1,-2.332700,54.391108,3.177419,9.637817,-26.084392,0
2024-05-29,sz.002985,26.0812531200,26.1795987200,25.1568044800,25.3731648000,25.1174662400,4120822,107447050.2800,2,1.988000,1,1.018000,54.944815,3.209765,9.735931,-26.349934,0
2024-05-30,sz.002985,25.0289552000,26.3271171200,24.9011059200,26.0517494400,25.3731648000,7248163,190540436.8800,2,3.496700,1,2.674400,56.414270,3.295608,9.996310,-27.054641,0
2024-05-31,sz.002985,25.8550582400,27.0253708800,25.7665472000,26.3172825600,26.0517494400,6223588,167137064.3800,2,3.002400,1,1.019300,56.989274,3.329198,10.098198,-27.330396,0
2024-06-03,sz.002985,26.0517494400,26.5336428800,25.2354809600,25.5108486400,26.3172825600,5644340,147806512.2000,2,2.723000,1,-3.064300,55.242966,3.227183,9.788762,-26.492918,0
2024-06-04,sz.002985,25.1568044800,25.5796905600,25.0092860800,25.5796905600,25.5108486400,4001495,102785191.0800,2,1.930400,1,0.269900,55.392041,3.235891,9.815177,-26.564410,0
2024-06-05,sz.002985,25.3731648000,26.0419148800,25.1666390400,25.1863081600,25.5796905600,4523649,117840496.3400,2,2.182300,1,-1.537900,54.540183,3.186127,9.664232,-26.155884,0
2024-06-06,sz.002985,25.1961427200,25.3338265600,23.6816204800,23.7307932800,25.1863081600,8114620,199563966.1600,2,3.914700,1,-5.779000,51.388310,3.002001,9.105737,-24.644337,0
2024-06-07,sz.002985,23.7799660800,24.0946720000,23.4652601600,23.8193043200,23.7307932800,3334304,80612699.4800,2,1.608600,1,0.373000,51.579978,3.013198,9.139699,-24.736256,0
2024-06-11,sz.002985,23.8586425600,24.3995433600,23.3865836800,24.2225212800,23.8193043200,3528216,85842837.3300,2,1.702100,1,1.692800,52.453132,3.064206,9.294418,-25.154995,0
2024-06-12,sz.002985,24.1930176000,24.7535875200,24.0946720000,24.2421904000,24.2225212800,3624293,90022289.2000,2,1.748500,1,0.081200,52.495725,3.066694,9.301965,-25.175421,0
2024-06-13,sz.002985,24.2126093500,24.5282115900,23.8181065500,24.3309601900,24.2421970600,3381609,82862030.0900,2,1.631400,1,0.366200,52.538318,3.069182,9.309512,-25.195848,0
2024-06-14,sz.002985,24.2421970600,24.2421970600,23.5518171600,23.7589311300,24.3309601900,4320931,103971429.6500,2,2.084500,1,-2.351000,51.303124,2.997025,9.090642,-24.603485,0
2024-06-17,sz.002985,23.5616797300,23.9660451000,23.5025043100,23.7490685600,23.7589311300,3025367,72906082.3300,2,1.459500,1,-0.041500,51.281828,2.995781,9.086869,-24.593272,0
2024-06-18,sz.002985,23.5715423000,24.2027467800,23.5715423000,24.0745333700,23.7490685600,3153305,76721759.6000,2,1.521200,1,1.370400,51.984610,3.036836,9.211398,-24.930306,0
2024-06-19,sz.002985,24.0745333700,24.1435713600,23.3151154800,23.3151154800,24.0745333700,4106697,98216729.0700,2,1.981200,1,-3.154400,50.344784,2.941041,8.920830,-24.143893,0
2024-06-20,sz.002985,23.1770395000,23.2066272100,22.3584461900,22.4669344600,23.3151154800,5002409,115098461.1800,2,2.413300,1,-3.637900,48.513290,2.834049,8.596299,-23.265562,0
2024-06-21,sz.002985,22.4669344600,22.6444607200,22.2105076400,22.3189959100,22.4669344600,2223798,50452923.2100,2,1.072800,1,-0.658500,48.193844,2.815387,8.539694,-23.112364,0
2024-06-24,sz.002985,22.2302327800,22.5261098800,21.3524640500,21.3919143300,22.3189959100,3562342,78779987.4900,2,1.718600,1,-4.153800,46.191979,2.698442,8.184974,-22.152328,0
2024-06-25,sz.002985,21.4806774600,21.7666919900,21.3327389100,21.5595780200,21.3919143300,2656134,57953349.8800,2,1.281400,1,0.783800,46.554018,2.719592,8.249126,-22.325952,0
2024-06-26,sz.002985,21.5201277400,22.0921568000,21.2637009200,22.0428439500,21.5595780200,2554716,56277642.0200,2,1.232500,1,2.241500,47.597544,2.780552,8.434033,-22.826396,0
2024-06-27,sz.002985,21.8949054000,21.9935311000,21.4017769000,21.4017769000,22.0428439500,2355650,51674731.5000,2,1.136400,1,-2.908300,46.213275,2.699686,8.188748,-22.162541,0
2024-06-28,sz.002985,21.2341132100,22.0428439500,21.0861746600,21.7272417100,21.4017769000,3029205,66961754.9500,2,1.461400,1,1.520700,46.916057,2.740741,8.313277,-22.499575,0
2024-07-01,sz.002985,21.7075165700,21.7469668500,21.3327389100,21.7371042800,21.7272417100,1939770,42388376.1000,2,0.935800,1,0.045400,46.937354,2.741985,8.317051,-22.509788,0
2024-07-02,sz.002985,21.7469668500,21.8357299800,21.3228763400,21.3919143300,21.7371042800,2376460,51909424.1000,2,1.146500,1,-1.588000,46.191979,2.698442,8.184974,-22.152328,0
2024-07-03,sz.002985,21.3820517600,21.4806774600,20.9579612500,20.9776863900,21.3919143300,2236745,47893594.2900,2,1.079100,1,-1.936400,45.297528,2.646190,8.026483,-21.723376,0
2024-07-04,sz.002985,20.9974115300,21.1256249400,20.3957947600,20.5042830300,20.9776863900,2641140,55491716.8300,2,1.274200,1,-2.256700,44.275299,2.586474,7.845349,-21.233144,0
2024-07-05,sz.002985,20.3464819100,20.6522215800,20.1492305100,20.5437333100,20.5042830300,2111807,43756750.4100,2,1.018800,1,0.192400,44.360485,2.591450,7.860443,-21.273997,0
2024-07-08,sz.002985,20.3662070500,20.4253824700,19.6363768700,19.7152774300,20.5437333100,2914280,58866832.2200,2,1.405900,1,-4.032600,42.571584,2.486946,7.543460,-20.416092,0
2024-07-09,sz.002985,18.5021813200,19.1826986500,18.0485031000,18.9262718300,19.7152774300,6953512,132414594.4000,2,3.354600,1,-4.002000,40.867869,2.387418,7.241570,-19.599040,0
2024-07-10,sz.002985,18.8868215500,19.2122863600,18.6994327200,18.9262718300,18.9262718300,3616459,69637444.7100,2,1.744700,1,0.000000,40.867869,2.387418,7.241570,-19.599040,0
2024-07-11,sz.002985,19.2122863600,19.4884383200,19.1925612200,19.4095377600,18.9262718300,3414451,67070631.3800,2,1.647200,1,2.553400,41.911394,2.448379,7.426478,-20.099484,0
2024-07-12,sz.002985,19.4489880400,19.5278886000,19.1235232300,19.1432483700,19.4095377600,2184893,42718972.7800,2,1.054100,1,-1.372000,41.336390,2.414788,7.324590,-19.823729,0
2024-07-15,sz.002985,19.1333858000,19.3306372000,18.6797075800,18.7290204300,19.1432483700,2273253,43464391.0600,2,1.096700,1,-2.163800,40.441940,2.362536,7.166098,-19.394777,0
2024-07-16,sz.002985,18.7290204300,18.8177835600,18.5416316000,18.7881958500,18.7290204300,1762175,33401929.6500,2,0.850100,1,0.316000,40.569718,2.370001,7.188740,-19.456056,0
2024-07-17,sz.002985,18.7783332800,18.7980584200,18.5021813200,18.5613567400,18.7881958500,1946220,36708615.6100,2,0.938900,1,-1.207300,40.079900,2.341387,7.101947,-19.221153,0
2024-07-18,sz.002985,18.6599824400,18.8572338400,18.1076785200,18.7388830000,18.5613567400,3117398,58313745.0000,2,1.503900,1,0.956400,40.463236,2.363781,7.169872,-19.404990,0
2024-07-19,sz.002985,18.6303947300,19.1531109400,18.5810818800,19.0643478100,18.7388830000,3107921,59663601.3900,2,1.499400,1,1.736800,41.166019,2.404836,7.294401,-19.742024,0
2024-07-22,sz.002985,19.1235232300,19.4292629000,19.0248975300,19.2615992100,19.0643478100,2545164,49642010.9100,2,1.227900,1,1.034700,41.591947,2.429718,7.369873,-19.946287,0
2024-07-23,sz.002985,19.2024237900,19.3700874800,18.7783332800,18.7783332800,19.2615992100,2116743,40988928.8900,2,1.021200,1,-2.509000,40.548422,2.368757,7.184966,-19.445843,0
2024-07-24,sz.002985,18.7388830000,19.3799500500,18.5416316000,19.3306372000,18.7783332800,5338307,103125386.2800,2,2.575400,1,2.941200,41.741023,2.438426,7.396289,-20.017779,0
2024-07-25,sz.002985,19.1629735100,19.5377511700,19.0446226700,19.2122863600,19.3306372000,3965335,77463124.2900,2,1.913000,1,-0.612200,41.485465,2.423497,7.351005,-19.895221,0
2024-07-26,sz.002985,19.1136606600,20.2675813500,19.0742103800,20.2577187800,19.2122863600,6193261,124739622.8000,2,2.987800,1,5.441500,43.742888,2.555371,7.751009,-20.977815,0
2024-07-29,sz.002985,20.3070316300,20.5733210200,19.9717042500,20.5141456000,20.2577187800,4777921,98698680.9800,2,2.305000,1,1.265800,44.296595,2.587718,7.849123,-21.243357,0
2024-07-30,sz.002985,20.3168942000,20.6324964400,20.0210171000,20.4155199000,20.5141456000,5014100,103289477.7500,2,2.418900,1,-0.480800,44.083631,2.575277,7.811386,-21.141226,0
2024-07-31,sz.002985,20.3957947600,20.9579612500,20.1492305100,20.8593355500,20.4155199000,6229990,129728028.6000,2,3.005500,1,2.173900,45.041971,2.631261,7.981199,-21.600818,0
2024-08-01,sz.002985,20.9875489600,21.5595780200,20.8494729800,21.1650752200,20.8593355500,7290350,156698821.4000,2,3.517100,1,1.465700,45.702160,2.669828,8.098181,-21.917426,0
2024-08-02,sz.002985,20.9086484000,21.8061422700,20.8100227000,20.9086484000,21.1650752200,7028714,151447416.3400,2,3.390900,1,-1.211600,45.148453,2.637481,8.000067,-21.651884,0
2024-08-05,sz.002985,20.6719467200,21.4017769000,20.2281310700,20.2281310700,20.9086484000,5595645,117936351.7900,2,2.699500,1,-3.254700,43.678999,2.551639,7.739688,-20.947176,0
2024-08-06,sz.002985,20.5042830300,21.0664495200,20.2182685000,20.8691981200,20.2281310700,5093204,106982594.5000,2,2.457100,1,3.169200,45.063267,2.632505,7.984973,-21.611031,0
2024-08-07,sz.002985,20.8889232600,21.4806774600,20.6522215800,21.1256249400,20.8691981200,4853600,103917849.2100,2,2.341500,1,1.228700,45.616975,2.664852,8.083087,-21.876573,0
2024-08-08,sz.002985,21.0171366700,21.0960372300,20.2478562100,20.4253824700,21.1256249400,4253405,88359280.5600,2,2.052000,1,-3.314700,44.104927,2.576521,7.815160,-21.151439,0
2024-08-09,sz.002985,20.4253824700,20.6127713000,20.1295053700,20.1295053700,20.4253824700,2457512,50569233.8100,2,1.185600,1,-1.448600,43.466034,2.539198,7.701952,-20.845045,0
2024-08-12,sz.002985,20.1295053700,20.1985433600,19.7448651400,19.9125288300,20.1295053700,1966372,39736046.7100,2,0.948600,1,-1.077900,42.997513,2.511828,7.618932,-20.620355,0
2024-08-13,sz.002985,19.8336282700,20.1886807900,19.8040405600,20.0210171000,19.9125288300,2580127,52260700.4000,2,1.244700,1,0.544800,43.231773,2.525513,7.660442,-20.732700,0
2024-08-14,sz.002985,19.9914293900,20.0210171000,19.5278886000,19.5870640200,20.0210171000,2056374,41157107.1000,2,0.992100,1,-2.167500,42.294730,2.470773,7.494403,-20.283321,0
2024-08-15,sz.002985,19.5476137400,19.7843154200,19.2615992100,19.5278886000,19.5870640200,2556770,50636846.4800,2,1.233500,1,-0.302100,42.166951,2.463308,7.471761,-20.222042,0
2024-08-16,sz.002985,19.5673388800,19.6265143000,18.9262718300,18.9755846800,19.5278886000,2763135,53684398.2000,2,1.333000,1,-2.828300,40.974351,2.393639,7.260438,-19.650106,0
2024-08-19,sz.002985,18.9361344000,19.1333858000,18.8177835600,18.8177835600,18.9755846800,1623281,31157577.9300,2,0.783100,1,-0.831600,40.633608,2.373733,7.200061,-19.486695,0
2024-08-20,sz.002985,18.8177835600,18.9164092600,18.2950673500,18.3936930500,18.8177835600,2306580,43305461.8800,2,1.112800,1,-2.253700,39.717861,2.320237,7.037795,-19.047530,0
2024-08-21,sz.002985,18.3443802000,18.4923187500,18.1175410900,18.1372662300,18.3936930500,1762000,32606907.0000,2,0.850000,1,-1.394100,39.164153,2.287891,6.939681,-18.781988,0
2024-08-22,sz.002985,18.1372662300,18.2950673500,17.9202896900,17.9498774000,18.1372662300,1888260,34649809.8000,2,0.911000,1,-1.033200,38.759521,2.264253,6.867982,-18.587938,0
2024-08-23,sz.002985,17.9498774000,18.0978159500,17.6244125900,17.7920762800,17.9498774000,2010462,36222852.8900,2,0.969900,1,-0.879100,38.418778,2.244347,6.807604,-18.424527,0
2024-08-26,sz.002985,17.8413891300,17.9498774000,17.6540003000,17.8808394100,17.7920762800,1546109,27936569.6700,2,0.745900,1,0.498900,38.610446,2.255544,6.841567,-18.516446,0
2024-08-27,sz.002985,17.7723511400,17.8512517000,17.4567489000,17.5060617500,17.8808394100,1596289,28411165.2800,2,0.770100,1,-2.096000,37.801181,2.208269,6.698170,-18.128346,0
2024-08-28,sz.002985,17.5060617500,17.8019388500,17.3679857700,17.6342751600,17.5060617500,1405216,25122255.8700,2,0.677900,1,0.732400,38.078035,2.224442,6.747227,-18.261117,0
2024-08-29,sz.002985,17.4567489000,18.0978159500,17.4567489000,17.9301522600,17.6342751600,2036020,36913850.5000,2,0.982200,1,1.677900,170.042868,2.286318,8.927501,-16.211193,0
2024-08-30,sz.002985,17.9696025400,18.4824561800,17.8413891300,18.1964416500,17.9301522600,3229470,59672256.0000,2,1.558000,1,1.485100,172.568257,2.320273,9.060087,-16.451954,0
2024-09-02,sz.002985,18.0879533800,18.1964416500,17.6046874500,17.6244125900,18.1964416500,2455500,44478270.1000,2,1.184600,1,-3.143600,167.143347,2.247333,8.775272,-15.934765,0
2024-09-03,sz.002985,17.6145500200,17.9696025400,17.5750997400,17.8216639900,17.6244125900,1650942,29784298.5800,2,0.796500,1,1.119200,169.014005,2.272485,8.873484,-16.113106,0
2024-09-04,sz.002985,17.7624885700,17.9991902500,17.6540003000,17.8118014200,17.8216639900,1476061,26732322.0700,2,0.712100,1,-0.055300,168.920473,2.271227,8.868573,-16.104189,0
2024-09-05,sz.002985,17.8611142700,18.2260293600,17.8413891300,18.0287779600,17.8118014200,1887665,34586683.5400,2,0.910700,1,1.218200,170.978197,2.298894,8.976607,-16.300364,0
2024-09-06,sz.002985,18.1767165100,18.1767165100,17.6046874500,17.6145500200,18.0287779600,1633685,29422913.1500,2,0.788100,1,-2.297600,167.049814,2.246075,8.770361,-15.925848,0
2024-09-09,sz.002985,17.5356494600,17.7526260000,17.3877109100,17.4764740400,17.6145500200,1477671,26276214.7100,2,0.712900,1,-0.783900,165.740353,2.228469,8.701612,-15.801009,0
2024-09-10,sz.002985,17.5356494600,17.6737254400,17.0622461000,17.4074360500,17.4764740400,1715355,30094822.0500,2,0.827500,1,-0.395000,165.085622,2.219665,8.667238,-15.738590,0
2024-09-11,sz.002985,17.1608718000,17.5553746000,17.1608718000,17.4666114700,17.4074360500,1395623,24630740.4300,2,0.673300,1,0.339900,165.646820,2.227211,8.696702,-15.792092,0
2024-09-12,sz.002985,17.4567489000,17.7526260000,17.3482606300,17.3482606300,17.4666114700,1369390,24377990.5000,2,0.660600,1,-0.677600,164.524425,2.212120,8.637774,-15.685088,0
2024-09-13,sz.002985,17.3383980600,17.4271611900,16.9932081100,16.9932081100,17.3482606300,1298360,22648434.4000,2,0.626400,1,-2.046600,161.157239,2.166846,8.460992,-15.364074,0
2024-09-18,sz.002985,17.0326583900,17.1707343700,16.6578807300,16.8551321300,16.9932081100,1510826,25774882.8800,2,0.728900,1,-0.812500,159.847778,2.149240,8.392244,-15.239235,0
2024-09-19,sz.002985,16.8748572700,17.3285354900,16.6973310100,17.1904595100,16.8551321300,2293340,39737929.1500,2,1.106400,1,1.989500,163.027898,2.191998,8.559205,-15.542415,0
2024-09-20,sz.002985,17.1608718000,17.2101846500,16.8452695600,16.9636204000,17.1904595100,1571395,27062269.4200,2,0.758100,1,-1.319600,160.876641,2.163073,8.446260,-15.337323,0
2024-09-23,sz.002985,16.9537578300,17.2397723600,16.9143075500,17.1411466600,16.9636204000,1358801,23599098.7100,2,0.655500,1,1.046500,162.560233,2.185710,8.534651,-15.497830,0
2024-09-24,sz.002985,17.2397723600,17.8413891300,17.0918338100,17.8413891300,17.1411466600,3044156,54050198.5800,2,1.468600,1,4.085200,169.201071,2.275000,8.883305,-16.130940,0
2024-09-25,sz.002985,17.9498774000,18.4331433300,17.9104271200,18.1175410900,17.8413891300,3418324,63006723.4600,2,1.649100,1,1.547800,171.819993,2.310213,9.020802,-16.380617,0
2024-09-26,sz.002985,18.1076785200,18.8769589800,17.9597399700,18.8769589800,18.1175410900,3645592,68092696.4300,2,1.758700,1,4.191600,179.022029,2.407048,9.398920,-17.067230,0
2024-09-27,sz.002985,19.2267244000,20.2660068000,19.1967451000,20.0861310000,18.8769659000,5852708,115571046.0900,2,2.823500,1,6.405500,188.001190,2.527778,9.870339,-17.923267,0
2024-09-30,sz.002985,20.9855100000,22.0947441000,20.7956411000,22.0947441000,20.0861310000,9831210,213013913.5000,2,4.742900,1,10.000000,206.801309,2.780555,10.857373,-19.715593,0
2024-10-08,sz.002985,24.3032192000,24.3032192000,22.7642818000,24.1733089000,22.0947441000,13371677,318741629.5800,2,6.450900,1,9.407500,226.256159,3.042136,11.878781,-21.570339,0
2024-10-09,sz.002985,23.6836470000,23.9434676000,22.2646268000,22.4345095000,24.1733089000,9090527,211018338.1500,2,4.385500,1,-7.193100,209.981429,2.823314,11.024334,-20.018773,0
2024-10-10,sz.002985,22.4744819000,23.1440196000,21.9948131000,22.3745509000,22.4345095000,5936767,134421016.9000,2,2.864100,1,-0.267300,209.420231,2.815768,10.994870,-19.965271,0
2024-10-11,sz.002985,22.3545647000,22.3545647000,20.7156963000,21.0654548000,22.3745509000,5388394,114887315.0100,2,2.599500,1,-5.850800,197.167418,2.651022,10.351580,-18.797137,0
2024-10-14,sz.002985,21.3452616000,22.3345785000,21.3452616000,21.9748269000,21.0654548000,6444432,140942528.2200,2,3.109000,1,4.316900,205.678914,2.765464,10.798446,-19.608589,0
2024-10-15,sz.002985,21.8848890000,22.6043922000,21.5351305000,21.8948821000,21.9748269000,5898145,130380932.8000,2,2.845400,1,-0.363800,204.930651,2.755403,10.759161,-19.537252,0
2024-10-16,sz.002985,21.6150753000,22.0347855000,21.3652478000,21.5551167000,21.8948821000,3718167,80583570.1000,2,1.793800,1,-1.551800,201.750531,2.712645,10.592200,-19.234073,0
2024-10-17,sz.002985,21.5850960000,22.2446406000,21.5850960000,21.7050132000,21.5551167000,4444427,97517576.2300,2,2.144100,1,0.695400,203.153525,2.731509,10.665859,-19.367829,0
2024-10-18,sz.002985,21.6350615000,22.8841990000,21.4351995000,22.4045302000,21.7050132000,5605342,124662506.5200,2,2.704200,1,3.222800,209.700830,2.819541,11.009602,-19.992022,0
2024-10-21,sz.002985,22.9841300000,23.7835780000,22.6843370000,23.3338885000,22.4045302000,8721994,203871579.9500,2,4.207700,1,4.148100,218.399393,2.936498,11.466290,-20.821307,0
2024-10-22,sz.002985,23.3438816000,23.6736539000,22.7043232000,23.4238264000,23.3338885000,6780682,157951691.9500,2,3.271200,1,0.385400,219.241189,2.947816,11.510485,-20.901561,0
2024-10-23,sz.002985,23.3638678000,25.1826120000,23.0940541000,24.3631778000,23.4238264000,11570993,281501964.0000,2,5.582200,1,4.010200,228.033285,3.066031,11.972083,-21.739763,0
2024-10-24,sz.002985,24.6929501000,24.7129363000,23.7036332000,24.0134193000,24.3631778000,6541825,156893053.0400,2,3.156000,1,-1.435600,224.759632,3.022015,11.800211,-21.427667,0
2024-10-25,sz.002985,24.0234124000,24.9827500000,23.9834400000,24.6229984000,24.0134193000,7054942,172994823.1200,2,3.403500,1,2.538500,230.465141,3.098728,12.099759,-21.971607,0
2024-10-28,sz.002985,24.6229984000,24.9627638000,24.3531847000,24.5130743000,24.6229984000,6291359,154794604.0300,2,3.035100,1,-0.446400,229.436279,3.084895,12.045742,-21.873519,0
2024-10-29,sz.002985,24.5130743000,24.5630398000,23.7036332000,23.7236194000,24.5130743000,6832853,164426275.1200,2,3.296400,1,-3.220500,222.047177,2.985544,11.657804,-21.169072,0
2024-10-30,sz.002985,23.4837850000,24.0334055000,23.3738609000,23.5637298000,23.7236194000,4047997,95762093.7600,2,1.952900,1,-0.674000,220.550650,2.965423,11.579234,-21.026399,0
2024-10-31,sz.002985,23.5637298000,24.5030812000,23.3938471000,24.2432606000,23.5637298000,7233558,174850032.3000,2,3.489700,1,2.883800,-168.731893,3.165733,12.295063,-16.642735,0
2024-11-01,sz.002985,24.2532537000,24.5830260000,23.1939851000,23.2139713000,24.2432606000,5542814,131052335.5400,2,2.674000,1,-4.245700,-161.568090,3.031327,11.773055,-15.936139,0
2024-11-04,sz.002985,23.0340955000,23.9334745000,23.0340955000,23.7535987000,23.2139713000,3483111,82370232.2300,2,1.680400,1,2.324600,-165.323870,3.101792,12.046729,-16.306587,0
2024-11-05,sz.002985,23.7436056000,25.4524257000,23.7436056000,25.1426396000,23.7535987000,9623199,239399992.8000,2,4.642500,1,5.847700,-174.991526,3.283176,12.751187,-17.260148,0
2024-11-06,sz.002985,25.7222394000,26.3418116000,25.3325085000,25.7322325000,25.1426396000,13034780,337556441.8800,2,6.288400,1,2.345000,-179.095063,3.360166,13.050201,-17.664898,0
2024-11-07,sz.002985,25.4424326000,25.6722739000,24.7629018000,25.3325085000,25.7322325000,8253472,207525935.9100,2,3.981700,1,-1.553400,-176.313004,3.307970,12.847479,-17.390491,0
2024-11-08,sz.002985,25.4224464000,26.0620048000,25.3425016000,25.7422256000,25.3325085000,8787203,226595816.2800,2,4.239200,1,1.617400,-179.164615,3.361471,13.055269,-17.671758,0
2024-11-11,sz.002985,25.9620738000,26.6715839000,25.6922601000,26.6615908000,25.7422256000,9690005,254877411.2700,2,4.674700,1,3.571400,-185.563351,3.481524,13.521529,-18.302892,0
2024-11-12,sz.002985,26.6615908000,26.6615908000,25.4724119000,25.7422256000,26.6615908000,8065589,210468285.1600,2,3.891100,1,-3.448300,-179.164615,3.361471,13.055269,-17.671758,0
2024-11-13,sz.002985,25.4923981000,25.8321635000,25.0626948000,25.4724119000,25.7422256000,4587065,116531801.1900,2,2.212900,1,-1.048100,-177.286725,3.326238,12.918432,-17.486534,0
2024-11-14,sz.002985,25.4724119000,25.4824050000,24.6829570000,24.7429156000,25.4724119000,3793130,94933665.3100,2,1.829900,1,-2.863900,-172.209467,3.230979,12.548465,-16.985742,0
2024-11-15,sz.002985,24.7429156000,25.2225844000,24.4631088000,24.4930881000,24.7429156000,4280945,106712259.7300,2,2.065300,1,-1.009700,-170.470680,3.198356,12.421764,-16.814238,0
2024-11-18,sz.002985,24.7928811000,24.8128673000,23.7136263000,23.8335435000,24.4930881000,3673717,88612357.2900,2,1.772300,1,-2.692800,-165.880282,3.112232,12.087274,-16.361468,0
2024-11-19,sz.002985,24.0134193000,24.3431916000,23.6136953000,24.2132813000,23.8335435000,2976179,71475135.0800,2,1.435800,1,1.593300,-168.523238,3.161819,12.279859,-16.622154,0
2024-11-20,sz.002985,24.2132813000,24.3331985000,23.9234814000,24.1433296000,24.2132813000,3361184,81191424.4800,2,1.621500,1,-0.288900,-168.036378,3.152684,12.244383,-16.574133,0
2024-11-21,sz.002985,24.0833710000,24.2832330000,23.6136953000,23.8635228000,24.1433296000,3403617,81464700.7900,2,1.642000,1,-1.158900,-166.088936,3.116147,12.102478,-16.382049,0
2024-11-22,sz.002985,23.9134883000,24.3631778000,23.3538747000,23.3838540000,23.8635228000,4393892,104930667.1600,2,2.119700,1,-2.010100,-162.750465,3.053510,11.859212,-16.052761,0
2024-11-25,sz.002985,23.3438816000,23.4338195000,22.6043922000,23.0840610000,23.3838540000,3577812,81997426.9500,2,1.726000,1,-1.282100,-160.663921,3.014363,11.707171,-15.846957,0
2024-11-26,sz.002985,23.0041162000,23.3338885000,22.6943301000,22.8242404000,23.0840610000,2352845,54208950.7500,2,1.135100,1,-1.125500,-158.855582,2.980435,11.575402,-15.668593,0
2024-11-27,sz.002985,22.8342335000,23.4138333000,22.2646268000,23.4138333000,22.8242404000,3327160,75814290.2400,2,1.605100,1,2.583200,-162.959120,3.057425,11.874416,-16.073342,0
2024-11-28,sz.002985,23.4737919000,23.6736539000,23.1040472000,23.1540127000,23.4138333000,2463616,57624420.7100,2,1.188500,1,-1.109700,-161.150781,3.023497,11.742647,-15.894978,0
2024-11-29,sz.002985,23.1640058000,23.6836470000,22.8941921000,23.5637298000,23.1540127000,2976640,69626467.2000,2,1.436000,1,1.769500,-164.002392,3.076999,11.950437,-16.176244,0
2024-12-02,sz.002985,23.7835780000,24.3531847000,23.5637298000,24.1932951000,23.5637298000,3550253,85705494.4000,2,1.712700,1,2.671800,-168.384135,3.159209,12.269723,-16.608434,0
2024-12-03,sz.002985,24.2632468000,24.3431916000,23.6936401000,23.9234814000,24.1932951000,2449771,58627584.8000,2,1.181800,1,-1.115200,-166.506245,3.123976,12.132886,-16.423210,0
2024-12-04,sz.002985,23.8435366000,24.0234124000,23.4837850000,23.5737229000,23.9234814000,2485960,58976416.1900,2,1.199300,1,-1.462000,-164.071943,3.078304,11.955505,-16.183104,0
2024-12-05,sz.002985,23.5737229000,24.1233434000,23.3938471000,23.9534607000,23.5737229000,2764639,65906048.4900,2,1.333700,1,1.610900,-166.714900,3.127891,12.148090,-16.443790,0
2024-12-06,sz.002985,24.0633848000,24.2232744000,23.6836470000,24.1233434000,23.9534607000,2765571,66370714.6400,2,1.334200,1,0.709200,-167.897275,3.150074,12.234247,-16.560413,0
2024-12-09,sz.002985,24.1733089000,24.2232744000,23.6836470000,23.9034952000,24.1233434000,2312063,55337256.0400,2,1.115400,1,-0.911400,-166.367142,3.121366,12.122750,-16.409489,0
2024-12-10,sz.002985,24.5030812000,24.6629708000,24.2032882000,24.3731709000,23.9034952000,4596068,112456634.8300,2,2.217300,1,1.964900,-169.636062,3.182697,12.360948,-16.731917,0
2024-12-11,sz.002985,24.3731709000,24.9028052000,24.2032882000,24.8128673000,24.3731709000,3330666,82191266.1600,2,1.606800,1,1.804000,-172.696327,3.240114,12.583941,-17.033763,0
2024-12-12,sz.002985,24.7828880000,25.4024602000,24.7129363000,25.2725499000,24.8128673000,5149162,129970921.1100,2,2.484100,1,1.852600,-175.895695,3.300140,12.817071,-17.349330,0
2024-12-13,sz.002985,25.0726879000,25.1626258000,24.6729639000,24.8428466000,25.2725499000,4525740,112815210.7300,2,2.183300,1,-1.700300,-172.904981,3.244029,12.599146,-17.054344,0
2024-12-16,sz.002985,24.7429156000,24.8028742000,24.3831640000,24.5930191000,24.8428466000,2678665,65856754.3400,2,1.292300,1,-1.005600,-171.166194,3.211406,12.472445,-16.882840,0
2024-12-17,sz.002985,24.4830950000,24.7429156000,24.0334055000,24.1533227000,24.5930191000,2591209,63262707.1700,2,1.250100,1,-1.787900,-168.105929,3.153989,12.249451,-16.580993,0
2024-12-18,sz.002985,24.1533227000,24.5130743000,24.0833710000,24.3032192000,24.1533227000,1865870,45437758.4300,2,0.900100,1,0.620600,-169.149201,3.173563,12.325471,-16.683895,0
2024-12-19,sz.002985,24.0633848000,24.2632468000,23.9334745000,24.1633158000,24.3032192000,1727376,41679309.5500,2,0.833300,1,-0.575700,-168.175481,3.155294,12.254519,-16.587853,0
2024-12-20,sz.002985,24.1633158000,24.7329225000,24.0633848000,24.5330605000,24.1633158000,2055540,50396459.5500,2,0.991700,1,1.530200,-170.748886,3.203576,12.442036,-16.841679,0
2024-12-23,sz.002985,24.5830260000,24.6829570000,23.6136953000,23.6836470000,24.5330605000,2462863,59160043.7100,2,1.188200,1,-3.462300,-164.837010,3.092658,12.011253,-16.258566,0
2024-12-24,sz.002985,23.7835780000,24.1333365000,23.7236194000,23.9434676000,23.6836470000,1407793,33691935.3100,2,0.679200,1,1.097000,-166.645348,3.126586,12.143022,-16.436930,0
2024-12-25,sz.002985,23.9434676000,23.9434676000,23.1839920000,23.4038402000,23.9434676000,2057005,48333672.3100,2,0.992400,1,-2.253800,-162.889568,3.056120,11.869348,-16.066482,0
2024-12-26,sz.002985,23.4138333000,23.8635228000,23.3538747000,23.5037712000,23.4038402000,1491554,35322564.8700,2,0.719600,1,0.427000,-163.585083,3.069169,11.920028,-16.135083,0
2024-12-27,sz.002985,23.9834400000,24.8328535000,23.8635228000,24.6529777000,23.5037712000,5801456,142146890.4900,2,2.798800,1,4.889500,-171.583503,3.219235,12.502853,-16.924001,0
2024-12-30,sz.002985,25.1826120000,25.5623498000,24.6529777000,24.7429156000,24.6529777000,8872327,222699480.1900,2,4.280300,1,0.364800,-172.209467,3.230979,12.548465,-16.985742,0
2024-12-31,sz.002985,24.8228604000,24.8328535000,23.4837850000,23.4837850000,24.7429156000,4296042,103319187.5100,2,2.072500,1,-5.088900,-163.445980,3.066560,11.909892,-16.121363,0
2025-01-02,sz.002985,23.3838540000,23.4438126000,21.7849580000,22.0247924000,23.4837850000,4610306,104241222.0700,2,2.224100,1,-6.212800,-153.291464,2.876041,11.169958,-15.119780,0
2025-01-03,sz.002985,22.0347855000,22.3345785000,21.0854410000,21.1953651000,22.0247924000,3729800,80468544.9900,2,1.799400,1,-3.765900,-147.518691,2.767733,10.749311,-14.550387,0
2025-01-06,sz.002985,21.2053582000,21.3552547000,20.7956411000,20.9855100000,21.1953651000,2402633,50627033.3300,2,1.159100,1,-0.990100,-146.058110,2.740330,10.642882,-14.406324,0
2025-01-07,sz.002985,21.0154893000,21.1354065000,20.6557377000,21.0354755000,20.9855100000,2158221,45185152.5500,2,1.041200,1,0.238100,-146.405867,2.746854,10.668223,-14.440625,0
2025-01-08,sz.002985,20.9855100000,21.0254824000,20.1360965000,20.7956411000,21.0354755000,3748863,77212141.9900,2,1.808600,1,-1.140100,-144.736632,2.715536,10.546590,-14.275981,0
2025-01-09,sz.002985,20.6857170000,21.2853030000,20.5857860000,21.1553927000,20.7956411000,2494192,52296653.5800,2,1.203300,1,1.729900,-147.240485,2.762513,10.729039,-14.522947,0
2025-01-10,sz.002985,21.3652478000,22.3845440000,21.0654548000,21.2753099000,21.1553927000,4294068,93407194.3900,2,2.071600,1,0.566800,-148.075103,2.778173,10.789856,-14.605269,0
2025-01-13,sz.002985,20.9255514000,21.5451236000,20.8356135000,21.1853720000,21.2753099000,2297122,48674903.6500,2,1.108200,1,-0.422700,-147.449139,2.766428,10.744243,-14.543527,0
2025-01-14,sz.002985,21.3352685000,21.8848890000,21.1853720000,21.7449856000,21.1853720000,2951648,63698008.2500,2,1.424000,1,2.641500,-151.344022,2.839504,11.028053,-14.927696,0
2025-01-15,sz.002985,21.7349925000,21.7949511000,21.3352685000,21.4152133000,21.7449856000,2082800,44750085.5000,2,1.004800,1,-1.516500,-149.048824,2.796441,10.860808,-14.701311,0
2025-01-16,sz.002985,21.5451236000,21.7349925000,21.0154893000,21.1853720000,21.4152133000,2772684,59201714.8000,2,1.337600,1,-1.073300,-147.449139,2.766428,10.744243,-14.543527,0
2025-01-17,sz.002985,21.0054962000,21.7549787000,20.9055652000,21.5950891000,21.1853720000,2479878,53135292.8600,2,1.196400,1,1.934000,-150.300750,2.819930,10.952033,-14.824794,0
2025-01-20,sz.002985,21.7649718000,22.5644198000,21.5451236000,22.0847510000,21.5950891000,3019646,66471904.0400,2,1.456800,1,2.267500,-153.708773,2.883871,11.200367,-15.160941,0
2025-01-21,sz.002985,22.0947441000,22.1646958000,21.6550477000,21.9648338000,22.0847510000,1607391,35175429.5300,2,0.775500,1,-0.543000,-152.874155,2.868212,11.139550,-15.078619,0
2025-01-22,sz.002985,21.4651788000,21.8249304000,21.1953651000,21.6750339000,21.9648338000,2637425,56809518.9300,2,1.272400,1,-1.319400,-150.857162,2.830369,10.992577,-14.879675,0
2025-01-23,sz.002985,21.6850270000,22.1147303000,21.4451926000,21.4451926000,21.6750339000,2100749,45849274.6700,2,1.013500,1,-1.060400,-149.257478,2.800356,10.876012,-14.721891,0
2025-01-24,sz.002985,21.4451926000,21.7449856000,21.3652478000,21.6650408000,21.4451926000,1564435,33809082.0000,2,0.754700,1,1.025200,-150.787611,2.829064,10.987509,-14.872815,0
2025-01-27,sz.002985,21.6850270000,21.9848200000,21.4851650000,21.7349925000,21.6650408000,1796580,39053170.8500,2,0.866700,1,0.322900,-151.274471,2.838199,11.022985,-14.920836,0
2025-02-05,sz.002985,21.7749649000,22.0048062000,21.6350615000,21.8249304000,21.7349925000,1852505,40495820.2500,2,0.893700,1,0.413800,-151.900434,2.849943,11.068598,-14.982577,0
2025-02-06,sz.002985,21.7349925000,22.4245164000,21.4951581000,22.3845440000,21.8249304000,2125080,46987748.0000,2,1.025200,1,2.564100,-155.795317,2.923019,11.352408,-15.366746,0
2025-02-07,sz.002985,22.3345785000,22.7243094000,22.2446406000,22.5044612000,22.3845440000,2952444,66406953.9900,2,1.424300,1,0.535700,-156.629935,2.938678,11.413224,-15.449068,0
2025-02-10,sz.002985,22.6243784000,22.7842680000,22.3545647000,22.7642818000,22.5044612000,2547731,57606935.4700,2,1.229100,1,1.154500,-158.438273,2.972605,11.544993,-15.627432,0
2025-02-11,sz.002985,22.7143163000,22.7143163000,22.3645578000,22.6643508000,22.7642818000,2125653,47927112.8100,2,1.025500,1,-0.439000,-157.742759,2.959556,11.494313,-15.558830,0
2025-02-12,sz.002985,22.4944681000,22.8042542000,22.4844750000,22.6343715000,22.6643508000,2116005,47933840.9700,2,1.020800,1,-0.132300,-157.534104,2.955642,11.479109,-15.538250,0
2025-02-13,sz.002985,22.6843370000,22.8342335000,22.4345095000,22.5644198000,22.6343715000,2476804,56009888.9900,2,1.194900,1,-0.309100,-157.047244,2.946507,11.443633,-15.490229,0
2025-02-14,sz.002985,22.4744819000,22.6243784000,22.3445716000,22.5344405000,22.5644198000,1839827,41367364.6400,2,0.887600,1,-0.132900,-156.838589,2.942592,11.428428,-15.469648,0
2025-02-17,sz.002985,22.5344405000,22.6743439000,22.2846130000,22.3545647000,22.5344405000,2880082,64584828.6400,2,1.389400,1,-0.798200,-155.586663,2.919104,11.337204,-15.346165,0
2025-02-18,sz.002985,23.1640058000,24.5930191000,22.5943991000,23.6236884000,22.3545647000,15800001,379984315.9400,2,7.622400,1,5.677200,-164.419701,3.084828,11.980845,-16.217405,0
2025-02-19,sz.002985,22.2846130000,23.5237574000,21.9848200000,23.5137643000,23.6236884000,11886394,269691103.9700,2,5.734300,1,-0.465300,-163.654634,3.070474,11.925096,-16.141943,0
2025-02-20,sz.002985,23.1540127000,24.5830260000,23.1440196000,24.4531157000,23.5137643000,11473672,275222518.2000,2,5.535200,1,3.994900,-170.192474,3.193137,12.401492,-16.786798,0
2025-02-21,sz.002985,24.4631088000,24.9028052000,24.0134193000,24.4930881000,24.4531157000,8111169,197897816.8800,2,3.913100,1,0.163500,-170.470680,3.198356,12.421764,-16.814238,0
2025-02-24,sz.002985,24.7329225000,25.0826810000,24.3331985000,24.6329915000,24.4930881000,7154564,176718772.9600,2,3.451600,1,0.571200,-171.444400,3.216625,12.492717,-16.910281,0
2025-02-25,sz.002985,24.3232054000,24.5030812000,24.1033572000,24.2532537000,24.6329915000,4797980,116683370.1100,2,2.314700,1,-1.541600,-168.801444,3.167038,12.300131,-16.649595,0
2025-02-26,sz.002985,24.2632468000,24.5730329000,24.0134193000,24.3132123000,24.2532537000,3832072,93153501.1300,2,1.848700,1,0.247200,-169.218753,3.174868,12.330539,-16.690756,0
2025-02-27,sz.002985,24.2232744000,24.2832330000,23.5037712000,23.9034952000,24.3132123000,4194405,100279033.1300,2,2.023500,1,-1.685200,-166.367142,3.121366,12.122750,-16.409489,0
2025-02-28,sz.002985,23.9134883000,23.9734469000,23.1040472000,23.1939851000,23.9034952000,3126013,73367613.7400,2,1.508100,1,-2.968200,-161.428987,3.028717,11.762919,-15.922418,0
2025-03-03,sz.002985,23.1939851000,23.8035642000,23.1640058000,23.2839230000,23.1939851000,2914465,68498157.9100,2,1.406000,1,0.387800,-162.054950,3.040461,11.808531,-15.984160,0
2025-03-04,sz.002985,23.3338885000,24.5130743000,23.3338885000,24.5030812000,23.2839230000,6828584,164950841.6400,2,3.294300,1,5.236100,-170.540231,3.199661,12.426832,-16.821099,0
2025-03-05,sz.002985,24.4031502000,25.2225844000,24.3831640000,24.9727569000,24.5030812000,8447218,210488936.0500,2,4.075200,1,1.916800,-173.809151,3.260993,12.665030,-17.143526,0
2025-03-06,sz.002985,24.9827500000,25.0427086000,24.5830260000,24.9627638000,24.9727569000,5008478,124543857.9000,2,2.416200,1,-0.040000,-173.739599,3.259688,12.659962,-17.136666,0
2025-03-07,sz.002985,24.8028742000,25.6422946000,24.7129363000,24.8628328000,24.9627638000,7759342,195597236.0200,2,3.743300,1,-0.400300,-173.044084,3.246638,12.609282,-17.068064,0
2025-03-10,sz.002985,25.1326465000,25.3225154000,24.8828190000,24.9727569000,24.8628328000,4705988,117999077.4800,2,2.270300,1,0.442100,-173.809151,3.260993,12.665030,-17.143526,0
2025-03-11,sz.002985,24.7828880000,25.5623498000,24.6329915000,25.3025292000,24.9727569000,5211870,131466887.4900,2,2.514400,1,1.320500,-176.104350,3.304055,12.832275,-17.369911,0
2025-03-12,sz.002985,25.4424326000,25.6023222000,24.8028742000,24.8428466000,25.3025292000,4775027,120054215.8900,2,2.303600,1,-1.816700,-172.904981,3.244029,12.599146,-17.054344,0
2025-03-13,sz.002985,24.8428466000,25.0427086000,24.4531157000,24.8028742000,24.8428466000,3247759,80106950.6300,2,1.566800,1,-0.160900,-172.626776,3.238809,12.578873,-17.026903,0
2025-03-14,sz.002985,24.8328535000,24.9127983000,24.3132123000,24.7828880000,24.8028742000,3711116,91496016.5600,2,1.790300,1,-0.080600,-172.487673,3.236199,12.568737,-17.013183,0
2025-03-17,sz.002985,24.8128673000,24.9028052000,24.4731019000,24.6529777000,24.7828880000,2850860,70188116.6900,2,1.375300,1,-0.524200,-171.583503,3.219235,12.502853,-16.924001,0
2025-03-18,sz.002985,24.6629708000,24.7928811000,24.4731019000,24.6130053000,24.6529777000,2249156,55349341.6900,2,1.085100,1,-0.162100,-171.305297,3.214015,12.482581,-16.896560,0
2025-03-19,sz.002985,24.4830950000,24.5730329000,24.1233434000,24.2132813000,24.6130053000,2481132,60335342.6700,2,1.197000,1,-1.624000,-168.523238,3.161819,12.279859,-16.622154,0
2025-03-20,sz.002985,24.1932951000,25.3425016000,24.0533917000,24.4830950000,24.2132813000,4520823,111586604.3000,2,2.181000,1,1.114300,-170.401128,3.197052,12.416696,-16.807378,0
2025-03-21,sz.002985,24.2932261000,24.8128673000,24.1633158000,24.2832330000,24.4830950000,3463750,84694708.4000,2,1.671000,1,-0.816300,-169.010099,3.170953,12.315335,-16.670175,0
2025-03-24,sz.002985,24.2632468000,24.3331985000,23.3538747000,23.8435366000,24.2832330000,3773449,89798636.3100,2,1.820400,1,-1.810700,-165.949833,3.113537,12.092342,-16.368328,0
2025-03-25,sz.002985,23.7735849000,24.5730329000,23.6037022000,24.0134193000,23.8435366000,3573584,86640208.0000,2,1.724000,1,0.712500,-167.132209,3.135720,12.178498,-16.484951,0
2025-03-26,sz.002985,23.8335435000,25.1826120000,23.8335435000,24.6130053000,24.0134193000,4337603,106590477.1600,2,2.092600,1,2.496900,-171.305297,3.214015,12.482581,-16.896560,0
2025-03-27,sz.002985,24.4830950000,25.6722739000,24.0833710000,25.3225154000,24.6130053000,8398845,211662593.0800,2,4.051800,1,2.882700,-176.243453,3.306665,12.842411,-17.383631,0
2025-03-28,sz.002985,25.2925361000,25.9320945000,24.8428466000,24.8628328000,25.3225154000,4987482,126143323.9800,2,2.406100,1,-1.815300,-173.044084,3.246638,12.609282,-17.068064,0
2025-03-31,sz.002985,24.5930191000,25.2825430000,24.3831640000,25.0626948000,24.8628328000,4361919,108156996.9100,2,2.104300,1,0.803900,-174.435114,3.272737,12.710642,-17.205267,0
2025-04-01,sz.002985,25.0826810000,25.7122463000,24.6429846000,24.7529087000,25.0626948000,4209804,105579687.0100,2,2.030900,1,-1.236000,-172.279018,3.232284,12.553533,-16.992602,0
2025-04-02,sz.002985,24.6829570000,24.7229294000,24.2232744000,24.3232054000,24.7529087000,2882807,70447993.5500,2,1.390700,1,-1.736000,-169.288304,3.176173,12.335608,-16.697616,0
2025-04-03,sz.002985,24.2332675000,24.8328535000,24.1733089000,24.3232054000,24.3232054000,2483335,60737140.0500,2,1.198000,1,0.000000,-169.288304,3.176173,12.335608,-16.697616,0
2025-04-07,sz.002985,22.9841300000,24.0733779000,21.8948821000,21.8948821000,24.3232054000,5303145,120163009.5700,2,2.558400,1,-9.983600,-152.387295,2.859078,11.104074,-15.030598,0
2025-04-08,sz.002985,22.0847510000,22.4744819000,21.4851650000,21.7949511000,21.8948821000,4930011,107874704.8600,2,2.378400,1,-0.456400,-151.691780,2.846028,11.053394,-14.961997,0
2025-04-09,sz.002985,21.6850270000,23.5937091000,21.1254134000,23.5237574000,21.7949511000,6649063,150399003.8000,2,3.207700,1,7.932100,-163.724186,3.071779,11.930164,-16.148803,0
2025-04-10,sz.002985,23.5937091000,23.9134883000,23.3338885000,23.4937781000,23.5237574000,3892988,91997904.9100,2,1.878100,1,-0.127400,-163.515532,3.067865,11.914960,-16.128223,0
2025-04-11,sz.002985,23.3738609000,24.1833020000,23.2739299000,23.8535297000,23.4937781000,3670470,87738120.0000,2,1.770700,1,1.531300,-166.019385,3.114842,12.097410,-16.375189,0
2025-04-14,sz.002985,24.1433296000,24.2732399000,23.5437436000,23.7036332000,23.8535297000,3051922,72522363.4800,2,1.472300,1,-0.628400,-164.976113,3.095268,12.021389,-16.272286,0
2025-04-15,sz.002985,23.5837160000,23.7036332000,23.1540127000,23.3139023000,23.7036332000,2322801,54348676.0200,2,1.120600,1,-1.644200,-162.263605,3.044376,11.823736,-16.004740,0
2025-04-16,sz.002985,23.7835780000,24.9127983000,23.4438126000,23.7036332000,23.3139023000,5465700,131876393.3600,2,2.636800,1,1.671700,-164.976113,3.095268,12.021389,-16.272286,0
2025-04-17,sz.002985,23.6136953000,26.0719979000,23.4637988000,26.0719979000,23.7036332000,14383125,364445972.6300,2,6.938800,1,9.991600,-181.459814,3.404534,13.222514,-17.898143,0
2025-04-18,sz.002985,26.0719979000,27.3611078000,25.7821980000,26.7015632000,26.0719979000,19035446,506047434.4800,2,9.183300,1,2.414700,-185.841557,3.486744,13.541801,-18.330333,0
2025-04-21,sz.002985,26.5017012000,29.3297485000,26.2019082000,28.4403626000,26.7015632000,18400546,517401619.6900,2,8.877000,1,6.512000,-197.943515,3.713799,14.423640,-19.523999,0
2025-04-22,sz.002985,27.9806800000,28.7201694000,27.5309905000,27.8807490000,28.4403626000,11847606,333224001.0600,2,5.715600,1,-1.967700,-194.048632,3.640724,14.139829,-19.139831,0
2025-04-23,sz.002985,28.1305765000,28.2504937000,26.5516667000,26.8914321000,27.8807490000,12546040,339767238.1200,2,6.052600,1,-3.548400,-187.163035,3.511537,13.638094,-18.460675,0
2025-04-24,sz.002985,26.7915011000,27.4910181000,26.3817840000,26.8414666000,26.8914321000,7057969,188925694.3900,2,3.405000,1,-0.185800,-186.815278,3.505012,13.612753,-18.426375,0
2025-04-25,sz.002985,26.7815080000,26.8814390000,26.2119013000,26.5616598000,26.8414666000,8112771,215551076.8100,2,4.095600,1,-1.042400,-2548.466596,3.458596,15.747155,-302.869309,0
2025-04-28,sz.002985,26.7115563000,26.8514597000,26.2318875000,26.4117633000,26.5616598000,5685058,150625557.4000,2,2.870000,1,-0.564300,-2534.084731,3.439078,15.658288,-301.160114,0
2025-04-29,sz.002985,26.2818530000,26.5916391000,25.6822670000,26.4917081000,26.4117633000,7348735,192882575.7700,2,3.709900,1,0.302700,-2541.755059,3.449488,15.705684,-302.071685,0
2025-04-30,sz.002985,26.5017012000,26.7115563000,26.1419496000,26.1719289000,26.4917081000,6548005,173007049.5800,2,3.305700,1,-1.207100,-2511.073746,3.407849,15.516102,-298.425403,0
2025-05-06,sz.002985,26.1819220000,27.0313355000,26.1819220000,27.0313355000,26.1719289000,7934380,212615684.6000,2,4.005600,1,3.283700,-2593.529776,3.519752,16.025603,-308.224786,0
2025-05-07,sz.002985,27.4810250000,28.7801280000,27.0013562000,27.7508387000,27.0313355000,17023073,470637364.4700,2,8.593900,1,2.661700,-2662.562731,3.613439,16.452163,-316.428921,0
2025-05-08,sz.002985,27.4810250000,27.7808180000,27.1412596000,27.7708249000,27.7508387000,11464085,314709997.0200,2,5.787500,1,0.072000,-2664.480313,3.616041,16.464012,-316.656813,0
2025-05-09,sz.002985,27.6609008000,27.7208594000,27.0713079000,27.3511147000,27.7708249000,7994902,218827506.7000,2,4.036100,1,-1.511300,-2624.211089,3.561391,16.215185,-311.871068,0
2025-05-12,sz.002985,27.0013562000,28.6402246000,26.9913631000,28.1905351000,27.3511147000,12382814,347757474.6000,2,6.251300,1,3.069100,-2704.749537,3.670692,16.712838,-321.442559,0
2025-05-13,sz.002985,28.1705489000,28.6502177000,27.5809560000,27.6808870000,28.1905351000,11291802,317249038.5400,2,5.700500,1,-1.807900,-2655.851193,3.604331,16.410692,-315.631297,0
2025-05-14,sz.002985,27.4910181000,28.1805420000,27.1812320000,27.2511837000,27.6808870000,7840774,215411241.2800,2,3.958300,1,-1.552300,-2614.623178,3.548379,16.155941,-310.731605,0
2025-05-15,sz.002985,27.0613148000,27.5809560000,26.8914321000,27.0713079000,27.2511837000,5683807,154606112.3100,2,2.869400,1,-0.660100,-2597.364940,3.524957,16.049301,-308.680571,0
2025-05-16,sz.002985,26.8814390000,27.6009422000,26.8814390000,27.0213424000,27.0713079000,4568455,124439706.9300,2,2.306300,1,-0.184600,-2592.570984,3.518451,16.019679,-308.110840,0
2025-05-19,sz.002985,27.1812320000,27.2411906000,26.4617288000,27.0413286000,27.0213424000,4798198,128900762.9600,2,2.422300,1,0.074000,-2594.488567,3.521054,16.031528,-308.338732,0
2025-05-20,sz.002985,27.0413286000,27.6908801000,26.8314735000,27.5309905000,27.0413286000,8834963,242334386.7900,2,4.460200,1,1.810800,-2641.469328,3.584813,16.321825,-313.922102,0
2025-05-21,sz.002985,27.3311285000,27.9407076000,27.0813010000,27.5509767000,27.5309905000,5353560,147269108.7800,2,2.702700,1,0.072600,-2643.386910,3.587415,16.333674,-314.149995,0
2025-05-22,sz.002985,27.4810250000,27.7808180000,27.0313355000,27.0713079000,27.5509767000,4900780,134546907.8800,2,2.474100,1,-1.741000,-2597.364940,3.524957,16.049301,-308.680571,0
2025-05-23,sz.002985,26.9314045000,27.4510457000,26.7815080000,26.8514597000,27.0713079000,4536605,123150659.0700,2,2.290300,1,-0.812100,-2576.271537,3.496331,15.918963,-306.173752,0
2025-05-26,sz.002985,26.8614528000,26.8814390000,26.5216874000,26.7315425000,26.8514597000,3264108,87167022.7900,2,1.647800,1,-0.446600,-2564.766044,3.480716,15.847870,-304.806397,0
2025-05-27,sz.002985,26.7015632000,26.8814390000,26.2119013000,26.7615218000,26.7315425000,3661033,97138676.2300,2,1.848200,1,0.112100,-2567.642417,3.484620,15.865643,-305.148236,0
2025-05-28,sz.002985,26.5916391000,26.7415356000,26.3318185000,26.4017702000,26.7615218000,3030601,80364855.5300,2,1.530000,1,-1.344300,-2533.125940,3.437777,15.652364,-301.046168,0
2025-05-29,sz.002985,26.2918461000,26.9214114000,26.2818530000,26.8714459000,26.4017702000,2904293,77595520.1700,2,1.466200,1,1.779000,-2578.189119,3.498933,15.930812,-306.401645,0
2025-05-30,sz.002985,26.8714459000,27.2311975000,26.6715839000,27.1112803000,26.8714459000,4583273,123917046.9500,2,2.313800,1,0.892500,-2601.200104,3.530162,16.072999,-309.136357,0
2025-06-03,sz.002985,27.1112803000,27.6609008000,26.8914321000,27.3910871000,27.1112803000,4747405,129880926.1400,2,2.396700,1,1.032100,-2628.046253,3.566596,16.238883,-312.326853,0
2025-06-04,sz.002985,27.7808180000,28.1005972000,27.2511837000,27.3411216000,27.3910871000,4955850,136451974.0800,2,2.501900,1,-0.182400,-2623.252298,3.560090,16.209261,-311.757122,0
2025-06-05,sz.002985,27.2411906000,27.5809560000,27.1412596000,27.4410526000,27.3411216000,3202162,87689119.2200,2,1.616600,1,0.365500,-2632.840208,3.573102,16.268505,-312.896585,0
2025-06-06,sz.002985,27.4510457000,27.9307145000,27.3511147000,27.3611078000,27.4410526000,3827041,105713597.9900,2,1.932000,1,-0.291300,-2625.169880,3.562692,16.221110,-311.985014,0
2025-06-09,sz.002985,27.4210664000,27.8307835000,27.1712389000,27.1912251000,27.3611078000,4286981,117681982.3000,2,2.164200,1,-0.620900,-2608.870432,3.540572,16.120394,-310.047927,0
2025-06-10,sz.002985,27.1612458000,27.1712389000,26.5816460000,27.0013562000,27.1912251000,4184775,112439580.3800,2,2.112600,1,-0.698300,-2590.653402,3.515849,16.007830,-307.882947,0
2025-06-11,sz.002985,26.8814390000,27.0613148000,26.7715149000,26.8914321000,27.0013562000,2426493,65447490.9800,2,1.225000,1,-0.407100,-2580.106701,3.501536,15.942661,-306.629538,0
2025-06-12,sz.002985,26.8614528000,27.0912941000,26.4817150000,26.6815770000,26.8914321000,3475921,92784705.7600,2,1.754800,1,-0.780400,-2559.972089,3.474210,15.818248,-304.236665,0
2025-06-13,sz.002985,27.0912941000,27.2811630000,26.6016322000,27.0113493000,26.6815770000,8260806,222528018.6700,2,4.170400,1,1.236000,-2591.612193,3.517150,16.013754,-307.996893,0
2025-06-16,sz.002985,26.8614528000,27.4310595000,26.4917081000,27.3611078000,27.0113493000,6104539,165111569.5300,2,3.081800,1,1.294900,-2625.169880,3.562692,16.221110,-311.985014,0
2025-06-17,sz.002985,27.3411216000,27.7108663000,27.2012182000,27.5809560000,27.3611078000,4548084,124980179.3300,2,2.296000,1,0.803500,-2646.263283,3.591319,16.351447,-314.491833,0
2025-06-18,sz.002985,27.5409836000,27.9107283000,27.3111423000,27.3810940000,27.5809560000,6183958,170621178.2200,2,3.121900,1,-0.724600,-2627.087462,3.565295,16.232959,-312.212907,0
2025-06-19,sz.002985,27.5309905000,27.5309905000,26.3817840000,26.4217564000,27.3810940000,5733844,153414826.2500,2,2.894700,1,-3.503600,-2535.043522,3.440379,15.664213,-301.274061,0
2025-06-20,sz.002985,26.5416736000,26.5716529000,26.1319565000,26.1319565000,26.4217564000,3219132,84702729.4000,2,1.625100,1,-1.096800,-2507.238581,3.402644,15.492404,-297.969618,0
2025-06-23,sz.002985,26.1919151000,27.0513217000,26.1819220000,26.9813700000,26.1319565000,4220187,112887391.8400,2,2.130500,1,3.250500,-2588.735820,3.513246,15.995981,-307.655054,0
2025-06-24,sz.002985,26.7815080000,27.3611078000,26.5017012000,27.1412596000,26.9813700000,3465720,93610789.7000,2,1.749600,1,0.592600,-2604.076477,3.534066,16.090772,-309.478196,0
2025-06-25,sz.002985,27.1312665000,28.6702039000,27.1312665000,28.6002522000,27.1412596000,12405392,349021597.5700,2,6.262700,1,5.375600,-2744.059970,3.724041,16.955740,-326.114358,0
2025-06-26,sz.002985,28.8001142000,30.2790930000,28.3204454000,28.8900521000,28.6002522000,17824810,521635964.5700,2,8.998600,1,1.013300,-2771.864910,3.761776,17.127549,-329.418801,0
2025-06-27,sz.002985,28.8600728000,29.6495277000,28.8600728000,29.2398106000,28.8900521000,10214911,298997833.1300,2,5.156900,1,1.210700,-2805.422596,3.807318,17.334904,-333.406922,0
2025-06-30,sz.002985,29.3497347000,30.2291275000,29.3497347000,30.2291275000,29.2398106000,12995276,389928072.3500,2,6.560500,1,3.383500,-2900.342910,3.936137,17.921423,-344.687607,0
2025-07-01,sz.002985,29.9593138000,29.9593138000,29.4196864000,29.6795070000,30.2291275000,8558532,254109509.6900,2,4.320700,1,-1.818200,-2847.609402,3.864571,17.595579,-338.420560,0
2025-07-02,sz.002985,29.5795760000,30.1192034000,29.1998382000,29.3697209000,29.6795070000,7298241,216008774.0700,2,3.684400,1,-1.043800,-2817.886880,3.824234,17.411922,-334.888224,0
2025-07-03,sz.002985,29.2797830000,29.8393966000,29.2198244000,29.2597968000,29.3697209000,5135045,151284680.7200,2,2.592400,1,-0.374300,-2807.340178,3.809921,17.346753,-333.634815,0
2025-07-04,sz.002985,29.1698589000,29.2198244000,28.7601418000,28.9300245000,29.2597968000,5574828,161488498.1000,2,2.814400,1,-1.127000,-2775.700074,3.766981,17.151246,-329.874586,0
2025-07-07,sz.002985,28.8400866000,29.0399486000,28.6002522000,28.9799900000,28.9300245000,3797790,109673983.4400,2,1.917300,1,0.172700,-2780.494029,3.773487,17.180869,-330.444318,0
2025-07-08,sz.002985,28.8600728000,29.1998382000,28.8600728000,28.9500107000,28.9799900000,4156450,120573663.7000,2,2.098300,1,-0.103400,-2777.617656,3.769583,17.163095,-330.102479,0
2025-07-09,sz.002985,28.9800000000,29.2900000000,28.6900000000,28.7800000000,28.9500000000,4407031,127616406.6000,2,2.224800,1,-0.587200,-2759.400626,3.744860,17.050531,-327.937499,0
2025-07-10,sz.002985,28.7800000000,29.1000000000,28.4500000000,29.0800000000,28.7800000000,4327294,124916318.1200,2,2.184600,1,1.042400,-2788.164358,3.783897,17.228264,-331.355888,0
2025-07-11,sz.002985,28.9900000000,29.1600000000,28.8200000000,29.0300000000,29.0800000000,3528772,102413086.4200,2,1.781500,1,-0.171900,-2783.370402,3.777391,17.198642,-330.786157,0
2025-07-14,sz.002985,29.0100000000,29.3700000000,28.6800000000,29.0600000000,29.0300000000,3616939,105183701.4900,2,1.826000,1,0.103300,-2786.246775,3.781294,17.216415,-331.127996,0
2025-07-15,sz.002985,29.0300000000,29.2600000000,28.6000000000,28.7100000000,29.0600000000,3751859,108101143.3100,2,1.894100,1,-1.204400,-2752.689089,3.735752,17.009060,-327.139875,0
2025-07-16,sz.002985,28.6400000000,28.8700000000,28.5000000000,28.5600000000,28.7100000000,2409836,69078655.4000,2,1.216600,1,-0.522500,-2738.307223,3.716234,16.920193,-325.430680,0
2025-07-17,sz.002985,28.5800000000,29.2600000000,28.5000000000,29.2100000000,28.5600000000,4225309,122241533.4800,2,2.133100,1,2.275900,-2800.628641,3.800812,17.305282,-332.837190,0
2025-07-18,sz.002985,29.2100000000,29.4300000000,29.0000000000,29.3300000000,29.2100000000,3632821,106214685.3300,2,1.834000,1,0.410800,-2812.134134,3.816427,17.376375,-334.204546,0
2025-07-21,sz.002985,29.4000000000,29.6600000000,29.1500000000,29.5000000000,29.3300000000,4584851,134711382.4000,2,2.314600,1,0.579600,-2828.433581,3.838547,17.477090,-336.141634,0
2025-07-22,sz.002985,29.4000000000,29.7500000000,29.1300000000,29.2500000000,29.5000000000,4163131,122410660.5100,2,2.101700,1,-0.847500,-2804.463805,3.806017,17.328980,-333.292976,0
2025-07-23,sz.002985,29.2500000000,29.2500000000,28.5200000000,28.5600000000,29.2500000000,5062950,145641712.0000,2,2.556000,1,-2.359000,-2738.307223,3.716234,16.920193,-325.430680,0
2025-07-24,sz.002985,28.5600000000,29.1000000000,28.5600000000,28.9700000000,28.5600000000,3348460,96715145.5000,2,1.690400,1,1.435600,-2777.617656,3.769583,17.163095,-330.102479,0
2025-07-25,sz.002985,29.0000000000,29.5900000000,28.8000000000,29.2200000000,28.9700000000,5102737,148858419.9400,2,2.576100,1,0.863000,-2801.587432,3.802113,17.311206,-332.951137,0
2025-07-28,sz.002985,29.2300000000,30.2700000000,29.1000000000,30.1400000000,29.2200000000,9965870,298383772.1400,2,5.031200,1,3.148500,-2889.796208,3.921824,17.856254,-343.434198,0
2025-07-29,sz.002985,30.1100000000,30.9200000000,29.8100000000,30.9000000000,30.1400000000,10527624,321080301.9200,2,5.314700,1,2.521600,-2962.664328,4.020715,18.306512,-352.094118,0
2025-07-30,sz.002985,30.9000000000,31.2000000000,30.0600000000,30.4200000000,30.9000000000,8993315,275496269.1100,2,4.540200,1,-1.553400,-2916.642358,3.958258,18.022139,-346.624695,0
2025-07-31,sz.002985,30.3400000000,30.9200000000,30.1300000000,30.4200000000,30.4200000000,7874096,239828843.3700,2,3.975100,1,0.000000,-2916.642358,3.958258,18.022139,-346.624695,0
2025-08-01,sz.002985,30.5000000000,30.5600000000,29.6100000000,29.8900000000,30.4200000000,5734283,171865021.4100,2,2.894900,1,-1.742300,-2865.826432,3.889294,17.708144,-340.585540,0
2025-08-04,sz.002985,29.7100000000,30.7500000000,29.6100000000,30.7100000000,29.8900000000,7896966,240200149.0500,2,3.986700,1,2.743400,-2944.447298,3.995992,18.193947,-349.929138,0
2025-08-05,sz.002985,30.7100000000,31.5600000000,30.5000000000,30.7100000000,30.7100000000,8085144,249619289.0200,2,4.081700,1,0.000000,-2944.447298,3.995992,18.193947,-349.929138,0
2025-08-06,sz.002985,30.6600000000,31.7300000000,30.5700000000,31.3100000000,30.7100000000,11267458,353556576.5000,2,5.688200,1,1.953800,-3001.974760,4.074065,18.549414,-356.765917,0
2025-08-07,sz.002985,31.3200000000,31.4300000000,30.7300000000,31.0300000000,31.3100000000,7193768,222889071.4800,2,3.631700,1,-0.894300,-2975.128611,4.037631,18.383529,-353.575420,0
2025-08-08,sz.002985,31.0000000000,31.2800000000,30.6800000000,30.9400000000,31.0300000000,5417552,167641723.9000,2,2.735000,1,-0.290000,-2966.499492,4.025920,18.330209,-352.549903,0
2025-08-11,sz.002985,30.7200000000,31.2000000000,30.6500000000,30.8000000000,30.9400000000,6400979,198194670.3500,2,3.231500,1,-0.452500,-2953.076417,4.007703,18.247267,-350.954655,0
2025-08-12,sz.002985,30.8200000000,31.0100000000,30.1300000000,30.4000000000,30.8000000000,5842491,177870003.2400,2,2.949500,1,-1.298700,-2914.724775,3.955655,18.010290,-346.396802,0
2025-08-13,sz.002985,30.4000000000,30.6800000000,30.2000000000,30.4700000000,30.4000000000,4945526,150366378.9800,2,2.496700,1,0.230300,-2921.436313,3.964764,18.051761,-347.194426,0
2025-08-14,sz.002985,30.5700000000,30.5900000000,29.3000000000,29.3300000000,30.4700000000,6841316,203714351.3300,2,3.453800,1,-3.741400,-2812.134134,3.816427,17.376375,-334.204546,0
2025-08-15,sz.002985,29.4100000000,29.9500000000,29.3100000000,29.6900000000,29.3300000000,4813621,142314146.1400,2,2.430100,1,1.227400,-2846.650611,3.863270,17.589655,-338.306614,0
2025-08-18,sz.002985,29.7000000000,30.1700000000,29.6100000000,29.8900000000,29.6900000000,6267916,187461908.6400,2,3.164300,1,0.673600,-2865.826432,3.889294,17.708144,-340.585540,0
2025-08-19,sz.002985,29.8000000000,29.8500000000,29.1600000000,29.2800000000,29.8900000000,6649234,195440364.8800,2,3.356800,1,-2.040800,-2807.340178,3.809921,17.346753,-333.634815,0
2025-08-20,sz.002985,29.2900000000,29.6000000000,29.1300000000,29.6000000000,29.2800000000,4930477,144950146.7600,2,2.489100,1,1.092900,-2838.021492,3.851559,17.536335,-337.281097,0
2025-08-21,sz.002985,29.6000000000,30.2300000000,29.5200000000,29.7000000000,29.6000000000,6146202,183121883.4400,2,3.102800,1,0.337800,-2847.609402,3.864571,17.595579,-338.420560,0
2025-08-22,sz.002985,29.6000000000,30.1500000000,29.4400000000,30.0900000000,29.7000000000,6292123,187729614.1700,2,3.176500,1,1.313100,-2885.002253,3.915318,17.826632,-342.864466,0
2025-08-25,sz.002985,30.1800000000,30.2500000000,29.5100000000,29.9900000000,30.0900000000,6573295,196995654.8100,2,3.318500,1,-0.332300,-2875.414343,3.902306,17.767388,-341.725003,0
2025-08-26,sz.002985,29.9500000000,30.3200000000,29.6100000000,30.0200000000,29.9900000000,6093140,183295109.3900,2,3.076100,1,0.100000,-2878.290716,3.906210,17.785161,-342.066842,0
2025-08-27,sz.002985,30.2900000000,31.0600000000,29.3500000000,29.3900000000,30.0200000000,8883481,268479283.1900,2,5.056900,1,-2.098600,319.948455,3.795178,14.934962,232.404428,0
2025-08-28,sz.002985,29.3900000000,30.0700000000,29.0300000000,30.0700000000,29.3900000000,8040222,237902195.7100,2,4.576900,1,2.313700,327.351142,3.882987,15.280514,237.781598,0
2025-08-29,sz.002985,30.0600000000,30.2600000000,29.6600000000,29.9000000000,30.0700000000,5082852,151986069.7500,2,2.893400,1,-0.565300,325.500470,3.861035,15.194126,236.437305,0
2025-09-01,sz.002985,29.8700000000,29.9600000000,29.2800000000,29.7000000000,29.9000000000,6299652,186238837.2600,2,3.586100,1,-0.668900,323.323210,3.835209,15.092493,234.855785,0
2025-09-02,sz.002985,30.7000000000,30.8200000000,28.4300000000,28.8500000000,29.7000000000,10695856,314182083.3800,2,6.088600,1,-2.862000,314.069852,3.725447,14.660553,228.134323,0
2025-09-03,sz.002985,28.9000000000,29.0900000000,27.2300000000,27.3000000000,28.8500000000,7919500,221293298.2800,2,4.508100,1,-5.372600,297.196081,3.525293,13.872897,215.877540,0
2025-09-04,sz.002985,27.3200000000,27.7100000000,26.6200000000,26.8600000000,27.3000000000,5343491,145388082.3900,2,3.041800,1,-1.611700,292.406108,3.468475,13.649305,212.398195,0
2025-09-05,sz.002985,26.8800000000,27.0700000000,26.6800000000,27.0300000000,26.8600000000,4440488,119431876.2300,2,2.527700,1,0.632900,294.256780,3.490427,13.735693,213.742487,0
2025-09-08,sz.002985,27.0400000000,27.1400000000,26.7600000000,27.0000000000,27.0300000000,4804385,129368794.2100,2,2.734900,1,-0.111000,293.930190,3.486553,13.720448,213.505259,0
2025-09-09,sz.002985,27.0000000000,27.0200000000,26.5500000000,26.6300000000,27.0000000000,3256795,87199661.9000,2,1.853900,1,-1.370400,289.902258,3.438775,13.532427,210.579446,0
2025-09-10,sz.002985,26.6300000000,26.9000000000,26.5400000000,26.5800000000,26.6300000000,3479283,92868236.4500,2,1.980600,1,-0.187800,289.357943,3.432318,13.507019,210.184066,0
2025-09-11,sz.002985,26.5800000000,26.9100000000,26.3400000000,26.9100000000,26.5800000000,3649221,97385617.7200,2,2.077300,1,1.241500,292.950423,3.474931,13.674713,212.793575,0
2025-09-12,sz.002985,26.9200000000,27.0500000000,26.7600000000,26.8000000000,26.9100000000,4050248,108913081.0200,2,2.305600,1,-0.408800,291.752930,3.460727,13.618815,211.923739,0
2025-09-15,sz.002985,26.7700000000,26.8800000000,26.4800000000,26.5000000000,26.8000000000,4435124,118015110.2700,2,2.524700,1,-1.119400,288.487039,3.421987,13.466366,209.551458,0
2025-09-16,sz.002985,26.4000000000,26.6800000000,26.1900000000,26.6700000000,26.5000000000,3834444,101373192.4300,2,2.182700,1,0.641500,290.337710,3.443940,13.552754,210.895750,0
2025-09-17,sz.002985,26.6500000000,26.7900000000,26.5000000000,26.6400000000,26.6700000000,4154002,110692200.9900,2,2.364700,1,-0.112500,290.011121,3.440066,13.537509,210.658522,0
2025-09-18,sz.002985,26.6600000000,27.0500000000,26.2800000000,26.4400000000,26.6400000000,5610960,149736591.2200,2,3.194000,1,-0.750800,287.833861,3.414240,13.435876,209.077002,0
2025-09-19,sz.002985,26.4100000000,26.8800000000,26.2000000000,26.4800000000,26.4400000000,3471662,92291757.6100,2,1.976200,1,0.151300,288.269313,3.419405,13.456202,209.393306,0
2025-09-22,sz.002985,26.4800000000,26.5700000000,26.1600000000,26.4400000000,26.4800000000,2866962,75539057.3200,2,1.632000,1,-0.151100,287.833861,3.414240,13.435876,209.077002,0
2025-09-23,sz.002985,26.4900000000,26.5200000000,25.5800000000,26.4400000000,26.4400000000,4947937,128759520.5100,2,2.816600,1,0.000000,287.833861,3.414240,13.435876,209.077002,0
2025-09-24,sz.002985,26.3300000000,26.7800000000,26.2000000000,26.7800000000,26.4400000000,3686395,98187158.2800,2,2.098500,1,1.285900,291.535204,3.458144,13.608652,211.765587,0
2025-09-25,sz.002985,26.4100000000,26.4500000000,25.9500000000,25.9900000000,26.7800000000,4896365,128272354.5400,2,2.787200,1,-2.950000,282.935024,3.356130,13.207201,205.518581,0
2025-09-26,sz.002985,25.9600000000,26.7000000000,25.7400000000,26.2400000000,25.9900000000,4099666,107992519.8400,2,2.333700,1,0.961900,285.656600,3.388413,13.334243,207.495481,0
2025-09-29,sz.002985,26.2800000000,26.7500000000,25.8400000000,26.5500000000,26.2400000000,3869378,101831117.5300,2,2.202600,1,1.181400,289.031354,3.428444,13.491774,209.946838,0
2025-09-30,sz.002985,26.4500000000,29.2100000000,26.3500000000,29.2100000000,26.5500000000,14131803,396781234.7600,2,8.044500,1,10.018800,317.988921,3.771934,14.843492,230.981060,0
2025-10-09,sz.002985,29.2100000000,29.8800000000,28.6600000000,29.6100000000,29.2100000000,16706841,490051731.9800,2,9.510300,1,1.369400,322.343442,3.823587,15.046758,234.144101,0
2025-10-10,sz.002985,29.9700000000,31.3000000000,29.7000000000,30.8600000000,29.6100000000,20745753,636235235.1500,2,11.809400,1,4.221500,335.951321,3.985001,15.681964,244.028604,0
2025-10-13,sz.002985,29.7200000000,32.0000000000,29.6700000000,31.7600000000,30.8600000000,19720284,615984152.4200,2,11.225700,1,2.916400,345.748994,4.101220,16.139312,251.145446,0
2025-10-14,sz.002985,31.4300000000,31.7600000000,30.7900000000,30.8300000000,31.7600000000,14234109,442755885.1200,2,8.102700,1,-2.928200,335.624732,3.981127,15.666719,243.791375,0
2025-10-15,sz.002985,30.8300000000,32.3000000000,30.3800000000,31.5800000000,30.8300000000,13147073,410329661.9600,2,7.483900,1,2.432700,343.789460,4.077976,16.047842,249.722077,0
2025-10-16,sz.002985,32.2100000000,32.2300000000,30.9300000000,31.0100000000,31.5800000000,10198709,320247911.3000,2,5.805600,1,-1.804900,337.584267,4.004371,15.758188,245.214744,0
2025-10-17,sz.002985,30.9400000000,31.1900000000,30.1000000000,30.1600000000,31.0100000000,9011781,275841375.1400,2,5.129900,1,-2.741100,328.330909,3.894609,15.326248,238.493282,0
2025-10-20,sz.002985,30.5700000000,30.6800000000,29.4200000000,29.7400000000,30.1600000000,7675531,230111144.4100,2,4.369300,1,-1.392600,323.758662,3.840374,15.112819,235.172089,0
2025-10-21,sz.002985,29.7600000000,30.1800000000,29.5600000000,29.7300000000,29.7400000000,6216896,185600391.6800,2,3.538900,1,-0.033600,323.649799,3.839083,15.107738,235.093013,0
2025-10-22,sz.002985,29.6000000000,29.7400000000,29.2500000000,29.3600000000,29.7300000000,4589450,134836794.2000,2,2.612500,1,-1.244500,319.621866,3.791304,14.919717,232.167200,0
2025-10-23,sz.002985,29.3700000000,29.8800000000,28.8400000000,29.7500000000,29.3600000000,5665475,165981812.0500,2,3.225100,1,1.328300,323.867525,3.841665,15.117901,235.251165,0
2025-10-24,sz.002985,29.7500000000,30.5400000000,29.7500000000,30.0000000000,29.7500000000,8299006,249674405.3400,2,4.724200,1,0.840300,326.589101,3.873948,15.244942,237.228066,0
2025-10-27,sz.002985,30.2200000000,30.3800000000,29.8000000000,30.3600000000,30.0000000000,7484153,225752684.2900,2,4.260300,1,1.200000,166.685516,3.850589,14.288812,171.488579,0
2025-10-28,sz.002985,30.3600000000,30.6800000000,29.9100000000,30.4500000000,30.3600000000,6138685,186649201.7400,2,3.494400,1,0.296400,167.179644,3.862004,14.331170,171.996945,0
2025-10-29,sz.002985,30.3600000000,30.5500000000,30.0200000000,30.4400000000,30.4500000000,4511780,136887197.9800,2,2.568300,1,-0.032800,167.124741,3.860736,14.326463,171.940460,0
2025-10-30,sz.002985,30.3600000000,30.3600000000,29.8300000000,29.8700000000,30.4400000000,4599595,138167261.5700,2,2.618300,1,-1.872500,163.995269,3.788442,14.058195,168.720812,0
2025-10-31,sz.002985,29.8500000000,30.1900000000,29.5800000000,29.8100000000,29.8700000000,3329764,99590961.8000,2,1.895500,1,-0.200900,163.665851,3.780832,14.029956,168.381902,0
2025-11-03,sz.002985,29.8200000000,30.0600000000,28.9000000000,29.6500000000,29.8100000000,6784197,200155980.2600,2,3.861900,1,-0.536700,162.787403,3.760539,13.954653,167.478142,0
2025-11-04,sz.002985,29.6000000000,29.8600000000,28.9500000000,29.1600000000,29.6500000000,5532685,161740576.6200,2,3.149500,1,-1.652600,160.097156,3.698392,13.724036,164.710375,0
2025-11-05,sz.002985,28.8900000000,29.1100000000,28.6000000000,28.8400000000,29.1600000000,4096439,118259936.9700,2,2.331900,1,-1.097400,158.340260,3.657806,13.573430,162.902853,0
2025-11-06,sz.002985,28.9200000000,30.0500000000,28.9200000000,29.5600000000,28.8400000000,6651688,196973263.0900,2,3.786500,1,2.496500,162.293276,3.749124,13.912295,166.969776,0
2025-11-07,sz.002985,29.2700000000,29.2700000000,28.6600000000,28.9600000000,29.5600000000,4142318,120281354.1900,2,2.358000,1,-2.029800,158.999096,3.673026,13.629907,163.580674,0
2025-11-10,sz.002985,28.9400000000,29.4400000000,28.9000000000,29.1000000000,28.9600000000,3229124,93946476.6100,2,1.838200,1,0.483400,159.767738,3.690782,13.695798,164.371464,0
2025-11-11,sz.002985,29.1200000000,29.3800000000,28.6900000000,28.8100000000,29.1000000000,3792442,109887361.0800,2,2.158800,1,-0.996600,158.175551,3.654001,13.559310,162.733398,0
2025-11-12,sz.002985,28.8100000000,28.8800000000,28.1200000000,28.5200000000,28.8100000000,4286826,121810011.2500,2,2.440300,1,-1.006600,156.583364,3.617220,13.422823,161.095332,0
2025-11-13,sz.002985,28.4500000000,29.2300000000,28.4100000000,28.8900000000,28.5200000000,3529993,101843089.2400,2,2.009400,1,1.297300,158.614775,3.664148,13.596962,163.185279,0
2025-11-14,sz.002985,28.8900000000,29.1800000000,28.7200000000,28.7400000000,28.8900000000,2918405,84360813.5000,2,1.661300,1,-0.519200,157.791230,3.645123,13.526365,162.338003,0
2025-11-17,sz.002985,29.0100000000,29.3400000000,28.7800000000,28.8200000000,28.7400000000,3683990,106755697.4000,2,2.097100,1,0.278400,158.230454,3.655269,13.564017,162.789883,0
2025-11-18,sz.002985,28.8600000000,28.9200000000,27.9700000000,28.1500000000,28.8200000000,4280985,120857227.9900,2,2.436900,1,-2.324800,154.551953,3.570293,13.248684,159.005386,0
2025-11-19,sz.002985,28.0600000000,28.3600000000,27.9400000000,28.1800000000,28.1500000000,2970967,83691927.2900,2,1.691200,1,0.106600,154.716662,3.574098,13.262803,159.174841,0
2025-11-20,sz.002985,28.2000000000,28.3000000000,27.8700000000,28.0300000000,28.1800000000,2462643,69135600.9500,2,1.401900,1,-0.532300,153.893117,3.555073,13.192207,158.327565,0
2025-11-21,sz.002985,27.7900000000,28.1000000000,27.1000000000,27.2700000000,28.0300000000,3697911,101657706.7800,2,2.105000,1,-2.711400,149.720489,3.458681,12.834516,154.034702,0
2025-11-24,sz.002985,27.2900000000,28.7500000000,27.2900000000,28.6300000000,27.2700000000,5924795,167430043.1700,2,3.372700,1,4.987200,157.187297,3.631171,13.474594,161.716668,0
2025-11-25,sz.002985,28.6500000000,28.8800000000,28.2800000000,28.5700000000,28.6300000000,3990846,114343150.9600,2,2.271800,1,-0.209600,156.857879,3.623562,13.446355,161.377757,0
2025-11-26,sz.002985,28.5000000000,28.6900000000,27.6000000000,27.6600000000,28.5700000000,4342544,121220082.6600,2,2.472000,1,-3.185200,151.861706,3.508145,13.018068,156.237619,0
2025-11-27,sz.002985,27.6000000000,27.9300000000,27.4000000000,27.6700000000,27.6600000000,2676650,74168830.1700,2,1.523700,1,0.036200,151.916609,3.509414,13.022774,156.294104,0
2025-11-28,sz.002985,27.6600000000,28.0700000000,27.6200000000,28.0300000000,27.6700000000,2908468,81060058.0600,2,1.655600,1,1.301000,153.893117,3.555073,13.192207,158.327565,0
2025-12-01,sz.002985,28.3500000000,28.8300000000,28.1700000000,28.3800000000,28.0300000000,4650546,132693944.4300,2,2.647300,1,1.248700,155.814722,3.599464,13.356933,160.304542,0
2025-12-02,sz.002985,28.2500000000,28.3600000000,27.7000000000,27.8700000000,28.3800000000,3520846,98288295.0400,2,2.004200,1,-1.797000,153.014669,3.534780,13.116903,157.423805,0
2025-12-03,sz.002985,27.7800000000,27.9200000000,27.1600000000,27.3100000000,27.8700000000,4033040,110409581.5800,2,2.295800,1,-2.009300,149.940101,3.463755,12.853341,154.260642,0
2025-12-04,sz.002985,27.2900000000,27.7900000000,27.2000000000,27.5700000000,27.3100000000,2903045,79954473.9500,2,1.652500,1,0.952000,151.367579,3.496731,12.975709,155.729253,0
2025-12-05,sz.002985,27.5300000000,28.3300000000,27.2400000000,28.2800000000,27.5700000000,4370996,122274342.6500,2,2.488200,1,2.575300,155.265692,3.586781,13.309868,159.739691,0
2025-12-08,sz.002985,28.4700000000,29.1500000000,28.2700000000,28.2800000000,28.2800000000,4856381,139284616.4400,2,2.764500,1,0.000000,155.265692,3.586781,13.309868,159.739691,0
2025-12-09,sz.002985,28.3800000000,28.5800000000,27.8200000000,27.9400000000,28.2800000000,3695576,103927743.1200,2,2.103700,1,-1.202300,153.398990,3.543658,13.149848,157.819200,0
2025-12-10,sz.002985,27.8500000000,28.4800000000,27.7400000000,28.0500000000,27.9400000000,3364238,94598282.4200,2,1.915100,1,0.393700,154.002923,3.557609,13.201619,158.440535,0
2025-12-11,sz.002985,28.2200000000,29.2500000000,28.0400000000,28.2600000000,28.0500000000,4871489,138012704.2800,2,2.773100,1,0.748700,155.155886,3.584244,13.300455,159.626721,0
2025-12-12,sz.002985,28.3100000000,28.8000000000,28.0500000000,28.6000000000,28.2600000000,9251207,262778132.6100,2,5.266200,1,1.203100,157.022588,3.627367,13.460475,161.547212,0
2025-12-15,sz.002985,28.4700000000,29.7900000000,28.2200000000,29.7000000000,28.6000000000,16801732,490048232.5000,2,9.564300,1,3.846200,163.061918,3.766881,13.978185,167.760567,0
2025-12-16,sz.002985,29.4100000000,29.4400000000,28.6600000000,29.0700000000,29.7000000000,12654453,365739909.3900,2,7.203500,1,-2.121200,159.603029,3.686977,13.681678,164.202009,0
2025-12-17,sz.002985,28.9000000000,28.9000000000,27.2700000000,27.8600000000,29.0700000000,11563683,323155646.4400,2,6.582600,1,-4.162400,152.959766,3.533512,13.112197,157.367320,0
2025-12-18,sz.002985,27.6300000000,30.6500000000,27.5900000000,30.6500000000,27.8600000000,20096081,602755343.2900,2,11.439600,1,10.014400,168.277704,3.887370,14.425299,173.126645,0
2025-12-19,sz.002985,30.4500000000,31.7900000000,30.1900000000,31.2800000000,30.6500000000,29078669,907281752.0300,2,16.552900,1,2.055500,171.736593,3.967274,14.721806,176.685203,0
2025-12-22,sz.002985,31.2900000000,31.3800000000,30.4800000000,30.6800000000,31.2800000000,15374601,473391447.3000,2,8.751900,1,-1.918200,168.442413,3.891175,14.439418,173.296101,0
2025-12-23,sz.002985,30.6800000000,30.9400000000,30.0000000000,30.1800000000,30.6800000000,12459635,378498546.1900,2,7.092600,1,-1.629700,165.697262,3.827760,14.204095,170.471849,0
2025-12-24,sz.002985,29.9400000000,30.9500000000,29.8600000000,30.7000000000,30.1800000000,12445135,379977998.7000,2,7.084400,1,1.723000,168.552219,3.893712,14.448831,173.409071,0
2025-12-25,sz.002985,30.6600000000,32.0900000000,30.6000000000,31.7800000000,30.7000000000,20213527,638524595.9000,2,11.506500,1,3.517900,174.481743,4.030689,14.957129,179.509455,0
2025-12-26,sz.002985,31.7700000000,31.7700000000,31.0100000000,31.3800000000,31.7800000000,15372943,482993397.0900,2,8.751000,1,-1.258700,172.285623,3.979957,14.768871,177.250053,0
2025-12-29,sz.002985,31.3700000000,31.8200000000,31.2000000000,31.5300000000,31.3800000000,11295108,355716729.7100,2,6.429700,1,0.478000,173.109168,3.998981,14.839467,178.097329,0
2025-12-30,sz.002985,30.8000000000,31.8400000000,30.7000000000,31.2300000000,31.5300000000,12891333,404075528.4900,2,7.338300,1,-0.951500,171.462078,3.960932,14.698274,176.402778,0
2025-12-31,sz.002985,31.4300000000,31.7600000000,31.0600000000,31.7300000000,31.2300000000,13552821,426816794.3200,2,7.714900,1,1.601000,174.207228,4.024348,14.933597,179.227030,0
2026-01-05,sz.002985,32.6900000000,32.6900000000,31.5300000000,32.3700000000,31.7300000000,21557081,692229450.7600,2,12.271300,1,2.017000,177.721020,4.105519,15.234810,182.842072,0
2026-01-06,sz.002985,32.1000000000,33.4600000000,31.8100000000,32.7700000000,32.3700000000,19380165,632835655.6500,2,11.032100,1,1.235700,179.917140,4.156252,15.423068,185.101474,0
2026-01-07,sz.002985,32.7000000000,32.9600000000,31.9200000000,32.8200000000,32.7700000000,14066882,456882524.8000,2,8.007500,1,0.152600,180.191655,4.162593,15.446601,185.383899,0
2026-01-08,sz.002985,32.5000000000,34.5000000000,32.4700000000,34.0700000000,32.8200000000,20531854,694666097.9600,2,11.687700,1,3.808700,187.054531,4.321132,16.034908,192.444529,0
2026-01-09,sz.002985,34.3800000000,35.2800000000,33.6100000000,34.2200000000,34.0700000000,23855532,821851305.2300,2,13.579700,1,0.440300,187.878076,4.340157,16.105505,193.291805,0
2026-01-12,sz.002985,34.6900000000,35.8600000000,34.2300000000,35.8000000000,34.2200000000,22192912,783448742.3000,2,12.633200,1,4.617200,196.552750,4.540550,16.849126,202.216441,0
2026-01-13,sz.002985,37.8000000000,37.8200000000,34.1800000000,34.3200000000,35.8000000000,27054955,954511662.1000,2,15.400900,1,-4.134100,188.427106,4.352840,16.152570,193.856655,0
2026-01-14,sz.002985,34.2400000000,35.4900000000,33.7800000000,34.4300000000,34.3200000000,21473592,742661093.9400,2,12.223800,1,0.320500,189.031039,4.366791,16.204341,194.477990,0
2026-01-15,sz.002985,34.2900000000,34.2900000000,32.9000000000,33.4500000000,34.4300000000,13281888,442467193.5700,2,7.560700,1,-2.846400,183.650544,4.242497,15.743108,188.942456,0
2026-01-16,sz.002985,33.5300000000,33.8900000000,32.9000000000,33.6200000000,33.4500000000,9658344,322928491.2300,2,5.498000,1,0.508200,184.583895,4.264058,15.823118,189.902702,0
2026-01-19,sz.002985,33.3500000000,36.9800000000,33.3500000000,36.9800000000,33.6200000000,19180449,682107411.9300,2,10.918400,1,9.994100,203.031304,4.690210,17.404488,208.881675,0
2026-01-20,sz.002985,37.0000000000,39.9300000000,36.6600000000,38.8800000000,36.9800000000,41877851,1616400111.7600,2,23.838800,1,5.137900,213.462875,4.931189,18.298715,219.613833,0
2026-01-21,sz.002985,38.0000000000,38.9800000000,37.3800000000,38.1600000000,38.8800000000,21981103,835898226.3700,2,12.512700,1,-1.851900,209.509859,4.839871,17.959850,215.546910,0
2026-01-22,sz.002985,37.8700000000,41.9800000000,37.7800000000,41.9800000000,38.1600000000,27311144,1112280817.8600,2,15.546800,1,10.010500,230.482806,5.324365,19.757718,237.124195,0
2026-01-23,sz.002985,41.5000000000,41.7500000000,40.2500000000,40.5000000000,41.9800000000,30644887,1251218762.3900,2,17.444500,1,-3.525500,222.357161,5.136655,19.061162,228.764409,0
2026-01-26,sz.002985,39.9000000000,39.9800000000,37.3000000000,37.7000000000,40.5000000000,23048663,884765204.1000,2,13.120400,1,-6.913600,206.984321,4.781529,17.743353,212.948598,0
2026-01-27,sz.002985,37.5000000000,39.6600000000,37.3000000000,39.0600000000,37.7000000000,22114354,850922608.8100,2,12.588500,1,3.607400,214.451129,4.954019,18.383432,220.630564,0
2026-01-28,sz.002985,38.9700000000,40.3500000000,37.9000000000,38.1900000000,39.0600000000,17563426,682366442.7800,2,9.997900,1,-2.227300,209.674568,4.843676,17.973970,215.716365,0
2026-01-29,sz.002985,38.0000000000,39.2800000000,37.4600000000,37.8800000000,38.1900000000,17594579,675525380.8700,2,10.015700,1,-0.811700,207.972575,4.804358,17.828069,213.965329,0
2026-01-30,sz.002985,40.3000000000,41.6700000000,39.6700000000,40.1800000000,37.8800000000,40622359,1664810781.7200,2,23.124100,1,6.071800,220.600265,5.096070,18.910555,226.956888,0
2026-02-02,sz.002985,41.0100000000,43.2600000000,40.4700000000,41.7400000000,40.1800000000,33042542,1386765046.2200,2,18.809400,1,3.882500,229.165134,5.293926,19.644763,235.768554,0
2026-02-03,sz.002985,42.0300000000,43.2000000000,41.6100000000,42.4200000000,41.7400000000,23006248,972364068.0100,2,13.096200,1,1.629100,232.898538,5.380171,19.964802,239.609537,0
2026-02-04,sz.002985,41.6000000000,45.3500000000,41.6000000000,42.7000000000,42.4200000000,32271188,1402441726.1200,2,18.370300,1,0.660100,234.435822,5.415684,20.096583,241.191118,0
2026-02-05,sz.002985,42.3700000000,46.9700000000,41.6000000000,46.9700000000,42.7000000000,36086630,1636801190.8500,2,20.542200,1,10.000000,257.879404,5.957252,22.106241,265.310230,0
2026-02-06,sz.002985,45.9800000000,46.6400000000,43.6100000000,44.2200000000,46.9700000000,35653129,1603626071.4600,2,20.295400,1,-5.854800,242.781078,5.608467,20.811965,249.776844,0
2026-02-09,sz.002985,44.6600000000,44.6900000000,42.8600000000,43.4000000000,44.2200000000,23747957,1030963153.9000,2,13.518400,1,-1.854400,238.279032,5.504465,20.426035,245.145071,0
2026-02-10,sz.002985,43.1500000000,45.3100000000,42.2600000000,44.1000000000,43.4000000000,26020219,1146045285.6800,2,14.811900,1,1.612900,242.122242,5.593247,20.755487,249.099023,0
2026-02-11,sz.002985,43.4700000000,43.9000000000,42.9100000000,42.9900000000,44.1000000000,13897798,600526295.3800,2,7.911300,1,-2.517000,236.028009,5.452465,20.233070,242.829184,0
2026-02-12,sz.002985,42.6000000000,44.2600000000,41.8500000000,43.9500000000,42.9900000000,17166971,742896216.1900,2,9.772200,1,2.233100,241.298697,5.574222,20.684890,248.251748,0
2026-02-13,sz.002985,43.6500000000,45.2900000000,43.1400000000,44.2200000000,43.9500000000,16062348,711568707.2200,2,9.143400,1,0.614300,242.781078,5.608467,20.811965,249.776844,0
2026-02-24,sz.002985,44.0000000000,44.8400000000,42.9800000000,44.3400000000,44.2200000000,12249389,537453441.4400,2,6.972900,1,0.271400,243.439914,5.623686,20.868442,250.454664,0
2026-02-25,sz.002985,44.0000000000,44.0400000000,42.4800000000,42.7400000000,44.3400000000,17062801,735326152.7500,2,9.712900,1,-3.608500,234.655434,5.420757,20.115409,241.417058,0
2026-02-26,sz.002985,42.6800000000,42.7400000000,40.5000000000,42.2600000000,42.7400000000,21998786,910133413.7800,2,12.522700,1,-1.123100,232.020090,5.359878,19.889499,238.705776,0
2026-02-27,sz.002985,42.2000000000,42.9600000000,41.4200000000,41.6000000000,42.2600000000,15559342,654078935.9700,2,8.857100,1,-1.561800,228.396492,5.276170,19.578872,234.977764,0
2026-03-02,sz.002985,42.3800000000,42.5600000000,40.8700000000,41.1900000000,41.6000000000,14940279,619322596.9700,2,8.504700,1,-0.985600,226.145469,5.224169,19.385907,232.661877,0
2026-03-03,sz.002985,41.0200000000,41.2000000000,38.1600000000,38.2800000000,41.1900000000,20262975,797120340.2400,2,11.534600,1,-7.064800,210.168695,4.855091,18.016328,216.224730,0
2026-03-04,sz.002985,38.0000000000,39.8100000000,37.9400000000,39.2500000000,38.2800000000,14245239,558261639.3900,2,8.109100,1,2.534000,215.494286,4.978117,18.472854,221.703779,0
2026-03-05,sz.002985,39.9000000000,40.3800000000,38.8200000000,39.2800000000,39.2500000000,8647947,340289774.6500,2,4.922800,1,0.076400,215.658995,4.981922,18.486974,221.873234,0
2026-03-06,sz.002985,38.9400000000,40.5800000000,38.7400000000,39.7100000000,39.2800000000,9448846,376764843.8600,2,5.378700,1,1.094700,218.019824,5.036459,18.689351,224.302091,0
2026-03-09,sz.002985,39.0600000000,39.7900000000,38.3800000000,39.5500000000,39.7100000000,9076662,354724364.7500,2,5.166900,1,-0.402900,217.141376,5.016166,18.614048,223.398330,0
2026-03-10,sz.002985,39.8900000000,40.7000000000,39.7900000000,40.2400000000,39.5500000000,8225675,330608813.7700,2,4.682400,1,1.744600,220.929683,5.103679,18.938794,227.295798,0
2026-03-11,sz.002985,40.2000000000,40.6600000000,39.2800000000,39.4200000000,40.2400000000,6901225,273045666.7800,2,3.928500,1,-2.037800,216.427637,4.999678,18.552864,222.664025,0
2026-03-12,sz.002985,39.2700000000,39.5400000000,38.3800000000,38.6600000000,39.4200000000,6067836,235471612.8100,2,3.454100,1,-1.928000,212.255009,4.903286,18.195173,218.371162,0
2026-03-13,sz.002985,38.6700000000,38.7700000000,37.8800000000,38.1200000000,38.6600000000,5210290,199475617.6100,2,2.965900,1,-1.396800,209.290247,4.834798,17.941024,215.320970,0
2026-03-16,sz.002985,38.1300000000,39.1000000000,37.9000000000,39.0800000000,38.1200000000,7018315,270856503.9000,2,3.995200,1,2.518400,214.560935,4.956555,18.392844,220.743534,0
2026-03-17,sz.002985,39.2800000000,39.3900000000,37.9600000000,37.9800000000,39.0800000000,6721280,259643854.8500,2,3.826100,1,-2.814700,208.521605,4.817041,17.875134,214.530179,0
2026-03-18,sz.002985,38.2000000000,38.5800000000,36.7200000000,37.9700000000,37.9800000000,10023278,375269223.5400,2,3.028700,1,-0.026300,62.991389,4.683541,13.726015,-473.889318,0
