date,code,open,high,low,close,preclose,volume,amount,adjustflag,turn,tradestatus,pctChg,peTTM,pbMRQ,psTTM,pcfNcfTTM,isST
2023-06-26,sz.002054,6.5658432000,6.7026316000,6.4974490000,6.5951550000,6.5853844000,1878200,12652072.0000,2,0.498100,1,0.148400,86.127761,1.303870,0.934097,-58.287960,0
2023-06-27,sz.002054,6.5658432000,6.6830904000,6.5658432000,6.6733198000,6.5951550000,548200,3734529.0000,2,0.145400,1,1.185200,87.148535,1.319323,0.945168,-58.978780,0
2023-06-28,sz.002054,6.6733198000,6.7026316000,6.6049256000,6.6830904000,6.6733198000,725000,4934468.0000,2,0.192300,1,0.146400,87.276131,1.321255,0.946552,-59.065133,0
2023-06-29,sz.002054,6.6537786000,6.7710258000,6.6537786000,6.7319434000,6.6830904000,1217600,8371303.0000,2,0.322900,1,0.731000,87.914115,1.330913,0.953471,-59.496895,0
2023-06-30,sz.002054,6.7612552000,6.8296494000,6.7124022000,6.8198788000,6.7319434000,1787779,12408854.8900,2,0.466700,1,1.306200,89.062485,1.348298,0.965926,-60.274068,0
2023-07-03,sz.002054,6.8198788000,6.9078142000,6.8198788000,6.8882730000,6.8198788000,1751912,12313993.9400,2,0.464600,1,1.002900,89.955662,1.361820,0.975613,-60.878536,0
2023-07-04,sz.002054,6.8980436000,6.9468966000,6.8491906000,6.9371260000,6.8882730000,1913141,13544043.3100,2,0.507300,1,0.709200,90.593645,1.371478,0.982532,-61.310298,0
2023-07-05,sz.002054,6.9273554000,7.0152908000,6.8980436000,6.9957496000,6.9371260000,1801686,12847899.4100,2,0.477800,1,0.845100,91.359225,1.383068,0.990835,-61.828414,0
2023-07-06,sz.002054,6.9957496000,6.9957496000,6.9175848000,6.9762084000,6.9957496000,1347236,9588921.5700,2,0.357300,1,-0.279300,91.104032,1.379205,0.988067,-61.655709,0
2023-07-07,sz.002054,6.9664378000,7.0152908000,6.9273554000,6.9859790000,6.9762084000,1627662,11624901.6700,2,0.431600,1,0.140100,91.231629,1.381136,0.989451,-61.742061,0
2023-07-10,sz.002054,6.9762084000,7.0250614000,6.8882730000,6.9468966000,6.9859790000,1655930,11809053.2000,2,0.439100,1,-0.559400,90.721242,1.373410,0.983916,-61.396651,0
2023-07-11,sz.002054,7.0152908000,7.0250614000,6.9664378000,7.0055202000,6.9468966000,1822860,13056936.4000,2,0.475800,1,0.843900,91.486822,1.385000,0.992219,-61.914766,0
2023-07-12,sz.002054,7.0055202000,7.0543732000,6.9664378000,7.0055202000,7.0055202000,1394900,10002689.0000,2,0.364100,1,0.000000,91.486822,1.385000,0.992219,-61.914766,0
2023-07-13,sz.002054,6.9957496000,7.0543732000,6.9957496000,7.0152908000,7.0055202000,1180300,8480303.0000,2,0.308100,1,0.139500,91.614419,1.386931,0.993603,-62.001119,0
2023-07-14,sz.002054,7.0348320000,7.0543732000,6.9859790000,7.0348320000,7.0152908000,2382300,17142953.0000,2,0.621900,1,0.278600,91.869612,1.390795,0.996371,-62.173824,0
2023-07-17,sz.002054,7.0641438000,7.0641438000,6.9957496000,7.0446026000,7.0348320000,2929800,21090151.0000,2,0.764800,1,0.138900,91.997209,1.392726,0.997754,-62.260176,0
2023-07-18,sz.002054,7.0446026000,7.0641438000,6.9957496000,7.0446026000,7.0446026000,2468396,17796349.2000,2,0.644300,1,0.000000,91.997209,1.392726,0.997754,-62.260176,0
2023-07-19,sz.002054,7.0446026000,7.1032262000,6.9859790000,7.0348320000,7.0446026000,2964800,21395912.0000,2,0.773900,1,-0.138700,91.869612,1.390795,0.996371,-62.173824,0
2023-07-20,sz.002054,7.0641438000,7.0641438000,6.9762084000,7.0055202000,7.0348320000,2014900,14470215.0000,2,0.526000,1,-0.416700,91.486822,1.385000,0.992219,-61.914766,0
2023-07-21,sz.002054,7.0250614000,7.0250614000,6.9371260000,6.9762084000,7.0055202000,1614500,11547211.0000,2,0.421400,1,-0.418400,91.104032,1.379205,0.988067,-61.655709,0
2023-07-24,sz.002054,6.9762084000,7.0250614000,6.9371260000,6.9468966000,6.9762084000,2599200,18545418.0000,2,0.678500,1,-0.420200,90.721242,1.373410,0.983916,-61.396651,0
2023-07-25,sz.002054,6.9957496000,7.0641438000,6.9762084000,7.0152908000,6.9468966000,1916200,13750980.0000,2,0.500200,1,0.984500,91.614419,1.386931,0.993603,-62.001119,0
2023-07-26,sz.002054,6.9957496000,7.0836850000,6.9957496000,7.0739144000,7.0152908000,1815163,13081422.3400,2,0.473800,1,0.835700,92.379999,1.398521,1.001906,-62.519234,0
2023-07-27,sz.002054,7.0739144000,7.1227674000,7.0152908000,7.0348320000,7.0739144000,1460900,10581560.0000,2,0.381300,1,-0.552500,91.869612,1.390795,0.996371,-62.173824,0
2023-07-28,sz.002054,7.0348320000,7.1618498000,6.9957496000,7.1423086000,7.0348320000,2820800,20484403.7000,2,0.736300,1,1.527800,93.273175,1.412043,1.011593,-63.123702,0
2023-07-31,sz.002054,7.1423086000,7.1716204000,7.0934556000,7.1325380000,7.1423086000,1692026,12357773.0600,2,0.441700,1,-0.136800,93.145579,1.410111,1.010209,-63.037349,0
2023-08-01,sz.002054,7.1227674000,7.2204734000,7.1032262000,7.1618498000,7.1325380000,2592300,19012679.0000,2,0.676700,1,0.411000,93.528369,1.415906,1.014361,-63.296407,0
2023-08-02,sz.002054,7.1716204000,7.1716204000,6.7710258000,6.8394200000,7.1618498000,8886230,62505256.7000,2,2.319600,1,-4.502000,89.317678,1.352162,0.968694,-60.446773,0
2023-08-03,sz.002054,6.8394200000,6.8785024000,6.7710258000,6.8687318000,6.8394200000,4946821,34636042.0100,2,1.291300,1,0.428600,89.700468,1.357957,0.972845,-60.705831,0
2023-08-04,sz.002054,6.8687318000,6.9273554000,6.8101082000,6.8394200000,6.8687318000,3506100,24608037.0000,2,0.915200,1,-0.426700,89.317678,1.352162,0.968694,-60.446773,0
2023-08-07,sz.002054,6.8589612000,6.8589612000,6.7124022000,6.7319434000,6.8394200000,3722000,25696604.0000,2,0.971600,1,-1.571400,87.914115,1.330913,0.953471,-59.496895,0
2023-08-08,sz.002054,6.7221728000,6.8882730000,6.6733198000,6.8198788000,6.7319434000,2176100,15068698.0000,2,0.568000,1,1.306200,89.062485,1.348298,0.965926,-60.274068,0
2023-08-09,sz.002054,6.7905670000,6.8198788000,6.7612552000,6.8003376000,6.8198788000,1073300,7457844.0000,2,0.280200,1,-0.286500,88.807292,1.344435,0.963158,-60.101363,0
2023-08-10,sz.002054,6.7905670000,6.8491906000,6.7612552000,6.8003376000,6.8003376000,919500,6398842.0000,2,0.240000,1,0.000000,88.807292,1.344435,0.963158,-60.101363,0
2023-08-11,sz.002054,6.8198788000,6.8198788000,6.6830904000,6.6928610000,6.8003376000,2181600,15044290.4800,2,0.569500,1,-1.580500,87.403728,1.323187,0.947936,-59.151485,0
2023-08-14,sz.002054,6.6928610000,6.7807964000,6.6342374000,6.7710258000,6.6928610000,2236000,15370539.0000,2,0.583700,1,1.167900,88.424502,1.338640,0.959007,-59.842305,0
2023-08-15,sz.002054,6.7417140000,6.7710258000,6.6928610000,6.7221728000,6.7710258000,1035801,7134473.8700,2,0.270400,1,-0.721500,87.786518,1.328982,0.952087,-59.410543,0
2023-08-16,sz.002054,6.6830904000,6.7612552000,6.6635492000,6.7221728000,6.7221728000,1427700,9831294.0000,2,0.372700,1,0.000000,87.786518,1.328982,0.952087,-59.410543,0
2023-08-17,sz.002054,6.7026316000,6.7221728000,6.6342374000,6.6928610000,6.7221728000,1987000,13560532.0000,2,0.518700,1,-0.436000,87.403728,1.323187,0.947936,-59.151485,0
2023-08-18,sz.002054,6.7026316000,6.7612552000,6.6342374000,6.6342374000,6.6928610000,1741300,11957979.0000,2,0.454500,1,-0.875900,86.638148,1.311597,0.939633,-58.633370,0
2023-08-21,sz.002054,6.6440080000,6.7417140000,6.5951550000,6.6049256000,6.6342374000,1704200,11601485.0000,2,0.444900,1,-0.441800,86.255358,1.305802,0.935481,-58.374312,0
2023-08-22,sz.002054,6.6244668000,6.6830904000,6.4485960000,6.5365314000,6.6049256000,2227300,14875964.0000,2,0.581400,1,-1.035500,85.362181,1.292280,0.925794,-57.769845,0
2023-08-23,sz.002054,6.5560726000,6.5560726000,6.4290548000,6.4583666000,6.5365314000,2100100,13901802.0000,2,0.548200,1,-1.195800,84.341408,1.276827,0.914724,-57.079024,0
2023-08-24,sz.002054,6.4388254000,6.5072196000,6.3802018000,6.4583666000,6.4583666000,1632507,10761796.0000,2,0.426100,1,0.000000,84.341408,1.276827,0.914724,-57.079024,0
2023-08-25,sz.002054,6.4290548000,6.6049256000,6.3899724000,6.4192842000,6.4583666000,1916902,12715942.1000,2,0.500400,1,-0.605100,83.831021,1.269100,0.909188,-56.733614,0
2023-08-28,sz.002054,6.7221728000,6.7221728000,6.5365314000,6.5853844000,6.4192842000,4084900,27743102.0000,2,1.066300,1,2.587500,86.000165,1.301938,0.932714,-58.201607,0
2023-08-29,sz.002054,6.6049256000,6.6440080000,6.4974490000,6.6049256000,6.5853844000,2104600,14196414.0000,2,0.549400,1,0.296700,86.255358,1.305802,0.935481,-58.374312,0
2023-08-30,sz.002054,6.5951550000,6.7319434000,6.5951550000,6.6342374000,6.6049256000,2753283,18792175.3800,2,0.718700,1,0.443800,120.705703,1.309853,0.904155,-21.932075,0
2023-08-31,sz.002054,6.6635492000,6.7319434000,6.6146962000,6.6635492000,6.6342374000,2135633,14566777.5800,2,0.557500,1,0.441800,121.239013,1.315640,0.908150,-22.028976,0
2023-09-01,sz.002054,6.6537786000,6.7026316000,6.6146962000,6.6440080000,6.6635492000,1194700,8130990.0000,2,0.311900,1,-0.293300,120.883473,1.311782,0.905487,-21.964375,0
2023-09-04,sz.002054,6.6635492000,6.7417140000,6.6440080000,6.7319434000,6.6440080000,1988300,13629530.0000,2,0.519000,1,1.323500,122.483401,1.329144,0.917471,-22.255080,0
2023-09-05,sz.002054,6.7124022000,6.7612552000,6.6830904000,6.7417140000,6.7319434000,1951700,13447886.0000,2,0.509500,1,0.145100,122.661171,1.331073,0.918803,-22.287381,0
2023-09-06,sz.002054,6.7514846000,6.8101082000,6.6733198000,6.8003376000,6.7417140000,2251300,15631655.0000,2,0.587700,1,0.869600,123.727790,1.342647,0.926793,-22.481184,0
2023-09-07,sz.002054,6.8101082000,6.8198788000,6.7319434000,6.7319434000,6.8003376000,1668863,11576293.8500,2,0.435600,1,-1.005700,122.483401,1.329144,0.917471,-22.255080,0
2023-09-08,sz.002054,6.7026316000,6.7807964000,6.7026316000,6.7417140000,6.7319434000,1297963,8962332.7000,2,0.338800,1,0.145100,122.661171,1.331073,0.918803,-22.287381,0
2023-09-11,sz.002054,6.7612552000,6.8296494000,6.7319434000,6.8101082000,6.7417140000,2350523,16355954.0800,2,0.613600,1,1.014500,123.905560,1.344576,0.928124,-22.513485,0
2023-09-12,sz.002054,6.8394200000,6.8491906000,6.7710258000,6.8198788000,6.8101082000,1428200,9956487.0000,2,0.372800,1,0.143500,124.083330,1.346505,0.929456,-22.545785,0
2023-09-13,sz.002054,6.8296494000,6.8687318000,6.7612552000,6.8101082000,6.8198788000,1768604,12327545.6800,2,0.461700,1,-0.143300,123.905560,1.344576,0.928124,-22.513485,0
2023-09-14,sz.002054,6.8101082000,6.8491906000,6.7710258000,6.8198788000,6.8101082000,1636200,11401304.0000,2,0.427100,1,0.143500,124.083330,1.346505,0.929456,-22.545785,0
2023-09-15,sz.002054,6.7905670000,6.8296494000,6.7417140000,6.8003376000,6.8198788000,1706500,11876994.0000,2,0.445500,1,-0.286500,123.727790,1.342647,0.926793,-22.481184,0
2023-09-18,sz.002054,6.7905670000,6.8491906000,6.7417140000,6.8003376000,6.8003376000,2362192,16485304.0600,2,0.616600,1,0.000000,123.727790,1.342647,0.926793,-22.481184,0
2023-09-19,sz.002054,6.8003376000,6.8394200000,6.7710258000,6.8003376000,6.8003376000,1528100,10636865.0000,2,0.398900,1,0.000000,123.727790,1.342647,0.926793,-22.481184,0
2023-09-20,sz.002054,6.7612552000,6.8687318000,6.7612552000,6.7807964000,6.8003376000,2079600,14507485.0000,2,0.542800,1,-0.287400,123.372250,1.338789,0.924129,-22.416583,0
2023-09-21,sz.002054,6.7807964000,6.8198788000,6.7319434000,6.7710258000,6.7807964000,1825200,12649634.0000,2,0.476400,1,-0.144100,123.194481,1.336860,0.922798,-22.384283,0
2023-09-22,sz.002054,6.7710258000,6.8003376000,6.7221728000,6.7514846000,6.7710258000,2960500,20485218.0000,2,0.772800,1,-0.288600,122.838941,1.333002,0.920135,-22.319681,0
2023-09-25,sz.002054,6.7612552000,6.7807964000,6.6928610000,6.7319434000,6.7514846000,1961100,13523080.0000,2,0.511900,1,-0.289400,122.483401,1.329144,0.917471,-22.255080,0
2023-09-26,sz.002054,6.7124022000,6.7612552000,6.5658432000,6.5658432000,6.7319434000,2982640,20208761.6000,2,0.778600,1,-2.467300,119.461314,1.296349,0.894834,-21.705971,0
2023-09-27,sz.002054,6.5853844000,6.5853844000,6.4681372000,6.5463020000,6.5658432000,2490900,16669180.0000,2,0.650200,1,-0.297600,119.105775,1.292491,0.892171,-21.641370,0
2023-09-28,sz.002054,6.5463020000,6.5951550000,6.4779078000,6.4876784000,6.5463020000,4674800,31226106.0000,2,1.220300,1,-0.895500,118.039156,1.280916,0.884181,-21.447567,0
2023-10-09,sz.002054,6.4974490000,6.5365314000,6.4290548000,6.4779078000,6.4876784000,3795930,25107024.6000,2,0.990900,1,-0.150600,117.861386,1.278987,0.882850,-21.415266,0
2023-10-10,sz.002054,6.4779078000,6.5072196000,6.4583666000,6.4779078000,6.4779078000,1699100,11278906.0000,2,0.443500,1,0.000000,117.861386,1.278987,0.882850,-21.415266,0
2023-10-11,sz.002054,6.4974490000,6.5560726000,6.4681372000,6.5267608000,6.4779078000,2176930,14510254.4000,2,0.568200,1,0.754100,118.750235,1.288633,0.889508,-21.576769,0
2023-10-12,sz.002054,6.5365314000,6.6830904000,6.5072196000,6.6733198000,6.5267608000,2716330,18371154.6000,2,0.709100,1,2.245500,121.416782,1.317569,0.909482,-22.061277,0
2023-10-13,sz.002054,6.6537786000,6.6928610000,6.5658432000,6.5756138000,6.6733198000,2323490,15681856.4000,2,0.606500,1,-1.464100,119.639084,1.298278,0.896166,-21.738271,0
2023-10-16,sz.002054,6.6244668000,6.6440080000,6.5365314000,6.5853844000,6.5756138000,2557330,17237366.9000,2,0.667500,1,0.148600,119.816854,1.300207,0.897497,-21.770572,0
2023-10-17,sz.002054,6.6049256000,6.6049256000,6.5267608000,6.5463020000,6.5853844000,1365100,9154201.0000,2,0.356300,1,-0.593500,119.105775,1.292491,0.892171,-21.641370,0
2023-10-18,sz.002054,6.5072196000,6.5756138000,6.4485960000,6.4485960000,6.5463020000,1631800,10826206.0000,2,0.426000,1,-1.492500,117.328077,1.273200,0.878855,-21.318364,0
2023-10-19,sz.002054,6.4388254000,6.5267608000,6.3606606000,6.4388254000,6.4485960000,2652089,17500499.1800,2,0.692300,1,-0.151500,117.150307,1.271271,0.877523,-21.286064,0
2023-10-20,sz.002054,6.4388254000,6.4974490000,6.3508900000,6.3704312000,6.4388254000,2167900,14237954.0000,2,0.565900,1,-1.062200,115.905918,1.257767,0.868202,-21.059960,0
2023-10-23,sz.002054,6.3118076000,6.3411194000,6.1652486000,6.1847898000,6.3704312000,3178607,20322970.7300,2,0.829700,1,-2.914100,112.528292,1.221114,0.842902,-20.446249,0
2023-10-24,sz.002054,6.1847898000,6.4388254000,6.1847898000,6.4290548000,6.1847898000,2650112,17187281.9500,2,0.691800,1,3.949400,116.972537,1.269342,0.876192,-21.253763,0
2023-10-25,sz.002054,6.4876784000,6.6440080000,6.4485960000,6.5853844000,6.4290548000,2664565,17909145.0500,2,0.695500,1,2.431600,119.816854,1.300207,0.897497,-21.770572,0
2023-10-26,sz.002054,6.5463020000,6.5951550000,6.4681372000,6.5756138000,6.5853844000,1995860,13337029.2000,2,0.521000,1,-0.148400,119.639084,1.298278,0.896166,-21.738271,0
2023-10-27,sz.002054,6.5951550000,6.7417140000,6.5463020000,6.7124022000,6.5756138000,2898507,19801549.2600,2,0.756600,1,2.080200,122.127862,1.325285,0.914808,-22.190479,0
2023-10-30,sz.002054,6.6733198000,6.8589612000,6.6733198000,6.8296494000,6.7124022000,4147230,28897099.4000,2,1.082600,1,1.746700,124.261099,1.348434,0.930787,-22.578086,0
2023-10-31,sz.002054,6.8003376000,6.9078142000,6.8003376000,6.8296494000,6.8296494000,2855079,20004576.6300,2,0.745300,1,0.000000,386.340230,1.340523,0.887583,47.580994,0
2023-11-01,sz.002054,6.8785024000,6.9175848000,6.8101082000,6.8882730000,6.8296494000,2695100,18965473.0000,2,0.703500,1,0.858400,389.656455,1.352030,0.895202,47.989414,0
2023-11-02,sz.002054,6.8491906000,6.9371260000,6.7905670000,6.8589612000,6.8882730000,2331200,16387764.0000,2,0.608500,1,-0.425500,387.998342,1.346276,0.891392,47.785204,0
2023-11-03,sz.002054,6.8785024000,6.9078142000,6.8003376000,6.8101082000,6.8589612000,2368830,16591495.6000,2,0.618300,1,-0.712300,385.234821,1.336688,0.885043,47.444854,0
2023-11-06,sz.002054,6.8589612000,6.8980436000,6.8101082000,6.8394200000,6.8101082000,2545300,17804530.0000,2,0.664400,1,0.430400,386.892934,1.342441,0.888853,47.649064,0
2023-11-07,sz.002054,6.8101082000,6.8687318000,6.7514846000,6.8394200000,6.8394200000,2456358,17138791.8600,2,0.641200,1,0.000000,386.892934,1.342441,0.888853,47.649064,0
2023-11-08,sz.002054,6.8687318000,6.8687318000,6.7514846000,6.7807964000,6.8394200000,2568400,17860572.0000,2,0.670400,1,-0.857100,383.576709,1.330934,0.881234,47.240643,0
2023-11-09,sz.002054,6.8003376000,6.8589612000,6.7807964000,6.8101082000,6.7807964000,2043025,14262551.6600,2,0.533300,1,0.432300,385.234821,1.336688,0.885043,47.444854,0
2023-11-10,sz.002054,6.7710258000,6.8296494000,6.7612552000,6.8198788000,6.8101082000,1644128,11454194.1600,2,0.429200,1,0.143500,385.787525,1.338605,0.886313,47.512924,0
2023-11-13,sz.002054,6.8003376000,6.8394200000,6.7710258000,6.8198788000,6.8198788000,2234100,15569312.0000,2,0.583200,1,0.000000,385.787525,1.338605,0.886313,47.512924,0
2023-11-14,sz.002054,6.8198788000,6.8491906000,6.7221728000,6.7612552000,6.8198788000,3403294,23651263.7800,2,0.888400,1,-0.859600,382.471300,1.327099,0.878694,47.104503,0
2023-11-15,sz.002054,6.8101082000,6.8101082000,6.7026316000,6.7026316000,6.7612552000,2047000,14175889.0000,2,0.534300,1,-0.867100,379.155075,1.315592,0.871076,46.696083,0
2023-11-16,sz.002054,6.7417140000,6.7905670000,6.6928610000,6.7319434000,6.7026316000,2781100,19207508.0000,2,0.726000,1,0.437300,380.813188,1.321345,0.874885,46.900293,0
2023-11-17,sz.002054,6.7221728000,6.8003376000,6.6928610000,6.7807964000,6.7319434000,1340300,9279597.7000,2,0.349900,1,0.725700,383.576709,1.330934,0.881234,47.240643,0
2023-11-20,sz.002054,6.8101082000,6.8198788000,6.7417140000,6.8003376000,6.7807964000,1620300,11251316.0000,2,0.423000,1,0.288200,384.682117,1.334770,0.883774,47.376784,0
2023-11-21,sz.002054,6.7905670000,6.8101082000,6.7514846000,6.7612552000,6.8003376000,2194573,15241722.1600,2,0.572900,1,-0.574700,382.471300,1.327099,0.878694,47.104503,0
2023-11-22,sz.002054,6.7612552000,6.8003376000,6.7319434000,6.7612552000,6.7612552000,1700100,11793625.0000,2,0.443800,1,0.000000,382.471300,1.327099,0.878694,47.104503,0
2023-11-23,sz.002054,6.7417140000,6.9175848000,6.7417140000,6.9175848000,6.7612552000,3758700,26258453.7000,2,0.981100,1,2.312100,391.314567,1.357783,0.899011,48.193625,0
2023-11-24,sz.002054,6.8785024000,7.6112974000,6.8491906000,7.1227674000,6.9175848000,29238237,218032875.2100,2,7.632100,1,2.966100,402.921355,1.398056,0.925677,49.623097,0
2023-11-27,sz.002054,7.1227674000,7.2204734000,6.8491906000,6.9078142000,7.1227674000,25033202,178288768.2800,2,6.534500,1,-3.017800,390.761863,1.355865,0.897741,48.125555,0
2023-11-28,sz.002054,6.8589612000,6.9175848000,6.6440080000,6.9175848000,6.9078142000,15791128,109972554.9200,2,4.122000,1,0.141400,391.314567,1.357783,0.899011,48.193625,0
2023-11-29,sz.002054,6.8882730000,7.2204734000,6.8491906000,7.0152908000,6.9175848000,17579335,126415570.8400,2,4.588800,1,1.412400,396.841609,1.376961,0.911709,48.874326,0
2023-11-30,sz.002054,6.9371260000,7.0152908000,6.8491906000,6.9371260000,7.0152908000,11425507,80781382.0600,2,2.982400,1,-1.114200,392.419976,1.361619,0.901551,48.329765,0
2023-12-01,sz.002054,6.8882730000,6.9859790000,6.8687318000,6.8882730000,6.9371260000,7722195,54517947.7500,2,2.015700,1,-0.704200,389.656455,1.352030,0.895202,47.989414,0
2023-12-04,sz.002054,6.8491906000,6.9566672000,6.8394200000,6.9078142000,6.8882730000,8176883,57952377.7400,2,2.134400,1,0.283700,390.761863,1.355865,0.897741,48.125555,0
2023-12-05,sz.002054,6.9175848000,6.9566672000,6.8198788000,6.8198788000,6.9078142000,6930252,48914767.0800,2,1.809000,1,-1.273000,385.787525,1.338605,0.886313,47.512924,0
2023-12-06,sz.002054,6.7710258000,6.9175848000,6.7514846000,6.8394200000,6.8198788000,5180952,36349148.6200,2,1.352400,1,0.286500,386.892934,1.342441,0.888853,47.649064,0
2023-12-07,sz.002054,6.8491906000,6.8687318000,6.7612552000,6.8003376000,6.8394200000,4176295,29069750.1500,2,1.090100,1,-0.571400,384.682117,1.334770,0.883774,47.376784,0
2023-12-08,sz.002054,6.8003376000,6.8296494000,6.6244668000,6.6440080000,6.8003376000,5768868,39637126.9200,2,1.505900,1,-2.298900,375.838850,1.304085,0.863457,46.287662,0
2023-12-11,sz.002054,6.6440080000,6.7612552000,6.5267608000,6.7319434000,6.6440080000,5660900,38767325.0000,2,1.477700,1,1.323500,380.813188,1.321345,0.874885,46.900293,0
2023-12-12,sz.002054,6.7417140000,6.7612552000,6.6635492000,6.7612552000,6.7319434000,3503972,24046974.0800,2,0.914700,1,0.435400,382.471300,1.327099,0.878694,47.104503,0
2023-12-13,sz.002054,6.7612552000,6.8003376000,6.6928610000,6.7417140000,6.7612552000,2476472,17138059.8000,2,0.646400,1,-0.289000,381.365892,1.323263,0.876155,46.968363,0
2023-12-14,sz.002054,6.7710258000,6.8101082000,6.7221728000,6.8003376000,6.7417140000,2555800,17733502.0000,2,0.667100,1,0.869600,384.682117,1.334770,0.883774,47.376784,0
2023-12-15,sz.002054,6.7905670000,6.8296494000,6.7221728000,6.7514846000,6.8003376000,2364071,16365822.7400,2,0.617100,1,-0.718400,381.918596,1.325181,0.877425,47.036433,0
2023-12-18,sz.002054,6.7514846000,6.8003376000,6.6342374000,6.6635492000,6.7514846000,3230800,22143022.2900,2,0.843300,1,-1.302500,376.944258,1.307921,0.865996,46.423802,0
2023-12-19,sz.002054,6.6537786000,6.7124022000,6.5463020000,6.6537786000,6.6635492000,3288700,22275509.0000,2,0.858500,1,-0.146600,376.391554,1.306003,0.864727,46.355732,0
2023-12-20,sz.002054,6.6635492000,6.7221728000,6.5951550000,6.6146962000,6.6537786000,2297862,15663137.3800,2,0.599800,1,-0.587400,374.180737,1.298332,0.859648,46.083452,0
2023-12-21,sz.002054,6.6244668000,6.6635492000,6.4974490000,6.5756138000,6.6146962000,5333200,35983955.0000,2,1.392100,1,-0.590800,371.969921,1.290661,0.854568,45.811171,0
2023-12-22,sz.002054,6.5853844000,6.6440080000,6.4876784000,6.5267608000,6.5756138000,3949920,26431703.4000,2,1.031100,1,-0.742900,369.206400,1.281072,0.848219,45.470821,0
2023-12-25,sz.002054,6.5463020000,6.5560726000,6.4388254000,6.4876784000,6.5267608000,3280713,21761973.4500,2,0.856400,1,-0.598800,366.995583,1.273401,0.843140,45.198541,0
2023-12-26,sz.002054,6.4974490000,6.5658432000,6.4388254000,6.4583666000,6.4876784000,2201700,14604199.0000,2,0.574700,1,-0.451800,365.337470,1.267648,0.839331,44.994330,0
2023-12-27,sz.002054,6.4779078000,6.5169902000,6.3802018000,6.4681372000,6.4583666000,2810500,18550681.0000,2,0.733600,1,0.151300,365.890174,1.269566,0.840601,45.062400,0
2023-12-28,sz.002054,6.4779078000,6.6342374000,6.4095136000,6.6244668000,6.4681372000,3308616,22192024.2800,2,0.863700,1,2.416900,374.733442,1.300250,0.860917,46.151522,0
2023-12-29,sz.002054,6.6244668000,6.6635492000,6.5756138000,6.6440080000,6.6244668000,2394489,16244165.6000,2,0.625000,1,0.295000,375.838850,1.304085,0.863457,46.287662,0
2024-01-02,sz.002054,6.6440080000,6.7905670000,6.6440080000,6.7807964000,6.6440080000,2732766,18860951.4400,2,0.713300,1,2.058800,383.576709,1.330934,0.881234,47.240643,0
2024-01-03,sz.002054,6.7807964000,6.8589612000,6.7417140000,6.8198788000,6.7807964000,2695241,18757691.3600,2,0.703500,1,0.576400,385.787525,1.338605,0.886313,47.512924,0
2024-01-04,sz.002054,6.8101082000,6.8687318000,6.7710258000,6.8296494000,6.8198788000,2672001,18678468.9700,2,0.697500,1,0.143300,386.340230,1.340523,0.887583,47.580994,0
2024-01-05,sz.002054,6.8394200000,6.8687318000,6.7221728000,6.7417140000,6.8296494000,2241200,15587427.0000,2,0.585000,1,-1.287600,381.365892,1.323263,0.876155,46.968363,0
2024-01-08,sz.002054,6.7710258000,6.7710258000,6.6440080000,6.6440080000,6.7417140000,2491200,17113685.0000,2,0.650300,1,-1.449300,375.838850,1.304085,0.863457,46.287662,0
2024-01-09,sz.002054,6.6733198000,6.7710258000,6.6440080000,6.6928610000,6.6440080000,1577561,10823368.5000,2,0.411800,1,0.735300,378.602371,1.313674,0.869806,46.628013,0
2024-01-10,sz.002054,6.7026316000,6.7514846000,6.6146962000,6.6635492000,6.6928610000,2222833,15209259.7600,2,0.580200,1,-0.438000,376.944258,1.307921,0.865996,46.423802,0
2024-01-11,sz.002054,6.6537786000,6.7319434000,6.5951550000,6.6733198000,6.6635492000,2583400,17577652.0000,2,0.674400,1,0.146600,377.496962,1.309839,0.867266,46.491872,0
2024-01-12,sz.002054,6.7221728000,6.8101082000,6.6440080000,6.6440080000,6.6733198000,2761842,18997644.8600,2,0.720900,1,-0.439200,375.838850,1.304085,0.863457,46.287662,0
2024-01-15,sz.002054,6.7124022000,6.7319434000,6.6049256000,6.6635492000,6.6440080000,2080700,14226347.0000,2,0.543100,1,0.294100,376.944258,1.307921,0.865996,46.423802,0
2024-01-16,sz.002054,6.6928610000,6.7026316000,6.5267608000,6.6244668000,6.6635492000,2624073,17739010.6600,2,0.685000,1,-0.586500,374.733442,1.300250,0.860917,46.151522,0
2024-01-17,sz.002054,6.6342374000,6.6635492000,6.4876784000,6.4876784000,6.6244668000,2250350,15174380.0000,2,0.587400,1,-2.064900,366.995583,1.273401,0.843140,45.198541,0
2024-01-18,sz.002054,6.4290548000,6.4779078000,6.1750192000,6.3313488000,6.4876784000,4976718,32068812.5600,2,1.299100,1,-2.409600,358.152316,1.242717,0.822824,44.109419,0
2024-01-19,sz.002054,6.3508900000,6.4388254000,6.2824958000,6.3020370000,6.3313488000,2919719,18976698.9200,2,0.762100,1,-0.463000,356.494203,1.236963,0.819014,43.905209,0
2024-01-22,sz.002054,6.3118076000,6.3118076000,5.8623600000,5.9307542000,6.3020370000,4945500,30823786.0000,2,1.290900,1,-5.891500,335.491444,1.164088,0.770762,41.318545,0
2024-01-23,sz.002054,5.9112130000,5.9209836000,5.6474068000,5.8037364000,5.9307542000,4769201,28150060.8900,2,1.244900,1,-2.141700,328.306289,1.139157,0.754255,40.433634,0
2024-01-24,sz.002054,5.8232776000,5.9307542000,5.6376362000,5.8819012000,5.8037364000,3896740,23095886.4000,2,1.017200,1,1.346800,332.727923,1.154499,0.764413,40.978195,0
2024-01-25,sz.002054,5.8623600000,6.1261662000,5.8428188000,6.1261662000,5.8819012000,3204100,19691366.0000,2,0.836400,1,4.152800,346.545528,1.202444,0.796158,42.679947,0
2024-01-26,sz.002054,6.1945604000,6.2629546000,6.1261662000,6.2238722000,6.1261662000,2391275,15203566.0000,2,0.624200,1,1.594900,352.072570,1.221621,0.808856,43.360648,0
2024-01-29,sz.002054,6.2238722000,6.2434134000,5.9991484000,6.0284602000,6.2238722000,2804300,17472012.0000,2,0.732000,1,-3.139700,341.018486,1.183266,0.783460,41.999246,0
2024-01-30,sz.002054,6.0870838000,6.0870838000,5.8232776000,5.8330482000,6.0284602000,3446500,20884543.0000,2,0.899600,1,-3.241500,329.964402,1.144910,0.758064,40.637844,0
2024-01-31,sz.002054,5.8135070000,5.8330482000,5.4519948000,5.4813066000,5.8330482000,5308900,30352690.0000,2,1.385800,1,-6.030200,310.067051,1.075871,0.712352,38.187321,0
2024-02-01,sz.002054,5.4813066000,5.5301596000,5.2077298000,5.3152064000,5.4813066000,5007921,27404503.2600,2,1.307200,1,-3.030300,300.671080,1.043268,0.690766,37.030130,0
2024-02-02,sz.002054,5.3249770000,5.4129124000,4.8364470000,4.9830060000,5.3152064000,5708754,29870315.3200,2,1.490200,1,-6.250000,281.879137,0.978064,0.647593,34.715747,0
2024-02-05,sz.002054,4.9341530000,4.9439236000,4.4847054000,4.5824114000,4.9830060000,10061419,47461523.3100,2,2.626400,1,-8.039200,259.218266,0.899435,0.595531,31.924873,0
2024-02-06,sz.002054,4.4065406000,4.8071352000,4.1622756000,4.6801174000,4.5824114000,11644864,52755109.5100,2,3.039700,1,2.132200,264.745307,0.918613,0.608229,32.605574,0
2024-02-07,sz.002054,4.7582822000,4.7582822000,4.2404404000,4.3772288000,4.6801174000,11383761,50927405.2100,2,2.971500,1,-6.471800,247.611478,0.859162,0.568866,30.495401,0
2024-02-08,sz.002054,4.3088346000,4.6312644000,4.2697522000,4.6214938000,4.3772288000,7926898,36040508.9200,2,2.069200,1,5.580400,261.429082,0.907107,0.600610,32.197153,0
2024-02-19,sz.002054,4.6801174000,4.8950706000,4.6703468000,4.8169058000,4.6214938000,6469852,31702726.1500,2,1.688800,1,4.228300,272.483166,0.945462,0.626006,33.558555,0
2024-02-20,sz.002054,4.8071352000,4.8462176000,4.6996586000,4.7973646000,4.8169058000,3320572,16266894.5800,2,0.866800,1,-0.405700,271.377758,0.941626,0.623467,33.422415,0
2024-02-21,sz.002054,4.7973646000,5.0025472000,4.7387410000,4.9243824000,4.7973646000,5237296,26338366.3500,2,1.367100,1,2.647700,278.562912,0.966557,0.639974,34.307326,0
2024-02-22,sz.002054,4.9927766000,5.0025472000,4.8755294000,4.9927766000,4.9243824000,3263524,16519463.4300,2,0.851900,1,1.388900,282.431842,0.979982,0.648862,34.783817,0
2024-02-23,sz.002054,5.0318590000,5.1881886000,5.0123178000,5.1881886000,4.9927766000,4118140,21519233.0000,2,1.075000,1,3.913900,293.485925,1.018337,0.674258,36.145218,0
2024-02-26,sz.002054,5.1784180000,5.4519948000,5.1686474000,5.3445182000,5.1881886000,4475600,24344272.0000,2,1.168300,1,3.013200,302.329192,1.049022,0.694575,37.234340,0
2024-02-27,sz.002054,5.3249770000,5.5203890000,5.2565828000,5.5106184000,5.3445182000,3473531,19311737.9100,2,0.906700,1,3.107900,311.725164,1.081624,0.716161,38.391531,0
2024-02-28,sz.002054,5.5106184000,5.6278656000,4.9830060000,5.0416296000,5.5106184000,6447656,34991731.1400,2,1.683000,1,-8.510600,285.195363,0.989571,0.655211,35.124167,0
2024-02-29,sz.002054,4.9830060000,5.2077298000,4.9830060000,5.1588768000,5.0416296000,5410454,28364296.1200,2,1.412300,1,2.325600,291.827813,1.012584,0.670449,35.941008,0
2024-03-01,sz.002054,5.1784180000,5.1979592000,5.0709414000,5.1491062000,5.1588768000,3892800,20455799.0000,2,1.016100,1,-0.189400,291.275109,1.010666,0.669179,35.872938,0
2024-03-04,sz.002054,5.1491062000,5.1686474000,4.9634648000,5.0709414000,5.1491062000,4689293,24123254.9500,2,1.224100,1,-1.518000,286.853475,0.995324,0.659021,35.328377,0
2024-03-05,sz.002054,5.0416296000,5.0514002000,4.9146118000,4.9341530000,5.0709414000,4109093,20868020.9200,2,1.072600,1,-2.697500,279.115616,0.968475,0.641244,34.375396,0
2024-03-06,sz.002054,4.9243824000,5.0025472000,4.8853000000,4.9634648000,4.9341530000,3110500,15729208.1000,2,0.811900,1,0.594100,280.773729,0.974229,0.645053,34.579606,0
2024-03-07,sz.002054,4.9732354000,5.0904826000,4.9536942000,4.9732354000,4.9634648000,3295200,16941148.0200,2,0.860200,1,0.196900,281.326433,0.976146,0.646323,34.647676,0
2024-03-08,sz.002054,4.9634648000,5.0514002000,4.9341530000,5.0123178000,4.9732354000,2034507,10412398.9100,2,0.531100,1,0.785900,283.537250,0.983817,0.651402,34.919957,0
2024-03-11,sz.002054,4.9927766000,5.0904826000,4.9927766000,5.0904826000,5.0123178000,2981590,15418065.9000,2,0.778300,1,1.559500,287.958884,0.999160,0.661560,35.464518,0
2024-03-12,sz.002054,5.1295650000,5.3445182000,5.1002532000,5.3347476000,5.0904826000,6071984,32626327.9600,2,1.585000,1,4.798500,301.776488,1.047104,0.693305,37.166270,0
2024-03-13,sz.002054,5.3542888000,5.3836006000,5.1784180000,5.2370416000,5.3347476000,4932646,26510141.9400,2,1.287600,1,-1.831500,296.249446,1.027926,0.680607,36.485569,0
2024-03-14,sz.002054,5.1979592000,5.3249770000,5.1491062000,5.2077298000,5.2370416000,2908092,15590826.8900,2,0.759100,1,-0.559700,294.591334,1.022173,0.676798,36.281359,0
2024-03-15,sz.002054,5.2272710000,5.3445182000,5.1588768000,5.3249770000,5.2077298000,3054717,16457193.6300,2,0.797400,1,2.251400,301.223784,1.045186,0.692035,37.098200,0
2024-03-18,sz.002054,5.3347476000,5.4422242000,5.3152064000,5.4324536000,5.3249770000,4198613,23221155.0500,2,1.096000,1,2.018300,307.303530,1.066282,0.706003,37.846971,0
2024-03-19,sz.002054,5.4226830000,5.4813066000,5.3933712000,5.4129124000,5.4324536000,3205872,17817896.6000,2,0.836800,1,-0.359700,306.198122,1.062446,0.703463,37.710831,0
2024-03-20,sz.002054,5.4129124000,5.5008478000,5.4031418000,5.4813066000,5.4129124000,2855403,15969550.5900,2,0.745400,1,1.263500,310.067051,1.075871,0.712352,38.187321,0
2024-03-21,sz.002054,5.4813066000,5.5594714000,5.4324536000,5.5594714000,5.4813066000,3451800,19482237.0000,2,0.901000,1,1.426000,314.488685,1.091213,0.722510,38.731882,0
2024-03-22,sz.002054,5.5301596000,5.5887832000,5.3738300000,5.3933712000,5.5594714000,3944100,21986090.0000,2,1.029500,1,-2.987700,305.092713,1.058611,0.700924,37.574690,0
2024-03-25,sz.002054,5.4226830000,5.4422242000,5.2370416000,5.2858946000,5.3933712000,3715500,20288568.0000,2,0.969900,1,-1.992800,299.012967,1.037515,0.686956,36.825919,0
2024-03-26,sz.002054,5.3152064000,5.3640594000,5.1979592000,5.3152064000,5.2858946000,2577800,13929248.0000,2,0.672900,1,0.554500,300.671080,1.043268,0.690766,37.030130,0
2024-03-27,sz.002054,5.3445182000,5.3542888000,5.1491062000,5.1588768000,5.3152064000,2548900,13710157.0000,2,0.665300,1,-2.941200,291.827813,1.012584,0.670449,35.941008,0
2024-03-28,sz.002054,5.1588768000,5.3738300000,5.1588768000,5.3054358000,5.1588768000,3757200,20383785.0000,2,0.980800,1,2.840900,300.118376,1.041351,0.689496,36.962060,0
2024-03-29,sz.002054,5.3054358000,5.4031418000,5.2663534000,5.4031418000,5.3054358000,2650700,14520844.0000,2,0.691900,1,1.841600,305.645418,1.060528,0.702194,37.642760,0
2024-04-01,sz.002054,5.4031418000,5.5008478000,5.3933712000,5.5008478000,5.4031418000,3354650,18760473.5700,2,0.875700,1,1.808300,89.488409,1.082949,0.882047,-18.340892,0
2024-04-02,sz.002054,5.4910772000,5.6474068000,5.4617654000,5.6278656000,5.5008478000,5509033,31496853.6400,2,1.438000,1,2.309100,91.554749,1.107955,0.902414,-18.764394,0
2024-04-03,sz.002054,5.6083244000,5.8135070000,5.5985538000,5.6864892000,5.6278656000,6369260,36995098.3600,2,1.662600,1,1.041700,92.508444,1.119497,0.911814,-18.959856,0
2024-04-08,sz.002054,5.6083244000,5.6962598000,5.4910772000,5.5008478000,5.6864892000,5345800,30575990.0000,2,1.395400,1,-3.264600,89.488409,1.082949,0.882047,-18.340892,0
2024-04-09,sz.002054,5.5106184000,5.6474068000,5.4617654000,5.6278656000,5.5008478000,3440201,19659457.7000,2,0.898000,1,2.309100,91.554749,1.107955,0.902414,-18.764394,0
2024-04-10,sz.002054,5.6278656000,5.6864892000,5.4129124000,5.4715360000,5.6278656000,3510132,19760485.9000,2,0.916300,1,-2.777800,89.011561,1.077179,0.877347,-18.243160,0
2024-04-11,sz.002054,5.4813066000,5.5790126000,5.3933712000,5.4422242000,5.4715360000,3154700,17748068.0000,2,0.823500,1,-0.535700,88.534714,1.071408,0.872647,-18.145429,0
2024-04-12,sz.002054,5.4617654000,5.5106184000,5.3933712000,5.4129124000,5.4422242000,3230503,18008523.6200,2,0.843300,1,-0.538600,88.057866,1.065638,0.867947,-18.047698,0
2024-04-15,sz.002054,5.4422242000,5.4617654000,4.9341530000,5.0611708000,5.4129124000,6139199,32191757.6900,2,1.602500,1,-6.498200,82.335694,0.996390,0.811546,-16.874923,0
2024-04-16,sz.002054,4.9830060000,5.0514002000,4.5628702000,4.5726408000,5.0611708000,7892401,37823470.7600,2,2.060200,1,-9.652500,74.388233,0.900214,0.733211,-15.246070,0
2024-04-17,sz.002054,4.6410350000,4.9536942000,4.6312644000,4.9439236000,4.5726408000,5650353,28065280.4700,2,1.474900,1,8.119700,80.428304,0.973308,0.792746,-16.483999,0
2024-04-18,sz.002054,4.9341530000,5.0416296000,4.8266764000,4.9341530000,4.9439236000,3138882,15842753.4600,2,0.819400,1,-0.197600,80.269354,0.971384,0.791179,-16.451421,0
2024-04-19,sz.002054,4.8755294000,5.0025472000,4.8364470000,4.8755294000,4.9341530000,2796183,14004718.4300,2,0.729900,1,-1.188100,79.315659,0.959843,0.781779,-16.255959,0
2024-04-22,sz.002054,4.8559882000,4.9146118000,4.6605762000,4.7875940000,4.8755294000,2853806,13985586.0100,2,0.744900,1,-1.803600,77.885116,0.942531,0.767678,-15.962765,0
2024-04-23,sz.002054,4.8364470000,4.8657588000,4.7680528000,4.8071352000,4.7875940000,2309808,11405816.3900,2,0.602900,1,0.408200,78.203015,0.946379,0.770812,-16.027919,0
2024-04-24,sz.002054,4.8266764000,4.9341530000,4.8071352000,4.9341530000,4.8071352000,2417089,12109084.2100,2,0.630900,1,2.642300,80.269354,0.971384,0.791179,-16.451421,0
2024-04-25,sz.002054,4.8657588000,5.1393356000,4.8657588000,5.0416296000,4.9341530000,3187339,16526975.1000,2,0.832000,1,2.178200,82.017796,0.992543,0.808412,-16.809769,0
2024-04-26,sz.002054,5.0416296000,5.1979592000,4.9732354000,5.1881886000,5.0416296000,4372500,22891564.0300,2,1.141400,1,2.907000,84.402034,1.021396,0.831913,-17.298425,0
2024-04-29,sz.002054,5.1881886000,5.4422242000,5.1588768000,5.4324536000,5.1881886000,4596801,25130095.3000,2,1.199900,1,4.708100,88.375765,1.069485,0.871080,-18.112852,0
2024-04-30,sz.002054,5.4910772000,5.7939658000,5.4617654000,5.5692420000,5.4324536000,7933202,45449706.6400,2,2.070800,1,2.518000,51.737527,1.112481,0.902993,11.330901,0
2024-05-06,sz.002054,5.5985538000,6.1261662000,5.5692420000,6.0968544000,5.5692420000,16223701,98890866.5300,2,4.234900,1,9.473700,56.638976,1.217874,0.988540,12.404354,0
2024-05-07,sz.002054,6.0968544000,6.0968544000,5.8330482000,5.9991484000,6.0968544000,9927197,60180066.9400,2,2.591300,1,-1.602600,55.731301,1.198357,0.972698,12.205567,0
2024-05-08,sz.002054,5.9893778000,6.0186896000,5.8916718000,5.9405248000,5.9991484000,6673599,40604287.9300,2,1.742000,1,-0.977200,55.186695,1.186646,0.963192,12.086294,0
2024-05-09,sz.002054,5.9405248000,6.0089190000,5.9209836000,5.9405248000,5.9405248000,4097960,25021116.2000,2,1.069700,1,0.000000,55.186695,1.186646,0.963192,12.086294,0
2024-05-10,sz.002054,5.9600660000,5.9991484000,5.8428188000,5.8721306000,5.9405248000,3821600,23116021.0000,2,0.997600,1,-1.151300,54.551322,1.172984,0.952103,11.947143,0
2024-05-13,sz.002054,5.9209836000,6.4583666000,5.7744246000,6.0089190000,5.8721306000,22265313,140875575.1800,2,5.812000,1,2.329500,55.822068,1.200308,0.974282,12.225446,0
2024-05-14,sz.002054,5.8819012000,5.9893778000,5.7451128000,5.8135070000,6.0089190000,16482632,98925757.8000,2,4.302500,1,-3.252000,54.006716,1.161274,0.942598,11.827870,0
2024-05-15,sz.002054,5.8332769000,5.8827114500,5.7146339800,5.7640685300,5.8135030800,7631801,44637232.8200,2,1.992100,1,-0.850300,52.917505,1.137853,0.923587,11.589325,0
2024-05-16,sz.002054,5.7640685300,5.8629376300,5.7442947100,5.7838423500,5.7640685300,4968100,29150647.8800,2,1.296800,1,0.343100,53.099040,1.141757,0.926756,11.629082,0
2024-05-17,sz.002054,5.7838423500,5.9123721800,5.7739554400,5.9123721800,5.7838423500,5260417,31141680.4700,2,1.373100,1,2.222200,54.279019,1.167129,0.947350,11.887506,0
2024-05-20,sz.002054,5.9024852700,5.9716936400,5.8530507200,5.8629376300,5.9123721800,4978330,29692208.9000,2,1.299500,1,-0.836100,53.825181,1.157371,0.939429,11.788113,0
2024-05-21,sz.002054,5.8332769000,5.9222590900,5.7838423500,5.8233899900,5.8629376300,4541700,26778070.8000,2,1.185500,1,-0.674500,53.462111,1.149564,0.933093,11.708597,0
2024-05-22,sz.002054,5.8233899900,5.9024852700,5.7937292600,5.8332769000,5.8233899900,3670300,21660738.0000,2,0.958100,1,0.169800,53.552878,1.151515,0.934677,11.728476,0
2024-05-23,sz.002054,5.8332769000,5.8332769000,5.6750863400,5.6948601600,5.8332769000,3106500,17998121.0000,2,0.810900,1,-2.372900,52.282132,1.124191,0.912498,11.450173,0
2024-05-24,sz.002054,5.7245208900,5.8036161700,5.6256517900,5.6948601600,5.6948601600,2484600,14409853.0000,2,0.648600,1,0.000000,52.282132,1.124191,0.912498,11.450173,0
2024-05-27,sz.002054,5.6849732500,5.7838423500,5.6553125200,5.7640685300,5.6948601600,3869701,22335743.8100,2,1.010100,1,1.215300,52.917505,1.137853,0.923587,11.589325,0
2024-05-28,sz.002054,5.8036161700,5.8728245400,5.7146339800,5.7245208900,5.7640685300,4150201,24265045.8100,2,1.083300,1,-0.686100,52.554435,1.130046,0.917251,11.509810,0
2024-05-29,sz.002054,5.7541816200,5.8233899900,5.6651994300,5.7838423500,5.7245208900,3099717,18073216.6000,2,0.809100,1,1.036300,53.099040,1.141757,0.926756,11.629082,0
2024-05-30,sz.002054,5.7838423500,5.8827114500,5.6948601600,5.7442947100,5.7838423500,3233500,18851983.0000,2,0.844000,1,-0.683800,52.735970,1.133950,0.920419,11.549567,0
2024-05-31,sz.002054,5.7146339800,5.7442947100,5.6651994300,5.6750863400,5.7442947100,2828666,16289123.5000,2,0.738400,1,-1.204800,52.100597,1.120288,0.909330,11.410416,0
2024-06-03,sz.002054,5.7442947100,5.7442947100,5.4279135900,5.4773481400,5.6750863400,4991700,27836129.0000,2,1.303000,1,-3.484300,50.285245,1.081253,0.877646,11.012840,0
2024-06-04,sz.002054,5.4575743200,5.4575743200,5.2499492100,5.2993837600,5.4773481400,4968600,26710250.0000,2,1.297000,1,-3.249100,48.651429,1.046122,0.849130,10.655022,0
2024-06-05,sz.002054,5.2894968500,5.2894968500,5.1115324700,5.1214193800,5.2993837600,3956150,20706318.8800,2,1.032700,1,-3.358200,47.017612,1.010992,0.820615,10.297205,0
2024-06-06,sz.002054,5.1214193800,5.1807408400,4.7753775300,4.8643597200,5.1214193800,7128304,35416523.9800,2,1.860700,1,-5.019300,44.657655,0.960247,0.779425,9.780356,0
2024-06-07,sz.002054,4.9236811800,5.1214193800,4.9137942700,5.1115324700,4.8643597200,5364002,27397855.3000,2,1.400200,1,5.081300,46.926844,1.009040,0.819030,10.277326,0
2024-06-11,sz.002054,5.1115324700,5.1807408400,4.9731157300,5.1609670200,5.1115324700,3813300,19624537.0000,2,0.995400,1,0.967100,47.380682,1.018798,0.826951,10.376720,0
2024-06-12,sz.002054,5.1906277500,5.2598361200,5.1214193800,5.2104015700,5.1609670200,3033503,15980593.8700,2,0.791800,1,0.957900,47.834520,1.028557,0.834872,10.476113,0
2024-06-13,sz.002054,5.2104015700,5.2697230300,5.1016455600,5.1115324700,5.2104015700,3098581,16133419.4200,2,0.808800,1,-1.897500,46.926844,1.009040,0.819030,10.277326,0
2024-06-14,sz.002054,5.1510801100,5.1609670200,5.0126633700,5.1016455600,5.1115324700,3244504,16686181.7400,2,0.846900,1,-0.193400,46.836077,1.007088,0.817446,10.257447,0
2024-06-17,sz.002054,5.1016455600,5.1313062900,5.0324371900,5.0719848300,5.1016455600,2861900,14715943.0000,2,0.747000,1,-0.581400,46.563774,1.001233,0.812694,10.197811,0
2024-06-18,sz.002054,5.0719848300,5.1906277500,5.0324371900,5.1411932000,5.0719848300,2895800,15031906.0000,2,0.755900,1,1.364500,47.199147,1.014895,0.823783,10.336962,0
2024-06-19,sz.002054,5.1510801100,5.2202884800,5.0225502800,5.0620979200,5.1411932000,3884800,19989693.0000,2,1.014100,1,-1.538500,46.473006,0.999281,0.811109,10.177932,0
2024-06-20,sz.002054,5.0522110100,5.1016455600,4.9039073600,4.9533419100,5.0620979200,4406400,22114107.0000,2,1.150200,1,-2.148400,45.474563,0.977812,0.793683,9.959265,0
2024-06-21,sz.002054,4.9434550000,5.0027764600,4.8841335400,4.9335680900,4.9533419100,2945350,14761748.0000,2,0.768800,1,-0.399200,45.293028,0.973909,0.790515,9.919508,0
2024-06-24,sz.002054,4.8841335400,4.9236811800,4.6567346100,4.6863953400,4.9335680900,5165900,24780892.0000,2,1.348500,1,-5.010000,43.023838,0.925116,0.750910,9.422538,0
2024-06-25,sz.002054,4.7457168000,4.8742466300,4.6962822500,4.8248120800,4.6863953400,4273590,20780678.7000,2,1.115500,1,2.953600,44.294584,0.952440,0.773089,9.700841,0
2024-06-26,sz.002054,4.7852644400,4.9434550000,4.7358298900,4.9236811800,4.8248120800,2783900,13641110.0000,2,0.726700,1,2.049200,45.202260,0.971957,0.788931,9.899629,0
2024-06-27,sz.002054,4.9236811800,4.9830026400,4.7951513500,4.8149251700,4.9236811800,2840690,13967713.0000,2,0.741500,1,-2.208800,44.203817,0.950488,0.771504,9.680963,0
2024-06-28,sz.002054,4.8050382600,4.9039073600,4.7753775300,4.8544728100,4.8149251700,2935261,14435952.2400,2,0.766200,1,0.821400,44.566887,0.958295,0.777841,9.760478,0
2024-07-01,sz.002054,4.8346989900,4.9137942700,4.7556037100,4.9039073600,4.8544728100,2702200,13236264.0000,2,0.705400,1,1.018300,45.020725,0.968054,0.785762,9.859872,0
2024-07-02,sz.002054,4.9039073600,4.9928895500,4.8742466300,4.9533419100,4.9039073600,2795516,13985667.0000,2,0.729700,1,1.008100,45.474563,0.977812,0.793683,9.959265,0
2024-07-03,sz.002054,4.9434550000,5.0126633700,4.9039073600,4.9434550000,4.9533419100,2607219,13076382.8100,2,0.680600,1,-0.199600,45.383795,0.975861,0.792099,9.939387,0
2024-07-04,sz.002054,4.9434550000,4.9731157300,4.7654906200,4.7753775300,4.9434550000,2259100,11033875.0000,2,0.589700,1,-3.400000,43.840746,0.942681,0.765168,9.601447,0
2024-07-05,sz.002054,4.8149251700,4.8544728100,4.6962822500,4.8445859000,4.7753775300,2026080,9826817.3000,2,0.528900,1,1.449300,44.476119,0.956343,0.776257,9.740599,0
2024-07-08,sz.002054,4.8742466300,4.8742466300,4.6567346100,4.6765084300,4.8445859000,2667460,12717848.8000,2,0.696300,1,-3.469400,42.933070,0.923164,0.749326,9.402660,0
2024-07-09,sz.002054,4.6468477000,4.8149251700,4.5479786000,4.8050382600,4.6765084300,3428900,16280490.0000,2,0.895100,1,2.748400,44.113049,0.948536,0.769920,9.661084,0
2024-07-10,sz.002054,4.7852644400,4.8742466300,4.7753775300,4.7753775300,4.8050382600,3406200,16604647.0000,2,0.889100,1,-0.617300,43.840746,0.942681,0.765168,9.601447,0
2024-07-11,sz.002054,4.8940204500,5.0027764600,4.8248120800,4.9830026400,4.7753775300,4174062,20833278.1800,2,1.089600,1,4.347800,45.746866,0.983667,0.798436,10.018902,0
2024-07-12,sz.002054,4.9928895500,5.0620979200,4.9236811800,4.9533419100,4.9830026400,2826060,14263481.2000,2,0.737700,1,-0.595200,45.474563,0.977812,0.793683,9.959265,0
2024-07-15,sz.002054,4.9236811800,4.9928895500,4.8346989900,4.8742466300,4.9533419100,3209500,15844819.0000,2,0.837800,1,-1.596800,44.748422,0.962198,0.781010,9.800235,0
2024-07-16,sz.002054,4.8742466300,4.8742466300,4.7654906200,4.8149251700,4.8742466300,2637500,12822462.0000,2,0.688500,1,-1.217000,44.203817,0.950488,0.771504,9.680963,0
2024-07-17,sz.002054,4.8346989900,4.8346989900,4.7259429800,4.7457168000,4.8149251700,1982900,9538019.0000,2,0.517600,1,-1.437400,43.568443,0.936826,0.760415,9.541811,0
2024-07-18,sz.002054,4.7259429800,4.7654906200,4.6171869700,4.7358298900,4.7457168000,2707399,12802749.2200,2,0.706700,1,-0.208300,43.477676,0.934874,0.758831,9.521932,0
2024-07-19,sz.002054,4.7457168000,4.7852644400,4.6666215200,4.7358298900,4.7358298900,1716916,8205654.1200,2,0.448200,1,0.000000,43.477676,0.934874,0.758831,9.521932,0
2024-07-22,sz.002054,4.6962822500,4.7457168000,4.6765084300,4.7259429800,4.7358298900,1718878,8182938.9400,2,0.448700,1,-0.208800,43.386908,0.932923,0.757247,9.502054,0
2024-07-23,sz.002054,4.7259429800,4.7753775300,4.6567346100,4.6666215200,4.7259429800,2326759,11107455.4800,2,0.607400,1,-1.255200,42.842303,0.921212,0.747741,9.382781,0
2024-07-24,sz.002054,4.6270738800,4.6567346100,4.5578655100,4.5974131500,4.6666215200,2555286,11875931.1600,2,0.667000,1,-1.483100,42.206930,0.907550,0.736652,9.243630,0
2024-07-25,sz.002054,4.5677524200,4.6765084300,4.5084309600,4.6369607900,4.5974131500,1971121,9204193.0800,2,0.514500,1,0.860200,42.570000,0.915357,0.742989,9.323145,0
2024-07-26,sz.002054,4.6171869700,4.7160560700,4.6073000600,4.6962822500,4.6369607900,2022791,9605378.3400,2,0.528000,1,1.279300,43.114605,0.927068,0.752494,9.442417,0
2024-07-29,sz.002054,4.7160560700,4.7457168000,4.6666215200,4.7061691600,4.6962822500,1617699,7711339.2600,2,0.422300,1,0.210500,43.205373,0.929019,0.754078,9.462296,0
2024-07-30,sz.002054,4.6962822500,4.7852644400,4.6666215200,4.7457168000,4.7061691600,1635999,7839252.2000,2,0.427000,1,0.840300,43.568443,0.936826,0.760415,9.541811,0
2024-07-31,sz.002054,4.7753775300,4.9039073600,4.7259429800,4.8841335400,4.7457168000,2518660,12328493.6000,2,0.657500,1,2.916700,44.839190,0.964150,0.782594,9.820114,0
2024-08-01,sz.002054,4.8841335400,4.9137942700,4.8445859000,4.8841335400,4.8841335400,2258590,11150958.7000,2,0.589600,1,0.000000,44.839190,0.964150,0.782594,9.820114,0
2024-08-02,sz.002054,4.8445859000,4.9137942700,4.8050382600,4.8248120800,4.8841335400,2011599,9891028.0700,2,0.525100,1,-1.214600,44.294584,0.952440,0.773089,9.700841,0
2024-08-05,sz.002054,4.7654906200,4.8742466300,4.7259429800,4.7358298900,4.8248120800,2677600,13021040.0100,2,0.698900,1,-1.844300,43.477676,0.934874,0.758831,9.521932,0
2024-08-06,sz.002054,4.7556037100,4.8248120800,4.7556037100,4.8149251700,4.7358298900,2369701,11483702.8200,2,0.618600,1,1.670100,44.203817,0.950488,0.771504,9.680963,0
2024-08-07,sz.002054,4.8248120800,4.8445859000,4.7358298900,4.8445859000,4.8149251700,1953300,9504330.0000,2,0.509900,1,0.616000,44.476119,0.956343,0.776257,9.740599,0
2024-08-08,sz.002054,4.8346989900,4.8742466300,4.7852644400,4.8445859000,4.8445859000,1757701,8598167.9200,2,0.458800,1,0.000000,44.476119,0.956343,0.776257,9.740599,0
2024-08-09,sz.002054,4.9039073600,4.9039073600,4.7753775300,4.7852644400,4.8445859000,1859700,9103644.0000,2,0.485400,1,-1.224500,43.931514,0.944633,0.766752,9.621326,0
2024-08-12,sz.002054,4.7654906200,4.8248120800,4.6962822500,4.7556037100,4.7852644400,2713400,13115857.0000,2,0.708300,1,-0.619800,43.659211,0.938778,0.761999,9.561690,0
2024-08-13,sz.002054,4.7160560700,4.8149251700,4.6962822500,4.7951513500,4.7556037100,1793800,8642219.0000,2,0.468200,1,0.831600,44.022281,0.946585,0.768336,9.641205,0
2024-08-14,sz.002054,4.7951513500,4.8149251700,4.7457168000,4.7654906200,4.7951513500,1673700,8090612.9800,2,0.436900,1,-0.618600,43.749979,0.940730,0.763583,9.581569,0
2024-08-15,sz.002054,4.7753775300,4.8346989900,4.7061691600,4.7753775300,4.7654906200,2043900,9886535.0000,2,0.533500,1,0.207500,43.840746,0.942681,0.765168,9.601447,0
2024-08-16,sz.002054,4.7753775300,4.8050382600,4.6962822500,4.7160560700,4.7753775300,1853400,8887114.5000,2,0.483800,1,-1.242200,43.296141,0.930971,0.755662,9.482175,0
2024-08-19,sz.002054,4.7457168000,4.7852644400,4.6863953400,4.7160560700,4.7160560700,2174100,10439516.0000,2,0.567500,1,0.000000,43.296141,0.930971,0.755662,9.482175,0
2024-08-20,sz.002054,4.7457168000,4.7457168000,4.6270738800,4.6567346100,4.7160560700,1911600,9032103.0000,2,0.499000,1,-1.257900,42.751535,0.919261,0.746157,9.362902,0
2024-08-21,sz.002054,4.6567346100,4.7061691600,4.6171869700,4.6567346100,4.6567346100,1375500,6499210.0000,2,0.359100,1,0.000000,42.751535,0.919261,0.746157,9.362902,0
2024-08-22,sz.002054,4.6468477000,4.7061691600,4.6073000600,4.6171869700,4.6567346100,1392418,6535760.8800,2,0.363500,1,-0.849300,42.388465,0.911454,0.739820,9.283387,0
2024-08-23,sz.002054,4.5974131500,4.6369607900,4.5282047800,4.5677524200,4.6171869700,2224218,10276369.9800,2,0.580600,1,-1.070700,41.934627,0.901695,0.731899,9.183993,0
2024-08-26,sz.002054,4.5578655100,4.6962822500,4.5479786000,4.6171869700,4.5677524200,3187900,14954942.9500,2,0.832100,1,1.082300,42.388465,0.911454,0.739820,9.283387,0
2024-08-27,sz.002054,4.6369607900,4.6567346100,4.5578655100,4.5677524200,4.6171869700,1561600,7247958.0000,2,0.407600,1,-1.070700,41.934627,0.901695,0.731899,9.183993,0
2024-08-28,sz.002054,4.5875262400,4.6863953400,4.5380916900,4.6073000600,4.5677524200,2044000,9555946.0000,2,0.533600,1,0.865800,42.297697,0.909502,0.738236,9.263508,0
2024-08-29,sz.002054,4.5875262400,4.6666215200,4.5875262400,4.6369607900,4.6073000600,2014125,9436961.2500,2,0.525800,1,0.643800,42.570000,0.915357,0.742989,9.323145,0
2024-08-30,sz.002054,4.6369607900,4.7457168000,4.6270738800,4.7061691600,4.6369607900,3422800,16263908.0000,2,0.894100,1,1.492500,45.687983,0.940857,0.753721,-27.083377,0
2024-09-02,sz.002054,4.7061691600,4.7556037100,4.6468477000,4.6567346100,4.7061691600,2908995,13845866.5000,2,0.759800,1,-1.050400,45.208067,0.930974,0.745804,-26.798888,0
2024-09-03,sz.002054,4.6567346100,4.7457168000,4.6073000600,4.7061691600,4.6567346100,1669974,7934615.4000,2,0.436200,1,1.061600,45.687983,0.940857,0.753721,-27.083377,0
2024-09-04,sz.002054,4.7061691600,4.7160560700,4.6073000600,4.6073000600,4.7061691600,1921079,9053591.9300,2,0.501800,1,-2.100800,44.728152,0.921091,0.737886,-26.514399,0
2024-09-05,sz.002054,4.6171869700,4.6666215200,4.5974131500,4.6468477000,4.6073000600,1647220,7718203.8000,2,0.430300,1,0.858400,45.112084,0.928997,0.744220,-26.741990,0
2024-09-06,sz.002054,4.6468477000,4.6468477000,4.5282047800,4.5380916900,4.6468477000,2469200,11439633.0000,2,0.645000,1,-2.340400,44.056269,0.907255,0.726802,-26.116114,0
2024-09-09,sz.002054,4.5479786000,4.6073000600,4.5084309600,4.5479786000,4.5380916900,2177095,10038568.0200,2,0.568700,1,0.217900,44.152253,0.909231,0.728386,-26.173012,0
2024-09-10,sz.002054,4.5677524200,4.5974131500,4.4491095000,4.5282047800,4.5479786000,2373535,10824099.7900,2,0.620000,1,-0.434800,43.960286,0.905278,0.725219,-26.059216,0
2024-09-11,sz.002054,4.5479786000,4.5578655100,4.4688833200,4.4886571400,4.5282047800,1496577,6827336.5800,2,0.390900,1,-0.873400,43.576354,0.897372,0.718885,-25.831625,0
2024-09-12,sz.002054,4.4688833200,4.5677524200,4.4688833200,4.5084309600,4.4886571400,1386681,6348084.3600,2,0.362200,1,0.440500,43.768320,0.901325,0.722052,-25.945420,0
2024-09-13,sz.002054,4.5380916900,4.5380916900,4.4392225900,4.4392225900,4.5084309600,1461500,6606465.0000,2,0.381800,1,-1.535100,43.096438,0.887489,0.710968,-25.547135,0
2024-09-18,sz.002054,4.4392225900,4.4589964100,4.3106927600,4.3996749500,4.4392225900,1891951,8385859.9500,2,0.494200,1,-0.890900,42.712505,0.879583,0.704634,-25.319544,0
2024-09-19,sz.002054,4.4194487700,4.5677524200,4.3502404000,4.5282047800,4.3996749500,2281200,10391094.0000,2,0.595900,1,2.921300,43.960286,0.905278,0.725219,-26.059216,0
2024-09-20,sz.002054,4.5578655100,4.5578655100,4.4886571400,4.5084309600,4.5282047800,1660400,7573359.0000,2,0.433700,1,-0.436700,43.768320,0.901325,0.722052,-25.945420,0
2024-09-23,sz.002054,4.5084309600,4.5479786000,4.4589964100,4.4886571400,4.5084309600,1513396,6896975.8800,2,0.395300,1,-0.438600,43.576354,0.897372,0.718885,-25.831625,0
2024-09-24,sz.002054,4.5183178700,4.6765084300,4.5084309600,4.6270738800,4.4886571400,4247326,19786214.8600,2,1.109400,1,3.083700,44.920118,0.925044,0.741053,-26.628194,0
2024-09-25,sz.002054,4.6863953400,4.7951513500,4.6765084300,4.7160560700,4.6270738800,4774970,22892991.0000,2,1.247300,1,1.923100,45.783966,0.942833,0.755304,-27.140275,0
2024-09-26,sz.002054,4.7061691600,4.8445859000,4.7061691600,4.8445859000,4.7160560700,3530021,17048323.9900,2,0.922100,1,2.725400,47.031747,0.968529,0.775889,-27.879947,0
2024-09-27,sz.002054,4.9236811800,5.0917586500,4.9039073600,5.0126633700,4.8445859000,6217325,31291905.5600,2,1.624000,1,3.469400,48.663461,1.002131,0.802808,-28.847211,0
2024-09-30,sz.002054,5.2202884800,5.4872350500,5.0917586500,5.4279135900,5.0126633700,10975075,58774077.0400,2,2.866800,1,8.284000,52.694754,1.085148,0.869313,-31.236920,0
2024-10-08,sz.002054,5.9716936400,5.9716936400,5.3488183100,5.6157648800,5.4279135900,14454838,82536282.4400,2,3.775700,1,3.460800,54.518434,1.122703,0.899398,-32.317980,0
2024-10-09,sz.002054,5.5959910600,5.5959910600,5.1214193800,5.1708539300,5.6157648800,9384328,50386187.1800,2,2.451300,1,-7.922500,50.199192,1.033757,0.828143,-29.757576,0
2024-10-10,sz.002054,5.1906277500,5.3092706700,5.1214193800,5.1609670200,5.1708539300,5805430,30519258.2200,2,1.516400,1,-0.191200,50.103208,1.031780,0.826559,-29.700678,0
2024-10-11,sz.002054,5.1708539300,5.2005146600,5.0719848300,5.0917586500,5.1609670200,6036035,31237022.5500,2,1.576700,1,-1.341000,49.431326,1.017944,0.815475,-29.302393,0
2024-10-14,sz.002054,5.1214193800,5.1906277500,5.0522110100,5.1510801100,5.0917586500,3819800,19818075.0000,2,0.997800,1,1.165000,50.007225,1.029803,0.824976,-29.643781,0
2024-10-15,sz.002054,5.1807408400,5.2005146600,5.0324371900,5.0620979200,5.1510801100,4744047,24576449.6300,2,1.239200,1,-1.727400,49.143377,1.012014,0.810725,-29.131700,0
2024-10-16,sz.002054,4.9731157300,5.1807408400,4.9731157300,5.1016455600,5.0620979200,4071953,21025238.1400,2,1.063600,1,0.781300,49.527309,1.019920,0.817059,-29.359291,0
2024-10-17,sz.002054,5.1807408400,5.1807408400,5.0324371900,5.0324371900,5.1016455600,3224253,16635221.2800,2,0.842200,1,-1.356600,48.855427,1.006084,0.805975,-28.961006,0
2024-10-18,sz.002054,5.1016455600,5.1708539300,5.0126633700,5.1214193800,5.0324371900,4434385,22905456.0800,2,1.158300,1,1.768200,49.719276,1.023874,0.820226,-29.473087,0
2024-10-21,sz.002054,5.1411932000,5.1807408400,5.0917586500,5.1115324700,5.1214193800,4647376,24113026.6500,2,1.213900,1,-0.193100,49.623293,1.021897,0.818642,-29.416189,0
2024-10-22,sz.002054,5.0917586500,5.1807408400,5.0719848300,5.1807408400,5.1115324700,4092493,21344116.6700,2,1.069000,1,1.354000,50.295175,1.035733,0.829726,-29.814474,0
2024-10-23,sz.002054,5.1906277500,5.2697230300,5.1708539300,5.2301753900,5.1807408400,4444693,23472117.0400,2,1.161000,1,0.954200,50.775090,1.045616,0.837644,-30.098963,0
2024-10-24,sz.002054,5.2400623000,5.3389314000,5.1708539300,5.3290444900,5.2301753900,5303798,28270267.3100,2,1.385400,1,1.890400,51.734922,1.065382,0.853478,-30.667942,0
2024-10-25,sz.002054,5.3488183100,5.4476874100,5.3290444900,5.4180266800,5.3290444900,5213491,28441322.5100,2,1.361800,1,1.669800,52.598771,1.083171,0.867729,-31.180023,0
2024-10-28,sz.002054,5.4476874100,5.5366696000,5.4378005000,5.5366696000,5.4180266800,5156630,28713562.1000,2,1.346900,1,2.189800,53.750568,1.106890,0.886730,-31.862797,0
2024-10-29,sz.002054,5.5465565100,5.5959910600,5.3389314000,5.3488183100,5.5366696000,6954904,38166926.6800,2,1.816700,1,-3.392900,51.926888,1.069335,0.856645,-30.781738,0
2024-10-30,sz.002054,5.3389314000,5.4575743200,5.3389314000,5.4378005000,5.3488183100,4314308,23560587.9200,2,1.126900,1,1.663600,52.790737,1.087124,0.870896,-31.293818,0
2024-10-31,sz.002054,5.3883659500,5.6553125200,5.3784790400,5.4575743200,5.4378005000,7684315,42683313.4800,2,2.007200,1,0.363600,56.832325,1.083879,0.886042,-9.636421,0
2024-11-01,sz.002054,5.4378005000,5.4971219600,5.2598361200,5.2894968500,5.4575743200,6988700,37896784.0000,2,1.825500,1,-3.079700,55.082054,1.050499,0.858754,-9.339647,0
2024-11-04,sz.002054,5.2697230300,5.7146339800,5.2400623000,5.4872350500,5.2894968500,10875352,60238297.9400,2,2.840700,1,3.738300,57.141196,1.089770,0.890857,-9.688793,0
2024-11-05,sz.002054,5.4872350500,5.5663303300,5.4081397700,5.5267826900,5.4872350500,9663536,53715272.3600,2,2.524200,1,0.720700,57.553025,1.097624,0.897278,-9.758622,0
2024-11-06,sz.002054,5.5168957800,5.5663303300,5.4674612300,5.4971219600,5.5267826900,6851500,38221779.0000,2,1.789700,1,-0.536700,57.244153,1.091734,0.892462,-9.706250,0
2024-11-07,sz.002054,5.4476874100,5.6454256100,5.4476874100,5.6058779700,5.4971219600,6782552,38220379.6000,2,1.771600,1,1.978400,58.376682,1.113333,0.910119,-9.898280,0
2024-11-08,sz.002054,5.6651994300,5.7245208900,5.5564434200,5.6058779700,5.6058779700,6001240,34041791.2000,2,1.567600,1,0.000000,58.376682,1.113333,0.910119,-9.898280,0
2024-11-11,sz.002054,5.6157648800,5.6948601600,5.5762172400,5.6849732500,5.6058779700,5844486,33311108.3000,2,1.526600,1,1.410900,59.200339,1.129041,0.922960,-10.037938,0
2024-11-12,sz.002054,5.6948601600,5.7640685300,5.5663303300,5.6058779700,5.6849732500,7015570,40322498.9000,2,1.832500,1,-1.391300,58.376682,1.113333,0.910119,-9.898280,0
2024-11-13,sz.002054,5.6157648800,5.6651994300,5.4971219600,5.6454256100,5.6058779700,5150229,29136140.0200,2,1.345300,1,0.705500,58.788510,1.121187,0.916539,-9.968109,0
2024-11-14,sz.002054,5.6355387000,5.6849732500,5.4971219600,5.5168957800,5.6454256100,4652499,26205234.3900,2,1.215300,1,-2.276700,57.450068,1.095661,0.895673,-9.741165,0
2024-11-15,sz.002054,5.4971219600,5.5564434200,5.3982528600,5.3982528600,5.5168957800,5241099,29124860.4400,2,1.369000,1,-2.150500,56.214582,1.072098,0.876411,-9.531677,0
2024-11-18,sz.002054,5.4378005000,5.5070088700,5.3092706700,5.3290444900,5.3982528600,6340825,34683994.0100,2,1.656300,1,-1.282100,55.493883,1.058353,0.865175,-9.409476,0
2024-11-19,sz.002054,5.3587052200,5.4773481400,5.3290444900,5.4674612300,5.3290444900,5040558,27558777.3800,2,1.316600,1,2.597400,56.935282,1.085843,0.887647,-9.653878,0
2024-11-20,sz.002054,5.4971219600,5.6553125200,5.4674612300,5.6454256100,5.4674612300,7904031,44811753.0400,2,2.064600,1,3.255000,58.788510,1.121187,0.916539,-9.968109,0
2024-11-21,sz.002054,5.6454256100,5.7047470700,5.5861041500,5.6553125200,5.6454256100,5565103,31809311.2900,2,1.453600,1,0.175100,58.891467,1.123150,0.918145,-9.985567,0
2024-11-22,sz.002054,5.6454256100,6.2188663900,5.6355387000,6.2188663900,5.6553125200,27194032,167917705.4800,2,7.103300,1,9.965000,64.760023,1.235073,1.009638,-10.980632,0
2024-11-25,sz.002054,6.5253606000,6.8417417200,6.5253606000,6.8417417200,6.2188663900,13395953,91108318.4300,2,3.499100,1,10.015900,71.246321,1.358776,1.110762,-12.080441,0
2024-11-26,sz.002054,7.5239385100,7.5239385100,7.5239385100,7.5239385100,6.8417417200,5158868,39258985.4800,2,1.347500,1,9.971100,78.350361,1.494261,1.221518,-13.284993,0
2024-11-27,sz.002054,7.1680097500,7.7809981700,6.7725333500,6.8021940800,7.5239385100,73482507,520345648.3300,2,19.194100,1,-9.592600,70.834492,1.350922,1.104342,-12.010612,0
2024-11-28,sz.002054,6.5846820600,7.1086882900,6.3177354900,6.3671700400,6.8021940800,62970845,427097076.5100,2,16.448400,1,-6.395300,66.304379,1.264526,1.033715,-11.242491,0
2024-11-29,sz.002054,6.2485271200,6.3276224000,5.9222590900,6.1595449300,6.3671700400,46086578,283775570.3900,2,12.038100,1,-3.260900,64.142280,1.223292,1.000007,-10.875888,0
2024-12-02,sz.002054,6.1793187500,6.2781878500,6.1298842000,6.2287533000,6.1595449300,30070395,188668276.8800,2,7.854600,1,1.123600,64.862980,1.237036,1.011243,-10.998089,0
2024-12-03,sz.002054,6.1892056600,6.2683009400,6.1397711100,6.2485271200,6.2287533000,22923087,143652398.2300,2,5.987700,1,0.317500,65.068894,1.240963,1.014453,-11.033004,0
2024-12-04,sz.002054,6.2188663900,6.2287533000,6.0211281900,6.0804496500,6.2485271200,17884251,110671351.3700,2,4.671500,1,-2.689900,63.318623,1.207583,0.987166,-10.736230,0
2024-12-05,sz.002054,6.0409020100,6.2386402100,6.0409020100,6.1990925700,6.0804496500,16218465,100845348.2100,2,4.236400,1,1.951200,64.554108,1.231146,1.006428,-10.945717,0
2024-12-06,sz.002054,6.1990925700,6.3572831300,6.1199972900,6.2979616700,6.1990925700,19912463,126174231.4800,2,5.201300,1,1.594900,65.583679,1.250781,1.022479,-11.120290,0
2024-12-09,sz.002054,6.3276224000,6.4956998700,6.2485271200,6.3572831300,6.2979616700,18798097,120940097.7300,2,4.910200,1,0.941900,66.201422,1.262563,1.032110,-11.225034,0
2024-12-10,sz.002054,6.5253606000,6.9900453700,6.3177354900,6.7329857100,6.3572831300,61298485,419221498.4900,2,16.011600,1,5.909800,70.113792,1.337177,1.093106,-11.888411,0
2024-12-11,sz.002054,7.4052955900,7.4052955900,6.8516286300,6.9603846400,6.7329857100,73429208,533622748.5700,2,19.180200,1,3.377400,72.481806,1.382339,1.130024,-12.289928,0
2024-12-12,sz.002054,6.7428726200,7.4052955900,6.6440035200,6.9801584600,6.9603846400,58590389,415672907.5900,2,15.304200,1,0.284100,72.687720,1.386266,1.133234,-12.324843,0
2024-12-13,sz.002054,6.8615155400,6.9406108200,6.6341166100,6.6341166100,6.9801584600,35673600,243960561.4900,2,9.318200,1,-4.957500,69.084221,1.317542,1.077054,-11.713838,0
2024-12-16,sz.002054,6.6736642500,6.8021940800,6.5550213300,6.5846820600,6.6341166100,21125303,142322736.6100,2,5.518100,1,-0.745200,68.569436,1.307724,1.069028,-11.626551,0
2024-12-17,sz.002054,6.7329857100,6.8714024500,6.2781878500,6.2979616700,6.5846820600,19224211,125871741.6400,2,5.021500,1,-4.354400,65.583679,1.250781,1.022479,-11.120290,0
2024-12-18,sz.002054,6.6044558800,6.9307239100,6.4561522300,6.5253606000,6.2979616700,38812671,262044706.4200,2,10.138100,1,3.610700,67.951693,1.295943,1.059398,-11.521808,0
2024-12-19,sz.002054,6.3276224000,6.4363784100,6.1793187500,6.2979616700,6.5253606000,27385879,174502229.4800,2,7.153400,1,-3.484800,65.583679,1.250781,1.022479,-11.120290,0
2024-12-20,sz.002054,6.2386402100,6.3177354900,6.2089794800,6.2386402100,6.2979616700,16138303,102167955.0200,2,4.215400,1,-0.941900,64.965937,1.239000,1.012848,-11.015546,0
2024-12-23,sz.002054,6.3078485800,6.3473962200,5.9024852700,5.9321460000,6.2386402100,15046904,92277072.1600,2,3.930400,1,-4.912800,61.774266,1.178130,0.963089,-10.474371,0
2024-12-24,sz.002054,5.9519198200,6.0211281900,5.8135030800,5.9519198200,5.9321460000,8949349,53629511.4900,2,2.337600,1,0.333300,61.980181,1.182057,0.966299,-10.509285,0
2024-12-25,sz.002054,5.9618067300,5.9815805500,5.6948601600,5.7344078000,5.9519198200,9552023,55776724.6300,2,2.495100,1,-3.654500,59.715124,1.138859,0.930986,-10.125225,0
2024-12-26,sz.002054,5.7344078000,5.8135030800,5.7245208900,5.7739554400,5.7344078000,6414100,37469502.0000,2,1.675400,1,0.689700,60.126953,1.146713,0.937406,-10.195054,0
2024-12-27,sz.002054,5.8233899900,6.0310151000,5.7640685300,5.9618067300,5.7739554400,9354902,56234264.9900,2,2.443600,1,3.253400,62.083138,1.184021,0.967904,-10.526742,0
2024-12-30,sz.002054,5.9024852700,5.9519198200,5.7739554400,5.8925983600,5.9618067300,5972900,35416346.0100,2,1.560200,1,-1.160900,61.362438,1.170276,0.956668,-10.404541,0
2024-12-31,sz.002054,5.8728245400,5.9420329100,5.7146339800,5.7442947100,5.8925983600,6617000,38944935.0000,2,1.728400,1,-2.516800,59.818081,1.140822,0.932591,-10.142682,0
2025-01-02,sz.002054,5.7344078000,5.8135030800,5.5959910600,5.6256517900,5.7442947100,6213964,35855784.9200,2,1.623100,1,-2.065400,58.582596,1.117260,0.913329,-9.933195,0
2025-01-03,sz.002054,5.6849732500,5.7344078000,5.4378005000,5.4476874100,5.6256517900,7781418,43536626.9000,2,2.032600,1,-3.163400,56.729368,1.081916,0.884436,-9.618964,0
2025-01-06,sz.002054,5.3982528600,5.5465565100,5.2104015700,5.5168957800,5.4476874100,6838101,37561229.3900,2,1.786200,1,1.270400,57.450068,1.095661,0.895673,-9.741165,0
2025-01-07,sz.002054,5.5564434200,5.6651994300,5.4476874100,5.6553125200,5.5168957800,5586526,31373291.8200,2,1.459200,1,2.509000,58.891467,1.123150,0.918145,-9.985567,0
2025-01-08,sz.002054,5.6454256100,5.6553125200,5.4378005000,5.6058779700,5.6553125200,5147251,29040900.1600,2,1.344500,1,-0.874100,58.376682,1.113333,0.910119,-9.898280,0
2025-01-09,sz.002054,5.6058779700,5.7047470700,5.5366696000,5.6553125200,5.6058779700,4357615,24895444.6500,2,1.138200,1,0.881800,58.891467,1.123150,0.918145,-9.985567,0
2025-01-10,sz.002054,5.6355387000,5.6948601600,5.5564434200,5.5564434200,5.6553125200,4304200,24506426.9800,2,1.124300,1,-1.748300,57.861896,1.103515,0.902093,-9.810994,0
2025-01-13,sz.002054,5.5168957800,5.6157648800,5.4081397700,5.5861041500,5.5564434200,3902500,21846291.0000,2,1.019400,1,0.533800,58.170767,1.109406,0.906909,-9.863366,0
2025-01-14,sz.002054,5.5861041500,5.8728245400,5.5861041500,5.8530507200,5.5861041500,6907773,40291081.1500,2,1.804400,1,4.778800,60.950609,1.162421,0.950248,-10.334712,0
2025-01-15,sz.002054,5.8530507200,5.8827114500,5.7937292600,5.8135030800,5.8530507200,3401831,20073771.9900,2,0.888600,1,-0.675700,60.538781,1.154567,0.943827,-10.264883,0
2025-01-16,sz.002054,5.8629376300,5.9519198200,5.8233899900,5.9222590900,5.8135030800,4896786,29194396.9800,2,1.279100,1,1.870700,61.671309,1.176166,0.961484,-10.456913,0
2025-01-17,sz.002054,5.8728245400,6.0013543700,5.8530507200,5.9618067300,5.9222590900,4635600,27828214.3600,2,1.210900,1,0.667800,62.083138,1.184021,0.967904,-10.526742,0
2025-01-20,sz.002054,6.0310151000,6.0409020100,5.9024852700,5.9914674600,5.9618067300,4491503,27220457.1500,2,1.173200,1,0.497500,62.392009,1.189911,0.972720,-10.579114,0
2025-01-21,sz.002054,6.0903365600,6.1199972900,5.9420329100,5.9914674600,5.9914674600,6234600,37873600.0000,2,1.628500,1,0.000000,62.392009,1.189911,0.972720,-10.579114,0
2025-01-22,sz.002054,6.0112412800,6.0112412800,5.8728245400,5.9024852700,5.9914674600,3901200,23346977.0000,2,1.019000,1,-1.485100,61.465395,1.172239,0.958273,-10.421999,0
2025-01-23,sz.002054,5.9519198200,6.0013543700,5.8629376300,5.8629376300,5.9024852700,4219856,25380358.6800,2,1.102300,1,-0.670000,61.053567,1.164385,0.951853,-10.352170,0
2025-01-24,sz.002054,5.8629376300,5.9321460000,5.8332769000,5.8925983600,5.8629376300,4284880,25442917.3000,2,1.119200,1,0.505900,61.362438,1.170276,0.956668,-10.404541,0
2025-01-27,sz.002054,5.9222590900,6.1002234700,5.9222590900,5.9321460000,5.8925983600,5099300,30960053.0000,2,1.332000,1,0.671100,61.774266,1.178130,0.963089,-10.474371,0
2025-02-05,sz.002054,5.9618067300,5.9914674600,5.8728245400,5.9321460000,5.9321460000,3307500,19840906.0000,2,0.863900,1,0.000000,61.774266,1.178130,0.963089,-10.474371,0
2025-02-06,sz.002054,5.9420329100,5.9914674600,5.8332769000,5.9914674600,5.9321460000,5813900,34887188.0000,2,1.518600,1,1.000000,62.392009,1.189911,0.972720,-10.579114,0
2025-02-07,sz.002054,5.9716936400,6.0507889200,5.9420329100,6.0112412800,5.9914674600,6751600,41032829.0000,2,1.763600,1,0.330000,62.597923,1.193838,0.975930,-10.614029,0
2025-02-10,sz.002054,6.0211281900,6.1101103800,6.0112412800,6.1101103800,6.0112412800,5248600,32176609.0000,2,1.371000,1,1.644700,63.627494,1.213474,0.991981,-10.788602,0
2025-02-11,sz.002054,6.1101103800,6.1496580200,6.0211281900,6.0804496500,6.1101103800,4487156,27492215.8400,2,1.172100,1,-0.485400,63.318623,1.207583,0.987166,-10.736230,0
2025-02-12,sz.002054,6.0804496500,6.1101103800,6.0211281900,6.0804496500,6.0804496500,5001900,30676547.0000,2,1.306500,1,0.000000,63.318623,1.207583,0.987166,-10.736230,0
2025-02-13,sz.002054,6.0606758300,6.1002234700,6.0013543700,6.0013543700,6.0804496500,5062900,30925491.0000,2,1.322500,1,-1.300800,62.494966,1.191875,0.974325,-10.596572,0
2025-02-14,sz.002054,6.1002234700,6.2781878500,6.0705627400,6.2089794800,6.0013543700,15590358,96980709.7000,2,4.072300,1,3.459600,49.896177,1.233109,0.989209,-10.963175,0
2025-02-17,sz.002054,6.2188663900,6.3770569500,6.0903365600,6.3078485800,6.2089794800,18493378,116995519.4400,2,4.830600,1,1.592400,50.690702,1.252745,1.004960,-11.137747,0
2025-02-18,sz.002054,6.2880747600,6.2880747600,6.0310151000,6.0606758300,6.3078485800,11217560,69706819.0100,2,2.930100,1,-3.918500,48.704389,1.203656,0.965581,-10.701315,0
2025-02-19,sz.002054,6.0606758300,6.0903365600,6.0211281900,6.0903365600,6.0606758300,7431956,45548952.9400,2,1.941300,1,0.489400,48.942747,1.209547,0.970307,-10.753687,0
2025-02-20,sz.002054,6.1199972900,6.2683009400,6.1101103800,6.1892056600,6.0903365600,9194326,57512121.9800,2,2.401600,1,1.623400,49.737272,1.229182,0.986058,-10.928260,0
2025-02-21,sz.002054,6.1892056600,6.6736642500,6.0804496500,6.3770569500,6.1892056600,23181399,149590427.8000,2,6.055100,1,3.035100,51.246869,1.266490,1.015987,-11.259948,0
2025-02-24,sz.002054,6.3770569500,6.4166045900,6.2485271200,6.2880747600,6.3770569500,14429287,92306256.9300,2,3.769000,1,-1.395300,50.531797,1.248818,1.001810,-11.102833,0
2025-02-25,sz.002054,6.2485271200,6.3078485800,6.1990925700,6.2386402100,6.2880747600,8147100,51513125.0000,2,2.128100,1,-0.786200,50.134534,1.239000,0.993934,-11.015546,0
2025-02-26,sz.002054,6.1990925700,6.3671700400,6.1892056600,6.2485271200,6.2386402100,9878702,62467923.6600,2,2.580400,1,0.158500,50.213987,1.240963,0.995509,-11.033004,0
2025-02-27,sz.002054,6.2287533000,6.2485271200,6.0804496500,6.1793187500,6.2485271200,10850784,67477636.3400,2,2.834300,1,-1.107600,49.657819,1.227219,0.984483,-10.910803,0
2025-02-28,sz.002054,6.1595449300,6.1595449300,6.0112412800,6.0211281900,6.1793187500,6831967,42020087.3200,2,1.784600,1,-2.560000,48.386579,1.195802,0.959280,-10.631486,0
2025-03-03,sz.002054,6.0211281900,6.1595449300,6.0211281900,6.1298842000,6.0211281900,6757606,41863439.1600,2,1.765100,1,1.806200,49.260557,1.217401,0.976607,-10.823516,0
2025-03-04,sz.002054,6.1298842000,6.1990925700,6.0804496500,6.1694318400,6.1298842000,5095126,31678109.9800,2,1.330900,1,0.645200,49.578367,1.225255,0.982908,-10.893345,0
2025-03-05,sz.002054,6.1694318400,6.1694318400,5.9321460000,6.1496580200,6.1694318400,5025323,30926449.4500,2,1.312600,1,-0.320500,49.419462,1.221328,0.979758,-10.858431,0
2025-03-06,sz.002054,6.1793187500,6.1990925700,6.1101103800,6.1793187500,6.1496580200,5412301,33765357.2000,2,1.413700,1,0.482300,49.657819,1.227219,0.984483,-10.910803,0
2025-03-07,sz.002054,6.1793187500,6.2485271200,6.1199972900,6.1298842000,6.1793187500,5878664,36783127.6400,2,1.535500,1,-0.800000,49.260557,1.217401,0.976607,-10.823516,0
2025-03-10,sz.002054,6.1496580200,6.2188663900,6.1002234700,6.1496580200,6.1298842000,6159655,38309314.7400,2,1.608900,1,0.322600,49.419462,1.221328,0.979758,-10.858431,0
2025-03-11,sz.002054,6.1101103800,6.1694318400,6.0507889200,6.1694318400,6.1496580200,4702298,29130850.7000,2,1.228300,1,0.321500,49.578367,1.225255,0.982908,-10.893345,0
2025-03-12,sz.002054,6.1595449300,6.1990925700,6.0804496500,6.1793187500,6.1694318400,6827200,42495722.0000,2,1.783300,1,0.160300,49.657819,1.227219,0.984483,-10.910803,0
2025-03-13,sz.002054,6.1694318400,6.1990925700,6.0705627400,6.1694318400,6.1793187500,6580760,40806639.2000,2,1.718900,1,-0.160000,49.578367,1.225255,0.982908,-10.893345,0
2025-03-14,sz.002054,6.1694318400,6.2781878500,6.1101103800,6.2584140300,6.1694318400,7006450,43985822.5000,2,1.830100,1,1.442300,50.293439,1.242927,0.997085,-11.050461,0
2025-03-17,sz.002054,6.3473962200,6.5055867800,6.3276224000,6.3671700400,6.2584140300,13682490,88564668.2000,2,3.574000,1,1.737800,51.167417,1.264526,1.014412,-11.242491,0
2025-03-18,sz.002054,6.3671700400,6.4462653200,6.3177354900,6.4067176800,6.3671700400,8255100,53369904.0000,2,2.156300,1,0.621100,51.485227,1.272380,1.020712,-11.312320,0
2025-03-19,sz.002054,6.3770569500,6.4166045900,6.3276224000,6.3671700400,6.4067176800,5863000,37752959.0000,2,1.531500,1,-0.617300,51.167417,1.264526,1.014412,-11.242491,0
2025-03-20,sz.002054,6.3671700400,6.4264915000,6.2979616700,6.3869438600,6.3671700400,7547200,48595031.0000,2,1.971400,1,0.310600,51.326322,1.268453,1.017562,-11.277406,0
2025-03-21,sz.002054,6.3671700400,6.3869438600,6.2485271200,6.2781878500,6.3869438600,6845400,43616161.0000,2,1.788100,1,-1.702800,50.452344,1.246854,1.000235,-11.085376,0
2025-03-24,sz.002054,6.2683009400,6.3375093100,6.1199972900,6.3078485800,6.2781878500,10200199,64286093.6600,2,2.664400,1,0.472400,50.690702,1.252745,1.004960,-11.137747,0
2025-03-25,sz.002054,6.2979616700,6.5055867800,6.2880747600,6.4264915000,6.3078485800,18398198,119239845.1800,2,4.805700,1,1.880900,51.644132,1.276307,1.023863,-11.347235,0
2025-03-26,sz.002054,6.3869438600,6.5649082400,6.3770569500,6.5154736900,6.4264915000,15416500,101380674.9900,2,4.026900,1,1.384600,52.359205,1.293979,1.038039,-11.504350,0
2025-03-27,sz.002054,6.5550213300,7.1680097500,6.5451344200,7.1680097500,6.5154736900,29054037,209719980.2500,2,7.589100,1,10.015200,57.603070,1.423574,1.142001,-12.656531,0
2025-03-28,sz.002054,7.0197061000,7.0197061000,6.6044558800,6.7428726200,7.1680097500,58404276,397194297.8400,2,15.255600,1,-5.931000,54.186612,1.339141,1.074268,-11.905868,0
2025-03-31,sz.002054,6.5846820600,6.6538904300,6.0705627400,6.0903365600,6.7428726200,34381895,216184506.3300,2,8.944900,1,-9.677400,48.694893,1.211366,0.971762,-10.656256,0
2025-04-01,sz.002054,6.3572831300,6.7033249800,6.2287533000,6.4067176800,6.0903365600,42437777,278951301.6800,2,11.040700,1,5.194800,51.224498,1.274294,1.022243,-11.209827,0
2025-04-02,sz.002054,6.2979616700,6.4067176800,6.1694318400,6.2781878500,6.4067176800,30020408,190494879.5200,2,7.810200,1,-2.006200,50.196846,1.248730,1.001735,-10.984939,0
2025-04-03,sz.002054,6.1990925700,6.2781878500,6.0705627400,6.1694318400,6.2781878500,21513685,134237910.4800,2,5.597000,1,-1.732300,49.327294,1.227098,0.984382,-10.794649,0
2025-04-07,sz.002054,5.6948601600,5.9321460000,5.5564434200,5.5564434200,6.1694318400,16770300,95317039.3800,2,4.363000,1,-9.935900,44.426185,1.105175,0.886575,-9.722103,0
2025-04-08,sz.002054,5.4575743200,5.6157648800,5.2499492100,5.3389314000,5.5564434200,20013400,109734240.0000,2,5.206700,1,-3.914600,42.687082,1.061912,0.851869,-9.341523,0
2025-04-09,sz.002054,5.2993837600,5.4378005000,4.8841335400,5.3685921300,5.3389314000,18217387,94757677.5800,2,4.739500,1,0.555600,42.924232,1.067811,0.856602,-9.393420,0
2025-04-10,sz.002054,5.4378005000,5.6157648800,5.4378005000,5.4872350500,5.3685921300,13949003,77932297.6200,2,3.629000,1,2.209900,43.872834,1.091410,0.875532,-9.601010,0
2025-04-11,sz.002054,5.4476874100,5.6256517900,5.4180266800,5.5465565100,5.4872350500,8546600,47928030.0000,2,2.223500,1,1.081100,44.347135,1.103209,0.884998,-9.704804,0
2025-04-14,sz.002054,5.6355387000,5.7640685300,5.6355387000,5.6750863400,5.5465565100,10911584,62972329.5200,2,2.838800,1,2.317300,45.374787,1.128773,0.905506,-9.929693,0
2025-04-15,sz.002054,5.6750863400,5.7937292600,5.6750863400,5.7541816200,5.6750863400,6699857,38826116.2000,2,1.743000,1,1.393700,46.007188,1.144505,0.918126,-10.068086,0
2025-04-16,sz.002054,5.7146339800,5.7344078000,5.5168957800,5.6256517900,5.7541816200,7886900,44903832.0000,2,2.051900,1,-2.233700,44.979536,1.118941,0.897618,-9.843197,0
2025-04-17,sz.002054,5.5762172400,5.8135030800,5.5762172400,5.7739554400,5.6256517900,9542300,55578170.0000,2,2.482500,1,2.636200,46.165288,1.148438,0.921281,-10.102684,0
2025-04-18,sz.002054,5.7640685300,5.7838423500,5.6750863400,5.7442947100,5.7739554400,5722600,33168527.0000,2,1.488800,1,-0.513700,45.928138,1.142539,0.916548,-10.050787,0
2025-04-21,sz.002054,5.7442947100,5.7937292600,5.6948601600,5.7838423500,5.7442947100,5350800,31168114.0000,2,1.392100,1,0.688500,46.244338,1.150405,0.922859,-10.119983,0
2025-04-22,sz.002054,5.7838423500,5.8728245400,5.7442947100,5.8431638100,5.7838423500,6919900,40623903.0000,2,1.800300,1,1.025600,46.718639,1.162204,0.932324,-10.223778,0
2025-04-23,sz.002054,5.8629376300,6.4264915000,5.8530507200,6.4264915000,5.8431638100,26051006,164136823.0000,2,6.777500,1,9.983100,51.382598,1.278227,1.025398,-11.244426,0
2025-04-24,sz.002054,6.3968307700,6.4166045900,6.1694318400,6.2287533000,6.4264915000,43002564,271867256.2600,2,11.187600,1,-3.076900,49.801595,1.238897,0.993848,-10.898443,0
2025-04-25,sz.002054,6.6440035200,6.8516286300,6.3473962200,6.4264915000,6.2287533000,57593024,384613834.3800,2,14.983500,1,3.174600,51.382598,1.278227,1.025398,-11.244426,0
2025-04-28,sz.002054,6.1298842000,6.2287533000,5.8827114500,6.0705627400,6.4264915000,36670264,223330903.0700,2,9.540200,1,-5.538500,48.536793,1.207433,0.968607,-10.621657,0
2025-04-29,sz.002054,6.0112412800,6.2485271200,5.9716936400,6.1199972900,6.0705627400,22243166,138180727.1600,2,5.786800,1,0.814300,48.932043,1.217266,0.976495,-10.708153,0
2025-04-30,sz.002054,6.2500000000,6.3900000000,6.2100000000,6.3100000000,6.1200000000,23745523,149699099.3600,2,6.177700,1,3.104600,40.569328,1.223639,0.992873,-7.617667,0
2025-05-06,sz.002054,6.3500000000,6.5400000000,6.2800000000,6.4200000000,6.3100000000,19811003,126324192.8800,2,5.154100,1,1.743300,41.276559,1.244970,1.010181,-7.750464,0
2025-05-07,sz.002054,6.4200000000,6.5300000000,6.3500000000,6.4500000000,6.4200000000,16022200,103109431.0000,2,4.168400,1,0.467300,41.469440,1.250788,1.014901,-7.786681,0
2025-05-08,sz.002054,6.4100000000,6.4700000000,6.3600000000,6.4600000000,6.4500000000,10195991,65638938.4000,2,2.652600,1,0.155000,41.533734,1.252727,1.016475,-7.798753,0
2025-05-09,sz.002054,6.4600000000,6.4600000000,6.3500000000,6.3600000000,6.4600000000,8561407,54673617.5200,2,2.227400,1,-1.548000,40.890796,1.233335,1.000740,-7.678029,0
2025-05-12,sz.002054,6.3700000000,6.5000000000,6.3300000000,6.3700000000,6.3600000000,9893700,63218491.0000,2,2.574000,1,0.157200,40.955090,1.235274,1.002314,-7.690102,0
2025-05-13,sz.002054,6.4400000000,6.4900000000,6.3500000000,6.4500000000,6.3700000000,12278900,78998297.0000,2,3.194500,1,1.255900,41.469440,1.250788,1.014901,-7.786681,0
2025-05-14,sz.002054,6.4200000000,6.6400000000,6.3900000000,6.6000000000,6.4500000000,24576076,161073121.4800,2,6.393800,1,2.325600,42.433845,1.279876,1.038504,-7.967766,0
2025-05-15,sz.002054,6.5500000000,6.6900000000,6.5000000000,6.5300000000,6.6000000000,16875900,110773820.0000,2,4.390500,1,-1.060600,41.983789,1.266301,1.027489,-7.883260,0
2025-05-16,sz.002054,6.5400000000,6.7500000000,6.4900000000,6.6900000000,6.5300000000,22405199,148885700.4900,2,5.829000,1,2.450200,43.012489,1.297329,1.052665,-8.076418,0
2025-05-19,sz.002054,6.6300000000,6.7400000000,6.5900000000,6.7000000000,6.6900000000,14997357,100203974.8700,2,3.901700,1,0.149500,43.076782,1.299268,1.054239,-8.088490,0
2025-05-20,sz.002054,6.6700000000,6.7400000000,6.6100000000,6.6900000000,6.7000000000,11683119,77801018.9200,2,3.039500,1,-0.149300,43.012489,1.297329,1.052665,-8.076418,0
2025-05-21,sz.002054,6.6600000000,6.7200000000,6.5700000000,6.6000000000,6.6900000000,9881101,65462818.5900,2,2.570700,1,-1.345300,42.433845,1.279876,1.038504,-7.967766,0
2025-05-22,sz.002054,6.5900000000,6.6400000000,6.4500000000,6.4700000000,6.6000000000,8445700,55047931.0000,2,2.197300,1,-1.969700,41.598027,1.254666,1.018048,-7.810825,0
2025-05-23,sz.002054,6.5200000000,6.6500000000,6.4500000000,6.4900000000,6.4700000000,8049700,52791181.0000,2,2.094200,1,0.309100,41.726615,1.258545,1.021195,-7.834970,0
2025-05-26,sz.002054,6.4600000000,6.5600000000,6.4300000000,6.5100000000,6.4900000000,6112100,39727452.0000,2,1.590100,1,0.308200,41.855202,1.262423,1.024342,-7.859115,0
2025-05-27,sz.002054,6.4800000000,6.6000000000,6.4500000000,6.5900000000,6.5100000000,8803099,57523531.5100,2,2.290200,1,1.228900,42.369552,1.277937,1.036930,-7.955694,0
2025-05-28,sz.002054,6.6000000000,6.7000000000,6.4500000000,6.5300000000,6.5900000000,12034300,78774089.0000,2,3.130900,1,-0.910500,41.983789,1.266301,1.027489,-7.883260,0
2025-05-29,sz.002054,6.5000000000,6.6100000000,6.4700000000,6.5800000000,6.5300000000,7848499,51518931.4700,2,2.041900,1,0.765700,42.305258,1.275998,1.035357,-7.943622,0
2025-05-30,sz.002054,6.5500000000,6.9700000000,6.4700000000,6.6400000000,6.5800000000,25686800,171584052.5800,2,6.682700,1,0.911900,42.691020,1.287633,1.044798,-8.016056,0
2025-06-03,sz.002054,6.4900000000,6.7900000000,6.4500000000,6.7100000000,6.6400000000,22210057,148198968.5100,2,5.778200,1,1.054200,43.141076,1.301207,1.055812,-8.100562,0
2025-06-04,sz.002054,6.6600000000,6.7800000000,6.6200000000,6.7500000000,6.7100000000,14414959,96889669.2100,2,3.750200,1,0.596100,43.398251,1.308964,1.062106,-8.148852,0
2025-06-05,sz.002054,6.7700000000,6.8200000000,6.6800000000,6.7100000000,6.7500000000,10867399,73164468.3000,2,2.827300,1,-0.592600,43.141076,1.301207,1.055812,-8.100562,0
2025-06-06,sz.002054,6.7300000000,6.8000000000,6.6600000000,6.7400000000,6.7100000000,7978206,53713367.5600,2,2.075600,1,0.447100,43.333957,1.307025,1.060533,-8.136780,0
2025-06-09,sz.002054,6.7200000000,6.8500000000,6.7200000000,6.8500000000,6.7400000000,10169400,69090302.6000,2,2.645700,1,1.632000,44.041188,1.328356,1.077841,-8.269576,0
2025-06-10,sz.002054,6.8500000000,6.8800000000,6.6800000000,6.7500000000,6.8500000000,11888120,80580532.8000,2,3.092800,1,-1.459900,43.398251,1.308964,1.062106,-8.148852,0
2025-06-11,sz.002054,6.7500000000,6.8100000000,6.7100000000,6.7300000000,6.7500000000,8759930,59208685.1000,2,2.279000,1,-0.296300,43.269664,1.305086,1.058959,-8.124707,0
2025-06-12,sz.002054,6.7400000000,6.9900000000,6.6900000000,6.8600000000,6.7300000000,14656901,100456338.8500,2,3.813200,1,1.931600,44.105482,1.330295,1.079415,-8.281648,0
2025-06-13,sz.002054,6.8400000000,6.8900000000,6.6900000000,6.7300000000,6.8600000000,11594116,78476107.7600,2,3.016400,1,-1.895000,43.269664,1.305086,1.058959,-8.124707,0
2025-06-16,sz.002054,6.7200000000,6.7800000000,6.6500000000,6.6600000000,6.7300000000,7276531,48730170.5300,2,1.893100,1,-1.040100,42.819608,1.291511,1.047945,-8.040201,0
2025-06-17,sz.002054,6.6800000000,6.7600000000,6.5900000000,6.6500000000,6.6600000000,8554200,56925041.9900,2,2.225500,1,-0.150200,42.755314,1.289572,1.046371,-8.028128,0
2025-06-18,sz.002054,6.6200000000,6.6500000000,6.5000000000,6.5400000000,6.6500000000,7563100,49545912.0000,2,1.967600,1,-1.654100,42.048083,1.268241,1.029063,-7.895332,0
2025-06-19,sz.002054,6.5200000000,6.5500000000,6.3500000000,6.3700000000,6.5400000000,7103830,45692961.4000,2,1.848100,1,-2.599400,40.955090,1.235274,1.002314,-7.690102,0
2025-06-20,sz.002054,6.3700000000,6.4400000000,6.3400000000,6.3700000000,6.3700000000,5188500,33184516.4900,2,1.349900,1,0.000000,40.955090,1.235274,1.002314,-7.690102,0
2025-06-23,sz.002054,6.3300000000,6.5400000000,6.3100000000,6.5100000000,6.3700000000,6494000,42039526.0000,2,1.689500,1,2.197800,41.855202,1.262423,1.024342,-7.859115,0
2025-06-24,sz.002054,6.5500000000,6.7000000000,6.5100000000,6.6900000000,6.5100000000,7051200,46885142.0000,2,1.834500,1,2.765000,43.012489,1.297329,1.052665,-8.076418,0
2025-06-25,sz.002054,6.7400000000,6.7700000000,6.6300000000,6.7000000000,6.6900000000,7126500,47633804.0000,2,1.854000,1,0.149500,43.076782,1.299268,1.054239,-8.088490,0
2025-06-26,sz.002054,6.7200000000,6.8200000000,6.6600000000,6.6900000000,6.7000000000,7105100,47686306.0000,2,1.848500,1,-0.149300,43.012489,1.297329,1.052665,-8.076418,0
2025-06-27,sz.002054,6.7100000000,6.7600000000,6.6900000000,6.7500000000,6.6900000000,6483700,43648695.0000,2,1.686800,1,0.896900,43.398251,1.308964,1.062106,-8.148852,0
2025-06-30,sz.002054,6.7400000000,6.8800000000,6.7200000000,6.8800000000,6.7500000000,10123261,69203659.6600,2,2.633700,1,1.925900,44.234069,1.334174,1.082562,-8.305793,0
2025-07-01,sz.002054,6.8600000000,6.9200000000,6.7900000000,6.9000000000,6.8800000000,6691372,45889582.4000,2,1.740800,1,0.290700,44.362657,1.338052,1.085709,-8.329937,0
2025-07-02,sz.002054,6.8900000000,6.9100000000,6.8300000000,6.9000000000,6.9000000000,6742800,46356660.0000,2,1.754200,1,0.000000,44.362657,1.338052,1.085709,-8.329937,0
2025-07-03,sz.002054,6.9400000000,7.5900000000,6.9100000000,7.1900000000,6.9000000000,40109883,289964756.6000,2,10.435100,1,4.202900,46.227174,1.394289,1.131340,-8.680036,0
2025-07-04,sz.002054,7.0200000000,7.1200000000,6.9200000000,6.9900000000,7.1900000000,27750821,194657658.3700,2,7.219700,1,-2.781600,44.941300,1.355505,1.099870,-8.438589,0
2025-07-07,sz.002054,6.9300000000,7.0500000000,6.9200000000,7.0300000000,6.9900000000,13495777,94585491.0000,2,3.511100,1,0.572200,45.198475,1.363262,1.106164,-8.486878,0
2025-07-08,sz.002054,7.0300000000,7.1400000000,6.9800000000,7.1200000000,7.0300000000,11549626,81621125.7100,2,3.004800,1,1.280200,45.777118,1.380715,1.120325,-8.595530,0
2025-07-09,sz.002054,7.1200000000,7.1400000000,6.9700000000,7.0000000000,7.1200000000,12289052,86357377.2900,2,3.197100,1,-1.685400,45.005594,1.357444,1.101443,-8.450661,0
2025-07-10,sz.002054,7.0100000000,7.1600000000,7.0000000000,7.0700000000,7.0000000000,11380358,80611061.1200,2,2.960700,1,1.000000,45.455650,1.371019,1.112458,-8.535168,0
2025-07-11,sz.002054,7.0400000000,7.1100000000,6.9800000000,7.0300000000,7.0700000000,9646960,67842621.3700,2,2.509800,1,-0.565800,45.198475,1.363262,1.106164,-8.486878,0
2025-07-14,sz.002054,7.0000000000,7.2200000000,6.9900000000,7.2100000000,7.0300000000,12646699,90438391.8700,2,3.290200,1,2.560500,46.355761,1.398167,1.134487,-8.704181,0
2025-07-15,sz.002054,7.1700000000,7.2100000000,7.0200000000,7.1200000000,7.2100000000,12110511,86132062.1000,2,3.150700,1,-1.248300,45.777118,1.380715,1.120325,-8.595530,0
2025-07-16,sz.002054,7.1400000000,7.1900000000,7.0800000000,7.1300000000,7.1200000000,5941046,42364601.9800,2,1.545600,1,0.140400,45.841412,1.382654,1.121899,-8.607602,0
2025-07-17,sz.002054,7.1100000000,7.1800000000,7.1000000000,7.1600000000,7.1300000000,6777099,48427906.9000,2,1.763100,1,0.420800,46.034293,1.388471,1.126619,-8.643819,0
2025-07-18,sz.002054,7.1600000000,7.2100000000,7.1000000000,7.1400000000,7.1600000000,5550659,39595979.0100,2,1.444100,1,-0.279300,45.905705,1.384593,1.123472,-8.619674,0
2025-07-21,sz.002054,7.1900000000,7.3100000000,7.1600000000,7.2800000000,7.1400000000,10472314,76023499.5300,2,2.724500,1,1.960800,46.805817,1.411742,1.145501,-8.788688,0
2025-07-22,sz.002054,7.2800000000,7.3200000000,7.2200000000,7.3100000000,7.2800000000,7795324,56698065.1100,2,2.028000,1,0.412100,46.998698,1.417560,1.150222,-8.824905,0
2025-07-23,sz.002054,7.2900000000,7.3400000000,7.2000000000,7.2200000000,7.3100000000,7526700,54752584.0000,2,1.958200,1,-1.231200,46.420055,1.400107,1.136060,-8.716253,0
2025-07-24,sz.002054,7.2100000000,7.2700000000,7.2000000000,7.2600000000,7.2200000000,6346798,45915933.5400,2,1.651200,1,0.554000,46.677230,1.407864,1.142354,-8.764543,0
2025-07-25,sz.002054,7.2600000000,7.3000000000,7.2300000000,7.2500000000,7.2600000000,5326199,38679144.7100,2,1.385700,1,-0.137700,46.612936,1.405924,1.140781,-8.752471,0
2025-07-28,sz.002054,7.2800000000,7.2900000000,7.2300000000,7.2800000000,7.2500000000,6414299,46609234.7200,2,1.668800,1,0.413800,46.805817,1.411742,1.145501,-8.788688,0
2025-07-29,sz.002054,7.2900000000,7.2900000000,7.1600000000,7.2400000000,7.2800000000,7036000,50770797.0000,2,1.830500,1,-0.549500,46.548643,1.403985,1.139207,-8.740398,0
2025-07-30,sz.002054,7.2300000000,7.2700000000,7.1300000000,7.2000000000,7.2400000000,5738870,41394677.6000,2,1.493000,1,-0.552500,46.291468,1.396228,1.132913,-8.692109,0
2025-07-31,sz.002054,7.2000000000,7.2500000000,7.0300000000,7.0500000000,7.2000000000,8123798,57750147.9300,2,2.113500,1,-2.083300,45.327062,1.367140,1.109311,-8.511023,0
2025-08-01,sz.002054,7.0800000000,7.1700000000,7.0200000000,7.1400000000,7.0500000000,6624086,47193441.3400,2,1.723300,1,1.276600,45.905705,1.384593,1.123472,-8.619674,0
2025-08-04,sz.002054,7.1200000000,7.1900000000,7.0400000000,7.1600000000,7.1400000000,5375900,38369674.0000,2,1.398600,1,0.280100,46.034293,1.388471,1.126619,-8.643819,0
2025-08-05,sz.002054,7.1900000000,7.2100000000,7.1500000000,7.2000000000,7.1600000000,4989628,35815209.0200,2,1.298100,1,0.558700,46.291468,1.396228,1.132913,-8.692109,0
2025-08-06,sz.002054,7.2100000000,7.2400000000,7.1700000000,7.2400000000,7.2000000000,6878300,49561464.7000,2,1.789500,1,0.555600,46.548643,1.403985,1.139207,-8.740398,0
2025-08-07,sz.002054,7.2400000000,7.2600000000,7.1700000000,7.1900000000,7.2400000000,4834030,34775706.7000,2,1.257600,1,-0.690600,46.227174,1.394289,1.131340,-8.680036,0
2025-08-08,sz.002054,7.1700000000,7.2100000000,7.1000000000,7.2000000000,7.1900000000,6614670,47281787.1000,2,1.720900,1,0.139100,46.291468,1.396228,1.132913,-8.692109,0
2025-08-11,sz.002054,7.1900000000,7.3200000000,7.1600000000,7.2500000000,7.2000000000,7147797,51812160.1000,2,1.859600,1,0.694400,46.612936,1.405924,1.140781,-8.752471,0
2025-08-12,sz.002054,7.2900000000,7.3100000000,7.2100000000,7.2300000000,7.2500000000,7315219,53047706.3600,2,1.903100,1,-0.275900,46.484349,1.402046,1.137634,-8.728326,0
2025-08-13,sz.002054,7.2500000000,7.2600000000,7.1200000000,7.1400000000,7.2300000000,8988929,64499583.6900,2,2.338600,1,-1.244800,45.905705,1.384593,1.123472,-8.619674,0
2025-08-14,sz.002054,7.1500000000,7.1700000000,6.9200000000,6.9400000000,7.1400000000,10069413,70692559.7900,2,2.619700,1,-2.801100,44.619831,1.345809,1.092003,-8.378227,0
2025-08-15,sz.002054,6.9500000000,7.0500000000,6.9200000000,7.0000000000,6.9400000000,6503100,45570326.0000,2,1.691900,1,0.864600,45.005594,1.357444,1.101443,-8.450661,0
2025-08-18,sz.002054,7.0100000000,7.1200000000,6.9700000000,6.9800000000,7.0000000000,9414134,66114070.3600,2,2.449200,1,-0.285700,44.877006,1.353566,1.098297,-8.426516,0
2025-08-19,sz.002054,6.9800000000,7.0600000000,6.9200000000,7.0400000000,6.9800000000,8045199,56366139.9600,2,2.093100,1,0.859600,45.262768,1.365201,1.107737,-8.498951,0
2025-08-20,sz.002054,6.9900000000,7.1700000000,6.9300000000,7.1300000000,7.0400000000,8166297,57866307.8400,2,2.124600,1,1.278400,45.841412,1.382654,1.121899,-8.607602,0
2025-08-21,sz.002054,7.1200000000,7.2000000000,7.0900000000,7.1800000000,7.1300000000,8777600,62721151.0000,2,2.283600,1,0.701300,46.162880,1.392350,1.129766,-8.667964,0
2025-08-22,sz.002054,7.1600000000,7.1900000000,6.8400000000,6.8800000000,7.1800000000,25733036,178233137.2200,2,6.694800,1,-4.178300,48.820982,1.344301,1.093095,-37.695202,0
2025-08-25,sz.002054,6.9000000000,6.9100000000,6.7500000000,6.7800000000,6.8800000000,27394253,186841228.2500,2,7.126900,1,-1.453500,48.111375,1.324762,1.077207,-37.147307,0
2025-08-26,sz.002054,6.7800000000,6.8900000000,6.7000000000,6.8200000000,6.7800000000,17143121,116886303.8000,2,4.460000,1,0.590000,48.395218,1.332577,1.083563,-37.366465,0
2025-08-27,sz.002054,6.8300000000,6.8400000000,6.6000000000,6.6000000000,6.8200000000,18769400,125850408.0000,2,4.883100,1,-3.225800,46.834082,1.289591,1.048609,-36.161095,0
2025-08-28,sz.002054,6.6100000000,6.7100000000,6.4300000000,6.5900000000,6.6000000000,11592800,75901146.0000,2,3.016000,1,-0.151500,46.763121,1.287637,1.047020,-36.106305,0
2025-08-29,sz.002054,6.5800000000,6.6200000000,6.5000000000,6.5400000000,6.5900000000,6463072,42433507.7600,2,1.681400,1,-0.758700,46.408317,1.277867,1.039076,-35.832358,0
2025-09-01,sz.002054,6.5000000000,6.6500000000,6.4800000000,6.6100000000,6.5400000000,8750699,57649187.4100,2,2.276600,1,1.070300,46.905042,1.291545,1.050198,-36.215885,0
2025-09-02,sz.002054,6.6300000000,6.6300000000,6.4400000000,6.5500000000,6.6100000000,8145370,53024706.5000,2,2.119100,1,-0.907700,46.479278,1.279821,1.040665,-35.887147,0
2025-09-03,sz.002054,6.5900000000,6.5900000000,6.3900000000,6.4100000000,6.5500000000,6070900,39293249.0000,2,1.579400,1,-2.137400,45.485828,1.252466,1.018422,-35.120094,0
2025-09-04,sz.002054,6.3900000000,6.5500000000,6.3900000000,6.4800000000,6.4100000000,6853400,44481579.0000,2,1.783000,1,1.092000,45.982553,1.266144,1.029543,-35.503621,0
2025-09-05,sz.002054,6.5000000000,6.5400000000,6.4300000000,6.5200000000,6.4800000000,5185197,33711536.4700,2,1.349000,1,0.617300,46.266396,1.273960,1.035899,-35.722779,0
2025-09-08,sz.002054,6.4800000000,6.6700000000,6.4800000000,6.6500000000,6.5200000000,8284590,54647909.4000,2,2.155300,1,1.993900,47.188885,1.299361,1.056553,-36.435043,0
2025-09-09,sz.002054,6.6500000000,6.6800000000,6.5800000000,6.6100000000,6.6500000000,6444500,42714585.0000,2,1.676600,1,-0.601500,46.905042,1.291545,1.050198,-36.215885,0
2025-09-10,sz.002054,6.6000000000,6.6500000000,6.5600000000,6.6200000000,6.6100000000,4330332,28586665.5000,2,1.126600,1,0.151300,46.976003,1.293499,1.051787,-36.270674,0
2025-09-11,sz.002054,6.6200000000,6.6400000000,6.5400000000,6.6400000000,6.6200000000,5875752,38739116.7200,2,1.528600,1,0.302100,47.117925,1.297407,1.054964,-36.380253,0
2025-09-12,sz.002054,6.6300000000,6.6500000000,6.5700000000,6.5800000000,6.6400000000,4477100,29548936.0000,2,1.164800,1,-0.903600,46.692160,1.285683,1.045431,-36.051516,0
2025-09-15,sz.002054,6.5800000000,6.6400000000,6.5500000000,6.6200000000,6.5800000000,5552200,36641256.0000,2,1.444500,1,0.607900,46.976003,1.293499,1.051787,-36.270674,0
2025-09-16,sz.002054,6.9500000000,7.2800000000,6.7700000000,6.7900000000,6.6200000000,26622490,184841309.6300,2,6.926200,1,2.568000,48.182335,1.326716,1.078796,-37.202096,0
2025-09-17,sz.002054,6.8000000000,6.8500000000,6.6900000000,6.7100000000,6.7900000000,18378371,123926641.2700,2,4.781400,1,-1.178200,47.614650,1.311084,1.066086,-36.763780,0
2025-09-18,sz.002054,6.7300000000,6.8000000000,6.6000000000,6.6200000000,6.7100000000,14136619,94763108.5400,2,3.677800,1,-1.341300,46.976003,1.293499,1.051787,-36.270674,0
2025-09-19,sz.002054,6.6800000000,6.8000000000,6.6000000000,6.6700000000,6.6200000000,9111862,60818144.6500,2,2.370600,1,0.755300,47.330807,1.303268,1.059731,-36.544622,0
2025-09-22,sz.002054,6.7100000000,6.9500000000,6.7000000000,6.8200000000,6.6700000000,21100344,144239563.3600,2,5.489500,1,2.248900,48.395218,1.332577,1.083563,-37.366465,0
2025-09-23,sz.002054,6.7500000000,6.8100000000,6.4200000000,6.5500000000,6.8200000000,15247147,100316954.4000,2,3.966700,1,-3.958900,46.479278,1.279821,1.040665,-35.887147,0
2025-09-24,sz.002054,6.5200000000,6.6900000000,6.4600000000,6.6900000000,6.5500000000,10089751,66927103.4700,2,2.625000,1,2.137400,47.472728,1.307176,1.062908,-36.654201,0
2025-09-25,sz.002054,6.7400000000,6.7600000000,6.5600000000,6.5800000000,6.6900000000,9070200,60224627.7800,2,2.359700,1,-1.644200,46.692160,1.285683,1.045431,-36.051516,0
2025-09-26,sz.002054,6.5700000000,6.7400000000,6.5400000000,6.6200000000,6.5800000000,9081756,60249909.4000,2,2.362700,1,0.607900,46.976003,1.293499,1.051787,-36.270674,0
2025-09-29,sz.002054,6.6200000000,6.7000000000,6.4900000000,6.6800000000,6.6200000000,8125701,53875913.6300,2,2.114000,1,0.906300,47.401767,1.305222,1.061319,-36.599411,0
2025-09-30,sz.002054,6.6800000000,6.8100000000,6.6300000000,6.7400000000,6.6800000000,12501703,84056009.3200,2,3.252500,1,0.898200,47.827532,1.316946,1.070852,-36.928148,0
2025-10-09,sz.002054,6.8300000000,7.0800000000,6.7800000000,6.8600000000,6.7400000000,19466290,134283606.3200,2,5.064400,1,1.780400,48.679061,1.340393,1.089918,-37.585623,0
2025-10-10,sz.002054,6.8300000000,6.9500000000,6.7700000000,6.9100000000,6.8600000000,15966800,110178997.0800,2,4.154000,1,0.728900,49.033864,1.350163,1.097862,-37.859571,0
2025-10-13,sz.002054,6.7200000000,6.9200000000,6.6300000000,6.8800000000,6.9100000000,11793392,80357163.0600,2,3.068200,1,-0.434200,48.820982,1.344301,1.093095,-37.695202,0
2025-10-14,sz.002054,6.8900000000,6.9200000000,6.7800000000,6.8200000000,6.8800000000,8641700,59122778.0000,2,2.248200,1,-0.872100,48.395218,1.332577,1.083563,-37.366465,0
2025-10-15,sz.002054,6.7900000000,7.0800000000,6.7900000000,7.0000000000,6.8200000000,21325227,148977281.1300,2,5.548000,1,2.639300,49.672511,1.367748,1.112161,-38.352676,0
2025-10-16,sz.002054,7.0300000000,7.7000000000,6.9900000000,7.7000000000,7.0000000000,65190598,489807109.9500,2,16.960100,1,10.000000,54.639762,1.504523,1.223377,-42.187944,0
2025-10-17,sz.002054,7.5600000000,7.5600000000,7.2100000000,7.2400000000,7.7000000000,75167744,549025184.9400,2,19.555800,1,-5.974000,51.375568,1.414642,1.150292,-39.667625,0
2025-10-20,sz.002054,7.5400000000,7.9600000000,7.3200000000,7.9600000000,7.2400000000,57728920,442686503.0600,2,15.018900,1,9.944800,56.484741,1.555325,1.264686,-43.612472,0
2025-10-21,sz.002054,8.2200000000,8.5000000000,7.7300000000,7.7900000000,7.9600000000,94439166,760579824.8100,2,24.569500,1,-2.135700,55.278408,1.522108,1.237676,-42.681050,0
2025-10-22,sz.002054,7.8000000000,8.2200000000,7.7600000000,7.9400000000,7.7900000000,73840196,589411256.1700,2,19.210400,1,1.925500,56.342819,1.551417,1.261508,-43.502893,0
2025-10-23,sz.002054,7.9600000000,8.7300000000,7.9500000000,8.7300000000,7.9400000000,83562835,692099418.1800,2,21.739900,1,9.949600,61.948717,1.705777,1.387024,-47.831267,0
2025-10-24,sz.002054,9.4000000000,9.6000000000,8.3700000000,8.4700000000,8.7300000000,118038673,1081487617.2300,2,30.709200,1,-2.978200,45.703603,1.610759,1.345008,-195.621566,0
2025-10-27,sz.002054,8.3200000000,9.0700000000,8.1300000000,8.7300000000,8.4700000000,92456720,802453271.4700,2,24.053700,1,3.069700,47.106547,1.660203,1.386295,-201.626478,0
2025-10-28,sz.002054,8.3500000000,8.9900000000,8.2300000000,8.5900000000,8.7300000000,75435942,652381419.8500,2,19.625600,1,-1.603700,46.351115,1.633579,1.364063,-198.393064,0
2025-10-29,sz.002054,8.7000000000,9.4500000000,8.6800000000,9.0100000000,8.5900000000,109492692,1012517123.6400,2,28.485900,1,4.889400,48.617410,1.713452,1.430758,-208.093307,0
2025-10-30,sz.002054,8.7400000000,9.2000000000,8.5200000000,8.8300000000,9.0100000000,90891049,802422194.4300,2,23.646400,1,-1.997800,47.646141,1.679221,1.402175,-203.936060,0
2025-10-31,sz.002054,8.6600000000,9.0000000000,8.4600000000,8.5400000000,8.8300000000,57096138,491819696.6100,2,14.854300,1,-3.284300,46.081318,1.624071,1.356124,-197.238273,0
2025-11-03,sz.002054,8.3800000000,8.4300000000,8.1800000000,8.3200000000,8.5400000000,46460806,385356820.4000,2,12.087300,1,-2.576100,44.894212,1.582233,1.321188,-192.157193,0
2025-11-04,sz.002054,8.3000000000,8.4800000000,8.1200000000,8.3100000000,8.3200000000,38531357,318643707.6200,2,10.024400,1,-0.120200,44.840252,1.580331,1.319600,-191.926235,0
2025-11-05,sz.002054,8.2100000000,8.4600000000,8.1600000000,8.2800000000,8.3100000000,30200996,250872897.8300,2,7.857200,1,-0.361000,44.678374,1.574626,1.314836,-191.233360,0
2025-11-06,sz.002054,8.2700000000,8.2900000000,8.0700000000,8.2300000000,8.2800000000,27271688,223214383.7200,2,7.095100,1,-0.603900,44.408577,1.565117,1.306897,-190.078570,0
2025-11-07,sz.002054,8.2100000000,8.4200000000,8.1100000000,8.3400000000,8.2300000000,31905800,264897060.0000,2,8.300700,1,1.336600,45.002130,1.586036,1.324364,-192.619109,0
2025-11-10,sz.002054,8.3400000000,8.3700000000,8.1800000000,8.2300000000,8.3400000000,25394990,210098260.5200,2,6.606800,1,-1.318900,44.408577,1.565117,1.306897,-190.078570,0
2025-11-11,sz.002054,8.1900000000,8.6200000000,8.1200000000,8.3900000000,8.2300000000,35528954,296888023.9900,2,9.243300,1,1.944100,45.271927,1.595545,1.332304,-193.773900,0
2025-11-12,sz.002054,8.3900000000,8.3900000000,8.0700000000,8.1700000000,8.3900000000,24671001,201365769.2000,2,6.418500,1,-2.622200,44.084821,1.553707,1.297369,-188.692821,0
2025-11-13,sz.002054,8.1800000000,8.5200000000,8.1300000000,8.4600000000,8.1700000000,34927836,292732672.8700,2,9.086900,1,3.549600,45.649643,1.608857,1.343420,-195.390607,0
2025-11-14,sz.002054,8.3800000000,8.5300000000,8.3700000000,8.3800000000,8.4600000000,22469029,189364076.5900,2,5.845600,1,-0.945600,45.217968,1.593643,1.330716,-193.542942,0
2025-11-17,sz.002054,8.3500000000,8.5000000000,8.2500000000,8.4600000000,8.3800000000,21848699,183604602.3700,2,5.684200,1,0.954700,45.649643,1.608857,1.343420,-195.390607,0
2025-11-18,sz.002054,8.4000000000,8.5300000000,8.1900000000,8.2300000000,8.4600000000,18364830,152317118.3000,2,4.777800,1,-2.718700,44.408577,1.565117,1.306897,-190.078570,0
2025-11-19,sz.002054,8.2400000000,8.3200000000,8.0000000000,8.0700000000,8.2300000000,21090199,170403262.9800,2,5.486900,1,-1.944100,43.545227,1.534690,1.281489,-186.383239,0
2025-11-20,sz.002054,8.1600000000,8.1900000000,7.8600000000,7.9000000000,8.0700000000,19155801,152842231.3100,2,4.983600,1,-2.106600,42.627917,1.502360,1.254494,-182.456950,0
2025-11-21,sz.002054,7.8300000000,7.8800000000,7.3700000000,7.3700000000,7.9000000000,22478460,169997693.8000,2,5.848000,1,-6.708900,39.768070,1.401569,1.170332,-170.216167,0
2025-11-24,sz.002054,7.5100000000,7.5200000000,7.3300000000,7.4200000000,7.3700000000,13696240,101649016.2800,2,3.563200,1,0.678400,40.037867,1.411078,1.178271,-171.370958,0
2025-11-25,sz.002054,7.4500000000,7.7000000000,7.4500000000,7.6500000000,7.4200000000,14145412,107819060.7200,2,3.680100,1,3.099700,41.278933,1.454817,1.214795,-176.682996,0
2025-11-26,sz.002054,7.5800000000,7.7400000000,7.5400000000,7.6100000000,7.6500000000,12558000,96150610.0000,2,3.267100,1,-0.522900,41.063095,1.447210,1.208443,-175.759163,0
2025-11-27,sz.002054,7.6400000000,7.8000000000,7.6300000000,7.7100000000,7.6100000000,12591100,97248413.0000,2,3.275700,1,1.314100,41.602689,1.466228,1.224322,-178.068745,0
2025-11-28,sz.002054,7.6700000000,7.8300000000,7.6400000000,7.8300000000,7.7100000000,8918399,69340059.1900,2,2.320200,1,1.556400,42.250202,1.489048,1.243378,-180.840243,0
2025-12-01,sz.002054,7.8400000000,7.8800000000,7.7400000000,7.7500000000,7.8300000000,10651200,83018813.0000,2,2.771000,1,-1.021700,41.818526,1.473835,1.230674,-178.992578,0
2025-12-02,sz.002054,7.7000000000,7.7600000000,7.6000000000,7.7000000000,7.7500000000,11014336,84689545.4800,2,2.865500,1,-0.645200,41.548730,1.464326,1.222734,-177.837787,0
2025-12-03,sz.002054,7.7500000000,7.7500000000,7.6000000000,7.6200000000,7.7000000000,10503399,80528587.3000,2,2.732600,1,-1.039000,41.117054,1.449112,1.210031,-175.990122,0
2025-12-04,sz.002054,7.6600000000,7.7200000000,7.5100000000,7.5700000000,7.6200000000,8498429,64468811.0900,2,2.211000,1,-0.656200,40.847257,1.439604,1.202091,-174.835331,0
2025-12-05,sz.002054,7.5600000000,7.7600000000,7.5400000000,7.7400000000,7.5700000000,11332400,86889054.0000,2,2.948300,1,2.245700,41.764567,1.471933,1.229086,-178.761620,0
2025-12-08,sz.002054,7.7400000000,7.8400000000,7.6700000000,7.7600000000,7.7400000000,10831800,84057380.4400,2,2.818000,1,0.258400,41.872486,1.475736,1.232262,-179.223536,0
2025-12-09,sz.002054,7.7300000000,7.7900000000,7.6200000000,7.6500000000,7.7600000000,7900314,60793104.8000,2,2.055400,1,-1.417500,41.278933,1.454817,1.214795,-176.682996,0
2025-12-10,sz.002054,7.7200000000,7.7300000000,7.5700000000,7.6600000000,7.6500000000,7355600,56396582.0000,2,1.913600,1,0.130700,41.332892,1.456719,1.216383,-176.913954,0
2025-12-11,sz.002054,7.6900000000,7.7200000000,7.5400000000,7.5500000000,7.6600000000,9719664,73984679.2600,2,2.528700,1,-1.436000,40.739339,1.435800,1.198915,-174.373414,0
2025-12-12,sz.002054,7.5400000000,7.5800000000,7.4000000000,7.4200000000,7.5500000000,9794500,73341761.0000,2,2.548200,1,-1.721900,40.037867,1.411078,1.178271,-171.370958,0
2025-12-15,sz.002054,7.4200000000,7.7200000000,7.3800000000,7.6400000000,7.4200000000,13818064,105100745.2600,2,3.594900,1,2.965000,41.224973,1.452916,1.213207,-176.452038,0
2025-12-16,sz.002054,7.5000000000,7.5000000000,7.1600000000,7.1900000000,7.6400000000,21690478,157671242.6000,2,5.643000,1,-5.890100,38.796801,1.367338,1.141748,-166.058921,0
2025-12-17,sz.002054,7.2000000000,7.2900000000,7.1000000000,7.2600000000,7.1900000000,13045553,93863433.3900,2,3.394000,1,0.973600,39.174516,1.380650,1.152864,-167.675628,0
2025-12-18,sz.002054,7.2000000000,7.3600000000,7.1800000000,7.2700000000,7.2600000000,8442601,61668044.2500,2,2.196400,1,0.137700,39.228476,1.382552,1.154452,-167.906586,0
2025-12-19,sz.002054,7.3000000000,7.4700000000,7.2100000000,7.4400000000,7.2700000000,9192404,68017391.4000,2,2.391500,1,2.338400,40.145785,1.414881,1.181447,-171.832875,0
2025-12-22,sz.002054,7.4600000000,7.5500000000,7.3000000000,7.4000000000,7.4400000000,7684600,57228470.0000,2,1.999200,1,-0.537600,39.929948,1.407274,1.175095,-170.909042,0
2025-12-23,sz.002054,7.4100000000,7.4800000000,7.3500000000,7.4200000000,7.4000000000,8644570,64132607.0000,2,2.249000,1,0.270300,40.037867,1.411078,1.178271,-171.370958,0
2025-12-24,sz.002054,7.4100000000,7.4600000000,7.3600000000,7.4300000000,7.4200000000,6341867,47103206.8100,2,1.649900,1,0.134800,40.091826,1.412979,1.179859,-171.601916,0
2025-12-25,sz.002054,7.4400000000,7.5400000000,7.3800000000,7.5100000000,7.4300000000,7219672,53923512.1800,2,1.878300,1,1.076700,40.523501,1.428193,1.192563,-173.449582,0
2025-12-26,sz.002054,7.5000000000,7.6400000000,7.4900000000,7.5400000000,7.5100000000,7947014,59990525.9200,2,2.067500,1,0.399500,40.685379,1.433898,1.197327,-174.142456,0
2025-12-29,sz.002054,7.5600000000,7.5600000000,7.4000000000,7.4500000000,7.5400000000,7648499,57068144.9400,2,1.989800,1,-1.193600,40.199745,1.416783,1.183035,-172.063833,0
2025-12-30,sz.002054,7.4100000000,7.4900000000,7.3200000000,7.3800000000,7.4500000000,7440174,55035582.5600,2,1.935700,1,-0.939600,39.822029,1.403471,1.171919,-170.447126,0
2025-12-31,sz.002054,7.3800000000,7.4200000000,7.2600000000,7.3800000000,7.3800000000,6579774,48299521.7200,2,1.711800,1,0.000000,39.822029,1.403471,1.171919,-170.447126,0
2026-01-05,sz.002054,7.3900000000,7.5700000000,7.3600000000,7.5600000000,7.3800000000,11283334,84705064.0000,2,2.935500,1,2.439000,40.793298,1.437702,1.200503,-174.604373,0
2026-01-06,sz.002054,7.5600000000,7.7500000000,7.5300000000,7.6800000000,7.5600000000,13616899,104767960.3100,2,3.542600,1,1.587300,41.440811,1.460523,1.219558,-177.375871,0
2026-01-07,sz.002054,7.6900000000,7.7500000000,7.5800000000,7.5900000000,7.6800000000,9730734,74443272.7800,2,2.531600,1,-1.171900,40.955176,1.443407,1.205267,-175.297247,0
2026-01-08,sz.002054,7.6100000000,8.0900000000,7.5700000000,7.9000000000,7.5900000000,28694199,225485573.1900,2,7.465100,1,4.084300,42.627917,1.502360,1.254494,-182.456950,0
2026-01-09,sz.002054,7.8200000000,7.9000000000,7.7200000000,7.7800000000,7.9000000000,21035005,163722945.5000,2,5.472500,1,-1.519000,41.980405,1.479540,1.235438,-179.685452,0
2026-01-12,sz.002054,7.7800000000,8.5600000000,7.6900000000,8.3100000000,7.7800000000,59786313,490323521.7700,2,15.554100,1,6.812300,44.840252,1.580331,1.319600,-191.926235,0
2026-01-13,sz.002054,8.2700000000,8.4100000000,8.0000000000,8.0100000000,8.3100000000,48212072,394989461.2600,2,12.543000,1,-3.610100,43.221471,1.523279,1.271961,-184.997490,0
2026-01-14,sz.002054,8.0300000000,8.8100000000,8.0300000000,8.8100000000,8.0100000000,42032967,359813273.0100,2,10.935400,1,9.987500,47.538222,1.675417,1.398999,-203.474143,0
2026-01-15,sz.002054,9.0700000000,9.3400000000,8.5000000000,8.5200000000,8.8100000000,87257640,772035127.8100,2,22.701100,1,-3.291700,45.973399,1.620267,1.352948,-196.776356,0
2026-01-16,sz.002054,8.6300000000,8.6500000000,8.1900000000,8.3100000000,8.5200000000,45993453,384445106.6400,2,11.965800,1,-2.464800,44.840252,1.580331,1.319600,-191.926235,0
2026-01-19,sz.002054,8.3100000000,8.5500000000,8.1100000000,8.4300000000,8.3100000000,32163713,270349246.6000,2,8.367800,1,1.444000,45.487765,1.603152,1.338656,-194.697733,0
2026-01-20,sz.002054,8.4100000000,8.4800000000,8.2700000000,8.3700000000,8.4300000000,24279268,203055418.4900,2,6.316500,1,-0.711700,45.164009,1.591741,1.329128,-193.311984,0
2026-01-21,sz.002054,8.3000000000,8.5700000000,8.2500000000,8.5200000000,8.3700000000,28492697,241048087.6200,2,7.412700,1,1.792100,45.973399,1.620267,1.352948,-196.776356,0
2026-01-22,sz.002054,8.5200000000,8.7600000000,8.4300000000,8.5900000000,8.5200000000,27580980,235602377.5500,2,7.175500,1,0.821600,46.351115,1.633579,1.364063,-198.393064,0
2026-01-23,sz.002054,8.6600000000,8.7000000000,8.5500000000,8.6000000000,8.5900000000,22755432,195588599.5800,2,5.920100,1,0.116400,46.405075,1.635481,1.365651,-198.624022,0
2026-01-26,sz.002054,8.6000000000,8.7300000000,8.4700000000,8.6500000000,8.6000000000,29924332,257418004.9600,2,7.785200,1,0.581400,46.674872,1.644990,1.373591,-199.778813,0
2026-01-27,sz.002054,8.6900000000,9.5200000000,8.6800000000,9.5000000000,8.6500000000,101656125,944115749.1400,2,26.447100,1,9.826600,51.261420,1.806636,1.508568,-219.410257,0
2026-01-28,sz.002054,9.3200000000,9.6500000000,9.2000000000,9.2500000000,9.5000000000,67195821,628327765.5900,2,17.481800,1,-2.631600,49.912435,1.759093,1.468869,-213.636302,0
2026-01-29,sz.002054,9.2600000000,9.8700000000,9.2400000000,9.2800000000,9.2500000000,54646773,520833956.5900,2,14.217000,1,0.324300,50.074313,1.764798,1.473633,-214.329177,0
2026-01-30,sz.002054,9.2200000000,9.3000000000,8.8300000000,9.1100000000,9.2800000000,35297331,318894161.0400,2,9.183000,1,-1.831900,49.157003,1.732469,1.446638,-210.402888,0
2026-02-02,sz.002054,9.1000000000,9.1100000000,8.6300000000,8.6400000000,9.1100000000,29800397,261957452.8400,2,7.752900,1,-5.159200,46.620912,1.643088,1.372003,-199.547854,0
2026-02-03,sz.002054,8.7100000000,9.2100000000,8.5800000000,9.0100000000,8.6400000000,26670848,236828021.5700,2,6.938700,1,4.282400,48.617410,1.713452,1.430758,-208.093307,0
2026-02-04,sz.002054,8.9000000000,9.4600000000,8.8500000000,8.9900000000,9.0100000000,25228881,229478252.6000,2,6.563600,1,-0.222000,48.509491,1.709648,1.427582,-207.631390,0
2026-02-05,sz.002054,8.9800000000,9.3600000000,8.8800000000,9.1400000000,8.9900000000,32864803,299454761.8900,2,8.550200,1,1.668500,49.318882,1.738174,1.451402,-211.095763,0
2026-02-06,sz.002054,9.0300000000,10.0500000000,9.0200000000,10.0500000000,9.1400000000,72885278,719667421.2000,2,18.962000,1,9.956200,54.229186,1.911231,1.595907,-232.112956,0
2026-02-09,sz.002054,9.8200000000,11.0600000000,9.6100000000,11.0600000000,10.0500000000,106525148,1116521599.1100,2,27.713800,1,10.049800,59.679084,2.103305,1.756291,-255.439730,0
2026-02-10,sz.002054,10.9000000000,11.0100000000,10.5700000000,10.6600000000,11.0600000000,87730548,942675041.8800,2,22.824200,1,-3.616600,57.520709,2.027236,1.692773,-246.201404,0
2026-02-11,sz.002054,10.6600000000,11.0900000000,10.4500000000,10.5700000000,10.6600000000,73770702,793120801.3200,2,19.192300,1,-0.844300,57.035074,2.010120,1.678481,-244.122780,0
2026-02-12,sz.002054,10.6400000000,11.3800000000,10.5000000000,10.7700000000,10.5700000000,88725729,973044923.8900,2,23.083100,1,1.892100,58.114262,2.048155,1.710240,-248.741944,0
2026-02-13,sz.002054,10.6000000000,11.0000000000,10.4800000000,10.6000000000,10.7700000000,60472226,646562954.4500,2,15.732600,1,-1.578500,57.196952,2.015825,1.683245,-244.815655,0
2026-02-24,sz.002054,10.5000000000,10.6000000000,10.0400000000,10.1800000000,10.6000000000,59616673,607886774.6100,2,15.510000,1,-3.962300,54.930658,1.935953,1.616550,-235.115412,0
2026-02-25,sz.002054,10.2000000000,11.1500000000,10.0400000000,10.7900000000,10.1800000000,65980626,698272704.3800,2,17.165700,1,5.992100,58.222181,2.051958,1.713416,-249.203860,0
2026-02-26,sz.002054,10.9300000000,11.8700000000,10.8000000000,11.5300000000,10.7900000000,111866529,1296487862.8100,2,29.103400,1,6.858200,62.215176,2.192686,1.830926,-266.294764,0
2026-02-27,sz.002054,11.6800000000,12.0900000000,11.5000000000,11.5300000000,11.5300000000,85281207,1003485047.0100,2,22.186900,1,0.000000,62.215176,2.192686,1.830926,-266.294764,0
2026-03-02,sz.002054,11.5700000000,12.0000000000,10.8200000000,11.4800000000,11.5300000000,90659671,1037632610.4200,2,23.586200,1,-0.433700,61.945379,2.183177,1.822986,-265.139973,0
2026-03-03,sz.002054,11.5700000000,11.5700000000,10.3300000000,10.3300000000,11.4800000000,48670761,515415449.4800,2,12.662300,1,-10.017400,55.740049,1.964479,1.640370,-238.579784,0
2026-03-04,sz.002054,9.3600000000,9.8100000000,9.3000000000,9.6500000000,10.3300000000,63061651,603965826.9000,2,16.406300,1,-6.582800,52.070810,1.835162,1.532388,-222.874629,0
2026-03-05,sz.002054,9.9800000000,10.2000000000,9.7100000000,9.9400000000,9.6500000000,54335078,541662498.7900,2,14.135900,1,3.005200,53.635633,1.890312,1.578439,-229.572416,0
2026-03-06,sz.002054,9.8900000000,10.0400000000,9.7100000000,9.9300000000,9.9400000000,36277459,357965289.8800,2,9.438000,1,-0.100600,53.581673,1.888410,1.576851,-229.341458,0
2026-03-09,sz.002054,9.6700000000,9.9800000000,9.5100000000,9.8600000000,9.9300000000,30362910,294773250.7500,2,7.899300,1,-0.704900,53.203958,1.875098,1.565735,-227.724751,0
2026-03-10,sz.002054,9.8700000000,9.9800000000,9.7800000000,9.8500000000,9.8600000000,23064392,227345045.6200,2,6.000500,1,-0.101400,53.149998,1.873196,1.564147,-227.493792,0
2026-03-11,sz.002054,9.7900000000,9.9700000000,9.5800000000,9.6900000000,9.8500000000,24885239,242657959.6400,2,6.474200,1,-1.624400,52.286648,1.842769,1.538740,-223.798462,0
2026-03-12,sz.002054,9.6900000000,9.7400000000,9.4000000000,9.4400000000,9.6900000000,21151527,201382043.7900,2,5.502800,1,-2.580000,50.937663,1.795226,1.499041,-218.024508,0
2026-03-13,sz.002054,9.3600000000,9.8300000000,9.3200000000,9.3400000000,9.4400000000,25992282,248528299.8500,2,6.762200,1,-1.059300,50.398069,1.776208,1.483161,-215.714926,0
2026-03-16,sz.002054,9.3400000000,9.4900000000,9.1300000000,9.2600000000,9.3400000000,19034797,176487045.1000,2,4.952100,1,-0.856500,49.966394,1.760995,1.470457,-213.867261,0
2026-03-17,sz.002054,9.2600000000,9.3600000000,9.0200000000,9.0500000000,9.2600000000,17365200,159297429.0000,2,4.517800,1,-2.267800,48.833247,1.721058,1.437110,-209.017139,0
2026-03-18,sz.002054,9.0200000000,9.1700000000,8.9500000000,9.1500000000,9.0500000000,13570873,123269773.7600,2,3.530600,1,1.105000,49.372841,1.740076,1.452990,-211.326721,0
