date,code,open,high,low,close,preclose,volume,amount,adjustflag,turn,tradestatus,pctChg,peTTM,pbMRQ,psTTM,pcfNcfTTM,isST
2023-06-26,sz.003019,18.2879928000,18.3618836800,17.9185384000,17.9462474800,18.3618836800,1747456,34259413.9900,2,1.556100,1,-2.263600,13.183204,2.019909,1.888340,-69.282428,0
2023-06-27,sz.003019,17.9647202000,18.4450109200,17.9185384000,18.4173018400,17.9462474800,1088548,21532120.9400,2,0.969300,1,2.624800,13.529238,2.072928,1.937905,-71.100958,0
2023-06-28,sz.003019,18.4727200000,18.4727200000,17.7615202800,18.4080654800,18.4173018400,1896998,37236253.2900,2,1.689200,1,-0.050200,13.522453,2.071888,1.936933,-71.065300,0
2023-06-29,sz.003019,18.2879928000,18.7036290000,18.2602837200,18.6205017600,18.4080654800,1629670,32739959.2700,2,1.451200,1,1.154000,13.678507,2.095798,1.959286,-71.885422,0
2023-06-30,sz.003019,18.6297381200,19.0084288800,18.5835563200,18.9345380000,18.6205017600,2193141,44778792.9300,2,1.950300,1,1.686500,13.922288,2.133150,1.994205,-73.166578,0
2023-07-03,sz.003019,18.9160652800,19.1746833600,18.7498108000,18.8144653200,18.9345380000,1866382,38115314.5600,2,1.662000,1,-0.634100,13.820991,2.117630,1.979696,-72.634228,0
2023-07-04,sz.003019,18.7590471600,19.0176652400,18.7590471600,18.9345380000,18.8144653200,1209559,24779182.6300,2,1.077100,1,0.638200,13.909196,2.131144,1.992330,-73.097775,0
2023-07-05,sz.003019,18.9530107200,19.1469742800,18.7775198800,18.8237016800,18.9345380000,1285017,26345183.5100,2,1.144300,1,-0.585400,13.827776,2.118669,1.980668,-72.669886,0
2023-07-06,sz.003019,18.8144653200,19.1377379200,18.7405744400,18.9991925200,18.8237016800,1595382,32845632.3200,2,1.420600,1,0.932300,13.956691,2.138421,1.999133,-73.347377,0
2023-07-07,sz.003019,18.9530107200,19.1839197200,18.8237016800,18.9622470800,18.9991925200,1354529,27846242.1800,2,1.206200,1,-0.194500,13.929551,2.134263,1.995246,-73.204748,0
2023-07-10,sz.003019,18.9622470800,19.0823197600,18.6482108400,18.8052289600,18.9622470800,1543728,31436782.8600,2,1.374600,1,-0.828100,13.814207,2.116590,1.978724,-72.598571,0
2023-07-11,sz.003019,18.8329380400,19.1007924800,18.6851562800,19.0915561200,18.8052289600,1777872,36570246.4200,2,1.583100,1,1.522600,14.024541,2.148817,2.008852,-73.703952,0
2023-07-12,sz.003019,19.0638470400,19.2485742400,18.8698834800,18.8883562000,19.0915561200,1371485,28317738.7400,2,1.221300,1,-1.064300,13.875271,2.125946,1.987471,-72.919488,0
2023-07-13,sz.003019,18.9345380000,19.2023924400,18.8883562000,19.1100288400,18.8883562000,1808132,37360977.9400,2,1.610100,1,1.173600,14.038111,2.150896,2.010795,-73.775267,0
2023-07-14,sz.003019,18.9991925200,19.5071923200,18.9899561600,19.4425378000,19.1100288400,2057770,43171506.9200,2,1.832400,1,1.740000,14.282370,2.188321,2.045783,-75.058935,0
2023-07-17,sz.003019,19.4517741600,19.6642104400,19.2116288000,19.4148287200,19.4425378000,1585110,33253925.2500,2,1.411500,1,-0.142500,14.262015,2.185202,2.042867,-74.951963,0
2023-07-18,sz.003019,19.4517741600,19.5533741200,19.3132287600,19.3778832800,19.4148287200,1420925,29866536.0700,2,1.265300,1,-0.190300,14.234875,2.181044,2.038980,-74.809333,0
2023-07-19,sz.003019,19.3317014800,19.5071923200,19.1285015600,19.2762833200,19.3778832800,1191431,24834292.6600,2,1.060900,1,-0.524300,14.160240,2.169609,2.028289,-74.417101,0
2023-07-20,sz.003019,19.3778832800,19.3778832800,18.8421744000,18.8791198400,19.2762833200,1498912,30888179.7600,2,1.334700,1,-2.060400,13.868486,2.124907,1.986499,-72.883830,0
2023-07-21,sz.003019,18.8421744000,19.1007924800,18.4450109200,18.5189018000,18.8791198400,1783508,36007463.1800,2,1.588200,1,-1.908000,13.603872,2.084363,1.948596,-71.493190,0
2023-07-24,sz.003019,18.4265382000,18.7221017200,18.3526473200,18.4911927200,18.5189018000,1180498,23747488.7100,2,1.051200,1,-0.149600,13.583517,2.081244,1.945680,-71.386218,0
2023-07-25,sz.003019,18.6389744800,18.8791198400,18.5743199600,18.8237016800,18.4911927200,1218551,24742395.1800,2,1.085100,1,1.798200,13.827776,2.118669,1.980668,-72.669886,0
2023-07-26,sz.003019,18.8606471200,18.8606471200,18.5743199600,18.6574472000,18.8237016800,1321783,26712217.1000,2,1.177000,1,-0.883200,13.718547,2.101933,1.965022,-72.095848,0
2023-07-27,sz.003019,18.6112654000,18.8421744000,18.4634836400,18.5373745200,18.6574472000,1650094,33314182.2600,2,1.469400,1,-0.643600,13.630260,2.088406,1.952376,-71.631865,0
2023-07-28,sz.003019,18.4727200000,18.5373745200,18.1309746800,18.3341746000,18.5373745200,1348495,26694132.1700,2,1.200800,1,-1.096200,13.468173,2.063571,1.929159,-70.780041,0
2023-07-31,sz.003019,19.1192652000,19.2116288000,18.2879928000,18.2879928000,18.3341746000,5109895,103549028.3000,2,4.550200,1,-0.251900,13.434248,2.058373,1.924299,-70.601754,0
2023-08-01,sz.003019,18.2510473600,18.2695200800,17.6137385200,17.6137385200,18.2879928000,4438321,85583034.7400,2,3.952200,1,-3.686900,12.938945,1.982484,1.853353,-67.998760,0
2023-08-02,sz.003019,17.6783930400,17.6876294000,17.5029022000,17.5767930800,17.6137385200,1755126,33390403.7200,2,1.562900,1,-0.209800,12.923958,1.980188,1.851206,-67.919999,0
2023-08-03,sz.003019,17.4936658400,17.6506839600,17.3920658800,17.4290113200,17.5767930800,1766860,33480554.7400,2,1.573300,1,-0.840800,12.803245,1.961692,1.833915,-67.285611,0
2023-08-04,sz.003019,17.4290113200,17.5860294400,17.3366477200,17.4936658400,17.4290113200,1695877,32090612.0300,2,1.510100,1,0.371000,12.850740,1.968969,1.840719,-67.535213,0
2023-08-07,sz.003019,17.4567204000,17.5583203600,17.3920658800,17.4474840400,17.4936658400,1151921,21783760.6000,2,1.025800,1,-0.264000,12.816815,1.963771,1.835859,-67.356926,0
2023-08-08,sz.003019,17.4936658400,17.5490840000,17.4290113200,17.5213749200,17.4474840400,1095861,20738844.3100,2,0.975800,1,0.423500,12.871095,1.972088,1.843634,-67.642185,0
2023-08-09,sz.003019,17.5213749200,17.5213749200,17.1888659600,17.2073386800,17.5213749200,1757809,32907709.0400,2,1.565300,1,-1.792300,12.640406,1.936742,1.810591,-66.429832,0
2023-08-10,sz.003019,17.1611568800,17.3828295200,17.0965023600,17.3458840800,17.2073386800,1058968,19823501.5200,2,0.943000,1,0.805200,12.742181,1.952336,1.825169,-66.964694,0
2023-08-11,sz.003019,17.3920658800,17.4290113200,17.2165750400,17.2350477600,17.3458840800,1091277,20479676.1600,2,0.971700,1,-0.639000,12.660761,1.939861,1.813506,-66.536804,0
2023-08-14,sz.003019,17.0965023600,17.2997022800,16.9487206000,17.2165750400,17.2350477600,1209615,22407535.3400,2,1.077100,1,-0.107200,12.647191,1.937782,1.811562,-66.465489,0
2023-08-15,sz.003019,17.2073386800,17.3181750000,16.9949024000,17.0687932800,17.2165750400,917729,17039336.5100,2,0.817200,1,-0.858400,12.538631,1.921148,1.796013,-65.894970,0
2023-08-16,sz.003019,17.0133751200,17.1426841600,16.9117751600,16.9210115200,17.0687932800,723211,13317370.6800,2,0.644000,1,-0.865800,12.430072,1.904515,1.780463,-65.324451,0
2023-08-17,sz.003019,16.9025388000,17.1888659600,16.7732297600,17.1519205200,16.9210115200,1069595,19728778.4200,2,0.952400,1,1.364600,12.599696,1.930505,1.804759,-66.215887,0
2023-08-18,sz.003019,17.1242114400,17.3089386400,16.9949024000,16.9949024000,17.1519205200,1102740,20477858.3800,2,0.982000,1,-0.915500,12.484352,1.912832,1.788238,-65.609710,0
2023-08-21,sz.003019,17.0780296400,17.1057387200,16.9025388000,16.9025388000,16.9949024000,934345,17201522.1800,2,0.832000,1,-0.543500,12.416502,1.902436,1.778519,-65.253136,0
2023-08-22,sz.003019,17.0133751200,17.0965023600,16.4407208000,16.8471206400,16.9025388000,2005888,36225036.7600,2,1.786200,1,-0.327900,12.375792,1.896199,1.772688,-65.039191,0
2023-08-23,sz.003019,16.7917024800,16.9210115200,16.6439207200,16.6716298000,16.8471206400,920170,16695195.7100,2,0.819400,1,-1.041700,12.246878,1.876446,1.754222,-64.361700,0
2023-08-24,sz.003019,16.6716298000,16.8378842800,16.4961389600,16.6162116400,16.6716298000,1081611,19541113.7500,2,0.963100,1,-0.332400,12.206168,1.870209,1.748391,-64.147755,0
2023-08-25,sz.003019,16.5515571200,16.6254480000,16.0620300400,16.0897391200,16.6162116400,1684507,29792165.9900,2,1.500000,1,-3.168400,11.819424,1.810953,1.692995,-62.115280,0
2023-08-28,sz.003019,16.7362843200,16.8933024400,16.2005754400,16.2652299600,16.0897391200,2571231,46275092.2200,2,2.289600,1,1.090700,11.948339,1.830705,1.711460,-62.792772,0
2023-08-29,sz.003019,16.3668299200,17.0410842000,16.2929390400,17.0318478400,16.2652299600,2293305,41714575.8600,2,2.038200,1,4.713200,14.651905,2.002185,2.002316,15.878718,0
2023-08-30,sz.003019,17.0226114800,17.6783930400,17.0226114800,17.5952658000,17.0318478400,3087411,58360569.0600,2,2.744000,1,3.308000,15.136594,2.068418,2.068554,16.403990,0
2023-08-31,sz.003019,17.5398476400,17.6876294000,17.3458840800,17.5121385600,17.5952658000,1401060,26567262.4900,2,1.245200,1,-0.472400,15.065082,2.058646,2.058781,16.326491,0
2023-09-01,sz.003019,17.6137385200,17.9093020400,17.4013022400,17.6876294000,17.5121385600,2546540,48752077.5800,2,2.263300,1,1.002100,15.216051,2.079276,2.079412,16.490100,0
2023-09-04,sz.003019,17.4751931200,17.8261748000,17.3828295200,17.6229748800,17.6876294000,2043366,38769655.6500,2,1.816100,1,-0.365500,15.160431,2.071675,2.071811,16.429823,0
2023-09-05,sz.003019,17.6229748800,17.8631202400,17.5490840000,17.7430475600,17.6229748800,2348791,45170316.1900,2,2.087500,1,0.681300,15.263725,2.085791,2.085927,16.541766,0
2023-09-06,sz.003019,17.6414476000,18.0570838000,17.5952658000,17.9554838400,17.7430475600,1712187,33125064.0600,2,1.521700,1,1.197300,15.446477,2.110764,2.110902,16.739820,0
2023-09-07,sz.003019,17.9554838400,18.0663201600,17.7338112000,17.7707566400,17.9554838400,2018344,39168897.6200,2,1.793800,1,-1.028800,15.287563,2.089048,2.089185,16.567599,0
2023-09-08,sz.003019,17.7984657200,18.0386110800,17.7338112000,18.0016656400,17.7707566400,1417852,27496955.1900,2,1.260100,1,1.299400,15.486206,2.116193,2.116331,16.782875,0
2023-09-11,sz.003019,18.0478474400,18.8237016800,17.8261748000,18.2602837200,18.0016656400,3714242,73592010.2400,2,3.301100,1,1.436600,15.708686,2.146595,2.146735,17.023983,0
2023-09-12,sz.003019,18.2879928000,18.4634836400,17.8446475200,18.1586837600,18.2602837200,2685736,52565267.4800,2,2.387000,1,-0.556400,15.621283,2.134651,2.134791,16.929262,0
2023-09-13,sz.003019,18.5281381600,18.5281381600,17.9000656800,18.1679201200,18.1586837600,2597055,51091367.0900,2,2.308200,1,0.050900,15.629228,2.135737,2.135877,16.937873,0
2023-09-14,sz.003019,18.1494474000,18.3341746000,17.8077020800,17.9277747600,18.1679201200,1656452,32233959.6600,2,1.472200,1,-1.321800,15.422640,2.107506,2.107644,16.713987,0
2023-09-15,sz.003019,17.9277747600,17.9924292800,17.6414476000,17.6783930400,17.9277747600,1551073,29889373.5900,2,1.378500,1,-1.391000,15.208105,2.078190,2.078326,16.481489,0
2023-09-18,sz.003019,17.6599203200,17.9370111200,17.5213749200,17.7430475600,17.6783930400,1710550,32869418.7100,2,1.520300,1,0.365700,15.263725,2.085791,2.085927,16.541766,0
2023-09-19,sz.003019,17.7522839200,17.8538838800,17.4290113200,17.4474840400,17.7430475600,1117598,21245381.0000,2,0.993300,1,-1.665800,15.009462,2.051046,2.051180,16.266214,0
2023-09-20,sz.003019,17.3735931600,17.7799930000,17.3643568000,17.4382476800,17.4474840400,1131113,21499100.8200,2,1.005300,1,-0.052900,15.001517,2.049960,2.050094,16.257603,0
2023-09-21,sz.003019,17.4567204000,17.6137385200,17.3643568000,17.4290113200,17.4382476800,958256,18091622.2200,2,0.851700,1,-0.053000,14.993571,2.048874,2.049008,16.248992,0
2023-09-22,sz.003019,17.3735931600,17.8723566000,17.3551204400,17.8446475200,17.4290113200,933348,17854080.0400,2,0.829500,1,2.384700,15.351128,2.097734,2.097872,16.636488,0
2023-09-25,sz.003019,17.8261748000,18.1679201200,17.7522839200,18.0847928800,17.8446475200,1536235,29947840.6800,2,1.365300,1,1.345800,15.557717,2.125965,2.126104,16.860374,0
2023-09-26,sz.003019,17.9924292800,18.0847928800,17.8077020800,17.9185384000,18.0847928800,844855,16366137.0800,2,0.750900,1,-0.919300,15.414694,2.106421,2.106559,16.705376,0
2023-09-27,sz.003019,17.9277747600,18.5004290800,17.7522839200,18.2233382800,17.9185384000,2782798,54813696.0600,2,2.473200,1,1.701000,15.676903,2.142251,2.142392,16.989539,0
2023-09-28,sz.003019,18.0109020000,18.3803564000,17.4105386000,18.2602837200,18.2233382800,5032482,97471608.6000,2,4.472700,1,0.202700,15.708686,2.146595,2.146735,17.023983,0
2023-10-09,sz.003019,18.2972291600,18.5835563200,17.9924292800,18.0663201600,18.2602837200,2477833,48780392.8300,2,2.202200,1,-1.062200,15.541826,2.123793,2.123932,16.843152,0
2023-10-10,sz.003019,18.1956292000,18.3803564000,18.0663201600,18.1863928400,18.0663201600,1622968,31954709.8900,2,1.442400,1,0.664600,15.645120,2.137908,2.138048,16.955095,0
2023-10-11,sz.003019,18.1863928400,18.7590471600,18.1863928400,18.6851562800,18.1863928400,3525440,70833656.0800,2,3.133300,1,2.742500,16.074189,2.196541,2.196685,17.420090,0
2023-10-12,sz.003019,18.7221017200,20.0890830000,18.7221017200,19.5349014000,18.6851562800,8000085,169917257.8400,2,7.110100,1,4.547700,16.805195,2.296433,2.296583,18.212304,0
2023-10-13,sz.003019,19.3778832800,19.5349014000,19.2208651600,19.3871196400,19.5349014000,3894565,81549525.7700,2,3.461300,1,-0.756500,16.678063,2.279060,2.279209,18.074528,0
2023-10-16,sz.003019,19.0730834000,19.4794832400,19.0638470400,19.1654470000,19.3871196400,2448320,50940141.1200,2,2.176000,1,-1.143400,16.487366,2.253001,2.253149,17.867863,0
2023-10-17,sz.003019,19.0730834000,19.6457377200,19.0730834000,19.3963560000,19.1654470000,3038633,63736454.5800,2,2.700600,1,1.204800,16.686009,2.280146,2.280295,18.083139,0
2023-10-18,sz.003019,19.3594105600,19.3963560000,18.8883562000,18.9530107200,19.3963560000,2012279,41529734.7800,2,1.788400,1,-2.285700,16.304615,2.228028,2.228174,17.669810,0
2023-10-19,sz.003019,18.8883562000,19.1100288400,18.6574472000,18.7498108000,18.9530107200,1773619,36253116.2100,2,1.576300,1,-1.072100,16.129809,2.204141,2.204286,17.480367,0
2023-10-20,sz.003019,18.7128653600,19.0546106800,18.3434109600,18.4080654800,18.7498108000,2207234,44586289.0200,2,1.961700,1,-1.822700,15.835817,2.163967,2.164109,17.161760,0
2023-10-23,sz.003019,18.2879928000,18.4634836400,17.9000656800,18.0201383600,18.4080654800,1764222,34595921.3300,2,1.568000,1,-2.107400,15.502097,2.118364,2.118503,16.800097,0
2023-10-24,sz.003019,18.0201383600,18.9899561600,17.9093020400,18.8975925600,18.0201383600,2875777,58081548.8500,2,2.555900,1,4.869300,16.256940,2.221514,2.221659,17.618144,0
2023-10-25,sz.003019,19.0269016000,19.0915561200,18.6112654000,18.9345380000,18.8975925600,2185580,44729419.5200,2,1.942500,1,0.195500,16.288723,2.225857,2.226003,17.652588,0
2023-10-26,sz.003019,18.7590471600,19.3594105600,18.6851562800,19.2670469600,18.9345380000,1751230,36189408.2400,2,1.556400,1,1.756100,16.574769,2.264945,2.265093,17.962584,0
2023-10-27,sz.003019,19.4148287200,20.5786100800,19.1746833600,20.1260284400,19.2670469600,6072416,131822312.2900,2,5.390100,1,4.458300,17.328827,2.367987,2.368142,18.779781,0
2023-10-30,sz.003019,19.9228285200,19.9505376000,18.6574472000,19.6087922800,20.1260284400,5809265,122320317.3000,2,5.156500,1,-2.570000,21.176554,2.248394,2.553677,14.630644,0
2023-10-31,sz.003019,19.7473376800,20.0336648400,19.4887196000,19.5164286800,19.6087922800,3102833,66221770.2800,2,2.754200,1,-0.471000,21.076806,2.237803,2.541649,14.561729,0
2023-11-01,sz.003019,19.5164286800,19.6087922800,19.2670469600,19.2947560400,19.5164286800,1851220,38870444.1700,2,1.643200,1,-1.135800,20.837410,2.212386,2.512780,14.396333,0
2023-11-02,sz.003019,19.2947560400,19.4794832400,19.0823197600,19.1007924800,19.2947560400,1812671,37781522.8200,2,1.609000,1,-1.005300,20.627939,2.190145,2.487520,14.251611,0
2023-11-03,sz.003019,19.1007924800,19.6272650000,19.0453743200,19.5349014000,19.1007924800,2533458,53389677.5900,2,2.248800,1,2.272700,21.096756,2.239921,2.544055,14.575512,0
2023-11-06,sz.003019,19.7935194800,19.8304649200,19.3963560000,19.7658104000,19.5349014000,3357886,71425699.6000,2,2.980600,1,1.182000,21.346126,2.266398,2.574126,14.747799,0
2023-11-07,sz.003019,19.6919195200,20.4123556000,19.6272650000,20.2645738400,19.7658104000,4303268,93639703.3600,2,3.819700,1,2.523400,21.884767,2.323588,2.639081,15.119940,0
2023-11-08,sz.003019,20.1722102400,20.3846465200,20.0151921200,20.3107556400,20.2645738400,2628423,57526736.7400,2,2.333100,1,0.227900,21.934641,2.328883,2.645095,15.154397,0
2023-11-09,sz.003019,20.3015192800,20.3569374400,19.9505376000,20.0059557600,20.3107556400,1537739,33440820.1300,2,1.365000,1,-1.500700,21.605472,2.293934,2.605401,14.926978,0
2023-11-10,sz.003019,19.9135921600,20.1722102400,19.8304649200,19.9043558000,20.0059557600,1236758,26739384.1200,2,1.097800,1,-0.507800,21.495749,2.282284,2.592169,14.851171,0
2023-11-13,sz.003019,19.9320648800,20.1629738800,19.7288649600,20.0059557600,19.9043558000,1873119,40584372.4500,2,1.662600,1,0.510400,21.605472,2.293934,2.605401,14.926978,0
2023-11-14,sz.003019,20.0429012000,20.2276284000,19.9228285200,20.1629738800,20.0059557600,1846512,40223502.8200,2,1.639000,1,0.784900,21.775044,2.311938,2.625849,15.044133,0
2023-11-15,sz.003019,20.2276284000,20.3292283600,20.0151921200,20.1075557200,20.1629738800,1566267,34145427.9300,2,1.390300,1,-0.274900,21.715195,2.305583,2.618632,15.002784,0
2023-11-16,sz.003019,19.9690103200,20.4031192400,19.8581740000,20.0983193600,20.1075557200,2990617,65461662.5800,2,2.653200,1,-0.045900,21.717342,2.305811,2.618891,15.004268,0
2023-11-17,sz.003019,20.0521375600,22.1118458400,20.0429012000,21.4468279200,20.0983193600,15966804,373391577.1800,2,14.165500,1,6.709600,23.174480,2.460521,2.794607,16.010988,0
2023-11-20,sz.003019,21.4653006400,21.5669006000,20.7448645600,20.9573008400,21.4468279200,12609330,286845721.3500,2,7.735800,1,-2.282500,22.645519,2.404359,2.730820,15.645535,0
2023-11-21,sz.003019,21.0034826400,21.0589008000,20.2183920400,20.4215919600,20.9573008400,7041461,156122479.5400,2,4.319900,1,-2.556200,22.066656,2.342899,2.661015,15.245605,0
2023-11-22,sz.003019,20.3015192800,20.6155555200,20.0983193600,20.2645738400,20.4215919600,3464634,76388230.3800,2,2.125500,1,-0.768900,21.896989,2.324885,2.640555,15.128384,0
2023-11-23,sz.003019,20.1814466000,20.6432646000,20.1167920800,20.5693737200,20.2645738400,4134090,91685384.5300,2,2.536200,1,1.504100,22.226342,2.359854,2.680271,15.355930,0
2023-11-24,sz.003019,20.5970828000,20.6709736800,19.9413012400,19.9505376000,20.5693737200,3667805,79796371.0100,2,2.250200,1,-3.008500,21.557655,2.288857,2.599634,14.893942,0
2023-11-27,sz.003019,19.8674103600,20.2368647600,19.8489376400,20.1075557200,19.9505376000,2994308,65157908.3500,2,1.837000,1,0.787000,21.727322,2.306871,2.620094,15.011163,0
2023-11-28,sz.003019,20.1167920800,20.8095190800,20.1167920800,20.6063191600,20.1075557200,3112417,69265242.5300,2,1.909400,1,2.480500,22.266264,2.364092,2.685085,15.383512,0
2023-11-29,sz.003019,20.5970828000,20.6802100400,20.3938828800,20.4493010400,20.6063191600,2063765,45798424.1800,2,1.266100,1,-0.762000,22.096597,2.346078,2.664625,15.266291,0
2023-11-30,sz.003019,20.4585374000,20.4862464800,19.8027558400,20.0613739200,20.4493010400,3148273,68235538.5400,2,1.931400,1,-1.897000,21.677420,2.301573,2.614077,14.976686,0
2023-12-01,sz.003019,20.0706102800,20.1075557200,19.7196286000,20.0059557600,20.0613739200,1951058,42160586.2800,2,1.197000,1,-0.276200,21.617538,2.295215,2.606856,14.935314,0
2023-12-04,sz.003019,20.0890830000,20.2276284000,19.8766467200,20.1167920800,20.0059557600,1708136,37182262.7900,2,1.047900,1,0.554000,21.737303,2.307931,2.621298,15.018058,0
2023-12-05,sz.003019,20.0429012000,20.0429012000,19.6919195200,19.7011558800,20.1167920800,1692783,36313701.4400,2,1.038500,1,-2.066100,21.288185,2.260246,2.567139,14.707768,0
2023-12-06,sz.003019,19.6826831600,19.8951194400,19.5903195600,19.6549740800,19.7011558800,1380554,29497607.1400,2,0.847000,1,-0.234400,21.238283,2.254948,2.561121,14.673291,0
2023-12-07,sz.003019,19.7381013200,21.6223187600,19.5718468400,20.6340282400,19.6549740800,8499649,190216650.3400,2,5.214500,1,4.981200,22.296205,2.367271,2.688696,15.404198,0
2023-12-08,sz.003019,20.4215919600,20.8002827200,19.6919195200,19.8489376400,20.6340282400,8051689,174660471.6800,2,4.939700,1,-3.804800,21.447871,2.277201,2.586396,14.818093,0
2023-12-11,sz.003019,19.6826831600,20.4954828400,19.5718468400,20.3938828800,19.8489376400,5369069,116509397.1500,2,3.293900,1,2.745500,22.036714,2.339720,2.657404,15.224919,0
2023-12-12,sz.003019,20.3199920000,20.7541009200,20.1445011600,20.4308283200,20.3938828800,3369865,74544122.1600,2,2.067400,1,0.181200,22.076636,2.343959,2.662218,15.252500,0
2023-12-13,sz.003019,20.4862464800,20.5416646400,20.0613739200,20.1906829600,20.4308283200,1819298,39815182.5900,2,1.116100,1,-1.175400,21.817146,2.316408,2.630926,15.073221,0
2023-12-14,sz.003019,20.2738102000,20.3569374400,19.9505376000,20.0151921200,20.1906829600,1569203,34199809.4200,2,0.962700,1,-0.869200,21.627518,2.296275,2.608059,14.942210,0
2023-12-15,sz.003019,20.0151921200,20.4308283200,19.8951194400,20.0244284800,20.0151921200,1776996,38733116.2800,2,1.090200,1,0.046100,21.637499,2.297334,2.609263,14.949105,0
2023-12-18,sz.003019,19.9967194000,19.9967194000,19.4887196000,19.5533741200,20.0244284800,2013105,42907651.8500,2,1.235000,1,-2.352400,21.128498,2.243292,2.547882,14.597442,0
2023-12-19,sz.003019,19.6549740800,20.0336648400,19.5071923200,19.9505376000,19.5533741200,1574829,33713080.8400,2,0.966100,1,2.031200,21.557655,2.288857,2.599634,14.893942,0
2023-12-20,sz.003019,20.0336648400,20.6432646000,19.7750467600,20.1445011600,19.9505376000,3140238,69256419.9400,2,1.926500,1,0.972200,21.767244,2.311110,2.624909,15.038744,0
2023-12-21,sz.003019,20.0336648400,20.1906829600,19.6365013600,20.1260284400,20.1445011600,2082298,44933694.0100,2,1.277500,1,-0.091700,21.747283,2.308990,2.622502,15.024954,0
2023-12-22,sz.003019,20.1260284400,20.1260284400,19.3501742000,19.4610105200,20.1260284400,2694275,57422117.7300,2,1.652900,1,-3.304300,21.028694,2.232695,2.535847,14.528489,0
2023-12-25,sz.003019,19.4887196000,20.0983193600,19.3224651200,19.9320648800,19.4610105200,2770051,59356328.4800,2,1.699400,1,2.420500,21.537695,2.286738,2.597227,14.880151,0
2023-12-26,sz.003019,19.8858830800,19.9967194000,19.3501742000,19.7658104000,19.9320648800,3520967,75046731.5100,2,2.160100,1,-0.834100,21.358047,2.267664,2.575564,14.756035,0
2023-12-27,sz.003019,19.6734468000,20.2830465600,19.2670469600,20.1999193200,19.7658104000,4431090,95708722.3700,2,2.718400,1,2.196300,21.827126,2.317468,2.632130,15.080116,0
2023-12-28,sz.003019,20.1167920800,20.2276284000,19.4517741600,20.1260284400,20.1999193200,3948044,85383863.1600,2,2.422100,1,-0.365800,21.747283,2.308990,2.622502,15.024954,0
2023-12-29,sz.003019,20.0798466400,20.9295917600,20.0798466400,20.8741736000,20.1260284400,5332344,119692909.0700,2,3.271400,1,3.717300,22.555695,2.394823,2.719988,15.583477,0
2024-01-02,sz.003019,20.9665372000,21.5207188000,20.7448645600,21.2898098000,20.8741736000,7182085,165282775.8400,2,4.406200,1,1.991200,23.004813,2.442507,2.774147,15.893767,0
2024-01-03,sz.003019,21.0866098800,21.4283552000,20.6525009600,20.9203554000,21.2898098000,4763302,107789317.7000,2,2.922300,1,-1.735400,22.633842,2.403120,2.729412,15.637468,0
2024-01-04,sz.003019,21.0681371600,21.2066825600,20.5970828000,20.6432646000,20.9203554000,4264331,96134332.1700,2,2.616100,1,-1.324500,22.306185,2.368331,2.689899,15.411093,0
2024-01-05,sz.003019,20.6432646000,20.7171554800,20.0151921200,20.3015192800,20.6432646000,4308169,94895072.7700,2,2.643000,1,-1.655500,21.936910,2.329124,2.645369,15.155965,0
2024-01-08,sz.003019,20.1445011600,20.1814466000,19.3963560000,19.4148287200,20.3015192800,3597489,76731472.6200,2,2.207000,1,-4.367600,20.978792,2.227397,2.529829,14.494012,0
2024-01-09,sz.003019,19.5718468400,19.8858830800,19.3501742000,19.5810832000,19.4148287200,2706685,57556567.6700,2,1.660500,1,0.856300,21.158440,2.246471,2.551493,14.618128,0
2024-01-10,sz.003019,19.5071923200,19.5071923200,18.9622470800,19.0546106800,19.5810832000,2361585,49051156.1500,2,1.448800,1,-2.688700,20.589557,2.186070,2.482892,14.225094,0
2024-01-11,sz.003019,18.9345380000,19.5071923200,18.9345380000,19.4333014400,19.0546106800,1710276,35810587.5000,2,1.049200,1,1.987400,20.998753,2.229516,2.532236,14.507803,0
2024-01-12,sz.003019,19.4425378000,19.5256650400,18.8698834800,18.9899561600,19.4333014400,2878560,59482843.2300,2,1.766000,1,-2.281400,20.519694,2.178653,2.474467,14.176826,0
2024-01-15,sz.003019,19.0269016000,19.2116288000,18.6851562800,19.1377379200,18.9899561600,2127777,43859834.9500,2,1.305400,1,0.778200,20.679381,2.195607,2.493723,14.287152,0
2024-01-16,sz.003019,19.2023924400,19.2023924400,18.8237016800,19.0730834000,19.1377379200,1502833,30935949.5700,2,0.922000,1,-0.337800,20.609518,2.188190,2.485299,14.238885,0
2024-01-17,sz.003019,19.1007924800,19.1007924800,18.5096654400,18.5466108800,19.0730834000,1337037,27275234.9900,2,0.820300,1,-2.760300,20.040635,2.127789,2.416697,13.845850,0
2024-01-18,sz.003019,18.4727200000,18.5927926800,17.6322112400,18.1679201200,18.5466108800,3220924,62773842.6200,2,1.976000,1,-2.041800,19.631439,2.084343,2.367352,13.563141,0
2024-01-19,sz.003019,18.1494474000,18.2141019200,17.8723566000,17.9462474800,18.1679201200,1575288,30703398.9200,2,0.966400,1,-1.220100,19.391909,2.058912,2.338467,13.397653,0
2024-01-22,sz.003019,17.9739565600,18.0940292400,16.7732297600,16.9671933200,17.9462474800,2968653,56137154.0700,2,1.821300,1,-5.455500,18.333987,1.946588,2.210893,12.666746,0
2024-01-23,sz.003019,16.8101752000,17.2258114000,16.2652299600,16.7362843200,16.9671933200,3010786,53984773.6400,2,1.847100,1,-1.360900,18.084478,1.920097,2.180804,12.494363,0
2024-01-24,sz.003019,16.7455206800,16.9302478800,15.9789028000,16.6439207200,16.7362843200,2435038,43350023.5300,2,1.493900,1,-0.551900,18.007145,1.911886,2.171479,12.440934,0
2024-01-25,sz.003019,16.8101752000,17.7984657200,16.6069752800,17.7338112000,16.6439207200,3388771,63423952.1800,2,2.079000,1,6.548300,19.162360,2.034539,2.310786,13.239060,0
2024-01-26,sz.003019,17.6876294000,17.9185384000,17.5306112800,17.6229748800,17.7338112000,1928309,37005875.0600,2,1.183000,1,-0.625000,19.042596,2.021824,2.296344,13.156316,0
2024-01-29,sz.003019,17.5583203600,17.7892293600,16.7732297600,16.9487206000,17.6229748800,2466653,45552637.0700,2,1.513300,1,-3.826000,18.314027,1.944469,2.208486,12.652955,0
2024-01-30,sz.003019,16.7455206800,16.9579569600,16.1636300000,16.3114117600,16.9487206000,2218366,39851625.8600,2,1.361000,1,-3.760200,17.625379,1.871352,2.125442,12.177177,0
2024-01-31,sz.003019,16.2744663200,16.4776662400,15.4709030000,15.5725029600,16.3114117600,3336322,57107203.5100,2,2.046800,1,-4.530000,16.826948,1.786580,2.029159,11.625549,0
2024-02-01,sz.003019,15.4247212000,15.6094484000,14.8243578000,15.4062484800,15.5725029600,2437038,40255421.5800,2,1.495100,1,-1.067600,16.647301,1.767506,2.007495,11.501433,0
2024-02-02,sz.003019,15.4062484800,15.6741029200,13.8637763600,14.5472670000,15.4062484800,3500398,55702955.7300,2,2.147500,1,-5.575500,15.719124,1.668958,1.895567,10.860166,0
2024-02-05,sz.003019,14.5657397200,14.9167214000,13.5127946800,14.4087216000,14.5472670000,5143541,79610482.1100,2,3.155500,1,-0.952400,15.588872,1.655129,1.879860,10.770176,0
2024-02-06,sz.003019,14.1223944400,15.8495937600,13.6882855200,15.5632666000,14.4087216000,6510267,105503417.2000,2,3.994000,1,8.012800,16.816967,1.785520,2.027956,11.618654,0
2024-02-07,sz.003019,15.4709030000,15.8403574000,14.7042851200,15.0552668000,15.5632666000,5137044,84604084.3100,2,3.151500,1,-3.264100,16.268046,1.727239,1.961761,11.239410,0
2024-02-08,sz.003019,15.0552668000,16.5607934800,14.4733761200,16.5607934800,15.0552668000,7533569,129313055.5000,2,4.621800,1,10.000000,17.894850,1.899963,2.157937,12.363351,0
2024-02-19,sz.003019,16.7178116000,17.4382476800,16.6254480000,16.9764296800,16.5607934800,4957062,91513675.9700,2,3.041100,1,2.509800,18.343968,1.947648,2.212096,12.673642,0
2024-02-20,sz.003019,16.7455206800,16.8933024400,16.4776662400,16.7917024800,16.9764296800,2540173,45820558.5800,2,1.558400,1,-1.088100,18.144360,1.926455,2.188026,12.535735,0
2024-02-21,sz.003019,17.5490840000,18.3618836800,17.4105386000,17.5490840000,16.7917024800,6787759,131224685.4300,2,4.156600,1,4.510500,18.993700,2.016632,2.290447,13.122534,0
2024-02-22,sz.003019,17.2719932000,17.9647202000,17.1888659600,17.8908293200,17.5490840000,2929393,55982934.3800,2,1.793900,1,1.947400,19.363578,2.055903,2.335051,13.378079,0
2024-02-23,sz.003019,17.8908293200,18.3157018800,17.6876294000,18.0940292400,17.8908293200,4040968,78816626.1600,2,2.474600,1,1.135800,19.583505,2.079254,2.361572,13.530024,0
2024-02-26,sz.003019,18.0940292400,18.5466108800,17.9924292800,18.0847928800,18.0940292400,3239616,63990365.2700,2,1.983800,1,-0.051000,19.573508,2.078193,2.360366,13.523117,0
2024-02-27,sz.003019,18.4727200000,19.6549740800,18.4727200000,19.0269016000,18.0847928800,5467758,113217981.3600,2,3.348300,1,5.209400,20.593170,2.186454,2.483327,14.227590,0
2024-02-28,sz.003019,18.8606471200,19.2670469600,17.5583203600,17.5583203600,19.0269016000,5907297,118227909.6300,2,3.617500,1,-7.718400,19.003697,2.017694,2.291653,13.129441,0
2024-02-29,sz.003019,17.5675567200,19.2670469600,17.4936658400,19.1192652000,17.5583203600,5497523,109714213.3400,2,3.366500,1,8.890100,20.693137,2.197068,2.495382,14.296656,0
2024-03-01,sz.003019,18.9437743600,19.6272650000,18.9437743600,19.1746833600,19.1192652000,4826365,100694203.4600,2,2.955500,1,0.289900,20.753117,2.203436,2.502615,14.338096,0
2024-03-04,sz.003019,19.0546106800,19.0546106800,18.4634836400,18.9160652800,19.1746833600,3723129,75282838.6500,2,2.279900,1,-1.348700,20.473210,2.173717,2.468861,14.144711,0
2024-03-05,sz.003019,18.7313380800,19.0730834000,18.5004290800,18.6759199200,18.9160652800,2400795,48853289.8100,2,1.470200,1,-1.269500,20.213296,2.146121,2.437518,13.965139,0
2024-03-06,sz.003019,18.7959926000,18.8421744000,18.3341746000,18.7128653600,18.6759199200,2808513,56617828.8500,2,1.719800,1,0.197800,20.253283,2.150367,2.442340,13.992766,0
2024-03-07,sz.003019,18.7036290000,18.9345380000,18.3618836800,18.3803564000,18.7128653600,2574164,51875276.6800,2,1.576300,1,-1.776900,19.893402,2.112157,2.398942,13.744128,0
2024-03-08,sz.003019,18.4542472800,18.6574472000,18.2418110000,18.5650836000,18.3803564000,2776965,55521109.2300,2,1.700500,1,1.005000,20.093336,2.133385,2.423052,13.882260,0
2024-03-11,sz.003019,18.4727200000,18.6851562800,18.3157018800,18.5466108800,18.5650836000,2805288,56109287.5400,2,1.717900,1,-0.099500,20.073342,2.131262,2.420641,13.868447,0
2024-03-12,sz.003019,18.5835563200,19.3409378400,18.5835563200,19.1377379200,18.5466108800,3377247,69761364.9100,2,2.068100,1,3.187300,20.713130,2.199191,2.497793,14.310469,0
2024-03-13,sz.003019,19.1654470000,20.0890830000,19.1377379200,19.7196286000,19.1377379200,5601788,119885610.9700,2,3.430400,1,3.040500,21.342921,2.266058,2.573740,14.745585,0
2024-03-14,sz.003019,19.5718468400,19.6734468000,19.1100288400,19.3501742000,19.7196286000,2580675,54201524.9000,2,1.580300,1,-1.873500,20.943054,2.223602,2.525520,14.469321,0
2024-03-15,sz.003019,19.3039924000,19.7196286000,19.2670469600,19.6365013600,19.3501742000,2122434,44795686.2700,2,1.299700,1,1.479700,21.252951,2.256505,2.562890,14.683425,0
2024-03-18,sz.003019,19.7658104000,21.6038460400,19.4148287200,21.6038460400,19.6365013600,15985123,368113026.9200,2,9.788800,1,10.018800,23.382245,2.482580,2.819661,16.154531,0
2024-03-19,sz.003019,21.6869732800,23.7651542800,21.4375915600,23.7651542800,21.6038460400,23865454,591501237.3100,2,14.614500,1,10.004300,25.721469,2.730945,3.101748,17.770674,0
2024-03-20,sz.003019,23.5527180000,24.3100995200,22.8784637200,23.2202090400,23.7651542800,23153555,585723068.6600,2,14.178500,1,-2.293000,25.131665,2.668323,3.030624,17.363185,0
2024-03-21,sz.003019,22.6198456400,23.1647908800,21.9825368000,22.7676274000,23.2202090400,15797625,385500993.7900,2,9.674000,1,-1.949100,24.641827,2.616315,2.971554,17.024762,0
2024-03-22,sz.003019,22.6106092800,22.7029728800,21.5022460800,22.0471913200,22.7676274000,9578205,228650719.7200,2,5.865400,1,-3.164300,23.862086,2.533527,2.877525,16.486047,0
2024-03-25,sz.003019,22.0010095200,22.5736638400,21.2159189200,21.2621007200,22.0471913200,9910799,235454123.2100,2,6.069100,1,-3.561000,23.012368,2.443309,2.775058,15.898986,0
2024-03-26,sz.003019,21.2251552800,22.3981730000,20.8095190800,21.8162823200,21.2621007200,11997348,280050475.5000,2,7.346800,1,2.606400,23.612169,2.506992,2.847388,16.313382,0
2024-03-27,sz.003019,21.4930097200,21.8162823200,20.3384647200,20.5139555600,21.8162823200,9224298,209163822.6100,2,5.648700,1,-5.969500,22.202636,2.357337,2.677413,15.339552,0
2024-03-28,sz.003019,20.3199920000,21.3914097600,20.2738102000,20.8741736000,20.5139555600,6311666,142346865.0400,2,3.865100,1,1.756000,22.592507,2.398731,2.724427,15.608909,0
2024-03-29,sz.003019,20.7725736400,20.9573008400,20.2738102000,20.6894464000,20.8741736000,3777963,84304637.4100,2,2.313500,1,-0.885000,22.392573,2.377503,2.700317,15.470777,0
2024-04-01,sz.003019,20.8926463200,21.3821734000,20.8926463200,21.2990461600,20.6894464000,5149437,118116984.7200,2,3.153400,1,2.946400,23.052354,2.447555,2.779880,15.926613,0
2024-04-02,sz.003019,21.2990461600,21.5484278800,21.0127190000,21.2528643600,21.2990461600,4603131,105949393.9600,2,2.818800,1,-0.216800,23.002371,2.442248,2.773852,15.892080,0
2024-04-03,sz.003019,21.1327916800,21.5669006000,21.0404280800,21.2528643600,21.2528643600,4565375,105368035.0500,2,2.795700,1,0.000000,23.002371,2.442248,2.773852,15.892080,0
2024-04-08,sz.003019,21.1789734800,21.5761369600,20.6894464000,20.7263918400,21.2528643600,3713834,84879071.9500,2,2.274200,1,-2.477200,22.432560,2.381749,2.705139,15.498404,0
2024-04-09,sz.003019,20.6063191600,21.4468279200,20.5047192000,21.2713370800,20.7263918400,3818211,86675330.4300,2,2.338200,1,2.629200,23.022364,2.444371,2.776263,15.905893,0
2024-04-10,sz.003019,21.1512644000,21.9363550000,21.1512644000,21.3914097600,21.2713370800,6619028,154367650.3100,2,4.053300,1,0.564500,23.152321,2.458169,2.791935,15.995679,0
2024-04-11,sz.003019,21.3359916000,22.1949730800,21.0681371600,21.7423914400,21.3914097600,6005113,142166774.8900,2,3.677400,1,1.640800,23.532195,2.498501,2.837744,16.258130,0
2024-04-12,sz.003019,21.7239187200,22.2226821600,21.5761369600,21.7146823600,21.7423914400,4164558,99108268.4200,2,2.550200,1,-0.127400,23.502205,2.495317,2.834127,16.237410,0
2024-04-15,sz.003019,21.5669006000,21.9455913600,20.8279918000,21.2898098000,21.7146823600,4680689,108138076.5700,2,2.866300,1,-1.956600,23.042358,2.446493,2.778674,15.919706,0
2024-04-16,sz.003019,20.9573008400,21.1327916800,20.2276284000,20.6432646000,21.2898098000,4370195,97300786.5800,2,2.676200,1,-3.036900,22.342590,2.372196,2.694290,15.436244,0
2024-04-17,sz.003019,20.8741736000,21.8809368400,20.7633372800,21.8809368400,20.6432646000,5030793,117068463.7800,2,3.080700,1,5.995500,23.682145,2.514422,2.855826,16.361728,0
2024-04-18,sz.003019,21.9548277200,22.6752638000,21.7701005200,22.2873366800,21.8809368400,5591822,134448988.3200,2,3.424300,1,1.857300,24.122000,2.561123,2.908868,16.665619,0
2024-04-19,sz.003019,22.3612275600,22.6845001600,21.9825368000,22.5367184000,22.2873366800,3679751,89392604.6000,2,2.253400,1,1.118900,24.391910,2.589780,2.941417,16.852097,0
2024-04-22,sz.003019,22.4443548000,23.8575178800,22.1118458400,23.3679908000,22.5367184000,5927152,148414289.5200,2,3.629600,1,3.688500,25.291612,2.685305,3.049912,17.473691,0
2024-04-23,sz.003019,23.1463181600,23.5342452800,22.6290820000,22.8415182800,23.3679908000,4014580,100006636.3700,2,2.458400,1,-2.253000,24.721801,2.624806,2.981198,17.080015,0
2024-04-24,sz.003019,22.8415182800,23.1001363600,22.4074093600,22.8045728400,22.8415182800,3101205,76018761.3100,2,1.899100,1,-0.161700,24.681814,2.620561,2.976376,17.052388,0
2024-04-25,sz.003019,22.7491546800,23.3587544400,22.5274820400,23.3033362800,22.8045728400,5100361,127236801.2300,2,3.123300,1,2.187100,25.221635,2.677875,3.041473,17.425344,0
2024-04-26,sz.003019,23.1832636000,24.0514814400,23.1740272400,23.2756272000,23.3033362800,5090186,129527772.3000,2,3.117100,1,-0.118900,25.191645,2.674691,3.037857,17.404625,0
2024-04-29,sz.003019,24.1715541200,24.1992632000,22.8230455600,23.1647908800,23.2756272000,8329426,211231060.2000,2,5.093400,1,-0.476200,19.544859,2.861554,2.674031,-507.988957,0
2024-04-30,sz.003019,23.4234089600,25.4831172400,23.4234089600,25.4831172400,23.1647908800,12187391,328558694.2300,2,7.452500,1,10.008000,21.500903,3.147937,2.941648,-558.828362,0
2024-05-06,sz.003019,25.6124262800,27.5058800800,25.1967900800,26.7854440000,25.4831172400,15784053,450704211.2600,2,9.651900,1,5.110500,22.599717,3.308814,3.091982,-587.387549,0
2024-05-07,sz.003019,26.1850806000,26.6746076800,25.9172261600,26.4898804800,26.7854440000,8001548,228048584.0400,2,4.892900,1,-1.103400,22.350341,3.272303,3.057864,-580.906032,0
2024-05-08,sz.003019,26.3420987200,26.3420987200,25.4092263600,25.5847172000,26.4898804800,5515442,153943567.6900,2,3.372700,1,-3.417000,21.586626,3.160488,2.953376,-561.056383,0
2024-05-09,sz.003019,25.5847172000,26.3051532800,25.5847172000,25.7324989600,25.5847172000,4714467,132044071.8700,2,2.882900,1,0.577600,21.711314,3.178744,2.970435,-564.297142,0
2024-05-10,sz.003019,26.3975168800,28.2632616000,26.3236260000,27.0163530000,25.7324989600,10192598,300495807.7800,2,6.229100,1,4.989200,22.807658,3.339259,3.120432,-592.792123,0
2024-05-13,sz.003019,26.8223894400,27.4135164800,26.5083532000,27.0625348000,27.0163530000,6623522,193365549.2500,2,4.044500,1,0.170900,22.866151,3.347823,3.128434,-594.312414,0
2024-05-14,sz.003019,26.7854440000,27.8014436000,26.5175895600,26.6099531600,27.0625348000,5622228,163901622.9800,2,3.433100,1,-1.672400,22.483748,3.291835,3.076116,-584.373401,0
2024-05-15,sz.003019,26.3328623600,26.5914804400,26.0280624800,26.2682078400,26.6099531600,3840471,109250178.7900,2,2.345100,1,-1.284300,22.194994,3.249559,3.036610,-576.868432,0
2024-05-16,sz.003019,26.4159896000,26.6468986000,25.0951901200,25.6031899200,26.2682078400,6991774,193489916.9100,2,4.269300,1,-2.531600,21.633096,3.167292,2.959734,-562.264168,0
2024-05-17,sz.003019,25.2706809600,25.7786807600,25.2706809600,25.5200626800,25.6031899200,4558747,125976327.7900,2,2.783700,1,-0.324700,21.562858,3.157008,2.950124,-560.438635,0
2024-05-20,sz.003019,25.5200626800,26.0372988400,25.2891536800,25.9264625200,25.5200626800,5526205,153808105.3000,2,3.374400,1,1.592500,21.906241,3.207283,2.997104,-569.363463,0
2024-05-21,sz.003019,25.9264625200,27.2287892800,25.7879171200,26.9516984800,25.9264625200,6553834,188499846.3400,2,4.001900,1,3.954400,22.772501,3.334112,3.115622,-591.878370,0
2024-05-22,sz.003019,26.9516984800,27.1548984000,26.4159896000,27.0348257200,26.9516984800,3832798,111096934.6300,2,2.340400,1,0.308400,22.842738,3.344395,3.125231,-593.703903,0
2024-05-23,sz.003019,26.8408621600,27.2749710800,25.7324989600,26.0188261200,27.0348257200,5232650,149086432.6300,2,3.195200,1,-3.758100,21.984282,3.218709,3.007781,-571.391833,0
2024-05-24,sz.003019,25.9079898000,26.0834806400,24.9751174400,25.1044264800,26.0188261200,6442530,176961660.5800,2,3.933900,1,-3.514400,21.211672,3.105591,2.902077,-551.310970,0
2024-05-27,sz.003019,25.2706809600,25.3907536400,24.8458084000,25.3353354800,25.1044264800,5018721,135992272.1400,2,3.064500,1,0.919800,21.406775,3.134156,2.928770,-556.381895,0
2024-05-28,sz.003019,25.3353354800,25.7232626000,25.0397719600,25.2429718800,25.3353354800,2702652,74356687.3300,2,1.650300,1,-0.364600,21.328734,3.122730,2.918092,-554.353525,0
2024-05-29,sz.003019,25.2429718800,26.0927170000,25.1136628400,25.4646445200,25.2429718800,3604163,100097418.1700,2,2.200800,1,0.878200,21.516033,3.150153,2.943718,-559.221613,0
2024-05-30,sz.003019,23.8482815200,25.3999900000,23.4234089600,25.1136628400,25.4646445200,10289779,273723751.5400,2,6.283200,1,-1.378300,21.219476,3.106734,2.903144,-551.513807,0
2024-05-31,sz.003019,25.0674810400,25.6863171600,25.0582446800,25.2060264400,25.1136628400,4580580,125423307.2000,2,2.797000,1,0.367800,21.297517,3.118160,2.913822,-553.542177,0
2024-06-03,sz.003019,25.2337355200,25.9911170400,25.1321355600,25.6031899200,25.2060264400,5308103,146982327.7500,2,3.240900,1,1.575700,21.635424,3.167633,2.960052,-562.324680,0
2024-06-04,sz.003019,25.6031899200,25.7140262400,24.9658810800,25.5292990400,25.6031899200,4327702,118561170.0800,2,2.642300,1,-0.288600,21.572984,3.158491,2.951510,-560.701809,0
2024-06-05,sz.003019,25.4554081600,25.4554081600,25.0951901200,25.1413719200,25.5292990400,2334354,63787253.6400,2,1.425300,1,-1.519500,21.245174,3.110496,2.906660,-552.181738,0
2024-06-06,sz.003019,25.0305356000,25.2706809600,23.8575178800,24.0791905200,25.1413719200,6276969,165373128.1800,2,3.832400,1,-4.224800,20.347601,2.979083,2.783859,-528.852973,0
2024-06-07,sz.003019,24.3932267600,24.4486449200,23.8298088000,24.0052996400,24.0791905200,3123026,81309285.7700,2,1.906800,1,-0.306900,20.285161,2.969941,2.775316,-527.230102,0
2024-06-11,sz.003019,24.1629888000,25.0203216000,24.0447360000,24.8133792000,24.0053184000,4312885,108378025.5500,2,2.510700,1,3.366200,20.611988,3.017792,2.820031,-535.724630,0
2024-06-12,sz.003019,24.8232336000,25.4243520000,24.8232336000,25.3060992000,24.8133792000,3587751,91895376.9600,2,2.088600,1,1.985700,21.021281,3.077716,2.876028,-546.362530,0
2024-06-13,sz.003019,25.2272640000,25.7988192000,25.1779920000,25.3060992000,25.3060992000,2561857,66208475.2500,2,1.491400,1,0.000000,21.021281,3.077716,2.876028,-546.362530,0
2024-06-14,sz.003019,24.9710496000,27.0798912000,24.9119232000,26.4097920000,25.3060992000,6596349,174459716.1400,2,3.840100,1,4.361400,21.938096,3.211947,3.001462,-570.191425,0
2024-06-17,sz.003019,26.0944512000,27.6908640000,26.0944512000,27.2178528000,26.4097920000,6246498,172582284.0300,2,3.636400,1,3.059700,22.609337,3.310223,3.093298,-587.637581,0
2024-06-18,sz.003019,27.0010560000,27.3656688000,26.8236768000,26.9616384000,27.2178528000,4458013,122258145.8500,2,2.595200,1,-0.941300,22.396504,3.279062,3.064180,-582.105873,0
2024-06-19,sz.003019,26.9123664000,27.0207648000,26.5083360000,26.7842592000,26.9616384000,2671195,72335316.1200,2,1.555000,1,-0.657900,22.249159,3.257489,3.044021,-578.276229,0
2024-06-20,sz.003019,26.8630944000,27.1193088000,26.4097920000,26.4590640000,26.7842592000,3261529,88360870.5700,2,1.898700,1,-1.214100,21.979026,3.217939,3.007062,-571.255215,0
2024-06-21,sz.003019,26.2028496000,26.5674624000,25.6214400000,26.3900832000,26.4590640000,2622981,69513309.7600,2,1.527000,1,-0.260700,21.921725,3.209550,2.999223,-569.765909,0
2024-06-24,sz.003019,26.5083360000,26.5674624000,25.3258080000,25.3258080000,26.3900832000,4026275,105184983.8600,2,2.343900,1,-4.032900,21.037652,3.080113,2.878268,-546.788046,0
2024-06-25,sz.003019,25.1779920000,25.4637696000,24.6458544000,25.0006128000,25.3258080000,3421921,87018162.6300,2,1.992100,1,-1.284000,20.767519,3.040563,2.841310,-539.767032,0
2024-06-26,sz.003019,24.7838160000,25.6214400000,24.7838160000,25.2568272000,25.0006128000,2840415,72623785.6200,2,1.653500,1,1.024800,20.980351,3.071724,2.870428,-545.298740,0
2024-06-27,sz.003019,25.0498848000,25.4637696000,24.6261456000,24.7246896000,25.2568272000,2306594,58540138.7300,2,1.342800,1,-2.106900,20.538315,3.007005,2.809951,-533.809808,0
2024-06-28,sz.003019,24.7246896000,25.4933328000,24.6360000000,24.9611952000,24.7246896000,2585618,65895789.5000,2,1.505200,1,0.956600,20.734776,3.035769,2.836830,-538.916000,0
2024-07-01,sz.003019,24.9020688000,25.2863904000,24.4487664000,25.1090112000,24.9611952000,3171541,79901550.1800,2,1.846300,1,0.592200,20.857563,3.053746,2.853629,-542.107370,0
2024-07-02,sz.003019,25.1188656000,25.5623136000,24.5374560000,24.7246896000,25.1090112000,3150093,80131847.9800,2,1.833800,1,-1.530600,20.538315,3.007005,2.809951,-533.809808,0
2024-07-03,sz.003019,24.7246896000,24.7936704000,24.2418240000,24.2812416000,24.7246896000,2646501,65569042.0100,2,1.540700,1,-1.793500,20.169951,2.953073,2.759554,-524.235698,0
2024-07-04,sz.003019,24.2418240000,24.6951264000,24.1432800000,24.1432800000,24.2812416000,2109221,52185477.3000,2,1.227900,1,-0.568200,20.055349,2.936295,2.743874,-521.257087,0
2024-07-05,sz.003019,24.0053184000,24.8922144000,23.7491040000,24.7246896000,24.1432800000,4110353,101274951.1200,2,2.392800,1,2.408200,20.538315,3.007005,2.809951,-533.809808,0
2024-07-08,sz.003019,24.5768736000,24.9809040000,24.1432800000,24.2418240000,24.7246896000,4054526,100780694.2900,2,2.360300,1,-1.953000,20.137208,2.948280,2.755074,-523.384666,0
2024-07-09,sz.003019,24.0447360000,24.2713872000,22.9410432000,23.8476480000,24.2418240000,8572276,205101614.0500,2,4.990300,1,-1.626000,19.809774,2.900340,2.710276,-514.874347,0
2024-07-10,sz.003019,23.9166288000,25.0006128000,23.8377936000,24.3502224000,23.8476480000,5657367,140627971.9800,2,3.293400,1,2.107400,20.227252,2.961463,2.767393,-525.725004,0
2024-07-11,sz.003019,24.6852720000,26.7842592000,24.6852720000,26.7842592000,24.3502224000,17885099,475349019.4600,2,10.411800,1,9.996000,22.249159,3.257489,3.044021,-578.276229,0
2024-07-12,sz.003019,26.5970256000,26.5970256000,24.1038624000,24.1235712000,26.7842592000,20927836,518089672.4700,2,12.183100,1,-9.933800,20.038978,2.933898,2.741634,-520.831571,0
2024-07-15,sz.003019,23.7491040000,24.4389120000,23.4534720000,23.8476480000,24.1235712000,11083904,268240057.5000,2,6.452500,1,-1.143800,19.809774,2.900340,2.710276,-514.874347,0
2024-07-16,sz.003019,23.7983760000,23.9757552000,23.1184224000,23.5421616000,23.8476480000,7682128,183563090.3500,2,4.472100,1,-1.281000,19.556012,2.863187,2.675557,-508.278849,0
2024-07-17,sz.003019,23.5520160000,23.5717248000,22.8720624000,22.8720624000,23.5421616000,6157177,144219610.5000,2,3.584400,1,-2.846400,18.999374,2.781690,2.599401,-493.811305,0
2024-07-18,sz.003019,22.8622080000,22.8622080000,21.8373504000,22.5370128000,22.8720624000,6264375,141598559.1700,2,3.646800,1,-1.464900,18.721055,2.740941,2.561323,-486.577533,0
2024-07-19,sz.003019,22.4581776000,23.0198784000,22.2512352000,22.5862848000,22.5370128000,3709124,85502598.2600,2,2.159200,1,0.218600,18.762332,2.746985,2.566970,-487.650373,0
2024-07-22,sz.003019,22.3497792000,22.6454112000,22.2807984000,22.4581776000,22.5862848000,3927561,89441268.9400,2,2.286400,1,-0.567200,18.655914,2.731404,2.552410,-484.884468,0
2024-07-23,sz.003019,22.3399248000,22.4187600000,21.6796800000,21.6796800000,22.4581776000,5272783,117164094.9500,2,3.141500,1,-3.466400,18.247543,2.671615,2.496539,-474.270521,0
2024-07-24,sz.003019,21.4924464000,21.8373504000,21.0588528000,21.1573968000,21.6796800000,4595507,99350619.0900,2,2.738000,1,-2.409100,17.807943,2.607253,2.436395,-462.844913,0
2024-07-25,sz.003019,20.8913280000,20.9997264000,20.3887536000,20.7730752000,21.1573968000,2942817,61693401.9500,2,1.753300,1,-1.816500,17.484464,2.559892,2.392138,-454.437390,0
2024-07-26,sz.003019,20.7632208000,21.2263776000,20.6745312000,21.1968144000,20.7730752000,2830407,60271644.0700,2,1.686300,1,2.039800,17.841120,2.612110,2.440934,-463.707223,0
2024-07-29,sz.003019,21.3643392000,21.7782240000,21.0687072000,21.7190976000,21.1968144000,3749266,82184871.6300,2,2.233800,1,2.464000,18.280720,2.676472,2.501078,-475.132831,0
2024-07-30,sz.003019,21.7190976000,21.7782240000,21.2855040000,21.7092432000,21.7190976000,2390494,52356247.2700,2,1.424200,1,-0.045400,18.272426,2.675258,2.499943,-474.917254,0
2024-07-31,sz.003019,21.6796800000,22.4384688000,21.5220096000,22.3300704000,21.7092432000,3171490,71248877.1700,2,1.889500,1,2.859700,18.794969,2.751763,2.571435,-488.498637,0
2024-08-01,sz.003019,22.3497792000,22.4975952000,22.1724000000,22.2906528000,22.3300704000,3029623,68509864.2400,2,1.805000,1,-0.176500,18.761792,2.746905,2.566896,-487.636327,0
2024-08-02,sz.003019,21.9753120000,22.2906528000,21.5417184000,21.5909904000,22.2906528000,4063313,90177736.6600,2,2.420900,1,-3.138800,18.172894,2.660685,2.486326,-472.330323,0
2024-08-05,sz.003019,21.4333200000,21.4924464000,20.3986080000,20.3986080000,21.5909904000,4914311,103863832.3500,2,2.927900,1,-5.522600,17.169279,2.513746,2.349016,-446.245445,0
2024-08-06,sz.003019,20.5562784000,20.9898720000,20.5562784000,20.9011824000,20.3986080000,2705261,57098991.0900,2,1.611800,1,2.463800,17.592290,2.575679,2.406891,-457.239898,0
2024-08-07,sz.003019,20.9208912000,21.5515728000,20.6942400000,21.2657952000,20.9011824000,2840333,61426134.1800,2,1.692200,1,1.744500,17.899181,2.620611,2.448878,-465.216266,0
2024-08-08,sz.003019,21.1869600000,21.2066688000,20.6055504000,20.9898720000,21.2657952000,1962681,41722702.6400,2,1.169300,1,-1.297500,17.666939,2.586609,2.417104,-459.180095,0
2024-08-09,sz.003019,21.0884160000,21.3840480000,20.8913280000,20.9504544000,20.9898720000,2093127,44908104.5500,2,1.247100,1,-0.187800,17.633762,2.581751,2.412565,-458.317785,0
2024-08-12,sz.003019,20.9406000000,21.0292896000,20.5759872000,20.6548224000,20.9504544000,2265304,47766042.0700,2,1.349600,1,-1.411100,17.384932,2.545320,2.378521,-451.850460,0
2024-08-13,sz.003019,20.5759872000,21.0095808000,20.4380256000,20.8913280000,20.6548224000,2079011,43770033.2800,2,1.238700,1,1.145000,17.583996,2.574465,2.405756,-457.024320,0
2024-08-14,sz.003019,20.9406000000,20.9701632000,20.6252592000,20.8223472000,20.8913280000,1595281,33676917.6600,2,0.950500,1,-0.330200,17.525935,2.565964,2.397812,-455.515278,0
2024-08-15,sz.003019,20.6942400000,21.2362320000,20.6055504000,20.8913280000,20.8223472000,2057365,43779641.4500,2,1.225800,1,0.331300,17.583996,2.574465,2.405756,-457.024320,0
2024-08-16,sz.003019,20.9307456000,21.2953584000,20.9307456000,21.1179792000,20.8913280000,1934019,41490679.0300,2,1.152300,1,1.084900,17.774766,2.602395,2.431856,-461.982603,0
2024-08-19,sz.003019,20.9110368000,21.1771056000,20.4971520000,20.6055504000,21.1179792000,2820052,59419940.3600,2,1.680200,1,-2.426500,17.343460,2.539248,2.372847,-450.772572,0
2024-08-20,sz.003019,20.5267152000,20.8026384000,20.3986080000,20.5464240000,20.6055504000,1661966,34661002.6900,2,0.990200,1,-0.286900,17.293694,2.531962,2.366038,-449.479107,0
2024-08-21,sz.003019,20.5464240000,20.7730752000,20.3986080000,20.5759872000,20.5464240000,1490405,31195967.4700,2,0.888000,1,0.143900,17.318577,2.535605,2.369443,-450.125840,0
2024-08-22,sz.003019,20.6745312000,20.8519104000,20.4183168000,20.4577344000,20.5759872000,2145685,44848691.2200,2,1.278400,1,-0.574700,17.219045,2.521033,2.355825,-447.538910,0
2024-08-23,sz.003019,20.5759872000,20.6646768000,20.2606464000,20.5562784000,20.4577344000,1812068,37690380.2700,2,1.079600,1,0.481700,17.301988,2.533176,2.367173,-449.694685,0
2024-08-26,sz.003019,20.4183168000,21.1278336000,20.4084624000,20.9110368000,20.5562784000,2402815,50902235.1400,2,1.431600,1,1.725800,17.600584,2.576894,2.408025,-457.455475,0
2024-08-27,sz.003019,20.8420560000,20.8913280000,20.4971520000,20.6449680000,20.9110368000,2260771,47353231.4500,2,1.346900,1,-1.272400,17.376637,2.544106,2.377386,-451.634882,0
2024-08-28,sz.003019,20.6252592000,21.1179792000,20.5267152000,20.9406000000,20.6449680000,2448482,51841560.6000,2,1.458800,1,1.432000,17.625468,2.580537,2.411430,-458.102208,0
2024-08-29,sz.003019,21.4825920000,21.9063312000,20.9997264000,21.7388064000,20.9406000000,5011888,109396841.2200,2,2.986000,1,3.811800,16.458672,2.698274,2.112258,133.254092,0
2024-08-30,sz.003019,21.7388064000,22.3300704000,21.4136112000,21.9654576000,21.7388064000,6002074,133896661.6900,2,3.576000,1,1.042600,16.630272,2.726406,2.134281,134.643414,0
2024-09-02,sz.003019,21.9654576000,22.8917712000,21.8274960000,21.8964768000,21.9654576000,5209975,117965233.5500,2,3.104100,1,-0.314000,16.578046,2.717844,2.127578,134.220577,0
2024-09-03,sz.003019,21.8964768000,22.6158480000,21.7289520000,22.4975952000,21.8964768000,4317961,98154951.0100,2,2.572600,1,2.745300,17.033159,2.792456,2.185986,137.905300,0
2024-09-04,sz.003019,22.4286144000,22.5665760000,22.0147296000,22.2610896000,22.4975952000,2110433,47614548.7100,2,1.257400,1,-1.051200,16.854098,2.763101,2.163006,136.455573,0
2024-09-05,sz.003019,22.4680320000,24.4881840000,22.4483232000,23.7491040000,22.2610896000,13672742,327044424.0900,2,8.146100,1,6.684400,17.980689,2.947797,2.307590,145.576773,0
2024-09-06,sz.003019,23.9264832000,24.1432800000,23.0592960000,23.3746368000,23.7491040000,8957977,213206447.0600,2,5.337100,1,-1.576800,17.697176,2.901317,2.271204,143.281372,0
2024-09-09,sz.003019,23.1578400000,23.2563840000,21.9063312000,22.0640016000,23.3746368000,8589855,195010941.4700,2,5.117700,1,-5.607100,16.704880,2.738638,2.143856,135.247467,0
2024-09-10,sz.003019,22.0541472000,22.7833728000,21.8373504000,22.6651200000,22.0640016000,4681711,106348877.3100,2,2.789300,1,2.724400,17.159993,2.813250,2.202264,138.932190,0
2024-09-11,sz.003019,22.5961392000,22.8622080000,22.3399248000,22.6749744000,22.6651200000,3516836,80852682.0300,2,2.095300,1,0.043500,17.167454,2.814473,2.203221,138.992595,0
2024-09-12,sz.003019,22.6749744000,22.8326448000,22.0344384000,22.1132736000,22.6749744000,2590480,58702303.7800,2,1.543400,1,-2.477200,16.742185,2.744753,2.148644,135.549493,0
2024-09-13,sz.003019,22.2216720000,22.3694880000,21.7486608000,21.7979328000,22.1132736000,2488501,55629394.1400,2,1.482600,1,-1.426000,16.503437,2.705613,2.118003,133.616524,0
2024-09-18,sz.003019,21.7880784000,22.0344384000,21.3643392000,21.9161856000,21.7979328000,2917336,64214086.8400,2,1.738100,1,0.542500,16.592967,2.720290,2.129493,134.341387,0
2024-09-19,sz.003019,21.9161856000,22.7143920000,21.7585152000,22.4877408000,21.9161856000,4352715,98742680.3500,2,2.593300,1,2.607900,17.025698,2.791233,2.185029,137.844895,0
2024-09-20,sz.003019,22.6651200000,23.2465296000,22.4877408000,22.8622080000,22.4877408000,5094509,118296660.0400,2,3.035300,1,1.665200,17.309211,2.837713,2.221414,140.140296,0
2024-09-23,sz.003019,22.8523536000,22.9508976000,22.2315264000,22.3497792000,22.8622080000,2420970,55378967.5100,2,1.442400,1,-2.241400,16.921246,2.774109,2.171624,136.999220,0
2024-09-24,sz.003019,22.4877408000,23.1085680000,22.1132736000,23.0888592000,22.3497792000,3890240,89560853.6200,2,2.317800,1,3.306900,17.480811,2.865845,2.243437,141.529618,0
2024-09-25,sz.003019,23.1874032000,23.5323072000,22.5271584000,22.5271584000,23.0888592000,6921292,162088836.5000,2,4.123600,1,-2.432800,17.055541,2.796126,2.188859,138.086516,0
2024-09-26,sz.003019,22.5961392000,24.7838160000,22.3694880000,24.1137168000,22.5271584000,12980597,314188576.7000,2,7.733700,1,7.042900,18.256741,2.993053,2.343017,147.811769,0
2024-09-27,sz.003019,24.1432800000,24.9414864000,23.5323072000,24.7246896000,24.1137168000,14925447,367902738.4800,2,8.892400,1,2.533700,18.719314,3.068889,2.402383,151.556898,0
2024-09-30,sz.003019,25.4637696000,26.6167344000,24.3994944000,26.3999376000,24.7246896000,17460454,454991260.6600,2,10.402800,1,6.775600,19.987662,3.276825,2.565159,161.825799,0
2024-10-08,sz.003019,28.9522272000,28.9620816000,25.8283824000,27.7499904000,26.3999376000,20723687,573153751.3000,2,12.347000,1,5.113800,21.009800,3.444396,2.696337,170.101325,0
2024-10-09,sz.003019,26.7744048000,27.2671248000,25.1878464000,25.5228960000,27.7499904000,13639772,364733308.5600,2,8.126400,1,-8.025600,19.323645,3.167964,2.479941,156.449727,0
2024-10-10,sz.003019,26.0353248000,27.1981440000,25.8185280000,26.0845968000,25.5228960000,10623027,285491559.8500,2,6.329100,1,2.200800,19.748914,3.237684,2.534518,159.892829,0
2024-10-11,sz.003019,26.0944512000,26.0944512000,23.4731808000,23.6899776000,26.0845968000,14462668,359328371.6800,2,8.616700,1,-9.180200,17.935923,2.940458,2.301845,145.214341,0
2024-10-14,sz.003019,23.4337632000,23.9363376000,22.8917712000,23.7983760000,23.6899776000,10694726,255072384.4700,2,6.371800,1,0.457600,18.017993,2.953912,2.312377,145.878800,0
2024-10-15,sz.003019,23.6505600000,24.2122608000,23.3352192000,23.3647824000,23.7983760000,5969219,143931039.3400,2,3.556400,1,-1.821900,17.689715,2.900094,2.270247,143.220966,0
2024-10-16,sz.003019,22.9607520000,23.4239088000,22.7735184000,23.0297328000,23.3647824000,4502345,105483667.8100,2,2.682500,1,-1.434000,17.436045,2.858507,2.237692,141.167186,0
2024-10-17,sz.003019,23.1578400000,24.0742992000,23.1578400000,23.3549280000,23.0297328000,6398169,153605778.9200,2,3.812000,1,1.412100,17.682254,2.898871,2.269289,143.160561,0
2024-10-18,sz.003019,23.2563840000,24.1629888000,23.2366752000,23.7293952000,23.3549280000,8395660,203536504.9300,2,5.002000,1,1.603400,17.965767,2.945350,2.305675,145.455962,0
2024-10-21,sz.003019,23.9264832000,24.3206592000,23.5618704000,23.8673568000,23.7293952000,10424699,253027960.8600,2,6.210900,1,0.581400,18.070219,2.962474,2.319080,146.301637,0
2024-10-22,sz.003019,23.8673568000,24.4290576000,23.5027440000,24.1137168000,23.8673568000,8215356,200206391.2400,2,4.894600,1,1.032200,18.256741,2.993053,2.343017,147.811769,0
2024-10-23,sz.003019,23.8969200000,24.1826976000,23.5717248000,23.6801232000,24.1137168000,7112838,172531350.4800,2,4.237800,1,-1.798100,17.928463,2.939235,2.300887,145.153936,0
2024-10-24,sz.003019,23.6505600000,24.3600768000,23.6012880000,23.6702688000,23.6801232000,5660067,136644140.0900,2,3.372200,1,-0.041600,17.921002,2.938011,2.299930,145.093531,0
2024-10-25,sz.003019,23.8575024000,25.0104672000,23.8575024000,24.4980384000,23.6702688000,11369254,282494123.8400,2,6.773700,1,3.497100,18.547714,3.040756,2.380360,150.167576,0
2024-10-28,sz.003019,24.5276016000,24.7246896000,23.6899776000,24.1728432000,24.4980384000,8759435,213011995.4300,2,5.218800,1,-1.327400,18.301506,3.000392,2.348762,148.174201,0
2024-10-29,sz.003019,24.0447360000,24.0940080000,23.6604144000,23.7293952000,24.1728432000,5692878,137727175.8300,2,3.391800,1,-1.834500,17.965767,2.945350,2.305675,145.455962,0
2024-10-30,sz.003019,23.4633264000,23.4731808000,22.6651200000,22.9114800000,23.7293952000,10112448,235464722.4600,2,6.004700,1,-3.446800,17.796191,2.738556,2.070045,-24.061064,0
2024-10-31,sz.003019,22.6651200000,22.8720624000,22.3694880000,22.6355568000,22.9114800000,7463503,171189804.1700,2,4.431800,1,-1.204300,17.581871,2.705576,2.045115,-23.771296,0
2024-11-01,sz.003019,22.6651200000,22.6848288000,21.7388064000,21.9161856000,22.6355568000,6127473,137819564.1900,2,3.638500,1,-3.178100,17.023109,2.619591,1.980120,-23.015830,0
2024-11-04,sz.003019,21.9358944000,22.4384688000,21.9358944000,22.4286144000,21.9161856000,3915204,88481228.4800,2,2.324800,1,2.338100,17.421131,2.680841,2.026418,-23.553970,0
2024-11-05,sz.003019,22.4286144000,23.1676944000,22.4187600000,23.1085680000,22.4286144000,6222966,144320105.8100,2,3.695200,1,3.031600,17.949276,2.762114,2.087852,-24.268041,0
2024-11-06,sz.003019,23.2071120000,24.1432800000,22.9706064000,23.8772112000,23.1085680000,10167197,243657459.5000,2,6.037300,1,3.326200,18.546310,2.853988,2.157298,-25.075250,0
2024-11-07,sz.003019,24.6360000000,24.6458544000,23.8575024000,24.0940080000,23.8772112000,9311101,228406380.9400,2,5.528900,1,0.908000,18.714704,2.879901,2.176886,-25.302925,0
2024-11-08,sz.003019,24.0940080000,24.7246896000,24.0250272000,24.1235712000,24.0940080000,8331238,205996248.0100,2,4.947100,1,0.122700,18.737667,2.883435,2.179557,-25.333972,0
2024-11-11,sz.003019,24.1235712000,25.0695936000,24.0250272000,25.0695936000,24.1235712000,8484459,212740248.9500,2,5.038000,1,3.921600,19.472477,2.996511,2.265030,-26.327461,0
2024-11-12,sz.003019,25.0794480000,25.6312944000,24.5768736000,24.8823600000,25.0695936000,8653556,220588110.6300,2,5.138500,1,-0.746900,19.327046,2.974131,2.248113,-26.130833,0
2024-11-13,sz.003019,24.6360000000,25.0203216000,24.2319696000,24.8330880000,24.8823600000,5539237,138560302.7700,2,3.289200,1,-0.198000,19.288775,2.968242,2.243661,-26.079088,0
2024-11-14,sz.003019,24.7542528000,24.8725056000,23.9461920000,24.0348816000,24.8330880000,4944275,122406586.5600,2,2.935900,1,-3.214300,18.668778,2.872834,2.171544,-25.240832,0
2024-11-15,sz.003019,23.9560464000,24.4093488000,23.5323072000,23.5815792000,24.0348816000,5411881,131965563.4000,2,3.213600,1,-1.886000,18.316682,2.818652,2.130588,-24.764785,0
2024-11-18,sz.003019,23.5815792000,23.6505600000,22.7439552000,22.8819168000,23.5815792000,4804447,112421844.1700,2,2.852900,1,-2.967000,17.773228,2.735023,2.067374,-24.030017,0
2024-11-19,sz.003019,22.8917712000,25.1090112000,22.8917712000,24.9316320000,22.8819168000,10320246,253006828.2300,2,6.128100,1,8.957800,19.365317,2.980020,2.252565,-26.182577,0
2024-11-20,sz.003019,24.8429424000,25.6805664000,24.6162912000,25.6017312000,24.9316320000,10471482,269108915.4700,2,6.217900,1,2.687700,19.885808,3.060116,2.313108,-26.886298,0
2024-11-21,sz.003019,25.5031872000,26.4097920000,25.2962448000,25.8973632000,25.6017312000,9553927,250271461.5300,2,5.673100,1,1.154700,20.115437,3.095452,2.339818,-27.196764,0
2024-11-22,sz.003019,25.7298384000,25.8973632000,24.5276016000,24.6064368000,25.8973632000,7486350,191714349.6100,2,4.445400,1,-4.984800,19.112726,2.941151,2.223184,-25.841065,0
2024-11-25,sz.003019,24.6852720000,25.7298384000,24.5473104000,25.7002752000,24.6064368000,8074819,206496955.6700,2,4.794800,1,4.445300,19.962351,3.071895,2.322012,-26.989787,0
2024-11-26,sz.003019,25.4539152000,25.7002752000,24.7739616000,25.0301760000,25.7002752000,5368559,137013352.4600,2,3.187800,1,-2.607400,19.441860,2.991799,2.261468,-26.286065,0
2024-11-27,sz.003019,24.7838160000,25.3750800000,24.1629888000,25.2666816000,25.0301760000,5096476,128193394.2600,2,3.026300,1,0.944900,19.625563,3.020068,2.282837,-26.534437,0
2024-11-28,sz.003019,25.2666816000,25.2666816000,24.5867280000,24.7049808000,25.2666816000,4631806,116938965.2200,2,2.750400,1,-2.223100,19.189269,2.952929,2.232087,-25.944553,0
2024-11-29,sz.003019,24.5867280000,25.3849344000,24.3600768000,25.2962448000,24.7049808000,5367609,136202184.6900,2,3.187300,1,2.393300,19.648526,3.023602,2.285508,-26.565484,0
2024-12-02,sz.003019,25.2962448000,25.5228960000,25.0498848000,25.2371184000,25.2962448000,5205863,133276120.1300,2,3.091200,1,-0.233700,19.602600,3.016535,2.280166,-26.503391,0
2024-12-03,sz.003019,25.2371184000,25.4243520000,24.5867280000,24.8330880000,25.2371184000,5224714,131743022.3100,2,3.102400,1,-1.600900,19.288775,2.968242,2.243661,-26.079088,0
2024-12-04,sz.003019,24.6360000000,24.7739616000,24.0940080000,24.1826976000,24.8330880000,5323255,131765591.9400,2,3.160900,1,-2.619000,18.783593,2.890502,2.184899,-25.396065,0
2024-12-05,sz.003019,24.1334256000,24.4881840000,24.0644448000,24.3699312000,24.1826976000,2879044,71066242.5600,2,1.709600,1,0.774200,18.929024,2.912882,2.201815,-25.592693,0
2024-12-06,sz.003019,24.4290576000,24.6162912000,24.1235712000,24.5965824000,24.3699312000,3076319,76371953.8100,2,1.826700,1,0.930000,19.105072,2.939973,2.222293,-25.830716,0
2024-12-09,sz.003019,24.6458544000,26.3605200000,24.6458544000,25.5524592000,24.5965824000,9559301,248633862.1200,2,5.676300,1,3.886200,19.847537,3.054227,2.308656,-26.834554,0
2024-12-10,sz.003019,26.1141600000,26.2619760000,25.4834784000,25.5721680000,25.5524592000,8169272,214128803.7800,2,4.850900,1,0.077100,19.862845,3.056582,2.310437,-26.855252,0
2024-12-11,sz.003019,25.4933328000,26.5970256000,25.1878464000,26.5083360000,25.5721680000,9171571,241937382.9700,2,5.446100,1,3.660900,20.590002,3.168480,2.395020,-27.838392,0
2024-12-12,sz.003019,26.5083360000,26.6068800000,25.8480912000,26.2127040000,26.5083360000,5707606,151413866.6300,2,3.389200,1,-1.115200,20.360373,3.133144,2.368309,-27.527927,0
2024-12-13,sz.003019,26.1634320000,26.2816848000,25.6214400000,25.9072176000,26.2127040000,4663933,122657964.4000,2,2.769400,1,-1.165400,20.123091,3.096630,2.340709,-27.207112,0
2024-12-16,sz.003019,25.8185280000,26.0353248000,25.3258080000,25.4834784000,25.9072176000,3632526,94320447.3100,2,2.156400,1,-1.635600,19.799119,3.046776,2.303024,-26.769091,0
2024-12-17,sz.003019,25.4736240000,25.6214400000,24.6162912000,24.7443984000,25.4834784000,4984060,126835573.8400,2,2.958700,1,-2.900200,19.224898,2.958412,2.236231,-25.992725,0
2024-12-18,sz.003019,24.7838160000,25.6904208000,24.2910960000,25.4342064000,24.7443984000,5163098,132194517.7900,2,3.065000,1,2.787700,19.760837,3.040885,2.298572,-26.717333,0
2024-12-19,sz.003019,24.9907584000,25.7199840000,24.9809040000,25.5721680000,25.4342064000,3676620,94813808.7600,2,2.182600,1,0.542400,19.868025,3.057379,2.311040,-26.862255,0
2024-12-20,sz.003019,25.5721680000,26.0648880000,25.4539152000,25.8185280000,25.5721680000,4504964,118332655.5300,2,2.674300,1,0.963400,20.059432,3.086834,2.333304,-27.121044,0
2024-12-23,sz.003019,25.8185280000,25.8875088000,24.9119232000,25.0400304000,25.8185280000,4099066,105090841.8900,2,2.433400,1,-3.015300,19.454587,2.993758,2.262949,-26.303272,0
2024-12-24,sz.003019,25.0991568000,25.6214400000,24.7049808000,25.5721680000,25.0400304000,3928119,100399005.5800,2,2.331900,1,2.125100,19.868025,3.057379,2.311040,-26.862255,0
2024-12-25,sz.003019,25.2765360000,25.7988192000,24.9316320000,25.1582832000,25.5721680000,2730968,69942450.0400,2,1.621200,1,-1.618500,19.546462,3.007896,2.273636,-26.427490,0
2024-12-26,sz.003019,25.0301760000,26.3309568000,24.9907584000,26.1535776000,25.1582832000,8701146,230024490.4000,2,5.165300,1,3.956100,20.319745,3.126892,2.363584,-27.472996,0
2024-12-27,sz.003019,26.2127040000,26.3013936000,25.8283824000,25.9072176000,26.1535776000,4500116,118993821.9400,2,2.671400,1,-0.942000,20.128339,3.097438,2.341319,-27.214208,0
2024-12-30,sz.003019,25.9269264000,26.3999376000,25.6608576000,25.7988192000,25.9072176000,5072212,133813408.7000,2,3.011100,1,-0.418400,20.044120,3.084478,2.331523,-27.100341,0
2024-12-31,sz.003019,25.9072176000,26.1929952000,25.1977008000,25.2075552000,25.7988192000,5805042,151033863.5100,2,3.446100,1,-2.291800,19.584743,3.013787,2.278088,-26.479248,0
2025-01-02,sz.003019,25.2075552000,25.2568272000,24.0053184000,24.3797856000,25.2075552000,4735937,118454923.8200,2,2.811400,1,-3.283800,18.941616,2.914819,2.203280,-25.609718,0
2025-01-03,sz.003019,24.3699312000,24.5374560000,23.1676944000,23.2268208000,24.3797856000,4384900,105981716.6600,2,2.603000,1,-4.729200,18.045833,2.776972,2.099083,-24.398588,0
2025-01-06,sz.003019,23.2169664000,23.7983760000,22.7636640000,23.1085680000,23.2268208000,3243126,76775439.3800,2,1.925200,1,-0.509100,17.953957,2.762834,2.088396,-24.274369,0
2025-01-07,sz.003019,23.1381312000,23.7491040000,23.1282768000,23.7392496000,23.1085680000,2395286,57229608.9400,2,1.421900,1,2.729200,18.443959,2.838238,2.145393,-24.936868,0
2025-01-08,sz.003019,23.5520160000,23.6407056000,22.5468672000,23.2169664000,23.7392496000,3515628,82549072.9500,2,2.087000,1,-2.200100,18.038176,2.775794,2.098192,-24.388236,0
2025-01-09,sz.003019,23.1282768000,23.6998320000,23.0691504000,23.1676944000,23.2169664000,2509980,59437277.5500,2,1.490000,1,-0.212200,17.999895,2.769903,2.093740,-24.336478,0
2025-01-10,sz.003019,23.0494416000,24.2910960000,22.8129360000,23.2366752000,23.1676944000,5545438,133546554.2200,2,3.292000,1,0.297700,18.053489,2.778151,2.099974,-24.408939,0
2025-01-13,sz.003019,22.9804608000,23.1676944000,22.5961392000,22.7735184000,23.2366752000,3276805,75957631.0100,2,1.945200,1,-1.993200,17.693644,2.722776,2.058117,-23.922417,0
2025-01-14,sz.003019,22.7636640000,23.6899776000,22.7636640000,23.6111424000,22.7735184000,4914410,116901159.2200,2,2.917400,1,3.678100,18.344427,2.822921,2.133815,-24.802298,0
2025-01-15,sz.003019,23.6209968000,23.8279392000,23.2859472000,23.5520160000,23.6111424000,2487170,59585614.4100,2,1.476500,1,-0.250400,18.298490,2.815852,2.128472,-24.740189,0
2025-01-16,sz.003019,23.8377936000,24.0053184000,23.3549280000,23.5717248000,23.5520160000,2898879,69671496.1800,2,1.720900,1,0.083700,18.313802,2.818209,2.130253,-24.760892,0
2025-01-17,sz.003019,23.5520160000,24.3896400000,23.5125984000,24.2024064000,23.5717248000,4226404,103180784.3700,2,2.508900,1,2.675600,18.803804,2.893612,2.187250,-25.423391,0
2025-01-20,sz.003019,24.3896400000,24.6162912000,24.1432800000,24.2812416000,24.2024064000,2320771,57312912.1100,2,1.377700,1,0.325700,18.865054,2.903038,2.194374,-25.506203,0
2025-01-21,sz.003019,24.3994944000,24.5276016000,23.9560464000,24.4093488000,24.2812416000,2544251,62525882.5100,2,1.510400,1,0.527600,18.964585,2.918354,2.205952,-25.640773,0
2025-01-22,sz.003019,24.1531344000,24.6852720000,24.1531344000,24.3502224000,24.4093488000,2549117,63142807.5500,2,1.513200,1,-0.242200,18.918648,2.911285,2.200608,-25.578664,0
2025-01-23,sz.003019,24.5078928000,24.6458544000,24.0841536000,24.1629888000,24.3502224000,2836735,70179192.4000,2,1.684000,1,-0.768900,18.773178,2.888899,2.183688,-25.381984,0
2025-01-24,sz.003019,23.9757552000,24.8922144000,23.9757552000,24.8922144000,24.1629888000,4220525,105220542.8900,2,2.505500,1,3.017900,19.339743,2.976085,2.249590,-26.147999,0
2025-01-27,sz.003019,24.8922144000,25.0104672000,24.2812416000,24.3206592000,24.8922144000,2922222,72846043.2900,2,1.734700,1,-2.296100,18.895679,2.907750,2.197937,-25.547609,0
2025-02-05,sz.003019,24.4487664000,24.5768736000,23.7885216000,24.0447360000,24.3206592000,2915112,71205836.7000,2,1.730500,1,-1.134500,18.681303,2.874761,2.173001,-25.257766,0
2025-02-06,sz.003019,24.0447360000,24.9020688000,23.8969200000,24.8922144000,24.0447360000,4464286,111606226.4600,2,2.650200,1,3.524600,19.339743,2.976085,2.249590,-26.147999,0
2025-02-07,sz.003019,24.9020688000,25.3750800000,24.4684752000,24.5768736000,24.8922144000,7383109,187153509.8300,2,4.382900,1,-1.266800,19.094742,2.938383,2.221092,-25.816749,0
2025-02-10,sz.003019,24.6852720000,24.6852720000,24.0545904000,24.3797856000,24.5768736000,6010081,147964639.8500,2,3.567800,1,-0.801900,18.941616,2.914819,2.203280,-25.609718,0
2025-02-11,sz.003019,24.3403680000,24.4881840000,24.1432800000,24.2910960000,24.3797856000,2989950,73765318.3000,2,1.774900,1,-0.363800,18.872710,2.904216,2.195265,-25.516554,0
2025-02-12,sz.003019,24.3305136000,25.0203216000,24.1826976000,24.6360000000,24.2910960000,5750713,143409117.0500,2,3.413800,1,1.419900,19.140679,2.945452,2.226435,-25.878858,0
2025-02-13,sz.003019,24.6557088000,24.9710496000,24.2122608000,24.2122608000,24.6360000000,5364871,133265946.5900,2,3.184800,1,-1.720000,18.811460,2.894790,2.188140,-25.433742,0
2025-02-14,sz.003019,24.1531344000,24.5177472000,23.9659008000,24.2713872000,24.2122608000,3833868,94183492.3100,2,2.275900,1,0.244200,18.857397,2.901859,2.193484,-25.495851,0
2025-02-17,sz.003019,24.2615328000,26.6955696000,24.2615328000,26.0451792000,24.2713872000,24506660,648779458.9500,2,14.548100,1,7.308200,20.235526,3.113932,2.353787,-27.359129,0
2025-02-18,sz.003019,25.8185280000,26.3112480000,25.3356624000,25.4834784000,26.0451792000,14029108,368376268.3100,2,8.328200,1,-2.156600,19.799119,3.046776,2.303024,-26.769091,0
2025-02-19,sz.003019,25.5228960000,26.7546960000,25.5228960000,26.7251328000,25.4834784000,11440471,304821729.8900,2,6.791500,1,4.872400,20.763809,3.195227,2.415237,-28.073386,0
2025-02-20,sz.003019,27.0010560000,27.6514464000,26.5083360000,27.4050864000,26.7251328000,11955534,328406095.2700,2,7.097200,1,2.544200,21.292092,3.276521,2.476686,-28.787642,0
2025-02-21,sz.003019,27.6908640000,29.6814528000,27.5824656000,29.4153840000,27.4050864000,16220817,471657546.6500,2,9.629300,1,7.335500,22.853971,3.516870,2.658364,-30.899357,0
2025-02-24,sz.003019,30.4500960000,32.3322864000,30.4303872000,31.6326240000,29.4153840000,21245199,677011481.4900,2,12.611900,1,7.537700,24.576632,3.781961,2.858743,-33.228454,0
2025-02-25,sz.003019,31.2285936000,33.5640864000,31.0216512000,32.6476272000,31.6326240000,14585358,477243654.3900,2,8.658400,1,3.208700,25.365228,3.903313,2.950472,-34.294663,0
2025-02-26,sz.003019,33.1994736000,34.4608368000,32.8447152000,34.2144768000,32.6476272000,14392528,493092225.9400,2,8.543900,1,4.799300,26.582576,4.090644,3.092073,-35.940559,0
2025-02-27,sz.003019,34.2046224000,34.2046224000,32.1253440000,32.8644240000,34.2144768000,14815671,495493577.1400,2,8.795100,1,-3.945900,25.533666,3.929233,2.970064,-34.522397,0
2025-02-28,sz.003019,33.0122400000,33.0910752000,31.3468464000,31.5045168000,32.8644240000,9142698,296695641.1900,2,5.427400,1,-4.137900,24.477101,3.766644,2.847165,-33.093884,0
2025-03-03,sz.003019,31.8297120000,33.0713664000,30.6866016000,31.6917504000,31.5045168000,10052751,326665616.1800,2,5.967700,1,0.594300,24.622570,3.789030,2.864086,-33.290563,0
2025-03-04,sz.003019,31.5242256000,32.6673360000,31.2384480000,32.2633056000,31.6917504000,8446394,276814166.1200,2,5.014100,1,1.803500,25.066634,3.857364,2.915739,-33.890953,0
2025-03-05,sz.003019,32.3618496000,32.8052976000,32.0268000000,32.6476272000,32.2633056000,5402286,177597204.1600,2,3.207000,1,1.191200,25.365228,3.903313,2.950472,-34.294663,0
2025-03-06,sz.003019,32.9136960000,33.4064160000,32.2534512000,32.5589376000,32.6476272000,6399165,212536028.6900,2,3.798800,1,-0.271700,25.296322,3.892710,2.942457,-34.201499,0
2025-03-07,sz.003019,33.0418032000,35.1506448000,32.9136960000,34.5593808000,32.5589376000,10645151,370849845.0200,2,6.319400,1,6.144100,26.850545,4.131880,3.123243,-36.302863,0
2025-03-10,sz.003019,35.4758400000,37.1116704000,35.4758400000,36.7569120000,34.5593808000,12026979,443964094.2300,2,7.139700,1,6.358700,28.557894,4.394615,3.321841,-38.611257,0
2025-03-11,sz.003019,36.2247744000,36.7076400000,34.6382160000,36.4317168000,36.7569120000,11805501,427705968.1100,2,7.008200,1,-0.884700,28.305237,4.355735,3.292452,-38.269656,0
2025-03-12,sz.003019,36.5499696000,36.6386592000,35.4758400000,35.7714720000,36.4317168000,7332172,268957523.5900,2,4.352600,1,-1.812300,27.792267,4.276797,3.232784,-37.576102,0
2025-03-13,sz.003019,36.1459392000,36.6090960000,34.7663232000,35.3674416000,35.7714720000,5680642,204330776.1800,2,3.372200,1,-1.129500,27.478359,4.228491,3.196270,-37.151689,0
2025-03-14,sz.003019,35.3772960000,35.7616176000,34.4017104000,35.3772960000,35.3674416000,5496419,196772066.3300,2,3.262900,1,0.027900,27.486016,4.229669,3.197161,-37.162041,0
2025-03-17,sz.003019,35.8601616000,37.2496320000,35.5743840000,37.1116704000,35.3772960000,11415991,424411063.2900,2,6.777000,1,4.902500,28.833520,4.437029,3.353902,-38.983912,0
2025-03-18,sz.003019,36.8554560000,37.5354096000,36.4218624000,37.2496320000,37.1116704000,6644486,250288215.4200,2,3.944400,1,0.371700,28.940707,4.453524,3.366370,-39.128834,0
2025-03-19,sz.003019,37.7324976000,38.3139072000,36.7174944000,37.5058464000,37.2496320000,5937427,225019770.8100,2,3.524700,1,0.687800,29.139770,4.484156,3.389525,-39.397974,0
2025-03-20,sz.003019,37.5452640000,37.7423520000,36.1656480000,36.3036096000,37.5058464000,6051531,224477873.4700,2,3.592400,1,-3.205500,28.205705,4.340418,3.280875,-38.135086,0
2025-03-21,sz.003019,36.4612800000,36.5992416000,35.4659856000,35.5448208000,36.3036096000,6136452,223001460.2400,2,3.642800,1,-2.090100,27.616172,4.249698,3.212301,-37.338017,0
2025-03-24,sz.003019,35.3970048000,36.0572496000,34.9929744000,35.9488512000,35.5448208000,5096890,184071591.2000,2,3.025700,1,1.136700,27.930079,4.298004,3.248814,-37.762430,0
2025-03-25,sz.003019,36.4612800000,36.6583680000,34.9634112000,35.1309360000,35.9488512000,4277425,153877048.2300,2,2.539200,1,-2.275200,27.294609,4.200215,3.174896,-36.903252,0
2025-03-26,sz.003019,34.9831200000,36.3430272000,34.9042848000,35.4068592000,35.1309360000,3686087,133082053.3100,2,2.188200,1,0.785400,27.508985,4.233204,3.199833,-37.193095,0
2025-03-27,sz.003019,35.2886064000,35.8503072000,34.7564688000,35.0718096000,35.4068592000,2839040,101777009.5600,2,1.685400,1,-0.946300,27.248671,4.193146,3.169553,-36.841143,0
2025-03-28,sz.003019,35.1112272000,35.3970048000,34.4904000000,34.4904000000,35.0718096000,3340499,118058092.5300,2,1.983000,1,-1.657800,26.796951,4.123633,3.117009,-36.230402,0
2025-03-31,sz.003019,34.4904000000,34.4904000000,32.9925312000,34.1849136000,34.4904000000,4494588,153793184.0500,2,2.668200,1,-0.885700,26.559607,4.087109,3.089401,-35.909504,0
2025-04-01,sz.003019,34.2933120000,34.4608368000,33.8005920000,34.2440400000,34.1849136000,2544096,88035078.8200,2,1.510300,1,0.173000,26.605544,4.094179,3.094745,-35.971613,0
2025-04-02,sz.003019,34.2440400000,37.0919616000,34.1060784000,36.7273488000,34.2440400000,7525299,276139878.5100,2,4.467300,1,7.251800,28.534925,4.391080,3.319169,-38.580202,0
2025-04-03,sz.003019,36.2641920000,36.5105520000,34.5002544000,34.6480704000,36.7273488000,6232710,223335804.5500,2,3.700000,1,-5.661400,26.919452,4.142484,3.131258,-36.396026,0
2025-04-07,sz.003019,31.5340800000,32.9136960000,31.1793216000,31.1793216000,34.6480704000,1791999,57688178.4000,2,1.063800,1,-10.011400,24.224444,3.727764,2.817776,-32.752283,0
2025-04-08,sz.003019,28.9029552000,30.3318432000,28.0653312000,28.0653312000,31.1793216000,3836279,110885407.9300,2,2.277400,1,-9.987400,21.805062,3.355459,2.536355,-29.481195,0
2025-04-09,sz.003019,25.2568272000,27.0306192000,25.2568272000,25.9959072000,28.0653312000,22031202,571689658.4500,2,13.078500,1,-7.373600,20.197245,3.108041,2.349334,-27.307371,0
2025-04-10,sz.003019,27.5923200000,28.5186336000,26.9025120000,26.9123664000,25.9959072000,16111577,453559592.7300,2,9.564400,1,3.525400,20.909278,3.217612,2.432158,-28.270065,0
2025-04-11,sz.003019,26.1831408000,27.6120288000,26.1831408000,27.0109104000,26.9123664000,8685398,238806514.0200,2,5.156000,1,0.366200,20.985841,3.229394,2.441063,-28.373580,0
2025-04-14,sz.003019,28.0948944000,29.1493152000,27.1981440000,27.2178528000,27.0109104000,11773170,335906942.4300,2,6.989000,1,0.766100,21.146623,3.254136,2.459766,-28.590963,0
2025-04-15,sz.003019,27.3952320000,27.9076608000,26.4196464000,27.9076608000,27.2178528000,8729009,240185675.5900,2,5.181900,1,2.534400,21.682562,3.336608,2.522106,-29.315571,0
2025-04-16,sz.003019,27.5824656000,27.8189712000,26.3309568000,26.7448416000,27.9076608000,6216801,170203229.4900,2,3.690500,1,-4.166700,20.779122,3.197583,2.417018,-28.094089,0
2025-04-17,sz.003019,26.5773168000,27.0207648000,25.7101296000,26.0156160000,26.7448416000,6860131,183160509.1700,2,4.072400,1,-2.726600,20.212558,3.110398,2.351115,-27.328074,0
2025-04-18,sz.003019,25.8382368000,25.9663440000,25.4243520000,25.6904208000,26.0156160000,4727390,122983313.9500,2,2.806400,1,-1.250000,19.959901,3.071518,2.321727,-26.986474,0
2025-04-21,sz.003019,25.7101296000,26.7645504000,25.5721680000,26.7448416000,25.6904208000,5306661,141321984.5300,2,3.150200,1,4.104300,20.779122,3.197583,2.417018,-28.094089,0
2025-04-22,sz.003019,26.6758608000,26.8926576000,26.0944512000,26.1043056000,26.7448416000,4006458,107050956.8200,2,2.378400,1,-2.395000,20.281464,3.121001,2.359131,-27.421238,0
2025-04-23,sz.003019,25.6214400000,27.3952320000,25.1385744000,27.2769792000,26.1043056000,10852188,291542027.1600,2,6.435100,1,4.492300,21.215434,3.264725,2.467770,-28.683999,0
2025-04-24,sz.003019,26.9123664000,28.2821280000,26.9123664000,27.2375616000,27.2769792000,7903004,220980023.9500,2,4.686300,1,-0.144500,21.184776,3.260007,2.464204,-28.642548,0
2025-04-25,sz.003019,27.4050864000,27.9569328000,27.1981440000,27.6317376000,27.2375616000,5071203,141994741.5200,2,3.007100,1,1.447200,21.491358,3.307185,2.499865,-29.057056,0
2025-04-28,sz.003019,27.6810096000,28.0259136000,27.2474160000,27.7598448000,27.6317376000,3819161,107117567.8500,2,2.264700,1,0.463600,21.590997,3.322518,2.511455,-29.191772,0
2025-04-29,sz.003019,27.3853776000,28.2032928000,26.9813472000,27.7992624000,27.7598448000,4551302,127816041.6300,2,2.698800,1,0.142000,28.597865,3.098397,2.247856,85.575571,0
2025-04-30,sz.003019,27.7795536000,29.2182960000,27.7795536000,28.8733920000,27.7992624000,6139548,179010041.4700,2,3.640600,1,3.863900,29.702852,3.218115,2.334710,88.882107,0
2025-05-06,sz.003019,29.2577136000,29.5336368000,28.4397984000,28.6960128000,28.8733920000,7806068,229336123.6200,2,4.628800,1,-0.614300,29.520377,3.198345,2.320367,88.336073,0
2025-05-07,sz.003019,28.9423728000,29.3168400000,28.3905264000,28.5974688000,28.6960128000,4823402,141076475.1700,2,2.860100,1,-0.343400,29.419002,3.187362,2.312399,88.032721,0
2025-05-08,sz.003019,28.3905264000,31.4552448000,28.3905264000,31.4552448000,28.5974688000,9331880,289086447.9500,2,5.533600,1,9.993100,32.358875,3.505878,2.543479,96.829926,0
2025-05-09,sz.003019,31.0413600000,31.5340800000,30.1544640000,30.2530080000,31.4552448000,9653395,301574096.3500,2,5.724200,1,-3.822100,31.122101,3.371882,2.446266,93.129033,0
2025-05-12,sz.003019,30.8147088000,32.8052976000,30.3416976000,31.6030608000,30.2530080000,11952094,381695112.8700,2,7.087300,1,4.462500,32.510937,3.522353,2.555432,97.284954,0
2025-05-13,sz.003019,32.1549072000,32.3125776000,30.9231072000,31.2384480000,31.6030608000,8023280,257370739.3600,2,4.757600,1,-1.153700,32.135850,3.481715,2.525949,96.162552,0
2025-05-14,sz.003019,31.7410224000,31.8789840000,30.3909696000,30.5979120000,31.2384480000,4448305,139049632.8300,2,2.637700,1,-2.050500,31.476913,3.410324,2.474155,94.190765,0
2025-05-15,sz.003019,30.5683488000,30.7950000000,29.7011616000,29.7602880000,30.5979120000,4845628,148053479.6800,2,2.873300,1,-2.737500,30.615226,3.316965,2.406425,91.612274,0
2025-05-16,sz.003019,29.8588320000,31.8297120000,29.6124720000,31.0807776000,29.7602880000,9452015,295778232.7300,2,5.604800,1,4.437100,31.973650,3.464142,2.513200,95.677189,0
2025-05-19,sz.003019,30.8836896000,31.1103408000,29.7602880000,30.2924256000,31.0807776000,5440700,166880964.4300,2,3.226200,1,-2.536500,31.162651,3.376275,2.449454,93.250374,0
2025-05-20,sz.003019,30.3121344000,30.5486400000,29.5730544000,30.2037360000,30.2924256000,3404904,104292494.5500,2,2.019000,1,-0.292800,31.071413,3.366390,2.442282,92.977357,0
2025-05-21,sz.003019,30.2037360000,30.4303872000,29.6124720000,30.2332992000,30.2037360000,3487200,106282184.1300,2,2.067800,1,0.097900,31.101826,3.369685,2.444673,93.068363,0
2025-05-22,sz.003019,30.2135904000,31.0117968000,30.0953376000,30.3022800000,30.2332992000,5836445,181039678.6900,2,3.460900,1,0.228200,31.172788,3.377374,2.450250,93.280709,0
2025-05-23,sz.003019,30.3416976000,30.9625248000,29.7799968000,30.4796592000,30.3022800000,5263941,163124032.4300,2,3.121400,1,0.585400,31.355263,3.397144,2.464593,93.826743,0
2025-05-26,sz.003019,30.4993680000,31.7508768000,30.2530080000,31.1990304000,30.4796592000,8647952,273284116.3600,2,5.128000,1,2.360200,32.095300,3.477322,2.522762,96.041211,0
2025-05-27,sz.003019,31.2088848000,31.2088848000,29.0704800000,29.5730544000,31.1990304000,9747840,294842739.8900,2,5.780200,1,-5.211600,30.422614,3.296097,2.391285,91.035905,0
2025-05-28,sz.003019,29.4449472000,29.6026176000,29.0803344000,29.4646560000,29.5730544000,3492253,103989179.2300,2,2.070400,1,-0.366500,30.317585,3.284718,2.383030,90.721620,0
2025-05-29,sz.003019,29.3168400000,30.3318432000,29.3168400000,29.8292688000,29.4646560000,3926329,119123649.6900,2,2.327700,1,1.237500,30.692753,3.325365,2.412519,91.844263,0
2025-05-30,sz.003019,29.5632000000,29.7011616000,29.0901888000,29.1690240000,29.8292688000,3699330,109985173.7400,2,2.193100,1,-2.213400,30.013396,3.251761,2.359120,89.811370,0
2025-06-03,sz.003019,29.0704800000,30.1840272000,28.4397984000,29.5632000000,29.1690240000,6060100,180326557.3200,2,3.592700,1,1.351400,30.418982,3.295703,2.391000,91.025037,0
2025-06-04,sz.003019,29.3562576000,29.8095600000,29.3562576000,29.5632000000,29.5632000000,2926493,87922035.4000,2,1.734900,1,0.000000,30.418982,3.295703,2.391000,91.025037,0
2025-06-05,sz.003019,29.5632000000,31.0216512000,29.3759664000,30.0263568000,29.5632000000,7516184,230302827.0100,2,4.455900,1,1.566700,30.895546,3.347336,2.428459,92.451096,0
2025-06-06,sz.003019,29.6617440000,29.8489776000,29.1197520000,29.3562576000,30.0263568000,5068261,151078028.3000,2,3.004700,1,-2.231700,30.206049,3.272633,2.374263,90.387862,0
2025-06-09,sz.003019,29.2971312000,29.5336368000,28.5777600000,29.2380048000,29.3562576000,5445257,160899615.4800,2,3.228200,1,-0.402800,30.084373,3.259451,2.364699,90.023762,0
2025-06-10,sz.003019,29.2380048000,29.4646560000,28.2821280000,28.7748480000,29.2380048000,4762230,139045330.8200,2,2.823200,1,-1.584100,29.607809,3.207818,2.327240,88.597703,0
2025-06-11,sz.003019,28.7748480000,29.7011616000,28.6368864000,29.0014992000,28.7748480000,4268955,126969225.5500,2,2.530800,1,0.787700,29.841021,3.233085,2.345571,89.295562,0
2025-06-12,sz.003019,29.0113536000,30.6471840000,28.8832464000,30.0559200000,29.0014992000,8565066,259430669.9000,2,5.077700,1,3.635700,30.925965,3.350632,2.430850,92.542121,0
2025-06-13,sz.003019,30.1249008000,30.2332992000,29.1985872000,29.2380048000,30.0559200000,4037900,121170774.0000,2,2.393800,1,-2.721300,30.084373,3.259451,2.364699,90.023762,0
2025-06-16,sz.003019,29.1394608000,29.5533456000,28.9817904000,29.4055296000,29.2380048000,2483250,73957832.6300,2,1.472200,1,0.573000,30.256747,3.278126,2.378248,90.539570,0
2025-06-17,sz.003019,29.4055296000,30.2332992000,29.3759664000,30.0559200000,29.4055296000,5106175,155237256.0300,2,3.027200,1,2.211800,30.925965,3.350632,2.430850,92.542121,0
2025-06-18,sz.003019,29.9475216000,31.8592752000,29.8588320000,31.2285936000,30.0559200000,10550187,331853438.4900,2,6.254600,1,3.901600,32.132585,3.481361,2.525693,96.152781,0
2025-06-19,sz.003019,31.2384480000,31.9578192000,30.9625248000,31.1103408000,31.2285936000,7530573,240836547.3200,2,4.464400,1,-0.378700,32.010909,3.468179,2.516129,95.788681,0
2025-06-20,sz.003019,31.1300496000,31.8395664000,30.5683488000,31.1004864000,31.1103408000,6071349,192165091.7700,2,3.599200,1,-0.031700,32.001922,3.467205,2.515422,95.761789,0
2025-06-23,sz.003019,31.0906320000,31.3468464000,30.3121344000,31.1891760000,31.1004864000,5457090,171702838.1200,2,3.235100,1,0.285200,32.093182,3.477092,2.522595,96.034874,0
2025-06-24,sz.003019,31.5340800000,33.2093280000,31.5340800000,31.8592752000,31.1891760000,10280935,337306242.7000,2,6.094700,1,2.148500,33.060399,3.581884,2.598621,98.929151,0
2025-06-25,sz.003019,31.9085472000,32.5195200000,31.8198576000,32.2140336000,31.8592752000,6829560,223624745.7300,2,4.048200,1,1.113500,33.432226,3.622169,2.627847,100.041798,0
2025-06-26,sz.003019,32.2041792000,34.7170512000,31.9282560000,33.7710288000,32.2140336000,15223381,518188977.5800,2,9.023700,1,4.833300,35.048100,3.797239,2.754859,104.877100,0
2025-06-27,sz.003019,34.0568064000,34.9831200000,33.3275808000,33.5936496000,33.7710288000,13633806,472189463.9200,2,8.081500,1,-0.525200,34.864013,3.777294,2.740389,104.326243,0
2025-06-30,sz.003019,33.6823392000,34.6874880000,32.3519952000,34.5199632000,33.5936496000,10426604,358137894.4500,2,6.180400,1,2.757400,35.825356,3.881450,2.815953,107.202942,0
2025-07-01,sz.003019,34.5101088000,34.5199632000,33.6823392000,33.8400096000,34.5199632000,7685346,265201440.0600,2,4.555500,1,-1.969700,35.119690,3.804995,2.760486,105.091322,0
2025-07-02,sz.003019,33.8000000000,33.8100000000,32.2000000000,32.3700000000,33.8400000000,7862069,258594037.2100,2,4.660200,1,-4.344000,33.104961,3.586712,2.602123,99.062496,0
2025-07-03,sz.003019,32.4500000000,33.4200000000,32.1500000000,32.2700000000,32.3700000000,6205233,203463465.6100,2,3.678200,1,-0.308900,33.002690,3.575632,2.594085,98.756464,0
2025-07-04,sz.003019,32.1500000000,33.0000000000,32.1400000000,32.9800000000,32.2700000000,5364444,174806101.5800,2,3.179800,1,2.200200,33.728811,3.654302,2.651159,100.929290,0
2025-07-07,sz.003019,32.9800000000,33.2400000000,31.7000000000,32.3400000000,32.9800000000,7074313,229216289.3900,2,4.193300,1,-1.940600,33.074280,3.583388,2.599712,98.970686,0
2025-07-08,sz.003019,32.2500000000,33.0600000000,32.1400000000,32.4300000000,32.3400000000,3970634,129445526.8900,2,2.353600,1,0.278300,33.166323,3.593360,2.606947,99.246115,0
2025-07-09,sz.003019,32.4300000000,32.6700000000,29.5000000000,30.3900000000,32.4300000000,11091614,345980831.0400,2,6.574600,1,-6.290500,31.080005,3.367321,2.442957,93.003066,0
2025-07-10,sz.003019,30.3900000000,31.1300000000,30.2200000000,30.3000000000,30.3900000000,5974545,182522407.4000,2,3.541400,1,-0.296200,30.987961,3.357349,2.435723,92.727637,0
2025-07-11,sz.003019,30.2400000000,30.2600000000,29.4500000000,30.0400000000,30.3000000000,6493038,194305783.4700,2,3.848800,1,-0.858100,30.722058,3.328540,2.414822,91.931955,0
2025-07-14,sz.003019,30.1500000000,30.7300000000,29.9400000000,30.6800000000,30.0400000000,4074569,123729087.1400,2,2.415200,1,2.130500,31.376589,3.399454,2.466270,93.890558,0
2025-07-15,sz.003019,30.6800000000,31.8500000000,30.5000000000,31.1700000000,30.6800000000,10452512,326511521.7600,2,6.195700,1,1.597100,31.877715,3.453748,2.505659,95.390114,0
2025-07-16,sz.003019,31.1700000000,33.7700000000,30.8900000000,32.7300000000,31.1700000000,14982075,484406643.0100,2,8.880600,1,5.004800,33.473134,3.626601,2.631063,100.164210,0
2025-07-17,sz.003019,32.3500000000,32.5900000000,31.8000000000,32.2600000000,32.7300000000,9403617,302651213.6000,2,5.574000,1,-1.436000,32.992463,3.574524,2.593281,98.725861,0
2025-07-18,sz.003019,32.2600000000,32.4900000000,31.0000000000,31.2900000000,32.2600000000,7405188,233153652.9200,2,4.389400,1,-3.006800,32.000439,3.467044,2.515306,95.757352,0
2025-07-21,sz.003019,31.0500000000,31.3700000000,30.7100000000,31.3300000000,31.2900000000,4360555,135705882.3400,2,2.584700,1,0.127800,32.041347,3.471476,2.518521,95.879765,0
2025-07-22,sz.003019,31.2900000000,31.4900000000,31.0600000000,31.1500000000,31.3300000000,3832068,119589039.1900,2,2.271500,1,-0.574500,31.857261,3.451532,2.504051,95.328908,0
2025-07-23,sz.003019,31.0000000000,31.3100000000,30.8000000000,31.0900000000,31.1500000000,3747775,116366119.1800,2,2.221500,1,-0.192600,31.795898,3.444884,2.499228,95.145289,0
2025-07-24,sz.003019,31.1800000000,31.2700000000,30.8000000000,30.9100000000,31.0900000000,3798478,117617958.0300,2,2.251600,1,-0.579000,31.611811,3.424939,2.484759,94.594432,0
2025-07-25,sz.003019,30.8600000000,31.4900000000,30.7900000000,31.0800000000,30.9100000000,4139968,128876210.1500,2,2.454000,1,0.550000,31.785671,3.443776,2.498424,95.114686,0
2025-07-28,sz.003019,31.1800000000,31.3100000000,30.5900000000,30.9800000000,31.0800000000,3327059,102564757.6000,2,1.972100,1,-0.321800,31.683401,3.432695,2.490386,94.808654,0
2025-07-29,sz.003019,30.8500000000,31.1900000000,30.6700000000,30.9800000000,30.9800000000,4294899,132632918.4800,2,2.545800,1,0.000000,31.683401,3.432695,2.490386,94.808654,0
2025-07-30,sz.003019,30.8600000000,31.0900000000,30.2100000000,30.9500000000,30.9800000000,5211639,159861618.5100,2,3.089200,1,-0.096800,31.652720,3.429371,2.487974,94.716844,0
2025-07-31,sz.003019,30.6900000000,31.3500000000,30.5000000000,30.5500000000,30.9500000000,4787255,148042869.1800,2,2.837700,1,-1.292400,31.243638,3.385050,2.455819,93.492717,0
2025-08-01,sz.003019,30.2200000000,30.7700000000,30.2200000000,30.3400000000,30.5500000000,2925960,89057829.7600,2,1.719400,1,-0.687400,31.028870,3.361781,2.438938,92.850050,0
2025-08-04,sz.003019,30.1500000000,30.3600000000,29.8100000000,30.2800000000,30.3400000000,2700092,81314098.9200,2,1.586700,1,-0.197800,30.967507,3.355133,2.434115,92.666431,0
2025-08-05,sz.003019,30.5000000000,31.5500000000,30.4400000000,30.8100000000,30.2800000000,3691734,113635545.9800,2,2.169400,1,1.750300,31.509541,3.413859,2.476720,94.288400,0
2025-08-06,sz.003019,30.7400000000,30.9000000000,30.5200000000,30.6900000000,30.8100000000,2584740,79340349.7600,2,1.518900,1,-0.389500,31.386816,3.400562,2.467074,93.921162,0
2025-08-07,sz.003019,30.6900000000,31.0000000000,30.5000000000,30.5100000000,30.6900000000,2840145,87044224.5000,2,1.669000,1,-0.586500,31.202729,3.380617,2.452604,93.370304,0
2025-08-08,sz.003019,30.5100000000,30.7900000000,30.1500000000,30.3800000000,30.5100000000,3494764,105903946.9600,2,2.053700,1,-0.426100,31.069778,3.366213,2.442154,92.972463,0
2025-08-11,sz.003019,30.3300000000,30.9400000000,30.0000000000,30.5800000000,30.3800000000,4551180,138542853.4100,2,2.674500,1,0.658300,31.274319,3.388374,2.458231,93.584527,0
2025-08-12,sz.003019,30.8000000000,32.9900000000,30.8000000000,32.9600000000,30.5800000000,17193721,555222408.2700,2,10.103700,1,7.782900,33.708357,3.652086,2.649552,100.868084,0
2025-08-13,sz.003019,32.9400000000,33.4900000000,32.7800000000,33.3400000000,32.9600000000,10283748,340789943.5900,2,6.043200,1,1.152900,34.096985,3.694192,2.680099,102.031004,0
2025-08-14,sz.003019,33.2100000000,35.7500000000,33.2100000000,34.8000000000,33.3400000000,20095325,697183041.1600,2,11.808800,1,4.379100,35.590134,3.855965,2.797464,106.499069,0
2025-08-15,sz.003019,34.8900000000,36.7500000000,34.6300000000,36.4000000000,34.8000000000,13148717,467003367.7200,2,7.715500,1,4.597700,37.211851,4.031668,2.924934,111.351857,0
2025-08-18,sz.003019,36.3900000000,37.0000000000,34.8800000000,35.9900000000,36.4000000000,14802300,532252027.5000,2,8.685800,1,-1.126400,36.792707,3.986256,2.891988,110.097619,0
2025-08-19,sz.003019,39.5900000000,39.5900000000,39.5900000000,39.5900000000,35.9900000000,7256905,287300868.9500,2,4.258300,1,10.002800,40.473000,4.384992,3.181268,121.110440,0
2025-08-20,sz.003019,39.2100000000,40.0000000000,37.1800000000,39.0000000000,39.5900000000,24992852,964673322.8600,2,14.665500,1,-1.490300,39.869841,4.319644,3.133858,119.305561,0
2025-08-21,sz.003019,39.8200000000,41.0200000000,38.8200000000,40.1000000000,39.0000000000,21004545,836291567.9100,2,12.325200,1,2.820500,40.994374,4.441480,3.222249,122.670590,0
2025-08-22,sz.003019,39.4000000000,44.1000000000,39.0500000000,43.5500000000,40.1000000000,23358134,973696209.7400,2,13.706200,1,8.603500,44.521322,4.823602,3.499475,133.224543,0
2025-08-25,sz.003019,43.6600000000,43.7500000000,39.2000000000,39.2000000000,43.5500000000,26928809,1111685535.5000,2,15.801500,1,-9.988500,40.074301,4.341796,3.149929,119.917385,0
2025-08-26,sz.003019,38.8800000000,41.3900000000,38.8200000000,40.4300000000,39.2000000000,15436519,622323366.0400,2,9.057900,1,3.137800,41.331735,4.478031,3.248766,123.680098,0
2025-08-27,sz.003019,40.5700000000,41.4700000000,39.4100000000,39.4100000000,40.4300000000,13859231,561628564.5000,2,8.132400,1,-2.522900,40.872817,4.339939,3.308348,154.893041,0
2025-08-28,sz.003019,39.8400000000,40.3900000000,38.6200000000,39.4600000000,39.4100000000,11408828,451392202.8500,2,6.694600,1,0.126900,40.924673,4.345445,3.312545,155.089556,0
2025-08-29,sz.003019,40.0600000000,41.7100000000,39.8600000000,41.0100000000,39.4600000000,12586089,513289259.2900,2,7.385400,1,3.928000,42.532206,4.516135,3.442663,161.181518,0
2025-09-01,sz.003019,41.7600000000,42.8000000000,41.1600000000,41.8700000000,41.0100000000,10521148,441699859.9600,2,6.173700,1,2.097000,43.424127,4.610841,3.514858,164.561574,0
2025-09-02,sz.003019,41.9000000000,42.7500000000,39.8600000000,40.9100000000,41.8700000000,11380458,465985923.4200,2,6.677900,1,-2.292800,42.428494,4.505123,3.434268,160.788488,0
2025-09-03,sz.003019,40.7900000000,41.5700000000,39.6100000000,39.7500000000,40.9100000000,5398071,217421589.8400,2,3.167500,1,-2.835500,41.225437,4.377381,3.336890,156.229342,0
2025-09-04,sz.003019,39.7800000000,40.3000000000,37.0400000000,37.8600000000,39.7500000000,9091065,351153030.8700,2,5.334500,1,-4.754700,39.265284,4.169248,3.178230,148.801079,0
2025-09-05,sz.003019,38.0500000000,40.2000000000,37.8900000000,40.2000000000,37.8600000000,7207858,282048695.4600,2,4.229500,1,6.180700,41.692140,4.426936,3.374666,157.997976,0
2025-09-08,sz.003019,40.4700000000,41.9300000000,39.5800000000,40.2500000000,40.2000000000,6695839,271407289.8100,2,3.929000,1,0.124400,41.743996,4.432442,3.378863,158.194491,0
2025-09-09,sz.003019,39.7500000000,41.3800000000,38.6600000000,39.4000000000,40.2500000000,10430647,416201155.0200,2,6.109400,1,-2.111800,40.934837,4.346524,3.313368,155.128073,0
2025-09-10,sz.003019,39.7200000000,40.9600000000,39.5000000000,40.4200000000,39.4000000000,9402024,379245892.5800,2,5.506900,1,2.588800,41.994571,4.459048,3.399146,159.144079,0
2025-09-11,sz.003019,40.4000000000,41.3600000000,39.6900000000,41.1900000000,40.4200000000,7568969,307346506.0500,2,4.433200,1,1.905000,42.794567,4.543993,3.463899,162.175770,0
2025-09-12,sz.003019,41.1900000000,41.6000000000,39.0000000000,40.9400000000,41.1900000000,10178155,412226918.7200,2,5.961500,1,-0.606900,42.534828,4.516414,3.442875,161.191454,0
2025-09-15,sz.003019,41.3000000000,42.1300000000,40.8400000000,41.1600000000,40.9400000000,11172612,461998925.0400,2,6.543900,1,0.537400,42.763398,4.540684,3.461376,162.057652,0
2025-09-16,sz.003019,41.0800000000,43.1800000000,40.2500000000,42.0100000000,41.1600000000,14380108,596109900.9400,2,8.422600,1,2.065100,43.646510,4.634454,3.532858,165.404323,0
2025-09-17,sz.003019,41.4500000000,42.9800000000,41.0100000000,41.9600000000,42.0100000000,13693074,572311213.1300,2,8.020200,1,-0.119000,43.594562,4.628938,3.528653,165.207460,0
2025-09-18,sz.003019,42.0300000000,43.5000000000,41.1800000000,42.2300000000,41.9600000000,13135017,554808267.1200,2,7.690000,1,0.643500,43.893299,4.660658,3.552833,166.339565,0
2025-09-19,sz.003019,43.0000000000,43.9900000000,39.4700000000,39.6700000000,42.2300000000,14692482,599282105.3100,2,8.601900,1,-6.062000,41.232469,4.378127,3.337459,156.255992,0
2025-09-22,sz.003019,39.6000000000,40.2800000000,38.7000000000,40.0500000000,39.6700000000,8320181,328770028.6000,2,4.871100,1,0.957900,41.627436,4.420065,3.369429,157.752772,0
2025-09-23,sz.003019,40.0500000000,40.2000000000,38.2600000000,39.0200000000,40.0500000000,6133202,238741376.8300,2,3.590800,1,-2.571800,40.556868,4.306391,3.282774,153.695710,0
2025-09-24,sz.003019,38.9100000000,39.2800000000,38.2800000000,38.9900000000,39.0200000000,4948117,192368387.1700,2,2.896900,1,-0.076900,40.525686,4.303080,3.280250,153.577543,0
2025-09-25,sz.003019,38.6100000000,39.1000000000,37.5000000000,37.9600000000,38.9900000000,6613150,252530979.4100,2,3.871700,1,-2.641700,39.455118,4.189405,3.193596,149.520480,0
2025-09-26,sz.003019,38.0700000000,38.0700000000,36.7600000000,36.9200000000,37.9600000000,5445133,202556156.1100,2,3.187900,1,-2.739700,38.374156,4.074627,3.106100,145.424029,0
2025-09-29,sz.003019,36.9200000000,37.2500000000,36.1000000000,36.2100000000,36.9200000000,5192704,188973588.8600,2,3.040100,1,-1.923100,37.636191,3.996269,3.046368,142.627413,0
2025-09-30,sz.003019,36.2300000000,36.7700000000,35.9000000000,36.1500000000,36.2100000000,5753365,208432838.9000,2,3.368400,1,-0.165700,37.573828,3.989647,3.041320,142.391079,0
2025-10-09,sz.003019,36.3600000000,36.7500000000,35.2600000000,35.6600000000,36.1500000000,5910513,211529975.0300,2,3.460400,1,-1.355500,37.064529,3.935569,3.000096,140.461020,0
2025-10-10,sz.003019,35.5300000000,35.5300000000,34.2400000000,34.3600000000,35.6600000000,6306011,219375387.2000,2,3.691900,1,-3.645500,35.713326,3.792096,2.890726,135.340456,0
2025-10-13,sz.003019,32.3500000000,33.4700000000,31.5000000000,33.0800000000,34.3600000000,7833905,257244770.7800,2,4.586500,1,-3.725300,34.382911,3.650831,2.783039,130.298669,0
2025-10-14,sz.003019,33.0800000000,34.7100000000,32.6400000000,34.2600000000,33.0800000000,9108652,308401883.6200,2,5.332800,1,3.567100,35.609387,3.781060,2.882313,134.946566,0
2025-10-15,sz.003019,34.2800000000,34.6000000000,33.7400000000,34.1200000000,34.2600000000,4357151,148424080.8100,2,2.550900,1,-0.408600,35.463873,3.765609,2.870535,134.395121,0
2025-10-16,sz.003019,33.9300000000,34.4000000000,33.5800000000,33.6300000000,34.1200000000,3352032,113813536.9400,2,1.962000,1,-1.436100,34.962867,3.712411,2.829982,132.496490,0
2025-10-17,sz.003019,33.6300000000,33.7900000000,32.4000000000,32.4500000000,33.6300000000,3256333,106987971.7100,2,1.906000,1,-3.508800,33.736100,3.582151,2.730684,127.847491,0
2025-10-20,sz.003019,32.6600000000,33.5500000000,32.6600000000,33.4200000000,32.4500000000,4096400,135972295.0000,2,2.397700,1,2.989200,34.744544,3.689229,2.812310,131.669126,0
2025-10-21,sz.003019,33.4000000000,33.7400000000,33.0300000000,33.5500000000,33.4200000000,2830630,94774786.6900,2,1.656800,1,0.389000,34.879696,3.703580,2.823250,132.181304,0
2025-10-22,sz.003019,33.5800000000,33.8300000000,33.1200000000,33.3000000000,33.5500000000,2919210,97602514.6000,2,1.708700,1,-0.745200,34.619788,3.675982,2.802212,131.196346,0
2025-10-23,sz.003019,33.3200000000,33.5000000000,32.5800000000,33.4500000000,33.3000000000,2710858,89347025.5400,2,1.586700,1,0.450500,34.775733,3.692541,2.814835,131.787321,0
2025-10-24,sz.003019,33.4000000000,34.2500000000,33.4000000000,33.8700000000,33.4500000000,3731301,126688817.0100,2,2.184000,1,1.255600,35.212379,3.738905,2.850178,133.442049,0
2025-10-27,sz.003019,34.2800000000,37.2000000000,34.2500000000,36.8700000000,33.8700000000,13518958,493896972.8800,2,7.912900,1,8.857400,38.331279,4.070074,3.102630,145.261540,0
2025-10-28,sz.003019,36.5600000000,37.3200000000,36.2500000000,37.1400000000,36.8700000000,6228035,230309848.1800,2,3.645400,1,0.732300,36.209183,3.939061,2.966747,79.885949,0
2025-10-29,sz.003019,37.1300000000,37.6800000000,35.6200000000,36.0000000000,37.1400000000,5959838,216536979.7500,2,3.488400,1,-3.069500,35.097755,3.818153,2.875684,77.433876,0
2025-10-30,sz.003019,36.0000000000,36.3000000000,34.8000000000,34.8000000000,36.0000000000,4276486,150749834.1600,2,2.503100,1,-3.333300,33.927829,3.690881,2.779828,74.852747,0
2025-10-31,sz.003019,34.6000000000,35.5000000000,34.5000000000,35.0100000000,34.8000000000,4193564,146956864.5500,2,2.454600,1,0.603400,34.132566,3.713154,2.796602,75.304444,0
2025-11-03,sz.003019,34.8200000000,34.9400000000,33.7000000000,34.3800000000,35.0100000000,4290833,146288095.7700,2,2.511500,1,-1.799500,33.518356,3.646336,2.746278,73.949351,0
2025-11-04,sz.003019,34.3700000000,34.7100000000,33.8900000000,34.2500000000,34.3800000000,3204166,109384205.0000,2,1.875500,1,-0.378100,33.391614,3.632548,2.735893,73.669729,0
2025-11-05,sz.003019,33.8000000000,34.3400000000,33.2300000000,33.9500000000,34.2500000000,4265744,144265585.4000,2,2.496800,1,-0.875900,33.099132,3.600730,2.711929,73.024447,0
2025-11-06,sz.003019,33.9500000000,34.4000000000,33.7800000000,34.3000000000,33.9500000000,3472764,118342471.5900,2,2.032700,1,1.030900,33.440361,3.637851,2.739888,73.777276,0
2025-11-07,sz.003019,34.1000000000,34.9700000000,33.8200000000,34.7400000000,34.3000000000,5026761,173885275.6100,2,2.942300,1,1.282800,33.869333,3.684518,2.775035,74.723690,0
2025-11-10,sz.003019,34.7500000000,36.4800000000,34.1000000000,35.6000000000,34.7400000000,7351738,258433088.6300,2,4.303100,1,2.475500,34.707780,3.775729,2.843732,76.573499,0
2025-11-11,sz.003019,35.6500000000,36.3000000000,35.4800000000,36.1000000000,35.6000000000,5049771,181528253.7800,2,2.955700,1,1.404500,35.195248,3.828759,2.883672,77.648970,0
2025-11-12,sz.003019,36.1000000000,36.5200000000,35.8000000000,35.8100000000,36.1000000000,4411057,159341313.9200,2,2.581900,1,-0.803300,34.912516,3.798002,2.860506,77.025197,0
2025-11-13,sz.003019,35.7000000000,35.9700000000,34.9300000000,35.1200000000,35.8100000000,3976654,140392839.8900,2,2.327600,1,-1.926800,34.239809,3.724820,2.805389,75.541048,0
2025-11-14,sz.003019,35.0300000000,36.1900000000,34.9100000000,35.5100000000,35.1200000000,4271109,152587567.3600,2,2.500000,1,1.110500,34.620035,3.766184,2.836542,76.379915,0
2025-11-17,sz.003019,35.4000000000,35.8300000000,34.8500000000,35.0400000000,35.5100000000,3075300,108122802.6800,2,1.800000,1,-1.323600,34.161814,3.716336,2.798999,75.368973,0
2025-11-18,sz.003019,35.1000000000,35.1000000000,34.0400000000,34.1800000000,35.0400000000,3180865,109408125.7500,2,1.861800,1,-2.454300,33.323368,3.625124,2.730302,73.519163,0
2025-11-19,sz.003019,34.2500000000,34.2700000000,33.1500000000,33.2100000000,34.1800000000,2747700,92121583.8600,2,1.608300,1,-2.837900,32.377679,3.522246,2.652818,71.432751,0
2025-11-20,sz.003019,33.5000000000,33.8300000000,32.8200000000,33.2800000000,33.2100000000,2833127,94046739.3900,2,1.658300,1,0.210800,32.445924,3.529670,2.658410,71.583316,0
2025-11-21,sz.003019,32.9000000000,33.1900000000,31.1400000000,31.4000000000,33.2800000000,4477917,142597947.0000,2,2.621000,1,-5.649000,30.613041,3.330278,2.508235,67.539547,0
2025-11-24,sz.003019,31.6000000000,31.6600000000,30.0000000000,31.3000000000,31.4000000000,4198707,129688210.6100,2,2.457600,1,-0.318500,30.515548,3.319672,2.500247,67.324453,0
2025-11-25,sz.003019,31.4800000000,32.2800000000,31.3500000000,31.8000000000,31.3000000000,2811052,89729787.2300,2,1.645400,1,1.597400,31.003017,3.372702,2.540187,68.399924,0
2025-11-26,sz.003019,31.8000000000,32.3600000000,31.6100000000,31.8200000000,31.8000000000,2714419,86638097.2100,2,1.588700,1,0.062900,31.023593,3.374940,2.541873,68.445319,0
2025-11-27,sz.003019,31.8500000000,32.5000000000,31.7000000000,32.1200000000,31.8200000000,2818305,90539150.8500,2,1.649500,1,0.942800,31.316084,3.406759,2.565838,69.090624,0
2025-11-28,sz.003019,32.1000000000,32.6500000000,31.7000000000,32.4400000000,32.1200000000,2839172,91529267.3000,2,1.661800,1,0.996300,31.628075,3.440700,2.591401,69.778949,0
2025-12-01,sz.003019,32.4400000000,32.6000000000,32.2100000000,32.2900000000,32.4400000000,2634400,85243719.0000,2,1.541900,1,-0.462400,31.481829,3.424790,2.579418,69.456297,0
2025-12-02,sz.003019,32.2900000000,33.1200000000,32.0500000000,32.7100000000,32.2900000000,4806900,157590269.8300,2,2.813500,1,1.300700,31.891317,3.469337,2.612969,70.359723,0
2025-12-03,sz.003019,33.1100000000,33.1600000000,32.1400000000,32.1800000000,32.7100000000,3180383,103180609.9600,2,1.861500,1,-1.620300,31.374582,3.413123,2.570631,69.219685,0
2025-12-04,sz.003019,33.0100000000,34.2800000000,32.6100000000,33.5600000000,32.1800000000,10276190,343362548.9700,2,6.014600,1,4.288400,32.720043,3.559491,2.680869,72.188087,0
2025-12-05,sz.003019,32.8200000000,33.1000000000,31.5000000000,32.9700000000,33.5600000000,7267846,235517296.1600,2,4.253800,1,-1.758000,32.144810,3.496913,2.633738,70.918987,0
2025-12-08,sz.003019,33.3100000000,34.8000000000,33.1300000000,33.7000000000,32.9700000000,7707821,259246053.5800,2,4.511400,1,2.214100,32.856539,3.574340,2.692053,72.489229,0
2025-12-09,sz.003019,33.4100000000,33.6200000000,32.8000000000,33.3400000000,33.7000000000,4469222,149061069.0100,2,2.615800,1,-1.068200,32.505549,3.536157,2.663295,71.714863,0
2025-12-10,sz.003019,33.3600000000,33.6300000000,32.0000000000,32.1500000000,33.3400000000,6218601,202281301.8400,2,3.639700,1,-3.569300,31.345333,3.409941,2.568234,69.155154,0
2025-12-11,sz.003019,32.0800000000,32.2300000000,30.9200000000,30.9700000000,32.1500000000,4846082,152503832.7200,2,2.836400,1,-3.670300,30.194867,3.284786,2.473973,66.616956,0
2025-12-12,sz.003019,30.9200000000,32.4000000000,30.5500000000,31.4300000000,30.9700000000,6068026,190258043.7900,2,3.551600,1,1.485300,30.643354,3.333575,2.510719,67.606423,0
2025-12-15,sz.003019,31.2400000000,33.6900000000,30.8900000000,32.9300000000,31.4300000000,10269868,333856327.8100,2,6.010900,1,4.772500,32.105811,3.492671,2.630543,70.832947,0
2025-12-16,sz.003019,32.6000000000,32.6600000000,31.5400000000,32.1800000000,32.9300000000,5152703,165486121.7200,2,3.015900,1,-2.277600,31.374582,3.413123,2.570631,69.219685,0
2025-12-17,sz.003019,31.8500000000,32.1500000000,31.0000000000,32.0500000000,32.1800000000,4253784,134432702.2500,2,2.489700,1,-0.404000,31.247836,3.399335,2.560246,68.940053,0
2025-12-18,sz.003019,31.8000000000,32.4200000000,31.5200000000,31.8100000000,32.0500000000,2975500,95418092.0000,2,1.741600,1,-0.748800,31.013843,3.373880,2.541074,68.423809,0
2025-12-19,sz.003019,31.9000000000,33.0000000000,31.8700000000,32.6200000000,31.8100000000,4190222,136592652.5500,2,2.452500,1,2.546400,31.803570,3.459791,2.605779,70.166132,0
2025-12-22,sz.003019,32.9200000000,33.4800000000,32.0000000000,32.9600000000,32.6200000000,3899518,128994481.4400,2,2.282400,1,1.042300,32.135060,3.495853,2.632940,70.897477,0
2025-12-23,sz.003019,32.8500000000,33.3800000000,32.4000000000,33.0300000000,32.9600000000,3841574,126484674.7700,2,2.248500,1,0.212400,32.203308,3.503277,2.638531,71.048048,0
2025-12-24,sz.003019,33.0000000000,33.8300000000,32.8800000000,33.6800000000,33.0300000000,4510259,151025183.2200,2,2.639800,1,1.967900,32.837040,3.572218,2.690455,72.446208,0
2025-12-25,sz.003019,33.7000000000,34.3500000000,33.6600000000,33.8900000000,33.6800000000,3567879,121228728.7300,2,2.088300,1,0.623500,33.041784,3.594492,2.707231,72.897922,0
2025-12-26,sz.003019,33.6700000000,34.3600000000,33.4500000000,33.7000000000,33.8900000000,3463268,117339582.9600,2,2.027000,1,-0.560600,32.856539,3.574340,2.692053,72.489229,0
2025-12-29,sz.003019,33.5000000000,33.7600000000,33.0300000000,33.2200000000,33.7000000000,3096705,103307721.3500,2,1.812500,1,-1.424300,32.388553,3.523429,2.653709,71.456741,0
2025-12-30,sz.003019,33.1000000000,33.8800000000,32.8900000000,33.7100000000,33.2200000000,3380269,113404541.8000,2,1.978500,1,1.475000,32.866289,3.575400,2.692852,72.510739,0
2025-12-31,sz.003019,33.7600000000,33.8200000000,33.1800000000,33.4800000000,33.7100000000,2338733,78258748.6300,2,1.368900,1,-0.682300,32.642045,3.551006,2.674479,72.016005,0
2026-01-05,sz.003019,33.4700000000,33.6700000000,33.1100000000,33.4000000000,33.4800000000,4375956,146166570.7800,2,2.561200,1,-0.238900,32.564048,3.542521,2.668088,71.843924,0
2026-01-06,sz.003019,33.7000000000,34.3000000000,33.4200000000,34.1000000000,33.4000000000,4788068,163109800.8200,2,2.802400,1,2.095800,33.246528,3.616765,2.724006,73.349635,0
2026-01-07,sz.003019,34.4100000000,34.8500000000,33.4100000000,33.5500000000,34.1000000000,5060519,172300609.6400,2,2.961900,1,-1.612900,32.710293,3.558430,2.680070,72.166576,0
2026-01-08,sz.003019,33.4000000000,33.8800000000,33.1100000000,33.5100000000,33.5500000000,4032840,135349163.6000,2,2.360400,1,-0.119200,32.671294,3.554188,2.676875,72.080536,0
2026-01-09,sz.003019,33.5200000000,35.5000000000,33.5000000000,35.2100000000,33.5100000000,9709342,338505315.2500,2,5.682800,1,5.073100,34.328746,3.734495,2.812676,75.737262,0
2026-01-12,sz.003019,34.7000000000,35.1500000000,34.4000000000,35.0300000000,35.2100000000,7718865,269162058.0700,2,4.517700,1,-0.511200,34.154256,3.715513,2.798379,75.352296,0
2026-01-13,sz.003019,35.0900000000,35.6000000000,34.2700000000,34.3100000000,35.0300000000,6727810,234588511.1400,2,3.937600,1,-2.055400,33.452256,3.639145,2.740862,73.803519,0
2026-01-14,sz.003019,34.3900000000,35.4600000000,33.9500000000,35.2700000000,34.3100000000,8960638,311608538.5900,2,5.244500,1,2.798000,34.388256,3.740969,2.817552,75.868555,0
2026-01-15,sz.003019,35.4000000000,35.6900000000,34.4500000000,34.7400000000,35.2700000000,5655813,197479467.3100,2,3.310200,1,-1.502700,33.871506,3.684754,2.775213,74.728483,0
2026-01-16,sz.003019,34.8000000000,35.1400000000,34.4200000000,35.0100000000,34.7400000000,5682842,197813734.1400,2,3.326000,1,0.777200,34.134756,3.713392,2.796782,75.309275,0
2026-01-19,sz.003019,35.0000000000,35.1500000000,34.6000000000,34.7800000000,35.0100000000,3793247,132140356.3200,2,2.220100,1,-0.657000,33.910506,3.688997,2.778408,74.814527,0
2026-01-20,sz.003019,34.8300000000,35.0000000000,33.2800000000,33.6600000000,34.7800000000,5467705,185668563.5200,2,3.200100,1,-3.220200,32.818506,3.570202,2.688937,72.405318,0
2026-01-21,sz.003019,33.6100000000,34.1700000000,33.1400000000,34.0500000000,33.6600000000,3562447,120720944.7600,2,2.085000,1,1.158600,33.198756,3.611568,2.720092,73.244239,0
2026-01-22,sz.003019,34.0100000000,34.0500000000,32.4600000000,32.8100000000,34.0500000000,7299407,241121540.8900,2,4.272000,1,-3.641700,31.990958,3.480176,2.621133,70.579555,0
2026-01-23,sz.003019,32.7800000000,33.5000000000,32.6100000000,33.3900000000,32.8100000000,5106099,168820534.0400,2,2.988400,1,1.767800,32.556480,3.541697,2.667468,71.827228,0
2026-01-26,sz.003019,33.3100000000,33.3500000000,31.5100000000,31.7700000000,33.3900000000,6942290,222869468.4100,2,4.063000,1,-4.851800,30.976920,3.369863,2.538049,68.342349,0
2026-01-27,sz.003019,31.7000000000,31.9300000000,30.7800000000,31.9100000000,31.7700000000,3698918,116129129.6600,2,2.164800,1,0.440700,31.113425,3.384713,2.549233,68.643511,0
2026-01-28,sz.003019,31.8300000000,31.8800000000,31.0700000000,31.1000000000,31.9100000000,3648544,114124257.3600,2,2.135300,1,-2.538400,30.323645,3.298796,2.484524,66.901072,0
2026-01-29,sz.003019,31.0200000000,31.4500000000,30.6100000000,30.7700000000,31.1000000000,3024051,93568983.1500,2,1.769800,1,-1.061100,30.001883,3.263792,2.458161,66.191189,0
2026-01-30,sz.003019,30.7000000000,31.0900000000,30.3300000000,31.0000000000,30.7700000000,2804221,86198832.9200,2,1.641200,1,0.747500,30.226142,3.288189,2.476535,66.685956,0
2026-02-02,sz.003019,31.2200000000,31.2200000000,29.9800000000,30.0900000000,31.0000000000,3312581,101186010.7600,2,1.938700,1,-2.935500,29.338858,3.191664,2.403837,64.728400,0
2026-02-03,sz.003019,30.3000000000,30.6900000000,30.2300000000,30.6600000000,30.0900000000,2358700,71883438.0000,2,1.380400,1,1.894300,29.894629,3.252125,2.449373,65.954561,0
2026-02-04,sz.003019,30.6000000000,30.8800000000,30.3300000000,30.6300000000,30.6600000000,1933780,59114185.2000,2,1.131800,1,-0.097800,29.865378,3.248942,2.446976,65.890026,0
2026-02-05,sz.003019,30.6100000000,30.7900000000,30.2800000000,30.3900000000,30.6300000000,1993073,60801003.2000,2,1.166500,1,-0.783500,29.631369,3.223485,2.427803,65.373748,0
2026-02-06,sz.003019,30.2800000000,30.6800000000,30.1000000000,30.3600000000,30.3900000000,1995973,60858265.0500,2,1.168200,1,-0.098700,29.602118,3.220303,2.425407,65.309213,0
2026-02-09,sz.003019,30.7700000000,30.9700000000,30.6000000000,30.9000000000,30.3600000000,2513325,77359338.5000,2,1.470900,1,1.778700,30.128638,3.277581,2.468546,66.470840,0
2026-02-10,sz.003019,30.9100000000,31.1900000000,30.6600000000,30.9700000000,30.9000000000,1911965,59229916.8500,2,1.119000,1,0.226500,30.196891,3.285006,2.474138,66.621421,0
2026-02-11,sz.003019,30.9700000000,31.2800000000,30.8200000000,31.1200000000,30.9700000000,1570150,48899364.5000,2,0.918900,1,0.484300,30.343146,3.300917,2.486122,66.944095,0
2026-02-12,sz.003019,31.1300000000,31.3000000000,30.8800000000,31.1200000000,31.1200000000,1758848,54842460.8500,2,1.029400,1,0.000000,30.343146,3.300917,2.486122,66.944095,0
2026-02-13,sz.003019,30.9900000000,31.5900000000,30.9800000000,31.3500000000,31.1200000000,2306273,72339829.5500,2,1.349800,1,0.739100,30.567405,3.325313,2.504496,67.438862,0
2026-02-24,sz.003019,31.5900000000,32.0000000000,31.5100000000,31.8800000000,31.3500000000,2637842,83980368.2700,2,1.543800,1,1.690600,31.084174,3.381531,2.546837,68.578976,0
2026-02-25,sz.003019,31.8000000000,32.0700000000,31.6600000000,31.9600000000,31.8800000000,2037752,64998252.1200,2,1.192600,1,0.250900,31.162177,3.390016,2.553228,68.751069,0
2026-02-26,sz.003019,32.0200000000,32.0600000000,31.7700000000,32.0000000000,31.9600000000,1877225,59866469.7500,2,1.098700,1,0.125200,31.201179,3.394259,2.556423,68.837115,0
2026-02-27,sz.003019,31.8300000000,32.0000000000,31.4800000000,31.9400000000,32.0000000000,1898800,60268742.2000,2,1.111300,1,-0.187500,31.142676,3.387895,2.551630,68.708046,0
2026-03-02,sz.003019,31.2600000000,31.8900000000,31.1600000000,31.6800000000,31.9400000000,2653495,83738411.2500,2,1.553000,1,-0.814000,30.889167,3.360317,2.530859,68.148744,0
2026-03-03,sz.003019,31.6700000000,32.1800000000,30.2700000000,30.3000000000,31.6800000000,3452684,107169728.5600,2,2.020700,1,-4.356100,29.543616,3.213939,2.420613,65.180144,0
2026-03-04,sz.003019,30.0000000000,30.5800000000,29.6700000000,29.7700000000,30.3000000000,2294245,68961482.1900,2,1.342700,1,-1.749200,29.026846,3.157722,2.378273,64.040029,0
2026-03-05,sz.003019,30.3700000000,31.3100000000,30.3700000000,30.9800000000,29.7700000000,2933510,90913642.2900,2,1.716900,1,4.064500,30.206641,3.286067,2.474937,66.642932,0
2026-03-06,sz.003019,30.6500000000,31.1000000000,30.6100000000,30.9100000000,30.9800000000,1518461,46914948.8500,2,0.888700,1,-0.226000,30.138388,3.278642,2.469345,66.492351,0
2026-03-09,sz.003019,30.6100000000,30.6100000000,29.7700000000,30.4500000000,30.9100000000,2763556,83491587.7100,2,1.617400,1,-1.488200,29.689871,3.229850,2.432597,65.502818,0
2026-03-10,sz.003019,30.7200000000,31.2100000000,30.7000000000,31.1700000000,30.4500000000,2251835,69956936.3800,2,1.317900,1,2.364500,30.391898,3.306221,2.490116,67.051653,0
2026-03-11,sz.003019,31.2100000000,31.8500000000,31.0000000000,31.6900000000,31.1700000000,2803374,88609841.1000,2,1.640700,1,1.668300,30.898917,3.361377,2.531658,68.170256,0
2026-03-12,sz.003019,31.5600000000,31.8000000000,31.1200000000,31.3900000000,31.6900000000,1980372,62259671.9000,2,1.159000,1,-0.946700,30.606406,3.329556,2.507692,67.524908,0
2026-03-13,sz.003019,31.3700000000,32.3600000000,31.0100000000,31.8100000000,31.3900000000,4362037,138835106.9700,2,2.552900,1,1.338000,31.015922,3.374106,2.541245,68.428395,0
2026-03-16,sz.003019,31.9800000000,32.8500000000,31.7000000000,32.7900000000,31.8100000000,5916503,192781593.3200,2,3.462700,1,3.080800,31.971458,3.478055,2.619535,70.536532,0
2026-03-17,sz.003019,32.8500000000,32.8800000000,31.8600000000,32.0000000000,32.7900000000,4000374,128832263.5600,2,2.341200,1,-2.409300,31.201179,3.394259,2.556423,68.837115,0
2026-03-18,sz.003019,31.8000000000,32.1000000000,29.9200000000,31.7300000000,32.0000000000,6249593,192904222.6700,2,3.657500,1,-0.843800,28.886084,3.284695,2.225534,-197.459982,0
