date,code,open,high,low,close,preclose,volume,amount,adjustflag,turn,tradestatus,pctChg,peTTM,pbMRQ,psTTM,pcfNcfTTM,isST
2023-06-26,sz.001914,14.0951442500,14.1047002800,13.7224590800,13.8657995300,14.1620364600,3491800,50637001.6000,2,0.329300,1,-2.091800,24.305129,1.648277,1.115529,12.833264,0
2023-06-27,sz.001914,13.8944676200,14.5825017800,13.6651229000,14.4773854500,13.8657995300,5857300,87525007.0000,2,0.552500,1,4.410800,25.377168,1.720978,1.164733,13.399307,0
2023-06-28,sz.001914,14.4964975100,14.5920578100,14.3244889700,14.4296053000,14.4773854500,2660700,40140647.0000,2,0.251000,1,-0.330000,25.293415,1.715299,1.160889,13.355085,0
2023-06-29,sz.001914,14.4104932400,14.4773854500,14.1429244000,14.2671527900,14.4296053000,2236995,33431648.2300,2,0.211000,1,-1.125800,25.008655,1.695987,1.147819,13.204730,0
2023-06-30,sz.001914,14.3340450000,14.4773854500,14.2098166100,14.3818251500,14.2671527900,2575188,38802623.4000,2,0.242900,1,0.803800,25.209662,1.709619,1.157045,13.310863,0
2023-07-03,sz.001914,14.3436010300,14.5538336900,14.2862648500,14.4104932400,14.3818251500,2404940,36393091.6000,2,0.226800,1,0.199300,25.259914,1.713027,1.159351,13.337396,0
2023-07-04,sz.001914,14.4773854500,14.4773854500,14.0760321900,14.2480407300,14.4104932400,3429756,51042818.9100,2,0.323500,1,-1.127300,24.975153,1.693715,1.146281,13.187041,0
2023-07-05,sz.001914,14.2002605800,14.2767088200,14.0473641000,14.1620364600,14.2480407300,1969278,29216853.1800,2,0.185700,1,-0.603600,24.824398,1.683492,1.139362,13.107441,0
2023-07-06,sz.001914,14.1620364600,14.2289286700,13.9518038000,13.9900279200,14.1620364600,4608490,67758788.7000,2,0.434700,1,-1.214600,24.522887,1.663044,1.125524,12.948242,0
2023-07-07,sz.001914,13.9804718900,14.1238123400,13.8944676200,13.9326917400,13.9900279200,2198800,32173064.4300,2,0.207400,1,-0.409800,24.422383,1.656229,1.120911,12.895175,0
2023-07-10,sz.001914,13.9804718900,14.0951442500,13.8944676200,13.9326917400,13.9326917400,2023008,29590427.3600,2,0.190800,1,0.000000,24.422383,1.656229,1.120911,12.895175,0
2023-07-11,sz.001914,14.0760321900,14.2384847000,13.9326917400,14.1524804300,13.9326917400,2497256,36801534.7400,2,0.235500,1,1.577500,24.807647,1.682356,1.138593,13.098597,0
2023-07-12,sz.001914,14.1524804300,14.3818251500,14.0091399800,14.0378080700,14.1524804300,3285900,48677421.0000,2,0.309900,1,-0.810300,24.606640,1.668724,1.129368,12.992464,0
2023-07-13,sz.001914,14.1047002800,14.1811485200,13.9995839500,14.1620364600,14.0378080700,2102867,31016188.9300,2,0.198300,1,0.885000,24.824398,1.683492,1.139362,13.107441,0
2023-07-14,sz.001914,14.1142563100,14.2575967600,14.0186960100,14.2480407300,14.1620364600,2502700,37127159.4400,2,0.236100,1,0.607300,24.975153,1.693715,1.146281,13.187041,0
2023-07-17,sz.001914,14.1715924900,14.2767088200,14.0378080700,14.2575967600,14.2480407300,3460000,51228001.4400,2,0.326300,1,0.067100,24.991904,1.694851,1.147050,13.195886,0
2023-07-18,sz.001914,14.2193726400,14.4200492700,14.1238123400,14.2958208800,14.2575967600,2701300,40398037.0000,2,0.254800,1,0.268100,25.058906,1.699395,1.150125,13.231263,0
2023-07-19,sz.001914,14.3340450000,14.4869414800,14.2575967600,14.4296053000,14.2958208800,3094431,46618356.9300,2,0.291900,1,0.935800,25.293415,1.715299,1.160889,13.355085,0
2023-07-20,sz.001914,14.4391613300,14.8691826800,14.3818251500,14.5729457500,14.4296053000,6308961,96554680.9900,2,0.595100,1,0.993400,25.544674,1.732338,1.172421,13.487752,0
2023-07-21,sz.001914,14.6398379600,14.8596266500,14.5251656000,14.7449542900,14.5729457500,5492251,84661151.9800,2,0.518000,1,1.180300,25.846185,1.752785,1.186259,13.646951,0
2023-07-24,sz.001914,14.7545103200,14.8118465000,14.4296053000,14.6493939900,14.7449542900,3122492,47668336.0700,2,0.294500,1,-0.648100,25.678679,1.741426,1.178571,13.558507,0
2023-07-25,sz.001914,14.8118465000,15.2705359400,14.6685060500,15.0698593100,14.6493939900,7808315,123480356.9600,2,0.736500,1,2.870200,26.415706,1.791408,1.212398,13.947662,0
2023-07-26,sz.001914,15.1463075500,15.6432211100,15.0794153400,15.3183160900,15.0698593100,11495510,185005657.0300,2,1.084200,1,1.648700,26.851221,1.820943,1.232387,14.177617,0
2023-07-27,sz.001914,15.1931575800,15.4434884400,15.0391078200,15.2027856900,15.3183230100,4846930,76908408.1700,2,0.457200,1,-0.754200,26.449207,1.793680,1.213936,13.965351,0
2023-07-28,sz.001914,15.4049760000,15.6360506400,15.2605543500,15.4049760000,15.2027856900,9284492,148737687.4400,2,0.875700,1,1.330000,26.800970,1.817535,1.230081,14.151084,0
2023-07-31,sz.001914,15.7034474100,16.0019188200,15.4531165500,15.6745630800,15.4049760000,12922800,211659180.4300,2,1.218900,1,1.750000,27.269986,1.849342,1.251607,14.398728,0
2023-08-01,sz.001914,15.5975382000,15.8093566200,15.4531165500,15.5782819800,15.6745630800,7078300,114932376.2600,2,0.667600,1,-0.614300,27.102480,1.837982,1.243919,14.310283,0
2023-08-02,sz.001914,15.5205133200,15.8286128400,15.4627446600,15.5879100900,15.5782819800,7111644,115740812.0000,2,0.670800,1,0.061800,27.119231,1.839118,1.244688,14.319128,0
2023-08-03,sz.001914,15.5205133200,15.7708441800,15.4627446600,15.7227036300,15.5879100900,6342443,102916860.7000,2,0.598200,1,0.864700,27.353740,1.855022,1.255451,14.442950,0
2023-08-04,sz.001914,15.8093566200,15.9441501600,15.5012571000,15.5590257600,15.7227036300,3824131,62151870.1100,2,0.360700,1,-1.041000,27.068979,1.835710,1.242381,14.292595,0
2023-08-07,sz.001914,15.4338603300,15.5397695400,15.2316700200,15.3760916700,15.5590257600,5699059,90966678.7500,2,0.537500,1,-1.175700,26.750718,1.814127,1.227774,14.124550,0
2023-08-08,sz.001914,15.3183230100,15.5205133200,15.2027856900,15.2894386800,15.3760916700,2984157,47394097.3400,2,0.281500,1,-0.563600,26.599962,1.803903,1.220855,14.044951,0
2023-08-09,sz.001914,15.2509262400,15.4820008800,15.1835294700,15.2124138000,15.2894386800,3143214,49836115.8800,2,0.296500,1,-0.503800,26.465957,1.794816,1.214705,13.974195,0
2023-08-10,sz.001914,15.1739013600,15.3664635600,15.0968764800,15.3183230100,15.2124138000,2525500,40061714.6400,2,0.238200,1,0.696200,26.650214,1.807311,1.223161,14.071484,0
2023-08-11,sz.001914,15.4146041100,15.6745630800,15.1546451400,15.2124138000,15.3183230100,3689028,58640262.2300,2,0.347900,1,-0.691400,26.465957,1.794816,1.214705,13.974195,0
2023-08-14,sz.001914,14.9717110500,15.2605543500,14.7887769600,15.2220419100,15.2124138000,4755604,74263633.2800,2,0.448500,1,0.063300,26.482708,1.795952,1.215473,13.983040,0
2023-08-15,sz.001914,15.2027856900,15.2894386800,15.0198516000,15.1450170300,15.2220419100,3029934,47576042.1200,2,0.285800,1,-0.506000,26.348703,1.786864,1.209323,13.912284,0
2023-08-16,sz.001914,15.0679921500,15.4338603300,15.0198516000,15.2412981300,15.1450170300,2177400,34407795.0000,2,0.205400,1,0.635700,26.516209,1.798224,1.217011,14.000728,0
2023-08-17,sz.001914,15.1642732500,15.3664635600,15.0005953800,15.3183230100,15.2412981300,3514600,55568059.0000,2,0.331500,1,0.505400,26.650214,1.807311,1.223161,14.071484,0
2023-08-18,sz.001914,15.3183230100,15.7227036300,14.9909672700,14.9909672700,15.3183230100,3753600,59483390.0000,2,0.354000,1,-2.137000,26.080693,1.768689,1.197022,13.770773,0
2023-08-21,sz.001914,14.9235705000,15.1450170300,14.8272894000,14.8272894000,14.9909672700,3819600,59392878.0000,2,0.360300,1,-1.091800,25.795933,1.749377,1.183953,13.620418,0
2023-08-22,sz.001914,14.9331986100,15.0294797100,14.7791488500,14.9235705000,14.8272894000,3644300,56317119.0000,2,0.343700,1,0.649400,25.963439,1.760737,1.191641,13.708862,0
2023-08-23,sz.001914,14.8946861700,14.9235705000,14.6924958600,14.7791488500,14.9235705000,2877987,44185274.1900,2,0.271400,1,-0.967700,25.712180,1.743698,1.180109,13.576196,0
2023-08-24,sz.001914,14.7502645200,14.9909672700,14.4517931100,14.7887769600,14.7791488500,4072364,62394890.9700,2,0.384100,1,0.065100,25.728931,1.744834,1.180877,13.585040,0
2023-08-25,sz.001914,15.0776202600,15.3086949000,14.6443553100,15.0487359300,14.7887769600,9202396,142797617.9500,2,0.867900,1,1.757800,24.309296,1.731829,1.154508,-111.933132,0
2023-08-28,sz.001914,15.7419598500,15.9441501600,14.9909672700,15.1161327000,15.0487359300,15513029,247396769.2800,2,1.463000,1,0.447900,24.418167,1.739586,1.159678,-112.434433,0
2023-08-29,sz.001914,15.0487359300,15.3857197800,14.7791488500,15.3183230100,15.1161327000,9310849,145924800.3500,2,0.878100,1,1.337600,24.744780,1.762854,1.175190,-113.938333,0
2023-08-30,sz.001914,15.2316700200,15.5590257600,15.0583640400,15.3279511200,15.3183230100,7834441,124954781.6100,2,0.738900,1,0.062900,24.760333,1.763962,1.175928,-114.009947,0
2023-08-31,sz.001914,15.3086949000,15.5975382000,14.8080331800,14.8754299500,15.3279511200,6414022,100129094.7600,2,0.604900,1,-2.952300,24.029343,1.711885,1.141212,-110.644075,0
2023-09-01,sz.001914,14.9909672700,15.1161327000,14.7021239700,14.7984050700,14.8754299500,6047678,93630494.9800,2,0.570400,1,-0.517800,23.904919,1.703021,1.135303,-110.071161,0
2023-09-04,sz.001914,14.8850580600,15.4627446600,14.8176612900,15.1642732500,14.7984050700,8160324,128802134.8400,2,0.769600,1,2.472300,24.495932,1.745126,1.163371,-112.792504,0
2023-09-05,sz.001914,15.1353889200,15.1353889200,14.7598926300,14.8369175100,15.1642732500,5003300,77327506.0000,2,0.471900,1,-2.158700,23.967131,1.707453,1.138257,-110.357618,0
2023-09-06,sz.001914,14.8754299500,14.9909672700,14.6443553100,14.9717110500,14.8369175100,5568037,85677853.2200,2,0.525100,1,0.908500,24.184873,1.722965,1.148598,-111.360218,0
2023-09-07,sz.001914,14.8754299500,15.1161327000,14.6636115300,14.7117520800,14.9717110500,5165100,79655007.6200,2,0.487100,1,-1.736300,23.764942,1.693049,1.128655,-109.426632,0
2023-09-08,sz.001914,14.6828677500,14.7117520800,14.2688590200,14.4421650000,14.7117520800,5307299,79845352.9000,2,0.500500,1,-1.832500,23.329459,1.662024,1.107973,-107.421432,0
2023-09-11,sz.001914,14.4614212200,14.5288179900,14.3458839000,14.4421650000,14.4421650000,5083100,76281937.0000,2,0.479400,1,0.000000,23.329459,1.662024,1.107973,-107.421432,0
2023-09-12,sz.001914,14.4421650000,14.4614212200,14.1436935900,14.3651401200,14.4421650000,3536500,52639225.0000,2,0.333500,1,-0.533300,23.205035,1.653160,1.102064,-106.848518,0
2023-09-13,sz.001914,14.3843963400,14.4806774400,14.2399746900,14.3651401200,14.3651401200,2921900,43563361.0000,2,0.275600,1,0.000000,23.205035,1.653160,1.102064,-106.848518,0
2023-09-14,sz.001914,14.3458839000,14.4421650000,14.2592309100,14.3266276800,14.3651401200,1935100,28815613.0400,2,0.182500,1,-0.268100,23.142823,1.648728,1.099109,-106.562061,0
2023-09-15,sz.001914,14.3843963400,14.4229087800,14.1725779200,14.2592309100,14.3266276800,2619692,38790728.5200,2,0.247100,1,-0.470400,23.033953,1.640972,1.093938,-106.060761,0
2023-09-18,sz.001914,14.1822060300,14.3458839000,14.0859249300,14.2784871300,14.2592309100,4640896,68650408.6000,2,0.437700,1,0.135000,23.065059,1.643188,1.095416,-106.203989,0
2023-09-19,sz.001914,14.2496028000,14.4999336600,14.2207184700,14.3169995700,14.2784871300,3200100,47740487.6500,2,0.301800,1,0.269700,23.127271,1.647620,1.098370,-106.490447,0
2023-09-20,sz.001914,14.2881152400,14.3940244500,14.1918341400,14.2688590200,14.3169995700,2401400,35668394.0000,2,0.226500,1,-0.336200,23.049506,1.642080,1.094677,-106.132375,0
2023-09-21,sz.001914,14.2784871300,14.4517931100,14.0666687100,14.1533217000,14.2688590200,6688200,98574446.0000,2,0.630800,1,-0.809700,22.862870,1.628784,1.085813,-105.273004,0
2023-09-22,sz.001914,14.1051811500,14.3073714600,14.0666687100,14.2303465800,14.1533217000,3791377,55872320.0300,2,0.357600,1,0.544200,22.987294,1.637648,1.091723,-105.845918,0
2023-09-25,sz.001914,14.1822060300,14.2207184700,13.9126189500,13.9800157200,14.2303465800,4482404,65197124.2400,2,0.422700,1,-1.759100,22.582916,1.608840,1.072518,-103.983947,0
2023-09-26,sz.001914,13.9703876100,14.0570406000,13.7970816300,13.8355940700,13.9800157200,3055866,44060327.1100,2,0.288200,1,-1.033100,22.349622,1.592219,1.061438,-102.909732,0
2023-09-27,sz.001914,13.7874535200,13.9607595000,13.7393129700,13.9318751700,13.8355940700,3262643,47083567.1600,2,0.307700,1,0.695900,22.505152,1.603300,1.068824,-103.625875,0
2023-09-28,sz.001914,13.8644784000,13.9896438300,13.7681973000,13.8933627300,13.9318751700,3911751,56386577.9100,2,0.368900,1,-0.276400,22.442940,1.598868,1.065870,-103.339418,0
2023-10-09,sz.001914,13.8644784000,13.8741065100,13.5563788800,13.6237756500,13.8933627300,4818800,68394832.0000,2,0.454500,1,-1.940400,22.007456,1.567843,1.045188,-101.334218,0
2023-10-10,sz.001914,13.6334037600,13.7489410800,13.4793540000,13.5371226600,13.6237756500,3009800,42386445.0000,2,0.283900,1,-0.636000,21.867480,1.557871,1.038540,-100.689689,0
2023-10-11,sz.001914,13.5274945500,13.6815443100,13.3927010100,13.4312134500,13.5371226600,4868751,68255375.9800,2,0.459200,1,-0.782400,21.696397,1.545683,1.030415,-99.901932,0
2023-10-12,sz.001914,13.5178664400,13.6141475400,13.4215853400,13.5082383300,13.4312134500,2290254,32163801.0700,2,0.216000,1,0.573500,21.820821,1.554547,1.036324,-100.474846,0
2023-10-13,sz.001914,13.4600977800,13.5660069900,13.2867918000,13.3541885700,13.5082383300,2764055,38346861.6800,2,0.260700,1,-1.140400,21.571973,1.536819,1.024506,-99.329018,0
2023-10-16,sz.001914,13.3156761300,13.4408415600,13.0942296000,13.1712544800,13.3541885700,3360814,46139083.7000,2,0.317000,1,-1.369900,21.276467,1.515766,1.010471,-97.968346,0
2023-10-17,sz.001914,13.1808825900,13.2193950300,12.9401798400,13.1134858200,13.1712544800,2546400,34619404.0000,2,0.240100,1,-0.438600,21.183149,1.509118,1.006039,-97.538661,0
2023-10-18,sz.001914,13.1038577100,13.1134858200,12.8920392900,12.9209236200,13.1134858200,4712700,63491102.0000,2,0.444500,1,-1.468400,20.872089,1.486958,0.991266,-96.106375,0
2023-10-19,sz.001914,12.8438987400,13.1038577100,12.7572457500,12.7668738600,12.9209236200,2928800,39189255.0000,2,0.276200,1,-1.192300,20.623242,1.469230,0.979448,-94.960546,0
2023-10-20,sz.001914,12.7861300800,12.9786922800,12.7091052000,12.7379895300,12.7668738600,4676423,62188004.6300,2,0.441000,1,-0.226200,20.576583,1.465906,0.977232,-94.745703,0
2023-10-23,sz.001914,12.6898489800,12.7379895300,12.4684024500,12.5454273300,12.7379895300,3864700,50531227.0000,2,0.364500,1,-1.511700,20.265524,1.443745,0.962459,-93.313418,0
2023-10-24,sz.001914,12.5454273300,12.9016674000,12.4972867800,12.7765019700,12.5454273300,6546000,86646135.7000,2,0.617300,1,1.841900,20.638795,1.470338,0.980187,-95.032160,0
2023-10-25,sz.001914,12.8246425200,12.9594360600,12.6994770900,12.8053863000,12.7765019700,4795000,64063759.4800,2,0.452200,1,0.226100,20.685454,1.473662,0.982403,-95.247003,0
2023-10-26,sz.001914,12.7476176400,12.8438987400,12.6128241000,12.7379895300,12.8053863000,3960006,52344611.3200,2,0.373500,1,-0.526300,20.576583,1.465906,0.977232,-94.745703,0
2023-10-27,sz.001914,12.7379895300,13.1134858200,12.6128241000,13.0268328300,12.7379895300,4447800,59763420.0000,2,0.419500,1,2.267600,20.037868,1.491596,0.975774,-30.434391,0
2023-10-30,sz.001914,12.9401798400,13.0075766100,12.7187333100,12.7476176400,13.0268328300,8101569,107852773.1100,2,0.764100,1,-2.143400,19.608379,1.459625,0.954860,-29.782065,0
2023-10-31,sz.001914,12.7187333100,12.9690641700,12.6224522100,12.8631549600,12.7476176400,6040604,80226996.1400,2,0.569700,1,0.906300,19.786099,1.472854,0.963514,-30.051993,0
2023-11-01,sz.001914,12.8727830700,13.0749733800,12.7283614200,12.9786922800,12.8631549600,3816600,51239199.4400,2,0.359900,1,0.898200,19.963818,1.486083,0.972168,-30.321921,0
2023-11-02,sz.001914,12.9305517300,13.0075766100,12.8150144100,12.8824111800,12.9786922800,2543692,34067606.9200,2,0.239900,1,-0.741800,19.815719,1.475059,0.964956,-30.096981,0
2023-11-03,sz.001914,12.8727830700,13.0846014900,12.7668738600,13.0557171600,12.8824111800,5012984,67596355.2400,2,0.472800,1,1.345300,20.082298,1.494903,0.977938,-30.501873,0
2023-11-06,sz.001914,13.0364609400,13.6334037600,13.0172047200,13.5467507700,13.0557171600,5968217,83107438.8100,2,0.562900,1,3.761100,20.837606,1.551127,1.014719,-31.649067,0
2023-11-07,sz.001914,13.4793540000,13.5371226600,13.2290231400,13.2675355800,13.5467507700,4753401,65721017.8100,2,0.448300,1,-2.061100,20.408117,1.519157,0.993804,-30.996741,0
2023-11-08,sz.001914,13.2579074700,13.4793540000,13.2386512500,13.3734447900,13.2675355800,3501800,48578794.0000,2,0.330300,1,0.798300,20.571026,1.531283,1.001737,-31.244175,0
2023-11-09,sz.001914,13.3830729000,13.4600977800,13.2771636900,13.3638166800,13.3734447900,2970654,41227986.0600,2,0.280200,1,-0.072000,20.556216,1.530181,1.001016,-31.221681,0
2023-11-10,sz.001914,13.3445604600,13.3445604600,13.1519982600,13.2579074700,13.3638166800,2469201,33964223.7500,2,0.232900,1,-0.792500,20.393307,1.518054,0.993083,-30.974247,0
2023-11-13,sz.001914,13.2675355800,13.3541885700,13.1134858200,13.3253042400,13.2579074700,2806288,38544497.7600,2,0.264700,1,0.508400,20.496977,1.525771,0.998131,-31.131705,0
2023-11-14,sz.001914,13.3156761300,13.4986102200,13.2290231400,13.3638166800,13.3253042400,3406600,47434650.0000,2,0.321300,1,0.289000,20.556216,1.530181,1.001016,-31.221681,0
2023-11-15,sz.001914,13.4793540000,13.5178664400,13.2867918000,13.3541885700,13.3638166800,2445983,33995742.5900,2,0.230700,1,-0.072000,20.541406,1.529078,1.000295,-31.199187,0
2023-11-16,sz.001914,13.3541885700,13.4023291200,13.2290231400,13.3253042400,13.3541885700,2948800,40759762.0000,2,0.278100,1,-0.216300,20.496977,1.525771,0.998131,-31.131705,0
2023-11-17,sz.001914,13.2867918000,13.2867918000,13.1134858200,13.2386512500,13.3253042400,1610100,22112955.0000,2,0.151800,1,-0.650300,20.363687,1.515849,0.991641,-30.929259,0
2023-11-20,sz.001914,13.3060480200,13.4215853400,13.0557171600,13.1038577100,13.2386512500,3910375,53483270.2500,2,0.368800,1,-1.018200,20.156348,1.500415,0.981544,-30.614343,0
2023-11-21,sz.001914,13.1231139300,13.4312134500,13.1231139300,13.3156761300,13.1038577100,4134354,57218479.5400,2,0.389900,1,1.616500,20.482167,1.524669,0.997410,-31.109211,0
2023-11-22,sz.001914,13.2386512500,13.5274945500,13.1808825900,13.2290231400,13.3156761300,5712650,79099063.1400,2,0.538800,1,-0.650800,20.348877,1.514747,0.990919,-30.906765,0
2023-11-23,sz.001914,13.2001388100,13.3830729000,13.0557171600,13.3445604600,13.2290231400,5298745,73126861.2600,2,0.499700,1,0.873400,20.526597,1.527976,0.999574,-31.176693,0
2023-11-24,sz.001914,13.3734447900,13.4600977800,13.1905107000,13.3156761300,13.3445604600,3200756,44251872.8400,2,0.301900,1,-0.216500,20.482167,1.524669,0.997410,-31.109211,0
2023-11-27,sz.001914,13.2097669200,13.2482793600,12.8535268500,12.9498079500,13.3156761300,3694446,49745331.3200,2,0.348400,1,-2.747700,19.919388,1.482776,0.970005,-30.254439,0
2023-11-28,sz.001914,12.9112955100,13.0653452700,12.8053863000,13.0075766100,12.9498079500,2984633,40183305.5000,2,0.281500,1,0.446100,20.008248,1.489391,0.974332,-30.389403,0
2023-11-29,sz.001914,12.9305517300,13.0460890500,12.6705927600,12.7379895300,13.0075766100,3387200,44932812.0000,2,0.319400,1,-2.072500,19.593569,1.458523,0.954139,-29.759571,0
2023-11-30,sz.001914,12.8342706300,12.8342706300,12.6609646500,12.7957581900,12.7379895300,1830433,24245853.5700,2,0.172600,1,0.453500,19.682429,1.465137,0.958466,-29.894535,0
2023-12-01,sz.001914,12.7668738600,12.8631549600,12.6513365400,12.7957581900,12.7957581900,2861000,37909265.0000,2,0.269800,1,0.000000,19.682429,1.465137,0.958466,-29.894535,0
2023-12-04,sz.001914,12.7765019700,12.8053863000,12.5454273300,12.6994770900,12.7957581900,2381633,31298808.9500,2,0.224600,1,-0.752400,19.534330,1.454113,0.951254,-29.669595,0
2023-12-05,sz.001914,12.6128241000,12.6802208700,12.5261711100,12.5261711100,12.6994770900,1960303,25654101.1500,2,0.184900,1,-1.364700,19.267750,1.434269,0.938272,-29.264703,0
2023-12-06,sz.001914,12.4972867800,12.8053863000,12.4684024500,12.6802208700,12.5261711100,2135200,28013005.0000,2,0.201400,1,1.229800,19.504710,1.451908,0.949811,-29.624607,0
2023-12-07,sz.001914,12.6802208700,12.7091052000,12.5261711100,12.6417084300,12.6802208700,1689002,22114900.5400,2,0.159300,1,-0.303700,19.445470,1.447498,0.946927,-29.534631,0
2023-12-08,sz.001914,12.6320803200,12.6898489800,12.3047245800,12.3047245800,12.6417084300,3784719,48830737.0400,2,0.356900,1,-2.665700,18.927121,1.408913,0.921685,-28.747340,0
2023-12-11,sz.001914,12.2565840300,12.4202619000,12.0832780500,12.3528651300,12.3047245800,3450984,43883383.8400,2,0.325500,1,0.391200,19.001171,1.414425,0.925291,-28.859810,0
2023-12-12,sz.001914,12.3817494600,12.5646835500,12.3143526900,12.5165430000,12.3528651300,2553280,33087891.7600,2,0.240800,1,1.325000,19.252940,1.433167,0.937551,-29.242209,0
2023-12-13,sz.001914,12.5069148900,12.5357992200,12.3239808000,12.3817494600,12.5165430000,2063603,26691498.4000,2,0.194600,1,-1.076900,19.045601,1.417732,0.927454,-28.927292,0
2023-12-14,sz.001914,12.4780305600,12.5743116600,12.4106337900,12.4106337900,12.3817494600,2007600,26050878.0000,2,0.189300,1,0.233300,19.090031,1.421040,0.929618,-28.994774,0
2023-12-15,sz.001914,12.5646835500,12.7091052000,12.3817494600,12.4010056800,12.4106337900,3390700,44166758.0000,2,0.319800,1,-0.077600,19.075221,1.419937,0.928897,-28.972280,0
2023-12-18,sz.001914,12.3336089100,12.4876586700,12.1506748200,12.2469559200,12.4010056800,2382982,30447412.6500,2,0.224700,1,-1.242200,18.838262,1.402298,0.917358,-28.612376,0
2023-12-19,sz.001914,12.1603029300,12.2662121400,11.9966250600,12.1025342700,12.2469559200,1891936,23800095.8000,2,0.178400,1,-1.179200,18.616112,1.385762,0.906540,-28.274966,0
2023-12-20,sz.001914,12.1025342700,12.1603029300,11.6692693200,11.7077817600,12.1025342700,3513200,43177459.9700,2,0.331300,1,-3.261700,18.008904,1.340562,0.876971,-27.352712,0
2023-12-21,sz.001914,11.6981536500,11.9677407300,11.6115006600,11.8618315200,11.7077817600,3190610,39147332.6900,2,0.300900,1,1.315800,18.245864,1.358201,0.888510,-27.712616,0
2023-12-22,sz.001914,11.8618315200,11.9773688400,11.6307568800,11.8136909700,11.8618315200,3786216,46199130.7500,2,0.357100,1,-0.405800,18.171814,1.352689,0.884904,-27.600146,0
2023-12-25,sz.001914,11.7655504200,11.8810877400,11.4863352300,11.5826163300,11.8136909700,3034830,36602230.3900,2,0.286200,1,-1.956000,17.816375,1.326230,0.867595,-27.060290,0
2023-12-26,sz.001914,11.5826163300,11.6115006600,11.3226573600,11.3419135800,11.5826163300,2936340,34846247.3000,2,0.276900,1,-2.078100,17.446126,1.298669,0.849566,-26.497940,0
2023-12-27,sz.001914,11.3130292500,11.3900541300,11.1782357100,11.3515416900,11.3419135800,3019900,35436422.0000,2,0.284800,1,0.084900,17.460936,1.299772,0.850287,-26.520434,0
2023-12-28,sz.001914,11.3322854700,11.6500131000,11.2745168100,11.6018725500,11.3515416900,3092173,36996883.6400,2,0.291600,1,2.205300,17.845995,1.328435,0.869038,-27.105278,0
2023-12-29,sz.001914,11.5922444400,11.6692693200,11.3515416900,11.5152195600,11.6018725500,5886502,70242981.9800,2,0.555200,1,-0.746900,17.712705,1.318513,0.862547,-26.902832,0
2024-01-02,sz.001914,11.5441038900,11.6018725500,11.4285665700,11.4381946800,11.5152195600,3175844,37936665.3300,2,0.299500,1,-0.668900,17.594226,1.309694,0.856777,-26.722880,0
2024-01-03,sz.001914,11.4381946800,11.5441038900,11.2167481500,11.3707979100,11.4381946800,3447412,40861736.2000,2,0.325100,1,-0.589200,17.490556,1.301977,0.851729,-26.565422,0
2024-01-04,sz.001914,11.3515416900,11.3611698000,11.1493513800,11.2552605900,11.3707979100,3493103,40804639.0900,2,0.329400,1,-1.016100,17.312836,1.288747,0.843075,-26.295494,0
2024-01-05,sz.001914,11.2263762600,11.4574509000,11.1204670500,11.1493513800,11.2552605900,5193000,60843927.9400,2,0.489700,1,-0.941000,17.149927,1.276621,0.835142,-26.048060,0
2024-01-08,sz.001914,11.1686076000,11.3034011400,10.8701361900,10.8990205200,11.1493513800,4235582,48560521.4100,2,0.399500,1,-2.245300,16.764868,1.247957,0.816391,-25.463215,0
2024-01-09,sz.001914,10.8893924100,11.1878638200,10.8701361900,11.0915827200,10.8990205200,3266600,37442774.0000,2,0.308100,1,1.766800,17.061067,1.270006,0.830815,-25.913096,0
2024-01-10,sz.001914,11.0145578400,11.1493513800,10.9086486300,11.0049297300,11.0915827200,4097585,46977904.2000,2,0.386400,1,-0.781300,16.927778,1.260084,0.824324,-25.710649,0
2024-01-11,sz.001914,10.9953016200,11.1686076000,10.9375329600,11.1397232700,11.0049297300,2559430,29396368.6000,2,0.241400,1,1.224800,17.135117,1.275518,0.834421,-26.025566,0
2024-01-12,sz.001914,11.1300951600,11.2552605900,11.0530702800,11.1204670500,11.1397232700,2060700,23852744.0000,2,0.194300,1,-0.172900,17.105497,1.273313,0.832978,-25.980578,0
2024-01-15,sz.001914,11.0723265000,11.1686076000,10.9182767400,11.0915827200,11.1204670500,3206077,36803718.5700,2,0.302400,1,-0.259700,17.061067,1.270006,0.830815,-25.913096,0
2024-01-16,sz.001914,11.1012108300,11.1782357100,10.8893924100,11.0049297300,11.0915827200,2359493,27039533.0800,2,0.222500,1,-0.781300,16.927778,1.260084,0.824324,-25.710649,0
2024-01-17,sz.001914,10.9760454000,11.0626983900,10.6872021000,10.6872021000,11.0049297300,3205925,36237264.9700,2,0.302300,1,-2.887100,16.439049,1.223704,0.800524,-24.968347,0
2024-01-18,sz.001914,10.7160864300,10.7353426500,10.2828214800,10.5716647800,10.6872021000,5667179,61744875.4400,2,0.534500,1,-1.081100,16.261330,1.210474,0.791870,-24.698419,0
2024-01-19,sz.001914,10.6294334400,10.7353426500,10.3791025800,10.4753836800,10.5716647800,6275363,68770130.5200,2,0.591800,1,-0.910700,16.113230,1.199450,0.784658,-24.473479,0
2024-01-22,sz.001914,10.4464993500,10.4753836800,9.7436473200,9.8495565300,10.4753836800,11036752,115089474.8100,2,1.040900,1,-5.974300,15.150583,1.127792,0.737781,-23.011369,0
2024-01-23,sz.001914,9.7821597600,10.1672841600,9.6088537800,10.0613749500,9.8495565300,6945444,71638503.3200,2,0.655000,1,2.150500,15.476402,1.152045,0.753647,-23.506237,0
2024-01-24,sz.001914,10.0902592800,10.4176150200,9.9362095200,10.3020777000,10.0613749500,6397600,67796740.0000,2,0.603400,1,2.392300,15.846651,1.179606,0.771677,-24.068587,0
2024-01-25,sz.001914,10.4464993500,10.7738550900,10.3887306900,10.7545988700,10.3020777000,7489399,82233180.1900,2,0.706300,1,4.392500,16.542719,1.231421,0.805573,-25.125805,0
2024-01-26,sz.001914,10.7738550900,11.1493513800,10.7160864300,10.8316237500,10.7545988700,7725668,87740873.0800,2,0.728600,1,0.716200,16.661198,1.240240,0.811342,-25.305757,0
2024-01-29,sz.001914,10.9664172900,11.0723265000,10.6390615500,10.7064583200,10.8316237500,7785847,87260948.3000,2,0.734300,1,-1.155600,16.468669,1.225909,0.801967,-25.013335,0
2024-01-30,sz.001914,10.5620366700,10.7931113100,10.2828214800,10.3020777000,10.7064583200,5708192,62288116.5600,2,0.538300,1,-3.777000,15.846651,1.179606,0.771677,-24.068587,0
2024-01-31,sz.001914,10.3309620300,10.3309620300,9.9554657400,10.0132344000,10.3020777000,6827754,71650629.4500,2,0.643900,1,-2.803700,15.402352,1.146533,0.750041,-23.393767,0
2024-02-01,sz.001914,9.9554657400,10.2346809300,9.6858786600,9.9458376300,10.0132344000,7601070,78578782.0300,2,0.716900,1,-0.673100,15.298683,1.138816,0.744993,-23.236309,0
2024-02-02,sz.001914,9.9650938500,10.2539371500,9.4740602400,9.6762505500,9.9458376300,7337538,75408554.5200,2,0.692000,1,-2.710600,14.884004,1.107948,0.724799,-22.606477,0
2024-02-05,sz.001914,9.6762505500,9.9073251900,9.0985639500,9.4933164600,9.6762505500,10596175,103602751.3300,2,0.999300,1,-1.890500,14.602615,1.087002,0.711096,-22.179090,0
2024-02-06,sz.001914,9.2429856000,10.0613749500,9.1370763900,10.0517468400,9.4933164600,8360391,83783414.1000,2,0.788500,1,5.882400,15.461592,1.150943,0.752926,-23.483743,0
2024-02-07,sz.001914,10.0517468400,11.0530702800,9.9843500700,11.0530702800,10.0517468400,12217269,136442438.4900,2,1.152200,1,9.961700,17.001827,1.265596,0.827930,-25.823120,0
2024-02-08,sz.001914,11.5441038900,12.0255093900,10.8412518600,11.0241859500,11.0530702800,14721637,174618575.9000,2,1.388400,1,-0.261300,16.957398,1.262289,0.825766,-25.755638,0
2024-02-19,sz.001914,10.9664172900,11.1012108300,10.5042680100,10.9086486300,11.0241859500,11244603,125333006.1600,2,1.060500,1,-1.048000,16.779678,1.249060,0.817112,-25.485709,0
2024-02-20,sz.001914,10.6872021000,10.8893924100,10.5620366700,10.7834832000,10.9086486300,6631610,73857880.0800,2,0.625400,1,-1.147400,16.587149,1.234728,0.807736,-25.193287,0
2024-02-21,sz.001914,10.7353426500,11.3034011400,10.6198053300,10.9664172900,10.7834832000,8445587,96906111.7100,2,0.796500,1,1.696400,16.868538,1.255674,0.821439,-25.620673,0
2024-02-22,sz.001914,10.9375329600,11.0338140600,10.8027394200,10.9953016200,10.9664172900,6352241,72020254.2000,2,0.599100,1,0.263400,16.912968,1.258982,0.823603,-25.688156,0
2024-02-23,sz.001914,10.9953016200,11.0530702800,10.7353426500,10.9664172900,10.9953016200,5531600,62376249.5600,2,0.521700,1,-0.262700,16.868538,1.255674,0.821439,-25.620673,0
2024-02-26,sz.001914,10.9086486300,10.9760454000,10.7064583200,10.8412518600,10.9664172900,5650480,63487838.5300,2,0.532900,1,-1.141400,16.676008,1.241343,0.812064,-25.328251,0
2024-02-27,sz.001914,10.7834832000,10.9664172900,10.7160864300,10.9664172900,10.8412518600,4600517,51925494.0700,2,0.433900,1,1.154500,16.868538,1.255674,0.821439,-25.620673,0
2024-02-28,sz.001914,10.9567891800,11.1493513800,10.7931113100,10.8027394200,10.9664172900,7052888,80436361.6700,2,0.665200,1,-1.492500,16.616769,1.236933,0.809179,-25.238275,0
2024-02-29,sz.001914,10.7545988700,11.0145578400,10.7449707600,11.0145578400,10.8027394200,4930500,55801926.0000,2,0.465000,1,1.960800,16.942588,1.261187,0.825045,-25.733144,0
2024-03-01,sz.001914,11.0145578400,11.2071200400,10.8797643000,10.9953016200,11.0145578400,3567673,40735307.3300,2,0.336500,1,-0.174800,16.912968,1.258982,0.823603,-25.688156,0
2024-03-04,sz.001914,10.9086486300,11.0915827200,10.6005491100,10.7257145400,10.9953016200,5364201,59685917.1000,2,0.505900,1,-2.451800,16.498289,1.228113,0.803409,-25.058323,0
2024-03-05,sz.001914,10.6583177700,10.7160864300,10.4946399000,10.5909210000,10.7257145400,5340634,58643733.9000,2,0.503700,1,-1.256700,16.290950,1.212679,0.793312,-24.743407,0
2024-03-06,sz.001914,10.5331523400,10.6294334400,10.3309620300,10.5427804500,10.5909210000,4981801,54185310.9100,2,0.469800,1,-0.454500,16.216900,1.207167,0.789707,-24.630937,0
2024-03-07,sz.001914,10.5427804500,10.6005491100,10.3598463600,10.3598463600,10.5427804500,4571400,49854959.0000,2,0.431100,1,-1.735200,15.935511,1.186221,0.776004,-24.203551,0
2024-03-08,sz.001914,10.3598463600,10.4561274600,10.2443090400,10.3598463600,10.3598463600,2893400,31046355.0000,2,0.272900,1,0.000000,15.935511,1.186221,0.776004,-24.203551,0
2024-03-11,sz.001914,10.5138961200,10.5812928900,10.2731933700,10.5716647800,10.3598463600,3790100,41035553.0000,2,0.357400,1,2.044600,16.261330,1.210474,0.791870,-24.698419,0
2024-03-12,sz.001914,10.5427804500,10.9664172900,10.4657555700,10.8316237500,10.5716647800,8784009,97973948.1300,2,0.828400,1,2.459000,16.661198,1.240240,0.811342,-25.305757,0
2024-03-13,sz.001914,10.7834832000,10.8219956400,10.6486896600,10.7449707600,10.8316237500,5083845,56682815.4800,2,0.479500,1,-0.800000,16.527909,1.230318,0.804852,-25.103311,0
2024-03-14,sz.001914,10.7353426500,11.0241859500,10.6679458800,10.8412518600,10.7449707600,9472423,106479880.4900,2,0.893300,1,0.896100,16.676008,1.241343,0.812064,-25.328251,0
2024-03-15,sz.001914,10.8027394200,11.1012108300,10.6101772200,10.7064583200,10.8412518600,8665031,96471535.8600,2,0.817200,1,-1.243300,16.468669,1.225909,0.801967,-25.013335,0
2024-03-18,sz.001914,10.7353426500,10.7642269800,10.2731933700,10.5427804500,10.7064583200,11152730,121184306.7600,2,1.051800,1,-1.528800,15.781322,1.189708,0.743011,9.819530,0
2024-03-19,sz.001914,10.5427804500,10.5427804500,10.3502182500,10.4079869100,10.5427804500,6279224,68094720.4800,2,0.592200,1,-1.278500,15.579552,1.174497,0.733511,9.693983,0
2024-03-20,sz.001914,10.3791025800,10.4368712400,10.2346809300,10.2443090400,10.4079869100,9635508,103085701.3600,2,0.908700,1,-1.572600,15.334545,1.156027,0.721976,9.541534,0
2024-03-21,sz.001914,10.2443090400,10.3694744700,10.1287717200,10.2828214800,10.2443090400,12613954,134436630.1800,2,1.189600,1,0.375900,15.392194,1.160373,0.724690,9.577404,0
2024-03-22,sz.001914,10.2346809300,10.2346809300,9.9169533000,10.0421187300,10.2828214800,8683208,90702167.8600,2,0.818900,1,-2.340800,15.031890,1.133211,0.707726,9.353214,0
2024-03-25,sz.001914,10.0132344000,10.2924495900,9.9169533000,10.0421187300,10.0421187300,9740416,102504898.0800,2,0.918600,1,0.000000,15.031890,1.133211,0.707726,9.353214,0
2024-03-26,sz.001914,10.0613749500,10.1576560500,9.9362095200,10.0902592800,10.0421187300,8055435,83916432.6500,2,0.759700,1,0.479400,15.103951,1.138643,0.711119,9.398052,0
2024-03-27,sz.001914,10.0613749500,10.0613749500,9.8206722000,9.8495565300,10.0902592800,8420362,87200637.7200,2,0.794100,1,-2.385500,14.743646,1.111481,0.694155,9.173862,0
2024-03-28,sz.001914,9.8495565300,9.9458376300,9.7725316500,9.8206722000,9.8495565300,5468702,56063265.7600,2,0.515700,1,-0.293300,14.700410,1.108221,0.692120,9.146959,0
2024-03-29,sz.001914,9.7725316500,9.8399284200,9.6762505500,9.7147629900,9.8206722000,6896903,69725361.2100,2,0.650400,1,-1.078400,14.541876,1.096270,0.684655,9.048315,0
2024-04-01,sz.001914,9.7725316500,9.9939781800,9.7532754300,9.9458376300,9.7147629900,8174986,84077864.0200,2,0.771000,1,2.378600,14.887768,1.122346,0.700941,9.263538,0
2024-04-02,sz.001914,9.9458376300,9.9939781800,9.8495565300,9.9073251900,9.9458376300,6619998,68137645.7400,2,0.624300,1,-0.387200,14.830119,1.118000,0.698226,9.227668,0
2024-04-03,sz.001914,9.8591846400,9.9458376300,9.8014159800,9.8303003100,9.9073251900,4764500,48782388.0000,2,0.449300,1,-0.777500,14.714822,1.109308,0.692798,9.155927,0
2024-04-08,sz.001914,9.8110440900,9.8495565300,9.5414570100,9.5607132300,9.8303003100,7933992,79604718.0600,2,0.748200,1,-2.742400,14.311281,1.078886,0.673799,8.904834,0
2024-04-09,sz.001914,9.5799694500,9.7243911000,9.5607132300,9.6858786600,9.5607132300,4596029,46108409.8700,2,0.433400,1,1.309200,14.498640,1.093010,0.682620,9.021413,0
2024-04-10,sz.001914,9.6762505500,9.6762505500,9.4451759100,9.5414570100,9.6858786600,5123287,50705695.3300,2,0.483200,1,-1.491100,14.282457,1.076713,0.672442,8.886898,0
2024-04-11,sz.001914,9.4548040200,9.5992256700,9.4259196900,9.4933164600,9.5414570100,3519980,34849434.2800,2,0.332000,1,-0.504500,14.210396,1.071281,0.669049,8.842060,0
2024-04-12,sz.001914,9.4740602400,9.5510851200,9.2526137100,9.2622418200,9.4933164600,4845552,47111597.6600,2,0.457000,1,-2.434100,13.864504,1.045205,0.652764,8.626838,0
2024-04-15,sz.001914,9.2429856000,9.4548040200,9.1081920600,9.4548040200,9.2622418200,7504100,72897809.3000,2,0.707700,1,2.079000,14.152748,1.066935,0.666335,8.806190,0
2024-04-16,sz.001914,9.4644321300,9.6281100000,9.3585229200,9.4355478000,9.4548040200,8473391,83639331.5500,2,0.799100,1,-0.203700,14.123923,1.064762,0.664978,8.788255,0
2024-04-17,sz.001914,9.4066634700,9.6281100000,9.3970353600,9.5414570100,9.4355478000,8691529,85689419.6700,2,0.819700,1,1.122400,14.282457,1.076713,0.672442,8.886898,0
2024-04-18,sz.001914,9.4836883500,9.6377381100,9.3007542600,9.5510851200,9.5414570100,8757601,86273956.9200,2,0.825900,1,0.100900,14.296869,1.077800,0.673120,8.895866,0
2024-04-19,sz.001914,9.4740602400,9.5414570100,9.3681510300,9.4066634700,9.5510851200,7290212,71414447.0200,2,0.687500,1,-1.512100,14.080687,1.061502,0.662942,8.761352,0
2024-04-22,sz.001914,9.4162915800,9.6281100000,9.4162915800,9.5510851200,9.4066634700,6734428,66719469.8000,2,0.635100,1,1.535300,14.296869,1.077800,0.673120,8.895866,0
2024-04-23,sz.001914,9.4933164600,9.5318289000,9.3103823700,9.3970353600,9.5510851200,6949800,67804018.1200,2,0.655400,1,-1.612900,14.066275,1.060416,0.662263,8.752384,0
2024-04-24,sz.001914,9.3681510300,9.4259196900,9.2526137100,9.4259196900,9.3970353600,5654876,54836964.6000,2,0.533300,1,0.307400,14.109511,1.063675,0.664299,8.779287,0
2024-04-25,sz.001914,9.4162915800,9.7147629900,9.3874072500,9.6858786600,9.4259196900,11670420,116301750.1100,2,1.100600,1,2.757900,14.498640,1.093010,0.682620,9.021413,0
2024-04-26,sz.001914,9.6858786600,9.9169533000,9.3681510300,9.7436473200,9.6858786600,16614574,165894548.7400,2,1.566900,1,0.596400,14.463983,1.078394,0.668761,-40.603566,0
2024-04-29,sz.001914,9.6858786600,10.4272431300,9.6569943300,10.3887306900,9.7436473200,21821841,230696432.6800,2,2.058000,1,6.620600,15.421579,1.149790,0.713037,-43.291746,0
2024-04-30,sz.001914,10.3694744700,10.3694744700,10.0132344000,10.2828214800,10.3887306900,14023700,148865685.1200,2,1.322600,1,-1.019500,15.264362,1.138068,0.705768,-42.850403,0
2024-05-06,sz.001914,10.4946399000,10.7449707600,10.3309620300,10.3405901400,10.2828214800,15459082,168784243.1700,2,1.457900,1,0.561800,15.350117,1.144462,0.709733,-43.091136,0
2024-05-07,sz.001914,10.3309620300,11.0338140600,10.2539371500,10.8605080800,10.3405901400,23295060,259457262.8000,2,2.196900,1,5.027900,16.121910,1.202004,0.745418,-45.257729,0
2024-05-08,sz.001914,10.7353426500,10.7931113100,10.4561274600,10.4753836800,10.8605080800,14344300,158257131.8600,2,1.352800,1,-3.546100,15.550211,1.159380,0.718984,-43.652845,0
2024-05-09,sz.001914,10.5331523400,10.9760454000,10.4753836800,10.8219956400,10.4753836800,12571100,140683979.2500,2,1.185600,1,3.308800,16.064741,1.197742,0.742774,-45.097241,0
2024-05-10,sz.001914,10.8701361900,11.2456324800,10.6583177700,11.1108389400,10.8219956400,24799508,282870184.8500,2,2.338800,1,2.669000,16.493515,1.229710,0.762599,-46.300904,0
2024-05-13,sz.001914,10.9375329600,10.9953016200,10.7738550900,10.8219956400,11.1108389400,16161537,182036308.9000,2,1.524200,1,-2.599700,16.064741,1.197742,0.742774,-45.097241,0
2024-05-14,sz.001914,10.8219956400,11.0049297300,10.6390615500,10.9567891800,10.8219956400,12276920,138678340.9200,2,1.157800,1,1.245600,16.264835,1.212661,0.752026,-45.658950,0
2024-05-15,sz.001914,10.9279048500,11.6500131000,10.9086486300,11.2552605900,10.9567891800,18663759,218497566.5700,2,1.760200,1,2.724100,16.707902,1.245694,0.772512,-46.902736,0
2024-05-16,sz.001914,11.2841449200,12.3239808000,11.1686076000,11.9292282900,11.2552605900,37036008,454282042.7500,2,3.492800,1,5.988000,17.708375,1.320287,0.818770,-49.711283,0
2024-05-17,sz.001914,11.9292282900,13.0846014900,11.4189384600,12.8824111800,11.9292282900,56271403,698795794.7000,2,5.306900,1,7.990300,19.123330,1.425782,0.884192,-53.683371,0
2024-05-20,sz.001914,12.2662121400,12.4202619000,11.7751785300,12.0158812800,12.8824111800,45564711,570579153.3600,2,4.297200,1,-6.726500,17.837007,1.329877,0.824717,-50.072381,0
2024-05-21,sz.001914,11.8425753000,12.0255093900,11.5248476700,11.7077817600,12.0158812800,27725950,337650970.4400,2,2.614800,1,-2.564100,17.379648,1.295778,0.803571,-48.788474,0
2024-05-22,sz.001914,11.6885255400,12.4587743400,11.6500131000,11.8040628600,11.7077817600,41774878,523025735.6400,2,3.939800,1,0.822400,17.522573,1.306434,0.810179,-49.189695,0
2024-05-23,sz.001914,11.5922444400,11.7270379800,11.3996822400,11.5537320000,11.8040628600,23624104,283119208.4300,2,2.228000,1,-2.120700,17.150969,1.278728,0.792997,-48.146521,0
2024-05-24,sz.001914,11.4285665700,11.4959633400,11.1782357100,11.3515416900,11.5537320000,14303300,168873265.6000,2,1.348900,1,-1.750000,16.850827,1.256350,0.779120,-47.303957,0
2024-05-27,sz.001914,11.3515416900,11.6596412100,11.1878638200,11.6211287700,11.3515416900,13120129,155936955.4000,2,1.237300,1,2.374900,17.251016,1.286187,0.797623,-48.427375,0
2024-05-28,sz.001914,11.6018725500,11.6692693200,11.1493513800,11.1686076000,11.6211287700,14625752,172300764.4000,2,1.379300,1,-3.894000,16.579270,1.236104,0.766564,-46.541637,0
2024-05-29,sz.001914,11.2360043700,11.4767071200,11.1686076000,11.2745168100,11.1686076000,12706400,148998749.0000,2,1.198300,1,0.948300,16.736487,1.247826,0.773833,-46.982980,0
2024-05-30,sz.001914,11.1686076000,11.1782357100,10.9664172900,10.9953016200,11.2745168100,13214198,151693490.6100,2,1.246200,1,-2.476500,16.322005,1.216923,0.754669,-45.819439,0
2024-05-31,sz.001914,11.1012108300,11.1397232700,10.9086486300,10.9760454000,10.9953016200,8480849,96856459.6400,2,0.799800,1,-0.175100,16.293420,1.214792,0.753348,-45.739195,0
2024-06-03,sz.001914,10.9856735100,11.0049297300,10.7545988700,10.8508799700,10.9760454000,9472100,106967594.0000,2,0.893300,1,-1.140400,16.107618,1.200939,0.744757,-45.217607,0
2024-06-04,sz.001914,10.8508799700,11.1012108300,10.6390615500,11.0723265000,10.8508799700,12690970,144169805.2800,2,1.196900,1,2.040800,16.436345,1.225448,0.759956,-46.140416,0
2024-06-05,sz.001914,11.0723265000,11.0723265000,10.7160864300,10.7738550900,11.0723265000,9989010,112897619.5000,2,0.942100,1,-2.695700,15.993278,1.192414,0.739470,-44.896630,0
2024-06-06,sz.001914,10.8316237500,10.9086486300,10.5524085600,10.6968302100,10.7738550900,8881900,98569597.0000,2,0.837600,1,-0.714900,15.878938,1.183889,0.734183,-44.575654,0
2024-06-07,sz.001914,10.7257145400,10.9760454000,10.7160864300,10.8508799700,10.6968302100,8236888,92811934.7600,2,0.776800,1,1.440100,16.107618,1.200939,0.744757,-45.217607,0
2024-06-11,sz.001914,10.7931113100,10.8797643000,10.5909210000,10.6968302100,10.8508799700,8719000,96836184.0000,2,0.822300,1,-1.419700,15.878938,1.183889,0.734183,-44.575654,0
2024-06-12,sz.001914,10.6486896600,10.7642269800,10.5909210000,10.6968302100,10.6968302100,5752900,63891164.0000,2,0.542600,1,0.000000,15.878938,1.183889,0.734183,-44.575654,0
2024-06-13,sz.001914,10.7449707600,10.8219956400,10.5427804500,10.5909210000,10.6968302100,8720800,96307139.0000,2,0.822500,1,-0.990100,15.721721,1.172167,0.726914,-44.134311,0
2024-06-14,sz.001914,10.5620366700,10.8797643000,10.5235242300,10.7545988700,10.5909210000,12554073,139853461.6100,2,1.184000,1,1.545500,15.964693,1.190283,0.738148,-44.816386,0
2024-06-17,sz.001914,10.6486896600,10.7160864300,10.3983588000,10.4464993500,10.7545988700,14856875,162397843.5300,2,1.401100,1,-2.864800,15.507334,1.156183,0.717002,-43.532479,0
2024-06-18,sz.001914,10.4561274600,10.5427804500,10.2635652600,10.2924495900,10.4464993500,8802460,94926763.4800,2,0.830200,1,-1.474700,15.278654,1.139134,0.706429,-42.890525,0
2024-06-19,sz.001914,10.2924495900,10.3213339200,10.0998873900,10.0998873900,10.2924495900,8911494,94221678.0600,2,0.840400,1,-1.870900,14.992805,1.117822,0.693212,-42.088083,0
2024-06-20,sz.001914,10.0902592800,10.0902592800,9.7436473200,9.8495565300,10.0998873900,10694149,109660488.6800,2,1.008600,1,-2.478600,14.621201,1.090116,0.676030,-41.044909,0
2024-06-21,sz.001914,9.8976970800,10.0132344000,9.7436473200,9.7725316500,9.8495565300,6016014,61599144.6400,2,0.567400,1,-0.782000,14.506861,1.081591,0.670744,-40.723932,0
2024-06-24,sz.001914,9.6955067700,9.8014159800,9.5799694500,9.6666224400,9.7725316500,9144201,92093633.9600,2,0.862400,1,-1.083700,14.349644,1.069869,0.663475,-40.282589,0
2024-06-25,sz.001914,9.6666224400,9.9939781800,9.5799694500,9.8399284200,9.6666224400,10281748,104368357.4400,2,0.969700,1,1.792800,14.606908,1.089050,0.675370,-41.004787,0
2024-06-26,sz.001914,9.8014159800,9.9650938500,9.7147629900,9.9169533000,9.8399284200,5778703,59250746.4500,2,0.545000,1,0.782800,14.721248,1.097575,0.680656,-41.325764,0
2024-06-27,sz.001914,9.9169533000,10.0613749500,9.7917878700,9.8110440900,9.9169533000,7498004,77147319.2000,2,0.707100,1,-1.068000,14.564031,1.085853,0.673387,-40.884420,0
2024-06-28,sz.001914,9.7725316500,9.9073251900,9.6184818900,9.6473662200,9.8110440900,7424700,75298408.0000,2,0.700200,1,-1.668300,14.321059,1.067738,0.662153,-40.202345,0
2024-07-01,sz.001914,9.6377381100,10.1769122700,9.6184818900,10.0902592800,9.6473662200,13300670,137480987.4000,2,1.254400,1,4.590800,14.978513,1.116756,0.692551,-42.047961,0
2024-07-02,sz.001914,10.0517468400,10.0902592800,9.8110440900,9.8206722000,10.0902592800,9548556,98548799.3200,2,0.900500,1,-2.671800,14.578323,1.086919,0.674048,-40.924543,0
2024-07-03,sz.001914,9.8399284200,10.0324906200,9.7051348800,9.8303003100,9.8206722000,7617360,78284674.8400,2,0.718400,1,0.098000,14.592616,1.087985,0.674709,-40.964665,0
2024-07-04,sz.001914,9.8110440900,9.8110440900,9.5125726800,9.5510851200,9.8303003100,7654650,76462610.5000,2,0.721900,1,-2.840400,14.178134,1.057082,0.655545,-39.801124,0
2024-07-05,sz.001914,9.5222007900,9.6569943300,9.4162915800,9.5799694500,9.5510851200,6823798,67559969.3100,2,0.643500,1,0.302400,14.221011,1.060279,0.657527,-39.921490,0
2024-07-08,sz.001914,9.4644321300,9.5029445700,9.2044731600,9.2333574900,9.5799694500,6981501,67385528.6900,2,0.658400,1,-3.618100,13.706482,1.021917,0.633737,-38.477094,0
2024-07-09,sz.001914,9.2044731600,9.3200104800,8.9733985200,9.1659607200,9.2333574900,7368000,69862727.0000,2,0.694900,1,-0.729900,13.606435,1.014458,0.629111,-38.196240,0
2024-07-10,sz.001914,9.1274482800,9.2814980400,8.9637704100,9.0696796200,9.1659607200,7350000,69487448.0000,2,0.693200,1,-1.050400,13.463510,1.003802,0.622503,-37.795019,0
2024-07-11,sz.001914,9.1948450500,9.3970353600,9.0119109600,9.2911261500,9.0696796200,10475600,100322777.0000,2,0.987900,1,2.441600,13.792237,1.028311,0.637702,-38.717827,0
2024-07-12,sz.001914,9.2622418200,9.8688127500,9.2526137100,9.8110440900,9.2911261500,16057200,161536463.0000,2,1.514300,1,5.595900,14.564031,1.085853,0.673387,-40.884420,0
2024-07-15,sz.001914,9.6473662200,10.0036062900,9.6377381100,9.7917878700,9.8110440900,12301144,125903459.4800,2,1.160100,1,-0.196300,14.535446,1.083722,0.672065,-40.804176,0
2024-07-16,sz.001914,9.7725316500,9.8303003100,9.5125726800,9.5703413400,9.7917878700,6995200,70040761.0000,2,0.659700,1,-2.261600,14.206719,1.059213,0.656866,-39.881368,0
2024-07-17,sz.001914,9.5510851200,9.8303003100,9.5510851200,9.6955067700,9.5703413400,7570970,76533577.0000,2,0.714000,1,1.307800,14.392521,1.073066,0.665457,-40.402955,0
2024-07-18,sz.001914,9.6666224400,9.9458376300,9.5029445700,9.8495565300,9.6955067700,8124150,82158354.5000,2,0.766200,1,1.588900,14.621201,1.090116,0.676030,-41.044909,0
2024-07-19,sz.001914,9.8110440900,9.8206722000,9.4548040200,9.5992256700,9.8495565300,7775347,77247695.8200,2,0.733300,1,-2.541500,14.249596,1.062410,0.658849,-40.001734,0
2024-07-22,sz.001914,9.5799694500,9.6184818900,9.4066634700,9.5510851200,9.5992256700,4243600,42061521.3800,2,0.400200,1,-0.501500,14.178134,1.057082,0.655545,-39.801124,0
2024-07-23,sz.001914,9.5510851200,9.6088537800,9.3585229200,9.3585229200,9.5510851200,4161437,41008665.4900,2,0.392500,1,-2.016100,13.892285,1.035770,0.642328,-38.998682,0
2024-07-24,sz.001914,9.3392667000,9.3777791400,9.0407952900,9.0600515100,9.3585229200,6581200,62489496.2600,2,0.620700,1,-3.189300,13.449218,1.002736,0.621842,-37.754897,0
2024-07-25,sz.001914,9.0311671800,9.3392667000,8.9830266300,9.1852169400,9.0600515100,6018300,57549011.0000,2,0.567600,1,1.381500,13.635020,1.016589,0.630433,-38.276484,0
2024-07-26,sz.001914,9.2141012700,9.3681510300,9.1563326100,9.3488948100,9.1852169400,5254753,50671748.1700,2,0.495600,1,1.782000,13.877992,1.034704,0.641667,-38.958560,0
2024-07-29,sz.001914,9.3488948100,9.4066634700,9.1274482800,9.2718699300,9.3488948100,5994900,57668633.0000,2,0.565400,1,-0.823900,13.763652,1.026179,0.636380,-38.637583,0
2024-07-30,sz.001914,9.2718699300,9.3777791400,9.1467045000,9.2911261500,9.2718699300,3874500,37307817.0000,2,0.365400,1,0.207700,13.792237,1.028311,0.637702,-38.717827,0
2024-07-31,sz.001914,9.2911261500,9.6184818900,9.1755888300,9.5607132300,9.2911261500,8528595,83912683.4000,2,0.804300,1,2.901600,14.192426,1.058148,0.656205,-39.841246,0
2024-08-01,sz.001914,9.5414570100,9.6473662200,9.2911261500,9.3103823700,9.5607132300,7627300,74601815.0000,2,0.719300,1,-2.618300,13.820822,1.030442,0.639024,-38.798071,0
2024-08-02,sz.001914,9.2911261500,9.3874072500,9.2044731600,9.2429856000,9.3103823700,4931400,47641337.5600,2,0.465100,1,-0.723900,13.720775,1.022983,0.634398,-38.517217,0
2024-08-05,sz.001914,9.1852169400,9.4548040200,9.0985639500,9.0985639500,9.2429856000,6431590,62155631.5000,2,0.606600,1,-1.562500,13.506388,1.006998,0.624486,-37.915385,0
2024-08-06,sz.001914,9.3200104800,9.4066634700,9.1852169400,9.2911261500,9.0985639500,12061550,116149407.0200,2,1.137500,1,2.116400,13.792237,1.028311,0.637702,-38.717827,0
2024-08-07,sz.001914,9.3296385900,9.3296385900,8.9637704100,9.0407952900,9.2911261500,10409859,97913551.6000,2,0.981700,1,-2.694300,13.420633,1.000605,0.620521,-37.674652,0
2024-08-08,sz.001914,9.0793077300,9.3874072500,8.9445141900,9.1852169400,9.0407952900,10096570,96101653.5000,2,0.952200,1,1.597400,13.635020,1.016589,0.630433,-38.276484,0
2024-08-09,sz.001914,9.1659607200,9.6088537800,9.1563326100,9.3392667000,9.1852169400,11695200,114619994.0000,2,1.103000,1,1.677100,13.863700,1.033639,0.641006,-38.918438,0
2024-08-12,sz.001914,9.3392667000,9.3392667000,9.0407952900,9.1274482800,9.3392667000,7757300,73488951.0000,2,0.731600,1,-2.268000,13.549265,1.010195,0.626468,-38.035751,0
2024-08-13,sz.001914,9.1081920600,9.1755888300,8.9733985200,9.0696796200,9.1274482800,6092300,57361683.0000,2,0.574600,1,-0.632900,13.463510,1.003802,0.622503,-37.795019,0
2024-08-14,sz.001914,9.0504234000,9.0985639500,8.9252579700,8.9348860800,9.0696796200,4669100,43545648.0000,2,0.440300,1,-1.486200,13.263416,0.988883,0.613251,-37.233309,0
2024-08-15,sz.001914,8.8963736400,9.0119109600,8.7808363200,8.8289768700,8.9348860800,9927283,91409002.0500,2,0.936200,1,-1.185300,13.106198,0.977161,0.605982,-36.791966,0
2024-08-16,sz.001914,8.7423238800,8.8289768700,8.5786460100,8.6460427800,8.8289768700,9286500,83454640.0000,2,0.875800,1,-2.072000,12.834641,0.956915,0.593426,-36.029646,0
2024-08-19,sz.001914,8.6075303400,8.7808363200,8.5979022300,8.7326957700,8.6460427800,6461700,58520154.0000,2,0.609400,1,1.002200,12.963274,0.966505,0.599374,-36.390745,0
2024-08-20,sz.001914,8.7038114400,8.7904644300,8.5497616800,8.5593897900,8.7326957700,4896201,43816131.1900,2,0.461800,1,-1.984600,12.706009,0.947324,0.587479,-35.668547,0
2024-08-21,sz.001914,8.5692021300,8.6379128000,8.4612282200,8.4906756500,8.5593863200,4161301,36178104.6800,2,0.392400,1,-0.802800,12.362990,0.921750,0.571619,-34.705617,0
2024-08-22,sz.001914,8.5397547000,8.6771760400,8.4121491700,8.4317807900,8.4906756500,3552800,30879097.0000,2,0.335100,1,-0.693600,12.277235,0.915356,0.567654,-34.464884,0
2024-08-23,sz.001914,8.4219649800,8.5103072700,8.3630701200,8.4219649800,8.4317807900,3089301,26565868.5600,2,0.291300,1,-0.116400,12.262943,0.914291,0.566993,-34.424762,0
2024-08-26,sz.001914,8.4023333600,8.5692021300,8.3630701200,8.4317807900,8.4219649800,4261870,36719126.5000,2,0.401900,1,0.116600,12.277235,0.915356,0.567654,-34.464884,0
2024-08-27,sz.001914,8.3728859300,8.4023333600,8.1274906800,8.1569381100,8.4317807900,6281213,52634766.7600,2,0.592400,1,-3.259600,11.877046,0.885519,0.549151,-33.341466,0
2024-08-28,sz.001914,8.1274906800,8.2158329700,8.0097009600,8.0685958200,8.1569381100,4952200,40970624.8700,2,0.467000,1,-1.083000,11.748413,0.875929,0.543203,-32.980367,0
2024-08-29,sz.001914,8.0587800100,8.1863855400,8.0293325800,8.1471223000,8.0685958200,4761300,39360631.0000,2,0.449000,1,0.973200,11.862753,0.884454,0.548490,-33.301343,0
2024-08-30,sz.001914,8.2747278300,8.9029396700,8.2256487800,8.6280969900,8.1471223000,19015500,167388743.9200,2,1.793300,1,5.903600,12.400124,0.930645,0.565292,-40.260637,0
2024-09-02,sz.001914,8.5790179400,8.6182811800,8.3532543100,8.3532543100,8.6280969900,10340500,88985969.0000,2,0.975200,1,-3.185400,12.005126,0.901000,0.547285,-38.978159,0
2024-09-03,sz.001914,8.3630701200,8.5495705100,8.2943594500,8.4415966000,8.3532543100,6343300,54499333.0000,2,0.598200,1,1.057600,12.132089,0.910529,0.553073,-39.390384,0
2024-09-04,sz.001914,8.3827017400,8.5495705100,8.3532543100,8.3630701200,8.4415966000,5520500,47417508.0000,2,0.520600,1,-0.930200,12.019233,0.902059,0.547928,-39.023962,0
2024-09-05,sz.001914,8.4514124100,8.6673602300,8.4023333600,8.5495705100,8.3630701200,7697600,67124034.0000,2,0.726000,1,2.230000,12.287267,0.922175,0.560147,-39.894214,0
2024-09-06,sz.001914,8.4906756500,8.5593863200,8.3728859300,8.4219649800,8.5495705100,5132900,44086599.0000,2,0.484100,1,-1.492500,12.103875,0.908411,0.551787,-39.298778,0
2024-09-09,sz.001914,8.4121491700,8.4710440300,8.2943594500,8.3238068800,8.4219649800,3837842,32737544.1000,2,0.361900,1,-1.165500,11.962804,0.897824,0.545356,-38.840751,0
2024-09-10,sz.001914,8.3532543100,8.3827017400,8.0489642000,8.2060171600,8.3238068800,5802428,48260654.3000,2,0.547200,1,-1.415100,11.793519,0.885119,0.537638,-38.291117,0
2024-09-11,sz.001914,8.1471223000,8.2649120200,8.1078590600,8.1765697300,8.2060171600,4049004,33732682.1600,2,0.381900,1,-0.358900,11.751198,0.881943,0.535709,-38.153709,0
2024-09-12,sz.001914,8.1863855400,8.3336226900,8.1078590600,8.1078590600,8.1765697300,3573260,29828608.0800,2,0.337000,1,-0.840300,11.652449,0.874531,0.531207,-37.833090,0
2024-09-13,sz.001914,8.1078590600,8.1962013500,8.0784116300,8.0882274400,8.1078590600,4389958,36408126.9200,2,0.414000,1,-0.242100,11.624234,0.872414,0.529921,-37.741484,0
2024-09-18,sz.001914,8.1471223000,8.4023333600,8.0587800100,8.2943594500,8.0882274400,8937490,74856753.7900,2,0.842900,1,2.548500,11.920483,0.894648,0.543426,-38.703342,0
2024-09-19,sz.001914,8.3532543100,8.8440448100,8.2747278300,8.6771760400,8.2943594500,12942506,113808064.2600,2,1.220600,1,4.615400,12.470659,0.935939,0.568508,-40.489650,0
2024-09-20,sz.001914,8.5692021300,8.8734922400,8.4514124100,8.8047815700,8.6771760400,11912400,105411595.0000,2,1.123400,1,1.470600,12.654051,0.949703,0.576868,-41.085086,0
2024-09-23,sz.001914,8.7164392800,8.9814661500,8.6869918500,8.8833080500,8.8047815700,9686000,87539013.5800,2,0.913500,1,0.891900,12.766908,0.958173,0.582013,-41.451509,0
2024-09-24,sz.001914,9.0796242500,9.1483349200,8.8342290000,9.0305452000,8.8833080500,10355100,94811390.7400,2,0.976600,1,1.657500,12.978514,0.974054,0.591659,-42.138550,0
2024-09-25,sz.001914,9.1483349200,9.4329934100,9.0305452000,9.0599926300,9.0305452000,12476700,117504979.0000,2,1.176700,1,0.326100,13.020835,0.977230,0.593589,-42.275959,0
2024-09-26,sz.001914,9.0501768200,9.8059941900,8.9814661500,9.8059941900,9.0599926300,17920878,172557937.7500,2,1.690100,1,8.234000,14.092973,1.057696,0.642465,-45.756969,0
2024-09-27,sz.001914,10.0219420100,10.4538376500,9.8943364800,10.3949427900,9.8059941900,22374791,232248170.8600,2,2.110100,1,6.006000,14.939398,1.121221,0.681052,-48.505136,0
2024-09-30,sz.001914,11.0231546300,11.3274447400,10.6992329000,11.2391024500,10.3949427900,34658761,389875892.5300,2,3.268600,1,8.120900,16.152607,1.212274,0.736359,-52.444174,0
2024-10-08,sz.001914,12.2697625000,12.3482889800,10.7777593800,11.4256028400,11.2391024500,35846500,421862294.0000,2,3.380700,1,1.659400,16.420642,1.232390,0.748578,-53.314427,0
2024-10-09,sz.001914,10.9249965300,11.0918653000,10.2869688800,10.2967846900,11.4256028400,26447655,284353389.3500,2,2.494300,1,-9.879700,14.798327,1.110634,0.674620,-48.047108,0
2024-10-10,sz.001914,10.3851269800,10.9642597700,10.1888107800,10.5421799400,10.2967846900,18310760,196781193.4500,2,1.726900,1,2.383200,15.151005,1.137102,0.690698,-49.192177,0
2024-10-11,sz.001914,10.4832850800,10.7384961400,10.3164163100,10.4440218400,10.5421799400,14552751,156442485.3900,2,1.372500,1,-0.931100,15.009934,1.126515,0.684267,-48.734149,0
2024-10-14,sz.001914,10.6796012800,11.1802075900,10.4931008900,10.9642597700,10.4440218400,19330036,213247202.5300,2,1.823000,1,4.981200,15.757609,1.182629,0.718352,-51.161696,0
2024-10-15,sz.001914,11.0427862500,11.0624178700,10.6501538500,10.6599696600,10.9642597700,11987815,132449778.7100,2,1.130600,1,-2.775300,15.320289,1.149807,0.698415,-49.741810,0
2024-10-16,sz.001914,10.6403380400,11.3470763600,10.6403380400,11.1016811100,10.6599696600,23269035,262045261.5600,2,2.194500,1,4.143600,15.955108,1.197451,0.727355,-51.802935,0
2024-10-17,sz.001914,11.2783656900,11.2783656900,10.5323641300,10.5912589900,11.1016811100,19443584,214013608.2200,2,1.833700,1,-4.597700,15.221540,1.142396,0.693914,-49.421191,0
2024-10-18,sz.001914,10.5225483200,10.8759174800,10.2673372600,10.6894170900,10.5912589900,17081861,183670886.4600,2,1.611000,1,0.926800,15.362611,1.152984,0.700345,-49.879219,0
2024-10-21,sz.001914,10.7483119500,11.1409443500,10.6992329000,10.9249965300,10.6894170900,16850800,187156782.0000,2,1.589200,1,2.203900,15.701181,1.178394,0.715779,-50.978485,0
2024-10-22,sz.001914,10.8955491000,11.2979973100,10.8268384300,11.2096550200,10.9249965300,15420200,174931493.0000,2,1.454300,1,2.605600,16.110286,1.209098,0.734429,-52.306766,0
2024-10-23,sz.001914,11.1802075900,11.2489182600,11.0231546300,11.0722336800,11.2096550200,9388500,106285587.0000,2,0.885400,1,-1.225900,15.912787,1.194275,0.725426,-51.665527,0
2024-10-24,sz.001914,11.0427862500,11.1311285400,10.9151807200,11.0329704400,11.0722336800,5599900,62748450.0000,2,0.528100,1,-0.354600,15.856359,1.190040,0.722854,-51.482316,0
2024-10-25,sz.001914,11.0231546300,11.3274447400,11.0133388200,11.1900234000,11.0329704400,10925031,124387948.0900,2,1.030300,1,1.423500,16.082072,1.206980,0.733143,-52.215160,0
2024-10-28,sz.001914,11.1900234000,11.3372605500,11.0918653000,11.3078131200,11.1900234000,9224887,105597447.5500,2,0.870000,1,1.052600,16.251357,1.219685,0.740861,-52.764793,0
2024-10-29,sz.001914,11.2979973100,11.4059712200,10.9446281500,10.9838913900,11.3078131200,9539269,108044040.8400,2,0.899600,1,-2.864600,15.785823,1.184746,0.719638,-51.253302,0
2024-10-30,sz.001914,10.9740755800,11.1507601600,10.9249965300,11.0035230100,10.9838913900,7980986,89621251.4800,2,0.752700,1,0.178700,15.814037,1.186864,0.720924,-51.344907,0
2024-10-31,sz.001914,11.0427862500,11.4059712200,10.8661016700,11.3470763600,11.0035230100,14849900,169657522.8000,2,1.400500,1,3.122200,16.114300,1.200918,0.723980,-182.473955,0
2024-11-01,sz.001914,11.2881815000,11.4844977000,11.0624178700,11.1213127300,11.3470763600,10605203,121161523.1000,2,1.000200,1,-1.989600,15.793687,1.177025,0.709576,-178.843417,0
2024-11-04,sz.001914,11.1114969200,11.1998392100,10.9446281500,11.1409443500,11.1213127300,8901900,100420418.0000,2,0.839500,1,0.176500,15.821567,1.179102,0.710828,-179.159116,0
2024-11-05,sz.001914,11.1507601600,11.4354186500,11.0918653000,11.3470763600,11.1409443500,11297500,130460623.3800,2,1.065500,1,1.850200,16.114300,1.200918,0.723980,-182.473955,0
2024-11-06,sz.001914,11.3470763600,11.6808139000,11.0918653000,11.5826558000,11.3470763600,13459179,156186997.4200,2,1.269300,1,2.076100,16.448853,1.225851,0.739011,-186.262341,0
2024-11-07,sz.001914,11.4746818900,12.0047356300,11.3863396000,11.8673142900,11.5826558000,12796798,153423902.0400,2,1.206900,1,2.457600,16.853105,1.255978,0.757173,-190.839975,0
2024-11-08,sz.001914,11.9949198200,12.0047356300,11.3274447400,11.3667079800,11.8673142900,15938926,187004447.4700,2,1.503200,1,-4.218400,16.142180,1.202996,0.725233,-182.789653,0
2024-11-11,sz.001914,11.2881815000,11.3863396000,11.0035230100,11.2292866400,11.3667079800,12963266,147335556.5400,2,1.222600,1,-1.209000,15.947024,1.188452,0.716465,-180.579761,0
2024-11-12,sz.001914,11.2292866400,11.4256028400,11.1998392100,11.2587340700,11.2292866400,9182210,105884526.1800,2,0.866000,1,0.262200,15.988843,1.191569,0.718344,-181.053310,0
2024-11-13,sz.001914,11.2292866400,11.3568921700,11.1213127300,11.2685498800,11.2587340700,8306480,95217105.9000,2,0.783400,1,0.087200,16.002783,1.192608,0.718970,-181.211159,0
2024-11-14,sz.001914,11.4157870300,11.5139451300,10.9937072000,11.0035230100,11.2685498800,9273700,105546414.7600,2,0.874600,1,-2.351900,15.626411,1.164558,0.702061,-176.949224,0
2024-11-15,sz.001914,10.9740755800,11.0624178700,10.7483119500,10.7483119500,11.0035230100,7739478,85789535.8000,2,0.729900,1,-2.319400,15.263978,1.137548,0.685777,-172.845139,0
2024-11-18,sz.001914,10.8759174800,11.0427862500,10.7483119500,10.8072068100,10.7483119500,7948528,88345860.3600,2,0.749600,1,0.547900,15.347617,1.143781,0.689535,-173.792235,0
2024-11-19,sz.001914,10.8857332900,10.9348123400,10.6894170900,10.9249965300,10.8072068100,7076976,77860809.0200,2,0.667400,1,1.089900,15.514893,1.156248,0.697050,-175.686429,0
2024-11-20,sz.001914,10.8955491000,10.8955491000,10.7384961400,10.8170226200,10.9249965300,6251022,68790195.5200,2,0.589500,1,-0.988300,15.361556,1.144820,0.690161,-173.950085,0
2024-11-21,sz.001914,10.7777593800,10.8661016700,10.6207064200,10.6894170900,10.8170226200,6041762,65946217.0900,2,0.569800,1,-1.179700,15.180340,1.131315,0.682020,-171.898042,0
2024-11-22,sz.001914,10.6599696600,10.7188645200,10.2477056400,10.2477056400,10.6894170900,8673286,92670274.9000,2,0.818000,1,-4.132200,14.553053,1.084566,0.653837,-164.794817,0
2024-11-25,sz.001914,10.3066005000,10.5127325100,10.2182582100,10.4145744100,10.2477056400,7554600,79861397.0000,2,0.712500,1,1.628400,14.790028,1.102227,0.664484,-167.478258,0
2024-11-26,sz.001914,10.3556795500,10.5029167000,10.3458637400,10.3753111700,10.4145744100,4356600,46204137.0000,2,0.410900,1,-0.377000,14.734270,1.098072,0.661979,-166.846860,0
2024-11-27,sz.001914,10.3262321200,10.6697854700,10.2084424000,10.6599696600,10.3753111700,6580700,70061427.0000,2,0.620600,1,2.743600,15.138521,1.128198,0.680141,-171.424494,0
2024-11-28,sz.001914,10.6796012800,10.8072068100,10.5225483200,10.6599696600,10.6599696600,7022995,76585683.2000,2,0.662300,1,0.000000,15.138521,1.128198,0.680141,-171.424494,0
2024-11-29,sz.001914,10.7581277600,10.8857332900,10.6010748000,10.6796012800,10.6599696600,8209302,89887170.7600,2,0.774200,1,0.184200,15.166400,1.130276,0.681393,-171.740193,0
2024-12-02,sz.001914,10.5912589900,11.0820494900,10.5127325100,10.9446281500,10.6796012800,10861900,120237373.0000,2,1.024400,1,2.481600,15.542772,1.158325,0.698303,-176.002128,0
2024-12-03,sz.001914,10.9838913900,10.9838913900,10.7090487100,10.8464700500,10.9446281500,6760450,74549691.5000,2,0.637600,1,-0.896900,15.403375,1.147937,0.692040,-174.423633,0
2024-12-04,sz.001914,10.8562858600,10.8759174800,10.5912589900,10.6305222300,10.8464700500,6621347,72374422.5700,2,0.624500,1,-1.991000,15.096702,1.125082,0.678262,-170.950945,0
2024-12-05,sz.001914,10.6108906100,10.6894170900,10.5421799400,10.6207064200,10.6305222300,5432909,58760075.9200,2,0.512400,1,-0.092300,15.082762,1.124043,0.677636,-170.793096,0
2024-12-06,sz.001914,10.6697854700,10.6894170900,10.4832850800,10.6403380400,10.6207064200,7577741,81920084.8900,2,0.714700,1,0.184800,15.110642,1.126121,0.678888,-171.108795,0
2024-12-09,sz.001914,10.6403380400,10.6501538500,10.3851269800,10.4538376500,10.6403380400,7046266,75158968.8800,2,0.664500,1,-1.752800,14.845787,1.106382,0.666989,-168.109655,0
2024-12-10,sz.001914,10.8072068100,10.9740755800,10.5225483200,10.5618115600,10.4538376500,14958018,164081269.6000,2,1.410700,1,1.032900,14.999124,1.117810,0.673878,-169.845999,0
2024-12-11,sz.001914,10.5618115600,10.8170226200,10.4931008900,10.6599696600,10.5618115600,7323502,79710174.7000,2,0.690700,1,0.929400,15.138521,1.128198,0.680141,-171.424494,0
2024-12-12,sz.001914,10.6796012800,11.2194708300,10.5323641300,11.1605759700,10.6599696600,16541878,184731101.2000,2,1.560100,1,4.696100,15.849446,1.181180,0.712081,-179.474815,0
2024-12-13,sz.001914,11.0918653000,11.2489182600,10.9446281500,11.0427862500,11.1605759700,13266924,149552436.5800,2,1.251200,1,-1.055400,15.682170,1.168714,0.704566,-177.580622,0
2024-12-16,sz.001914,11.0329704400,11.0918653000,10.6599696600,10.9446281500,11.0427862500,11339000,125016813.0000,2,1.069400,1,-0.888900,15.542772,1.158325,0.698303,-176.002128,0
2024-12-17,sz.001914,10.9053649100,11.1507601600,10.8268384300,10.8661016700,10.9446281500,7221129,80735222.0100,2,0.681000,1,-0.717500,15.431255,1.150014,0.693293,-174.739332,0
2024-12-18,sz.001914,10.9151807200,10.9642597700,10.8170226200,10.8268384300,10.8661016700,3866465,42843775.9500,2,0.364600,1,-0.361300,15.375496,1.145859,0.690787,-174.107934,0
2024-12-19,sz.001914,10.7581277600,10.7679435700,10.5814431800,10.7384961400,10.8268384300,5196854,56500164.7800,2,0.490100,1,-0.816000,15.250039,1.136509,0.685151,-172.687289,0
2024-12-20,sz.001914,10.7188645200,10.7777593800,10.5323641300,10.5814431800,10.7384961400,6177267,66826662.9400,2,0.582600,1,-1.462500,15.027003,1.119888,0.675130,-170.161698,0
2024-12-23,sz.001914,10.5519957500,10.5814431800,10.2673372600,10.3066005000,10.5814431800,8454283,89597370.0700,2,0.797300,1,-2.597400,14.636692,1.090800,0.657595,-165.741914,0
2024-12-24,sz.001914,10.3066005000,10.5127325100,10.3066005000,10.3654953600,10.3066005000,6299761,66693100.1200,2,0.594100,1,0.571400,14.720330,1.097033,0.661352,-166.689010,0
2024-12-25,sz.001914,10.3556795500,10.6010748000,10.3164163100,10.5519957500,10.3654953600,5719402,60842534.1400,2,0.539400,1,1.799200,14.985184,1.116771,0.673252,-169.688150,0
2024-12-26,sz.001914,10.5029167000,10.6796012800,10.3654953600,10.3851269800,10.5519957500,6108000,64933877.0000,2,0.576000,1,-1.581400,14.748209,1.099110,0.662605,-167.004709,0
2024-12-27,sz.001914,10.4145744100,10.6108906100,10.3458637400,10.5225483200,10.3851269800,4774562,51197001.0200,2,0.450300,1,1.323300,14.943365,1.113654,0.671373,-169.214601,0
2024-12-30,sz.001914,10.5127325100,10.5225483200,10.4145744100,10.4832850800,10.5225483200,3161200,33702361.0000,2,0.298100,1,-0.373100,14.887606,1.109499,0.668868,-168.583204,0
2024-12-31,sz.001914,10.4931008900,10.5912589900,10.3360479300,10.3753111700,10.4832850800,5685300,60492029.3800,2,0.536200,1,-1.030000,14.734270,1.098072,0.661979,-166.846860,0
2025-01-02,sz.001914,10.3458637400,10.4538376500,10.0317578200,10.1102843000,10.3753111700,6549500,68323357.0000,2,0.617700,1,-2.554400,14.357897,1.070022,0.645069,-162.584925,0
2025-01-03,sz.001914,10.1397317300,10.3949427900,9.9728629600,10.0219420100,10.1102843000,5886451,61164021.5400,2,0.555100,1,-0.873800,14.232440,1.060673,0.639432,-161.164280,0
2025-01-06,sz.001914,10.0219420100,10.1299159200,9.8747048600,10.0121262000,10.0219420100,5409400,55086995.9600,2,0.510200,1,-0.097900,14.218500,1.059634,0.638806,-161.006431,0
2025-01-07,sz.001914,10.0121262000,10.0317578200,9.7765467600,9.8059941900,10.0121262000,5765091,57953526.0900,2,0.543700,1,-2.058800,13.925767,1.037818,0.625654,-157.691592,0
2025-01-08,sz.001914,9.8256258100,9.8452574300,9.4428092200,9.6882044700,9.8059941900,7597131,74637096.1800,2,0.716500,1,-1.201200,13.758490,1.025352,0.618139,-155.797399,0
2025-01-09,sz.001914,9.6194938000,9.6882044700,9.5507831300,9.5704147500,9.6882044700,3996402,39132375.5000,2,0.376900,1,-1.215800,13.591214,1.012885,0.610624,-153.903206,0
2025-01-10,sz.001914,9.5900463700,9.6391254200,9.3937301700,9.3937301700,9.5704147500,4027651,38834572.1500,2,0.379800,1,-1.846200,13.340299,0.994186,0.599351,-151.061916,0
2025-01-13,sz.001914,9.3250195000,9.6293096100,9.2661246400,9.6096779900,9.3937301700,6420300,62229479.0000,2,0.605500,1,2.298900,13.646972,1.017041,0.613129,-154.534603,0
2025-01-14,sz.001914,9.5802305600,9.7667309500,9.5507831300,9.6882044700,9.6096779900,7071903,69688281.6500,2,0.666900,1,0.817200,13.758490,1.025352,0.618139,-155.797399,0
2025-01-15,sz.001914,9.6391254200,9.6783886600,9.5311515100,9.6096779900,9.6882044700,4479952,43797782.5500,2,0.422500,1,-0.810500,13.646972,1.017041,0.613129,-154.534603,0
2025-01-16,sz.001914,9.6096779900,9.7863625700,9.4624408400,9.5213357000,9.6096779900,5069001,49671241.8700,2,0.478100,1,-0.919300,13.521515,1.007691,0.607492,-153.113958,0
2025-01-17,sz.001914,9.4624408400,9.6096779900,9.3937301700,9.4428092200,9.5213357000,9936701,95993202.9100,2,0.937100,1,-0.824700,13.409997,0.999380,0.602482,-151.851163,0
2025-01-20,sz.001914,9.4918882700,9.7372835200,9.4133617900,9.6293096100,9.4428092200,7268182,71157312.4000,2,0.685500,1,1.975100,13.674852,1.019118,0.614381,-154.850302,0
2025-01-21,sz.001914,9.6587570400,9.8452574300,9.6293096100,9.6587570400,9.6293096100,6072145,60141482.9000,2,0.572700,1,0.305800,13.716671,1.022235,0.616260,-155.323851,0
2025-01-22,sz.001914,9.6194938000,9.6293096100,9.3544669300,9.3937301700,9.6587570400,6547710,63052597.3000,2,0.617500,1,-2.743900,13.340299,0.994186,0.599351,-151.061916,0
2025-01-23,sz.001914,9.5017040800,9.6882044700,9.4722566500,9.5605989400,9.3937301700,6921445,67540451.1000,2,0.652800,1,1.776400,13.577274,1.011846,0.609997,-153.745356,0
2025-01-24,sz.001914,9.5311515100,9.5802305600,9.4428092200,9.5017040800,9.5605989400,5063400,49069779.0000,2,0.477500,1,-0.616000,13.493636,1.005613,0.606240,-152.798260,0
2025-01-27,sz.001914,9.5115198900,9.7470993300,9.5017040800,9.6096779900,9.5017040800,5151400,50752309.0000,2,0.485800,1,1.136400,13.646972,1.017041,0.613129,-154.534603,0
2025-02-05,sz.001914,9.6685728500,9.6783886600,9.4133617900,9.4624408400,9.6096779900,5283800,51224228.0000,2,0.498300,1,-1.532200,13.437877,1.001458,0.603734,-152.166862,0
2025-02-06,sz.001914,9.4624408400,9.5017040800,9.2759404500,9.4722566500,9.4624408400,7009353,67168702.1900,2,0.661000,1,0.103700,13.451817,1.002497,0.604361,-152.324711,0
2025-02-07,sz.001914,9.4526250300,9.6783886600,9.4231776000,9.5213357000,9.4722566500,10304101,100343052.8000,2,0.971800,1,0.518100,13.521515,1.007691,0.607492,-153.113958,0
2025-02-10,sz.001914,9.5213357000,9.6980202800,9.5017040800,9.5998621800,9.5213357000,8574700,83948778.7800,2,0.808700,1,0.824700,13.633033,1.016002,0.612502,-154.376754,0
2025-02-11,sz.001914,9.6194938000,9.6685728500,9.3348353100,9.4526250300,9.5998621800,8743417,84090628.1500,2,0.824600,1,-1.533700,13.423937,1.000419,0.603108,-152.009012,0
2025-02-12,sz.001914,9.4526250300,9.5998621800,9.3740985500,9.5900463700,9.4526250300,7150400,69012388.0000,2,0.674300,1,1.453800,13.619093,1.014963,0.611876,-154.218905,0
2025-02-13,sz.001914,9.5704147500,9.6980202800,9.5409673200,9.5409673200,9.5900463700,9176980,89843925.8000,2,0.865500,1,-0.511800,13.549394,1.009769,0.608745,-153.429657,0
2025-02-14,sz.001914,9.5507831300,9.6293096100,9.4722566500,9.5998621800,9.5409673200,9127029,88620840.0400,2,0.860800,1,0.617300,13.633033,1.016002,0.612502,-154.376754,0
2025-02-17,sz.001914,9.6194938000,9.9335997200,9.5507831300,9.8943364800,9.5998621800,13278220,132282733.5300,2,1.252300,1,3.067500,14.051224,1.047168,0.631291,-159.112237,0
2025-02-18,sz.001914,9.8845206700,9.9728629600,9.7274677100,9.7863625700,9.8943364800,10707565,107239149.0200,2,1.009800,1,-1.091300,13.897887,1.035740,0.624402,-157.375893,0
2025-02-19,sz.001914,9.7863625700,9.8256258100,9.6685728500,9.7176519000,9.7863625700,6600010,65401297.1800,2,0.622400,1,-0.702100,13.800309,1.028468,0.620018,-156.270947,0
2025-02-20,sz.001914,9.6980202800,9.7176519000,9.6096779900,9.6096779900,9.7176519000,5566510,54743349.1000,2,0.525000,1,-1.111100,13.646972,1.017041,0.613129,-154.534603,0
2025-02-21,sz.001914,9.6096779900,9.6783886600,9.4820724600,9.5802305600,9.6096779900,7641289,74357387.5600,2,0.720600,1,-0.306400,13.605153,1.013924,0.611250,-154.061055,0
2025-02-24,sz.001914,9.5998621800,9.8550732400,9.5704147500,9.8354416200,9.5802305600,10731552,106659937.8800,2,1.012100,1,2.663900,13.967586,1.040934,0.627533,-158.165141,0
2025-02-25,sz.001914,9.7274677100,9.8256258100,9.6194938000,9.6293096100,9.8354416200,5096796,50355519.6100,2,0.480700,1,-2.095800,13.674852,1.019118,0.614381,-154.850302,0
2025-02-26,sz.001914,9.6293096100,9.8845206700,9.6293096100,9.8648890500,9.6293096100,9045661,90413048.0500,2,0.853100,1,2.446500,14.009405,1.044051,0.629412,-158.638689,0
2025-02-27,sz.001914,9.8747048600,10.0219420100,9.8452574300,9.9924945800,9.8648890500,6855297,69438283.8700,2,0.646500,1,1.293500,14.190621,1.057556,0.637554,-160.690732,0
2025-02-28,sz.001914,9.9728629600,10.4047586000,9.9630471500,10.2869688800,9.9924945800,13656863,141784553.9200,2,1.288000,1,2.947000,14.608812,1.088722,0.656342,-165.426215,0
2025-03-03,sz.001914,10.2280740200,10.4538376500,10.0906526800,10.1102843000,10.2869688800,9389479,98170183.0900,2,0.885500,1,-1.717600,14.357897,1.070022,0.645069,-162.584925,0
2025-03-04,sz.001914,10.1102843000,10.1201001100,9.9434155300,10.0513894400,10.1102843000,5880152,60118175.4000,2,0.554600,1,-0.582500,14.274259,1.063789,0.641311,-161.637828,0
2025-03-05,sz.001914,10.0513894400,10.4243902200,9.9237839100,10.2869688800,10.0513894400,10849802,113072022.5800,2,1.023200,1,2.343800,14.608812,1.088722,0.656342,-165.426215,0
2025-03-06,sz.001914,10.2280740200,10.4832850800,10.2182582100,10.3949427900,10.2869688800,9810732,103813548.3600,2,0.925200,1,1.049600,14.762149,1.100149,0.663231,-167.162559,0
2025-03-07,sz.001914,10.3262321200,10.4145744100,10.1888107800,10.2869688800,10.3949427900,6528147,68412078.0000,2,0.615700,1,-1.038700,14.608812,1.088722,0.656342,-165.426215,0
2025-03-10,sz.001914,10.2869688800,10.3360479300,10.1495475400,10.2673372600,10.2869688800,5917103,61678419.1600,2,0.558000,1,-0.190800,14.580933,1.086644,0.655089,-165.110516,0
2025-03-11,sz.001914,10.2084424000,10.2967846900,10.0808368700,10.2967846900,10.2673372600,7189943,74637954.3900,2,0.678100,1,0.286800,14.622752,1.089761,0.656968,-165.584064,0
2025-03-12,sz.001914,10.2967846900,10.4145744100,10.2378898300,10.3360479300,10.2967846900,5543189,58344666.6600,2,0.522800,1,0.381300,14.678511,1.093916,0.659473,-166.215462,0
2025-03-13,sz.001914,10.3066005000,10.4538376500,10.2477056400,10.4047586000,10.3360479300,4475961,47176632.0300,2,0.422100,1,0.664800,14.776089,1.101188,0.663857,-167.320408,0
2025-03-14,sz.001914,10.4440218400,10.7483119500,10.3753111700,10.6403380400,10.4047586000,10190234,110151474.1700,2,0.961000,1,2.264200,15.110642,1.126121,0.678888,-171.108795,0
2025-03-17,sz.001914,11.1703917800,11.7004455200,11.1703917800,11.7004455200,10.6403380400,13656053,161143687.4000,2,1.287900,1,9.963100,15.037886,1.213107,0.736030,50.978906,0
2025-03-18,sz.001914,11.5924716100,12.1716044000,11.4844977000,11.9262091500,11.7004455200,40243331,488541778.6000,2,3.795300,1,1.929500,15.328047,1.236514,0.750232,51.962559,0
2025-03-19,sz.001914,11.8280510500,11.9949198200,11.5433925600,11.6219190400,11.9262091500,18574542,221285659.1800,2,1.751700,1,-2.551400,14.936961,1.204965,0.731090,50.636765,0
2025-03-20,sz.001914,11.6415506600,11.8084194300,11.5041293200,11.5630241800,11.6219190400,12710399,150996917.9700,2,1.198700,1,-0.506800,14.861267,1.198859,0.727385,50.380160,0
2025-03-21,sz.001914,11.5826558000,11.7986036200,11.4844977000,11.7004455200,11.5630241800,18350441,217921784.7600,2,1.730600,1,1.188500,15.037886,1.213107,0.736030,50.978906,0
2025-03-24,sz.001914,11.7200771400,11.8280510500,11.6219190400,11.7200771400,11.7004455200,12864800,153452531.9200,2,1.213300,1,0.167800,15.063118,1.215143,0.737265,51.064441,0
2025-03-25,sz.001914,11.7397087600,11.9949198200,11.7004455200,11.9360249600,11.7200771400,13394100,162309798.0000,2,1.263200,1,1.842500,15.340663,1.237532,0.750849,52.005326,0
2025-03-26,sz.001914,11.9949198200,12.0047356300,11.5335767500,11.5532083700,11.9360249600,12864352,152831076.8000,2,1.213200,1,-3.207200,14.848651,1.197841,0.726768,50.337392,0
2025-03-27,sz.001914,11.5335767500,11.7200771400,11.5139451300,11.6906297100,11.5532083700,8976166,106406144.2800,2,0.846500,1,1.189500,15.025271,1.212089,0.735412,50.936138,0
2025-03-28,sz.001914,11.6415506600,11.8967617200,11.6415506600,11.8574984800,11.6906297100,7378532,88572429.0000,2,0.695900,1,1.427400,15.239737,1.229390,0.745909,51.663186,0
2025-03-31,sz.001914,11.8574984800,11.9262091500,11.6022874200,11.7004455200,11.8574984800,7703699,92008465.1300,2,0.726500,1,-1.324500,15.037886,1.213107,0.736030,50.978906,0
2025-04-01,sz.001914,11.7102613300,11.9949198200,11.5924716100,11.9654723900,11.7004455200,9501723,114975241.8700,2,0.896100,1,2.265100,15.378510,1.240585,0.752702,52.133629,0
2025-04-02,sz.001914,11.9360249600,12.0341830600,11.8182352400,11.9458407700,11.9654723900,5282100,64140254.6800,2,0.498200,1,-0.164100,15.353278,1.238550,0.751467,52.048094,0
2025-04-03,sz.001914,11.8476826700,12.1323411600,11.7887878100,11.9458407700,11.9458407700,6252101,76217594.0700,2,0.589600,1,0.000000,15.353278,1.238550,0.751467,52.048094,0
2025-04-07,sz.001914,11.4256028400,11.7004455200,10.7679435700,11.0526020600,11.9458407700,17274046,198635025.0900,2,1.629100,1,-7.477400,14.205252,1.145938,0.695277,48.156248,0
2025-04-08,sz.001914,11.0329704400,11.5728399900,10.9838913900,11.3765237900,11.0526020600,17568500,203289278.6200,2,1.656900,1,2.930700,14.621569,1.179523,0.715653,49.567577,0
2025-04-09,sz.001914,11.2881815000,11.7397087600,10.9937072000,11.5826558000,11.3765237900,14652600,170316081.0000,2,1.381900,1,1.811900,14.886498,1.200895,0.728620,50.465695,0
2025-04-10,sz.001914,11.5826558000,12.0538146800,11.3667079800,11.7593403800,11.5826558000,15170900,182307197.8000,2,1.430800,1,1.525400,15.113580,1.219213,0.739735,51.235511,0
2025-04-11,sz.001914,11.7495245700,12.1028937300,11.6317348500,12.0734463000,11.7593403800,15884426,192800039.0400,2,1.498000,1,2.671100,15.517282,1.251780,0.759494,52.604072,0
2025-04-14,sz.001914,12.0047356300,12.1225253500,11.7986036200,12.0341830600,12.0734463000,14965500,182796408.0400,2,1.411400,1,-0.325200,15.466819,1.247709,0.757024,52.433002,0
2025-04-15,sz.001914,12.0538146800,12.2403150700,11.8673142900,11.9360249600,12.0341830600,18077800,222037421.2200,2,1.704900,1,-0.815700,15.340663,1.237532,0.750849,52.005326,0
2025-04-16,sz.001914,11.9556565800,12.0734463000,11.7887878100,11.9654723900,11.9360249600,7588982,92070548.9000,2,0.715700,1,0.246700,15.378510,1.240585,0.752702,52.133629,0
2025-04-17,sz.001914,11.9262091500,12.5249735600,11.8673142900,12.2108676400,11.9654723900,15633559,195809950.8300,2,1.474400,1,2.050900,15.693901,1.266028,0.768139,53.202818,0
2025-04-18,sz.001914,12.1716044000,12.5642368000,12.1028937300,12.5053419400,12.2108676400,14436500,181894787.3400,2,1.361500,1,2.411600,16.072372,1.296559,0.786663,54.485844,0
2025-04-21,sz.001914,12.6231316600,12.7605530000,12.2795783100,12.6133158500,12.5053419400,14098561,179947635.8500,2,1.329600,1,0.863400,16.211144,1.307754,0.793455,54.956287,0
2025-04-22,sz.001914,12.5446051800,12.7409213800,12.4660787000,12.5347893700,12.6133158500,9672978,123723198.0400,2,0.912300,1,-0.622600,16.110219,1.299612,0.788515,54.614146,0
2025-04-23,sz.001914,12.4955261300,12.5936842300,12.2795783100,12.3188415500,12.5347893700,9163397,115675917.3500,2,0.864200,1,-1.722800,15.832674,1.277223,0.774931,53.673260,0
2025-04-24,sz.001914,12.2992099300,12.4857103200,12.2206834500,12.4464470800,12.3188415500,8132164,102613139.6000,2,0.766900,1,1.035900,15.996678,1.290453,0.782958,54.229238,0
2025-04-25,sz.001914,12.4562628900,12.5446051800,12.1225253500,12.2206834500,12.4464470800,9721220,122305402.8400,2,0.916800,1,-1.813900,15.706517,1.267046,0.768756,53.245585,0
2025-04-28,sz.001914,12.1225253500,12.2108676400,11.8869459100,12.0636304900,12.2206834500,12860400,157842996.0000,2,1.212900,1,-1.285100,15.504666,1.250762,0.758876,52.561304,0
2025-04-29,sz.001914,12.0439988700,12.3679206000,11.7986036200,11.7986036200,12.0636304900,15285446,187114742.4900,2,1.441600,1,-2.196900,14.663140,1.198174,0.711536,13.956490,0
2025-04-30,sz.001914,11.9360249600,11.9752882000,11.5532083700,11.5728399900,11.7986036200,9980258,118799694.5600,2,0.941200,1,-1.913500,14.382565,1.175247,0.697921,13.689436,0
2025-05-06,sz.001914,11.6121032300,11.7004455200,11.5139451300,11.6709980900,11.5728399900,10770841,127429569.2400,2,1.015800,1,0.848200,14.504554,1.185216,0.703840,13.805546,0
2025-05-07,sz.001914,11.8280510500,12.0341830600,11.5139451300,11.5433925600,11.6709980900,10117748,120727125.0000,2,0.954200,1,-1.093400,14.345968,1.172257,0.696145,13.654602,0
2025-05-08,sz.001914,11.5826558000,11.7200771400,11.4844977000,11.6121032300,11.5433925600,6099301,72110166.7700,2,0.575200,1,0.595200,14.431360,1.179235,0.700289,13.735880,0
2025-05-09,sz.001914,11.6415506600,11.6513664700,11.3961554100,11.4844977000,11.6121032300,7679900,89951894.0000,2,0.724300,1,-1.098900,14.272774,1.166276,0.692593,13.584936,0
2025-05-12,sz.001914,11.5433925600,11.5728399900,11.3372605500,11.4256028400,11.4844977000,8842700,102950358.0000,2,0.833900,1,-0.512800,14.199580,1.160295,0.689041,13.515270,0
2025-05-13,sz.001914,11.5041293200,11.6611822800,11.3961554100,11.5335767500,11.4256028400,6885547,80936239.2500,2,0.649400,1,0.945000,14.333769,1.171260,0.695553,13.642991,0
2025-05-14,sz.001914,11.5630241800,11.6022874200,11.3667079800,11.5237609400,11.5335767500,5481500,64075287.0000,2,0.517000,1,-0.085100,14.321570,1.170263,0.694961,13.631380,0
2025-05-15,sz.001914,11.4844977000,11.5433925600,11.4059712200,11.4059712200,11.5237609400,4497307,52462993.3400,2,0.424100,1,-1.022100,14.175182,1.158301,0.687857,13.492048,0
2025-05-16,sz.001914,11.4452344600,11.4746818900,11.2096550200,11.2391024500,11.4059712200,7817832,89765618.0800,2,0.737300,1,-1.463000,13.967800,1.141356,0.677794,13.294660,0
2025-05-19,sz.001914,11.2096550200,11.2979973100,11.1409443500,11.2391024500,11.2391024500,5462600,62399174.0000,2,0.515200,1,0.000000,13.967800,1.141356,0.677794,13.294660,0
2025-05-20,sz.001914,11.2685498800,11.2881815000,11.1016811100,11.1998392100,11.2391024500,5280090,60142409.3400,2,0.498000,1,-0.349300,13.919004,1.137368,0.675426,13.248215,0
2025-05-21,sz.001914,11.1802075900,11.2979973100,11.1605759700,11.2096550200,11.1998392100,3991491,45646437.6000,2,0.376400,1,0.087600,13.931203,1.138365,0.676018,13.259826,0
2025-05-22,sz.001914,11.1703917800,11.2194708300,11.0427862500,11.0624178700,11.2096550200,4857704,54957263.1200,2,0.458100,1,-1.313500,13.748219,1.123413,0.667139,13.085661,0
2025-05-23,sz.001914,11.0427862500,11.1409443500,10.9151807200,10.9348123400,11.0624178700,5344104,60011726.5600,2,0.504000,1,-1.153500,13.589633,1.110454,0.659443,12.934717,0
2025-05-26,sz.001914,11.0035230100,11.2881815000,10.9446281500,11.1802075900,10.9348123400,8889575,100970424.1200,2,0.838400,1,2.244200,13.894606,1.135375,0.674242,13.224993,0
2025-05-27,sz.001914,11.1802075900,11.4648660800,11.1114969200,11.4157870300,11.1802075900,9668611,112103789.5300,2,0.911800,1,2.107100,14.187381,1.159298,0.688449,13.503659,0
2025-05-28,sz.001914,11.3961554100,11.7102613300,11.3470763600,11.5826558000,11.4157870300,9570000,112835530.0000,2,0.902500,1,1.461700,14.394763,1.176244,0.698513,13.701047,0
2025-05-29,sz.001914,11.6022874200,11.6317348500,11.3961554100,11.4550502700,11.5826558000,7412211,86459252.8600,2,0.699000,1,-1.101700,14.236177,1.163286,0.690817,13.550103,0
2025-05-30,sz.001914,11.4550502700,12.2501308800,11.4452344600,11.8574984800,11.4550502700,19708732,240805252.1500,2,1.858700,1,3.513300,14.736334,1.204155,0.715088,14.026156,0
2025-06-03,sz.001914,12.1225253500,13.0452114900,11.3470763600,11.4354186500,11.8574984800,54184403,671331102.7800,2,5.110100,1,-3.559600,14.211779,1.161292,0.689633,13.526881,0
2025-06-04,sz.001914,11.5630241800,12.1912360200,11.4157870300,12.0832621100,11.4354186500,45267239,544169887.2900,2,4.269100,1,5.665200,15.016910,1.227082,0.728703,14.293211,0
2025-06-05,sz.001914,11.8771301000,12.0636304900,11.6415506600,11.8378668600,12.0832621100,23820291,288005557.6000,2,2.246500,1,-2.030900,14.711936,1.202161,0.713904,14.002934,0
2025-06-06,sz.001914,11.8378668600,12.1225253500,11.6709980900,12.0243672500,11.8378668600,14962297,181270830.3600,2,1.411100,1,1.575500,14.943716,1.221101,0.725151,14.223544,0
2025-06-09,sz.001914,12.0243672500,12.0636304900,11.7593403800,11.8182352400,12.0243672500,13137149,158885362.8700,2,1.239000,1,-1.714300,14.687538,1.200168,0.712720,13.979712,0
2025-06-10,sz.001914,11.7887878100,11.8476826700,11.4550502700,11.5728399900,11.8182352400,15444100,182332857.0000,2,1.456500,1,-2.076400,14.382565,1.175247,0.697921,13.689436,0
2025-06-11,sz.001914,11.6317348500,11.6317348500,11.5335767500,11.5826558000,11.5728399900,7887975,93107142.9000,2,0.743900,1,0.084800,14.394763,1.176244,0.698513,13.701047,0
2025-06-12,sz.001914,11.5630241800,11.5826558000,11.3568921700,11.4844977000,11.5826558000,7270300,85019131.2200,2,0.685700,1,-0.847500,14.272774,1.166276,0.692593,13.584936,0
2025-06-13,sz.001914,11.4452344600,11.5433925600,11.3470763600,11.3765237900,11.4844977000,6746100,78499775.0000,2,0.636200,1,-0.940200,14.138585,1.155311,0.686082,13.457214,0
2025-06-16,sz.001914,11.3863396000,11.6317348500,11.2685498800,11.5924716100,11.3765237900,10153916,118711378.0000,2,0.957600,1,1.898200,14.406962,1.177241,0.699105,13.712658,0
2025-06-17,sz.001914,11.5335767500,11.5924716100,11.3961554100,11.4746818900,11.5924716100,7282604,85297991.6900,2,0.686800,1,-1.016100,14.260575,1.165279,0.692001,13.573325,0
2025-06-18,sz.001914,11.4452344600,11.4452344600,11.1507601600,11.1507601600,11.4746818900,6533749,74816202.4400,2,0.616200,1,-2.822900,13.858010,1.132384,0.672467,13.190160,0
2025-06-19,sz.001914,11.1605759700,11.1900234000,10.9151807200,10.9740755800,11.1507601600,6807307,76375570.3800,2,0.642000,1,-1.584500,13.638428,1.114441,0.661811,12.981161,0
2025-06-20,sz.001914,11.0035230100,11.2489182600,10.9446281500,11.0624178700,10.9740755800,6341100,71883969.0000,2,0.598000,1,0.805000,13.748219,1.123413,0.667139,13.085661,0
2025-06-23,sz.001914,11.0133388200,11.1213127300,10.8562858600,10.9937072000,11.0624178700,6240992,69913877.5000,2,0.588600,1,-0.621100,13.662826,1.116435,0.662995,13.004383,0
2025-06-24,sz.001914,11.0133388200,11.2292866400,11.0035230100,11.1605759700,10.9937072000,5402065,61257413.5800,2,0.509500,1,1.517900,13.870209,1.133381,0.673058,13.201771,0
2025-06-25,sz.001914,11.2391024500,11.7004455200,11.1311285400,11.6121032300,11.1605759700,14189852,165973977.6000,2,1.338200,1,4.045700,14.431360,1.179235,0.700289,13.735880,0
2025-06-26,sz.001914,11.5630241800,11.7495245700,11.5433925600,11.6611822800,11.6121032300,8463300,100666708.0100,2,0.798200,1,0.422700,14.492355,1.184219,0.703248,13.793935,0
2025-06-27,sz.001914,11.6022874200,12.0439988700,11.6022874200,11.9851040100,11.6611822800,13003990,157963013.4000,2,1.226400,1,2.777800,14.894921,1.217114,0.722783,14.177100,0
2025-06-30,sz.001914,11.9752882000,12.2697625000,11.9262091500,12.1421569700,11.9851040100,15361154,189247799.0900,2,1.448700,1,1.310400,15.090104,1.233063,0.732254,14.362877,0
2025-07-01,sz.001914,12.0734463000,12.2108676400,11.7986036200,11.8280510500,12.1421569700,10572900,128638059.0000,2,0.997100,1,-2.586900,14.699737,1.201165,0.713312,13.991323,0
2025-07-02,sz.001914,11.8378668600,11.9262091500,11.5826558000,11.6611822800,11.8280510500,9380304,111801241.5600,2,0.884600,1,-1.410800,14.492355,1.184219,0.703248,13.793935,0
2025-07-03,sz.001914,11.6611822800,11.8182352400,11.6219190400,11.6219190400,11.6611822800,4693200,55936453.0000,2,0.442600,1,-0.336700,14.443559,1.180231,0.700881,13.747491,0
2025-07-04,sz.001914,11.6415506600,11.7004455200,11.5433925600,11.6121032300,11.6219190400,4013644,47497304.3400,2,0.378500,1,-0.084500,14.431360,1.179235,0.700289,13.735880,0
2025-07-07,sz.001914,11.6219190400,11.9458407700,11.6121032300,11.8182352400,11.6121032300,6408668,77041728.8200,2,0.604400,1,1.775100,14.687538,1.200168,0.712720,13.979712,0
2025-07-08,sz.001914,11.8084194300,11.9262091500,11.7298929500,11.9065775300,11.8182352400,6642233,80038295.8500,2,0.626400,1,0.747500,14.797329,1.209139,0.718047,14.084211,0
2025-07-09,sz.001914,11.9262091500,11.9654723900,11.8182352400,11.8869459100,11.9065775300,3956805,47910775.8900,2,0.373200,1,-0.164900,14.772931,1.207145,0.716864,14.060989,0
2025-07-10,sz.001914,11.9262091500,12.3384731700,11.8378668600,12.1716044000,11.8869459100,10531255,129288760.8700,2,0.993200,1,2.394700,15.126701,1.236053,0.734030,14.397710,0
2025-07-11,sz.001914,12.2697625000,12.3679206000,12.0145514400,12.1617885900,12.1716044000,8751039,108338553.4900,2,0.825300,1,-0.080600,15.114502,1.235056,0.733438,14.386099,0
2025-07-14,sz.001914,12.1617885900,12.2206834500,12.0047356300,12.0734463000,12.1617885900,7139600,87910923.0000,2,0.673300,1,-0.726400,15.004711,1.226085,0.728111,14.281599,0
2025-07-15,sz.001914,12.0734463000,12.1323411600,11.9360249600,11.9458407700,12.0734463000,6468200,79118746.0000,2,0.610000,1,-1.056900,14.846125,1.213126,0.720415,14.130656,0
2025-07-16,sz.001914,11.9556565800,11.9949198200,11.8476826700,11.9556565800,11.9458407700,4766907,57890774.2600,2,0.449600,1,0.082200,14.858324,1.214123,0.721007,14.142267,0
2025-07-17,sz.001914,11.9752882000,12.0243672500,11.8182352400,11.8378668600,11.9556565800,5460200,66034545.8700,2,0.514900,1,-0.985200,14.711936,1.202161,0.713904,14.002934,0
2025-07-18,sz.001914,11.8084194300,11.9752882000,11.7887878100,11.9556565800,11.8378668600,5564000,67279971.0000,2,0.524700,1,0.995000,14.858324,1.214123,0.721007,14.142267,0
2025-07-21,sz.001914,11.9458407700,12.1716044000,11.9360249600,12.0538146800,11.9556565800,6315301,77684872.2900,2,0.595600,1,0.821000,14.980313,1.224091,0.726927,14.258377,0
2025-07-22,sz.001914,12.0832621100,12.2403150700,12.0145514400,12.2304992600,12.0538146800,7757386,95916399.4000,2,0.731600,1,1.465800,15.199894,1.242034,0.737582,14.467376,0
2025-07-23,sz.001914,12.1912360200,12.3090257400,12.0341830600,12.0832621100,12.2304992600,6408100,79351175.0000,2,0.604300,1,-1.203900,15.016910,1.227082,0.728703,14.293211,0
2025-07-24,sz.001914,12.0734463000,12.2403150700,11.9556565800,12.1323411600,12.0832621100,8194700,101065949.9800,2,0.772800,1,0.406200,15.077905,1.232066,0.731663,14.351266,0
2025-07-25,sz.001914,12.1617885900,12.2795783100,12.1028937300,12.1617885900,12.1323411600,7029700,87276757.0000,2,0.663000,1,0.242700,15.114502,1.235056,0.733438,14.386099,0
2025-07-28,sz.001914,12.1814202100,12.2501308800,12.0636304900,12.2206834500,12.1617885900,6217000,77020860.0000,2,0.586300,1,0.484300,15.187695,1.241037,0.736990,14.455765,0
2025-07-29,sz.001914,12.2206834500,12.7409213800,12.1814202100,12.5544209900,12.2206834500,13483510,172180707.8300,2,1.271600,1,2.730900,15.602460,1.274929,0.757117,14.850541,0
2025-07-30,sz.001914,12.5446051800,12.9568692000,12.4660787000,12.7801846200,12.5544209900,13570354,176880638.2500,2,1.279800,1,1.798300,15.883036,1.297856,0.770732,15.117596,0
2025-07-31,sz.001914,12.6722107100,12.7801846200,12.0734463000,12.1421569700,12.7801846200,11633074,145996249.5700,2,1.097100,1,-4.992300,15.090104,1.233063,0.732254,14.362877,0
2025-08-01,sz.001914,12.1519727800,12.3188415500,12.1127095400,12.2010518300,12.1421569700,6022628,75105143.1600,2,0.568000,1,0.485000,15.163297,1.239044,0.735806,14.432543,0
2025-08-04,sz.001914,12.1716044000,12.4562628900,12.0832621100,12.2893941200,12.2010518300,6944300,87028834.0000,2,0.654900,1,0.724100,15.273088,1.248015,0.741134,14.537043,0
2025-08-05,sz.001914,12.3286573600,12.5151577500,12.2893941200,12.4562628900,12.2893941200,5449527,69052399.6000,2,0.513900,1,1.357800,15.480470,1.264961,0.751197,14.734431,0
2025-08-06,sz.001914,12.4464470800,12.8783427200,12.3581047900,12.7801846200,12.4562628900,9720100,125764345.0000,2,0.916700,1,2.600500,15.883036,1.297856,0.770732,15.117596,0
2025-08-07,sz.001914,12.8194478600,13.3396857900,12.7507371900,13.1041063500,12.7801846200,13858149,185082185.8000,2,1.306900,1,2.534600,16.285601,1.330751,0.790267,15.500760,0
2025-08-08,sz.001914,13.0648431100,13.2807909300,12.8390794800,12.8979743400,13.1041063500,11714193,155260640.3700,2,1.104800,1,-1.573000,16.029423,1.309818,0.777835,15.256928,0
2025-08-11,sz.001914,12.9470533900,13.1041063500,12.7507371900,12.9274217700,12.8979743400,11626384,152970282.8900,2,1.096500,1,0.228300,16.066020,1.312808,0.779611,15.291761,0
2025-08-12,sz.001914,12.8881585300,13.0844747300,12.7507371900,12.7900004300,12.9274217700,9234700,121100102.0000,2,0.870900,1,-1.063000,15.895235,1.298853,0.771324,15.129207,0
2025-08-13,sz.001914,12.8500000000,12.9500000000,12.7100000000,12.8300000000,12.7900000000,7966100,102237515.0000,2,0.751300,1,0.312700,15.651256,1.278916,0.759485,14.896985,0
2025-08-14,sz.001914,12.8900000000,13.0600000000,12.7000000000,12.7200000000,12.8300000000,7178552,92319239.8000,2,0.677000,1,-0.857400,15.517067,1.267951,0.752973,14.769264,0
2025-08-15,sz.001914,12.7600000000,13.1400000000,12.7300000000,13.1000000000,12.7200000000,9947211,129349080.7800,2,0.938100,1,2.987400,15.980627,1.305830,0.775468,15.210484,0
2025-08-18,sz.001914,13.1300000000,13.1400000000,12.6000000000,12.6400000000,13.1000000000,17181491,219991752.7800,2,1.620400,1,-3.511500,15.419475,1.259977,0.748237,14.676375,0
2025-08-19,sz.001914,12.6500000000,12.8300000000,12.5900000000,12.6400000000,12.6400000000,11103108,141039127.5600,2,1.047100,1,0.000000,15.419475,1.259977,0.748237,14.676375,0
2025-08-20,sz.001914,12.5700000000,12.6800000000,12.3700000000,12.6000000000,12.6400000000,13567256,169934821.1300,2,1.279500,1,-0.316500,15.370680,1.255990,0.745870,14.629931,0
2025-08-21,sz.001914,12.6200000000,12.8300000000,12.5200000000,12.5800000000,12.6000000000,9384900,118753517.0000,2,0.885100,1,-0.158700,15.346282,1.253996,0.744686,14.606709,0
2025-08-22,sz.001914,12.5800000000,12.6000000000,12.4000000000,12.4800000000,12.5800000000,8729009,108918977.1200,2,0.823200,1,-0.794900,15.224292,1.244028,0.738766,14.490598,0
2025-08-25,sz.001914,12.5400000000,13.1900000000,12.5200000000,13.0100000000,12.4800000000,17406331,225050268.7500,2,1.641600,1,4.246800,15.870837,1.296859,0.770140,15.105984,0
2025-08-26,sz.001914,12.9900000000,13.0000000000,12.8000000000,12.8500000000,13.0100000000,10524700,135410545.6500,2,0.992600,1,-1.229800,15.675653,1.280910,0.760669,14.920208,0
2025-08-27,sz.001914,12.8600000000,12.9400000000,12.5600000000,12.5600000000,12.8500000000,9831576,125818329.8500,2,0.927200,1,-2.256800,15.321884,1.252002,0.743502,14.583487,0
2025-08-28,sz.001914,12.6800000000,12.8200000000,12.1900000000,12.5000000000,12.5600000000,10214224,127571189.7600,2,0.963300,1,-0.477700,15.074521,1.246548,0.718777,13.795477,0
2025-08-29,sz.001914,12.5000000000,12.7200000000,12.3900000000,12.4500000000,12.5000000000,11264100,140988081.0200,2,1.062300,1,-0.400000,15.014223,1.241562,0.715902,13.740295,0
2025-09-01,sz.001914,12.4600000000,12.5000000000,12.2400000000,12.4000000000,12.4500000000,10463011,129334144.3800,2,0.986800,1,-0.401600,14.953925,1.236576,0.713027,13.685113,0
2025-09-02,sz.001914,12.3900000000,12.4500000000,12.1900000000,12.2800000000,12.4000000000,8610400,105904144.0000,2,0.812000,1,-0.967700,14.809209,1.224609,0.706126,13.552676,0
2025-09-03,sz.001914,12.2800000000,12.3500000000,11.9300000000,11.9700000000,12.2800000000,8008768,96590817.4100,2,0.755300,1,-2.524400,14.435361,1.193695,0.688301,13.210548,0
2025-09-04,sz.001914,12.0400000000,12.1000000000,11.8700000000,12.0100000000,11.9700000000,7083983,84889539.1800,2,0.668100,1,0.334200,14.483600,1.197684,0.690601,13.254694,0
2025-09-05,sz.001914,12.0300000000,12.0800000000,11.8400000000,11.9200000000,12.0100000000,9445541,112453505.9000,2,0.890800,1,-0.749400,14.375063,1.188708,0.685425,13.155366,0
2025-09-08,sz.001914,11.9700000000,12.0900000000,11.9400000000,12.0300000000,11.9200000000,7418384,89126238.2000,2,0.699600,1,0.922800,14.507719,1.199678,0.691751,13.276767,0
2025-09-09,sz.001914,12.0800000000,12.4200000000,11.9900000000,12.2600000000,12.0300000000,14841056,181738621.7000,2,1.399600,1,1.911900,14.785090,1.222615,0.704976,13.530603,0
2025-09-10,sz.001914,12.1700000000,12.4800000000,12.1600000000,12.4100000000,12.2600000000,9812487,121292581.0600,2,0.925400,1,1.223500,14.965984,1.237573,0.713602,13.696149,0
2025-09-11,sz.001914,12.3700000000,12.4500000000,12.2500000000,12.4000000000,12.4100000000,6846900,84494515.0000,2,0.645700,1,-0.080600,14.953925,1.236576,0.713027,13.685113,0
2025-09-12,sz.001914,12.4100000000,12.7000000000,12.3800000000,12.5000000000,12.4000000000,9727464,121959894.6100,2,0.917400,1,0.806500,15.074521,1.246548,0.718777,13.795477,0
2025-09-15,sz.001914,12.4700000000,12.4700000000,12.0200000000,12.3000000000,12.5000000000,10081019,123026946.3100,2,0.950700,1,-1.600000,14.833328,1.226603,0.707276,13.574749,0
2025-09-16,sz.001914,12.2700000000,12.3300000000,12.1500000000,12.1700000000,12.3000000000,5903025,72061780.8800,2,0.556700,1,-1.056900,14.676553,1.213639,0.699801,13.431276,0
2025-09-17,sz.001914,12.1500000000,12.1600000000,11.9700000000,12.1100000000,12.1700000000,6352011,76673006.9000,2,0.599100,1,-0.493000,14.604196,1.207656,0.696351,13.365058,0
2025-09-18,sz.001914,12.1200000000,12.1300000000,11.6300000000,11.7000000000,12.1100000000,11679657,138502846.4200,2,1.101500,1,-3.385600,14.109751,1.166769,0.672775,12.912566,0
2025-09-19,sz.001914,11.7400000000,11.9600000000,11.6600000000,11.9000000000,11.7000000000,8016200,94691876.2200,2,0.756000,1,1.709400,14.350944,1.186714,0.684275,13.133294,0
2025-09-22,sz.001914,11.8600000000,12.0200000000,11.7100000000,11.9700000000,11.9000000000,9495100,112947037.9800,2,0.895500,1,0.588200,14.435361,1.193695,0.688301,13.210548,0
2025-09-23,sz.001914,11.9200000000,11.9200000000,11.6100000000,11.8000000000,11.9700000000,7897826,92853888.5100,2,0.744800,1,-1.420200,14.230348,1.176742,0.678525,13.022930,0
2025-09-24,sz.001914,11.7500000000,12.4300000000,11.7300000000,12.1000000000,11.8000000000,11299280,137585531.1000,2,1.065600,1,2.542400,14.592136,1.206659,0.695776,13.354021,0
2025-09-25,sz.001914,12.1000000000,12.1000000000,11.8700000000,12.0400000000,12.1000000000,7081244,84843048.2100,2,0.667800,1,-0.495900,14.519778,1.200675,0.692326,13.287803,0
2025-09-26,sz.001914,12.0000000000,12.2800000000,11.9400000000,12.1100000000,12.0400000000,5688625,68968009.7500,2,0.536500,1,0.581400,14.604196,1.207656,0.696351,13.365058,0
2025-09-29,sz.001914,12.0900000000,12.1500000000,11.9100000000,12.0700000000,12.1100000000,7088955,85072741.5700,2,0.668600,1,-0.330300,14.555957,1.203667,0.694051,13.320912,0
2025-09-30,sz.001914,12.0500000000,12.3300000000,11.9500000000,12.2000000000,12.0700000000,7188605,87762036.4800,2,0.678000,1,1.077100,14.712732,1.216631,0.701526,13.464385,0
2025-10-09,sz.001914,12.3000000000,12.3000000000,11.3300000000,11.5000000000,12.2000000000,24673910,286205740.9200,2,2.327000,1,-5.737700,13.868559,1.146824,0.661275,12.691838,0
2025-10-10,sz.001914,11.4400000000,11.6800000000,11.4100000000,11.6500000000,11.5000000000,15870466,183717121.9200,2,1.496700,1,1.304300,14.049453,1.161783,0.669900,12.857384,0
2025-10-13,sz.001914,11.4400000000,11.5300000000,11.3400000000,11.4200000000,11.6500000000,11155264,127540715.6000,2,1.052000,1,-1.974200,13.772082,1.138846,0.656674,12.603547,0
2025-10-14,sz.001914,11.4900000000,11.6400000000,11.4600000000,11.5100000000,11.4200000000,8638881,99765964.5000,2,0.814700,1,0.788100,13.880619,1.147822,0.661850,12.702875,0
2025-10-15,sz.001914,11.6000000000,11.6400000000,11.4800000000,11.5400000000,11.5100000000,5820500,67214323.0000,2,0.548900,1,0.260600,13.916798,1.150813,0.663575,12.735984,0
2025-10-16,sz.001914,11.5400000000,11.5400000000,11.3000000000,11.3400000000,11.5400000000,7331274,83479906.6800,2,0.691400,1,-1.733100,13.675605,1.130869,0.652074,12.515256,0
2025-10-17,sz.001914,11.3300000000,11.4400000000,11.2200000000,11.2500000000,11.3400000000,6037672,68297217.2300,2,0.569400,1,-0.793700,13.567069,1.121893,0.646899,12.415929,0
2025-10-20,sz.001914,11.2500000000,11.3100000000,11.1700000000,11.2100000000,11.2500000000,4951806,55582754.3200,2,0.467000,1,-0.355600,13.518830,1.117904,0.644599,12.371783,0
2025-10-21,sz.001914,11.2400000000,11.3200000000,11.1700000000,11.2800000000,11.2100000000,4789346,53994444.9300,2,0.451700,1,0.624400,13.603248,1.124885,0.648624,12.449038,0
2025-10-22,sz.001914,11.2700000000,11.4500000000,11.2100000000,11.3600000000,11.2800000000,5416968,61545415.5200,2,0.510900,1,0.709200,13.699724,1.132863,0.653224,12.537329,0
2025-10-23,sz.001914,11.4100000000,11.4800000000,11.2900000000,11.4100000000,11.3600000000,4602956,52368203.0400,2,0.434100,1,0.440100,13.760023,1.137849,0.656099,12.592511,0
2025-10-24,sz.001914,11.3800000000,11.4400000000,11.2600000000,11.2900000000,11.4100000000,5005600,56634854.9200,2,0.472100,1,-1.051700,13.615307,1.125882,0.649199,12.460074,0
2025-10-27,sz.001914,11.3300000000,11.5000000000,11.3000000000,11.3700000000,11.2900000000,8200000,93543230.0000,2,0.773300,1,0.708600,13.711784,1.133860,0.653799,12.548365,0
2025-10-28,sz.001914,11.4200000000,11.4200000000,11.2700000000,11.2800000000,11.3700000000,6201244,70201177.9100,2,0.584800,1,-0.791600,13.603248,1.124885,0.648624,12.449038,0
2025-10-29,sz.001914,11.3000000000,11.4500000000,11.2600000000,11.4400000000,11.2800000000,5805986,65970005.1200,2,0.547600,1,1.418400,13.796201,1.140841,0.657824,12.625620,0
2025-10-30,sz.001914,11.6200000000,11.7800000000,11.4100000000,11.4100000000,11.4400000000,10289373,118892939.7900,2,0.970400,1,-0.262200,13.341027,1.115589,0.638315,33.912888,0
2025-10-31,sz.001914,11.4200000000,11.5900000000,11.3900000000,11.4700000000,11.4100000000,6349600,72909082.1400,2,0.598800,1,0.525900,13.411181,1.121455,0.641672,34.091220,0
2025-11-03,sz.001914,11.4900000000,11.6100000000,11.4300000000,11.5300000000,11.4700000000,8195270,94459955.8800,2,0.772900,1,0.523100,13.481335,1.127322,0.645028,34.269553,0
2025-11-04,sz.001914,11.5300000000,11.5700000000,11.3300000000,11.3900000000,11.5300000000,6230771,71317801.9600,2,0.587600,1,-1.214200,13.317642,1.113633,0.637196,33.853444,0
2025-11-05,sz.001914,11.3100000000,11.4300000000,11.2800000000,11.3400000000,11.3900000000,5595730,63629259.8000,2,0.527700,1,-0.439000,13.259180,1.108745,0.634399,33.704833,0
2025-11-06,sz.001914,11.3400000000,11.4200000000,11.2700000000,11.4000000000,11.3400000000,5099800,57975268.0000,2,0.481000,1,0.529100,13.329334,1.114611,0.637756,33.883166,0
2025-11-07,sz.001914,11.4000000000,11.7800000000,11.3500000000,11.6000000000,11.4000000000,9410145,109171219.9000,2,0.887500,1,1.754400,13.563182,1.134166,0.648944,34.477607,0
2025-11-10,sz.001914,11.6400000000,11.8500000000,11.5200000000,11.8100000000,11.6000000000,8122675,95477463.0200,2,0.766000,1,1.810300,13.808723,1.154698,0.660692,35.101771,0
2025-11-11,sz.001914,11.7900000000,12.1400000000,11.7200000000,11.9400000000,11.8100000000,9577750,114668272.5000,2,0.903300,1,1.100800,13.960724,1.167408,0.667965,35.488158,0
2025-11-12,sz.001914,11.9700000000,12.0700000000,11.8400000000,11.8900000000,11.9400000000,6852834,81806658.3200,2,0.646300,1,-0.418800,13.902262,1.162520,0.665168,35.339547,0
2025-11-13,sz.001914,11.8700000000,12.1400000000,11.7300000000,11.9400000000,11.8900000000,13098769,155388298.3300,2,1.235300,1,0.420500,13.960724,1.167408,0.667965,35.488158,0
2025-11-14,sz.001914,11.9200000000,12.1000000000,11.7600000000,11.7900000000,11.9400000000,9942502,118828226.0000,2,0.937700,1,-1.256300,13.785338,1.152742,0.659573,35.042327,0
2025-11-17,sz.001914,11.8000000000,11.8100000000,11.6400000000,11.7100000000,11.7900000000,7142700,83645797.0000,2,0.673600,1,-0.678500,13.691799,1.144921,0.655098,34.804550,0
2025-11-18,sz.001914,11.7300000000,11.7400000000,11.4100000000,11.4700000000,11.7100000000,7338509,84620394.2300,2,0.692100,1,-2.049500,13.411181,1.121455,0.641672,34.091220,0
2025-11-19,sz.001914,11.4600000000,11.5200000000,11.3600000000,11.3800000000,11.4700000000,6528700,74540710.0000,2,0.615700,1,-0.784700,13.305949,1.112656,0.636637,33.823722,0
2025-11-20,sz.001914,11.4200000000,11.7300000000,11.3300000000,11.4800000000,11.3800000000,8171100,94254918.0000,2,0.770600,1,0.878700,13.422873,1.122433,0.642231,34.120942,0
2025-11-21,sz.001914,11.4000000000,11.6800000000,11.3800000000,11.4300000000,11.4800000000,10059437,115787363.2300,2,0.948700,1,-0.435500,13.364411,1.117544,0.639434,33.972332,0
2025-11-24,sz.001914,11.4700000000,11.6300000000,11.3000000000,11.3000000000,11.4300000000,7711500,88284367.0400,2,0.727300,1,-1.137400,13.212410,1.104834,0.632161,33.585945,0
2025-11-25,sz.001914,11.3200000000,11.4600000000,11.2000000000,11.3400000000,11.3000000000,7425500,84186287.3000,2,0.700300,1,0.354000,13.259180,1.108745,0.634399,33.704833,0
2025-11-26,sz.001914,11.3300000000,11.4100000000,11.1500000000,11.1600000000,11.3400000000,7534430,84688186.5000,2,0.710600,1,-1.587300,13.048717,1.091146,0.624329,33.169836,0
2025-11-27,sz.001914,11.1400000000,11.2200000000,10.9100000000,11.0700000000,11.1600000000,7464730,82787166.3000,2,0.704000,1,-0.806500,12.943485,1.082346,0.619294,32.902337,0
2025-11-28,sz.001914,11.0800000000,11.0900000000,10.8500000000,10.9800000000,11.0700000000,7467500,81779227.0000,2,0.704300,1,-0.813000,12.838253,1.073546,0.614259,32.634839,0
2025-12-01,sz.001914,11.0000000000,11.4800000000,10.9600000000,11.1700000000,10.9800000000,11528700,129992108.1500,2,1.087300,1,1.730400,13.060409,1.092123,0.624889,33.199558,0
2025-12-02,sz.001914,11.2100000000,11.2700000000,11.1300000000,11.2000000000,11.1700000000,4574108,51204774.2600,2,0.431400,1,0.268600,13.095486,1.095056,0.626567,33.288724,0
2025-12-03,sz.001914,11.2000000000,11.3300000000,11.1400000000,11.3100000000,11.2000000000,4650900,52361206.0000,2,0.438600,1,0.982100,13.224103,1.105811,0.632721,33.615667,0
2025-12-04,sz.001914,11.3000000000,11.4000000000,11.2000000000,11.3900000000,11.3100000000,4550600,51559810.0600,2,0.429200,1,0.707300,13.317642,1.113633,0.637196,33.853444,0
2025-12-05,sz.001914,11.3800000000,11.3900000000,11.1200000000,11.3100000000,11.3900000000,5234600,58841286.0000,2,0.493700,1,-0.702400,13.224103,1.105811,0.632721,33.615667,0
2025-12-08,sz.001914,11.3000000000,11.3500000000,11.2100000000,11.2300000000,11.3100000000,4153900,46777324.0000,2,0.394200,1,-0.707300,13.048509,1.091128,0.624319,33.169309,0
2025-12-09,sz.001914,11.2100000000,11.2500000000,11.0000000000,11.0800000000,11.2300000000,5094300,56394382.0000,2,0.483500,1,-1.335700,12.874219,1.076554,0.615980,32.726264,0
2025-12-10,sz.001914,11.0800000000,11.2900000000,10.9800000000,11.1400000000,11.0800000000,7809500,86911486.0000,2,0.741100,1,0.541500,12.943935,1.082384,0.619316,32.903482,0
2025-12-11,sz.001914,11.1400000000,11.1600000000,11.0400000000,11.0600000000,11.1400000000,3881365,43036514.5000,2,0.368400,1,-0.718100,12.850981,1.074611,0.614868,32.667191,0
2025-12-12,sz.001914,11.0900000000,11.1300000000,10.9900000000,11.0200000000,11.0600000000,4886590,53876901.7200,2,0.463700,1,-0.361700,12.804503,1.070724,0.612644,32.549046,0
2025-12-15,sz.001914,11.0000000000,11.0800000000,10.9400000000,10.9600000000,11.0200000000,4139921,45595981.8100,2,0.392900,1,-0.544500,12.734787,1.064895,0.609309,32.371828,0
2025-12-16,sz.001914,11.0200000000,11.0700000000,10.8500000000,10.9200000000,10.9600000000,5069800,55352056.0000,2,0.481100,1,-0.365000,12.688310,1.061008,0.607085,32.253682,0
2025-12-17,sz.001914,10.9100000000,11.0600000000,10.7900000000,10.9300000000,10.9200000000,5165665,56324530.5400,2,0.490200,1,0.091600,12.699929,1.061980,0.607641,32.283219,0
2025-12-18,sz.001914,10.9500000000,11.1400000000,10.9000000000,11.0600000000,10.9300000000,4172067,45986784.9600,2,0.395900,1,1.189400,12.850981,1.074611,0.614868,32.667191,0
2025-12-19,sz.001914,11.0600000000,11.2900000000,10.9800000000,11.1500000000,11.0600000000,5737854,64239352.1200,2,0.544500,1,0.813700,12.955555,1.083355,0.619872,32.933018,0
2025-12-22,sz.001914,11.1800000000,11.2200000000,11.0300000000,11.0700000000,11.1500000000,4857700,53913209.9200,2,0.461000,1,-0.717500,12.862600,1.075582,0.615424,32.696727,0
2025-12-23,sz.001914,11.1100000000,11.1700000000,10.9600000000,11.0200000000,11.0700000000,6001208,66363114.8000,2,0.569500,1,-0.451700,12.804503,1.070724,0.612644,32.549046,0
2025-12-24,sz.001914,11.0200000000,11.1500000000,10.9800000000,11.0500000000,11.0200000000,4081600,45125929.0000,2,0.387400,1,0.272200,12.839361,1.073639,0.614312,32.637655,0
2025-12-25,sz.001914,11.0900000000,11.1000000000,10.9800000000,10.9800000000,11.0500000000,5008856,55159590.8800,2,0.475400,1,-0.633500,12.758026,1.066838,0.610421,32.430900,0
2025-12-26,sz.001914,10.9800000000,11.0100000000,10.9300000000,10.9400000000,10.9800000000,4611600,50599954.0000,2,0.437700,1,-0.364300,12.711549,1.062951,0.608197,32.312755,0
2025-12-29,sz.001914,10.9400000000,10.9600000000,10.7000000000,10.7100000000,10.9400000000,7693295,83225557.2000,2,0.730100,1,-2.102400,12.444304,1.040604,0.595410,31.633419,0
2025-12-30,sz.001914,10.7000000000,10.7500000000,10.5800000000,10.6400000000,10.7100000000,5610300,59783208.0000,2,0.532400,1,-0.653600,12.362969,1.033803,0.591519,31.426665,0
2025-12-31,sz.001914,10.7200000000,10.9000000000,10.6700000000,10.6800000000,10.6400000000,8999500,96948874.0000,2,0.854100,1,0.375900,12.409446,1.037689,0.593743,31.544810,0
2026-01-05,sz.001914,10.6900000000,11.0900000000,10.6900000000,11.0400000000,10.6800000000,14513250,159572255.0200,2,1.377300,1,3.370800,12.827742,1.072667,0.613756,32.608118,0
2026-01-06,sz.001914,11.0500000000,11.1500000000,10.9000000000,10.9600000000,11.0400000000,9314322,102578154.8200,2,0.883900,1,-0.724600,12.734787,1.064895,0.609309,32.371828,0
2026-01-07,sz.001914,10.9900000000,11.0700000000,10.8600000000,10.9200000000,10.9600000000,7189863,78659707.1600,2,0.682300,1,-0.365000,12.688310,1.061008,0.607085,32.253682,0
2026-01-08,sz.001914,10.9000000000,11.2600000000,10.8300000000,11.1700000000,10.9200000000,10800564,119873648.4300,2,1.025000,1,2.289400,12.978793,1.085298,0.620984,32.992091,0
2026-01-09,sz.001914,11.1700000000,11.3400000000,11.1400000000,11.3200000000,11.1700000000,9758500,109832452.0000,2,0.926100,1,1.342900,13.153083,1.099873,0.629323,33.435136,0
2026-01-12,sz.001914,11.3200000000,11.3600000000,11.1800000000,11.2500000000,11.3200000000,8188740,92209226.5400,2,0.777100,1,-0.618400,13.071748,1.093071,0.625431,33.228381,0
2026-01-13,sz.001914,11.2500000000,11.3800000000,11.1300000000,11.1300000000,11.2500000000,9555205,107442847.4500,2,0.906800,1,-1.066700,12.932316,1.081412,0.618760,32.873945,0
2026-01-14,sz.001914,11.2000000000,11.2800000000,10.9400000000,10.9800000000,11.1300000000,10993200,122110017.0000,2,1.043300,1,-1.347700,12.758026,1.066838,0.610421,32.430900,0
2026-01-15,sz.001914,11.0700000000,11.4200000000,10.9900000000,11.2800000000,10.9800000000,9390572,105714994.8400,2,0.891200,1,2.732200,13.106606,1.095986,0.627099,33.316991,0
2026-01-16,sz.001914,11.3200000000,11.4000000000,11.0300000000,11.0500000000,11.2800000000,6689769,74513851.4400,2,0.634900,1,-2.039000,12.839361,1.073639,0.614312,32.637655,0
2026-01-19,sz.001914,11.0800000000,11.3100000000,11.0600000000,11.1400000000,11.0500000000,6883800,77111241.8800,2,0.653300,1,0.814500,12.943935,1.082384,0.619316,32.903482,0
2026-01-20,sz.001914,11.1600000000,12.2200000000,11.1200000000,11.9800000000,11.1400000000,28058369,331149489.0700,2,2.662800,1,7.540400,13.919959,1.164000,0.666015,35.384534,0
2026-01-21,sz.001914,11.9700000000,12.1000000000,11.6300000000,11.6800000000,11.9800000000,16457279,194173171.5600,2,1.561800,1,-2.504200,13.571379,1.134851,0.649336,34.498444,0
2026-01-22,sz.001914,11.7200000000,11.8300000000,11.5100000000,11.7300000000,11.6800000000,12643943,147659950.9900,2,1.199900,1,0.428100,13.629476,1.139709,0.652116,34.646126,0
2026-01-23,sz.001914,11.7800000000,11.8200000000,11.5700000000,11.7500000000,11.7300000000,10206400,119219975.0000,2,0.968600,1,0.170500,13.652715,1.141652,0.653228,34.705198,0
2026-01-26,sz.001914,11.8000000000,11.8300000000,11.5400000000,11.6300000000,11.7500000000,10003895,116270953.0500,2,0.949400,1,-1.021300,13.513283,1.129993,0.646557,34.350762,0
2026-01-27,sz.001914,11.6300000000,11.7300000000,11.4100000000,11.6000000000,11.6300000000,8548675,98815498.7500,2,0.811300,1,-0.258000,13.478425,1.127078,0.644889,34.262153,0
2026-01-28,sz.001914,11.6200000000,11.8500000000,11.5600000000,11.7300000000,11.6000000000,12283252,144002638.0400,2,1.165700,1,1.120700,13.629476,1.139709,0.652116,34.646126,0
2026-01-29,sz.001914,11.7100000000,12.2500000000,11.6500000000,12.1400000000,11.7300000000,18246891,219948546.6800,2,1.731700,1,3.495300,14.105868,1.179546,0.674910,35.857116,0
2026-01-30,sz.001914,12.0400000000,12.1100000000,11.6900000000,11.7800000000,12.1400000000,10722556,126848529.5600,2,1.017600,1,-2.965400,13.687573,1.144567,0.654896,34.793807,0
2026-02-02,sz.001914,11.8100000000,11.8900000000,11.2600000000,11.3000000000,11.7800000000,14109700,162248752.0000,2,1.339000,1,-4.074700,13.129845,1.097930,0.628211,33.376063,0
2026-02-03,sz.001914,11.4300000000,11.6100000000,11.2800000000,11.4200000000,11.3000000000,9959651,113675992.9500,2,0.945200,1,1.061900,13.269277,1.109589,0.634882,33.730499,0
2026-02-04,sz.001914,11.4000000000,12.0200000000,11.3600000000,11.9500000000,11.4200000000,21022157,248672602.9800,2,1.995000,1,4.641000,13.885101,1.161085,0.664347,35.295925,0
2026-02-05,sz.001914,11.9600000000,12.1400000000,11.9200000000,12.0000000000,11.9500000000,21404846,257641703.3200,2,2.031400,1,0.418400,13.943198,1.165943,0.667126,35.443607,0
2026-02-06,sz.001914,11.9500000000,11.9800000000,11.6400000000,11.6500000000,12.0000000000,13490349,158995325.8500,2,1.280300,1,-2.916700,13.536521,1.131936,0.647669,34.409835,0
2026-02-09,sz.001914,11.7200000000,11.9500000000,11.6100000000,11.7300000000,11.6500000000,10816875,127224707.0000,2,1.026500,1,0.686700,13.629476,1.139709,0.652116,34.646126,0
2026-02-10,sz.001914,11.7500000000,11.7600000000,11.5200000000,11.6600000000,11.7300000000,7855800,91340473.0000,2,0.745500,1,-0.596800,13.548141,1.132908,0.648225,34.439371,0
2026-02-11,sz.001914,11.6800000000,11.8300000000,11.5400000000,11.5600000000,11.6600000000,10108200,117623885.0000,2,0.959300,1,-0.857600,13.431947,1.123192,0.642665,34.144008,0
2026-02-12,sz.001914,11.5700000000,11.6200000000,11.4000000000,11.4200000000,11.5600000000,7644401,87716112.4500,2,0.725500,1,-1.211100,13.269277,1.109589,0.634882,33.730499,0
2026-02-13,sz.001914,11.4600000000,11.4800000000,11.2100000000,11.2100000000,11.4200000000,8509800,96383671.3100,2,0.807600,1,-1.838900,13.025271,1.089185,0.623207,33.110236,0
2026-02-24,sz.001914,11.3300000000,11.4700000000,11.2400000000,11.3500000000,11.2100000000,7574800,86159383.0000,2,0.718900,1,1.248900,13.187941,1.102788,0.630990,33.523745,0
2026-02-25,sz.001914,11.4300000000,11.9900000000,11.4200000000,11.8800000000,11.3500000000,19525427,230105242.7600,2,1.853000,1,4.669600,13.803766,1.154283,0.660455,35.089171,0
2026-02-26,sz.001914,11.9300000000,11.9800000000,11.5600000000,11.6400000000,11.8800000000,12490703,146695928.3000,2,1.185400,1,-2.020200,13.524902,1.130965,0.647113,34.380299,0
2026-02-27,sz.001914,11.7000000000,11.7700000000,11.5000000000,11.6600000000,11.6400000000,7726826,89860786.3700,2,0.733300,1,0.171800,13.548141,1.132908,0.648225,34.439371,0
2026-03-02,sz.001914,11.5200000000,11.6800000000,11.3800000000,11.5900000000,11.6600000000,9691025,111879070.0000,2,0.919700,1,-0.600300,13.466805,1.126106,0.644333,34.232617,0
2026-03-03,sz.001914,11.5700000000,11.7200000000,11.3300000000,11.3900000000,11.5900000000,8887600,102221371.0000,2,0.843500,1,-1.725600,13.234419,1.106674,0.633214,33.641890,0
2026-03-04,sz.001914,11.4000000000,11.4500000000,10.6500000000,10.7300000000,11.3900000000,20840122,228015164.8400,2,1.977800,1,-5.794600,12.467543,1.042547,0.596522,31.692492,0
2026-03-05,sz.001914,10.9100000000,10.9400000000,10.5800000000,10.6300000000,10.7300000000,11155429,119788167.6900,2,1.058700,1,-0.932000,12.351349,1.032831,0.590963,31.397128,0
2026-03-06,sz.001914,10.6100000000,10.8100000000,10.5600000000,10.6900000000,10.6300000000,12323723,131962212.1300,2,1.169500,1,0.564400,12.421065,1.038661,0.594298,31.574347,0
2026-03-09,sz.001914,10.5800000000,10.6400000000,10.4000000000,10.5100000000,10.6900000000,12137046,127438466.6200,2,1.151800,1,-1.683800,12.211917,1.021172,0.584292,31.042692,0
2026-03-10,sz.001914,10.5500000000,10.6500000000,10.5100000000,10.6000000000,10.5100000000,9813300,103777910.0000,2,0.931300,1,0.856300,12.316491,1.029916,0.589295,31.308519,0
2026-03-11,sz.001914,10.6100000000,10.8300000000,10.5600000000,10.7900000000,10.6000000000,9332000,100086518.0000,2,0.885600,1,1.792500,12.537259,1.048377,0.599858,31.869710,0
2026-03-12,sz.001914,10.7700000000,10.8600000000,10.6800000000,10.7900000000,10.7900000000,7899600,85178785.0000,2,0.749700,1,0.000000,12.537259,1.048377,0.599858,31.869710,0
2026-03-13,sz.001914,10.7900000000,10.9900000000,10.7500000000,10.7600000000,10.7900000000,8631700,93863872.0000,2,0.819200,1,-0.278000,12.502401,1.045462,0.598190,31.781101,0
2026-03-16,sz.001914,10.6400000000,10.8100000000,10.3600000000,10.3800000000,10.7600000000,23140500,242766949.9600,2,2.196100,1,-3.531600,16.709380,1.019889,0.567503,11.463026,0
2026-03-17,sz.001914,10.4500000000,10.6700000000,10.3800000000,10.4200000000,10.3800000000,15521376,163040414.0000,2,1.473000,1,0.385400,16.773771,1.023819,0.569690,11.507199,0
2026-03-18,sz.001914,10.4100000000,10.4500000000,10.1800000000,10.2500000000,10.4200000000,12667200,130173483.0000,2,1.202100,1,-1.631500,16.500110,1.007115,0.560396,11.319462,0
