date,code,open,high,low,close,preclose,volume,amount,adjustflag,turn,tradestatus,pctChg,peTTM,pbMRQ,psTTM,pcfNcfTTM,isST
2023-06-26,sz.002534,15.6829134000,15.8387684400,15.3224986200,15.6634315200,15.8874731400,10029174,160146480.7700,2,1.376400,1,-1.410200,63.145737,3.299847,1.572309,-186.752275,0
2023-06-27,sz.002534,15.5952449400,16.1212557000,15.5952449400,16.0433281800,15.6634315200,7532544,123396461.9800,2,1.033800,1,2.425400,64.677257,3.379881,1.610444,-191.281715,0
2023-06-28,sz.002534,15.9556597200,16.0141053600,15.6439496400,15.8679912600,16.0433281800,6229180,101173452.7100,2,0.854900,1,-1.092900,63.970401,3.342942,1.592843,-189.191204,0
2023-06-29,sz.002534,15.6926543400,16.3355563800,15.6926543400,16.1991832200,15.8679912600,8995871,149372065.6200,2,1.234600,1,2.087200,65.305573,3.412715,1.626089,-193.139947,0
2023-06-30,sz.002534,16.2576288600,16.5401161200,16.0822919400,16.3647792000,16.1991832200,9720381,163128119.4600,2,1.331800,1,1.022200,65.973158,3.447602,1.642711,-195.114318,0
2023-07-03,sz.002534,16.3842610800,16.8518262000,16.2673698000,16.3160745000,16.3647792000,12302688,208673300.2700,2,1.688400,1,-0.297600,65.776809,3.437341,1.637822,-194.533620,0
2023-07-04,sz.002534,16.2673698000,16.4329657800,16.0238463000,16.1797013400,16.3160745000,6726886,111905901.8800,2,0.921600,1,-0.835800,65.227033,3.408611,1.624133,-192.907668,0
2023-07-05,sz.002534,16.1894422800,16.2089241600,15.5757630600,15.6147268200,16.1797013400,8593003,139601033.7500,2,1.177300,1,-3.491900,62.949388,3.289586,1.567420,-186.171578,0
2023-07-06,sz.002534,15.5855040000,15.7413590400,15.3906852000,15.5855040000,15.6147268200,6651176,106518515.4800,2,0.911300,1,-0.187100,62.831579,3.283430,1.564487,-185.823160,0
2023-07-07,sz.002534,15.5173174200,15.5367993000,14.9718247800,15.0789751200,15.5855040000,8189484,127725514.2900,2,1.122000,1,-3.250000,60.789553,3.176719,1.513641,-179.783907,0
2023-07-10,sz.002534,15.0984570000,15.3517214400,15.0205294800,15.2250892200,15.0789751200,4481363,70001893.6500,2,0.614000,1,0.969000,61.378599,3.207501,1.528308,-181.525999,0
2023-07-11,sz.002534,15.2250892200,15.3419805000,15.0984570000,15.2932758000,15.2250892200,4517399,70738526.1800,2,0.618900,1,0.447900,61.653487,3.221866,1.535153,-182.338975,0
2023-07-12,sz.002534,15.5075764800,15.7705818600,15.2932758000,15.2932758000,15.2932758000,8064557,127978162.9300,2,1.104900,1,0.000000,61.653487,3.221866,1.535153,-182.338975,0
2023-07-13,sz.002534,15.1666435800,15.5660221200,15.1276798200,15.4296489600,15.2932758000,5820077,91833569.9600,2,0.797400,1,0.891700,62.203263,3.250596,1.548842,-183.964928,0
2023-07-14,sz.002534,15.4199080200,15.4296489600,14.9913066600,15.0594932400,15.4296489600,6944162,107852580.1700,2,0.951400,1,-2.399000,60.711013,3.172614,1.511685,-179.551628,0
2023-07-17,sz.002534,14.4945187200,14.6601147000,13.9587670200,14.5919281200,15.0594932400,10752331,158143597.3600,2,1.473100,1,-3.104800,58.826066,3.074111,1.464751,-173.976933,0
2023-07-18,sz.002534,14.6893375200,14.7185603400,14.3191818000,14.5627053000,14.5919281200,4558882,67982643.1200,2,0.624600,1,-0.200300,58.708257,3.067955,1.461817,-173.628515,0
2023-07-19,sz.002534,14.5627053000,14.5919281200,14.2704771000,14.3971093200,14.5627053000,5780673,85522313.0100,2,0.792000,1,-1.137100,58.040671,3.033069,1.445195,-171.654144,0
2023-07-20,sz.002534,14.4165912000,14.5529643600,14.2217724000,14.2412542800,14.3971093200,4724285,69821471.8000,2,0.647300,1,-1.082500,57.412355,3.000234,1.429550,-169.795912,0
2023-07-21,sz.002534,14.2217724000,14.2802180400,14.0464354800,14.0756583000,14.2412542800,5413014,78581642.6800,2,0.741600,1,-1.162800,56.744770,2.965348,1.412927,-167.821541,0
2023-07-24,sz.002534,14.1243630000,14.2315133400,13.9587670200,13.9977307800,14.0756583000,3307705,47811566.9700,2,0.453200,1,-0.553600,56.430612,2.948931,1.405105,-166.892425,0
2023-07-25,sz.002534,14.1633267600,14.4847777800,14.1341039400,14.4750368400,13.9977307800,5560996,81763977.8800,2,0.761900,1,3.409900,58.354829,3.049486,1.453017,-172.583260,0
2023-07-26,sz.002534,14.4847777800,14.4847777800,14.2315133400,14.3191818000,14.4750368400,2969822,43629729.7200,2,0.406900,1,-1.076700,57.726513,3.016651,1.437372,-170.725028,0
2023-07-27,sz.002534,14.3191818000,14.5432234200,14.0756583000,14.1146220600,14.3191818000,3959067,58073086.4900,2,0.542400,1,-1.428600,56.901849,2.973556,1.416838,-168.286099,0
2023-07-28,sz.002534,14.1341039400,14.3678865000,13.9100623200,14.3484046200,14.1146220600,3841295,55887595.6600,2,0.526300,1,1.656300,57.844322,3.022808,1.440306,-171.073446,0
2023-07-31,sz.002534,14.3484046200,14.5140006000,14.2996999200,14.4652959000,14.3484046200,4289561,63506696.6300,2,0.587700,1,0.814700,58.315559,3.047434,1.452039,-172.467120,0
2023-08-01,sz.002534,14.5627053000,14.5627053000,14.2704771000,14.3386636800,14.4652959000,3109555,45796246.4600,2,0.426000,1,-0.875400,57.805053,3.020756,1.439328,-170.957307,0
2023-08-02,sz.002534,14.3873683800,14.4068502600,14.2802180400,14.3971093200,14.3386636800,2632150,38763693.4300,2,0.360600,1,0.407600,58.040671,3.033069,1.445195,-171.654144,0
2023-08-03,sz.002534,14.3581455600,14.5042596600,14.2996999200,14.4555549600,14.3971093200,2698200,39959500.0000,2,0.369700,1,0.406000,58.276290,3.045381,1.451062,-172.350981,0
2023-08-04,sz.002534,14.4555549600,14.6893375200,14.4165912000,14.6211509400,14.4555549600,4576045,68433534.9300,2,0.626900,1,1.145600,58.943875,3.080268,1.467684,-174.325352,0
2023-08-07,sz.002534,14.6114100000,14.7380422200,14.5042596600,14.6503737600,14.6211509400,3798295,57066065.5500,2,0.520400,1,0.199900,59.061684,3.086424,1.470618,-174.673770,0
2023-08-08,sz.002534,14.6990784600,14.7088194000,14.3581455600,14.4263321400,14.6503737600,3338900,49602753.1200,2,0.457400,1,-1.529300,58.158480,3.039225,1.448128,-172.002562,0
2023-08-09,sz.002534,14.3971093200,14.4360730800,14.1730677000,14.2217724000,14.4263321400,3112901,45613347.6600,2,0.426500,1,-1.418000,57.333816,2.996130,1.427594,-169.563633,0
2023-08-10,sz.002534,14.3289227400,14.4652959000,14.2217724000,14.2704771000,14.2217724000,2544600,37419760.0000,2,0.348600,1,0.342500,57.530165,3.006391,1.432483,-170.144331,0
2023-08-11,sz.002534,14.2412542800,14.3971093200,13.9295442000,13.9295442000,14.2704771000,2566086,37101583.3400,2,0.351600,1,-2.389100,56.155724,2.934566,1.398260,-166.079449,0
2023-08-14,sz.002534,14.0269536000,14.0269536000,13.6373160000,13.9100623200,13.9295442000,3274020,46396447.4000,2,0.448600,1,-0.139900,56.077184,2.930461,1.396305,-165.847170,0
2023-08-15,sz.002534,13.8418757400,14.0464354800,13.5788703600,13.6470569400,13.9100623200,3382952,47603342.2500,2,0.463500,1,-1.890800,55.016901,2.875053,1.369904,-162.711404,0
2023-08-16,sz.002534,13.5886113000,13.6957616400,13.4327562600,13.4424972000,13.6470569400,2446982,33999354.6200,2,0.335300,1,-1.498900,54.192237,2.831958,1.349370,-160.272475,0
2023-08-17,sz.002534,13.3256059200,13.7834301000,13.2769012200,13.7347254000,13.4424972000,3388674,47295398.8900,2,0.464300,1,2.173900,55.370329,2.893523,1.378704,-163.756659,0
2023-08-18,sz.002534,13.6373160000,13.8613576200,13.5106837800,13.5106837800,13.7347254000,2287000,32180076.0000,2,0.313300,1,-1.631200,54.467125,2.846323,1.356215,-161.085452,0
2023-08-21,sz.002534,13.4814609600,13.6567978800,13.3645696800,13.5593884800,13.5106837800,2828131,39159648.0100,2,0.387500,1,0.360500,54.663474,2.856584,1.361104,-161.666149,0
2023-08-22,sz.002534,13.4619790800,13.5496475400,13.0041549000,13.1502690000,13.5593884800,5729028,77483085.2400,2,0.784900,1,-3.017200,53.014145,2.770394,1.320036,-156.788291,0
2023-08-23,sz.002534,13.1307871200,13.1405280600,12.7703723400,12.7995951600,13.1502690000,3781600,50205198.6000,2,0.518100,1,-2.666700,51.600434,2.696517,1.284835,-152.607270,0
2023-08-24,sz.002534,12.7995951600,13.0041549000,12.6437401200,12.8580408000,12.7995951600,3729598,49184257.1200,2,0.511000,1,0.456600,51.836053,2.708830,1.290702,-153.304107,0
2023-08-25,sz.002534,12.8190770400,12.9262273800,12.5658126000,12.5852944800,12.8580408000,3036199,39544630.3500,2,0.416000,1,-2.121200,50.736500,2.651370,1.263323,-150.052201,0
2023-08-28,sz.002534,13.2281965200,13.3061240400,12.6242582400,12.6437401200,12.5852944800,6146937,81876835.3000,2,0.842200,1,0.464400,50.972119,2.663683,1.269190,-150.749038,0
2023-08-29,sz.002534,12.7508904600,13.0041549000,12.6437401200,12.8970045600,12.6437401200,4576374,60432603.3100,2,0.627000,1,2.003100,72.455081,2.625323,1.296719,-364.247359,0
2023-08-30,sz.002534,13.0041549000,13.1502690000,12.9067455000,12.9846730200,12.8970045600,5832147,78012689.9900,2,0.799000,1,0.679800,72.947600,2.643169,1.305533,-366.723360,0
2023-08-31,sz.002534,12.9846730200,13.0431186600,12.7119267000,12.7216676400,12.9846730200,3027080,39721189.4000,2,0.414700,1,-2.025500,71.470042,2.589632,1.279089,-359.295355,0
2023-09-01,sz.002534,12.7606314000,12.8677817400,12.6632220000,12.7898542200,12.7216676400,2200469,28787654.8300,2,0.301500,1,0.536000,71.853113,2.603512,1.285945,-361.221134,0
2023-09-04,sz.002534,12.8190770400,13.1015643000,12.6632220000,13.0626005400,12.7898542200,4606300,61013535.0000,2,0.631100,1,2.132500,73.385395,2.659032,1.313368,-368.924251,0
2023-09-05,sz.002534,13.0528596000,13.1113052400,12.8775226800,13.0333777200,13.0626005400,3457726,46152164.6400,2,0.473700,1,-0.223700,73.221222,2.653084,1.310430,-368.098917,0
2023-09-06,sz.002534,12.9944139600,13.1989737000,12.8970045600,13.1794918200,13.0333777200,3711207,49721266.3800,2,0.508500,1,1.121100,74.042088,2.682827,1.325121,-372.225586,0
2023-09-07,sz.002534,13.1113052400,13.1794918200,12.7314085800,12.7508904600,13.1794918200,4569136,60364145.3200,2,0.626000,1,-3.252000,71.634215,2.595580,1.282028,-360.120689,0
2023-09-08,sz.002534,12.6729629400,12.8482998600,12.6632220000,12.7411495200,12.7508904600,2099025,27511806.0000,2,0.287600,1,-0.076400,71.579491,2.593597,1.281048,-359.845578,0
2023-09-11,sz.002534,12.8385589200,13.0528596000,12.6437401200,12.9749320800,12.7411495200,3938734,52159794.9100,2,0.539600,1,1.834900,72.892876,2.641186,1.304554,-366.448249,0
2023-09-12,sz.002534,12.9554502000,13.0918233600,12.8872636200,12.9846730200,12.9749320800,2160700,28834883.0000,2,0.296000,1,0.075100,72.947600,2.643169,1.305533,-366.723360,0
2023-09-13,sz.002534,12.9651911400,13.0723414800,12.5950354200,12.7314085800,12.9846730200,3917926,51324570.3400,2,0.536800,1,-1.950500,71.524766,2.591614,1.280069,-359.570467,0
2023-09-14,sz.002534,12.8580408000,12.8580408000,12.4684032000,12.5852944800,12.7314085800,3322606,42891833.3500,2,0.455200,1,-1.147700,70.703901,2.561871,1.265378,-355.443797,0
2023-09-15,sz.002534,12.6632220000,12.6924448200,12.4294394400,12.5852944800,12.5852944800,2709771,34862147.0000,2,0.371300,1,0.000000,70.703901,2.561871,1.265378,-355.443797,0
2023-09-18,sz.002534,12.6242582400,12.7898542200,12.4099575600,12.7606314000,12.5852944800,3399998,44287488.3000,2,0.465800,1,1.393200,71.688940,2.597563,1.283007,-360.395800,0
2023-09-19,sz.002534,12.7216676400,12.7801132800,12.5171079000,12.5755535400,12.7606314000,2547800,32993677.3200,2,0.349100,1,-1.450400,70.649176,2.559888,1.264399,-355.168686,0
2023-09-20,sz.002534,12.6047763600,12.6437401200,12.2735844000,12.2930662800,12.5755535400,2950796,37569869.4000,2,0.404300,1,-2.246300,69.062169,2.502385,1.235996,-347.190458,0
2023-09-21,sz.002534,12.3709938000,12.3709938000,12.1664340600,12.1761750000,12.2930662800,2872539,36143619.8500,2,0.393600,1,-0.950900,68.405477,2.478591,1.224243,-343.889123,0
2023-09-22,sz.002534,12.1956568800,12.5755535400,12.1566931200,12.5755535400,12.1761750000,3685166,46982015.1000,2,0.504900,1,3.280000,70.649176,2.559888,1.264399,-355.168686,0
2023-09-25,sz.002534,12.4976260200,12.6242582400,12.3709938000,12.4878850800,12.5755535400,2515723,32197291.6500,2,0.344700,1,-0.697100,70.156657,2.542043,1.255584,-352.692684,0
2023-09-26,sz.002534,12.4781441400,12.5365897800,12.2833253400,12.3515119200,12.4878850800,3142742,39921273.3000,2,0.430600,1,-1.092000,69.390516,2.514282,1.241872,-348.841126,0
2023-09-27,sz.002534,12.3807347400,12.7606314000,12.2833253400,12.5268488400,12.3515119200,4273606,55131661.5400,2,0.585500,1,1.419600,70.375554,2.549974,1.259502,-353.793129,0
2023-09-28,sz.002534,12.5073669600,12.6827038800,12.4684032000,12.6534810600,12.5268488400,2391783,30995027.3600,2,0.327700,1,1.010900,71.086971,2.575751,1.272234,-357.369576,0
2023-10-09,sz.002534,13.0333777200,13.0333777200,12.5268488400,12.5950354200,12.6534810600,3361200,43648617.0000,2,0.460500,1,-0.461900,70.758625,2.563854,1.266357,-355.718908,0
2023-10-10,sz.002534,12.6339991800,12.7119267000,12.5171079000,12.5463307200,12.5950354200,2522323,32612767.9400,2,0.345100,1,-0.386700,70.485003,2.553940,1.261460,-354.343352,0
2023-10-11,sz.002534,12.5365897800,12.6339991800,12.4196985000,12.4586622600,12.5463307200,2762400,35514413.0000,2,0.378000,1,-0.698800,69.992484,2.536094,1.252646,-351.867350,0
2023-10-12,sz.002534,12.4586622600,12.7314085800,12.4294394400,12.6924448200,12.4586622600,3524047,45644155.8800,2,0.482200,1,1.876500,71.305869,2.583683,1.276151,-358.470021,0
2023-10-13,sz.002534,12.7021857600,12.7021857600,12.3709938000,12.5463307200,12.6924448200,3625901,46520538.8400,2,0.496100,1,-1.151200,70.485003,2.553940,1.261460,-354.343352,0
2023-10-16,sz.002534,12.5658126000,12.5658126000,12.2833253400,12.3709938000,12.5463307200,2947471,37434793.0700,2,0.403300,1,-1.397500,69.499964,2.518248,1.243831,-349.391349,0
2023-10-17,sz.002534,12.3709938000,12.4684032000,12.2443615800,12.3125481600,12.3709938000,1779800,22524002.0000,2,0.243500,1,-0.472400,69.171618,2.506351,1.237955,-347.740681,0
2023-10-18,sz.002534,12.3612528600,12.3709938000,11.9910971400,12.0008380800,12.3125481600,3042320,37812287.2000,2,0.416300,1,-2.531600,67.420438,2.442899,1.206614,-338.937119,0
2023-10-19,sz.002534,12.0300609000,12.1956568800,11.8839468000,12.0203199600,12.0008380800,2641378,32690046.4600,2,0.361400,1,0.162300,67.529887,2.446865,1.208573,-339.487342,0
2023-10-20,sz.002534,11.9618743200,12.2541025200,11.9423924400,12.1177293600,12.0203199600,2986245,37118628.5500,2,0.408600,1,0.810400,68.077130,2.466693,1.218367,-342.238455,0
2023-10-23,sz.002534,12.0203199600,12.0300609000,11.5332729600,11.6112004800,12.1177293600,4142600,49867336.0000,2,0.566800,1,-4.180100,65.231463,2.363584,1.167438,-327.932667,0
2023-10-24,sz.002534,11.6112004800,11.8936877400,11.4943092000,11.7962783400,11.6112004800,2984203,36002387.3600,2,0.408300,1,1.594000,66.271226,2.401259,1.186047,-333.159782,0
2023-10-25,sz.002534,11.8742058600,12.1761750000,11.7962783400,11.8352421000,11.7962783400,2777000,34115184.0000,2,0.380000,1,0.330300,66.490123,2.409190,1.189965,-334.260227,0
2023-10-26,sz.002534,11.7865374000,11.9618743200,11.5917186000,11.9131696200,11.8352421000,3017000,36441857.0000,2,0.412800,1,0.658400,66.927918,2.425053,1.197800,-336.461118,0
2023-10-27,sz.002534,11.8839468000,12.2638434600,11.7573145800,12.1859159400,11.9131696200,3571306,44281035.0100,2,0.488700,1,2.289500,68.460201,2.480574,1.225223,-344.164234,0
2023-10-30,sz.002534,12.1274703000,12.3320300400,12.1079884200,12.2346206400,12.1859159400,2567933,32216756.1500,2,0.351400,1,0.399700,68.733823,2.490488,1.230120,-345.539790,0
2023-10-31,sz.002534,12.2053978200,12.4684032000,12.1664340600,12.2541025200,12.2346206400,2531400,31819109.5500,2,0.346400,1,0.159200,56.839740,2.468515,1.276871,44.784793,0
2023-11-01,sz.002534,12.3125481600,12.3222891000,12.1177293600,12.2735844000,12.2541025200,2423033,30455866.8000,2,0.331600,1,0.159000,56.930105,2.472440,1.278901,44.855993,0
2023-11-02,sz.002534,12.2735844000,12.3515119200,12.0690246600,12.0982474800,12.2735844000,2134557,26633651.6600,2,0.292100,1,-1.428600,56.116818,2.437119,1.260631,44.215193,0
2023-11-03,sz.002534,12.0592837200,12.4586622600,12.0398018400,12.4196985000,12.0982474800,4304987,54649193.8100,2,0.589100,1,2.657000,57.607844,2.501874,1.294126,45.389993,0
2023-11-06,sz.002534,12.4294394400,12.7411495200,12.4294394400,12.6145173000,12.4196985000,3834252,49607835.8800,2,0.524700,1,1.568600,58.511497,2.541119,1.314426,46.101993,0
2023-11-07,sz.002534,12.6632220000,12.7216676400,12.5658126000,12.6729629400,12.6145173000,2792301,36272356.9100,2,0.382100,1,0.463300,58.782593,2.552892,1.320516,46.315593,0
2023-11-08,sz.002534,12.7119267000,12.7995951600,12.5658126000,12.6534810600,12.6729629400,3630378,47213136.4600,2,0.496800,1,-0.153700,58.692227,2.548968,1.318486,46.244393,0
2023-11-09,sz.002534,12.6242582400,12.7606314000,12.4976260200,12.6242582400,12.6534810600,2877600,37377240.0000,2,0.393800,1,-0.230900,58.556679,2.543081,1.315441,46.137593,0
2023-11-10,sz.002534,12.6437401200,12.7021857600,12.4878850800,12.6437401200,12.6242582400,2225677,28759496.5200,2,0.304500,1,0.154300,58.647045,2.547005,1.317471,46.208793,0
2023-11-13,sz.002534,12.7508904600,12.7508904600,12.5950354200,12.7119267000,12.6437401200,2868100,37335346.0000,2,0.392500,1,0.539300,58.963323,2.560741,1.324576,46.457993,0
2023-11-14,sz.002534,12.7508904600,12.8093361000,12.6534810600,12.7411495200,12.7119267000,2596015,33896382.8000,2,0.355200,1,0.229900,59.098871,2.566628,1.327621,46.564793,0
2023-11-15,sz.002534,12.8580408000,13.0820824200,12.7801132800,12.9457092600,12.7411495200,5109200,67822811.0000,2,0.699100,1,1.605500,60.047706,2.607835,1.348936,47.312393,0
2023-11-16,sz.002534,12.9262273800,12.9359683200,12.7021857600,12.7021857600,12.9457092600,2966600,38951790.0000,2,0.405900,1,-1.881100,58.918140,2.558779,1.323561,46.422393,0
2023-11-17,sz.002534,12.7021857600,12.9164864400,12.6437401200,12.8580408000,12.7021857600,2561843,33673982.1800,2,0.350500,1,1.227000,59.641062,2.590175,1.339801,46.991993,0
2023-11-20,sz.002534,12.8580408000,13.0041549000,12.7703723400,12.9846730200,12.8580408000,2681300,35559222.3400,2,0.366900,1,0.984800,60.228436,2.615684,1.352996,47.454793,0
2023-11-21,sz.002534,12.9846730200,13.0626005400,12.8482998600,12.8775226800,12.9846730200,2216900,29465752.0000,2,0.303300,1,-0.825200,59.731428,2.594099,1.341831,47.063193,0
2023-11-22,sz.002534,12.8580408000,12.9164864400,12.6924448200,12.6924448200,12.8775226800,2400544,31476364.3800,2,0.328500,1,-1.437200,58.872958,2.556817,1.322546,46.386793,0
2023-11-23,sz.002534,12.7021857600,12.8093361000,12.6924448200,12.7606314000,12.6924448200,1853000,24272376.0000,2,0.253600,1,0.537200,59.189236,2.570552,1.329651,46.635993,0
2023-11-24,sz.002534,12.8093361000,12.8482998600,12.5365897800,12.6047763600,12.7606314000,2798100,36266183.0000,2,0.382900,1,-1.221400,58.466314,2.539156,1.313411,46.066393,0
2023-11-27,sz.002534,12.5658126000,12.6145173000,12.3807347400,12.5950354200,12.6047763600,2594250,33284188.5000,2,0.355000,1,-0.077300,58.421132,2.537194,1.312396,46.030793,0
2023-11-28,sz.002534,12.5755535400,12.7508904600,12.4878850800,12.7216676400,12.5950354200,2163882,28145952.9000,2,0.296100,1,1.005400,59.008506,2.562703,1.325591,46.493593,0
2023-11-29,sz.002534,12.7216676400,12.8385589200,12.5950354200,12.6242582400,12.7216676400,2059400,26894451.0000,2,0.281800,1,-0.765700,58.556679,2.543081,1.315441,46.137593,0
2023-11-30,sz.002534,12.7314085800,12.7314085800,12.4002166200,12.4976260200,12.6242582400,2042581,26294293.5600,2,0.279500,1,-1.003100,57.969305,2.517572,1.302246,45.674793,0
2023-12-01,sz.002534,12.4684032000,12.5852944800,12.2930662800,12.4878850800,12.4976260200,2336157,29759775.2700,2,0.319700,1,-0.077900,57.924123,2.515609,1.301231,45.639193,0
2023-12-04,sz.002534,12.5950354200,12.5950354200,12.2151387600,12.2638434600,12.4878850800,3818300,48314863.0000,2,0.522500,1,-1.794100,56.884922,2.470477,1.277886,44.820393,0
2023-12-05,sz.002534,12.2833253400,12.3028072200,12.0203199600,12.0203199600,12.2638434600,2535600,31519539.0000,2,0.347000,1,-1.985700,55.755357,2.421421,1.252511,43.930393,0
2023-12-06,sz.002534,12.0300609000,12.2346206400,11.9229105600,12.0300609000,12.0203199600,3206023,39876567.3700,2,0.438700,1,0.081000,55.800539,2.423383,1.253526,43.965993,0
2023-12-07,sz.002534,12.0495427800,12.1274703000,11.7086098800,11.9618743200,12.0300609000,3506200,42840617.0000,2,0.479800,1,-0.566800,55.484261,2.409648,1.246421,43.716793,0
2023-12-08,sz.002534,12.1469521800,12.1761750000,11.8936877400,11.9326515000,11.9618743200,2392706,29436126.8000,2,0.327400,1,-0.244300,55.348713,2.403761,1.243376,43.609993,0
2023-12-11,sz.002534,11.8644649200,12.0592837200,11.6793870600,12.0300609000,11.9326515000,2504706,30504950.7900,2,0.342700,1,0.816300,55.800539,2.423383,1.253526,43.965993,0
2023-12-12,sz.002534,12.0592837200,12.0690246600,11.8157602200,11.9618743200,12.0300609000,2036984,24964972.8200,2,0.278700,1,-0.566800,55.484261,2.409648,1.246421,43.716793,0
2023-12-13,sz.002534,11.9326515000,11.9716152600,11.8060192800,11.8644649200,11.9618743200,2001100,24423160.9600,2,0.273800,1,-0.814300,55.032435,2.390025,1.236271,43.360793,0
2023-12-14,sz.002534,11.9326515000,12.0300609000,11.7865374000,11.8255011600,11.8644649200,1743600,21321282.0000,2,0.238600,1,-0.328400,54.851704,2.382176,1.232211,43.218393,0
2023-12-15,sz.002534,11.8352421000,12.0398018400,11.6988689400,11.7280917600,11.8255011600,2452468,29849875.3200,2,0.335600,1,-0.823700,54.399878,2.362554,1.222061,42.862393,0
2023-12-18,sz.002534,11.6696461200,11.7280917600,11.4358635600,11.4748273200,11.7280917600,2648315,31376079.6700,2,0.362400,1,-2.159500,53.225130,2.311535,1.195671,41.936793,0
2023-12-19,sz.002534,11.4943092000,11.5819776600,11.3579360400,11.5040501400,11.4748273200,1815107,21400768.1100,2,0.248400,1,0.254700,53.360678,2.317422,1.198716,42.043593,0
2023-12-20,sz.002534,11.6014595400,11.6014595400,11.3871588600,11.3871588600,11.5040501400,1693427,19958019.9800,2,0.231700,1,-1.016100,52.818486,2.293875,1.186536,41.616393,0
2023-12-21,sz.002534,11.3384541600,11.6501642400,11.2313038200,11.5917186000,11.3871588600,2892664,33990591.4500,2,0.395800,1,1.796400,53.767321,2.335082,1.207851,42.363993,0
2023-12-22,sz.002534,11.6014595400,11.7086098800,11.3481951000,11.5917186000,11.5917186000,3513965,41691265.2300,2,0.480800,1,0.000000,53.767321,2.335082,1.207851,42.363993,0
2023-12-25,sz.002534,11.5040501400,11.6014595400,11.3774179200,11.5040501400,11.5917186000,2103200,24804326.0000,2,0.287800,1,-0.756300,53.360678,2.317422,1.198716,42.043593,0
2023-12-26,sz.002534,11.4943092000,11.4943092000,11.2800085200,11.3481951000,11.5040501400,1997200,23271569.0000,2,0.273300,1,-1.354800,52.637756,2.286026,1.182476,41.473993,0
2023-12-27,sz.002534,11.3189722800,11.3676769800,11.1631172400,11.2897494600,11.3481951000,2366600,27348520.0000,2,0.323800,1,-0.515000,52.366660,2.274252,1.176386,41.260393,0
2023-12-28,sz.002534,11.3384541600,12.0398018400,11.2507857000,11.9521333800,11.2897494600,5864373,71144292.6000,2,0.802400,1,5.867100,55.439078,2.407685,1.245406,43.681193,0
2023-12-29,sz.002534,11.9229105600,12.1956568800,11.9131696200,12.1664340600,11.9521333800,3889201,48335983.4800,2,0.532200,1,1.793000,56.433096,2.450855,1.267736,44.464393,0
2024-01-02,sz.002534,12.1761750000,12.3807347400,12.1566931200,12.2833253400,12.1664340600,3334050,42091760.0000,2,0.456200,1,0.960800,56.975288,2.474402,1.279916,44.891593,0
2024-01-03,sz.002534,12.2346206400,12.3125481600,12.0787656000,12.2638434600,12.2833253400,3385115,42400189.9500,2,0.463200,1,-0.158600,56.884943,2.470478,1.277887,44.820409,0
2024-01-04,sz.002534,12.2053978200,12.2053978200,12.0105790200,12.1566931200,12.2638434600,2611557,32439518.3800,2,0.357300,1,-0.873700,56.387934,2.448894,1.266722,44.428809,0
2024-01-05,sz.002534,12.1469521800,12.2443615800,11.8839468000,11.9910971400,12.1566931200,2428773,30025147.7900,2,0.332300,1,-1.362200,55.619829,2.415535,1.249467,43.823609,0
2024-01-08,sz.002534,11.9910971400,11.9910971400,11.6209414200,11.6209414200,11.9910971400,3888750,46980891.5000,2,0.532100,1,-3.086900,53.902889,2.340970,1.210897,42.470809,0
2024-01-09,sz.002534,11.6404233000,12.0008380800,11.5527548400,11.6793870600,11.6209414200,3362000,40501011.0000,2,0.460000,1,0.502900,54.173984,2.352743,1.216987,42.684409,0
2024-01-10,sz.002534,11.6599051800,12.0787656000,11.5040501400,11.7865374000,11.6793870600,5241120,63688527.2000,2,0.717200,1,0.917400,54.670993,2.374328,1.228152,43.076009,0
2024-01-11,sz.002534,11.6988689400,12.0300609000,11.6404233000,11.8936877400,11.7865374000,4010203,48809025.8400,2,0.548700,1,0.909100,55.168002,2.395913,1.239317,43.467609,0
2024-01-12,sz.002534,12.0690246600,12.3417709800,11.9423924400,12.0008380800,11.8936877400,4252841,52915299.5500,2,0.581900,1,0.900900,55.665011,2.417497,1.250482,43.859209,0
2024-01-15,sz.002534,12.0495427800,12.0495427800,11.6891280000,11.8352421000,12.0008380800,3304700,40160108.0000,2,0.452200,1,-1.379900,54.896907,2.384139,1.233227,43.254009,0
2024-01-16,sz.002534,11.8060192800,12.0008380800,11.6696461200,11.8742058600,11.8352421000,2802650,33964430.5000,2,0.383500,1,0.329200,55.077637,2.391988,1.237287,43.396409,0
2024-01-17,sz.002534,11.8644649200,11.8936877400,11.4943092000,11.4943092000,11.8742058600,2957374,35440500.2800,2,0.404700,1,-3.199300,53.315514,2.315460,1.197702,42.008008,0
2024-01-18,sz.002534,11.5527548400,11.5527548400,11.0170031400,11.3481951000,11.4943092000,4150315,48003737.7000,2,0.567900,1,-1.271200,52.637775,2.286026,1.182477,41.474008,0
2024-01-19,sz.002534,11.4456045000,11.4553454400,11.1338944200,11.1436353600,11.3481951000,2662815,30766432.7500,2,0.364400,1,-1.802600,51.688939,2.244819,1.161162,40.726408,0
2024-01-22,sz.002534,11.1631172400,11.2800085200,10.2085051200,10.3253964000,11.1436353600,5150539,56370625.4000,2,0.704800,1,-7.342700,47.893598,2.079990,1.075902,37.736008,0
2024-01-23,sz.002534,10.4228058000,10.4812514400,10.0526500800,10.4033239200,10.3253964000,4441416,46947190.8000,2,0.607700,1,0.754700,48.255059,2.095688,1.084022,38.020808,0
2024-01-24,sz.002534,10.6176246000,10.6176246000,10.0234272600,10.4909923800,10.4033239200,3520338,37275829.1800,2,0.481700,1,0.842700,48.661702,2.113348,1.093157,38.341208,0
2024-01-25,sz.002534,10.5689199000,10.9001118600,10.3253964000,10.8806299800,10.4909923800,3525185,38567818.9300,2,0.482400,1,3.714000,50.469008,2.191838,1.133757,39.765208,0
2024-01-26,sz.002534,10.8806299800,10.9975212600,10.7150340000,10.7539977600,10.8806299800,2819583,31419439.9200,2,0.385800,1,-1.163800,49.881634,2.166329,1.120562,39.302408,0
2024-01-29,sz.002534,10.7345158800,10.8027024600,10.3059145200,10.3059145200,10.7539977600,2774738,29866847.4200,2,0.379700,1,-4.166700,47.803232,2.076065,1.073872,37.664808,0
2024-01-30,sz.002534,10.3741011000,10.4617695600,10.0136863200,10.0429091400,10.3059145200,2901880,30563841.8000,2,0.397100,1,-2.552000,46.583301,2.023084,1.046466,36.703607,0
2024-01-31,sz.002534,10.0429091400,10.1305776000,9.4097480400,9.4194889800,10.0429091400,4066371,40504231.9800,2,0.556400,1,-6.207600,43.691612,1.897500,0.981506,34.425207,0
2024-02-01,sz.002534,9.4194889800,9.5266393200,9.1272607800,9.1467426600,9.4194889800,4881225,46531136.9500,2,0.667900,1,-2.895600,42.426498,1.842557,0.953086,33.428407,0
2024-02-02,sz.002534,9.2733748800,9.2928567600,8.2310943000,8.5135815600,9.1467426600,6711445,60106195.9500,2,0.918400,1,-6.922300,39.489627,1.715010,0.887111,31.114406,0
2024-02-05,sz.002534,8.4648768600,8.4648768600,7.6661197800,7.6661197800,8.5135815600,6731727,54116059.4400,2,0.921100,1,-9.954200,35.558737,1.544294,0.798806,28.017206,0
2024-02-06,sz.002534,7.2862231200,7.8609385800,6.9355492800,7.6563788400,7.6661197800,11610643,87664882.3500,2,1.588700,1,-0.127100,35.513554,1.542332,0.797791,27.981606,0
2024-02-07,sz.002534,7.7732701200,8.1823896000,7.6953426000,7.9973117400,7.6563788400,10179435,83264777.9300,2,1.392900,1,4.452900,37.094947,1.611011,0.833316,29.227606,0
2024-02-08,sz.002534,7.8122338800,8.7960688200,7.8122338800,8.7960688200,7.9973117400,7961958,69115429.8700,2,1.089500,1,9.987800,40.799923,1.771916,0.916546,32.146806,0
2024-02-19,sz.002534,9.3513024000,9.3707842800,8.8058097600,9.1272607800,8.7960688200,12905227,119805615.9700,2,1.765900,1,3.765200,42.336133,1.838632,0.951056,33.357207,0
2024-02-20,sz.002534,9.0590742000,9.1175198400,8.7668460000,8.9908876200,9.1272607800,5215050,47756531.5800,2,0.713600,1,-1.494100,41.703576,1.811161,0.936846,32.858807,0
2024-02-21,sz.002534,8.9324419800,9.5363802600,8.8058097600,9.1857064200,8.9908876200,6877200,65204999.0000,2,0.941000,1,2.166800,42.607229,1.850406,0.957146,33.570807,0
2024-02-22,sz.002534,9.1077789000,9.4584527400,9.1077789000,9.3707842800,9.1857064200,4695718,44942985.9600,2,0.642500,1,2.014800,43.465699,1.887689,0.976431,34.247207,0
2024-02-23,sz.002534,9.2928567600,9.6045668400,9.2928567600,9.5850849600,9.3707842800,6061021,59010764.8000,2,0.829400,1,2.286900,44.459717,1.930858,0.998761,35.030407,0
2024-02-26,sz.002534,9.9357588000,10.0818729000,9.6922353000,9.8383494000,9.5850849600,7228000,73165646.0000,2,0.989000,1,2.642300,45.634466,1.981877,1.025151,35.956007,0
2024-02-27,sz.002534,10.1695413600,10.3059145200,9.9065359800,10.2377279400,9.8383494000,7224662,74910667.5600,2,0.988600,1,4.059400,47.486954,2.062329,1.066766,37.415608,0
2024-02-28,sz.002534,10.3253964000,10.6858111800,9.6240487200,9.6337896600,10.2377279400,8861991,93092586.1400,2,1.212600,1,-5.899100,44.685630,1.940670,1.003836,35.208407,0
2024-02-29,sz.002534,9.5461212000,10.1305776000,9.4681936800,10.0818729000,9.6337896600,6141480,62742333.8000,2,0.840400,1,4.651200,46.764032,2.030933,1.050526,36.846007,0
2024-03-01,sz.002534,10.2961735800,10.2961735800,9.9942044400,10.1987641800,10.0818729000,4792100,49946484.0000,2,0.655700,1,1.159400,47.306223,2.054480,1.062706,37.273207,0
2024-03-04,sz.002534,10.2766917000,10.3156554600,9.9454997400,10.1110957200,10.1987641800,4100300,42575318.0000,2,0.561100,1,-0.859600,46.899580,2.036820,1.053571,36.952807,0
2024-03-05,sz.002534,10.0526500800,10.0721319600,9.7993856400,9.8383494000,10.1110957200,4312900,43790916.0000,2,0.590100,1,-2.697500,45.634466,1.981877,1.025151,35.956007,0
2024-03-06,sz.002534,9.8675722200,10.2669507600,9.7993856400,10.1305776000,9.8383494000,4615619,47573581.2200,2,0.631600,1,2.970300,46.989945,2.040745,1.055601,37.024007,0
2024-03-07,sz.002534,10.6176246000,10.8416662200,10.0526500800,10.0721319600,10.1305776000,7548352,80707935.1100,2,1.032900,1,-0.576900,46.718849,2.028971,1.049511,36.810407,0
2024-03-08,sz.002534,10.0721319600,10.2961735800,9.8578312800,10.0916138400,10.0721319600,5272769,54280837.0900,2,0.721500,1,0.193400,46.809214,2.032896,1.051541,36.881607,0
2024-03-11,sz.002534,10.0623910200,10.5786608400,10.0623910200,10.5494380200,10.0916138400,7603005,80608318.2500,2,1.040300,1,4.536700,48.932798,2.125122,1.099247,38.554808,0
2024-03-12,sz.002534,10.5591789600,10.6176246000,10.2766917000,10.3838420400,10.5494380200,4918690,52410270.3000,2,0.673000,1,-1.569700,48.164693,2.091763,1.081992,37.949608,0
2024-03-13,sz.002534,10.3838420400,10.5104742600,10.2766917000,10.4325467400,10.3838420400,3180347,33939352.0100,2,0.435200,1,0.469000,48.390607,2.101575,1.087067,38.127608,0
2024-03-14,sz.002534,10.4228058000,10.4909923800,10.1890232400,10.3156554600,10.4325467400,3891835,41348403.6500,2,0.532500,1,-1.120400,47.848415,2.078027,1.074887,37.700408,0
2024-03-15,sz.002534,10.3156554600,10.3838420400,10.1695413600,10.3643601600,10.3156554600,2554951,26958086.1700,2,0.349600,1,0.472100,48.074328,2.087839,1.079962,37.878408,0
2024-03-18,sz.002534,10.3643601600,10.6955521200,10.3643601600,10.6955521200,10.3643601600,4480100,48556269.0000,2,0.613000,1,3.195500,49.610538,2.154555,1.114472,39.088808,0
2024-03-19,sz.002534,10.7150340000,10.8611481000,10.6565883600,10.6663293000,10.6955521200,3752737,41345111.0400,2,0.513500,1,-0.273200,49.474990,2.148669,1.111427,38.982008,0
2024-03-20,sz.002534,10.7929615200,10.8319252800,10.6371064800,10.7539977600,10.6663293000,2977302,32770890.0600,2,0.407400,1,0.821900,49.881634,2.166329,1.120562,39.302408,0
2024-03-21,sz.002534,10.8221843400,10.9001118600,10.6176246000,10.7832205800,10.7539977600,4003900,44316030.0000,2,0.547900,1,0.271700,50.017182,2.172216,1.123607,39.409208,0
2024-03-22,sz.002534,10.7929615200,10.8806299800,10.4909923800,10.5299561400,10.7832205800,2697400,29393563.0000,2,0.369100,1,-2.348700,48.842433,2.121197,1.097217,38.483608,0
2024-03-25,sz.002534,10.5689199000,10.6176246000,10.1792823000,10.1890232400,10.5299561400,3436600,36630538.0000,2,0.470200,1,-3.237700,47.261041,2.052518,1.061692,37.237607,0
2024-03-26,sz.002534,10.1598004200,10.2961735800,9.9260178600,10.1695413600,10.1890232400,3953880,41139197.4000,2,0.541000,1,-0.191200,47.170675,2.048594,1.059661,37.166407,0
2024-03-27,sz.002534,10.2279870000,10.2864326400,9.7117171800,9.7409400000,10.1695413600,4686398,48065726.4900,2,0.641300,1,-4.214600,45.182639,1.962254,1.015001,35.600007,0
2024-03-28,sz.002534,9.6532715400,10.0916138400,9.6532715400,9.9357588000,9.7409400000,3500654,35530787.4600,2,0.479000,1,2.000000,46.086292,2.001500,1.035301,36.312007,0
2024-03-29,sz.002534,9.9942044400,10.1110957200,9.8870541000,10.1110957200,9.9357588000,2679600,27649492.0000,2,0.366700,1,1.764700,46.899580,2.036820,1.053571,36.952807,0
2024-04-01,sz.002534,10.2474688800,10.4422876800,10.1110957200,10.4228058000,10.1110957200,3751601,39864177.8000,2,0.513300,1,3.082900,144.910300,2.097411,0.979005,246.097827,0
2024-04-02,sz.002534,10.4228058000,10.5884017800,10.3546192200,10.5202152000,10.4228058000,3595270,38693599.7800,2,0.492000,1,0.934600,146.265025,2.117019,0.988157,248.398525,0
2024-04-03,sz.002534,10.4422876800,10.5981427200,10.1792823000,10.2279870000,10.5202152000,3555600,37589202.0000,2,0.486500,1,-2.777800,142.202108,2.058213,0.960708,241.498566,0
2024-04-08,sz.002534,10.2182460600,10.2182460600,9.9357588000,9.9552406800,10.2279870000,3293603,34030993.0900,2,0.450700,1,-2.666700,138.410052,2.003328,0.935089,235.058605,0
2024-04-09,sz.002534,10.0429091400,10.3643601600,9.9454997400,10.2864326400,9.9552406800,3976488,41664966.2400,2,0.544100,1,3.326800,143.014691,2.069974,0.966198,242.878558,0
2024-04-10,sz.002534,10.2864326400,10.3643601600,10.0526500800,10.1305776000,10.2864326400,3601740,37615108.0000,2,0.492800,1,-1.515200,140.847802,2.038611,0.951559,239.198580,0
2024-04-11,sz.002534,9.9942044400,10.4715105000,9.8675722200,10.1987641800,10.1305776000,4106966,42906650.1300,2,0.562000,1,0.673100,141.795816,2.052333,0.957963,240.808570,0
2024-04-12,sz.002534,10.3156554600,10.8221843400,10.0331682000,10.1013547800,10.1987641800,10467897,111388306.5300,2,1.432400,1,-0.955100,140.441510,2.032731,0.948814,238.508584,0
2024-04-15,sz.002534,9.9260178600,10.1208366600,9.4487118000,9.6435306000,10.1013547800,11409108,113961249.1600,2,1.561100,1,-4.532300,134.076273,1.940601,0.905811,227.698648,0
2024-04-16,sz.002534,9.4876755600,9.6143077800,8.9519238600,9.0395923200,9.6435306000,6973000,65742400.6000,2,0.954100,1,-6.262600,125.679577,1.819068,0.849083,213.438733,0
2024-04-17,sz.002534,9.0395923200,9.7214581200,9.0298513800,9.7117171800,9.0395923200,5764403,56084208.1800,2,0.788800,1,7.435300,135.024287,1.954322,0.912215,229.308639,0
2024-04-18,sz.002534,9.7896447000,9.7896447000,9.3513024000,9.3610433400,9.7117171800,4728200,46070386.6700,2,0.647000,1,-3.610800,130.148786,1.883755,0.879277,221.028688,0
2024-04-19,sz.002534,9.2928567600,9.4487118000,9.0980379600,9.1564836000,9.3610433400,4591578,43440974.3000,2,0.628300,1,-2.185200,127.304744,1.842591,0.860063,216.198716,0
2024-04-22,sz.002534,9.0590742000,9.3123386400,8.9032191600,9.0201104400,9.1564836000,5145947,48076729.5100,2,0.704100,1,-1.489400,125.408716,1.815148,0.847253,212.978736,0
2024-04-23,sz.002534,9.0590742000,9.3025977000,9.0201104400,9.2051883000,9.0201104400,5368000,50636696.2000,2,0.734500,1,2.051800,127.981897,1.852392,0.864637,217.348710,0
2024-04-24,sz.002534,9.1564836000,9.2636339400,9.0298513800,9.1857064200,9.2051883000,3078400,28881116.0000,2,0.421200,1,-0.211600,127.711036,1.848472,0.862807,216.888712,0
2024-04-25,sz.002534,9.1759654800,9.6532715400,9.0201104400,9.4487118000,9.1857064200,6657210,64634928.6300,2,0.910900,1,2.863200,131.367661,1.901397,0.887511,223.098676,0
2024-04-26,sz.002534,9.4292299200,9.7799037600,9.3123386400,9.7799037600,9.4487118000,5385900,53190414.0000,2,0.737000,1,3.505200,135.972301,1.968044,0.918620,230.918629,0
2024-04-29,sz.002534,10.7539977600,10.7539977600,10.0039453800,10.7539977600,9.7799037600,11768744,127952717.7800,2,1.610400,1,9.960200,28.365572,2.053576,1.062765,-159.152764,0
2024-04-30,sz.002534,10.7929615200,10.8806299800,10.2377279400,10.5689199000,10.7539977600,20133342,217175293.1500,2,2.754900,1,-1.721000,27.877397,2.018234,1.044474,-156.413722,0
2024-05-06,sz.002534,10.6273655400,11.1923400600,10.6176246000,11.0559669000,10.5689199000,12504476,139785302.4100,2,1.711000,1,4.608300,29.162069,2.111240,1.092607,-163.621727,0
2024-05-07,sz.002534,11.0559669000,11.3481951000,10.9390756200,11.1923400600,11.0559669000,10919590,124553232.9000,2,1.494200,1,1.233500,29.521778,2.137282,1.106084,-165.639969,0
2024-05-08,sz.002534,11.1436353600,11.3481951000,10.9682984400,10.9975212600,11.1923400600,7072607,80914917.9400,2,0.967800,1,-1.740600,29.007908,2.100079,1.086831,-162.756767,0
2024-05-09,sz.002534,10.9682984400,11.4358635600,10.9682984400,11.3481951000,10.9975212600,8011724,92960350.3700,2,1.096300,1,3.188700,29.932873,2.167044,1.121486,-167.946531,0
2024-05-10,sz.002534,11.3287132200,11.4261226200,11.1728581800,11.3092313400,11.3481951000,5277495,61123177.9500,2,0.722100,1,-0.343300,29.830099,2.159603,1.117636,-167.369890,0
2024-05-13,sz.002534,11.3384541600,11.3968998000,11.0657078400,11.1241534800,11.3092313400,6395347,73350272.3400,2,0.875100,1,-1.636500,29.341923,2.124261,1.099345,-164.630848,0
2024-05-14,sz.002534,11.1338944200,11.3871588600,11.0949306600,11.1338944200,11.1241534800,6228974,71737471.8600,2,0.852300,1,0.087600,29.367617,2.126121,1.100308,-164.775008,0
2024-05-15,sz.002534,11.1533763000,11.2118219400,10.8416662200,10.9293346800,11.1338944200,4846600,54757172.0000,2,0.663200,1,-1.837300,28.828054,2.087058,1.080092,-161.747646,0
2024-05-16,sz.002534,10.9390756200,11.0657078400,10.8611481000,10.9293346800,10.9293346800,4462264,50236910.7200,2,0.610600,1,0.000000,28.828054,2.087058,1.080092,-161.747646,0
2024-05-17,sz.002534,10.9293346800,11.0072622000,10.7637387000,10.9877803200,10.9293346800,4593428,51459156.6400,2,0.628500,1,0.534800,28.982215,2.098219,1.085868,-162.612607,0
2024-05-20,sz.002534,11.0364850200,11.2020810000,10.9585575000,11.0949306600,10.9877803200,4432074,50462018.6400,2,0.606500,1,0.975200,29.264843,2.118680,1.096457,-164.198368,0
2024-05-21,sz.002534,11.1046716000,11.1631172400,10.9293346800,10.9877803200,11.0949306600,3122000,35296025.0000,2,0.427200,1,-0.965800,28.982215,2.098219,1.085868,-162.612607,0
2024-05-22,sz.002534,11.0170031400,11.1631172400,10.9682984400,11.1241534800,10.9877803200,4665985,53093867.7500,2,0.638500,1,1.241100,29.341923,2.124261,1.099345,-164.630848,0
2024-05-23,sz.002534,11.1536336500,11.2813845200,10.9374398700,10.9865748200,11.1241526800,5992786,67501644.6300,2,0.820000,1,-1.236700,28.725280,2.079618,1.076242,-161.171005,0
2024-05-24,sz.002534,10.9079589000,11.2420765600,10.9079589000,11.0258827800,10.9865748200,5857901,66158191.7700,2,0.801600,1,0.357800,28.828054,2.087058,1.080092,-161.747646,0
2024-05-27,sz.002534,11.0160557900,11.2224225800,10.9177858900,11.1929416100,11.0258827800,6392242,71999472.4800,2,0.874700,1,1.515200,29.264843,2.118680,1.096457,-164.198368,0
2024-05-28,sz.002534,11.1831146200,11.3698274300,11.1044987000,11.2519035500,11.1929416100,8193072,93693331.9900,2,1.121100,1,0.526800,29.419004,2.129841,1.102233,-165.063328,0
2024-05-29,sz.002534,11.2519035500,11.4877513100,11.2125955900,11.2715575300,11.2519035500,7883269,91069831.6700,2,1.078700,1,0.174700,29.470391,2.133561,1.104158,-165.351649,0
2024-05-30,sz.002534,11.4386163600,11.7530800400,11.3108654900,11.5761942200,11.2715575300,13368522,157121969.0200,2,1.829300,1,2.702700,30.266888,2.191225,1.134001,-169.820612,0
2024-05-31,sz.002534,11.5368862600,11.5565402400,11.1044987000,11.1143256900,11.5761942200,10971532,125154624.9900,2,1.501300,1,-3.989800,29.059295,2.103799,1.088756,-163.045087,0
2024-06-03,sz.002534,10.8588239500,11.2027686000,10.7703810400,10.9669208400,11.1143256900,8178300,91605209.7600,2,1.119100,1,-1.326300,28.673894,2.075898,1.074316,-160.882685,0
2024-06-04,sz.002534,10.9570938500,11.0750177300,10.7605540500,10.9767478300,10.9669208400,6011700,66429120.4000,2,0.822600,1,0.089600,28.699587,2.077758,1.075279,-161.026845,0
2024-06-05,sz.002534,10.9177858900,11.0750177300,10.7900350200,10.7998620100,10.9767478300,5122400,56996919.0000,2,0.700900,1,-1.611500,28.237105,2.044275,1.057951,-158.431963,0
2024-06-06,sz.002534,10.7703810400,10.9276128800,10.2888585300,10.4166094000,10.7998620100,7115600,76149178.6000,2,0.973600,1,-3.548700,27.235060,1.971731,1.020408,-152.809719,0
2024-06-07,sz.002534,10.3674744500,10.6328031800,10.3478204700,10.6033222100,10.4166094000,4628804,49590747.7500,2,0.633400,1,1.792500,27.723236,2.007073,1.038698,-155.548761,0
2024-06-11,sz.002534,10.8096890000,10.8096890000,10.3478204700,10.5640142500,10.6033222100,4841931,51687047.0100,2,0.662500,1,-0.370700,27.620462,1.999633,1.034848,-154.972121,0
2024-06-12,sz.002534,10.6426301700,10.7507270600,10.4853983300,10.6131492000,10.5640142500,3107400,33689958.0000,2,0.425200,1,0.465100,27.748929,2.008933,1.039661,-155.692921,0
2024-06-13,sz.002534,10.6328031800,10.7605540500,10.4853983300,10.6524571600,10.6131492000,3659500,39521537.0000,2,0.500700,1,0.370400,27.851703,2.016374,1.043512,-156.269562,0
2024-06-14,sz.002534,10.6524571600,10.7015921100,10.4853983300,10.6229761900,10.6524571600,3280740,35349009.6000,2,0.448900,1,-0.276800,27.774623,2.010793,1.040624,-155.837081,0
2024-06-17,sz.002534,10.6622841500,10.7605540500,10.4166094000,10.5640142500,10.6229761900,4176633,45109816.6300,2,0.571500,1,-0.555000,27.620462,1.999633,1.034848,-154.972121,0
2024-06-18,sz.002534,10.5640142500,10.8391699700,10.5247062900,10.8195159900,10.5640142500,4147674,45259476.6400,2,0.567500,1,2.418600,28.288492,2.047996,1.059877,-158.720284,0
2024-06-19,sz.002534,10.7015921100,10.8588239500,10.5640142500,10.6033222100,10.8195159900,3245600,35205782.0000,2,0.444100,1,-1.998200,27.723236,2.007073,1.038698,-155.548761,0
2024-06-20,sz.002534,10.5738412400,10.6426301700,10.2888585300,10.2986855200,10.6033222100,3573000,37886658.0000,2,0.488900,1,-2.873000,26.926739,1.949409,1.008856,-151.079798,0
2024-06-21,sz.002534,10.2888585300,10.3871284300,10.1905886300,10.2790315400,10.2986855200,2576700,27017110.0000,2,0.352600,1,-0.190800,26.875352,1.945689,1.006931,-150.791477,0
2024-06-24,sz.002534,10.2495505700,10.2495505700,9.9449138800,9.9645678600,10.2790315400,3317200,33975330.0000,2,0.453900,1,-3.059300,26.053161,1.886165,0.976126,-146.178354,0
2024-06-25,sz.002534,9.9547408700,10.0235298000,9.6599311700,9.7582010700,9.9645678600,5308003,52915615.3900,2,0.726300,1,-2.071000,25.513599,1.847102,0.955910,-143.150991,0
2024-06-26,sz.002534,9.7483740800,9.9350868900,9.6402771900,9.9252599000,9.7582010700,4532191,45168829.1100,2,0.620200,1,1.712000,25.950388,1.878724,0.972276,-145.601713,0
2024-06-27,sz.002534,9.9449138800,9.9449138800,9.6206232100,9.6402771900,9.9252599000,3013900,29907646.0000,2,0.412400,1,-2.871300,25.205277,1.824781,0.944359,-141.421070,0
2024-06-28,sz.002534,9.6402771900,10.0431837800,9.5813152500,9.8368169900,9.6402771900,4543682,45698374.0200,2,0.621700,1,2.038700,25.719146,1.861983,0.963612,-144.304272,0
2024-07-01,sz.002534,9.8957789300,9.9547408700,9.5026993300,9.7090661200,9.8368169900,5464104,53777810.8200,2,0.747700,1,-1.298700,25.385132,1.837802,0.951097,-142.430191,0
2024-07-02,sz.002534,9.7090661200,9.7778550500,9.6206232100,9.6599311700,9.7090661200,3374763,33312075.2700,2,0.461800,1,-0.506100,25.256664,1.828501,0.946284,-141.709390,0
2024-07-03,sz.002534,9.6402771900,9.6992391300,9.5321803000,9.5321803000,9.6599311700,2693580,26297823.8000,2,0.368600,1,-1.322500,24.922649,1.804320,0.933770,-139.835309,0
2024-07-04,sz.002534,9.6107962200,9.6206232100,9.2668515700,9.3159865200,9.5321803000,3011200,28832062.0000,2,0.412000,1,-2.268000,24.357393,1.763397,0.912591,-136.663786,0
2024-07-05,sz.002534,9.3159865200,9.4732183600,9.1980626400,9.4240834100,9.3159865200,2447400,23274484.0000,2,0.334900,1,1.160300,24.640021,1.783858,0.923180,-138.249548,0
2024-07-08,sz.002534,9.4437373900,9.5125263200,9.0997927400,9.1194467200,9.4240834100,3544500,33314914.0000,2,0.485000,1,-3.232500,23.843524,1.726194,0.893338,-133.780584,0
2024-07-09,sz.002534,9.0899657500,9.3159865200,8.9622148800,9.2766785600,9.1194467200,3802154,35395260.1400,2,0.520300,1,1.724100,24.254620,1.755956,0.908741,-136.087146,0
2024-07-10,sz.002534,9.2766785600,9.4437373900,9.0997927400,9.3159865200,9.2766785600,4304500,40806413.0000,2,0.589000,1,0.423700,24.357393,1.763397,0.912591,-136.663786,0
2024-07-11,sz.002534,9.4339104000,9.7287201000,9.3847754500,9.6501041800,9.3159865200,4756437,46419769.8600,2,0.650800,1,3.586500,25.230971,1.826641,0.945321,-141.565230,0
2024-07-12,sz.002534,10.5934952200,10.6131492000,10.4755713400,10.6131492000,9.6501041800,4939600,53317886.8600,2,0.675900,1,9.979600,27.748929,2.008933,1.039661,-155.692921,0
2024-07-15,sz.002534,10.8293429800,10.8293429800,9.9743948500,10.0235298000,10.6131492000,26807722,275591715.1200,2,3.668200,1,-5.555600,26.207322,1.897326,0.981902,-147.043314,0
2024-07-16,sz.002534,10.0333567900,10.2986855200,9.7680280600,9.8171630100,10.0235298000,16429935,165614282.8700,2,2.248200,1,-2.058800,25.667760,1.858263,0.961686,-144.015952,0
2024-07-17,sz.002534,9.7778550500,9.9547408700,9.7582010700,9.8564709700,9.8171630100,11752031,117747577.6700,2,1.608100,1,0.400400,25.770533,1.865704,0.965537,-144.592593,0
2024-07-18,sz.002534,9.7483740800,9.9252599000,9.4928723400,9.8662979600,9.8564709700,10875949,107739741.2800,2,1.488200,1,0.099700,25.796227,1.867564,0.966500,-144.736753,0
2024-07-19,sz.002534,9.7680280600,10.0923187300,9.7582010700,9.9842218400,9.8662979600,10085573,102344413.8700,2,1.380000,1,1.195200,26.104548,1.889885,0.978051,-146.466674,0
2024-07-22,sz.002534,10.1119727100,10.9865748200,10.0235298000,10.3773014400,9.9842218400,24706723,264178427.5100,2,3.380700,1,3.937000,27.132286,1.964290,1.016557,-152.233078,0
2024-07-23,sz.002534,10.4166094000,10.4362633800,10.0431837800,10.0530107700,10.3773014400,13915757,144581124.8100,2,1.904100,1,-3.125000,26.284402,1.902906,0.984790,-147.475795,0
2024-07-24,sz.002534,9.9940488300,10.1316266900,9.8073360200,9.8466439800,10.0530107700,8413082,84887222.9800,2,1.151200,1,-2.052800,25.744840,1.863844,0.964574,-144.448432,0
2024-07-25,sz.002534,9.7876820400,10.0628377600,9.6795851500,9.9547408700,9.8466439800,7350201,74081867.0100,2,1.005800,1,1.097800,26.027468,1.884305,0.975163,-146.034194,0
2024-07-26,sz.002534,9.8466439800,10.0824917400,9.8466439800,10.0824917400,9.9547408700,6416606,65345246.2600,2,0.878000,1,1.283300,26.361483,1.908486,0.987678,-147.908275,0
2024-07-29,sz.002534,10.0530107700,10.0530107700,9.8269900000,9.9252599000,10.0824917400,5525380,55732735.8000,2,0.756100,1,-1.559500,25.950388,1.878724,0.972276,-145.601713,0
2024-07-30,sz.002534,9.8466439800,9.8761249500,9.6304502000,9.8564709700,9.9252599000,5422480,53968826.8000,2,0.742000,1,-0.693100,25.770533,1.865704,0.965537,-144.592593,0
2024-07-31,sz.002534,9.8269900000,10.1807616400,9.6992391300,10.1807616400,9.8564709700,7772400,79357951.6000,2,1.063500,1,3.290100,26.618417,1.927088,0.997304,-149.349876,0
2024-08-01,sz.002534,10.1611076600,10.3478204700,10.1021457200,10.2593775600,10.1807616400,8063310,83949776.1000,2,1.103300,1,0.772200,26.823965,1.941969,1.005006,-150.503157,0
2024-08-02,sz.002534,10.1709346500,10.3576474600,10.0235298000,10.0824917400,10.2593775600,6423609,66707068.1600,2,0.879000,1,-1.724100,26.361483,1.908486,0.987678,-147.908275,0
2024-08-05,sz.002534,9.9743948500,10.1512806700,9.7483740800,9.7483740800,10.0824917400,5916900,59862909.0000,2,0.809600,1,-3.313800,25.487905,1.845242,0.954948,-143.006831,0
2024-08-06,sz.002534,9.9743948500,10.0628377600,9.8466439800,9.9940488300,9.7483740800,5501100,55776907.0000,2,0.752700,1,2.520200,26.130242,1.891745,0.979014,-146.610834,0
2024-08-07,sz.002534,9.9940488300,10.0923187300,9.8859519400,9.9940488300,9.9940488300,4372300,44451441.0000,2,0.598300,1,0.000000,26.130242,1.891745,0.979014,-146.610834,0
2024-08-08,sz.002534,9.9350868900,10.0333567900,9.7582010700,9.9645678600,9.9940488300,4123400,41589666.0000,2,0.564200,1,-0.295000,26.053161,1.886165,0.976126,-146.178354,0
2024-08-09,sz.002534,9.9547408700,10.0923187300,9.8073360200,9.8269900000,9.9645678600,3678900,37178113.0000,2,0.503400,1,-1.380700,25.693453,1.860123,0.962649,-144.160112,0
2024-08-12,sz.002534,10.0235298000,10.2004156200,9.7287201000,9.8564709700,9.8269900000,6124600,61576091.0000,2,0.838000,1,0.300000,25.770533,1.865704,0.965537,-144.592593,0
2024-08-13,sz.002534,9.7483740800,9.9940488300,9.7385470900,9.9842218400,9.8564709700,4576300,46043898.0000,2,0.626200,1,1.296100,26.104548,1.889885,0.978051,-146.466674,0
2024-08-14,sz.002534,9.9252599000,10.0431837800,9.8073360200,9.8171630100,9.9842218400,3551300,35795581.0000,2,0.485900,1,-1.673200,25.667760,1.858263,0.961686,-144.015952,0
2024-08-15,sz.002534,9.8171630100,9.9350868900,9.6894121400,9.8171630100,9.8171630100,4062486,40611140.2800,2,0.555900,1,0.000000,25.667760,1.858263,0.961686,-144.015952,0
2024-08-16,sz.002534,9.8662979600,9.8662979600,9.6206232100,9.6304502000,9.8171630100,4219790,41639850.0000,2,0.577400,1,-1.901900,25.179584,1.822921,0.943396,-141.276910,0
2024-08-19,sz.002534,9.5813152500,9.7778550500,9.5518342800,9.6697581600,9.6304502000,3583000,35372193.0000,2,0.490300,1,0.408200,25.282358,1.830361,0.947247,-141.853550,0
2024-08-20,sz.002534,9.7975090300,9.8466439800,9.4437373900,9.4928723400,9.6697581600,4331200,42227750.0000,2,0.592700,1,-1.829300,24.819876,1.796879,0.929919,-139.258668,0
2024-08-21,sz.002534,9.3847754500,9.5813152500,9.3847754500,9.5026993300,9.4928723400,2946000,28537641.0000,2,0.403100,1,0.103500,24.845569,1.798739,0.930882,-139.402828,0
2024-08-22,sz.002534,9.5420072900,9.6697581600,9.4142564200,9.4437373900,9.5026993300,3614700,35072819.0000,2,0.494600,1,-0.620500,24.691408,1.787578,0.925106,-138.537868,0
2024-08-23,sz.002534,9.3159865200,9.4437373900,9.2177166200,9.3552944800,9.4437373900,2768300,26342860.0000,2,0.378800,1,-0.936500,24.460167,1.770837,0.916442,-137.240427,0
2024-08-26,sz.002534,9.4142564200,9.6009692300,9.3651214700,9.5911422400,9.3552944800,4452100,43123901.0000,2,0.609200,1,2.521000,25.076810,1.815480,0.939545,-140.700269,0
2024-08-27,sz.002534,9.5518342800,9.5911422400,9.1489276900,9.3356405000,9.5911422400,6024400,57081689.0000,2,0.824300,1,-2.663900,19.112322,1.755500,0.955148,-19.336536,0
2024-08-28,sz.002534,9.2177166200,9.5420072900,9.2177166200,9.4732183600,9.3356405000,4052111,38836670.9300,2,0.554500,1,1.473700,19.393977,1.781370,0.969224,-19.621496,0
2024-08-29,sz.002534,9.3847754500,9.8171630100,9.3847754500,9.8073360200,9.4732183600,5492100,54197146.0000,2,0.751500,1,3.527000,20.077997,1.844198,1.003408,-20.313540,0
2024-08-30,sz.002534,9.8073360200,10.0235298000,9.7385470900,9.9056059200,9.8073360200,5377200,54220822.0000,2,0.735800,1,1.002000,20.279179,1.862677,1.013462,-20.517083,0
2024-09-02,sz.002534,9.8761249500,9.9743948500,9.6992391300,9.7188931100,9.9056059200,3843600,38445802.0000,2,0.525900,1,-1.884900,19.896933,1.827567,0.994359,-20.130352,0
2024-09-03,sz.002534,9.7287201000,9.7975090300,9.6206232100,9.6599311700,9.7188931100,3982400,39255091.0000,2,0.544900,1,-0.606700,19.776223,1.816480,0.988327,-20.008226,0
2024-09-04,sz.002534,9.6107962200,9.7582010700,9.5616612700,9.6304502000,9.6599311700,2754700,27078927.0000,2,0.376900,1,-0.305200,19.715869,1.810936,0.985311,-19.947164,0
2024-09-05,sz.002534,9.5616612700,9.7287201000,9.5616612700,9.6206232100,9.6304502000,2755000,27038858.0000,2,0.377000,1,-0.102000,19.695750,1.809088,0.984305,-19.926809,0
2024-09-06,sz.002534,9.6206232100,9.6206232100,9.3061595300,9.3061595300,9.6206232100,3589820,34354783.2000,2,0.491200,1,-3.268600,19.051967,1.749956,0.952132,-19.275474,0
2024-09-09,sz.002534,9.2865055500,9.2963325400,9.0801387600,9.1292737100,9.3061595300,3686700,34413095.0000,2,0.504500,1,-1.900700,18.689839,1.716694,0.934034,-18.909097,0
2024-09-10,sz.002534,9.2177166200,9.2570245800,8.9916958500,9.2177166200,9.1292737100,3662400,33970485.0000,2,0.501100,1,0.968800,18.870903,1.733325,0.943083,-19.092285,0
2024-09-11,sz.002534,9.1685816700,9.3552944800,9.1194467200,9.2177166200,9.2177166200,2764603,25987555.3500,2,0.378300,1,0.000000,18.870903,1.733325,0.943083,-19.092285,0
2024-09-12,sz.002534,9.2177166200,9.4633913700,9.2078896300,9.2373706000,9.2177166200,2709300,25687646.0000,2,0.370700,1,0.213200,18.911139,1.737021,0.945094,-19.132994,0
2024-09-13,sz.002534,9.2373706000,9.3159865200,8.9622148800,8.9916958500,9.2373706000,3184400,29474446.0000,2,0.435700,1,-2.659600,18.408183,1.690823,0.919958,-18.624138,0
2024-09-18,sz.002534,9.0408308000,9.0604847800,8.7460211000,8.8835989600,8.9916958500,2826700,25490598.0000,2,0.386800,1,-1.202200,18.186883,1.670496,0.908899,-18.400241,0
2024-09-19,sz.002534,8.9130799300,9.1882356500,8.8541179900,9.1096197300,8.8835989600,3250100,29913396.0000,2,0.444700,1,2.544200,18.649602,1.712998,0.932023,-18.868389,0
2024-09-20,sz.002534,9.1587546800,9.1784086600,8.9327339100,8.9916958500,9.1096197300,2830427,25963195.8900,2,0.387300,1,-1.294500,18.408183,1.690823,0.919958,-18.624138,0
2024-09-23,sz.002534,9.0310038100,9.0310038100,8.8541179900,8.9425609000,8.9916958500,2456097,22353147.7300,2,0.336100,1,-0.546400,18.307592,1.681584,0.914931,-18.522366,0
2024-09-24,sz.002534,9.0015228400,9.3847754500,8.9523878900,9.3651214700,8.9425609000,5603800,52531942.0000,2,0.766800,1,4.725300,19.172676,1.761043,0.958164,-19.397599,0
2024-09-25,sz.002534,9.4240834100,9.6894121400,9.4142564200,9.4240834100,9.3651214700,4979400,48385165.0000,2,0.681300,1,0.629600,19.293386,1.772131,0.964197,-19.519724,0
2024-09-26,sz.002534,9.3847754500,9.6992391300,9.3749484600,9.6992391300,9.4240834100,5133500,49776229.0000,2,0.702400,1,2.919700,19.856696,1.823872,0.992349,-20.089643,0
2024-09-27,sz.002534,9.8957789300,10.4559173600,9.8269900000,10.2200696000,9.6992391300,9512758,97911003.5700,2,1.301700,1,5.369800,20.922963,1.921810,1.045636,-21.168419,0
2024-09-30,sz.002534,10.7998620100,11.2420765600,10.6131492000,11.2420765600,10.2200696000,14223023,159964536.4600,2,1.946200,1,10.000000,23.015259,2.113991,1.150199,-23.285260,0
2024-10-08,sz.002534,12.3623534200,12.3623534200,11.4091353900,12.1559866300,11.2420765600,16039729,195734854.7800,2,2.194800,1,8.129400,24.886255,2.285845,1.243703,-25.178206,0
2024-10-09,sz.002534,11.9201388700,12.0380627500,11.1044987000,11.1732876300,12.1559866300,12804343,151081668.5100,2,1.752100,1,-8.084100,22.874437,2.101056,1.143162,-23.142786,0
2024-10-10,sz.002534,11.5860212100,12.0577167300,11.4484433500,11.4877513100,11.1732876300,14923862,178349636.1700,2,2.042100,1,2.814400,23.518220,2.160189,1.175335,-23.794122,0
2024-10-11,sz.002534,11.3993084000,11.6941181000,11.1536336500,11.3403464600,11.4877513100,10956119,127147003.3300,2,1.499200,1,-1.283100,23.216447,2.132470,1.160254,-23.488809,0
2024-10-14,sz.002534,11.3403464600,11.4680973300,11.0062288000,11.4091353900,11.3403464600,10095382,115635616.1700,2,1.381400,1,0.606600,23.357274,2.145406,1.167292,-23.631288,0
2024-10-15,sz.002534,11.3600004400,11.3894814100,11.0651907400,11.1241526800,11.4091353900,6972685,79672525.6100,2,0.954100,1,-2.497800,22.773846,2.091817,1.138135,-23.041015,0
2024-10-16,sz.002534,11.0946717100,11.2420765600,10.8686509400,11.0750177300,11.1241526800,6550800,73847577.7800,2,0.896400,1,-0.441700,22.673254,2.082577,1.133107,-22.939244,0
2024-10-17,sz.002534,11.0848447200,11.2617305400,10.8883049200,10.8883049200,11.0750177300,5839322,65760631.5200,2,0.799000,1,-1.685900,22.291008,2.047467,1.114005,-22.552513,0
2024-10-18,sz.002534,10.8686509400,11.4975783000,10.8686509400,11.2617305400,10.8883049200,8817658,100235062.0200,2,1.206500,1,3.429600,23.055501,2.117687,1.152210,-23.325975,0
2024-10-21,sz.002534,11.3403464600,11.5565402400,11.2224225800,11.2813845200,11.2617305400,8864740,102423268.8000,2,1.213000,1,0.174500,23.095737,2.121383,1.154221,-23.366683,0
2024-10-22,sz.002534,11.3010385000,11.6744641200,11.2519035500,11.6253291700,11.2813845200,6941200,81229706.0000,2,0.949800,1,3.048800,23.799876,2.186059,1.189411,-24.079082,0
2024-10-23,sz.002534,11.5958482000,11.9496198400,11.4975783000,11.8316959600,11.6253291700,7570363,90593472.9800,2,1.035900,1,1.775100,24.222359,2.224865,1.210525,-24.506521,0
2024-10-24,sz.002534,11.8120419800,11.8120419800,11.5172322800,11.5860212100,11.8316959600,5147309,60849997.1100,2,0.704300,1,-2.076400,23.719403,2.178668,1.185389,-23.997665,0
2024-10-25,sz.002534,11.6941181000,12.0675437200,11.5958482000,12.0478897400,11.5860212100,8698700,105646336.0000,2,1.190300,1,3.986400,24.664960,2.265519,1.232644,-24.954315,0
2024-10-28,sz.002534,12.1756406100,12.8733569000,11.9889278000,12.5982011800,12.0478897400,19091331,243683528.1000,2,2.612300,1,4.567700,22.805789,2.316836,1.286203,-29.489133,0
2024-10-29,sz.002534,12.6571631200,12.8733569000,12.3918343900,12.4507963300,12.5982011800,14736326,189328943.4700,2,2.016400,1,-1.170000,22.538951,2.289728,1.271154,-29.144096,0
2024-10-30,sz.002534,12.2837375000,12.7357790400,12.2837375000,12.6571631200,12.4507963300,8747637,111837333.1300,2,1.197000,1,1.657500,22.912525,2.327679,1.292222,-29.627148,0
2024-10-31,sz.002534,12.8831838900,13.2074745600,12.6276821500,12.8242219500,12.6571631200,19469799,255543322.0400,2,2.664100,1,1.319900,23.214942,2.358402,1.309278,-30.018189,0
2024-11-01,sz.002534,12.6768171000,12.7456060300,12.1559866300,12.1559866300,12.8242219500,12012529,150956421.2000,2,1.643700,1,-5.210700,22.005274,2.235512,1.241055,-28.454023,0
2024-11-04,sz.002534,12.0184087700,12.3721804100,12.0184087700,12.2739105100,12.1559866300,7057698,87604532.0200,2,0.965700,1,0.970100,22.218745,2.257198,1.253095,-28.730052,0
2024-11-05,sz.002534,12.3328724500,12.4802773000,12.2346025500,12.3918343900,12.2739105100,8128300,102287109.0000,2,1.112200,1,0.960800,22.432216,2.278885,1.265134,-29.006082,0
2024-11-06,sz.002534,12.4016613800,12.5195852600,12.1461596400,12.2444295400,12.3918343900,7798600,97656218.6800,2,1.067100,1,-1.189500,22.165377,2.251777,1.250085,-28.661045,0
2024-11-07,sz.002534,12.2247755600,12.3623534200,12.0577167300,12.3328724500,12.2444295400,6513082,81285180.2400,2,0.891200,1,0.722300,22.325480,2.268041,1.259114,-28.868067,0
2024-11-08,sz.002534,12.3525264300,12.5490662300,12.1559866300,12.2346025500,12.3328724500,7424400,93175599.0000,2,1.015900,1,-0.796800,22.147588,2.249969,1.249081,-28.638042,0
2024-11-11,sz.002534,12.2247755600,12.4606233200,12.1854676000,12.3820074000,12.2346025500,6451918,81110081.8200,2,0.882800,1,1.204800,22.414426,2.277077,1.264131,-28.983079,0
2024-11-12,sz.002534,12.3721804100,12.4999312800,12.0380627500,12.1658136200,12.3820074000,9656400,120394719.0000,2,1.321300,1,-1.746000,22.023063,2.237319,1.242058,-28.477025,0
2024-11-13,sz.002534,12.0577167300,12.2051215800,11.8906579000,12.1559866300,12.1658136200,6353196,77924933.9100,2,0.869300,1,-0.080800,22.005274,2.235512,1.241055,-28.454023,0
2024-11-14,sz.002534,12.1559866300,12.2051215800,11.7137720800,11.7334260600,12.1559866300,5671660,68676773.6000,2,0.776100,1,-3.476200,21.240337,2.157802,1.197914,-27.464918,0
2024-11-15,sz.002534,11.7235990700,11.8808309100,11.4975783000,11.5172322800,11.7334260600,4940536,58791015.9200,2,0.676000,1,-1.842500,20.848974,2.118044,1.175842,-26.958864,0
2024-11-18,sz.002534,11.6155021800,11.7923880000,11.3501734500,11.5172322800,11.5172322800,6994632,82438733.0800,2,0.957100,1,0.000000,20.848974,2.118044,1.175842,-26.958864,0
2024-11-19,sz.002534,11.5172322800,11.9103118800,11.5074052900,11.9004848900,11.5172322800,5525121,65822867.7000,2,0.756000,1,3.327600,21.542754,2.188524,1.214970,-27.855959,0
2024-11-20,sz.002534,11.8906579000,11.9496198400,11.7629070300,11.8808309100,11.9004848900,4787295,57768801.3800,2,0.655100,1,-0.165200,21.507176,2.184910,1.212963,-27.809954,0
2024-11-21,sz.002534,11.8415229500,12.0478897400,11.7727340200,11.9201388700,11.8808309100,4556459,55305434.4900,2,0.623500,1,0.330900,21.578333,2.192139,1.216977,-27.901964,0
2024-11-22,sz.002534,11.8611769300,11.8808309100,11.3796544200,11.3993084000,11.9201388700,4903200,58098921.8000,2,0.670900,1,-4.369300,20.635504,2.096357,1.163803,-26.682835,0
2024-11-25,sz.002534,11.4386163600,11.6056751900,11.3206924800,11.5860212100,11.3993084000,3733397,43597365.1700,2,0.510900,1,1.637900,20.973499,2.130694,1.182865,-27.119881,0
2024-11-26,sz.002534,11.6744641200,11.6744641200,11.3108654900,11.3403464600,11.5860212100,3546880,41432771.9300,2,0.485300,1,-2.120400,20.528768,2.085514,1.157783,-26.544820,0
2024-11-27,sz.002534,11.3403464600,11.6548101400,11.0750177300,11.6548101400,11.3403464600,4716100,54339259.0000,2,0.645300,1,2.773000,21.098024,2.143344,1.189888,-27.280898,0
2024-11-28,sz.002534,11.7432530500,11.7923880000,11.6056751900,11.6253291700,11.6548101400,3925928,46743962.2400,2,0.537200,1,-0.253000,21.044656,2.137923,1.186878,-27.211891,0
2024-11-29,sz.002534,11.6548101400,11.9103118800,11.4779243200,11.8022149900,11.6253291700,4938200,59021150.0000,2,0.675700,1,1.521600,21.364862,2.170452,1.204937,-27.625935,0
2024-12-02,sz.002534,11.8022149900,11.9299658600,11.7334260600,11.8710039200,11.8022149900,5519884,66537471.2000,2,0.755300,1,0.582800,21.489387,2.183103,1.211960,-27.786952,0
2024-12-03,sz.002534,11.9299658600,11.9594468300,11.7137720800,11.8218689700,11.8710039200,4836100,58141662.0000,2,0.661700,1,-0.413900,21.400440,2.174067,1.206944,-27.671940,0
2024-12-04,sz.002534,11.7432530500,11.8218689700,11.4779243200,11.5467132500,11.8218689700,4117205,48734980.3000,2,0.563400,1,-2.327500,20.902342,2.123465,1.178852,-27.027871,0
2024-12-05,sz.002534,11.5860212100,11.7235990700,11.4779243200,11.6744641200,11.5467132500,3497876,41349963.2000,2,0.478600,1,1.106400,21.133602,2.146959,1.191895,-27.326903,0
2024-12-06,sz.002534,11.6842911100,11.7137720800,11.3993084000,11.6941181000,11.6744641200,4053976,47768197.2000,2,0.554700,1,0.168400,21.169180,2.150573,1.193901,-27.372908,0
2024-12-09,sz.002534,11.6941181000,11.7530800400,11.5270592700,11.6155021800,11.6941181000,3500701,41492220.9100,2,0.479000,1,-0.672300,21.026867,2.136116,1.185875,-27.188889,0
2024-12-10,sz.002534,11.9889278000,12.0184087700,11.5958482000,11.6155021800,11.6155021800,5057560,60581952.8000,2,0.692000,1,0.000000,21.026867,2.136116,1.185875,-27.188889,0
2024-12-11,sz.002534,11.6056751900,11.8022149900,11.6056751900,11.7137720800,11.6155021800,3520410,42029014.4000,2,0.481700,1,0.846000,21.204759,2.154188,1.195908,-27.418913,0
2024-12-12,sz.002534,11.7530800400,11.7825610100,11.5761942200,11.6842911100,11.7137720800,3288127,38999548.9500,2,0.449900,1,-0.251700,21.151391,2.148766,1.192898,-27.349906,0
2024-12-13,sz.002534,11.6155021800,11.6744641200,11.3993084000,11.4091353900,11.6842911100,4409647,51575109.0500,2,0.603400,1,-2.354900,20.653293,2.098164,1.164806,-26.705837,0
2024-12-16,sz.002534,11.3993084000,11.4877513100,11.2813845200,11.3206924800,11.4091353900,3462600,40115356.8000,2,0.473800,1,-0.775200,20.493190,2.081899,1.155777,-26.498815,0
2024-12-17,sz.002534,11.2519035500,11.3796544200,11.1044987000,11.1634606400,11.3206924800,3796100,43294071.0000,2,0.519400,1,-1.388900,20.208562,2.052984,1.139724,-26.130776,0
2024-12-18,sz.002534,11.1831146200,11.3010385000,11.0651907400,11.0946717100,11.1634606400,3657543,41554305.9000,2,0.500500,1,-0.616200,20.084038,2.040334,1.132701,-25.969759,0
2024-12-19,sz.002534,10.9865748200,11.2027686000,10.8391699700,11.1536336500,11.0946717100,4215700,47368189.0000,2,0.576800,1,0.531400,20.190773,2.051177,1.138721,-26.107774,0
2024-12-20,sz.002534,11.1438066600,11.2224225800,11.0455367600,11.0848447200,11.1536336500,3368700,38176984.0000,2,0.460900,1,-0.616700,20.066248,2.038527,1.131698,-25.946757,0
2024-12-23,sz.002534,11.0848447200,11.1339796700,10.7998620100,10.8195159900,11.0848447200,4130800,45955592.0000,2,0.565200,1,-2.393600,19.585939,1.989732,1.104609,-25.325691,0
2024-12-24,sz.002534,10.8686509400,11.3403464600,10.8489969600,11.0946717100,10.8195159900,5175823,58479616.8400,2,0.708200,1,2.543100,20.084038,2.040334,1.132701,-25.969759,0
2024-12-25,sz.002534,11.0553637500,11.2322495700,10.9276128800,11.0750177300,11.0946717100,3698900,41678064.7700,2,0.506100,1,-0.177100,20.048459,2.036719,1.130695,-25.923754,0
2024-12-26,sz.002534,11.0848447200,11.2912115100,11.0357097700,11.2912115100,11.0750177300,4143001,47281444.4200,2,0.566900,1,1.952100,20.439822,2.076478,1.152767,-26.429808,0
2024-12-27,sz.002534,11.2617305400,11.3403464600,11.2027686000,11.2617305400,11.2912115100,3894001,44708655.5000,2,0.532800,1,-0.261100,20.386454,2.071056,1.149757,-26.360801,0
2024-12-30,sz.002534,11.2027686000,11.3501734500,11.0750177300,11.1831146200,11.2617305400,3447281,39431487.7000,2,0.471700,1,-0.698100,20.244141,2.056599,1.141731,-26.176781,0
2024-12-31,sz.002534,11.1044987000,11.2715575300,10.9177858900,10.9177858900,11.1831146200,3912431,44105035.8100,2,0.535400,1,-2.372600,19.763831,2.007804,1.114642,-25.555715,0
2025-01-02,sz.002534,10.9472668600,11.0062288000,10.4853983300,10.6033222100,10.9177858900,5257750,57727487.5000,2,0.719400,1,-2.880300,19.194579,1.949974,1.082537,-24.819640,0
2025-01-03,sz.002534,10.6229761900,10.7310730800,10.2888585300,10.3183395000,10.6033222100,4718850,50580701.0000,2,0.645700,1,-2.687700,18.678691,1.897565,1.053442,-24.152569,0
2025-01-06,sz.002534,10.3183395000,10.8293429800,10.2102426100,10.6229761900,10.3183395000,5620950,60564223.0000,2,0.769100,1,2.952400,19.230157,1.953588,1.084544,-24.865645,0
2025-01-07,sz.002534,10.6721111400,10.8784779300,10.5148793000,10.8588239500,10.6229761900,4481810,48855317.2000,2,0.613300,1,2.220200,19.657098,1.996961,1.108623,-25.417703,0
2025-01-08,sz.002534,10.8391699700,10.8588239500,10.3379934800,10.6131492000,10.8588239500,4659465,50121477.8000,2,0.637600,1,-2.262400,19.212368,1.951781,1.083541,-24.842642,0
2025-01-09,sz.002534,10.5247062900,10.8293429800,10.5148793000,10.7015921100,10.6131492000,3694200,40301523.0000,2,0.505500,1,0.833300,19.372471,1.968046,1.092570,-25.049664,0
2025-01-10,sz.002534,11.7727340200,11.7727340200,11.7727340200,11.7727340200,10.7015921100,4177480,50046210.4000,2,0.571600,1,10.009200,21.311497,2.165031,1.201928,-27.556931,0
2025-01-13,sz.002534,12.1658136200,12.9421458300,12.0675437200,12.2935644900,11.7727340200,40601782,512615733.2400,2,5.555700,1,4.424000,22.254326,2.260813,1.255101,-28.776061,0
2025-01-14,sz.002534,11.8218689700,13.4629763000,11.5958482000,12.9519728200,12.2935644900,44127475,560314236.8300,2,6.038100,1,5.355700,23.446204,2.381896,1.322321,-30.317225,0
2025-01-15,sz.002534,12.7750870000,12.7947409800,12.1658136200,12.2444295400,12.9519728200,32039928,401742862.3500,2,4.384100,1,-5.462800,22.165380,2.251777,1.250085,-28.661048,0
2025-01-16,sz.002534,12.3132184700,12.7456060300,12.0970246900,12.2149485700,12.2444295400,26233720,329660494.6200,2,3.589600,1,-0.240800,22.112012,2.246355,1.247075,-28.592041,0
2025-01-17,sz.002534,12.1559866300,12.5785472000,12.0184087700,12.2051215800,12.2149485700,18701211,233024066.1200,2,2.558900,1,-0.080500,22.094223,2.244548,1.246072,-28.569039,0
2025-01-20,sz.002534,12.4606233200,12.9912807800,12.4507963300,12.6866440900,12.2051215800,35840913,464564312.7400,2,4.904200,1,3.945200,22.965895,2.333101,1.295232,-29.696158,0
2025-01-21,sz.002534,12.6866440900,12.7259520500,12.2935644900,12.6276821500,12.6866440900,21878761,278890613.6200,2,2.993700,1,-0.464800,22.859160,2.322258,1.289213,-29.558144,0
2025-01-22,sz.002534,12.5294122500,12.6768171000,12.2837375000,12.3820074000,12.6276821500,13584035,171658804.4000,2,1.858700,1,-1.945500,22.414429,2.277078,1.264131,-28.983083,0
2025-01-23,sz.002534,12.4901042900,12.6080281700,12.2444295400,12.2444295400,12.3820074000,14432166,182260182.9200,2,1.974800,1,-1.111100,22.165380,2.251777,1.250085,-28.661048,0
2025-01-24,sz.002534,12.1559866300,12.3132184700,12.0675437200,12.3033914800,12.2444295400,11973803,149188101.5300,2,1.638400,1,0.481500,22.272115,2.262620,1.256105,-28.799063,0
2025-01-27,sz.002534,12.3033914800,12.3525264300,12.0184087700,12.0380627500,12.3033914800,9085900,112330341.0000,2,1.243300,1,-2.156500,21.791806,2.213826,1.229016,-28.177997,0
2025-02-05,sz.002534,12.1068516800,12.1658136200,11.8611769300,11.9201388700,12.0380627500,9908515,120339094.5600,2,1.355800,1,-0.979600,21.578335,2.192139,1.216977,-27.901968,0
2025-02-06,sz.002534,11.9201388700,12.2640835200,11.8316959600,12.2640835200,11.9201388700,12692315,156930901.2200,2,1.736700,1,2.885400,22.200958,2.255391,1.252091,-28.707053,0
2025-02-07,sz.002534,12.3820074000,12.5294122500,12.2739105100,12.4606233200,12.2640835200,15231730,192281752.4700,2,2.084200,1,1.602600,22.556743,2.291535,1.272157,-29.167102,0
2025-02-10,sz.002534,12.4606233200,12.7750870000,12.3721804100,12.6768171000,12.4606233200,23204554,297999182.4800,2,3.175200,1,1.735000,22.948106,2.331294,1.294229,-29.673156,0
2025-02-11,sz.002534,12.6964710800,12.7062980700,12.4213153600,12.6375091400,12.6768171000,13342104,170634796.5800,2,1.825600,1,-0.310100,22.876949,2.324065,1.290216,-29.581146,0
2025-02-12,sz.002534,12.5588932200,12.7456060300,12.5490662300,12.6669901100,12.6375091400,12622693,162624385.0900,2,1.727200,1,0.233300,22.930317,2.329487,1.293226,-29.650154,0
2025-02-13,sz.002534,12.6866440900,12.7259520500,12.3623534200,12.3820074000,12.6669901100,10705101,136035363.8300,2,1.464800,1,-2.249800,22.414429,2.277078,1.264131,-28.983083,0
2025-02-14,sz.002534,12.2935644900,12.4606233200,12.2149485700,12.3132184700,12.3820074000,7602495,95339722.3200,2,1.040300,1,-0.555600,22.289904,2.264427,1.257108,-28.822065,0
2025-02-17,sz.002534,12.3230454600,12.5392392400,12.1363326500,12.5294122500,12.3132184700,11563994,145317519.9000,2,1.582300,1,1.755800,22.681267,2.304186,1.279180,-29.328119,0
2025-02-18,sz.002534,12.5687202100,12.9716268000,12.4999312800,12.5883741900,12.5294122500,20002326,259654312.7200,2,2.737000,1,0.470600,22.788003,2.315029,1.285200,-29.466134,0
2025-02-19,sz.002534,12.4704503100,12.7750870000,12.3918343900,12.7259520500,12.5883741900,16300356,209777272.7000,2,2.230400,1,1.092900,23.037052,2.340330,1.299246,-29.788168,0
2025-02-20,sz.002534,12.7357790400,12.8733569000,12.5294122500,12.7947409800,12.7259520500,12484600,161684671.0000,2,1.708300,1,0.540500,23.161577,2.352980,1.306268,-29.949185,0
2025-02-21,sz.002534,12.8242219500,12.9224918500,12.7161250600,12.8242219500,12.7947409800,14258200,185822877.0000,2,1.951000,1,0.230400,23.214944,2.358402,1.309278,-30.018193,0
2025-02-24,sz.002534,12.7849139900,12.8242219500,12.5982011800,12.7161250600,12.8242219500,9757800,125868183.0000,2,1.335200,1,-0.842900,23.019263,2.338523,1.298242,-29.765166,0
2025-02-25,sz.002534,12.5588932200,12.8045679700,12.5294122500,12.6964710800,12.7161250600,7927317,102449295.0600,2,1.084700,1,-0.154600,22.983684,2.334908,1.296236,-29.719161,0
2025-02-26,sz.002534,12.6768171000,12.7750870000,12.6276821500,12.7456060300,12.6964710800,8048130,104185350.3500,2,1.101300,1,0.387000,23.072631,2.343944,1.301252,-29.834173,0
2025-02-27,sz.002534,12.7554330200,12.7947409800,12.3623534200,12.5883741900,12.7456060300,8729600,111376602.0000,2,1.194500,1,-1.233600,22.788003,2.315029,1.285200,-29.466134,0
2025-02-28,sz.002534,12.4901042900,12.5588932200,12.0282357600,12.0970246900,12.5883741900,7439073,92708089.3700,2,1.017900,1,-3.903200,21.898541,2.224669,1.235036,-28.316012,0
2025-03-03,sz.002534,12.1559866300,12.5097582700,12.0773707100,12.2542565300,12.0970246900,8145348,102126104.5900,2,1.114600,1,1.299800,22.183169,2.253584,1.251088,-28.684051,0
2025-03-04,sz.002534,12.1658136200,12.4802773000,12.0871977000,12.4606233200,12.2542565300,6361100,80337552.0000,2,0.870400,1,1.684000,22.556743,2.291535,1.272157,-29.167102,0
2025-03-05,sz.002534,12.7554330200,13.4040143600,12.6375091400,12.8733569000,12.4606233200,16071311,210246789.6700,2,2.199100,1,3.312300,23.303891,2.367438,1.314295,-30.133205,0
2025-03-06,sz.002534,12.9323188400,13.3647064000,12.9323188400,13.1190316500,12.8733569000,17683847,236726025.5000,2,2.419700,1,1.908400,23.748621,2.412618,1.339377,-30.708266,0
2025-03-07,sz.002534,13.0305887400,13.2173015500,12.8242219500,12.9126648600,13.1190316500,11981978,158506919.8000,2,1.639500,1,-1.573000,23.375047,2.374667,1.318308,-30.225215,0
2025-03-10,sz.002534,12.9617998100,13.4433223200,12.8831838900,13.3450524200,12.9126648600,21854537,293851508.0000,2,2.990400,1,3.348600,24.157774,2.454184,1.362452,-31.237322,0
2025-03-11,sz.002534,13.1878205800,13.1976475700,12.9323188400,13.1386856300,13.3450524200,12493822,165652733.7500,2,1.709600,1,-1.546400,23.784200,2.416233,1.341383,-30.754271,0
2025-03-12,sz.002534,13.2074745600,13.9346718200,13.0895506800,13.5514192100,13.1386856300,21634394,296513188.9400,2,2.960300,1,3.141400,24.531347,2.492135,1.383521,-31.720374,0
2025-03-13,sz.002534,13.5317652300,13.8560559000,13.1583396100,13.3253984400,13.5514192100,14000028,190784029.9800,2,1.915700,1,-1.667900,24.122195,2.450569,1.360445,-31.191317,0
2025-03-14,sz.002534,13.3155714500,13.3941873700,13.0207617500,13.3155714500,13.3253984400,10569100,142270901.0000,2,1.446200,1,-0.073700,24.104406,2.448762,1.359442,-31.168315,0
2025-03-17,sz.002534,12.7947409800,13.2074745600,12.6669901100,13.0600697100,13.3155714500,13064315,172824203.2000,2,1.787600,1,-1.918800,23.641886,2.401775,1.333357,-30.570251,0
2025-03-18,sz.002534,13.1190316500,13.2664365000,13.0011077700,13.1485126200,13.0600697100,8093161,108045492.8200,2,1.107400,1,0.677200,23.801989,2.418040,1.342386,-30.777273,0
2025-03-19,sz.002534,13.1190316500,13.1976475700,12.9519728200,13.1190316500,13.1485126200,5530384,73501383.2000,2,0.756700,1,-0.224200,23.748621,2.412618,1.339377,-30.708266,0
2025-03-20,sz.002534,13.1190316500,13.2664365000,13.0698967000,13.1681666000,13.1190316500,6761418,90764538.4800,2,0.925200,1,0.374500,23.837567,2.421654,1.344393,-30.823278,0
2025-03-21,sz.002534,13.1092046600,13.3352254300,12.9814537900,13.1190316500,13.1681666000,7959610,106595028.3600,2,1.089100,1,-0.373100,23.748621,2.412618,1.339377,-30.708266,0
2025-03-24,sz.002534,13.1190316500,13.3253984400,12.7947409800,13.1092046600,13.1190316500,10285800,136751008.0200,2,1.407400,1,-0.074900,23.730832,2.410811,1.338373,-30.685264,0
2025-03-25,sz.002534,13.0993776700,13.6300351300,13.0011077700,13.5514192100,13.1092046600,20831883,284881386.6200,2,2.850500,1,3.373300,24.531347,2.492135,1.383521,-31.720374,0
2025-03-26,sz.002534,13.4629763000,14.2393085100,13.3057444600,14.2196545300,13.5514192100,29985835,421597315.7300,2,4.103100,1,4.931100,25.741015,2.615025,1.451744,-33.284540,0
2025-03-27,sz.002534,14.1213846300,14.1213846300,13.4826302800,13.5121112500,14.2196545300,24023730,335057228.7200,2,3.287200,1,-4.975800,24.460190,2.484906,1.379508,-31.628364,0
2025-03-28,sz.002534,13.3548794100,13.8855368700,12.8340489400,12.9421458300,13.5121112500,25357064,344246244.8700,2,3.469700,1,-4.218200,23.428415,2.380088,1.321318,-30.294222,0
2025-03-31,sz.002534,12.7750870000,12.9716268000,12.3426994400,12.5490662300,12.9421458300,17988030,230089765.3000,2,2.461400,1,-3.037200,21.464119,2.310048,1.466553,-13.845519,0
2025-04-01,sz.002534,12.5490662300,13.1190316500,12.5490662300,12.8045679700,12.5490662300,15784083,205915255.3200,2,2.159800,1,2.036000,21.901165,2.357084,1.496414,-14.127437,0
2025-04-02,sz.002534,12.6768171000,13.1386856300,12.6571631200,12.8537029200,12.8045679700,9975319,131184716.2200,2,1.365000,1,0.383700,21.985206,2.366129,1.502156,-14.181648,0
2025-04-03,sz.002534,12.5883741900,12.9224918500,12.3132184700,12.3230454600,12.8537029200,11209418,143152682.9200,2,1.533800,1,-4.128400,21.077560,2.268445,1.440141,-13.596168,0
2025-04-07,sz.002534,11.5958482000,11.6548101400,11.0946717100,11.0946717100,12.3230454600,7877431,89876418.3900,2,1.077900,1,-9.968100,18.976527,2.042324,1.296586,-12.240888,0
2025-04-08,sz.002534,11.1536336500,11.1929416100,10.2004156200,10.4657443500,11.0946717100,16488735,177579959.2500,2,2.256200,1,-5.668700,17.900798,1.926550,1.223086,-11.546984,0
2025-04-09,sz.002534,10.3183395000,10.7802080300,9.7090661200,10.6426301700,10.4657443500,12387198,130091320.5900,2,1.695000,1,1.690100,18.203347,1.959112,1.243758,-11.742145,0
2025-04-10,sz.002534,10.8391699700,11.1732876300,10.8391699700,10.9177858900,10.6426301700,10563165,118440634.4000,2,1.445400,1,2.585400,18.673978,2.009763,1.275914,-12.045727,0
2025-04-11,sz.002534,10.7310730800,11.2420765600,10.6721111400,11.0651907400,10.9177858900,8129000,91404886.0000,2,1.112300,1,1.350100,18.926102,2.036897,1.293141,-12.208361,0
2025-04-14,sz.002534,11.1929416100,11.3108654900,11.1339796700,11.2125955900,11.0651907400,7678640,87655738.2000,2,1.050700,1,1.332100,19.178226,2.064032,1.310367,-12.370995,0
2025-04-15,sz.002534,11.3010385000,11.3403464600,11.0946717100,11.2420765600,11.2125955900,5226306,59502793.3400,2,0.715100,1,0.262900,19.228651,2.069459,1.313813,-12.403521,0
2025-04-16,sz.002534,11.2715575300,11.2813845200,10.8096890000,10.9374398700,11.2420765600,5526791,61822670.2600,2,0.756200,1,-2.709800,18.707595,2.013381,1.278211,-12.067412,0
2025-04-17,sz.002534,10.8981319100,11.3010385000,10.8588239500,11.2125955900,10.9374398700,7486060,85098877.4000,2,1.024300,1,2.515700,19.178226,2.064032,1.310367,-12.370995,0
2025-04-18,sz.002534,11.2224225800,11.2617305400,11.0946717100,11.1831146200,11.2125955900,4080131,46421762.7100,2,0.558300,1,-0.262900,19.127801,2.058605,1.306922,-12.338468,0
2025-04-21,sz.002534,11.1143256900,11.3403464600,11.0160557900,11.3206924800,11.1831146200,5053300,57907231.0000,2,0.691500,1,1.230200,19.363117,2.083930,1.323000,-12.490259,0
2025-04-22,sz.002534,11.3108654900,11.3796544200,11.2224225800,11.2912115100,11.3206924800,4175361,47960019.0900,2,0.571300,1,-0.260400,19.312692,2.078503,1.319555,-12.457732,0
2025-04-23,sz.002534,11.3894814100,11.5958482000,11.3010385000,11.5663672300,11.2912115100,7625071,89280881.5600,2,1.043400,1,2.436900,19.783324,2.129155,1.351711,-12.761315,0
2025-04-24,sz.002534,11.5761942200,11.6842911100,11.3993084000,11.4779243200,11.5663672300,6211400,72823073.0000,2,0.849900,1,-0.764700,19.632049,2.112874,1.341375,-12.663735,0
2025-04-25,sz.002534,11.3501734500,11.4484433500,10.6917651200,10.9374398700,11.4779243200,12560585,139570518.6500,2,1.718700,1,-4.708900,34.895645,1.996710,1.266155,-16.274602,0
2025-04-28,sz.002534,10.9374398700,11.0357097700,10.7900350200,10.8096890000,10.9374398700,4945425,54701031.2500,2,0.676700,1,-1.168000,34.488059,1.973388,1.251366,-16.084512,0
2025-04-29,sz.002534,10.7900350200,10.8784779300,10.6917651200,10.7507270600,10.8096890000,5562500,61028774.0000,2,0.761100,1,-0.545500,34.299942,1.962624,1.244540,-15.996778,0
2025-04-30,sz.002534,10.7507270600,10.8195159900,10.6328031800,10.6426301700,10.7507270600,5033161,54915887.0200,2,0.688700,1,-1.005500,33.955061,1.942890,1.232026,-15.835933,0
2025-05-06,sz.002534,10.7114191000,11.0750177300,10.6524571600,11.0160557900,10.6426301700,8627385,96376484.8900,2,1.180500,1,3.508800,35.146467,2.011062,1.275255,-16.391580,0
2025-05-07,sz.002534,11.1044987000,11.2322495700,11.0062288000,11.0946717100,11.0160557900,5890252,66461985.7000,2,0.806000,1,0.713600,35.397289,2.025414,1.284356,-16.508558,0
2025-05-08,sz.002534,11.0455367600,11.2912115100,10.9669208400,11.2813845200,11.0946717100,5593261,63764270.1300,2,0.765300,1,1.682900,35.992992,2.059500,1.305971,-16.786381,0
2025-05-09,sz.002534,11.3600004400,11.3600004400,11.0258827800,11.0750177300,11.2813845200,4563600,51582989.0000,2,0.624500,1,-1.829300,35.334584,2.021826,1.282081,-16.479313,0
2025-05-12,sz.002534,11.1634606400,11.5172322800,11.1438066600,11.3403464600,11.0750177300,7938651,91358791.4200,2,1.086300,1,2.395700,36.181109,2.070264,1.312796,-16.874115,0
2025-05-13,sz.002534,11.4189623800,11.4582703400,11.2519035500,11.3501734500,11.3403464600,5933100,68423042.0000,2,0.811800,1,0.086700,36.212462,2.072058,1.313934,-16.888737,0
2025-05-14,sz.002534,11.3305194700,11.3501734500,11.1732876300,11.2027686000,11.3501734500,4598400,52504160.0000,2,0.629200,1,-1.298700,35.742170,2.045148,1.296870,-16.669403,0
2025-05-15,sz.002534,11.2027686000,11.2224225800,10.9964018100,11.0062288000,11.2027686000,3343644,37628917.1200,2,0.457500,1,-1.754400,35.115114,2.009268,1.274118,-16.376958,0
2025-05-16,sz.002534,11.0062288000,11.1929416100,10.9964018100,11.0553637500,11.0062288000,3354400,37934029.0000,2,0.459000,1,0.446400,35.271878,2.018238,1.279806,-16.450069,0
2025-05-19,sz.002534,11.1339796700,11.1339796700,10.9276128800,11.0750177300,11.0553637500,3202000,35980012.0000,2,0.438100,1,0.177800,35.334584,2.021826,1.282081,-16.479313,0
2025-05-20,sz.002534,11.0750177300,11.1536336500,11.0160557900,11.1339796700,11.0750177300,2837957,32023038.5400,2,0.388300,1,0.532400,35.522700,2.032590,1.288907,-16.567047,0
2025-05-21,sz.002534,11.1536336500,11.1732876300,11.0062288000,11.0455367600,11.1339796700,2898700,32627695.0000,2,0.396600,1,-0.794400,35.240525,2.016444,1.278668,-16.435447,0
2025-05-22,sz.002534,11.0357097700,11.9004848900,10.9669208400,11.2224225800,11.0455367600,15642700,181054839.0000,2,2.140400,1,1.601400,35.804880,2.048736,1.299145,-16.698650,0
2025-05-23,sz.002534,11.2617305400,11.3010385000,10.8588239500,10.8686509400,11.2224225800,9051460,102004844.4000,2,1.238500,1,-3.152400,34.676180,1.984152,1.258192,-16.172247,0
2025-05-26,sz.002534,10.8981319100,11.1929416100,10.8981319100,11.1044987000,10.8686509400,6705318,75577169.6000,2,0.917500,1,2.170000,35.428646,2.027208,1.285494,-16.523182,0
2025-05-27,sz.002534,11.0553637500,11.1339796700,10.9472668600,11.0062288000,11.1044987000,4182400,46901894.0000,2,0.572300,1,-0.885000,35.115119,2.009268,1.274118,-16.376959,0
2025-05-28,sz.002534,11.1929416100,11.4877513100,11.1339796700,11.3600004400,11.0062288000,10741788,123974101.0800,2,1.469800,1,3.214300,36.243819,2.073852,1.315072,-16.903362,0
2025-05-29,sz.002534,11.3600000000,11.4800000000,11.2300000000,11.3600000000,11.3600000000,8301908,94450815.1600,2,1.136000,1,0.000000,35.616763,2.037972,1.292320,-16.610916,0
2025-05-30,sz.002534,11.3600000000,11.3600000000,11.0800000000,11.1400000000,11.3600000000,6019500,67065599.0000,2,0.823700,1,-1.936600,34.927002,1.998504,1.267292,-16.289226,0
2025-06-03,sz.002534,11.0500000000,11.1800000000,10.9500000000,11.1400000000,11.1400000000,4765980,52732213.2000,2,0.652100,1,0.000000,34.927002,1.998504,1.267292,-16.289226,0
2025-06-04,sz.002534,11.1800000000,11.4500000000,11.1700000000,11.3100000000,11.1400000000,5507329,62042733.2900,2,0.753600,1,1.526000,35.459999,2.029002,1.286632,-16.537805,0
2025-06-05,sz.002534,11.3300000000,11.4100000000,11.2400000000,11.3200000000,11.3100000000,4212800,47698805.0000,2,0.576400,1,0.088400,35.491352,2.030796,1.287769,-16.552427,0
2025-06-06,sz.002534,11.3400000000,11.3500000000,11.2400000000,11.2800000000,11.3200000000,2842015,32061571.3500,2,0.388900,1,-0.353400,35.365941,2.023620,1.283219,-16.493938,0
2025-06-09,sz.002534,11.3500000000,11.3800000000,11.2600000000,11.3300000000,11.2800000000,3929260,44519398.9100,2,0.537700,1,0.443300,35.522705,2.032590,1.288907,-16.567049,0
2025-06-10,sz.002534,11.3000000000,11.3300000000,11.0000000000,11.1300000000,11.3300000000,5395695,60236376.4000,2,0.738300,1,-1.765200,34.895649,1.996710,1.266155,-16.274603,0
2025-06-11,sz.002534,11.1300000000,11.3000000000,11.1300000000,11.1800000000,11.1300000000,4432600,49805412.0000,2,0.606500,1,0.449200,35.052413,2.005680,1.271843,-16.347715,0
2025-06-12,sz.002534,11.1800000000,11.2300000000,11.0700000000,11.1300000000,11.1800000000,3257200,36269319.0000,2,0.445700,1,-0.447200,34.895649,1.996710,1.266155,-16.274603,0
2025-06-13,sz.002534,11.0800000000,11.1300000000,10.9500000000,10.9600000000,11.1300000000,3758600,41379343.0000,2,0.514300,1,-1.527400,34.362652,1.966212,1.246815,-16.026025,0
2025-06-16,sz.002534,10.9000000000,11.0500000000,10.8800000000,10.9500000000,10.9600000000,2633505,28909690.5000,2,0.360400,1,-0.091200,34.331299,1.964418,1.245678,-16.011402,0
2025-06-17,sz.002534,10.9700000000,11.0000000000,10.9000000000,11.0000000000,10.9500000000,2275573,24919962.6200,2,0.311400,1,0.456600,34.488063,1.973388,1.251366,-16.084514,0
2025-06-18,sz.002534,10.9500000000,11.0400000000,10.9200000000,11.0100000000,11.0000000000,2346400,25748762.0000,2,0.321100,1,0.090900,34.519416,1.975182,1.252503,-16.099136,0
2025-06-19,sz.002534,10.9500000000,11.1900000000,10.8700000000,10.9100000000,11.0100000000,4585802,50505611.8600,2,0.627500,1,-0.908300,34.205888,1.957242,1.241127,-15.952913,0
2025-06-20,sz.002534,10.8900000000,11.1500000000,10.8800000000,10.9600000000,10.9100000000,4970202,54759934.1400,2,0.680100,1,0.458300,34.362652,1.966212,1.246815,-16.026025,0
2025-06-23,sz.002534,10.8400000000,11.0500000000,10.8000000000,11.0500000000,10.9600000000,3153676,34539681.4600,2,0.431500,1,0.821200,34.644827,1.982358,1.257054,-16.157625,0
2025-06-24,sz.002534,11.0800000000,11.3500000000,11.0400000000,11.3200000000,11.0500000000,6933330,77934659.3000,2,0.948700,1,2.443400,35.491352,2.030796,1.287769,-16.552427,0
2025-06-25,sz.002534,11.3400000000,11.4400000000,11.3100000000,11.4100000000,11.3200000000,5370473,61206846.0900,2,0.734900,1,0.795100,35.773527,2.046942,1.298008,-16.684027,0
2025-06-26,sz.002534,11.4000000000,11.4100000000,11.1900000000,11.2200000000,11.4100000000,4587801,51807666.3100,2,0.627800,1,-1.665200,35.177824,2.012856,1.276393,-16.406204,0
2025-06-27,sz.002534,11.2200000000,11.2700000000,11.0000000000,11.1300000000,11.2200000000,8806835,97902969.0000,2,1.205100,1,-0.802100,34.895649,1.996710,1.266155,-16.274603,0
2025-06-30,sz.002534,11.1100000000,11.2700000000,11.1000000000,11.2400000000,11.1300000000,4882735,54737957.6500,2,0.668100,1,0.988300,35.240530,2.016444,1.278668,-16.435449,0
2025-07-01,sz.002534,11.2400000000,11.4000000000,11.1300000000,11.3600000000,11.2400000000,5623700,63157820.0000,2,0.769500,1,1.067600,35.616763,2.037972,1.292320,-16.610916,0
2025-07-02,sz.002534,11.3700000000,11.6500000000,11.2700000000,11.5500000000,11.3600000000,10518340,120975018.7000,2,1.444800,1,1.672500,36.212466,2.072058,1.313934,-16.888739,0
2025-07-03,sz.002534,11.5500000000,11.6500000000,11.4500000000,11.5500000000,11.5500000000,5084358,58520955.9000,2,0.698400,1,0.000000,36.212466,2.072058,1.313934,-16.888739,0
2025-07-04,sz.002534,11.5000000000,11.7200000000,11.4500000000,11.5100000000,11.5500000000,6296147,72834425.7000,2,0.864800,1,-0.346300,36.087055,2.064882,1.309384,-16.830250,0
2025-07-07,sz.002534,11.5100000000,11.9000000000,11.4500000000,11.8000000000,11.5100000000,9096895,106540369.1600,2,1.249600,1,2.519500,36.996286,2.116908,1.342374,-17.254297,0
2025-07-08,sz.002534,11.8200000000,11.8500000000,11.6900000000,11.8000000000,11.8000000000,7109254,83709067.4600,2,0.976500,1,0.000000,36.996286,2.116908,1.342374,-17.254297,0
2025-07-09,sz.002534,11.7900000000,11.9300000000,11.7700000000,11.8100000000,11.8000000000,7009656,83007371.3800,2,0.962800,1,0.084700,37.027638,2.118702,1.343512,-17.268919,0
2025-07-10,sz.002534,11.7700000000,11.8600000000,11.7400000000,11.8100000000,11.8100000000,4662478,54983402.8000,2,0.640400,1,0.000000,37.027638,2.118702,1.343512,-17.268919,0
2025-07-11,sz.002534,11.9000000000,11.9700000000,11.6000000000,11.6500000000,11.8100000000,9412315,110384970.2000,2,1.292900,1,-1.354800,36.525994,2.089998,1.325310,-17.034962,0
2025-07-14,sz.002534,11.6900000000,11.7800000000,11.5800000000,11.6700000000,11.6500000000,5372500,62869020.2000,2,0.738000,1,0.171700,36.588699,2.093586,1.327585,-17.064207,0
2025-07-15,sz.002534,11.6800000000,11.7500000000,11.4000000000,11.4800000000,11.6700000000,6147060,70971320.0000,2,0.844400,1,-1.628100,35.992996,2.059500,1.305971,-16.786383,0
2025-07-16,sz.002534,11.5000000000,11.5800000000,11.4300000000,11.5700000000,11.4800000000,3686900,42466966.0000,2,0.506400,1,0.784000,36.275172,2.075646,1.316209,-16.917984,0
2025-07-17,sz.002534,11.5600000000,11.5700000000,11.4700000000,11.5400000000,11.5700000000,4008800,46133523.0000,2,0.550600,1,-0.259300,36.181113,2.070264,1.312797,-16.874117,0
2025-07-18,sz.002534,11.5600000000,11.6000000000,11.4500000000,11.5200000000,11.5400000000,3608000,41439786.0000,2,0.495600,1,-0.173300,36.118408,2.066676,1.310521,-16.844873,0
2025-07-21,sz.002534,11.5400000000,12.6700000000,11.5300000000,12.6700000000,11.5200000000,15364403,187851330.0300,2,2.110500,1,9.982600,39.723978,2.272985,1.441346,-18.526435,0
2025-07-22,sz.002534,13.5000000000,13.9400000000,12.8000000000,13.9400000000,12.6700000000,43468552,585278657.6700,2,5.970800,1,10.023700,43.705781,2.500821,1.585822,-20.383466,0
2025-07-23,sz.002534,15.1000000000,15.3300000000,14.2700000000,14.4000000000,13.9400000000,81044791,1213728842.2500,2,11.132300,1,3.299900,45.148010,2.583345,1.638152,-21.056091,0
2025-07-24,sz.002534,13.0000000000,13.6800000000,12.9800000000,13.2100000000,14.4000000000,58930446,783346994.6300,2,8.094700,1,-8.263900,41.417028,2.369860,1.502777,-19.316039,0
2025-07-25,sz.002534,13.5100000000,13.6300000000,12.6500000000,12.6500000000,13.2100000000,39025425,505418774.8500,2,5.360500,1,-4.239200,39.661272,2.269397,1.439071,-18.497191,0
2025-07-28,sz.002534,12.5800000000,13.3400000000,12.4500000000,12.9100000000,12.6500000000,30293202,390321862.8800,2,4.161100,1,2.055300,40.476445,2.316040,1.468649,-18.877370,0
2025-07-29,sz.002534,12.7700000000,12.8300000000,12.4800000000,12.7100000000,12.9100000000,21591873,272843018.2100,2,2.965900,1,-1.549200,39.849389,2.280161,1.445896,-18.584925,0
2025-07-30,sz.002534,12.5900000000,12.7500000000,12.3900000000,12.7400000000,12.7100000000,18458601,232493551.4000,2,2.535500,1,0.236000,39.943447,2.285543,1.449309,-18.628791,0
2025-07-31,sz.002534,12.6300000000,12.7200000000,12.5200000000,12.6000000000,12.7400000000,13766383,173792201.0600,2,1.891000,1,-1.098900,39.504508,2.260427,1.433383,-18.424079,0
2025-08-01,sz.002534,12.6800000000,12.9500000000,12.5500000000,12.7700000000,12.6000000000,14384481,183208449.4000,2,1.975600,1,1.349200,40.043143,2.291247,1.452927,-18.675287,0
2025-08-04,sz.002534,12.6800000000,12.7900000000,12.5300000000,12.7500000000,12.7700000000,8223058,104451937.5200,2,1.129400,1,-0.156600,39.980429,2.287659,1.450651,-18.646039,0
2025-08-05,sz.002534,12.7500000000,13.2700000000,12.6900000000,13.1400000000,12.7500000000,22394241,291412322.9600,2,3.075600,1,3.058800,41.203359,2.357634,1.495024,-19.216388,0
2025-08-06,sz.002534,13.5800000000,13.6700000000,13.1700000000,13.2200000000,13.1400000000,20105268,267378887.6600,2,2.761300,1,0.608800,41.454217,2.371988,1.504126,-19.333383,0
2025-08-07,sz.002534,13.5000000000,14.2200000000,13.2300000000,13.7700000000,13.2200000000,31092792,428658557.6500,2,4.270300,1,4.160400,43.178863,2.470671,1.566703,-20.137722,0
2025-08-08,sz.002534,14.2500000000,14.2700000000,13.7000000000,14.0100000000,13.7700000000,27698526,387478242.9400,2,3.804100,1,1.742900,43.931436,2.513733,1.594009,-20.488706,0
2025-08-11,sz.002534,13.9000000000,14.6000000000,13.6200000000,14.5300000000,14.0100000000,29427162,414847422.4800,2,4.041500,1,3.711600,45.562010,2.607034,1.653173,-21.249172,0
2025-08-12,sz.002534,14.3500000000,14.9000000000,14.3100000000,14.5200000000,14.5300000000,18468952,268291328.4600,2,2.551100,1,-0.068800,45.275278,2.590627,1.642770,-21.115446,0
2025-08-13,sz.002534,14.4500000000,14.7500000000,14.3100000000,14.3800000000,14.5200000000,18864530,272678434.9900,2,2.605700,1,-0.964200,44.838740,2.565649,1.626930,-20.911854,0
2025-08-14,sz.002534,14.4000000000,14.8800000000,14.2200000000,14.4700000000,14.3800000000,18072870,263125436.3000,2,2.496400,1,0.625900,45.119371,2.581706,1.637113,-21.042735,0
2025-08-15,sz.002534,14.5500000000,15.1400000000,14.4700000000,15.0900000000,14.4700000000,19424719,288142177.6900,2,2.683100,1,4.284700,47.052613,2.692325,1.707258,-21.944358,0
2025-08-18,sz.002534,14.8100000000,16.3300000000,14.5100000000,16.0000000000,15.0900000000,34271920,526390829.7200,2,4.733900,1,6.030500,49.890114,2.854685,1.810214,-23.267709,0
2025-08-19,sz.002534,16.0000000000,16.4000000000,15.7500000000,16.0100000000,16.0000000000,19523483,312402029.3800,2,2.696700,1,0.062500,49.921295,2.856470,1.811346,-23.282252,0
2025-08-20,sz.002534,16.1500000000,16.5000000000,15.8000000000,16.1300000000,16.0100000000,13237357,213482742.5500,2,1.828400,1,0.749500,50.295471,2.877880,1.824922,-23.456759,0
2025-08-21,sz.002534,16.1200000000,16.2900000000,15.5700000000,15.6200000000,16.1300000000,13137538,207099219.1400,2,1.814700,1,-3.161800,48.705223,2.786887,1.767222,-22.715101,0
2025-08-22,sz.002534,15.6000000000,15.8000000000,15.4200000000,15.4600000000,15.6200000000,9786695,152207343.7500,2,1.351800,1,-1.024300,48.206322,2.758340,1.749120,-22.482424,0
2025-08-25,sz.002534,15.5600000000,15.7600000000,15.3200000000,15.4500000000,15.4600000000,11780248,182811543.8200,2,1.627200,1,-0.064700,48.175141,2.756556,1.747988,-22.467882,0
2025-08-26,sz.002534,15.4500000000,15.5500000000,14.7900000000,14.8800000000,15.4500000000,16214228,245109999.9300,2,2.239600,1,-3.689300,44.580574,2.700437,1.752338,-19.281419,0
2025-08-27,sz.002534,14.9100000000,15.1000000000,14.5700000000,14.6400000000,14.8800000000,15288940,226717889.3000,2,2.111800,1,-1.612900,43.861532,2.656881,1.724075,-18.970428,0
2025-08-28,sz.002534,14.5500000000,14.7200000000,13.9400000000,14.3200000000,14.6400000000,16645748,237901499.5300,2,2.299200,1,-2.185800,42.902810,2.598807,1.686390,-18.555774,0
2025-08-29,sz.002534,14.0200000000,14.1800000000,13.6000000000,13.9500000000,14.3200000000,16147479,224935646.1700,2,2.230400,1,-2.583800,41.794288,2.531660,1.642817,-18.076330,0
2025-09-01,sz.002534,13.5000000000,13.7000000000,13.1400000000,13.6100000000,13.9500000000,26678489,357630487.3700,2,3.685000,1,-2.437300,40.775646,2.469956,1.602777,-17.635760,0
2025-09-02,sz.002534,13.5100000000,13.8800000000,13.3400000000,13.4100000000,13.6100000000,29092777,394492411.9400,2,3.887200,1,-1.469500,41.512522,2.514592,1.631742,-17.954464,0
2025-09-03,sz.002534,13.3700000000,13.4900000000,12.9600000000,13.0000000000,13.4100000000,17106200,226047474.1900,2,2.285600,1,-3.057400,40.243310,2.437710,1.581852,-17.405521,0
2025-09-04,sz.002534,13.0200000000,13.3500000000,12.5300000000,12.7900000000,13.0000000000,26166888,338162917.9200,2,3.496300,1,-1.615400,39.593226,2.398332,1.556299,-17.124355,0
2025-09-05,sz.002534,12.7700000000,14.0700000000,12.7600000000,14.0700000000,12.7900000000,28754767,388660889.8000,2,3.842100,1,10.007800,43.555644,2.638352,1.712051,-18.838129,0
2025-09-08,sz.002534,14.0800000000,14.3800000000,13.7600000000,14.1200000000,14.0700000000,45511086,642302900.5400,2,6.081000,1,0.355400,43.710426,2.647728,1.718135,-18.905074,0
2025-09-09,sz.002534,14.0000000000,14.1200000000,13.5400000000,13.6000000000,14.1200000000,28538178,393596110.2800,2,3.813100,1,-3.682700,42.100693,2.550220,1.654861,-18.208853,0
2025-09-10,sz.002534,13.6000000000,14.0900000000,13.5100000000,13.8900000000,13.6000000000,29381434,406043670.4700,2,3.669300,1,2.132400,45.959633,2.783972,1.806545,-19.877872,0
2025-09-11,sz.002534,13.9300000000,14.2800000000,13.6800000000,14.1300000000,13.8900000000,24680282,346472267.3900,2,3.082200,1,1.727900,46.753752,2.832076,1.837760,-20.221334,0
2025-09-12,sz.002534,14.2000000000,14.9400000000,14.1400000000,14.6900000000,14.1300000000,37325768,546158173.8000,2,4.661500,1,3.963200,48.606697,2.944316,1.910594,-21.022746,0
2025-09-15,sz.002534,14.5200000000,15.5400000000,14.4300000000,15.1400000000,14.6900000000,56906470,855717246.4300,2,7.106800,1,3.063300,50.095670,3.034510,1.969121,-21.666738,0
2025-09-16,sz.002534,15.1400000000,15.8000000000,14.9400000000,15.2400000000,15.1400000000,45098157,695348531.0400,2,5.632100,1,0.660500,50.426552,3.054553,1.982127,-21.809847,0
2025-09-17,sz.002534,15.3200000000,15.4000000000,14.8800000000,15.0600000000,15.2400000000,33200961,502153784.1500,2,4.146300,1,-1.181100,49.830963,3.018475,1.958716,-21.552250,0
2025-09-18,sz.002534,15.0600000000,15.1800000000,14.5500000000,14.7600000000,15.0600000000,25030097,371953095.7100,2,3.125900,1,-1.992000,48.838315,2.958346,1.919698,-21.122922,0
2025-09-19,sz.002534,14.7000000000,15.9700000000,14.6000000000,15.6100000000,14.7600000000,35005506,540051561.3400,2,4.371700,1,5.758800,51.650819,3.128712,2.030250,-22.339351,0
2025-09-22,sz.002534,15.5700000000,16.6700000000,15.4700000000,16.3700000000,15.6100000000,40886884,664959543.5100,2,5.106200,1,4.868700,54.165529,3.281039,2.129096,-23.426981,0
2025-09-23,sz.002534,16.2200000000,16.5700000000,15.9300000000,16.2700000000,16.3700000000,27412510,444366152.0500,2,3.423400,1,-0.610900,53.834646,3.260996,2.116090,-23.283872,0
2025-09-24,sz.002534,17.3000000000,17.6800000000,15.1700000000,15.1800000000,16.2700000000,70716651,1142287893.6300,2,8.574400,1,-6.699400,51.713371,3.132501,2.032708,-22.366405,0
2025-09-25,sz.002534,14.6000000000,16.1700000000,14.5600000000,15.6800000000,15.1800000000,58126023,880651972.2400,2,7.047800,1,3.293800,53.416710,3.235679,2.099662,-23.103111,0
2025-09-26,sz.002534,15.6900000000,16.0300000000,15.2500000000,15.3300000000,15.6800000000,28429963,443114982.4400,2,3.447100,1,-2.232100,52.224372,3.163455,2.052795,-22.587417,0
2025-09-29,sz.002534,15.3800000000,16.8600000000,15.3700000000,16.8600000000,15.3300000000,27566686,451706995.5300,2,3.342500,1,9.980400,57.436589,3.479181,2.257672,-24.841738,0
2025-09-30,sz.002534,16.7300000000,17.4700000000,16.5200000000,16.9500000000,16.8600000000,43959069,752224926.3500,2,5.330000,1,0.533800,57.743190,3.497753,2.269724,-24.974345,0
2025-10-09,sz.002534,17.7900000000,18.4700000000,17.3000000000,17.8000000000,16.9500000000,46543531,830557783.1000,2,5.643400,1,5.014700,60.638867,3.673157,2.383545,-26.226746,0
2025-10-10,sz.002534,17.6200000000,18.2000000000,17.3200000000,17.5500000000,17.8000000000,33753186,600187754.2700,2,4.092600,1,-1.404500,59.787197,3.621567,2.350068,-25.858393,0
2025-10-13,sz.002534,16.4700000000,18.5200000000,16.4700000000,18.2200000000,17.5500000000,37808244,679010228.9200,2,4.584300,1,3.817700,62.069671,3.759827,2.439786,-26.845579,0
2025-10-14,sz.002534,18.7400000000,19.2600000000,17.3300000000,17.8000000000,18.2200000000,43781274,806482772.4900,2,5.308500,1,-2.305200,60.638867,3.673157,2.383545,-26.226746,0
2025-10-15,sz.002534,17.9000000000,18.4600000000,17.6100000000,18.0000000000,17.8000000000,29696308,537085660.1900,2,3.600700,1,1.123600,61.320202,3.714428,2.410326,-26.521429,0
2025-10-16,sz.002534,17.9800000000,18.0400000000,17.2300000000,17.2800000000,18.0000000000,21683490,378252452.1200,2,2.629100,1,-4.000000,58.867394,3.565851,2.313913,-25.460572,0
2025-10-17,sz.002534,17.2100000000,17.3300000000,16.1100000000,16.1600000000,17.2800000000,26085310,433201543.7200,2,3.162800,1,-6.481500,55.051915,3.334731,2.163937,-23.810349,0
2025-10-20,sz.002534,16.5400000000,16.7500000000,16.1800000000,16.4400000000,16.1600000000,17839624,293298893.9200,2,2.163100,1,1.732700,56.005785,3.392511,2.201431,-24.222905,0
2025-10-21,sz.002534,16.4400000000,16.6900000000,16.3300000000,16.4800000000,16.4400000000,13207128,217673890.5800,2,1.601400,1,0.243300,56.142052,3.400765,2.206788,-24.281841,0
2025-10-22,sz.002534,16.3400000000,16.4300000000,15.9200000000,16.2400000000,16.4800000000,10793508,174727608.9300,2,1.308700,1,-1.456300,55.324449,3.351239,2.174650,-23.928222,0
2025-10-23,sz.002534,16.1500000000,16.5900000000,15.8000000000,16.5200000000,16.2400000000,13906086,226089048.4700,2,1.686100,1,1.724100,56.278319,3.409019,2.212144,-24.340778,0
2025-10-24,sz.002534,16.5000000000,16.7700000000,16.2800000000,16.5300000000,16.5200000000,12631782,208251396.4600,2,1.531600,1,0.060500,56.312386,3.411083,2.213483,-24.355512,0
2025-10-27,sz.002534,16.5600000000,16.7800000000,16.2000000000,16.4700000000,16.5300000000,12555692,207201162.0300,2,1.522400,1,-0.363000,56.107985,3.398702,2.205449,-24.267107,0
2025-10-28,sz.002534,16.4700000000,16.6700000000,16.2600000000,16.3200000000,16.4700000000,12849855,210803977.4400,2,1.558000,1,-0.910700,55.596983,3.367748,2.185362,-24.046095,0
2025-10-29,sz.002534,16.1400000000,17.4400000000,16.0800000000,17.0000000000,16.3200000000,26752156,451973184.7300,2,3.243700,1,4.166700,73.672781,2.665182,2.412718,-27.400235,0
2025-10-30,sz.002534,16.7700000000,16.9800000000,16.3000000000,16.3500000000,17.0000000000,17338829,286547821.9800,2,2.102300,1,-3.823500,70.855881,2.563278,2.320467,-26.352579,0
2025-10-31,sz.002534,16.3500000000,16.5000000000,15.9700000000,16.0200000000,16.3500000000,12622800,204312412.0400,2,1.530500,1,-2.018300,69.425762,2.511543,2.273632,-25.820692,0
2025-11-03,sz.002534,16.8000000000,17.6200000000,16.7400000000,17.3900000000,16.0200000000,39154338,674241299.7300,2,4.747500,1,8.551800,75.362921,2.726325,2.468068,-28.028829,0
2025-11-04,sz.002534,17.4100000000,17.5000000000,16.8000000000,17.1000000000,17.3900000000,23777677,406144178.4000,2,2.883000,1,-1.667600,74.106150,2.680860,2.426910,-27.561413,0
2025-11-05,sz.002534,16.7900000000,17.3800000000,16.6800000000,17.1000000000,17.1000000000,20579761,349700177.8100,2,2.495300,1,0.000000,74.106150,2.680860,2.426910,-27.561413,0
2025-11-06,sz.002534,16.9900000000,18.8100000000,16.8800000000,18.2400000000,17.1000000000,52436123,953595951.4000,2,6.357900,1,6.666700,79.046560,2.859584,2.588704,-29.398840,0
2025-11-07,sz.002534,18.4400000000,18.7700000000,17.9300000000,18.0000000000,18.2400000000,42294273,772934704.1600,2,5.128200,1,-1.315800,78.006474,2.821958,2.554642,-29.012013,0
2025-11-10,sz.002534,18.2800000000,18.3100000000,17.1900000000,17.6800000000,18.0000000000,30576084,535839122.2400,2,3.707400,1,-1.777800,76.619692,2.771790,2.509226,-28.496244,0
2025-11-11,sz.002534,17.6900000000,18.0500000000,17.3200000000,17.5800000000,17.6800000000,22880155,403088529.5700,2,2.774200,1,-0.565600,76.186323,2.756112,2.495034,-28.335066,0
2025-11-12,sz.002534,17.5700000000,17.5700000000,16.4000000000,16.4000000000,17.5800000000,22559016,379161879.7400,2,2.735300,1,-6.712200,71.072565,2.571117,2.327563,-26.433168,0
2025-11-13,sz.002534,16.6200000000,17.4700000000,16.4000000000,17.3200000000,16.4000000000,23894744,407751192.4500,2,2.897200,1,5.609800,75.059563,2.715351,2.458133,-27.916004,0
2025-11-14,sz.002534,17.2000000000,17.6700000000,17.0900000000,17.1500000000,17.3200000000,12798756,221205624.9500,2,1.551900,1,-0.981500,74.322835,2.688699,2.434006,-27.642002,0
2025-11-17,sz.002534,17.0600000000,17.4800000000,16.8200000000,17.1600000000,17.1500000000,11737241,201266288.7100,2,1.423100,1,0.058300,74.366172,2.690267,2.435426,-27.658119,0
2025-11-18,sz.002534,17.1000000000,17.1000000000,16.4900000000,16.5800000000,17.1600000000,11762389,195747781.1300,2,1.426200,1,-3.380000,71.852630,2.599337,2.353109,-26.723288,0
2025-11-19,sz.002534,16.5100000000,16.8000000000,16.1500000000,16.1700000000,16.5800000000,9070014,148565423.2400,2,1.099700,1,-2.472900,70.075816,2.535059,2.294920,-26.062459,0
2025-11-20,sz.002534,16.3000000000,16.3500000000,15.1100000000,15.1900000000,16.1700000000,20110266,312599098.2200,2,2.438400,1,-6.060600,65.828797,2.381419,2.155834,-24.482916,0
2025-11-21,sz.002534,15.0100000000,15.4500000000,14.5800000000,14.8700000000,15.1900000000,14752326,220446651.9900,2,1.788700,1,-2.106600,64.442015,2.331251,2.110418,-23.967147,0
2025-11-24,sz.002534,14.9300000000,15.0600000000,14.6100000000,14.9000000000,14.8700000000,8058100,119673181.0000,2,0.977000,1,0.201700,64.572026,2.335954,2.114676,-24.015500,0
2025-11-25,sz.002534,14.9600000000,15.1100000000,14.8000000000,14.8900000000,14.9000000000,7542734,112860211.0500,2,0.914600,1,-0.067100,64.528689,2.334386,2.113257,-23.999382,0
2025-11-26,sz.002534,14.8700000000,15.0000000000,14.7300000000,14.8200000000,14.8900000000,6705962,99758386.1700,2,0.813100,1,-0.470100,64.225330,2.323412,2.103322,-23.886558,0
2025-11-27,sz.002534,14.7700000000,14.9600000000,14.6700000000,14.7000000000,14.8200000000,6542819,96759960.6600,2,0.793300,1,-0.809700,63.705287,2.304599,2.086291,-23.693144,0
2025-11-28,sz.002534,14.7900000000,15.1000000000,14.7000000000,14.9600000000,14.7000000000,7349900,109693140.0000,2,0.891200,1,1.768700,64.832047,2.345361,2.123192,-24.112207,0
2025-12-01,sz.002534,14.9300000000,15.3600000000,14.9300000000,15.1700000000,14.9600000000,7075752,107342919.3600,2,0.857900,1,1.403700,65.742123,2.378283,2.152996,-24.450680,0
2025-12-02,sz.002534,15.1900000000,15.2200000000,14.8000000000,14.9700000000,15.1700000000,6258500,93520050.0000,2,0.758800,1,-1.318400,64.875384,2.346928,2.124611,-24.128324,0
2025-12-03,sz.002534,15.1700000000,15.7900000000,14.9000000000,15.4400000000,14.9700000000,14053467,217967696.2600,2,1.704000,1,3.139600,66.912220,2.420613,2.191315,-24.885860,0
2025-12-04,sz.002534,15.4000000000,15.5800000000,15.2200000000,15.3700000000,15.4400000000,6309800,97208266.0000,2,0.765100,1,-0.453400,66.608862,2.409639,2.181381,-24.773036,0
2025-12-05,sz.002534,15.4500000000,16.6500000000,15.4500000000,16.2800000000,15.3700000000,19803016,320306971.4900,2,2.401100,1,5.920600,70.552522,2.552304,2.310532,-26.239754,0
2025-12-08,sz.002534,16.5200000000,16.6300000000,16.1000000000,16.4700000000,16.2800000000,11656576,190925734.4700,2,1.413400,1,1.167100,71.375924,2.582092,2.337498,-26.545992,0
2025-12-09,sz.002534,16.4200000000,16.5800000000,16.1600000000,16.3000000000,16.4700000000,7780683,127207599.9000,2,0.943400,1,-1.032200,70.639196,2.555440,2.313370,-26.271990,0
2025-12-10,sz.002534,16.4200000000,16.5400000000,15.6900000000,15.9900000000,16.3000000000,8966700,142980360.0000,2,1.087200,1,-1.901800,69.295751,2.506839,2.269374,-25.772339,0
2025-12-11,sz.002534,16.2500000000,16.8000000000,15.9000000000,15.9300000000,15.9900000000,13436385,218675039.4900,2,1.629200,1,-0.375200,69.035730,2.497433,2.260858,-25.675632,0
2025-12-12,sz.002534,16.2800000000,17.2600000000,16.0500000000,17.0500000000,15.9300000000,25552864,427443142.3700,2,3.098300,1,7.030800,73.889466,2.673021,2.419814,-27.480824,0
2025-12-15,sz.002534,17.0500000000,17.4700000000,16.8700000000,17.0800000000,17.0500000000,17992769,309189419.7000,2,2.181600,1,0.176000,74.019477,2.677725,2.424072,-27.529177,0
2025-12-16,sz.002534,16.9900000000,17.0100000000,16.1000000000,16.3000000000,17.0800000000,14789800,242583538.0000,2,1.793300,1,-4.566700,70.639196,2.555440,2.313370,-26.271990,0
2025-12-17,sz.002534,16.1700000000,17.0700000000,16.0100000000,16.9900000000,16.3000000000,16631425,277740009.5900,2,2.016600,1,4.233100,73.629444,2.663615,2.411298,-27.384117,0
2025-12-18,sz.002534,16.8100000000,16.8800000000,16.2300000000,16.2500000000,16.9900000000,12128985,199457235.2300,2,1.470600,1,-4.355500,70.422511,2.547601,2.306274,-26.191401,0
2025-12-19,sz.002534,16.5800000000,17.2600000000,16.5300000000,17.1100000000,16.2500000000,21392708,362618022.6800,2,2.593900,1,5.292300,74.149487,2.682428,2.428329,-27.577531,0
2025-12-22,sz.002534,17.2100000000,17.4700000000,16.7700000000,17.3600000000,17.1100000000,15785407,270840636.3200,2,1.914000,1,1.461100,75.232911,2.721622,2.463810,-27.980475,0
2025-12-23,sz.002534,17.3000000000,17.9600000000,16.9400000000,17.0300000000,17.3600000000,19551546,338017136.5200,2,2.370600,1,-1.900900,73.802792,2.669886,2.416975,-27.448588,0
2025-12-24,sz.002534,17.2900000000,17.5000000000,17.0200000000,17.3300000000,17.0300000000,17991900,310567119.8500,2,2.181500,1,1.761600,75.102900,2.716918,2.459553,-27.932122,0
2025-12-25,sz.002534,17.6800000000,17.8000000000,17.1100000000,17.5500000000,17.3300000000,18296398,320474248.2800,2,2.218400,1,1.269500,76.056312,2.751409,2.490776,-28.286713,0
2025-12-26,sz.002534,17.4800000000,18.0800000000,17.3800000000,17.8000000000,17.5500000000,16195050,288047828.0000,2,1.963700,1,1.424500,77.139736,2.790603,2.526257,-28.689658,0
2025-12-29,sz.002534,17.4500000000,17.9200000000,17.2000000000,17.2300000000,17.8000000000,14056320,245436887.6600,2,1.704300,1,-3.202200,74.669531,2.701241,2.445360,-27.770944,0
2025-12-30,sz.002534,17.1700000000,17.4300000000,17.0500000000,17.1400000000,17.2300000000,10324274,177816128.0900,2,1.251800,1,-0.522300,74.279498,2.687131,2.432587,-27.625884,0
2025-12-31,sz.002534,17.2000000000,17.2500000000,16.6000000000,16.7700000000,17.1400000000,13104606,220170321.7800,2,1.588900,1,-2.158700,72.676032,2.629124,2.380075,-27.029526,0
2026-01-05,sz.002534,16.9100000000,17.1400000000,16.5700000000,16.7000000000,16.7700000000,11595477,194765025.9700,2,1.406000,1,-0.417400,72.372673,2.618150,2.370140,-26.916701,0
2026-01-06,sz.002534,16.8700000000,16.8900000000,16.3300000000,16.4700000000,16.7000000000,15899871,262727536.9900,2,1.927900,1,-1.377200,71.375924,2.582092,2.337498,-26.545992,0
2026-01-07,sz.002534,16.4600000000,17.0100000000,16.3800000000,16.8000000000,16.4700000000,13340517,223885394.9600,2,1.617500,1,2.003600,72.806043,2.633827,2.384333,-27.077879,0
2026-01-08,sz.002534,16.8000000000,17.3700000000,16.6800000000,16.8700000000,16.8000000000,14634244,249092876.2800,2,1.774400,1,0.416700,73.109401,2.644802,2.394267,-27.190704,0
2026-01-09,sz.002534,16.8700000000,16.9900000000,16.4200000000,16.6000000000,16.8700000000,25257265,420678791.5000,2,3.062400,1,-1.600500,71.939304,2.602472,2.355948,-26.755523,0
2026-01-12,sz.002534,16.6500000000,16.9400000000,16.1500000000,16.7700000000,16.6000000000,20812029,344698821.3100,2,2.523500,1,1.024100,72.676032,2.629124,2.380075,-27.029526,0
2026-01-13,sz.002534,16.7100000000,16.7800000000,16.1600000000,16.3500000000,16.7700000000,19015903,311760889.7300,2,2.305700,1,-2.504500,70.855881,2.563278,2.320467,-26.352579,0
2026-01-14,sz.002534,16.5100000000,17.7000000000,16.2700000000,17.6000000000,16.3500000000,41572538,715296470.3500,2,5.040700,1,7.645300,76.272997,2.759248,2.497872,-28.367302,0
2026-01-15,sz.002534,17.8000000000,18.4000000000,17.4400000000,17.6900000000,17.6000000000,26793901,475302241.6700,2,3.248800,1,0.511400,76.663029,2.773358,2.510646,-28.512362,0
2026-01-16,sz.002534,17.7200000000,18.0200000000,17.4800000000,17.6000000000,17.6900000000,22372236,396259427.9100,2,2.712600,1,-0.508800,76.272997,2.759248,2.497872,-28.367302,0
2026-01-19,sz.002534,17.4900000000,18.8500000000,17.4900000000,18.4400000000,17.6000000000,24818533,454657233.9300,2,3.009200,1,4.772700,79.913299,2.890939,2.617089,-29.721196,0
2026-01-20,sz.002534,18.5200000000,18.5200000000,17.5000000000,17.6800000000,18.4400000000,22042035,391939078.4700,2,2.672600,1,-4.121500,76.619692,2.771790,2.509226,-28.496244,0
2026-01-21,sz.002534,17.5400000000,18.0400000000,17.3900000000,17.7300000000,17.6800000000,13754570,243763371.8700,2,1.667700,1,0.282800,76.836377,2.779629,2.516323,-28.576833,0
2026-01-22,sz.002534,17.7300000000,18.2000000000,17.6000000000,18.1400000000,17.7300000000,15834820,285122475.1800,2,1.920000,1,2.312500,78.613191,2.843907,2.574512,-29.237662,0
2026-01-23,sz.002534,18.1200000000,19.3900000000,17.9100000000,18.9400000000,18.1400000000,28665736,536325539.6100,2,3.475700,1,4.410100,82.080146,2.969327,2.688051,-30.527085,0
2026-01-26,sz.002534,19.8800000000,20.2500000000,18.6300000000,18.8700000000,18.9400000000,33648375,651335526.4900,2,4.079900,1,-0.369600,81.776787,2.958353,2.678117,-30.414261,0
2026-01-27,sz.002534,18.6000000000,18.7300000000,17.4500000000,18.0500000000,18.8700000000,28809437,516876092.3500,2,3.493100,1,-4.345500,78.223159,2.829797,2.561738,-29.092602,0
2026-01-28,sz.002534,17.9300000000,18.3500000000,17.4400000000,18.2400000000,18.0500000000,21148961,378492448.7200,2,2.564300,1,1.052600,79.046560,2.859584,2.588704,-29.398840,0
2026-01-29,sz.002534,17.9600000000,18.2000000000,17.4100000000,17.5300000000,18.2400000000,17628066,311615736.7000,2,2.137400,1,-3.892500,75.969638,2.748273,2.487938,-28.254478,0
2026-01-30,sz.002534,17.4300000000,17.5600000000,16.8800000000,17.0400000000,17.5300000000,15581960,266880178.9800,2,1.889300,1,-2.795200,73.846129,2.671454,2.418395,-27.464706,0
2026-02-02,sz.002534,17.3500000000,17.6000000000,16.9800000000,16.9800000000,17.0400000000,12882116,223025819.0300,2,1.562000,1,-0.352100,73.586107,2.662047,2.409879,-27.367999,0
2026-02-03,sz.002534,17.1900000000,17.9300000000,17.1600000000,17.8800000000,16.9800000000,17129329,302283297.8100,2,2.076900,1,5.300400,77.486431,2.803145,2.537611,-28.818600,0
2026-02-04,sz.002534,17.8300000000,18.9500000000,17.7700000000,18.7000000000,17.8800000000,27777521,513780828.3300,2,3.368000,1,4.586100,81.040059,2.931701,2.653989,-30.140258,0
2026-02-05,sz.002534,18.5100000000,18.8500000000,17.7300000000,17.8600000000,18.7000000000,18253552,329821158.5100,2,2.213200,1,-4.492000,77.399757,2.800009,2.534773,-28.786364,0
2026-02-06,sz.002534,17.5400000000,18.0700000000,17.4000000000,17.7600000000,17.8600000000,12268244,218216997.0700,2,1.487500,1,-0.559900,76.966388,2.784332,2.520580,-28.625187,0
2026-02-09,sz.002534,18.0500000000,19.5400000000,18.0000000000,19.5400000000,17.7600000000,21520346,412061238.5400,2,2.609300,1,10.022500,84.680361,3.063392,2.773206,-31.494152,0
2026-02-10,sz.002534,19.8900000000,20.1200000000,19.3100000000,19.6800000000,19.5400000000,41927056,824278661.0100,2,5.083700,1,0.716500,85.287078,3.085341,2.793075,-31.719801,0
2026-02-11,sz.002534,19.6400000000,19.6900000000,19.0400000000,19.0900000000,19.6800000000,24408822,471050691.0200,2,2.959600,1,-2.998000,82.730200,2.992843,2.709340,-30.768852,0
2026-02-12,sz.002534,19.2400000000,20.3000000000,19.0500000000,19.6800000000,19.0900000000,29874309,586829712.5100,2,3.622300,1,3.090600,85.287078,3.085341,2.793075,-31.719801,0
2026-02-13,sz.002534,19.3000000000,19.3800000000,18.8600000000,18.8600000000,19.6800000000,17995690,342867879.0800,2,2.182000,1,-4.166700,81.733450,2.956785,2.676697,-30.398143,0
2026-02-24,sz.002534,19.2400000000,19.5000000000,18.9000000000,19.2900000000,18.8600000000,15204793,292904391.2100,2,1.843600,1,2.280000,83.596938,3.024198,2.737725,-31.091208,0
2026-02-25,sz.002534,19.2700000000,19.4000000000,19.0100000000,19.0700000000,19.2900000000,15072907,289145216.9900,2,1.827600,1,-1.140500,82.643526,2.989708,2.706501,-30.736616,0
2026-02-26,sz.002534,19.1600000000,20.6900000000,18.7800000000,20.4500000000,19.0700000000,36294023,725990201.1100,2,4.400700,1,7.236500,88.624022,3.206058,2.902357,-32.960871,0
2026-02-27,sz.002534,20.2100000000,21.0700000000,20.1100000000,20.9200000000,20.4500000000,26796804,554876065.2600,2,3.249100,1,2.298300,90.660858,3.279742,2.969062,-33.718407,0
2026-03-02,sz.002534,20.3000000000,21.3200000000,20.2200000000,20.7800000000,20.9200000000,25753485,538971583.1300,2,3.122600,1,-0.669200,90.054141,3.257794,2.949192,-33.492758,0
2026-03-03,sz.002534,20.7800000000,21.1100000000,19.0700000000,19.1400000000,20.7800000000,26591600,522118086.1000,2,3.224200,1,-7.892200,82.946884,3.000682,2.716436,-30.849441,0
2026-03-04,sz.002534,18.9500000000,20.2800000000,18.9300000000,19.5800000000,19.1400000000,23184899,456621590.4900,2,2.811200,1,2.298900,84.853709,3.069663,2.778883,-31.558623,0
2026-03-05,sz.002534,20.0200000000,20.1600000000,19.6000000000,19.8000000000,19.5800000000,18844934,374239715.9300,2,2.284900,1,1.123600,85.807122,3.104154,2.810106,-31.913215,0
2026-03-06,sz.002534,19.7300000000,20.5200000000,19.5300000000,19.8100000000,19.8000000000,21461150,430318902.5800,2,2.602200,1,0.050500,85.850458,3.105721,2.811526,-31.929333,0
2026-03-09,sz.002534,19.4000000000,20.1500000000,18.8600000000,19.9400000000,19.8100000000,26324090,516447494.3600,2,3.191800,1,0.656200,86.413839,3.126102,2.829976,-32.138864,0
2026-03-10,sz.002534,20.0800000000,20.5400000000,19.6500000000,20.2800000000,19.9400000000,34601196,700979737.7000,2,4.195400,1,1.705100,87.887294,3.179406,2.878230,-32.686868,0
2026-03-11,sz.002534,20.0600000000,20.4800000000,19.7100000000,19.8700000000,20.2800000000,29459952,590531569.5300,2,3.572000,1,-2.021700,86.110480,3.115128,2.820041,-32.026039,0
2026-03-12,sz.002534,19.8800000000,19.8800000000,19.0300000000,19.2300000000,19.8700000000,27419993,531398861.5900,2,3.324700,1,-3.220900,83.336917,3.014792,2.729209,-30.994501,0
2026-03-13,sz.002534,19.1000000000,19.3400000000,18.5400000000,18.9100000000,19.2300000000,17046111,323249547.6800,2,2.066800,1,-1.664100,81.950135,2.964624,2.683794,-30.478732,0
2026-03-16,sz.002534,18.9000000000,18.9700000000,18.1300000000,18.5000000000,18.9100000000,16578447,304401314.0700,2,2.010100,1,-2.168200,80.173321,2.900346,2.625604,-29.817903,0
2026-03-17,sz.002534,18.6400000000,18.6400000000,17.3500000000,17.4200000000,18.5000000000,19858743,354428521.4600,2,2.407900,1,-5.837800,75.492932,2.731028,2.472326,-28.077182,0
2026-03-18,sz.002534,17.4300000000,17.7300000000,17.3500000000,17.6300000000,17.4200000000,11233355,196807467.6500,2,1.362000,1,1.205500,76.403008,2.763951,2.502130,-28.415655,0
