date,code,open,high,low,close,preclose,volume,amount,adjustflag,turn,tradestatus,pctChg,peTTM,pbMRQ,psTTM,pcfNcfTTM,isST
2023-06-26,sz.300378,32.9922638000,33.7641284000,30.2808420000,31.0922894000,33.8136069000,44136712,1428281034.8100,2,16.487700,1,-8.048000,60.466427,4.600815,4.171696,37.818159,0
2023-06-27,sz.300378,31.5474916000,31.8443626000,29.6079344000,29.7959527000,31.0922894000,35238767,1083172997.2600,2,13.163800,1,-4.169300,57.945389,4.408992,3.997765,36.241399,0
2023-06-28,sz.300378,29.7959527000,30.3303205000,27.4209847000,28.6480515000,29.7959527000,36007614,1036266797.2000,2,13.451000,1,-3.852500,55.713019,4.239134,3.843749,34.845184,0
2023-06-29,sz.300378,28.3610762000,34.3776618000,28.3610762000,34.3776618000,28.6480515000,42646079,1333924143.7000,2,15.930800,1,20.000000,66.855623,5.086960,4.612499,41.814221,0
2023-06-30,sz.300378,33.3485090000,34.9318210000,32.3490433000,33.8927725000,34.3776618000,58588297,1993474347.7800,2,21.901900,1,-1.410500,65.922431,5.015955,4.548116,41.230565,0
2023-07-03,sz.300378,34.4172446000,35.8224340000,31.9631110000,35.2286920000,33.8927725000,51960019,1791851151.2000,2,19.407200,1,3.941600,68.520834,5.213664,4.727385,42.855712,0
2023-07-04,sz.300378,34.2292263000,34.6547414000,32.6657057000,33.9719381000,35.2286920000,41819454,1425224255.8000,2,15.619700,1,-3.567400,66.076411,5.027671,4.558740,41.326870,0
2023-07-05,sz.300378,33.9422510000,36.0698265000,32.3193562000,32.7646627000,33.9719381000,46661037,1603565559.0400,2,17.428100,1,-3.553700,63.728225,4.849001,4.396734,39.858220,0
2023-07-06,sz.300378,32.6558100000,33.1209079000,31.1417679000,32.1115465000,32.7646627000,33590043,1092346765.5800,2,12.546000,1,-1.993400,62.457895,4.752343,4.309091,39.063704,0
2023-07-07,sz.300378,32.3597054000,33.3424081100,30.6027520700,32.5085997500,32.1115481500,31075025,1003740009.8800,2,11.606600,1,1.236500,63.035318,4.796278,4.348929,39.424847,0
2023-07-10,sz.300378,31.7740542900,32.0916955700,30.3148896600,30.7317938400,32.5085997500,26643290,833206690.8600,2,9.951400,1,-5.465600,59.590029,4.534130,4.111232,37.270023,0
2023-07-11,sz.300378,30.4836365900,31.1685506000,30.1064375700,30.4340051400,30.7317938400,16925070,522015417.2400,2,6.321600,1,-0.969000,59.012606,4.490195,4.071394,36.908880,0
2023-07-12,sz.300378,30.5729732000,30.7020149700,28.5083048800,28.5083048800,30.4340051400,26728486,788729423.8300,2,9.983200,1,-6.327500,55.278605,4.206080,3.813778,34.573484,0
2023-07-13,sz.300378,28.9351353500,30.1759216000,28.3594105300,29.8880591900,28.5083048800,24592791,725813485.1000,2,9.185500,1,4.839800,57.953997,4.409647,3.998359,36.246783,0
2023-07-14,sz.300378,29.9575432200,35.1092877300,29.8880591900,33.9975432500,29.8880591900,47020160,1553372818.0900,2,17.562200,1,13.749600,65.922431,5.015955,4.548116,41.230565,0
2023-07-17,sz.300378,34.0769535700,35.3177398200,32.9155776400,34.0670272800,33.9975432500,29422428,1016707412.9800,2,10.989400,1,0.204400,66.057163,5.026207,4.557412,41.314832,0
2023-07-18,sz.300378,34.0471747000,35.2184769200,32.9652090900,33.7791648700,34.0670272800,25870241,893827053.5500,2,9.662600,1,-0.845000,65.498988,4.983736,4.518902,40.965727,0
2023-07-19,sz.300378,36.8563147700,37.7199020000,34.3945948500,35.6353811000,33.7791648700,46464115,1689197771.9000,2,17.354500,1,5.495200,69.098257,5.257600,4.767223,43.216855,0
2023-07-20,sz.300378,34.3052582400,35.6056022300,31.3670764000,31.5258970400,35.6353811000,46219844,1555756146.1500,2,17.263300,1,-11.532000,61.129823,4.651291,4.217465,38.233073,0
2023-07-21,sz.300378,30.7814252900,32.0519904100,30.3049633700,30.6722361000,31.5258970400,23670755,739147862.1200,2,8.841100,1,-2.707800,59.474544,4.525343,4.103264,37.197795,0
2023-07-24,sz.300378,30.7714990000,32.9552828000,30.1064375700,30.8509093200,30.6722361000,21351620,676229629.4900,2,7.974900,1,0.582500,59.820998,4.551705,4.127167,37.414481,0
2023-07-25,sz.300378,31.7542017100,32.0619167000,29.6895333900,30.2751845000,30.8509093200,26709791,830281574.1600,2,9.976200,1,-1.866200,58.704647,4.466763,4.050147,36.716270,0
2023-07-26,sz.300378,29.9376906400,30.1759216000,28.5083048800,29.1336611500,30.2751845000,22038553,646488849.4800,2,8.231500,1,-3.770500,56.491193,4.298344,3.897437,35.331886,0
2023-07-27,sz.300378,29.0840297000,29.6498282300,28.2800002100,28.5480100400,29.1336611500,15393651,447507382.5700,2,5.754600,1,-2.010200,55.355595,4.211938,3.819090,34.621637,0
2023-07-28,sz.300378,28.1410321500,28.5380837500,26.8009830000,27.2972975000,28.5480100400,20119233,556315539.4100,2,7.521100,1,-4.381100,54.752938,3.816315,3.551160,23.849266,0
2023-07-31,sz.300378,26.8208355800,27.1781820200,26.2153318900,26.4237839800,27.2972975000,18695771,501437083.5800,2,6.989000,1,-3.200000,53.000844,3.694193,3.437522,23.086090,0
2023-08-01,sz.300378,26.6917938100,28.9847668000,25.8182802900,28.0516955400,26.4237839800,33565498,928904426.6200,2,12.547700,1,6.160800,56.266110,3.921784,3.649301,24.508373,0
2023-08-02,sz.300378,27.7936120000,28.4288945600,27.3072237900,27.7936120000,28.0516955400,17864653,502671464.0900,2,6.678300,1,-0.920000,55.748446,3.885703,3.615726,24.282889,0
2023-08-03,sz.300378,27.6546439400,28.7862410000,27.4461918500,27.7241279700,27.7936120000,15410162,435557322.6100,2,5.760700,1,-0.250000,55.609075,3.875989,3.606687,24.222182,0
2023-08-04,sz.300378,27.5950862000,29.0443245400,27.4263392700,28.7465358400,27.7241279700,20200192,577193917.7800,2,7.551400,1,3.687800,57.659822,4.018927,3.739694,25.115445,0
2023-08-07,sz.300378,28.7564621300,29.6597545200,28.7266832600,28.8557250300,28.7465358400,16315270,478118815.0700,2,6.099100,1,0.379800,57.878833,4.034192,3.753898,25.210842,0
2023-08-08,sz.300378,28.7862410000,29.1634400200,27.8134645800,27.9722852200,28.8557250300,12682761,363389714.5300,2,4.741200,1,-3.061600,56.106829,3.910682,3.638970,24.438994,0
2023-08-09,sz.300378,27.7142016800,28.4388208500,27.4164129800,27.5553810400,27.9722852200,8592653,241312722.6700,2,3.212200,1,-1.490400,55.270603,3.852397,3.584734,24.074750,0
2023-08-10,sz.300378,27.3072237900,27.8630960300,27.0689928300,27.2972975000,27.5553810400,7506528,207053384.4400,2,2.806100,1,-0.936600,54.752938,3.816315,3.551160,23.849266,0
2023-08-11,sz.300378,27.2873712100,27.6248650700,26.6620149400,26.7017201000,27.2972975000,8187802,223387396.1000,2,3.060800,1,-2.181800,53.558329,3.733050,3.473680,23.328919,0
2023-08-14,sz.300378,26.3046685000,28.7366095500,26.2054056000,28.3097790800,26.7017201000,14986266,417690684.3600,2,5.602300,1,6.022300,56.783775,3.957866,3.682875,24.733857,0
2023-08-15,sz.300378,28.5877152000,28.7366095500,27.3568552400,27.9623589300,28.3097790800,11994729,337941279.4800,2,4.484000,1,-1.227200,56.086919,3.909295,3.637679,24.430321,0
2023-08-16,sz.300378,27.8928749000,27.9623589300,26.9101721900,26.9796562200,27.9623589300,8702800,239433313.5900,2,3.253300,1,-3.514400,54.115813,3.771907,3.509837,23.571747,0
2023-08-17,sz.300378,26.8307618700,27.8730223200,26.7414252600,27.1384768600,26.9796562200,11894599,325634623.2800,2,4.446500,1,0.588700,54.434376,3.794111,3.530498,23.710507,0
2023-08-18,sz.300378,26.7712041300,27.1980346000,25.8480591600,25.8579854500,27.1384768600,11552229,306877719.4000,2,4.318500,1,-4.718400,51.865965,3.615091,3.363917,22.591759,0
2023-08-21,sz.300378,26.0565112500,26.6123834900,25.5999019100,25.6693859400,25.8579854500,9142739,240035189.9600,2,3.417800,1,-0.729400,51.487672,3.588724,3.339381,22.426983,0
2023-08-22,sz.300378,26.3145947900,26.7612778400,25.6197544900,26.7314989700,25.6693859400,11111517,292882610.1600,2,4.153800,1,4.137700,53.618059,3.737213,3.477554,23.354936,0
2023-08-23,sz.300378,26.3642262400,26.5329731700,25.5701230400,25.6892385200,26.7314989700,8330307,218534581.8800,2,3.114100,1,-3.899000,51.527493,3.591500,3.341964,22.444328,0
2023-08-24,sz.300378,26.2054056000,26.7017201000,25.3914498200,25.8778380300,25.6892385200,10412284,272506353.0000,2,3.892400,1,0.734200,51.905786,3.617867,3.366499,22.609104,0
2023-08-25,sz.300378,25.1631451500,25.5601967500,24.1109584100,24.2896316300,25.8778380300,17642949,438153054.4400,2,6.595400,1,-6.137300,48.720160,3.395827,3.159886,21.221511,0
2023-08-28,sz.300378,25.7984277100,25.8083540000,24.0017692200,24.0116955100,24.2896316300,13062531,324647247.9000,2,4.883100,1,-1.144300,48.162676,3.356970,3.123729,20.978682,0
2023-08-29,sz.300378,24.1109584100,25.5800493300,24.1109584100,25.4113024000,24.0116955100,16381051,413743973.4400,2,6.123700,1,5.828900,50.970008,3.552643,3.305807,22.201499,0
2023-08-30,sz.300378,25.4311549800,26.5826046200,25.2723343400,26.2054056000,25.4113024000,14533681,379659937.1100,2,5.433100,1,3.125000,52.562821,3.663663,3.409113,22.895296,0
2023-08-31,sz.300378,26.3046685000,27.3965604000,26.0366586700,26.6322360700,26.2054056000,16275920,438102900.9200,2,6.084400,1,1.628800,53.418958,3.723336,3.464640,23.268211,0
2023-09-01,sz.300378,26.4237839800,26.6322360700,25.7587225500,26.1458478600,26.6322360700,10549167,277771888.3200,2,3.943600,1,-1.826300,52.443360,3.655336,3.401365,22.843261,0
2023-09-04,sz.300378,26.2351844700,26.3642262400,25.6098282000,25.9572483500,26.1458478600,9246844,240773101.1000,2,3.456700,1,-0.721300,52.065067,3.628969,3.376830,22.678484,0
2023-09-05,sz.300378,25.9175431900,26.0068798000,25.2723343400,25.4212286900,25.9572483500,9802519,252342460.6400,2,3.664400,1,-2.065000,50.989918,3.554030,3.307098,22.210171,0
2023-09-06,sz.300378,25.2624080500,25.4113024000,24.7263883900,25.2921869200,25.4212286900,8114809,205651831.8200,2,3.033500,1,-0.507600,50.731086,3.535990,3.290311,22.097429,0
2023-09-07,sz.300378,25.4708601400,25.4907127200,24.5179363000,24.6271254900,25.2921869200,8832168,220296770.3500,2,3.301700,1,-2.629500,49.397105,3.443010,3.203792,21.516374,0
2023-09-08,sz.300378,24.4484522700,25.0142508000,24.0315480900,24.5973466200,24.6271254900,9536806,235661552.7200,2,3.565100,1,-0.120900,49.337375,3.438847,3.199918,21.490357,0
2023-09-11,sz.300378,24.6171992000,25.4807864300,24.2400001800,25.2028503100,24.5973466200,9205225,230992039.1100,2,3.441200,1,2.461700,50.551895,3.523500,3.278689,22.019377,0
2023-09-12,sz.300378,25.1432925700,26.4237839800,25.0440296700,25.8480591600,25.2028503100,14775824,383310902.3200,2,5.523600,1,2.560100,51.846055,3.613704,3.362625,22.583087,0
2023-09-13,sz.300378,25.6098282000,25.7785751300,23.9719903500,24.4285996900,25.8480591600,17051510,420441123.6800,2,6.374300,1,-5.491600,48.998902,3.415255,3.177965,21.342925,0
2023-09-14,sz.300378,24.5973466200,25.0341033800,24.0712532500,24.4583785600,24.4285996900,13587011,336682966.8000,2,5.079200,1,0.121900,49.058633,3.419419,3.181839,21.368943,0
2023-09-15,sz.300378,24.3094842100,25.0440296700,23.6344964900,23.9521377700,24.4583785600,11706569,283196453.5700,2,4.376200,1,-2.069800,48.043215,3.348643,3.115981,20.926647,0
2023-09-18,sz.300378,23.8628011600,24.6569043600,23.4260444000,24.0514006700,23.9521377700,9809480,238137321.0200,2,3.667000,1,0.414400,48.242316,3.362521,3.128894,21.013372,0
2023-09-19,sz.300378,23.9819166400,23.9918429300,23.1778871500,23.2771500500,24.0514006700,7984925,188565657.7000,2,2.985000,1,-3.219100,46.689324,3.254276,3.028171,20.336920,0
2023-09-20,sz.300378,23.4458969800,23.9025063200,23.2374448900,23.4558232700,23.2771500500,9174345,217900947.3100,2,3.429600,1,0.767600,47.047707,3.279256,3.051415,20.493024,0
2023-09-21,sz.300378,23.4756758500,23.6742016500,22.9297299000,23.0289928000,23.4558232700,9158510,214690937.1700,2,3.423700,1,-1.819700,46.191570,3.219582,2.995887,20.120108,0
2023-09-22,sz.300378,23.0289928000,24.4484522700,22.9198036100,24.3491893700,23.0289928000,14701786,355091427.2900,2,5.495900,1,5.732800,48.839621,3.404153,3.167634,21.273545,0
2023-09-25,sz.300378,25.8182802900,25.8182802900,24.1903687300,25.4708601400,24.3491893700,35199767,890738815.7000,2,13.158600,1,4.606600,51.089469,3.560969,3.313555,22.253533,0
2023-09-26,sz.300378,25.2326291800,26.6024572000,24.9149879000,26.3046685000,25.4708601400,44572584,1163594502.9600,2,16.662400,1,3.273600,52.761922,3.677540,3.422026,22.982020,0
2023-09-27,sz.300378,25.7984277100,26.0862901200,25.2227028900,25.2524817600,26.3046685000,32173263,829262274.1700,2,12.027200,1,-4.000000,50.651446,3.530439,3.285145,22.062739,0
2023-09-28,sz.300378,25.4113024000,25.6098282000,24.5377888800,24.6072729100,25.2524817600,23381076,586349632.6500,2,8.740500,1,-2.555000,49.357285,3.440235,3.201209,21.499029,0
2023-10-09,sz.300378,24.1705161500,24.3591156600,23.6940542300,23.7734645500,24.6072729100,15231057,366797093.0600,2,5.693800,1,-3.388500,47.684832,3.323664,3.092737,20.770543,0
2023-10-10,sz.300378,23.9918429300,25.4807864300,23.9719903500,25.2227028900,23.7734645500,27060910,677191327.3800,2,10.116100,1,6.096000,50.591715,3.526275,3.281271,22.036722,0
2023-10-11,sz.300378,25.1234399900,25.1929240200,24.3194105000,24.4881574300,25.2227028900,16633547,412941046.0900,2,6.218100,1,-2.912200,49.118363,3.423582,3.185713,21.394960,0
2023-10-12,sz.300378,24.6966095200,24.7859461300,23.8925800300,23.9819166400,24.4881574300,13025485,318021935.2700,2,4.869300,1,-2.067300,48.102945,3.352806,3.119855,20.952664,0
2023-10-13,sz.300378,23.9322851900,23.9422114800,23.1878134400,23.2970026300,23.9819166400,11795274,278650526.2000,2,4.409400,1,-2.856000,46.729144,3.257052,3.030753,20.354265,0
2023-10-16,sz.300378,23.2473711800,23.2473711800,22.2448158900,22.5426045900,23.2970026300,12368880,281487934.2400,2,4.623800,1,-3.238200,45.215972,3.151583,2.932612,19.695158,0
2023-10-17,sz.300378,22.5326783000,22.7014252300,22.0760689600,22.4532679800,22.5426045900,8161002,183922893.4200,2,3.050800,1,-0.396300,45.036781,3.139093,2.920990,19.617106,0
2023-10-18,sz.300378,22.2448158900,22.3341525000,21.5301230100,21.9668797700,22.4532679800,9199851,202966016.3600,2,3.439200,1,-2.166200,44.061183,3.071093,2.857715,19.192155,0
2023-10-19,sz.300378,21.9569534800,22.6418674900,21.8179854200,21.9768060600,21.9668797700,9702814,217533026.5600,2,3.627200,1,0.045200,44.081093,3.072481,2.859006,19.200827,0
2023-10-20,sz.300378,21.7882065500,22.1356267000,21.2422606000,21.2918920500,21.9768060600,7607256,165487887.3700,2,2.843800,1,-3.116500,42.707292,2.976726,2.769904,18.602428,0
2023-10-23,sz.300378,19.3562655000,19.8228011300,18.4430468200,18.7606881000,21.2918920500,22356070,425933078.0100,2,8.357300,1,-11.888100,37.630201,2.622849,2.440615,16.390950,0
2023-10-24,sz.300378,19.0485505100,19.6639804900,18.8996561600,19.3066340500,18.7606881000,15070297,292409093.0200,2,5.633700,1,2.910100,38.725260,2.699176,2.511638,16.867936,0
2023-10-25,sz.300378,19.4555284000,19.9518429000,19.3463392100,19.6242753300,19.3066340500,10846100,214587796.0000,2,4.054600,1,1.645200,39.362385,2.743584,2.552961,17.145454,0
2023-10-26,sz.300378,19.4058969500,19.7731696800,19.3165603400,19.6342016200,19.6242753300,9882166,194660757.1200,2,3.694200,1,0.050600,39.382295,2.744972,2.554252,17.154127,0
2023-10-27,sz.300378,19.7830959700,19.8327274200,19.1378871200,19.5250124300,19.6342016200,9964567,194924716.1600,2,3.724800,1,-0.556100,39.301990,2.728587,2.485988,262.532929,0
2023-10-30,sz.300378,19.5250124300,19.9022114500,19.4158232400,19.8128748400,19.5250124300,11341901,224753452.4500,2,4.239700,1,1.474300,39.881430,2.768815,2.522639,266.403521,0
2023-10-31,sz.300378,19.8228011300,19.9220640300,19.3364129200,19.5150861400,19.8128748400,9452396,186380301.4400,2,3.533400,1,-1.503000,39.282010,2.727200,2.484724,262.399460,0
2023-11-01,sz.300378,19.5547913000,19.8823588700,19.3959706600,19.4257495300,19.5150861400,6924257,136799648.0500,2,2.588300,1,-0.457800,39.102184,2.714715,2.473349,261.198242,0
2023-11-02,sz.300378,19.5051598500,19.7334645200,19.3562655000,19.6044227500,19.4257495300,9377256,185120916.1100,2,3.505300,1,0.919800,39.461836,2.739685,2.496098,263.600679,0
2023-11-03,sz.300378,19.7036856500,23.3267815000,19.6838330700,22.7312041000,19.6044227500,39985063,874269581.5900,2,14.946700,1,15.949400,45.755749,3.176647,2.894210,305.643319,0
2023-11-06,sz.300378,21.8477642900,22.6517937800,21.6393122000,22.5326783000,22.7312041000,34227870,766270814.0100,2,12.794600,1,-0.873400,45.356135,3.148903,2.868933,302.973945,0
2023-11-07,sz.300378,22.3142999200,22.5823097500,21.9966586400,22.3837839500,22.5326783000,20870174,468564896.0700,2,7.801400,1,-0.660800,45.056425,3.128096,2.849976,300.971914,0
2023-11-08,sz.300378,22.5624571700,23.3664866600,22.3341525000,22.9098773200,22.3837839500,28282976,651724439.2000,2,10.572300,1,2.350300,46.115401,3.201616,2.916960,308.045755,0
2023-11-09,sz.300378,22.8999510300,23.5153810100,22.6914989400,23.1481082800,22.9098773200,21299439,494944234.3200,2,7.961900,1,1.039900,46.594937,3.234909,2.947292,311.249004,0
2023-11-10,sz.300378,22.8304670000,23.0488453800,22.2448158900,22.3242262100,23.1481082800,14597160,332142401.0700,2,5.456500,1,-3.559200,44.936541,3.119772,2.842393,300.171102,0
2023-11-13,sz.300378,22.8304670000,23.5153810100,22.6120886200,23.2076660200,22.3242262100,17796308,414921331.5400,2,6.652400,1,3.957300,46.714821,3.243232,2.954875,312.049816,0
2023-11-14,sz.300378,23.6841279400,23.8032434200,23.0289928000,23.3267815000,23.2076660200,15909846,373083413.3500,2,5.947200,1,0.513300,46.954589,3.259878,2.970041,313.651441,0
2023-11-15,sz.300378,23.5352335900,24.3988208200,23.5253073000,24.2102213100,23.3267815000,27703448,670521465.9700,2,10.355700,1,3.787200,48.732870,3.383337,3.082524,325.530155,0
2023-11-16,sz.300378,23.7833908400,23.9819166400,23.4061918200,23.4359706900,24.2102213100,15958969,380806961.4900,2,5.965600,1,-3.198000,47.174377,3.275137,2.983944,315.119596,0
2023-11-17,sz.300378,23.5253073000,23.5352335900,22.8304670000,23.1580345700,23.4359706900,14467617,337193689.4400,2,5.408100,1,-1.185900,46.614918,3.236296,2.948556,311.382473,0
2023-11-20,sz.300378,23.1580345700,23.7436856800,22.9595087700,23.4260444000,23.1580345700,11519033,271292700.3900,2,4.305900,1,1.157300,47.154396,3.273750,2.982680,314.986128,0
2023-11-21,sz.300378,24.0017692200,24.1010321200,22.9198036100,22.9992139300,23.4260444000,13405041,317476438.8000,2,5.010900,1,-1.822000,46.295227,3.214101,2.928334,309.246974,0
2023-11-22,sz.300378,22.8403932900,23.2374448900,22.3540050800,22.4135628200,22.9992139300,11717192,268738652.4000,2,4.380000,1,-2.546400,45.116367,3.132257,2.853767,301.372320,0
2023-11-23,sz.300378,22.4731205600,22.6914989400,22.1356267000,22.6319412000,22.4135628200,8688330,196539835.0600,2,3.247800,1,0.974300,45.555942,3.162775,2.881572,304.308632,0
2023-11-24,sz.300378,22.8205407100,22.8999510300,21.8676168700,21.9569534800,22.6319412000,8588758,191576334.4800,2,3.210500,1,-2.982500,44.197256,3.068447,2.795630,295.232760,0
2023-11-27,sz.300378,21.8775431600,22.3341525000,21.7187225200,21.7584276800,21.9569534800,7840767,173084646.2700,2,2.930900,1,-0.904200,43.797643,3.040703,2.770353,292.563386,0
2023-11-28,sz.300378,21.7782802600,22.1356267000,21.5896807500,21.8676168700,21.7584276800,7059607,155188159.4300,2,2.638900,1,0.501800,44.017430,3.055962,2.784256,294.031542,0
2023-11-29,sz.300378,21.8378380000,21.8378380000,21.3911549500,21.4010812400,21.8676168700,6386956,138701843.8200,2,2.387500,1,-2.133500,43.078338,2.990765,2.724855,287.758513,0
2023-11-30,sz.300378,21.3415235000,21.6690910700,20.8948404500,21.2521868900,21.4010812400,7272342,155630141.8800,2,2.718400,1,-0.695700,42.778628,2.969957,2.705897,285.756483,0
2023-12-01,sz.300378,21.2720394700,22.6617200700,21.1429977000,22.3540050800,21.2521868900,12386812,274279475.1800,2,4.630300,1,5.184500,44.996483,3.123934,2.846184,300.571508,0
2023-12-04,sz.300378,22.3242262100,22.8205407100,22.2249633100,22.3043736300,22.3540050800,9317747,210901148.2100,2,3.483000,1,-0.222000,44.896580,3.116998,2.839865,299.904165,0
2023-12-05,sz.300378,22.2249633100,22.3043736300,21.1330714100,21.1330714100,22.3043736300,10915275,236630413.9100,2,4.080200,1,-5.251400,42.538860,2.953311,2.690731,284.154858,0
2023-12-06,sz.300378,21.0437348000,21.5003441400,20.7558723900,21.2224080200,21.1330714100,9935747,210947666.9700,2,3.714000,1,0.422700,42.718686,2.965795,2.702106,285.356077,0
2023-12-07,sz.300378,21.2224080200,23.0587716700,21.0834399600,22.3341525000,21.2224080200,16509236,367283692.2100,2,6.171300,1,5.238500,44.956522,3.121160,2.843656,300.304571,0
2023-12-08,sz.300378,22.0661426700,23.0289928000,21.8874694500,22.6418674900,22.3341525000,19416628,441170295.0800,2,7.258100,1,1.377800,45.575923,3.164162,2.882836,304.442100,0
2023-12-11,sz.300378,22.7411303900,23.0091402200,22.0859952500,22.9595087700,22.6418674900,14409758,327327541.9800,2,5.386500,1,1.402900,46.215304,3.208552,2.923279,308.713099,0
2023-12-12,sz.300378,22.8999510300,23.3962655300,22.6617200700,23.1183294100,22.9595087700,13483269,312371291.0900,2,5.040100,1,0.691700,46.534995,3.230747,2.943500,310.848598,0
2023-12-13,sz.300378,23.1778871500,23.3267815000,22.6716463600,22.7014252300,23.1183294100,9778801,225774823.1000,2,3.655400,1,-1.803300,45.695807,3.172485,2.890419,305.242913,0
2023-12-14,sz.300378,22.7510566800,23.1282557000,22.5128257200,22.5922360400,22.7014252300,9450308,217048274.4900,2,3.532600,1,-0.481000,45.476019,3.157226,2.876517,303.774757,0
2023-12-15,sz.300378,22.6021623300,22.7312041000,21.9966586400,22.0165112200,22.5922360400,7333530,164188980.6500,2,2.741300,1,-2.548300,44.317140,3.076770,2.803213,296.033572,0
2023-12-18,sz.300378,21.9172483200,22.1654055700,21.5201967200,21.5896807500,22.0165112200,6076253,133502781.9700,2,2.271300,1,-1.938700,43.457971,3.017121,2.748868,290.294418,0
2023-12-19,sz.300378,21.5896807500,21.9867323500,21.3514497900,21.8378380000,21.5896807500,4416022,96682821.0300,2,1.650700,1,1.149400,43.957488,3.051801,2.780464,293.631136,0
2023-12-20,sz.300378,21.8477642900,21.9470271900,21.2720394700,21.2720394700,21.8378380000,5207398,112871698.0900,2,1.946600,1,-2.590900,42.818589,2.972731,2.708425,286.023420,0
2023-12-21,sz.300378,21.0735136700,21.4507126900,20.7657986800,21.2323343100,21.2720394700,7704630,163469919.3700,2,2.880000,1,-0.186700,42.738667,2.967182,2.703369,285.489545,0
2023-12-22,sz.300378,21.2323343100,21.3117446300,20.2000001500,20.2992630500,21.2323343100,9728145,202475962.9000,2,3.636400,1,-4.394600,40.861242,2.836840,2.584616,272.948555,0
2023-12-25,sz.300378,20.3389682100,20.5275677200,20.0114006400,20.2198527300,20.2992630500,4497506,91803596.9000,2,1.681200,1,-0.391200,40.701393,2.825742,2.574505,271.880786,0
2023-12-26,sz.300378,20.2397053100,20.2794104700,19.4356758200,19.6143490400,20.2198527300,5058699,100565226.2300,2,1.890900,1,-2.994600,39.482549,2.741123,2.497409,263.739044,0
2023-12-27,sz.300378,19.6143490400,20.0511058000,19.6143490400,19.9220640300,19.6143490400,4395732,88001834.8800,2,1.643100,1,1.568800,40.101962,2.784126,2.536589,267.876651,0
2023-12-28,sz.300378,19.8724325800,20.4977888500,19.6044227500,20.2893367600,19.9220640300,6878949,139821420.3100,2,2.571300,1,1.843500,40.841261,2.835453,2.583352,272.815084,0
2023-12-29,sz.300378,20.3389682100,21.1926291500,20.2496316000,21.1529239900,20.2893367600,8766800,183921020.7200,2,3.277000,1,4.256400,42.579612,2.956140,2.693309,284.427076,0
2024-01-02,sz.300378,21.0437348000,21.4209338200,20.4481574000,20.5077151400,21.1529239900,6771017,141349986.1200,2,2.531000,1,-3.050200,41.280844,2.865971,2.611157,275.751450,0
2024-01-03,sz.300378,20.5077151400,20.6764620700,20.1106635400,20.3786733700,20.5077151400,5558884,113969922.2400,2,2.077900,1,-0.629200,41.021090,2.847938,2.594727,274.016325,0
2024-01-04,sz.300378,20.2992630500,20.5275677200,20.0808846700,20.1305161200,20.3786733700,5382189,109897458.1800,2,2.011900,1,-1.217700,40.521564,2.813257,2.563130,270.679545,0
2024-01-05,sz.300378,20.1007372500,20.2893367600,19.5746438800,19.7334645200,20.1305161200,5344518,107374544.7800,2,1.997800,1,-1.972400,39.722322,2.757769,2.512575,265.340698,0
2024-01-08,sz.300378,19.6044227500,19.8128748400,19.0584768000,19.0981819600,19.7334645200,4747600,92443348.7000,2,1.774600,1,-3.219300,38.443535,2.668988,2.431687,256.798543,0
2024-01-09,sz.300378,19.4058969500,19.5944964600,18.9989190600,19.1775922800,19.0981819600,6232161,121167729.7600,2,2.329600,1,0.415800,38.603383,2.680086,2.441798,257.866312,0
2024-01-10,sz.300378,19.1180345400,19.1577397000,18.5423097200,18.6912040700,19.1775922800,4825736,91361950.1600,2,1.803900,1,-2.536200,37.624312,2.612112,2.379869,251.326225,0
2024-01-11,sz.300378,18.7706143900,19.5448650100,18.7110566500,19.3562655000,18.6912040700,6062226,117344057.3900,2,2.266100,1,3.558200,38.963042,2.705055,2.464548,260.268793,0
2024-01-12,sz.300378,19.2867814700,19.4456021100,18.9492876100,19.0187716400,19.3562655000,4412439,85054612.1500,2,1.649400,1,-1.743600,38.283687,2.657890,2.421576,255.730773,0
2024-01-15,sz.300378,18.9393613200,19.1081082500,18.6514989100,18.8698772900,19.0187716400,3986684,75800801.2600,2,1.490200,1,-0.782900,37.983971,2.637082,2.402618,253.728706,0
2024-01-16,sz.300378,18.8301721300,18.8897298700,18.3040787600,18.7209829400,18.8698772900,4706600,87933902.7500,2,1.759300,1,-0.789100,37.684255,2.616274,2.383660,251.726638,0
2024-01-17,sz.300378,18.8103195500,18.8996561600,18.2147421500,18.2147421500,18.7209829400,4528340,84628267.7000,2,1.692700,1,-2.704100,36.665222,2.545526,2.319203,244.919608,0
2024-01-18,sz.300378,18.0062900600,18.4529731100,17.6687962000,18.3834890800,18.2147421500,7341500,133066452.1200,2,2.744200,1,0.926400,37.004900,2.569109,2.340689,247.188618,0
2024-01-19,sz.300378,18.3636365000,18.5423097200,18.0162163500,18.0459952200,18.3834890800,5927835,108803212.8000,2,2.215800,1,-1.835900,36.325544,2.521944,2.297717,242.650598,0
2024-01-22,sz.300378,18.0459952200,18.3040787600,16.8151352600,16.9342507400,18.0459952200,8052000,142717473.0000,2,3.009800,1,-6.160600,34.087667,2.366577,2.156164,227.701827,0
2024-01-23,sz.300378,17.0533662200,17.4007863700,16.6761672000,17.2320394400,16.9342507400,6600672,113761096.5300,2,2.467300,1,1.758500,34.687098,2.408193,2.194080,231.705962,0
2024-01-24,sz.300378,17.3710075000,17.5397544300,16.5471254300,17.4504178200,17.2320394400,7280726,125075272.1600,2,2.721500,1,1.267300,35.126681,2.438711,2.221885,234.642328,0
2024-01-25,sz.300378,17.4504178200,18.6415726200,17.1724817000,18.5323834300,17.4504178200,13535084,246903877.9000,2,5.059400,1,6.200200,37.304615,2.589917,2.359647,249.190686,0
2024-01-26,sz.300378,19.3562655000,19.7334645200,18.3934153700,18.5820148800,18.5323834300,19277998,369877799.2700,2,7.206100,1,0.267800,37.404521,2.596853,2.365966,249.858042,0
2024-01-29,sz.300378,18.3437839200,18.5125308500,17.3213760500,17.3313023400,18.5820148800,12932801,231624869.3300,2,4.834300,1,-6.730800,34.886909,2.422065,2.206718,233.040674,0
2024-01-30,sz.300378,17.2915971800,17.6985750700,16.8647667100,16.9441770300,17.3313023400,6519358,113578056.6000,2,2.436900,1,-2.233700,34.107648,2.367964,2.157427,227.835298,0
2024-01-31,sz.300378,17.0136610600,17.0136610600,15.7728748100,15.7927273900,16.9441770300,8380754,137145302.6400,2,3.132700,1,-6.795500,31.789846,2.207048,2.010818,212.352641,0
2024-02-01,sz.300378,15.7530222300,16.4677151100,15.4949386900,15.9614743200,15.7927273900,7262580,117139586.9800,2,2.714700,1,1.068500,32.129524,2.230630,2.032304,214.621651,0
2024-02-02,sz.300378,16.0309583500,16.3684522100,14.2839313100,15.0780345100,15.9614743200,9344339,144020419.5100,2,3.492900,1,-5.534800,30.351211,2.107169,1.919820,202.742717,0
2024-02-05,sz.300378,14.8695824200,14.8695824200,13.0232924800,13.4997544000,15.0780345100,14645867,203005696.7100,2,5.474600,1,-10.467400,27.174224,1.886603,1.718864,181.520800,0
2024-02-06,sz.300378,13.1027028000,15.0383293500,12.6163145900,14.5519411400,13.4997544000,14137724,198987351.0600,2,5.284700,1,7.794100,29.292215,2.033647,1.852835,195.668744,0
2024-02-07,sz.300378,14.5023096900,15.0681082200,13.6685013300,13.9563637400,14.5519411400,14048839,203928626.0900,2,5.251400,1,-4.092800,28.093353,1.950414,1.777002,187.660474,0
2024-02-08,sz.300378,14.1251106700,15.4651598200,14.0655529300,15.3956757900,13.9563637400,12846399,191059716.7800,2,4.802000,1,10.312900,30.990604,2.151559,1.960264,207.013794,0
2024-02-19,sz.300378,15.9813269000,16.7059460700,15.8026536800,16.4180836600,15.3956757900,14125139,231177667.9900,2,5.280000,1,6.640900,33.048652,2.294442,2.090442,220.761325,0
2024-02-20,sz.300378,16.3783785000,16.6563146200,16.1103686700,16.5173465600,16.4180836600,8908539,147453684.2600,2,3.330000,1,0.604600,33.248463,2.308314,2.103081,222.096037,0
2024-02-21,sz.300378,16.1997052800,17.6390173300,16.1699264100,16.6662409100,16.5173465600,12522952,213318670.3100,2,4.681100,1,0.901400,33.548178,2.329122,2.122039,224.098105,0
2024-02-22,sz.300378,16.8746930000,17.2518920200,16.7853563900,17.2419657300,16.6662409100,10919080,187887903.9000,2,4.080600,1,3.454400,34.707079,2.409580,2.195344,231.839433,0
2024-02-23,sz.300378,17.6886487800,18.1551844100,17.1724817000,18.1055529600,17.2419657300,14688251,262155078.5500,2,5.489200,1,5.008600,36.445430,2.530267,2.305300,243.451425,0
2024-02-26,sz.300378,18.0559215100,18.8003932600,17.8772482900,18.4132679500,18.1055529600,16478018,304422919.3800,2,6.158000,1,1.699600,37.064843,2.573270,2.344480,247.589032,0
2024-02-27,sz.300378,18.2643736000,19.1875185700,17.9963637700,19.1478134100,18.4132679500,15295920,287055383.0100,2,5.716300,1,3.989200,38.543440,2.675924,2.438007,257.465899,0
2024-02-28,sz.300378,19.1577397000,19.4158232400,17.2320394400,17.2618183100,19.1478134100,19865709,367197043.1900,2,7.424000,1,-9.849700,34.747041,2.412354,2.197871,232.106375,0
2024-02-29,sz.300378,17.2618183100,18.2246684400,17.2320394400,18.2147421500,17.2618183100,12237606,220545984.8500,2,4.573300,1,5.520400,36.665222,2.545526,2.319203,244.919608,0
2024-03-01,sz.300378,18.4231942400,19.1974448600,18.4231942400,19.0684030900,18.2147421500,14080301,267732682.1600,2,5.262000,1,4.686600,38.383592,2.664826,2.427896,256.398129,0
2024-03-04,sz.300378,19.1081082500,19.5746438800,18.5820148800,19.3364129200,19.0684030900,17098505,329194290.2400,2,6.389900,1,1.405500,38.923080,2.702281,2.462020,260.001851,0
2024-03-05,sz.300378,19.0485505100,19.1081082500,18.3636365000,18.5919411700,19.3364129200,15765596,297695302.7100,2,5.891800,1,-3.850100,37.424502,2.598240,2.367230,249.991513,0
2024-03-06,sz.300378,18.4132679500,18.9889927700,18.2246684400,18.6316463300,18.5919411700,10669514,199942343.0100,2,3.987300,1,0.213600,37.504426,2.603789,2.372285,250.525398,0
2024-03-07,sz.300378,18.8798035800,19.7334645200,18.5423097200,18.5423097200,18.6316463300,18558361,356953407.3400,2,6.935500,1,-0.479500,37.324596,2.591304,2.360911,249.324157,0
2024-03-08,sz.300378,18.5720885900,18.9393613200,18.2643736000,18.8996561600,18.5423097200,11114089,208601313.5600,2,4.153500,1,1.927200,38.043914,2.641244,2.406410,254.129119,0
2024-03-11,sz.300378,18.6912040700,19.2272237300,18.3636365000,19.2172974400,18.8996561600,11081452,210336585.9800,2,4.141300,1,1.680700,38.683308,2.685634,2.446854,258.400197,0
2024-03-12,sz.300378,19.1974448600,19.5845701700,19.1081082500,19.3761180800,19.2172974400,14678527,285854396.6000,2,5.485500,1,0.826400,39.003004,2.707830,2.467076,260.535736,0
2024-03-13,sz.300378,19.5448650100,21.6095333300,19.4158232400,20.8452090000,19.3761180800,34944146,721198659.8500,2,13.059000,1,7.582000,41.960199,2.913136,2.654129,280.289470,0
2024-03-14,sz.300378,20.3488945000,20.4382311100,19.4654546900,20.0213269300,20.8452090000,21412635,431741239.8200,2,8.002100,1,-3.952400,40.301772,2.797998,2.549227,269.211362,0
2024-03-15,sz.300378,19.9121377400,20.0014743500,19.3860443700,19.9319903200,20.0213269300,12969717,257304787.1300,2,4.846900,1,-0.446200,40.121943,2.785513,2.537853,268.010122,0
2024-03-18,sz.300378,19.8029485500,20.1801475700,19.6937593600,20.1702212800,19.9319903200,13949480,280252878.5600,2,5.213100,1,1.195200,40.601488,2.818806,2.568185,271.213430,0
2024-03-19,sz.300378,20.0511058000,20.2397053100,19.7235382300,19.7830959700,20.1702212800,10993182,220332665.5300,2,4.108300,1,-1.919300,39.822227,2.764705,2.518895,266.008054,0
2024-03-20,sz.300378,19.7036856500,20.5871254600,19.6540542000,20.3588207900,19.7830959700,15756810,320233984.9900,2,5.888500,1,2.910200,40.981128,2.845163,2.592199,273.749382,0
2024-03-21,sz.300378,20.5573465900,20.9941033500,20.1602949900,20.5970517500,20.3588207900,14279449,295087525.2200,2,5.336400,1,1.170200,41.460673,2.878456,2.622532,276.952691,0
2024-03-22,sz.300378,20.6367569100,20.6367569100,19.4654546900,19.9319903200,20.5970517500,16055517,321555227.4000,2,6.000100,1,-3.228900,40.121943,2.785513,2.537853,268.010122,0
2024-03-25,sz.300378,19.8228011300,20.4183785300,19.4058969500,19.4058969500,19.9319903200,12426441,250452690.3000,2,4.643900,1,-2.639400,39.062947,2.711991,2.470867,260.936149,0
2024-03-26,sz.300378,19.1676659900,19.5150861400,18.4331205300,18.8103195500,19.4058969500,13526033,257494425.7400,2,5.054800,1,-3.069100,37.864085,2.628759,2.395035,252.927879,0
2024-03-27,sz.300378,18.7606881000,18.9393613200,17.5496807200,17.5496807200,18.8103195500,10203074,185907659.2900,2,3.813000,1,-6.701800,35.326492,2.452583,2.234524,235.977039,0
2024-03-28,sz.300378,17.7680591000,18.6217200400,17.6886487800,18.3239313400,17.5496807200,9466414,174191739.1500,2,3.537700,1,4.411800,36.885013,2.560786,2.333105,246.387791,0
2024-03-29,sz.300378,18.2643736000,18.4231942400,17.8375431300,18.2147421500,18.3239313400,6598424,120171217.3800,2,2.465900,1,-0.595900,36.665222,2.545526,2.319203,244.919608,0
2024-04-01,sz.300378,18.2643736000,18.8103195500,18.2643736000,18.7408355200,18.2147421500,7033395,131961538.7000,2,2.628500,1,2.888300,37.724217,2.619048,2.386188,251.993581,0
2024-04-02,sz.300378,18.6713514900,18.7110566500,17.7879116800,18.0261426400,18.7408355200,9056199,165502867.3500,2,3.384400,1,-3.813600,36.285582,2.519169,2.295189,242.383656,0
2024-04-03,sz.300378,18.0162163500,18.0162163500,17.1228502500,17.2022605700,18.0261426400,9442692,165087254.3800,2,3.528800,1,-4.570500,34.627155,2.404031,2.190288,231.305548,0
2024-04-08,sz.300378,17.2618183100,17.2618183100,16.7555775200,16.8349878400,17.2022605700,5738231,98139537.8800,2,2.144400,1,-2.135000,33.887856,2.352704,2.143525,226.367115,0
2024-04-09,sz.300378,16.9739559000,17.1824079900,16.8151352600,17.0434399300,16.8349878400,4990900,85542290.7600,2,1.865200,1,1.238200,34.307458,2.381836,2.170066,229.170009,0
2024-04-10,sz.300378,17.0831450900,17.1427028300,16.3883047900,16.5669780100,17.0434399300,6440800,108111479.7700,2,2.407000,1,-2.795600,33.348368,2.315250,2.109400,222.763393,0
2024-04-11,sz.300378,16.4776414000,16.9541033200,16.4776414000,16.6860934900,16.5669780100,5463669,92412172.5100,2,2.041800,1,0.719000,33.588141,2.331896,2.124567,224.365047,0
2024-04-12,sz.300378,16.7754301000,16.9838821900,16.4677151100,16.5173465600,16.6860934900,5404895,91026053.1500,2,2.019900,1,-1.011300,33.248463,2.308314,2.103081,222.096037,0
2024-04-15,sz.300378,16.3485996300,16.5570517200,15.6636856200,15.9614743200,16.5173465600,8274214,134120990.1200,2,3.092200,1,-3.365400,32.129524,2.230630,2.032304,214.621651,0
2024-04-16,sz.300378,15.8820640000,15.9118428700,14.8894350000,14.9589190300,15.9614743200,9354178,143668839.5800,2,3.495800,1,-6.281100,30.111438,2.090522,1.904653,201.141062,0
2024-04-17,sz.300378,15.2070762800,15.9316954500,15.2070762800,15.8324325500,14.9589190300,8826716,139637471.5600,2,3.298600,1,5.839400,31.869770,2.212596,2.015874,212.886526,0
2024-04-18,sz.300378,15.8820640000,16.4577888200,15.6339067500,16.0905160900,15.8324325500,8065324,130771467.6800,2,3.014100,1,1.630100,32.389278,2.248664,2.048735,216.356777,0
2024-04-19,sz.300378,15.9912531900,16.0706635100,15.5048649800,15.8919902900,16.0905160900,5654800,90293148.5400,2,2.113300,1,-1.233800,31.989657,2.220920,2.023457,213.687353,0
2024-04-22,sz.300378,15.7430959400,16.2195578600,15.6239804600,15.9714006100,15.8919902900,5106491,82178077.0200,2,1.908400,1,0.499700,32.149505,2.232017,2.033568,214.755122,0
2024-04-23,sz.300378,16.0706635100,16.3684522100,15.9714006100,16.2096315700,15.9714006100,4996240,81429567.8700,2,1.867100,1,1.491600,32.629050,2.265310,2.063901,217.958431,0
2024-04-24,sz.300378,16.1997052800,16.6662409100,16.1997052800,16.6463883300,16.2096315700,5890841,97857343.4700,2,2.201500,1,2.694400,33.508216,2.326347,2.119511,223.831162,0
2024-04-25,sz.300378,16.5272728500,16.8250615500,16.4478625300,16.5669780100,16.6463883300,4705474,78946518.3600,2,1.758500,1,-0.477000,33.348368,2.315250,2.109400,222.763393,0
2024-04-26,sz.300378,16.5669780100,17.1526291200,16.4776414000,16.9938084800,16.5669780100,6703279,114217750.9500,2,2.505100,1,2.576400,34.207553,2.374900,2.163747,228.502654,0
2024-04-29,sz.300378,17.3610812100,17.5794595900,17.1824079900,17.5099755600,16.9938084800,8522961,149727793.7800,2,3.182800,1,3.037400,31.446074,2.326933,2.089436,-40.056989,0
2024-04-30,sz.300378,17.5397544300,17.6687962000,17.2022605700,17.4801966900,17.5099755600,6355506,111690351.4000,2,2.373400,1,-0.170100,31.392594,2.322976,2.085882,-39.988865,0
2024-05-06,sz.300378,17.7879116800,18.1254055400,17.7382802300,17.7680591000,17.4801966900,6087300,109519046.0000,2,2.273200,1,1.646800,31.909565,2.361230,2.120232,-40.647398,0
2024-05-07,sz.300378,17.7879116800,18.0459952200,17.5695333000,17.7581328100,17.7680591000,4821222,86440974.5800,2,1.800400,1,-0.055900,31.891738,2.359911,2.119048,-40.624690,0
2024-05-08,sz.300378,17.6787224900,17.6886487800,17.1923342800,17.2320394400,17.7581328100,5277200,92307069.0000,2,1.970700,1,-2.962500,30.946930,2.289998,2.056270,-39.421164,0
2024-05-09,sz.300378,17.2419657300,17.5199018500,17.2419657300,17.4007863700,17.2320394400,4135661,72464542.7500,2,1.544400,1,0.979300,31.249982,2.312423,2.076406,-39.807201,0
2024-05-10,sz.300378,17.4504178200,17.5695333000,17.0037347700,17.0335136400,17.4007863700,4797429,82841419.3500,2,1.791500,1,-2.110700,30.590399,2.263615,2.032580,-38.967003,0
2024-05-13,sz.300378,17.2816708900,18.3537102100,16.6364620400,17.8474694200,17.0335136400,15656026,277967231.9500,2,5.846500,1,4.778600,32.052178,2.371783,2.129708,-40.829063,0
2024-05-14,sz.300378,18.0658478000,18.6415726200,17.6290910400,17.7482065200,17.8474694200,16574557,302117484.1800,2,6.189500,1,-0.556200,31.873912,2.358592,2.117863,-40.601982,0
2024-05-15,sz.300378,17.5596070100,17.6787224900,17.2518920200,17.2717446000,17.7482065200,8691565,152329583.2700,2,3.245700,1,-2.684600,31.018236,2.295274,2.061008,-39.511996,0
2024-05-16,sz.300378,17.3710075000,17.7779853900,17.3015234700,17.3213760500,17.2717446000,6219698,109748310.1000,2,2.322700,1,0.287400,31.107369,2.301870,2.066930,-39.625536,0
2024-05-17,sz.300378,17.3015234700,17.6687962000,17.1724817000,17.5496807200,17.3213760500,4835696,85038380.1600,2,1.805800,1,1.318100,31.517380,2.332210,2.094174,-40.147821,0
2024-05-20,sz.300378,17.4801966900,17.7382802300,17.2022605700,17.4801966900,17.5496807200,5203374,91711593.6600,2,1.943100,1,-0.395900,31.392594,2.322976,2.085882,-39.988865,0
2024-05-21,sz.300378,17.4504178200,17.7085013600,17.3114497600,17.5993121700,17.4801966900,5583117,98573323.2300,2,2.084900,1,0.681400,31.606513,2.338805,2.100096,-40.261362,0
2024-05-22,sz.300378,17.5596070100,17.6092384600,17.3114497600,17.4702704000,17.5993121700,4077761,71670848.4600,2,1.522800,1,-0.733200,31.374768,2.321657,2.084698,-39.966157,0
2024-05-23,sz.300378,17.4801966900,17.5695333000,16.9739559000,17.0930713800,17.4702704000,4955403,85854227.5100,2,1.850500,1,-2.159100,30.697358,2.271530,2.039687,-39.103251,0
2024-05-24,sz.300378,17.0235873500,17.1228502500,16.5272728500,16.5471254300,17.0930713800,4903370,82896677.6000,2,1.831100,1,-3.194000,29.716897,2.198978,1.974540,-37.854309,0
2024-05-27,sz.300378,16.6166094600,16.9243244500,16.3088944700,16.9243244500,16.5471254300,4045314,67598186.2800,2,1.510700,1,2.279500,30.394306,2.249105,2.019551,-38.717215,0
2024-05-28,sz.300378,16.8746930000,17.0930713800,16.6265357500,16.7655038100,16.9243244500,3213930,54510936.8000,2,1.200200,1,-0.938400,30.109081,2.227999,2.000599,-38.353886,0
2024-05-29,sz.300378,16.7754301000,17.0434399300,16.7059460700,16.7357249400,16.7655038100,2981710,50689189.6000,2,1.113500,1,-0.177600,30.055601,2.224042,1.997046,-38.285762,0
2024-05-30,sz.300378,16.6557971600,17.1853456000,16.4160016400,16.8856012000,16.7357290000,3960700,66817073.0000,2,1.479100,1,0.895500,30.126908,2.229318,2.001784,-38.376594,0
2024-05-31,sz.300378,16.9155756400,17.4850900000,16.8756097200,17.4051581600,16.8856012000,5563406,96318006.9300,2,2.077600,1,3.076900,31.053890,2.297913,2.063377,-39.557412,0
2024-06-03,sz.300378,17.4750985200,17.5450388800,17.0854308000,17.1953370800,17.4051581600,4978906,86344771.2400,2,1.859300,1,-1.205500,30.679532,2.270211,2.038503,-39.080543,0
2024-06-04,sz.300378,17.1953370800,17.2852604000,16.3160868400,16.6058397600,17.1953370800,8014142,134046364.3200,2,2.992800,1,-3.428200,29.627764,2.192383,1.968618,-37.740769,0
2024-06-05,sz.300378,16.5958482800,16.9055841600,16.4959334800,16.5059249600,16.6058397600,3835548,64082324.7600,2,1.432300,1,-0.601700,29.449498,2.179191,1.956773,-37.513688,0
2024-06-06,sz.300378,16.5858568000,16.8056693600,15.6666406400,15.7665554400,16.5059249600,7658024,122725795.8700,2,2.859800,1,-4.479400,28.130332,2.081576,1.869121,-35.833293,0
2024-06-07,sz.300378,15.9763765200,16.2761209200,15.7965298800,16.0962742800,15.7665554400,4343082,69807777.5400,2,1.621900,1,2.091300,28.718609,2.125107,1.908209,-36.582659,0
2024-06-11,sz.300378,16.0363254000,16.5758653200,15.7365810000,16.5758653200,16.0962742800,4872230,79320125.9000,2,1.819500,1,2.979500,29.574284,2.188425,1.965065,-37.672645,0
2024-06-12,sz.300378,16.6857716000,16.8955926800,16.6358142000,16.8056693600,16.5758653200,3928022,66083952.3600,2,1.466900,1,1.386400,29.984295,2.218765,1.992308,-38.194930,0
2024-06-13,sz.300378,16.6757801200,17.0854308000,16.6757801200,16.8856012000,16.8056693600,3761600,63701730.0000,2,1.404700,1,0.475600,30.126908,2.229318,2.001784,-38.376594,0
2024-06-14,sz.300378,16.8856012000,17.1653626400,16.7257375200,17.0654478400,16.8856012000,4362714,74239162.4400,2,1.629200,1,1.065100,30.447786,2.253062,2.023104,-38.785339,0
2024-06-17,sz.300378,16.9855160000,17.2852604000,16.9355586000,17.0954222800,17.0654478400,4227700,72445155.0000,2,1.578800,1,0.175600,30.501266,2.257020,2.026658,-38.853463,0
2024-06-18,sz.300378,17.0154904400,17.4451240800,17.0154904400,17.3452092800,17.0954222800,4783280,82859462.8800,2,1.786200,1,1.461100,30.946930,2.289998,2.056270,-39.421164,0
2024-06-19,sz.300378,17.3851752000,17.5150644400,17.1253967200,17.2253115200,17.3452092800,3907853,67609454.3100,2,1.459300,1,-0.691200,30.733011,2.274168,2.042056,-39.148667,0
2024-06-20,sz.300378,17.1953370800,17.2752689200,16.6358142000,16.6657886400,17.2253115200,5841933,99016226.0100,2,2.181600,1,-3.248300,29.734723,2.200297,1.975725,-37.877017,0
2024-06-21,sz.300378,16.6557971600,16.8256523200,16.3560527600,16.6757801200,16.6657886400,3632800,60357538.0000,2,1.356600,1,0.060000,29.752550,2.201617,1.976909,-37.899725,0
2024-06-24,sz.300378,16.5159164400,16.5358994000,15.7066065600,15.7765469200,16.6757801200,5370200,86476213.0000,2,2.005400,1,-5.392500,28.148158,2.082895,1.870306,-35.856001,0
2024-06-25,sz.300378,15.7665554400,15.9364106000,15.3269303200,15.5667258400,15.7765469200,4922811,76747318.3900,2,1.838300,1,-1.330000,27.773800,2.055194,1.845431,-35.379132,0
2024-06-26,sz.300378,15.4468280800,16.4959334800,15.3968706800,16.4659590400,15.5667258400,6209740,99708342.5000,2,2.318900,1,5.776600,29.378192,2.173915,1.952035,-37.422856,0
2024-06-27,sz.300378,16.4559675600,16.7257375200,16.3360698000,16.3960186800,16.4659590400,5935310,98109112.4000,2,2.216500,1,-0.424800,29.253406,2.164681,1.943744,-37.263900,0
2024-06-28,sz.300378,16.2661294400,16.6657886400,16.1861976000,16.2561379600,16.3960186800,4606800,75848007.0000,2,1.720300,1,-0.853100,29.003834,2.146213,1.927161,-36.945987,0
2024-07-01,sz.300378,16.1462316800,16.5358994000,15.8364958000,16.4259931200,16.2561379600,4174600,67423680.0000,2,1.558900,1,1.044900,29.306885,2.168638,1.947297,-37.332024,0
2024-07-02,sz.300378,16.4359846000,16.8955926800,16.3860272000,16.6557971600,16.4259931200,5409081,90556671.8500,2,2.019900,1,1.399000,29.716897,2.198978,1.974540,-37.854309,0
2024-07-03,sz.300378,16.5558823600,16.6258227200,15.8964446800,15.9464020800,16.6557971600,5459800,88123230.0000,2,2.038900,1,-4.259100,28.451210,2.105321,1.890442,-36.242038,0
2024-07-04,sz.300378,15.9863680000,16.1861976000,15.5267599200,15.5267599200,15.9464020800,4016000,63567527.5800,2,1.499700,1,-2.631600,27.702494,2.049917,1.840693,-35.288300,0
2024-07-05,sz.300378,15.5567343600,15.9763765200,15.3369218000,15.8065213600,15.5267599200,4002120,62777058.2200,2,1.494500,1,1.801800,28.201638,2.086853,1.873859,-35.924125,0
2024-07-08,sz.300378,15.7465724800,15.7665554400,15.0871348000,15.2070325600,15.8065213600,4152389,63834437.3500,2,1.550600,1,-3.792700,27.132044,2.007705,1.802790,-34.561643,0
2024-07-09,sz.300378,15.1570751600,15.4568195600,14.5176204400,15.3469132800,15.2070325600,8565620,128300667.8000,2,3.198700,1,0.919800,27.381616,2.026173,1.819373,-34.879555,0
2024-07-10,sz.300378,15.2370070000,15.5667258400,15.0871348000,15.2070325600,15.3469132800,5257150,80725343.9000,2,1.963200,1,-0.911500,27.132044,2.007705,1.802790,-34.561643,0
2024-07-11,sz.300378,15.6566491600,15.7965298800,15.4368366000,15.7465724800,15.2070325600,5507909,86343966.7600,2,2.056800,1,3.548000,28.094679,2.078938,1.866752,-35.787877,0
2024-07-12,sz.300378,15.6666406400,15.7465724800,15.4168536400,15.4468280800,15.7465724800,3959997,61569148.0800,2,1.478800,1,-1.903600,27.559881,2.039364,1.831217,-35.106636,0
2024-07-15,sz.300378,15.4168536400,15.4268451200,14.9772285200,15.0971262800,15.4468280800,3572040,54170426.6000,2,1.333900,1,-2.263900,26.935951,1.993195,1.789760,-34.311854,0
2024-07-16,sz.300378,15.1271007200,15.4168536400,14.9772285200,15.3169388400,15.0971262800,3498200,53294831.0000,2,1.306300,1,1.456000,27.328136,2.022216,1.815819,-34.811431,0
2024-07-17,sz.300378,15.2469984800,15.4368366000,14.9972114800,15.0471688800,15.3169388400,3463400,52567959.0000,2,1.293400,1,-1.761300,26.846818,1.986599,1.783838,-34.198314,0
2024-07-18,sz.300378,14.9272711200,15.0271859200,14.4576715600,14.9472540800,15.0471688800,5468900,80584967.2000,2,2.042300,1,-0.664000,26.668553,1.973408,1.771993,-33.971233,0
2024-07-19,sz.300378,15.0571603600,15.3868792000,14.9072881600,15.2170240400,14.9472540800,4435500,67449876.0000,2,1.656400,1,1.804800,27.149870,2.009025,1.803974,-34.584351,0
2024-07-22,sz.300378,15.6666406400,15.7465724800,15.3269303200,15.4867940000,15.2170240400,4896601,75989814.4800,2,1.828600,1,1.772800,27.631188,2.044641,1.835955,-35.197468,0
2024-07-23,sz.300378,15.3968706800,15.5567343600,14.9872200000,15.0072029600,15.4867940000,3834278,58681181.3400,2,1.431900,1,-3.096800,26.775512,1.981323,1.779100,-34.107482,0
2024-07-24,sz.300378,14.9572455600,15.1770581200,14.7973818800,14.8073733600,15.0072029600,3463538,51815820.5800,2,1.293400,1,-1.331600,26.418981,1.954940,1.755410,-33.653321,0
2024-07-25,sz.300378,14.6375182000,15.0571603600,14.6375182000,14.8073733600,14.8073733600,2969780,44086868.6600,2,1.109000,1,0.000000,26.418981,1.954940,1.755410,-33.653321,0
2024-07-26,sz.300378,14.8673222400,15.0771433200,14.7674074400,15.0171944400,14.8073733600,3040242,45586076.2600,2,1.135300,1,1.417000,26.793339,1.982642,1.780285,-34.130190,0
2024-07-29,sz.300378,15.1670666400,15.2469984800,14.8373478000,15.1370922000,15.0171944400,3924514,59179986.3400,2,1.465500,1,0.798400,27.007258,1.998472,1.794498,-34.402686,0
2024-07-30,sz.300378,15.0571603600,15.2869644000,14.9072881600,15.0971262800,15.1370922000,3350400,50591665.0000,2,1.251200,1,-0.264000,26.935951,1.993195,1.789760,-34.311854,0
2024-07-31,sz.300378,15.1470836800,16.2061805600,15.0471688800,16.1362402000,15.0971262800,7962315,126079083.5400,2,2.973400,1,6.882900,28.789915,2.130384,1.912947,-36.673491,0
2024-08-01,sz.300378,15.9164276400,16.2361550000,15.8864532000,16.0063509600,16.1362402000,5281767,84647825.2100,2,1.972400,1,-0.805000,28.558169,2.113235,1.897549,-36.378286,0
2024-08-02,sz.300378,15.8964446800,16.0662998400,15.4468280800,15.4768025200,16.0063509600,4477478,70544014.8800,2,1.672000,1,-3.308400,27.613361,2.043322,1.834771,-35.174760,0
2024-08-05,sz.300378,15.3768877200,15.6566491600,14.8173648400,14.8273563200,15.4768025200,5575661,84876992.2400,2,2.082100,1,-4.196300,26.454634,1.957579,1.757779,-33.698737,0
2024-08-06,sz.300378,15.0871348000,15.2469984800,14.9272711200,15.1870496000,14.8273563200,3936061,59527537.3700,2,1.469900,1,2.425900,27.096390,2.005067,1.800421,-34.516227,0
2024-08-07,sz.300378,15.0971262800,15.4368366000,15.0971262800,15.2469984800,15.1870496000,2975463,45483236.1100,2,1.111100,1,0.394700,27.203350,2.012982,1.807528,-34.652475,0
2024-08-08,sz.300378,15.1470836800,15.4568195600,14.8473392800,15.2769729200,15.2469984800,4639600,70412574.0000,2,1.732600,1,0.196600,27.256830,2.016939,1.811081,-34.720599,0
2024-08-09,sz.300378,15.3668962400,15.5267599200,14.9972114800,14.9972114800,15.2769729200,3818200,58172330.0000,2,1.425800,1,-1.831300,26.757686,1.980004,1.777916,-34.084774,0
2024-08-12,sz.300378,15.3968706800,16.0762913200,15.3269303200,15.8265043200,14.9972114800,15119868,239111410.2400,2,5.647500,1,5.529600,27.265471,2.087865,1.834503,-10.871780,0
2024-08-13,sz.300378,15.7066065600,15.7965298800,15.2669814400,15.5467428800,15.8265043200,8001900,123618493.0000,2,2.988800,1,-1.767700,26.783506,2.050958,1.802075,-10.679602,0
2024-08-14,sz.300378,15.5467428800,15.8864532000,15.5067769600,15.7165980400,15.5467428800,6825578,107362967.2800,2,2.549500,1,1.092500,27.076128,2.073366,1.821763,-10.796282,0
2024-08-15,sz.300378,15.6766321200,16.3660442400,15.5967002800,16.1562231600,15.7165980400,8537270,137398692.9000,2,3.188800,1,2.797200,27.833502,2.131362,1.872722,-11.098275,0
2024-08-16,sz.300378,16.0862828000,16.4060101600,16.0862828000,16.2661294400,16.1562231600,7574599,123307572.7800,2,2.829200,1,0.680300,28.022846,2.145861,1.885461,-11.173774,0
2024-08-19,sz.300378,16.1961890800,16.5358994000,16.1362402000,16.2361550000,16.2661294400,7353600,119940378.1000,2,2.746700,1,-0.184300,27.971207,2.141907,1.881987,-11.153183,0
2024-08-20,sz.300378,16.2061805600,16.2661294400,15.8564787600,15.9464020800,16.2361550000,5540571,88641181.8600,2,2.069500,1,-1.784600,27.472028,2.103682,1.848401,-10.954142,0
2024-08-21,sz.300378,16.0363254000,16.3060953600,15.8864532000,16.0063509600,15.9464020800,5563501,89739717.7700,2,2.078100,1,0.375900,27.575306,2.111590,1.855350,-10.995323,0
2024-08-22,sz.300378,16.1262487200,16.3660442400,15.8664702400,15.9464020800,16.0063509600,6980700,112591469.0000,2,2.607400,1,-0.374500,27.472028,2.103682,1.848401,-10.954142,0
2024-08-23,sz.300378,15.7965298800,16.7956778800,15.7765469200,16.2461464800,15.9464020800,10998295,179251680.2400,2,4.108000,1,1.879700,27.988420,2.143225,1.883145,-11.160047,0
2024-08-26,sz.300378,16.1961890800,16.2861124000,15.9663850400,16.0962742800,16.2461464800,6884776,110954990.7200,2,2.571600,1,-0.922500,27.730224,2.123453,1.865773,-11.057094,0
2024-08-27,sz.300378,16.0363254000,16.3160868400,15.6666406400,15.7365810000,16.0962742800,6609739,105593138.1600,2,2.468800,1,-2.234600,27.110554,2.076002,1.824080,-10.810009,0
2024-08-28,sz.300378,15.4967854800,15.8664702400,15.3169388400,15.7765469200,15.7365810000,5743200,89579971.0000,2,2.145200,1,0.254000,27.179406,2.081274,1.828712,-10.837463,0
2024-08-29,sz.300378,15.5967002800,16.4659590400,15.5867088000,16.3360698000,15.7765469200,8809883,142935151.4200,2,3.290600,1,3.546500,28.143337,2.155088,1.893568,-11.221818,0
2024-08-30,sz.300378,16.3760357200,16.9055841600,16.2461464800,16.6058397600,16.3360698000,10004700,166742977.4700,2,3.736900,1,1.651400,28.608089,2.190676,1.924838,-11.407133,0
2024-09-02,sz.300378,16.5858568000,16.7557119600,16.1662146400,16.1961890800,16.6058397600,6185643,101539301.4400,2,2.310400,1,-2.466900,27.902354,2.136634,1.877354,-11.125729,0
2024-09-03,sz.300378,16.4759505200,16.6857716000,16.3160868400,16.6557971600,16.1961890800,7488936,123895388.4200,2,2.797200,1,2.837800,28.694155,2.197267,1.930629,-11.441450,0
2024-09-04,sz.300378,16.4559675600,16.6458056800,16.3160868400,16.3660442400,16.6557971600,5942476,97961030.3000,2,2.219600,1,-1.739700,28.194976,2.159042,1.897043,-11.242409,0
2024-09-05,sz.300378,16.3160868400,16.7057545600,16.3160868400,16.6258227200,16.3660442400,5263616,87178108.4800,2,1.966000,1,1.587300,28.642515,2.193312,1.927155,-11.420860,0
2024-09-06,sz.300378,16.6158312400,16.6557971600,16.0862828000,16.1062657600,16.6258227200,5269701,86227284.2900,2,1.968300,1,-3.125000,27.747437,2.124771,1.866931,-11.063958,0
2024-09-09,sz.300378,15.9464020800,16.2661294400,15.7765469200,16.0762913200,16.1062657600,4391201,70492090.9600,2,1.640200,1,-0.186100,27.695798,2.120817,1.863457,-11.043367,0
2024-09-10,sz.300378,16.1462316800,16.7856864000,15.8165128400,16.6657886400,16.0762913200,7572700,124086152.0000,2,2.828500,1,3.666900,28.711368,2.198585,1.931787,-11.448314,0
2024-09-11,sz.300378,16.6458056800,16.6857716000,16.3860272000,16.5358994000,16.6657886400,4420001,73154650.5300,2,1.650900,1,-0.779400,28.487598,2.181450,1.916731,-11.359088,0
2024-09-12,sz.300378,16.5658738400,16.9455500800,16.4659590400,16.6058397600,16.5358994000,8114216,135860072.8900,2,3.030800,1,0.423000,28.608089,2.190676,1.924838,-11.407133,0
2024-09-13,sz.300378,16.5858568000,16.7357290000,16.2761209200,16.3160868400,16.6058397600,5515153,90886284.1500,2,2.060000,1,-1.744900,28.108911,2.152451,1.891252,-11.208091,0
2024-09-18,sz.300378,16.2061805600,16.4859420000,15.7465724800,16.1162572400,16.3160868400,6230906,100170778.1400,2,2.327300,1,-1.224700,27.764650,2.126089,1.868089,-11.070821,0
2024-09-19,sz.300378,16.1362402000,16.6957630800,15.9464020800,16.6058397600,16.1162572400,6698765,110062071.9200,2,2.502100,1,3.037800,28.608089,2.190676,1.924838,-11.407133,0
2024-09-20,sz.300378,16.6158312400,17.9446980800,16.5358994000,17.3152348400,16.6058397600,15921344,273093447.8500,2,5.946900,1,4.272000,29.830216,2.284261,2.007067,-11.894441,0
2024-09-23,sz.300378,17.4651070400,17.6449536800,17.1953370800,17.4251411200,17.3152348400,13751628,239632931.3800,2,5.136500,1,0.634700,30.019559,2.298760,2.019806,-11.969940,0
2024-09-24,sz.300378,17.3352178000,17.6449536800,16.8856012000,17.5850048000,17.4251411200,15370025,266667095.1400,2,5.741000,1,0.917400,30.294968,2.319850,2.038337,-12.079756,0
2024-09-25,sz.300378,17.5949962800,18.0845788000,17.4950814800,17.5350474000,17.5850048000,15815289,281107440.8300,2,5.907300,1,-0.284100,30.208903,2.313259,2.032546,-12.045438,0
2024-09-26,sz.300378,17.3951666800,17.8947406800,17.2752689200,17.8847492000,17.5350474000,12213641,215333335.8900,2,4.562000,1,1.994300,30.811360,2.359393,2.073081,-12.285660,0
2024-09-27,sz.300378,18.1944850800,19.3335138000,18.0446128800,19.0837268000,17.8847492000,20325264,379294821.4500,2,7.538700,1,6.703900,33.107047,2.535186,2.227542,-13.201038,0
2024-09-30,sz.300378,19.9230111200,22.6606766400,19.7931218800,22.6606766400,19.0837268000,29981102,633785764.9800,2,11.120100,1,18.743500,39.312451,3.010367,2.645060,-15.675369,0
2024-10-08,sz.300378,27.1568426400,27.1968085600,23.9795520000,27.1868170800,22.6606766400,40283424,1049414163.3800,2,14.941200,1,19.973500,47.164541,3.611644,3.173372,-18.806296,0
2024-10-09,sz.300378,25.4782740000,26.1077372400,23.0203699200,24.1194327200,27.1868170800,32802675,814859625.5700,2,12.166600,1,-11.282600,41.843147,3.204156,2.815333,-16.684453,0
2024-10-10,sz.300378,24.2792964000,24.9487255600,23.3101228400,23.3101228400,24.1194327200,19796738,475428829.3400,2,7.342700,1,-3.355400,40.439131,3.096643,2.720866,-16.124619,0
2024-10-11,sz.300378,22.9204551200,23.0303614000,21.1619546400,21.8313838000,23.3101228400,20908675,459007906.6700,2,7.755100,1,-6.343800,37.873768,2.900199,2.548261,-15.101711,0
2024-10-14,sz.300378,21.8413752800,22.9004721600,21.2818524000,22.8205403200,21.8313838000,17480840,387211647.9500,2,6.483700,1,4.530900,39.589788,3.031604,2.663720,-15.785953,0
2024-10-15,sz.300378,22.5807448000,23.3800632000,21.9812560000,22.0012389600,22.8205403200,17694864,402083588.3900,2,6.563100,1,-3.590200,38.168438,2.922764,2.568087,-15.219207,0
2024-10-16,sz.300378,21.4217331200,22.1710941200,21.2818524000,21.7914178800,22.0012389600,11673263,253910994.5200,2,4.329600,1,-0.953700,37.804434,2.894890,2.543596,-15.074065,0
2024-10-17,sz.300378,22.0711793200,22.9903954800,22.0711793200,22.3309578000,21.7914178800,17462441,394009904.6900,2,6.476900,1,2.475900,38.740445,2.966565,2.606574,-15.447288,0
2024-10-18,sz.300378,22.3509407600,24.1494071600,21.9213071200,23.2501739600,22.3309578000,22499576,517115481.5000,2,8.345200,1,4.116300,40.335130,3.088679,2.713869,-16.083150,0
2024-10-21,sz.300378,23.5599098400,24.4291686000,23.2601654400,23.9196031200,23.2501739600,23351839,559817487.5200,2,8.661300,1,2.879200,41.496476,3.177610,2.792008,-16.546223,0
2024-10-22,sz.300378,23.9795520000,25.7780184000,23.7097820400,25.0186659200,23.9196031200,33566538,833388965.7600,2,12.449900,1,4.594800,43.403165,3.323615,2.920295,-17.306492,0
2024-10-23,sz.300378,24.7888618800,24.9687085200,23.9795520000,24.3192623200,25.0186659200,23080270,563209332.7200,2,8.560500,1,-2.795500,42.189817,3.230703,2.838658,-16.822684,0
2024-10-24,sz.300378,23.8796372000,23.9795520000,23.0903102800,23.9395860800,24.3192623200,17032909,400738355.5000,2,6.317600,1,-1.561200,41.531143,3.180264,2.794340,-16.560046,0
2024-10-25,sz.300378,23.9595690400,24.2493219600,23.5299354000,24.1593986400,23.9395860800,14807351,354429880.7000,2,5.492100,1,0.918200,41.912481,3.209465,2.819998,-16.712100,0
2024-10-28,sz.300378,24.5690493200,25.0786148000,24.1194327200,24.4891174800,24.1593986400,16957533,417661748.8900,2,6.289600,1,1.364800,42.484488,3.253267,2.858484,-16.940180,0
2024-10-29,sz.300378,24.5590578400,24.5590578400,23.6298502000,23.6298502000,24.4891174800,15699190,378705730.0800,2,5.822900,1,-3.508800,40.993804,3.139117,2.758186,-16.345788,0
2024-10-30,sz.300378,23.4799780000,24.3792112000,23.4000461600,24.0694753200,23.6298502000,14052791,336343158.0100,2,5.212200,1,1.860500,41.756479,3.197520,2.809501,-16.649896,0
2024-10-31,sz.300378,23.9595690400,24.2992793600,23.2801484000,23.8596542400,24.0694753200,15982645,382028616.3500,2,5.928000,1,-0.871700,42.833293,3.112826,2.715802,-20.669121,0
2024-11-01,sz.300378,23.8596542400,24.2693049200,22.2410344800,22.2510259600,23.8596542400,17809756,409192501.4500,2,6.605700,1,-6.742000,39.945454,2.902958,2.532702,-19.275599,0
2024-11-04,sz.300378,22.5307874000,23.1802336000,22.5008129600,23.0803188000,22.2510259600,9490000,217856771.0700,2,3.519900,1,3.727000,41.434216,3.011151,2.627095,-19.993999,0
2024-11-05,sz.300378,23.0803188000,26.2376264800,22.8904806800,25.2884358800,23.0803188000,28542826,713218357.2000,2,10.586600,1,9.567100,45.398268,3.299231,2.878432,-21.906844,0
2024-11-06,sz.300378,25.3983421600,25.8679417200,24.5690493200,24.8787852000,25.2884358800,21798809,549095577.9900,2,8.085200,1,-1.619900,44.662856,3.245786,2.831804,-21.551973,0
2024-11-07,sz.300378,24.7289130000,25.4682825200,24.5790408000,25.4183251200,24.8787852000,17083368,429382339.4600,2,6.336300,1,2.168700,45.631448,3.316177,2.893217,-22.019365,0
2024-11-08,sz.300378,25.8579502400,26.4074816400,25.2284870000,25.3284018000,25.4183251200,21389217,553486948.0200,2,7.933300,1,-0.353800,45.470016,3.304445,2.882981,-21.941466,0
2024-11-11,sz.300378,25.1685381200,26.5373708800,25.0286574000,26.2676009200,25.3284018000,21960330,574673541.8700,2,8.145200,1,3.708100,47.156084,3.426977,2.989885,-22.755075,0
2024-11-12,sz.300378,26.3775072000,26.8171323200,25.3284018000,25.7680269200,26.2676009200,19232498,503054279.0700,2,7.133400,1,-1.901900,46.259239,3.361800,2.933021,-22.322304,0
2024-11-13,sz.300378,25.6781036000,27.5265274000,25.4782740000,26.2775924000,25.7680269200,25893765,685041900.5400,2,9.604100,1,1.977500,47.174020,3.428280,2.991022,-22.763730,0
2024-11-14,sz.300378,26.3874986800,27.7763144000,25.7780184000,26.3775072000,26.2775924000,33565386,903795417.6900,2,12.449500,1,0.380200,47.353389,3.441316,3.002395,-22.850284,0
2024-11-15,sz.300378,27.9761440000,28.9752920000,26.8570982400,26.9070556400,26.3775072000,45865218,1278749417.5100,2,17.011500,1,2.007600,48.304045,3.510403,3.062670,-23.309021,0
2024-11-18,sz.300378,28.0760588000,28.9453175600,24.4691345200,24.6789556000,26.9070556400,48914474,1347951145.3500,2,18.142500,1,-8.280700,44.304118,3.219716,2.809059,-21.378864,0
2024-11-19,sz.300378,24.2792964000,26.7272090000,24.2792964000,26.7272090000,24.6789556000,40743676,1041420415.9100,2,15.111900,1,8.299600,47.981181,3.486939,3.042199,-23.153223,0
2024-11-20,sz.300378,26.6173027200,31.8528382400,26.4374560800,30.5439543600,26.7272090000,61256943,1817263775.3300,2,22.720400,1,14.280400,54.833072,3.984887,3.476636,-26.459590,0
2024-11-21,sz.300378,29.7546274400,30.2242270000,28.4157691200,28.6555646400,30.5439543600,45516877,1334151903.2200,2,16.882300,1,-6.182500,51.443000,3.738520,3.261692,-24.823718,0
2024-11-22,sz.300378,29.5148319200,31.4731620000,28.5756328000,28.6555646400,28.6555646400,50104732,1499509965.6400,2,18.584000,1,0.000000,51.443000,3.738520,3.261692,-24.823718,0
2024-11-25,sz.300378,30.9735880000,31.3332812800,28.5756328000,30.5539458400,28.6555646400,47118821,1406078896.1900,2,17.476500,1,6.624800,54.851009,3.986191,3.477774,-26.468246,0
2024-11-26,sz.300378,29.4748660000,30.0743548000,26.9769960000,27.3266978000,30.5539458400,38318583,1090507703.8800,2,14.212500,1,-10.562500,49.057394,3.565151,3.110435,-23.672548,0
2024-11-27,sz.300378,26.9769960000,28.1959565600,26.1676861200,28.0061184400,27.3266978000,31275196,852021201.1700,2,11.600100,1,2.486300,50.277102,3.653791,3.187770,-24.261116,0
2024-11-28,sz.300378,27.8262718000,28.5756328000,25.9778480000,26.2676009200,28.0061184400,33962648,923813515.0300,2,12.596800,1,-6.207600,47.156084,3.426977,2.989885,-22.755075,0
2024-11-29,sz.300378,26.2676009200,27.5265274000,25.6581206400,27.1468511600,26.2676009200,28327384,755711387.2400,2,10.506700,1,3.347300,48.734530,3.541687,3.089964,-23.516751,0
2024-12-02,sz.300378,27.1468511600,30.9536050400,26.9769960000,29.2950193600,27.1468511600,41201125,1195348869.0300,2,15.281600,1,7.913100,52.590961,3.821946,3.334478,-25.377664,0
2024-12-03,sz.300378,28.8853686800,29.2650449200,27.9261866000,28.6056072400,29.2950193600,27114239,776254012.1400,2,10.056800,1,-2.353300,51.353316,3.732003,3.256006,-24.780441,0
2024-12-04,sz.300378,28.9752920000,29.4548830400,27.5265274000,27.7663229200,28.6056072400,22267500,631451719.0000,2,8.259100,1,-2.934000,49.846617,3.622506,3.160475,-24.053386,0
2024-12-05,sz.300378,28.2459139600,30.5539458400,28.1759736000,29.8445507600,27.7663229200,40849848,1215557896.9800,2,15.151300,1,7.484700,53.577490,3.893640,3.397027,-25.853712,0
2024-12-06,sz.300378,30.4740140000,30.9735880000,29.7346444800,30.1742696000,29.8445507600,34620884,1054250020.1800,2,12.841000,1,1.104800,54.169408,3.936657,3.434557,-26.139340,0
2024-12-09,sz.300378,31.2233750000,33.4314920800,30.6738436000,31.2333664800,30.1742696000,37895641,1208608742.3800,2,14.055600,1,3.509900,56.070718,4.074831,3.555108,-27.056814,0
2024-12-10,sz.300378,32.1325996800,33.1517306400,30.6838350800,31.3532642400,31.2333664800,42862019,1374367244.7400,2,15.897600,1,0.383900,56.285961,4.090473,3.568755,-27.160679,0
2024-12-11,sz.300378,30.8536902400,31.9727360000,29.9244826000,31.3033068400,31.3532642400,31111883,965749245.4300,2,11.539500,1,-0.159300,56.196276,4.083955,3.563069,-27.117402,0
2024-12-12,sz.300378,31.1734176000,32.2724804000,29.8445507600,30.4240566000,31.3033068400,25351090,774921439.4900,2,9.402800,1,-2.808800,54.617830,3.969245,3.462989,-26.355725,0
2024-12-13,sz.300378,30.0443803600,31.3033068400,29.8545422400,29.8545422400,30.4240566000,25577670,784512659.6000,2,9.486800,1,-1.871900,53.595427,3.894944,3.398165,-25.862367,0
2024-12-16,sz.300378,29.6647041200,30.4740140000,28.6755476000,29.5348148800,29.8545422400,22760831,671607804.1800,2,8.442100,1,-1.071000,53.021447,3.853231,3.361772,-25.585394,0
2024-12-17,sz.300378,29.6147467200,29.6147467200,27.9661525200,28.1459991600,29.5348148800,20278555,577946021.6900,2,7.521400,1,-4.702300,50.528219,3.672040,3.203691,-24.382292,0
2024-12-18,sz.300378,28.2858798800,29.8245678000,27.4366040800,29.2350704800,28.1459991600,22716599,656217599.8800,2,8.425700,1,3.869400,52.483340,3.814125,3.327654,-25.325732,0
2024-12-19,sz.300378,28.5856242800,29.6247382000,28.5856242800,29.2850278800,29.2350704800,16392460,479377801.5600,2,6.080000,1,0.170900,52.573024,3.820643,3.333340,-25.369009,0
2024-12-20,sz.300378,28.9952749600,30.2542014400,28.5856242800,29.8645337200,29.2850278800,17767120,527465291.6000,2,6.589900,1,1.978800,53.613364,3.896247,3.399302,-25.871022,0
2024-12-23,sz.300378,29.9744400000,30.2442099600,27.5764848000,27.5864762800,29.8645337200,19180202,548199898.0900,2,7.114000,1,-7.628000,49.523753,3.599043,3.140004,-23.897589,0
2024-12-24,sz.300378,27.8962121600,27.9661525200,26.6272942000,27.4266126000,27.5864762800,15276400,415034060.0000,2,5.666100,1,-0.579500,49.236763,3.578186,3.121808,-23.759102,0
2024-12-25,sz.300378,27.4266126000,27.6564166400,26.2676009200,26.8870726800,27.4266126000,13873811,371687924.3400,2,5.145800,1,-1.967200,48.268171,3.507796,3.060395,-23.291710,0
2024-12-26,sz.300378,27.1768256000,27.5764848000,26.8870726800,26.8870726800,26.8870726800,11626957,317371293.5600,2,4.312500,1,0.000000,48.268171,3.507796,3.060395,-23.291710,0
2024-12-27,sz.300378,26.9270386000,28.4657265200,26.8870726800,27.2567574400,26.8870726800,15975030,443107572.7900,2,5.925200,1,1.375000,48.931836,3.556026,3.102474,-23.611960,0
2024-12-30,sz.300378,27.3266978000,28.3658117200,26.4774220000,27.5365188800,27.2567574400,12706900,350816727.9500,2,4.713000,1,1.026400,49.434069,3.592525,3.134318,-23.854312,0
2024-12-31,sz.300378,27.6464251600,27.7163655200,25.8479587600,25.8479587600,27.5365188800,13737200,366567739.5500,2,5.095200,1,-6.132100,46.402734,3.372229,2.942119,-22.391547,0
2025-01-02,sz.300378,26.1776776000,26.2476179600,24.2593134400,24.6989385600,25.8479587600,14687707,370134190.1900,2,5.447700,1,-4.445300,44.339992,3.222323,2.811333,-21.396175,0
2025-01-03,sz.300378,24.7988533600,24.9687085200,22.9004721600,23.0103784400,24.6989385600,14758800,350817341.8000,2,5.474100,1,-6.836600,41.308657,3.002027,2.619134,-19.933411,0
2025-01-06,sz.300378,23.0503443600,23.4699865200,22.4808300000,22.7406084800,23.0103784400,9953182,228356969.4000,2,3.691700,1,-1.172400,40.824361,2.966831,2.588428,-19.699715,0
2025-01-07,sz.300378,22.8904806800,23.7297650000,22.6107192400,23.6398416800,22.7406084800,11361058,264679607.2200,2,4.213800,1,3.954300,42.438682,3.084149,2.690782,-20.478702,0
2025-01-08,sz.300378,23.3301058000,23.9795520000,22.6007277600,23.8596542400,23.6398416800,12584470,294057098.1000,2,4.667600,1,0.929800,42.833293,3.112826,2.715802,-20.669121,0
2025-01-09,sz.300378,23.5898842800,24.3792112000,23.5898842800,23.9595690400,23.8596542400,11037460,266149585.6000,2,4.093800,1,0.418800,43.012662,3.125862,2.727175,-20.755675,0
2025-01-10,sz.300378,23.9196031200,24.2892878800,23.1802336000,23.2002165600,23.9595690400,10315250,245264017.5000,2,3.826000,1,-3.169300,41.649458,3.026794,2.640742,-20.097864,0
2025-01-13,sz.300378,22.7805744000,23.4799780000,22.3309578000,23.1003017600,23.2002165600,7899200,181656958.0000,2,2.929800,1,-0.430700,41.470090,3.013758,2.629370,-20.011309,0
2025-01-14,sz.300378,23.2901398800,25.0186659200,23.0903102800,25.0186659200,23.1003017600,14105530,343362280.3000,2,5.231800,1,8.304500,44.913972,3.264036,2.847726,-21.673148,0
2025-01-15,sz.300378,25.0386488800,25.2184955200,24.6389896800,24.6889470800,25.0186659200,9862800,245668224.9000,2,3.658100,1,-1.317900,44.322055,3.221019,2.810196,-21.387520,0
2025-01-16,sz.300378,25.0586318400,25.3783592000,24.3592282400,24.4791260000,24.6889470800,10026100,248860675.0000,2,3.718700,1,-0.849900,43.945380,3.193645,2.786313,-21.205756,0
2025-01-17,sz.300378,24.3991941600,24.7289130000,24.1993645600,24.4591430400,24.4791260000,6755829,165365937.9400,2,2.505800,1,-0.081600,43.909507,3.191038,2.784039,-21.188445,0
2025-01-20,sz.300378,24.6789556000,24.9387340800,24.3092708400,24.5091004400,24.4591430400,8518229,209933444.3000,2,3.159400,1,0.204200,43.999191,3.197556,2.789725,-21.231722,0
2025-01-21,sz.300378,24.6789556000,25.3783592000,24.4391600800,25.3583762400,24.5091004400,13326940,333289498.4000,2,4.943000,1,3.465100,45.523827,3.308356,2.886393,-21.967432,0
2025-01-22,sz.300378,25.1285722000,25.6381376800,24.7588874400,24.9787000000,25.3583762400,10462900,263148295.6000,2,3.880700,1,-1.497200,44.842225,3.258822,2.843177,-21.638527,0
2025-01-23,sz.300378,25.4283166000,27.2068000400,25.1085892400,26.7771664000,24.9787000000,27465862,732826612.1600,2,10.187200,1,7.200000,48.070865,3.493457,3.047885,-23.196501,0
2025-01-24,sz.300378,27.1268682000,32.1325996800,27.0968937600,32.1325996800,26.7771664000,56011349,1697274447.0400,2,20.774800,1,20.000000,57.685038,4.192148,3.657462,-27.835801,0
2025-01-27,sz.300378,34.4506230400,34.9601885200,31.7429319600,32.8919521600,32.1325996800,67436079,2238537333.0200,2,25.012200,1,2.363200,59.048242,4.291216,3.743895,-28.493612,0
2025-02-05,sz.300378,35.0201374000,36.8385867600,33.7512194400,35.0001544400,32.8919521600,57692512,2028874127.9400,2,21.398300,1,6.409500,62.832925,4.566261,3.983859,-30.319903,0
2025-02-06,sz.300378,34.1808530800,37.2682204000,33.5014324400,36.6287656800,35.0001544400,49403005,1747452515.3600,2,18.323700,1,4.653200,65.756638,4.778736,4.169234,-31.730735,0
2025-02-07,sz.300378,35.7894813600,37.2482374400,34.5705208000,36.0492598400,36.6287656800,47383464,1694104287.4000,2,17.574700,1,-1.582100,64.716299,4.703131,4.103273,-31.228722,0
2025-02-10,sz.300378,36.5688168000,37.1982800400,35.5596773200,36.7486634400,36.0492598400,34808201,1268380621.4900,2,12.910500,1,1.940100,65.971881,4.794378,4.182881,-31.834600,0
2025-02-11,sz.300378,35.8294472800,44.1023927200,35.6695836000,41.6444886400,36.7486634400,54167018,2166360464.9000,2,20.090700,1,13.322500,74.760957,5.433108,4.740144,-36.075752,0
2025-02-12,sz.300378,41.3047783200,44.4920604400,41.0849657600,43.3830061600,41.6444886400,41533132,1781817742.0100,2,15.404800,1,4.174700,77.881976,5.659922,4.938029,-37.581793,0
2025-02-13,sz.300378,44.4720774800,44.4720774800,40.7652384000,41.5245908800,43.3830061600,37428047,1575826000.4500,2,13.882200,1,-4.283700,74.545715,5.417465,4.726497,-35.971887,0
2025-02-14,sz.300378,41.2248464800,45.6210976800,40.0658348000,43.2830913600,41.5245908800,48528234,2083496764.5800,2,17.999300,1,4.234800,77.702607,5.646886,4.926656,-37.495239,0
2025-02-17,sz.300378,44.6918900400,45.7609784000,42.0141734000,43.7726738800,43.2830913600,36093819,1581193811.4600,2,13.387300,1,1.131100,78.581515,5.710759,4.982383,-37.919354,0
2025-02-18,sz.300378,42.6636196000,44.4620860000,40.4654940000,40.7752298800,43.7726738800,32566228,1362728478.9400,2,12.078900,1,-6.847800,73.200448,5.319701,4.641202,-35.322731,0
2025-02-19,sz.300378,41.3947016400,41.9342415600,40.4654940000,41.5645568000,40.7752298800,24326505,1007790794.2400,2,9.022800,1,1.935800,74.617462,5.422679,4.731046,-36.006508,0
2025-02-20,sz.300378,41.3747186800,41.9042671200,39.6262096800,40.2756558800,41.5645568000,26995858,1097679685.5000,2,10.012800,1,-3.101000,72.303603,5.254524,4.584338,-34.889960,0
2025-02-21,sz.300378,40.8151958000,41.4646420000,39.3664312000,41.1149402000,40.2756558800,30497158,1235810882.6800,2,11.311500,1,2.083900,73.810302,5.364020,4.679869,-35.617015,0
2025-02-24,sz.300378,40.7052895200,40.9251020800,39.2765078800,39.8060563200,41.1149402000,21677411,867692782.9300,2,8.040200,1,-3.183500,71.460569,5.193258,4.530886,-34.483156,0
2025-02-25,sz.300378,38.8268912800,39.4463630400,37.9676240000,38.6170702000,39.8060563200,19444294,755402950.6600,2,7.211900,1,-2.986900,69.326080,5.038138,4.395551,-33.453162,0
2025-02-26,sz.300378,38.7669424000,39.2665164000,37.7877773600,38.9867549600,38.6170702000,18166590,702781993.5000,2,6.738000,1,0.957300,69.989744,5.086369,4.437630,-33.773412,0
2025-02-27,sz.300378,38.7569509200,39.4663460000,35.9493450400,36.7286804800,38.9867549600,24259034,907540423.3200,2,8.997700,1,-5.791900,65.936007,4.791771,4.180607,-31.817290,0
2025-02-28,sz.300378,36.4689020000,36.9484930400,33.9410575600,34.0309808800,36.7286804800,18013555,634059533.5400,2,6.681300,1,-7.344900,61.093047,4.439819,3.873544,-29.480329,0
2025-03-03,sz.300378,38.2174110000,39.0267208800,35.8494302400,36.1891405600,34.0309808800,35442147,1320436785.0000,2,13.145600,1,6.341700,64.967415,4.721381,4.119194,-31.349897,0
2025-03-04,sz.300378,34.6504526400,37.7677944000,34.6504526400,36.9285100800,36.1891405600,24833217,912045802.5000,2,9.210700,1,2.043100,66.294745,4.817842,4.203352,-31.990398,0
2025-03-05,sz.300378,36.3290212800,37.5679648000,35.8993876400,37.1183482000,36.9285100800,19089400,700617147.4600,2,7.080300,1,0.514100,66.635546,4.842609,4.224960,-32.154851,0
2025-03-06,sz.300378,41.7843693600,44.5420178400,40.4654940000,44.5420178400,37.1183482000,46438023,1982204712.0200,2,17.224000,1,20.000000,79.962655,5.811131,5.069953,-38.585821,0
2025-03-07,sz.300378,45.4612340000,48.5186268800,41.7743778800,42.8934236400,44.5420178400,69172410,3168525023.7100,2,25.656200,1,-3.701200,77.003068,5.596049,4.882303,-37.157678,0
2025-03-10,sz.300378,41.9642160000,42.4537985200,39.2265504800,39.5862437600,42.8934236400,35479648,1425218932.5400,2,13.159500,1,-7.710200,71.065958,5.164581,4.505866,-34.292737,0
2025-03-11,sz.300378,38.7769338800,39.8260392800,38.7269764800,39.3364567600,39.5862437600,19615124,769333373.9200,2,7.275300,1,-0.631000,70.617536,5.131992,4.477435,-34.076352,0
2025-03-12,sz.300378,40.2057155200,40.8451702400,39.4863289600,39.5362863600,39.3364567600,24017310,963247300.9800,2,8.908100,1,0.508000,70.976273,5.158063,4.500180,-34.249460,0
2025-03-13,sz.300378,39.4163886000,39.4163886000,37.2682204000,38.3473002400,39.5362863600,23163150,884643383.5000,2,8.591300,1,-3.007300,68.841784,5.002943,4.364845,-33.219466,0
2025-03-14,sz.300378,38.0775302800,38.7469594400,37.3981096400,38.3273172800,38.3473002400,15092836,576445400.3400,2,5.598000,1,-0.052100,68.805910,5.000336,4.362570,-33.202155,0
2025-03-17,sz.300378,38.1974280400,38.4572065200,37.5479818400,37.6478966400,38.3273172800,11057567,418898099.9800,2,4.101300,1,-1.772700,67.586201,4.911696,4.285236,-32.613587,0
2025-03-18,sz.300378,37.9676240000,38.8368827600,37.6778710800,38.0675388000,37.6478966400,13375230,511622885.1800,2,4.960900,1,1.114600,68.339551,4.966444,4.333001,-32.977115,0
2025-03-19,sz.300378,37.7777858800,37.9576325200,36.9784674800,37.0683908000,38.0675388000,11631521,434089167.1000,2,4.314200,1,-2.624700,66.545862,4.836091,4.219274,-32.111573,0
2025-03-20,sz.300378,37.0683908000,38.2174110000,36.6287656800,37.7178370000,37.0683908000,14011597,528895080.1500,2,5.196900,1,1.752000,67.711759,4.920821,4.293197,-32.674175,0
2025-03-21,sz.300378,37.1782970800,37.9376495600,35.6296176800,35.6795750800,37.7178370000,13178300,481703799.7100,2,4.887900,1,-5.404000,64.052634,4.654901,4.061193,-30.908471,0
2025-03-24,sz.300378,35.6196262000,36.4089531200,33.6413131600,34.6504526400,35.6795750800,17008580,591462750.2000,2,6.308500,1,-2.884300,62.205134,4.520637,3.944055,-30.016964,0
2025-03-25,sz.300378,34.5005804400,36.1192002000,34.4805974800,35.1899925600,34.6504526400,15928286,564094818.5300,2,5.907800,1,1.557100,63.173726,4.591028,4.005467,-30.484356,0
2025-03-26,sz.300378,35.4098051200,38.0575473200,35.1999840400,37.6179222000,35.1899925600,23951022,891862087.7400,2,8.883500,1,6.899500,67.532391,4.907785,4.281824,-32.587621,0
2025-03-27,sz.300378,37.4081011200,38.4671980000,36.2890553600,37.3281692800,37.6179222000,20833900,779601230.5700,2,7.727400,1,-0.770300,67.012221,4.869983,4.248843,-32.336614,0
2025-03-28,sz.300378,37.5479818400,37.5479818400,35.9693280000,36.5188594000,37.3281692800,12797368,469209853.3000,2,4.746600,1,-2.168100,65.559333,4.764397,4.156724,-31.635526,0
2025-03-31,sz.300378,35.7395239600,39.1566101200,35.3498562400,38.8168998000,36.5188594000,24953040,946498862.7300,2,9.255200,1,6.292700,69.684817,5.064209,4.418296,-33.626270,0
2025-04-01,sz.300378,38.5171554000,38.6170702000,36.9684760000,37.0484078400,38.8168998000,18419500,689799674.0000,2,6.831800,1,-4.556000,66.509988,4.833484,4.217000,-32.094263,0
2025-04-02,sz.300378,36.9784674800,38.0775302800,36.9784674800,37.2981948400,37.0484078400,12021600,451039587.9700,2,4.458800,1,0.674200,66.958410,4.866073,4.245431,-32.310648,0
2025-04-03,sz.300378,36.5488338400,37.5180074000,36.0892257600,36.4489190400,37.2981948400,10881101,399401184.3300,2,4.035800,1,-2.277000,65.433774,4.755273,4.148763,-31.574938,0
2025-04-07,sz.300378,32.3524122400,33.7811938800,29.1551386400,29.1551386400,36.4489190400,17072964,525764526.0000,2,6.332400,1,-20.011000,52.339845,3.803697,3.318556,-25.256488,0
2025-04-08,sz.300378,29.4548830400,30.2342184800,27.7763144000,28.9653005200,29.1551386400,18350692,531346873.1400,2,6.806300,1,-0.651100,51.999044,3.778930,3.296948,-25.092035,0
2025-04-09,sz.300378,27.7063740400,29.9244826000,26.1477031600,29.7046700400,28.9653005200,17939813,510907764.4000,2,6.653900,1,2.552600,53.326374,3.875391,3.381106,-25.732536,0
2025-04-10,sz.300378,31.0735028000,32.2225230000,30.6039032400,30.6538606400,29.7046700400,15283530,479936665.6600,2,5.668700,1,3.195400,55.030378,3.999226,3.489146,-26.554800,0
2025-04-11,sz.300378,30.1742696000,32.5322588800,30.1742696000,31.3532642400,30.6538606400,13322569,417607123.5200,2,4.941400,1,2.281600,56.285961,4.090473,3.568755,-27.160679,0
2025-04-14,sz.300378,32.0726508000,33.5613813200,32.0726508000,32.6621481200,31.3532642400,15872400,521908771.3300,2,5.887100,1,4.174600,58.635693,4.261235,3.717738,-28.294537,0
2025-04-15,sz.300378,33.2716284000,34.4406315600,33.0717988000,33.9410575600,32.6621481200,18864900,638920337.0000,2,6.997000,1,3.915600,60.931615,4.428087,3.863308,-29.402430,0
2025-04-16,sz.300378,33.5713728000,34.3007508400,32.4323440800,33.0018584400,33.9410575600,13081661,434296057.3200,2,4.852000,1,-2.767100,59.245547,4.305555,3.756405,-28.588821,0
2025-04-17,sz.300378,33.3315772800,35.4697540000,33.3315772800,34.4805974800,33.0018584400,17966870,624461505.0000,2,6.664000,1,4.480800,61.900207,4.498477,3.924721,-29.869822,0
2025-04-18,sz.300378,34.2707764000,34.5705208000,32.8519862400,33.1717136000,34.4805974800,10955533,366322959.6300,2,4.063400,1,-3.796000,59.550475,4.327715,3.775739,-28.735963,0
2025-04-21,sz.300378,32.9219266000,36.1591661200,32.9219266000,35.7395239600,33.1717136000,19292327,673271424.6200,2,7.155600,1,7.741000,64.160255,4.662722,4.068017,-30.960404,0
2025-04-22,sz.300378,35.7395239600,35.8294472800,33.6912705600,33.8611257200,35.7395239600,16205608,555120780.1000,2,6.010700,1,-5.255800,60.788120,4.417659,3.854210,-29.333187,0
2025-04-23,sz.300378,34.3906741600,34.8302992800,33.9210746000,34.5205634000,33.8611257200,11777821,405856332.9700,2,4.368400,1,1.947500,61.971955,4.503692,3.929270,-29.904444,0
2025-04-24,sz.300378,34.3706912000,35.0201374000,33.4215006000,33.8211598000,34.5205634000,10592800,360851806.0000,2,3.928900,1,-2.026000,60.716372,4.412445,3.849661,-29.298565,0
2025-04-25,sz.300378,33.9110831200,34.7403759600,33.6213302000,33.9710320000,33.8211598000,10042800,343211491.0000,2,3.724900,1,0.443100,60.985426,4.431997,3.866720,-29.428396,0
2025-04-28,sz.300378,34.5105719200,36.6487486400,34.5105719200,35.5197114000,33.9710320000,17904233,643043862.7200,2,6.646400,1,4.558800,61.450363,4.412640,4.108631,1017.187014,0
2025-04-29,sz.300378,35.9593365200,37.0184334000,34.9901629600,36.4689020000,35.5197114000,14180825,514814629.2300,2,5.264200,1,2.672300,63.092497,4.530559,4.218425,1044.369227,0
2025-04-30,sz.300378,36.9684760000,38.9567805200,36.4788934800,37.8177518000,36.4689020000,18744679,715207845.4300,2,6.958400,1,3.698600,65.426055,4.698127,4.374449,1082.996582,0
2025-05-06,sz.300378,38.4771894800,39.2265504800,37.5679648000,38.6070787200,37.8177518000,16471403,632283000.8900,2,6.114500,1,2.087200,66.791619,4.796186,4.465752,1105.600738,0
2025-05-07,sz.300378,38.8768486800,39.2065675200,36.8685612000,37.2682204000,38.6070787200,15444635,583289338.9100,2,5.733400,1,-3.467900,64.475346,4.629859,4.310884,1067.259511,0
2025-05-08,sz.300378,36.9784674800,37.8177518000,36.9185186000,37.1383311600,37.2682204000,9692823,361622760.7400,2,3.598200,1,-0.348500,64.250633,4.613722,4.295859,1063.539840,0
2025-05-09,sz.300378,36.7886293600,37.1283396800,35.8494302400,35.9393535600,37.1383311600,8788637,318521855.6900,2,3.262500,1,-3.228400,62.176359,4.464772,4.157171,1029.204413,0
2025-05-12,sz.300378,36.2091235200,36.9285100800,35.7195410000,36.4689020000,35.9393535600,9369630,340368849.4000,2,3.478200,1,1.473500,63.092497,4.530559,4.218425,1044.369227,0
2025-05-13,sz.300378,37.9876069600,38.2473854400,36.4689020000,36.5688168000,36.4689020000,11832700,441437861.8000,2,4.392600,1,0.274000,63.265353,4.542971,4.229983,1047.230512,0
2025-05-14,sz.300378,36.4589105200,37.9276580800,35.8794046800,36.9484930400,36.5688168000,10063804,370708000.4800,2,3.735900,1,1.038300,63.922206,4.590139,4.273900,1058.103398,0
2025-05-15,sz.300378,36.5887997600,36.6187742000,34.7503674400,34.8203078000,36.9484930400,11774400,415652163.1000,2,4.370900,1,-5.759900,60.240370,4.325753,4.027729,997.158015,0
2025-05-16,sz.300378,34.7203930000,34.9501970400,34.3806826800,34.5505378400,34.8203078000,5674112,196653254.4000,2,2.106400,1,-0.774700,59.773659,4.292239,3.996525,989.432544,0
2025-05-19,sz.300378,34.5305548800,35.3698392000,33.8111683200,34.8502822400,34.5505378400,7279654,252345758.5800,2,2.702400,1,0.867600,60.292227,4.329476,4.031197,998.016401,0
2025-05-20,sz.300378,34.8103163200,35.2399499600,34.4506230400,34.8602737200,34.8502822400,4994130,174232148.6000,2,1.853900,1,0.028700,60.309513,4.330718,4.032352,998.302530,0
2025-05-21,sz.300378,34.7603589200,34.8702652000,34.3207338000,34.3307252800,34.8602737200,5557068,191840736.6300,2,2.062900,1,-1.519100,59.393375,4.264931,3.971098,983.137716,0
2025-05-22,sz.300378,34.0209894000,35.4098051200,33.8511342400,34.8802566800,34.3307252800,8948100,311900783.0000,2,3.321700,1,1.600700,60.344084,4.333200,4.034664,998.874787,0
2025-05-23,sz.300378,34.4805974800,35.9193706000,34.0309808800,34.8203078000,34.8802566800,10886283,381935074.3200,2,4.041200,1,-0.171900,60.240370,4.325753,4.027729,997.158015,0
2025-05-26,sz.300378,34.4905889600,35.1500266400,34.2008360400,34.8203078000,34.8203078000,6120100,211598013.0000,2,2.271900,1,0.000000,60.240370,4.325753,4.027729,997.158015,0
2025-05-27,sz.300378,34.6904185600,34.8203078000,33.4215006000,33.7212450000,34.8203078000,7887217,267032567.7700,2,2.927900,1,-3.156400,58.338953,4.189215,3.900599,965.683874,0
2025-05-28,sz.300378,33.8611257200,34.2208190000,33.2816198800,33.4314920800,33.7212450000,4601554,155121788.7400,2,1.708200,1,-0.859300,57.837670,4.153219,3.867082,957.386146,0
2025-05-29,sz.300378,33.6113387200,34.6704356000,33.3515602400,34.3606997200,33.4314920800,7849689,268723125.6900,2,2.914000,1,2.779400,59.445232,4.268655,3.974566,983.996102,0
2025-05-30,sz.300378,34.2008360400,34.2607849200,33.2716284000,33.3016028400,34.3606997200,5587600,187933342.0800,2,2.074200,1,-3.082300,57.612957,4.137083,3.852058,953.666475,0
2025-06-03,sz.300378,33.0518158400,33.7612109200,32.9718840000,33.2016880400,33.3016028400,4260942,142045537.4200,2,1.581800,1,-0.300000,57.440100,4.124670,3.840501,950.805189,0
2025-06-04,sz.300378,33.2216710000,34.0309808800,32.9718840000,33.6712876000,33.2016880400,4540100,152760150.0400,2,1.685400,1,1.414400,58.252524,4.183009,3.894820,964.253231,0
2025-06-05,sz.300378,33.6413131600,35.3198818000,33.5813642800,35.1800010800,33.6712876000,9812840,340561826.1400,2,3.642700,1,4.480700,60.862652,4.370438,4.069336,1007.458643,0
2025-06-06,sz.300378,35.0000000000,35.9200000000,34.8600000000,35.3300000000,35.1800000000,6878827,243156775.2400,2,2.553600,1,0.426400,61.070080,4.385333,4.083204,1010.892186,0
2025-06-09,sz.300378,35.6800000000,37.4400000000,35.6800000000,36.4200000000,35.3300000000,12270047,452127072.8600,2,4.554900,1,3.085200,62.954212,4.520629,4.209179,1042.080198,0
2025-06-10,sz.300378,36.7600000000,36.7800000000,34.6100000000,35.6900000000,36.4200000000,9483209,335870711.4700,2,3.520400,1,-2.004400,61.692362,4.430018,4.124811,1021.192814,0
2025-06-11,sz.300378,35.7000000000,37.2100000000,35.6900000000,35.9600000000,35.6900000000,7367993,267517011.5600,2,2.735200,1,0.756500,62.159074,4.463531,4.156016,1028.918285,0
2025-06-12,sz.300378,35.7100000000,36.3900000000,35.3300000000,36.1400000000,35.9600000000,5596481,201426916.1300,2,2.077500,1,0.500600,62.470215,4.485874,4.176819,1034.068599,0
2025-06-13,sz.300378,36.4400000000,36.4400000000,33.8000000000,33.9500000000,36.1400000000,11189093,386230736.8400,2,4.153600,1,-6.059800,58.684665,4.214040,3.923713,971.406445,0
2025-06-16,sz.300378,33.8900000000,35.5300000000,33.5500000000,35.1200000000,33.9500000000,8360900,291329361.0000,2,3.103800,1,3.446200,60.707082,4.359266,4.058934,1004.883486,0
2025-06-17,sz.300378,35.0000000000,35.0700000000,34.0300000000,34.5700000000,35.1200000000,5489129,189113392.2700,2,2.037700,1,-1.566100,59.756373,4.290998,3.995369,989.146416,0
2025-06-18,sz.300378,34.6000000000,34.7300000000,33.7600000000,34.0100000000,34.5700000000,4671600,159381724.0000,2,1.734200,1,-1.619900,58.788379,4.221488,3.930648,973.123217,0
2025-06-19,sz.300378,34.0000000000,35.1000000000,33.3800000000,33.5000000000,34.0100000000,9325600,319365887.0000,2,3.461900,1,-1.499600,57.906812,4.158184,3.871705,958.530660,0
2025-06-20,sz.300378,33.3000000000,34.4900000000,32.0000000000,32.0200000000,33.5000000000,9871801,324512599.0300,2,3.664600,1,-4.417900,55.348541,3.974479,3.700657,916.183634,0
2025-06-23,sz.300378,31.5000000000,33.0200000000,31.5000000000,32.6400000000,32.0200000000,6740294,218723120.2000,2,2.502100,1,1.936300,56.420249,4.051437,3.772312,933.923605,0
2025-06-24,sz.300378,32.8800000000,34.0900000000,32.7500000000,33.7800000000,32.6400000000,7711800,259412744.8000,2,2.862800,1,3.492600,58.390809,4.192939,3.904066,966.542260,0
2025-06-25,sz.300378,33.7800000000,35.1500000000,33.5000000000,35.0400000000,33.7800000000,11097430,384497419.0000,2,4.119600,1,3.730000,60.568797,4.349336,4.049688,1002.594458,0
2025-06-26,sz.300378,35.0400000000,36.9000000000,34.7600000000,35.9400000000,35.0400000000,15296160,553079252.8000,2,5.678300,1,2.568500,62.124502,4.461049,4.153704,1028.346028,0
2025-06-27,sz.300378,35.9900000000,36.2400000000,35.3000000000,35.6500000000,35.9400000000,7831336,279912686.5600,2,2.907200,1,-0.806900,61.623219,4.425053,4.120188,1020.048300,0
2025-06-30,sz.300378,35.4800000000,36.8400000000,35.4800000000,36.6000000000,35.6500000000,8980150,327046030.5000,2,3.333600,1,2.664800,63.265353,4.542971,4.229983,1047.230512,0
2025-07-01,sz.300378,36.4200000000,36.6000000000,35.9000000000,36.2600000000,36.6000000000,6045250,218863467.0000,2,2.244100,1,-0.929000,62.677642,4.500769,4.190688,1037.502142,0
2025-07-02,sz.300378,36.1200000000,36.2800000000,34.8800000000,35.0800000000,36.2600000000,6761750,239326672.0000,2,2.510100,1,-3.254300,60.637939,4.354301,4.054311,1003.738972,0
2025-07-03,sz.300378,35.1000000000,35.9300000000,35.0000000000,35.7800000000,35.0800000000,5802303,205878263.8400,2,2.153900,1,1.995400,61.847932,4.441189,4.135212,1023.767971,0
2025-07-04,sz.300378,35.6600000000,36.2200000000,34.4000000000,34.7900000000,35.7800000000,7175103,251091165.8300,2,2.663600,1,-2.766900,60.136657,4.318305,4.020795,995.441244,0
2025-07-07,sz.300378,34.6800000000,34.7700000000,33.5000000000,33.7000000000,34.7900000000,9306400,317419370.0000,2,3.454700,1,-3.133100,58.252524,4.183009,3.894820,964.253231,0
2025-07-08,sz.300378,33.5700000000,34.4800000000,33.5700000000,34.3300000000,33.7000000000,6734085,230091613.8500,2,2.499800,1,1.869400,59.341518,4.261208,3.967631,982.279330,0
2025-07-09,sz.300378,34.4300000000,36.6800000000,34.0500000000,36.1200000000,34.3300000000,16194687,578759373.4900,2,6.011800,1,5.214100,62.435643,4.483391,4.174507,1033.496342,0
2025-07-10,sz.300378,36.3400000000,36.3400000000,35.2500000000,35.6600000000,36.1200000000,7962352,284650773.5100,2,2.955800,1,-1.273500,61.640505,4.426294,4.121344,1020.334428,0
2025-07-11,sz.300378,35.8600000000,39.6000000000,35.5200000000,38.9800000000,35.6600000000,28992563,1104606383.4800,2,10.762700,1,9.310200,67.379329,4.838388,4.505047,1115.329109,0
2025-07-14,sz.300378,38.8800000000,38.9400000000,37.8600000000,38.3500000000,38.9800000000,14586316,557357286.4300,2,5.414800,1,-1.616200,66.290336,4.760190,4.432236,1097.303010,0
2025-07-15,sz.300378,38.1900000000,46.0200000000,38.1000000000,46.0200000000,38.3500000000,44319528,1886227873.3800,2,16.452400,1,20.000000,79.548403,5.712228,5.318683,1316.763612,0
2025-07-16,sz.300378,46.2700000000,47.0000000000,43.8800000000,45.7000000000,46.0200000000,39565883,1785261712.9600,2,14.687700,1,-0.695300,78.995263,5.672508,5.281700,1307.607498,0
2025-07-17,sz.300378,44.9100000000,47.3900000000,43.9900000000,45.8200000000,45.7000000000,36916760,1686977690.9400,2,13.704300,1,0.262600,79.202690,5.687403,5.295568,1311.041040,0
2025-07-18,sz.300378,48.6600000000,50.3300000000,46.3600000000,46.9300000000,45.8200000000,40366394,1934857183.6100,2,14.984900,1,2.422500,81.121394,5.825181,5.423855,1342.801310,0
2025-07-21,sz.300378,45.5200000000,47.6200000000,45.3600000000,46.0600000000,46.9300000000,25574509,1184576982.1900,2,9.493800,1,-1.853800,79.617545,5.717193,5.323306,1317.908126,0
2025-07-22,sz.300378,45.4200000000,46.1500000000,44.0500000000,44.5100000000,46.0600000000,23706503,1064476874.9800,2,8.800400,1,-3.365200,76.938275,5.524799,5.144167,1273.558200,0
2025-07-23,sz.300378,44.2000000000,47.3800000000,43.7800000000,46.3500000000,44.5100000000,29179836,1342542715.1700,2,10.832200,1,4.133900,80.118828,5.753189,5.356822,1326.205854,0
2025-07-24,sz.300378,46.2000000000,48.0300000000,45.7200000000,47.3000000000,46.3500000000,25034798,1172691310.3600,2,9.293500,1,2.049600,81.760962,5.871108,5.466617,1353.388067,0
2025-07-25,sz.300378,48.0800000000,52.9600000000,48.0800000000,50.4300000000,47.3000000000,39219297,1961221870.1000,2,14.559100,1,6.617300,87.171359,6.259618,5.828361,1442.946304,0
2025-07-28,sz.300378,50.0000000000,50.2200000000,47.1000000000,50.1000000000,50.4300000000,30695916,1484380273.0600,2,11.395000,1,-0.654400,86.600934,6.218657,5.790222,1433.504062,0
2025-07-29,sz.300378,49.1000000000,52.6100000000,48.6900000000,49.8400000000,50.1000000000,26983483,1369774369.3000,2,10.016900,1,-0.519000,86.151508,6.186385,5.760173,1426.064720,0
2025-07-30,sz.300378,48.8400000000,51.5000000000,48.1800000000,49.1200000000,49.8400000000,23469988,1158249259.0500,2,8.712600,1,-1.444600,84.906944,6.097015,5.676960,1405.463464,0
2025-07-31,sz.300378,52.1500000000,56.5000000000,49.8000000000,52.5500000000,49.1200000000,40094500,2105232572.7200,2,14.884000,1,6.982900,90.835910,6.522763,6.073377,1503.605558,0
2025-08-01,sz.300378,55.0900000000,63.0600000000,52.6800000000,60.9900000000,52.5500000000,56486072,3254165339.6300,2,20.968900,1,16.060900,105.424969,7.570377,7.048815,1745.098059,0
2025-08-04,sz.300378,60.9900000000,66.5600000000,60.1000000000,65.0200000000,60.9900000000,53898426,3406408476.3300,2,20.008300,1,6.607600,112.391072,8.070601,7.514576,1860.407867,0
2025-08-05,sz.300378,62.5000000000,62.9800000000,58.7400000000,61.8500000000,65.0200000000,52745462,3217094198.7100,2,19.580300,1,-4.875400,106.911532,7.677125,7.148208,1769.705115,0
2025-08-06,sz.300378,60.6800000000,64.5400000000,59.2000000000,64.5400000000,61.8500000000,46140952,2876980288.4000,2,17.128500,1,4.349200,111.561363,8.011021,7.459100,1846.673696,0
2025-08-07,sz.300378,64.0000000000,66.9300000000,61.0800000000,66.0600000000,64.5400000000,44064648,2840413611.9800,2,16.357800,1,2.355100,114.188776,8.199691,7.634772,1890.165236,0
2025-08-08,sz.300378,62.0100000000,62.8000000000,55.0300000000,55.5000000000,66.0600000000,50932883,3000900389.7200,2,18.907400,1,-15.985500,95.935166,6.888932,6.414318,1588.013482,0
2025-08-11,sz.300378,53.9300000000,57.6500000000,53.8200000000,56.0800000000,55.5000000000,32611824,1818122889.5100,2,12.106200,1,1.045000,96.937732,6.960924,6.481350,1604.608938,0
2025-08-12,sz.300378,55.5200000000,56.4200000000,54.2900000000,55.3900000000,56.0800000000,29460186,1625229480.3400,2,10.936300,1,-1.230400,95.745025,6.875278,6.401605,1584.866068,0
2025-08-13,sz.300378,54.7500000000,56.0800000000,54.5800000000,55.3300000000,55.3900000000,26928537,1488519874.2000,2,9.996500,1,-0.108300,95.641311,6.867830,6.394670,1583.149297,0
2025-08-14,sz.300378,55.3000000000,57.3300000000,53.9800000000,54.0400000000,55.3300000000,34043819,1895669230.5700,2,12.637800,1,-2.331500,93.411466,6.707709,6.245581,1546.238713,0
2025-08-15,sz.300378,53.5800000000,56.3700000000,53.1200000000,55.5100000000,54.0400000000,30375495,1656529883.2800,2,11.276100,1,2.720200,95.952452,6.890173,6.415474,1588.299611,0
2025-08-18,sz.300378,55.0100000000,59.0000000000,55.0100000000,59.0000000000,55.5100000000,36185803,2082153630.4900,2,13.433000,1,6.287200,101.985132,7.323369,6.818824,1688.158476,0
2025-08-19,sz.300378,58.6000000000,61.7700000000,57.3500000000,57.6500000000,59.0000000000,34292986,2032221470.8300,2,12.730300,1,-2.288100,99.651574,7.155800,6.662800,1649.531121,0
2025-08-20,sz.300378,56.5000000000,56.5300000000,53.7600000000,55.1700000000,57.6500000000,28118037,1545946684.0500,2,10.438000,1,-4.301800,95.364741,6.847970,6.376179,1578.571240,0
2025-08-21,sz.300378,55.2100000000,55.9600000000,54.3200000000,55.3600000000,55.1700000000,18204511,1005139972.9900,2,6.757900,1,0.344400,95.693168,6.871554,6.398138,1584.007682,0
2025-08-22,sz.300378,55.5800000000,58.9000000000,55.0100000000,58.6600000000,55.3600000000,30747913,1772256796.7500,2,11.414300,1,5.961000,101.397421,7.281166,6.779529,1678.430106,0
2025-08-25,sz.300378,59.1000000000,61.5000000000,58.0300000000,59.0400000000,58.6600000000,31469705,1875978548.8000,2,11.682200,1,0.647800,102.054274,7.328334,6.823447,1689.302991,0
2025-08-26,sz.300378,58.1100000000,62.1100000000,58.1100000000,61.0800000000,59.0400000000,31057901,1887302323.6600,2,11.529400,1,3.455300,105.580540,7.581549,7.059217,1747.673216,0
2025-08-27,sz.300378,62.5000000000,65.0000000000,59.4000000000,61.4000000000,61.0800000000,39175006,2432830328.9900,2,14.542600,1,0.523900,106.133680,7.621269,7.096200,1756.829330,0
2025-08-28,sz.300378,59.4100000000,59.8900000000,55.4800000000,58.0000000000,61.4000000000,34659279,1987539081.8000,2,12.866300,1,-5.537500,100.256570,7.199244,6.703251,1659.545621,0
2025-08-29,sz.300378,57.0100000000,57.5000000000,52.2500000000,52.6200000000,58.0000000000,35978224,1936414282.8500,2,13.355900,1,-9.275900,90.956909,6.531452,6.081467,1505.608458,0
2025-09-01,sz.300378,52.9900000000,54.2500000000,52.9000000000,54.0000000000,52.6200000000,21130305,1132649417.6400,2,7.844000,1,2.622600,92.619862,6.386693,6.179319,166.605242,0
2025-09-02,sz.300378,54.0000000000,54.0800000000,50.5700000000,50.8900000000,54.0000000000,23884205,1233048741.2300,2,8.866300,1,-5.759300,87.285644,6.018867,5.823436,157.010014,0
2025-09-03,sz.300378,51.5000000000,51.5500000000,49.5000000000,49.7000000000,50.8900000000,14094956,710326387.0600,2,5.232400,1,-2.338400,85.244577,5.878123,5.687262,153.338528,0
2025-09-04,sz.300378,49.7000000000,50.5000000000,47.1100000000,48.1300000000,49.7000000000,18996994,928011305.5100,2,7.052100,1,-3.159000,82.551740,5.692436,5.507604,148.494635,0
2025-09-05,sz.300378,48.5900000000,48.9900000000,47.2200000000,48.9000000000,48.1300000000,17365761,836891024.7900,2,6.446600,1,1.599800,83.872431,5.783506,5.595717,150.870303,0
2025-09-08,sz.300378,48.8900000000,50.7000000000,48.0100000000,50.3500000000,48.9000000000,19444927,971177365.0700,2,7.218400,1,2.965200,86.359446,5.955000,5.761643,155.343962,0
2025-09-09,sz.300378,49.8800000000,50.9500000000,48.2600000000,48.6100000000,50.3500000000,17456376,860587164.6200,2,6.480200,1,-3.455800,83.375028,5.749207,5.562531,149.975571,0
2025-09-10,sz.300378,48.8000000000,49.9300000000,48.8000000000,49.1300000000,48.6100000000,11921154,588077744.0300,2,4.425400,1,1.069700,84.266923,5.810708,5.622036,151.579917,0
2025-09-11,sz.300378,49.7700000000,51.5000000000,48.6800000000,51.1100000000,49.1300000000,20762912,1046648940.9300,2,7.707600,1,4.030100,87.662984,6.044887,5.848611,157.688776,0
2025-09-12,sz.300378,51.2000000000,53.2300000000,51.1200000000,51.2800000000,51.1100000000,20461275,1066818979.4800,2,7.595700,1,0.332600,87.954565,6.064993,5.868064,158.213274,0
2025-09-15,sz.300378,50.6600000000,51.1800000000,50.0000000000,50.4200000000,51.2800000000,12880024,649772894.6000,2,4.781300,1,-1.677100,86.479508,5.963279,5.769653,155.559932,0
2025-09-16,sz.300378,50.8400000000,52.5000000000,50.1300000000,52.2700000000,50.4200000000,18001447,927778788.7600,2,6.682500,1,3.669200,89.652596,6.182083,5.981352,161.267704,0
2025-09-17,sz.300378,51.7600000000,52.9900000000,50.8000000000,52.3300000000,52.2700000000,20799776,1076373076.9700,2,7.721300,1,0.114800,89.755507,6.189179,5.988218,161.452821,0
2025-09-18,sz.300378,52.0900000000,52.8800000000,50.5000000000,50.9500000000,52.3300000000,21317621,1104814693.8200,2,7.913600,1,-2.637100,87.388555,6.025963,5.830302,157.195131,0
2025-09-19,sz.300378,50.5700000000,51.3800000000,49.9000000000,50.0200000000,50.9500000000,12837825,648635405.7200,2,4.765700,1,-1.825300,85.793435,5.915970,5.723880,154.325819,0
2025-09-22,sz.300378,49.9100000000,50.8500000000,49.5800000000,50.3900000000,50.0200000000,11469570,575983274.8300,2,4.257800,1,0.739700,86.428053,5.959731,5.766220,155.467373,0
2025-09-23,sz.300378,50.5700000000,50.7200000000,46.8900000000,48.3800000000,50.3900000000,17853349,862884336.5800,2,6.627600,1,-3.988900,82.980536,5.722004,5.536212,149.265956,0
2025-09-24,sz.300378,47.8500000000,50.6000000000,47.6200000000,50.1200000000,48.3800000000,15103011,746549167.8500,2,5.606600,1,3.596500,85.964954,5.927798,5.735323,154.634347,0
2025-09-25,sz.300378,50.5900000000,55.5500000000,50.3000000000,53.1900000000,50.1200000000,43246011,2314656601.1200,2,16.053900,1,6.125300,91.230564,6.290893,6.086629,164.106163,0
2025-09-26,sz.300378,52.3200000000,53.2100000000,50.8200000000,51.0100000000,53.1900000000,20646640,1072560637.4300,2,7.664500,1,-4.098500,87.491466,6.033060,5.837168,157.380248,0
2025-09-29,sz.300378,51.0100000000,54.8800000000,51.0100000000,53.0300000000,51.0100000000,26611192,1421487256.8100,2,9.878700,1,3.960000,90.956135,6.271969,6.068320,163.612518,0
2025-09-30,sz.300378,54.9000000000,56.4300000000,53.2400000000,55.7500000000,53.0300000000,34182991,1874105845.0300,2,12.689500,1,5.129200,95.621432,6.593670,6.379575,172.004486,0
2025-10-09,sz.300378,54.4000000000,62.8800000000,54.0900000000,61.4000000000,55.7500000000,48602805,2861406261.2600,2,18.042400,1,10.134500,105.312214,7.261907,7.026115,189.436331,0
2025-10-10,sz.300378,58.8600000000,60.7300000000,55.1600000000,56.2700000000,61.4000000000,35593681,2039319269.8500,2,13.213200,1,-8.355000,96.513327,6.655171,6.439079,173.608833,0
2025-10-13,sz.300378,53.3300000000,57.4800000000,53.2200000000,54.3100000000,56.2700000000,23385300,1285060511.8600,2,8.681100,1,-3.483200,93.151569,6.423358,6.214793,167.561680,0
2025-10-14,sz.300378,54.4500000000,55.4300000000,50.6500000000,51.0100000000,54.3100000000,21669414,1149066932.9700,2,8.044200,1,-6.076200,87.491466,6.033060,5.837168,157.380248,0
2025-10-15,sz.300378,50.2200000000,51.9900000000,49.8300000000,51.4600000000,51.0100000000,13073394,667717782.4800,2,4.853100,1,0.882200,88.263298,6.086282,5.888662,158.768625,0
2025-10-16,sz.300378,51.0500000000,51.1600000000,49.4000000000,49.4300000000,51.4600000000,14888858,746737484.7300,2,5.527100,1,-3.944800,84.781478,5.846190,5.656366,152.505502,0
2025-10-17,sz.300378,49.4000000000,50.0000000000,47.4300000000,47.4400000000,49.4300000000,12999139,630576752.5200,2,4.825600,1,-4.025900,81.368264,5.610828,5.428646,146.365790,0
2025-10-20,sz.300378,48.5200000000,49.0000000000,47.8200000000,48.2500000000,47.4400000000,9618867,465158763.9900,2,3.570700,1,1.707400,82.757562,5.706629,5.521336,148.864869,0
2025-10-21,sz.300378,48.6900000000,48.7800000000,47.6000000000,48.6800000000,48.2500000000,11150458,538690132.8000,2,4.139300,1,0.891200,83.495091,5.757486,5.570542,150.191540,0
2025-10-22,sz.300378,48.9500000000,50.2800000000,48.8000000000,49.3400000000,48.6800000000,15071865,748260872.3600,2,5.595000,1,1.355800,84.627111,5.835545,5.646067,152.227827,0
2025-10-23,sz.300378,49.0100000000,49.6300000000,47.9000000000,48.8600000000,49.3400000000,9137526,442331689.3900,2,3.392100,1,-0.972800,83.803823,5.778775,5.591139,150.746891,0
2025-10-24,sz.300378,49.0900000000,51.0000000000,48.9800000000,50.3500000000,48.8600000000,13994413,699850493.0300,2,5.195000,1,3.049500,86.359446,5.955000,5.761643,155.343962,0
2025-10-27,sz.300378,50.4600000000,50.7800000000,49.2800000000,50.1600000000,50.3500000000,13118383,655026816.7700,2,4.869800,1,-0.377400,86.033561,5.932528,5.739901,154.757758,0
2025-10-28,sz.300378,50.1100000000,53.6800000000,50.0000000000,51.6000000000,50.1600000000,25097245,1307870091.1500,2,9.316600,1,2.870800,88.503424,6.102840,5.904683,159.200565,0
2025-10-29,sz.300378,51.0000000000,51.5000000000,50.0000000000,51.3700000000,51.6000000000,14424821,731531282.0600,2,5.354800,1,-0.445700,88.108932,6.075638,5.878363,158.490950,0
2025-10-30,sz.300378,50.4600000000,50.4600000000,48.6300000000,48.7500000000,51.3700000000,19286586,953403654.3700,2,7.159600,1,-5.100300,84.354005,5.814410,5.577767,93.674872,0
2025-10-31,sz.300378,48.8300000000,53.5800000000,48.7900000000,52.4500000000,48.7500000000,34722497,1809192837.0200,2,12.889800,1,7.589700,90.756258,6.255709,6.001105,100.784555,0
2025-11-03,sz.300378,53.8000000000,54.9300000000,52.4500000000,54.4400000000,52.4500000000,28590179,1543627727.1100,2,10.613300,1,3.794100,94.199631,6.493056,6.228792,104.608411,0
2025-11-04,sz.300378,53.5900000000,54.2600000000,52.9000000000,54.0000000000,54.4400000000,17329065,930222418.6300,2,6.432900,1,-0.808200,93.438282,6.440577,6.178449,103.762936,0
2025-11-05,sz.300378,52.3500000000,52.8800000000,50.3000000000,51.2400000000,54.0000000000,20828901,1069730376.6000,2,7.732100,1,-5.111100,88.662548,6.111392,5.862662,98.459497,0
2025-11-06,sz.300378,51.0300000000,51.5900000000,49.6100000000,51.2500000000,51.2400000000,14846808,751000283.6800,2,5.511500,1,0.019500,88.679851,6.112585,5.863806,98.478712,0
2025-11-07,sz.300378,50.5000000000,50.7900000000,49.2800000000,49.3100000000,51.2500000000,13439479,668118655.9200,2,4.989000,1,-3.785400,85.322995,5.881201,5.641839,94.750933,0
2025-11-10,sz.300378,47.4100000000,47.5800000000,43.2700000000,43.4500000000,49.3100000000,35420011,1593382220.6600,2,13.148700,1,-11.884000,75.183211,5.182279,4.971363,83.490732,0
2025-11-11,sz.300378,43.7400000000,43.7700000000,42.5200000000,42.8400000000,43.4500000000,15837015,681976450.4800,2,5.879000,1,-1.403900,74.127704,5.109524,4.901570,82.318596,0
2025-11-12,sz.300378,42.5900000000,42.8400000000,42.0100000000,42.6300000000,42.8400000000,8562876,363758028.0600,2,3.178700,1,-0.490200,73.764333,5.084478,4.877542,81.915073,0
2025-11-13,sz.300378,42.7300000000,42.8900000000,42.2700000000,42.8500000000,42.6300000000,9662596,411930626.5300,2,3.587000,1,0.516100,74.145007,5.110717,4.902714,82.337811,0
2025-11-14,sz.300378,42.4300000000,42.4300000000,41.4000000000,41.4000000000,42.8500000000,9902351,415301838.5400,2,3.676000,1,-3.383900,71.636017,4.937776,4.736811,79.551584,0
2025-11-17,sz.300378,41.4000000000,43.4200000000,41.4000000000,42.9100000000,41.4000000000,13239835,564700498.0000,2,4.912000,1,3.647300,74.292328,5.120872,4.912455,82.501410,0
2025-11-18,sz.300378,42.9700000000,45.1300000000,42.5100000000,44.4100000000,42.9100000000,20956603,927388297.9400,2,7.775000,1,3.495700,76.889356,5.299881,5.084179,85.385402,0
2025-11-19,sz.300378,44.3000000000,44.3100000000,43.1000000000,43.3900000000,44.4100000000,12131897,528928586.1500,2,4.501000,1,-2.296800,75.123377,5.178155,4.967407,83.424287,0
2025-11-20,sz.300378,43.9400000000,44.2500000000,43.0000000000,43.1500000000,43.3900000000,7834693,340785208.0000,2,2.906700,1,-0.553100,74.707852,5.149513,4.939931,82.962848,0
2025-11-21,sz.300378,41.9000000000,43.8800000000,41.9000000000,42.4000000000,43.1500000000,11598476,496417145.0700,2,4.303100,1,-1.738100,73.409338,5.060008,4.854069,81.520852,0
2025-11-24,sz.300378,42.5100000000,45.3400000000,41.1600000000,44.8100000000,42.4000000000,20165386,881394079.6600,2,7.481400,1,5.684000,77.581897,5.347617,5.129972,86.154467,0
2025-11-25,sz.300378,44.2500000000,46.3800000000,44.2500000000,45.3500000000,44.8100000000,17957328,821492413.4800,2,6.662200,1,1.205100,78.516827,5.412061,5.191793,87.192704,0
2025-11-26,sz.300378,44.9200000000,45.5800000000,43.9200000000,44.1000000000,45.3500000000,11869825,530567832.0200,2,4.403700,1,-2.756300,76.352637,5.262886,5.048690,84.789377,0
2025-11-27,sz.300378,44.3900000000,44.4300000000,43.1700000000,43.2400000000,44.1000000000,9673078,422917469.4600,2,3.588700,1,-1.950100,74.863674,5.160254,4.950234,83.135888,0
2025-11-28,sz.300378,43.1500000000,43.7900000000,42.9100000000,43.4000000000,43.2400000000,6807896,294996742.8700,2,2.525800,1,0.370000,75.140690,5.179348,4.968552,83.443514,0
2025-12-01,sz.300378,43.3100000000,43.9900000000,43.0500000000,43.6600000000,43.4000000000,7991700,348152429.0100,2,2.964900,1,0.599100,75.590842,5.210377,4.998317,83.943406,0
2025-12-02,sz.300378,43.6700000000,44.4000000000,43.1100000000,43.9600000000,43.6600000000,8946724,391268635.0600,2,3.319300,1,0.687100,76.110248,5.246179,5.032662,84.520204,0
2025-12-03,sz.300378,43.3300000000,43.5000000000,42.0500000000,42.2000000000,43.9600000000,9095578,387521364.4300,2,3.374500,1,-4.003600,73.063068,5.036140,4.831172,81.136320,0
2025-12-04,sz.300378,42.1900000000,42.4200000000,41.5200000000,42.0600000000,42.2000000000,6268218,263165024.1700,2,2.325500,1,-0.331800,72.820678,5.019433,4.815145,80.867147,0
2025-12-05,sz.300378,42.0900000000,42.6800000000,41.6400000000,42.4800000000,42.0600000000,5661736,238932629.6600,2,2.100500,1,0.998600,73.547846,5.069556,4.863227,81.674665,0
2025-12-08,sz.300378,42.7000000000,43.7700000000,42.6400000000,43.3800000000,42.4800000000,8614952,372251950.0700,2,3.196200,1,2.118600,75.106063,5.176961,4.966262,83.405061,0
2025-12-09,sz.300378,43.3800000000,44.3500000000,43.0100000000,43.2400000000,43.3800000000,7819706,341772048.7300,2,2.901100,1,-0.322700,74.863674,5.160254,4.950234,83.135888,0
2025-12-10,sz.300378,42.9800000000,43.5800000000,42.4200000000,43.5800000000,43.2400000000,6430718,276498573.2400,2,2.385800,1,0.786300,75.452334,5.200829,4.989159,83.789593,0
2025-12-11,sz.300378,43.1300000000,43.1300000000,41.8200000000,41.8500000000,43.5800000000,12208487,515711383.3400,2,4.529400,1,-3.969700,72.457094,4.994371,4.791103,80.463388,0
2025-12-12,sz.300378,41.5300000000,42.2800000000,41.3200000000,42.0900000000,41.8500000000,14394254,602047423.4300,2,5.340300,1,0.573500,72.872619,5.023013,4.818579,80.924827,0
2025-12-15,sz.300378,40.8800000000,41.6400000000,40.5100000000,40.9400000000,42.0900000000,8001490,328973086.4000,2,2.968600,1,-2.732200,70.881564,4.885772,4.686924,78.713766,0
2025-12-16,sz.300378,40.9300000000,41.0900000000,40.1200000000,40.2800000000,40.9400000000,6347112,256984546.7400,2,2.354800,1,-1.612100,69.738871,4.807008,4.611365,77.444810,0
2025-12-17,sz.300378,40.1100000000,42.2700000000,40.1100000000,42.2000000000,40.2800000000,12413746,517433969.9400,2,4.605500,1,4.766600,73.063068,5.036140,4.831172,81.136320,0
2025-12-18,sz.300378,41.8100000000,42.9900000000,41.6600000000,41.7500000000,42.2000000000,7201344,304080931.8600,2,2.671700,1,-1.066400,72.283959,4.982437,4.779655,80.271122,0
2025-12-19,sz.300378,41.8000000000,42.1800000000,41.4100000000,41.4900000000,41.7500000000,4863661,202672070.3600,2,1.804400,1,-0.622800,71.833807,4.951409,4.749890,79.771230,0
2025-12-22,sz.300378,41.6000000000,42.0200000000,41.4700000000,41.8500000000,41.4900000000,4048264,169212694.9200,2,1.501900,1,0.867700,72.457094,4.994371,4.791103,80.463388,0
2025-12-23,sz.300378,41.8900000000,41.9500000000,41.3600000000,41.5000000000,41.8500000000,4509212,187795920.6100,2,1.672900,1,-0.836300,71.851121,4.952603,4.751034,79.790457,0
2025-12-24,sz.300378,41.3700000000,42.1900000000,41.2000000000,42.0300000000,41.5000000000,4885477,204354766.3000,2,1.812500,1,1.277100,72.768738,5.015853,4.811710,80.809467,0
2025-12-25,sz.300378,42.3300000000,43.0000000000,42.0500000000,42.7300000000,42.0300000000,6349990,270195887.3000,2,2.355900,1,1.665500,73.980684,5.099391,4.891848,82.155331,0
2025-12-26,sz.300378,42.6000000000,43.8800000000,42.4900000000,42.9400000000,42.7300000000,9176374,395816480.9800,2,3.404500,1,0.491500,74.344268,5.124452,4.915890,82.559090,0
2025-12-29,sz.300378,42.9800000000,43.6600000000,42.6800000000,43.0800000000,42.9400000000,7433868,320529478.7000,2,2.758000,1,0.326000,74.586658,5.141159,4.931917,82.828262,0
2025-12-30,sz.300378,45.0200000000,45.4000000000,43.7500000000,44.2100000000,43.0800000000,18484094,821517179.2800,2,6.857700,1,2.623000,76.543086,5.276013,5.061283,85.000870,0
2025-12-31,sz.300378,43.8500000000,46.5000000000,43.7100000000,45.2600000000,44.2100000000,22094476,1001272748.0400,2,8.197100,1,2.375000,78.361006,5.401320,5.181490,87.019664,0
2026-01-05,sz.300378,45.0000000000,48.8800000000,44.5800000000,48.4500000000,45.2600000000,30078983,1439530283.9400,2,11.159400,1,7.048200,83.884019,5.782014,5.546690,93.152955,0
2026-01-06,sz.300378,48.1000000000,48.4800000000,46.9000000000,48.4400000000,48.4500000000,20129062,962037892.0300,2,7.467900,1,-0.020600,83.866706,5.780821,5.545545,93.133728,0
2026-01-07,sz.300378,48.0000000000,48.5300000000,47.0100000000,47.4600000000,48.4400000000,14080990,671714591.9200,2,5.224100,1,-2.023100,82.169981,5.663868,5.433352,91.249520,0
2026-01-08,sz.300378,49.6900000000,52.6400000000,48.2000000000,50.3500000000,47.4600000000,40664318,2039746126.4600,2,15.086600,1,6.089300,87.173589,6.008760,5.764207,96.806012,0
2026-01-09,sz.300378,49.2300000000,54.0000000000,49.1800000000,53.6800000000,50.3500000000,43620238,2253370897.2400,2,16.183200,1,6.613700,92.938992,6.406162,6.145434,103.208475,0
2026-01-12,sz.300378,54.7200000000,64.3800000000,54.4800000000,62.6900000000,53.6800000000,54111053,3197692064.7400,2,20.075400,1,16.784600,108.538476,7.481413,7.176924,120.531656,0
2026-01-13,sz.300378,67.0100000000,70.8000000000,62.8900000000,63.0300000000,62.6900000000,64121843,4196473375.6600,2,23.789400,1,0.542400,109.127136,7.521989,7.215848,121.185361,0
2026-01-14,sz.300378,63.5700000000,71.7800000000,63.0400000000,64.7700000000,63.0300000000,56792943,3798572236.9300,2,21.070400,1,2.760600,112.139689,7.729640,7.415048,124.530792,0
2026-01-15,sz.300378,62.7800000000,67.1000000000,61.3900000000,64.8500000000,64.7700000000,36685531,2375159317.4500,2,13.610400,1,0.123500,112.278197,7.739187,7.424207,124.684605,0
2026-01-16,sz.300378,62.9300000000,69.7600000000,62.0800000000,62.1300000000,64.8500000000,40900924,2669942901.5200,2,15.174400,1,-4.194300,107.568919,7.414583,7.112814,119.454966,0
2026-01-19,sz.300378,60.2900000000,61.6900000000,58.9200000000,59.5400000000,62.1300000000,31298357,1882082141.0200,2,11.611800,1,-4.168700,103.084717,7.105493,6.816303,114.475272,0
2026-01-20,sz.300378,59.8600000000,60.8700000000,56.8800000000,57.7200000000,59.5400000000,21776004,1269188905.5800,2,8.079000,1,-3.056800,99.933655,6.888294,6.607945,110.976028,0
2026-01-21,sz.300378,56.7300000000,60.5500000000,56.7200000000,57.5900000000,57.7200000000,17429160,1018667460.9200,2,6.466300,1,-0.225200,99.708580,6.872780,6.593062,110.726082,0
2026-01-22,sz.300378,57.7200000000,58.9900000000,56.3100000000,57.2900000000,57.5900000000,16876568,971537366.8600,2,6.261300,1,-0.520900,99.189174,6.836978,6.558717,110.149284,0
2026-01-23,sz.300378,57.6900000000,60.7200000000,57.1800000000,59.5100000000,57.2900000000,24514910,1451179958.9500,2,9.095100,1,3.875000,103.032776,7.101913,6.812869,114.417592,0
2026-01-26,sz.300378,59.5200000000,60.2700000000,56.7100000000,57.5600000000,59.5100000000,17019497,982784175.0900,2,6.314300,1,-3.276800,99.656639,6.869200,6.589627,110.668402,0
2026-01-27,sz.300378,57.9100000000,59.8200000000,55.5500000000,58.8100000000,57.5600000000,17956586,1030549433.9400,2,6.661900,1,2.171600,101.820829,7.018375,6.732731,113.071729,0
2026-01-28,sz.300378,58.8200000000,59.8000000000,56.3600000000,56.4200000000,58.8100000000,18222157,1049281893.9500,2,6.760500,1,-4.063900,97.682897,6.733153,6.459117,108.476568,0
2026-01-29,sz.300378,56.2200000000,60.5000000000,55.4500000000,57.0600000000,56.4200000000,25091591,1467634622.1400,2,9.309100,1,1.134300,98.790963,6.809530,6.532386,109.707071,0
2026-01-30,sz.300378,56.4200000000,56.9700000000,54.2200000000,55.1500000000,57.0600000000,17249894,953127921.1800,2,6.399800,1,-3.347400,95.484080,6.581591,6.313724,106.034788,0
2026-02-02,sz.300378,55.3400000000,56.5800000000,52.6100000000,52.7200000000,55.1500000000,15338612,826569187.4000,2,5.690700,1,-4.406200,91.276894,6.291595,6.035531,101.362720,0
2026-02-03,sz.300378,53.2000000000,53.7300000000,52.0600000000,53.7200000000,52.7200000000,13588782,721249451.6200,2,5.041500,1,1.896800,93.008246,6.410935,6.150014,103.285382,0
2026-02-04,sz.300378,52.2600000000,53.0900000000,49.9000000000,50.2400000000,53.7200000000,23183342,1174839827.2700,2,8.601100,1,-6.478000,86.983140,5.995633,5.751614,96.594519,0
2026-02-05,sz.300378,49.5000000000,50.2600000000,49.0000000000,49.2700000000,50.2400000000,11128138,550916093.6300,2,4.128600,1,-1.930700,85.303728,5.879873,5.640565,94.729538,0
2026-02-06,sz.300378,48.9900000000,49.4800000000,47.9300000000,48.1700000000,49.2700000000,12311417,599118682.3500,2,4.567600,1,-2.232600,83.399241,5.748599,5.514634,92.614610,0
2026-02-09,sz.300378,49.1600000000,49.8000000000,48.2000000000,49.5700000000,48.1700000000,13538911,664688406.3200,2,5.023000,1,2.906400,85.823134,5.915675,5.674910,95.306336,0
2026-02-10,sz.300378,49.7500000000,50.3900000000,48.8200000000,49.9500000000,49.5700000000,14686881,731360255.6900,2,5.448900,1,0.766600,86.481048,5.961024,5.718414,96.036947,0
2026-02-11,sz.300378,49.8800000000,50.3000000000,49.0100000000,49.1600000000,49.9500000000,10207167,505372677.6200,2,3.786900,1,-1.581600,85.113280,5.866746,5.627972,94.518045,0
2026-02-12,sz.300378,49.2100000000,50.2500000000,48.9000000000,49.8200000000,49.1600000000,10719786,532390155.7700,2,3.977100,1,1.342600,86.255972,5.945510,5.703531,95.787001,0
2026-02-13,sz.300378,49.5700000000,49.9400000000,48.7000000000,48.7000000000,49.8200000000,10538946,519001610.3800,2,3.910000,1,-2.248100,84.316858,5.811849,5.575310,93.633620,0
2026-02-24,sz.300378,49.5000000000,49.5000000000,46.7100000000,46.8600000000,48.7000000000,15247487,720695782.2700,2,5.656900,1,-3.778200,81.131169,5.592264,5.364662,90.095923,0
2026-02-25,sz.300378,46.9700000000,47.2800000000,46.4900000000,46.9600000000,46.8600000000,9844239,461614259.5100,2,3.652200,1,0.213400,81.304305,5.604198,5.376110,90.288189,0
2026-02-26,sz.300378,46.9600000000,47.8700000000,46.5400000000,47.5300000000,46.9600000000,10261791,486312494.9700,2,3.807200,1,1.213800,82.291175,5.672222,5.441365,91.384106,0
2026-02-27,sz.300378,47.2400000000,49.7300000000,47.1000000000,48.7600000000,47.5300000000,16247341,791506703.6900,2,6.027800,1,2.587800,84.420739,5.819010,5.582179,93.748980,0
2026-03-02,sz.300378,47.1200000000,48.0000000000,46.1000000000,46.3500000000,48.7600000000,15103747,706042926.9400,2,5.603500,1,-4.942600,80.248180,5.531401,5.306276,89.115366,0
2026-03-03,sz.300378,46.8800000000,46.9400000000,43.6400000000,43.8000000000,46.3500000000,12757978,572510476.6700,2,4.733200,1,-5.501600,75.833231,5.227084,5.014345,84.212579,0
2026-03-04,sz.300378,43.6400000000,44.4300000000,42.4200000000,42.7500000000,43.8000000000,12683703,548356536.1500,2,4.705700,1,-2.397300,74.015311,5.101777,4.894138,82.193784,0
2026-03-05,sz.300378,44.1500000000,44.4600000000,42.9000000000,43.3300000000,42.7500000000,9279022,404874653.3400,2,3.442500,1,1.356700,75.019496,5.170994,4.960538,83.308928,0
2026-03-06,sz.300378,43.4200000000,44.6900000000,43.0500000000,44.2100000000,43.3300000000,9915210,436872109.7900,2,3.678600,1,2.030900,76.543086,5.276013,5.061283,85.000870,0
2026-03-09,sz.300378,43.2000000000,45.6000000000,43.1800000000,45.2900000000,44.2100000000,16573732,739744270.8200,2,6.148900,1,2.442900,78.412946,5.404900,5.184924,87.077344,0
2026-03-10,sz.300378,46.2100000000,46.7000000000,44.6800000000,45.5500000000,45.2900000000,17971893,817710566.4300,2,6.667600,1,0.574100,78.863098,5.435929,5.214690,87.577236,0
2026-03-11,sz.300378,45.4900000000,45.8900000000,44.8000000000,44.8500000000,45.5500000000,9887253,446898407.5100,2,3.668200,1,-1.536800,77.651151,5.352391,5.134552,86.231373,0
2026-03-12,sz.300378,44.7600000000,45.5500000000,44.0000000000,44.1800000000,44.8500000000,8496630,379870920.2300,2,3.152300,1,-1.493900,76.491145,5.272433,5.057848,84.943190,0
2026-03-13,sz.300378,43.9100000000,44.0000000000,42.8000000000,42.9500000000,44.1800000000,8756464,379580444.9000,2,3.248700,1,-2.784100,74.361582,5.125645,4.917034,82.578316,0
2026-03-16,sz.300378,42.9300000000,42.9500000000,41.9600000000,42.8000000000,42.9500000000,8079778,342674460.1800,2,2.997600,1,-0.349200,74.101879,5.107744,4.899862,82.289917,0
2026-03-17,sz.300378,43.1800000000,43.4000000000,42.0100000000,42.0100000000,42.8000000000,7697524,328347260.7600,2,2.855800,1,-1.845800,72.734111,5.013466,4.809421,80.771014,0
2026-03-18,sz.300378,42.3300000000,43.4200000000,42.2500000000,43.3000000000,42.0100000000,8632654,370497771.3400,2,3.202700,1,3.070700,74.967555,5.167414,4.957103,83.251248,0
