date,code,open,high,low,close,preclose,volume,amount,adjustflag,turn,tradestatus,pctChg,peTTM,pbMRQ,psTTM,pcfNcfTTM,isST
2023-06-26,sz.301162,61.4895555600,64.5444818100,59.5995745200,61.6198990800,61.0333532400,2282366,171899455.6600,2,3.768700,1,0.961000,104.015325,7.354734,19.691678,17.625697,0
2023-06-27,sz.301162,61.0007673600,63.1269960300,60.8378379600,61.0252067700,61.6198990800,1093400,82823497.8000,2,1.805500,1,-0.965100,103.011476,7.283753,19.501634,17.455592,0
2023-06-28,sz.301162,61.0740855900,63.3225113100,59.4692310000,61.6606314300,61.0252067700,1798512,136078123.9200,2,2.969800,1,1.041200,104.084082,7.359595,19.704695,17.637348,0
2023-06-29,sz.301162,61.6361920200,62.6219148900,60.0231909600,61.0252067700,61.6606314300,1259892,94774651.2800,2,2.080400,1,-1.030500,103.011476,7.283753,19.501634,17.455592,0
2023-06-30,sz.301162,61.1392573500,65.5546440900,59.9987515500,64.2593553600,61.0252067700,2837938,217892819.6200,2,4.686200,1,5.299700,108.470767,7.669770,20.535161,18.380685,0
2023-07-03,sz.301162,65.0984417700,66.2959728600,61.7258031900,65.1717600000,64.2593553600,2910802,228505348.1000,2,4.806400,1,1.419900,110.010920,7.778671,20.826736,18.641668,0
2023-07-04,sz.301162,65.1554670600,66.1900687500,63.1840213200,64.4711635800,65.1717600000,1426038,113626099.4900,2,2.354700,1,-1.075000,108.828303,7.695050,20.602848,18.441270,0
2023-07-05,sz.301162,65.1473205900,70.0352025900,64.6096535700,67.2816957300,64.4711635800,2494070,207674372.9500,2,4.118300,1,4.359400,113.572524,8.030506,21.501001,19.245192,0
2023-07-06,sz.301162,67.9578527400,70.1655461100,66.7114428300,68.1615144900,67.2816957300,2519326,211380501.7600,2,4.160000,1,1.307700,115.057671,8.135518,21.782162,19.496855,0
2023-07-07,sz.301162,68.4303480000,68.8376715000,65.9864070000,67.2083775000,68.1615144900,1535337,127073091.6900,2,2.535200,1,-1.398400,113.448762,8.021755,21.477571,19.224220,0
2023-07-10,sz.301162,65.1717600000,68.0719033200,65.1636135300,66.4426093200,67.2083775000,1794437,146473066.3800,2,2.963000,1,-1.139400,112.156133,7.930355,21.232857,19.005181,0
2023-07-11,sz.301162,66.2308011000,67.2246704400,65.3346894000,66.2308011000,66.4426093200,948560,77063645.8000,2,1.566300,1,-0.318800,111.798598,7.905075,21.165170,18.944595,0
2023-07-12,sz.301162,68.1859539000,71.8192795200,64.8459012000,65.0821488300,66.2308011000,4123221,345217307.6300,2,6.808400,1,-1.734300,109.859655,7.767976,20.798099,18.616036,0
2023-07-13,sz.301162,64.9680982500,67.0373016300,62.8907484000,63.5831983500,65.0821488300,2666250,209977668.5500,2,4.402600,1,-2.303200,107.329404,7.589066,20.319084,18.187277,0
2023-07-14,sz.301162,62.7359654700,63.9823753800,62.2390308000,62.6870866500,63.5831983500,1670792,129203484.9200,2,2.758900,1,-1.409400,105.816754,7.482109,20.032716,17.930954,0
2023-07-17,sz.301162,63.1595819100,65.7420129000,62.3204955000,65.0821488300,62.6870866500,1492240,118269458.8700,2,2.464000,1,3.820700,109.859655,7.767976,20.798099,18.616036,0
2023-07-18,sz.301162,64.6748253300,65.2695176400,62.9559201600,63.6076377600,65.0821488300,1312735,103248022.1000,2,2.167600,1,-2.265600,107.370658,7.591983,20.326894,18.194268,0
2023-07-19,sz.301162,64.4956029900,64.9273659000,62.5730360700,63.3958295400,63.6076377600,1331653,103802647.9700,2,2.198900,1,-0.333000,107.013123,7.566702,20.259207,18.133683,0
2023-07-20,sz.301162,63.4039760100,63.9905218500,62.0761014000,62.4345460800,63.3958295400,1120558,86483449.8800,2,1.850300,1,-1.516300,105.390462,7.451967,19.952013,17.858718,0
2023-07-21,sz.301162,62.4426925500,63.5424660000,60.7726662000,62.6626472400,62.4345460800,1192595,90688378.9700,2,1.969200,1,0.365300,105.775500,7.479192,20.024906,17.923964,0
2023-07-24,sz.301162,63.2654860200,64.0149612600,61.0985250000,61.5139949700,62.6626472400,713256,54729129.8000,2,1.177700,1,-1.833100,103.836557,7.342093,19.657835,17.595404,0
2023-07-25,sz.301162,62.3286419700,62.3286419700,59.7950898000,61.0740855900,61.5139949700,1121340,83549964.6000,2,1.851600,1,-0.715100,103.093984,7.289587,19.517254,17.469573,0
2023-07-26,sz.301162,60.6178832700,60.8459844300,58.6545840000,59.8847009700,61.0740855900,1367516,99892167.3700,2,2.258100,1,-1.947400,101.086284,7.147626,19.137167,17.129363,0
2023-07-27,sz.301162,60.1535344800,61.6524849600,59.4855239400,60.1209486000,59.8847009700,741842,55226551.4200,2,1.225000,1,0.394500,101.485074,7.175824,19.212664,17.196939,0
2023-07-28,sz.301162,60.1128021300,60.1128021300,58.1006240400,58.2309675600,60.1209486000,867574,62583639.7000,2,1.432600,1,-3.143600,98.294757,6.950243,18.608688,16.656330,0
2023-07-31,sz.301162,58.0110128700,58.2635534400,56.0477136000,56.7157241400,58.2309675600,1381131,96280639.7700,2,2.280600,1,-2.602100,95.737003,6.769389,18.124467,16.222912,0
2023-08-01,sz.301162,56.9519717700,57.2126588100,54.1821719700,55.5507789300,56.7157241400,1398763,94834805.2900,2,2.309700,1,-2.054000,93.770558,6.630345,17.752189,15.889692,0
2023-08-02,sz.301162,55.0864301400,57.6770076000,54.5243237100,57.4814923200,55.5507789300,1474644,102201328.4100,2,2.435000,1,3.475600,97.029632,6.860788,18.369181,16.441951,0
2023-08-03,sz.301162,57.2370982200,57.7992046500,55.5670718700,55.6648295100,57.4814923200,642510,44556778.5900,2,1.060900,1,-3.160400,93.963077,6.643958,17.788635,15.922315,0
2023-08-04,sz.301162,55.6892689200,57.2696841000,55.2330666000,55.9173700800,55.6648295100,622348,42814356.4800,2,1.027600,1,0.453700,94.389370,6.674100,17.869339,15.994551,0
2023-08-07,sz.301162,55.3552636500,57.8236440600,55.3063848300,57.0415829400,55.9173700800,731458,50961952.4800,2,1.207800,1,2.010500,96.287058,6.808282,18.228600,16.316120,0
2023-08-08,sz.301162,57.5140782000,57.5140782000,55.7788800900,56.1780571200,57.0415829400,537220,37113984.6000,2,0.887100,1,-1.513900,94.829413,6.705215,17.952646,16.069118,0
2023-08-09,sz.301162,55.8196124400,57.0986082300,55.4937536400,55.8440518500,56.1780571200,353164,24381247.8400,2,0.583200,1,-0.594500,94.265607,6.665349,17.845909,15.973579,0
2023-08-10,sz.301162,56.9112394200,56.9112394200,55.3063848300,55.8766377300,55.8440518500,298059,20485604.5200,2,0.492200,1,0.058400,94.320613,6.669238,17.856322,15.982900,0
2023-08-11,sz.301162,55.9662489000,56.6179665000,55.3145313000,55.8766377300,55.8766377300,604163,41586876.1300,2,0.997600,1,0.000000,94.320613,6.669238,17.856322,15.982900,0
2023-08-14,sz.301162,55.6892689200,56.9030929500,55.3308242400,56.7320170800,55.8766377300,499400,34478391.8000,2,0.824600,1,1.530800,95.764506,6.771333,18.129673,16.227572,0
2023-08-15,sz.301162,57.2452446900,57.4326135000,54.1984649100,54.6709601700,56.7320170800,715922,48378807.7700,2,1.182200,1,-3.633000,92.285411,6.525333,17.471028,15.638029,0
2023-08-16,sz.301162,54.6709601700,55.3959960000,53.6037726000,54.0925608000,54.6709601700,606309,40342629.9600,2,1.001200,1,-1.058000,91.309064,6.456297,17.286190,15.472584,0
2023-08-17,sz.301162,54.1821719700,56.0314206600,53.3593785000,54.8338895700,54.0925608000,985607,66464039.4700,2,1.627500,1,1.370500,92.560438,6.544779,17.523095,15.684633,0
2023-08-18,sz.301162,55.2249201300,55.6892689200,53.5223079000,53.6037726000,54.8338895700,791543,52557135.1100,2,1.307000,1,-2.243400,82.503419,6.467682,16.023176,-48.457469,0
2023-08-21,sz.301162,53.9948031600,54.5161772400,52.9683479400,53.0416661700,53.6037726000,468465,30900453.5500,2,0.773600,1,-1.048600,81.638261,6.399860,15.855152,-47.949328,0
2023-08-22,sz.301162,54.1007072700,54.8909148600,52.2514585800,53.9703637500,53.0416661700,612654,40320445.2300,2,1.011600,1,1.750900,83.067652,6.511914,16.132757,-48.788865,0
2023-08-23,sz.301162,54.0110961000,54.0599749200,52.6506356100,52.8135650100,53.9703637500,434986,28464257.7800,2,0.718300,1,-2.143400,81.287183,6.372338,15.786968,-47.743126,0
2023-08-24,sz.301162,53.3267926200,53.3593785000,51.2250033600,51.3716398200,52.8135650100,1008068,64105014.1600,2,1.664600,1,-2.730200,79.067866,6.198359,15.355949,-46.439635,0
2023-08-25,sz.301162,51.3716398200,51.6893521500,49.6934670000,50.0193258000,51.3716398200,920286,57128829.1600,2,1.519600,1,-2.632400,76.986473,6.035193,14.951717,-45.217152,0
2023-08-28,sz.301162,51.8930139000,52.5447315000,48.4307641500,48.7240370700,50.0193258000,1302624,80040362.7000,2,2.151000,1,-2.589600,74.992849,5.878907,14.564531,-44.046219,0
2023-08-29,sz.301162,48.0641730000,51.1353921900,48.0641730000,50.3859169500,48.7240370700,1076060,66059336.8000,2,1.776900,1,3.410800,77.550706,6.079425,15.061298,-45.548548,0
2023-08-30,sz.301162,50.4022098900,51.8767209600,50.4022098900,51.0376345500,50.3859169500,807254,50572795.8000,2,1.333000,1,1.293500,78.553787,6.158059,15.256109,-46.137696,0
2023-08-31,sz.301162,51.0376345500,52.1944332900,50.4022098900,52.0477968300,51.0376345500,1124369,71147174.4800,2,1.856600,1,1.979200,80.108563,6.279942,15.558065,-47.050876,0
2023-09-01,sz.301162,52.5447315000,52.5447315000,50.3614775400,50.5244069400,52.0477968300,722828,45232666.6800,2,1.193600,1,-2.926900,77.763861,6.096134,15.102696,-45.673742,0
2023-09-04,sz.301162,50.5162604700,50.7769475100,49.5305376000,50.2718663700,50.5244069400,806140,49480565.6000,2,1.331100,1,-0.499800,77.375167,6.065664,15.027206,-45.445447,0
2023-09-05,sz.301162,50.3859169500,50.9154375000,49.2861435000,49.9867399200,50.2718663700,834268,51134162.6000,2,1.377600,1,-0.567200,76.936319,6.031261,14.941977,-45.187694,0
2023-09-06,sz.301162,49.9867399200,50.7525081000,49.3513152600,50.2881593100,49.9867399200,683600,41975945.4000,2,1.128800,1,0.603000,77.400244,6.067629,15.032077,-45.460175,0
2023-09-07,sz.301162,50.2881593100,50.7850939800,48.7810623600,48.8951129400,50.2881593100,538680,32592462.0000,2,0.889500,1,-2.770100,75.256158,5.899548,14.615669,-44.200870,0
2023-09-08,sz.301162,49.1395070400,50.6873363400,48.2271024000,49.8971287500,48.8951129400,891500,54350614.8000,2,1.472100,1,2.049300,76.798395,6.020449,14.915190,-45.106686,0
2023-09-11,sz.301162,50.1659622600,50.4673816500,49.1802393900,49.9785934500,49.8971287500,886860,54253563.0000,2,1.464400,1,0.163300,76.923780,6.030278,14.939542,-45.180330,0
2023-09-12,sz.301162,49.9785934500,52.0559433000,49.7586387600,50.7525081000,49.9785934500,1419760,88995439.4000,2,2.344400,1,1.548500,78.114939,6.123656,15.170879,-45.879944,0
2023-09-13,sz.301162,51.5101298100,54.1740255000,50.2066946100,53.9377778700,50.7525081000,3161168,205140194.7800,2,5.219900,1,6.276100,83.017498,6.507982,16.123016,-48.759407,0
2023-09-14,sz.301162,53.3593785000,55.3552636500,52.2758979900,54.1088537400,53.9377778700,2217302,145468574.6800,2,3.661300,1,0.317200,83.280807,6.528624,16.174154,-48.914059,0
2023-09-15,sz.301162,54.2066113800,54.9805260300,52.6099032600,53.1964491000,54.1088537400,1846507,121799455.2700,2,3.049100,1,-1.686200,81.876493,6.418536,15.901419,-48.089251,0
2023-09-18,sz.301162,53.2045955700,54.5813490000,50.1170834400,50.6384575200,53.1964491000,2668893,169857252.2500,2,4.407000,1,-4.808600,77.939400,6.109895,15.136787,-45.776843,0
2023-09-19,sz.301162,51.2087104200,51.7300845000,46.7607378000,47.7953394900,50.6384575200,2923274,173178499.0600,2,4.827100,1,-5.614500,73.563459,5.766853,14.286926,-43.206682,0
2023-09-20,sz.301162,47.8034859600,48.4226176800,45.5224743600,46.2312172500,47.7953394900,1817029,103744912.3300,2,3.000400,1,-3.272500,71.156064,5.578130,13.819380,-41.792726,0
2023-09-21,sz.301162,46.0845807900,46.0845807900,44.4471403200,45.0336861600,46.2312172500,1510664,83729858.1700,2,2.494500,1,-2.590300,69.312903,5.433639,13.461416,-40.710165,0
2023-09-22,sz.301162,44.8055850000,47.2006471800,44.8055850000,46.9888389600,45.0336861600,1347109,76967655.2600,2,2.224400,1,4.341500,72.322146,5.669543,14.045848,-42.477611,0
2023-09-25,sz.301162,46.6059548700,47.2495260000,45.5469137700,45.6202320000,46.9888389600,901205,50785230.8000,2,1.488100,1,-2.912600,70.215676,5.504410,13.636745,-41.240399,0
2023-09-26,sz.301162,45.2617873200,46.6059548700,45.2617873200,45.9705302100,45.6202320000,751280,42407309.8000,2,1.240600,1,0.767900,70.754832,5.546676,13.741456,-41.557066,0
2023-09-27,sz.301162,45.9379443300,47.7220212600,45.6202320000,46.4674648800,45.9705302100,936648,53854011.5200,2,1.546600,1,1.081000,71.519681,5.606635,13.889999,-42.006292,0
2023-09-28,sz.301162,46.1578990200,47.5102130400,45.6854037600,46.0764343200,46.4674648800,539300,30583980.1000,2,0.890500,1,-0.841500,70.917832,5.559454,13.773113,-41.652803,0
2023-10-09,sz.301162,46.0682878500,47.7301677300,45.5469137700,46.2963890100,46.0764343200,847236,48844196.8000,2,1.399000,1,0.477400,71.256372,5.585994,13.838861,-41.851640,0
2023-10-10,sz.301162,46.4430254700,48.1945165200,46.0357019700,46.3534143000,46.2963890100,859620,49527585.0000,2,1.419500,1,0.123200,71.344142,5.592874,13.855907,-41.903191,0
2023-10-11,sz.301162,46.3371213600,46.8177630900,45.2943732000,45.6528178800,46.3534143000,774790,43653807.7000,2,1.279400,1,-1.511400,70.265830,5.508342,13.646486,-41.269856,0
2023-10-12,sz.301162,45.9135049200,46.3452678300,45.2943732000,45.7098431700,45.6528178800,586865,32869907.7500,2,0.969100,1,0.124900,70.353599,5.515223,13.663532,-41.321407,0
2023-10-13,sz.301162,46.1741919600,52.9520550000,46.1416060800,49.2535576200,45.7098431700,5218912,317751231.6800,2,8.617800,1,7.752600,75.807853,5.942797,14.722815,-44.524902,0
2023-10-16,sz.301162,48.6914511900,48.9358452900,47.5265059800,47.8360718400,49.2535576200,2248461,132717364.7800,2,3.712800,1,-2.877900,73.626151,5.771767,14.299102,-43.243504,0
2023-10-17,sz.301162,47.8768041900,49.8726893400,47.8360718400,48.4633500300,47.8360718400,1532044,91806322.5000,2,2.529800,1,1.311300,74.591617,5.847453,14.486607,-43.810559,0
2023-10-18,sz.301162,47.9827083000,47.9908547700,46.1497525500,46.9888389600,48.4633500300,1838793,105375931.5200,2,3.036300,1,-3.042500,72.322146,5.669543,14.045848,-42.477611,0
2023-10-19,sz.301162,46.5978084000,47.9012436000,46.1904849000,46.3452678300,46.9888389600,953240,54624132.1500,2,1.574000,1,-1.369600,71.331603,5.591891,13.853472,-41.895827,0
2023-10-20,sz.301162,45.9623837400,46.9725460200,44.8055850000,44.9033426400,46.3452678300,980480,54970721.6000,2,1.619000,1,-3.111300,69.112286,5.417912,13.422454,-40.592335,0
2023-10-23,sz.301162,45.7016967000,45.7016967000,43.5836145000,44.2353321000,44.9033426400,766873,42176897.1300,2,1.266300,1,-1.487700,68.084128,5.337312,13.222773,-39.988458,0
2023-10-24,sz.301162,44.8055850000,48.5529612000,43.1844374700,48.3900318000,44.2353321000,2003122,114412222.6600,2,3.307700,1,9.392300,71.564387,5.702460,13.146210,-78.732166,0
2023-10-25,sz.301162,48.6344259000,48.6507188400,47.0865966000,47.1762077700,48.3900318000,1210412,70709147.1900,2,1.998700,1,-2.508400,69.769254,5.559419,12.816449,-76.757234,0
2023-10-26,sz.301162,46.8422025000,47.6161171500,45.7016967000,47.6079706800,47.1762077700,882500,50562724.0000,2,1.457200,1,0.915200,70.407791,5.610299,12.933746,-77.459727,0
2023-10-27,sz.301162,47.8849506600,51.3227610000,47.0051319000,50.7280686900,47.6079706800,2208679,134750644.4300,2,3.647100,1,6.553700,75.022128,5.977983,13.781389,-82.536228,0
2023-10-30,sz.301162,50.5081140000,51.1190992500,49.8645428700,50.3859169500,50.7280686900,1102946,68401276.6600,2,1.821200,1,-0.674500,74.516117,5.937663,13.688436,-81.979536,0
2023-10-31,sz.301162,50.3859169500,50.4022098900,48.3248600400,48.8299411800,50.3859169500,877890,52818826.4200,2,1.449600,1,-3.088100,72.214973,5.754301,13.265721,-79.447913,0
2023-11-01,sz.301162,49.2861435000,49.3268758500,46.7933236800,46.8992277900,48.8299411800,864251,50468035.6100,2,1.427100,1,-3.954000,69.359626,5.526779,12.741201,-76.306579,0
2023-11-02,sz.301162,46.8747883800,47.9338294800,46.0275555000,47.5102130400,46.8992277900,1282779,74176730.5700,2,2.118200,1,1.302800,70.263217,5.598779,12.907188,-77.300672,0
2023-11-03,sz.301162,47.7057283200,51.7952562600,47.1925007100,51.0376345500,47.5102130400,1823760,112450681.9000,2,3.011500,1,7.424600,75.479947,6.014464,13.865490,-83.039902,0
2023-11-06,sz.301162,51.2168568900,52.1292615300,50.9154375000,51.1761245400,51.0376345500,1140353,71804786.3200,2,1.883000,1,0.271300,75.684761,6.030784,13.903113,-83.265230,0
2023-11-07,sz.301162,51.1761245400,52.6669285500,50.2718663700,51.9826250700,51.1761245400,1480491,93742292.4200,2,2.444700,1,1.575900,76.877501,6.125825,14.122217,-84.577433,0
2023-11-08,sz.301162,52.1048221200,52.4551203300,51.1598316000,51.6486198000,51.9826250700,933484,59214633.3600,2,1.541400,1,-0.642500,76.383538,6.086464,14.031477,-84.033995,0
2023-11-09,sz.301162,51.6486198000,53.2127420400,51.2901751200,52.3818021000,51.6486198000,998743,64118310.8000,2,1.649200,1,1.419600,77.467847,6.172865,14.230662,-85.226907,0
2023-11-10,sz.301162,52.3899485700,52.6180497300,51.2412963000,52.4632668000,52.3818021000,727906,46447139.2000,2,1.202000,1,0.155500,77.588326,6.182465,14.252794,-85.359453,0
2023-11-13,sz.301162,52.2107262300,52.5447315000,51.2901751200,51.4123721700,52.4632668000,637288,40490287.8400,2,1.052300,1,-2.003100,76.034150,6.058624,13.967295,-83.649613,0
2023-11-14,sz.301162,52.5365850300,52.5365850300,50.6140181100,51.2005639500,51.4123721700,634188,39738574.3600,2,1.047200,1,-0.412000,75.720905,6.033664,13.909753,-83.304994,0
2023-11-15,sz.301162,51.9744786000,52.0559433000,50.8176798600,51.4449580500,51.2005639500,550273,34644518.1800,2,0.908600,1,0.477300,76.082341,6.062464,13.976148,-83.702631,0
2023-11-16,sz.301162,51.4286651100,51.4286651100,50.3614775400,50.5895787000,51.4449580500,403848,25160520.4800,2,0.666900,1,-1.662700,74.817314,5.961663,13.743765,-82.310901,0
2023-11-17,sz.301162,50.5977251700,51.5671551000,50.0193258000,51.4123721700,50.5895787000,409700,25708087.4000,2,0.676500,1,1.626400,76.034150,6.058624,13.967295,-83.649613,0
2023-11-20,sz.301162,51.4856904000,52.9520550000,50.7769475100,51.7219380300,51.4123721700,729780,46460348.6000,2,1.205100,1,0.602100,76.491969,6.095105,14.051396,-84.153286,0
2023-11-21,sz.301162,51.7219380300,51.7219380300,49.4409264300,49.9297146300,51.7219380300,985959,60929839.5400,2,1.628100,1,-3.465100,73.841436,5.883902,13.564499,-81.237280,0
2023-11-22,sz.301162,49.9297146300,50.8747051500,49.4409264300,49.6201487700,49.9297146300,656435,40387166.6500,2,1.083900,1,-0.620000,73.383617,5.847422,13.480399,-80.733606,0
2023-11-23,sz.301162,49.3757546700,50.1007905000,48.8788200000,49.5305376000,49.6201487700,625209,37952479.0200,2,1.032400,1,-0.180600,73.251090,5.836862,13.456054,-80.587806,0
2023-11-24,sz.301162,50.4266493000,50.4266493000,47.2495260000,48.3900318000,49.5305376000,499800,29757073.5000,2,0.825300,1,-2.302600,71.564387,5.702460,13.146210,-78.732166,0
2023-11-27,sz.301162,48.3981782700,48.7566229500,47.4939201000,48.5855470800,48.3900318000,673100,39788050.0800,2,1.111500,1,0.404000,71.853536,5.725501,13.199326,-79.050276,0
2023-11-28,sz.301162,47.8442183100,48.5448147300,44.4960191400,46.0927272600,48.5855470800,1950523,110349821.1700,2,3.220800,1,-5.130800,68.166886,5.431738,12.522097,-74.994376,0
2023-11-29,sz.301162,45.7587219900,45.9216513900,43.0948263000,43.6813721400,46.0927272600,1961657,106380894.6700,2,3.239200,1,-5.231500,64.600715,5.147575,11.867000,-71.071022,0
2023-11-30,sz.301162,43.1925839400,43.8605944800,42.1824216600,42.6712098600,43.6813721400,1326528,69809308.6000,2,2.190400,1,-2.312600,63.106778,5.028533,11.592567,-69.427455,0
2023-12-01,sz.301162,42.8341392600,43.1355586500,41.1396735000,41.7425122800,42.6712098600,1681652,86038204.4000,2,2.776800,1,-2.176400,61.733320,4.919092,11.340266,-67.916434,0
2023-12-04,sz.301162,41.8647093300,42.6060381000,40.7404964700,42.0113457900,41.7425122800,1699248,87415150.5200,2,2.805900,1,0.644000,62.130900,4.950772,11.413301,-68.353835,0
2023-12-05,sz.301162,41.5714364100,41.8239769800,40.7812288200,40.7812288200,42.0113457900,906780,45859949.4000,2,1.497300,1,-2.928100,60.311671,4.805811,11.079113,-66.352394,0
2023-12-06,sz.301162,40.7160570600,41.5307040600,40.4390770800,41.3188958400,40.7812288200,789784,39784086.4000,2,1.304100,1,1.318400,61.106830,4.869172,11.225182,-67.227196,0
2023-12-07,sz.301162,41.3433352500,42.1987146000,40.8464005800,41.6203152300,41.3188958400,917688,46736046.4800,2,1.515300,1,0.729500,61.552602,4.904692,11.307069,-67.717615,0
2023-12-08,sz.301162,41.8647093300,42.2964722400,41.5958758200,41.6773405200,41.6203152300,652181,33586412.3100,2,1.076900,1,0.137000,61.636937,4.911412,11.322561,-67.810397,0
2023-12-11,sz.301162,41.7017799300,42.5001339900,41.0663552700,42.4023763500,41.6773405200,998255,51416504.5000,2,1.648400,1,1.739600,62.709198,4.996853,11.519533,-68.990054,0
2023-12-12,sz.301162,42.4023763500,42.5653057500,42.0357852000,42.4268157600,42.4023763500,858596,44571295.4800,2,1.417800,1,0.057600,62.745342,4.999733,11.526172,-69.029818,0
2023-12-13,sz.301162,42.2557398900,42.3372045900,41.6040222900,41.6529011100,42.4268157600,594296,30586858.8100,2,0.981300,1,-1.824100,61.600793,4.908532,11.315922,-67.770634,0
2023-12-14,sz.301162,42.3453510600,42.4838410500,41.1396735000,41.2211382000,41.6529011100,502480,25633911.2000,2,0.829700,1,-1.036600,60.962256,4.857651,11.198624,-67.068141,0
2023-12-15,sz.301162,41.5144111200,41.6284617000,39.9910212300,40.3413194400,41.2211382000,1162513,57897540.3100,2,1.919600,1,-2.134400,59.661085,4.753970,10.959602,-65.636647,0
2023-12-18,sz.301162,40.1213647500,40.2842941500,39.2333995200,39.3555965700,40.3413194400,868180,42240643.6000,2,1.433600,1,-2.443500,58.203292,4.637809,10.691809,-64.032844,0
2023-12-19,sz.301162,39.3555965700,40.1132182800,39.1356418800,39.9095565300,39.3555965700,699247,34090015.8100,2,1.154600,1,1.407600,59.022548,4.703090,10.842304,-64.934155,0
2023-12-20,sz.301162,39.9991677000,40.3250265000,38.9890054200,39.0134448300,39.9095565300,602340,29123794.0000,2,0.994600,1,-2.245400,57.697281,4.597489,10.598856,-63.476152,0
2023-12-21,sz.301162,38.3128484100,39.7384806600,38.1417725400,39.2904248100,39.0134448300,823862,39362869.6900,2,1.360400,1,0.710000,58.106909,4.630129,10.674103,-63.926807,0
2023-12-22,sz.301162,39.2578389300,39.8036524200,38.4594848700,38.5898283900,39.2904248100,1008805,48202175.8000,2,1.665800,1,-1.783100,57.070792,4.547568,10.483771,-62.786914,0
2023-12-25,sz.301162,38.6305607400,38.9075407200,37.3922973000,37.8810855000,38.5898283900,924399,43050843.7900,2,1.526400,1,-1.836600,56.022627,4.464047,10.291225,-61.633766,0
2023-12-26,sz.301162,38.1091866600,38.1580654800,36.7568726400,37.0745849700,37.8810855000,988900,45256407.8000,2,1.632900,1,-2.129000,54.829887,4.369006,10.072122,-60.321563,0
2023-12-27,sz.301162,37.1967820200,37.6774237500,36.9931202700,37.3841508300,37.0745849700,1096241,50235852.1200,2,1.810200,1,0.835000,55.287706,4.405487,10.156222,-60.825237,0
2023-12-28,sz.301162,37.4085902400,41.0907946800,36.9116555700,41.0582088000,37.3841508300,2851015,139252264.4400,2,4.707800,1,9.827800,60.721298,4.838451,11.154360,-66.803050,0
2023-12-29,sz.301162,40.9767441000,42.5245734000,40.9767441000,42.2638863600,41.0582088000,2420840,124817008.8000,2,3.997400,1,2.936500,62.504384,4.980533,11.481909,-68.764727,0
2024-01-02,sz.301162,42.2638863600,42.8748716100,41.2292846700,41.7099264000,42.2638863600,1382060,70741599.0300,2,2.282100,1,-1.310700,61.685129,4.915252,11.331414,-67.863416,0
2024-01-03,sz.301162,41.7506587500,41.7506587500,40.6508853000,40.7893752900,41.7099264000,958805,48209584.5000,2,1.583200,1,-2.207000,60.323718,4.806771,11.081326,-66.365649,0
2024-01-04,sz.301162,40.7323500000,40.9685976300,39.6896018400,40.0317535800,40.7893752900,974180,47953276.3700,2,1.608600,1,-1.857400,59.203266,4.717490,10.875501,-65.132974,0
2024-01-05,sz.301162,40.0643394600,40.2354153300,38.0766007800,38.5490960400,40.0317535800,920119,44218586.9500,2,1.519400,1,-3.703700,57.010552,4.542768,10.472705,-62.720641,0
2024-01-08,sz.301162,38.3209948800,38.6387072100,37.5715196400,37.6122519900,38.5490960400,832900,38911892.0000,2,1.375300,1,-2.430300,55.625047,4.432367,10.218191,-61.196365,0
2024-01-09,sz.301162,38.3617272300,39.0949095300,37.5878125800,37.9625502000,37.6122519900,1164540,54603685.9200,2,1.923000,1,0.931300,56.143105,4.473647,10.313357,-61.766312,0
2024-01-10,sz.301162,37.9706966700,39.1682277600,37.2538073100,38.1417725400,37.9625502000,1045000,49032139.0000,2,1.725600,1,0.472100,56.408159,4.494768,10.362047,-62.057913,0
2024-01-11,sz.301162,38.1417725400,39.7955059500,37.9055249100,38.8016366100,38.1417725400,1388260,66286134.2000,2,2.292400,1,1.730000,57.384037,4.572528,10.541313,-63.131533,0
2024-01-12,sz.301162,38.8016366100,39.8362383000,38.3291413500,38.9156871900,38.8016366100,1093594,52513466.9500,2,1.805800,1,0.293900,57.552707,4.585969,10.572298,-63.317097,0
2024-01-15,sz.301162,38.4106060500,38.7201719100,37.7344490400,37.8810855000,38.9156871900,979200,45728998.2000,2,1.616900,1,-2.658600,56.022627,4.464047,10.291225,-61.633766,0
2024-01-16,sz.301162,37.7507419800,38.6957325000,37.2782467200,38.2558231200,37.8810855000,1305425,60780923.1500,2,2.155600,1,0.989200,56.576829,4.508208,10.393031,-62.243477,0
2024-01-17,sz.301162,38.1254796000,38.1254796000,36.6509685300,36.6835544100,38.2558231200,1023380,46885439.0000,2,1.689900,1,-4.109900,54.251589,4.322926,9.965890,-59.685344,0
2024-01-18,sz.301162,36.5695038300,37.0094132100,35.5837809600,36.6591150000,36.6835544100,1699300,75469173.4000,2,2.806000,1,-0.066600,54.215445,4.320046,9.959250,-59.645580,0
2024-01-19,sz.301162,37.0338526200,37.0338526200,34.7935733700,35.0949927600,36.6591150000,2133375,92867654.2000,2,3.522800,1,-4.266700,51.902253,4.135724,9.534322,-57.100702,0
2024-01-22,sz.301162,34.7446945500,35.4371445000,33.4086734700,33.4086734700,35.0949927600,1677602,70838624.2500,2,2.770200,1,-4.805000,49.408342,3.937002,9.076197,-54.357005,0
2024-01-23,sz.301162,33.1805723100,34.2640528200,32.9198852700,33.3516481800,33.4086734700,1169720,48015722.4800,2,1.931500,1,-0.170700,49.324007,3.930282,9.060705,-54.264223,0
2024-01-24,sz.301162,35.3068009800,36.4798926600,32.7406629300,33.8485828500,33.3516481800,3267164,136746939.0200,2,5.394900,1,1.490000,50.058928,3.988842,9.195708,-55.072752,0
2024-01-25,sz.301162,34.1500022400,35.7467103600,33.2375976000,35.0542604100,33.8485828500,1704944,72353027.3600,2,2.815300,1,3.562000,51.842013,4.130924,9.523256,-57.034429,0
2024-01-26,sz.301162,35.3801192100,35.3801192100,33.5471634600,33.5797493400,35.0542604100,1575040,65879620.0000,2,2.600800,1,-4.206400,49.661348,3.957162,9.122673,-54.635351,0
2024-01-29,sz.301162,34.1581487100,34.1581487100,32.2600212000,32.9443246800,33.5797493400,1425188,57515328.0400,2,2.353400,1,-1.892300,48.721613,3.882281,8.950046,-53.601495,0
2024-01-30,sz.301162,32.3089000200,33.1235470200,31.4535206700,31.5675712500,32.9443246800,937500,37117301.4000,2,1.548100,1,-4.179000,46.685522,3.720039,8.576021,-51.361472,0
2024-01-31,sz.301162,31.5105459600,31.8608441700,29.5309537500,30.0197419500,31.5675712500,1844557,68608910.9700,2,3.045800,1,-4.903200,44.396426,3.537637,8.155519,-48.843103,0
2024-02-01,sz.301162,29.7346155000,30.2396966400,28.8385038000,29.4983678700,30.0197419500,1738540,63058264.2000,2,2.870800,1,-1.736800,43.625361,3.476197,8.013877,-47.994810,0
2024-02-02,sz.301162,29.5065143400,30.4270654500,26.9403762900,27.6979980000,29.4983678700,1416840,49511588.6000,2,2.339600,1,-6.103300,40.962781,3.264035,7.524767,-45.065549,0
2024-02-05,sz.301162,27.7061444700,28.2275185500,23.4618336000,25.0911276000,27.6979980000,2802871,85957955.4600,2,4.628300,1,-9.411800,37.107460,2.956831,6.816554,-40.824086,0
2024-02-06,sz.301162,25.0829811300,27.5187756600,23.6410559400,27.1603309800,25.0911276000,2888354,90835100.8800,2,4.769400,1,8.246800,40.167621,3.200674,7.378698,-44.190748,0
2024-02-07,sz.301162,27.1521845100,27.2417956800,25.0178093700,26.0849969400,27.1603309800,2636116,84492304.0900,2,4.352900,1,-3.959200,38.577301,3.073953,7.086560,-42.441144,0
2024-02-08,sz.301162,26.1909010500,30.8588283600,24.4475564700,30.3456007500,26.0849969400,2871329,98907522.8000,2,4.741300,1,16.333500,44.878341,3.576038,8.244046,-49.373286,0
2024-02-19,sz.301162,30.1419390000,31.4779600800,29.5553931600,30.9565860000,30.3456007500,2094822,78570404.7400,2,3.459100,1,2.013400,45.781931,3.648039,8.410034,-50.367379,0
2024-02-20,sz.301162,30.5329695600,30.6062877900,28.9851402600,30.3863331000,30.9565860000,1166472,43210912.4500,2,1.926100,1,-1.842100,44.938580,3.580838,8.255112,-49.439559,0
2024-02-21,sz.301162,30.1908178200,31.4372277300,29.3354384700,30.7773636600,30.3863331000,1279499,48240506.1000,2,2.112800,1,1.286900,45.516878,3.626918,8.361344,-50.075778,0
2024-02-22,sz.301162,30.7203383700,32.3007535500,30.5003836800,31.7142077100,30.7773636600,1384320,53480258.3000,2,2.285900,1,3.043900,46.902384,3.737320,8.615858,-51.600054,0
2024-02-23,sz.301162,31.9504553400,32.7651023400,31.0461971700,32.6673447000,31.7142077100,1183200,46417298.9000,2,1.953800,1,3.005400,48.311985,3.849641,8.874799,-53.150839,0
2024-02-26,sz.301162,32.4636829500,33.0013499700,31.7712330000,32.4718294200,32.6673447000,1379917,54973864.0500,2,2.278600,1,-0.598500,48.022836,3.826601,8.821683,-52.832729,0
2024-02-27,sz.301162,32.0482129800,33.8730222600,31.7875259400,33.6367746300,32.4718294200,1353460,55038005.4000,2,2.234900,1,3.587600,49.745683,3.963882,9.138165,-54.728133,0
2024-02-28,sz.301162,35.0949927600,35.0949927600,30.6470201400,30.6633130800,33.6367746300,2429895,97736148.4500,2,4.012400,1,-8.839900,45.348208,3.613478,8.330360,-49.890214,0
2024-02-29,sz.301162,30.1419390000,32.1622635600,30.1337925300,31.9830412200,30.6633130800,1450840,56332601.7400,2,2.395700,1,4.303900,47.299964,3.769000,8.688893,-52.037455,0
2024-03-01,sz.301162,31.6897683000,34.7121086700,31.6897683000,33.9544869600,31.9830412200,2291840,94435366.9600,2,3.784400,1,6.164000,50.215550,4.001322,9.224479,-55.245062,0
2024-03-04,sz.301162,34.3781034000,35.6326597800,33.1316934900,35.5593415500,33.9544869600,2658304,112880416.4000,2,4.389500,1,4.726500,52.588982,4.190444,9.660473,-57.856213,0
2024-03-05,sz.301162,35.6815386000,35.6815386000,33.2375976000,33.9544869600,35.5593415500,2308840,96208613.6000,2,3.812500,1,-4.513200,50.215550,4.001322,9.224479,-55.245062,0
2024-03-06,sz.301162,33.7263858000,35.6082203700,33.1561329000,34.9727957100,33.9544869600,2350811,100027186.9500,2,3.881800,1,2.999000,51.721535,4.121324,9.501125,-56.901884,0
2024-03-07,sz.301162,34.7772804300,34.9727957100,33.6449211000,33.6449211000,34.9727957100,1437788,60433726.6000,2,2.374200,1,-3.796900,49.757731,3.964842,9.140379,-54.741388,0
2024-03-08,sz.301162,33.6775069800,40.3739053200,33.6449211000,40.3739053200,33.6449211000,4219101,194615415.2400,2,6.966800,1,20.000000,59.709277,4.757810,10.968454,-65.689666,0
2024-03-11,sz.301162,43.0866798300,48.0641730000,41.7913911000,44.8870497000,40.3739053200,8805303,474323467.3500,2,14.539800,1,11.178400,66.383800,5.289656,12.194549,-73.032699,0
2024-03-12,sz.301162,43.4614174500,43.6324933200,41.3596281900,41.6203152300,44.8870497000,6160321,319410673.8600,2,10.172300,1,-7.277700,61.552602,4.904692,11.307069,-67.717615,0
2024-03-13,sz.301162,41.3840676000,41.8565628600,40.2517082700,40.6997641200,41.6203152300,4376824,219616649.6000,2,7.227300,1,-2.211800,60.191192,4.796211,11.056981,-66.219849,0
2024-03-14,sz.301162,39.8932635900,40.8708399900,39.1030560000,39.3474501000,40.6997641200,3561724,173405292.9400,2,5.881300,1,-3.322700,58.191244,4.636849,10.689595,-64.019589,0
2024-03-15,sz.301162,39.4126218600,39.5592583200,38.6957325000,39.5592583200,39.3474501000,2274844,109242406.8100,2,3.756400,1,0.538300,58.504489,4.661809,10.747138,-64.364208,0
2024-03-18,sz.301162,39.5429653800,40.5694206000,39.1193489400,40.2191223900,39.5592583200,2726131,133669796.8600,2,4.501500,1,1.668000,59.480367,4.739570,10.926404,-65.437829,0
2024-03-19,sz.301162,40.5123953100,41.1804058500,39.7221877200,40.7323500000,40.2191223900,3098322,154191451.9600,2,5.116100,1,1.276100,60.239383,4.800051,11.065834,-66.272867,0
2024-03-20,sz.301162,40.2435618000,40.5694206000,39.7140412500,40.2272688600,40.7323500000,1784863,87921264.8900,2,2.947300,1,-1.240000,59.492415,4.740530,10.928617,-65.451083,0
2024-03-21,sz.301162,40.4879559000,40.5857135400,38.2965554700,38.5572425100,40.2272688600,2923553,140136563.5000,2,4.827500,1,-4.151500,57.022600,4.543728,10.474918,-62.733896,0
2024-03-22,sz.301162,38.5328031000,39.0786165900,38.1662119500,38.1662119500,38.5572425100,1519232,72049976.6400,2,2.508600,1,-1.014200,56.444302,4.497648,10.368686,-62.097676,0
2024-03-25,sz.301162,38.0847472500,39.5674047900,37.5470802300,38.2313837100,38.1662119500,1417255,67576367.6800,2,2.340300,1,0.170800,56.540685,4.505328,10.386392,-62.203713,0
2024-03-26,sz.301162,37.7670349200,38.1662119500,35.9340791700,36.8872161600,38.2313837100,2529328,114298323.2700,2,4.176600,1,-3.515900,54.552786,4.346926,10.021219,-60.016708,0
2024-03-27,sz.301162,36.7650191100,38.7038789700,35.9585185800,37.3189790700,36.8872161600,1999915,91180108.9200,2,3.302400,1,1.170500,55.191323,4.397807,10.138517,-60.719201,0
2024-03-28,sz.301162,37.3108326000,39.2659854000,36.5776503000,38.3372878200,37.3189790700,2643577,124177247.9200,2,4.365200,1,2.728700,56.697308,4.517808,10.415163,-62.376022,0
2024-03-29,sz.301162,38.0928937200,40.3820517900,37.6285449300,40.2842941500,38.3372878200,3316513,159756664.4700,2,5.476400,1,5.078600,59.576750,4.747250,10.944110,-65.543865,0
2024-04-01,sz.301162,40.1620971000,40.9604511600,39.5511118500,40.2354153300,40.2842941500,2640193,129998481.7700,2,4.359600,1,-0.121300,59.504463,4.741490,10.930831,-65.464338,0
2024-04-02,sz.301162,40.3413194400,40.7323500000,38.8586619000,39.0786165900,40.2354153300,2612420,127547775.3100,2,4.313800,1,-2.875100,57.793664,4.605169,10.616561,-63.582189,0
2024-04-03,sz.301162,38.8179295500,39.0949095300,36.4717461900,36.8138979300,39.0786165900,2738395,125393457.9000,2,4.521800,1,-5.795300,54.444355,4.338286,10.001300,-59.897417,0
2024-04-08,sz.301162,36.6754079400,37.2945396600,35.5023162600,36.0807156300,36.8138979300,1595362,70988312.7700,2,2.634400,1,-1.991600,53.360046,4.251885,9.802115,-58.704506,0
2024-04-09,sz.301162,36.0807156300,37.6203984600,35.7304174200,37.6041055200,36.0807156300,1823630,82180758.2300,2,3.011300,1,4.222200,55.612999,4.431407,10.215978,-61.183111,0
2024-04-10,sz.301162,37.4737620000,37.8159137400,35.6815386000,37.0664385000,37.6041055200,1721380,77051085.3300,2,2.842400,1,-1.429800,54.817839,4.368046,10.069909,-60.308309,0
2024-04-11,sz.301162,37.4656155300,38.5002172200,36.1051550400,37.9462572600,37.0664385000,2249133,103775190.1300,2,3.713900,1,2.373600,56.119010,4.471727,10.308931,-61.739803,0
2024-04-12,sz.301162,37.8077672700,37.8077672700,36.4228673700,36.6265291200,37.9462572600,1216940,55228942.8800,2,2.009500,1,-3.477900,54.167253,4.316206,9.950398,-59.592562,0
2024-04-15,sz.301162,35.8444680000,36.6591150000,33.6856534500,34.2233204700,36.6265291200,2014309,86015649.9500,2,3.326100,1,-6.561400,49.491396,3.888528,9.139124,-56.316386,0
2024-04-16,sz.301162,34.2151740000,34.2151740000,31.7793794700,32.0237735700,34.2233204700,1378140,55301084.8000,2,2.275700,1,-6.427000,46.310564,3.638611,8.551749,-52.696909,0
2024-04-17,sz.301162,32.7325164600,33.8078505000,32.3414859000,33.2538905400,32.0237735700,1684200,68372800.4400,2,2.781000,1,3.841300,48.089474,3.778379,8.880244,-54.721135,0
2024-04-18,sz.301162,33.0094964400,33.3190623000,32.1704100300,32.7976882200,33.2538905400,1434771,57885148.0700,2,2.369200,1,-1.371900,47.429745,3.726545,8.758418,-53.970429,0
2024-04-19,sz.301162,32.3577788400,32.7813952800,31.6571824200,31.7467935900,32.7976882200,1222795,47953640.9000,2,2.019100,1,-3.204200,45.910014,3.607140,8.477783,-52.241123,0
2024-04-22,sz.301162,31.6083036000,32.5777335300,30.6307272000,32.0156271000,31.7467935900,1125490,44033315.6000,2,1.858500,1,0.846800,46.298783,3.637685,8.549573,-52.683503,0
2024-04-23,sz.301162,31.8119653500,32.5777335300,31.7712330000,32.2437282600,32.0156271000,685548,27163857.5700,2,1.132000,1,0.712500,46.628647,3.663603,8.610486,-53.058857,0
2024-04-24,sz.301162,32.0156271000,33.6612140400,32.0156271000,33.5064311100,32.2437282600,1345420,54611450.4000,2,2.221600,1,3.916100,48.454680,3.807074,8.947683,-55.136705,0
2024-04-25,sz.301162,33.3109158300,33.6856534500,33.0909611400,33.2946228900,33.5064311100,710295,29123519.7500,2,1.172900,1,-0.632100,48.148378,3.783008,8.891121,-54.788162,0
2024-04-26,sz.301162,33.2946228900,34.4432751600,33.0257893800,34.1907345900,33.2946228900,1259196,52505563.0400,2,2.079300,1,2.691500,49.444273,3.884826,9.130422,-56.262764,0
2024-04-29,sz.301162,34.2884922300,34.9727957100,34.2884922300,34.5003004500,34.1907345900,1388435,59177314.9500,2,2.292700,1,0.905400,48.766317,3.862427,8.804091,-41.705281,0
2024-04-30,sz.301162,34.4677145700,34.7854269000,33.3190623000,33.8159969700,34.5003004500,1696105,70473051.1100,2,2.800700,1,-1.983500,47.799051,3.785817,8.629464,-40.878069,0
2024-05-06,sz.301162,33.9870728400,34.5654722100,33.8893152000,34.0603910700,33.8159969700,1200420,50321880.7200,2,1.982200,1,0.722700,48.144503,3.813177,8.691831,-41.173502,0
2024-05-07,sz.301162,33.8648757900,34.6958157300,33.7019463900,34.6713763200,34.0603910700,1197917,50355474.5800,2,1.978100,1,1.793800,49.008133,3.881579,8.847747,-41.912084,0
2024-05-08,sz.301162,34.9890886500,37.4656155300,34.2233204700,36.0073974000,34.6713763200,2802030,124221927.8000,2,4.626900,1,3.853400,50.896604,4.031151,9.188685,-43.527117,0
2024-05-09,sz.301162,35.2334827500,36.7731655800,35.1275786400,36.3332562000,36.0073974000,2357117,104299349.4500,2,3.892200,1,0.905000,51.357207,4.067632,9.271840,-43.921028,0
2024-05-10,sz.301162,36.2517915000,39.1030560000,35.8526144700,38.3454342900,36.3332562000,3520168,163614815.1800,2,5.812700,1,5.538100,54.201429,4.292903,9.785326,-46.353425,0
2024-05-13,sz.301162,37.8810855000,40.8545470500,37.7181561000,39.5511118500,38.3454342900,3770670,182560558.2400,2,6.226300,1,3.144300,55.905659,4.427882,10.093001,-47.810895,0
2024-05-14,sz.301162,38.7853436700,40.7160570600,37.9869896100,38.4106060500,39.5511118500,3360641,161049702.4000,2,5.549300,1,-2.883600,54.293550,4.300199,9.801957,-46.432208,0
2024-05-15,sz.301162,37.9299643200,38.2802625300,36.4554532500,36.7405797000,38.4106060500,2648809,120438799.0000,2,4.373900,1,-4.347800,51.932960,4.113234,9.375785,-44.413416,0
2024-05-16,sz.301162,36.7324332300,36.9198020400,35.6652456600,36.0318368100,36.7405797000,1755561,77759384.3400,2,2.898900,1,-1.929000,50.931149,4.033887,9.194921,-43.556660,0
2024-05-17,sz.301162,36.2128800000,36.9371376000,35.6943774000,36.2622612000,36.0318156000,1267380,55868033.4000,2,2.092800,1,0.639600,50.735393,4.018383,9.159580,-43.389248,0
2024-05-20,sz.301162,36.3857142000,36.8712960000,35.8836720000,36.3610236000,36.2622612000,1185348,52337499.3600,2,1.957300,1,0.272400,50.873574,4.029327,9.184527,-43.507422,0
2024-05-21,sz.301162,36.3527934000,36.3610236000,34.9125084000,35.2417164000,36.3610236000,1643067,70631918.6200,2,2.713100,1,-3.078300,49.307525,3.905292,8.901798,-42.168126,0
2024-05-22,sz.301162,35.1429540000,35.9659740000,34.8960480000,35.8919022000,35.2417164000,1201700,51821133.0000,2,1.984300,1,1.844900,50.217215,3.977342,9.066030,-42.946099,0
2024-05-23,sz.301162,36.0482760000,36.7807638000,34.9125084000,34.9865802000,35.8919022000,1435000,62222536.0000,2,2.369600,1,-2.522400,48.950558,3.877019,8.837353,-41.862845,0
2024-05-24,sz.301162,39.5049600000,41.9822502000,39.5049600000,41.9822502000,34.9865802000,3294574,167215531.7400,2,5.440200,1,19.995300,58.738366,4.652240,10.604408,-50.233445,0
2024-05-27,sz.301162,45.1426470000,48.2207418000,42.5172132000,43.3978446000,41.9822502000,12804583,699708298.6900,2,21.143700,1,3.371900,60.718958,4.809109,10.961976,-51.927260,0
2024-05-28,sz.301162,43.3978446000,47.2001970000,42.8299608000,46.4841696000,43.3978446000,11830931,644076753.3500,2,19.535900,1,7.111700,65.037109,5.151118,11.741559,-55.620171,0
2024-05-29,sz.301162,44.0809512000,44.8463598000,42.7970400000,43.2743916000,46.4841696000,8402176,444981415.6800,2,13.874200,1,-6.905100,60.546232,4.795428,10.930793,-51.779543,0
2024-05-30,sz.301162,44.8463598000,45.8915952000,40.0810740000,41.1592302000,43.2743916000,7482782,385143658.4800,2,12.356000,1,-4.887800,57.586859,4.561038,10.396519,-49.248668,0
2024-05-31,sz.301162,40.0481532000,41.2003812000,39.3650466000,39.5790318000,41.1592302000,5801363,282702435.6200,2,9.579500,1,-3.839200,55.375966,4.385929,9.997372,-47.357897,0
2024-06-03,sz.301162,39.5049600000,40.7312598000,38.7313212000,40.0481532000,39.5790318000,4518621,217885561.3500,2,7.461400,1,1.185300,56.032325,4.437915,10.115869,-47.919220,0
2024-06-04,sz.301162,39.8012472000,42.6571266000,39.1181406000,41.9410992000,40.0481532000,6412768,321527175.7200,2,10.589100,1,4.726700,58.680791,4.647680,10.594013,-50.184206,0
2024-06-05,sz.301162,40.7394900000,41.4555174000,39.1757520000,39.1757520000,41.9410992000,4017400,197176796.0000,2,6.633800,1,-6.593400,54.811728,4.341240,9.895507,-46.875357,0
2024-06-06,sz.301162,39.0934500000,39.7436358000,37.5297120000,38.2704300000,39.1757520000,3671048,172634029.9600,2,6.061800,1,-2.310900,53.545070,4.240917,9.666829,-45.792103,0
2024-06-07,sz.301162,38.7724722000,39.8012472000,37.8918408000,38.7642420000,38.2704300000,2488684,116939672.5000,2,4.109500,1,1.290300,54.235974,4.295639,9.791562,-46.382969,0
2024-06-11,sz.301162,37.5873234000,40.1551458000,37.0441302000,40.0234626000,38.7642420000,2988880,141651539.6000,2,4.935500,1,3.248400,55.997780,4.435178,10.109632,-47.889677,0
2024-06-12,sz.301162,39.6201828000,40.4843538000,39.2580540000,39.5708016000,40.0234626000,1829980,88125801.1200,2,3.021800,1,-1.131000,55.364451,4.385017,9.995293,-47.348050,0
2024-06-13,sz.301162,39.0934500000,41.5131288000,38.9617668000,40.6407276000,39.5708016000,3651792,179582434.6400,2,5.944700,1,2.703800,57.378814,4.544560,10.358959,-49.070747,0
2024-06-14,sz.301162,40.3279800000,42.3855300000,39.9247002000,40.9123242000,40.6407276000,3509660,175991900.4000,2,5.713400,1,0.668300,57.762269,4.574931,10.428187,-49.398680,0
2024-06-17,sz.301162,39.5049600000,41.0275470000,39.0934500000,39.9576210000,40.9123242000,2601927,126515286.3700,2,4.235700,1,-2.333500,56.414367,4.468173,10.184841,-48.245945,0
2024-06-18,sz.301162,40.2868290000,40.5995766000,39.2992050000,39.5049600000,39.9576210000,2472284,118965972.6800,2,4.024600,1,-1.132900,55.775275,4.417555,10.069462,-47.699389,0
2024-06-19,sz.301162,39.4720392000,39.4720392000,37.5297120000,37.7766180000,39.5049600000,3585300,165749880.0000,2,5.836500,1,-4.375000,53.335107,4.224287,9.628923,-45.612541,0
2024-06-20,sz.301162,37.4474100000,38.2128186000,36.2375706000,36.2458008000,37.7766180000,2634300,118848169.0000,2,4.288400,1,-4.052300,51.173815,4.053107,9.238731,-43.764190,0
2024-06-21,sz.301162,36.1223478000,36.2951820000,35.0606520000,35.3075580000,36.2458008000,2497808,108017589.8800,2,4.066200,1,-2.588600,49.849152,3.948190,8.999582,-42.631329,0
2024-06-24,sz.301162,34.9536594000,35.9577438000,34.4433870000,35.2087956000,35.3075580000,2121699,90980803.5900,2,3.453900,1,-0.279700,49.709714,3.937146,8.974408,-42.512081,0
2024-06-25,sz.301162,34.8548970000,35.3157882000,32.8055772000,33.3899214000,35.2087956000,3040130,123895673.8000,2,4.949000,1,-5.166000,47.141727,3.733755,8.510793,-40.315921,0
2024-06-26,sz.301162,33.0854040000,34.1964810000,32.8796490000,34.1141790000,33.3899214000,1767100,72087475.0000,2,2.876700,1,2.169100,48.164274,3.814743,8.695400,-41.190410,0
2024-06-27,sz.301162,33.9907260000,34.5503796000,33.5216046000,33.7685106000,34.1141790000,2534775,104949485.5000,2,4.126400,1,-1.013300,47.676240,3.776090,8.607292,-40.773040,0
2024-06-28,sz.301162,33.6203670000,37.1675832000,33.3487704000,35.8507512000,33.7685106000,4810361,207393800.5400,2,7.830800,1,6.166200,50.616062,4.008932,9.138037,-43.287196,0
2024-07-01,sz.301162,35.5544640000,37.7601576000,35.4721620000,36.6243900000,35.8507512000,3107056,138027617.8000,2,5.058000,1,2.157900,51.708328,4.095442,9.335230,-44.221309,0
2024-07-02,sz.301162,36.0811968000,37.7190066000,35.6285358000,36.0153552000,36.6243900000,2416108,105956308.6400,2,3.933200,1,-1.662900,50.848459,4.027338,9.179993,-43.485943,0
2024-07-03,sz.301162,35.9824344000,36.1964196000,33.5133744000,33.6944388000,36.0153552000,3248328,135718627.8400,2,5.287900,1,-6.444200,47.571662,3.767807,8.588412,-40.683604,0
2024-07-04,sz.301162,33.3323100000,33.8096616000,32.3446860000,32.4269880000,33.6944388000,2120568,84921119.2000,2,3.452100,1,-3.761600,45.782205,3.626077,8.265350,-39.153249,0
2024-07-05,sz.301162,32.4269880000,32.4681390000,31.1842278000,31.8508740000,32.4269880000,2167860,83783096.4500,2,3.529100,1,-1.776600,44.968816,3.561654,8.118504,-38.457633,0
2024-07-08,sz.301162,31.7932626000,32.0237082000,31.1348466000,31.6039680000,31.8508740000,1522075,58466124.2500,2,2.477800,1,-0.775200,44.620220,3.534044,8.055570,-38.159511,0
2024-07-09,sz.301162,31.5875076000,32.9290302000,30.8632500000,32.6574336000,31.6039680000,2190471,85015903.9400,2,3.565900,1,3.333300,46.107561,3.651846,8.324089,-39.431495,0
2024-07-10,sz.301162,32.4845994000,32.7561960000,31.6862700000,31.8508740000,32.6574336000,1484700,58109105.0000,2,2.416900,1,-2.469800,44.968816,3.561654,8.118504,-38.457633,0
2024-07-11,sz.301162,32.5339806000,33.2006268000,32.2788444000,33.1430154000,31.8508740000,1995628,79510339.9900,2,3.248700,1,4.056800,46.793132,3.706145,8.447859,-40.017800,0
2024-07-12,sz.301162,33.1430154000,33.1430154000,32.3940672000,32.5669014000,33.1430154000,1463000,58058778.0000,2,2.381600,1,-1.738300,45.979742,3.641722,8.301013,-39.322184,0
2024-07-15,sz.301162,32.2294632000,32.4599088000,31.8591042000,32.0154780000,32.5669014000,1106831,43196482.0700,2,1.801800,1,-1.693200,45.201213,3.580061,8.160460,-38.656380,0
2024-07-16,sz.301162,32.2294632000,32.6492034000,31.6862700000,32.0977800000,32.0154780000,1440600,56169499.0000,2,2.345200,1,0.257100,45.317411,3.589264,8.181438,-38.755754,0
2024-07-17,sz.301162,32.0977800000,32.0977800000,31.1101560000,31.1101560000,32.0977800000,1489000,56930318.0000,2,2.423900,1,-3.076900,43.923029,3.478825,7.929701,-37.563269,0
2024-07-18,sz.301162,30.9290916000,31.0525446000,29.7274824000,30.7397970000,31.1101560000,1996400,73664720.2000,2,3.249900,1,-1.190500,43.400136,3.437410,7.835300,-37.116087,0
2024-07-19,sz.301162,30.4517400000,31.3570620000,30.4352796000,31.1183862000,30.7397970000,1282200,48369041.0000,2,2.087300,1,1.231600,43.934649,3.479745,7.931799,-37.573206,0
2024-07-22,sz.301162,31.1513070000,33.0689436000,31.1513070000,32.1636216000,31.1183862000,2686299,105761395.7300,2,4.373000,1,3.358900,45.410370,3.596626,8.198220,-38.835253,0
2024-07-23,sz.301162,31.9907874000,32.4599088000,30.9126312000,30.9373218000,32.1636216000,1536479,58980616.0000,2,2.501200,1,-3.812700,43.679012,3.459498,7.885647,-37.354584,0
2024-07-24,sz.301162,30.7562574000,31.1924580000,29.9661582000,30.0402300000,30.9373218000,1642105,60742970.6500,2,2.673200,1,-2.899700,42.412449,3.359183,7.656987,-36.271411,0
2024-07-25,sz.301162,29.7110220000,30.9044010000,29.5217274000,30.4517400000,30.0402300000,1449900,53436881.0000,2,2.360300,1,1.369900,42.993441,3.405199,7.761877,-36.768279,0
2024-07-26,sz.301162,30.1472226000,31.2171486000,30.1472226000,30.7315668000,30.4517400000,1071735,40074476.7000,2,1.744700,1,0.918900,43.388516,3.436490,7.833202,-37.106150,0
2024-07-29,sz.301162,31.2747600000,31.6451190000,30.2706756000,30.5175816000,30.7315668000,1081976,40280518.6800,2,1.761300,1,-0.696300,43.086400,3.412562,7.778659,-36.847778,0
2024-07-30,sz.301162,30.4517400000,30.6821856000,30.1389924000,30.4105890000,30.5175816000,758560,27969277.2000,2,1.234900,1,-0.350600,42.935342,3.400597,7.751388,-36.718592,0
2024-07-31,sz.301162,30.0237696000,31.4064432000,29.5875690000,31.3735224000,30.4105890000,1690285,62931485.0500,2,2.751600,1,3.166400,44.294864,3.508275,7.996831,-37.881265,0
2024-08-01,sz.301162,31.5052056000,31.6862700000,30.8632500000,31.2089184000,31.3735224000,1103160,41853060.4000,2,1.795800,1,-0.524700,44.062467,3.489869,7.954875,-37.682518,0
2024-08-02,sz.301162,31.0772352000,31.7274210000,30.4599702000,30.4599702000,31.2089184000,1350061,50803420.2700,2,2.197800,1,-2.399800,43.005061,3.406119,7.763975,-36.778217,0
2024-08-05,sz.301162,30.0566904000,30.7397970000,28.8715416000,28.9867644000,30.4599702000,1352488,48954975.8000,2,2.201700,1,-4.836500,40.925108,3.241381,7.388468,-34.999427,0
2024-08-06,sz.301162,29.2995120000,30.2212944000,29.1431382000,30.1060716000,28.9867644000,1142500,41288302.0000,2,1.859900,1,3.861400,42.505408,3.366545,7.673769,-36.350910,0
2024-08-07,sz.301162,32.2623840000,32.5092900000,30.5340420000,30.7562574000,30.1060716000,3541594,134057347.6500,2,5.765400,1,2.159700,43.423376,3.439251,7.839496,-37.135962,0
2024-08-08,sz.301162,29.6040294000,30.4270494000,29.2419006000,29.4476556000,30.7562574000,2186403,78686088.4700,2,3.559200,1,-4.254700,41.575820,3.292919,7.505945,-35.555920,0
2024-08-09,sz.301162,29.5546482000,30.1060716000,29.3818140000,29.4476556000,29.4476556000,1545400,55773928.0000,2,2.515800,1,0.000000,41.575820,3.292919,7.505945,-35.555920,0
2024-08-12,sz.301162,29.7027918000,30.2706756000,29.0772966000,29.2172100000,29.4476556000,1010840,36249825.8000,2,1.645500,1,-0.782600,41.250464,3.267150,7.447206,-35.277673,0
2024-08-13,sz.301162,28.8880020000,29.4970368000,28.8057000000,29.3242026000,29.2172100000,889800,31519417.0000,2,1.448500,1,0.366200,41.401522,3.279115,7.474478,-35.406859,0
2024-08-14,sz.301162,29.3653536000,29.5052670000,28.8550812000,29.0114550000,29.3242026000,774754,27409504.5200,2,1.261200,1,-1.066500,40.959968,3.244142,7.394761,-35.029239,0
2024-08-15,sz.301162,29.0114550000,29.3982744000,28.3941900000,29.2172100000,29.0114550000,1076314,37999030.2200,2,1.752100,1,0.709200,41.250464,3.267150,7.447206,-35.277673,0
2024-08-16,sz.301162,29.2172100000,29.3324328000,28.8139302000,28.8303906000,29.2172100000,704362,24866952.9800,2,1.146600,1,-1.323900,40.704331,3.223895,7.348609,-34.810617,0
2024-08-19,sz.301162,28.8221604000,28.9949946000,27.9909102000,28.0649820000,28.8303906000,965300,33270160.0000,2,1.571400,1,-2.654900,39.623685,3.138305,7.153514,-33.886441,0
2024-08-20,sz.301162,28.2213558000,28.2707370000,27.2337318000,27.5300190000,28.0649820000,1175093,39293837.7600,2,1.912900,1,-1.906200,38.868395,3.078484,7.017156,-33.240512,0
2024-08-21,sz.301162,27.5217888000,27.8180760000,27.2419620000,27.5382492000,27.5300190000,551200,18506311.0000,2,0.897300,1,0.029900,38.880015,3.079404,7.019254,-33.250449,0
2024-08-22,sz.301162,27.5629398000,28.0649820000,26.9950560000,26.9950560000,27.5382492000,955384,31950052.6800,2,1.555300,1,-1.972500,38.113105,3.018663,6.880799,-32.594583,0
2024-08-23,sz.301162,26.9950560000,27.3818754000,26.5835460000,26.9785956000,26.9950560000,1187526,38879591.3600,2,1.933200,1,-0.061000,38.089865,3.016822,6.876603,-32.574708,0
2024-08-26,sz.301162,26.9785956000,27.4312566000,26.7563802000,26.9785956000,26.9785956000,988066,32458532.8000,2,1.608500,1,0.000000,38.263136,2.973165,6.679992,127.601383,0
2024-08-27,sz.301162,26.9456748000,27.0197466000,25.9498206000,26.4354024000,26.9785956000,860361,27867484.9600,2,1.400600,1,-2.013400,37.492737,2.913302,6.545496,125.032228,0
2024-08-28,sz.301162,26.5094742000,27.1431996000,26.0238924000,26.9374446000,26.4354024000,1100737,35754528.5400,2,1.791900,1,1.899100,38.204772,2.968630,6.669803,127.406750,0
2024-08-29,sz.301162,26.6082366000,27.6699324000,26.5094742000,27.4559472000,26.9374446000,1082100,35900438.0000,2,1.761500,1,1.924800,38.940153,3.025771,6.798186,129.859126,0
2024-08-30,sz.301162,27.4559472000,28.2213558000,27.2008110000,27.8180760000,27.4559472000,1522283,51500394.3100,2,2.478100,1,1.318900,39.453752,3.065679,6.887850,131.571896,0
2024-09-02,sz.301162,27.7851552000,27.8674572000,27.1596600000,27.2090412000,27.8180760000,1047700,34959812.0000,2,1.705500,1,-2.189300,38.589972,2.998561,6.737051,128.691328,0
2024-09-03,sz.301162,27.0197466000,27.5135586000,26.9950560000,27.4312566000,27.2090412000,966460,32102142.8000,2,1.573300,1,0.816700,38.905135,3.023050,6.792073,129.742346,0
2024-09-04,sz.301162,27.4312566000,28.0649820000,27.0608976000,27.5876304000,27.4312566000,1009800,33829152.0000,2,1.643900,1,0.570100,39.126916,3.040283,6.830791,130.481951,0
2024-09-05,sz.301162,27.5958606000,27.8263062000,27.3654150000,27.4312566000,27.5876304000,726920,24298713.8000,2,1.183400,1,-0.566800,38.905135,3.023050,6.792073,129.742346,0
2024-09-06,sz.301162,27.4312566000,27.6617022000,26.5588554000,26.5670856000,27.4312566000,1111300,36256235.0000,2,1.809100,1,-3.150300,37.679500,2.927814,6.578101,125.655053,0
2024-09-09,sz.301162,26.5094742000,26.7152292000,26.1391152000,26.2954890000,26.5670856000,872899,27975226.6500,2,1.421000,1,-1.022300,37.294301,2.897883,6.510853,124.370476,0
2024-09-10,sz.301162,26.3531004000,26.5917762000,25.9580508000,26.3695608000,26.2954890000,1017523,32504914.3800,2,1.656400,1,0.281700,37.399355,2.906046,6.529193,124.720815,0
2024-09-11,sz.301162,26.3695608000,26.9868258000,26.0074320000,26.6082366000,26.3695608000,974300,31550293.0000,2,1.586100,1,0.905100,37.737864,2.932349,6.588290,125.849686,0
2024-09-12,sz.301162,26.5177044000,27.9250686000,26.5177044000,26.9127540000,26.6082366000,1566800,51561609.2000,2,2.550600,1,1.144400,38.169754,2.965909,6.663690,127.289970,0
2024-09-13,sz.301162,27.1267392000,27.1267392000,26.1802662000,26.2461078000,26.9127540000,1149400,37157600.0000,2,1.871100,1,-2.477100,37.224265,2.892441,6.498626,124.136916,0
2024-09-18,sz.301162,26.2378776000,26.6658480000,25.6946844000,26.0074320000,26.2461078000,735220,23253717.0000,2,1.196900,1,-0.909400,36.885756,2.866138,6.439529,123.008045,0
2024-09-19,sz.301162,26.1720360000,26.6493876000,25.8922092000,26.2625682000,26.0074320000,1203000,38373886.0800,2,1.958400,1,0.981000,37.247610,2.894255,6.502701,124.214769,0
2024-09-20,sz.301162,25.8757488000,26.0732736000,24.5753772000,25.5383106000,26.2625682000,2367363,72699217.6700,2,3.853800,1,-2.757800,36.220412,2.814439,6.323373,120.789229,0
2024-09-23,sz.301162,25.3160952000,26.0568132000,25.1679516000,25.2749442000,25.5383106000,1440293,44896143.7800,2,2.344700,1,-1.031300,35.846885,2.785414,6.258162,119.543578,0
2024-09-24,sz.301162,25.2749442000,26.2296474000,25.0033476000,26.2214172000,25.2749442000,1627040,50913991.4000,2,2.648700,1,3.744700,37.189247,2.889720,6.492512,124.020136,0
2024-09-25,sz.301162,27.5217888000,27.7851552000,26.3531004000,26.7563802000,26.2214172000,2040695,67003634.0500,2,3.322000,1,2.040200,37.947973,2.948676,6.624971,126.550365,0
2024-09-26,sz.301162,27.3901056000,27.5300190000,26.2625682000,27.4559472000,26.7563802000,1743255,56915935.0000,2,2.837800,1,2.614600,38.940153,3.025771,6.798186,129.859126,0
2024-09-27,sz.301162,27.7275438000,30.9702426000,27.7193136000,30.0402300000,27.4559472000,3981207,141466373.6100,2,6.481000,1,9.412500,42.605383,3.310571,7.438063,142.082077,0
2024-09-30,sz.301162,31.2582996000,34.5421494000,30.8467896000,34.5339192000,30.0402300000,6394079,257015681.6300,2,10.408900,1,14.958900,48.978682,3.805796,8.550716,163.335999,0
2024-10-08,sz.301162,40.4102820000,40.9040940000,34.5503796000,39.2169030000,34.5339192000,8200046,374200175.1700,2,13.348800,1,13.560500,55.620452,4.321882,9.710239,185.485232,0
2024-10-09,sz.301162,37.0359000000,37.0359000000,32.5422108000,32.6409732000,39.2169030000,4999031,212224867.0000,2,8.137900,1,-16.768100,46.293959,3.597185,8.082016,154.382881,0
2024-10-10,sz.301162,33.0607134000,34.9289688000,32.9208000000,33.0854040000,32.6409732000,3432535,141068265.2100,2,5.587800,1,1.361600,46.924285,3.646163,8.192059,156.484918,0
2024-10-11,sz.301162,32.2541538000,33.3899214000,31.5216660000,31.7685720000,33.0854040000,2415133,95054744.8600,2,3.931600,1,-3.980100,45.056652,3.501042,7.866007,150.256662,0
2024-10-14,sz.301162,31.7768022000,33.3734610000,31.3735224000,33.3734610000,31.7685720000,2842489,112430437.3000,2,4.627300,1,5.051800,47.332830,3.677908,8.263383,157.847349,0
2024-10-15,sz.301162,32.9290302000,33.5792160000,32.0154780000,32.1224706000,33.3734610000,2524833,100447647.7300,2,4.110200,1,-3.748500,45.558578,3.540043,7.953633,151.930506,0
2024-10-16,sz.301162,31.4475942000,32.3364558000,31.2747600000,31.9002552000,32.1224706000,1758321,67998302.1200,2,2.862400,1,-0.691800,45.243415,3.515554,7.898612,150.879488,0
2024-10-17,sz.301162,32.5257504000,32.6738940000,31.8344136000,31.8591042000,31.9002552000,1614948,63191830.4800,2,2.629000,1,-0.129000,45.185052,3.511019,7.888423,150.684855,0
2024-10-18,sz.301162,31.4887452000,33.9660354000,31.2912204000,32.7891168000,31.8591042000,2957205,116673584.4100,2,4.814000,1,2.919100,46.504067,3.613511,8.118697,155.083560,0
2024-10-21,sz.301162,32.7891168000,33.5709858000,32.5504410000,32.7726564000,32.7891168000,3015919,120851155.1900,2,4.909600,1,-0.050200,46.480722,3.611697,8.114622,155.005707,0
2024-10-22,sz.301162,32.5915920000,33.9001938000,32.4352182000,33.5627556000,32.7726564000,2888357,116963568.4400,2,4.702000,1,2.410800,47.601302,3.698769,8.310253,158.742660,0
2024-10-23,sz.301162,33.9084240000,35.2334862000,33.1677060000,34.3940058000,33.5627556000,4103380,170816440.9900,2,6.679900,1,2.476700,48.780245,3.790377,8.516073,162.674247,0
2024-10-24,sz.301162,34.3857756000,36.1223478000,33.7685106000,35.5215432000,34.3940058000,4163707,177204817.1500,2,6.778100,1,3.278300,50.379406,3.914637,8.795255,168.007190,0
2024-10-25,sz.301162,35.2170258000,37.1017416000,34.8795876000,36.7889940000,35.5215432000,4717121,207390240.7500,2,7.679000,1,3.568100,52.177003,4.054315,9.109080,174.001886,0
2024-10-28,sz.301162,37.3651080000,37.3980288000,34.7149836000,35.2828674000,36.7889940000,6036431,261844552.9700,2,9.826700,1,-4.094000,50.135262,3.811873,8.381460,19685.210323,0
2024-10-29,sz.301162,35.1264936000,35.5297734000,33.7520502000,34.1059488000,35.2828674000,4207714,175178146.6600,2,6.849700,1,-3.335700,48.462917,3.684722,8.101882,19028.577462,0
2024-10-30,sz.301162,33.7520502000,34.1388696000,32.7397356000,33.1347852000,34.1059488000,3207150,129810587.3000,2,5.220900,1,-2.847500,47.082940,3.579800,7.871182,18486.740555,0
2024-10-31,sz.301162,33.9084240000,34.6409118000,33.3487704000,33.7273596000,33.1347852000,3061800,126507476.0000,2,4.984300,1,1.788400,47.924960,3.643820,8.011948,18817.352905,0
2024-11-01,sz.301162,33.2582382000,33.7438200000,31.9414062000,32.0237082000,33.7273596000,2826515,111791347.5200,2,4.601300,1,-5.051200,45.504153,3.459762,7.607245,17866.842400,0
2024-11-04,sz.301162,32.0483988000,33.9742656000,31.8097230000,33.7273596000,32.0237082000,2301840,92148953.0400,2,3.747200,1,5.320000,47.924960,3.643820,8.011948,18817.352905,0
2024-11-05,sz.301162,33.4969140000,34.3693152000,33.1265550000,34.2458622000,33.7273596000,2203156,90903369.8800,2,3.586500,1,1.537300,48.661727,3.699838,8.135119,19106.638711,0
2024-11-06,sz.301162,33.8672730000,35.6861472000,33.8672730000,34.3940058000,34.2458622000,3039544,128588806.4800,2,4.948100,1,0.432600,48.872232,3.715843,8.170310,19189.291799,0
2024-11-07,sz.301162,34.2705528000,34.4845380000,33.6862086000,34.3775454000,34.3940058000,2184060,90415673.0000,2,3.555400,1,-0.047900,48.848843,3.714065,8.166400,19180.108122,0
2024-11-08,sz.301162,34.5668400000,35.2252560000,34.2376320000,34.3610850000,34.3775454000,2426590,102238672.0700,2,3.950200,1,-0.047900,48.825453,3.712286,8.162490,19170.924446,0
2024-11-11,sz.301162,34.0236468000,36.1552686000,33.9331146000,36.0153552000,34.3610850000,3580863,154222772.3900,2,5.829300,1,4.814400,51.176092,3.891010,8.555462,20093.883922,0
2024-11-12,sz.301162,35.8836720000,36.2622612000,34.2458622000,34.6491420000,36.0153552000,2784420,119332163.6200,2,4.532800,1,-3.793400,49.234768,3.743407,8.230918,19331.638782,0
2024-11-13,sz.301162,34.4022360000,35.5544640000,34.1800206000,35.5544640000,34.6491420000,2745150,116774332.5000,2,4.468800,1,2.612800,50.521187,3.841216,8.445977,19836.740983,0
2024-11-14,sz.301162,35.8013700000,36.1552686000,34.2211716000,34.3940058000,35.5544640000,2312980,97729331.4000,2,3.765300,1,-3.263900,48.872232,3.715843,8.170310,19189.291799,0
2024-11-15,sz.301162,34.2376320000,34.7725950000,33.9084240000,33.9084240000,34.3940058000,1843180,77018733.0000,2,3.000500,1,-1.411800,48.182244,3.663382,8.054960,18918.373345,0
2024-11-18,sz.301162,33.6779784000,34.0318770000,31.8426438000,31.8426438000,33.9084240000,2170439,85600775.7700,2,3.533300,1,-6.092200,45.246869,3.440200,7.564233,17765.821959,0
2024-11-19,sz.301162,32.1883122000,32.8138074000,31.5710472000,32.7644262000,31.8426438000,1209400,47257625.0000,2,1.968800,1,2.894800,46.556678,3.539787,7.783203,18280.107837,0
2024-11-20,sz.301162,32.5915920000,33.1677060000,32.4681390000,32.9290302000,32.7644262000,1111600,44344363.1000,2,1.809600,1,0.502400,46.790572,3.557571,7.822305,18371.944601,0
2024-11-21,sz.301162,33.0031020000,33.6615180000,32.5751316000,32.9208000000,32.9290302000,1492420,59883176.2000,2,2.429500,1,-0.025000,46.778877,3.556682,7.820350,18367.352762,0
2024-11-22,sz.301162,32.9208000000,33.0442530000,31.3982130000,31.4064432000,32.9208000000,1607216,62875643.6000,2,2.616400,1,-4.600000,44.627049,3.393074,7.460613,17522.454535,0
2024-11-25,sz.301162,31.7191908000,37.6860858000,31.0525446000,37.6860858000,31.4064432000,11033869,490965434.9700,2,17.962000,1,19.994800,53.550120,4.071511,8.952345,21026.027075,0
2024-11-26,sz.301162,37.3074966000,37.6943160000,34.9125084000,35.2664070000,37.6860858000,10040953,437757003.1100,2,16.345700,1,-6.420600,50.111872,3.810095,8.377549,19676.026647,0
2024-11-27,sz.301162,34.4845380000,35.1429540000,32.9208000000,35.1100332000,35.2664070000,6643089,274777669.2900,2,10.814300,1,-0.443400,49.889673,3.793201,8.340403,19588.781721,0
2024-11-28,sz.301162,35.0441916000,35.1100332000,33.7932012000,33.8755032000,35.1100332000,4881649,203584548.0300,2,7.946800,1,-3.516200,48.135465,3.659825,8.047140,18900.005993,0
2024-11-29,sz.301162,33.7355898000,34.7972856000,33.1677060000,34.6573722000,33.8755032000,4552213,188803299.3400,2,7.410500,1,2.308100,49.246463,3.744297,8.232873,19336.230621,0
2024-12-02,sz.301162,34.5915306000,35.4886224000,34.2047112000,35.4886224000,34.6573722000,4143471,176484294.1100,2,6.745100,1,2.398500,50.427630,3.834103,8.430337,19800.006278,0
2024-12-03,sz.301162,35.2417164000,36.3610236000,35.1429540000,35.8342908000,35.4886224000,4157156,180381272.9600,2,6.767400,1,0.974000,50.918808,3.871448,8.512450,19992.863482,0
2024-12-04,sz.301162,35.7931398000,36.2869518000,34.7067534000,34.8713574000,35.8342908000,3741408,161320723.1000,2,6.090600,1,-2.687200,49.550526,3.767415,8.283705,19455.618414,0
2024-12-05,sz.301162,34.7314440000,37.0112094000,34.4022360000,36.1470384000,34.8713574000,4125609,179647394.9400,2,6.716100,1,3.658200,51.363207,3.905236,8.586744,20167.353333,0
2024-12-06,sz.301162,36.3939444000,37.4474100000,36.2458008000,36.6490806000,36.1470384000,5388730,241655038.5800,2,8.772300,1,1.388900,52.076585,3.959476,8.706004,20447.455463,0
2024-12-09,sz.301162,36.7066920000,37.6120140000,36.0482760000,37.3074966000,36.6490806000,4348476,195550965.1800,2,7.078900,1,1.796500,53.012163,4.030609,8.862411,20814.802518,0
2024-12-10,sz.301162,38.6819400000,39.2169030000,36.5832390000,36.7478430000,37.3074966000,4336226,197087537.2600,2,7.059300,1,-1.500100,52.216922,3.970146,8.729465,20502.557521,0
2024-12-11,sz.301162,36.9124470000,37.0359000000,36.1141176000,36.2540310000,36.7478430000,2328500,102934579.8600,2,3.790800,1,-1.343800,51.515239,3.916796,8.612160,20227.047230,0
2024-12-12,sz.301162,36.2540310000,36.9371376000,35.9495136000,36.2622612000,36.2540310000,1991741,87965910.3900,2,3.242500,1,0.022700,51.526933,3.917685,8.614115,20231.639068,0
2024-12-13,sz.301162,36.2622612000,37.2416550000,35.9906646000,36.5832390000,36.2622612000,2371050,105467205.0000,2,3.860000,1,0.885200,51.983027,3.952362,8.690363,20410.720757,0
2024-12-16,sz.301162,36.9371376000,38.6407890000,36.5914692000,38.1881280000,36.5832390000,4842513,222479646.2300,2,7.883600,1,4.387000,54.263498,4.125751,9.071605,21306.129204,0
2024-12-17,sz.301162,38.1305166000,38.4021132000,35.8013700000,36.2787216000,38.1881280000,3497968,157185531.6400,2,5.694600,1,-5.000000,51.550323,3.919463,8.618025,20240.822744,0
2024-12-18,sz.301162,36.1388082000,37.1840436000,35.3487090000,36.4597860000,36.2787216000,2078356,91715628.6800,2,3.383500,1,0.499100,51.807607,3.939025,8.661037,20341.843184,0
2024-12-19,sz.301162,35.8836720000,36.6243900000,35.3980902000,36.0729666000,36.4597860000,1817540,79173506.0000,2,2.958900,1,-1.060900,51.257955,3.897234,8.569148,20126.026789,0
2024-12-20,sz.301162,36.2375706000,38.2704300000,35.7272982000,37.6613952000,36.0729666000,3238656,146813680.7400,2,5.272500,1,4.403400,53.515036,4.068844,8.946480,21012.251560,0
2024-12-23,sz.301162,37.3815684000,37.8753804000,35.8919022000,36.3527934000,37.6613952000,3143382,139582618.2600,2,5.117400,1,-3.474700,51.655575,3.927466,8.635621,20282.149288,0
2024-12-24,sz.301162,36.2951820000,38.6737098000,36.2951820000,38.2128186000,36.3527934000,4307784,199023448.3600,2,7.013000,1,5.116600,54.298582,4.128418,9.077471,21319.904719,0
2024-12-25,sz.301162,38.1140562000,38.2704300000,37.2910362000,37.8095388000,38.2128186000,2656840,121993310.0000,2,4.325300,1,-1.055400,53.725541,4.084849,8.981671,21094.904648,0
2024-12-26,sz.301162,37.8095388000,39.3238956000,37.4721006000,39.0276084000,37.8095388000,4121727,193625178.3500,2,6.710100,1,3.221600,55.456359,4.216446,9.271024,21774.496700,0
2024-12-27,sz.301162,39.0111480000,39.0111480000,37.9494522000,38.7642420000,39.0276084000,2825571,132062460.8800,2,4.600000,1,-0.674800,55.082128,4.187993,9.208462,21627.557878,0
2024-12-30,sz.301162,38.5255662000,38.5996380000,37.4967912000,37.8589200000,38.7642420000,2173570,100176180.6000,2,3.538500,1,-2.335500,53.795709,4.090184,8.993402,21122.455677,0
2024-12-31,sz.301162,38.0893656000,38.0893656000,35.1100332000,37.4474100000,37.8589200000,3807908,168972004.2800,2,6.199200,1,-1.087000,53.210973,4.045725,8.895648,20892.863767,0
2025-01-02,sz.301162,37.0359000000,37.0359000000,35.0524218000,35.3733996000,37.4474100000,1911233,83330008.9700,2,3.111500,1,-5.538500,50.263904,3.821654,8.402966,19735.720543,0
2025-01-03,sz.301162,35.1594144000,36.1881894000,34.2376320000,34.5668400000,35.3733996000,1758240,74947819.5000,2,2.843700,1,-2.280100,49.117821,3.734516,8.211367,19285.720401,0
2025-01-06,sz.301162,34.3117038000,35.2087956000,33.5545254000,34.4927682000,34.5668400000,973700,40702037.2100,2,1.574200,1,-0.214300,49.028190,3.727701,8.196383,19250.527296,0
2025-01-07,sz.301162,34.5092286000,35.1018030000,34.1964810000,35.0935728000,34.4927682000,1034100,43695330.0000,2,1.671800,1,1.741800,49.882176,3.792631,8.339150,19585.838318,0
2025-01-08,sz.301162,34.9371990000,36.1141176000,33.8261220000,35.8836720000,35.0935728000,2208900,93753976.0000,2,3.571100,1,2.251400,51.005227,3.878019,8.526898,20026.795278,0
2025-01-09,sz.301162,35.3980902000,36.1141176000,35.3898600000,35.5462338000,35.8836720000,687460,29792410.1000,2,1.111400,1,-0.940400,50.525591,3.841551,8.446714,19838.469910,0
2025-01-10,sz.301162,35.5462338000,35.8096002000,34.3857756000,34.9207386000,35.5462338000,1218920,51894299.7200,2,1.970600,1,-1.759700,49.636509,3.773952,8.298080,19489.378983,0
2025-01-13,sz.301162,34.6491420000,34.8137460000,34.0565676000,34.3281642000,34.9207386000,565420,23629696.0000,2,0.914100,1,-1.696900,48.794221,3.709912,8.157268,19158.661262,0
2025-01-14,sz.301162,34.4845380000,35.7355284000,34.3034736000,35.5791546000,34.3281642000,1400514,59778938.9300,2,2.264200,1,3.644200,50.572385,3.845109,8.454536,19856.843116,0
2025-01-15,sz.301162,35.4474714000,35.7355284000,34.8055158000,34.8713574000,35.5791546000,865700,36908056.0000,2,1.399600,1,-1.989400,49.566318,3.768616,8.286345,19461.819173,0
2025-01-16,sz.301162,34.8878178000,35.5791546000,34.0812582000,34.4763078000,34.8713574000,930244,39360773.1200,2,1.503900,1,-1.132900,49.004793,3.725922,8.192471,19241.340693,0
2025-01-17,sz.301162,34.4598474000,34.6079910000,33.8425824000,34.2129414000,34.4763078000,822400,34249878.0000,2,1.329600,1,-0.763900,48.630442,3.697459,8.129889,19094.355039,0
2025-01-20,sz.301162,34.3446246000,34.8878178000,34.1553300000,34.2705528000,34.2129414000,661200,27626887.0000,2,1.069000,1,0.168400,48.712332,3.703686,8.143578,19126.508151,0
2025-01-21,sz.301162,34.5668400000,34.5668400000,33.6203670000,34.1553300000,34.2705528000,809100,33408639.0000,2,1.308100,1,-0.336200,48.548553,3.691233,8.116199,19062.201927,0
2025-01-22,sz.301162,34.0894884000,34.0894884000,33.0854040000,33.2500080000,34.1553300000,978500,39789871.0000,2,1.581900,1,-2.650600,47.261724,3.593393,7.901070,18556.938744,0
2025-01-23,sz.301162,33.5380650000,34.3940058000,33.5380650000,33.6450576000,33.2500080000,1116320,46121487.4900,2,1.804800,1,1.188100,47.823250,3.636087,7.994944,18777.417224,0
2025-01-24,sz.301162,33.3405402000,34.4680776000,33.1183248000,34.1964810000,33.6450576000,933131,38462712.3300,2,1.508600,1,1.638900,48.607046,3.695680,8.125977,19085.168436,0
2025-01-27,sz.301162,34.2376320000,35.2417164000,33.5792160000,33.5792160000,34.1964810000,1228400,51387271.0000,2,1.986000,1,-1.805100,47.729662,3.628971,7.979299,18740.670811,0
2025-02-05,sz.301162,34.0812582000,35.5297734000,34.0812582000,34.9125084000,33.5792160000,1448153,61019837.8500,2,2.341200,1,3.970600,49.624810,3.773063,8.296124,19484.785681,0
2025-02-06,sz.301162,34.9125084000,35.5133130000,34.4104662000,35.3816298000,34.9125084000,1122740,48018420.8800,2,1.815100,1,1.343700,50.291622,3.823762,8.407599,19746.603876,0
2025-02-07,sz.301162,35.4145506000,36.8712960000,35.4145506000,36.0565062000,35.3816298000,2400440,105230826.4000,2,3.880800,1,1.907400,51.250895,3.896697,8.567968,20123.254613,0
2025-02-10,sz.301162,39.4061976000,43.2497010000,39.2251332000,40.0810740000,36.0565062000,7155330,353434868.2500,2,11.568000,1,11.161800,56.971435,4.331640,9.524310,22369.379129,0
2025-02-11,sz.301162,39.8917794000,40.0810740000,38.2786602000,38.3198112000,40.0810740000,4498760,211971428.4000,2,7.273200,1,-4.394300,54.467967,4.141297,9.105788,21386.412572,0
2025-02-12,sz.301162,38.5173360000,39.2827446000,37.8589200000,38.3362716000,38.3198112000,3233832,151518178.4000,2,5.228100,1,0.043000,54.491364,4.143076,9.109699,21395.599175,0
2025-02-13,sz.301162,38.3280414000,38.6325588000,37.6943160000,38.1058260000,38.3362716000,2488992,115302886.7200,2,4.024000,1,-0.601100,54.163808,4.118171,9.054940,21266.986729,0
2025-02-14,sz.301162,38.4103434000,40.7230296000,37.8589200000,39.6613338000,38.1058260000,3444900,164765801.0000,2,5.569400,1,4.082100,56.374814,4.286278,9.424569,22135.120744,0
2025-02-17,sz.301162,39.6284130000,42.4431414000,39.5378808000,41.8752576000,39.6613338000,4583281,229694057.8000,2,7.409800,1,5.582100,59.521696,4.525541,9.950655,23370.718893,0
2025-02-18,sz.301162,42.3361488000,43.2250104000,39.6448734000,39.7847868000,41.8752576000,4808761,241533747.0500,2,7.774300,1,-4.992100,56.550291,4.299620,9.453905,22204.020269,0
2025-02-19,sz.301162,40.3279800000,40.6489578000,39.3403560000,40.5008142000,39.7847868000,3754828,181935099.0400,2,6.070400,1,1.799800,57.568056,4.377002,9.624051,22603.637514,0
2025-02-20,sz.301162,40.5172746000,40.7312598000,39.3403560000,40.2785988000,40.5008142000,2065380,100206068.0000,2,3.339100,1,-0.548700,57.252198,4.352987,9.571247,22479.618369,0
2025-02-21,sz.301162,40.2456780000,40.9863960000,39.9164700000,40.6983390000,40.2785988000,1946268,95931959.2800,2,3.146500,1,1.042100,57.848818,4.398349,9.670988,22713.876754,0
2025-02-24,sz.301162,40.9452450000,41.1345396000,39.6695640000,40.8958638000,40.6983390000,2263757,111358536.5600,2,3.659800,1,0.485300,58.129581,4.419696,9.717925,22824.115995,0
2025-02-25,sz.301162,40.1716062000,41.3073738000,39.7930170000,40.2539082000,40.8958638000,1525783,75089847.3300,2,2.466700,1,-1.569700,57.217102,4.350318,9.565380,22465.838464,0
2025-02-26,sz.301162,40.2539082000,40.8217920000,39.7518660000,40.7147994000,40.2539082000,1702620,83294995.6000,2,2.752600,1,1.145000,57.872215,4.400128,9.674900,22723.063358,0
2025-02-27,sz.301162,40.5419652000,41.0686980000,39.1922124000,40.6078068000,40.7147994000,2118376,103570237.4000,2,3.424800,1,-0.262800,57.720135,4.388565,9.649476,22663.350436,0
2025-02-28,sz.301162,40.4925840000,41.9493294000,39.9082398000,40.9863960000,40.6078068000,3018340,150410290.0000,2,4.879800,1,0.932300,58.258264,4.429480,9.739438,22874.642313,0
2025-03-03,sz.301162,41.6201214000,42.7970400000,40.0646136000,41.9410992000,40.9863960000,3311843,168551403.9300,2,5.354300,1,2.329300,59.615284,4.532656,9.966301,23407.465307,0
2025-03-04,sz.301162,41.6448120000,43.0933272000,41.4802080000,42.9204930000,41.9410992000,2515260,129695932.0000,2,4.066400,1,2.335200,61.007399,4.638501,10.199030,23954.068205,0
2025-03-05,sz.301162,42.9616440000,43.2085500000,40.8464826000,41.8011858000,42.9204930000,2690440,136199980.3000,2,4.349600,1,-2.607900,59.416410,4.517536,9.933054,23329.379178,0
2025-03-06,sz.301162,42.2209260000,43.1427084000,41.5954308000,41.8341066000,41.8011858000,1961470,100632817.5700,2,3.171100,1,0.078800,59.463204,4.521094,9.940876,23347.752385,0
2025-03-07,sz.301162,41.6036610000,42.2867676000,40.9946262000,41.5048986000,41.8341066000,1443130,72987510.2000,2,2.333100,1,-0.786900,58.995266,4.485515,9.862648,23164.020318,0
2025-03-10,sz.301162,41.5378194000,41.6448120000,40.7394900000,41.2662228000,41.5048986000,1096200,54767848.0000,2,1.772200,1,-0.575100,58.656011,4.459721,9.805932,23030.814570,0
2025-03-11,sz.301162,41.0440074000,41.6036610000,40.3279800000,41.2168416000,41.2662228000,923083,45955666.4100,2,1.492400,1,-0.119700,58.585821,4.454385,9.794198,23003.254760,0
2025-03-12,sz.301162,41.2168416000,43.2085500000,41.1510000000,42.4349112000,41.2168416000,1716320,88103866.4000,2,2.774800,1,2.955300,60.317191,4.586024,10.083643,23683.063407,0
2025-03-13,sz.301162,42.3608394000,42.5172132000,40.3691310000,40.6324974000,42.4349112000,1542190,76909278.2000,2,2.493300,1,-4.247500,57.755231,4.391233,9.655343,22677.130341,0
2025-03-14,sz.301162,40.6654182000,40.9781658000,39.5954922000,40.0070022000,40.6324974000,1979080,96585098.3700,2,3.199600,1,-1.539400,56.866149,4.323635,9.506709,22328.039414,0
2025-03-17,sz.301162,40.1551458000,40.7312598000,39.4061976000,40.0893042000,40.0070022000,1711728,83154618.7800,2,2.767400,1,0.205700,56.983133,4.332529,9.526266,22373.972431,0
2025-03-18,sz.301162,40.2127572000,40.6983390000,39.9493908000,40.3444404000,40.0893042000,900118,44056143.1200,2,1.455200,1,0.636400,57.345785,4.360102,9.586893,22516.364783,0
2025-03-19,sz.301162,40.0810740000,41.8011858000,39.9576210000,40.5995766000,40.3444404000,1312056,65146815.4800,2,2.121200,1,0.632400,57.708437,4.387676,9.647520,22658.757134,0
2025-03-20,sz.301162,40.5995766000,40.5995766000,39.7847868000,39.9082398000,40.5995766000,1052538,51239794.9200,2,1.701600,1,-1.702800,56.725768,4.312961,9.483240,22272.919794,0
2025-03-21,sz.301162,39.6860244000,39.9082398000,38.9699970000,39.0769896000,39.9082398000,1096520,52349688.4000,2,1.772700,1,-2.082900,55.544224,4.223127,9.285713,21808.996326,0
2025-03-24,sz.301162,39.5543412000,39.7518660000,37.8753804000,38.6654796000,39.0769896000,1011600,47743332.0000,2,1.635500,1,-1.053100,54.959302,4.178654,9.187928,21579.331242,0
2025-03-25,sz.301162,38.8383138000,39.0852198000,37.7766180000,38.1058260000,38.6654796000,850800,39612902.0000,2,1.375500,1,-1.447400,54.163808,4.118171,9.054940,21266.986729,0
2025-03-26,sz.301162,37.9741428000,41.3814456000,37.7025462000,40.1716062000,38.1058260000,2849056,138025110.1800,2,4.606100,1,5.421200,57.100118,4.341424,9.545823,22419.905448,0
2025-03-27,sz.301162,40.1551458000,40.7065692000,38.8383138000,39.9987720000,40.1716062000,1611540,77797116.0000,2,2.605400,1,-0.430200,56.854450,4.322745,9.504753,22323.446113,0
2025-03-28,sz.301162,40.0070022000,40.2868290000,38.9370762000,39.3238956000,39.9987720000,989600,47522710.0000,2,1.599900,1,-1.687200,55.895178,4.249810,9.344385,21946.795376,0
2025-03-31,sz.301162,39.6942546000,41.7353442000,39.0029178000,40.6571880000,39.3238956000,2572950,126725862.9000,2,4.159700,1,3.390500,57.790326,4.393902,9.661210,22690.910246,0
2025-04-01,sz.301162,40.8382524000,42.7888098000,40.2950592000,41.8094160000,40.6571880000,4075000,206220550.2000,2,6.588100,1,2.834000,59.428109,4.518425,9.935009,23333.972480,0
2025-04-02,sz.301162,41.4719778000,44.4430800000,41.4555174000,43.4966070000,41.8094160000,5400320,284827499.2000,2,8.730700,1,4.035400,61.826290,4.700763,10.335930,24275.599322,0
2025-04-03,sz.301162,42.5172132000,43.4472258000,41.2909134000,42.6324360000,43.4966070000,3798383,195583903.5400,2,6.140900,1,-1.986800,60.597953,4.607371,10.130580,23793.302647,0
2025-04-07,sz.301162,38.7642420000,41.9740200000,38.2786602000,39.5543412000,42.6324360000,4503920,219701545.2000,2,7.281500,1,-7.220100,56.222734,4.274715,9.399145,22075.407822,0
2025-04-08,sz.301162,40.4349726000,41.8094160000,39.3897372000,40.7394900000,39.5543412000,2862200,141412344.0000,2,4.627300,1,2.996300,57.907311,4.402796,9.680767,22736.843263,0
2025-04-09,sz.301162,39.0687594000,48.4758780000,39.0687594000,46.6899246000,40.7394900000,7116595,394161877.6000,2,11.505400,1,14.606100,66.365287,5.045871,11.094746,26057.800370,0
2025-04-10,sz.301162,46.7969172000,47.3648010000,44.6076840000,45.5130060000,46.6899246000,6112324,341639380.2900,2,9.881800,1,-2.520700,64.692410,4.918679,10.815079,25400.958231,0
2025-04-11,sz.301162,45.2661000000,46.9532910000,44.6241444000,46.3113354000,45.5130060000,3920780,218720483.6000,2,6.338700,1,1.754100,65.827159,5.004956,11.004783,25846.508493,0
2025-04-14,sz.301162,46.9532910000,49.5787248000,46.7475360000,48.2536626000,46.3113354000,5019460,295440040.3300,2,8.115000,1,4.194100,62.762357,5.075419,10.684394,-25.973558,0
2025-04-15,sz.301162,47.7351600000,49.1096034000,46.5088602000,48.8050860000,48.2536626000,3624175,210238662.2000,2,5.859200,1,1.142800,63.479580,5.133419,10.806491,-26.270373,0
2025-04-16,sz.301162,48.3112740000,48.4758780000,46.1385012000,46.8956796000,48.8050860000,2573400,146752127.0000,2,4.160400,1,-3.912300,60.996062,4.932584,10.383707,-25.242595,0
2025-04-17,sz.301162,46.2290334000,54.3687012000,46.2290334000,52.3605324000,46.8956796000,6590941,403092703.5900,2,10.655600,1,11.653200,68.104062,5.507388,11.593743,-28.184168,0
2025-04-18,sz.301162,52.2700002000,52.4346042000,50.7474132000,51.4469802000,52.3605324000,3332610,208606152.2000,2,5.387800,1,-1.744700,66.915827,5.411299,11.391463,-27.692429,0
2025-04-21,sz.301162,50.9696286000,52.8378840000,50.3029824000,51.5210520000,51.4469802000,3117900,195591746.2000,2,5.040700,1,0.144000,67.012170,5.419090,11.407864,-27.732300,0
2025-04-22,sz.301162,51.5210520000,51.9984036000,49.4305812000,49.6527966000,51.5210520000,2318840,141792994.5500,2,3.748900,1,-3.626200,64.582176,5.222583,10.994192,-26.726672,0
2025-04-23,sz.301162,49.6857174000,50.1795294000,48.6651726000,49.5951852000,49.6527966000,2162660,129626572.6000,2,3.496400,1,-0.116000,64.507243,5.216523,10.981436,-26.695661,0
2025-04-24,sz.301162,49.5951852000,51.6774258000,48.7227840000,50.3605938000,49.5951852000,2835283,173134051.6700,2,4.583800,1,1.543300,65.502791,5.297030,11.150913,-27.107659,0
2025-04-25,sz.301162,50.5416582000,52.6732800000,50.0396160000,51.5292822000,50.3605938000,3041479,189728103.4700,2,4.917200,1,2.320600,67.022875,5.419955,11.409686,-27.736730,0
2025-04-28,sz.301162,50.4017448000,52.5498270000,49.2248262000,49.7927100000,51.5292822000,2505920,154088177.8000,2,4.031200,1,-3.370100,61.940192,5.152851,10.250535,-40.227054,0
2025-04-29,sz.301162,49.7927100000,50.7391830000,48.1055190000,49.9490838000,49.7927100000,2371040,142251475.4000,2,3.338500,1,0.314000,62.134715,5.169034,10.282727,-40.353386,0
2025-04-30,sz.301162,49.9573140000,52.6568196000,49.9573140000,51.0766212000,49.9490838000,2220600,139282459.0000,2,3.126700,1,2.257400,63.537327,5.285718,10.514847,-41.264313,0
2025-05-06,sz.301162,51.1918440000,54.1382556000,51.1918440000,53.3728470000,51.0766212000,2370675,152918194.3800,2,3.338000,1,4.495600,66.393743,5.523346,10.987557,-43.119412,0
2025-05-07,sz.301162,53.2411638000,57.3480336000,52.5745176000,55.4797782000,53.3728470000,3255125,216974125.7000,2,4.583300,1,3.947600,69.014683,5.741384,11.421299,-44.821581,0
2025-05-08,sz.301162,55.3892460000,56.7389988000,52.2617700000,53.4963000000,55.4797782000,3271506,213307045.8800,2,4.606400,1,-3.575100,66.547313,5.536121,11.012972,-43.219148,0
2025-05-09,sz.301162,52.5992082000,53.0847900000,51.2083044000,51.8091090000,53.4963000000,2468592,156088211.7500,2,3.475800,1,-3.153800,64.448513,5.361520,10.665640,-41.856083,0
2025-05-12,sz.301162,51.9737130000,53.4880698000,51.6033540000,52.4181438000,51.8091090000,1884402,120328155.6000,2,2.653300,1,1.175500,65.206129,5.424547,10.791018,-42.348116,0
2025-05-13,sz.301162,52.4263740000,53.0683296000,50.7144924000,51.6856560000,52.4181438000,1741495,109246783.3000,2,2.452100,1,-1.397400,64.294943,5.348745,10.640225,-41.756346,0
2025-05-14,sz.301162,51.5128218000,51.9490224000,49.2495168000,49.6116456000,51.6856560000,2467742,150603652.2600,2,3.474700,1,-4.012700,61.714955,5.134114,10.213261,-40.080773,0
2025-05-15,sz.301162,49.4635020000,49.6116456000,48.0725982000,48.3195042000,49.6116456000,2152870,127353052.9000,2,3.031300,1,-2.604500,60.107581,5.000395,9.947255,-39.036865,0
2025-05-16,sz.301162,48.7775303700,49.5840174000,47.6623878100,49.1160557900,48.3195253900,2398718,117390285.6000,2,2.814600,1,1.648500,60.605150,5.041788,10.029598,-39.360011,0
2025-05-19,sz.301162,48.8472267800,49.7234102200,48.4887881000,48.9766629700,49.1160557900,2240440,110245878.2000,2,2.628800,1,-0.283800,60.433151,5.027479,10.001134,-39.248306,0
2025-05-20,sz.301162,48.9567497100,50.1714585700,48.1900892000,49.6437571800,48.9766629700,2305448,114285436.8800,2,2.705100,1,1.362100,61.256290,5.095957,10.137356,-39.782893,0
2025-05-21,sz.301162,49.6935403300,50.0021958600,48.4091350600,48.5485278800,49.6437571800,1367414,66974310.2800,2,1.604500,1,-2.206200,59.904867,4.983531,9.913708,-38.905212,0
2025-05-22,sz.301162,48.1801325700,48.8770966700,47.4632552100,47.5827347700,48.5485278800,1531748,73769937.2800,2,1.797300,1,-1.989300,58.713158,4.884392,9.716491,-38.131257,0
2025-05-23,sz.301162,47.6623878100,48.4390049500,47.2442093500,47.2740792400,47.5827347700,1297608,62289479.6400,2,1.522600,1,-0.648700,58.332303,4.852708,9.653463,-37.883911,0
2025-05-26,sz.301162,47.2541659800,47.9610867100,47.0450767500,47.4831684700,47.2740792400,1095964,52246277.6000,2,1.286000,1,0.442300,58.590302,4.874171,9.696159,-38.051468,0
2025-05-27,sz.301162,47.4931251000,48.7377038500,47.1346864200,47.5528648800,47.4831684700,1649896,79068382.9200,2,1.935900,1,0.146800,58.676302,4.881326,9.710391,-38.107320,0
2025-05-28,sz.301162,47.3437756500,48.4489615800,46.8957273000,47.1944262000,47.5528648800,1730292,82751395.8800,2,2.030300,1,-0.753800,58.234018,4.844532,9.637197,-37.820079,0
2025-05-29,sz.301162,47.1944262000,48.1900892000,46.6766814400,46.9554670800,47.1944262000,2337995,110945887.5200,2,2.743300,1,-0.506300,57.939162,4.820003,9.588401,-37.628585,0
2025-05-30,sz.301162,47.2342527200,47.9909566000,46.4178090600,46.8658574100,46.9554670800,1665298,79097482.4800,2,1.954000,1,-0.190800,57.828591,4.810804,9.570103,-37.556775,0
2025-06-03,sz.301162,46.3281993900,47.2342527200,45.9697607100,46.9455104500,46.8658574100,1543556,72357893.3000,2,1.811100,1,0.170000,57.926876,4.818981,9.586368,-37.620606,0
2025-06-04,sz.301162,47.4931251000,48.4887881000,46.9753803400,47.1844695700,46.9455104500,1623446,77779110.4700,2,1.904900,1,0.509000,58.221732,4.843510,9.635164,-37.812100,0
2025-06-05,sz.301162,49.7731933700,50.1814152000,48.1900892000,49.1459256800,47.1844695700,4705904,232780663.5800,2,5.521700,1,4.157000,60.642007,5.044854,10.035697,-39.383947,0
2025-06-06,sz.301162,48.5684411400,49.3151883900,47.5926914000,47.6424745500,49.1459256800,2569756,124058379.0600,2,3.015200,1,-3.059200,58.786872,4.890524,9.728690,-38.179131,0
2025-06-09,sz.301162,47.6623878100,47.9909566000,47.2342527200,47.4931251000,47.6424745500,2087884,99611605.4000,2,2.449800,1,-0.313500,58.602588,4.875193,9.698192,-38.059447,0
2025-06-10,sz.301162,47.3836021700,47.7519974800,46.6169416600,47.0251634900,47.4931251000,1754408,82956475.7900,2,2.058500,1,-0.985300,58.025162,4.827157,9.602634,-37.684438,0
2025-06-11,sz.301162,46.8359875200,49.4346679500,46.8359875200,48.7874870000,47.0251634900,3425124,166572173.6900,2,4.018900,1,3.747600,60.199723,5.008060,9.962504,-39.096706,0
2025-06-12,sz.301162,48.5485278800,50.4402875800,47.9809999700,49.8428897800,48.7874870000,2531615,125776470.1500,2,2.970500,1,2.163300,61.502003,5.116398,10.178019,-39.942472,0
2025-06-13,sz.301162,49.7333668500,49.9524127100,48.3095687600,48.6879207000,49.8428897800,1966356,96829826.2200,2,2.307200,1,-2.317200,60.076867,4.997840,9.942172,-39.016917,0
2025-06-16,sz.301162,48.5087013600,50.6991599600,48.2199590900,50.5796804000,48.6879207000,2131533,106385243.8600,2,2.501000,1,3.885500,62.411141,5.192030,10.328473,-40.532912,0
2025-06-17,sz.301162,50.5796804000,51.4757771000,49.5840174000,50.6792467000,50.5796804000,1970781,99999739.0800,2,2.312400,1,0.196900,62.533998,5.202250,10.348805,-40.612701,0
2025-06-18,sz.301162,50.3208080200,50.8086828900,48.7177905900,49.6437571800,50.6792467000,2685915,134192326.5400,2,3.151500,1,-2.043200,61.256290,5.095957,10.137356,-39.782893,0
2025-06-19,sz.301162,49.3749281700,51.9238254500,49.3450582800,50.1117187900,49.6437571800,2237480,113472461.0000,2,2.625400,1,0.942600,61.833716,5.143993,10.232914,-40.157903,0
2025-06-20,sz.301162,49.8130198900,50.4701574700,48.7874870000,48.8870533000,50.1117187900,1541020,76856417.2000,2,1.808200,1,-2.443900,60.322580,5.018281,9.982835,-39.176496,0
2025-06-23,sz.301162,49.0861859000,50.0320657500,48.4390049500,49.4346679500,48.8870533000,1177444,58368594.7600,2,1.381600,1,1.120200,60.998291,5.074494,10.094659,-39.615336,0
2025-06-24,sz.301162,49.4346679500,50.2112850900,48.9866196000,49.3351016500,49.4346679500,1761252,87310045.4000,2,2.066600,1,-0.201400,60.875434,5.064273,10.074328,-39.535547,0
2025-06-25,sz.301162,49.2853185000,50.5796804000,48.7874870000,50.2112850900,49.3351016500,1751404,87801263.8000,2,2.055000,1,1.776000,61.956572,5.154214,10.253246,-40.237692,0
2025-06-26,sz.301162,50.4602008400,51.9138688200,49.7831500000,50.9779456000,50.2112850900,2119824,109057490.2000,2,2.487300,1,1.526900,62.902568,5.232912,10.409800,-40.852069,0
2025-06-27,sz.301162,50.9779456000,51.3065143900,50.5796804000,50.8684226700,50.9779456000,931716,47595955.1600,2,1.093200,1,-0.214800,62.767426,5.221669,10.387435,-40.764301,0
2025-06-30,sz.301162,51.5156036200,52.1130014200,50.7788130000,51.4558638400,50.8684226700,1314284,67750944.2000,2,1.542100,1,1.154800,63.492279,5.281971,10.507392,-41.235057,0
2025-07-01,sz.301162,51.2965577600,53.6463224400,50.0320657500,53.5467561400,51.4558638400,2685066,141036623.5200,2,3.150500,1,4.063500,66.072267,5.496602,10.934356,-42.910630,0
2025-07-02,sz.301162,52.9792282300,53.3476235400,50.9879022300,51.1272950500,53.5467561400,1631935,85179273.4500,2,1.914800,1,-4.518400,63.086853,5.248243,10.440297,-40.971752,0
2025-07-03,sz.301162,51.2567312400,53.2181873500,50.8883359300,52.6705727000,51.1272950500,1552056,81599868.6400,2,1.821100,1,3.018500,64.991130,5.406661,10.755438,-42.208485,0
2025-07-04,sz.301162,52.6705727000,53.1684042000,51.4857337300,51.5952566600,52.6705727000,1393960,73295836.4000,2,1.635600,1,-2.041600,63.664279,5.296279,10.535856,-41.346762,0
2025-07-07,sz.301162,52.1229580500,55.7571280000,51.8043458900,54.0445876400,51.5952566600,3788975,207148114.5400,2,4.445800,1,4.747200,66.686550,5.547704,11.036014,-43.309576,0
2025-07-08,sz.301162,53.9251080800,55.9463039700,52.8000088900,54.7515083700,54.0445876400,3103080,169241198.8000,2,3.641000,1,1.308000,67.558832,5.620270,11.180369,-43.876079,0
2025-07-09,sz.301162,54.2835467600,56.0060437500,53.4770597300,53.5766260300,54.7515083700,1842247,100314355.3900,2,2.161600,1,-2.145800,66.109124,5.499668,10.940455,-42.934567,0
2025-07-10,sz.301162,53.1783608300,53.4671031000,51.4259939500,51.9835652300,53.5766260300,2125412,111045790.4400,2,2.493900,1,-2.973400,64.143419,5.336139,10.615149,-41.657940,0
2025-07-11,sz.301162,52.0034784900,52.0034784900,50.5995936600,51.6549964400,51.9835652300,2124591,109604445.8300,2,2.492900,1,-0.632100,63.737993,5.302412,10.548055,-41.394635,0
2025-07-14,sz.301162,51.4757771000,52.2225243500,51.1372516800,51.7943892600,51.6549964400,1168229,60714249.6400,2,1.370700,1,0.269900,63.909992,5.316720,10.576519,-41.506340,0
2025-07-15,sz.301162,51.7844326300,52.0831315300,51.1372516800,51.2268613500,51.7943892600,1282222,66251877.7900,2,1.504500,1,-1.095700,63.209709,5.258463,10.460629,-41.051542,0
2025-07-16,sz.301162,51.6549964400,55.7471713700,51.2567312400,54.3831130600,51.2268613500,3723810,201449170.6000,2,4.369400,1,6.161300,67.104263,5.582454,11.105142,-43.580859,0
2025-07-17,sz.301162,55.2493398700,55.6376484400,53.4272765800,54.0047611200,54.3831130600,1527805,82818198.7900,2,1.792700,1,-0.695700,66.637408,5.543616,11.027882,-43.277660,0
2025-07-18,sz.301162,54.6419854400,54.6419854400,53.1584475700,53.7857152600,54.0047611200,1487807,80214312.0100,2,1.745700,1,-0.405600,66.367123,5.521131,10.983152,-43.102124,0
2025-07-21,sz.301162,53.7956718900,54.0645009000,52.7800956300,53.2779271300,53.7857152600,1380284,73764562.6000,2,1.619600,1,-0.944100,65.740555,5.469006,10.879461,-42.695199,0
2025-07-22,sz.301162,53.1186210500,54.0147177500,52.8896185600,53.6861489600,53.2779271300,1081339,58087084.4800,2,1.268800,1,0.766200,66.244267,5.510911,10.962820,-43.022335,0
2025-07-23,sz.301162,53.4770597300,53.7160188500,52.0731749000,52.3619171700,53.6861489600,1312680,69384791.0000,2,1.540200,1,-2.466600,64.610274,5.374977,10.692409,-41.961138,0
2025-07-24,sz.301162,52.3718738000,52.6606160700,51.2766445000,52.0233917500,52.3619171700,2157808,112547416.6400,2,2.531900,1,-0.646500,64.192562,5.340228,10.623282,-41.689855,0
2025-07-25,sz.301162,52.3220906500,53.9549779700,51.9238254500,53.3774934300,52.0233917500,2002330,107446425.4000,2,2.349400,1,2.602900,65.863411,5.479227,10.899792,-42.774988,0
2025-07-28,sz.301162,53.0389680100,53.5666694000,51.9835652300,52.3519605400,53.3774934300,1157525,61243356.2800,2,1.358200,1,-1.921300,64.597989,5.373955,10.690376,-41.953160,0
2025-07-29,sz.301162,52.3519605400,53.3476235400,52.1926544600,52.4614834700,52.3519605400,1283005,67956474.5500,2,1.505400,1,0.209200,64.733131,5.385198,10.712741,-42.040928,0
2025-07-30,sz.301162,52.1428713100,52.4714401000,51.1870348300,51.5853000300,52.4614834700,1133444,58956509.7200,2,1.329900,1,-1.670100,70.197155,5.839754,11.616987,-45.589538,0
2025-07-31,sz.301162,51.4757771000,51.8143025200,50.2311983500,50.3208080200,51.5853000300,1401380,72020549.5800,2,1.644300,1,-2.451300,68.476438,5.696606,11.332224,-44.472018,0
2025-08-01,sz.301162,50.2411549800,51.0575986400,50.0818489000,50.5697237700,50.3208080200,947578,48111651.8400,2,1.111800,1,0.494700,68.815162,5.724785,11.388280,-44.692002,0
2025-08-04,sz.301162,50.0718922700,51.2268613500,50.0718922700,51.0974251600,50.5697237700,862224,44026227.5800,2,1.011700,1,1.043500,69.533256,5.784524,11.507118,-45.158369,0
2025-08-05,sz.301162,52.9294450800,53.0588812700,51.4259939500,51.7645193700,51.0974251600,1239661,64874410.9900,2,1.454600,1,1.305500,70.441037,5.860043,11.657347,-45.747927,0
2025-08-06,sz.301162,51.5952566600,53.5367995100,51.4359505800,53.3675368000,51.7645193700,2805887,149217341.4100,2,3.292300,1,3.096700,72.622419,6.041514,12.018346,-47.164625,0
2025-08-07,sz.301162,53.0688379000,53.6662357000,52.3718738000,52.7701390000,53.3675368000,1230742,65412272.4600,2,1.444100,1,-1.119400,71.809481,5.973885,11.883812,-46.636663,0
2025-08-08,sz.301162,52.7103992200,52.7103992200,50.8783793000,51.1272950500,52.7701390000,1491003,77079514.7900,2,1.749500,1,-3.113200,69.573903,5.787905,11.513845,-45.184767,0
2025-08-11,sz.301162,51.1372516800,52.1428713100,51.0974251600,51.8242591500,51.1272950500,963601,50007260.7300,2,1.130600,1,1.363200,70.522330,5.866806,11.670801,-45.800723,0
2025-08-12,sz.301162,51.7645193700,51.7844326300,50.6493768100,51.2766445000,51.8242591500,1120335,57469443.0000,2,1.314600,1,-1.056700,69.777138,5.804813,11.547478,-45.316758,0
2025-08-13,sz.301162,51.2368179800,51.4757771000,47.8515637800,51.3762108000,51.2766445000,5727522,285466572.4700,2,6.720400,1,0.194200,69.912627,5.816084,11.569900,-45.404751,0
2025-08-14,sz.301162,50.8584660400,50.9381190800,49.5840174000,50.1913718300,51.3762108000,2952419,148708536.5800,2,3.464200,1,-2.306200,68.300301,5.681954,11.303075,-44.357626,0
2025-08-15,sz.301162,49.7831500000,50.9580323400,49.6039306600,50.4602008400,50.1913718300,1404528,70939787.8000,2,1.648000,1,0.535600,68.666123,5.712387,11.363615,-44.595209,0
2025-08-18,sz.301162,51.0177721200,52.0532616400,50.7489431100,50.9978588600,50.4602008400,1805510,93067185.4800,2,2.118500,1,1.065500,69.397767,5.773253,11.484696,-45.070375,0
2025-08-19,sz.301162,50.9978588600,51.6549964400,50.3705911700,50.8186395200,50.9978588600,1629191,83298621.6100,2,1.911600,1,-0.351400,69.153886,5.752964,11.444336,-44.911987,0
2025-08-20,sz.301162,50.7688563700,52.5610497700,50.3905044300,52.4813967300,50.8186395200,1884494,97398034.2500,2,2.211200,1,3.271900,71.416562,5.941198,11.818788,-46.381481,0
2025-08-21,sz.301162,52.5710064000,53.3077970200,51.8242591500,52.1229580500,52.4813967300,1374992,72594369.0000,2,1.613400,1,-0.683000,70.928799,5.900620,11.738068,-46.064704,0
2025-08-22,sz.301162,52.0233917500,53.6662357000,51.6151699200,53.3675368000,52.1229580500,2081495,110178594.9500,2,2.442300,1,2.387800,72.622419,6.041514,12.018346,-47.164625,0
2025-08-25,sz.301162,55.6376484400,57.0514899000,53.1684042000,53.7658020000,53.3675368000,3698646,202259719.5300,2,4.339800,1,0.746300,68.277070,6.174519,11.075520,-20.931501,0
2025-08-26,sz.301162,53.7857152600,55.7571280000,53.4173199500,53.9748912300,53.7658020000,2165309,118232348.9700,2,2.540700,1,0.388900,68.542592,6.198531,11.118591,-21.012901,0
2025-08-27,sz.301162,54.2636335000,58.3358951700,54.2636335000,55.4584291000,53.9748912300,5523841,313333207.5300,2,6.481400,1,2.748600,70.426533,6.368902,11.424194,-21.590455,0
2025-08-28,sz.301162,55.4584291000,55.9861304900,53.2679705000,54.8809445600,55.4584291000,2984131,163503104.4100,2,3.501500,1,-1.041300,69.693187,6.302583,11.305234,-21.365636,0
2025-08-29,sz.301162,54.7515083700,57.0415332700,54.2835467600,57.0415332700,54.8809445600,3738414,209380240.5400,2,4.386500,1,3.936900,72.436913,6.550707,11.750306,-22.206772,0
2025-09-01,sz.301162,56.8722705600,57.8480203000,55.6376484400,55.8168677800,57.0415332700,3551685,201386498.4500,2,4.167400,1,-2.147000,70.881713,6.410065,11.498031,-21.729999,0
2025-09-02,sz.301162,55.6276918100,55.9463039700,52.7701390000,53.9748912300,55.8168677800,3380648,182386253.5200,2,3.966700,1,-3.300000,68.542592,6.198531,11.118591,-21.012901,0
2025-09-03,sz.301162,53.5965392900,54.0645009000,51.7844326300,52.3220906500,53.9748912300,2688317,142622549.9000,2,3.154400,1,-3.062200,66.443704,6.008722,10.778122,-20.369451,0
2025-09-04,sz.301162,52.3121340200,54.7614650000,52.0831315300,52.8000088900,52.3220906500,3434092,185484914.4400,2,4.029400,1,0.913400,67.050611,6.063606,10.876571,-20.555509,0
2025-09-05,sz.301162,53.0400000000,59.9400000000,52.6000000000,59.3900000000,52.8000000000,5830706,332219459.9600,2,6.841500,1,12.481100,75.092133,6.790827,12.181021,-23.020775,0
2025-09-08,sz.301162,59.4000000000,59.4500000000,56.9700000000,58.8000000000,59.3900000000,3904453,226631195.7300,2,4.581300,1,-0.993400,74.346143,6.723365,12.060011,-22.792079,0
2025-09-09,sz.301162,58.4200000000,58.9900000000,57.3700000000,57.4600000000,58.8000000000,2006871,116778290.1300,2,2.354800,1,-2.278900,72.651860,6.570146,11.785174,-22.272667,0
2025-09-10,sz.301162,57.4400000000,57.9600000000,56.1500000000,56.5900000000,57.4600000000,1701170,96548771.4600,2,1.996100,1,-1.514100,71.551840,6.470667,11.606735,-21.935438,0
2025-09-11,sz.301162,56.7400000000,58.5800000000,55.8000000000,57.6800000000,56.5900000000,3053893,175153074.7300,2,3.583300,1,1.926100,72.930026,6.595301,11.830296,-22.357944,0
2025-09-12,sz.301162,57.5300000000,58.6600000000,56.6200000000,56.6300000000,57.6800000000,1779803,102091760.9500,2,2.088300,1,-1.820400,71.602416,6.475241,11.614939,-21.950942,0
2025-09-15,sz.301162,57.0900000000,60.5000000000,56.7000000000,59.1600000000,56.6300000000,3243758,191594334.3700,2,3.806100,1,4.467600,74.801323,6.764529,12.133847,-22.931622,0
2025-09-16,sz.301162,58.8800000000,62.0000000000,58.3800000000,61.0000000000,59.1600000000,3456784,207581826.9500,2,4.056000,1,3.110200,77.127801,6.974920,12.511235,-23.644843,0
2025-09-17,sz.301162,61.0800000000,61.8100000000,59.9300000000,60.7400000000,61.0000000000,2665095,162038532.3000,2,3.127100,1,-0.426200,76.799060,6.945190,12.457909,-23.544062,0
2025-09-18,sz.301162,60.7000000000,62.6700000000,58.9400000000,59.1200000000,60.7400000000,2908433,176088513.7200,2,3.412600,1,-2.667100,74.750747,6.759955,12.125643,-22.916117,0
2025-09-19,sz.301162,59.1100000000,60.3900000000,58.1000000000,58.3400000000,59.1200000000,2807143,166033432.3600,2,3.293800,1,-1.319400,73.764523,6.670767,11.965664,-22.613773,0
2025-09-22,sz.301162,58.6300000000,59.8700000000,57.1700000000,57.7300000000,58.3400000000,1864648,108269445.0000,2,2.187900,1,-1.045600,72.993245,6.601018,11.840551,-22.377325,0
2025-09-23,sz.301162,58.0100000000,59.9000000000,57.2300000000,59.7900000000,57.7300000000,3127838,183395264.5000,2,3.670100,1,3.568300,75.597889,6.836565,12.263062,-23.175823,0
2025-09-24,sz.301162,59.7900000000,60.3900000000,58.5100000000,59.8800000000,59.7900000000,1757516,104957259.6500,2,2.062200,1,0.150500,75.711684,6.846856,12.281521,-23.210709,0
2025-09-25,sz.301162,60.0000000000,64.4000000000,60.0000000000,63.8500000000,59.8800000000,3726308,233937688.3200,2,4.372300,1,6.629900,80.731313,7.300797,13.095777,-24.749562,0
2025-09-26,sz.301162,63.4100000000,63.4700000000,60.8100000000,60.9500000000,63.8500000000,2163884,133962297.7600,2,2.539000,1,-4.541900,77.064581,6.969202,12.500980,-23.625462,0
2025-09-29,sz.301162,60.8500000000,61.6200000000,59.0900000000,60.3000000000,60.9500000000,2428180,145996715.3200,2,2.849100,1,-1.066400,76.242728,6.894880,12.367664,-23.373509,0
2025-09-30,sz.301162,60.3000000000,60.7700000000,59.7100000000,60.0800000000,60.3000000000,1259988,75735741.8000,2,1.478400,1,-0.364800,75.964562,6.869724,12.322541,-23.288233,0
2025-10-09,sz.301162,60.6700000000,60.6800000000,58.3800000000,58.6500000000,60.0800000000,2481732,146780391.7100,2,2.912000,1,-2.380200,74.156484,6.706214,12.029245,-22.733936,0
2025-10-10,sz.301162,58.3200000000,59.8000000000,57.9400000000,58.2800000000,58.6500000000,1398899,82126835.0700,2,1.641400,1,-0.630900,73.688660,6.663907,11.953357,-22.590516,0
2025-10-13,sz.301162,56.9500000000,59.4500000000,56.5100000000,57.3200000000,58.2800000000,1835520,105754843.0900,2,2.153700,1,-1.647200,72.474845,6.554138,11.756459,-22.218400,0
2025-10-14,sz.301162,58.2700000000,58.8800000000,56.1000000000,56.3300000000,57.3200000000,1656908,95634292.8800,2,1.944100,1,-1.727100,71.223099,6.440938,11.553408,-21.834656,0
2025-10-15,sz.301162,56.3300000000,59.1400000000,55.4000000000,58.9500000000,56.3300000000,2014123,115622440.9800,2,2.363300,1,4.651200,74.535801,6.740517,12.090776,-22.850222,0
2025-10-16,sz.301162,58.5600000000,58.6700000000,55.7000000000,56.0900000000,58.9500000000,1847292,105536447.7600,2,2.167500,1,-4.851600,70.919645,6.413496,11.504184,-21.741627,0
2025-10-17,sz.301162,56.0900000000,56.4200000000,54.5000000000,54.8100000000,56.0900000000,1775886,97983848.0700,2,2.083700,1,-2.282000,69.301226,6.267137,11.241653,-21.245473,0
2025-10-20,sz.301162,54.8300000000,55.6000000000,53.9400000000,54.6000000000,54.8100000000,1195336,65542955.3600,2,1.402600,1,-0.383100,69.035704,6.243125,11.198581,-21.164073,0
2025-10-21,sz.301162,54.6300000000,55.5900000000,54.6300000000,55.4700000000,54.6000000000,857571,47290800.0900,2,1.006200,1,1.593400,70.135723,6.342603,11.377020,-21.501303,0
2025-10-22,sz.301162,55.0000000000,55.3300000000,54.5100000000,54.8800000000,55.4700000000,740896,40653433.8600,2,0.869300,1,-1.063600,69.389733,6.275141,11.256010,-21.272607,0
2025-10-23,sz.301162,55.3000000000,55.3000000000,52.8600000000,53.9900000000,54.8800000000,1219722,65319994.9000,2,1.431200,1,-1.621700,68.264426,6.173376,11.073469,-20.927625,0
2025-10-24,sz.301162,54.1100000000,55.8500000000,54.0500000000,55.6000000000,53.9900000000,1374960,75852824.8700,2,1.613300,1,2.982000,70.300094,6.357468,11.403684,-21.551693,0
2025-10-27,sz.301162,55.4000000000,56.2000000000,54.5800000000,56.0100000000,55.6000000000,1526270,84563473.3400,2,1.790900,1,0.737400,70.818494,6.404348,11.487775,-21.710618,0
2025-10-28,sz.301162,55.9600000000,59.0400000000,55.9600000000,57.2300000000,56.0100000000,2698660,156163519.0800,2,3.166500,1,2.178200,65.521080,4.961976,11.083510,-34.692644,0
2025-10-29,sz.301162,57.8800000000,57.8800000000,55.9000000000,57.7400000000,57.2300000000,1618659,92057650.2800,2,1.899300,1,0.891100,66.104965,5.006195,11.182280,-35.001804,0
2025-10-30,sz.301162,58.0000000000,60.2600000000,57.1500000000,58.6600000000,57.7400000000,2608187,153000969.9700,2,3.060300,1,1.593300,67.158248,5.085961,11.360453,-35.559506,0
2025-10-31,sz.301162,58.5900000000,60.8700000000,58.0800000000,59.8900000000,58.6600000000,2246900,134290263.2000,2,2.636400,1,2.096800,68.566442,5.192605,11.598662,-36.305128,0
2025-11-03,sz.301162,59.9000000000,60.3000000000,57.3800000000,57.6300000000,59.8900000000,1850903,107664790.7100,2,2.171800,1,-3.773600,65.979029,4.996657,11.160977,-34.935123,0
2025-11-04,sz.301162,57.9300000000,58.4700000000,56.5000000000,57.0800000000,57.6300000000,1403590,80401351.5900,2,1.646900,1,-0.954400,65.349349,4.948971,11.054460,-34.601715,0
2025-11-05,sz.301162,56.9100000000,60.3300000000,56.5000000000,59.8100000000,57.0800000000,2634761,154734855.2600,2,3.091500,1,4.782800,68.474852,5.185669,11.583169,-36.256632,0
2025-11-06,sz.301162,61.0000000000,61.7500000000,59.0000000000,59.4000000000,59.8100000000,1778675,106587132.4500,2,2.087000,1,-0.685500,68.005454,5.150121,11.503766,-36.008091,0
2025-11-07,sz.301162,58.9800000000,59.4100000000,58.0000000000,58.4200000000,59.4000000000,1460062,85524467.7500,2,1.713200,1,-1.649800,66.883479,5.065152,11.313973,-35.414018,0
2025-11-10,sz.301162,58.5000000000,58.9700000000,56.9100000000,57.1800000000,58.4200000000,1361425,78153446.6200,2,1.597400,1,-2.122600,65.463836,4.957641,11.073827,-34.662334,0
2025-11-11,sz.301162,58.8200000000,61.7000000000,57.2000000000,57.4800000000,57.1800000000,1992705,117647591.2600,2,2.338200,1,0.524700,65.807298,4.983652,11.131927,-34.844193,0
2025-11-12,sz.301162,57.2900000000,58.7800000000,56.7900000000,57.4200000000,57.4800000000,1771549,102495050.2500,2,2.078700,1,-0.104400,65.738606,4.978450,11.120307,-34.807822,0
2025-11-13,sz.301162,57.6500000000,64.1000000000,57.6500000000,62.4000000000,57.4200000000,4778359,295010347.1600,2,5.606700,1,8.672900,71.440073,5.410228,12.084764,-37.826682,0
2025-11-14,sz.301162,62.6000000000,62.6000000000,59.6900000000,59.7300000000,62.4000000000,2348212,142550257.3400,2,2.755300,1,-4.278800,68.383262,5.178732,11.567675,-36.208136,0
2025-11-17,sz.301162,59.1600000000,60.3900000000,58.8000000000,59.5400000000,59.7300000000,1549711,92095521.2300,2,1.818400,1,-0.318100,68.165737,5.162259,11.530879,-36.092959,0
2025-11-18,sz.301162,59.3500000000,59.7000000000,57.2600000000,57.6900000000,59.5400000000,1473630,85545005.8700,2,1.729100,1,-3.107200,66.047722,5.001860,11.172596,-34.971495,0
2025-11-19,sz.301162,57.7100000000,57.9100000000,56.1000000000,56.3000000000,57.6900000000,1037983,58907703.9300,2,1.217900,1,-2.409400,64.456348,4.881343,10.903401,-34.128881,0
2025-11-20,sz.301162,56.9900000000,57.2500000000,54.8800000000,55.0200000000,56.3000000000,925871,51300250.3600,2,1.086400,1,-2.273500,62.990911,4.770364,10.655508,-33.352949,0
2025-11-21,sz.301162,54.9200000000,55.1300000000,52.0100000000,53.9500000000,55.0200000000,1764320,94145850.9500,2,2.070200,1,-1.944700,61.765897,4.677593,10.448285,-32.704319,0
2025-11-24,sz.301162,54.2000000000,56.5700000000,53.3000000000,55.9700000000,53.9500000000,1633580,90091162.5200,2,1.916800,1,3.744200,64.078540,4.852732,10.839491,-33.928836,0
2025-11-25,sz.301162,55.8000000000,56.4200000000,55.0000000000,55.3300000000,55.9700000000,859126,47863701.0400,2,1.008100,1,-1.143500,63.345821,4.797242,10.715545,-33.540870,0
2025-11-26,sz.301162,55.4300000000,56.4600000000,55.0300000000,55.0500000000,55.3300000000,881964,49193326.0400,2,1.034900,1,-0.506100,63.025257,4.772965,10.661318,-33.371135,0
2025-11-27,sz.301162,55.0000000000,55.4300000000,53.4000000000,53.4200000000,55.0500000000,1570600,85090247.5100,2,1.842900,1,-2.960900,61.159114,4.631640,10.345642,-32.383034,0
2025-11-28,sz.301162,53.3700000000,54.3900000000,52.5000000000,54.1200000000,53.4200000000,674399,36295943.0000,2,0.791300,1,1.310400,61.960525,4.692332,10.481209,-32.807372,0
2025-12-01,sz.301162,54.0000000000,54.6100000000,53.7500000000,53.9500000000,54.1200000000,758110,40980738.7200,2,0.889500,1,-0.314100,61.765897,4.677593,10.448285,-32.704319,0
2025-12-02,sz.301162,53.9500000000,54.5400000000,50.5000000000,50.7500000000,53.9500000000,2721448,140205997.0500,2,3.193200,1,-5.931400,58.102303,4.400145,9.828554,-30.764489,0
2025-12-03,sz.301162,50.9400000000,51.4500000000,50.2500000000,51.0800000000,50.7500000000,1064878,54186031.9800,2,1.249500,1,0.650200,58.480111,4.428757,9.892464,-30.964534,0
2025-12-04,sz.301162,51.2100000000,52.1600000000,50.8100000000,51.8200000000,51.0800000000,1227981,63489642.5000,2,1.440900,1,1.448700,59.327317,4.492917,10.035777,-31.413119,0
2025-12-05,sz.301162,51.8800000000,52.2200000000,51.6000000000,52.1200000000,51.8200000000,787372,40935867.2000,2,0.923900,1,0.578900,59.670779,4.518927,10.093876,-31.594978,0
2025-12-08,sz.301162,52.3900000000,52.5400000000,51.9000000000,52.0900000000,52.1200000000,1260420,65758750.6200,2,1.478900,1,-0.057600,59.636433,4.516326,10.088066,-31.576792,0
2025-12-09,sz.301162,52.0200000000,52.2800000000,50.8600000000,50.8800000000,52.0900000000,1009696,52036501.1200,2,1.184700,1,-2.322900,58.251137,4.411416,9.853730,-30.843294,0
2025-12-10,sz.301162,50.8700000000,51.2200000000,50.5700000000,51.1200000000,50.8800000000,522669,26579787.5600,2,0.613300,1,0.471700,58.525906,4.432225,9.900210,-30.988782,0
2025-12-11,sz.301162,51.1200000000,52.8700000000,50.6400000000,51.2500000000,51.1200000000,1209028,62584272.3500,2,1.418600,1,0.254300,58.674740,4.443496,9.925387,-31.067587,0
2025-12-12,sz.301162,51.1800000000,53.4700000000,51.0700000000,52.5100000000,51.2500000000,1488416,78014476.1700,2,1.746400,1,2.458500,60.117280,4.552741,10.169406,-31.831395,0
2025-12-15,sz.301162,52.0800000000,52.9600000000,52.0800000000,52.7100000000,52.5100000000,1017501,53358301.6300,2,1.193900,1,0.380900,60.346254,4.570082,10.208139,-31.952634,0
2025-12-16,sz.301162,52.7100000000,52.7100000000,51.8200000000,52.6600000000,52.7100000000,724781,37851560.4900,2,0.850400,1,-0.094900,60.289011,4.565747,10.198456,-31.922325,0
2025-12-17,sz.301162,52.2200000000,52.7900000000,51.9600000000,52.4700000000,52.6600000000,964400,50580335.2000,2,1.131600,1,-0.360800,60.071485,4.549273,10.161660,-31.807147,0
2025-12-18,sz.301162,52.3700000000,52.6000000000,51.9200000000,52.0000000000,52.4700000000,551483,28747532.8100,2,0.647100,1,-0.895700,59.533394,4.508523,10.070636,-31.522235,0
2025-12-19,sz.301162,52.0000000000,52.5000000000,52.0000000000,52.1000000000,52.0000000000,522514,27278017.2200,2,0.613100,1,0.192300,59.647882,4.517193,10.090003,-31.582854,0
2025-12-22,sz.301162,52.0000000000,53.8500000000,51.9800000000,52.3500000000,52.1000000000,1867544,98678583.4800,2,2.191300,1,0.479800,59.934100,4.538869,10.138420,-31.734404,0
2025-12-23,sz.301162,52.4700000000,52.8000000000,51.8400000000,52.2800000000,52.3500000000,954059,49768256.1600,2,1.119500,1,-0.133700,59.853959,4.532800,10.124863,-31.691970,0
2025-12-24,sz.301162,52.0800000000,52.8900000000,51.2200000000,52.3500000000,52.2800000000,1508294,78422698.5400,2,1.769800,1,0.133900,59.934100,4.538869,10.138420,-31.734404,0
2025-12-25,sz.301162,52.2900000000,52.7800000000,51.8800000000,52.6500000000,52.3500000000,784280,41025675.4000,2,0.920200,1,0.573100,60.277562,4.564880,10.196519,-31.916263,0
2025-12-26,sz.301162,52.9000000000,53.1400000000,51.2800000000,51.3000000000,52.6500000000,1542640,80546215.2000,2,1.810100,1,-2.564100,58.731983,4.447831,9.935070,-31.097897,0
2025-12-29,sz.301162,51.3000000000,52.4800000000,51.3000000000,52.0400000000,51.3000000000,1339793,69733688.1000,2,1.572100,1,1.442500,59.579189,4.511991,10.078383,-31.546483,0
2025-12-30,sz.301162,51.9800000000,52.0000000000,51.1800000000,51.3500000000,52.0400000000,1216330,62595543.5400,2,1.427200,1,-1.325900,58.789227,4.452167,9.944754,-31.128207,0
2025-12-31,sz.301162,51.3500000000,51.8800000000,51.2000000000,51.2600000000,51.3500000000,1133383,58281726.4600,2,1.329900,1,-0.175300,58.686188,4.444363,9.927324,-31.073649,0
2026-01-05,sz.301162,51.3300000000,54.1000000000,51.0000000000,53.1300000000,51.2600000000,3166143,167235098.2700,2,3.715000,1,3.648100,60.827101,4.606497,10.289479,-32.207237,0
2026-01-06,sz.301162,53.0700000000,53.3000000000,52.1800000000,53.1800000000,53.1300000000,1745629,91957441.9200,2,2.048200,1,0.094100,60.884344,4.610832,10.299162,-32.237547,0
2026-01-07,sz.301162,53.0300000000,56.8500000000,53.0000000000,56.6800000000,53.1800000000,3224616,176965924.9400,2,3.783600,1,6.581400,64.891400,4.914290,10.976994,-34.359236,0
2026-01-08,sz.301162,55.7900000000,60.1700000000,55.5000000000,59.2000000000,56.6800000000,4333040,254063090.9500,2,5.084200,1,4.446000,67.776480,5.132780,11.465032,-35.886852,0
2026-01-09,sz.301162,59.1000000000,59.6500000000,56.8900000000,58.3400000000,59.2000000000,2562228,148970933.0100,2,3.006400,1,-1.452700,66.791889,5.058216,11.298479,-35.365523,0
2026-01-12,sz.301162,59.5000000000,61.2900000000,58.3600000000,60.5000000000,58.3400000000,2989785,179645602.4300,2,3.508100,1,3.702400,69.264815,5.245493,11.716798,-36.674908,0
2026-01-13,sz.301162,60.6600000000,64.9800000000,60.6000000000,63.7500000000,60.5000000000,5124981,325234091.6900,2,6.013400,1,5.371900,72.985652,5.527276,12.346213,-38.645047,0
2026-01-14,sz.301162,62.5300000000,68.2500000000,62.5300000000,65.2500000000,63.7500000000,4695517,307594782.1300,2,5.509500,1,2.352900,74.702961,5.657329,12.636712,-39.554343,0
2026-01-15,sz.301162,65.2400000000,65.2400000000,63.0000000000,64.0500000000,65.2500000000,2388306,152955541.2100,2,2.802300,1,-1.839100,73.329114,5.553287,12.404313,-38.826906,0
2026-01-16,sz.301162,66.0000000000,68.6700000000,61.0000000000,61.6300000000,64.0500000000,5204335,325844937.8200,2,6.106500,1,-3.778300,70.558521,5.343467,11.935641,-37.359910,0
2026-01-19,sz.301162,61.0000000000,64.8800000000,60.5000000000,63.5400000000,61.6300000000,2972406,188973412.7800,2,3.487700,1,3.099100,72.745228,5.509068,12.305543,-38.517746,0
2026-01-20,sz.301162,64.0000000000,65.8500000000,63.0700000000,64.9800000000,63.5400000000,2892794,186782410.2500,2,3.394300,1,2.266300,74.393845,5.633920,12.584422,-39.390669,0
2026-01-21,sz.301162,64.1800000000,67.3500000000,64.0000000000,65.0000000000,64.9800000000,2640001,173324172.1700,2,3.097700,1,0.030800,74.416743,5.635654,12.588296,-39.402793,0
2026-01-22,sz.301162,65.0000000000,65.8900000000,64.1900000000,65.0400000000,65.0000000000,1579701,102875710.2800,2,1.853600,1,0.061500,74.462538,5.639122,12.596042,-39.427041,0
2026-01-23,sz.301162,65.1600000000,69.8600000000,65.1100000000,67.3000000000,65.0400000000,3980565,269960727.3100,2,4.670600,1,3.474800,77.049951,5.835069,13.033728,-40.797046,0
2026-01-26,sz.301162,67.0900000000,67.2800000000,63.3400000000,64.3800000000,67.3000000000,3197628,207248951.8600,2,3.752000,1,-4.338800,73.706922,5.581898,12.468223,-39.026951,0
2026-01-27,sz.301162,64.6500000000,68.6800000000,64.3800000000,67.5900000000,64.3800000000,3233994,215857155.0500,2,3.794600,1,4.986000,77.381964,5.860213,13.089891,-40.972843,0
2026-01-28,sz.301162,67.0700000000,67.9300000000,65.5200000000,65.9500000000,67.5900000000,1997802,132916165.8200,2,2.344100,1,-2.426400,75.504372,5.718021,12.772278,-39.978680,0
2026-01-29,sz.301162,65.8200000000,68.3200000000,65.1600000000,65.7100000000,65.9500000000,2303282,153733522.9200,2,2.702600,1,-0.363900,75.229603,5.697213,12.725798,-39.833193,0
2026-01-30,sz.301162,65.1700000000,67.0000000000,64.2000000000,65.7700000000,65.7100000000,2373027,156533437.3000,2,2.784400,1,0.091300,75.298295,5.702415,12.737418,-39.869565,0
2026-02-02,sz.301162,66.8000000000,71.3800000000,66.8000000000,67.4800000000,65.7700000000,3598299,247371256.3200,2,4.222100,1,2.600000,77.256028,5.850676,13.068587,-40.906162,0
2026-02-03,sz.301162,67.9100000000,75.5100000000,67.3200000000,74.6400000000,67.4800000000,6742635,487434233.6000,2,7.911500,1,10.610600,85.453318,6.471465,14.455237,-45.246531,0
2026-02-04,sz.301162,73.2300000000,73.9800000000,71.8800000000,73.5000000000,74.6400000000,3730060,272257245.9200,2,4.376700,1,-1.527300,84.148163,6.372624,14.234457,-44.555466,0
2026-02-05,sz.301162,73.5000000000,76.9100000000,71.1000000000,76.4500000000,73.5000000000,4636148,342472997.1100,2,5.439900,1,4.013600,87.525538,6.628396,14.805772,-46.343747,0
2026-02-06,sz.301162,74.9700000000,79.9000000000,73.6800000000,74.0300000000,76.4500000000,4207135,320552890.1400,2,4.936500,1,-3.165500,84.754946,6.418576,14.337100,-44.876751,0
2026-02-09,sz.301162,76.9100000000,76.9200000000,71.8200000000,76.4700000000,74.0300000000,4358290,321695120.9100,2,5.113800,1,3.296000,87.548436,6.630130,14.809646,-46.355871,0
2026-02-10,sz.301162,75.8500000000,77.9900000000,73.6300000000,76.8600000000,76.4700000000,2781461,212102322.2000,2,3.263600,1,0.510000,87.994936,6.663944,14.885175,-46.592288,0
2026-02-11,sz.301162,76.4600000000,80.8800000000,75.6500000000,80.0000000000,76.8600000000,5067978,396745498.1200,2,5.946500,1,4.085300,91.589837,6.936189,15.493287,-48.495746,0
2026-02-12,sz.301162,79.8900000000,79.8900000000,72.6100000000,73.9200000000,80.0000000000,6096120,456444359.8600,2,7.152900,1,-7.600000,84.629010,6.409039,14.315797,-44.810069,0
2026-02-13,sz.301162,73.1100000000,75.2000000000,70.5100000000,70.9900000000,73.9200000000,3433488,247717159.2800,2,4.028700,1,-3.963700,81.274532,6.155001,13.748355,-43.033912,0
2026-02-24,sz.301162,71.0000000000,73.0000000000,69.6900000000,70.0200000000,70.9900000000,2490120,176320398.7900,2,2.921800,1,-1.366400,80.164005,6.070900,13.560499,-42.445901,0
2026-02-25,sz.301162,70.5000000000,70.6900000000,67.4000000000,67.8600000000,70.0200000000,3358218,229179296.6700,2,3.940400,1,-3.084800,77.691080,5.883623,13.142181,-41.136516,0
2026-02-26,sz.301162,68.1200000000,69.4000000000,67.7900000000,68.5200000000,67.8600000000,1857981,127539810.8000,2,2.180100,1,0.972600,78.446696,5.940846,13.270000,-41.536606,0
2026-02-27,sz.301162,68.0000000000,72.7800000000,67.9000000000,72.5600000000,68.5200000000,2773434,197200683.9800,2,3.254200,1,5.896100,83.071983,6.291124,14.052411,-43.985641,0
2026-03-02,sz.301162,70.4700000000,75.8800000000,70.1500000000,72.2100000000,72.5600000000,3109298,227477990.5500,2,3.648300,1,-0.482400,82.671277,6.260778,13.984628,-43.773473,0
2026-03-03,sz.301162,71.9000000000,73.4000000000,65.5000000000,65.9000000000,72.2100000000,3961677,271537119.1000,2,4.648500,1,-8.738400,75.447129,5.713686,12.762595,-39.948371,0
2026-03-04,sz.301162,65.0000000000,67.9900000000,65.0000000000,67.4800000000,65.9000000000,3233083,216230777.5200,2,3.793600,1,2.397600,77.256028,5.850676,13.068587,-40.906162,0
2026-03-05,sz.301162,68.2000000000,69.0700000000,67.0400000000,68.4000000000,67.4800000000,2641273,180043412.5900,2,3.099200,1,1.363400,78.309311,5.930442,13.246760,-41.463863,0
2026-03-06,sz.301162,67.8700000000,76.3500000000,67.8700000000,75.0500000000,68.4000000000,4665642,346278802.7000,2,5.474500,1,9.722200,85.922716,6.507013,14.534640,-45.495071,0
2026-03-09,sz.301162,74.2300000000,76.5000000000,70.9000000000,75.3000000000,75.0500000000,4831760,357429441.9500,2,5.669400,1,0.333100,86.208935,6.528688,14.583056,-45.646621,0
2026-03-10,sz.301162,76.0000000000,76.9000000000,74.1000000000,75.8000000000,75.3000000000,2628640,198460544.6100,2,3.084300,1,0.664000,86.781371,6.572039,14.679889,-45.949719,0
2026-03-11,sz.301162,75.4900000000,76.4300000000,73.2000000000,73.2300000000,75.8000000000,2801907,208337427.4800,2,3.287600,1,-3.390500,83.839047,6.349214,14.182167,-44.391793,0
2026-03-12,sz.301162,73.7400000000,84.9000000000,73.7300000000,82.0000000000,73.2300000000,6537375,519857475.3600,2,7.670700,1,11.976000,93.879583,7.109594,15.880619,-49.708139,0
2026-03-13,sz.301162,82.1600000000,82.8800000000,75.0800000000,75.4600000000,82.0000000000,4952414,383801622.7300,2,5.811000,1,-7.975600,86.392114,6.542561,14.614043,-45.743612,0
2026-03-16,sz.301162,74.9600000000,76.0000000000,71.6500000000,72.3000000000,75.4600000000,3029150,220798078.1300,2,3.554300,1,-4.187600,82.774316,6.268581,14.002058,-43.828030,0
2026-03-17,sz.301162,72.0000000000,72.7200000000,68.9900000000,68.9900000000,72.3000000000,2037006,143529910.2200,2,2.390100,1,-4.578100,78.984786,5.981596,13.361023,-41.821519,0
2026-03-18,sz.301162,69.2600000000,70.1600000000,68.1500000000,69.5000000000,68.9900000000,1764657,121901853.1400,2,2.070600,1,0.739200,79.568671,6.025815,13.459793,-42.130679,0
