date,code,open,high,low,close,preclose,volume,amount,adjustflag,turn,tradestatus,pctChg,peTTM,pbMRQ,psTTM,pcfNcfTTM,isST
2023-06-26,sz.301327,52.9566815000,53.2933597400,51.2732903000,52.3604804500,53.3073880000,1080052,80463316.6100,2,3.385300,1,-1.776300,50.729763,1.462228,3.065549,2.314224,0
2023-06-27,sz.301327,52.2552685000,54.0088010000,51.7081663600,53.9316455700,52.3604804500,1085564,82531267.3400,2,3.402600,1,3.000700,52.251996,1.506105,3.157536,2.383666,0
2023-06-28,sz.301327,54.0929705600,54.3595075000,52.5709043500,53.0127945400,53.9316455700,750674,56983530.9500,2,2.352900,1,-1.703700,51.361762,1.480445,3.103740,2.343055,0
2023-06-29,sz.301327,53.6931651500,57.4176681800,53.3073880000,54.6260444400,53.0127945400,2432488,193166293.3100,2,7.624400,1,3.043100,52.924768,1.525497,3.198191,2.414357,0
2023-06-30,sz.301327,54.8575107300,56.5759725800,54.4015922800,55.4887824300,54.6260444400,1677201,132991090.6200,2,5.257000,1,1.579400,53.760637,1.549590,3.248702,2.452488,0
2023-07-03,sz.301327,56.1410965200,57.0669616800,55.3625280900,55.5869802500,55.4887824300,1569722,125806105.0900,2,4.920100,1,0.177000,53.855777,1.552332,3.254451,2.456828,0
2023-07-04,sz.301327,55.3975987400,55.5308672100,54.7102140000,55.3134291800,55.5869802500,1061750,83449322.6700,2,3.327900,1,-0.492100,53.590745,1.544693,3.238436,2.444738,0
2023-07-05,sz.301327,55.2713444000,55.7553193700,54.5208324900,54.7382705200,55.3134291800,783652,61446315.1400,2,2.456300,1,-1.039800,53.033499,1.528631,3.204762,2.419317,0
2023-07-06,sz.301327,54.5208324900,54.8294542100,53.9386597000,54.0088010000,54.7382705200,696395,53807861.0800,2,2.182800,1,-1.332600,52.326749,1.508259,3.162054,2.387076,0
2023-07-07,sz.301327,53.9877586100,53.9877586100,52.9917521500,52.9917521500,54.0088010000,738495,56096945.6700,2,2.314700,1,-1.883100,51.341375,1.479857,3.102508,2.342125,0
2023-07-10,sz.301327,53.0057804100,55.3695422200,52.7532717300,54.2893662000,52.9917521500,1480998,115087178.0600,2,4.642000,1,2.448700,52.598576,1.516094,3.178480,2.399477,0
2023-07-11,sz.301327,54.7172281300,58.5679855000,54.2402672900,57.6842051200,54.2893662000,3637004,296278350.6400,2,11.399800,1,6.253200,55.887686,1.610899,3.377238,2.549521,0
2023-07-12,sz.301327,57.5649649100,57.7473322900,56.4707606300,57.1581453700,57.6842051200,1598131,130176323.0400,2,5.009200,1,-0.912000,55.378010,1.596209,3.346438,2.526271,0
2023-07-13,sz.301327,57.1651595000,58.5679855000,56.9407073400,56.9617497300,57.1581453700,1272140,104206915.1000,2,3.987400,1,-0.343600,55.187730,1.590724,3.334940,2.517590,0
2023-07-14,sz.301327,56.8425095200,57.1020323300,55.9026161000,56.0569269600,56.9617497300,969402,77824992.5300,2,3.038500,1,-1.588500,54.311088,1.565456,3.281965,2.477599,0
2023-07-17,sz.301327,56.1972095600,56.8144530000,55.2783585300,55.5448954700,56.0569269600,1006284,80024640.0300,2,3.154100,1,-0.913400,53.815003,1.551157,3.251987,2.454968,0
2023-07-18,sz.301327,55.5448954700,57.2142584100,55.1380759300,55.9867856600,55.5448954700,950922,75984956.3800,2,2.980600,1,0.795600,54.243131,1.563497,3.277859,2.474499,0
2023-07-19,sz.301327,55.8184465400,56.9196649500,55.2853726600,55.4186411300,55.9867856600,767973,60983802.0200,2,2.407100,1,-1.014800,53.692681,1.547631,3.244596,2.449388,0
2023-07-20,sz.301327,55.3905846100,55.9026161000,54.7663270400,54.7873694300,55.4186411300,672185,53045378.1100,2,2.106900,1,-1.139100,53.081069,1.530002,3.207636,2.421487,0
2023-07-21,sz.301327,54.7803553000,58.2172790000,54.5769455300,56.9407073400,54.7873694300,2385648,193402338.0700,2,7.477500,1,3.930400,55.167343,1.590136,3.333708,2.516660,0
2023-07-24,sz.301327,56.8495236500,57.7543464200,54.2683238100,56.5689584500,56.9407073400,2373891,188610871.0400,2,7.440700,1,-0.652900,54.807172,1.579755,3.311943,2.500230,0
2023-07-25,sz.301327,56.6811845300,57.0950182000,55.6992063300,56.6320856200,56.5689584500,1442800,116037800.8500,2,4.522300,1,0.111600,54.868333,1.581518,3.315639,2.503020,0
2023-07-26,sz.301327,56.8144530000,57.7122616400,56.1200541300,56.2042236900,56.6320856200,1201731,97428693.8000,2,3.766700,1,-0.755500,54.453797,1.569569,3.290589,2.484109,0
2023-07-27,sz.301327,56.0499128300,56.6952127900,55.1030052800,55.2222454900,56.2042236900,1066750,84756711.6700,2,3.343600,1,-1.747200,53.502401,1.542146,3.233097,2.440708,0
2023-07-28,sz.301327,55.1941889700,55.6992063300,54.4296488000,55.6220509000,55.2222454900,916461,72062841.8800,2,2.872500,1,0.724000,53.889755,1.553311,3.256505,2.458378,0
2023-07-31,sz.301327,55.5378813400,59.5359354400,55.2923867900,58.3715898600,55.6220509000,3139991,260716316.3300,2,9.841900,1,4.943300,56.553662,1.630095,3.417482,2.579902,0
2023-08-01,sz.301327,58.0910246600,58.3715898600,57.2703714500,57.5509366500,58.3715898600,1421662,116887957.0800,2,4.456000,1,-1.405900,55.758568,1.607178,3.369435,2.543631,0
2023-08-02,sz.301327,57.6070496900,58.7433387500,57.3475268800,57.5298942600,57.5509366500,1094601,90375808.1900,2,3.430900,1,-0.036600,55.738181,1.606590,3.368203,2.542701,0
2023-08-03,sz.301327,57.2773855800,57.8455301100,56.6741704000,57.4387105700,57.5298942600,1000206,81570934.7400,2,3.135000,1,-0.158500,55.649837,1.604044,3.362865,2.538671,0
2023-08-04,sz.301327,57.4387105700,58.0138692300,57.0038345100,57.1862018900,57.4387105700,1167050,95564456.4000,2,3.658000,1,-0.439600,55.405192,1.596992,3.348081,2.527511,0
2023-08-07,sz.301327,57.3194703600,57.3194703600,55.8675454500,56.4988171500,57.1862018900,937192,75249495.3000,2,2.937500,1,-1.202000,54.739215,1.577796,3.307837,2.497130,0
2023-08-08,sz.301327,56.3094356400,56.5268736700,55.3064150500,55.8605313200,56.4988171500,841460,66862749.6500,2,2.637500,1,-1.129700,54.120808,1.559971,3.270467,2.468919,0
2023-08-09,sz.301327,55.7623335000,56.9547356000,55.5028106900,56.3234639000,55.8605313200,925840,74311312.2400,2,2.901900,1,0.828700,54.569323,1.572899,3.297570,2.489379,0
2023-08-10,sz.301327,56.3234639000,57.1581453700,55.7623335000,55.8815737100,56.3234639000,918040,73665767.2900,2,2.877500,1,-0.784600,54.141196,1.560559,3.271699,2.469849,0
2023-08-11,sz.301327,55.7974041500,56.1481106500,54.0158151300,54.0438716500,55.8815737100,1271000,99351163.8100,2,3.983800,1,-3.288600,52.360727,1.509239,3.164107,2.388626,0
2023-08-14,sz.301327,53.8615042700,54.3454792400,52.6761163000,53.9176173100,54.0438716500,910161,69055137.1100,2,2.852800,1,-0.233600,52.238405,1.505713,3.156715,2.383046,0
2023-08-15,sz.301327,53.9176173100,53.9877586100,52.9707097600,53.4196140800,53.9176173100,523179,39843546.4800,2,1.639800,1,-0.923600,51.755911,1.491806,3.127559,2.361035,0
2023-08-16,sz.301327,53.3775293000,53.8685184000,52.7883423800,52.8023706400,53.4196140800,546649,41478281.1200,2,1.713400,1,-1.155500,51.157891,1.474568,3.091421,2.333754,0
2023-08-17,sz.301327,52.6200032600,53.0899499700,52.0097739500,52.7182010800,52.8023706400,734312,55067476.7800,2,2.301600,1,-0.159400,51.076343,1.472218,3.086493,2.330034,0
2023-08-18,sz.301327,52.7111869500,54.4015922800,52.6971586900,53.2723173500,52.7182010800,1142116,87346072.2500,2,3.579800,1,1.051100,51.613202,1.487692,3.118935,2.354525,0
2023-08-21,sz.301327,51.9045620000,51.9045620000,48.1590165800,48.2011013600,53.2723173500,2134694,150224379.7300,2,6.691000,1,-9.519400,114.002042,1.392864,3.052693,85.763336,0
2023-08-22,sz.301327,48.6780622000,48.9375850100,46.0197069300,47.4155188000,48.2011013600,1542815,103860229.5300,2,4.835800,1,-1.629800,112.144034,1.370163,3.002940,84.365564,0
2023-08-23,sz.301327,47.1630101200,47.1700242500,45.4796189200,45.5146895700,47.4155188000,1178035,77484252.7900,2,3.692400,1,-4.008900,107.648319,1.315235,2.882556,80.983453,0
2023-08-24,sz.301327,45.5918450000,46.1529754000,44.6098668000,45.3393363200,45.5146895700,842507,54677295.7200,2,2.640700,1,-0.385300,107.233586,1.310167,2.871451,80.671450,0
2023-08-25,sz.301327,45.0657852500,45.4515624000,44.2030472600,44.2942309500,45.3393363200,946925,60360904.3500,2,2.968000,1,-2.305100,104.761772,1.279967,2.805262,78.811913,0
2023-08-28,sz.301327,48.9936980500,48.9936980500,44.3713863800,44.5607678900,44.2942309500,1179077,77265281.2800,2,3.695700,1,0.601700,105.392167,1.287669,2.822142,79.286158,0
2023-08-29,sz.301327,44.3293016000,46.3914558200,44.3293016000,46.3633993000,44.5607678900,1489183,97152194.3900,2,4.667700,1,4.045300,109.655631,1.339760,2.936307,82.493547,0
2023-08-30,sz.301327,46.2371449600,46.8403601400,46.0197069300,46.5457666800,46.3633993000,1033140,68477487.8900,2,3.238300,1,0.393300,110.086954,1.345030,2.947857,82.818030,0
2023-08-31,sz.301327,46.3633993000,46.4195123400,45.7601841200,46.1038764900,46.5457666800,551756,36237194.9400,2,1.729400,1,-0.949400,109.041825,1.332260,2.919871,82.031783,0
2023-09-01,sz.301327,46.1038764900,46.4265264700,45.5567743500,46.2090884400,46.1038764900,497640,32641975.1000,2,1.559800,1,0.228200,109.290665,1.335301,2.926534,82.218984,0
2023-09-04,sz.301327,46.1179047500,47.1209253400,45.9776221500,47.1068970800,46.2090884400,888499,59172217.8800,2,2.784900,1,1.942900,111.414103,1.361244,2.983395,83.816439,0
2023-09-05,sz.301327,46.9946710000,47.3383633700,46.6439645000,46.8964731800,47.1068970800,587704,39336347.2500,2,1.842100,1,-0.446700,110.916422,1.355164,2.970068,83.442035,0
2023-09-06,sz.301327,46.6439645000,47.4856601000,46.4756253800,47.3313492400,46.8964731800,635639,42627252.1300,2,1.992300,1,0.927300,111.944962,1.367730,2.997610,84.215802,0
2023-09-07,sz.301327,47.1419677300,47.3664198900,46.0547775800,46.0547775800,47.3313492400,723490,48039668.0000,2,2.267700,1,-2.697100,108.925700,1.330841,2.916761,81.944422,0
2023-09-08,sz.301327,46.0337351900,46.3072862600,45.6269156500,45.6970569500,46.0547775800,423396,27671146.1800,2,1.327100,1,-0.776700,108.079643,1.320504,2.894106,81.307936,0
2023-09-11,sz.301327,46.0126928000,47.1559959900,45.3954493600,46.8263318800,45.6970569500,791559,52523718.1500,2,2.481100,1,2.471200,110.750529,1.353137,2.965626,83.317234,0
2023-09-12,sz.301327,46.8543884000,47.2401655500,46.4335406000,46.7912612300,46.8263318800,517478,34492020.1000,2,1.622000,1,-0.074900,110.667582,1.352124,2.963405,83.254834,0
2023-09-13,sz.301327,46.5597949400,46.8263318800,45.6339297800,46.2722156100,46.7912612300,591287,38897908.7800,2,1.853300,1,-1.109300,109.439970,1.337125,2.930532,82.331305,0
2023-09-14,sz.301327,46.0126928000,46.4475688600,45.2271102400,45.5427460900,46.2722156100,430269,27986230.5000,2,1.348600,1,-1.576500,107.714677,1.316045,2.884333,81.033374,0
2023-09-15,sz.301327,45.6900428200,46.4265264700,45.0166863400,45.8583819400,45.5427460900,560046,36459239.5900,2,1.755400,1,0.693100,108.461198,1.325166,2.904323,81.594979,0
2023-09-18,sz.301327,45.5918450000,46.6930634100,45.1499548100,45.9916504100,45.8583819400,622624,40953763.4700,2,1.951500,1,0.290600,108.776396,1.329017,2.912763,81.832101,0
2023-09-19,sz.301327,45.8022689000,46.1950601800,45.3744069700,46.0688058400,45.9916504100,613545,40003100.0300,2,1.771500,1,0.167800,108.958878,1.331247,2.917650,81.969382,0
2023-09-20,sz.301327,46.0688058400,46.3844416900,45.1920395900,45.1920395900,46.0688058400,484819,31534686.4200,2,1.399800,1,-1.903200,106.885209,1.305911,2.862122,80.409368,0
2023-09-21,sz.301327,45.1920395900,45.4515624000,44.8202907000,44.8834178700,45.1920395900,385265,24744863.6000,2,1.112400,1,-0.682900,106.155278,1.296993,2.842576,79.860243,0
2023-09-22,sz.301327,45.0166863400,46.3283286500,44.6800081000,46.1599895300,44.8834178700,739322,48191280.2700,2,2.134700,1,2.844200,109.174540,1.333882,2.923425,82.131624,0
2023-09-25,sz.301327,46.0828341000,47.5558014000,45.9846362800,46.9666144800,46.1599895300,1092926,72951609.3000,2,3.155600,1,1.747500,111.082316,1.357191,2.974510,83.566837,0
2023-09-26,sz.301327,46.7982753600,47.2191231600,46.3704134300,46.4124982100,46.9666144800,489950,32565240.2000,2,1.414600,1,-1.179800,109.771757,1.341178,2.939417,82.580908,0
2023-09-27,sz.301327,46.4686112500,47.3103068500,46.2161025700,46.2932580000,46.4124982100,930821,61848927.1700,2,2.687600,1,-0.256900,109.489738,1.337733,2.931865,82.368746,0
2023-09-28,sz.301327,46.3914558200,46.8684166600,46.2161025700,46.2862438700,46.2932580000,501704,33185946.8400,2,1.448600,1,-0.015200,109.473148,1.337530,2.931421,82.356266,0
2023-10-09,sz.301327,46.2862438700,46.5387525500,45.7321276000,45.9074808500,46.2862438700,470681,30950038.0000,2,1.359000,1,-0.818300,108.577323,1.326585,2.907433,81.682339,0
2023-10-10,sz.301327,45.9706080200,46.6159079800,45.7882406400,45.8794243300,45.9074808500,476608,31343022.1800,2,1.376100,1,-0.061100,108.510966,1.325774,2.905656,81.632419,0
2023-10-11,sz.301327,46.0337351900,46.5247242900,45.8233112900,45.8653960700,45.8794243300,490423,32242637.2000,2,1.416000,1,-0.030600,108.477787,1.325369,2.904767,81.607459,0
2023-10-12,sz.301327,45.8794243300,46.7561905800,45.8022689000,46.6088938500,45.8653960700,827705,54731619.2400,2,2.389900,1,1.621000,110.236259,1.346854,2.951855,82.930351,0
2023-10-13,sz.301327,46.4405547300,46.4405547300,45.2762091500,45.7671982500,46.6088938500,792207,51660027.0600,2,2.287400,1,-1.805900,108.245536,1.322531,2.898548,81.432737,0
2023-10-16,sz.301327,45.9425515000,47.0858546900,44.9395309100,45.0938417700,45.7671982500,968230,63163938.6400,2,2.795600,1,-1.471300,106.652958,1.303073,2.855903,80.234646,0
2023-10-17,sz.301327,44.7922341800,45.2341243700,44.3713863800,44.4695842000,45.0938417700,644488,41008551.8800,2,1.860800,1,-1.384400,105.176506,1.285034,2.816367,79.123916,0
2023-10-18,sz.301327,44.4345135500,44.4345135500,43.1088429800,43.1088429800,44.4695842000,619565,38413555.6500,2,1.788900,1,-3.059900,101.958171,1.245713,2.730188,76.702774,0
2023-10-19,sz.301327,43.0387016800,43.5577473000,42.6459104000,42.8703625600,43.1088429800,434486,26643119.2000,2,1.254500,1,-0.553200,101.394133,1.238822,2.715085,76.278451,0
2023-10-20,sz.301327,42.6879951800,43.6629592500,42.6529245300,42.8352919100,42.8703625600,572964,35270235.9000,2,1.654300,1,-0.081800,101.311186,1.237808,2.712864,76.216050,0
2023-10-23,sz.301327,42.8072353900,42.8282777800,40.7170246500,40.8573072500,42.8352919100,803497,47603438.9100,2,2.320000,1,-4.617700,96.632988,1.180651,2.587593,72.696658,0
2023-10-24,sz.301327,41.1168300600,41.9865821800,40.6819540000,41.9304691400,40.8573072500,823586,48765800.5500,2,2.378000,1,2.626600,99.171159,1.211662,2.655559,74.606115,0
2023-10-25,sz.301327,42.0847800000,42.6739669200,41.5376778600,41.7270593700,41.9304691400,712000,42628157.5000,2,2.055800,1,-0.485100,98.690068,1.205784,2.642676,74.244192,0
2023-10-26,sz.301327,41.3202398300,41.7340735000,40.4154170600,41.4815648200,41.7270593700,627426,36638254.1000,2,1.811600,1,-0.588300,98.109441,1.198690,2.627129,73.807388,0
2023-10-27,sz.301327,40.9765474600,44.1329059600,40.9765474600,43.6699733800,41.4815648200,1526947,93525580.9900,2,4.408800,1,5.275600,-257.839703,1.261541,3.043761,-1.425913,0
2023-10-30,sz.301327,43.4876060000,44.2591603000,43.3894081800,43.7751853300,43.6699733800,693347,43316910.4400,2,2.001900,1,0.240900,-258.460904,1.264581,3.051095,-1.429349,0
2023-10-31,sz.301327,44.1890190000,44.1890190000,43.2280831900,43.7120581600,43.7751853300,562879,35098254.9900,2,1.625200,1,-0.144200,-258.088184,1.262757,3.046695,-1.427288,0
2023-11-01,sz.301327,43.7120581600,44.0627646600,43.2631538400,43.8523407600,43.7120581600,377163,23505529.1400,2,1.089000,1,0.320900,-258.916451,1.266809,3.056472,-1.431868,0
2023-11-02,sz.301327,43.7120581600,44.1469342200,43.0737723300,43.0878005900,43.8523407600,473650,29266381.7000,2,1.367600,1,-1.743400,-254.402393,1.244723,3.003184,-1.406904,0
2023-11-03,sz.301327,43.0948147200,44.5958385400,43.0948147200,44.3082592100,43.0878005900,910720,57347049.4400,2,2.629500,1,2.832500,-261.608321,1.279980,3.088249,-1.446755,0
2023-11-06,sz.301327,44.2591603000,45.8443536800,44.2591603000,45.6549721700,44.3082592100,834597,54066607.9900,2,2.409800,1,3.039400,-269.559690,1.318884,3.182114,-1.490728,0
2023-11-07,sz.301327,45.8794243300,46.2652014800,45.2481526300,46.0758199700,45.6549721700,715908,46798776.5200,2,2.067100,1,0.921800,-272.044493,1.331041,3.211447,-1.504469,0
2023-11-08,sz.301327,46.1529754000,46.9105014400,45.8233112900,46.6229221100,46.0758199700,723195,47906279.1500,2,2.088100,1,1.187400,-275.274736,1.346846,3.249579,-1.522333,0
2023-11-09,sz.301327,46.6439645000,47.4295470600,46.3844416900,46.9315438300,46.6229221100,889673,59671654.3100,2,2.568800,1,0.662000,-277.096925,1.355762,3.271090,-1.532410,0
2023-11-10,sz.301327,46.8543884000,47.5558014000,46.1740177900,47.3103068500,46.9315438300,940375,63092560.7200,2,2.715200,1,0.807100,-279.333248,1.366703,3.297490,-1.544778,0
2023-11-13,sz.301327,47.2752362000,47.5908720500,46.8614025300,47.4996883600,47.3103068500,663303,44685053.2200,2,1.915200,1,0.400300,-280.451409,1.372174,3.310689,-1.550961,0
2023-11-14,sz.301327,47.4505894500,48.1379741900,47.1840525100,47.8644231200,47.4996883600,707057,48143181.9900,2,2.041500,1,0.767900,-282.604905,1.382711,3.336111,-1.562871,0
2023-11-15,sz.301327,48.1309600600,48.8043165400,47.9135220300,48.5447937300,47.8644231200,862747,59667971.1000,2,2.491000,1,1.421500,-286.622003,1.402365,3.383532,-1.585086,0
2023-11-16,sz.301327,48.1940872300,48.3694404800,47.4155188000,47.4155188000,48.5447937300,669769,45630929.6900,2,1.933800,1,-2.326300,-279.954448,1.369743,3.304823,-1.548213,0
2023-11-17,sz.301327,47.1980807700,48.0467905000,47.0928688200,47.7030981300,47.4155188000,511564,34751647.7000,2,1.477100,1,0.606500,-281.652397,1.378050,3.324867,-1.557603,0
2023-11-20,sz.301327,48.1800589700,48.6850763300,47.2892644600,48.4886806900,47.7030981300,674351,46270395.9800,2,1.947100,1,1.646800,-286.290695,1.400744,3.379621,-1.583254,0
2023-11-21,sz.301327,48.4886806900,51.1891207400,48.4886806900,49.7862947400,48.4886806900,1977545,141587690.4400,2,5.709800,1,2.676100,-293.952171,1.438230,3.470064,-1.625624,0
2023-11-22,sz.301327,49.2321784700,49.4496165000,48.3974970000,48.4395817800,49.7862947400,1014330,70720406.7200,2,2.928700,1,-2.705000,-286.000802,1.399326,3.376199,-1.581651,0
2023-11-23,sz.301327,48.1940872300,48.6570198100,48.1169318000,48.3133274400,48.4395817800,409180,28213729.8000,2,1.181400,1,-0.260600,-285.255361,1.395679,3.367399,-1.577528,0
2023-11-24,sz.301327,48.1169318000,48.6850763300,47.3594057600,47.4576035800,48.3133274400,549350,37256685.6000,2,1.586200,1,-1.771200,-280.202929,1.370958,3.307756,-1.549587,0
2023-11-27,sz.301327,47.3594057600,47.4856601000,46.5177101600,46.9385579600,47.4576035800,524892,35060307.7800,2,1.515500,1,-1.093700,-277.138339,1.355964,3.271579,-1.532639,0
2023-11-28,sz.301327,47.6960840000,49.4496165000,46.8684166600,48.8393871900,46.9385579600,1076219,74561122.7300,2,3.107400,1,4.049600,-288.361364,1.410876,3.404065,-1.594705,0
2023-11-29,sz.301327,48.6780622000,48.9656415300,48.2221437500,48.3413839600,48.8393871900,431784,29833683.4100,2,1.246700,1,-1.019700,-285.421015,1.396489,3.369355,-1.578444,0
2023-11-30,sz.301327,48.1940872300,48.6500056800,46.8824449200,47.1349536000,48.3413839600,433700,29348442.9000,2,1.252200,1,-2.495600,-278.297913,1.361638,3.285268,-1.539052,0
2023-12-01,sz.301327,46.9105014400,47.4505894500,46.7141058000,47.0437699100,47.1349536000,361318,24207541.5900,2,1.043200,1,-0.193500,-277.759539,1.359004,3.278912,-1.536075,0
2023-12-04,sz.301327,47.0367557800,47.4155188000,46.5738232000,46.7561905800,47.0437699100,427477,28561565.9300,2,1.234300,1,-0.611300,-276.061591,1.350696,3.258868,-1.526685,0
2023-12-05,sz.301327,46.7211199300,47.2261372900,46.0898482300,46.0898482300,46.7561905800,357520,23732003.6600,2,1.032300,1,-1.425100,-272.127320,1.331447,3.212425,-1.504927,0
2023-12-06,sz.301327,46.0898482300,47.8784513800,46.0898482300,47.2401655500,46.0898482300,645144,43547946.3000,2,1.862700,1,2.495800,-278.919114,1.364677,3.292601,-1.542487,0
2023-12-07,sz.301327,47.2471796800,47.6750416100,45.8934525900,46.5738232000,47.2401655500,458283,30301564.2000,2,1.323200,1,-1.410500,-274.984843,1.345428,3.246157,-1.520730,0
2023-12-08,sz.301327,46.5738232000,46.9175155700,46.0126928000,46.0898482300,46.5738232000,300477,19882671.2100,2,0.867600,1,-1.039200,-272.127320,1.331447,3.212425,-1.504927,0
2023-12-11,sz.301327,46.0407493200,47.0507840400,45.3954493600,46.9455720900,46.0898482300,379065,25016209.3000,2,1.094500,1,1.856600,-277.179752,1.356167,3.272068,-1.532868,0
2023-12-12,sz.301327,46.8614025300,47.1910666400,46.5317384200,46.9946710000,46.9455720900,259783,17321719.3900,2,0.750100,1,0.104600,-277.469646,1.357585,3.275490,-1.534472,0
2023-12-13,sz.301327,46.6790351500,47.0998829500,46.1389471400,46.4405547300,46.9946710000,262792,17383547.8800,2,0.758800,1,-1.179100,-274.197989,1.341578,3.236869,-1.516378,0
2023-12-14,sz.301327,46.5668090700,47.3383633700,46.2371449600,46.3844416900,46.4405547300,290040,19342267.9000,2,0.837400,1,-0.120800,-273.866682,1.339957,3.232958,-1.514546,0
2023-12-15,sz.301327,46.9946710000,47.1700242500,45.9495656300,46.0126928000,46.3844416900,327670,21775107.0000,2,0.946100,1,-0.801500,-271.671772,1.329218,3.207047,-1.502408,0
2023-12-18,sz.301327,45.6830286900,46.0126928000,44.6309091900,44.7641776600,46.0126928000,430640,27764222.6000,2,1.243400,1,-2.713400,-264.300191,1.293151,3.120027,-1.461641,0
2023-12-19,sz.301327,44.9886298200,45.6830286900,44.6519515800,45.1850254600,44.7641776600,366725,23598080.2000,2,1.058900,1,0.940100,-266.784994,1.305308,3.149359,-1.475383,0
2023-12-20,sz.301327,45.2200961100,45.6970569500,44.7571635300,44.7641776600,45.1850254600,247940,15931366.9000,2,0.715900,1,-0.931400,-264.300191,1.293151,3.120027,-1.461641,0
2023-12-21,sz.301327,44.5397255000,46.9876568700,44.3994429000,46.5387525500,44.7641776600,812809,53105339.8000,2,2.346800,1,3.964300,-274.777776,1.344415,3.243713,-1.519585,0
2023-12-22,sz.301327,47.6960840000,54.8504966000,46.1529754000,52.8093847700,46.5387525500,3819486,277165092.8800,2,11.028100,1,13.474000,-311.801338,1.525561,3.680771,-1.724334,0
2023-12-25,sz.301327,51.3434316000,54.8294542100,50.9927251000,52.2973532800,52.8093847700,2696338,203034903.6200,2,7.785200,1,-0.969600,-308.778161,1.510770,3.645083,-1.707615,0
2023-12-26,sz.301327,51.7642794000,53.6580945000,51.1049511800,53.3073880000,52.2973532800,2075840,154566341.9200,2,5.993600,1,1.931300,-314.741688,1.539947,3.715481,-1.740595,0
2023-12-27,sz.301327,52.5428478300,52.9566815000,51.0768946600,51.9747033000,53.3073880000,1621016,119521219.6700,2,4.680400,1,-2.500000,-306.873145,1.501449,3.622594,-1.697080,0
2023-12-28,sz.301327,52.2272119800,55.9026161000,51.4837142000,54.5699314000,51.9747033000,2829235,218576744.6200,2,8.168900,1,4.993300,-322.196096,1.576420,3.803480,-1.781819,0
2023-12-29,sz.301327,54.2262390300,54.3595075000,52.6831304300,53.5879532000,54.5699314000,1606975,122263967.2700,2,4.639900,1,-1.799500,-316.398223,1.548052,3.735036,-1.749756,0
2024-01-02,sz.301327,52.9847380200,53.0969641000,52.0518587300,52.1500565500,53.5879532000,1141253,85147769.3100,2,3.295200,1,-2.683200,-307.908480,1.506514,3.634816,-1.702805,0
2024-01-03,sz.301327,51.9045620000,52.9426532400,51.6660815800,52.5709043500,52.1500565500,995690,74241429.2000,2,2.874900,1,0.807000,-310.393283,1.518672,3.664149,-1.716547,0
2024-01-04,sz.301327,52.4095793600,52.4656924000,50.2211708000,51.1540500900,52.5709043500,1192390,86605853.6800,2,3.442800,1,-2.695100,-302.027780,1.477742,3.565395,-1.670284,0
2024-01-05,sz.301327,51.2031490000,51.9045620000,49.6670545300,50.0738740700,51.1540500900,785258,56763074.1500,2,2.267300,1,-2.111600,-295.650119,1.446538,3.490108,-1.635014,0
2024-01-08,sz.301327,49.7301817000,50.4245805700,48.2011013600,48.4395817800,50.0738740700,626931,43928451.5000,2,1.810200,1,-3.263800,-286.000802,1.399326,3.376199,-1.581651,0
2024-01-09,sz.301327,48.3904828700,49.3794752000,47.3453775000,49.3163480300,48.4395817800,971097,67344133.2500,2,2.803900,1,1.810000,-291.177474,1.424654,3.437309,-1.610279,0
2024-01-10,sz.301327,49.0848817400,52.0799152500,48.4746524300,51.2031490000,49.3163480300,1484942,107662654.2100,2,4.287500,1,3.825900,-302.317674,1.479160,3.568818,-1.671887,0
2024-01-11,sz.301327,50.8594566300,54.1981825100,50.4105523100,53.2933597400,51.2031490000,1805321,135707161.3600,2,5.212500,1,4.082200,-314.658861,1.539542,3.714504,-1.740136,0
2024-01-12,sz.301327,52.9216108500,53.8404618800,52.5007630500,52.6971586900,53.2933597400,1051226,79560798.2000,2,3.035200,1,-1.118700,-311.138723,1.522319,3.672949,-1.720669,0
2024-01-15,sz.301327,52.5428478300,52.9075825900,51.2803044300,51.6239968000,52.6971586900,754311,55695936.5000,2,2.177900,1,-2.036500,-304.802476,1.491318,3.598150,-1.685628,0
2024-01-16,sz.301327,51.6801098400,52.2412402400,50.5017360000,51.4626718100,51.6239968000,683519,49972040.7100,2,1.973500,1,-0.312500,-303.849969,1.486657,3.586906,-1.680361,0
2024-01-17,sz.301327,51.1961348700,51.6801098400,49.8353936500,49.8704643000,51.4626718100,392868,28262176.4500,2,1.134300,1,-3.093900,-294.449131,1.440661,3.475931,-1.628372,0
2024-01-18,sz.301327,49.8003230000,50.1229729800,48.1169318000,49.5057295400,49.8704643000,814325,56966698.7900,2,2.351200,1,-0.731400,-292.295636,1.430125,3.450509,-1.616463,0
2024-01-19,sz.301327,49.5197578000,50.5718773000,46.1599895300,46.3002721300,49.5057295400,1172573,79804831.9700,2,3.385600,1,-6.474900,-273.369721,1.337525,3.227091,-1.511798,0
2024-01-22,sz.301327,45.9495656300,45.9776221500,42.0847800000,42.6809810500,46.3002721300,1068814,67536736.6100,2,3.086000,1,-7.817000,-252.000417,1.232971,2.974829,-1.393621,0
2024-01-23,sz.301327,42.6318821400,43.8102559800,41.3202398300,41.9094267500,42.6809810500,1203675,72369860.8300,2,3.475400,1,-1.807700,-247.444945,1.210682,2.921053,-1.368428,0
2024-01-24,sz.301327,42.0777658700,42.3443028100,41.0396746300,41.9725539200,41.9094267500,1085574,64339393.1300,2,3.134400,1,0.150600,-247.817666,1.212506,2.925453,-1.370489,0
2024-01-25,sz.301327,41.9655397900,42.8984190800,41.2500985300,42.8493201700,41.9725539200,752929,45360495.0400,2,2.173900,1,2.088900,-252.994338,1.237834,2.986563,-1.399117,0
2024-01-26,sz.301327,42.8493201700,43.3122527500,42.1759636900,42.2250626000,42.8493201700,525728,31864105.8600,2,1.517900,1,-1.456900,-249.308547,1.219801,2.943052,-1.378734,0
2024-01-29,sz.301327,42.3162462900,42.4986136700,40.7240387800,41.1238441900,42.2250626000,709393,42026024.3800,2,2.048200,1,-2.608000,-242.806647,1.187988,2.866298,-1.342777,0
2024-01-30,sz.301327,40.9695333300,41.3132257000,40.1208236000,40.2681203300,41.1238441900,458034,26614475.3900,2,1.322500,1,-2.080800,-237.754214,1.163268,2.806655,-1.314836,0
2024-01-31,sz.301327,39.9805410000,40.4575018400,38.5777150000,38.5777150000,40.2681203300,859791,48249653.2800,2,2.482500,1,-4.197900,-227.773590,1.114436,2.688835,-1.259641,0
2024-02-01,sz.301327,38.5777150000,38.5777150000,36.6137586000,36.9925216200,38.5777150000,766225,40761113.7700,2,2.212300,1,-4.109100,-218.414166,1.068642,2.578348,-1.207881,0
2024-02-02,sz.301327,37.0907194400,37.5396237600,34.7760565400,36.7189705500,36.9925216200,1278926,65978383.2700,2,3.692700,1,-0.739500,-216.799044,1.060740,2.559282,-1.198949,0
2024-02-05,sz.301327,36.3261792700,37.4273976800,33.6748381300,36.0175575500,36.7189705500,1048454,53210278.6500,2,3.027200,1,-1.910200,-212.657706,1.040478,2.510394,-1.176046,0
2024-02-06,sz.301327,34.4604206900,38.8302236800,34.4604206900,38.0165846000,36.0175575500,1076387,57099528.6100,2,3.107900,1,5.550100,-224.460519,1.098226,2.649725,-1.241319,0
2024-02-07,sz.301327,37.7991465700,40.6679257400,37.7921324400,39.0055769300,38.0165846000,803237,45307627.2200,2,2.319200,1,2.601500,-230.299806,1.126796,2.718657,-1.273611,0
2024-02-08,sz.301327,39.0406475800,41.1519007100,38.7881389000,40.4364594500,39.0055769300,826797,47685954.7000,2,2.387200,1,3.668400,-238.748135,1.168131,2.818388,-1.320333,0
2024-02-19,sz.301327,40.4084029300,41.0466887600,39.1809301800,39.7560888400,40.4364594500,729669,41315897.5700,2,2.106800,1,-1.682600,-234.731037,1.148477,2.770967,-1.298117,0
2024-02-20,sz.301327,39.2580856100,39.8402584000,38.7179976000,39.2510714800,39.7560888400,514363,28647711.2800,2,1.485100,1,-1.270300,-231.749274,1.133888,2.735768,-1.281627,0
2024-02-21,sz.301327,38.8161954200,40.9484909400,38.8091812900,39.7280323200,39.2510714800,618015,35228194.5100,2,1.784400,1,1.215200,-234.565384,1.147666,2.769011,-1.297201,0
2024-02-22,sz.301327,39.6087921100,40.3452757600,39.3632975600,39.8402584000,39.7280323200,564174,31970329.5100,2,1.629000,1,0.282500,-235.227998,1.150908,2.776833,-1.300865,0
2024-02-23,sz.301327,39.9174138300,40.5066007500,39.6508768900,40.4434735800,39.8402584000,576775,32974907.6600,2,1.665300,1,1.514100,-238.789549,1.168334,2.818877,-1.320562,0
2024-02-26,sz.301327,40.2190214200,41.0887735400,39.9805410000,40.6328550900,40.4434735800,544840,31484635.5000,2,1.573100,1,0.468300,-239.907710,1.173805,2.832077,-1.326745,0
2024-02-27,sz.301327,40.3312475000,42.2811756400,40.3312475000,42.0497093500,40.6328550900,774238,45633699.0300,2,2.235500,1,3.487000,-248.273213,1.214735,2.930830,-1.373008,0
2024-02-28,sz.301327,41.8252571900,43.3473234000,39.8402584000,39.8402584000,42.0497093500,1181153,70635204.2100,2,3.410400,1,-5.254400,-235.227998,1.150908,2.776833,-1.300865,0
2024-02-29,sz.301327,39.8402584000,41.0887735400,39.4264247300,40.8362648600,39.8402584000,658936,37994037.9500,2,1.902600,1,2.500000,-241.108698,1.179681,2.846254,-1.333387,0
2024-03-01,sz.301327,40.7310529100,41.3833670000,40.1699225100,41.1378724500,40.8362648600,590494,34436899.7200,2,1.704900,1,0.738600,-242.889473,1.188394,2.867276,-1.343235,0
2024-03-04,sz.301327,41.1028018000,41.4184376500,39.8122018800,40.6679257400,41.1378724500,634001,36640519.1900,2,1.830600,1,-1.142400,-240.114777,1.174818,2.834521,-1.327890,0
2024-03-05,sz.301327,40.0647105600,40.7801518200,39.3212127800,40.4013888000,40.6679257400,1030698,58939655.8000,2,2.976000,1,-0.655400,-238.541068,1.167118,2.815944,-1.319187,0
2024-03-06,sz.301327,40.0647105600,40.8783496400,39.5947638500,40.3943746700,40.4013888000,572066,32786689.6300,2,1.651700,1,-0.017400,-238.499655,1.166915,2.815455,-1.318958,0
2024-03-07,sz.301327,40.3522898900,40.6609116100,39.3632975600,39.6017779800,40.3943746700,644442,36705896.2200,2,1.860700,1,-1.962100,-233.819943,1.144019,2.760211,-1.293079,0
2024-03-08,sz.301327,39.6087921100,40.3312475000,38.9284215000,39.6087921100,39.6017779800,716900,40355509.8800,2,2.069900,1,0.017700,-233.861356,1.144222,2.760700,-1.293308,0
2024-03-11,sz.301327,39.7981736200,42.6318821400,39.7560888400,42.5757691000,39.6087921100,1698853,101110639.0000,2,4.905100,1,7.490700,-251.379216,1.229932,2.967496,-1.390185,0
2024-03-12,sz.301327,42.4214582400,42.5056278000,41.5306637300,41.9655397900,42.5757691000,758162,45339977.0600,2,2.189100,1,-1.433300,-247.776252,1.212303,2.924964,-1.370260,0
2024-03-13,sz.301327,41.5096213400,42.4354865000,41.2991974400,41.3833670000,41.9655397900,846967,50315679.0800,2,2.445500,1,-1.387300,-244.338942,1.195486,2.884387,-1.351251,0
2024-03-14,sz.301327,41.1378724500,41.7340735000,40.3312475000,40.8573072500,41.3833670000,875400,50938206.7000,2,2.527600,1,-1.271200,-241.232938,1.180289,2.847721,-1.334074,0
2024-03-15,sz.301327,40.7240387800,41.1659289700,40.1839507700,41.1659289700,40.8573072500,662780,38463641.9000,2,1.913700,1,0.755400,-243.055127,1.189204,2.869232,-1.344151,0
2024-03-18,sz.301327,41.1659289700,41.4885789500,40.6959822600,41.2781550500,41.1659289700,937038,54769848.8200,2,2.705500,1,0.272600,-243.717741,1.192446,2.877054,-1.347816,0
2024-03-19,sz.301327,41.3272539600,42.2250626000,40.9835615900,41.9444974000,41.2781550500,1379555,82012047.3300,2,3.983200,1,1.614300,-247.652012,1.211696,2.923497,-1.369573,0
2024-03-20,sz.301327,42.2110343400,44.0276940100,42.0847800000,42.5477125800,41.9444974000,1233986,75468218.8100,2,3.562900,1,1.438100,-251.213563,1.229121,2.965541,-1.389269,0
2024-03-21,sz.301327,42.7861930000,43.3894081800,41.8462995800,42.9966169000,42.5477125800,1279674,77535120.3000,2,3.694800,1,1.055100,-253.864019,1.242089,2.996829,-1.403927,0
2024-03-22,sz.301327,43.1719701500,45.5357319600,43.0176592900,44.2030472600,42.9966169000,1912074,121295192.4800,2,5.520800,1,2.805900,-260.987120,1.276941,3.080916,-1.443319,0
2024-03-25,sz.301327,43.4946201300,44.9605733000,42.2180484700,44.2170755200,44.2030472600,1426967,88782095.5900,2,4.120100,1,0.031700,-261.069947,1.277346,3.081894,-1.443777,0
2024-03-26,sz.301327,44.1890190000,47.0648123000,43.9224820600,46.7000775400,44.2170755200,1842346,120001763.7300,2,5.319400,1,5.615500,-275.730284,1.349075,3.254957,-1.524852,0
2024-03-27,sz.301327,46.0477634500,46.0477634500,42.8703625600,42.9615462500,46.7000775400,1458690,92436665.8000,2,4.211700,1,-8.005400,-253.656952,1.241076,2.994385,-1.402782,0
2024-03-28,sz.301327,42.6459104000,44.3643722500,42.3934017200,43.5928179500,42.9615462500,835746,51730547.8800,2,2.413100,1,1.469400,-257.384156,1.259312,3.038384,-1.423394,0
2024-03-29,sz.301327,43.5156625200,43.7892135900,42.5477125800,42.8423060400,43.5928179500,578473,35505890.3500,2,1.670200,1,-1.721600,-252.952925,1.237631,2.986074,-1.398888,0
2024-04-01,sz.301327,42.9334897300,43.8383125000,42.7861930000,43.1649560200,42.8423060400,738233,45542624.5200,2,2.131500,1,0.753100,-254.857940,1.246952,3.008562,-1.409424,0
2024-04-02,sz.301327,43.0036310300,43.6278886000,41.9795680500,42.7861930000,43.1649560200,683255,41540548.4700,2,1.972800,1,-0.877500,-252.621618,1.236010,2.982163,-1.397056,0
2024-04-03,sz.301327,42.4425006300,43.1018288500,41.6639322000,41.6990028500,42.7861930000,640721,38514876.7500,2,1.850000,1,-2.541000,-246.202544,1.204604,2.906386,-1.361557,0
2024-04-08,sz.301327,41.5587202500,41.6849745900,39.6859475400,39.7140040600,41.6990028500,715042,41212904.9200,2,2.064600,1,-4.760300,-234.482557,1.147261,2.768034,-1.296743,0
2024-04-09,sz.301327,39.7140040600,41.7972006700,39.7140040600,41.6990028500,39.7140040600,829780,48582559.2300,2,2.395800,1,4.998200,-246.202544,1.204604,2.906386,-1.361557,0
2024-04-10,sz.301327,41.5587202500,41.5587202500,39.7210181900,40.0857529500,41.6990028500,574306,33002741.3700,2,1.658200,1,-3.868800,-236.677466,1.158000,2.793944,-1.308881,0
2024-04-11,sz.301327,39.8542866600,40.5276431400,39.5246225500,39.5667073300,40.0857529500,354804,20146107.4000,2,1.024400,1,-1.294800,-233.612876,1.143006,2.757767,-1.291933,0
2024-04-12,sz.301327,39.5456649400,39.7701171000,39.1388454000,39.1388454000,39.5667073300,328298,18440089.8900,2,0.947900,1,-1.081400,-231.086660,1.130646,2.727945,-1.277963,0
2024-04-15,sz.301327,39.2791280000,40.1208236000,37.5957368000,37.9113726500,39.1388454000,680949,37366715.5700,2,1.966100,1,-3.136200,-223.839319,1.095186,2.642392,-1.237883,0
2024-04-16,sz.301327,37.7991465700,37.8342172200,35.4423988900,35.4423988900,37.9113726500,699622,36142421.0100,2,2.020000,1,-6.512500,-209.261809,1.023862,2.470306,-1.157266,0
2024-04-17,sz.301327,35.4494130200,37.3011433400,35.4494130200,37.0766911800,35.4423988900,650251,34139324.4100,2,1.877500,1,4.611100,-218.911126,1.071074,2.584215,-1.210629,0
2024-04-18,sz.301327,36.9644651000,37.0907194400,36.1648542800,36.3051368800,37.0766911800,592224,30898668.2300,2,1.709900,1,-2.081000,-214.355655,1.048785,2.530438,-1.185436,0
2024-04-19,sz.301327,35.8983173400,36.2560379700,34.7900848000,35.0005087000,36.3051368800,632108,31854262.8100,2,1.825100,1,-3.593500,-206.652766,1.011097,2.439507,-1.142838,0
2024-04-22,sz.301327,35.0005087000,35.8562325600,34.3692370000,35.3161445500,35.0005087000,373993,18817946.7200,2,1.079800,1,0.901800,-208.516368,1.020215,2.461506,-1.153144,0
2024-04-23,sz.301327,35.6107380100,37.3853129000,35.4494130200,37.2660726900,35.3161445500,745671,38962767.0600,2,2.153000,1,5.521400,-220.029288,1.076545,2.597415,-1.216813,0
2024-04-24,sz.301327,37.2730868200,37.3081574700,36.2279814500,36.6067444700,37.2660726900,552494,28778058.3900,2,1.595200,1,-1.769200,-216.136430,1.057498,2.551460,-1.195285,0
2024-04-25,sz.301327,36.5997303400,38.2129802400,36.2630521000,37.6237933200,36.6067444700,564265,30040929.7000,2,1.629200,1,2.778300,-222.141370,1.086879,2.622348,-1.228493,0
2024-04-26,sz.301327,37.5957368000,38.0726976400,36.9644651000,37.0556487900,37.6237933200,562460,30102478.7000,2,1.624000,1,-1.510100,-218.786886,1.070466,2.582748,-1.209942,0
2024-04-29,sz.301327,40.2961768500,44.4695842000,40.1278377300,44.4555559400,37.0556487900,3549108,219260947.6600,2,10.247400,1,19.969700,-68.754433,1.311638,3.231380,-12.596891,0
2024-04-30,sz.301327,43.2771821000,45.2341243700,43.1368995000,43.9505385800,44.4555559400,2252355,142059800.7900,2,6.503300,1,-1.136000,-67.973379,1.296738,3.194671,-12.453790,0
2024-05-06,sz.301327,44.2030472600,45.2762091500,43.4876060000,45.0307146000,43.9505385800,1632598,103394114.7100,2,4.713800,1,2.457700,-69.643966,1.328608,3.273187,-12.759868,0
2024-05-07,sz.301327,45.0096722100,45.6619863000,44.3433298600,45.6549721700,45.0307146000,999535,64382399.4600,2,2.886000,1,1.386300,-70.609436,1.347026,3.318563,-12.936757,0
2024-05-08,sz.301327,45.1850254600,46.1529754000,44.8273048300,44.8343189600,45.6549721700,792537,51187902.4800,2,2.288300,1,-1.797500,-69.340223,1.322813,3.258911,-12.704217,0
2024-05-09,sz.301327,45.3112798000,48.8744578400,45.3112798000,47.8784513800,44.8343189600,2237841,151476298.2300,2,6.461400,1,6.789700,-74.048242,1.412629,3.480183,-13.566800,0
2024-05-10,sz.301327,47.5417731400,47.7101122600,46.5177101600,46.6579927600,47.8784513800,1162793,77917922.6300,2,3.357400,1,-2.549100,-72.160695,1.376620,3.391470,-13.220972,0
2024-05-13,sz.301327,46.0197069300,46.6930634100,45.3814211000,45.5076754400,46.6579927600,755516,49348841.9600,2,2.181400,1,-2.465400,-70.381628,1.342680,3.307856,-12.895019,0
2024-05-14,sz.301327,45.5217037000,45.9776221500,45.0377287300,45.6830286900,45.5076754400,524555,34131208.4500,2,1.514600,1,0.385300,-70.652828,1.347854,3.320602,-12.944707,0
2024-05-15,sz.301327,45.8022689000,47.5277448800,45.5567743500,45.6269156500,45.6830286900,1189144,78988577.3200,2,3.433400,1,-0.122800,-70.566044,1.346198,3.316523,-12.928807,0
2024-05-16,sz.301327,45.7251134700,46.3563851700,45.3393363200,45.4936471800,45.6269156500,634075,41401454.3900,2,1.830800,1,-0.292100,-70.359932,1.342266,3.306836,-12.891044,0
2024-05-17,sz.301327,45.2691950200,46.2441590900,45.2411385000,45.6479580400,45.4936471800,638619,41474195.5200,2,1.843900,1,0.339200,-70.598588,1.346819,3.318053,-12.934769,0
2024-05-20,sz.301327,46.2722156100,46.4124982100,45.0307146000,45.6339297800,45.6479580400,629654,40817293.4100,2,1.818000,1,-0.030700,-70.576892,1.346405,3.317033,-12.930794,0
2024-05-21,sz.301327,45.2411385000,46.9946710000,45.1078700300,46.5036819000,45.6339297800,859076,56709292.4200,2,2.480400,1,1.905900,-71.922040,1.372067,3.380254,-13.177247,0
2024-05-22,sz.301327,46.5036819000,47.2261372900,46.3423569100,47.0858546900,46.5036819000,582611,38877428.4100,2,1.682200,1,1.251900,-72.822421,1.389243,3.422571,-13.342211,0
2024-05-23,sz.301327,47.2050949000,47.4856601000,46.2231167000,46.3704134300,47.0858546900,700465,46625747.0600,2,2.022500,1,-1.519400,-71.715929,1.368135,3.370567,-13.139484,0
2024-05-24,sz.301327,45.5918450000,46.7281340600,45.3463504500,45.8934525900,46.3704134300,506730,33403327.4000,2,1.463100,1,-1.028600,-70.978267,1.354062,3.335897,-13.004333,0
2024-05-27,sz.301327,45.6479580400,46.1810319200,45.1499548100,45.7882406400,45.8934525900,409529,26556135.5800,2,1.182400,1,-0.229300,-70.815547,1.350958,3.328250,-12.974520,0
2024-05-28,sz.301327,45.8022689000,46.0126928000,45.1218982900,45.7882406400,45.7882406400,469247,30553919.3700,2,1.354900,1,0.000000,-70.815547,1.350958,3.328250,-12.974520,0
2024-05-29,sz.301327,46.1529754000,47.5978861800,45.8653960700,46.1249188800,45.7882406400,652385,43396302.6600,2,1.883600,1,0.735300,-71.336250,1.360891,3.352722,-13.069921,0
2024-05-30,sz.301327,46.1529754000,46.4054840800,45.5778167400,45.9776221500,46.1249188800,529949,34636305.3900,2,1.530100,1,-0.319300,-71.108442,1.356546,3.342016,-13.028183,0
2024-05-31,sz.301327,45.9776221500,46.6369503700,45.8794243300,46.1179047500,45.9776221500,462055,30435777.4000,2,1.334100,1,0.305100,-71.325402,1.360685,3.352212,-13.067933,0
2024-06-03,sz.301327,46.6439645000,46.7982753600,44.5888244100,45.2271102400,46.1179047500,845345,54499317.5500,2,2.440800,1,-1.931600,-69.947709,1.334402,3.287462,-12.815518,0
2024-06-04,sz.301327,44.8343189600,45.6970569500,44.1048494400,45.4796189200,45.2271102400,691740,44444584.1900,2,1.997300,1,0.558300,-70.338236,1.341852,3.305817,-12.887069,0
2024-06-05,sz.301327,44.6519515800,46.2862438700,44.5467396300,45.1499548100,45.4796189200,480040,31255884.8000,2,1.386000,1,-0.724900,-69.828382,1.332126,3.281854,-12.793656,0
2024-06-06,sz.301327,44.9184885200,45.5778167400,42.6809810500,42.7651506100,45.1499548100,1019050,63138711.1800,2,2.942300,1,-5.282000,-66.140072,1.261763,3.108508,-12.117899,0
2024-06-07,sz.301327,43.1088429800,43.4735777400,42.0146387000,42.5757691000,42.7651506100,709198,43040547.6600,2,2.047700,1,-0.442800,-65.847177,1.256176,3.094742,-12.064236,0
2024-06-11,sz.301327,42.5757691000,43.3403092700,41.4605224300,43.1439136300,42.5757691000,564704,34264917.9200,2,1.630500,1,1.334400,-66.725862,1.272938,3.136039,-12.225225,0
2024-06-12,sz.301327,42.9966169000,43.8172701100,42.7581364800,43.0246734200,43.1439136300,365986,22540405.4200,2,1.056700,1,-0.276400,-66.541447,1.269420,3.127372,-12.191438,0
2024-06-13,sz.301327,43.1018288500,43.8593548900,42.7160517000,43.3122527500,43.0246734200,381985,23607001.4700,2,1.102900,1,0.668400,-66.986214,1.277905,3.148275,-12.272926,0
2024-06-14,sz.301327,43.3122527500,43.3122527500,42.7020234400,42.7581364800,43.3122527500,343197,21008792.8200,2,0.990900,1,-1.279400,-66.129224,1.261556,3.107998,-12.115912,0
2024-06-17,sz.301327,42.7230658300,43.3683657900,42.2881897700,42.4284723700,42.7581364800,479623,29249360.5000,2,1.384800,1,-0.771000,-65.619370,1.251830,3.084035,-12.022499,0
2024-06-18,sz.301327,42.4284723700,42.7861930000,42.1549213000,42.2952039000,42.4284723700,405041,24488721.8900,2,1.169500,1,-0.314100,-65.413258,1.247898,3.074348,-11.984736,0
2024-06-19,sz.301327,42.2250626000,42.3653452000,41.6148332900,42.0216528300,42.2952039000,417667,24991965.8200,2,1.205900,1,-0.646800,-64.990187,1.239827,3.054465,-11.907223,0
2024-06-20,sz.301327,42.0216528300,42.7020234400,41.4114235200,41.6078191600,42.0216528300,418605,25100940.6800,2,1.208600,1,-0.984800,-64.350157,1.227617,3.024384,-11.789959,0
2024-06-21,sz.301327,41.6078191600,41.8042148000,40.9484909400,41.0396746300,41.6078191600,273590,16081045.9000,2,0.789900,1,-1.365500,-63.471471,1.210854,2.983087,-11.628970,0
2024-06-24,sz.301327,40.8643213800,41.2150278800,39.9945692600,40.1067953400,41.0396746300,417030,24081201.3000,2,1.204100,1,-2.273100,-62.028691,1.183330,2.915278,-11.364630,0
2024-06-25,sz.301327,40.0997812100,40.3803464100,39.2791280000,40.0576964300,40.1067953400,564050,32111817.3000,2,1.628600,1,-0.122400,-61.952756,1.181881,2.911709,-11.350717,0
2024-06-26,sz.301327,40.0647105600,41.3132257000,39.7631029700,41.1589148400,40.0576964300,529590,30664327.2000,2,1.529100,1,2.749100,-63.655887,1.214372,2.991754,-11.662758,0
2024-06-27,sz.301327,40.7801518200,41.5026072100,40.2611062000,40.4855583600,41.1589148400,336432,19612318.2000,2,0.971400,1,-1.636000,-62.614482,1.194505,2.942809,-11.471956,0
2024-06-28,sz.301327,40.3312475000,41.5096213400,40.0857529500,40.1909649000,40.4855583600,459130,26712076.6000,2,1.325700,1,-0.727700,-62.158867,1.185813,2.921396,-11.388480,0
2024-07-01,sz.301327,40.1909649000,40.9484909400,39.7631029700,40.4294453200,40.1909649000,391800,22523320.0800,2,1.131300,1,0.593400,-62.527698,1.192850,2.938730,-11.456056,0
2024-07-02,sz.301327,40.4575018400,40.5276431400,39.9103997000,40.2120072900,40.4294453200,250460,14348139.5000,2,0.723200,1,-0.537800,-62.191411,1.186434,2.922925,-11.394443,0
2024-07-03,sz.301327,40.6819540000,41.5236496000,40.1067953400,40.8152224700,40.2120072900,557617,32397393.0400,2,1.610000,1,1.500100,-63.124336,1.204232,2.966772,-11.565369,0
2024-07-04,sz.301327,40.4504877100,41.4955930800,39.6789334100,39.7490747100,40.8152224700,447666,25799031.6000,2,1.292600,1,-2.612100,-61.475445,1.172776,2.889276,-11.263267,0
2024-07-05,sz.301327,39.7490747100,40.1699225100,39.2019725700,39.9174138300,39.7490747100,347450,19639035.6000,2,1.003200,1,0.423500,-61.735796,1.177742,2.901512,-11.310967,0
2024-07-08,sz.301327,40.0506823000,40.6679257400,39.2791280000,39.3071845200,39.9174138300,394050,22437059.8000,2,1.137700,1,-1.528700,-60.792023,1.159738,2.857156,-11.138053,0
2024-07-09,sz.301327,39.3071845200,40.4224311900,38.6618845600,40.1067953400,39.3071845200,389735,21933955.8000,2,1.125300,1,2.034300,-62.028691,1.183330,2.915278,-11.364630,0
2024-07-10,sz.301327,40.0436681700,41.2711409200,39.2861421300,40.8222366000,40.1067953400,390498,22608314.1000,2,1.127500,1,1.783800,-63.135184,1.204439,2.967282,-11.567357,0
2024-07-11,sz.301327,41.3132257000,42.0847800000,40.8502931200,41.8322713200,40.8222366000,654420,38884875.0600,2,1.889500,1,2.474200,-64.697292,1.234239,3.040699,-11.853560,0
2024-07-12,sz.301327,42.0847800000,43.3613516600,41.7270593700,43.0106451600,41.8322713200,615725,37388974.0000,2,1.777800,1,2.816900,-66.519751,1.269006,3.126352,-12.187463,0
2024-07-15,sz.301327,43.0106451600,43.1509277600,41.3132257000,41.4745506900,43.0106451600,531539,31721728.6600,2,1.534700,1,-3.571400,-64.144046,1.223685,3.014697,-11.752196,0
2024-07-16,sz.301327,41.4745506900,42.0707517400,41.0046039800,41.4254517800,41.4745506900,416869,24605122.4100,2,1.203600,1,-0.118400,-64.068110,1.222236,3.011128,-11.738283,0
2024-07-17,sz.301327,41.2150278800,42.3302745500,41.0466887600,41.7060169800,41.4254517800,436083,25917622.8200,2,1.259100,1,0.677300,-64.502029,1.230514,3.031522,-11.817784,0
2024-07-18,sz.301327,41.4535083000,42.2531191200,40.5556996600,42.2250626000,41.7060169800,487285,28761087.9400,2,1.406900,1,1.244500,-65.304778,1.245828,3.069250,-11.964861,0
2024-07-19,sz.301327,42.2250626000,43.0667582000,41.9795680500,42.5757691000,42.2250626000,358605,21758399.5500,2,1.035400,1,0.830600,-65.847177,1.256176,3.094742,-12.064236,0
2024-07-22,sz.301327,45.1289124200,49.7792806100,45.1289124200,48.3273557000,42.5757691000,2767073,188665284.3200,2,7.989400,1,13.509100,-74.742512,1.425873,3.512813,-13.694002,0
2024-07-23,sz.301327,47.6890698700,48.0047057200,46.1108906200,46.8263318800,48.3273557000,1800720,120464824.1000,2,5.199300,1,-3.106000,-72.421047,1.381586,3.403706,-13.268673,0
2024-07-24,sz.301327,46.8263318800,48.7482035000,46.3984699500,47.4576035800,46.8263318800,1541079,104359203.3000,2,4.449600,1,1.348100,-73.397364,1.400212,3.449592,-13.447549,0
2024-07-25,sz.301327,47.6890698700,49.5898991000,46.9946710000,48.3974970000,47.4576035800,1910256,132111188.3800,2,5.515500,1,1.980500,-74.850992,1.427943,3.517911,-13.713877,0
2024-07-26,sz.301327,47.7171263900,48.3624263500,47.1068970800,47.2822503300,48.3974970000,1473876,100065512.0000,2,4.255600,1,-2.304300,-73.126165,1.395038,3.436846,-13.397861,0
2024-07-29,sz.301327,47.3243351100,47.5908720500,46.0197069300,46.7632047100,47.2822503300,1058584,70432068.3900,2,3.056500,1,-1.097800,-72.323415,1.379724,3.399118,-13.250785,0
2024-07-30,sz.301327,46.0056786700,47.2121090300,46.0056786700,46.2231167000,46.7632047100,626134,41602899.3600,2,1.807900,1,-1.154900,-71.488121,1.363789,3.359860,-13.097746,0
2024-07-31,sz.301327,46.2020743100,47.3103068500,45.7742123800,47.1489818600,46.2231167000,865730,57673515.7000,2,2.499600,1,2.003000,-72.920053,1.391106,3.427159,-13.360098,0
2024-08-01,sz.301327,47.5207307500,47.7381687800,46.3353427800,47.3453775000,47.1489818600,945000,63543654.3200,2,2.728500,1,0.416500,-73.223796,1.396900,3.441435,-13.415749,0
2024-08-02,sz.301327,46.7632047100,48.6710480700,46.7632047100,47.8363666000,47.3453775000,992663,68124658.5700,2,2.866100,1,1.037000,-73.983154,1.411387,3.477124,-13.554875,0
2024-08-05,sz.301327,47.6960840000,48.3624263500,46.9946710000,46.9946710000,47.8363666000,796442,54082405.8200,2,2.299600,1,-1.759500,-72.681398,1.386553,3.415943,-13.316373,0
2024-08-06,sz.301327,46.9105014400,48.1520024500,46.6439645000,47.0998829500,46.9946710000,699448,47215814.7100,2,2.019500,1,0.223900,-72.844117,1.389657,3.423590,-13.346186,0
2024-08-07,sz.301327,47.6539992200,48.2221437500,47.1419677300,47.8083100800,47.0998829500,769990,52401718.0000,2,2.223200,1,1.504100,-73.939762,1.410559,3.475084,-13.546925,0
2024-08-08,sz.301327,47.4295470600,47.7592111700,47.0157133900,47.1980807700,47.8083100800,516910,34847948.7000,2,1.492500,1,-1.276400,-72.995989,1.392555,3.430728,-13.374011,0
2024-08-09,sz.301327,47.1770383800,47.7662253000,46.5036819000,46.5668090700,47.1980807700,575668,38584882.4600,2,1.662100,1,-1.337500,-72.019672,1.373929,3.384842,-13.195134,0
2024-08-12,sz.301327,46.9876568700,47.0016851300,46.1670036600,46.4966677700,46.5668090700,330610,21947879.5000,2,0.954600,1,-0.150600,-71.911192,1.371860,3.379744,-13.175259,0
2024-08-13,sz.301327,46.3844416900,48.0467905000,46.3844416900,47.4716318400,46.4966677700,611618,41136935.0200,2,1.765900,1,2.096800,-73.419060,1.400626,3.450612,-13.451524,0
2024-08-14,sz.301327,47.3523916300,47.7592111700,46.7632047100,47.1489818600,47.4716318400,355450,23874782.2500,2,1.026300,1,-0.679700,-72.920053,1.391106,3.427159,-13.360098,0
2024-08-15,sz.301327,47.1489818600,48.2992991800,46.7070916700,47.7802535600,47.1489818600,627675,42682452.9500,2,1.812300,1,1.338900,-73.896370,1.409731,3.473045,-13.538975,0
2024-08-16,sz.301327,48.0467905000,48.8113306700,47.4225329300,47.9275502900,47.7802535600,574595,39421885.1000,2,1.659000,1,0.308300,-74.124178,1.414077,3.483752,-13.580713,0
2024-08-19,sz.301327,47.7311546500,47.8854655100,46.2722156100,47.6469850900,47.9275502900,710270,47817752.7000,2,2.050800,1,-0.585400,-73.690259,1.405799,3.463358,-13.501212,0
2024-08-20,sz.301327,47.6960840000,48.3974970000,46.7141058000,46.8894590500,47.6469850900,425990,28798935.2800,2,1.230000,1,-1.589900,-72.518678,1.383449,3.408295,-13.286560,0
2024-08-21,sz.301327,46.9946710000,47.7662253000,46.2301308300,47.1209253400,46.8894590500,506850,34005246.5000,2,1.463400,1,0.493600,-72.876661,1.390278,3.425120,-13.352148,0
2024-08-22,sz.301327,47.3313492400,47.5277448800,46.6159079800,46.9245297000,47.1209253400,534310,35840081.5000,2,1.542700,1,-0.416800,-72.572918,1.384484,3.410844,-13.296498,0
2024-08-23,sz.301327,46.8684166600,46.8684166600,45.7251134700,46.7281340600,46.9245297000,433868,28637728.3600,2,1.252700,1,-0.418500,-72.269175,1.378689,3.396569,-13.240847,0
2024-08-26,sz.301327,46.3002721300,47.8784513800,46.3002721300,46.7000775400,46.7281340600,456508,30601841.3600,2,1.318100,1,-0.060000,-72.225783,1.377861,3.394529,-13.232897,0
2024-08-27,sz.301327,46.2301308300,46.6439645000,45.9986645400,46.1599895300,46.7000775400,312195,20599269.7000,2,0.901400,1,-1.156500,-71.390489,1.361926,3.355271,-13.079858,0
2024-08-28,sz.301327,46.1670036600,47.4014905400,45.7461558600,46.6579927600,46.1599895300,489368,32681494.7400,2,1.413000,1,1.078900,-72.160695,1.376620,3.391470,-13.220972,0
2024-08-29,sz.301327,46.4756253800,49.0147404400,46.4756253800,48.7341752400,46.6579927600,982090,67396249.1600,2,2.835600,1,4.449800,-75.371694,1.437876,3.542384,-13.809278,0
2024-08-30,sz.301327,48.5377796000,50.8454283700,48.1309600600,50.1720718900,48.7341752400,1643942,116845799.9700,2,4.746600,1,2.950500,-179.131464,1.469313,3.521321,9.361850,0
2024-09-02,sz.301327,50.2211708000,53.2302325700,49.9546338600,50.4386088300,50.1720718900,1958862,143657931.3200,2,5.655900,1,0.531200,-180.083093,1.477119,3.540028,9.411584,0
2024-09-03,sz.301327,50.2071425400,51.0768946600,49.4496165000,49.8494219100,50.4386088300,915550,65332276.7000,2,2.643500,1,-1.168100,-177.979494,1.459864,3.498676,9.301645,0
2024-09-04,sz.301327,49.9335914700,51.0839087900,49.8774784300,50.3965240500,49.8494219100,878838,63324939.5800,2,2.537500,1,1.097500,-179.932835,1.475886,3.537074,9.403731,0
2024-09-05,sz.301327,50.1510295000,51.4205870300,50.0107469000,50.7682729400,50.3965240500,780184,56539938.1000,2,2.252600,1,0.737600,-181.260106,1.486773,3.563165,9.473098,0
2024-09-06,sz.301327,50.7682729400,50.9927251000,49.1199523900,49.1760654300,50.7682729400,574972,40769165.2400,2,1.660100,1,-3.136200,-175.575381,1.440145,3.451416,9.176000,0
2024-09-09,sz.301327,49.1830795600,49.7021251800,47.9976915900,48.3273557000,49.1760654300,691955,48034630.5300,2,1.997900,1,-1.725900,-172.545196,1.415290,3.391850,9.017635,0
2024-09-10,sz.301327,48.3203415700,48.6991045900,47.8644231200,48.3694404800,48.3273557000,458987,31611871.0100,2,1.325200,1,0.087100,-172.695453,1.416522,3.394804,9.025488,0
2024-09-11,sz.301327,48.3974970000,49.3794752000,48.2922850500,48.6710480700,48.3694404800,651150,45204819.1000,2,1.880100,1,0.623500,-173.772296,1.425355,3.415972,9.081766,0
2024-09-12,sz.301327,48.6710480700,50.1299871100,48.3974970000,49.3303762900,48.6710480700,1065169,75250512.7300,2,3.075500,1,1.354700,-176.126323,1.444664,3.462247,9.204794,0
2024-09-13,sz.301327,48.9305708800,49.7862947400,47.6119144400,47.6119144400,49.3303762900,693344,47766604.7400,2,2.001900,1,-3.483600,-169.990826,1.394338,3.341637,8.884138,0
2024-09-18,sz.301327,48.3343698300,48.3343698300,46.0898482300,46.8824449200,47.6119144400,492784,32957559.6400,2,1.422800,1,-1.532100,-167.386371,1.372975,3.290439,8.748022,0
2024-09-19,sz.301327,46.9666144800,48.2642285300,46.5808373300,48.0678328900,46.8824449200,625500,42639295.8000,2,1.806000,1,2.528400,-171.618611,1.407690,3.373635,8.969210,0
2024-09-20,sz.301327,47.9135220300,47.9135220300,46.7141058000,46.9245297000,48.0678328900,395850,26564102.1000,2,1.142900,1,-2.378500,-167.536628,1.374207,3.293393,8.755875,0
2024-09-23,sz.301327,46.7702188400,47.2331514200,45.3112798000,45.3744069700,46.9245297000,787958,51599884.7200,2,2.275100,1,-3.303400,-162.002159,1.328811,3.184597,8.466630,0
2024-09-24,sz.301327,45.3814211000,50.0528316800,45.0166863400,49.8003230000,45.3744069700,1594871,109021886.0300,2,4.604900,1,9.754200,-177.804194,1.458426,3.495230,9.292483,0
2024-09-25,sz.301327,50.1510295000,51.1540500900,49.4706588900,49.5197578000,49.8003230000,1017523,72882577.6100,2,2.937900,1,-0.563400,-176.802480,1.450210,3.475538,9.240131,0
2024-09-26,sz.301327,49.3163480300,51.4065587700,48.8253589300,51.3574598600,49.5197578000,1094242,77891706.8800,2,3.159400,1,3.711000,-183.363705,1.504028,3.604517,9.583037,0
2024-09-27,sz.301327,51.8975478700,56.0148421800,51.8484489600,54.3735357600,51.3574598600,1607208,123646633.5400,2,4.640500,1,5.872700,-194.132128,1.592355,3.816200,10.145821,0
2024-09-30,sz.301327,56.1481106500,62.0750505000,55.3625280900,60.3145038700,54.3735357600,2645722,219898598.8200,2,7.639100,1,10.926200,-215.343417,1.766339,4.233166,11.254375,0
2024-10-08,sz.301327,70.1413000000,71.5441260000,60.0409528000,65.0490416200,60.3145038700,3482947,323234003.7900,2,10.056400,1,7.849700,-232.247337,1.904992,4.565459,12.137816,0
2024-10-09,sz.301327,61.8365700800,62.8886895800,56.2182519500,56.2182519500,65.0490416200,2273671,193038020.0700,2,6.564800,1,-13.575600,-200.718396,1.646378,3.945671,10.490036,0
2024-10-10,sz.301327,57.1511312400,58.9186920000,55.4817683000,55.8254606700,56.2182519500,1385006,112687721.3800,2,3.999000,1,-0.698700,-199.315997,1.634875,3.918103,10.416743,0
2024-10-11,sz.301327,55.6636212000,56.3745501000,52.8058278000,53.5519512000,55.8255159000,1208081,92926481.7500,2,3.488100,1,-4.072600,-190.525959,1.562776,3.745311,9.957354,0
2024-10-14,sz.301327,53.8475850000,58.0709250000,52.5594663000,57.0925179000,53.5519512000,1620356,127229408.4800,2,4.678500,1,6.611500,-203.122509,1.666098,3.992931,10.615681,0
2024-10-15,sz.301327,56.3041611000,57.0150900000,54.5585139000,55.3961430000,57.0925179000,1331952,105673371.5700,2,3.845800,1,-2.971300,-197.087184,1.616594,3.874290,10.300260,0
2024-10-16,sz.301327,54.5655528000,66.1656600000,54.2417634000,55.5228432000,55.3961430000,1288628,101892032.2000,2,3.720700,1,0.228700,-197.537955,1.620291,3.883151,10.323818,0
2024-10-17,sz.301327,57.1558680000,57.1840236000,55.3187151000,55.6143489000,55.5228432000,1069955,85267497.9900,2,3.089300,1,0.164800,-197.863512,1.622961,3.889551,10.340833,0
2024-10-18,sz.301327,55.7269713000,59.8024944000,55.4313375000,58.0005360000,55.6143489000,1492026,121616669.1800,2,4.308000,1,4.290600,-206.353036,1.692596,4.056436,10.784516,0
2024-10-21,sz.301327,58.5566091000,59.6617164000,57.5078130000,57.7330578000,58.0005360000,1377414,114475995.3600,2,3.977000,1,-0.461200,-205.401408,1.684791,4.037729,10.734781,0
2024-10-22,sz.301327,57.3670350000,58.5988425000,56.7335340000,58.2820920000,57.7330578000,1112560,91317081.5000,2,3.212300,1,0.951000,-207.354750,1.700813,4.076127,10.836868,0
2024-10-23,sz.301327,58.0216527000,59.1619545000,57.4866963000,57.6767466000,58.2820920000,1248078,103176817.8000,2,3.603600,1,-1.038600,-205.201065,1.683147,4.033791,10.724311,0
2024-10-24,sz.301327,57.6345132000,57.6485910000,56.1000330000,56.3041611000,57.6767466000,769034,61831569.5400,2,2.220400,1,-2.379800,-200.317711,1.643092,3.937795,10.469095,0
2024-10-25,sz.301327,56.7687285000,58.5214146000,56.3112000000,58.2398586000,56.3041611000,1276697,104698605.6500,2,3.686200,1,3.437900,-207.204493,1.699580,4.073174,10.829015,0
2024-10-28,sz.301327,58.5636480000,59.2604991000,57.8456802000,58.8733596000,58.2398586000,1474290,123051685.5000,2,4.256800,1,1.087700,-209.458349,1.718067,4.117479,10.946807,0
2024-10-29,sz.301327,61.5903750000,62.9277660000,58.9789431000,59.1408378000,58.8733596000,2432504,210364755.6700,2,7.023400,1,0.454300,219.681941,1.709811,3.657399,-101.640592,0
2024-10-30,sz.301327,59.2323435000,61.8508143000,58.4228700000,61.2313911000,59.1408378000,2194406,186449320.4700,2,6.336000,1,3.534900,227.447418,1.770251,3.786683,-105.233458,0
2024-10-31,sz.301327,61.6537251000,61.9352811000,58.6340370000,58.9859820000,61.2313911000,2070608,175285943.5800,2,5.978500,1,-3.667100,219.106720,1.705334,3.647822,-101.374454,0
2024-11-01,sz.301327,59.1267600000,59.4083160000,57.2544126000,57.2966460000,58.9859820000,1351829,111642501.5400,2,3.903200,1,-2.864000,212.831587,1.656494,3.543350,-98.471129,0
2024-11-04,sz.301327,57.0150900000,61.5762972000,56.9869344000,60.8301738000,57.2966460000,2315617,197590664.0400,2,6.685900,1,6.167100,225.957074,1.758651,3.761871,-104.543918,0
2024-11-05,sz.301327,60.1825950000,63.7020450000,60.1122060000,62.9911161000,60.8301738000,1775476,157645022.1400,2,5.126400,1,3.552400,233.984014,1.821126,3.895509,-108.257755,0
2024-11-06,sz.301327,62.9699994000,64.2933126000,60.3304119000,60.7175514000,62.9911161000,1937099,171161218.8300,2,5.593000,1,-3.609300,225.538731,1.755395,3.754906,-104.350363,0
2024-11-07,sz.301327,61.2313911000,63.9906399000,59.9362335000,63.5612670000,60.7175514000,2052391,181236377.2800,2,5.925900,1,4.683500,236.101872,1.837609,3.930768,-109.237628,0
2024-11-08,sz.301327,63.0263106000,64.5959853000,62.2097982000,62.6673267000,63.5612670000,1669155,149593302.0800,2,4.819400,1,-1.406400,232.781280,1.811765,3.875485,-107.701285,0
2024-11-11,sz.301327,61.9423200000,63.5542281000,61.2454689000,63.5190336000,62.6673267000,1561039,139406597.7600,2,4.507200,1,1.359100,235.944993,1.836388,3.928156,-109.165045,0
2024-11-12,sz.301327,63.6457338000,64.1103012000,61.4284803000,62.0971758000,63.5190336000,1265494,112879533.9800,2,3.653900,1,-2.238500,230.663423,1.795281,3.840225,-106.721412,0
2024-11-13,sz.301327,61.9423200000,62.4843153000,60.8090571000,62.0971758000,62.0971758000,801819,70192478.5000,2,2.315100,1,0.000000,230.663423,1.795281,3.840225,-106.721412,0
2024-11-14,sz.301327,61.9986312000,62.4772764000,60.0558948000,60.1825950000,62.0971758000,712651,61756398.8500,2,2.057700,1,-3.083200,223.551606,1.739929,3.721823,-103.430976,0
2024-11-15,sz.301327,60.0418170000,60.8090571000,58.7677761000,58.7677761000,60.1825950000,720236,61201662.3000,2,2.079600,1,-2.350900,218.296182,1.699026,3.634328,-100.999441,0
2024-11-18,sz.301327,59.2393824000,59.2393824000,56.3815890000,56.6138727000,58.7677761000,893979,73202011.4300,2,2.581200,1,-3.665100,210.295388,1.636754,3.501126,-97.297701,0
2024-11-19,sz.301327,57.2825682000,58.6692315000,56.6279505000,58.4580645000,56.6138727000,608038,49833823.0000,2,1.755600,1,3.257500,217.145741,1.690072,3.615175,-100.467165,0
2024-11-20,sz.301327,58.5636480000,59.2604991000,57.8386413000,58.3595199000,58.4580645000,674012,56103217.3600,2,1.946100,1,-0.168600,216.779692,1.687223,3.609081,-100.297804,0
2024-11-21,sz.301327,58.0709250000,58.7185038000,57.3318405000,58.0709250000,58.3595199000,504709,41533983.2000,2,1.457300,1,-0.494500,215.707690,1.678879,3.591233,-99.801819,0
2024-11-22,sz.301327,58.0709250000,58.4017533000,55.3820652000,55.5158043000,58.0709250000,634023,51183714.9100,2,1.830600,1,-4.400000,206.216552,1.605008,3.433219,-95.410539,0
2024-11-25,sz.301327,55.5228432000,56.3393556000,54.3262302000,55.2272094000,55.5158043000,666900,52344583.7000,2,1.925600,1,-0.519800,205.144550,1.596665,3.415372,-94.914555,0
2024-11-26,sz.301327,55.1005092000,55.7410491000,54.5514750000,55.0371591000,55.2272094000,491914,38513359.7400,2,1.420300,1,-0.344100,204.438597,1.591170,3.403618,-94.587930,0
2024-11-27,sz.301327,54.8682255000,55.5158043000,53.5589901000,55.4665320000,55.0371591000,791647,61216136.6700,2,2.285700,1,0.780200,206.033527,1.603584,3.430172,-95.325859,0
2024-11-28,sz.301327,55.4806098000,55.8114381000,54.1784133000,54.4036581000,55.4665320000,520828,40655412.4000,2,1.503800,1,-1.916200,202.085423,1.572855,3.364441,-93.499183,0
2024-11-29,sz.301327,54.2699190000,55.9310994000,53.8898184000,55.2131316000,54.4036581000,563980,44105479.7200,2,1.628400,1,1.487900,205.092257,1.596258,3.414501,-94.890360,0
2024-12-02,sz.301327,55.2060927000,56.7898452000,54.8330310000,56.5294059000,55.2131316000,859244,68642207.5800,2,2.480900,1,2.384000,209.981631,1.634312,3.495902,-97.152535,0
2024-12-03,sz.301327,56.4871725000,58.0146138000,56.1070719000,57.7400967000,56.5294059000,812668,65955012.4600,2,2.346400,1,2.141700,214.478810,1.669315,3.570774,-99.233251,0
2024-12-04,sz.301327,57.6063576000,58.3243254000,56.5294059000,56.9306232000,57.7400967000,562148,46002900.2800,2,1.623100,1,-1.401900,211.471975,1.645912,3.520714,-97.842075,0
2024-12-05,sz.301327,56.5505226000,57.6345132000,56.5082892000,57.2262570000,56.9306232000,359871,29206837.2400,2,1.039100,1,0.519300,212.570124,1.654459,3.538997,-98.350157,0
2024-12-06,sz.301327,57.2473737000,57.6274743000,56.1915387000,57.2896071000,57.2262570000,408670,33060028.0400,2,1.180000,1,0.110700,212.805441,1.656291,3.542915,-98.459031,0
2024-12-09,sz.301327,57.3599961000,58.0357305000,56.6842617000,57.3529572000,57.2896071000,522098,42611706.6800,2,1.507500,1,0.110600,213.040759,1.658122,3.546832,-98.567906,0
2024-12-10,sz.301327,58.7607372000,61.4355192000,58.3102476000,59.3660826000,57.3529572000,1183218,100304810.2600,2,3.416300,1,3.510100,220.518625,1.716323,3.671329,-102.027702,0
2024-12-11,sz.301327,59.1971490000,60.0910893000,58.9859820000,59.3379270000,59.3660826000,362824,30623704.2100,2,1.047600,1,-0.047400,220.414040,1.715509,3.669587,-101.979314,0
2024-12-12,sz.301327,59.3449659000,59.6124441000,58.8522429000,58.9296708000,59.3379270000,520583,43741969.1200,2,1.503100,1,-0.688000,218.897549,1.703706,3.644340,-101.277677,0
2024-12-13,sz.301327,58.8240873000,60.2952174000,58.4510256000,58.4932590000,58.9296708000,661727,55535870.1200,2,1.910600,1,-0.740600,217.276473,1.691089,3.617351,-100.527651,0
2024-12-16,sz.301327,58.4228700000,59.3097714000,57.9442248000,58.4651034000,58.4932590000,498580,41441004.9000,2,1.439600,1,-0.048100,217.171888,1.690275,3.615610,-100.479262,0
2024-12-17,sz.301327,58.4017533000,58.8522429000,56.8743120000,57.2614515000,58.4651034000,514946,42131134.6600,2,1.486800,1,-2.058800,212.700855,1.655477,3.541174,-98.410643,0
2024-12-18,sz.301327,57.3529572000,58.0638861000,56.9095065000,57.1699458000,57.2614515000,346591,28275097.3200,2,1.000700,1,-0.159800,212.360952,1.652831,3.535515,-98.253379,0
2024-12-19,sz.301327,56.5082892000,57.1488291000,55.6213878000,56.2619277000,57.1699458000,551093,44026863.8700,2,1.591200,1,-1.588300,208.988069,1.626579,3.479361,-96.692842,0
2024-12-20,sz.301327,56.1774609000,57.2684904000,55.9310994000,56.5716393000,56.2619277000,386260,31132371.9800,2,1.115300,1,0.550500,210.138510,1.635533,3.498514,-97.225118,0
2024-12-23,sz.301327,56.5716393000,57.2825682000,50.8701303000,55.1005092000,56.5716393000,647380,51447021.3300,2,1.869200,1,-2.600500,204.673915,1.593002,3.407536,-94.696805,0
2024-12-24,sz.301327,55.3961430000,56.7757674000,55.3679874000,56.6490672000,55.1005092000,508608,40702765.1100,2,1.468500,1,2.810400,210.426120,1.637772,3.503302,-97.358187,0
2024-12-25,sz.301327,56.5153281000,57.3318405000,55.9099827000,56.3675112000,56.6490672000,409775,32784754.1500,2,1.183200,1,-0.497000,209.380264,1.629632,3.485890,-96.874299,0
2024-12-26,sz.301327,56.2760055000,56.9939733000,55.9240605000,56.4590169000,56.3675112000,389935,31257659.7100,2,1.125900,1,0.162300,209.720167,1.632277,3.491549,-97.031563,0
2024-12-27,sz.301327,56.4590169000,56.8954287000,56.0226051000,56.6349894000,56.4590169000,417529,33552799.7900,2,1.205500,1,0.311700,210.373827,1.637365,3.502432,-97.333993,0
2024-12-30,sz.301327,56.4660558000,57.1558680000,54.9667701000,55.2201705000,56.6349894000,796804,63200381.4100,2,2.300600,1,-2.498100,205.118403,1.596461,3.414936,-94.902457,0
2024-12-31,sz.301327,55.1920149000,55.7903214000,53.9250129000,53.9954019000,55.2201705000,481148,37456267.1600,2,1.389200,1,-2.218000,200.568932,1.561052,3.339194,-92.797546,0
2025-01-02,sz.301327,54.1221021000,55.0230813000,52.8621390000,53.4041343000,53.9954019000,742379,56888155.9600,2,2.143500,1,-1.095000,198.372636,1.543958,3.302629,-91.781382,0
2025-01-03,sz.301327,53.8405461000,54.4106970000,51.8978097000,52.2356769000,53.4041343000,522070,39423218.9500,2,1.507400,1,-2.188000,194.032335,1.510177,3.230369,-89.773249,0
2025-01-06,sz.301327,52.1652879000,53.4674844000,51.6303315000,52.5876219000,52.2356769000,561794,42107516.3400,2,1.622100,1,0.673800,195.339655,1.520352,3.252134,-90.378108,0
2025-01-07,sz.301327,52.5876219000,55.1075481000,52.1582490000,54.4529304000,52.5876219000,739395,57020100.3500,2,2.134900,1,3.547000,202.268447,1.574280,3.367488,-93.583864,0
2025-01-08,sz.301327,53.9883630000,55.5087654000,53.1436950000,54.5866695000,54.4529304000,761090,58729376.8000,2,2.197500,1,0.245600,202.765229,1.578146,3.375759,-93.813710,0
2025-01-09,sz.301327,54.2347245000,56.2267332000,53.9531685000,55.3750263000,54.5866695000,656509,51843171.4400,2,1.895600,1,1.444200,205.693624,1.600938,3.424513,-95.168596,0
2025-01-10,sz.301327,54.9315756000,56.9587788000,54.9315756000,55.8466326000,55.3750263000,644217,51457526.5400,2,1.860100,1,0.851700,207.445432,1.614573,3.453678,-95.979107,0
2025-01-13,sz.301327,54.9034200000,56.2830444000,54.4388526000,54.8189532000,55.8466326000,773460,60748149.4000,2,2.233200,1,-1.840200,203.628059,1.584862,3.390124,-94.212918,0
2025-01-14,sz.301327,54.8189532000,55.9451772000,54.2206467000,55.6776990000,54.8189532000,661250,51969748.1000,2,1.909200,1,1.566500,206.817918,1.609689,3.443231,-95.688775,0
2025-01-15,sz.301327,55.7480880000,56.1563442000,54.1643355000,54.2065689000,55.6776990000,708107,55378313.2800,2,2.044500,1,-2.642200,201.353324,1.567157,3.352253,-93.160462,0
2025-01-16,sz.301327,54.2065689000,54.8963811000,53.6434569000,53.9179740000,54.2065689000,769810,59147299.6000,2,2.222700,1,-0.532400,200.281322,1.558814,3.334406,-92.664477,0
2025-01-17,sz.301327,53.8898184000,55.1849760000,53.3619009000,54.8963811000,53.9179740000,825796,63775400.0000,2,2.384300,1,1.814600,203.915670,1.587100,3.394912,-94.345987,0
2025-01-20,sz.301327,55.2624039000,55.9522161000,54.4529304000,54.9526923000,54.8963811000,921123,71982232.0400,2,2.659600,1,0.102600,204.124841,1.588728,3.398395,-94.442764,0
2025-01-21,sz.301327,54.9597312000,55.6706601000,54.6570585000,55.5228432000,54.9526923000,728240,57056593.5000,2,2.102700,1,1.037500,206.242698,1.605212,3.433654,-95.422637,0
2025-01-22,sz.301327,55.3820652000,55.8677493000,54.8752644000,55.7199324000,55.5228432000,696360,54857525.5000,2,2.010600,1,0.355000,206.974797,1.610910,3.445843,-95.761358,0
2025-01-23,sz.301327,56.0437218000,56.0437218000,52.0526655000,52.1723268000,55.7199324000,2258456,170175857.0200,2,6.520900,1,-6.366900,193.797018,1.508346,3.226451,-89.664374,0
2025-01-24,sz.301327,52.0808211000,53.2140840000,51.6021759000,52.6650498000,52.1723268000,986354,73661439.5200,2,2.847900,1,0.944400,195.627265,1.522591,3.256922,-90.511177,0
2025-01-27,sz.301327,52.6720887000,53.1366561000,51.9118875000,51.9118875000,52.6650498000,699514,52065783.3000,2,2.019700,1,-1.430100,192.829602,1.500816,3.210345,-89.216778,0
2025-02-05,sz.301327,52.4257272000,52.8480612000,50.9475582000,51.2995032000,51.9118875000,901323,66664042.0200,2,2.602400,1,-1.179700,190.554866,1.483112,3.172474,-88.164322,0
2025-02-06,sz.301327,51.2502309000,51.7007205000,50.3281350000,51.6303315000,51.2995032000,1013562,73396846.5900,2,2.926500,1,0.644900,191.783746,1.492676,3.192933,-88.732890,0
2025-02-07,sz.301327,51.4402812000,52.5735441000,51.3135810000,51.7007205000,51.6303315000,925880,68344852.5300,2,2.673300,1,0.136300,192.045210,1.494711,3.197286,-88.853862,0
2025-02-10,sz.301327,52.0104321000,52.0104321000,51.1235307000,51.3558144000,51.7007205000,957810,70022897.8900,2,2.765500,1,-0.667100,190.764037,1.484740,3.175956,-88.261100,0
2025-02-11,sz.301327,51.4121256000,51.6936816000,50.4829908000,51.0461028000,51.3558144000,712600,51562188.3000,2,2.057500,1,-0.603100,189.613596,1.475786,3.156803,-87.728824,0
2025-02-12,sz.301327,50.7856635000,54.0587520000,50.6871189000,53.1085005000,51.0461028000,1552693,115323106.4300,2,4.483100,1,4.040300,197.274487,1.535411,3.284346,-91.273300,0
2025-02-13,sz.301327,52.9536447000,53.4252510000,51.5036313000,51.5317869000,53.1085005000,893093,66252991.7800,2,2.578600,1,-2.968900,191.417697,1.489827,3.186839,-88.563530,0
2025-02-14,sz.301327,51.3839700000,52.4398050000,51.3839700000,51.8626152000,51.5317869000,829265,61132650.4800,2,2.394400,1,0.642000,192.646577,1.499392,3.207298,-89.132098,0
2025-02-17,sz.301327,51.8485374000,51.9893154000,50.6800800000,50.9897916000,51.8626152000,1047598,76002442.4800,2,3.024800,1,-1.683000,189.404425,1.474158,3.153320,-87.632046,0
2025-02-18,sz.301327,51.6655260000,52.2990270000,49.7720619000,50.0817735000,50.9897916000,1248429,90588611.8100,2,3.604600,1,-1.780800,186.031541,1.447906,3.097167,-86.071509,0
2025-02-19,sz.301327,49.9761900000,52.0174710000,49.8494898000,51.4402812000,50.0817735000,1349987,97871519.5500,2,3.897800,1,2.712600,191.077794,1.487182,3.181180,-88.406266,0
2025-02-20,sz.301327,51.3839700000,51.8414985000,50.5885743000,50.7786246000,51.4402812000,873004,63266917.1500,2,2.520600,1,-1.286300,188.620033,1.468053,3.140261,-87.269130,0
2025-02-21,sz.301327,50.8912470000,51.8414985000,50.4689130000,51.5599425000,50.7786246000,941562,68535499.7200,2,2.718600,1,1.538700,191.522282,1.490641,3.188580,-88.611918,0
2025-02-24,sz.301327,51.5599425000,53.1014616000,50.6308077000,51.8766930000,51.5599425000,1711782,126041391.3700,2,4.942500,1,0.614300,192.698870,1.499799,3.208168,-89.156292,0
2025-02-25,sz.301327,51.3065421000,52.7847111000,51.1094529000,51.7007205000,51.8766930000,1286399,95086409.1100,2,3.714200,1,-0.339200,192.045210,1.494711,3.197286,-88.853862,0
2025-02-26,sz.301327,51.4050867000,52.2215991000,51.2150364000,51.9541209000,51.7007205000,965753,71008509.9700,2,2.788400,1,0.490100,192.986480,1.502037,3.212957,-89.289361,0
2025-02-27,sz.301327,52.0667433000,52.6298553000,51.6796038000,52.5101940000,51.9541209000,1122651,83205412.6900,2,3.241500,1,1.070300,195.052045,1.518114,3.247345,-90.245039,0
2025-02-28,sz.301327,52.5805830000,52.5805830000,50.4829908000,50.8067802000,52.5101940000,939687,68673053.0300,2,2.713200,1,-3.244000,188.724619,1.468867,3.142003,-87.317519,0
2025-03-03,sz.301327,50.6800800000,52.6932054000,50.6800800000,51.0883362000,50.8067802000,1283640,94386853.8200,2,3.706300,1,0.554200,189.770474,1.477007,3.159415,-87.801407,0
2025-03-04,sz.301327,50.8912470000,50.9123637000,50.1240069000,50.2366293000,51.0883362000,921195,65958349.6100,2,2.659800,1,-1.667100,186.606762,1.452383,3.106743,-86.337647,0
2025-03-05,sz.301327,50.3774073000,50.3774073000,49.1174442000,49.3708446000,50.2366293000,1070565,75108197.6500,2,3.091100,1,-1.723400,183.390756,1.427352,3.053201,-84.849692,0
2025-03-06,sz.301327,49.4271558000,50.5041075000,49.1667165000,49.9480344000,49.3708446000,896424,63447741.0000,2,2.588300,1,1.169100,185.534760,1.444039,3.088896,-85.841662,0
2025-03-07,sz.301327,49.9058010000,49.9339566000,49.1174442000,49.1948721000,49.9480344000,664084,46663745.4600,2,1.917400,1,-1.507900,182.737096,1.422265,3.042319,-84.547263,0
2025-03-10,sz.301327,49.3497279000,49.8846843000,49.0188996000,49.6312839000,49.1948721000,734304,51596512.3800,2,2.120200,1,0.887100,184.358172,1.434882,3.069307,-85.297288,0
2025-03-11,sz.301327,49.3356501000,49.9409955000,49.1033664000,49.9409955000,49.6312839000,580122,40793641.5800,2,1.675000,1,0.624000,185.508613,1.443836,3.088461,-85.829565,0
2025-03-12,sz.301327,49.9058010000,53.1436950000,49.3426890000,52.2919881000,49.9409955000,2335820,170829158.4000,2,6.744300,1,4.707500,194.241507,1.511805,3.233851,-89.870026,0
2025-03-13,sz.301327,51.8837319000,52.2356769000,51.0390639000,51.3769311000,52.2919881000,1094570,80184415.3000,2,3.160400,1,-1.749900,190.842476,1.485350,3.177262,-88.297392,0
2025-03-14,sz.301327,52.0104321000,55.6776990000,52.0104321000,55.2483261000,51.3769311000,2489835,192276616.6400,2,7.189000,1,7.535300,205.222989,1.597275,3.416677,-94.950846,0
2025-03-17,sz.301327,55.4454153000,55.9592550000,54.1080243000,54.2980746000,55.2483261000,1608610,125293968.7400,2,4.644600,1,-1.720000,201.693227,1.569803,3.357912,-93.317725,0
2025-03-18,sz.301327,54.5514750000,55.2553650000,54.4106970000,55.0441980000,54.2980746000,973210,76078964.9000,2,2.810000,1,1.374100,204.464744,1.591374,3.404054,-94.600028,0
2025-03-19,sz.301327,54.8963811000,57.0080511000,54.4458915000,56.1211497000,55.0441980000,1546178,123123068.6100,2,4.464300,1,1.956500,208.465141,1.622509,3.470655,-96.450898,0
2025-03-20,sz.301327,55.8607104000,59.4646272000,55.6073100000,58.3876755000,56.1211497000,2278833,188152355.5000,2,6.579700,1,4.038600,216.884277,1.688037,3.610822,-100.346193,0
2025-03-21,sz.301327,57.7330578000,59.8728834000,57.4022295000,57.5148519000,58.3876755000,1346710,111741200.3000,2,3.888400,1,-1.494900,213.642125,1.662803,3.556844,-98.846141,0
2025-03-24,sz.301327,57.2544126000,58.3735977000,56.2267332000,56.8743120000,57.5148519000,1522918,123295393.6400,2,4.397200,1,-1.113700,211.262804,1.644284,3.517232,-97.745297,0
2025-03-25,sz.301327,57.2544126000,57.9723804000,55.4735709000,55.6143489000,56.8743120000,979341,78273887.0900,2,2.827700,1,-2.215300,206.582601,1.607857,3.439313,-95.579900,0
2025-03-26,sz.301327,55.6073100000,56.5927560000,54.9738090000,55.5087654000,55.6143489000,791520,62448858.0300,2,2.285400,1,-0.189800,206.190405,1.604805,3.432784,-95.398442,0
2025-03-27,sz.301327,55.5228432000,55.9029438000,54.7626420000,54.8682255000,55.5087654000,631014,49417139.3400,2,1.821900,1,-1.153900,203.811084,1.586286,3.393171,-94.297598,0
2025-03-28,sz.301327,54.8752644000,55.6636212000,54.6429807000,54.9174978000,54.8682255000,625610,48918121.7000,2,1.806300,1,0.089800,203.994109,1.587711,3.396218,-94.382278,0
2025-03-31,sz.301327,54.5937084000,55.0371591000,53.5660290000,54.5937084000,54.9174978000,665657,51372419.9200,2,1.922000,1,-0.589600,202.791375,1.578350,3.376194,-93.825807,0
2025-04-01,sz.301327,54.7978365000,57.0080511000,54.5866695000,56.2760055000,54.5937084000,974907,77747911.2900,2,2.814900,1,3.081500,209.040361,1.626986,3.480231,-96.717036,0
2025-04-02,sz.301327,56.2830444000,58.0709250000,55.8888660000,57.9442248000,56.2760055000,1051656,85928044.7800,2,3.036500,1,2.964400,215.237055,1.675216,3.583398,-99.584070,0
2025-04-03,sz.301327,57.0150900000,57.5782020000,49.6383228000,50.6800800000,57.9442248000,3683941,272471860.4400,2,10.636700,1,-12.536400,188.253984,1.465204,3.134167,-87.099770,0
2025-04-07,sz.301327,44.8800264000,45.7528500000,40.5440640000,40.5440640000,50.6800800000,2610635,156906820.0900,2,7.537700,1,-20.000000,150.603187,1.172163,2.507334,-69.679816,0
2025-04-08,sz.301327,40.3540137000,42.1348554000,39.8894463000,41.5787823000,40.5440640000,1997028,116697106.0100,2,5.766100,1,2.552100,154.446706,1.202077,2.571323,-71.458103,0
2025-04-09,sz.301327,40.4947917000,41.5154322000,39.0870117000,41.1634872000,41.5787823000,1654138,95555828.1100,2,4.776000,1,-0.998800,152.904069,1.190071,2.545640,-70.744368,0
2025-04-10,sz.301327,43.5848688000,44.5210425000,42.9372900000,43.3385073000,41.1634872000,1582169,98096519.4300,2,4.568200,1,5.283900,160.983303,1.252953,2.680148,-74.482400,0
2025-04-11,sz.301327,42.8457843000,44.0353584000,42.7261230000,43.5285576000,43.3385073000,933388,57499141.0400,2,2.695000,1,0.438500,161.689255,1.258447,2.691901,-74.809024,0
2025-04-14,sz.301327,43.8734637000,44.4928869000,43.2610794000,43.5496743000,43.5285576000,1380437,85778696.7000,2,3.985800,1,0.048500,161.767694,1.259058,2.693207,-74.845316,0
2025-04-15,sz.301327,43.6059855000,43.7678802000,43.1132625000,43.5919077000,43.5496743000,845654,52171059.4600,2,2.441700,1,0.097000,161.924573,1.260279,2.695819,-74.917899,0
2025-04-16,sz.301327,43.1625348000,43.4300130000,42.2685945000,42.6768507000,43.5919077000,761042,46278291.8000,2,2.197400,1,-2.099100,158.525542,1.233823,2.639230,-73.345264,0
2025-04-17,sz.301327,42.6979674000,43.1836515000,42.1770888000,42.7613175000,42.6768507000,686380,41821772.4000,2,1.981800,1,0.197900,158.839299,1.236265,2.644454,-73.490431,0
2025-04-18,sz.301327,42.6416562000,43.1343792000,42.1489332000,42.4938393000,42.7613175000,504902,30533167.8600,2,1.457800,1,-0.625500,157.845736,1.228532,2.627912,-73.030737,0
2025-04-21,sz.301327,42.4445670000,43.3525851000,42.3178668000,42.7120452000,42.4938393000,912091,55672537.8600,2,2.633500,1,0.513500,158.656274,1.234841,2.641406,-73.405750,0
2025-04-22,sz.301327,42.6698118000,43.0076790000,42.2334000000,42.7824342000,42.7120452000,771748,46785762.7400,2,2.228300,1,0.164800,158.917738,1.236876,2.645759,-73.526722,0
2025-04-23,sz.301327,43.1695737000,44.4154590000,43.1695737000,44.1057474000,42.7824342000,1079051,67343971.2900,2,3.115600,1,3.093100,163.833259,1.275134,2.727596,-75.800994,0
2025-04-24,sz.301327,44.2042920000,44.7674040000,43.7397246000,44.4084201000,44.1057474000,875666,55060905.3600,2,2.528300,1,0.686200,164.957553,1.283885,2.746314,-76.321173,0
2025-04-25,sz.301327,44.5703148000,44.9996877000,44.3309922000,44.9504154000,44.4084201000,864710,54972968.6000,2,2.496700,1,1.220500,166.970825,1.299554,2.779832,-77.252657,0
2025-04-28,sz.301327,45.7950834000,46.7171793000,44.7462873000,45.0419211000,44.9504154000,1630010,105532023.4900,2,4.706400,1,0.203600,27.015121,1.269221,2.136928,-2.872722,0
2025-04-29,sz.301327,45.0208044000,46.5764013000,45.0208044000,45.7669278000,45.0419211000,1970549,128925268.0700,2,5.689600,1,1.609600,27.449964,1.289651,2.171325,-2.918962,0
2025-04-30,sz.301327,45.6261498000,46.2103785000,45.4079439000,45.5698386000,45.7669278000,1013084,65808352.0000,2,2.925100,1,-0.430600,27.331754,1.284097,2.161974,-2.906392,0
2025-05-06,sz.301327,46.1259117000,46.2103785000,45.6894999000,46.1329506000,45.5698386000,1319577,86109085.2300,2,3.810000,1,1.235700,27.669496,1.299965,2.188690,-2.942306,0
2025-05-07,sz.301327,46.8298017000,47.6111196000,45.8725113000,46.2385341000,46.1329506000,1664806,110307758.3600,2,4.806800,1,0.228900,27.732823,1.302940,2.193699,-2.949040,0
2025-05-08,sz.301327,46.1751840000,47.2169412000,45.9217836000,47.0902410000,46.2385341000,1255008,83471999.7300,2,3.623600,1,1.842000,28.243657,1.326940,2.234107,-3.003361,0
2025-05-09,sz.301327,47.0128131000,47.5829640000,46.7382960000,47.3084469000,47.0902410000,983240,65932609.1600,2,2.838900,1,0.463400,28.374532,1.333089,2.244459,-3.017278,0
2025-05-12,sz.301327,48.8147715000,51.0320250000,48.3853986000,50.9616360000,47.3084469000,2396516,168981765.0000,2,6.919500,1,7.722100,30.565632,1.436030,2.417778,-3.250274,0
2025-05-13,sz.301327,52.0667433000,52.3271826000,49.9691511000,50.4477963000,50.9616360000,2001157,143866877.3900,2,5.778000,1,-1.008300,30.257442,1.421551,2.393400,-3.217502,0
2025-05-14,sz.301327,50.4407574000,50.4477963000,49.3145334000,49.6453617000,50.4477963000,960538,67834462.1000,2,2.773400,1,-1.590600,29.776160,1.398940,2.355330,-3.166324,0
2025-05-15,sz.301327,49.5257004000,51.4895535000,48.8851605000,51.1939197000,49.6453617000,1989235,142872968.4900,2,5.743600,1,3.119200,30.704950,1.442576,2.428798,-3.265089,0
2025-05-16,sz.301327,50.9264415000,51.2431920000,50.5463409000,50.6800800000,51.1939197000,920498,66429252.5100,2,2.657800,1,-1.003700,30.396761,1.428097,2.404420,-3.232317,0
2025-05-19,sz.301327,50.7504690000,51.0038694000,49.7087118000,50.2155126000,50.6800800000,700720,49818657.4300,2,2.023200,1,-0.916700,30.118124,1.415006,2.382380,-3.202687,0
2025-05-20,sz.301327,50.0184234000,50.5252242000,49.9058010000,49.9761900000,50.2155126000,767788,54682586.7400,2,2.216900,1,-0.476600,29.974584,1.408262,2.371025,-3.187424,0
2025-05-21,sz.301327,49.9128399000,50.1028902000,49.3990002000,49.7579841000,49.9761900000,893510,63015299.3400,2,2.579900,1,-0.436600,29.843709,1.402113,2.360673,-3.173507,0
2025-05-22,sz.301327,49.4834670000,50.1662403000,48.3572430000,48.4346709000,49.7579841000,1301660,90748517.4000,2,3.758300,1,-2.659500,29.050016,1.364824,2.297891,-3.089107,0
2025-05-23,sz.301327,48.2305428000,49.3849224000,48.2164650000,48.3572430000,48.4346709000,732234,50729798.5400,2,2.114200,1,-0.159900,29.003576,1.362642,2.294217,-3.084169,0
2025-05-26,sz.301327,48.5543322000,48.8921994000,48.2164650000,48.6458379000,48.3572430000,571092,39439105.9200,2,1.648900,1,0.596800,29.176669,1.370774,2.307909,-3.102575,0
2025-05-27,sz.301327,48.8147715000,49.0681719000,48.3079707000,48.6669546000,48.6458379000,579850,40082751.2000,2,1.674200,1,0.043400,29.189334,1.371369,2.308911,-3.103922,0
2025-05-28,sz.301327,48.8288493000,49.0400163000,48.1108815000,48.8006937000,48.6669546000,604202,41730426.8000,2,1.744500,1,0.274800,29.269548,1.375138,2.315256,-3.112452,0
2025-05-29,sz.301327,48.8851605000,49.5045837000,48.8218104000,49.0400163000,48.8006937000,1144480,80033144.3000,2,3.304500,1,0.490400,29.413088,1.381882,2.326610,-3.127716,0
2025-05-30,sz.301327,48.8000000000,49.2500000000,48.4100000000,48.5000000000,49.0400000000,977647,47666460.6700,2,2.030500,1,-1.101100,28.610274,1.344164,2.263107,-3.042346,0
2025-06-03,sz.301327,48.3400000000,48.5600000000,47.5800000000,47.9100000000,48.5000000000,1428239,68705169.8700,2,2.966300,1,-1.216500,28.262231,1.327812,2.235576,-3.005336,0
2025-06-04,sz.301327,47.7500000000,48.5000000000,47.6500000000,48.4800000000,47.9100000000,1008560,48505190.9700,2,2.094700,1,1.189700,28.598476,1.343610,2.262174,-3.041092,0
2025-06-05,sz.301327,48.3800000000,48.7900000000,47.8100000000,48.3000000000,48.4800000000,761356,36736021.3600,2,1.581200,1,-0.371300,28.492293,1.338621,2.253774,-3.029801,0
2025-06-06,sz.301327,48.6100000000,48.7500000000,48.0800000000,48.2600000000,48.3000000000,631261,30484624.2700,2,1.311100,1,-0.082800,28.468697,1.337513,2.251908,-3.027291,0
2025-06-09,sz.301327,48.1700000000,49.1800000000,48.1600000000,48.5400000000,48.2600000000,1326249,64530732.6500,2,2.754500,1,0.580200,28.633870,1.345273,2.264973,-3.044856,0
2025-06-10,sz.301327,48.7400000000,49.0700000000,47.3000000000,47.4800000000,48.5400000000,1499684,72134798.5600,2,3.114700,1,-2.183800,28.008573,1.315895,2.215512,-2.978363,0
2025-06-11,sz.301327,47.7100000000,48.4800000000,47.7100000000,47.9600000000,47.4800000000,961805,46291596.8300,2,1.997600,1,1.011000,28.291727,1.329198,2.237909,-3.008473,0
2025-06-12,sz.301327,48.0000000000,49.8000000000,47.3400000000,49.2300000000,47.9600000000,1919591,93789510.3700,2,3.986800,1,2.648000,29.040903,1.364396,2.297170,-3.088138,0
2025-06-13,sz.301327,49.0600000000,49.6800000000,47.9100000000,48.0000000000,49.2300000000,1157078,56332211.8400,2,2.403100,1,-2.498500,28.315323,1.330307,2.239776,-3.010982,0
2025-06-16,sz.301327,47.8300000000,48.4100000000,47.6300000000,48.0800000000,48.0000000000,877538,42111950.1600,2,1.822500,1,0.166700,28.362515,1.332524,2.243509,-3.016000,0
2025-06-17,sz.301327,48.2200000000,48.3500000000,47.2600000000,47.4600000000,48.0800000000,1223418,58382076.6200,2,2.540900,1,-1.289500,27.996775,1.315341,2.214578,-2.977108,0
2025-06-18,sz.301327,47.4600000000,47.6100000000,46.9800000000,47.3700000000,47.4600000000,625785,29600114.8100,2,1.299700,1,-0.189600,27.943684,1.312846,2.210379,-2.971463,0
2025-06-19,sz.301327,47.6100000000,48.5700000000,47.1100000000,47.8500000000,47.3700000000,1352240,64940663.4400,2,2.808400,1,1.013300,28.226837,1.326150,2.232776,-3.001573,0
2025-06-20,sz.301327,47.6800000000,48.7700000000,47.2100000000,47.3500000000,47.8500000000,1210808,58176726.0000,2,2.514700,1,-1.044900,27.931886,1.312292,2.209445,-2.970208,0
2025-06-23,sz.301327,47.0200000000,48.0500000000,47.0100000000,47.9100000000,47.3500000000,797832,38040245.9600,2,1.657000,1,1.182700,28.262231,1.327812,2.235576,-3.005336,0
2025-06-24,sz.301327,48.1800000000,49.5000000000,47.8600000000,49.2500000000,47.9100000000,2072346,101412353.9000,2,4.304000,1,2.796900,29.052701,1.364950,2.298103,-3.089393,0
2025-06-25,sz.301327,49.2400000000,51.0600000000,49.0100000000,50.6800000000,49.2500000000,1972114,98770101.8800,2,4.095800,1,2.903600,29.896261,1.404582,2.364830,-3.179095,0
2025-06-26,sz.301327,50.6800000000,52.4700000000,50.3400000000,50.6300000000,50.6800000000,1894331,96902072.0300,2,3.934300,1,-0.098700,29.866766,1.403196,2.362497,-3.175959,0
2025-06-27,sz.301327,50.7000000000,52.0800000000,50.2100000000,51.3200000000,50.6300000000,2305990,117710363.6000,2,4.789300,1,1.362800,30.273799,1.422320,2.394694,-3.219242,0
2025-06-30,sz.301327,51.7500000000,51.9800000000,50.8600000000,51.3600000000,51.3200000000,1738869,89251343.8700,2,3.611400,1,0.077900,30.297395,1.423428,2.396560,-3.221751,0
2025-07-01,sz.301327,51.3500000000,51.9400000000,50.5300000000,50.9200000000,51.3600000000,1137177,57975166.5500,2,2.361800,1,-0.856700,30.037838,1.411234,2.376029,-3.194150,0
2025-07-02,sz.301327,50.6000000000,51.1100000000,50.3600000000,50.6800000000,50.9200000000,927993,46981397.1200,2,1.927300,1,-0.471300,29.896261,1.404582,2.364830,-3.179095,0
2025-07-03,sz.301327,50.6500000000,53.3000000000,50.4800000000,52.0400000000,50.6800000000,2957068,154184446.0200,2,6.141500,1,2.683500,30.698529,1.442274,2.428290,-3.264406,0
2025-07-04,sz.301327,51.7500000000,51.9600000000,50.6000000000,50.7200000000,52.0400000000,1521642,77743427.3800,2,3.160300,1,-2.536500,29.919858,1.405691,2.366696,-3.181604,0
2025-07-07,sz.301327,50.7500000000,50.9900000000,50.0500000000,50.8300000000,50.7200000000,989555,49933213.3700,2,2.055200,1,0.216900,29.984747,1.408739,2.371829,-3.188504,0
2025-07-08,sz.301327,50.7000000000,55.1500000000,50.7000000000,53.4800000000,50.8300000000,3778851,201287976.0000,2,7.848200,1,5.213500,31.547989,1.482183,2.495484,-3.354736,0
2025-07-09,sz.301327,53.0700000000,53.9700000000,52.8500000000,53.1200000000,53.4800000000,1803074,96196218.3100,2,3.744800,1,-0.673100,31.335624,1.472206,2.478685,-3.332153,0
2025-07-10,sz.301327,52.7800000000,53.4200000000,52.5500000000,53.0900000000,53.1200000000,1589452,84272945.4600,2,3.301100,1,-0.056500,31.317927,1.471375,2.477285,-3.330272,0
2025-07-11,sz.301327,53.0500000000,54.0000000000,52.6100000000,53.0600000000,53.0900000000,1735833,92278288.7200,2,3.605100,1,-0.056500,31.300230,1.470543,2.475885,-3.328390,0
2025-07-14,sz.301327,53.0300000000,54.2600000000,52.8000000000,53.6000000000,53.0600000000,1376377,73736231.9700,2,2.858600,1,1.017700,31.618777,1.485509,2.501083,-3.362263,0
2025-07-15,sz.301327,53.9000000000,54.5600000000,53.0000000000,54.0600000000,53.6000000000,2215063,119263352.3000,2,4.600400,1,0.858200,31.890132,1.498258,2.522547,-3.391118,0
2025-07-16,sz.301327,54.0000000000,54.2500000000,53.3200000000,54.1500000000,54.0600000000,1649911,88704295.6000,2,3.426700,1,0.166500,31.943223,1.500752,2.526747,-3.396764,0
2025-07-17,sz.301327,54.5300000000,57.9300000000,54.4100000000,56.4900000000,54.1500000000,4278737,241762761.6600,2,8.886400,1,4.321300,33.323595,1.565605,2.635936,-3.543549,0
2025-07-18,sz.301327,57.5000000000,59.4800000000,56.6400000000,59.4100000000,56.4900000000,6204132,363011023.1700,2,12.885200,1,5.169100,35.046111,1.646532,2.772189,-3.726717,0
2025-07-21,sz.301327,59.0600000000,59.7800000000,57.8700000000,58.4800000000,59.4100000000,3612487,212044561.1700,2,7.502700,1,-1.565400,34.497501,1.620757,2.728794,-3.668380,0
2025-07-22,sz.301327,58.4800000000,59.5900000000,57.6800000000,58.8100000000,58.4800000000,3370045,198079098.9800,2,6.999200,1,0.564300,34.692169,1.629903,2.744192,-3.689080,0
2025-07-23,sz.301327,58.5700000000,58.7400000000,57.8100000000,57.8100000000,58.8100000000,2269971,132185644.7800,2,4.714500,1,-1.700400,34.102267,1.602188,2.697530,-3.626351,0
2025-07-24,sz.301327,57.4800000000,58.1600000000,56.5800000000,56.9800000000,57.8100000000,3074201,175795315.2600,2,6.384700,1,-1.435700,33.612648,1.579185,2.658800,-3.574287,0
2025-07-25,sz.301327,56.8700000000,57.5000000000,56.6700000000,56.8200000000,56.9800000000,1693617,96559116.3500,2,3.517400,1,-0.280800,33.518263,1.574751,2.651335,-3.564250,0
2025-07-28,sz.301327,56.9000000000,57.2700000000,56.5000000000,57.2200000000,56.8200000000,1571775,89542469.6200,2,3.264400,1,0.704000,33.754224,1.585837,2.669999,-3.589341,0
2025-07-29,sz.301327,57.0300000000,57.6600000000,56.1700000000,56.5800000000,57.2200000000,2199520,124689074.7700,2,4.568100,1,-1.118500,33.376687,1.568099,2.640136,-3.549195,0
2025-07-30,sz.301327,56.3700000000,56.5600000000,54.8500000000,55.3700000000,56.5800000000,1922724,107005601.0800,2,3.993300,1,-2.138600,32.662904,1.534564,2.583675,-3.473293,0
2025-07-31,sz.301327,55.4000000000,55.7300000000,53.5400000000,53.9700000000,55.3700000000,2945400,160494344.2000,2,6.117200,1,-2.528400,31.837041,1.495764,2.518348,-3.385473,0
2025-08-01,sz.301327,53.7500000000,54.7900000000,53.5500000000,54.7000000000,53.9700000000,1793860,97495037.2500,2,3.725600,1,1.352600,32.267670,1.515995,2.552411,-3.431265,0
2025-08-04,sz.301327,54.5300000000,57.4300000000,54.0800000000,56.4400000000,54.7000000000,2879235,161657488.4700,2,5.979800,1,3.181000,33.294100,1.564219,2.633603,-3.540413,0
2025-08-05,sz.301327,56.4400000000,57.7500000000,56.0500000000,57.5200000000,56.4400000000,2347113,133459465.5500,2,4.874700,1,1.913500,33.931195,1.594151,2.683998,-3.608160,0
2025-08-06,sz.301327,57.3900000000,58.4700000000,57.0700000000,57.4600000000,57.5200000000,1621488,93530439.7000,2,3.367600,1,-0.104300,33.895801,1.592488,2.681198,-3.604396,0
2025-08-07,sz.301327,57.4500000000,57.6700000000,56.3000000000,56.5800000000,57.4600000000,1290280,73210080.6600,2,2.679800,1,-1.531500,33.376687,1.568099,2.640136,-3.549195,0
2025-08-08,sz.301327,56.5800000000,56.6600000000,55.6200000000,55.8200000000,56.5800000000,1503025,84135489.5900,2,3.121600,1,-1.343200,32.928361,1.547036,2.604673,-3.501521,0
2025-08-11,sz.301327,56.6200000000,57.4800000000,56.1000000000,57.2200000000,55.8200000000,2031024,115763834.4400,2,4.218200,1,2.508100,33.754224,1.585837,2.669999,-3.589341,0
2025-08-12,sz.301327,57.1800000000,57.2900000000,56.4300000000,57.0000000000,57.2200000000,1292014,73400136.6000,2,2.683400,1,-0.384500,33.624446,1.579739,2.659734,-3.575541,0
2025-08-13,sz.301327,57.0400000000,62.8100000000,57.0400000000,62.0000000000,57.0000000000,6288316,375857163.7600,2,13.060100,1,8.771900,36.573958,1.718313,2.893044,-3.889185,0
2025-08-14,sz.301327,62.3300000000,63.1700000000,61.3800000000,61.3800000000,62.0000000000,4122224,255651006.2300,2,8.561400,1,-1.000000,36.208219,1.701130,2.864113,-3.850293,0
2025-08-15,sz.301327,62.2500000000,64.8000000000,61.7600000000,63.8100000000,61.3800000000,3967990,252564697.0200,2,8.241000,1,3.958900,37.641682,1.768477,2.977502,-4.002724,0
2025-08-18,sz.301327,63.8400000000,63.8400000000,61.7700000000,63.1300000000,63.8100000000,5933198,371485252.2800,2,12.322500,1,-1.065700,37.240548,1.749631,2.945772,-3.960069,0
2025-08-19,sz.301327,62.9100000000,63.2800000000,61.3500000000,61.6700000000,63.1300000000,2434114,150730621.0400,2,5.055400,1,-2.312700,36.379291,1.709167,2.877645,-3.868485,0
2025-08-20,sz.301327,61.4700000000,61.7600000000,60.0500000000,61.1000000000,61.6700000000,3077216,186384412.5400,2,6.391000,1,-0.924300,36.043046,1.693370,2.851048,-3.832729,0
2025-08-21,sz.301327,61.1200000000,61.5500000000,60.4000000000,60.9700000000,61.1000000000,2109485,128489226.3100,2,4.381100,1,-0.212800,35.966359,1.689767,2.844982,-3.824574,0
2025-08-22,sz.301327,61.0800000000,64.1400000000,60.9800000000,62.7300000000,60.9700000000,4318890,270777708.4600,2,8.969800,1,2.886700,37.004587,1.738545,2.927107,-3.934977,0
2025-08-25,sz.301327,60.8400000000,61.2500000000,58.5800000000,59.4500000000,62.7300000000,7941022,474656327.9300,2,16.492500,1,-5.228800,35.835684,1.676078,2.528285,-9.628429,0
2025-08-26,sz.301327,59.4400000000,60.7400000000,58.6800000000,60.1600000000,59.4500000000,3910918,233997294.1600,2,8.122500,1,1.194300,36.263662,1.696095,2.558480,-9.743420,0
2025-08-27,sz.301327,60.1700000000,69.2700000000,60.0100000000,65.2300000000,60.1600000000,9502927,616640355.3400,2,19.736400,1,8.427500,39.319792,1.839034,2.774097,-10.564549,0
2025-08-28,sz.301327,65.2600000000,65.9800000000,63.2800000000,64.6500000000,65.2300000000,4388382,283659938.5200,2,9.114100,1,-0.889200,38.970176,1.822682,2.749430,-10.470613,0
2025-08-29,sz.301327,64.9800000000,67.2800000000,64.7700000000,66.5200000000,64.6500000000,4745119,313565204.2600,2,9.855000,1,2.892500,40.097387,1.875403,2.828958,-10.773475,0
2025-09-01,sz.301327,66.1100000000,66.6500000000,64.8000000000,66.1600000000,66.5200000000,4058398,266582548.7400,2,8.428800,1,-0.541200,39.880384,1.865254,2.813648,-10.715170,0
2025-09-02,sz.301327,65.5800000000,66.0800000000,63.0800000000,64.3300000000,66.1600000000,3106571,199153833.4500,2,6.452000,1,-2.766000,38.777284,1.813660,2.735821,-10.418786,0
2025-09-03,sz.301327,64.5100000000,69.0000000000,64.2800000000,67.4100000000,64.3300000000,6143613,414936262.7600,2,12.759500,1,4.787800,40.633868,1.900495,2.866807,-10.917618,0
2025-09-04,sz.301327,69.0000000000,70.4600000000,66.0800000000,66.9300000000,67.4100000000,4195048,285010835.6000,2,8.712600,1,-0.712100,40.344530,1.886962,2.846394,-10.839878,0
2025-09-05,sz.301327,66.9500000000,72.6700000000,66.4300000000,72.3100000000,66.9300000000,8171967,579469445.4200,2,16.972200,1,8.038200,43.587524,2.038641,3.075194,-11.711215,0
2025-09-08,sz.301327,72.3100000000,72.3300000000,69.4000000000,69.7200000000,72.3100000000,5454452,381906720.2000,2,11.328200,1,-3.581800,42.026305,1.965621,2.965047,-11.291742,0
2025-09-09,sz.301327,69.3800000000,70.3000000000,67.2800000000,67.5500000000,69.7200000000,3411885,233632799.8000,2,7.086100,1,-3.112400,40.718258,1.904442,2.872761,-10.940292,0
2025-09-10,sz.301327,66.7800000000,67.9600000000,66.1100000000,67.9000000000,67.5500000000,2605641,174952845.3800,2,5.411600,1,0.518100,40.929233,1.914310,2.887646,-10.996978,0
2025-09-11,sz.301327,67.5800000000,68.1100000000,66.3500000000,67.8800000000,67.9000000000,2190588,147637594.1400,2,4.549600,1,-0.029500,40.917178,1.913746,2.886796,-10.993739,0
2025-09-12,sz.301327,68.0000000000,68.5900000000,65.4200000000,65.5000000000,67.8800000000,3548261,235196199.1700,2,7.369300,1,-3.506200,39.482545,1.846646,2.785579,-10.608278,0
2025-09-15,sz.301327,66.4000000000,69.9900000000,66.3000000000,68.9300000000,65.5000000000,4889695,335811884.2300,2,10.155300,1,5.236600,41.550104,1.943349,2.931450,-11.163795,0
2025-09-16,sz.301327,68.7700000000,68.8900000000,66.9100000000,68.2300000000,68.9300000000,2644884,179443299.9200,2,5.493100,1,-1.015500,41.128153,1.923613,2.901680,-11.050424,0
2025-09-17,sz.301327,67.9700000000,73.5800000000,67.2200000000,72.4900000000,68.2300000000,4517586,322157553.8000,2,9.382500,1,6.243600,43.696025,2.043716,3.082849,-11.740367,0
2025-09-18,sz.301327,71.5800000000,72.4800000000,68.6500000000,69.7500000000,72.4900000000,3243087,230029819.1600,2,6.735500,1,-3.779800,42.044389,1.966467,2.966323,-11.296601,0
2025-09-19,sz.301327,69.8100000000,70.3500000000,68.4800000000,68.5000000000,69.7500000000,1900710,131716331.8000,2,2.491600,1,-1.792100,41.290905,1.931226,2.913163,-11.094153,0
2025-09-22,sz.301327,68.5000000000,70.8700000000,68.0000000000,69.5800000000,68.5000000000,1584749,110286025.0400,2,2.077500,1,1.576600,41.941915,1.961674,2.959093,-11.269068,0
2025-09-23,sz.301327,69.5800000000,69.5800000000,65.5000000000,66.7900000000,69.5800000000,2865515,191901896.2800,2,3.756400,1,-4.009800,40.260140,1.883015,2.840440,-10.817204,0
2025-09-24,sz.301327,66.4700000000,72.2200000000,66.0200000000,71.8300000000,66.7900000000,4511191,317708291.5600,2,5.913700,1,7.546000,43.298186,2.025108,3.054781,-11.633475,0
2025-09-25,sz.301327,72.1100000000,73.9000000000,71.0700000000,72.7800000000,71.8300000000,3267595,237547577.8700,2,4.283500,1,1.322600,43.870834,2.051892,3.095182,-11.787335,0
2025-09-26,sz.301327,72.4100000000,77.9000000000,72.4000000000,74.0000000000,72.7800000000,3756600,283581726.0100,2,4.924500,1,1.676300,44.606234,2.086287,3.147067,-11.984924,0
2025-09-29,sz.301327,75.1300000000,77.7700000000,74.3800000000,76.8900000000,74.0000000000,3193444,243478337.6400,2,4.186300,1,3.905400,46.348288,2.167765,3.269972,-12.452984,0
2025-09-30,sz.301327,77.2000000000,77.2000000000,74.8000000000,75.4600000000,76.8900000000,2430372,184293790.5000,2,3.186000,1,-1.859800,45.486303,2.127449,3.209157,-12.221384,0
2025-10-09,sz.301327,78.7600000000,78.8000000000,74.6600000000,75.2600000000,75.4600000000,2411606,183596541.7700,2,3.161400,1,-0.265000,45.365745,2.121811,3.200652,-12.188992,0
2025-10-10,sz.301327,74.9000000000,75.9500000000,73.0000000000,73.1300000000,75.2600000000,1958251,144828286.3000,2,2.567100,1,-2.830200,44.081809,2.061759,3.110067,-11.844021,0
2025-10-13,sz.301327,67.9200000000,73.2900000000,67.0000000000,72.8600000000,73.1300000000,2799156,199518121.9600,2,3.669400,1,-0.369200,43.919057,2.054147,3.098585,-11.800292,0
2025-10-14,sz.301327,73.1000000000,73.3500000000,68.5000000000,68.7400000000,72.8600000000,2359855,166628723.3600,2,3.093500,1,-5.654700,41.435574,1.937992,2.923370,-11.133023,0
2025-10-15,sz.301327,70.0000000000,71.2300000000,68.5000000000,70.6800000000,68.7400000000,1442847,100961433.9600,2,1.891400,1,2.822200,42.604981,1.992686,3.005874,-11.447222,0
2025-10-16,sz.301327,70.3500000000,70.4900000000,67.4400000000,67.6800000000,70.6800000000,2126493,145826264.1200,2,2.787600,1,-4.244500,40.796620,1.908107,2.878290,-10.961347,0
2025-10-17,sz.301327,67.6600000000,67.8000000000,64.7100000000,64.9200000000,67.6800000000,2186289,143774164.5300,2,2.866000,1,-4.078000,39.132928,1.830294,2.760913,-10.514342,0
2025-10-20,sz.301327,65.8300000000,66.2000000000,63.6700000000,63.9000000000,64.9200000000,2293048,148776772.5200,2,3.006000,1,-1.571200,38.518086,1.801537,2.717534,-10.349144,0
2025-10-21,sz.301327,64.2400000000,64.8000000000,63.6100000000,63.9300000000,63.9000000000,1766738,113416051.7300,2,2.316000,1,0.046900,38.536169,1.802383,2.718810,-10.354003,0
2025-10-22,sz.301327,63.7600000000,64.0000000000,62.6200000000,63.0800000000,63.9300000000,1485380,94011451.8000,2,1.947200,1,-1.329600,38.023800,1.778419,2.682662,-10.216338,0
2025-10-23,sz.301327,63.0800000000,63.5600000000,61.4700000000,63.5000000000,63.0800000000,1858730,116107583.6400,2,2.436600,1,0.665800,38.276971,1.790260,2.700523,-10.284361,0
2025-10-24,sz.301327,63.9700000000,66.6500000000,63.5200000000,65.8100000000,63.5000000000,2113095,138464536.5700,2,2.770100,1,3.637800,39.669409,1.855386,2.798763,-10.658485,0
2025-10-27,sz.301327,66.6400000000,67.3000000000,65.4300000000,66.8400000000,65.8100000000,2026032,134402361.8000,2,2.655900,1,1.565100,40.290279,1.884425,2.842567,-10.825302,0
2025-10-28,sz.301327,67.5100000000,68.6800000000,66.6000000000,66.7900000000,66.8400000000,2186151,147366838.9500,2,2.865800,1,-0.074800,40.260140,1.883015,2.840440,-10.817204,0
2025-10-29,sz.301327,63.0000000000,65.3800000000,62.0000000000,64.8600000000,66.7900000000,4419933,282462064.2800,2,5.794100,1,-2.889700,50.807516,1.824060,2.561886,8.503074,0
2025-10-30,sz.301327,64.5400000000,64.9100000000,59.6300000000,60.0500000000,64.8600000000,5364203,329272796.0600,2,7.031900,1,-7.416000,47.039644,1.688789,2.371897,7.872488,0
2025-10-31,sz.301327,60.2000000000,63.0000000000,60.2000000000,61.1200000000,60.0500000000,3429353,211870804.8700,2,4.495500,1,1.781800,47.877820,1.718880,2.414161,8.012764,0
2025-11-03,sz.301327,61.4900000000,61.9500000000,59.6100000000,61.1500000000,61.1200000000,2252469,136249962.8200,2,2.952800,1,0.049100,47.901320,1.719724,2.415346,8.016697,0
2025-11-04,sz.301327,60.6200000000,61.9700000000,60.1100000000,60.8600000000,61.1500000000,1881203,114269363.6000,2,2.466100,1,-0.474200,47.674151,1.711568,2.403891,7.978678,0
2025-11-05,sz.301327,60.5000000000,62.5300000000,60.0000000000,61.6900000000,60.8600000000,2438891,149475581.8100,2,3.197100,1,1.363800,48.324324,1.734910,2.436675,8.087490,0
2025-11-06,sz.301327,61.5500000000,63.9600000000,61.5500000000,62.3300000000,61.6900000000,2001884,125674767.6800,2,2.624300,1,1.037400,48.825663,1.752909,2.461954,8.171393,0
2025-11-07,sz.301327,62.2000000000,64.0400000000,61.3100000000,62.8000000000,62.3300000000,2575237,161642346.4100,2,3.375900,1,0.754100,49.193833,1.766127,2.480519,8.233010,0
2025-11-10,sz.301327,63.4900000000,63.8900000000,61.7300000000,62.8500000000,62.8000000000,2273148,142186550.5000,2,2.979900,1,0.079600,49.233000,1.767533,2.482493,8.239565,0
2025-11-11,sz.301327,62.8500000000,63.8700000000,62.4200000000,63.0000000000,62.8500000000,1740133,109857093.4500,2,2.281100,1,0.238700,49.350501,1.771752,2.488418,8.259230,0
2025-11-12,sz.301327,62.6900000000,63.1400000000,61.5100000000,62.6900000000,63.0000000000,2075609,129364577.2600,2,2.720900,1,-0.492100,49.107665,1.763033,2.476174,8.218589,0
2025-11-13,sz.301327,62.4500000000,63.9900000000,62.1100000000,63.0400000000,62.6900000000,3384639,213737232.9500,2,4.436900,1,0.558300,49.381835,1.772876,2.489998,8.264474,0
2025-11-14,sz.301327,62.6000000000,63.7800000000,62.1600000000,62.4300000000,63.0400000000,2003155,126047450.0400,2,2.625900,1,-0.967600,48.903997,1.755721,2.465904,8.184503,0
2025-11-17,sz.301327,62.1600000000,62.2400000000,60.5300000000,60.8800000000,62.4300000000,2443173,149253495.9900,2,3.202800,1,-2.482800,47.689818,1.712131,2.404681,7.981300,0
2025-11-18,sz.301327,60.5300000000,61.2200000000,59.0600000000,59.3400000000,60.8800000000,1943928,116286963.4400,2,2.548300,1,-2.529600,46.483472,1.668821,2.343853,7.779408,0
2025-11-19,sz.301327,59.5500000000,60.5300000000,58.3800000000,58.4500000000,59.3400000000,1408050,83317452.9600,2,1.845800,1,-1.499800,45.786298,1.643792,2.308699,7.662730,0
2025-11-20,sz.301327,58.8800000000,59.0200000000,57.2000000000,57.5000000000,58.4500000000,1452786,84123134.3800,2,1.904500,1,-1.625300,45.042124,1.617075,2.271175,7.538186,0
2025-11-21,sz.301327,57.0600000000,57.3400000000,54.3000000000,55.0800000000,57.5000000000,2427747,134706925.9700,2,3.182500,1,-4.208700,43.146438,1.549017,2.175589,7.220927,0
2025-11-24,sz.301327,55.9200000000,56.4900000000,55.0900000000,55.9500000000,55.0800000000,1212497,67813794.4300,2,1.589500,1,1.579500,43.827945,1.573484,2.209952,7.334983,0
2025-11-25,sz.301327,56.4600000000,56.6600000000,56.0100000000,56.4100000000,55.9500000000,1122150,63218432.0900,2,1.471000,1,0.822200,44.188282,1.586421,2.228122,7.395288,0
2025-11-26,sz.301327,56.3700000000,56.5500000000,55.8500000000,56.0000000000,56.4100000000,816332,45892761.8700,2,1.070100,1,-0.726800,43.867112,1.574890,2.211927,7.341538,0
2025-11-27,sz.301327,55.8500000000,57.2500000000,55.7800000000,56.6800000000,56.0000000000,1318271,74862700.3200,2,1.728100,1,1.214300,44.399784,1.594014,2.238786,7.430685,0
2025-11-28,sz.301327,56.6200000000,57.4900000000,56.5000000000,57.1500000000,56.6800000000,924708,52727099.0100,2,1.212200,1,0.829200,44.767955,1.607232,2.257351,7.492301,0
2025-12-01,sz.301327,57.2600000000,57.4500000000,56.5100000000,57.2000000000,57.1500000000,1081095,61542858.9300,2,1.417200,1,0.087500,44.807122,1.608638,2.259326,7.498856,0
2025-12-02,sz.301327,57.0000000000,57.0600000000,56.2200000000,56.6000000000,57.2000000000,649574,36726762.7200,2,0.851500,1,-1.049000,44.337117,1.591764,2.235627,7.420197,0
2025-12-03,sz.301327,56.6500000000,56.9400000000,55.6700000000,55.9500000000,56.6000000000,858463,48331728.3400,2,1.125400,1,-1.148400,43.827945,1.573484,2.209952,7.334983,0
2025-12-04,sz.301327,56.0900000000,56.0900000000,54.9000000000,55.3800000000,55.9500000000,899314,49761563.9200,2,1.178900,1,-1.018800,43.381441,1.557454,2.187438,7.260256,0
2025-12-05,sz.301327,55.4000000000,55.9100000000,54.8800000000,55.9100000000,55.3800000000,769877,42685004.4000,2,1.009200,1,0.957000,43.796611,1.572359,2.208372,7.329739,0
2025-12-08,sz.301327,55.9400000000,56.5300000000,55.7700000000,56.3600000000,55.9100000000,873050,49112155.9200,2,1.144500,1,0.804900,44.149115,1.585015,2.226147,7.388733,0
2025-12-09,sz.301327,56.4700000000,56.9400000000,56.0800000000,56.5000000000,56.3600000000,989722,55936630.8300,2,1.297400,1,0.248400,44.258783,1.588952,2.231677,7.407087,0
2025-12-10,sz.301327,55.8400000000,56.4600000000,55.6000000000,56.1100000000,56.5000000000,721818,40448496.1400,2,0.946200,1,-0.690300,43.953280,1.577984,2.216272,7.355958,0
2025-12-11,sz.301327,56.4300000000,56.5000000000,54.8800000000,55.0100000000,56.1100000000,1145720,63527817.9400,2,1.501900,1,-1.960400,43.091604,1.547048,2.172824,7.211750,0
2025-12-12,sz.301327,54.9100000000,55.7800000000,54.7600000000,55.4000000000,55.0100000000,771144,42724820.0100,2,1.010900,1,0.709000,43.397107,1.558016,2.188228,7.262878,0
2025-12-15,sz.301327,55.2600000000,55.8800000000,55.0500000000,55.2700000000,55.4000000000,703450,39054366.4500,2,0.922200,1,-0.234700,43.295273,1.554360,2.183093,7.245835,0
2025-12-16,sz.301327,55.0000000000,55.2500000000,53.8200000000,54.0800000000,55.2700000000,836331,45358593.5700,2,1.096300,1,-2.153100,42.363097,1.520894,2.136090,7.089828,0
2025-12-17,sz.301327,55.5000000000,55.8700000000,54.5000000000,55.3300000000,54.0800000000,1238037,68271593.6100,2,1.622900,1,2.311400,43.342273,1.556048,2.185463,7.253701,0
2025-12-18,sz.301327,54.9000000000,56.5300000000,54.7400000000,55.5000000000,55.3300000000,1375981,77009386.1500,2,1.803800,1,0.307200,43.475442,1.560829,2.192178,7.275988,0
2025-12-19,sz.301327,55.5500000000,56.9400000000,55.5500000000,56.4800000000,55.5000000000,1281874,72312490.5000,2,1.680400,1,1.765800,44.243116,1.588389,2.230887,7.404465,0
2025-12-22,sz.301327,56.5000000000,57.1100000000,56.1200000000,56.5000000000,56.4800000000,1165195,66056258.4500,2,1.527500,1,0.035400,44.258783,1.588952,2.231677,7.407087,0
2025-12-23,sz.301327,56.5100000000,57.8500000000,56.3000000000,57.1400000000,56.5000000000,1468294,83957134.7200,2,1.924800,1,1.132700,44.760121,1.606951,2.256956,7.490990,0
2025-12-24,sz.301327,57.1600000000,57.5900000000,56.7800000000,57.1500000000,57.1400000000,1115665,63744072.4700,2,1.462500,1,0.017500,44.767955,1.607232,2.257351,7.492301,0
2025-12-25,sz.301327,57.1100000000,57.3600000000,56.3600000000,57.2900000000,57.1500000000,1161510,66056911.7000,2,1.522600,1,0.245000,44.877622,1.611169,2.262881,7.510655,0
2025-12-26,sz.301327,57.2700000000,63.6600000000,57.0700000000,60.2500000000,57.2900000000,6020423,366938682.1700,2,7.892200,1,5.166700,47.196313,1.694413,2.379797,7.898708,0
2025-12-29,sz.301327,58.7900000000,59.9900000000,58.0900000000,58.7500000000,60.2500000000,4494517,264056675.8900,2,5.891900,1,-2.489600,46.021301,1.652229,2.320549,7.702059,0
2025-12-30,sz.301327,58.0000000000,59.5800000000,57.5000000000,58.7500000000,58.7500000000,2651611,155275011.3900,2,3.476000,1,0.000000,46.021301,1.652229,2.320549,7.702059,0
2025-12-31,sz.301327,58.7800000000,59.0000000000,57.5500000000,57.6700000000,58.7500000000,1814609,104922463.3700,2,2.378800,1,-1.838300,45.175292,1.621856,2.277890,7.560473,0
2026-01-05,sz.301327,58.1000000000,59.5200000000,57.5700000000,59.3300000000,57.6700000000,2486060,146216824.3900,2,3.259000,1,2.878400,46.475639,1.668540,2.343458,7.778097,0
2026-01-06,sz.301327,59.4900000000,61.5900000000,58.8700000000,60.9600000000,59.3300000000,3170810,190978536.9500,2,4.156600,1,2.747300,47.752485,1.714381,2.407841,7.991788,0
2026-01-07,sz.301327,60.1800000000,60.8800000000,59.9400000000,60.4700000000,60.9600000000,2423078,146264716.0400,2,3.176400,1,-0.803800,47.368648,1.700600,2.388487,7.927550,0
2026-01-08,sz.301327,60.0000000000,60.7700000000,59.7900000000,60.4000000000,60.4700000000,1779593,107191056.8300,2,2.332900,1,-0.115800,47.313814,1.698632,2.385722,7.918373,0
2026-01-09,sz.301327,61.8800000000,65.8900000000,60.5500000000,64.0100000000,60.4000000000,5841733,372609675.8300,2,7.657900,1,5.976800,50.141676,1.800156,2.528312,8.391640,0
2026-01-12,sz.301327,64.0000000000,64.4600000000,62.2000000000,63.5700000000,64.0100000000,4050139,255014643.0600,2,5.309300,1,-0.687400,49.797006,1.787782,2.510933,8.333956,0
2026-01-13,sz.301327,63.4000000000,63.5700000000,62.4100000000,62.8700000000,63.5700000000,2322877,146083601.9800,2,3.045100,1,-1.101100,49.248667,1.768096,2.483283,8.242187,0
2026-01-14,sz.301327,62.4000000000,63.9200000000,61.3000000000,62.0800000000,62.8700000000,3277750,205410305.9000,2,4.296800,1,-1.256600,48.629827,1.745878,2.452079,8.138619,0
2026-01-15,sz.301327,61.8000000000,63.2000000000,61.3100000000,62.3000000000,62.0800000000,1649407,103191900.4000,2,2.162200,1,0.354400,48.802162,1.752065,2.460769,8.167460,0
2026-01-16,sz.301327,62.6700000000,63.5700000000,62.3000000000,62.9900000000,62.3000000000,2315290,146124776.9500,2,3.035100,1,1.107500,49.342668,1.771470,2.488023,8.257919,0
2026-01-19,sz.301327,62.7100000000,63.3800000000,62.4100000000,62.5900000000,62.9900000000,1446790,90865648.1600,2,1.896600,1,-0.635000,49.029331,1.760221,2.472224,8.205479,0
2026-01-20,sz.301327,62.5900000000,62.8700000000,60.6100000000,61.1200000000,62.5900000000,1841452,113093610.2300,2,2.414000,1,-2.348600,47.877820,1.718880,2.414161,8.012764,0
2026-01-21,sz.301327,61.0100000000,62.0400000000,60.8300000000,61.4400000000,61.1200000000,1313477,80860601.7900,2,1.721800,1,0.523600,48.128489,1.727880,2.426800,8.054715,0
2026-01-22,sz.301327,61.5000000000,61.9000000000,60.7200000000,60.8500000000,61.4400000000,1484226,90725055.2100,2,1.945700,1,-0.960300,47.666317,1.711287,2.403496,7.977367,0
2026-01-23,sz.301327,60.8800000000,64.3800000000,60.8800000000,64.1400000000,60.8500000000,4319699,273631397.6500,2,5.662700,1,5.406700,50.243510,1.803812,2.533447,8.408682,0
2026-01-26,sz.301327,64.2300000000,64.5800000000,62.1000000000,62.2900000000,64.1400000000,3027241,191117455.5200,2,3.968400,1,-2.884300,48.794329,1.751784,2.460374,8.166149,0
2026-01-27,sz.301327,62.2900000000,62.5200000000,59.6500000000,62.3800000000,62.2900000000,2402591,146774235.3900,2,3.149600,1,0.144500,48.864830,1.754315,2.463929,8.177948,0
2026-01-28,sz.301327,61.8900000000,62.3000000000,60.8000000000,60.9000000000,62.3800000000,1441529,88240425.1700,2,1.889700,1,-2.372600,47.705484,1.712693,2.405471,7.983922,0
2026-01-29,sz.301327,60.8000000000,61.2000000000,59.3800000000,59.3900000000,60.9000000000,1896367,114128203.3400,2,2.486000,1,-2.479500,46.522639,1.670227,2.345828,7.785963,0
2026-01-30,sz.301327,59.3900000000,60.0800000000,57.8500000000,58.7000000000,59.3900000000,1371850,80751143.5000,2,1.798400,1,-1.161800,45.982134,1.650823,2.318574,7.695504,0
2026-02-02,sz.301327,55.8500000000,57.4300000000,55.3600000000,56.3300000000,58.7000000000,3006311,169209729.8000,2,3.941000,1,-4.037500,44.125615,1.584171,2.224962,7.384800,0
2026-02-03,sz.301327,56.6700000000,60.0600000000,56.5700000000,59.5800000000,56.3300000000,2966355,173470667.9300,2,3.888600,1,5.769600,46.671474,1.675571,2.353333,7.810872,0
2026-02-04,sz.301327,58.8700000000,59.7700000000,57.6200000000,58.3600000000,59.5800000000,2478897,144641621.2600,2,3.249600,1,-2.047700,45.715798,1.641261,2.305144,7.650931,0
2026-02-05,sz.301327,58.0400000000,58.7000000000,56.1000000000,56.5500000000,58.3600000000,2007164,113860926.1500,2,2.631200,1,-3.101400,44.297950,1.590358,2.233652,7.413642,0
2026-02-06,sz.301327,56.2200000000,57.2700000000,55.5600000000,56.9000000000,56.5500000000,1204375,68159035.9100,2,1.578800,1,0.618900,44.572119,1.600201,2.247476,7.459526,0
2026-02-09,sz.301327,57.6700000000,58.8500000000,57.0100000000,58.0000000000,56.9000000000,1680312,97589663.4400,2,2.202700,1,1.933200,45.433795,1.631136,2.290925,7.603735,0
2026-02-10,sz.301327,58.0000000000,59.9500000000,57.3400000000,57.8900000000,58.0000000000,2401734,140585406.7900,2,3.148400,1,-0.189700,45.347627,1.628043,2.286580,7.589314,0
2026-02-11,sz.301327,57.8000000000,57.9800000000,57.3000000000,57.3400000000,57.8900000000,1221707,70320213.2600,2,1.601500,1,-0.950100,44.916789,1.612575,2.264856,7.517210,0
2026-02-12,sz.301327,57.2700000000,57.6400000000,56.8000000000,57.4200000000,57.3400000000,902985,51778219.4600,2,1.183700,1,0.139500,44.979457,1.614825,2.268016,7.527698,0
2026-02-13,sz.301327,57.3000000000,57.6600000000,56.6200000000,56.6400000000,57.4200000000,882081,50481182.1800,2,1.156300,1,-1.358400,44.368451,1.592889,2.237207,7.425441,0
2026-02-24,sz.301327,57.4600000000,57.5700000000,56.6500000000,57.0000000000,56.6400000000,875305,49898330.6000,2,1.147400,1,0.635600,44.650453,1.603013,2.251426,7.472636,0
2026-02-25,sz.301327,57.0000000000,58.0600000000,57.0000000000,57.8900000000,57.0000000000,1412985,81489008.8000,2,1.852300,1,1.561400,45.347627,1.628043,2.286580,7.589314,0
2026-02-26,sz.301327,58.0000000000,58.1700000000,56.7100000000,57.2000000000,57.8900000000,1483602,84679014.8100,2,1.944900,1,-1.191900,44.807122,1.608638,2.259326,7.498856,0
2026-02-27,sz.301327,56.9500000000,57.3700000000,56.7000000000,57.3200000000,57.2000000000,1066068,60827855.4700,2,1.397500,1,0.209800,44.901123,1.612013,2.264066,7.514588,0
2026-03-02,sz.301327,56.7300000000,57.4000000000,55.7000000000,56.0100000000,57.3200000000,1598095,90124527.3000,2,2.094900,1,-2.285400,43.874946,1.575172,2.212322,7.342848,0
2026-03-03,sz.301327,56.5000000000,61.4900000000,56.5000000000,58.6200000000,56.0100000000,6268476,373011170.8200,2,8.217400,1,4.659900,45.919466,1.648573,2.315414,7.685017,0
2026-03-04,sz.301327,58.0100000000,60.8800000000,58.0100000000,58.6600000000,58.6200000000,3843063,228602308.4900,2,5.037900,1,0.068200,45.950800,1.649698,2.316994,7.690261,0
2026-03-05,sz.301327,58.9500000000,59.4800000000,57.5600000000,57.8000000000,58.6600000000,2870969,166974957.1100,2,3.763600,1,-1.466100,45.277126,1.625512,2.283025,7.577515,0
2026-03-06,sz.301327,57.4100000000,59.8600000000,57.3000000000,59.1000000000,57.8000000000,2844885,167565295.7800,2,3.729400,1,2.249100,46.295470,1.662072,2.334373,7.747944,0
2026-03-09,sz.301327,58.7400000000,60.6800000000,58.1600000000,59.8000000000,59.1000000000,4975577,296666299.2500,2,6.522500,1,1.184400,46.843809,1.681758,2.362022,7.839713,0
2026-03-10,sz.301327,59.5400000000,59.8600000000,59.0700000000,59.8300000000,59.8000000000,3059249,182177279.5700,2,4.010400,1,0.050200,46.867309,1.682602,2.363207,7.843646,0
2026-03-11,sz.301327,60.2000000000,64.3800000000,59.4000000000,63.8900000000,59.8300000000,8746215,548522330.8100,2,11.465400,1,6.785900,50.047675,1.796781,2.523572,8.375908,0
2026-03-12,sz.301327,63.8900000000,66.3200000000,63.8900000000,65.5500000000,63.8900000000,7617039,497856204.9100,2,9.985200,1,2.598200,51.348021,1.843465,2.589140,8.593532,0
2026-03-13,sz.301327,64.8800000000,65.8800000000,62.3100000000,62.6700000000,65.5500000000,5588351,355503086.9600,2,7.325800,1,-4.393600,49.091999,1.762471,2.475384,8.215967,0
2026-03-16,sz.301327,62.6000000000,64.2000000000,61.6000000000,61.8700000000,62.6700000000,4433811,278717249.3500,2,5.812300,1,-1.276500,48.465326,1.739973,2.443785,8.111088,0
2026-03-17,sz.301327,61.8700000000,62.7900000000,60.0100000000,60.2000000000,61.8700000000,3202568,196226896.1000,2,4.198300,1,-2.699200,47.157146,1.693007,2.377822,7.892153,0
2026-03-18,sz.301327,60.1000000000,60.7000000000,58.7900000000,59.6200000000,60.2000000000,2669496,158769986.7400,2,3.499400,1,-0.963500,46.702808,1.676696,2.354913,7.816115,0
