date,code,open,high,low,close,preclose,volume,amount,adjustflag,turn,tradestatus,pctChg,peTTM,pbMRQ,psTTM,pcfNcfTTM,isST
2023-06-26,sz.300021,4.8569262400,4.8765106200,4.7296277700,4.7296277700,4.8863028100,10039600,49091348.0000,2,1.432200,1,-3.206400,45.766261,2.206870,1.255513,-11.538507,0
2023-06-27,sz.300021,4.7296277700,4.8079652900,4.7296277700,4.7981731000,4.7296277700,4097700,20017342.0000,2,0.584600,1,1.449300,46.429540,2.238854,1.273709,-11.705732,0
2023-06-28,sz.300021,4.7981731000,4.7981731000,4.6904590100,4.7883809100,4.7981731000,6293799,30474805.1300,2,0.897800,1,-0.204100,46.334786,2.234285,1.271110,-11.681843,0
2023-06-29,sz.300021,4.7687965300,4.8667184300,4.7492121500,4.8569262400,4.7883809100,5670318,27972603.5600,2,0.808900,1,1.431500,46.998065,2.266268,1.289306,-11.849068,0
2023-06-30,sz.300021,4.8569262400,4.8960950000,4.8471340500,4.8667184300,4.8569262400,4497550,22350568.5000,2,0.641600,1,0.201600,47.092877,2.270840,1.291907,-11.872972,0
2023-07-03,sz.300021,4.8863028100,4.9156793800,4.8373418600,4.9156793800,4.8667184300,6046404,30184629.5000,2,0.862500,1,1.006000,47.566649,2.293686,1.304904,-11.992418,0
2023-07-04,sz.300021,4.9254715700,4.9254715700,4.8569262400,4.9058871900,4.9156793800,4600150,22959889.5000,2,0.656200,1,-0.199200,47.471894,2.289117,1.302304,-11.968529,0
2023-07-05,sz.300021,4.8960950000,4.9548481400,4.8765106200,4.9352637600,4.9058871900,6479468,32543821.1900,2,0.924300,1,0.598800,47.756157,2.302824,1.310103,-12.040196,0
2023-07-06,sz.300021,4.9450559500,4.9450559500,4.8765106200,4.8863028100,4.9352637600,4746030,23746827.7000,2,0.677000,1,-0.992100,47.282386,2.279978,1.297106,-11.920750,0
2023-07-07,sz.300021,4.8667184300,4.9450559500,4.8569262400,4.9254715700,4.8863028100,6562150,32898694.5000,2,0.936100,1,0.801600,47.661403,2.298255,1.307503,-12.016307,0
2023-07-10,sz.300021,4.9156793800,5.0625622300,4.8863028100,4.9940169000,4.9254715700,13402957,68000778.8500,2,1.912000,1,1.391700,48.324683,2.330238,1.325699,-12.183532,0
2023-07-11,sz.300021,4.9744325200,5.0233934700,4.9352637600,5.0038090900,4.9940169000,8256550,41938111.5000,2,1.177800,1,0.196100,48.419437,2.334808,1.328298,-12.207421,0
2023-07-12,sz.300021,5.0136012800,5.0331856600,4.9352637600,4.9450559500,5.0038090900,7303769,37101938.3600,2,1.041900,1,-1.174200,47.850911,2.307393,1.312702,-12.064086,0
2023-07-13,sz.300021,4.9450559500,4.9842247100,4.9254715700,4.9646403300,4.9450559500,5410652,27357152.6000,2,0.771900,1,0.396000,48.040420,2.316531,1.317901,-12.111864,0
2023-07-14,sz.300021,4.9646403300,4.9940169000,4.9254715700,4.9744325200,4.9646403300,5421650,27475756.6000,2,0.773400,1,0.197200,48.135174,2.321100,1.320500,-12.135754,0
2023-07-17,sz.300021,4.9646403300,4.9842247100,4.9058871900,4.9842247100,4.9744325200,7517550,37946392.5000,2,1.072400,1,0.196900,48.229928,2.325669,1.323100,-12.159643,0
2023-07-18,sz.300021,4.9842247100,5.0136012800,4.9548481400,4.9842247100,4.9842247100,7073900,36033804.0000,2,1.009100,1,0.000000,48.229928,2.325669,1.323100,-12.159643,0
2023-07-19,sz.300021,5.0038090900,5.0625622300,4.9940169000,5.0429778500,4.9842247100,9089000,46773725.0000,2,1.296600,1,1.178800,48.798454,2.353084,1.338696,-12.302979,0
2023-07-20,sz.300021,5.0429778500,5.0625622300,4.9548481400,4.9548481400,5.0429778500,8087700,41279826.0000,2,1.153800,1,-1.747600,47.945666,2.311962,1.315301,-12.087975,0
2023-07-21,sz.300021,4.9842247100,5.0625622300,4.9744325200,5.0233934700,4.9548481400,9872000,50709178.0000,2,1.408300,1,1.383400,48.388676,2.333324,1.327455,-12.199666,0
2023-07-24,sz.300021,5.0331856600,5.0527700400,4.9450559500,4.9646403300,5.0233934700,8458600,42993852.0000,2,1.206700,1,-1.169600,47.822726,2.306034,1.311929,-12.056980,0
2023-07-25,sz.300021,4.9744325200,5.0136012800,4.9646403300,5.0038090900,4.9646403300,6388082,32577572.2000,2,0.911300,1,0.789000,48.200026,2.324227,1.322279,-12.152104,0
2023-07-26,sz.300021,5.0038090900,5.1115231800,4.9940169000,5.0919388000,5.0038090900,16141220,83476554.5500,2,2.302600,1,1.761300,49.048950,2.365163,1.345568,-12.366133,0
2023-07-27,sz.300021,5.0625622300,5.1017309900,5.0331856600,5.0625622300,5.0919388000,8596675,44412677.2500,2,1.226400,1,-0.576900,48.765975,2.351518,1.337805,-12.294790,0
2023-07-28,sz.300021,5.0429778500,5.1800685100,5.0331856600,5.1017309900,5.0625622300,14628600,76442988.9700,2,2.086800,1,0.773700,49.143275,2.369711,1.348156,-12.389914,0
2023-07-31,sz.300021,5.0821466100,5.2388216500,5.0821466100,5.2388216500,5.1017309900,16217686,85777578.8800,2,2.313500,1,2.687100,50.463824,2.433389,1.384382,-12.722848,0
2023-08-01,sz.300021,5.2094450800,5.2290294600,5.0821466100,5.1408997500,5.2388216500,14290039,74922631.3600,2,2.038500,1,-1.869200,49.520575,2.387905,1.358506,-12.485038,0
2023-08-02,sz.300021,5.1311075600,5.1311075600,5.0625622300,5.0821466100,5.1408997500,9484802,49241585.3600,2,1.353100,1,-1.142900,48.954625,2.360615,1.342980,-12.342352,0
2023-08-03,sz.300021,5.0625622300,5.1115231800,5.0429778500,5.0821466100,5.0821466100,5843850,30248300.0000,2,0.833700,1,0.000000,48.954625,2.360615,1.342980,-12.342352,0
2023-08-04,sz.300021,5.1017309900,5.1213153700,5.0136012800,5.0233934700,5.0821466100,10319850,53260556.5000,2,1.472200,1,-1.156100,48.388676,2.333324,1.327455,-12.199666,0
2023-08-07,sz.300021,5.0233934700,5.1115231800,5.0038090900,5.0821466100,5.0233934700,10060403,52060190.5700,2,1.435200,1,1.169600,48.954625,2.360615,1.342980,-12.342352,0
2023-08-08,sz.300021,5.0723544200,5.1017309900,5.0331856600,5.0429778500,5.0821466100,5454905,28195085.8500,2,0.778200,1,-0.770700,48.577326,2.342421,1.332630,-12.247228,0
2023-08-09,sz.300021,5.1311075600,5.3269513600,5.1213153700,5.1800685100,5.0429778500,38555986,206134095.6800,2,5.500200,1,2.718400,49.897874,2.406098,1.368857,-12.580162,0
2023-08-10,sz.300021,5.1506919400,5.2584060300,5.0723544200,5.0821466100,5.1800685100,23173958,121664933.6100,2,3.305900,1,-1.890400,48.954625,2.360615,1.342980,-12.342352,0
2023-08-11,sz.300021,5.1115231800,5.1213153700,4.9254715700,4.9352637600,5.0821466100,15635300,79868900.0000,2,2.230500,1,-2.890200,47.539752,2.292389,1.304166,-11.985637,0
2023-08-14,sz.300021,4.8960950000,4.9548481400,4.8667184300,4.9254715700,4.9352637600,7064830,35447664.3500,2,1.007800,1,-0.198400,47.445427,2.287840,1.301578,-11.961856,0
2023-08-15,sz.300021,4.9352637600,4.9352637600,4.8471340500,4.8863028100,4.9254715700,6436250,32120389.0000,2,0.918200,1,-0.795200,47.068127,2.269647,1.291228,-11.866732,0
2023-08-16,sz.300021,4.8765106200,4.8960950000,4.8275496700,4.8373418600,4.8863028100,4379600,21731535.9700,2,0.624800,1,-1.002000,46.596503,2.246905,1.278290,-11.747826,0
2023-08-17,sz.300021,4.8177574800,4.9352637600,4.7687965300,4.9254715700,4.8373418600,6865406,34034423.3100,2,0.979400,1,1.821900,47.445427,2.287840,1.301578,-11.961856,0
2023-08-18,sz.300021,4.9254715700,5.0429778500,4.8960950000,4.9352637600,4.9254715700,9523833,48379883.4700,2,1.358600,1,0.198800,47.539752,2.292389,1.304166,-11.985637,0
2023-08-21,sz.300021,4.9352637600,4.9940169000,4.9254715700,4.9254715700,4.9352637600,5701902,28819337.0800,2,0.813400,1,-0.198400,47.445427,2.287840,1.301578,-11.961856,0
2023-08-22,sz.300021,4.9254715700,4.9548481400,4.8373418600,4.9058871900,4.9254715700,8403300,41864280.0000,2,1.198800,1,-0.397600,48.158594,2.383189,1.373047,82.592490,0
2023-08-23,sz.300021,4.9156793800,4.9450559500,4.8765106200,4.9352637600,4.9058871900,6343303,31858565.0900,2,0.904900,1,0.598800,48.446969,2.397459,1.381269,83.087056,0
2023-08-24,sz.300021,4.9352637600,4.9450559500,4.7883809100,4.8471340500,4.9352637600,10042850,49639481.0000,2,1.432700,1,-1.785700,47.581844,2.354647,1.356604,81.603359,0
2023-08-25,sz.300021,4.8275496700,5.0331856600,4.8275496700,4.8863028100,4.8471340500,14649058,74019247.3100,2,2.089800,1,0.808100,47.966344,2.373675,1.367566,82.262780,0
2023-08-28,sz.300021,5.0723544200,5.1996528900,5.0136012800,5.0527700400,4.8863028100,31773381,165521326.3500,2,4.532600,1,3.406800,49.600468,2.454542,1.414157,85.065319,0
2023-08-29,sz.300021,5.0527700400,5.1408997500,5.0331856600,5.0821466100,5.0527700400,11714800,60750164.0000,2,1.671200,1,0.581400,49.888843,2.468812,1.422379,85.559885,0
2023-08-30,sz.300021,5.0625622300,5.1311075600,5.0136012800,5.0233934700,5.0821466100,9145100,47223974.0000,2,1.304600,1,-1.156100,49.312093,2.440271,1.405935,84.570754,0
2023-08-31,sz.300021,5.0331856600,5.0429778500,4.9156793800,4.9352637600,5.0233934700,9350500,47327045.0000,2,1.333900,1,-1.754400,48.446969,2.397459,1.381269,83.087056,0
2023-09-01,sz.300021,4.9450559500,4.9450559500,4.8667184300,4.8863028100,4.9352637600,8839962,44143020.7600,2,1.261100,1,-0.992100,47.966344,2.373675,1.367566,82.262780,0
2023-09-04,sz.300021,4.9058871900,4.9352637600,4.8863028100,4.9156793800,4.8863028100,6676700,33492993.0000,2,0.952500,1,0.601200,48.254719,2.387945,1.375788,82.757346,0
2023-09-05,sz.300021,4.9058871900,4.9254715700,4.8373418600,4.8569262400,4.9156793800,8244900,40955058.0000,2,1.176200,1,-1.195200,47.677969,2.359404,1.359344,81.768214,0
2023-09-06,sz.300021,4.8471340500,4.8765106200,4.8177574800,4.8765106200,4.8569262400,5484900,27183820.5000,2,0.782400,1,0.403200,47.870219,2.368918,1.364826,82.097924,0
2023-09-07,sz.300021,4.8569262400,4.8765106200,4.7785887200,4.7785887200,4.8765106200,8961756,44043715.2800,2,1.278400,1,-2.008000,46.908970,2.321349,1.337420,80.449372,0
2023-09-08,sz.300021,4.8079652900,4.8079652900,4.7492121500,4.8079652900,4.7785887200,5417400,26453817.0000,2,0.772800,1,0.614800,47.197345,2.335620,1.345641,80.943938,0
2023-09-11,sz.300021,4.8177574800,4.8373418600,4.7687965300,4.8275496700,4.8079652900,5768603,28372570.7000,2,0.822900,1,0.407300,47.389594,2.345134,1.351123,81.273648,0
2023-09-12,sz.300021,4.8275496700,4.8569262400,4.8079652900,4.8373418600,4.8275496700,4237603,20925055.8200,2,0.604500,1,0.202800,47.485719,2.349891,1.353863,81.438503,0
2023-09-13,sz.300021,4.8471340500,4.8471340500,4.7785887200,4.7981731000,4.8373418600,4277150,20979259.0000,2,0.610200,1,-0.809700,47.101220,2.330863,1.342901,80.779082,0
2023-09-14,sz.300021,4.7981731000,4.8079652900,4.7687965300,4.7883809100,4.7981731000,3257900,15930188.0000,2,0.464800,1,-0.204100,47.005095,2.326106,1.340160,80.614227,0
2023-09-15,sz.300021,4.7981731000,4.8275496700,4.7785887200,4.8177574800,4.7883809100,3743600,18372956.5000,2,0.534000,1,0.613500,47.293469,2.340377,1.348382,81.108793,0
2023-09-18,sz.300021,4.7981731000,4.8373418600,4.7785887200,4.8275496700,4.8177574800,3619953,17816902.7000,2,0.516400,1,0.203300,47.389594,2.345134,1.351123,81.273648,0
2023-09-19,sz.300021,4.8275496700,4.8569262400,4.8079652900,4.8373418600,4.8275496700,5007109,24738225.5200,2,0.714300,1,0.202800,47.485719,2.349891,1.353863,81.438503,0
2023-09-20,sz.300021,4.8471340500,4.8569262400,4.7785887200,4.7981731000,4.8373418600,3550600,17493852.0000,2,0.506500,1,-0.809700,47.101220,2.330863,1.342901,80.779082,0
2023-09-21,sz.300021,4.7981731000,4.8275496700,4.7492121500,4.7590043400,4.7981731000,4658900,22728878.0000,2,0.664600,1,-0.816300,46.716720,2.311836,1.331938,80.119661,0
2023-09-22,sz.300021,4.7492121500,4.8079652900,4.7296277700,4.7981731000,4.7590043400,4079550,19896830.5000,2,0.582000,1,0.823000,47.101220,2.330863,1.342901,80.779082,0
2023-09-25,sz.300021,4.7981731000,4.8373418600,4.7785887200,4.8177574800,4.7981731000,4343350,21330753.5000,2,0.619600,1,0.408200,47.293469,2.340377,1.348382,81.108793,0
2023-09-26,sz.300021,4.7981731000,4.8177574800,4.7785887200,4.7883809100,4.8177574800,3414950,16731988.5000,2,0.487200,1,-0.609800,47.005095,2.326106,1.340160,80.614227,0
2023-09-27,sz.300021,4.7883809100,4.8275496700,4.7785887200,4.8079652900,4.7883809100,3977056,19547751.5200,2,0.567300,1,0.409000,47.197345,2.335620,1.345641,80.943938,0
2023-09-28,sz.300021,4.8079652900,4.8275496700,4.7687965300,4.8079652900,4.8079652900,4952600,24257848.0000,2,0.706500,1,0.000000,47.197345,2.335620,1.345641,80.943938,0
2023-10-09,sz.300021,4.8079652900,4.8569262400,4.7687965300,4.7883809100,4.8079652900,6331550,31060278.5000,2,0.903200,1,-0.407300,47.005095,2.326106,1.340160,80.614227,0
2023-10-10,sz.300021,4.7883809100,4.8373418600,4.7590043400,4.7687965300,4.7883809100,4878854,23855834.0600,2,0.696000,1,-0.409000,46.812856,2.316593,1.334679,80.284537,0
2023-10-11,sz.300021,4.7687965300,4.8079652900,4.7687965300,4.7687965300,4.7687965300,4380204,21379228.4800,2,0.624900,1,0.000000,46.812856,2.316593,1.334679,80.284537,0
2023-10-12,sz.300021,4.7785887200,4.7883809100,4.7492121500,4.7785887200,4.7687965300,4125900,20118024.0000,2,0.588600,1,0.205300,46.908981,2.321350,1.337420,80.449392,0
2023-10-13,sz.300021,4.7687965300,4.7687965300,4.6219136800,4.6414980600,4.7785887200,9721500,46469467.0000,2,1.386800,1,-2.868900,45.563232,2.254754,1.299051,78.141418,0
2023-10-16,sz.300021,4.6512902500,4.6806668200,4.6219136800,4.6414980600,4.6414980600,4773900,22669738.0000,2,0.681000,1,0.000000,45.563232,2.254754,1.299051,78.141418,0
2023-10-17,sz.300021,4.6512902500,4.6708746300,4.6121214900,4.6512902500,4.6414980600,3844950,18202831.0000,2,0.548500,1,0.211000,45.659357,2.259511,1.301792,78.306273,0
2023-10-18,sz.300021,4.6512902500,4.6512902500,4.5435761600,4.5435761600,4.6512902500,4505300,21073999.0000,2,0.642700,1,-2.315800,44.601982,2.207185,1.271645,76.492864,0
2023-10-19,sz.300021,4.5533683500,4.6023293000,4.4750308300,4.5141995900,4.5435761600,5048700,23411823.0000,2,0.720200,1,-0.646600,44.313607,2.192915,1.263423,75.998299,0
2023-10-20,sz.300021,4.5141995900,4.6121214900,4.4750308300,4.5729527300,4.5141995900,5792850,26973659.5000,2,0.826400,1,1.301500,44.890357,2.221456,1.279867,76.987430,0
2023-10-23,sz.300021,4.5729527300,4.5729527300,4.4260698800,4.4652386400,4.5729527300,7465500,34124686.0000,2,1.065000,1,-2.355500,43.832983,2.169130,1.249720,75.174022,0
2023-10-24,sz.300021,4.5141995900,4.6414980600,4.5044074000,4.6317058700,4.4652386400,9425802,44131871.1800,2,1.344600,1,3.728100,45.467107,2.249997,1.296311,77.976562,0
2023-10-25,sz.300021,5.1996528900,5.4444576400,5.0233934700,5.0429778500,4.6317058700,84550755,448331731.0500,2,12.061600,1,8.879500,49.504355,2.449785,1.411416,84.900485,0
2023-10-26,sz.300021,5.1017309900,5.1996528900,4.8667184300,4.9450559500,5.0429778500,48083935,244487373.3300,2,6.859400,1,-1.941700,48.543106,2.402217,1.384010,83.251932,0
2023-10-27,sz.300021,4.8765106200,4.9156793800,4.7394199600,4.7785887200,4.9450559500,37805700,185149358.0000,2,5.393200,1,-3.366300,47.923326,2.304186,1.316627,-23.424563,0
2023-10-30,sz.300021,4.7687965300,4.8275496700,4.7394199600,4.7785887200,4.7785887200,19843900,96871934.6900,2,2.830800,1,0.000000,47.923326,2.304186,1.316627,-23.424563,0
2023-10-31,sz.300021,4.7492121500,4.7883809100,4.7198355800,4.7590043400,4.7785887200,16713000,81154213.0000,2,2.384200,1,-0.409800,47.726919,2.294743,1.311231,-23.328560,0
2023-11-01,sz.300021,4.7687965300,4.7687965300,4.7198355800,4.7394199600,4.7590043400,11948947,57824361.9500,2,1.704600,1,-0.411500,47.530512,2.285299,1.305835,-23.232558,0
2023-11-02,sz.300021,4.7492121500,4.7590043400,4.6806668200,4.6806668200,4.7394199600,10202250,49118537.5000,2,1.455400,1,-1.239700,46.941291,2.256969,1.289647,-22.944551,0
2023-11-03,sz.300021,4.6708746300,4.7394199600,4.6708746300,4.7394199600,4.6806668200,10491150,50400081.5000,2,1.496600,1,1.255200,47.530512,2.285299,1.305835,-23.232558,0
2023-11-06,sz.300021,4.7198355800,4.7785887200,4.7198355800,4.7687965300,4.7394199600,10604134,51507539.2100,2,1.512700,1,0.619800,47.825123,2.299464,1.313929,-23.376562,0
2023-11-07,sz.300021,4.7492121500,4.7687965300,4.7198355800,4.7590043400,4.7687965300,8261800,40071770.0000,2,1.178600,1,-0.205300,47.726919,2.294743,1.311231,-23.328560,0
2023-11-08,sz.300021,4.7687965300,4.7785887200,4.7296277700,4.7590043400,4.7590043400,8445300,41035205.0000,2,1.204800,1,0.000000,47.726919,2.294743,1.311231,-23.328560,0
2023-11-09,sz.300021,4.7492121500,4.7785887200,4.7198355800,4.7394199600,4.7590043400,7786780,37710693.0000,2,1.110800,1,-0.411500,47.530512,2.285299,1.305835,-23.232558,0
2023-11-10,sz.300021,4.7394199600,4.7492121500,4.6904590100,4.7394199600,4.7394199600,7638398,36804471.6800,2,1.089700,1,0.000000,47.530512,2.285299,1.305835,-23.232558,0
2023-11-13,sz.300021,4.7492121500,4.7883809100,4.7394199600,4.7785887200,4.7394199600,10778852,52474468.7400,2,1.537700,1,0.826400,47.923326,2.304186,1.316627,-23.424563,0
2023-11-14,sz.300021,4.7785887200,4.7981731000,4.7492121500,4.7883809100,4.7785887200,9221970,44957152.2000,2,1.315600,1,0.204900,48.021530,2.308908,1.319325,-23.472564,0
2023-11-15,sz.300021,4.7981731000,4.8569262400,4.7687965300,4.8471340500,4.7883809100,14362900,70710123.0000,2,2.048900,1,1.227000,48.610751,2.337238,1.335513,-23.760571,0
2023-11-16,sz.300021,4.8373418600,4.8569262400,4.8079652900,4.8177574800,4.8471340500,11357053,56100032.3200,2,1.620100,1,-0.606100,48.316140,2.323073,1.327419,-23.616567,0
2023-11-17,sz.300021,4.7981731000,4.8275496700,4.7785887200,4.8177574800,4.8177574800,7870000,38591456.0000,2,1.122700,1,0.000000,48.316140,2.323073,1.327419,-23.616567,0
2023-11-20,sz.300021,4.8275496700,4.8960950000,4.8177574800,4.8863028100,4.8177574800,11334810,56267334.5000,2,1.617000,1,1.422800,49.003565,2.356125,1.346305,-23.952575,0
2023-11-21,sz.300021,4.8960950000,4.9058871900,4.8275496700,4.8471340500,4.8863028100,10046950,49927496.0000,2,1.433200,1,-0.801600,48.610751,2.337238,1.335513,-23.760571,0
2023-11-22,sz.300021,4.8275496700,4.8667184300,4.8177574800,4.8177574800,4.8471340500,8188703,40491856.8500,2,1.168200,1,-0.606100,48.316140,2.323073,1.327419,-23.616567,0
2023-11-23,sz.300021,4.8177574800,4.8569262400,4.7981731000,4.8471340500,4.8177574800,7427300,36675839.0000,2,1.059500,1,0.609800,48.610751,2.337238,1.335513,-23.760571,0
2023-11-24,sz.300021,4.8373418600,4.8667184300,4.8079652900,4.8471340500,4.8471340500,9448650,46642808.5000,2,1.347900,1,0.000000,48.610751,2.337238,1.335513,-23.760571,0
2023-11-27,sz.300021,4.8569262400,4.8765106200,4.8177574800,4.8569262400,4.8471340500,8422653,41687391.4100,2,1.201500,1,0.202000,48.708954,2.341960,1.338211,-23.808572,0
2023-11-28,sz.300021,4.8569262400,4.9352637600,4.8373418600,4.8960950000,4.8569262400,9929555,49581396.6000,2,1.416500,1,0.806500,49.101769,2.360846,1.349003,-24.000577,0
2023-11-29,sz.300021,4.8863028100,4.9058871900,4.8667184300,4.8667184300,4.8960950000,7252350,36159825.5000,2,1.034600,1,-0.600000,48.807158,2.346681,1.340909,-23.856573,0
2023-11-30,sz.300021,4.8667184300,4.8667184300,4.7883809100,4.8275496700,4.8667184300,7929808,39087575.4000,2,1.131200,1,-0.804800,48.414344,2.327795,1.330117,-23.664569,0
2023-12-01,sz.300021,4.8275496700,4.8667184300,4.8177574800,4.8373418600,4.8275496700,6053403,29928495.7900,2,0.863500,1,0.202800,48.512547,2.332516,1.332815,-23.712570,0
2023-12-04,sz.300021,4.8373418600,4.9156793800,4.8275496700,4.8667184300,4.8373418600,6889453,34325230.4100,2,0.982800,1,0.607300,48.807158,2.346681,1.340909,-23.856573,0
2023-12-05,sz.300021,4.8569262400,4.8667184300,4.7981731000,4.8079652900,4.8667184300,7830252,38633153.8400,2,1.117000,1,-1.207200,48.217937,2.318351,1.324721,-23.568566,0
2023-12-06,sz.300021,4.7981731000,4.8569262400,4.7785887200,4.8373418600,4.8079652900,5749600,28360252.9700,2,0.820200,1,0.611000,48.512547,2.332516,1.332815,-23.712570,0
2023-12-07,sz.300021,4.8373418600,4.8569262400,4.7981731000,4.8275496700,4.8373418600,4824153,23764713.2300,2,0.688200,1,-0.202400,48.414344,2.327795,1.330117,-23.664569,0
2023-12-08,sz.300021,4.8177574800,4.8373418600,4.6806668200,4.6806668200,4.8275496700,10831247,52431641.6300,2,1.545100,1,-3.042600,46.941291,2.256969,1.289647,-22.944551,0
2023-12-11,sz.300021,4.6806668200,4.7394199600,4.6512902500,4.7296277700,4.6806668200,7261400,34878451.0000,2,1.035900,1,1.046000,47.432308,2.280578,1.303137,-23.184557,0
2023-12-12,sz.300021,4.7198355800,4.7492121500,4.6806668200,4.7394199600,4.7296277700,5785400,27844485.0000,2,0.825300,1,0.207000,47.530512,2.285299,1.305835,-23.232558,0
2023-12-13,sz.300021,4.7296277700,4.7981731000,4.7198355800,4.7394199600,4.7394199600,6903131,33554046.8500,2,0.984800,1,0.000000,47.530512,2.285299,1.305835,-23.232558,0
2023-12-14,sz.300021,4.7492121500,4.7981731000,4.7394199600,4.7687965300,4.7394199600,6105400,29751145.0000,2,0.871000,1,0.619800,47.825123,2.299464,1.313929,-23.376562,0
2023-12-15,sz.300021,4.7687965300,4.7981731000,4.7296277700,4.7590043400,4.7687965300,5501800,26721816.0000,2,0.784900,1,-0.205300,47.726921,2.294743,1.311231,-23.328562,0
2023-12-18,sz.300021,4.7590043400,4.7590043400,4.6512902500,4.6610824400,4.7590043400,8537600,40996717.0000,2,1.217900,1,-2.057600,46.744886,2.247526,1.284251,-22.848550,0
2023-12-19,sz.300021,4.6806668200,4.7100433900,4.6414980600,4.6806668200,4.6610824400,5680700,27102392.0000,2,0.810400,1,0.420200,46.941293,2.256969,1.289647,-22.944552,0
2023-12-20,sz.300021,4.6904590100,4.7394199600,4.6512902500,4.6610824400,4.6806668200,6129803,29349761.3400,2,0.874400,1,-0.418400,46.744886,2.247526,1.284251,-22.848550,0
2023-12-21,sz.300021,4.6317058700,4.6904590100,4.5827449200,4.6708746300,4.6610824400,8334100,39444795.0000,2,1.188900,1,0.210100,46.843090,2.252248,1.286949,-22.896551,0
2023-12-22,sz.300021,4.6806668200,4.6904590100,4.5925371100,4.6023293000,4.6708746300,7441600,35246284.0000,2,1.061600,1,-1.467500,46.155665,2.219196,1.268063,-22.560543,0
2023-12-25,sz.300021,4.6023293000,4.6023293000,4.5337839700,4.5729527300,4.6023293000,6680700,31145530.0000,2,0.953000,1,-0.638300,45.861054,2.205031,1.259969,-22.416540,0
2023-12-26,sz.300021,4.5827449200,4.6219136800,4.5141995900,4.5533683500,4.5729527300,7205450,33627285.0000,2,1.027900,1,-0.428300,45.664647,2.195587,1.254573,-22.320537,0
2023-12-27,sz.300021,4.5631605400,4.5925371100,4.5141995900,4.5729527300,4.5533683500,5687900,26419761.0000,2,0.811400,1,0.430100,45.861054,2.205031,1.259969,-22.416540,0
2023-12-28,sz.300021,4.5925371100,4.6414980600,4.5239917800,4.6219136800,4.5729527300,7241600,34047393.0000,2,1.033100,1,1.070700,46.352072,2.228639,1.273459,-22.656545,0
2023-12-29,sz.300021,4.6219136800,4.6708746300,4.6121214900,4.6610824400,4.6219136800,5184150,24614321.5000,2,0.739500,1,0.847500,46.744886,2.247526,1.284251,-22.848550,0
2024-01-02,sz.300021,4.6414980600,4.7394199600,4.6414980600,4.7100433900,4.6610824400,7731800,37204003.0000,2,1.103000,1,1.050400,47.235904,2.271134,1.297741,-23.088556,0
2024-01-03,sz.300021,4.7100433900,4.7394199600,4.6806668200,4.7198355800,4.7100433900,6141900,29566406.0000,2,0.876200,1,0.207900,47.334119,2.275857,1.300440,-23.136563,0
2024-01-04,sz.300021,4.7296277700,4.7394199600,4.7002512000,4.7296277700,4.7198355800,4222050,20346666.5000,2,0.602300,1,0.207500,47.432323,2.280578,1.303138,-23.184564,0
2024-01-05,sz.300021,4.7100433900,4.7687965300,4.6610824400,4.6806668200,4.7296277700,6607590,31873024.9400,2,0.942600,1,-1.035200,46.941305,2.256970,1.289648,-22.944558,0
2024-01-08,sz.300021,4.6708746300,4.6904590100,4.6023293000,4.6023293000,4.6806668200,5205000,24687563.0000,2,0.742500,1,-1.673600,46.155676,2.219196,1.268063,-22.560549,0
2024-01-09,sz.300021,4.6121214900,4.6708746300,4.5729527300,4.6317058700,4.6023293000,4792100,22615464.0000,2,0.683600,1,0.638300,46.450287,2.233361,1.276157,-22.704552,0
2024-01-10,sz.300021,4.6219136800,4.6708746300,4.5631605400,4.6023293000,4.6317058700,4346000,20515616.0000,2,0.620000,1,-0.634200,46.155676,2.219196,1.268063,-22.560549,0
2024-01-11,sz.300021,4.5925371100,4.6610824400,4.5827449200,4.6512902500,4.6023293000,3964800,18719466.0000,2,0.565600,1,1.063800,46.646694,2.242805,1.281553,-22.800555,0
2024-01-12,sz.300021,4.6512902500,4.7394199600,4.6414980600,4.6512902500,4.6512902500,6979300,33475733.0000,2,0.995600,1,0.000000,46.646694,2.242805,1.281553,-22.800555,0
2024-01-15,sz.300021,4.6317058700,4.6414980600,4.5925371100,4.6023293000,4.6512902500,6329400,29818740.0000,2,0.902900,1,-1.052600,46.155676,2.219196,1.268063,-22.560549,0
2024-01-16,sz.300021,4.6219136800,4.6414980600,4.5337839700,4.5925371100,4.6023293000,7180000,33593619.0000,2,1.024300,1,-0.212800,46.057473,2.214475,1.265365,-22.512548,0
2024-01-17,sz.300021,4.5925371100,4.6121214900,4.5044074000,4.5141995900,4.5925371100,5519700,25698839.0000,2,0.787400,1,-1.705800,45.271844,2.176701,1.243781,-22.128538,0
2024-01-18,sz.300021,4.4946152100,4.4946152100,4.3281479800,4.4358620700,4.5141995900,11442500,51355486.0000,2,1.632300,1,-1.735400,44.486216,2.138928,1.222197,-21.744529,0
2024-01-19,sz.300021,4.4456542600,4.4456542600,4.3379401700,4.3477323600,4.4358620700,6935400,30995583.0000,2,0.989400,1,-1.986800,43.602384,2.096432,1.197915,-21.312518,0
2024-01-22,sz.300021,4.3281479800,4.3379401700,3.9952135200,4.0735510400,4.3477323600,12290000,52326650.0000,2,1.753200,1,-6.306300,40.852684,1.964225,1.122371,-19.968486,0
2024-01-23,sz.300021,4.0637588500,4.0833432300,3.9854213300,4.0637588500,4.0735510400,8863184,36555849.4200,2,1.264400,1,-0.240400,40.754480,1.959503,1.119673,-19.920485,0
2024-01-24,sz.300021,4.0735510400,4.1812651300,3.9854213300,4.1714729400,4.0637588500,10698260,44620411.2200,2,1.526200,1,2.650600,41.834719,2.011442,1.149351,-20.448497,0
2024-01-25,sz.300021,4.1910573200,4.2791870300,4.1518885600,4.2791870300,4.1714729400,8014700,34747520.0000,2,1.143300,1,2.582200,42.914959,2.063380,1.179029,-20.976510,0
2024-01-26,sz.300021,4.2400182700,4.3477323600,4.2400182700,4.3281479800,4.2791870300,8624500,38014440.0000,2,1.230300,1,1.144200,43.405976,2.086989,1.192519,-21.216516,0
2024-01-29,sz.300021,4.3085636000,4.3575245500,4.2302260800,4.2400182700,4.3281479800,7269210,31748487.1000,2,1.037000,1,-2.036200,42.522144,2.044494,1.168237,-20.784506,0
2024-01-30,sz.300021,4.2008495100,4.2693948400,4.1127198000,4.1225119900,4.2400182700,7530453,32265416.7800,2,1.074300,1,-2.771400,41.343702,1.987833,1.135861,-20.208492,0
2024-01-31,sz.300021,4.1225119900,4.1518885600,3.9756291400,3.9854213300,4.1225119900,7899903,32595790.6000,2,1.127000,1,-3.325400,39.968852,1.921730,1.098089,-19.536475,0
2024-02-01,sz.300021,3.9854213300,3.9854213300,3.8091619100,3.8777072400,3.9854213300,8747100,34818124.0000,2,1.248200,1,-2.702700,38.876933,1.869229,1.068090,-19.002754,0
2024-02-02,sz.300021,3.8874994300,3.9462525700,3.5643571600,3.6720712500,3.8777072400,11619650,44586548.5000,2,1.658100,1,-5.303000,36.815277,1.770104,1.011449,-17.995032,0
2024-02-05,sz.300021,3.6524868700,3.6622790600,3.1922539400,3.3097602200,3.6720712500,17549350,60359099.0000,2,2.504200,1,-9.866700,33.182837,1.595453,0.911653,-16.219522,0
2024-02-06,sz.300021,3.2412148900,3.5251884000,3.0943320400,3.3880977400,3.3097602200,18382750,61697089.0000,2,2.623100,1,2.366900,33.968229,1.633216,0.933230,-16.603416,0
2024-02-07,sz.300021,3.3880977400,3.4174743100,3.2705914600,3.3587211700,3.3880977400,13315390,45450009.5000,2,1.900000,1,-0.867100,33.673707,1.619055,0.925139,-16.459456,0
2024-02-08,sz.300021,3.3783055500,3.6426946800,3.2803836500,3.6035259200,3.3587211700,17736625,62554274.4000,2,2.530900,1,7.288600,36.128059,1.737062,0.992569,-17.659125,0
2024-02-19,sz.300021,3.6035259200,3.7895775300,3.6035259200,3.7112400100,3.6035259200,13610441,51403801.7700,2,1.942100,1,2.989100,37.207974,1.788985,1.022238,-18.186979,0
2024-02-20,sz.300021,3.7014478200,3.7308243900,3.6426946800,3.6916556300,3.7112400100,8244023,30974824.7100,2,1.176400,1,-0.527700,37.011626,1.779544,1.016843,-18.091005,0
2024-02-21,sz.300021,3.6524868700,3.8385384800,3.6231103000,3.7406165800,3.6916556300,10772212,41275548.6000,2,1.537100,1,1.326300,37.502496,1.803146,1.030329,-18.330939,0
2024-02-22,sz.300021,3.7210322000,3.8972916200,3.7210322000,3.8287462900,3.7406165800,11888060,46261362.6000,2,1.696400,1,2.356000,38.386063,1.845628,1.054604,-18.762820,0
2024-02-23,sz.300021,3.8287462900,3.8679150500,3.7797853400,3.8679150500,3.8287462900,12457222,48677655.8000,2,1.777600,1,1.023000,38.778759,1.864509,1.065393,-18.954767,0
2024-02-26,sz.300021,3.8581228600,3.9560447600,3.8385384800,3.8972916200,3.8679150500,10444200,41505091.0000,2,1.490300,1,0.759500,39.073281,1.878670,1.073484,-19.098727,0
2024-02-27,sz.300021,3.8777072400,3.9756291400,3.8581228600,3.9756291400,3.8972916200,8346698,33495147.0000,2,1.191000,1,2.010100,39.858674,1.916432,1.095062,-19.482621,0
2024-02-28,sz.300021,3.9658369500,4.0735510400,3.7602009600,3.7699931500,3.9756291400,16106975,64525158.0000,2,2.298400,1,-5.172400,37.797018,1.817306,1.038421,-18.474899,0
2024-02-29,sz.300021,3.7308243900,3.8679150500,3.7308243900,3.8679150500,3.7699931500,10323600,40124764.0000,2,1.473100,1,2.597400,38.778759,1.864509,1.065393,-18.954767,0
2024-03-01,sz.300021,3.8679150500,3.9168760000,3.8287462900,3.9070838100,3.8679150500,7297053,28858982.8200,2,1.041200,1,1.012700,39.171455,1.883390,1.076182,-19.146714,0
2024-03-04,sz.300021,3.9070838100,3.9266681900,3.8287462900,3.9168760000,3.9070838100,6630500,26343845.0000,2,0.946100,1,0.250600,39.269629,1.888111,1.078879,-19.194701,0
2024-03-05,sz.300021,3.9070838100,3.9070838100,3.7895775300,3.8189541000,3.9168760000,7947000,31144610.0000,2,1.134000,1,-2.500000,38.287889,1.840908,1.051907,-18.714833,0
2024-03-06,sz.300021,3.8483306700,3.9070838100,3.7993697200,3.8581228600,3.8189541000,6244000,24617345.0000,2,0.891000,1,1.025600,38.680585,1.859789,1.062696,-18.906780,0
2024-03-07,sz.300021,3.8483306700,3.9168760000,3.8287462900,3.8287462900,3.8581228600,7662300,30312905.0000,2,1.093400,1,-0.761400,38.386063,1.845628,1.054604,-18.762820,0
2024-03-08,sz.300021,3.8483306700,3.8679150500,3.8189541000,3.8581228600,3.8287462900,6183800,24284102.0000,2,0.882400,1,0.767300,38.680585,1.859789,1.062696,-18.906780,0
2024-03-11,sz.300021,3.8874994300,3.9364603800,3.8581228600,3.9364603800,3.8581228600,7472900,29773381.0000,2,1.066300,1,2.030500,39.465977,1.897551,1.084273,-19.290674,0
2024-03-12,sz.300021,3.9462525700,3.9952135200,3.8972916200,3.9854213300,3.9364603800,7986500,32256388.0000,2,1.139600,1,1.243800,39.956848,1.921152,1.097759,-19.530608,0
2024-03-13,sz.300021,3.9756291400,4.0245900900,3.9462525700,4.0245900900,3.9854213300,8451750,34383788.0000,2,1.206000,1,0.982800,40.349544,1.940034,1.108548,-19.722555,0
2024-03-14,sz.300021,3.9952135200,4.0245900900,3.9364603800,3.9756291400,4.0245900900,7390250,30088005.0000,2,1.054500,1,-1.216500,39.858674,1.916432,1.095062,-19.482621,0
2024-03-15,sz.300021,3.9658369500,4.1029276100,3.9560447600,4.0735510400,3.9756291400,10370638,42789860.9000,2,1.479800,1,2.463100,40.840414,1.963635,1.122034,-19.962489,0
2024-03-18,sz.300021,4.0539666600,4.0931354200,4.0245900900,4.0833432300,4.0735510400,8816500,36590987.5000,2,1.258100,1,0.240400,40.938589,1.968355,1.124731,-20.010475,0
2024-03-19,sz.300021,4.0735510400,4.1029276100,4.0539666600,4.0637588500,4.0833432300,6800300,28310242.5000,2,0.970400,1,-0.479600,40.742240,1.958915,1.119337,-19.914502,0
2024-03-20,sz.300021,4.0539666600,4.1127198000,4.0441744700,4.1029276100,4.0637588500,6053935,25240461.9000,2,0.863900,1,0.963900,41.134937,1.977796,1.130126,-20.106449,0
2024-03-21,sz.300021,4.1225119900,4.2498104600,4.1127198000,4.2008495100,4.1029276100,21848387,93732060.5800,2,3.117600,1,2.386600,42.116677,2.024999,1.157098,-20.586316,0
2024-03-22,sz.300021,4.1714729400,4.2008495100,4.0343822800,4.0735510400,4.2008495100,15976100,66925565.0000,2,2.279700,1,-3.030300,40.840414,1.963635,1.122034,-19.962489,0
2024-03-25,sz.300021,4.0735510400,4.0833432300,3.9756291400,3.9854213300,4.0735510400,11390277,46873990.4000,2,1.625300,1,-2.163500,39.956848,1.921152,1.097759,-19.530608,0
2024-03-26,sz.300021,4.0343822800,4.0343822800,3.9462525700,4.0050057100,3.9854213300,8859500,36146958.0000,2,1.264200,1,0.491400,40.153196,1.930593,1.103154,-19.626581,0
2024-03-27,sz.300021,3.9952135200,4.0245900900,3.8972916200,3.8972916200,4.0050057100,9934900,40043699.0000,2,1.417700,1,-2.689500,39.073281,1.878670,1.073484,-19.098727,0
2024-03-28,sz.300021,3.8874994300,4.0050057100,3.8777072400,3.9658369500,3.8972916200,7502600,30351485.0000,2,1.070600,1,1.758800,39.760500,1.911712,1.092365,-19.434634,0
2024-03-29,sz.300021,4.0050057100,4.0147979000,3.9560447600,4.0147979000,3.9658369500,8682250,35405487.0000,2,1.238900,1,1.234600,40.251370,1.935313,1.105851,-19.674568,0
2024-04-01,sz.300021,4.0245900900,4.1029276100,4.0245900900,4.1029276100,4.0147979000,8748250,36404624.5000,2,1.248300,1,2.195100,41.134937,1.977796,1.130126,-20.106449,0
2024-04-02,sz.300021,4.1127198000,4.1420963700,4.0833432300,4.1225119900,4.1029276100,7572600,31808579.0000,2,1.080600,1,0.477300,41.331316,1.987238,1.135521,-20.202438,0
2024-04-03,sz.300021,4.1029276100,4.1323041800,4.0735510400,4.1225119900,4.1225119900,7058000,29583119.0000,2,1.007200,1,0.000000,41.331316,1.987238,1.135521,-20.202438,0
2024-04-08,sz.300021,4.1225119900,4.1225119900,4.0343822800,4.0441744700,4.1225119900,6848323,28503087.6700,2,0.977300,1,-1.900200,40.545923,1.949476,1.113943,-19.818543,0
2024-04-09,sz.300021,4.0637588500,4.0931354200,4.0147979000,4.0735510400,4.0441744700,5706400,23610523.0000,2,0.814300,1,0.726400,40.840445,1.963636,1.122035,-19.962504,0
2024-04-10,sz.300021,4.0343822800,4.0833432300,3.9168760000,3.9756291400,4.0735510400,10561402,42976665.0800,2,1.507100,1,-2.403800,69.463764,1.867640,1.008714,-96.706719,0
2024-04-11,sz.300021,3.9168760000,4.0441744700,3.9070838100,3.9854213300,3.9756291400,8434250,34464056.5000,2,1.203600,1,0.246300,69.634857,1.872240,1.011199,-96.944913,0
2024-04-12,sz.300021,4.0050057100,4.0147979000,3.9070838100,3.9168760000,3.9854213300,6818900,27557568.0000,2,0.973100,1,-1.719900,68.437206,1.840039,0.993807,-95.277556,0
2024-04-15,sz.300021,3.8972916200,3.9266681900,3.6231103000,3.7014478200,3.9168760000,15055000,57686567.0000,2,2.148400,1,-5.500000,64.673160,1.738837,0.939148,-90.037290,0
2024-04-16,sz.300021,3.6720712500,3.6818634400,3.3880977400,3.3880977400,3.7014478200,14100028,50098567.9900,2,2.012100,1,-8.465600,59.198183,1.591634,0.859643,-82.415086,0
2024-04-17,sz.300021,3.4272665000,3.6524868700,3.4272665000,3.6524868700,3.3880977400,13262027,48508790.3400,2,1.892500,1,7.803500,63.817695,1.715837,0.926725,-88.846321,0
2024-04-18,sz.300021,3.6622790600,3.6622790600,3.5839415400,3.5839415400,3.6524868700,7983915,29507232.5000,2,1.139300,1,-1.876700,62.620044,1.683636,0.909333,-87.178964,0
2024-04-19,sz.300021,3.5643571600,3.6622790600,3.5545649700,3.6231103000,3.5839415400,7197003,26525957.0400,2,1.027000,1,1.092900,63.304416,1.702036,0.919272,-88.131739,0
2024-04-22,sz.300021,3.6426946800,3.8777072400,3.5839415400,3.6720712500,3.6231103000,14284168,53905632.0200,2,2.038400,1,1.351400,64.159881,1.725037,0.931694,-89.322709,0
2024-04-23,sz.300021,3.6524868700,3.7308243900,3.6133181100,3.6524868700,3.6720712500,11158552,41767524.4000,2,1.592300,1,-0.533300,63.817695,1.715837,0.926725,-88.846321,0
2024-04-24,sz.300021,3.6231103000,3.6916556300,3.6231103000,3.6720712500,3.6524868700,8624965,32244170.7500,2,1.230800,1,0.536200,64.159881,1.725037,0.931694,-89.322709,0
2024-04-25,sz.300021,3.6524868700,3.7210322000,3.6426946800,3.6916556300,3.6720712500,6903402,25997751.5400,2,0.985100,1,0.533300,64.502067,1.734237,0.936663,-89.799097,0
2024-04-26,sz.300021,3.6818634400,3.7406165800,3.6133181100,3.7308243900,3.6916556300,9348202,35215203.5200,2,1.334000,1,1.061000,66.896757,1.743642,0.945106,-46.905549,0
2024-04-29,sz.300021,3.6916556300,3.8581228600,3.6916556300,3.8483306700,3.7308243900,9420578,36529934.6200,2,1.344300,1,3.149600,69.003742,1.798559,0.974873,-48.382889,0
2024-04-30,sz.300021,3.8483306700,3.8679150500,3.8091619100,3.8189541000,3.8483306700,7622775,29860441.2500,2,1.087800,1,-0.763400,68.476996,1.784830,0.967431,-48.013554,0
2024-05-06,sz.300021,3.8581228600,3.9462525700,3.8581228600,3.9266681900,3.8189541000,9409657,37650333.3500,2,1.342800,1,2.820500,70.408398,1.835171,0.994718,-49.367782,0
2024-05-07,sz.300021,3.9462525700,3.9756291400,3.8679150500,3.8874994300,3.9266681900,7506700,29895420.0000,2,1.071200,1,-0.997500,69.706070,1.816865,0.984796,-48.875335,0
2024-05-08,sz.300021,3.8874994300,3.9462525700,3.8679150500,3.8874994300,3.8874994300,8913300,35559890.0000,2,1.271900,1,0.000000,69.706070,1.816865,0.984796,-48.875335,0
2024-05-09,sz.300021,3.8874994300,3.9756291400,3.8874994300,3.9266681900,3.8874994300,7597850,30525569.0000,2,1.084200,1,1.007600,70.408398,1.835171,0.994718,-49.367782,0
2024-05-10,sz.300021,3.9266681900,3.9560447600,3.8777072400,3.8874994300,3.9266681900,7576602,30209532.9800,2,1.081200,1,-0.997500,69.706070,1.816865,0.984796,-48.875335,0
2024-05-13,sz.300021,3.8874994300,3.9266681900,3.8483306700,3.8777072400,3.8874994300,8705380,34646955.0000,2,1.242300,1,-0.251900,69.530488,1.812289,0.982315,-48.752224,0
2024-05-14,sz.300021,3.8874994300,3.9168760000,3.8679150500,3.8972916200,3.8777072400,6750702,26901736.9800,2,0.963300,1,0.505100,69.881652,1.821442,0.987276,-48.998447,0
2024-05-15,sz.300021,3.8777072400,3.8972916200,3.8189541000,3.8385384800,3.8972916200,8112203,31914719.2400,2,1.157600,1,-1.507500,68.828160,1.793983,0.972393,-48.259777,0
2024-05-16,sz.300021,3.8483306700,3.9168760000,3.8483306700,3.9070838100,3.8385384800,8198750,32587159.0000,2,1.170000,1,1.785700,70.057234,1.826018,0.989757,-49.121559,0
2024-05-17,sz.300021,3.9366816300,3.9366816300,3.8478843000,3.8972161500,3.9070825200,7205000,28309535.0000,2,1.028200,1,-0.252500,69.354906,1.807712,0.979834,-48.629112,0
2024-05-20,sz.300021,3.8873497800,3.9169488900,3.8182851900,3.8281515600,3.8972161500,12441600,48803642.0000,2,1.775400,1,-1.772200,68.125832,1.775677,0.962470,-47.767330,0
2024-05-21,sz.300021,3.8182851900,3.8281515600,3.7097551200,3.7393542300,3.8281515600,9280850,35275644.5000,2,1.324400,1,-2.319600,66.545593,1.734489,0.940145,-46.659325,0
2024-05-22,sz.300021,3.7393542300,3.7886860800,3.7294878600,3.7590869700,3.7393542300,7523100,28608784.0000,2,1.073600,1,0.527700,66.896757,1.743642,0.945106,-46.905549,0
2024-05-23,sz.300021,3.7590869700,3.7590869700,3.6406905300,3.6505569000,3.7590869700,8288400,30922622.0000,2,1.182800,1,-2.887100,64.965355,1.693300,0.917820,-45.551320,0
2024-05-24,sz.300021,3.6604232700,3.7294878600,3.6505569000,3.6604232700,3.6505569000,8121902,30326628.5200,2,1.159000,1,0.270300,65.140937,1.697877,0.920300,-45.674432,0
2024-05-27,sz.300021,3.6406905300,3.6900223800,3.6110914200,3.6801560100,3.6604232700,7885202,29227747.3600,2,1.125200,1,0.539100,65.492101,1.707030,0.925261,-45.920655,0
2024-05-28,sz.300021,3.6801560100,3.7097551200,3.6209577900,3.6406905300,3.6801560100,8350202,31060217.4800,2,1.191600,1,-1.072400,64.789773,1.688724,0.915339,-45.428208,0
2024-05-29,sz.300021,3.6308241600,3.6801560100,3.5814923100,3.6110914200,3.6406905300,6390350,23492120.0000,2,0.911900,1,-0.813000,64.263027,1.674994,0.907897,-45.058873,0
2024-05-30,sz.300021,3.6012250500,3.6505569000,3.5716259400,3.5913586800,3.6110914200,6354200,23198091.0000,2,0.906800,1,-0.546400,63.911863,1.665841,0.902936,-44.812650,0
2024-05-31,sz.300021,3.5913586800,3.6110914200,3.5716259400,3.6012250500,3.5913586800,5552399,20228040.3600,2,0.792300,1,0.274700,64.087445,1.670418,0.905417,-44.935762,0
2024-06-03,sz.300021,3.6012250500,3.6209577900,3.4532295000,3.4729622400,3.6012250500,10981100,39006285.0000,2,1.567000,1,-3.561600,61.804878,1.610923,0.873169,-43.335310,0
2024-06-04,sz.300021,3.4729622400,3.4729622400,3.3446994300,3.4038976500,3.4729622400,11175600,38456828.0000,2,1.594800,1,-1.988600,60.575804,1.578888,0.855805,-42.473528,0
2024-06-05,sz.300021,3.3940312800,3.4038976500,3.2855012100,3.2855012100,3.4038976500,9096250,30720489.0000,2,1.298100,1,-3.478300,58.468820,1.523970,0.826038,-40.996188,0
2024-06-06,sz.300021,3.2953675800,3.3151003200,3.1079065500,3.1473720300,3.2855012100,13112752,42288736.5600,2,1.871200,1,-4.204200,56.010671,1.459899,0.791309,-39.272625,0
2024-06-07,sz.300021,3.1868375100,3.3249666900,3.1868375100,3.3151003200,3.1473720300,11739002,38821907.1800,2,1.675200,1,5.329200,58.995566,1.537700,0.833479,-41.365523,0
2024-06-11,sz.300021,3.3052339500,3.3052339500,3.1769711400,3.2657684700,3.3151003200,10370950,34003297.0000,2,1.480000,1,-1.488100,58.117655,1.514817,0.821076,-40.749965,0
2024-06-12,sz.300021,3.2657684700,3.3446994300,3.2460357300,3.3348330600,3.2657684700,8972682,30108897.9800,2,1.280400,1,2.114800,59.346730,1.546853,0.838441,-41.611747,0
2024-06-13,sz.300021,3.3446994300,3.5321604600,3.3348330600,3.4137640200,3.3348330600,21605052,74750958.5600,2,3.083100,1,2.366900,60.751386,1.583465,0.858285,-42.596640,0
2024-06-14,sz.300021,3.3742985400,3.5222940900,3.3545658000,3.4038976500,3.4137640200,20606002,71806172.4000,2,2.940500,1,-0.289000,60.575804,1.578888,0.855805,-42.473528,0
2024-06-17,sz.300021,3.3742985400,3.3742985400,3.2855012100,3.2953675800,3.4038976500,14925500,50223395.3500,2,2.129900,1,-3.188400,58.644402,1.528547,0.828518,-41.119300,0
2024-06-18,sz.300021,3.2953675800,3.3348330600,3.2855012100,3.3151003200,3.2953675800,11189548,37590678.4400,2,1.596800,1,0.598800,58.995566,1.537700,0.833479,-41.365523,0
2024-06-19,sz.300021,3.3249666900,3.3446994300,3.2953675800,3.3151003200,3.3151003200,9410550,31648406.5000,2,1.342900,1,0.000000,58.995566,1.537700,0.833479,-41.365523,0
2024-06-20,sz.300021,3.3249666900,3.3742985400,3.2756348400,3.2855012100,3.3151003200,10543300,35498023.0000,2,1.504500,1,-0.892900,58.468834,1.523971,0.826038,-40.996198,0
2024-06-21,sz.300021,3.2657684700,3.4137640200,3.2164366200,3.3644321700,3.2855012100,17545410,59711338.3200,2,2.503800,1,2.402400,59.873491,1.560583,0.845883,-41.981092,0
2024-06-24,sz.300021,3.3545658000,3.3841649100,3.1473720300,3.1769711400,3.3644321700,17443348,57095833.3000,2,2.489200,1,-5.571800,56.537431,1.473629,0.798751,-39.641970,0
2024-06-25,sz.300021,3.1473720300,3.2065702500,3.1177729200,3.1572384000,3.1769711400,10840090,34707572.0000,2,1.546900,1,-0.621100,56.186267,1.464476,0.793790,-39.395746,0
2024-06-26,sz.300021,3.1572384000,3.2361693600,3.1177729200,3.2361693600,3.1572384000,9490653,30651049.1300,2,1.354300,1,2.500000,57.590924,1.501088,0.813635,-40.380640,0
2024-06-27,sz.300021,3.2164366200,3.3446994300,3.1769711400,3.3249666900,3.2361693600,18244250,60292060.9800,2,2.603500,1,2.743900,59.171163,1.542277,0.835960,-41.488645,0
2024-06-28,sz.300021,3.2953675800,3.3644321700,3.2263029900,3.2559021000,3.3249666900,21708000,72333432.0000,2,3.097800,1,-2.077200,57.942088,1.510241,0.818596,-40.626863,0
2024-07-01,sz.300021,3.2361693600,3.4630958700,3.2263029900,3.4137640200,3.2559021000,28430725,97166391.7200,2,4.057100,1,4.848500,60.751401,1.583465,0.858286,-42.596651,0
2024-07-02,sz.300021,3.4038976500,3.6308241600,3.3644321700,3.4729622400,3.4137640200,34392654,122353689.0800,2,4.907900,1,1.734100,61.804894,1.610924,0.873169,-43.335321,0
2024-07-03,sz.300021,3.4630958700,3.5321604600,3.3644321700,3.3841649100,3.4729622400,21991400,76527998.0000,2,3.138200,1,-2.556800,60.224655,1.569735,0.850844,-42.227316,0
2024-07-04,sz.300021,3.3446994300,3.3742985400,3.2460357300,3.2559021000,3.3841649100,15532200,51863578.0000,2,2.216500,1,-3.790100,57.942088,1.510241,0.818596,-40.626863,0
2024-07-05,sz.300021,3.2263029900,3.3052339500,3.1967038800,3.2855012100,3.2559021000,8166100,27015820.0000,2,1.165300,1,0.909100,58.468834,1.523971,0.826038,-40.996198,0
2024-07-08,sz.300021,3.2756348400,3.3841649100,3.2164366200,3.2361693600,3.2855012100,13375450,44569247.0000,2,1.908700,1,-1.501500,57.590924,1.501088,0.813635,-40.380640,0
2024-07-09,sz.300021,3.2164366200,3.2756348400,3.1276392900,3.2460357300,3.2361693600,14792354,47837761.5800,2,2.110900,1,0.304900,57.766506,1.505665,0.816115,-40.503752,0
2024-07-10,sz.300021,3.2164366200,3.2164366200,3.1572384000,3.1671047700,3.2460357300,9070600,29326320.0000,2,1.294400,1,-2.431600,56.361849,1.469053,0.796271,-39.518858,0
2024-07-11,sz.300021,3.2164366200,3.2756348400,3.2065702500,3.2657684700,3.1671047700,10873554,35761971.2000,2,1.551700,1,3.115300,58.117670,1.514818,0.821077,-40.749975,0
2024-07-12,sz.300021,3.2657684700,3.4532295000,3.2559021000,3.3545658000,3.2657684700,20167502,68630747.2600,2,2.877900,1,2.719000,59.697909,1.556006,0.843402,-41.857980,0
2024-07-15,sz.300021,3.3348330600,3.3446994300,3.2559021000,3.2855012100,3.3545658000,11437702,37999951.5800,2,1.632200,1,-2.058800,58.468834,1.523971,0.826038,-40.996198,0
2024-07-16,sz.300021,3.2361693600,3.2756348400,3.2263029900,3.2460357300,3.2855012100,6860800,22597052.0000,2,0.979000,1,-1.201200,57.766506,1.505665,0.816115,-40.503752,0
2024-07-17,sz.300021,3.2361693600,3.2559021000,3.1967038800,3.2263029900,3.2460357300,7319600,23907935.0000,2,1.044500,1,-0.607900,57.415342,1.496512,0.811154,-40.257528,0
2024-07-18,sz.300021,3.2065702500,3.2657684700,3.1572384000,3.2559021000,3.2263029900,8922600,28978947.0000,2,1.273300,1,0.917400,57.942088,1.510241,0.818596,-40.626863,0
2024-07-19,sz.300021,3.2263029900,3.2559021000,3.2065702500,3.2460357300,3.2559021000,6312236,20687545.0600,2,0.900800,1,-0.303000,57.766506,1.505665,0.816115,-40.503752,0
2024-07-22,sz.300021,3.2361693600,3.2657684700,3.1967038800,3.2164366200,3.2460357300,6172000,20112738.0000,2,0.880800,1,-0.911900,57.239760,1.491935,0.808674,-40.134416,0
2024-07-23,sz.300021,3.6110914200,3.7788197100,3.3841649100,3.4236303900,3.2164366200,56302836,202377738.4400,2,8.034500,1,6.441700,60.926983,1.588041,0.860766,-42.719762,0
2024-07-24,sz.300021,3.3151003200,3.5518932000,3.2855012100,3.4729622400,3.4236303900,43629825,151057896.5900,2,6.226100,1,1.440900,61.804894,1.610924,0.873169,-43.335321,0
2024-07-25,sz.300021,3.3841649100,3.4137640200,3.3052339500,3.3644321700,3.4729622400,24475850,83337259.0000,2,3.492700,1,-3.125000,59.873491,1.560583,0.845883,-41.981092,0
2024-07-26,sz.300021,3.3841649100,3.4236303900,3.3644321700,3.3841649100,3.3644321700,20552340,70513664.4600,2,2.932900,1,0.586500,60.224655,1.569735,0.850844,-42.227316,0
2024-07-29,sz.300021,3.4137640200,3.4729622400,3.3742985400,3.3841649100,3.3841649100,19541100,67651102.5000,2,2.788500,1,0.000000,60.224655,1.569735,0.850844,-42.227316,0
2024-07-30,sz.300021,3.3644321700,3.3841649100,3.3348330600,3.3446994300,3.3841649100,15094650,51289460.5000,2,2.154000,1,-1.166200,59.522327,1.551430,0.840921,-41.734869,0
2024-07-31,sz.300021,3.3249666900,3.4236303900,3.3052339500,3.4038976500,3.3446994300,18030760,61669871.4000,2,2.573000,1,1.769900,60.575819,1.578888,0.855805,-42.473539,0
2024-08-01,sz.300021,3.3940312800,3.4433631300,3.3841649100,3.4038976500,3.4038976500,13277760,45887046.5000,2,1.894800,1,0.000000,60.575819,1.578888,0.855805,-42.473539,0
2024-08-02,sz.300021,3.3742985400,3.4236303900,3.3545658000,3.3545658000,3.4038976500,11492603,39414046.2000,2,1.640000,1,-1.449300,59.697909,1.556006,0.843402,-41.857980,0
2024-08-05,sz.300021,3.3151003200,3.3841649100,3.2361693600,3.2361693600,3.3545658000,15530050,52125133.0000,2,2.216100,1,-3.529400,57.591651,1.501107,0.813645,-40.381150,0
2024-08-06,sz.300021,3.3249666900,3.3545658000,3.2657684700,3.3052339500,3.2361693600,11429500,38227128.0000,2,1.631000,1,2.134100,58.820741,1.533143,0.831009,-41.242943,0
2024-08-07,sz.300021,3.2855012100,3.3249666900,3.2855012100,3.2855012100,3.3052339500,9414700,31511589.0000,2,1.343500,1,-0.597000,58.469573,1.523990,0.826048,-40.996716,0
2024-08-08,sz.300021,3.2756348400,3.3545658000,3.2657684700,3.3348330600,3.2855012100,11200032,37621625.3200,2,1.598200,1,1.501500,59.347494,1.546873,0.838451,-41.612283,0
2024-08-09,sz.300021,3.3348330600,3.3644321700,3.2953675800,3.3052339500,3.3348330600,8774612,29611484.4400,2,1.252100,1,-0.887600,58.820741,1.533143,0.831009,-41.242943,0
2024-08-12,sz.300021,3.3151003200,3.3446994300,3.3052339500,3.3249666900,3.3052339500,8268503,27859531.0500,2,1.179900,1,0.597000,59.171910,1.542296,0.835971,-41.489169,0
2024-08-13,sz.300021,3.3151003200,3.3644321700,3.2559021000,3.3644321700,3.3249666900,13389485,45157627.1500,2,1.910900,1,1.186900,59.596758,1.553370,0.841973,-41.787057,0
2024-08-14,sz.300021,3.3644321700,3.4236303900,3.3545658000,3.3644321700,3.3644321700,12089398,41432302.5700,2,1.725400,1,0.000000,59.596758,1.553370,0.841973,-41.787057,0
2024-08-15,sz.300021,3.3446994300,3.4038976500,3.3249666900,3.4038976500,3.3644321700,12414313,42475163.5900,2,1.771700,1,1.173000,60.295840,1.571591,0.851849,-42.277228,0
2024-08-16,sz.300021,3.3940312800,3.3940312800,3.3348330600,3.3348330600,3.4038976500,9811113,33440901.3300,2,1.400200,1,-2.029000,59.072446,1.539704,0.834566,-41.419429,0
2024-08-19,sz.300021,3.3348330600,3.3841649100,3.3151003200,3.3644321700,3.3348330600,8514513,28930718.2000,2,1.215200,1,0.887600,59.596758,1.553370,0.841973,-41.787057,0
2024-08-20,sz.300021,3.3742985400,3.3742985400,3.2657684700,3.2855012100,3.3644321700,9926000,33239381.0000,2,1.416600,1,-2.346000,58.198594,1.516927,0.822220,-40.806716,0
2024-08-21,sz.300021,3.2756348400,3.2953675800,3.2559021000,3.2953675800,3.2855012100,6882100,22854185.0000,2,0.982200,1,0.300300,58.373364,1.521482,0.824689,-40.929258,0
2024-08-22,sz.300021,3.2164366200,3.2263029900,3.0585747000,3.0585747000,3.2953675800,20614515,64986515.4400,2,2.942100,1,-7.185600,59.470584,1.424071,0.744308,-300.247423,0
2024-08-23,sz.300021,3.0783074400,3.0783074400,2.9895101100,3.0783074400,3.0585747000,9804900,30118448.0000,2,1.399300,1,0.645200,59.854265,1.433259,0.749110,-302.184503,0
2024-08-26,sz.300021,3.1276392900,3.1868375100,3.0980401800,3.1473720300,3.0783074400,11016270,35074295.9000,2,1.572200,1,2.243600,61.197149,1.465415,0.765917,-308.964283,0
2024-08-27,sz.300021,3.1177729200,3.1572384000,3.0980401800,3.1177729200,3.1473720300,6628300,20972187.0000,2,0.946000,1,-0.940400,60.621627,1.451634,0.758714,-306.058663,0
2024-08-28,sz.300021,3.1079065500,3.1473720300,3.0783074400,3.1177729200,3.1177729200,6413805,20308776.9000,2,0.915400,1,0.000000,60.621627,1.451634,0.758714,-306.058663,0
2024-08-29,sz.300021,3.1276392900,3.1572384000,3.0881738100,3.1375056600,3.1177729200,6322505,20034358.8500,2,0.902300,1,0.632900,61.005308,1.460822,0.763516,-307.995743,0
2024-08-30,sz.300021,3.1473720300,3.2361693600,3.1276392900,3.2065702500,3.1375056600,10757000,34769046.0000,2,1.535200,1,2.201300,62.348192,1.492978,0.780323,-314.775524,0
2024-09-02,sz.300021,3.2065702500,3.2361693600,3.1671047700,3.1868375100,3.2065702500,7845500,25538054.0000,2,1.119700,1,-0.615400,61.964511,1.483790,0.775521,-312.838444,0
2024-09-03,sz.300021,3.1671047700,3.2361693600,3.1671047700,3.2361693600,3.1868375100,6352350,20601020.5000,2,0.906600,1,1.548000,62.923714,1.506759,0.787526,-317.681144,0
2024-09-04,sz.300021,3.2164366200,3.2361693600,3.1769711400,3.1868375100,3.2361693600,5530800,17996022.0000,2,0.789300,1,-1.524400,61.964511,1.483790,0.775521,-312.838444,0
2024-09-05,sz.300021,3.1967038800,3.2657684700,3.1967038800,3.2460357300,3.1868375100,7722850,25264724.0000,2,1.102200,1,1.857600,63.115555,1.511353,0.789927,-318.649684,0
2024-09-06,sz.300021,3.2460357300,3.2559021000,3.1769711400,3.1769711400,3.2460357300,5357300,17427657.0000,2,0.764600,1,-2.127700,61.772671,1.479197,0.773120,-311.869904,0
2024-09-09,sz.300021,3.1671047700,3.2460357300,3.1276392900,3.2263029900,3.1769711400,6417700,20832049.0000,2,0.915900,1,1.552800,62.731874,1.502166,0.785125,-316.712604,0
2024-09-10,sz.300021,3.2460357300,3.2559021000,3.1868375100,3.2460357300,3.2263029900,4707400,15376885.0000,2,0.671800,1,0.611600,63.115555,1.511353,0.789927,-318.649684,0
2024-09-11,sz.300021,3.2361693600,3.2361693600,3.1473720300,3.1769711400,3.2460357300,7753700,25014959.0000,2,1.106600,1,-2.127700,61.772671,1.479197,0.773120,-311.869904,0
2024-09-12,sz.300021,3.1769711400,3.2263029900,3.1572384000,3.1967038800,3.1769711400,5689162,18450766.8800,2,0.811900,1,0.621100,62.156352,1.488384,0.777922,-313.806984,0
2024-09-13,sz.300021,3.2657684700,3.3348330600,3.1375056600,3.1671047700,3.1967038800,17289895,56319681.3700,2,2.467600,1,-0.925900,61.580830,1.474603,0.770719,-310.901364,0
2024-09-18,sz.300021,2.8809800400,3.0783074400,2.8809800400,2.9697773700,3.1671047700,16188837,48845582.4800,2,2.310400,1,-6.230500,57.744018,1.382727,0.722699,-291.530562,0
2024-09-19,sz.300021,2.9796437400,3.0980401800,2.9697773700,3.0684410700,2.9697773700,13982200,43330104.8000,2,1.995500,1,3.322300,59.662424,1.428665,0.746709,-301.215963,0
2024-09-20,sz.300021,3.0881738100,3.0881738100,3.0289755900,3.0487083300,3.0684410700,8240025,25507221.2500,2,1.176000,1,-0.643100,59.278743,1.419478,0.741907,-299.278883,0
2024-09-23,sz.300021,3.0487083300,3.0684410700,3.0191092200,3.0487083300,3.0487083300,6371500,19650110.8000,2,0.909300,1,0.000000,59.278743,1.419478,0.741907,-299.278883,0
2024-09-24,sz.300021,3.0585747000,3.1671047700,3.0487083300,3.1671047700,3.0487083300,10784150,34025201.0000,2,1.539100,1,3.883500,61.580830,1.474603,0.770719,-310.901364,0
2024-09-25,sz.300021,3.1868375100,3.2756348400,3.1769711400,3.2164366200,3.1671047700,11864650,38840606.0000,2,1.693300,1,1.557600,62.540033,1.497572,0.782724,-315.744064,0
2024-09-26,sz.300021,3.1967038800,3.2953675800,3.1967038800,3.2953675800,3.2164366200,12590752,41417657.5200,2,1.796900,1,2.454000,64.074758,1.534322,0.801932,-323.492385,0
2024-09-27,sz.300021,3.3249666900,3.4729622400,3.3052339500,3.4334967600,3.2953675800,23482250,80448368.0000,2,3.351300,1,4.191600,66.760526,1.598635,0.835545,-337.051946,0
2024-09-30,sz.300021,3.5222940900,3.9169488900,3.4729622400,3.8676170400,3.4334967600,51359501,193008463.7700,2,7.329900,1,12.643700,75.201512,1.800761,0.941189,-379.667709,0
2024-10-08,sz.300021,4.5187974600,4.5187974600,3.8676170400,4.2326727300,3.8676170400,67622406,285950337.9600,2,9.650900,1,9.438800,82.299614,1.970731,1.030026,-415.503692,0
2024-10-09,sz.300021,4.0945435500,4.0945435500,3.7590869700,3.7886860800,4.2326727300,41646223,165503631.0900,2,5.943600,1,-10.489500,73.666787,1.764011,0.921981,-371.919388,0
2024-10-10,sz.300021,3.8972161500,3.9662807400,3.7788197100,3.8577506700,3.7886860800,25393104,99899054.1700,2,3.624000,1,1.822900,75.009672,1.796167,0.938788,-378.699169,0
2024-10-11,sz.300021,3.8577506700,3.8577506700,3.6406905300,3.6998887500,3.8577506700,20487653,77646940.3900,2,2.923900,1,-4.092100,71.940222,1.722667,0.900372,-363.202528,0
2024-10-14,sz.300021,3.7689533400,3.8873497800,3.7196214900,3.8873497800,3.6998887500,21961374,85013341.1800,2,3.134300,1,5.066700,75.585193,1.809949,0.945991,-381.604789,0
2024-10-15,sz.300021,3.8478843000,3.9366816300,3.7985524500,3.8281515600,3.8873497800,21056094,82585636.3500,2,3.005100,1,-1.522800,74.434150,1.782386,0.931585,-375.793549,0
2024-10-16,sz.300021,3.9465480000,4.3214700600,3.9465480000,4.1044099200,3.8281515600,72150221,301124005.4600,2,10.297100,1,7.216500,79.805686,1.911012,0.998813,-402.912671,0
2024-10-17,sz.300021,4.0057462200,4.0452117000,3.8774834100,3.9070825200,4.1044099200,48234332,192897222.0600,2,6.883900,1,-4.807700,75.968875,1.819136,0.950793,-383.541869,0
2024-10-18,sz.300021,3.8478843000,4.0254789600,3.7788197100,3.9465480000,3.9070825200,37225061,146322587.2700,2,5.312700,1,1.010100,76.736237,1.837511,0.960397,-387.416029,0
2024-10-21,sz.300021,3.9465480000,3.9761471100,3.8676170400,3.9465480000,3.9465480000,25741323,102532309.0800,2,3.673700,1,0.000000,76.736237,1.837511,0.960397,-387.416029,0
2024-10-22,sz.300021,3.9268152600,4.0254789600,3.9070825200,3.9958798500,3.9465480000,23214630,93504464.6100,2,3.313100,1,1.250000,77.695440,1.860480,0.972402,-392.258730,0
2024-10-23,sz.300021,4.0156125900,4.0649444400,3.9564143700,3.9860134800,3.9958798500,20287774,82173932.5600,2,2.895400,1,-0.246900,77.503599,1.855886,0.970001,-391.290190,0
2024-10-24,sz.300021,3.9465480000,3.9958798500,3.9268152600,3.9761471100,3.9860134800,15240000,61124814.0000,2,2.175000,1,-0.247500,77.311759,1.851293,0.967600,-390.321650,0
2024-10-25,sz.300021,3.9761471100,4.0057462200,3.9662807400,3.9860134800,3.9761471100,22420600,90593680.3000,2,3.199800,1,0.248100,77.503599,1.855886,0.970001,-391.290190,0
2024-10-28,sz.300021,4.1438754000,4.2721382100,4.1241426600,4.2524054700,3.9860134800,53828507,230407416.6100,2,7.682200,1,6.683200,84.154731,1.974699,1.053684,12.382919,0
2024-10-29,sz.300021,4.2622718400,4.3116036900,4.0945435500,4.1142762900,4.2524054700,33143856,140422885.8200,2,4.730200,1,-3.248300,81.421167,1.910555,1.019458,11.980690,0
2024-10-30,sz.300021,4.0846771800,4.1734745100,4.0846771800,4.1537417700,4.1142762900,22086083,92538709.0000,2,3.152100,1,0.959200,82.202185,1.928882,1.029237,12.095613,0
2024-10-31,sz.300021,4.1636081400,4.2129399900,4.1241426600,4.1734745100,4.1537417700,24980469,105706029.8700,2,3.565100,1,0.475100,82.592694,1.938045,1.034126,12.153074,0
2024-11-01,sz.300021,4.1537417700,4.1734745100,3.9662807400,3.9860134800,4.1734745100,23871460,98034172.4000,2,3.406900,1,-4.491700,78.882857,1.850994,0.987676,11.607191,0
2024-11-04,sz.300021,4.0057462200,4.0452117000,3.9465480000,4.0353453300,3.9860134800,14923084,60610417.6800,2,2.129800,1,1.237600,79.859130,1.873902,0.999900,11.750845,0
2024-11-05,sz.300021,4.0254789600,4.1636081400,4.0254789600,4.1636081400,4.0353453300,20775650,86361051.0000,2,2.965000,1,3.178500,82.397440,1.933464,1.031682,12.124343,0
2024-11-06,sz.300021,4.1340090300,4.2425391000,4.0945435500,4.2030736200,4.1636081400,27615757,117077522.3600,2,3.941200,1,0.947900,83.178458,1.951790,1.041461,12.239266,0
2024-11-07,sz.300021,4.2129399900,4.6470602700,4.1833408800,4.4793319800,4.2030736200,64669628,291377141.6300,2,9.229400,1,6.572800,88.645587,2.080077,1.109913,13.043725,0
2024-11-08,sz.300021,4.5089310900,4.5582629400,4.3609355400,4.4004010200,4.4793319800,38569050,172926598.0000,2,5.504400,1,-1.762100,87.083550,2.043424,1.090355,12.813879,0
2024-11-11,sz.300021,4.4201337600,4.5187974600,4.3017373200,4.4497328700,4.4004010200,32120299,143383893.5200,2,4.584100,1,1.121100,88.059823,2.066332,1.102579,12.957533,0
2024-11-12,sz.300021,4.4694656100,4.5878620500,4.3412028000,4.4004010200,4.4497328700,30471700,138059813.0000,2,4.348800,1,-1.108600,87.083550,2.043424,1.090355,12.813879,0
2024-11-13,sz.300021,4.5878620500,4.6371939000,4.3017373200,4.4004010200,4.4004010200,39653805,178669672.1300,2,5.659300,1,0.000000,87.083550,2.043424,1.090355,12.813879,0
2024-11-14,sz.300021,4.3116036900,4.3905346500,4.1833408800,4.1932072500,4.4004010200,28605513,123733657.9100,2,4.082000,1,-4.708500,82.990538,1.947381,1.039108,12.211615,0
2024-11-15,sz.300021,4.1636081400,4.2425391000,4.0846771800,4.0945435500,4.1932072500,17526300,74176901.0000,2,2.501000,1,-2.352900,81.037820,1.901560,1.014658,11.924282,0
2024-11-18,sz.300021,4.1142762900,4.2030736200,4.0156125900,4.0649444400,4.0945435500,20214820,84408799.6000,2,2.884700,1,-0.722900,80.452004,1.887814,1.007323,11.838083,0
2024-11-19,sz.300021,4.1044099200,4.1636081400,4.0353453300,4.1537417700,4.0649444400,13612853,56465269.0400,2,1.942600,1,2.184500,82.209451,1.929052,1.029328,12.096682,0
2024-11-20,sz.300021,4.1636081400,4.4398665000,4.1142762900,4.3313364300,4.1537417700,32129900,140419158.9800,2,4.585000,1,4.275500,85.724344,2.011530,1.073337,12.613880,0
2024-11-21,sz.300021,4.3017373200,4.4398665000,4.2721382100,4.3412028000,4.3313364300,21091004,92601395.5600,2,3.009700,1,0.227800,85.919616,2.016112,1.075782,12.642613,0
2024-11-22,sz.300021,4.3313364300,4.3313364300,4.1241426600,4.1438754000,4.3412028000,17623200,75782181.0000,2,2.514900,1,-4.545500,82.014179,1.924470,1.026883,12.067949,0
2024-11-25,sz.300021,4.1636081400,4.2622718400,4.0748108100,4.2524054700,4.1438754000,13857722,58480552.5600,2,1.977500,1,2.619000,84.162169,1.974873,1.053777,12.384014,0
2024-11-26,sz.300021,4.2425391000,4.3510691700,4.1734745100,4.2030736200,4.2524054700,17384603,75048374.3100,2,2.480800,1,-1.160100,83.185810,1.951963,1.041553,12.240348,0
2024-11-27,sz.300021,4.1734745100,4.1833408800,4.0254789600,4.1833408800,4.2030736200,17892076,74294151.6500,2,2.553200,1,-0.469500,82.795266,1.942799,1.036663,12.182881,0
2024-11-28,sz.300021,4.1636081400,4.3214700600,4.1636081400,4.2820045800,4.1833408800,21737522,93867641.5400,2,3.102000,1,2.358500,84.747985,1.988619,1.061112,12.470213,0
2024-11-29,sz.300021,4.2622718400,4.3116036900,4.1932072500,4.2721382100,4.2820045800,16020733,69288277.2200,2,2.286200,1,-0.230400,84.552713,1.984037,1.058667,12.441480,0
2024-12-02,sz.300021,4.2820045800,4.4595992400,4.2820045800,4.4300001300,4.2721382100,29199379,130058924.4100,2,4.166800,1,3.695200,87.677063,2.057350,1.097787,12.901212,0
2024-12-03,sz.300021,4.4201337600,4.5089310900,4.3708019100,4.4201337600,4.4300001300,21711765,97273542.5900,2,3.098300,1,-0.222700,87.481791,2.052768,1.095342,12.872478,0
2024-12-04,sz.300021,4.4004010200,4.4793319800,4.3313364300,4.3708019100,4.4201337600,22846102,102060674.9800,2,3.260200,1,-1.116100,86.505432,2.029858,1.083117,12.728812,0
2024-12-05,sz.300021,4.3313364300,4.4201337600,4.3116036900,4.4004010200,4.3708019100,14443300,64102772.0000,2,2.061100,1,0.677200,87.091247,2.043604,1.090452,12.815012,0
2024-12-06,sz.300021,4.4102673900,4.5089310900,4.4004010200,4.4891983500,4.4004010200,24102462,109037255.7300,2,3.439500,1,2.017900,88.848694,2.084843,1.112456,13.073611,0
2024-12-09,sz.300021,4.4891983500,4.5187974600,4.3510691700,4.4300001300,4.4891983500,22920500,102904359.0000,2,3.270800,1,-1.318700,87.677063,2.057350,1.097787,12.901212,0
2024-12-10,sz.300021,4.5385302000,4.5779956800,4.4201337600,4.4497328700,4.4300001300,24826917,112567350.4100,2,3.542800,1,0.445400,88.067606,2.066515,1.102677,12.958678,0
2024-12-11,sz.300021,4.4300001300,4.7555903400,4.3905346500,4.6963921200,4.4497328700,57079100,267643940.0000,2,8.145300,1,5.543200,92.949403,2.181066,1.163801,13.677008,0
2024-12-12,sz.300021,4.6569266400,4.6766593800,4.5385302000,4.5977284200,4.6963921200,35815103,166519668.8900,2,5.110900,1,-2.100800,90.996684,2.135246,1.139351,13.389676,0
2024-12-13,sz.300021,4.5681293100,4.5977284200,4.4398665000,4.4497328700,4.5977284200,28100800,128140208.0000,2,4.010000,1,-3.218900,88.067606,2.066515,1.102677,12.958678,0
2024-12-16,sz.300021,4.4793319800,4.5187974600,4.4102673900,4.4497328700,4.4497328700,20324853,91947713.1200,2,2.900400,1,0.000000,88.067606,2.066515,1.102677,12.958678,0
2024-12-17,sz.300021,4.4398665000,4.4497328700,4.2228063600,4.2425391000,4.4497328700,23531072,102678453.3800,2,3.357900,1,-4.656300,83.966898,1.970291,1.051332,12.355281,0
2024-12-18,sz.300021,4.2524054700,4.2721382100,4.1734745100,4.2228063600,4.2425391000,14439550,61957087.0000,2,2.060500,1,-0.465100,83.576354,1.961127,1.046443,12.297814,0
2024-12-19,sz.300021,4.2425391000,4.3313364300,4.1734745100,4.3116036900,4.2228063600,21133317,91566067.2700,2,3.015800,1,2.102800,85.333800,2.002366,1.068447,12.556413,0
2024-12-20,sz.300021,4.2820045800,4.3214700600,4.2326727300,4.2425391000,4.3116036900,16205153,70042257.4600,2,2.312500,1,-1.601800,83.966898,1.970291,1.051332,12.355281,0
2024-12-23,sz.300021,4.2820045800,4.2820045800,4.0156125900,4.0254789600,4.2425391000,21114202,87937346.8800,2,3.013000,1,-5.116300,79.670917,1.869485,0.997543,11.723150,0
2024-12-24,sz.300021,4.0452117000,4.3905346500,4.0353453300,4.3214700600,4.0254789600,34673347,148175143.8800,2,4.947900,1,7.352900,85.529072,2.006948,1.070892,12.585146,0
2024-12-25,sz.300021,4.2622718400,4.2622718400,4.0353453300,4.0846771800,4.3214700600,28009150,116523495.5000,2,3.996900,1,-5.479500,80.842548,1.896978,1.012213,11.895549,0
2024-12-26,sz.300021,4.1044099200,4.2129399900,4.0945435500,4.1142762900,4.0846771800,16413998,68954492.9200,2,2.342300,1,0.724600,81.428363,1.910724,1.019548,11.981749,0
2024-12-27,sz.300021,4.1142762900,4.2918709500,4.0846771800,4.2326727300,4.1142762900,20376338,87125273.2200,2,2.907700,1,2.877700,83.771626,1.965709,1.048887,12.326547,0
2024-12-30,sz.300021,4.2030736200,4.2228063600,4.0945435500,4.1142762900,4.2326727300,15581882,65098453.7200,2,2.223600,1,-2.797200,81.428363,1.910724,1.019548,11.981749,0
2024-12-31,sz.300021,4.1340090300,4.1636081400,3.9958798500,4.0156125900,4.1142762900,13003102,53606620.4000,2,1.855600,1,-2.398100,79.475645,1.864903,0.995098,11.694417,0
2025-01-02,sz.300021,4.0254789600,4.1044099200,3.9268152600,3.9662807400,4.0156125900,13776600,56203626.0000,2,1.965900,1,-1.228500,78.499286,1.841993,0.982874,11.550751,0
2025-01-03,sz.300021,3.9958798500,4.0057462200,3.7590869700,3.7590869700,3.9662807400,15798755,61837526.2000,2,2.254800,1,-5.223900,74.398600,1.745770,0.931530,10.947357,0
2025-01-06,sz.300021,3.7590869700,3.8182851900,3.6308241600,3.7788197100,3.7590869700,11762291,44634187.8900,2,1.678700,1,0.524900,74.789144,1.754934,0.936420,11.004823,0
2025-01-07,sz.300021,3.7788197100,3.8873497800,3.7689533400,3.8873497800,3.7788197100,11105800,43032706.0000,2,1.585000,1,2.872100,76.937135,1.805337,0.963314,11.320889,0
2025-01-08,sz.300021,3.8577506700,3.9070825200,3.7294878600,3.8380179300,3.8873497800,11164613,43164925.4200,2,1.593400,1,-1.269000,75.960775,1.782427,0.951089,11.177222,0
2025-01-09,sz.300021,3.8182851900,3.8972161500,3.7985524500,3.8478843000,3.8380179300,8113952,31775927.8600,2,1.158000,1,0.257100,76.156047,1.787009,0.953534,11.205956,0
2025-01-10,sz.300021,3.8478843000,3.8676170400,3.6998887500,3.6998887500,3.8478843000,9248500,35362455.0000,2,1.319900,1,-3.846200,73.226969,1.718278,0.916860,10.774957,0
2025-01-13,sz.300021,3.6505569000,3.7590869700,3.6012250500,3.7393542300,3.6998887500,8852150,33135038.5000,2,1.263400,1,1.066700,74.008056,1.736606,0.926640,10.889890,0
2025-01-14,sz.300021,3.7590869700,4.1241426600,3.7492206000,4.0057462200,3.7393542300,20348446,81228932.5300,2,2.904100,1,7.124000,79.280398,1.860322,0.992654,11.665687,0
2025-01-15,sz.300021,3.9958798500,4.0452117000,3.9070825200,3.9860134800,4.0057462200,12293500,49482389.0000,2,1.754500,1,-0.492600,78.889854,1.851158,0.987764,11.608221,0
2025-01-16,sz.300021,3.9958798500,4.0452117000,3.9366816300,3.9958798500,3.9860134800,11069000,44923431.0000,2,1.579800,1,0.247500,79.085126,1.855740,0.990209,11.636954,0
2025-01-17,sz.300021,3.9761471100,3.9958798500,3.9366816300,3.9662807400,3.9958798500,7130011,28685735.1100,2,1.017600,1,-0.740700,78.499310,1.841994,0.982874,11.550754,0
2025-01-20,sz.300021,4.0254789600,4.0353453300,3.9366816300,4.0156125900,3.9662807400,8438505,34190589.3000,2,1.204300,1,1.243800,79.475670,1.864904,0.995099,11.694420,0
2025-01-21,sz.300021,4.0550780700,4.0550780700,3.9564143700,3.9860134800,4.0156125900,7700400,31194276.0000,2,1.099000,1,-0.737100,78.889854,1.851158,0.987764,11.608221,0
2025-01-22,sz.300021,3.9761471100,4.0057462200,3.9070825200,3.9366816300,3.9860134800,8455680,33720814.4000,2,1.206800,1,-1.237600,77.913495,1.828247,0.975539,11.464555,0
2025-01-23,sz.300021,3.9662807400,4.0550780700,3.9564143700,3.9564143700,3.9366816300,9816935,39925931.1500,2,1.401100,1,0.501300,78.304038,1.837412,0.980429,11.522021,0
2025-01-24,sz.300021,3.9564143700,3.9958798500,3.9169488900,3.9860134800,3.9564143700,8386800,33682258.9200,2,1.197000,1,0.748100,78.889854,1.851158,0.987764,11.608221,0
2025-01-27,sz.300021,4.1142762900,4.2918709500,4.0945435500,4.1142762900,3.9860134800,30521453,129287405.5400,2,4.356000,1,3.217800,81.428389,1.910725,1.019548,11.981753,0
2025-02-05,sz.300021,4.1044099200,4.2820045800,4.0945435500,4.2326727300,4.1142762900,24073442,102459877.8400,2,3.435700,1,2.877700,83.771652,1.965710,1.048888,12.326551,0
2025-02-06,sz.300021,4.2326727300,4.2425391000,4.1340090300,4.2129399900,4.2326727300,18950400,80335832.0000,2,2.704600,1,-0.466200,83.381108,1.956545,1.043998,12.269085,0
2025-02-07,sz.300021,4.1932072500,4.2622718400,4.1833408800,4.2425391000,4.2129399900,19014935,81516051.4500,2,2.713800,1,0.702600,83.966924,1.970292,1.051333,12.355285,0
2025-02-10,sz.300021,4.2425391000,4.3214700600,4.2425391000,4.3116036900,4.2425391000,22176800,96568448.5000,2,3.165000,1,1.627900,85.333827,2.002366,1.068447,12.556417,0
2025-02-11,sz.300021,4.3017373200,4.3116036900,4.2228063600,4.3017373200,4.3116036900,14417300,62244657.0000,2,2.057600,1,-0.228800,85.138555,1.997784,1.066003,12.527684,0
2025-02-12,sz.300021,4.3214700600,4.4497328700,4.3017373200,4.3510691700,4.3017373200,23133150,102389205.9000,2,3.301500,1,1.146800,86.114915,2.020694,1.078227,12.671350,0
2025-02-13,sz.300021,4.3412028000,4.4004010200,4.2918709500,4.2918709500,4.3510691700,16949172,74424013.3000,2,2.419000,1,-1.360500,84.943284,1.993202,1.063558,12.498951,0
2025-02-14,sz.300021,4.2721382100,4.4300001300,4.2721382100,4.4102673900,4.2918709500,26522500,117022077.3800,2,3.785300,1,2.758600,87.286547,2.048187,1.092897,12.843749,0
2025-02-17,sz.300021,4.4694656100,4.7161248600,4.4201337600,4.5779956800,4.4102673900,50819550,234737783.5000,2,7.252900,1,3.803100,90.606169,2.126082,1.134461,13.332214,0
2025-02-18,sz.300021,4.5187974600,4.5483965700,4.3609355400,4.3708019100,4.5779956800,28605800,129113265.5000,2,4.082600,1,-4.525900,86.505459,2.029859,1.083117,12.728816,0
2025-02-19,sz.300021,4.3708019100,4.4595992400,4.3708019100,4.4300001300,4.3708019100,20242300,90508350.0000,2,2.888900,1,1.354400,87.677090,2.057351,1.097787,12.901216,0
2025-02-20,sz.300021,4.4300001300,4.5483965700,4.3708019100,4.5187974600,4.4300001300,23482800,106332776.0000,2,3.351400,1,2.004500,89.434538,2.098590,1.119792,13.159815,0
2025-02-21,sz.300021,4.5089310900,4.5977284200,4.4793319800,4.5977284200,4.5187974600,28371400,130827218.0000,2,4.050000,1,1.746700,90.980161,2.134858,1.139144,13.387245,0
2025-02-24,sz.300021,4.8838531500,5.1403787700,4.7062584900,4.7753230800,4.5977284200,105530740,525233367.8600,2,15.064600,1,3.862700,94.494416,2.217320,1.183145,13.904349,0
2025-02-25,sz.300021,4.5878620500,4.6667930100,4.4398665000,4.4793319800,4.7753230800,65547769,300762587.0700,2,9.357000,1,-6.198300,88.637324,2.079883,1.109810,13.042509,0
2025-02-26,sz.300021,4.4990647200,4.5582629400,4.4102673900,4.4497328700,4.4793319800,39416363,178181861.4600,2,5.626700,1,-0.660800,88.051615,2.066139,1.102476,12.956325,0
2025-02-27,sz.300021,4.4595992400,4.4891983500,4.3609355400,4.4398665000,4.4497328700,28493950,127635040.0000,2,4.067500,1,-0.221700,87.856378,2.061558,1.100032,12.927597,0
2025-02-28,sz.300021,4.4102673900,4.4300001300,4.3116036900,4.3214700600,4.4398665000,24592200,109083039.0000,2,3.510600,1,-2.666700,85.513542,2.006583,1.070698,12.582861,0
2025-03-03,sz.300021,4.3313364300,4.4300001300,4.3116036900,4.3708019100,4.3214700600,19259200,85623434.0000,2,2.749300,1,1.141600,86.489724,2.029489,1.082920,12.726501,0
2025-03-04,sz.300021,4.3510691700,4.4398665000,4.3412028000,4.4398665000,4.3708019100,16679600,74427135.0000,2,2.381000,1,1.580100,87.856378,2.061558,1.100032,12.927597,0
2025-03-05,sz.300021,4.4398665000,4.4497328700,4.3412028000,4.4102673900,4.4398665000,14551700,64632028.0000,2,2.077300,1,-0.666700,87.270669,2.047814,1.092698,12.841413,0
2025-03-06,sz.300021,4.4102673900,4.4497328700,4.3905346500,4.4398665000,4.4102673900,19902040,89301491.1200,2,2.841000,1,0.671100,87.856378,2.061558,1.100032,12.927597,0
2025-03-07,sz.300021,4.4398665000,4.5286638300,4.3905346500,4.4793319800,4.4398665000,20105220,90481065.2600,2,2.870000,1,0.888900,88.637324,2.079883,1.109810,13.042509,0
2025-03-10,sz.300021,4.4398665000,4.4793319800,4.3905346500,4.4201337600,4.4793319800,15378485,69009159.5000,2,2.195300,1,-1.321600,87.465906,2.052396,1.095143,12.870141,0
2025-03-11,sz.300021,4.3708019100,4.4595992400,4.3510691700,4.4497328700,4.4201337600,15450000,69273638.0000,2,2.205500,1,0.669600,88.051615,2.066139,1.102476,12.956325,0
2025-03-12,sz.300021,4.4497328700,4.4793319800,4.4102673900,4.4201337600,4.4497328700,13657750,61319615.5000,2,1.949700,1,-0.665200,87.465906,2.052396,1.095143,12.870141,0
2025-03-13,sz.300021,4.4398665000,4.4694656100,4.3708019100,4.4201337600,4.4201337600,15505000,69441924.1200,2,2.213400,1,0.000000,87.465906,2.052396,1.095143,12.870141,0
2025-03-14,sz.300021,4.4300001300,4.4694656100,4.3905346500,4.4694656100,4.4201337600,17383250,78223745.5000,2,2.481500,1,1.116100,88.442088,2.075302,1.107365,13.013781,0
2025-03-17,sz.300021,4.4891983500,4.5483965700,4.4694656100,4.5089310900,4.4694656100,20554900,93943898.0000,2,2.934200,1,0.883000,89.223033,2.093627,1.117143,13.128693,0
2025-03-18,sz.300021,4.4990647200,4.5286638300,4.4694656100,4.5089310900,4.5089310900,13878800,63304627.0000,2,1.981200,1,0.000000,89.223033,2.093627,1.117143,13.128693,0
2025-03-19,sz.300021,4.4990647200,4.5779956800,4.4595992400,4.5385302000,4.5089310900,18259700,83593296.0000,2,2.606600,1,0.656500,89.808742,2.107370,1.124477,13.214877,0
2025-03-20,sz.300021,4.5385302000,4.5878620500,4.4891983500,4.5582629400,4.5385302000,15304472,70475025.7900,2,2.184700,1,0.434800,90.199215,2.116533,1.129366,13.272333,0
2025-03-21,sz.300021,4.5286638300,4.5681293100,4.4793319800,4.4990647200,4.5582629400,14884890,68070051.5900,2,2.124800,1,-1.298700,89.027797,2.089046,1.114699,13.099965,0
2025-03-24,sz.300021,4.5089310900,4.5089310900,4.2820045800,4.3609355400,4.4990647200,20847495,92526030.4000,2,2.976000,1,-3.070200,86.294487,2.024908,1.080476,12.697773,0
2025-03-25,sz.300021,4.3609355400,4.4300001300,4.3214700600,4.3806682800,4.3609355400,11958833,53010818.4800,2,1.707100,1,0.452500,86.684960,2.034071,1.085365,12.755229,0
2025-03-26,sz.300021,4.3510691700,4.5286638300,4.3510691700,4.5187974600,4.3806682800,18168400,82390168.0000,2,2.593600,1,3.153200,89.418270,2.098208,1.119588,13.157421,0
2025-03-27,sz.300021,4.5286638300,4.5385302000,4.4201337600,4.4398665000,4.5187974600,24796800,112078941.0000,2,3.539800,1,-1.746700,87.856378,2.061558,1.100032,12.927597,0
2025-03-28,sz.300021,4.4300001300,4.4398665000,4.3214700600,4.3510691700,4.4398665000,15452400,68442558.0000,2,2.205800,1,-2.000000,86.099251,2.020327,1.078031,12.669045,0
2025-03-31,sz.300021,4.5779956800,4.7950558200,4.3905346500,4.4300001300,4.3510691700,58465025,271292136.8200,2,8.345900,1,1.814100,87.661142,2.056977,1.097587,12.898869,0
2025-04-01,sz.300021,4.3905346500,4.5681293100,4.3806682800,4.5187974600,4.4300001300,44926905,204395922.1200,2,6.413400,1,2.004500,89.418270,2.098208,1.119588,13.157421,0
2025-04-02,sz.300021,4.4990647200,4.5187974600,4.3905346500,4.3905346500,4.5187974600,25210302,113226517.9600,2,3.598600,1,-2.838400,86.880580,2.038661,1.087814,12.784014,0
2025-04-03,sz.300021,4.3905346500,4.4694656100,4.3609355400,4.3806682800,4.3905346500,18807700,83968940.0000,2,2.684700,1,-0.224700,86.685343,2.034080,1.085370,12.755285,0
2025-04-07,sz.300021,4.1833408800,4.2228063600,3.9070825200,3.9564143700,4.3806682800,38239176,157136277.4400,2,5.458400,1,-9.684700,78.290141,1.837085,0.980255,11.519976,0
2025-04-08,sz.300021,4.0945435500,4.7457239700,4.0945435500,4.7457239700,3.9564143700,103151467,471308437.8600,2,14.724300,1,19.950100,93.909122,2.203586,1.175817,13.818226,0
2025-04-09,sz.300021,4.7457239700,5.2094433600,4.5681293100,4.9035858900,4.7457239700,159492218,789594391.5000,2,22.766700,1,3.326400,97.032918,2.276886,1.214929,14.277876,0
2025-04-10,sz.300021,4.6371939000,5.0713141800,4.6371939000,4.8641204100,4.9035858900,133226950,662258633.9100,2,19.017400,1,-0.804800,96.251969,2.258561,1.205151,14.162963,0
2025-04-11,sz.300021,4.8246549300,4.8542540400,4.6075947900,4.6273275300,4.8641204100,85591964,405752302.8900,2,12.217800,1,-4.868200,91.566275,2.148611,1.146483,13.473488,0
2025-04-14,sz.300021,4.6273275300,4.7457239700,4.5779956800,4.6667930100,4.6273275300,60241263,285582158.6800,2,8.599100,1,0.852900,92.347224,2.166936,1.156261,13.588401,0
2025-04-15,sz.300021,4.7161248600,4.7457239700,4.5582629400,4.5977284200,4.6667930100,44796924,209870019.9700,2,6.394500,1,-1.479900,90.980563,2.134867,1.139149,13.387304,0
2025-04-16,sz.300021,4.5779956800,4.6371939000,4.3609355400,4.4201337600,4.5977284200,49123699,222801876.8800,2,7.012100,1,-3.862700,87.466292,2.052405,1.095148,12.870198,0
2025-04-17,sz.300021,4.3905346500,4.4595992400,4.3412028000,4.4004010200,4.4201337600,27187056,121433835.0400,2,3.880800,1,-0.446400,87.075818,2.043242,1.090259,12.812742,0
2025-04-18,sz.300021,4.4004010200,4.4102673900,4.2425391000,4.3214700600,4.4004010200,33315599,145525463.5500,2,4.755600,1,-1.793700,85.513920,2.006592,1.070702,12.582917,0
2025-04-21,sz.300021,4.2918709500,4.4201337600,4.2918709500,4.4102673900,4.3214700600,24628855,109305190.1700,2,3.515600,1,2.054800,87.271055,2.047823,1.092703,12.841470,0
2025-04-22,sz.300021,4.4300001300,4.6865257500,4.4300001300,4.5286638300,4.4102673900,37703383,173036897.3300,2,5.382000,1,2.684600,89.613902,2.102799,1.122037,13.186207,0
2025-04-23,sz.300021,4.5286638300,4.7654567100,4.4793319800,4.6865257500,4.5286638300,61922327,291205980.4300,2,8.630100,1,3.485800,50.980646,2.184183,0.944539,7.816748,0
2025-04-24,sz.300021,4.6273275300,4.6569266400,4.5582629400,4.6174611600,4.6865257500,30856668,143950887.7400,2,4.300500,1,-1.473700,50.229352,2.151995,0.930620,7.701554,0
2025-04-25,sz.300021,4.6273275300,4.6865257500,4.5779956800,4.6273275300,4.6174611600,32244761,151114968.4800,2,4.493900,1,0.213700,50.336680,2.156593,0.932608,7.718010,0
2025-04-28,sz.300021,4.5977284200,4.7555903400,4.3510691700,4.7062584900,4.6273275300,71728533,334145001.5800,2,9.996100,1,1.705800,51.585881,2.184177,0.933109,10.280635,0
2025-04-29,sz.300021,4.7259912300,4.7654567100,4.6470602700,4.6963921200,4.7062584900,38915973,185087521.4900,2,5.423300,1,-0.209600,51.477734,2.179598,0.931153,10.259082,0
2025-04-30,sz.300021,4.6963921200,4.7358576000,4.6174611600,4.6371939000,4.6963921200,32391734,152837303.6700,2,4.514100,1,-1.260500,50.828855,2.152124,0.919415,10.129766,0
2025-05-06,sz.300021,4.6569266400,4.8443876700,4.6371939000,4.8246549300,4.6371939000,56027665,268659945.0900,2,7.808000,1,4.042600,52.883639,2.239125,0.956583,10.539267,0
2025-05-07,sz.300021,4.8542540400,5.0811805500,4.7753230800,5.0219823300,4.8246549300,90470593,451563732.7800,2,12.608000,1,4.090000,55.046569,2.330705,0.995707,10.970321,0
2025-05-08,sz.300021,4.9134522600,4.9627841100,4.8049221900,4.8542540400,5.0219823300,53035889,261721677.9300,2,7.391100,1,-3.339900,53.208078,2.252862,0.962452,10.603925,0
2025-05-09,sz.300021,4.8443876700,4.8937195200,4.7753230800,4.8049221900,4.8542540400,38613758,188814508.0000,2,5.381200,1,-1.016300,52.667346,2.229967,0.952671,10.496161,0
2025-05-12,sz.300021,4.7358576000,4.8049221900,4.6865257500,4.7753230800,4.8049221900,32968711,158251101.1500,2,4.594500,1,-0.616000,52.342906,2.216230,0.946802,10.431503,0
2025-05-13,sz.300021,4.7753230800,4.7851894500,4.6470602700,4.6766593800,4.7753230800,31262748,148903218.2100,2,4.356800,1,-2.066100,51.261441,2.170440,0.927240,10.215976,0
2025-05-14,sz.300021,4.6470602700,4.7062584900,4.6273275300,4.6667930100,4.6766593800,24561954,116306192.4700,2,3.423000,1,-0.211000,51.153295,2.165861,0.925284,10.194424,0
2025-05-15,sz.300021,4.6766593800,4.8246549300,4.6569266400,4.6569266400,4.6667930100,35094963,167821932.5100,2,4.890800,1,-0.211400,51.045148,2.161282,0.923328,10.172871,0
2025-05-16,sz.300021,4.6371939000,4.7654567100,4.5779956800,4.6470602700,4.6569266400,27780753,131498196.1900,2,3.871500,1,-0.211900,50.937002,2.156703,0.921372,10.151318,0
2025-05-19,sz.300021,4.6865257500,4.7753230800,4.6766593800,4.7358576000,4.6470602700,31974400,153015186.0800,2,4.456000,1,1.910800,51.910320,2.197914,0.938977,10.345293,0
2025-05-20,sz.300021,4.7358576000,4.8937195200,4.7358576000,4.8641204100,4.7358576000,50646189,247519314.5000,2,7.058100,1,2.708300,53.316225,2.257441,0.964408,10.625478,0
2025-05-21,sz.300021,4.8542540400,4.9134522600,4.8049221900,4.8542540400,4.8641204100,35596792,174930894.7300,2,4.960800,1,-0.202800,53.208078,2.252862,0.962452,10.603925,0
2025-05-22,sz.300021,4.8246549300,4.9923832200,4.7753230800,4.7950558200,4.8542540400,42366949,209177475.1600,2,5.904300,1,-1.219500,52.559199,2.225388,0.950715,10.474609,0
2025-05-23,sz.300021,4.8147885600,4.8739867800,4.6865257500,4.7259912300,4.7950558200,38806923,188028407.3800,2,5.408100,1,-1.440300,51.802174,2.193335,0.937021,10.323740,0
2025-05-26,sz.300021,4.7457239700,5.0121159600,4.6865257500,4.9430513700,4.7259912300,72157644,357977435.0000,2,10.055900,1,4.592900,54.181397,2.294073,0.980058,10.797899,0
2025-05-27,sz.300021,4.9134522600,4.9233186300,4.8443876700,4.8838531500,4.9430513700,43808641,216626664.0400,2,6.105200,1,-1.197600,53.532518,2.266599,0.968321,10.668583,0
2025-05-28,sz.300021,4.8937195200,4.9331850000,4.6569266400,4.6963921200,4.8838531500,55805899,268415343.4200,2,7.500300,1,-3.838400,53.043492,2.245893,0.959475,10.571124,0
2025-05-29,sz.300021,4.6667930100,4.8838531500,4.6371939000,4.7950558200,4.6963921200,50252874,242063124.0700,2,6.753900,1,2.100800,54.157852,2.293076,0.979632,10.793207,0
2025-05-30,sz.300021,4.9627841100,5.0219823300,4.7062584900,4.7358576000,4.7950558200,59047575,287791466.2300,2,7.936000,1,-1.234600,53.489236,2.264766,0.967538,10.659957,0
2025-06-03,sz.300021,4.6371939000,4.7062584900,4.6174611600,4.6569266400,4.7358576000,34054702,160771940.5700,2,4.577900,1,-1.666700,52.378916,2.217755,0.947454,10.438680,0
2025-06-04,sz.300021,4.6470602700,4.6766593800,4.5582629400,4.6075947900,4.6569266400,36142290,168247666.9600,2,4.858500,1,-1.059300,51.824055,2.194261,0.937417,10.328101,0
2025-06-05,sz.300021,4.5977284200,4.6371939000,4.5582629400,4.6174611600,4.6075947900,26312631,122778953.8300,2,3.537100,1,0.214100,51.935027,2.198960,0.939424,10.350217,0
2025-06-06,sz.300021,4.6371939000,4.7555903400,4.5977284200,4.6667930100,4.6174611600,33603976,158949502.7400,2,4.517300,1,1.068400,52.489889,2.222453,0.949461,10.460796,0
2025-06-09,sz.300021,4.6569266400,4.7161248600,4.6174611600,4.6865257500,4.6667930100,22972113,108540449.2700,2,3.088100,1,0.422800,52.711833,2.231850,0.953476,10.505027,0
2025-06-10,sz.300021,4.6667930100,4.7062584900,4.5483965700,4.6865257500,4.6865257500,35439207,166169692.2700,2,4.764000,1,0.000000,52.711833,2.231850,0.953476,10.505027,0
2025-06-11,sz.300021,4.6569266400,4.7457239700,4.6371939000,4.7259912300,4.6865257500,36381507,173391482.3200,2,4.890600,1,0.842100,53.155722,2.250645,0.961505,10.593491,0
2025-06-12,sz.300021,4.7161248600,4.7161248600,4.6075947900,4.6766593800,4.7259912300,28932727,136768726.1800,2,3.889300,1,-1.043800,52.600861,2.227152,0.951468,10.482912,0
2025-06-13,sz.300021,4.6667930100,4.7161248600,4.5385302000,4.5483965700,4.6766593800,25808641,120367670.5700,2,3.469400,1,-2.742600,51.158221,2.166070,0.925373,10.195406,0
2025-06-16,sz.300021,4.5286638300,4.5582629400,4.4891983500,4.5385302000,4.5483965700,21129872,96816940.0400,2,2.840400,1,-0.216900,51.047249,2.161371,0.923366,10.173290,0
2025-06-17,sz.300021,4.5286638300,4.5681293100,4.4891983500,4.5187974600,4.5385302000,14962190,68567546.3400,2,2.011300,1,-0.434800,50.825305,2.151974,0.919351,10.129058,0
2025-06-18,sz.300021,4.5089310900,4.5187974600,4.4201337600,4.4595992400,4.5187974600,15859898,71593234.3200,2,2.122900,1,-1.310000,50.338470,2.131361,0.910545,10.032036,0
2025-06-19,sz.300021,4.4497328700,4.4891983500,4.3412028000,4.3510691700,4.4595992400,16748718,74645374.9500,2,2.241900,1,-2.433600,49.113419,2.079491,0.888386,9.787894,0
2025-06-20,sz.300021,4.3609355400,4.6371939000,4.3313364300,4.5286638300,4.3510691700,42191241,192290781.9000,2,5.647400,1,4.081600,51.118048,2.164369,0.924647,10.187399,0
2025-06-23,sz.300021,4.4201337600,4.4497328700,4.3609355400,4.4300001300,4.5286638300,29853340,133000688.6000,2,3.996000,1,-2.178600,50.004365,2.117215,0.904502,9.965452,0
2025-06-24,sz.300021,4.4200000000,4.4800000000,4.4100000000,4.4700000000,4.4300000000,22124864,98508537.9900,2,2.961500,1,0.902900,49.781629,2.107784,0.900473,9.921062,0
2025-06-25,sz.300021,4.4700000000,4.5100000000,4.4300000000,4.5100000000,4.4700000000,21416496,95789354.2900,2,2.866700,1,0.894900,50.227102,2.126645,0.908531,10.009841,0
2025-06-26,sz.300021,4.5000000000,4.5200000000,4.4600000000,4.4700000000,4.5100000000,16814916,75397437.5000,2,2.250700,1,-0.886900,49.781629,2.107784,0.900473,9.921062,0
2025-06-27,sz.300021,4.6200000000,4.7900000000,4.6000000000,4.6300000000,4.4700000000,73023448,342557161.2600,2,9.774400,1,3.579400,51.563522,2.183230,0.932704,10.276179,0
2025-06-30,sz.300021,4.6400000000,4.6800000000,4.5700000000,4.6000000000,4.6300000000,38614981,177656189.2700,2,5.168700,1,-0.647900,51.229417,2.169084,0.926661,10.209594,0
2025-07-01,sz.300021,4.5800000000,4.6000000000,4.5300000000,4.5800000000,4.6000000000,23112612,105499251.7200,2,3.093700,1,-0.434800,51.006680,2.159653,0.922632,10.165205,0
2025-07-02,sz.300021,4.5700000000,4.6100000000,4.5500000000,4.5800000000,4.5800000000,20757700,95017056.0000,2,2.778500,1,0.000000,51.006680,2.159653,0.922632,10.165205,0
2025-07-03,sz.300021,4.5800000000,4.6900000000,4.5600000000,4.6700000000,4.5800000000,35337673,163732242.6500,2,4.730000,1,1.965100,52.008995,2.202092,0.940762,10.364958,0
2025-07-04,sz.300021,4.9300000000,5.3700000000,4.8200000000,4.8400000000,4.6700000000,131406109,661094509.0300,2,17.589100,1,3.640300,53.902256,2.282254,0.975009,10.742269,0
2025-07-07,sz.300021,4.7000000000,4.8200000000,4.6800000000,4.7900000000,4.8400000000,69999296,332703157.4600,2,9.369600,1,-1.033100,53.345414,2.258677,0.964936,10.631295,0
2025-07-08,sz.300021,4.7700000000,4.8800000000,4.7500000000,4.8100000000,4.7900000000,48803566,234485254.5300,2,6.532500,1,0.417500,53.568151,2.268107,0.968965,10.675684,0
2025-07-09,sz.300021,4.8200000000,4.8500000000,4.7500000000,4.7800000000,4.8100000000,37216866,178409754.7800,2,4.981600,1,-0.623700,53.234046,2.253961,0.962922,10.609100,0
2025-07-10,sz.300021,4.7600000000,4.8200000000,4.7200000000,4.8000000000,4.7800000000,32626818,155301522.3700,2,4.367200,1,0.418400,53.456783,2.263392,0.966951,10.653490,0
2025-07-11,sz.300021,4.7900000000,4.8300000000,4.7500000000,4.7900000000,4.8000000000,29929592,143295474.9200,2,4.006200,1,-0.208300,53.345414,2.258677,0.964936,10.631295,0
2025-07-14,sz.300021,4.7800000000,4.8200000000,4.7600000000,4.7800000000,4.7900000000,20771062,99364796.7400,2,2.780300,1,-0.208800,53.234046,2.253961,0.962922,10.609100,0
2025-07-15,sz.300021,4.7700000000,4.7800000000,4.6600000000,4.6900000000,4.7800000000,25622600,120430604.2300,2,3.429700,1,-1.882800,52.231731,2.211523,0.944791,10.409347,0
2025-07-16,sz.300021,4.6800000000,4.7300000000,4.6700000000,4.7000000000,4.6900000000,16422151,77109922.2100,2,2.198200,1,0.213200,52.343100,2.216238,0.946806,10.431542,0
2025-07-17,sz.300021,4.6900000000,4.7200000000,4.6700000000,4.7000000000,4.7000000000,17375800,81547765.9700,2,2.325800,1,0.000000,52.343100,2.216238,0.946806,10.431542,0
2025-07-18,sz.300021,4.7000000000,4.7100000000,4.6600000000,4.6900000000,4.7000000000,14771900,69215027.0000,2,1.977300,1,-0.212800,52.231731,2.211523,0.944791,10.409347,0
2025-07-21,sz.300021,4.7600000000,4.8700000000,4.7600000000,4.8600000000,4.6900000000,56844214,274550390.1800,2,7.608800,1,3.624700,54.124992,2.291684,0.979037,10.786658,0
2025-07-22,sz.300021,5.2100000000,5.8300000000,5.0200000000,5.8300000000,4.8600000000,195032691,1060988588.7900,2,26.105700,1,19.958800,64.927717,2.749078,1.174442,12.939551,0
2025-07-23,sz.300021,6.2200000000,6.9300000000,6.0800000000,6.6100000000,5.8300000000,296213372,1938536567.0300,2,39.649000,1,13.379100,73.614445,3.116880,1.331572,14.670743,0
2025-07-24,sz.300021,6.1100000000,6.3500000000,5.8500000000,6.2100000000,6.6100000000,208846866,1272706362.4100,2,27.954700,1,-6.051400,69.159713,2.928264,1.250992,13.782952,0
2025-07-25,sz.300021,6.1200000000,6.8500000000,5.8500000000,6.3900000000,6.2100000000,236856264,1494369588.1500,2,31.703900,1,2.898600,71.164342,3.013141,1.287253,14.182458,0
2025-07-28,sz.300021,6.3900000000,7.0200000000,6.2100000000,6.9600000000,6.3900000000,222722599,1504997165.7900,2,29.812000,1,8.920200,77.512335,3.281919,1.402078,15.447560,0
2025-07-29,sz.300021,6.8000000000,6.9600000000,6.3000000000,6.6300000000,6.9600000000,202931545,1335888271.7400,2,27.163000,1,-4.741400,73.837181,3.126310,1.335600,14.715133,0
2025-07-30,sz.300021,6.4000000000,6.6000000000,6.1900000000,6.2100000000,6.6300000000,148412782,946589334.9200,2,18.957700,1,-6.334800,71.918688,3.045080,1.300898,14.332793,0
2025-07-31,sz.300021,6.0800000000,6.4600000000,6.0700000000,6.3200000000,6.2100000000,138195316,864911706.6400,2,17.614100,1,1.771300,73.326987,3.104708,1.326372,14.613455,0
2025-08-01,sz.300021,6.1500000000,6.1800000000,5.7200000000,5.7300000000,6.3200000000,138596382,819217679.8900,2,17.665200,1,-9.335400,66.481588,2.814870,1.202549,13.249224,0
2025-08-04,sz.300021,5.7700000000,5.9100000000,5.6600000000,5.7300000000,5.7300000000,89343085,516229447.6200,2,11.387500,1,0.000000,66.481588,2.814870,1.202549,13.249224,0
2025-08-05,sz.300021,5.6800000000,5.7300000000,5.5400000000,5.6000000000,5.7300000000,115929243,651334797.8400,2,14.172200,1,-2.268800,67.298192,2.849446,1.217320,13.411967,0
2025-08-06,sz.300021,5.5600000000,5.6000000000,5.4300000000,5.4500000000,5.6000000000,98477409,537988856.9300,2,12.038800,1,-2.678600,65.495562,2.773121,1.184713,13.052718,0
2025-08-07,sz.300021,5.4500000000,5.5000000000,5.3700000000,5.4100000000,5.4500000000,77086000,417664803.6000,2,9.423700,1,-0.733900,65.014861,2.752768,1.176018,12.956918,0
2025-08-08,sz.300021,5.4100000000,5.6300000000,5.3800000000,5.5800000000,5.4100000000,127933473,705123313.2100,2,15.639700,1,3.142300,67.057842,2.839269,1.212973,13.364067,0
2025-08-11,sz.300021,5.5200000000,5.5700000000,5.4500000000,5.5200000000,5.5800000000,84316573,463946161.0300,2,10.307600,1,-1.075300,66.336790,2.808739,1.199930,13.220367,0
2025-08-12,sz.300021,5.5300000000,5.5300000000,5.3800000000,5.4100000000,5.5200000000,74338596,403622948.4900,2,9.087800,1,-1.992800,65.014861,2.752768,1.176018,12.956918,0
2025-08-13,sz.300021,5.4000000000,5.4400000000,5.3300000000,5.3900000000,5.4100000000,66672790,358723653.1700,2,7.884300,1,-0.369700,66.624769,2.820932,1.205139,13.277759,0
2025-08-14,sz.300021,5.4200000000,5.5000000000,5.2900000000,5.3000000000,5.3900000000,75927961,409905971.0500,2,8.978700,1,-1.669800,65.512296,2.773830,1.185016,13.056053,0
2025-08-15,sz.300021,5.2500000000,5.3900000000,5.2400000000,5.3800000000,5.3000000000,60023512,318029735.2100,2,7.098000,1,1.509400,66.501161,2.815699,1.202903,13.253125,0
2025-08-18,sz.300021,5.3300000000,5.4200000000,5.3300000000,5.3900000000,5.3800000000,63201688,340389788.7600,2,7.473800,1,0.185900,66.624769,2.820932,1.205139,13.277759,0
2025-08-19,sz.300021,5.3800000000,5.4200000000,5.3500000000,5.3800000000,5.3900000000,49645648,267602526.1300,2,5.870800,1,-0.185500,66.501161,2.815699,1.202903,13.253125,0
2025-08-20,sz.300021,5.3700000000,5.4500000000,5.3300000000,5.4500000000,5.3800000000,58050455,312849209.0500,2,6.864700,1,1.301100,67.366418,2.852334,1.218554,13.425564,0
2025-08-21,sz.300021,5.5100000000,5.6100000000,5.4500000000,5.4700000000,5.4500000000,91500413,506478147.0700,2,10.820200,1,0.367000,67.613634,2.862802,1.223026,13.474832,0
2025-08-22,sz.300021,5.4500000000,5.4700000000,5.3300000000,5.3800000000,5.4700000000,63170724,338911993.2000,2,7.470100,1,-1.645300,66.501161,2.815699,1.202903,13.253125,0
2025-08-25,sz.300021,5.3700000000,5.4100000000,5.3200000000,5.3600000000,5.3800000000,59654392,320113667.3800,2,7.054300,1,-0.371700,66.253945,2.805232,1.198431,13.203857,0
2025-08-26,sz.300021,5.3300000000,5.4400000000,5.3000000000,5.4100000000,5.3600000000,57413849,309805551.2900,2,6.789400,1,0.932800,71.927877,2.672739,1.213126,44.531410,0
2025-08-27,sz.300021,5.4100000000,5.4400000000,5.2100000000,5.2100000000,5.4100000000,65598271,349680892.7400,2,7.757200,1,-3.696900,69.268805,2.573932,1.168279,42.885147,0
2025-08-28,sz.300021,5.1700000000,5.2400000000,5.0100000000,5.2100000000,5.2100000000,61859547,317946697.0100,2,7.315100,1,0.000000,69.268805,2.573932,1.168279,42.885147,0
2025-08-29,sz.300021,5.1900000000,5.2100000000,5.0900000000,5.1100000000,5.2100000000,39835626,204750150.1500,2,4.564400,1,-1.919400,69.788969,2.593260,1.177052,43.207187,0
2025-09-01,sz.300021,5.1100000000,5.1700000000,5.0700000000,5.1500000000,5.1100000000,29613409,152018151.4700,2,3.393200,1,0.782800,70.335263,2.613560,1.186265,43.545404,0
2025-09-02,sz.300021,5.1500000000,5.1600000000,5.0400000000,5.1000000000,5.1500000000,35883521,182569534.4700,2,4.111600,1,-0.970900,69.652396,2.588185,1.174748,43.122633,0
2025-09-03,sz.300021,5.1200000000,5.1400000000,4.9600000000,4.9900000000,5.1000000000,31415241,158544194.1900,2,3.599600,1,-2.156900,68.150089,2.532362,1.149410,42.192537,0
2025-09-04,sz.300021,5.0300000000,5.1200000000,4.9900000000,5.0500000000,4.9900000000,40092317,203171017.5800,2,4.593800,1,1.202400,68.969529,2.562811,1.163231,42.699862,0
2025-09-05,sz.300021,5.0600000000,5.1200000000,5.0000000000,5.1200000000,5.0500000000,30739733,156017409.2800,2,3.522200,1,1.386100,69.925543,2.598335,1.179355,43.291741,0
2025-09-08,sz.300021,5.1000000000,5.1600000000,5.1000000000,5.1400000000,5.1200000000,24623595,126329540.9700,2,2.821400,1,0.390600,70.198689,2.608485,1.183962,43.460849,0
2025-09-09,sz.300021,5.1400000000,5.1400000000,5.0400000000,5.0700000000,5.1400000000,26191345,133187226.5400,2,3.001100,1,-1.361900,69.242676,2.572961,1.167838,42.868970,0
2025-09-10,sz.300021,5.0500000000,5.1700000000,5.0500000000,5.1500000000,5.0700000000,35661588,182428456.8200,2,4.086200,1,1.577900,70.335263,2.613560,1.186265,43.545404,0
2025-09-11,sz.300021,5.1400000000,5.1600000000,5.0800000000,5.1500000000,5.1500000000,30746097,157226129.1500,2,3.522900,1,0.000000,70.335263,2.613560,1.186265,43.545404,0
2025-09-12,sz.300021,5.1500000000,5.1900000000,5.1200000000,5.1200000000,5.1500000000,33830253,174492527.5500,2,3.876300,1,-0.582500,69.925543,2.598335,1.179355,43.291741,0
2025-09-15,sz.300021,5.1400000000,5.1800000000,5.0900000000,5.1800000000,5.1200000000,31524724,161985275.8400,2,3.612200,1,1.171900,70.744983,2.628784,1.193176,43.799066,0
2025-09-16,sz.300021,5.1700000000,5.2400000000,5.1300000000,5.2300000000,5.1800000000,35990653,186386977.9000,2,4.123900,1,0.965300,71.427849,2.654159,1.204693,44.221837,0
2025-09-17,sz.300021,5.2100000000,5.2100000000,5.1300000000,5.1400000000,5.2300000000,33821903,174323099.9500,2,3.875400,1,-1.720800,70.198689,2.608485,1.183962,43.460849,0
2025-09-18,sz.300021,5.1500000000,5.1500000000,5.0000000000,5.0400000000,5.1400000000,38565165,196120370.5200,2,4.418900,1,-1.945500,68.832956,2.557736,1.160928,42.615308,0
2025-09-19,sz.300021,5.0300000000,5.0800000000,5.0200000000,5.0500000000,5.0400000000,23922154,120837614.0700,2,2.741000,1,0.198400,68.969529,2.562811,1.163231,42.699862,0
2025-09-22,sz.300021,5.0200000000,5.0400000000,4.9000000000,4.9600000000,5.0500000000,31736781,157241016.4700,2,3.636500,1,-1.782200,67.740369,2.517137,1.142500,41.938874,0
2025-09-23,sz.300021,4.9400000000,4.9400000000,4.7700000000,4.8700000000,4.9600000000,35892497,173598677.6100,2,4.112600,1,-1.814500,66.511209,2.471463,1.121769,41.177886,0
2025-09-24,sz.300021,4.8800000000,4.9500000000,4.8700000000,4.9400000000,4.8700000000,20587617,101269398.7600,2,2.359000,1,1.437400,67.467223,2.506987,1.137893,41.769766,0
2025-09-25,sz.300021,4.9200000000,4.9600000000,4.8500000000,4.8700000000,4.9400000000,19620096,96204247.3200,2,2.248100,1,-1.417000,66.511209,2.471463,1.121769,41.177886,0
2025-09-26,sz.300021,4.8500000000,4.9400000000,4.8400000000,4.8600000000,4.8700000000,19929490,97638254.9700,2,2.283600,1,-0.205300,66.374636,2.466388,1.119466,41.093332,0
2025-09-29,sz.300021,4.8700000000,4.8900000000,4.7800000000,4.8900000000,4.8600000000,18881138,91668748.9200,2,2.163400,1,0.617300,66.784356,2.481613,1.126376,41.346995,0
2025-09-30,sz.300021,4.8800000000,4.9100000000,4.8500000000,4.8500000000,4.8900000000,17324447,84371117.1700,2,1.985100,1,-0.818000,66.238063,2.461314,1.117162,41.008778,0
2025-10-09,sz.300021,4.8400000000,4.9100000000,4.8300000000,4.8900000000,4.8500000000,18170110,88740556.0800,2,2.082000,1,0.824700,66.784356,2.481613,1.126376,41.346995,0
2025-10-10,sz.300021,4.8900000000,5.0100000000,4.8600000000,4.9500000000,4.8900000000,30054610,149131421.3000,2,3.443700,1,1.227000,67.603796,2.512062,1.140197,41.854320,0
2025-10-13,sz.300021,4.8500000000,4.9800000000,4.8200000000,4.9800000000,4.9500000000,28140264,138639388.9800,2,3.224400,1,0.606100,68.013516,2.527287,1.147107,42.107982,0
2025-10-14,sz.300021,4.9700000000,5.0100000000,4.9100000000,4.9100000000,4.9800000000,25764220,127836603.8900,2,2.952100,1,-1.405600,67.057503,2.491763,1.130983,41.516103,0
2025-10-15,sz.300021,4.9100000000,4.9400000000,4.8900000000,4.9400000000,4.9100000000,21195389,104158554.2000,2,2.428600,1,0.611000,67.467223,2.506987,1.137893,41.769766,0
2025-10-16,sz.300021,4.9400000000,4.9400000000,4.8300000000,4.8400000000,4.9400000000,21066456,102551061.4600,2,2.413800,1,-2.024300,66.101490,2.456239,1.114859,40.924224,0
2025-10-17,sz.300021,4.8300000000,4.8700000000,4.7500000000,4.7500000000,4.8400000000,20179604,97063043.9200,2,2.312200,1,-1.859500,64.872330,2.410565,1.094128,40.163236,0
2025-10-20,sz.300021,4.7700000000,4.8500000000,4.7700000000,4.8400000000,4.7500000000,16031041,77137353.6500,2,1.836900,1,1.894700,66.101490,2.456239,1.114859,40.924224,0
2025-10-21,sz.300021,4.8400000000,4.9300000000,4.8200000000,4.9200000000,4.8400000000,20297753,99338822.5600,2,2.325800,1,1.652900,67.194076,2.496838,1.133286,41.600657,0
2025-10-22,sz.300021,4.9000000000,4.9500000000,4.8900000000,4.9100000000,4.9200000000,16270269,80130670.7700,2,1.864300,1,-0.203300,67.057503,2.491763,1.130983,41.516103,0
2025-10-23,sz.300021,4.8900000000,4.9100000000,4.8400000000,4.9000000000,4.9100000000,18051173,87910316.2900,2,2.068300,1,-0.203700,66.920929,2.486688,1.128680,41.431549,0
2025-10-24,sz.300021,4.9000000000,4.9200000000,4.8700000000,4.8800000000,4.9000000000,18258845,89369423.5000,2,2.092100,1,-0.408200,66.647783,2.476538,1.124073,41.262441,0
2025-10-27,sz.300021,4.8800000000,4.9100000000,4.8600000000,4.8900000000,4.8800000000,21054393,102759813.3800,2,2.412400,1,0.204900,66.784356,2.481613,1.126376,41.346995,0
2025-10-28,sz.300021,4.8500000000,4.8600000000,4.7600000000,4.7700000000,4.8900000000,34249091,164194758.8400,2,3.924300,1,-2.454000,78.234033,1.933039,1.068985,-41.645222,0
2025-10-29,sz.300021,4.7500000000,4.7600000000,4.6600000000,4.7300000000,4.7700000000,26941505,126617371.9000,2,3.087000,1,-0.838600,77.577982,1.916829,1.060021,-41.295996,0
2025-10-30,sz.300021,4.7300000000,4.7400000000,4.6600000000,4.6700000000,4.7300000000,18470375,86581657.1700,2,2.116400,1,-1.268500,76.593906,1.892514,1.046574,-40.772157,0
2025-10-31,sz.300021,4.7000000000,4.7600000000,4.7000000000,4.7400000000,4.6700000000,22255566,105465801.8200,2,2.550100,1,1.498900,77.741995,1.920881,1.062262,-41.383303,0
2025-11-03,sz.300021,4.7900000000,4.9200000000,4.7800000000,4.8800000000,4.7400000000,44267026,215104995.4800,2,5.072200,1,2.953600,80.038172,1.977616,1.093637,-42.605594,0
2025-11-04,sz.300021,4.9600000000,5.0700000000,4.8500000000,4.8900000000,4.8800000000,48619683,240787732.3600,2,5.570900,1,0.204900,80.202184,1.981669,1.095878,-42.692901,0
2025-11-05,sz.300021,4.8100000000,4.9100000000,4.8000000000,4.8900000000,4.8900000000,28530101,138985645.0900,2,3.269000,1,0.000000,80.202184,1.981669,1.095878,-42.692901,0
2025-11-06,sz.300021,4.8700000000,4.8900000000,4.8300000000,4.8400000000,4.8900000000,21077428,102137322.6600,2,2.415100,1,-1.022500,79.382121,1.961406,1.084672,-42.256368,0
2025-11-07,sz.300021,4.9200000000,4.9500000000,4.8700000000,4.8700000000,4.8400000000,23359900,114471339.7300,2,2.676600,1,0.619800,79.874159,1.973564,1.091396,-42.518288,0
2025-11-10,sz.300021,4.8700000000,4.9300000000,4.8400000000,4.9100000000,4.8700000000,22719745,111348915.3600,2,2.603300,1,0.821400,80.530210,1.989774,1.100360,-42.867514,0
2025-11-11,sz.300021,4.9100000000,4.9500000000,4.8700000000,4.9400000000,4.9100000000,23717412,116699160.3700,2,2.717600,1,0.611000,81.022248,2.001931,1.107083,-43.129434,0
2025-11-12,sz.300021,4.9400000000,4.9400000000,4.8600000000,4.8900000000,4.9400000000,17565631,85963596.5200,2,2.012700,1,-1.012100,80.202184,1.981669,1.095878,-42.692901,0
2025-11-13,sz.300021,4.9000000000,4.9300000000,4.8600000000,4.9200000000,4.8900000000,16047768,78621801.0800,2,1.838800,1,0.613500,80.694222,1.993826,1.102601,-42.954821,0
2025-11-14,sz.300021,4.8900000000,4.9800000000,4.8800000000,4.9400000000,4.9200000000,24763193,122410977.8300,2,2.837400,1,0.406500,81.022248,2.001931,1.107083,-43.129434,0
2025-11-17,sz.300021,4.9300000000,4.9800000000,4.9200000000,4.9600000000,4.9400000000,17421293,86242807.6000,2,1.996200,1,0.404900,81.350273,2.010036,1.111565,-43.304047,0
2025-11-18,sz.300021,4.9500000000,4.9600000000,4.8300000000,4.8700000000,4.9600000000,22216320,108400322.4600,2,2.545600,1,-1.814500,79.874159,1.973564,1.091396,-42.518288,0
2025-11-19,sz.300021,4.8500000000,4.8800000000,4.7700000000,4.8100000000,4.8700000000,16829322,81027759.5900,2,1.928300,1,-1.232000,78.890083,1.949249,1.077949,-41.994449,0
2025-11-20,sz.300021,4.8500000000,4.8500000000,4.7600000000,4.7700000000,4.8100000000,16781030,80487167.0300,2,1.922800,1,-0.831600,78.234033,1.933039,1.068985,-41.645222,0
2025-11-21,sz.300021,4.7400000000,4.8200000000,4.6300000000,4.6300000000,4.7700000000,27034180,127643987.9900,2,3.097600,1,-2.935000,75.937856,1.876304,1.037610,-40.422931,0
2025-11-24,sz.300021,4.6300000000,4.6900000000,4.5900000000,4.6600000000,4.6300000000,17396302,80625536.3200,2,1.993300,1,0.647900,76.429893,1.888461,1.044333,-40.684850,0
2025-11-25,sz.300021,4.6700000000,4.8200000000,4.6300000000,4.7300000000,4.6600000000,19917810,94067870.6500,2,2.282200,1,1.502100,77.577982,1.916829,1.060021,-41.295996,0
2025-11-26,sz.300021,4.7200000000,4.7700000000,4.6600000000,4.6700000000,4.7300000000,14581727,68747697.2200,2,1.670800,1,-1.268500,76.593906,1.892514,1.046574,-40.772157,0
2025-11-27,sz.300021,4.6500000000,4.7000000000,4.6300000000,4.6500000000,4.6700000000,12594809,58678327.8300,2,1.443100,1,-0.428300,76.265881,1.884409,1.042092,-40.597544,0
2025-11-28,sz.300021,4.6300000000,4.8300000000,4.6200000000,4.8000000000,4.6500000000,27192447,128487271.6500,2,3.115800,1,3.225800,78.726071,1.945196,1.075708,-41.907142,0
2025-12-01,sz.300021,4.7600000000,4.8000000000,4.7600000000,4.7700000000,4.8000000000,13251137,63314989.9400,2,1.518300,1,-0.625000,78.234033,1.933039,1.068985,-41.645222,0
2025-12-02,sz.300021,4.7800000000,4.7800000000,4.7100000000,4.7300000000,4.7700000000,9752346,46169033.0800,2,1.117400,1,-0.838600,77.577982,1.916829,1.060021,-41.295996,0
2025-12-03,sz.300021,4.7300000000,4.7500000000,4.6600000000,4.6700000000,4.7300000000,12293449,57710084.6500,2,1.408600,1,-1.268500,76.593906,1.892514,1.046574,-40.772157,0
2025-12-04,sz.300021,4.6600000000,4.6700000000,4.6000000000,4.6100000000,4.6700000000,14165742,65452882.0400,2,1.623100,1,-1.284800,75.609830,1.868199,1.033128,-40.248318,0
2025-12-05,sz.300021,4.6000000000,4.6500000000,4.5800000000,4.6400000000,4.6100000000,9947278,45933639.8600,2,1.139800,1,0.650800,76.101868,1.880356,1.039851,-40.510237,0
2025-12-08,sz.300021,4.6400000000,4.6600000000,4.6300000000,4.6500000000,4.6400000000,10027266,46618054.2400,2,1.148900,1,0.215500,76.265881,1.884409,1.042092,-40.597544,0
2025-12-09,sz.300021,4.6300000000,4.6400000000,4.5900000000,4.6000000000,4.6500000000,11352042,52339981.7500,2,1.300700,1,-1.075300,75.445818,1.864146,1.030887,-40.161011,0
2025-12-10,sz.300021,4.5900000000,4.6100000000,4.5500000000,4.5900000000,4.6000000000,11336765,51930682.7200,2,1.299000,1,-0.217400,75.281805,1.860094,1.028646,-40.073705,0
2025-12-11,sz.300021,4.5800000000,4.5900000000,4.4800000000,4.4900000000,4.5900000000,15742221,71121938.4300,2,1.803800,1,-2.178600,73.641678,1.819569,1.006235,-39.200639,0
2025-12-12,sz.300021,4.5200000000,4.5500000000,4.4900000000,4.5200000000,4.4900000000,8572994,38774821.8800,2,0.982300,1,0.668200,74.133716,1.831726,1.012959,-39.462559,0
2025-12-15,sz.300021,4.5500000000,4.5800000000,4.5200000000,4.5700000000,4.5200000000,9753218,44444319.7500,2,1.117500,1,1.106200,74.953780,1.851989,1.024164,-39.899092,0
2025-12-16,sz.300021,4.5400000000,4.5500000000,4.4700000000,4.4800000000,4.5700000000,10052073,45172006.0400,2,1.151800,1,-1.969400,73.477666,1.815517,1.003994,-39.113333,0
2025-12-17,sz.300021,4.4600000000,4.4900000000,4.3700000000,4.4400000000,4.4800000000,18639325,82401712.4100,2,2.135700,1,-0.892900,72.821615,1.799307,0.995030,-38.764106,0
2025-12-18,sz.300021,4.4200000000,4.4900000000,4.4000000000,4.4500000000,4.4400000000,10877019,48469158.5500,2,1.246300,1,0.225200,72.985628,1.803359,0.997271,-38.851413,0
2025-12-19,sz.300021,4.4600000000,4.5700000000,4.4500000000,4.5500000000,4.4500000000,16091313,72662018.3900,2,1.843800,1,2.247200,74.625754,1.843884,1.019682,-39.724478,0
2025-12-22,sz.300021,4.5800000000,4.6500000000,4.5500000000,4.6100000000,4.5500000000,19376699,89195101.3500,2,2.220200,1,1.318700,75.609830,1.868199,1.033128,-40.248318,0
2025-12-23,sz.300021,4.6000000000,4.6100000000,4.5200000000,4.5300000000,4.6100000000,12539129,57027667.5200,2,1.436800,1,-1.735400,74.297729,1.835779,1.015200,-39.549865,0
2025-12-24,sz.300021,4.5100000000,4.5600000000,4.5100000000,4.5500000000,4.5300000000,8085454,36755711.4900,2,0.926400,1,0.441500,74.625754,1.843884,1.019682,-39.724478,0
2025-12-25,sz.300021,4.5600000000,4.6900000000,4.5400000000,4.6700000000,4.5500000000,24634839,114148485.1200,2,2.822700,1,2.637400,76.593906,1.892514,1.046574,-40.772157,0
2025-12-26,sz.300021,4.6500000000,4.7800000000,4.6400000000,4.7100000000,4.6700000000,28441999,133879025.8000,2,3.258900,1,0.856500,77.249957,1.908724,1.055539,-41.121383,0
2025-12-29,sz.300021,4.7000000000,4.7100000000,4.6400000000,4.6600000000,4.7100000000,14773667,69151351.2200,2,1.692800,1,-1.061600,76.429893,1.888461,1.044333,-40.684850,0
2025-12-30,sz.300021,4.6500000000,4.7200000000,4.5900000000,4.6700000000,4.6600000000,16561174,77038818.8600,2,1.897600,1,0.214600,76.593906,1.892514,1.046574,-40.772157,0
2025-12-31,sz.300021,4.6600000000,4.6800000000,4.5900000000,4.6000000000,4.6700000000,16825844,77794123.0800,2,1.927900,1,-1.498900,75.445818,1.864146,1.030887,-40.161011,0
2026-01-05,sz.300021,4.6100000000,4.6400000000,4.6000000000,4.6200000000,4.6000000000,14236707,65739935.3400,2,1.631300,1,0.434800,75.773843,1.872251,1.035369,-40.335624,0
2026-01-06,sz.300021,4.6200000000,4.6900000000,4.6100000000,4.6700000000,4.6200000000,16873720,78628366.9000,2,1.933400,1,1.082300,76.593906,1.892514,1.046574,-40.772157,0
2026-01-07,sz.300021,4.6500000000,4.6700000000,4.6200000000,4.6400000000,4.6700000000,14282537,66247415.8500,2,1.636500,1,-0.642400,76.101868,1.880356,1.039851,-40.510237,0
2026-01-08,sz.300021,4.6600000000,4.7100000000,4.6500000000,4.7100000000,4.6400000000,23819184,111604052.2600,2,2.729200,1,1.508600,77.249957,1.908724,1.055539,-41.121383,0
2026-01-09,sz.300021,4.7200000000,4.7700000000,4.6800000000,4.7200000000,4.7100000000,21637324,102215975.1500,2,2.479200,1,0.212300,77.413969,1.912776,1.057780,-41.208690,0
2026-01-12,sz.300021,4.7300000000,4.7700000000,4.6600000000,4.7700000000,4.7200000000,26388016,125018274.9200,2,3.023600,1,1.059300,78.234033,1.933039,1.068985,-41.645222,0
2026-01-13,sz.300021,4.7700000000,4.8600000000,4.7300000000,4.7900000000,4.7700000000,34816329,167091425.6000,2,3.989300,1,0.419300,78.562058,1.941144,1.073467,-41.819836,0
2026-01-14,sz.300021,4.8000000000,4.9800000000,4.7900000000,4.9000000000,4.7900000000,57869866,282888698.0000,2,6.630800,1,2.296500,80.366197,1.985721,1.098119,-42.780208,0
2026-01-15,sz.300021,4.9200000000,4.9200000000,4.7800000000,4.8000000000,4.9000000000,36287900,175228441.4500,2,4.157900,1,-2.040800,78.726071,1.945196,1.075708,-41.907142,0
2026-01-16,sz.300021,4.8200000000,4.9100000000,4.7600000000,4.7900000000,4.8000000000,23585804,113596037.3800,2,2.702500,1,-0.208300,78.562058,1.941144,1.073467,-41.819836,0
2026-01-19,sz.300021,4.7600000000,4.8700000000,4.7600000000,4.8400000000,4.7900000000,19643008,94805481.6400,2,2.250700,1,1.043800,79.382121,1.961406,1.084672,-42.256368,0
2026-01-20,sz.300021,4.8300000000,4.8700000000,4.8000000000,4.8300000000,4.8400000000,18123937,87552128.9900,2,2.076700,1,-0.206600,79.218108,1.957354,1.082431,-42.169062,0
2026-01-21,sz.300021,4.8600000000,4.8800000000,4.8200000000,4.8500000000,4.8300000000,17318066,83900874.8000,2,1.984300,1,0.414100,79.546134,1.965459,1.086914,-42.343675,0
2026-01-22,sz.300021,4.8500000000,4.9000000000,4.8300000000,4.8900000000,4.8500000000,22859994,111328822.6700,2,2.619300,1,0.824700,80.202184,1.981669,1.095878,-42.692901,0
2026-01-23,sz.300021,4.9000000000,4.9000000000,4.8600000000,4.8900000000,4.8900000000,20522650,100039381.5000,2,2.351500,1,0.000000,80.202184,1.981669,1.095878,-42.692901,0
2026-01-26,sz.300021,4.8700000000,4.8700000000,4.8000000000,4.8200000000,4.8900000000,23614858,113937306.1500,2,2.705800,1,-1.431500,79.054096,1.953301,1.080190,-42.081755,0
2026-01-27,sz.300021,4.8000000000,4.8100000000,4.6700000000,4.7400000000,4.8200000000,20557402,97104250.4600,2,2.355500,1,-1.659800,77.741995,1.920881,1.062262,-41.383303,0
2026-01-28,sz.300021,4.7300000000,4.8600000000,4.7200000000,4.7800000000,4.7400000000,22600870,108210442.8500,2,2.589600,1,0.843900,78.398045,1.937091,1.071226,-41.732529,0
2026-01-29,sz.300021,4.7700000000,4.9100000000,4.7400000000,4.8700000000,4.7800000000,35462755,172356928.7800,2,4.063400,1,1.882800,79.874159,1.973564,1.091396,-42.518288,0
2026-01-30,sz.300021,4.8700000000,5.0400000000,4.8300000000,4.9700000000,4.8700000000,70812385,351714598.8900,2,8.113800,1,2.053400,81.514286,2.014089,1.113806,-43.391353,0
2026-02-02,sz.300021,4.9100000000,4.9600000000,4.7600000000,4.7700000000,4.9700000000,46255809,224482796.3900,2,5.300100,1,-4.024100,78.234033,1.933039,1.068985,-41.645222,0
2026-02-03,sz.300021,4.8300000000,4.8300000000,4.7300000000,4.7800000000,4.7700000000,26821896,127796199.0600,2,3.073300,1,0.209600,78.398045,1.937091,1.071226,-41.732529,0
2026-02-04,sz.300021,5.0100000000,5.1800000000,4.9600000000,5.0200000000,4.7800000000,126089244,639402587.0000,2,14.447500,1,5.020900,82.334349,2.034351,1.125012,-43.827886,0
2026-02-05,sz.300021,4.9300000000,5.0600000000,4.8600000000,4.8800000000,5.0200000000,73477537,363819366.8700,2,8.419200,1,-2.788800,80.038172,1.977616,1.093637,-42.605594,0
2026-02-06,sz.300021,4.8400000000,4.9200000000,4.8200000000,4.8400000000,4.8800000000,42288669,206023267.0300,2,4.845500,1,-0.819700,79.382121,1.961406,1.084672,-42.256368,0
2026-02-09,sz.300021,4.8600000000,4.8800000000,4.7900000000,4.8400000000,4.8400000000,47390189,228643643.9800,2,5.430100,1,0.000000,79.382121,1.961406,1.084672,-42.256368,0
2026-02-10,sz.300021,4.8400000000,4.8400000000,4.7600000000,4.7600000000,4.8400000000,32174885,153940130.8300,2,3.686700,1,-1.652900,78.070020,1.928986,1.066744,-41.557916,0
2026-02-11,sz.300021,4.7700000000,4.8000000000,4.7600000000,4.7600000000,4.7600000000,20267717,96805981.3600,2,2.322300,1,0.000000,78.070020,1.928986,1.066744,-41.557916,0
2026-02-12,sz.300021,4.7700000000,4.7800000000,4.6900000000,4.7000000000,4.7600000000,22046866,104043323.2000,2,2.526200,1,-1.260500,77.085944,1.904671,1.053298,-41.034077,0
2026-02-13,sz.300021,4.6900000000,4.7300000000,4.6200000000,4.6200000000,4.7000000000,22986608,107376398.6000,2,2.633800,1,-1.702100,75.773843,1.872251,1.035369,-40.335624,0
2026-02-24,sz.300021,4.6500000000,4.7300000000,4.6500000000,4.7300000000,4.6200000000,19536778,91699638.8800,2,2.238600,1,2.381000,77.577982,1.916829,1.060021,-41.295996,0
2026-02-25,sz.300021,4.7200000000,4.8000000000,4.7100000000,4.7700000000,4.7300000000,25252580,120489827.0200,2,2.893500,1,0.845700,78.234033,1.933039,1.068985,-41.645222,0
2026-02-26,sz.300021,4.7600000000,4.9300000000,4.7300000000,4.8700000000,4.7700000000,38695196,186128056.1900,2,4.433800,1,2.096400,79.874159,1.973564,1.091396,-42.518288,0
2026-02-27,sz.300021,4.8500000000,5.0700000000,4.8100000000,5.0100000000,4.8700000000,78295759,387063538.2600,2,8.971300,1,2.874700,82.170336,2.030299,1.122770,-43.740580,0
2026-03-02,sz.300021,4.8700000000,4.9600000000,4.8500000000,4.8900000000,5.0100000000,43627852,213716518.1800,2,4.999000,1,-2.395200,80.202184,1.981669,1.095878,-42.692901,0
2026-03-03,sz.300021,4.8700000000,4.9700000000,4.8000000000,4.8400000000,4.8900000000,52392420,257169925.0500,2,6.003200,1,-1.022500,79.382121,1.961406,1.084672,-42.256368,0
2026-03-04,sz.300021,4.7800000000,4.9500000000,4.7300000000,4.9200000000,4.8400000000,43202953,210679823.3100,2,4.950300,1,1.652900,80.694222,1.993826,1.102601,-42.954821,0
2026-03-05,sz.300021,4.9600000000,4.9900000000,4.7800000000,4.8000000000,4.9200000000,50498590,244453166.9000,2,5.786200,1,-2.439000,78.726071,1.945196,1.075708,-41.907142,0
2026-03-06,sz.300021,4.7800000000,4.9500000000,4.7600000000,4.9300000000,4.8000000000,44355839,216360071.1800,2,5.082400,1,2.708300,80.858235,1.997879,1.104842,-43.042127,0
2026-03-09,sz.300021,4.9100000000,4.9600000000,4.8200000000,4.8700000000,4.9300000000,35878981,174935206.8800,2,4.111100,1,-1.217000,79.874159,1.973564,1.091396,-42.518288,0
2026-03-10,sz.300021,4.8800000000,4.9000000000,4.8300000000,4.8400000000,4.8700000000,28762408,139741991.3200,2,3.295600,1,-0.616000,79.382121,1.961406,1.084672,-42.256368,0
2026-03-11,sz.300021,4.8300000000,4.9000000000,4.8000000000,4.9000000000,4.8400000000,29203794,141731926.7600,2,3.346200,1,1.239700,80.366197,1.985721,1.098119,-42.780208,0
2026-03-12,sz.300021,4.8800000000,4.8900000000,4.8100000000,4.8200000000,4.9000000000,24821166,120253462.1200,2,2.844100,1,-1.632700,79.054096,1.953301,1.080190,-42.081755,0
2026-03-13,sz.300021,4.8100000000,4.9300000000,4.8100000000,4.8300000000,4.8200000000,38612830,187852703.4200,2,4.424300,1,0.207500,79.218108,1.957354,1.082431,-42.169062,0
2026-03-16,sz.300021,4.8000000000,4.9200000000,4.7900000000,4.8100000000,4.8300000000,31365232,151523256.0500,2,3.593900,1,-0.414100,78.890083,1.949249,1.077949,-41.994449,0
2026-03-17,sz.300021,4.8000000000,4.8600000000,4.6900000000,4.7000000000,4.8100000000,31127946,148687913.1300,2,3.566700,1,-2.286900,77.085944,1.904671,1.053298,-41.034077,0
2026-03-18,sz.300021,4.6900000000,4.7100000000,4.6000000000,4.6700000000,4.7000000000,23044379,106924612.1800,2,2.640500,1,-0.638300,76.593906,1.892514,1.046574,-40.772157,0
