date,code,open,high,low,close,preclose,volume,amount,adjustflag,turn,tradestatus,pctChg,peTTM,pbMRQ,psTTM,pcfNcfTTM,isST
2023-06-26,sz.300843,21.0954987000,21.4619463300,20.1942356100,20.3328914700,21.1846346100,2047704,42547225.4000,2,4.241300,1,-4.020600,55.489165,2.998900,2.702170,12.427293,0
2023-06-27,sz.300843,20.4220273800,20.8776109200,20.4220273800,20.8082829900,20.3328914700,1890470,39572644.3000,2,3.915600,1,2.338000,56.786525,3.069015,2.765348,12.717849,0
2023-06-28,sz.300843,20.9964588000,20.9964588000,20.0357717700,20.6696271300,20.8082829900,1644900,33923049.0000,2,3.407000,1,-0.666300,56.408129,3.048565,2.746921,12.633103,0
2023-06-29,sz.300843,20.6795311200,21.3430984500,20.4517393500,21.3133864800,20.6696271300,1883800,40130361.0000,2,3.901800,1,3.114500,58.164970,3.143513,2.832475,13.026564,0
2023-06-30,sz.300843,21.0657867300,21.4322343600,20.9964588000,21.1252106700,21.3133864800,1588200,34008935.0000,2,3.289500,1,-0.882900,57.651566,3.115766,2.807473,12.911582,0
2023-07-03,sz.300843,21.1351146600,21.4421383500,20.6894351100,20.7290510700,21.1252106700,1647000,34781449.0000,2,3.411400,1,-1.875300,56.570299,3.057329,2.754819,12.669423,0
2023-07-04,sz.300843,20.8478989500,21.2836745100,20.6498191500,21.1351146600,20.7290510700,1490400,31686297.0000,2,3.087000,1,1.958900,57.678594,3.117227,2.808790,12.917635,0
2023-07-05,sz.300843,21.0360747600,21.5411782500,20.9073228900,21.5015622900,21.1351146600,2533300,54653150.9600,2,5.247100,1,1.733800,58.678645,3.171274,2.857489,13.141606,0
2023-07-06,sz.300843,21.2935785000,21.6006021900,20.6993391000,21.2539625400,21.5015622900,2964016,63687732.1600,2,6.139200,1,-1.151500,58.002935,3.134756,2.824584,12.990274,0
2023-07-07,sz.300843,21.2935785000,21.3827144100,20.6894351100,20.8082829900,21.2539625400,2193742,46479604.3200,2,4.543800,1,-2.096900,56.786657,3.069022,2.765355,12.717878,0
2023-07-10,sz.300843,21.1450186500,21.1450186500,20.1546196500,20.1942356100,20.8082829900,1796642,37088014.1800,2,1.268400,1,-2.951000,55.110896,2.978456,2.683750,12.342577,0
2023-07-11,sz.300843,20.3130834900,20.8776109200,20.1050997000,20.8280909700,20.1942356100,1792700,37399801.0000,2,1.265600,1,3.138800,56.840714,3.071944,2.767987,12.729985,0
2023-07-12,sz.300843,20.9766508200,21.5114662800,20.8478989500,20.8875149100,20.8280909700,1951400,41768933.0000,2,1.377600,1,0.285300,57.002884,3.080708,2.775884,12.766304,0
2023-07-13,sz.300843,21.0261707700,21.0261707700,20.3923154100,20.7092430900,20.8875149100,2692262,56450059.7600,2,1.900600,1,-0.853500,56.516373,3.054415,2.752193,12.657346,0
2023-07-14,sz.300843,20.8181869800,21.6798341100,20.7290510700,21.6006021900,20.7092430900,3790300,82062174.0000,2,2.675800,1,4.304200,58.948929,3.185882,2.870651,13.202138,0
2023-07-17,sz.300843,21.4817543100,22.1057056800,21.2242505700,21.4223303700,21.6006021900,2968700,64799235.0000,2,2.095800,1,-0.825300,58.462417,3.159588,2.846960,13.093180,0
2023-07-18,sz.300843,21.2737705200,21.9670498200,21.2638665300,21.6105061800,21.4223303700,2548600,55672845.8000,2,1.799200,1,0.878400,58.975957,3.187343,2.871968,13.208191,0
2023-07-19,sz.300843,21.3827144100,21.6501221400,20.7686670300,20.9766508200,21.6105061800,2170714,46020726.1200,2,1.532400,1,-2.933100,57.246140,3.093855,2.787730,12.820783,0
2023-07-20,sz.300843,20.8974189000,21.0063627900,19.9169238900,19.9466358600,20.9766508200,2471614,50637856.2000,2,1.744900,1,-4.910300,54.435187,2.941938,2.650844,12.191245,0
2023-07-21,sz.300843,19.8674039400,20.1546196500,19.3127805000,19.3424924700,19.9466358600,1997200,39544321.0000,2,1.410000,1,-3.028800,52.786455,2.852832,2.570556,11.821997,0
2023-07-24,sz.300843,19.4910523200,19.6891321200,19.1939326200,19.3325884800,19.3424924700,1136500,22310934.0000,2,0.802300,1,-0.051200,52.759426,2.851372,2.569240,11.815944,0
2023-07-25,sz.300843,19.5207642900,19.6594201500,19.2632605500,19.5504762600,19.3325884800,1309670,25745711.8000,2,0.924600,1,1.127000,53.354051,2.883508,2.598196,11.949115,0
2023-07-26,sz.300843,19.5504762600,19.5702842400,19.2434525700,19.3127805000,19.5504762600,1175700,22963693.0000,2,0.830000,1,-1.215800,52.705369,2.848450,2.566607,11.803837,0
2023-07-27,sz.300843,19.4316283800,19.5405722700,19.0156608000,19.0453727700,19.3127805000,1100000,21410516.2000,2,0.776600,1,-1.384600,51.975603,2.809010,2.531069,11.640400,0
2023-07-28,sz.300843,19.3127805000,19.3127805000,18.8373889800,19.0948927200,19.0453727700,849700,16318213.0000,2,0.599900,1,0.260000,52.110745,2.816314,2.537650,11.670666,0
2023-07-31,sz.300843,19.0651807500,19.2731645400,18.8968129200,19.1345086800,19.0948927200,1131600,21830859.0000,2,0.798900,1,0.207500,52.218858,2.822157,2.542915,11.694879,0
2023-08-01,sz.300843,19.0156608000,19.0849887300,18.7185411000,19.0849887300,19.1345086800,1222700,23301195.0000,2,0.863200,1,-0.258800,52.083716,2.814853,2.536334,11.664613,0
2023-08-02,sz.300843,19.1444126700,19.2137406000,18.8175810000,18.9958528200,19.0849887300,1027500,19674900.0000,2,0.725400,1,-0.467000,51.840461,2.801706,2.524488,11.610133,0
2023-08-03,sz.300843,19.1047967100,19.1741246400,18.6987331200,18.7581570600,18.9958528200,874700,16624265.0000,2,0.617500,1,-1.251300,51.191779,2.766648,2.492899,11.464855,0
2023-08-04,sz.300843,18.8274849900,19.0057568100,18.6492131700,18.8571969600,18.7581570600,998700,18981683.0000,2,0.705000,1,0.528000,51.462063,2.781256,2.506061,11.525388,0
2023-08-07,sz.300843,19.0948927200,19.0948927200,18.7185411000,18.8076770100,18.8571969600,664600,12606519.0000,2,0.469200,1,-0.262600,51.326921,2.773952,2.499480,11.495122,0
2023-08-08,sz.300843,18.7185411000,18.8869089300,18.5303652900,18.6987331200,18.8076770100,837400,15841915.0000,2,0.591200,1,-0.579300,51.029609,2.757884,2.485002,11.428536,0
2023-08-09,sz.300843,18.6294051900,18.7977730200,18.4610373600,18.6195012000,18.6987331200,597600,11241742.0000,2,0.421900,1,-0.423700,50.813382,2.746198,2.474472,11.380110,0
2023-08-10,sz.300843,18.6095972100,18.6591171600,18.4214214000,18.5105573100,18.6195012000,800300,14975933.0000,2,0.565000,1,-0.585100,50.516069,2.730130,2.459994,11.313524,0
2023-08-11,sz.300843,18.6492131700,18.6492131700,18.1639176600,18.1639176600,18.5105573100,1025500,19024413.0000,2,0.724000,1,-1.872700,49.570076,2.679004,2.413927,11.101660,0
2023-08-14,sz.300843,18.1738216500,18.3520934700,17.9361258900,18.3223815000,18.1639176600,1002000,18317316.0000,2,0.707400,1,0.872400,50.002530,2.702376,2.434986,11.198512,0
2023-08-15,sz.300843,18.3719014500,18.4313253900,17.9856458400,18.1143977100,18.3223815000,856100,15718120.0000,2,0.604400,1,-1.135100,49.434934,2.671700,2.407346,11.071394,0
2023-08-16,sz.300843,18.2233416000,18.2233416000,17.7776620500,17.7776620500,18.1143977100,782470,14175185.9000,2,0.552400,1,-1.858900,48.515968,2.622035,2.362595,10.865584,0
2023-08-17,sz.300843,17.9955498300,18.3124775100,17.5894862400,18.2530535700,17.7776620500,1260700,22993144.0000,2,0.890000,1,2.674100,49.813331,2.692150,2.425773,11.156140,0
2023-08-18,sz.300843,18.3322854900,18.5699812500,18.1342056900,18.2431495800,18.2530535700,1621800,30178380.0000,2,1.144900,1,-0.054300,49.786303,2.690690,2.424457,11.150086,0
2023-08-21,sz.300843,18.1639176600,18.6690211500,18.0945897300,18.3719014500,18.2431495800,1415128,26393339.4800,2,0.999000,1,0.705800,50.137672,2.709679,2.441567,11.228779,0
2023-08-22,sz.300843,18.5006533200,18.5402692800,17.8469899800,18.3322854900,18.3719014500,1141500,20922632.0000,2,0.805900,1,-0.215600,50.029558,2.703836,2.436302,11.204566,0
2023-08-23,sz.300843,18.2233416000,18.3520934700,17.9559338700,18.0945897300,18.3322854900,856600,15689468.0000,2,0.604700,1,-1.296600,49.380877,2.668779,2.404713,11.059288,0
2023-08-24,sz.300843,18.0549737700,18.3421894800,17.8172780100,17.9955498300,18.0945897300,788100,14354215.0000,2,0.556400,1,-0.547300,49.110593,2.654171,2.391551,10.998755,0
2023-08-25,sz.300843,17.9460298800,17.9955498300,17.3914064400,17.5003503300,17.9955498300,1183300,21049394.0000,2,0.835400,1,-2.751800,47.759173,2.581134,2.325741,10.696093,0
2023-08-28,sz.300843,18.2629575600,18.4214214000,17.3121745200,17.3319825000,17.5003503300,1229100,22058110.0000,2,0.867700,1,-0.962100,47.299690,2.556301,2.303365,10.593187,0
2023-08-29,sz.300843,17.7974700300,18.9364288800,17.4508303800,18.8472929700,17.3319825000,4385513,82338601.5000,2,3.096000,1,8.742900,42.879991,2.725911,2.406901,-66.751684,0
2023-08-30,sz.300843,18.8472929700,19.7089401000,18.8274849900,19.4217243900,18.8472929700,3673200,72167278.0000,2,2.593100,1,3.047800,44.186895,2.808991,2.480259,-68.786154,0
2023-08-31,sz.300843,19.3127805000,20.1546196500,19.3127805000,19.9763478300,19.4217243900,3100597,62323173.3700,2,2.188900,1,2.855700,45.448734,2.889207,2.551087,-70.750471,0
2023-09-01,sz.300843,19.9763478300,20.3824114200,19.9763478300,20.2041396000,19.9763478300,2736560,55832715.2000,2,1.931900,1,1.140300,45.966989,2.922153,2.580177,-71.557244,0
2023-09-04,sz.300843,20.2140435900,20.3824114200,19.9169238900,20.1447156600,20.2041396000,2059800,41772060.0000,2,1.454100,1,-0.294100,45.831792,2.913559,2.572588,-71.346781,0
2023-09-05,sz.300843,20.1942356100,20.5804912200,20.0258677800,20.4022194000,20.1447156600,1730485,35596680.3500,2,1.221700,1,1.278300,46.417646,2.950802,2.605473,-72.258785,0
2023-09-06,sz.300843,20.3031795000,20.6300111700,20.2239475800,20.5210672800,20.4022194000,1736900,35930604.0000,2,1.226200,1,0.582500,46.688040,2.967991,2.620651,-72.679710,0
2023-09-07,sz.300843,20.5210672800,20.5210672800,20.1348116700,20.1645236400,20.5210672800,1440386,29504402.8000,2,1.016900,1,-1.737500,45.876858,2.916423,2.575118,-71.416935,0
2023-09-08,sz.300843,20.0654837400,20.3824114200,20.0654837400,20.2932755100,20.1645236400,1032100,21138940.0000,2,0.728600,1,0.638500,46.169785,2.935045,2.591560,-71.872937,0
2023-09-11,sz.300843,20.3328914700,20.4616433400,20.1447156600,20.3031795000,20.2932755100,1095500,22488193.0000,2,0.773400,1,0.048800,46.192318,2.936477,2.592825,-71.908014,0
2023-09-12,sz.300843,20.1546196500,20.4418353600,20.1050997000,20.2140435900,20.3031795000,781900,15957982.0000,2,0.552000,1,-0.439000,45.989522,2.923586,2.581442,-71.592321,0
2023-09-13,sz.300843,20.3923154100,20.3923154100,19.7485560600,19.9862518200,20.2140435900,936200,18858146.0000,2,0.660900,1,-1.126900,45.471267,2.890640,2.552352,-70.785548,0
2023-09-14,sz.300843,20.0456757600,20.1447156600,19.6792281300,19.8376919700,19.9862518200,929900,18669228.0000,2,0.656500,1,-0.743300,45.133274,2.869153,2.533380,-70.259392,0
2023-09-15,sz.300843,19.8574999500,20.2041396000,19.5900922200,19.8475959600,19.8376919700,1149500,22944385.0000,2,0.811500,1,0.049900,45.155807,2.870586,2.534645,-70.294469,0
2023-09-18,sz.300843,19.8079800000,20.2041396000,19.6693241400,19.9070199000,19.8475959600,1151100,23193873.0000,2,0.812600,1,0.299400,45.291004,2.879180,2.542233,-70.504931,0
2023-09-19,sz.300843,19.9070199000,19.9070199000,19.5504762600,19.6891321200,19.9070199000,908100,18054528.0000,2,0.641100,1,-1.094500,44.795282,2.847667,2.514408,-69.733235,0
2023-09-20,sz.300843,19.5306682800,19.9862518200,19.4712443400,19.5207642900,19.6891321200,914900,18166551.3000,2,0.645900,1,-0.855100,44.412224,2.823316,2.492907,-69.136925,0
2023-09-21,sz.300843,19.4217243900,19.7683640400,19.3821084300,19.5801882300,19.5207642900,771700,15260137.0000,2,0.544800,1,0.304400,44.547421,2.831910,2.500495,-69.347388,0
2023-09-22,sz.300843,19.5108603000,20.0951957100,19.4118204000,20.0654837400,19.5801882300,1060000,21238385.0000,2,0.748300,1,2.478500,45.651530,2.902099,2.562470,-71.066165,0
2023-09-25,sz.300843,20.0357717700,20.2833715200,19.7782680300,19.9367318700,20.0654837400,896700,18053749.0000,2,0.633000,1,-0.641700,45.358603,2.883478,2.546028,-70.610163,0
2023-09-26,sz.300843,19.7485560600,19.9961558100,19.5306682800,19.7089401000,19.9367318700,702200,13971685.0000,2,0.495700,1,-1.142600,44.840348,2.850532,2.516938,-69.803390,0
2023-09-27,sz.300843,19.7881720200,19.9268278800,19.4316283800,19.6693241400,19.7089401000,813200,16194912.0000,2,0.574100,1,-0.201000,44.750216,2.844802,2.511878,-69.663081,0
2023-09-28,sz.300843,19.6693241400,20.3427954600,19.6594201500,20.2635635400,19.6693241400,1757500,35810845.0000,2,1.240700,1,3.021100,46.102186,2.930748,2.587766,-71.767706,0
2023-10-09,sz.300843,20.3526994500,21.0657867300,20.2734675300,20.9865548100,20.2635635400,2825800,59581704.0000,2,1.994900,1,3.567900,47.747084,3.035315,2.680096,-74.328333,0
2023-10-10,sz.300843,20.8776109200,21.3430984500,20.7092430900,20.9766508200,20.9865548100,2281800,48456141.0000,2,1.610900,1,-0.047200,47.724693,3.033892,2.678839,-74.293477,0
2023-10-11,sz.300843,20.9964588000,21.3629064300,20.9172268800,21.2638665300,20.9766508200,1781750,38142812.0000,2,1.257800,1,1.369200,48.378147,3.075432,2.715518,-75.310716,0
2023-10-12,sz.300843,21.2638665300,21.4223303700,21.0162667800,21.0855947100,21.2638665300,1180700,25213823.0000,2,0.833500,1,-0.838400,47.972555,3.049648,2.692752,-74.679326,0
2023-10-13,sz.300843,20.9766508200,21.3430984500,20.9766508200,21.1648266300,21.0855947100,1566300,33542808.0000,2,1.105700,1,0.375800,48.152818,3.061108,2.702870,-74.959944,0
2023-10-16,sz.300843,21.1648266300,21.2341545600,20.9766508200,21.1054026900,21.1648266300,1176885,25044473.5000,2,0.830800,1,-0.280800,48.017621,3.052513,2.695281,-74.749481,0
2023-10-17,sz.300843,21.0657867300,21.1153066800,20.7290510700,21.0063627900,21.1054026900,1174400,24762168.0000,2,0.829100,1,-0.469300,47.792292,3.038189,2.682633,-74.398709,0
2023-10-18,sz.300843,21.0360747600,21.0954987000,20.6300111700,20.6993391000,21.0063627900,871059,18273456.6400,2,0.614900,1,-1.461600,47.093772,2.993783,2.643425,-73.311316,0
2023-10-19,sz.300843,20.5705872300,20.9073228900,20.4616433400,20.6002992000,20.6993391000,1130500,23611418.0000,2,0.798100,1,-0.478500,46.868443,2.979459,2.630777,-72.960544,0
2023-10-20,sz.300843,20.4319313700,20.7785710200,20.1546196500,20.2140435900,20.6002992000,813300,16743750.0000,2,0.574200,1,-1.875000,45.989659,2.923594,2.581450,-71.592534,0
2023-10-23,sz.300843,20.2140435900,20.3229874800,19.6297081800,19.7485560600,20.2140435900,1155100,23209763.0000,2,0.815500,1,-2.302800,44.930613,2.856270,2.522004,-69.943906,0
2023-10-24,sz.300843,19.9070199000,20.4022194000,19.5207642900,20.3526994500,19.7485560600,1077700,21861582.0000,2,0.760800,1,3.059200,46.305120,2.943648,2.599157,-72.083615,0
2023-10-25,sz.300843,20.4121233900,20.7191470800,20.1645236400,20.5903952100,20.3526994500,1218200,25085563.0000,2,0.860000,1,1.167900,46.845910,2.978027,2.629512,-72.925467,0
2023-10-26,sz.300843,20.4517393500,20.7686670300,20.3031795000,20.7092430900,20.5903952100,1095800,22788211.0000,2,0.773600,1,0.577200,47.116305,2.995216,2.644690,-73.346393,0
2023-10-27,sz.300843,20.6102031900,20.7587630400,20.0951957100,20.5903952100,20.7092430900,1132200,23362625.0000,2,0.799300,1,-0.573900,46.845910,2.978027,2.629512,-72.925467,0
2023-10-30,sz.300843,20.7884750100,21.3430984500,20.6894351100,21.2935785000,20.5903952100,2077000,44226180.0000,2,1.466300,1,3.415100,45.647057,2.997258,2.575902,-56.244217,0
2023-10-31,sz.300843,21.3629064300,21.7392580500,21.0855947100,21.2638665300,21.2935785000,1618551,34879662.3200,2,1.142600,1,-0.139500,45.583364,2.993075,2.572307,-56.165736,0
2023-11-01,sz.300843,21.2440585500,21.5411782500,21.0954987000,21.3034824900,21.2638665300,1135800,24484679.0000,2,0.801800,1,0.186300,45.668288,2.998652,2.577100,-56.270377,0
2023-11-02,sz.300843,21.3034824900,21.5906982000,21.1054026900,21.1351146600,21.3034824900,1242400,26828723.0000,2,0.877100,1,-0.790300,45.307358,2.974952,2.556732,-55.825655,0
2023-11-03,sz.300843,21.0954987000,21.6798341100,21.0855947100,21.6402181500,21.1351146600,1479900,32189315.9800,2,1.044800,1,2.389900,46.390149,3.046050,2.617835,-57.159820,0
2023-11-06,sz.300843,21.7293540600,22.7692730100,21.7293540600,22.6801371000,21.6402181500,2553200,57549309.0000,2,1.802500,1,4.805500,48.619424,3.192428,2.743635,-59.906631,0
2023-11-07,sz.300843,22.6306171500,23.7497680200,22.4127293700,23.5021682700,22.6801371000,5568500,131492651.0000,2,3.931100,1,3.624500,50.381612,3.308136,2.843076,-62.077919,0
2023-11-08,sz.300843,23.1357206400,23.6210161500,22.4523453300,22.5612892200,23.5021682700,4592900,105640889.0000,2,3.242400,1,-4.003400,48.364649,3.175699,2.729258,-59.592710,0
2023-11-09,sz.300843,22.5513852300,22.8980248800,22.0958016900,22.2542655300,22.5612892200,2761000,62462198.0000,2,1.949200,1,-1.360800,47.706483,3.132483,2.692117,-58.781747,0
2023-11-10,sz.300843,22.1651296200,22.6306171500,22.0958016900,22.4226333600,22.2542655300,2009800,45417648.0000,2,1.418800,1,0.756600,48.067413,3.156182,2.712484,-59.226468,0
2023-11-13,sz.300843,22.5315772500,22.8386009400,22.1156096700,22.3235934600,22.4226333600,2302300,52106470.0000,2,1.625300,1,-0.441700,47.855101,3.142241,2.700503,-58.964867,0
2023-11-14,sz.300843,22.5414812400,22.8088889700,22.3334974500,22.7593690200,22.3235934600,2474700,56580980.0000,2,1.747000,1,1.952100,48.789273,3.203580,2.753219,-60.115912,0
2023-11-15,sz.300843,22.7890809900,22.8386009400,22.4127293700,22.6801371000,22.7593690200,1777100,40574894.0000,2,1.254600,1,-0.348100,48.619424,3.192428,2.743635,-59.906631,0
2023-11-16,sz.300843,22.5810972000,23.0465847300,22.5414812400,22.6702331100,22.6801371000,1855800,42720569.0000,2,1.310100,1,-0.043700,48.598192,3.191034,2.742437,-59.880471,0
2023-11-17,sz.300843,22.6009051800,22.8881208900,22.5216732600,22.7890809900,22.6702331100,1161500,26695353.0000,2,0.820000,1,0.524200,48.852967,3.207763,2.756814,-60.194392,0
2023-11-20,sz.300843,22.9970647800,22.9970647800,22.4820573000,22.6900410900,22.7890809900,1354300,31009869.0000,2,0.956100,1,-0.434600,48.640655,3.193822,2.744833,-59.932791,0
2023-11-21,sz.300843,22.8782169000,22.8782169000,22.3929213900,22.4919612900,22.6900410900,1310500,29907498.0000,2,0.925200,1,-0.873000,48.216031,3.165940,2.720871,-59.409589,0
2023-11-22,sz.300843,22.6207131600,22.7593690200,22.2344575500,22.2443615400,22.4919612900,1250000,28350377.0000,2,0.882500,1,-1.100800,47.685251,3.131089,2.690919,-58.755586,0
2023-11-23,sz.300843,22.3037854800,22.8881208900,22.1453216400,22.7692730100,22.2443615400,1277600,29154177.0000,2,0.901900,1,2.359800,48.810504,3.204974,2.754417,-60.142072,0
2023-11-24,sz.300843,22.6504251300,22.7890809900,22.1849376000,22.4424413400,22.7692730100,1204500,27238853.0000,2,0.850300,1,-1.435400,48.109875,3.158970,2.714880,-59.278788,0
2023-11-27,sz.300843,22.4622493200,22.7791770000,22.2146495700,22.3731134100,22.4424413400,1643600,37182549.0000,2,1.160300,1,-0.308900,47.961257,3.149212,2.706494,-59.095668,0
2023-11-28,sz.300843,22.2146495700,23.0267767500,22.2146495700,22.9178328600,22.3731134100,1814800,41743261.0000,2,1.281200,1,2.434700,49.128972,3.225886,2.772389,-60.534473,0
2023-11-29,sz.300843,22.8584089200,23.5913041800,22.7890809900,23.0862006900,22.9178328600,2200700,51511893.0000,2,1.553600,1,0.734700,49.489902,3.249585,2.792756,-60.979195,0
2023-11-30,sz.300843,22.9475448300,23.1654326100,22.2839775000,22.6504251300,23.0862006900,1707800,38981355.0000,2,1.205600,1,-1.887600,48.555730,3.188246,2.740040,-59.828151,0
2023-12-01,sz.300843,22.6504251300,22.7296570500,22.2740735100,22.3929213900,22.6504251300,1241500,28091892.0000,2,0.876500,1,-1.136900,48.003719,3.152000,2.708890,-59.147988,0
2023-12-04,sz.300843,22.3929213900,22.6603291200,22.1948415900,22.2938814900,22.3929213900,1238059,27971100.0900,2,0.874000,1,-0.442300,47.791407,3.138059,2.696909,-58.886387,0
2023-12-05,sz.300843,22.3731134100,22.4919612900,21.8878179000,21.9076258800,22.2938814900,1300600,28995407.0000,2,0.918200,1,-1.732600,46.963391,3.083690,2.650183,-57.866143,0
2023-12-06,sz.300843,21.9769538100,22.4325373500,21.9076258800,22.0462817400,21.9076258800,1254600,28105616.0000,2,0.885700,1,0.632900,47.260628,3.103207,2.666957,-58.232384,0
2023-12-07,sz.300843,22.2146495700,22.3037854800,21.8482019400,22.0462817400,22.0462817400,1179600,26290205.0000,2,0.832800,1,0.000000,47.260628,3.103207,2.666957,-58.232384,0
2023-12-08,sz.300843,22.1156096700,22.3632094200,21.7194500700,21.7491620400,22.0462817400,1360000,30258437.0000,2,0.960100,1,-1.347700,46.623692,3.061385,2.631014,-57.447581,0
2023-12-11,sz.300843,21.7491620400,22.2740735100,21.4916583000,22.2740735100,21.7491620400,1652500,36745594.0000,2,1.166600,1,2.413500,47.748945,3.135271,2.694513,-58.834067,0
2023-12-12,sz.300843,22.2740735100,22.5117692700,21.7887780000,21.9373378500,22.2740735100,1132800,25144708.0000,2,0.799700,1,-1.511800,47.027084,3.087872,2.653778,-57.944623,0
2023-12-13,sz.300843,22.1948415900,22.2740735100,21.8085859800,21.8878179000,21.9373378500,1125800,24999411.0000,2,0.794800,1,-0.225700,46.920929,3.080902,2.647787,-57.813823,0
2023-12-14,sz.300843,22.1552256300,22.2641695200,21.8283939600,21.9472418400,21.8878179000,1344500,29923490.0000,2,0.949200,1,0.271500,47.048316,3.089266,2.654976,-57.970783,0
2023-12-15,sz.300843,21.8680099200,22.0858977000,21.6303141600,21.7491620400,21.9472418400,898000,19745771.0000,2,0.634000,1,-0.902500,46.623692,3.061385,2.631014,-57.447581,0
2023-12-18,sz.300843,21.6402181500,21.8977218900,21.3728104200,21.5708902200,21.7491620400,1185751,25902573.7800,2,0.837100,1,-0.819700,46.241530,3.036292,2.609448,-56.976700,0
2023-12-19,sz.300843,21.5708902200,22.0660897200,21.4817543100,21.9274338600,21.5708902200,1196200,26304536.0000,2,0.844500,1,1.652900,47.005853,3.086478,2.652580,-57.918463,0
2023-12-20,sz.300843,22.2245535600,22.5117692700,21.9175298700,21.9769538100,21.9274338600,1232028,27613487.0200,2,0.869800,1,0.225800,47.112009,3.093449,2.658570,-58.049264,0
2023-12-21,sz.300843,21.9769538100,21.9868578000,21.1945386000,21.9274338600,21.9769538100,1273600,27863150.0000,2,0.899100,1,-0.225300,47.005853,3.086478,2.652580,-57.918463,0
2023-12-22,sz.300843,21.8382979500,22.1255136600,21.4322343600,21.5213702700,21.9274338600,909100,19943231.0000,2,0.641800,1,-1.851900,46.135375,3.029321,2.603458,-56.845899,0
2023-12-25,sz.300843,21.3926184000,21.7392580500,21.2242505700,21.6699301200,21.5213702700,1456814,31692746.9000,2,1.028500,1,0.690300,46.453842,3.050232,2.621429,-57.238301,0
2023-12-26,sz.300843,22.1255136600,22.1255136600,21.0063627900,21.2143465800,21.6699301200,1293500,27707950.0000,2,0.913200,1,-2.102400,45.477208,2.986105,2.566317,-56.034936,0
2023-12-27,sz.300843,21.1945386000,21.6501221400,20.8082829900,21.5906982000,21.2143465800,1397500,30124328.0000,2,0.986600,1,1.774000,46.283993,3.039080,2.611844,-57.029020,0
2023-12-28,sz.300843,21.5807942100,22.0858977000,21.1945386000,21.9670498200,21.5906982000,1143800,25134949.0000,2,0.807500,1,1.743100,47.090778,3.092055,2.657372,-58.023104,0
2023-12-29,sz.300843,22.0264737600,22.7593690200,21.6204101700,22.7593690200,21.9670498200,1593300,36196995.0000,2,1.124800,1,3.606900,48.789273,3.203580,2.753219,-60.115912,0
2024-01-02,sz.300843,22.7494650300,22.8782169000,22.5117692700,22.6999450800,22.7593690200,1430600,32845031.0000,2,1.009900,1,-0.261100,48.661886,3.195216,2.746031,-59.958951,0
2024-01-03,sz.300843,22.7692730100,22.8584089200,22.3929213900,22.6801371000,22.6999450800,1291900,29495912.0000,2,0.913900,1,-0.087300,48.620037,3.192468,2.743669,-59.907387,0
2024-01-04,sz.300843,22.6801371000,22.6801371000,22.3037854800,22.4325373500,22.6801371000,1093200,24748339.0000,2,0.773300,1,-1.091700,48.089251,3.157616,2.713717,-59.253376,0
2024-01-05,sz.300843,22.5810972000,22.8286969500,21.8482019400,21.9670498200,22.4325373500,1125900,25260073.0000,2,0.796400,1,-2.075100,47.091372,3.092094,2.657405,-58.023835,0
2024-01-08,sz.300843,21.9373378500,22.0958016900,21.4520423400,21.4520423400,21.9670498200,1364500,29854296.0000,2,0.965200,1,-2.344500,45.987336,3.019601,2.595104,-56.663493,0
2024-01-09,sz.300843,21.6699301200,21.9571458300,21.5114662800,21.7194500700,21.4520423400,1399900,30758942.0000,2,0.990300,1,1.246500,46.560586,3.057241,2.627453,-57.369825,0
2024-01-10,sz.300843,21.6204101700,21.7293540600,21.0657867300,21.3232904700,21.7194500700,1256700,27091782.0000,2,0.889000,1,-1.824000,45.711327,3.001478,2.579528,-56.323407,0
2024-01-11,sz.300843,21.2539625400,21.7095460800,21.1054026900,21.6402181500,21.3232904700,954300,20677547.0000,2,0.675100,1,1.486300,46.390734,3.046089,2.617868,-57.160541,0
2024-01-12,sz.300843,21.7392580500,21.8482019400,21.3034824900,21.3430984500,21.6402181500,991200,21537020.0000,2,0.701200,1,-1.373000,45.753790,3.004266,2.581925,-56.375728,0
2024-01-15,sz.300843,21.3430984500,21.6501221400,21.0855947100,21.2737705200,21.3430984500,1171800,25270777.0000,2,0.828900,1,-0.324800,45.605170,2.994507,2.573538,-56.192605,0
2024-01-16,sz.300843,21.5411782500,21.5411782500,20.8181869800,21.1153066800,21.2737705200,967204,20602198.4000,2,0.684200,1,-0.744900,45.265467,2.972202,2.554368,-55.774038,0
2024-01-17,sz.300843,20.9469388500,21.4421383500,20.4121233900,20.5210672800,21.1153066800,985350,20791146.5000,2,0.697000,1,-2.814300,43.991579,2.888556,2.482482,-54.204413,0
2024-01-18,sz.300843,20.3824114200,20.4814513200,19.4514363600,20.2041396000,20.5210672800,1750214,35140567.2400,2,1.238100,1,-1.544400,43.312173,2.843945,2.444142,-53.367279,0
2024-01-19,sz.300843,20.6002992000,20.6002992000,19.5207642900,19.7584600500,20.2041396000,1838914,36853726.4000,2,1.300800,1,-2.205900,42.356757,2.781211,2.390227,-52.190059,0
2024-01-22,sz.300843,19.7584600500,20.0060598000,18.4115174100,18.5600772600,19.7584600500,1803900,34937889.0000,2,1.276100,1,-6.065200,39.787751,2.612526,2.245256,-49.024647,0
2024-01-23,sz.300843,18.2629575600,18.6987331200,17.6191982100,17.8172780100,18.5600772600,2128100,38409784.0000,2,1.505400,1,-4.002100,38.195391,2.507969,2.155398,-47.062615,0
2024-01-24,sz.300843,18.1738216500,18.2332455900,17.1339027000,17.8271820000,17.8172780100,2293900,40901872.0000,2,1.622700,1,0.055600,38.216623,2.509364,2.156596,-47.088775,0
2024-01-25,sz.300843,17.7776620500,18.7680610500,17.6390061900,18.7581570600,17.8271820000,1822518,33642942.7800,2,1.289200,1,5.222200,40.212380,2.640408,2.269218,-49.547856,0
2024-01-26,sz.300843,19.2434525700,19.2434525700,18.4412293800,18.4808453400,18.7581570600,1385100,26123609.0000,2,0.979800,1,-1.478400,39.617899,2.601374,2.235671,-48.815364,0
2024-01-29,sz.300843,18.7977730200,18.9166209000,17.7875660400,17.9460298800,18.4808453400,1321500,24223486.0000,2,0.934800,1,-2.893900,38.471400,2.526093,2.170973,-47.402701,0
2024-01-30,sz.300843,17.6687181600,18.0648777600,16.9457268900,16.9952468400,17.9460298800,1966300,34419702.0000,2,1.390900,1,-5.298000,36.433181,2.392260,2.055955,-44.891299,0
2024-01-31,sz.300843,16.9655348700,16.9655348700,15.7671520800,15.8265760200,16.9952468400,2089763,34274289.7400,2,1.478300,1,-6.876500,33.927869,2.227757,1.914578,-41.804368,0
2024-02-01,sz.300843,15.8067680400,16.0642717800,15.1531047000,15.6978241500,15.8265760200,2505800,39355344.3200,2,1.772600,1,-0.813500,33.651860,2.209634,1.899003,-41.464283,0
2024-02-02,sz.300843,15.7869600600,16.0543677900,14.1230897400,14.6281932300,15.6978241500,3151700,47909260.0000,2,2.229500,1,-6.813900,31.358862,2.059072,1.769607,-38.638956,0
2024-02-05,sz.300843,14.6083852500,14.6083852500,11.8847880000,12.6374912400,14.6281932300,4797269,61446907.1000,2,3.393500,1,-13.608700,27.091339,1.778860,1.528787,-33.380710,0
2024-02-06,sz.300843,12.6176832600,12.8157630600,11.0825648100,12.3106595700,12.6374912400,4907843,58912924.0700,2,3.471700,1,-2.586200,26.390701,1.732855,1.489249,-32.517415,0
2024-02-07,sz.300843,12.3799875000,12.3898914900,10.8448690500,11.1915087000,12.3106595700,5445159,62712391.7000,2,3.851800,1,-9.090900,23.991547,1.575323,1.353863,-29.561287,0
2024-02-08,sz.300843,10.9340049600,12.7266271500,10.6566932400,12.6374912400,11.1915087000,6068573,71895008.2400,2,4.292800,1,12.920400,27.091339,1.778860,1.528787,-33.380710,0
2024-02-19,sz.300843,12.7068191700,14.0042418600,12.7068191700,13.8061620600,12.6374912400,4864404,66836153.3900,2,3.441000,1,9.247600,29.596651,1.943363,1.670164,-36.467641,0
2024-02-20,sz.300843,13.5684663000,13.9745298900,13.3703865000,13.8655860000,13.8061620600,2450858,34082498.9600,2,1.733700,1,0.430400,29.724040,1.951727,1.677352,-36.624603,0
2024-02-21,sz.300843,13.8160660500,15.0045448500,13.5882742800,14.4004014600,13.8655860000,2347744,34295766.5600,2,1.660800,1,3.857100,30.870539,2.027008,1.742050,-38.037266,0
2024-02-22,sz.300843,14.1825136800,15.4997443500,14.1825136800,15.3313765200,14.4004014600,2168700,33072995.5800,2,1.534100,1,6.464900,32.866296,2.158053,1.854672,-40.496347,0
2024-02-23,sz.300843,15.3313765200,16.2425436000,15.1729126800,16.1137917300,15.3313765200,2919731,46100722.0800,2,2.065400,1,5.103400,34.543581,2.268186,1.949323,-42.563021,0
2024-02-26,sz.300843,16.1435037000,16.5594712800,15.7374401100,16.0246558200,16.1137917300,2588900,42196229.0000,2,1.831400,1,-0.553200,34.352498,2.255639,1.938540,-42.327577,0
2024-02-27,sz.300843,15.9949438500,16.7971670400,15.8463840000,16.7971670400,16.0246558200,2278646,37643657.9800,2,1.611900,1,4.820800,36.008551,2.364378,2.031993,-44.368091,0
2024-02-28,sz.300843,16.8863029500,17.1239987100,14.7668490900,14.7767530800,16.7971670400,4439700,70978169.0000,2,3.140600,1,-12.028300,31.677334,2.079984,1.787578,-39.031363,0
2024-02-29,sz.300843,14.8559850000,15.5591682900,14.6678091900,15.5492643000,14.7767530800,2887000,44222124.0000,2,2.042200,1,5.227900,33.333388,2.188723,1.881031,-41.071876,0
2024-03-01,sz.300843,15.5591682900,16.3415835000,15.4700323800,16.1930236500,15.5492643000,2921162,47121541.6000,2,2.066400,1,4.140100,34.713432,2.279339,1.958908,-42.772304,0
2024-03-04,sz.300843,16.4406234000,16.5198553200,15.6284962200,16.0741757700,16.1930236500,2583062,41752082.0400,2,1.827200,1,-0.733900,34.458655,2.262609,1.944531,-42.458379,0
2024-03-05,sz.300843,16.0741757700,16.2425436000,15.7473441000,15.8760959700,16.0741757700,1973100,31880093.0000,2,1.395700,1,-1.232300,34.034026,2.234728,1.920568,-41.935171,0
2024-03-06,sz.300843,15.8562879900,16.0147518300,15.4007044500,15.7968640500,15.8760959700,1699400,26988001.0000,2,1.202100,1,-0.499100,33.864174,2.223575,1.910984,-41.725887,0
2024-03-07,sz.300843,15.8067680400,16.1930236500,15.5492643000,15.7077281400,15.7968640500,1637170,26290217.3000,2,1.158100,1,-0.564300,33.673091,2.211028,1.900201,-41.490443,0
2024-03-08,sz.300843,15.8364800100,16.1335997100,15.6086882400,16.0543677900,15.7077281400,1865000,29964117.0000,2,1.319300,1,2.206800,34.416192,2.259821,1.942134,-42.406058,0
2024-03-11,sz.300843,16.1038877400,16.2524475900,15.8661919800,16.2524475900,16.0543677900,1666617,27050598.7400,2,1.178900,1,1.233800,34.840821,2.287703,1.966097,-42.929267,0
2024-03-12,sz.300843,16.1633116800,16.5693752700,16.1633116800,16.5495672900,16.2524475900,1946600,32227293.0000,2,1.377000,1,1.828200,35.477765,2.329526,2.002040,-43.714080,0
2024-03-13,sz.300843,16.5990872400,16.9655348700,16.5000473400,16.7179351200,16.5495672900,1724200,29060145.0000,2,1.219700,1,1.017400,35.838700,2.353225,2.022408,-44.158807,0
2024-03-14,sz.300843,16.6981271400,16.8169750200,16.0939837500,16.3316795100,16.7179351200,1682500,27903152.0000,2,1.190200,1,-2.310400,35.010673,2.298856,1.975681,-43.138550,0
2024-03-15,sz.300843,16.2227356200,16.9655348700,16.2227356200,16.9457268900,16.3316795100,2144937,36135331.3800,2,1.517300,1,3.759900,36.327023,2.385289,2.049964,-44.760497,0
2024-03-18,sz.300843,17.0744787600,17.5795822500,16.7773590600,17.5795822500,16.9457268900,2389514,41347022.9200,2,1.690300,1,3.740500,37.685837,2.474511,2.126643,-46.434765,0
2024-03-19,sz.300843,17.4112144200,18.7086371100,17.1933266400,18.1143977100,17.5795822500,4615200,83221013.0000,2,3.264700,1,3.042300,38.832335,2.549792,2.191341,-47.847428,0
2024-03-20,sz.300843,18.3025735200,19.0849887300,17.8073740200,18.7086371100,18.1143977100,7169100,133739962.1200,2,5.071300,1,3.280500,40.106223,2.633438,2.263228,-49.417054,0
2024-03-21,sz.300843,18.6888291300,18.8472929700,17.8271820000,18.3025735200,18.7086371100,6329200,117566919.0000,2,4.477200,1,-2.170500,39.235733,2.576280,2.214105,-48.344476,0
2024-03-22,sz.300843,18.6987331200,21.9670498200,18.5501732700,21.9670498200,18.3025735200,11189147,228481123.4500,2,7.915100,1,20.021600,47.091372,3.092094,2.657405,-58.023835,0
2024-03-25,sz.300843,24.2449675200,25.9187418300,22.3037854800,23.1456246300,21.9670498200,22049978,542048379.7700,2,15.597900,1,5.365200,49.617915,3.257990,2.799980,-61.136927,0
2024-03-26,sz.300843,22.4622493200,27.3350124000,22.4622493200,25.8296059200,23.1456246300,22796356,575412445.5300,2,16.125800,1,11.596100,55.371640,3.635789,3.124668,-68.226404,0
2024-03-27,sz.300843,23.2743765000,24.2647755000,21.3430984500,21.6600261300,25.8296059200,16469545,377110984.9700,2,11.650300,1,-16.142600,46.433197,3.048877,2.620264,-57.212862,0
2024-03-28,sz.300843,21.4718503200,23.5913041800,20.6696271300,23.1555286200,21.6600261300,15919992,361079477.7500,2,11.261600,1,6.904400,49.639147,3.259384,2.801178,-61.163087,0
2024-03-29,sz.300843,22.7890809900,23.2644725100,21.7887780000,22.5018652800,23.1555286200,13592835,308370675.3300,2,9.615400,1,-2.822900,48.237871,3.167374,2.722103,-59.436499,0
2024-04-01,sz.300843,22.3830174000,22.3830174000,21.3034824900,22.0660897200,22.5018652800,12437879,272906480.8800,2,8.797800,1,-1.936600,47.309121,3.106391,2.669693,-58.292135,0
2024-04-02,sz.300843,21.9472418400,23.3338004400,21.8085859800,23.0564887200,22.0660897200,15280911,349731764.1100,2,10.808800,1,4.488300,49.432510,3.245816,2.789518,-60.908479,0
2024-04-03,sz.300843,21.8382979500,22.1354176500,20.0159637900,20.4220273800,23.0564887200,11036956,232508317.6000,2,7.806800,1,-11.426100,43.784294,2.874946,2.470784,-53.949005,0
2024-04-08,sz.300843,20.3031795000,20.6399151600,19.2038366100,19.2929725200,20.4220273800,8773180,173822365.1200,2,6.205600,1,-5.528600,41.363630,2.716001,2.334184,-50.966373,0
2024-04-09,sz.300843,19.4415323700,20.1050997000,19.2929725200,19.7683640400,19.2929725200,6746160,134012449.7200,2,4.771800,1,2.464100,42.382857,2.782925,2.391700,-52.222218,0
2024-04-10,sz.300843,19.7683640400,20.0159637900,18.6690211500,19.0948927200,19.7683640400,8042364,155868286.8800,2,5.688700,1,-3.406800,40.938952,2.688116,2.310219,-50.443104,0
2024-04-11,sz.300843,18.9958528200,19.6594201500,18.8571969600,18.9859488300,19.0948927200,5323600,103480191.0000,2,3.765600,1,-0.570500,40.705379,2.672779,2.297038,-50.155307,0
2024-04-12,sz.300843,19.0156608000,20.8677069300,19.0156608000,19.7485560600,18.9859488300,9342162,188280726.0200,2,6.608100,1,4.016700,42.340389,2.780137,2.389303,-52.169891,0
2024-04-15,sz.300843,19.1741246400,19.6891321200,17.8073740200,18.1143977100,19.7485560600,8515500,159298385.0000,2,6.023300,1,-8.274800,38.836796,2.550085,2.191593,-47.852924,0
2024-04-16,sz.300843,17.5795822500,17.8965099300,15.8661919800,16.3514874900,18.1143977100,7645372,128495567.8800,2,5.407900,1,-9.732100,35.057162,2.301908,1.978305,-43.195833,0
2024-04-17,sz.300843,16.8367830000,18.3223815000,16.8367830000,18.2233416000,16.3514874900,6418096,115136136.0800,2,4.539800,1,11.447600,39.070369,2.565422,2.204774,-48.140722,0
2024-04-18,sz.300843,18.0945897300,19.4415323700,17.6489101800,18.5996932200,18.2233416000,9315032,175304174.9000,2,6.588900,1,2.065200,39.877257,2.618403,2.250307,-49.134933,0
2024-04-19,sz.300843,18.3719014500,18.8175810000,18.1738216500,18.5501732700,18.5996932200,5925662,110423357.8200,2,4.191400,1,-0.266200,39.771087,2.611432,2.244316,-49.004116,0
2024-04-22,sz.300843,18.1738216500,18.5105573100,17.4508303800,17.5894862400,18.5501732700,4654100,83419445.0000,2,3.292000,1,-5.178900,37.711400,2.476190,2.128086,-46.466262,0
2024-04-23,sz.300843,17.8172780100,18.1639176600,17.6291022000,17.9064139200,17.5894862400,4521600,82036737.0000,2,3.198300,1,1.801800,38.390884,2.520806,2.166430,-47.303492,0
2024-04-24,sz.300843,17.8866059400,21.4916583000,17.8866059400,21.4916583000,17.9064139200,10632500,217481051.0000,2,7.520800,1,20.022100,46.077555,3.025525,2.600195,-56.774656,0
2024-04-25,sz.300843,22.3235934600,25.2551745000,21.6699301200,24.5123752500,21.4916583000,24943012,584437746.4700,2,17.643100,1,14.055300,52.553893,3.450771,2.965660,-64.754504,0
2024-04-26,sz.300843,23.5219762500,25.2551745000,23.1456246300,24.3241994400,24.5123752500,23077918,562226566.3400,2,16.323900,1,-0.767700,46.335627,3.359138,2.940862,-140.702780,0
2024-04-29,sz.300843,24.0072717600,25.0868066700,23.8686159000,24.3440074200,24.3241994400,16076004,394776452.1600,2,11.371200,1,0.081400,46.373360,3.361873,2.943257,-140.817359,0
2024-04-30,sz.300843,23.8785198900,24.6708390900,23.1654326100,23.2050485700,24.3440074200,11213153,268181997.6000,2,7.931500,1,-4.678600,44.203736,3.204584,2.805554,-134.229077,0
2024-05-06,sz.300843,23.2743765000,23.7497680200,22.9673528100,23.2050485700,23.2050485700,8743400,205796463.3900,2,6.184500,1,0.000000,44.203736,3.204584,2.805554,-134.229077,0
2024-05-07,sz.300843,23.3238964500,24.0865036800,23.1357206400,23.4328403400,23.2050485700,9936039,236455801.6100,2,7.028100,1,0.981600,44.637660,3.236042,2.833094,-135.546734,0
2024-05-08,sz.300843,22.8088889700,23.2743765000,22.2839775000,22.6801371000,23.4328403400,7000696,160457603.6400,2,4.951900,1,-3.212200,43.203822,3.132095,2.742090,-131.192739,0
2024-05-09,sz.300843,22.7692730100,23.1951445800,22.3830174000,23.1555286200,22.6801371000,6795627,157489227.6500,2,4.806800,1,2.096100,44.109404,3.197746,2.799567,-133.942630,0
2024-05-10,sz.300843,24.6015111600,24.6114151500,21.9274338600,21.9670498200,23.1555286200,11923220,279482630.3000,2,8.433700,1,-5.132600,41.845448,3.033619,2.655876,-127.067902,0
2024-05-13,sz.300843,21.7788740100,24.6015111600,21.1549226400,22.5117692700,21.9670498200,13760335,318687128.0000,2,9.733200,1,2.479700,42.883095,3.108844,2.721734,-130.218819,0
2024-05-14,sz.300843,22.6999450800,27.0180847200,22.6207131600,25.7206620300,22.5117692700,27255176,689712690.3700,2,19.278600,1,14.254300,48.995775,3.551987,3.109698,-148.780586,0
2024-05-15,sz.300843,24.7797829800,25.3245024300,24.0270797400,24.7599750000,25.7206620300,18217706,453397767.8800,2,12.886100,1,-3.735100,47.165744,3.419318,2.993548,-143.223514,0
2024-05-16,sz.300843,25.5522942000,28.5730111500,25.3145984400,27.1171246200,24.7599750000,25863191,691857527.3100,2,18.294000,1,9.520000,51.655923,3.744837,3.278534,-156.858393,0
2024-05-17,sz.300843,26.7704849700,32.5445111400,26.3842293600,32.5445111400,27.1171246200,24970105,743187456.2600,2,17.662300,1,20.014600,61.994654,4.494351,3.934720,-188.252987,0
2024-05-20,sz.300843,32.9604787200,37.4568901800,32.5445111400,35.1690684900,32.5445111400,31130361,1088268773.3700,2,22.019700,1,8.064500,66.994223,4.856799,4.252036,-203.434679,0
2024-05-21,sz.300843,33.6141420600,34.6639650000,32.2473914400,33.2972143800,35.1690684900,22395655,753334276.3900,2,15.841300,1,-5.322400,63.428493,4.598298,4.025724,-192.606982,0
2024-05-22,sz.300843,32.2870074000,39.9526956600,32.1285435600,39.7348078800,33.2972143800,32599292,1181187580.5900,2,23.058700,1,19.333700,75.691587,5.487321,4.804047,-229.845095,0
2024-05-23,sz.300843,38.1501694800,39.5466320700,36.5259151200,37.2984263400,39.7348078800,25849858,984104706.9400,2,18.284600,1,-6.131600,71.050477,5.150860,4.509481,-215.751902,0
2024-05-24,sz.300843,36.6348590100,39.3485522700,33.2774064000,35.0403166200,37.2984263400,27921386,1012139331.4800,2,19.749800,1,-6.054200,66.748961,4.839018,4.236470,-202.689917,0
2024-05-27,sz.300843,35.3077243500,37.6153540200,33.6933739800,36.9914026500,35.0403166200,24135711,876982368.6800,2,17.072100,1,5.568100,70.465622,5.108461,4.472361,-213.975930,0
2024-05-28,sz.300843,35.1591645000,35.4562842000,32.8812468000,32.9307667500,36.9914026500,21214527,731109276.9000,2,15.005800,1,-10.977200,62.730440,4.547692,3.981419,-190.487274,0
2024-05-29,sz.300843,32.5940310900,33.6636620100,30.4844812200,31.1084325900,32.9307667500,20140455,640409175.5100,2,14.246100,1,-5.533800,59.259041,4.296031,3.761094,-179.946023,0
2024-05-30,sz.300843,30.7915049100,31.4946882000,29.6228340900,30.1081296000,31.1084325900,14784910,452404446.0000,2,10.269800,1,-3.215500,58.346329,4.229863,3.703166,-177.174481,0
2024-05-31,sz.300843,29.5535061600,31.6729600200,29.5535061600,30.1081296000,30.1081296000,17844154,553019339.0200,2,12.394800,1,0.000000,58.346329,4.229863,3.703166,-177.174481,0
2024-06-03,sz.300843,29.9100498000,34.8125248500,29.9100498000,33.9706857000,30.1081296000,26872127,879782577.5600,2,18.665700,1,12.828900,65.831549,4.772510,4.178243,-199.904102,0
2024-06-04,sz.300843,32.5940310900,33.1288465500,30.9202567800,31.2867044100,33.9706857000,18771250,602550409.9200,2,13.038700,1,-7.900900,60.630281,4.395440,3.848125,-184.109930,0
2024-06-05,sz.300843,30.6231370800,32.3662393200,29.4247542900,30.0487056600,31.2867044100,16589706,509380646.7600,2,11.523400,1,-3.956900,58.231172,4.221514,3.695857,-176.824795,0
2024-06-06,sz.300843,30.2963054100,30.6825610200,27.7311720000,28.1471395800,30.0487056600,16012371,470428312.3900,2,11.122400,1,-6.328300,54.546141,3.954365,3.461973,-165.634828,0
2024-06-07,sz.300843,28.0183877100,28.2065635200,26.8299089100,27.6321321000,28.1471395800,12340455,342513144.6000,2,8.571800,1,-1.829700,53.548111,3.882012,3.398629,-162.604212,0
2024-06-11,sz.300843,27.5132842200,27.9391557900,26.4634612800,27.7311720000,27.6321321000,8356500,230688179.2300,2,5.804500,1,0.358400,53.740040,3.895926,3.410810,-163.187022,0
2024-06-12,sz.300843,27.5826121500,29.8110099000,27.5826121500,29.2860984300,27.7311720000,16576757,480660545.3700,2,11.514100,1,5.607100,56.754665,4.114474,3.602145,-172.341233,0
2024-06-13,sz.300843,29.1078266100,29.3653303500,27.8599238700,27.9985797300,29.2860984300,12913418,372321727.2100,2,8.969600,1,-4.396300,54.259532,3.933587,3.443782,-164.764513,0
2024-06-14,sz.300843,28.2362754900,28.9988827200,27.8004999300,28.8404188800,27.9985797300,12886412,372798241.7900,2,8.950800,1,3.006700,55.890965,4.051859,3.547327,-169.718522,0
2024-06-17,sz.300843,29.0186907000,30.2071695000,28.6225311000,28.8404188800,28.8404188800,12516113,368831928.7900,2,8.693600,1,0.000000,55.890965,4.051859,3.547327,-169.718522,0
2024-06-18,sz.300843,28.8205480000,30.2615754000,28.8205480000,30.1721323200,28.8404242400,15950930,476988569.5600,2,11.079400,1,4.617500,58.270937,4.224397,3.698381,-176.945547,0
2024-06-19,sz.300843,29.8143600000,30.8181101200,29.3273921200,29.6553500800,30.1721323200,15483239,465431817.7000,2,10.754600,1,-1.712800,57.272884,4.152043,3.635035,-173.914859,0
2024-06-20,sz.300843,29.1683822000,29.1882584400,27.2702012800,27.3298300000,29.6553500800,12901115,363508063.1400,2,8.961100,1,-7.841800,52.781646,3.826447,3.349982,-160.276763,0
2024-06-21,sz.300843,27.3099537600,28.1745702000,26.5447185200,27.3894587200,27.3298300000,7812592,215756277.1700,2,5.426600,1,0.218200,52.896806,3.834795,3.357291,-160.626458,0
2024-06-24,sz.300843,27.3099537600,27.4490874400,25.8589882400,26.0080600400,27.3894587200,7784114,207667109.9800,2,5.406800,1,-5.043500,50.228934,3.641386,3.187965,-152.525196,0
2024-06-25,sz.300843,26.3360180000,26.3360180000,25.0341242800,25.3123916400,26.0080600400,6432913,165100283.7500,2,4.468300,1,-2.674800,48.885401,3.543985,3.102693,-148.445424,0
2024-06-26,sz.300843,25.4415872000,26.1471937200,24.7061663200,26.0179981600,25.3123916400,6785942,173509540.5400,2,4.713500,1,2.787600,50.248127,3.642777,3.189183,-152.583479,0
2024-06-27,sz.300843,25.5608446400,26.4652135600,25.3422060000,25.4316490800,26.0179981600,6667019,174034009.6700,2,4.630900,1,-2.253600,49.115721,3.560683,3.117311,-149.144814,0
2024-06-28,sz.300843,25.2825772800,28.0950652400,25.2428248000,26.7136665600,25.4316490800,14028602,381667954.2700,2,9.744200,1,5.041000,51.591660,3.740178,3.274456,-156.663251,0
2024-07-01,sz.300843,26.3062036400,27.3298300000,25.9881838000,26.9621195600,26.7136665600,10418128,280087198.6800,2,7.285500,1,0.930100,52.072659,3.775048,3.304984,-158.123853,0
2024-07-02,sz.300843,26.8329240000,27.2403869200,26.1869462000,26.3360180000,26.9621195600,7112165,190788183.3600,2,4.973600,1,-2.322200,50.863452,3.687386,3.228237,-154.451976,0
2024-07-03,sz.300843,26.3459561200,26.4155229600,25.3521441200,25.5608446400,26.3360180000,5797150,149393500.5000,2,4.054000,1,-2.943400,49.366339,3.578851,3.133217,-149.905842,0
2024-07-04,sz.300843,25.6403496000,26.2167605600,24.8751143600,24.8751143600,25.5608446400,7120714,182235841.3300,2,4.979600,1,-2.682700,48.041970,3.482840,3.049161,-145.884262,0
2024-07-05,sz.300843,25.0838148800,25.7894214000,24.2191984400,25.2627010400,24.8751143600,7389421,185230192.9300,2,5.167500,1,1.558100,48.790527,3.537107,3.096671,-148.157329,0
2024-07-08,sz.300843,25.0838148800,26.2465749200,24.6067851200,25.4714015600,25.2627010400,8439275,217999136.6200,2,5.901700,1,0.826100,49.193596,3.566328,3.122254,-149.381288,0
2024-07-09,sz.300843,25.5906590000,30.5696571200,25.5707827600,30.5696571200,25.4714015600,22409575,637271903.9600,2,15.671300,1,20.015600,59.039992,4.280151,3.747192,-179.280859,0
2024-07-10,sz.300843,31.3945210800,32.4479618000,30.8081720000,31.1162537200,30.5696571200,26586082,842635242.4700,2,18.592000,1,1.788000,60.095649,4.356681,3.814193,-182.486466,0
2024-07-11,sz.300843,30.9572438000,31.5932834800,30.2019466800,31.4541498000,31.1162537200,19950215,620618874.2400,2,13.951500,1,1.085900,60.748237,4.403991,3.855612,-184.468114,0
2024-07-12,sz.300843,30.3212041200,30.9075532000,30.0230605200,30.6591002000,31.4541498000,12332612,379094424.3100,2,8.624400,1,-2.527600,59.212736,4.292674,3.758155,-179.805413,0
2024-07-15,sz.300843,30.5199665200,30.6491620800,29.5261545200,29.7249169200,30.6591002000,8634508,259193378.8700,2,6.038200,1,-3.047000,57.408523,4.161876,3.643644,-174.326739,0
2024-07-16,sz.300843,29.9336174400,31.3547686000,29.6155976000,30.8976150800,29.7249169200,16700375,515201289.5100,2,11.678800,1,3.945200,59.673386,4.326069,3.787392,-181.204224,0
2024-07-17,sz.300843,29.8342362400,30.3311422400,28.2143226800,28.3236420000,30.8976150800,14403512,420980256.1000,2,10.072600,1,-8.330700,54.702204,3.965679,3.471878,-166.108729,0
2024-07-18,sz.300843,27.4987780400,28.1050033600,26.0179981600,27.1807582000,28.3236420000,11380900,306381165.6600,2,7.958800,1,-4.035100,52.494922,3.805661,3.331784,-159.406096,0
2024-07-19,sz.300843,27.2304488000,27.5484686400,26.6242234800,26.9819958000,27.1807582000,7744723,211217900.7100,2,5.416000,1,-0.731300,52.111047,3.777831,3.307420,-158.240420,0
2024-07-22,sz.300843,26.9124289600,28.2540751600,26.3658323600,28.0254984000,26.9819958000,12236700,338829804.0000,2,8.557300,1,3.867400,54.126391,3.923935,3.435332,-164.360216,0
2024-07-23,sz.300843,28.2242608000,29.2777015200,27.8068597600,27.8863647200,28.0254984000,14058563,403507666.9100,2,9.831400,1,-0.496500,53.857678,3.904455,3.418277,-163.544243,0
2024-07-24,sz.300843,27.3198918800,31.2951398800,27.0316864000,29.7646694000,27.8863647200,19754419,593615883.8400,2,13.814600,1,6.735600,57.485298,4.167442,3.648517,-174.559874,0
2024-07-25,sz.300843,27.8267360000,28.4329613200,26.9323052000,27.8068597600,29.7646694000,14166023,393800970.2400,2,9.906500,1,-6.577600,53.704128,3.893323,3.408531,-163.077973,0
2024-07-26,sz.300843,27.5385305200,29.6354738400,27.3993968400,29.0888772400,27.8068597600,15590745,451699175.7500,2,10.902800,1,4.610400,56.180123,4.072822,3.565679,-170.596578,0
2024-07-29,sz.300843,28.5224044000,31.2852017600,28.3137038800,30.6392239600,29.0888772400,18089219,546337063.9800,2,12.650100,1,5.329700,59.174349,4.289891,3.755719,-179.688846,0
2024-07-30,sz.300843,30.0230605200,35.7772320000,30.0131224000,32.6964148000,30.6392239600,25809651,848127677.5000,2,18.049100,1,6.714200,63.147456,4.577924,4.007887,-191.753585,0
2024-07-31,sz.300843,31.7026028000,33.0541871200,31.4143973200,32.4578999200,32.6964148000,20880421,676598704.1400,2,14.602000,1,-0.729500,62.686806,4.544529,3.978650,-190.354775,0
2024-08-01,sz.300843,32.7858578800,33.4517119200,31.6230978400,31.8914270800,32.4578999200,13924043,450849034.8700,2,9.737300,1,-1.745300,61.592762,4.465216,3.909212,-187.032600,0
2024-08-02,sz.300843,30.3609566000,31.7920458800,30.3112660000,30.6094096000,31.8914270800,12488337,389373019.1800,2,8.733300,1,-4.019900,59.116767,4.285716,3.752064,-179.513994,0
2024-08-05,sz.300843,28.6317237200,28.7012905600,26.1869462000,26.2863274000,30.6094096000,16670388,455533349.1500,2,11.657800,1,-14.123400,50.767484,3.680429,3.222146,-154.160557,0
2024-08-06,sz.300843,26.8528002400,27.2304488000,26.0776268800,26.5944091200,26.2863274000,9576400,256110361.4000,2,6.696900,1,1.172000,51.362490,3.723564,3.259910,-155.967354,0
2024-08-07,sz.300843,26.3956467200,27.3198918800,25.8391120000,26.0975031200,26.5944091200,9943300,266178669.0000,2,6.953500,1,-1.868500,50.402802,3.653991,3.199000,-153.053165,0
2024-08-08,sz.300843,25.3123916400,25.8192357600,24.9844336800,25.6304114800,26.0975031200,7189707,183953541.5300,2,5.027900,1,-1.789800,49.500696,3.588592,3.141745,-150.313828,0
2024-08-09,sz.300843,25.8391120000,26.8329240000,25.8291738800,26.4950279200,25.6304114800,8879871,236087995.5100,2,6.209800,1,3.373400,51.170553,3.709649,3.247728,-155.384516,0
2024-08-12,sz.300843,26.0478125200,26.1372556000,24.8453000000,25.0540005200,26.4950279200,7438616,189719610.1200,2,5.201900,1,-5.438900,48.387458,3.507887,3.071089,-146.933370,0
2024-08-13,sz.300843,25.0937530000,27.0316864000,25.0937530000,26.3757704800,25.0540005200,9458271,248173257.4300,2,6.614300,1,5.275700,50.940227,3.692952,3.233110,-154.685111,0
2024-08-14,sz.300843,26.5944091200,26.7832334000,25.8987407200,25.9981219200,26.3757704800,7678647,202906979.9000,2,5.369800,1,-1.431800,50.210865,3.640076,3.186818,-152.470328,0
2024-08-15,sz.300843,25.4912778000,26.6341616000,25.3521441200,26.2863274000,25.9981219200,7890947,207495355.8000,2,5.518300,1,1.108600,50.767484,3.680429,3.222146,-154.160557,0
2024-08-16,sz.300843,26.6341616000,27.2801394000,26.3360180000,26.3360180000,26.2863274000,9785459,263202663.2100,2,6.843100,1,0.189000,50.863452,3.687386,3.228237,-154.451976,0
2024-08-19,sz.300843,25.8391120000,25.9285550800,24.3185796400,24.7657950400,26.3360180000,8556756,214281305.8600,2,5.983900,1,-5.962300,47.830839,3.467534,3.035761,-145.243141,0
2024-08-20,sz.300843,24.6763519600,24.9248049600,24.1198172400,24.2390746800,24.7657950400,5503145,135522580.1600,2,3.848400,1,-2.126800,46.813570,3.393786,2.971196,-142.154101,0
2024-08-21,sz.300843,23.8514880000,24.7459188000,23.8514880000,24.4577133200,24.2390746800,4358335,107026255.6500,2,3.047800,1,0.902000,47.235833,3.424399,2.997997,-143.436344,0
2024-08-22,sz.300843,24.4080227200,25.0838148800,23.5930968800,24.0104979200,24.4577133200,6627200,161506214.8000,2,4.634500,1,-1.828500,46.372114,3.361783,2.943178,-140.813575,0
2024-08-23,sz.300843,23.9011786000,24.0104979200,23.4340869600,23.5831587600,24.0104979200,4268300,101781559.0000,2,2.984900,1,-1.779800,45.546782,3.301950,2.890795,-138.307373,0
2024-08-26,sz.300843,23.6328493600,24.1396934800,23.3545820000,23.9608073200,23.5831587600,4289800,102842535.5500,2,2.999900,1,1.601300,46.276145,3.354825,2.937087,-140.522156,0
2024-08-27,sz.300843,23.7521068000,23.7521068000,23.0564384000,23.1260052400,23.9608073200,3882371,91156753.8800,2,2.715000,1,-3.484000,44.663869,3.237942,2.834758,-135.626320,0
2024-08-28,sz.300843,22.7582948000,23.8316117600,22.7582948000,23.1558196000,23.1260052400,3246395,76439447.5400,2,2.270300,1,0.128900,44.721451,3.242117,2.838412,-135.801171,0
2024-08-29,sz.300843,22.6589136000,23.7421686800,22.5992848800,23.6328493600,23.1558196000,3761899,88604518.4300,2,2.630800,1,2.060100,45.642751,3.308907,2.896886,-138.598792,0
2024-08-30,sz.300843,24.0303741600,24.9943718000,23.8514880000,24.4676514400,23.6328493600,7010987,172883507.4400,2,4.902900,1,3.532400,43.633088,3.142084,3.014521,-46.758720,0
2024-09-02,sz.300843,24.3086415200,24.7260425600,23.9011786000,24.1297553600,24.4676514400,5621716,137311864.4000,2,3.931300,1,-1.381000,43.030519,3.098692,2.972890,-46.112986,0
2024-09-03,sz.300843,24.1297553600,24.4378370800,23.6825399600,24.3483940000,24.1297553600,4925400,119514523.6500,2,3.444400,1,0.906100,43.420416,3.126770,2.999828,-46.530814,0
2024-09-04,sz.300843,23.9210548400,23.9309929600,23.3347057600,23.6924780800,24.3483940000,4548946,108278064.4300,2,3.181100,1,-2.693900,42.250723,3.042538,2.919016,-45.277331,0
2024-09-05,sz.300843,23.4042726000,23.9309929600,23.4042726000,23.5334681600,23.6924780800,3094600,73572957.0000,2,2.164100,1,-0.671100,41.967162,3.022118,2.899425,-44.973456,0
2024-09-06,sz.300843,23.5632825200,23.6328493600,22.9968096800,23.0166859200,23.5334681600,3420800,79946874.0000,2,2.392200,1,-2.195900,41.045585,2.955754,2.835756,-43.985863,0
2024-09-09,sz.300843,22.9471190800,23.2850151600,22.7682329200,23.0961908800,23.0166859200,2226211,51593957.6600,2,1.556800,1,0.345400,41.187366,2.965964,2.845551,-44.137801,0
2024-09-10,sz.300843,23.0961908800,23.3048914000,22.5794086400,23.2452626800,23.0961908800,3018000,69847668.0000,2,2.110500,1,0.645400,41.453206,2.985108,2.863917,-44.422683,0
2024-09-11,sz.300843,23.1260052400,23.3943344800,22.7682329200,22.8576760000,23.2452626800,3119700,72324837.0000,2,2.181700,1,-1.667400,40.762024,2.935335,2.816165,-43.681989,0
2024-09-12,sz.300843,23.1558196000,23.5235300400,22.3806462400,22.3806462400,22.8576760000,4170309,95852030.1200,2,2.916400,1,-2.087000,39.911338,2.874076,2.757393,-42.770364,0
2024-09-13,sz.300843,22.3309556400,22.8377997600,21.9731833200,21.9831214400,22.3806462400,3673561,82549902.7500,2,2.569000,1,-1.776200,39.202433,2.823026,2.708416,-42.010678,0
2024-09-18,sz.300843,22.0427501600,22.1520694800,21.4067104800,21.6849778400,21.9831214400,2908423,63463486.2500,2,2.033900,1,-1.356200,38.670754,2.784739,2.671683,-41.440913,0
2024-09-19,sz.300843,21.8837402400,22.0526882800,21.6054728800,21.7048540800,21.6849778400,3728016,81721217.0800,2,2.607100,1,0.091700,38.706200,2.787292,2.674132,-41.478897,0
2024-09-20,sz.300843,21.7346684400,21.9334308400,21.4265867200,21.5160298000,21.7048540800,3401170,74199612.0000,2,2.378500,1,-0.870000,38.369470,2.763043,2.650868,-41.118046,0
2024-09-23,sz.300843,21.5160298000,22.3607700000,21.3768961200,22.0228739200,21.5160298000,5007600,111338761.9700,2,3.501900,1,2.355700,39.273324,2.828131,2.713314,-42.086646,0
2024-09-24,sz.300843,22.1023788800,22.8576760000,21.6452253600,22.8576760000,22.0228739200,5801300,130626220.0000,2,4.056900,1,3.790600,40.762024,2.935335,2.816165,-43.681989,0
2024-09-25,sz.300843,23.1061290000,24.3384558800,22.8676141200,23.3347057600,22.8576760000,7661646,182179520.9600,2,5.357900,1,2.087000,41.612709,2.996594,2.874937,-44.593613,0
2024-09-26,sz.300843,23.1558196000,24.0303741600,23.1061290000,24.0303741600,23.3347057600,6050600,143986455.0000,2,4.231300,1,2.981300,42.853293,3.085930,2.960646,-45.923065,0
2024-09-27,sz.300843,24.3980846000,25.7695451600,23.9608073200,25.1235673600,24.0303741600,9964000,248568907.0000,2,6.968000,1,4.549200,44.802781,3.226316,3.095332,-48.012203,0
2024-09-30,sz.300843,26.1869462000,29.2578252800,25.5012159200,28.8702386000,25.1235673600,14199845,390896097.0500,2,9.930200,1,14.913000,51.484208,3.707455,3.556939,-55.172251,0
2024-10-08,sz.300843,34.5747194800,34.5945957200,29.8143600000,34.5945957200,28.8702386000,18412247,602709933.3200,2,12.876000,1,19.827900,61.692436,4.442565,4.262204,-66.111740,0
2024-10-09,sz.300843,31.9113033200,35.2604497600,29.5957213600,31.3746448400,34.5945957200,18128904,587134118.8200,2,12.675900,1,-9.307700,55.955938,4.029471,3.865881,-59.964310,0
2024-10-10,sz.300843,31.0765012400,31.8019840000,29.3174540000,29.9137412000,31.3746448400,9783794,296645732.9800,2,6.840900,1,-4.656300,53.350451,3.841846,3.685873,-57.172181,0
2024-10-11,sz.300843,29.8242981200,29.9634318000,26.9819958000,27.3695824800,29.9137412000,7966214,225664288.6700,2,5.570000,1,-8.505000,48.813004,3.515098,3.372391,-52.309696,0
2024-10-14,sz.300843,27.3795206000,29.3174540000,27.3795206000,29.2180728000,27.3695824800,9666085,277451377.9900,2,6.758600,1,6.753800,52.109742,3.752501,3.600155,-55.842595,0
2024-10-15,sz.300843,28.7708574000,31.1261918400,28.7609192800,30.0131224000,29.2180728000,15174203,462508528.0500,2,10.609900,1,2.721100,53.527695,3.854610,3.698119,-57.362122,0
2024-10-16,sz.300843,28.4230232000,29.0491247600,27.8366741200,28.2938276400,30.0131224000,9366690,268137233.6900,2,6.549300,1,-5.728500,50.461373,3.633799,3.486273,-54.076146,0
2024-10-17,sz.300843,28.6317237200,30.4007090800,28.4528375600,29.5062782800,28.2938276400,12434076,370183167.2000,2,8.685500,1,4.285200,52.672278,3.793010,3.639020,-56.445428,0
2024-10-18,sz.300843,29.1186916000,32.2193850400,28.9199292000,31.3050780000,29.5062782800,19255410,606922023.0400,2,13.450300,1,6.096300,55.883353,4.024244,3.860867,-59.886526,0
2024-10-21,sz.300843,31.9212414400,33.7896080000,31.6827265600,32.8454866000,31.3050780000,21621377,714604744.9900,2,15.103000,1,4.920600,58.633169,4.222263,4.050846,-62.833324,0
2024-10-22,sz.300843,32.7957960000,33.7399174000,31.5833453600,31.9212414400,32.8454866000,16113013,524808504.5400,2,11.255300,1,-2.813900,56.983280,4.103452,3.936858,-61.065245,0
2024-10-23,sz.300843,31.6032216000,32.2193850400,30.8081720000,31.0765012400,31.9212414400,11759090,374703579.0000,2,8.214000,1,-2.646300,55.475316,3.994861,3.832676,-59.449260,0
2024-10-24,sz.300843,30.7684195200,31.5137785200,30.4404615600,30.9771200400,31.0765012400,6480669,201650782.1200,2,4.526900,1,-0.319800,55.297909,3.982086,3.820419,-59.259144,0
2024-10-25,sz.300843,31.2056968000,31.6032216000,30.7087908000,30.9870581600,30.9771200400,7386071,231251897.2900,2,5.159300,1,0.032100,51.351738,3.951958,3.892579,-50.736958,0
2024-10-28,sz.300843,31.3050780000,32.9746821600,30.8578626000,32.7957960000,30.9870581600,12909865,418247872.3400,2,9.017800,1,5.837100,54.349177,4.182637,4.119792,-53.698512,0
2024-10-29,sz.300843,32.9846202800,32.9846202800,31.0069344000,31.0566250000,32.7957960000,10211689,326147188.4100,2,7.133100,1,-5.303000,51.467024,3.960830,3.901318,-50.850864,0
2024-10-30,sz.300843,30.8181101200,32.7461054000,30.6094096000,32.0703132400,31.0566250000,10967745,353376229.2000,2,7.661200,1,3.264000,53.146907,4.090112,4.028657,-52.510636,0
2024-10-31,sz.300843,32.5970336000,33.2927020000,31.2156349200,32.5175286400,32.0703132400,13410006,440318614.3000,2,9.367200,1,1.394500,53.888032,4.147148,4.084836,-53.242888,0
2024-11-01,sz.300843,32.4976524000,32.7957960000,29.6354738400,29.7149788000,32.5175286400,12431841,382598337.3600,2,8.683900,1,-8.618600,49.243648,3.789722,3.732781,-48.654106,0
2024-11-04,sz.300843,29.3174540000,30.6690383200,29.3075158800,30.4404615600,29.7149788000,5830384,177778561.3100,2,4.072600,1,2.441500,50.445918,3.882247,3.823916,-49.841982,0
2024-11-05,sz.300843,30.2118848000,31.4541498000,30.1224417200,31.0069344000,30.4404615600,7311167,226858542.8100,2,5.107000,1,1.860900,51.384676,3.954493,3.895076,-50.769502,0
2024-11-06,sz.300843,31.3845829600,32.4479618000,30.6889145600,30.9572438000,31.0069344000,9143735,290378234.9000,2,6.387100,1,-0.160300,51.302329,3.948156,3.888834,-50.688141,0
2024-11-07,sz.300843,30.0131224000,30.7684195200,29.9137412000,30.5696571200,30.9572438000,8192442,249511388.5800,2,5.722600,1,-1.252000,50.660021,3.898724,3.840146,-50.053522,0
2024-11-08,sz.300843,30.3609566000,33.2927020000,30.3609566000,32.6169098400,30.5696571200,17132465,555726363.3200,2,11.711000,1,6.697000,55.164546,4.245386,4.181599,-54.504119,0
2024-11-11,sz.300843,32.1597563200,34.5150907600,32.1597563200,34.3163283600,32.6169098400,20721368,705453231.0800,2,14.164200,1,5.210200,58.038750,4.466581,4.399470,-57.343913,0
2024-11-12,sz.300843,33.9486179200,35.1809448000,32.8256103600,33.5610312400,34.3163283600,16094132,542973181.6900,2,11.001200,1,-2.201000,56.761326,4.368272,4.302638,-56.081782,0
2024-11-13,sz.300843,33.3324544800,33.8889892000,31.8119221200,33.4914644000,33.5610312400,11364352,376392059.6600,2,7.561100,1,-0.207300,58.102945,4.471521,4.404336,-57.407340,0
2024-11-14,sz.300843,33.4715881600,34.4852764000,32.2988900000,32.5274667600,33.4914644000,11347469,382583602.9200,2,7.513800,1,-2.878300,56.685597,4.362444,4.296898,-56.006961,0
2024-11-15,sz.300843,32.3982712000,32.7759197600,30.4205853200,30.5199665200,32.5274667600,9915789,316822844.1000,2,6.565800,1,-6.171700,53.187128,4.093207,4.031706,-52.550375,0
2024-11-18,sz.300843,30.4106472000,30.9572438000,28.4727138000,28.9497435600,30.5199665200,7943895,233829415.8100,2,5.260100,1,-5.144900,50.450701,3.882615,3.824279,-49.846708,0
2024-11-19,sz.300843,29.1186916000,30.9969962800,29.0590628800,30.9870581600,28.9497435600,7324285,220666272.3700,2,4.849900,1,7.037400,54.001128,4.155851,4.093409,-53.354630,0
2024-11-20,sz.300843,30.7882957600,31.7522934000,30.5100284000,31.2454492800,30.9870581600,6615804,208183367.9200,2,4.380700,1,0.833900,54.451426,4.190506,4.127543,-53.799537,0
2024-11-21,sz.300843,30.8081720000,31.0864393600,29.9137412000,30.5895333600,31.2454492800,5947883,182703362.9400,2,3.938500,1,-2.099200,53.308362,4.102537,4.040896,-52.670157,0
2024-11-22,sz.300843,30.5597190000,31.1560062000,28.8404242400,28.8702386000,30.5895333600,6061856,182573138.5200,2,4.013900,1,-5.620500,50.312148,3.871953,3.813776,-49.709814,0
2024-11-25,sz.300843,28.8801767200,29.2677634000,28.1248796000,29.0093722800,28.8702386000,4322101,124101973.4800,2,2.861900,1,0.481900,50.554616,3.890613,3.832156,-49.949379,0
2024-11-26,sz.300843,28.8106098800,29.5758451200,28.5025281600,28.6416618400,29.0093722800,4005511,116942880.7300,2,2.652300,1,-1.267600,49.913807,3.841297,3.783581,-49.316242,0
2024-11-27,sz.300843,28.6217856000,29.1385678400,27.5782830000,29.1186916000,28.6416618400,4473371,127747692.9200,2,2.962100,1,1.665500,50.745127,3.905274,3.846597,-50.137609,0
2024-11-28,sz.300843,28.8603004800,29.0789391200,28.3037657600,28.3932088400,29.1186916000,4443828,128435158.4500,2,2.942500,1,-2.491500,49.480828,3.807975,3.750760,-48.888447,0
2024-11-29,sz.300843,28.0453746400,28.9099910800,27.8466122400,28.4230232000,28.3932088400,5355991,153036445.9800,2,3.546500,1,0.105000,49.532786,3.811974,3.754699,-48.939782,0
2024-12-02,sz.300843,28.3236420000,30.9870581600,28.3137038800,30.1820704400,28.4230232000,9757967,292910357.8600,2,6.328700,1,6.188800,53.637101,4.127836,4.065815,-52.994961,0
2024-12-03,sz.300843,30.1125036000,30.3112660000,29.4168352000,29.8739887200,30.1820704400,6147749,184753821.6800,2,3.987200,1,-1.020700,53.089604,4.085702,4.024313,-52.454018,0
2024-12-04,sz.300843,29.5857832400,29.8739887200,29.0193104000,29.2081346800,29.8739887200,4415417,130817630.7900,2,2.863700,1,-2.228900,51.906302,3.994637,3.934617,-51.284883,0
2024-12-05,sz.300843,28.9994341600,29.9534936800,28.9994341600,29.6454119600,29.2081346800,4595302,137056261.4600,2,2.980400,1,1.497100,52.683396,4.054441,3.993522,-52.052673,0
2024-12-06,sz.300843,29.4267733200,29.7149788000,28.7211668000,29.3075158800,29.6454119600,5529360,162592113.9000,2,3.586200,1,-1.139800,52.082915,4.008228,3.948004,-51.459381,0
2024-12-09,sz.300843,29.1385678400,29.5062782800,28.7211668000,29.3572064800,29.3075158800,4464355,130713204.7700,2,2.889600,1,0.169500,52.270369,4.022655,3.962214,-51.644592,0
2024-12-10,sz.300843,29.8143600000,30.6988526800,29.6354738400,29.7348550400,29.3572064800,8233347,250100677.1500,2,5.329200,1,1.286400,52.942771,4.074402,4.013183,-52.308943,0
2024-12-11,sz.300843,29.7447931600,31.1361299600,29.6652882000,31.1361299600,29.7348550400,10768581,330829184.2600,2,6.970100,1,4.712600,55.437734,4.266411,4.202307,-54.774037,0
2024-12-12,sz.300843,31.2951398800,31.2951398800,30.1423179600,30.5895333600,31.1361299600,6793481,208638967.2700,2,4.397200,1,-1.755500,54.464522,4.191514,4.128535,-53.812476,0
2024-12-13,sz.300843,30.2913897600,30.8379863600,29.6752263200,29.6851644400,30.5895333600,5762410,174582292.4400,2,3.701100,1,-2.956500,52.854297,4.067593,4.006477,-52.221529,0
2024-12-16,sz.300843,29.5162164000,31.2255730400,29.4565876800,30.9671819200,29.6851644400,10994497,339641255.5700,2,7.061500,1,4.318700,55.136923,4.243261,4.179505,-54.476827,0
2024-12-17,sz.300843,30.8081720000,31.6429740800,28.8106098800,28.8901148400,30.9671819200,9978046,303010992.2400,2,6.408700,1,-6.707300,51.438715,3.958652,3.899172,-50.822894,0
2024-12-18,sz.300843,28.9099910800,29.6056594800,27.6180354800,29.0590628800,28.8901148400,6152289,177513398.7000,2,3.951500,1,0.584800,51.739526,3.981802,3.921974,-51.120104,0
2024-12-19,sz.300843,28.3236420000,30.1125036000,28.3236420000,29.9435555600,29.0590628800,7132750,212291177.5800,2,4.581200,1,3.043800,53.314361,4.102999,4.041351,-52.676085,0
2024-12-20,sz.300843,29.6454119600,31.8019840000,29.3572064800,30.9174913200,29.9435555600,11261734,350253675.6700,2,7.233200,1,3.252600,55.048449,4.236452,4.172798,-54.389413,0
2024-12-23,sz.300843,30.9075532000,31.7026028000,29.6553500800,29.7050406800,30.9174913200,9324162,288115687.1500,2,5.988700,1,-3.921600,52.889687,4.070316,4.009159,-52.256494,0
2024-12-24,sz.300843,30.1621942000,35.6480364400,29.6155976000,35.6480364400,29.7050406800,35798200,1241087381.8200,2,22.992400,1,20.006700,63.471163,4.884652,4.811259,-62.711290,0
2024-12-25,sz.300843,35.7772320000,36.6319103200,34.2964521200,34.6741006800,35.6480364400,37672915,1340522598.4600,2,24.196500,1,-2.732100,61.737075,4.751199,4.679812,-60.997962,0
2024-12-26,sz.300843,34.6045338400,38.5599056000,33.9684941600,37.6455985600,34.6741006800,37325364,1382667777.7100,2,23.973300,1,8.569800,67.027813,5.158367,5.080862,-66.225360,0
2024-12-27,sz.300843,36.2741380000,37.2878262400,35.6480364400,36.8903014400,37.6455985600,24330974,890730756.3900,2,15.627200,1,-2.006300,65.683010,5.054873,4.978922,-64.896657,0
2024-12-30,sz.300843,36.4530241600,39.7326037600,34.5548432400,34.5846576000,36.8903014400,28547020,1069933553.0400,2,18.335100,1,-6.250000,61.577822,4.738943,4.667740,-60.840616,0
2024-12-31,sz.300843,34.6144719600,36.4132716800,33.8889892000,34.7933581200,34.5846576000,22395473,793393884.4900,2,14.384100,1,0.603400,61.949412,4.767540,4.695907,-61.207757,0
2025-01-02,sz.300843,33.2927020000,33.8889892000,31.0367487600,32.3982712000,34.7933581200,20167826,660340400.6100,2,12.953300,1,-6.883700,57.684971,4.439355,4.372653,-56.994370,0
2025-01-03,sz.300843,32.5473430000,32.7957960000,28.4230232000,28.6217856000,32.3982712000,19571215,590774852.0900,2,12.570200,1,-11.656400,50.960956,3.921884,3.862957,-50.350854,0
2025-01-06,sz.300843,27.9459934400,28.7012905600,26.9521814400,27.4590255600,28.6217856000,11243365,315470004.6900,2,7.221400,1,-4.062500,48.890667,3.762557,3.706024,-48.305351,0
2025-01-07,sz.300843,27.8068597600,29.9534936800,27.5882211200,29.8342362400,27.4590255600,17167581,500360026.5100,2,11.026400,1,8.650000,53.119719,4.088019,4.026596,-52.483773,0
2025-01-08,sz.300843,29.4764639200,29.9534936800,27.7174166800,29.5360926400,29.8342362400,15242037,445043441.8600,2,9.789600,1,-0.999300,52.588875,4.047166,3.986357,-51.959285,0
2025-01-09,sz.300843,29.4864020400,30.1621942000,28.9398054400,29.6951025600,29.5360926400,12573480,375636491.2400,2,8.075700,1,0.538400,52.871992,4.068955,4.007818,-52.239012,0
2025-01-10,sz.300843,29.4764639200,29.7646694000,27.8366741200,27.9062409600,29.6951025600,11921035,347231318.9600,2,7.656600,1,-6.024100,49.686932,3.823837,3.766383,-49.092083,0
2025-01-13,sz.300843,26.8329240000,27.7472310400,26.0577506400,27.1608819600,27.9062409600,9555773,259335877.0400,2,6.137500,1,-2.670900,48.359824,3.721704,3.665785,-47.780863,0
2025-01-14,sz.300843,27.4888399200,29.3174540000,27.3397681200,29.3174540000,27.1608819600,12121317,347850272.1000,2,7.785300,1,7.940000,52.199590,4.017208,3.956848,-51.574660,0
2025-01-15,sz.300843,29.3174540000,29.5360926400,28.4230232000,28.6118474800,29.3174540000,8767877,255077357.0700,2,5.631400,1,-2.406800,50.943261,3.920522,3.861616,-50.333372,0
2025-01-16,sz.300843,29.0690010000,29.7944837600,28.6217856000,29.4068970800,28.6118474800,14015734,411570007.1900,2,9.002000,1,2.778700,52.358843,4.029463,3.968920,-51.732006,0
2025-01-17,sz.300843,29.0391866400,29.6652882000,28.7211668000,29.0093722800,29.4068970800,9494821,277786744.3300,2,6.098300,1,-1.351800,51.651052,3.974993,3.915268,-51.032689,0
2025-01-20,sz.300843,29.8242981200,32.2889518800,29.7249169200,31.4143973200,29.0093722800,23601830,737497040.0800,2,15.158900,1,8.290500,55.933188,4.304540,4.239864,-55.263559,0
2025-01-21,sz.300843,31.5038404000,33.2927020000,30.5994714800,32.9349296800,31.4143973200,23728952,760487936.3900,2,15.240600,1,4.840200,58.640489,4.512890,4.445083,-57.938449,0
2025-01-22,sz.300843,35.7772320000,39.5239032400,35.7772320000,37.6654748000,32.9349296800,38173156,1456341833.1400,2,24.517800,1,14.363300,67.063202,5.161090,5.083544,-66.260326,0
2025-01-23,sz.300843,38.4108338000,39.2555740000,34.4355858000,34.4455239200,37.6654748000,31459145,1158809133.3700,2,20.205500,1,-8.548800,61.330095,4.719878,4.648962,-60.595855,0
2025-01-24,sz.300843,34.4455239200,36.2542617600,33.9088654400,35.2902641200,34.4455239200,24518085,868839522.0100,2,15.747400,1,2.452400,62.834151,4.835628,4.762972,-62.081904,0
2025-01-27,sz.300843,33.8194223600,34.6939769200,32.2392612800,32.3187662400,35.2902641200,17084793,571056097.5900,2,10.973200,1,-8.420200,57.543413,4.428461,4.361922,-56.854507,0
2025-02-05,sz.300843,31.9609939200,33.2330732800,31.1858205600,31.3249542400,32.3187662400,14222900,452933010.1300,2,9.135100,1,-3.075000,55.773935,4.292284,4.227792,-55.106213,0
2025-02-06,sz.300843,31.7920458800,32.7957960000,31.5038404000,32.7262291600,31.3249542400,14872823,482747270.6100,2,9.552500,1,4.473400,58.268899,4.484293,4.416916,-57.571307,0
2025-02-07,sz.300843,33.1933208000,34.8629249600,33.1933208000,34.0281228800,32.7262291600,20498641,703729767.9400,2,13.165800,1,3.978100,60.586914,4.662684,4.592627,-59.861571,0
2025-02-10,sz.300843,33.6703505600,34.2865140000,33.3920832000,33.9684941600,34.0281228800,14035120,477381270.1000,2,9.014400,1,-0.175200,60.480746,4.654514,4.584579,-59.756674,0
2025-02-11,sz.300843,34.2368234000,35.4592121600,33.4517119200,35.4592121600,33.9684941600,23098812,810355104.1900,2,14.835900,1,4.388500,63.134962,4.858778,4.785775,-62.379114,0
2025-02-12,sz.300843,34.7933581200,35.1809448000,34.2865140000,35.1809448000,35.4592121600,16400703,572965088.9400,2,10.533800,1,-0.784800,62.639508,4.820649,4.748218,-61.889592,0
2025-02-13,sz.300843,34.8828012000,34.8828012000,33.4914644000,33.4914644000,35.1809448000,14407938,492882985.7300,2,9.253900,1,-4.802300,59.631396,4.589149,4.520196,-58.917493,0
2025-02-14,sz.300843,33.4914644000,34.0380610000,32.9746821600,33.2728257600,33.4914644000,9614098,323491374.5100,2,6.174900,1,-0.652800,59.242111,4.559190,4.490688,-58.532868,0
2025-02-17,sz.300843,32.9945584000,34.9623061600,32.9448678000,34.7834200000,33.2728257600,15399555,530769171.4500,2,9.890800,1,4.540000,61.931717,4.766178,4.694566,-61.190275,0
2025-02-18,sz.300843,34.3958333200,34.9623061600,33.3423926000,33.4616500400,34.7834200000,11410543,391994554.8400,2,7.328700,1,-3.800000,59.578312,4.585064,4.516172,-58.865044,0
2025-02-19,sz.300843,33.4715881600,35.7672938800,33.3622688400,35.5188408800,33.4616500400,18896514,663056814.7200,2,12.136800,1,6.147900,63.241131,4.866949,4.793822,-62.484012,0
2025-02-20,sz.300843,35.9362419200,36.9399920400,35.3797072000,35.8666750800,35.5188408800,23236897,843326119.6400,2,14.924500,1,0.979300,63.860448,4.914611,4.840768,-63.095915,0
2025-02-21,sz.300843,35.5884077200,37.2679500000,35.5884077200,36.7611058800,35.8666750800,18701755,687344764.9600,2,12.011700,1,2.493800,65.452978,5.037170,4.961486,-64.669379,0
2025-02-24,sz.300843,36.3635810800,36.3635810800,35.1312542000,36.1449424400,36.7611058800,12246868,440417704.5200,2,7.865900,1,-1.676100,64.355902,4.952740,4.878325,-63.585437,0
2025-02-25,sz.300843,35.2604497600,36.6517865600,34.9821824000,35.8666750800,36.1449424400,10524760,377939137.2800,2,6.759800,1,-0.769900,63.860448,4.914611,4.840768,-63.095915,0
2025-02-26,sz.300843,36.5424672400,37.1188782000,34.8629249600,36.0554993600,35.8666750800,17671736,645581821.7000,2,11.350200,1,0.526500,64.196649,4.940484,4.866253,-63.428090,0
2025-02-27,sz.300843,35.5585933600,36.3536429600,34.9821824000,35.2803260000,36.0554993600,10863888,389090448.4700,2,6.977600,1,-2.149900,62.816456,4.834267,4.761631,-62.064421,0
2025-02-28,sz.300843,35.0616873600,35.1312542000,31.7522934000,32.0901894800,35.2803260000,12505531,415783691.5900,2,8.032000,1,-9.042300,57.136433,4.397140,4.331072,-56.452399,0
2025-03-03,sz.300843,32.2392612800,32.7957960000,31.1858205600,31.7821077600,32.0901894800,6666856,214743597.4600,2,4.282000,1,-0.960000,56.587895,4.354925,4.289492,-55.910428,0
2025-03-04,sz.300843,31.1460680800,32.3883330800,31.0069344000,32.2988900000,31.7821077600,5003844,161172389.2600,2,3.213900,1,1.626000,57.508023,4.425737,4.359240,-56.819541,0
2025-03-05,sz.300843,32.1995088000,33.6206599600,32.0007464000,33.1933208000,32.2988900000,7874258,260960770.6800,2,5.057500,1,2.769200,59.100553,4.548296,4.479957,-58.393005,0
2025-03-06,sz.300843,33.2927020000,34.2566996400,33.1635064400,33.6504743200,33.1933208000,7369240,249956990.9800,2,4.733100,1,1.377200,59.914513,4.610937,4.541657,-59.197220,0
2025-03-07,sz.300843,33.3622688400,34.3660189600,32.8653628400,33.9784322800,33.6504743200,8202233,278404768.0400,2,5.268100,1,0.974600,60.498440,4.655875,4.585920,-59.774157,0
2025-03-10,sz.300843,33.6902268000,34.1672565600,33.3423926000,33.8790510800,33.9784322800,5598800,189807974.0000,2,3.596000,1,-0.292500,60.321493,4.642258,4.572507,-59.599327,0
2025-03-11,sz.300843,33.0740633600,33.7896080000,32.8753009600,33.6206599600,33.8790510800,5208549,174734004.9500,2,3.345300,1,-0.762700,59.861429,4.606852,4.537633,-59.144771,0
2025-03-12,sz.300843,33.8790510800,34.7536056400,33.6802886800,34.4455239200,33.6206599600,7590200,261869093.1100,2,4.875000,1,2.453400,61.330095,4.719878,4.648962,-60.595855,0
2025-03-13,sz.300843,34.2865140000,34.4852764000,32.6467242000,33.1336920800,34.4455239200,6815801,227874435.6000,2,4.377600,1,-3.808400,58.994384,4.540125,4.471909,-58.288107,0
2025-03-14,sz.300843,32.9448678000,34.2566996400,32.4280855600,33.9486179200,33.1336920800,6379837,215116364.4600,2,4.097600,1,2.459500,60.445356,4.651790,4.581896,-59.721708,0
2025-03-17,sz.300843,34.0877516000,35.0318730000,33.5411550000,34.8728630800,33.9486179200,7977358,277010116.4000,2,5.123700,1,2.722500,62.090970,4.778434,4.706638,-61.347621,0
2025-03-18,sz.300843,34.8927393200,35.4393359200,34.5846576000,35.2803260000,34.8728630800,8224029,290253842.6000,2,5.282100,1,1.168400,62.816456,4.834267,4.761631,-62.064421,0
2025-03-19,sz.300843,35.1511304400,35.1511304400,34.2666377600,34.3759570800,35.2803260000,6340047,220522556.0900,2,4.072100,1,-2.563400,61.206232,4.710346,4.639572,-60.473474,0
2025-03-20,sz.300843,34.2566996400,35.6380983200,33.8293604800,34.9722442800,34.3759570800,10570063,372986126.5800,2,6.788900,1,1.734600,62.267918,4.792052,4.720051,-61.522450,0
2025-03-21,sz.300843,34.7734818800,34.7734818800,32.7957960000,32.9051153200,34.9722442800,8318566,279543734.7500,2,5.342800,1,-5.910800,58.587405,4.508805,4.441059,-57.886000,0
2025-03-24,sz.300843,32.6964148000,33.1038777200,31.0466868800,32.2491994000,32.9051153200,5551822,179207824.9300,2,3.565800,1,-1.993400,57.419549,4.418928,4.352533,-56.732126,0
2025-03-25,sz.300843,31.9311795600,32.5771573600,31.2553874000,31.2752636400,32.2491994000,3727400,119197976.0000,2,2.394000,1,-3.020000,55.685461,4.285475,4.221085,-55.018798,0
2025-03-26,sz.300843,31.1858205600,31.7026028000,31.0765012400,31.2056968000,31.2752636400,3309921,104521834.4400,2,2.125900,1,-0.222400,55.561598,4.275943,4.211696,-54.896418,0
2025-03-27,sz.300843,31.2553874000,31.4740260400,30.2317610400,31.4640879200,31.2056968000,3386091,105687130.9200,2,2.174800,1,0.828000,56.021662,4.311349,4.246570,-55.350974,0
2025-03-28,sz.300843,31.3647067200,31.6131597200,30.3112660000,30.3907709600,31.4640879200,3475100,107645969.1400,2,2.232000,1,-3.411200,54.110626,4.164278,4.101709,-53.462817,0
2025-03-31,sz.300843,29.9137412000,30.5100284000,29.5162164000,30.3808328400,30.3907709600,2840191,85679961.8700,2,1.824200,1,-0.032700,54.092931,4.162916,4.100368,-53.445334,0
2025-04-01,sz.300843,30.5696571200,30.8777388400,30.1721323200,30.1820704400,30.3808328400,2260086,69513067.5200,2,1.451600,1,-0.654200,53.739036,4.135681,4.073542,-53.095675,0
2025-04-02,sz.300843,30.3907709600,30.7584814000,30.1621942000,30.2317610400,30.1820704400,2184719,66938748.4700,2,1.403200,1,0.164600,53.827510,4.142490,4.080248,-53.183090,0
2025-04-03,sz.300843,29.7944837600,30.3013278800,29.0391866400,29.2876396400,30.2317610400,3016600,89832523.2600,2,1.937500,1,-3.122900,52.146506,4.013122,3.952824,-51.522211,0
2025-04-07,sz.300843,26.8528002400,27.8068597600,23.4340869600,23.4340869600,29.2876396400,6634698,165418851.2300,2,4.261300,1,-19.986400,41.724283,3.211043,3.162796,-41.224762,0
2025-04-08,sz.300843,23.8514880000,24.6365994800,22.8278616400,23.9508692000,23.4340869600,5414729,129294098.2700,2,3.477800,1,2.205300,42.644411,3.281854,3.232544,-42.133875,0
2025-04-09,sz.300843,23.4539632000,24.6266613600,21.1681956000,24.4477752000,23.9508692000,5409767,127293205.7000,2,3.474600,1,2.074700,43.529150,3.349943,3.299609,-43.008022,0
2025-04-10,sz.300843,25.5409684000,26.3956467200,25.3422060000,25.4316490800,24.4477752000,5550200,144085630.0000,2,3.564800,1,4.024400,45.280933,3.484757,3.432398,-44.738832,0
2025-04-11,sz.300843,25.3918966000,25.9384932000,24.9148668400,25.6900402000,25.4316490800,3842393,98934719.6600,2,2.467900,1,1.016000,45.740997,3.520163,3.467272,-45.193388,0
2025-04-14,sz.300843,26.7335428000,27.0316864000,25.9384932000,26.0478125200,25.6900402000,4669800,124211169.0000,2,2.999300,1,1.392600,46.378009,3.569187,3.515559,-45.822774,0
2025-04-15,sz.300843,26.1173793600,26.2167605600,25.5906590000,26.0179981600,26.0478125200,2708900,70473816.0000,2,1.739900,1,-0.114500,46.324925,3.565101,3.511535,-45.770325,0
2025-04-16,sz.300843,26.1173793600,26.1173793600,24.8254237600,25.4714015600,26.0179981600,2483600,63536041.0000,2,1.595200,1,-2.100800,45.351712,3.490204,3.437764,-44.808764,0
2025-04-17,sz.300843,25.4217109600,25.7894214000,25.0241861600,25.4217109600,25.4714015600,2233200,57543238.0000,2,1.434300,1,-0.195100,45.263238,3.483396,3.431057,-44.721349,0
2025-04-18,sz.300843,25.3422060000,25.7894214000,25.1036911200,25.6701639600,25.4217109600,2688100,69029798.0000,2,1.726500,1,0.977300,45.705607,3.517440,3.464590,-45.158423,0
2025-04-21,sz.300843,25.6403496000,26.3360180000,25.3322678800,26.3360180000,25.6701639600,3062300,80042903.0000,2,1.966800,1,2.593900,46.891157,3.608678,3.554457,-46.329779,0
2025-04-22,sz.300843,26.1273174800,26.5844710000,26.0975031200,26.1968843200,26.3360180000,2451100,64898389.8000,2,1.574300,1,-0.528300,46.643431,3.589613,3.535679,-46.085018,0
2025-04-23,sz.300843,26.6142853600,27.4093349600,26.4950279200,27.1807582000,26.1968843200,4947500,134330486.0000,2,3.177700,1,3.755700,48.395213,3.724428,3.668468,-47.815829,0
2025-04-24,sz.300843,27.1807582000,27.3894587200,26.4950279200,26.6341616000,27.1807582000,3174625,85862353.9400,2,2.039000,1,-2.011000,47.422001,3.649531,3.594696,-46.854267,0
2025-04-25,sz.300843,26.8130477600,27.2006344400,26.5248422800,26.7832334000,26.6341616000,2989870,80892804.2000,2,1.920300,1,0.559700,47.687422,3.669957,3.614816,-47.116511,0
2025-04-28,sz.300843,27.0416245200,27.4490874400,26.8826146000,26.9720576800,26.7832334000,3536700,96559750.0000,2,2.271500,1,0.705000,39.966554,2.868493,3.323799,-36.474081,0
2025-04-29,sz.300843,27.4292112000,27.9062409600,27.0416245200,27.4987780400,26.9720576800,4021167,111399619.6000,2,2.582700,1,1.952800,40.747035,2.924510,3.388708,-37.186361,0
2025-04-30,sz.300843,27.4391493200,28.1050033600,27.3596443600,27.9161790800,27.4987780400,3864742,108145963.9100,2,2.482200,1,1.517900,41.365530,2.968901,3.440145,-37.750809,0
2025-05-06,sz.300843,28.1248796000,28.7907336400,28.0254984000,28.6317237200,27.9161790800,3738700,107212768.0000,2,2.401300,1,2.563200,42.425807,3.045000,3.528322,-38.718434,0
2025-05-07,sz.300843,29.1087534800,29.2081346800,27.9857459200,28.4130850800,28.6317237200,4396614,126056071.2600,2,2.823800,1,-0.763600,42.101834,3.021747,3.501379,-38.422770,0
2025-05-08,sz.300843,28.3137038800,29.7149788000,28.1248796000,29.5360926400,28.4130850800,6962494,204754267.6400,2,4.471900,1,3.952400,43.765880,3.141180,3.639769,-39.941404,0
2025-05-09,sz.300843,29.0193104000,29.0690010000,28.2341989200,28.5025281600,29.5360926400,4454670,128203575.6000,2,2.861100,1,-3.499300,42.234368,3.031260,3.512401,-38.543723,0
2025-05-12,sz.300843,28.9199292000,29.3770827200,28.8304861200,29.3671446000,28.5025281600,4532529,132723717.4800,2,2.911100,1,3.033500,43.515537,3.123212,3.618949,-39.712937,0
2025-05-13,sz.300843,29.8441743600,29.9137412000,28.8304861200,28.9000529600,29.3671446000,4221000,124315387.0000,2,2.711100,1,-1.590500,42.823411,3.073537,3.561389,-39.081293,0
2025-05-14,sz.300843,28.9795579200,29.4764639200,28.4727138000,28.7211668000,28.9000529600,3670621,106536196.8600,2,2.357600,1,-0.619000,42.558342,3.054512,3.539344,-38.839387,0
2025-05-15,sz.300843,28.5820331200,28.6515999600,28.0851271200,28.1546939600,28.7211668000,2754900,78347645.7900,2,1.769400,1,-1.972300,41.718956,2.994267,3.469537,-38.073350,0
2025-05-16,sz.300843,28.1745702000,28.7012905600,27.9161790800,28.3037657600,28.1546939600,2190756,62784157.8000,2,1.407100,1,0.529500,41.939847,3.010121,3.487907,-38.274939,0
2025-05-19,sz.300843,28.3037657600,28.5522187600,27.7770454000,28.3534563600,28.3037657600,2404186,68084108.5600,2,1.544200,1,0.175600,42.013477,3.015406,3.494031,-38.342135,0
2025-05-20,sz.300843,28.3932088400,28.6118474800,27.8863647200,28.4230232000,28.3534563600,2141053,60967795.8700,2,1.375200,1,0.245400,42.116560,3.022804,3.502604,-38.436210,0
2025-05-21,sz.300843,28.4130850800,28.4130850800,27.5882211200,27.8963028400,28.4230232000,2493845,69991120.5600,2,1.601700,1,-1.853100,41.336078,2.966787,3.437695,-37.723930,0
2025-05-22,sz.300843,27.7273548000,28.1745702000,27.4490874400,27.4888399200,27.8963028400,2096311,58486572.8900,2,1.346400,1,-1.460600,40.732309,2.923453,3.387483,-37.172922,0
2025-05-23,sz.300843,27.5981592400,27.8267360000,26.8528002400,26.9223670800,27.4888399200,2695443,74228005.7000,2,1.731200,1,-2.060700,39.892923,2.863209,3.317676,-36.406885,0
2025-05-26,sz.300843,26.7633571600,27.2900775200,26.7633571600,27.2602631600,26.9223670800,1640923,44775857.5300,2,1.044600,1,1.255100,40.393610,2.899144,3.359315,-36.863819,0
2025-05-27,sz.300843,27.1211294800,27.2702012800,26.5944091200,26.7931715200,27.2602631600,1824600,49222689.0000,2,1.161500,1,-1.713500,39.701484,2.849469,3.301755,-36.232175,0
2025-05-28,sz.300843,27.0217482800,27.1111913600,26.4453373200,26.5844710000,26.7931715200,1536400,41293117.0000,2,0.978000,1,-0.778900,39.392237,2.827273,3.276037,-35.949951,0
2025-05-29,sz.300843,26.7335428000,27.3198918800,26.7335428000,27.1906963200,26.5844710000,2106892,57531960.4400,2,1.341200,1,2.280400,40.290527,2.891746,3.350743,-36.769745,0
2025-05-30,sz.300843,27.0316864000,27.1906963200,26.1968843200,26.2565130400,27.1906963200,2560500,68229498.0000,2,1.630000,1,-3.435700,38.906277,2.792395,3.235622,-35.506457,0
2025-06-03,sz.300843,26.2366368000,26.5149041600,26.0179981600,26.3161417600,26.2565130400,1681172,44553947.0000,2,1.070200,1,0.227100,38.994633,2.798736,3.242970,-35.587092,0
2025-06-04,sz.300843,26.4353992000,29.4565876800,26.3459561200,28.1149414800,26.3161417600,9475127,268400084.5100,2,6.031600,1,6.835300,41.660052,2.990040,3.464638,-38.019593,0
2025-06-05,sz.300843,28.2143226800,29.0789391200,27.4490874400,28.7410430400,28.1149414800,8661500,247205799.0000,2,5.513700,1,2.226900,42.587794,3.056626,3.541794,-38.866265,0
2025-06-06,sz.300843,28.5621568800,28.9398054400,28.4627756800,28.6814143200,28.7410430400,5089643,146879636.4000,2,3.239900,1,-0.207500,42.499438,3.050284,3.534446,-38.785630,0
2025-06-09,sz.300843,28.6019093600,29.1186916000,28.5422806400,29.0491247600,28.6814143200,4795400,139521595.5700,2,3.052600,1,1.282100,43.044302,3.089391,3.579759,-39.282881,0
2025-06-10,sz.300843,28.9994341600,29.0690010000,28.1944464400,28.6416618400,29.0491247600,4233064,122117715.2200,2,2.694700,1,-1.402700,42.440533,3.046057,3.529547,-38.731873,0
2025-06-11,sz.300843,28.5124662800,29.0093722800,28.5124662800,28.5522187600,28.6416618400,2773731,80182563.6600,2,1.765700,1,-0.312300,42.307999,3.036544,3.518525,-38.610920,0
2025-06-12,sz.300843,28.3932088400,29.4168352000,28.3633944800,28.9099910800,28.5522187600,5548800,161684438.7100,2,3.532200,1,1.253000,42.838137,3.074594,3.562613,-39.094732,0
2025-06-13,sz.300843,28.5506078000,29.0098133800,28.1213504100,28.4308150400,28.9099860800,4065000,116170218.0000,2,2.587700,1,-1.657500,41.939847,3.010121,3.487907,-38.274939,0
2025-06-16,sz.300843,28.1512986000,29.0697097600,28.1512986000,28.8700551600,28.4308150400,3533000,102102141.0000,2,2.249000,1,1.544900,42.587794,3.056626,3.541794,-38.866265,0
2025-06-17,sz.300843,28.8700551600,28.9898479200,28.4607632300,28.7402796700,28.8700551600,2530543,72708962.5200,2,1.610900,1,-0.449500,42.396355,3.042886,3.525873,-38.691555,0
2025-06-18,sz.300843,28.5306423400,29.5089498800,28.4707459600,29.4590362300,28.7402796700,5886776,171716203.8400,2,3.747400,1,2.500900,43.456632,3.118984,3.614050,-39.659180,0
2025-06-19,sz.300843,29.4590362300,30.2476719000,29.3492262000,29.6786562900,29.4590362300,8963919,268132350.2700,2,5.706200,1,0.745500,43.780606,3.142237,3.640993,-39.954843,0
2025-06-20,sz.300843,29.6886390200,29.8783108900,28.7702278600,28.8600724300,29.6786562900,4869077,142324467.5200,2,3.099500,1,-2.758200,42.573068,3.055569,3.540569,-38.852826,0
2025-06-23,sz.300843,28.4607632300,29.3791743900,28.4607632300,29.3791743900,28.8600724300,3979900,115831503.0000,2,2.533500,1,1.798700,43.338824,3.110529,3.604253,-39.551666,0
2025-06-24,sz.300843,29.3592089300,30.2277064400,29.3492262000,30.1378618700,29.3791743900,5578100,166999157.0000,2,3.550900,1,2.582400,44.458005,3.190855,3.697329,-40.573048,0
2025-06-25,sz.300843,30.0679827600,30.1478446000,29.6886390200,30.1278791400,30.1378618700,5009500,150192435.0000,2,3.188900,1,-0.033100,44.443279,3.189798,3.696104,-40.559609,0
2025-06-26,sz.300843,30.1278791400,30.3674646600,29.7485354000,29.7585181300,30.1278791400,4881300,146920790.0000,2,3.107300,1,-1.226000,43.898414,3.150692,3.650791,-40.062357,0
2025-06-27,sz.300843,29.9981036500,32.2142697100,29.7285699400,31.5454268000,29.7585181300,12651018,394224630.6900,2,8.053300,1,6.004700,46.534381,3.339882,3.870010,-42.467980,0
2025-06-30,sz.300843,31.7850123200,32.3140970100,31.2459449000,31.6352713700,31.5454268000,9754564,309506890.2100,2,6.209500,1,0.284800,46.666915,3.349394,3.881032,-42.588933,0
2025-07-01,sz.300843,31.4655649600,31.4655649600,30.7567911300,31.1261521400,31.6352713700,5183400,161356916.0000,2,3.299600,1,-1.609300,45.915886,3.295491,3.818573,-41.903532,0
2025-07-02,sz.300843,31.1461176000,31.1461176000,30.0080863800,30.4073955800,31.1261521400,4561205,138531974.0000,2,2.903600,1,-2.309200,44.855609,3.219392,3.730395,-40.935907,0
2025-07-03,sz.300843,30.3375164700,31.3058412800,30.3375164700,31.0263248400,30.4073955800,5611512,173437732.2800,2,3.572200,1,2.035500,45.768625,3.284922,3.806326,-41.769140,0
2025-07-04,sz.300843,30.9464630000,31.8349259700,30.6070501800,30.6968947500,31.0263248400,7776500,243663382.5700,2,4.950300,1,-1.061800,45.282665,3.250043,3.765911,-41.325645,0
2025-07-07,sz.300843,30.5471538000,31.5354440700,29.9481900000,31.0662557600,30.6968947500,6270104,192558900.9700,2,3.991400,1,1.203300,45.827530,3.289149,3.811225,-41.822897,0
2025-07-08,sz.300843,31.0962039500,31.8049777800,30.6968947500,31.6452541000,31.0662557600,7932032,250477176.7100,2,5.049300,1,1.863800,46.681642,3.350451,3.882257,-42.602372,0
2025-07-09,sz.300843,31.6252886400,31.8449087000,31.3757203900,31.5454268000,31.6452541000,5427589,171886266.3900,2,3.455100,1,-0.315500,46.534381,3.339882,3.870010,-42.467980,0
2025-07-10,sz.300843,31.6552368300,32.3839761200,31.3657376600,31.6752022900,31.5454268000,6917747,220820311.0600,2,4.403700,1,0.411400,46.725820,3.353622,3.885931,-42.642690,0
2025-07-11,sz.300843,32.1843215200,32.2641833600,31.0562730300,31.2659103600,31.6752022900,5365200,169207807.7100,2,3.415400,1,-1.292200,46.122051,3.310288,3.835718,-42.091681,0
2025-07-14,sz.300843,31.1161694100,31.5154786100,30.8666011600,31.2359621700,31.2659103600,3111545,97279623.2800,2,1.980700,1,-0.095800,46.077873,3.307117,3.832044,-42.051364,0
2025-07-15,sz.300843,31.0662557600,31.9048050800,31.0063593800,31.3357894700,31.2359621700,4340267,136913412.8600,2,2.762900,1,0.319600,46.225133,3.317686,3.844291,-42.185756,0
2025-07-16,sz.300843,31.3357894700,32.1144424100,31.0263248400,31.5354440700,31.3357894700,6042725,192110509.4800,2,3.846700,1,0.637100,46.519655,3.338825,3.868785,-42.454541,0
2025-07-17,sz.300843,31.5454268000,32.1443906000,31.2259794400,31.9946496500,31.5354440700,5855438,187094848.2800,2,3.727400,1,1.456200,47.197054,3.387443,3.925121,-43.072745,0
2025-07-18,sz.300843,31.9946496500,32.1643560600,31.3258067400,31.5554095300,31.9946496500,4719566,149343456.7200,2,3.004400,1,-1.372900,46.549107,3.340939,3.871234,-42.481419,0
2025-07-21,sz.300843,31.5254613400,31.7650468600,31.1860485200,31.6552368300,31.5554095300,4135058,130253774.7000,2,2.632300,1,0.316400,46.696368,3.351508,3.883481,-42.615811,0
2025-07-22,sz.300843,31.6352713700,32.2941315500,31.2459449000,31.4056685800,31.6552368300,5305453,168384076.2000,2,3.377300,1,-0.788400,46.328216,3.325085,3.852864,-42.279831,0
2025-07-23,sz.300843,31.1461176000,31.2259794400,30.4473265000,30.4473265000,31.4056685800,5301243,162997563.3800,2,3.374600,1,-3.051500,44.914513,3.223620,3.735294,-40.989664,0
2025-07-24,sz.300843,30.4772746900,30.9065320800,30.4772746900,30.7468084000,30.4473265000,2848700,87655817.0000,2,1.813400,1,0.983600,45.356295,3.255328,3.772035,-41.392841,0
2025-07-25,sz.300843,30.7068774800,30.9464630000,30.5870847200,30.9165148100,30.7468084000,3058741,94314898.1400,2,1.947100,1,0.551900,45.606638,3.273295,3.792854,-41.621308,0
2025-07-28,sz.300843,31.0662557600,31.2858758200,30.8466357000,30.9963766500,30.9165148100,2888800,89923371.0000,2,1.838900,1,0.258300,45.724447,3.281751,3.802652,-41.728822,0
2025-07-29,sz.300843,30.8566184300,31.6352713700,30.7068774800,31.5354440700,30.9963766500,4732800,148092422.0000,2,3.012800,1,1.739100,46.519655,3.338825,3.868785,-42.454541,0
2025-07-30,sz.300843,31.3557549300,31.4455995000,30.5471538000,30.9264975400,31.5354440700,3424042,106086560.1600,2,2.179700,1,-1.931000,45.621365,3.274352,3.794079,-41.634747,0
2025-07-31,sz.300843,30.9364802700,31.8249432400,30.7268429400,30.9165148100,30.9264975400,6174173,194034696.4500,2,3.930300,1,-0.032300,45.606638,3.273295,3.792854,-41.621308,0
2025-08-01,sz.300843,30.8566184300,31.4256340400,30.5970674500,31.0363075700,30.9165148100,3803201,118460038.5300,2,2.421000,1,0.387500,45.783351,3.285979,3.807551,-41.782579,0
2025-08-04,sz.300843,31.2259794400,31.7151332100,30.9464630000,31.7151332100,31.0363075700,5015771,158301209.9700,2,3.192900,1,2.187200,46.784724,3.357849,3.890829,-42.696447,0
2025-08-05,sz.300843,31.8548914300,32.9929226500,31.5653922600,32.8930953500,31.7151332100,11064725,358838942.0600,2,7.043500,1,3.714200,48.522400,3.482567,4.035342,-44.282276,0
2025-08-06,sz.300843,32.9430090000,32.9729571900,32.3939588500,32.7333716700,32.8930953500,6637712,217592656.1100,2,4.225400,1,-0.485600,48.286783,3.465656,4.015747,-44.067249,0
2025-08-07,sz.300843,33.0428363000,39.2820425500,33.0428363000,36.8362737000,32.7333716700,35916561,1352797514.2400,2,22.863700,1,12.534300,54.339198,3.900052,4.519094,-49.590774,0
2025-08-08,sz.300843,35.4486742300,36.1374826000,34.4004875800,34.7997967800,36.8362737000,26432211,924215379.3300,2,16.826100,1,-5.528500,51.335080,3.684439,4.269258,-46.849170,0
2025-08-11,sz.300843,34.7898140500,35.4287087700,34.7299176700,35.1392096000,34.7997967800,16063663,564416902.8800,2,10.225800,1,0.975300,51.835766,3.720375,4.310897,-47.306104,0
2025-08-12,sz.300843,34.9495377300,35.4287087700,34.4404185000,34.6400731000,35.1392096000,11798496,411014523.2900,2,7.510600,1,-1.420500,51.099463,3.667528,4.249663,-46.634142,0
2025-08-13,sz.300843,34.8497104300,39.9309200000,34.4304357700,39.0923706800,34.6400731000,32020057,1200666748.8700,2,20.383200,1,12.853000,57.667290,4.138917,4.795873,-52.628041,0
2025-08-14,sz.300843,38.4434932300,43.6245301000,38.4434932300,40.2703328200,39.0923706800,30599124,1263976502.1100,2,19.478700,1,3.013300,59.404966,4.263634,4.940386,-54.213870,0
2025-08-15,sz.300843,41.9374487300,46.5993836400,40.8293657000,44.8424231600,40.2703328200,27394018,1190484707.4800,2,17.438400,1,11.353500,66.149506,4.747705,5.501292,-60.369040,0
2025-08-18,sz.300843,44.4830448800,52.5091598000,44.2933730100,51.9101960000,44.8424231600,28015190,1342759335.7300,2,17.833800,1,15.761400,76.575563,5.496008,6.368370,-69.884017,0
2025-08-19,sz.300843,48.7257051300,50.3628728500,47.7274321300,49.2148589000,51.9101960000,21238599,1040868431.0700,2,13.520000,1,-5.192300,72.599525,5.210638,6.037705,-66.255424,0
2025-08-20,sz.300843,47.8472248900,47.8472248900,44.9222850000,46.6193491000,49.2148589000,15052561,698072478.3600,2,9.582100,1,-5.273800,68.770746,4.935838,5.719286,-62.761223,0
2025-08-21,sz.300843,46.7291591300,50.5725101800,44.7525785900,48.7257051300,46.6193491000,19198140,913038405.8400,2,12.221100,1,4.518200,71.877947,5.158849,5.977695,-65.596902,0
2025-08-22,sz.300843,47.9171040000,58.0695404100,47.9171040000,56.5222172600,48.7257051300,25982930,1361351747.7500,2,16.540100,1,16.000800,83.379008,5.984307,6.934176,-76.092944,0
2025-08-25,sz.300843,55.8833225400,56.7218718600,52.9184517300,54.3859130400,56.5222172600,19365917,1056592028.5300,2,12.327900,1,-3.779600,80.227629,5.758125,6.672093,-73.216948,0
2025-08-26,sz.300843,54.4458094200,55.8833225400,52.4093325000,52.7088144000,54.3859130400,16920725,914065524.6200,2,10.771300,1,-3.083700,77.753649,5.580562,6.466345,-70.959156,0
2025-08-27,sz.300843,52.3095052000,56.5022518000,50.8120957000,55.2444278200,52.7088144000,19503055,1058839161.9200,2,12.415200,1,4.810600,81.494071,5.849021,6.777416,-74.372722,0
2025-08-28,sz.300843,53.0182790300,66.2653617400,51.8902305400,64.7879177000,55.2444278200,25805708,1522016108.6400,2,16.427300,1,17.275000,79.476782,6.718629,7.270662,11539.008624,0
2025-08-29,sz.300843,63.5201109900,64.9875723000,59.5968981000,63.4801800700,64.7879177000,16780607,1040330528.9300,2,10.682100,1,-2.018500,77.872551,6.583014,7.123904,11306.094890,0
2025-09-01,sz.300843,63.4801800700,65.6963461300,61.3937895000,64.9176931900,63.4801800700,15871679,1014229340.1400,2,10.103500,1,2.264500,79.635980,6.732087,7.285225,11562.122200,0
2025-09-02,sz.300843,63.3903355000,66.5448781800,55.2643932800,57.7001794000,64.9176931900,18417590,1112999219.7100,2,11.724200,1,-11.117900,70.782095,5.983617,6.475258,10276.651748,0
2025-09-03,sz.300843,57.4206629600,57.7101621300,53.5872946400,54.1063966000,57.7001794000,13123498,728227957.9700,2,8.354100,1,-6.228400,66.373522,5.610935,6.071955,9636.583473,0
2025-09-04,sz.300843,54.9149977300,60.3955165000,51.4809386100,53.3077782000,54.1063966000,18903379,1069607445.7500,2,12.033500,1,-1.476000,65.393839,5.528117,5.982332,9494.346079,0
2025-09-05,sz.300843,55.7435643200,57.5903693700,52.1597642500,56.4523381500,53.3077782000,15486290,856409035.7600,2,9.858200,1,5.898900,69.251341,5.854213,6.335222,10054.405819,0
2025-09-08,sz.300843,59.8963800000,60.1958619000,54.7552740500,55.9232534600,56.4523381500,16650317,952882971.4900,2,10.599200,1,-0.937200,68.602301,5.799346,6.275847,9960.173545,0
2025-09-09,sz.300843,54.9249804600,57.7700585100,53.7170701300,54.0065693000,55.9232534600,11019981,607705686.7900,2,7.015100,1,-3.427300,66.251062,5.600583,6.060752,9618.803799,0
2025-09-10,sz.300843,54.9050150000,56.8815955400,53.8967592700,55.3043242000,54.0065693000,13862615,772818252.0100,2,8.824600,1,2.403000,67.843047,5.735162,6.206389,9849.939565,0
2025-09-11,sz.300843,55.1545832500,58.2991432000,53.3377263900,57.2709220100,55.3043242000,16115203,903692454.5300,2,10.258600,1,3.556000,70.255516,5.939102,6.427086,10200.199148,0
2025-09-12,sz.300843,56.3724763100,57.6502657500,54.9050150000,54.9549286500,57.2709220100,13884213,778275618.4800,2,8.838400,1,-4.043900,67.414435,5.698929,6.167179,9787.710705,0
2025-09-15,sz.300843,53.9067420000,54.3958957700,52.1897124400,52.7487453200,54.9549286500,11382827,603374044.2600,2,7.246000,1,-4.014500,64.708061,5.470144,5.919596,9394.779903,0
2025-09-16,sz.300843,52.4093325000,53.9766211100,51.8802478100,53.6072601000,52.7487453200,10150810,539831057.2700,2,6.461800,1,1.627600,65.761220,5.559174,6.015940,9547.685102,0
2025-09-17,sz.300843,53.5673291800,63.8994547300,53.4076055000,60.0760691400,53.6072601000,28111655,1658484194.7700,2,17.895200,1,12.067000,73.696652,6.230001,6.741886,10699.807996,0
2025-09-18,sz.300843,59.1476752500,62.8512680800,58.5586941800,59.7366563200,60.0760691400,21931737,1327227025.0100,2,13.961200,1,-0.565000,73.280287,6.194803,6.703797,10639.357104,0
2025-09-19,sz.300843,59.2375198200,60.1958619000,57.4106802300,57.8199721600,59.7366563200,10785200,633148621.0000,2,6.865600,1,-3.208600,70.929048,5.996040,6.488701,10297.987357,0
2025-09-22,sz.300843,57.9200000000,62.0800000000,57.5000000000,61.1900000000,57.8200000000,15027978,913313346.3500,2,9.566500,1,5.828400,74.933502,6.334559,6.855035,10879.382707,0
2025-09-23,sz.300843,61.1000000000,61.9800000000,55.2100000000,57.0400000000,61.1900000000,16807296,970420171.5700,2,10.699100,1,-6.782200,69.851397,5.904940,6.390116,10141.526223,0
2025-09-24,sz.300843,55.9600000000,56.3900000000,54.3000000000,55.1800000000,57.0400000000,11237209,620554070.8500,2,7.153300,1,-3.260900,67.573634,5.712387,6.181743,9810.824281,0
2025-09-25,sz.300843,55.2200000000,59.9000000000,55.2200000000,58.4500000000,55.1800000000,16269798,939710670.6000,2,10.357000,1,5.926100,71.578088,6.050907,6.548077,10392.219631,0
2025-09-26,sz.300843,58.0700000000,60.6000000000,55.3600000000,55.3600000000,58.4500000000,11287051,645924436.4000,2,7.185100,1,-5.286600,67.794062,5.731021,6.201908,9842.827695,0
2025-09-29,sz.300843,55.4700000000,59.5000000000,55.1200000000,58.2700000000,55.3600000000,11648900,669896642.0000,2,7.415400,1,5.256500,71.357659,6.032273,6.527912,10360.216217,0
2025-09-30,sz.300843,58.6700000000,58.8000000000,55.5300000000,56.2400000000,58.2700000000,10871700,615782241.0000,2,6.920700,1,-3.483800,68.871714,5.822121,6.300493,9999.288829,0
2025-10-09,sz.300843,56.2400000000,59.0100000000,54.5600000000,54.7300000000,56.2400000000,13085700,744241548.4600,2,8.330100,1,-2.684900,67.022562,5.665802,6.131330,9730.815747,0
2025-10-10,sz.300843,54.2500000000,54.7200000000,52.2500000000,52.9000000000,54.7300000000,10356000,552069565.0000,2,6.592400,1,-3.343700,64.781537,5.476355,5.926317,9405.447707,0
2025-10-13,sz.300843,49.5100000000,54.8400000000,48.1100000000,52.6600000000,52.9000000000,10300320,539044030.8400,2,6.556900,1,-0.453700,64.487632,5.451510,5.899431,9362.776489,0
2025-10-14,sz.300843,52.6000000000,54.1900000000,50.7300000000,50.8700000000,52.6600000000,6766600,353591426.0000,2,4.307500,1,-3.399200,62.295592,5.266204,5.698899,9044.520319,0
2025-10-15,sz.300843,50.6000000000,52.0000000000,50.0200000000,51.5900000000,50.8700000000,5604700,287182939.0000,2,3.567800,1,1.415400,63.177306,5.340740,5.779560,9172.533974,0
2025-10-16,sz.300843,51.2100000000,51.3700000000,49.8500000000,50.1000000000,51.5900000000,4669502,235658703.6400,2,2.972500,1,-2.888200,61.352647,5.186491,5.612637,8907.616827,0
2025-10-17,sz.300843,50.1000000000,50.4100000000,47.3100000000,47.4100000000,50.1000000000,6363543,308304032.1000,2,4.050900,1,-5.369300,58.058463,4.908015,5.311280,8429.343588,0
2025-10-20,sz.300843,48.0200000000,49.0800000000,47.6100000000,48.5300000000,47.4100000000,5715308,276764319.4400,2,3.638200,1,2.362400,59.430019,5.023961,5.436752,8628.475940,0
2025-10-21,sz.300843,48.2900000000,50.0800000000,47.9100000000,49.4900000000,48.5300000000,5081800,249370023.0000,2,3.235000,1,1.978200,60.605639,5.123343,5.544300,8799.160813,0
2025-10-22,sz.300843,50.1800000000,54.2800000000,50.0000000000,52.2300000000,49.4900000000,15311100,811146015.0000,2,9.746700,1,5.536500,63.961053,5.406995,5.851258,9286.323889,0
2025-10-23,sz.300843,51.7600000000,51.9200000000,49.4100000000,50.2000000000,52.2300000000,8595400,431602279.8000,2,5.471600,1,-3.886700,61.475107,5.196844,5.623840,8925.396501,0
2025-10-24,sz.300843,50.5000000000,51.5400000000,49.6500000000,51.5000000000,50.2000000000,6696991,338789981.0800,2,4.263100,1,2.589600,63.067092,5.331423,5.769477,9156.532267,0
2025-10-27,sz.300843,52.1200000000,52.5000000000,51.2500000000,51.9500000000,51.5000000000,7369400,382004401.0000,2,4.691200,1,0.873800,63.618164,5.378009,5.819890,9236.540801,0
2025-10-28,sz.300843,51.5000000000,52.9800000000,50.8000000000,51.9000000000,51.9500000000,6161400,319854802.0000,2,3.922200,1,-0.096200,63.556933,5.372833,5.814289,9227.650964,0
2025-10-29,sz.300843,50.0200000000,52.1800000000,50.0000000000,51.4100000000,51.9000000000,6610893,337161892.0200,2,4.208300,1,-0.944100,71.342578,5.313869,5.234140,19.693152,0
2025-10-30,sz.300843,51.3900000000,51.4200000000,48.7800000000,48.8400000000,51.4100000000,6810300,337816259.0000,2,4.335300,1,-4.999000,67.776143,5.048227,4.972484,18.708686,0
2025-10-31,sz.300843,48.9000000000,50.1100000000,48.5000000000,48.7000000000,48.8400000000,4625619,227608772.2200,2,2.944600,1,-0.286700,67.581862,5.033756,4.958230,18.655058,0
2025-11-03,sz.300843,49.0600000000,49.9500000000,48.2000000000,49.6200000000,48.7000000000,5138704,253384717.0400,2,3.271200,1,1.889100,68.858563,5.128850,5.051897,19.007474,0
2025-11-04,sz.300843,49.6200000000,49.6200000000,47.3800000000,47.8100000000,49.6200000000,4616017,221933633.9000,2,2.938400,1,-3.647700,66.346793,4.941763,4.867618,18.314134,0
2025-11-05,sz.300843,47.5400000000,47.6700000000,46.4200000000,47.1100000000,47.8100000000,3481200,163878640.0000,2,2.216100,1,-1.464100,65.375391,4.869410,4.796350,18.045991,0
2025-11-06,sz.300843,47.4600000000,49.0800000000,46.8100000000,48.5500000000,47.1100000000,4788486,230410751.0000,2,3.048200,1,3.056700,67.373704,5.018252,4.942958,18.597599,0
2025-11-07,sz.300843,47.8700000000,48.4800000000,47.4500000000,47.7600000000,48.5500000000,2793800,133760949.0000,2,1.778500,1,-1.627200,66.277407,4.936595,4.862527,18.294981,0
2025-11-10,sz.300843,47.8000000000,48.8000000000,46.1100000000,47.0000000000,47.7600000000,3710322,173812585.2300,2,2.361900,1,-1.591300,65.222742,4.858040,4.785150,18.003855,0
2025-11-11,sz.300843,47.2000000000,47.6000000000,46.2700000000,47.1200000000,47.0000000000,3895909,182899080.4000,2,2.480000,1,0.255300,65.389268,4.870443,4.797368,18.049822,0
2025-11-12,sz.300843,46.8000000000,46.8100000000,45.6200000000,46.2300000000,47.1200000000,3153179,145538550.5400,2,2.007200,1,-1.888800,64.154199,4.778451,4.706755,17.708898,0
2025-11-13,sz.300843,46.2700000000,47.6800000000,46.1500000000,47.3800000000,46.2300000000,4370876,205384820.2900,2,2.782400,1,2.487600,65.750074,4.897318,4.823839,18.149418,0
2025-11-14,sz.300843,46.5100000000,46.6800000000,45.7400000000,45.7400000000,47.3800000000,3194600,147332912.0000,2,2.033600,1,-3.461400,63.474217,4.727803,4.656868,17.521198,0
2025-11-17,sz.300843,45.7400000000,46.1700000000,45.2300000000,46.0000000000,45.7400000000,2464900,112792557.0000,2,1.569100,1,0.568400,63.835024,4.754677,4.683339,17.620794,0
2025-11-18,sz.300843,45.8300000000,46.4400000000,45.2400000000,45.6200000000,46.0000000000,2529600,115623486.0000,2,1.610300,1,-0.826100,63.307691,4.715399,4.644650,17.475231,0
2025-11-19,sz.300843,46.3500000000,49.4800000000,46.3500000000,47.2200000000,45.6200000000,15399928,739035271.0000,2,9.803200,1,3.507200,65.528040,4.880780,4.807549,18.088128,0
2025-11-20,sz.300843,47.1200000000,47.8500000000,44.8000000000,45.0600000000,47.2200000000,9991348,456011830.4000,2,6.360300,1,-4.574300,62.530569,4.657516,4.587636,17.260717,0
2025-11-21,sz.300843,44.3700000000,45.4500000000,43.2000000000,43.6100000000,45.0600000000,6370215,281679318.6000,2,4.055100,1,-3.217900,60.518378,4.507641,4.440009,16.705279,0
2025-11-24,sz.300843,43.7000000000,44.2600000000,43.1800000000,43.7700000000,43.6100000000,3925406,171700288.4800,2,2.498800,1,0.366900,60.740413,4.524179,4.456299,16.766568,0
2025-11-25,sz.300843,44.0000000000,46.7800000000,43.8700000000,45.2400000000,43.7700000000,6024613,274335509.9000,2,3.835100,1,3.358500,62.780358,4.676122,4.605962,17.329668,0
2025-11-26,sz.300843,45.0000000000,46.3900000000,44.5100000000,44.9700000000,45.2400000000,3739200,169562268.0000,2,2.380300,1,-0.596800,62.405674,4.648214,4.578473,17.226241,0
2025-11-27,sz.300843,44.7000000000,46.1100000000,44.7000000000,44.9900000000,44.9700000000,3460500,157609036.0000,2,2.202900,1,0.044500,62.433429,4.650281,4.580509,17.233902,0
2025-11-28,sz.300843,44.8100000000,45.7100000000,44.6600000000,45.5000000000,44.9900000000,3155358,142754122.8400,2,2.008600,1,1.133600,63.141165,4.702996,4.632433,17.429263,0
2025-12-01,sz.300843,45.6100000000,46.1200000000,45.1000000000,45.7500000000,45.5000000000,3324441,151836970.0600,2,2.116300,1,0.549500,63.488094,4.728837,4.657886,17.525029,0
2025-12-02,sz.300843,45.6600000000,46.0700000000,44.6000000000,44.9600000000,45.7500000000,2514311,113124401.5600,2,1.600600,1,-1.726800,62.391797,4.647180,4.577454,17.222411,0
2025-12-03,sz.300843,45.0300000000,45.4000000000,44.2000000000,44.4700000000,44.9600000000,2844100,126904871.0000,2,1.810500,1,-1.089900,61.711815,4.596533,4.527567,17.034711,0
2025-12-04,sz.300843,44.4000000000,46.0400000000,44.1000000000,45.1200000000,44.4700000000,4679137,212178485.3800,2,2.978600,1,1.461700,62.613832,4.663718,4.593744,17.283700,0
2025-12-05,sz.300843,45.0700000000,46.0000000000,44.3300000000,45.9100000000,45.1200000000,4019000,182455089.8500,2,2.558400,1,1.750900,63.710129,4.745375,4.674176,17.586318,0
2025-12-08,sz.300843,45.9200000000,47.9400000000,45.7500000000,47.7100000000,45.9100000000,8039600,381613130.9400,2,5.117800,1,3.920700,66.208021,4.931427,4.857437,18.275828,0
2025-12-09,sz.300843,47.6500000000,49.1000000000,47.5000000000,48.2900000000,47.7100000000,7820954,378212994.3300,2,4.978600,1,1.215700,67.012898,4.991377,4.916487,18.498003,0
2025-12-10,sz.300843,48.0000000000,48.1800000000,46.4500000000,47.4000000000,48.2900000000,4808043,226372523.4100,2,3.060700,1,-1.843000,65.777829,4.899385,4.825875,18.157079,0
2025-12-11,sz.300843,47.4000000000,47.4000000000,46.0000000000,46.0100000000,47.4000000000,3239222,150989532.4400,2,2.062000,1,-2.932500,63.848901,4.755711,4.684357,17.624624,0
2025-12-12,sz.300843,46.2200000000,46.7200000000,45.1300000000,46.2500000000,46.0100000000,3556700,163876661.0000,2,2.264100,1,0.521600,64.181953,4.780518,4.708792,17.716559,0
2025-12-15,sz.300843,45.5800000000,46.1800000000,45.3000000000,45.5300000000,46.2500000000,2910600,133093857.0000,2,1.852800,1,-1.556800,63.182796,4.706097,4.635487,17.440755,0
2025-12-16,sz.300843,45.4500000000,45.9000000000,43.6000000000,44.1800000000,45.5300000000,4005699,177584896.5400,2,2.549900,1,-2.965100,61.309377,4.566557,4.498041,16.923623,0
2025-12-17,sz.300843,44.3000000000,46.8000000000,44.2800000000,46.6500000000,44.1800000000,6814601,313511017.5600,2,4.338000,1,5.590800,64.737040,4.821863,4.749516,17.869783,0
2025-12-18,sz.300843,45.7400000000,48.9000000000,45.5800000000,47.1200000000,46.6500000000,8686456,415662677.9600,2,5.529600,1,1.007500,65.389268,4.870443,4.797368,18.049822,0
2025-12-19,sz.300843,47.7100000000,52.9800000000,47.7100000000,49.3000000000,47.1200000000,15384413,775749569.8800,2,9.793400,1,4.626500,68.414493,5.095774,5.019317,18.884894,0
2025-12-22,sz.300843,48.9000000000,53.7600000000,48.6100000000,52.3300000000,49.3000000000,13987465,718550526.5200,2,8.904100,1,6.146000,72.619278,5.408962,5.327807,20.045568,0
2025-12-23,sz.300843,51.5100000000,53.8800000000,50.4600000000,52.9300000000,52.3300000000,12076471,630886347.4300,2,7.687600,1,1.146600,73.451909,5.470980,5.388894,20.275405,0
2025-12-24,sz.300843,52.5500000000,55.0000000000,52.5500000000,54.1100000000,52.9300000000,10518739,563927840.9900,2,6.696000,1,2.229400,75.089416,5.592948,5.509032,20.727416,0
2025-12-25,sz.300843,53.2800000000,54.2300000000,52.4000000000,53.4800000000,54.1100000000,7097651,377916494.5400,2,4.518200,1,-1.164300,74.215154,5.527829,5.444890,20.486088,0
2025-12-26,sz.300843,52.8000000000,53.2500000000,51.7300000000,51.8300000000,53.4800000000,7803600,406636700.0000,2,4.967600,1,-3.085300,71.925419,5.357281,5.276901,19.854038,0
2025-12-29,sz.300843,51.6300000000,53.1000000000,51.4500000000,51.6300000000,51.8300000000,4953539,257993938.0600,2,3.153300,1,-0.385900,71.647876,5.336608,5.256539,19.777426,0
2025-12-30,sz.300843,51.3000000000,56.2000000000,50.8000000000,53.6600000000,51.6300000000,11577850,624010202.6400,2,7.370200,1,3.931800,74.464943,5.546434,5.463216,20.555039,0
2025-12-31,sz.300843,53.3300000000,53.5000000000,51.5500000000,51.5600000000,53.6600000000,6082466,317406402.9600,2,3.872000,1,-3.913500,71.550735,5.329373,5.249412,19.750611,0
2026-01-05,sz.300843,51.7900000000,51.9600000000,50.5600000000,50.9500000000,51.5600000000,5206300,265437315.0000,2,3.314200,1,-1.183100,70.704227,5.266322,5.187307,19.516944,0
2026-01-06,sz.300843,50.9400000000,50.9400000000,48.7000000000,49.8700000000,50.9500000000,7800011,387413356.2900,2,4.965300,1,-2.119700,69.205492,5.154690,5.077350,19.103239,0
2026-01-07,sz.300843,49.8700000000,50.3900000000,49.3000000000,50.0600000000,49.8700000000,5428942,270705456.7600,2,3.455900,1,0.381000,69.469158,5.174329,5.096694,19.176020,0
2026-01-08,sz.300843,50.2900000000,50.2900000000,48.7200000000,48.9500000000,50.0600000000,6253225,307706437.2500,2,3.980700,1,-2.217300,67.928792,5.059597,4.983683,18.750823,0
2026-01-09,sz.300843,48.7000000000,51.1600000000,48.0000000000,50.1800000000,48.9500000000,8442802,420304835.2100,2,5.374500,1,2.512800,69.635685,5.186733,5.108912,19.221988,0
2026-01-12,sz.300843,50.1000000000,50.5800000000,49.0100000000,50.4500000000,50.1800000000,7018686,349215000.3200,2,4.467900,1,0.538100,70.010368,5.214641,5.136401,19.325414,0
2026-01-13,sz.300843,50.4700000000,50.4700000000,48.0400000000,48.1100000000,50.4500000000,7910059,387583089.1300,2,5.035400,1,-4.638300,66.763108,4.972772,4.898161,18.429052,0
2026-01-14,sz.300843,48.3200000000,50.1700000000,48.1100000000,49.5100000000,48.1100000000,7199247,354761806.1100,2,4.582900,1,2.910000,68.705914,5.117480,5.040698,18.965337,0
2026-01-15,sz.300843,49.5100000000,50.1500000000,48.7800000000,49.6800000000,49.5100000000,5977000,296078839.0000,2,3.804800,1,0.343400,68.941826,5.135051,5.058006,19.030457,0
2026-01-16,sz.300843,49.7300000000,50.5100000000,49.3000000000,50.3800000000,49.6800000000,7627139,381829153.6100,2,4.855300,1,1.409000,69.913228,5.207405,5.129274,19.298600,0
2026-01-19,sz.300843,50.1200000000,50.1200000000,48.9700000000,49.6200000000,50.3800000000,4953900,245468994.9400,2,3.153500,1,-1.508500,68.858563,5.128850,5.051897,19.007474,0
2026-01-20,sz.300843,49.3000000000,51.0300000000,48.0300000000,48.7900000000,49.6200000000,6509900,319666895.0000,2,4.144100,1,-1.672700,67.706757,5.043059,4.967393,18.689533,0
2026-01-21,sz.300843,48.3100000000,50.6500000000,48.2300000000,49.9800000000,48.7900000000,5824900,289670605.0000,2,3.708000,1,2.439000,69.358141,5.166060,5.088549,19.145376,0
2026-01-22,sz.300843,49.8600000000,52.8500000000,49.4000000000,52.0500000000,49.9800000000,11251892,577052888.0100,2,7.162700,1,4.141700,72.230717,5.380021,5.299299,19.938311,0
2026-01-23,sz.300843,52.0000000000,52.1800000000,51.0700000000,51.7800000000,52.0500000000,7590749,391879222.0500,2,4.832100,1,-0.518700,71.856033,5.352113,5.271810,19.834885,0
2026-01-26,sz.300843,51.7000000000,51.7300000000,49.5000000000,50.3300000000,51.7800000000,5684000,286756261.3400,2,3.618300,1,-2.800300,69.843842,5.202237,5.124183,19.279447,0
2026-01-27,sz.300843,50.2300000000,53.1700000000,48.6000000000,53.1300000000,50.3300000000,11564881,597089422.2300,2,7.361900,1,5.563300,73.729452,5.491652,5.409256,20.352017,0
2026-01-28,sz.300843,52.6400000000,54.0000000000,51.4500000000,52.4800000000,53.1300000000,7574689,397850251.4900,2,4.821900,1,-1.223400,72.827436,5.424467,5.343078,20.103027,0
2026-01-29,sz.300843,52.1000000000,52.6400000000,49.5000000000,49.6000000000,52.4800000000,7435770,378330905.3000,2,4.733400,1,-5.487800,68.830808,5.126782,5.049861,18.999812,0
2026-01-30,sz.300843,49.6000000000,51.5600000000,48.9100000000,50.3600000000,49.6000000000,5211394,262432086.8500,2,3.317500,1,1.532300,69.885474,5.205338,5.127238,19.290939,0
2026-02-02,sz.300843,49.9100000000,50.2000000000,47.4700000000,47.6700000000,50.3600000000,4910189,239950907.1200,2,3.125700,1,-5.341500,66.152513,4.927293,4.853364,18.260505,0
2026-02-03,sz.300843,48.2000000000,55.9200000000,48.1800000000,54.5000000000,47.6700000000,21343498,1152690198.1800,2,13.586800,1,14.327700,75.630626,5.633259,5.548738,20.876810,0
2026-02-04,sz.300843,53.4100000000,57.5000000000,53.4100000000,56.2700000000,54.5000000000,15223713,858473009.9400,2,9.691100,1,3.247700,78.086887,5.816211,5.728945,21.554828,0
2026-02-05,sz.300843,55.8400000000,56.5900000000,53.4100000000,54.2800000000,56.2700000000,7356554,400373171.3600,2,4.683000,1,-3.536500,75.325328,5.610519,5.526340,20.792537,0
2026-02-06,sz.300843,53.9400000000,61.0000000000,53.3600000000,58.1600000000,54.2800000000,17241364,994898132.6000,2,10.975500,1,7.148100,80.709673,6.011566,5.921369,22.278812,0
2026-02-09,sz.300843,59.0000000000,60.2000000000,57.7500000000,59.3200000000,58.1600000000,12181663,720374471.9300,2,7.754600,1,1.994500,82.319426,6.131466,6.039471,22.723163,0
2026-02-10,sz.300843,58.6400000000,59.2000000000,57.8900000000,58.1400000000,59.3200000000,6739596,393285227.6400,2,4.290300,1,-1.989200,80.681919,6.009499,5.919333,22.271151,0
2026-02-11,sz.300843,57.8500000000,58.0000000000,55.3800000000,55.9600000000,58.1400000000,7452630,418951561.0900,2,4.744200,1,-3.749600,77.656694,5.784168,5.697383,21.436079,0
2026-02-12,sz.300843,56.5000000000,60.2000000000,56.5000000000,59.0500000000,55.9600000000,10051854,591850057.8800,2,6.398800,1,5.521800,81.944742,6.103559,6.011981,22.619736,0
2026-02-13,sz.300843,58.5000000000,58.6500000000,57.0400000000,57.6400000000,59.0500000000,5330350,308656884.5000,2,3.393200,1,-2.387800,79.988060,5.957817,5.868427,22.079621,0
2026-02-24,sz.300843,59.3900000000,60.9000000000,57.0000000000,57.7000000000,57.6400000000,6365900,370572889.5700,2,4.052400,1,0.104100,80.071323,5.964019,5.874536,22.102604,0
2026-02-25,sz.300843,57.8000000000,61.7600000000,57.6000000000,59.1400000000,57.7000000000,10348139,618661354.8400,2,6.587400,1,2.495700,82.069637,6.112861,6.021144,22.654212,0
2026-02-26,sz.300843,58.8200000000,62.3300000000,57.7000000000,61.7500000000,59.1400000000,12492977,756537695.6100,2,7.952700,1,4.413300,85.691581,6.382637,6.286873,23.654000,0
2026-02-27,sz.300843,60.0000000000,60.0800000000,56.9000000000,58.0400000000,61.7500000000,11347172,655953213.8100,2,7.223300,1,-6.008100,80.543147,5.999162,5.909152,22.232845,0
2026-03-02,sz.300843,55.9500000000,61.5000000000,55.7500000000,59.8500000000,58.0400000000,12706618,763172531.0500,2,8.088700,1,3.118500,83.054917,6.186249,6.093431,22.926185,0
2026-03-03,sz.300843,59.5000000000,59.7000000000,54.5800000000,54.9500000000,59.8500000000,9172369,516763729.7300,2,5.838900,1,-8.187100,76.255099,5.679772,5.594553,21.049187,0
2026-03-04,sz.300843,54.0000000000,56.3800000000,53.5100000000,53.7400000000,54.9500000000,5895659,322294275.1400,2,3.753000,1,-2.202000,74.575960,5.554703,5.471361,20.585684,0
2026-03-05,sz.300843,55.0100000000,55.0100000000,52.1300000000,52.9500000000,53.7400000000,6499088,347979414.5200,2,4.137200,1,-1.470000,73.479663,5.473047,5.390930,20.283066,0
2026-03-06,sz.300843,52.6500000000,55.3500000000,51.6600000000,54.6900000000,52.9500000000,8938660,479667803.0000,2,5.690100,1,3.286100,75.894292,5.652898,5.568082,20.949592,0
2026-03-09,sz.300843,51.5000000000,54.4900000000,49.6100000000,53.9700000000,54.6900000000,8149172,421640939.5800,2,5.187600,1,-1.316500,74.895135,5.578477,5.494778,20.673788,0
2026-03-10,sz.300843,54.5000000000,59.8800000000,54.2800000000,58.9000000000,53.9700000000,13103269,752445742.1700,2,8.341200,1,9.134700,81.736585,6.088054,5.996710,22.562277,0
2026-03-11,sz.300843,58.6700000000,63.2400000000,57.9200000000,61.7600000000,58.9000000000,20349424,1248220656.4300,2,12.954000,1,4.855700,85.705458,6.383671,6.287891,23.657831,0
2026-03-12,sz.300843,61.7600000000,61.7600000000,57.9200000000,59.3800000000,61.7600000000,7996651,473417384.0200,2,5.090500,1,-3.853600,82.402689,6.137668,6.045579,22.746146,0
2026-03-13,sz.300843,58.4700000000,59.2200000000,57.5500000000,58.1800000000,59.3800000000,6524672,380235702.8000,2,4.153500,1,-2.020900,80.737428,6.013633,5.923405,22.286474,0
2026-03-16,sz.300843,57.8400000000,58.1700000000,56.0000000000,57.5300000000,58.1800000000,4249131,242894022.5000,2,2.704900,1,-1.117200,79.835411,5.946447,5.857228,22.037484,0
2026-03-17,sz.300843,57.7400000000,58.2000000000,54.6000000000,54.8000000000,57.5300000000,6497700,363930940.0000,2,4.136300,1,-4.745400,76.046941,5.664268,5.579282,20.991728,0
2026-03-18,sz.300843,55.5100000000,57.3500000000,54.2000000000,56.6000000000,54.8000000000,5784961,324438884.5500,2,3.682600,1,3.284700,78.544834,5.850320,5.762543,21.681238,0
