date,code,open,high,low,close,preclose,volume,amount,adjustflag,turn,tradestatus,pctChg,peTTM,pbMRQ,psTTM,pcfNcfTTM,isST
2023-06-26,sz.300115,11.5271520000,11.8451424000,11.3880312000,11.4675288000,11.6762100000,27191472,317488772.9900,2,2.272900,1,-1.787200,88.589795,2.472734,0.949024,23.116637,0
2023-06-27,sz.300115,11.4277800000,11.7258960000,11.3582196000,11.6364612000,11.4675288000,18191581,211076114.0900,2,1.520600,1,1.473100,89.894844,2.509160,0.963004,23.457176,0
2023-06-28,sz.300115,11.6066496000,11.6861472000,11.0601036000,11.2687848000,11.6364612000,24559051,277589903.3300,2,2.052800,1,-3.159700,87.054443,2.429879,0.932576,22.716002,0
2023-06-29,sz.300115,11.2687848000,11.9246400000,11.2290360000,11.7159588000,11.2687848000,30608145,358159570.5100,2,2.558500,1,3.968300,90.508985,2.526302,0.969583,23.617430,0
2023-06-30,sz.300115,11.8252680000,12.0736980000,11.6364612000,11.8352052000,11.7159588000,28965627,343824241.4700,2,2.415900,1,1.017800,91.613045,2.557119,0.981411,23.905524,0
2023-07-03,sz.300115,11.8749540000,12.2028816000,11.7557076000,11.9246400000,11.8352052000,32893069,395507363.9800,2,2.749400,1,0.755700,92.121104,2.571300,0.986853,24.038097,0
2023-07-04,sz.300115,11.7855192000,12.2823792000,11.7258960000,12.0935724000,11.9246400000,40653898,494776564.1000,2,3.398200,1,1.416700,93.426153,2.607727,1.000834,24.378637,0
2023-07-05,sz.300115,12.0836352000,12.1134468000,11.7855192000,11.8053936000,12.0935724000,24546376,293942858.8600,2,2.051800,1,-2.382900,91.199893,2.545587,0.976985,23.797716,0
2023-07-06,sz.300115,11.7358332000,11.9544516000,11.6463984000,11.7755820000,11.8053936000,18637197,221705721.4400,2,1.557800,1,-0.252500,90.969590,2.539159,0.974518,23.737621,0
2023-07-07,sz.300115,11.7258960000,11.8252680000,11.4079056000,11.4476544000,11.7755820000,21372410,247821999.4900,2,1.786500,1,-2.784800,88.436260,2.468448,0.947379,23.076573,0
2023-07-10,sz.300115,11.5271520000,11.5768380000,11.1594756000,11.1992244000,11.4476544000,19443343,220740569.3500,2,1.625200,1,-2.170100,86.517070,2.414879,0.926820,22.575779,0
2023-07-11,sz.300115,11.1694128000,11.3284080000,11.1197268000,11.3184708000,11.1992244000,16796380,190061906.6000,2,1.404000,1,1.064800,87.438281,2.440592,0.936688,22.816160,0
2023-07-12,sz.300115,11.2886592000,11.3780940000,11.0104176000,11.0203548000,11.3184708000,24740213,277112246.3400,2,2.068000,1,-2.633900,85.135254,2.376310,0.912017,22.215208,0
2023-07-13,sz.300115,11.0302920000,11.2190988000,10.9507944000,11.1992244000,11.0203548000,24402554,272982331.6200,2,2.039700,1,1.623100,86.517070,2.414879,0.926820,22.575779,0
2023-07-14,sz.300115,11.2190988000,11.4973404000,11.1296640000,11.3184708000,11.1992244000,21704878,247234106.9100,2,1.814300,1,1.064800,87.438281,2.440592,0.936688,22.816160,0
2023-07-17,sz.300115,11.3184708000,11.3780940000,11.1495384000,11.3284080000,11.3184708000,13538160,153353100.9000,2,1.131600,1,0.087800,87.515049,2.442735,0.937511,22.836192,0
2023-07-18,sz.300115,11.2787220000,11.4774660000,11.1097896000,11.1396012000,11.3284080000,18191812,206062391.9100,2,1.520600,1,-1.666700,86.056465,2.402023,0.921885,22.455589,0
2023-07-19,sz.300115,11.1296640000,11.2588476000,10.9408572000,10.9806060000,11.1396012000,15605950,173305243.8500,2,1.304500,1,-1.427300,84.828183,2.367739,0.908727,22.135081,0
2023-07-20,sz.300115,10.9806060000,11.0302920000,10.6626156000,10.6924272000,10.9806060000,20378532,221875789.8800,2,1.703400,1,-2.624400,82.601923,2.305599,0.884878,21.554160,0
2023-07-21,sz.300115,10.6228668000,10.7321760000,10.4141856000,10.4539344000,10.6924272000,19849261,210762131.7600,2,1.659100,1,-2.230500,80.759501,2.254173,0.865141,21.073398,0
2023-07-24,sz.300115,10.4340600000,10.6427412000,10.3843740000,10.5036204000,10.4539344000,11410090,121092867.4800,2,0.953700,1,0.475300,81.143339,2.264887,0.869253,21.173557,0
2023-07-25,sz.300115,10.6029924000,10.8017364000,10.5135576000,10.7619876000,10.5036204000,16836105,180918593.6400,2,1.407300,1,2.459800,83.139297,2.320598,0.890635,21.694382,0
2023-07-26,sz.300115,10.7421132000,10.7421132000,10.4837460000,10.5234948000,10.7619876000,13863068,147152726.5200,2,1.158800,1,-2.216100,81.459458,2.273711,0.872640,21.256045,0
2023-07-27,sz.300115,10.5334320000,10.5831180000,10.3545624000,10.3644996000,10.5234948000,12524462,131826349.1200,2,1.046900,1,-1.510900,80.228720,2.239358,0.859455,20.934896,0
2023-07-28,sz.300115,10.3247508000,10.4439972000,10.2452532000,10.4042484000,10.3644996000,11056108,115179700.6900,2,0.924200,1,0.383500,80.375663,2.243459,0.861030,20.973240,0
2023-07-31,sz.300115,10.4241228000,10.6526784000,10.3644996000,10.6129296000,10.4042484000,15078590,160456050.3300,2,1.260400,1,2.005700,81.987783,2.288457,0.878299,21.393906,0
2023-08-01,sz.300115,10.6526784000,10.6824900000,10.4638716000,10.5831180000,10.6129296000,11943924,127066195.7800,2,0.998400,1,-0.280900,81.757480,2.282029,0.875832,21.333811,0
2023-08-02,sz.300115,10.5334320000,10.6725528000,10.4936832000,10.6228668000,10.5831180000,12708662,135560507.1700,2,1.062300,1,0.375600,82.228669,2.295181,0.880880,21.456763,0
2023-08-03,sz.300115,10.5234948000,10.7421132000,10.4936832000,10.5930552000,10.6228668000,13894560,148284791.8500,2,1.161400,1,-0.280600,81.834248,2.284172,0.876655,21.353843,0
2023-08-04,sz.300115,10.6129296000,11.0104176000,10.6129296000,10.9011084000,10.5930552000,28042787,306048479.0500,2,2.344000,1,2.908100,84.214043,2.350597,0.902148,21.974827,0
2023-08-07,sz.300115,10.8812340000,10.9209828000,10.7222388000,10.7719248000,10.9011084000,13295020,144471501.4800,2,1.111300,1,-1.185100,83.216064,2.322741,0.891457,21.714414,0
2023-08-08,sz.300115,10.7421132000,10.8514224000,10.6328040000,10.6526784000,10.7719248000,9389820,101157821.2200,2,0.784900,1,-1.107000,82.294853,2.297028,0.881589,21.474033,0
2023-08-09,sz.300115,10.5831180000,10.7023644000,10.4837460000,10.5334320000,10.6526784000,9093309,96638521.1200,2,0.760100,1,-1.119400,81.373642,2.271315,0.871720,21.233652,0
2023-08-10,sz.300115,10.5334320000,10.6029924000,10.4837460000,10.5036204000,10.5334320000,8960700,95037261.4000,2,0.749000,1,-0.283000,81.143339,2.264887,0.869253,21.173557,0
2023-08-11,sz.300115,10.4936832000,10.5334320000,10.1756928000,10.1955672000,10.5036204000,15015713,155894688.3200,2,1.255100,1,-2.932800,78.763544,2.198462,0.843760,20.552573,0
2023-08-14,sz.300115,10.1359440000,10.2154416000,9.9570744000,10.2055044000,10.1955672000,13180620,133675407.0000,2,1.101700,1,0.097500,78.840312,2.200604,0.844582,20.572605,0
2023-08-15,sz.300115,10.2154416000,10.2353160000,9.9968232000,10.0763208000,10.2055044000,8456291,85845908.8100,2,0.706800,1,-1.265800,77.842333,2.172749,0.833891,20.312192,0
2023-08-16,sz.300115,10.0763208000,10.0763208000,9.8179536000,9.8278908000,10.0763208000,11549864,115238424.7200,2,0.965400,1,-2.465500,75.923143,2.119180,0.813332,19.811398,0
2023-08-17,sz.300115,9.7583304000,9.9968232000,9.7185816000,9.9471372000,9.8278908000,7750176,76964510.0400,2,0.647800,1,1.213300,76.844354,2.144893,0.823200,20.051779,0
2023-08-18,sz.300115,9.9769488000,10.0067604000,9.6589584000,9.6589584000,9.9471372000,10736600,105928015.2000,2,0.897400,1,-2.897100,74.618094,2.082753,0.799351,19.470859,0
2023-08-21,sz.300115,9.6688956000,9.7782048000,9.5893980000,9.5893980000,9.6589584000,7588160,73919954.7300,2,0.634300,1,-0.720200,74.080721,2.067754,0.793595,19.330636,0
2023-08-22,sz.300115,9.6192096000,9.7086444000,9.4005912000,9.6788328000,9.5893980000,10743766,103184098.0100,2,0.898000,1,0.932600,74.771630,2.087039,0.800996,19.510922,0
2023-08-23,sz.300115,9.6092724000,9.6291468000,9.3707796000,9.3906540000,9.6788328000,10765049,102521937.5100,2,0.899800,1,-2.977400,72.545370,2.024899,0.777147,18.930001,0
2023-08-24,sz.300115,9.4502772000,9.5794608000,9.3906540000,9.4005912000,9.3906540000,10270875,97857394.2000,2,0.858500,1,0.105800,72.622137,2.027042,0.777969,18.950033,0
2023-08-25,sz.300115,9.3608424000,9.3707796000,9.0329148000,9.0826008000,9.4005912000,13674530,126325815.5000,2,1.143000,1,-3.382700,70.165574,1.958474,0.751653,18.309017,0
2023-08-28,sz.300115,9.7384560000,9.7384560000,9.2018472000,9.2515332000,9.0826008000,16457379,156033168.7600,2,1.375600,1,1.860000,71.470623,1.994900,0.765634,18.649557,0
2023-08-29,sz.300115,9.2515332000,9.7384560000,9.1919100000,9.6688956000,9.2515332000,17412683,167475778.9400,2,1.455500,1,4.511300,74.694862,2.084896,0.800174,19.490890,0
2023-08-30,sz.300115,9.7384560000,9.9868860000,9.7285188000,9.8179536000,9.6688956000,17412343,172864835.8200,2,1.455500,1,1.541600,75.846376,2.117037,0.812509,19.791366,0
2023-08-31,sz.300115,9.8179536000,10.1359440000,9.6887700000,10.1160696000,9.8179536000,25618498,257766695.4800,2,2.136800,1,3.036400,68.693426,2.195038,0.872941,1158.774544,0
2023-09-01,sz.300115,10.1458812000,10.1756928000,9.9073884000,9.9372000000,10.1160696000,13562780,136177558.4000,2,1.131200,1,-1.768200,67.478808,2.156226,0.857506,1138.285407,0
2023-09-04,sz.300115,9.9670116000,10.2452532000,9.9073884000,10.2353160000,9.9372000000,21129851,214203416.5700,2,1.762400,1,3.000000,69.503172,2.220912,0.883231,1172.433969,0
2023-09-05,sz.300115,10.2452532000,10.3843740000,10.1558184000,10.2850020000,10.2353160000,15269693,157402233.2900,2,1.273600,1,0.485400,69.840566,2.231694,0.887518,1178.125396,0
2023-09-06,sz.300115,10.2055044000,10.3545624000,10.1458812000,10.3446252000,10.2850020000,10971000,113524743.2000,2,0.915100,1,0.579700,70.245439,2.244631,0.892663,1184.955109,0
2023-09-07,sz.300115,10.3148136000,10.3148136000,10.0663836000,10.0862580000,10.3446252000,13066348,133503641.8500,2,1.089800,1,-2.497600,68.490990,2.188569,0.870368,1155.359688,0
2023-09-08,sz.300115,10.0365720000,10.2353160000,10.0365720000,10.2055044000,10.0862580000,8730660,89244793.4000,2,0.728200,1,1.182300,69.300736,2.214444,0.880658,1169.019113,0
2023-09-11,sz.300115,10.2353160000,10.3744368000,10.1856300000,10.2551904000,10.2055044000,11205308,115749466.4400,2,0.934600,1,0.486900,69.638130,2.225225,0.884946,1174.710540,0
2023-09-12,sz.300115,10.2551904000,10.3048764000,10.1856300000,10.2353160000,10.2551904000,8161826,83989781.1200,2,0.680800,1,-0.193800,69.503172,2.220912,0.883231,1172.433969,0
2023-09-13,sz.300115,10.2850020000,10.2850020000,9.9073884000,10.0266348000,10.2353160000,11031680,111311808.1700,2,0.920100,1,-2.038800,68.086117,2.175632,0.865223,1148.529976,0
2023-09-14,sz.300115,10.0266348000,10.0862580000,9.8278908000,9.8875140000,10.0266348000,9886372,98452275.6400,2,0.824600,1,-1.387500,67.141414,2.145445,0.853218,1132.593980,0
2023-09-15,sz.300115,9.9372000000,9.9868860000,9.7483932000,9.7980792000,9.8875140000,7965737,78817306.9300,2,0.664400,1,-0.904500,66.534105,2.126039,0.845501,1122.349411,0
2023-09-18,sz.300115,9.8080164000,9.9471372000,9.6688956000,9.8080164000,9.7980792000,7342632,72577507.4400,2,0.612400,1,0.101400,66.601583,2.128195,0.846358,1123.487697,0
2023-09-19,sz.300115,9.7682676000,9.8676396000,9.5496492000,9.5794608000,9.8080164000,9077248,87888167.4800,2,0.757100,1,-2.330300,65.049571,2.078602,0.826635,1097.307132,0
2023-09-20,sz.300115,9.6291468000,9.6291468000,9.4900260000,9.4999632000,9.5794608000,6463828,62085772.2800,2,0.539100,1,-0.829900,64.509740,2.061352,0.819775,1088.200849,0
2023-09-21,sz.300115,9.5099004000,9.6192096000,9.4701516000,9.4701516000,9.4999632000,6754512,64764460.2400,2,0.563400,1,-0.313800,64.307304,2.054883,0.817203,1084.785993,0
2023-09-22,sz.300115,9.4701516000,9.9868860000,9.4701516000,9.9670116000,9.4701516000,14387753,141607522.1300,2,1.200000,1,5.246600,67.681244,2.162694,0.860078,1141.700263,0
2023-09-25,sz.300115,9.9670116000,10.0663836000,9.8577024000,9.9868860000,9.9670116000,11021012,110394333.2400,2,0.919200,1,0.199400,67.816202,2.167007,0.861793,1143.976834,0
2023-09-26,sz.300115,9.9570744000,9.9670116000,9.6987072000,9.7682676000,9.9868860000,8620036,84859964.1600,2,0.719000,1,-2.189100,66.331668,2.119570,0.842928,1118.934555,0
2023-09-27,sz.300115,9.7483932000,9.8775768000,9.6987072000,9.7086444000,9.7682676000,6927540,68133567.3600,2,0.577800,1,-0.610400,65.926795,2.106632,0.837783,1112.104843,0
2023-09-28,sz.300115,9.7682676000,10.3346880000,9.7583304000,10.2750648000,9.7086444000,23561114,239763022.3200,2,1.965200,1,5.834200,69.773087,2.229537,0.886661,1176.987111,0
2023-10-09,sz.300115,10.2651276000,10.7321760000,10.2651276000,10.5831180000,10.2750648000,27408361,290109779.5300,2,2.286000,1,2.998100,71.864930,2.296380,0.913244,1212.273958,0
2023-10-10,sz.300115,10.5632436000,10.7917992000,10.5533064000,10.6725528000,10.5831180000,25368612,272240252.6700,2,2.115900,1,0.845100,72.472240,2.315786,0.920961,1222.518527,0
2023-10-11,sz.300115,10.7421132000,11.2886592000,10.7421132000,11.0799780000,10.6725528000,41648694,463520071.0700,2,3.473800,1,3.817500,75.238871,2.404192,0.956119,1269.188229,0
2023-10-12,sz.300115,10.9905432000,11.1197268000,10.8017364000,10.8911712000,11.0799780000,23386729,256749673.2300,2,1.950600,1,-1.704000,73.956773,2.363223,0.939826,1247.560806,0
2023-10-13,sz.300115,10.8315480000,11.1097896000,10.7818620000,11.0004804000,10.8911712000,18766730,207228188.4000,2,1.565300,1,1.003600,74.699040,2.386942,0.949259,1260.081945,0
2023-10-16,sz.300115,10.9806060000,10.9806060000,10.4638716000,10.5433692000,11.0004804000,22587293,241961517.5800,2,1.883900,1,-4.155400,71.595015,2.287755,0.909813,1207.720817,0
2023-10-17,sz.300115,10.5930552000,10.6427412000,10.3446252000,10.4439972000,10.5433692000,13113739,137997867.6700,2,1.093800,1,-0.942500,70.920227,2.266193,0.901238,1196.337963,0
2023-10-18,sz.300115,10.3943112000,10.4042484000,10.1260068000,10.1359440000,10.4439972000,15951380,163864625.2000,2,1.330500,1,-2.949600,68.828384,2.199350,0.874656,1161.051115,0
2023-10-19,sz.300115,10.1160696000,10.2850020000,9.9372000000,9.9769488000,10.1359440000,12751045,129595260.7200,2,1.063500,1,-1.568600,67.748723,2.164851,0.860936,1142.838549,0
2023-10-20,sz.300115,9.8974512000,10.0663836000,9.6092724000,9.6688956000,9.9769488000,15508217,152677237.0900,2,1.293500,1,-3.087600,65.656880,2.098008,0.834353,1107.551701,0
2023-10-23,sz.300115,9.6688956000,9.7086444000,9.3210936000,9.3906540000,9.6688956000,16024920,152711847.8000,2,1.336600,1,-2.877700,63.767473,2.037633,0.810343,1075.679709,0
2023-10-24,sz.300115,9.4502772000,9.5993352000,9.2217216000,9.4701516000,9.3906540000,16087158,152365344.0100,2,1.341800,1,0.846600,64.307304,2.054883,0.817203,1084.785993,0
2023-10-25,sz.300115,9.5496492000,9.8080164000,9.4304028000,9.7086444000,9.4701516000,21720240,210317664.7400,2,1.811600,1,2.518400,65.926795,2.106632,0.837783,1112.104843,0
2023-10-26,sz.300115,9.5993352000,9.7980792000,9.5198376000,9.7782048000,9.7086444000,15345727,149720907.0700,2,1.279900,1,0.716500,66.399147,2.121726,0.843786,1120.072840,0
2023-10-27,sz.300115,9.7384560000,10.4936832000,9.6291468000,10.4141856000,9.7782048000,36414094,371652903.0300,2,3.037200,1,6.504100,70.718205,2.259738,0.898671,1192.930104,0
2023-10-30,sz.300115,10.4141856000,11.0004804000,10.3446252000,10.9507944000,10.4141856000,40015306,435707156.4400,2,3.337500,1,5.152700,84.831387,2.321034,0.948601,15.851657,0
2023-10-31,sz.300115,11.1296640000,11.6960844000,10.9806060000,11.5370892000,10.9507944000,70088854,810125927.0400,2,5.845900,1,5.353900,89.373176,2.445300,0.999388,16.700340,0
2023-11-01,sz.300115,11.4575916000,11.5470264000,11.2290360000,11.2787220000,11.5370892000,31968076,365247816.6400,2,2.666300,1,-2.239400,87.371710,2.390539,0.977008,16.326344,0
2023-11-02,sz.300115,11.3284080000,11.4874032000,11.0302920000,11.0799780000,11.2787220000,26112428,295333671.6900,2,2.177900,1,-1.762100,85.832120,2.348415,0.959792,16.038655,0
2023-11-03,sz.300115,11.1197268000,11.9445144000,11.0899152000,11.8848912000,11.0799780000,48266276,567015334.3400,2,4.025700,1,7.264600,92.067458,2.519017,1.029516,17.203795,0
2023-11-06,sz.300115,12.2326932000,13.1369784000,12.2128188000,12.5407464000,11.8848912000,77048689,974305361.3200,2,6.426400,1,5.518400,97.148104,2.658027,1.086329,18.153168,0
2023-11-07,sz.300115,12.4612488000,12.8686740000,12.4016256000,12.6798672000,12.5407464000,41516735,527893681.9600,2,3.462800,1,1.109400,98.225816,2.687513,1.098380,18.354551,0
2023-11-08,sz.300115,12.6699300000,12.6699300000,12.2724420000,12.3121908000,12.6798672000,32307837,403295654.6200,2,2.694700,1,-2.899700,95.377576,2.609584,1.066531,17.822326,0
2023-11-09,sz.300115,12.3420024000,12.4115628000,11.9544516000,12.0240120000,12.3121908000,26797461,326203067.1700,2,2.235100,1,-2.340600,93.145171,2.548504,1.041567,17.405177,0
2023-11-10,sz.300115,11.9544516000,12.8189880000,11.9147028000,12.6500556000,12.0240120000,56900742,709844948.5000,2,4.745900,1,5.206600,97.994878,2.681195,1.095798,18.311397,0
2023-11-13,sz.300115,12.5407464000,12.6898044000,12.2426304000,12.3618768000,12.6500556000,36289482,452095935.2100,2,3.026800,1,-2.278100,95.762473,2.620115,1.070835,17.894248,0
2023-11-14,sz.300115,12.3221280000,12.6103068000,12.2227560000,12.5009976000,12.3618768000,20978556,263191619.3000,2,1.749700,1,1.125400,96.840186,2.649602,1.082886,18.095631,0
2023-11-15,sz.300115,12.6599928000,12.9084228000,12.5208720000,12.6599928000,12.5009976000,29060563,371216252.1600,2,2.423800,1,1.271900,98.071857,2.683301,1.096659,18.325782,0
2023-11-16,sz.300115,12.6301812000,12.7096788000,12.3817512000,12.3916884000,12.6599928000,16204616,203926861.8600,2,1.351600,1,-2.119300,95.993411,2.626434,1.073417,17.937402,0
2023-11-17,sz.300115,12.2923164000,12.5606208000,12.2426304000,12.3718140000,12.3916884000,13604462,169463938.2700,2,1.134700,1,-0.160400,95.839452,2.622221,1.071695,17.908633,0
2023-11-20,sz.300115,12.3718140000,12.4215000000,12.1830072000,12.3618768000,12.3718140000,20960518,259277670.7000,2,1.748200,1,-0.080300,95.762473,2.620115,1.070835,17.894248,0
2023-11-21,sz.300115,12.4215000000,12.9282972000,12.3420024000,12.5606208000,12.3618768000,34523813,440113694.4500,2,2.879500,1,1.607700,97.302063,2.662239,1.088051,18.181937,0
2023-11-22,sz.300115,12.4513116000,12.6103068000,12.2028816000,12.2028816000,12.5606208000,17735724,220223553.7800,2,1.479300,1,-2.848100,94.530801,2.586416,1.057062,17.664097,0
2023-11-23,sz.300115,12.1432584000,12.5009976000,12.1432584000,12.3519396000,12.2028816000,14750418,183224910.5100,2,1.230300,1,1.221500,95.685493,2.618009,1.069974,17.879864,0
2023-11-24,sz.300115,12.3121908000,12.3519396000,12.0240120000,12.0836352000,12.3519396000,11350894,138381289.1500,2,0.946700,1,-2.172200,93.607047,2.561141,1.046732,17.491484,0
2023-11-27,sz.300115,11.8053936000,12.1730700000,11.8053936000,12.0438864000,12.0836352000,11821058,143192238.7600,2,0.986000,1,-0.328900,93.299130,2.552717,1.043289,17.433946,0
2023-11-28,sz.300115,12.0736980000,12.9084228000,12.0736980000,12.2724420000,12.0438864000,30337939,381454701.1700,2,2.530400,1,1.897700,95.069658,2.601159,1.063087,17.764788,0
2023-11-29,sz.300115,12.1730700000,12.4115628000,12.0339492000,12.1233840000,12.2724420000,18587816,227935492.3300,2,1.550300,1,-1.214600,93.914965,2.569566,1.050175,17.549022,0
2023-11-30,sz.300115,12.1233840000,12.1233840000,11.8451424000,12.0041376000,12.1233840000,11281253,135944631.5300,2,0.940900,1,-0.983600,92.991212,2.544292,1.039846,17.376408,0
2023-12-01,sz.300115,11.9942004000,12.2724420000,11.8848912000,12.1929444000,12.0041376000,10632966,129332516.1800,2,0.886900,1,1.572800,94.453822,2.584310,1.056201,17.649713,0
2023-12-04,sz.300115,12.1432584000,12.2326932000,11.7159588000,12.0438864000,12.1929444000,14188894,171262583.4800,2,1.183400,1,-1.222500,93.299130,2.552717,1.043289,17.433946,0
2023-12-05,sz.300115,12.0438864000,12.1035096000,11.7258960000,11.7855192000,12.0438864000,13011630,155656220.5800,2,1.085300,1,-2.145200,91.297663,2.497955,1.020908,17.059951,0
2023-12-06,sz.300115,11.7557076000,11.8153308000,11.6165868000,11.6563356000,11.7855192000,14570537,171425966.8700,2,1.215300,1,-1.096100,90.296930,2.470575,1.009718,16.872953,0
2023-12-07,sz.300115,11.6364612000,11.8948284000,11.5470264000,11.7258960000,11.6563356000,13329347,157198017.3400,2,1.111800,1,0.596800,90.835786,2.485318,1.015743,16.973644,0
2023-12-08,sz.300115,11.7159588000,12.3618768000,11.7159588000,12.1730700000,11.7258960000,32380410,394784796.2300,2,2.700700,1,3.813600,94.321279,2.580683,1.054719,17.624946,0
2023-12-11,sz.300115,12.1233840000,12.4215000000,11.8252680000,12.3718140000,12.1730700000,26945542,331564100.4800,2,2.246900,1,1.632700,95.861218,2.622817,1.071939,17.912700,0
2023-12-12,sz.300115,12.3519396000,12.5208720000,12.2724420000,12.3817512000,12.3718140000,15592644,194458794.2500,2,1.300200,1,0.080300,95.938215,2.624923,1.072800,17.927088,0
2023-12-13,sz.300115,12.3420024000,12.6103068000,12.2028816000,12.4513116000,12.3817512000,20414649,255518661.1500,2,1.702300,1,0.561800,96.477194,2.639670,1.078827,18.027802,0
2023-12-14,sz.300115,12.4513116000,12.5506836000,12.1134468000,12.1730700000,12.4513116000,16343212,202057190.3700,2,1.362800,1,-2.234600,94.321279,2.580683,1.054719,17.624946,0
2023-12-15,sz.300115,12.2227560000,12.6103068000,12.1035096000,12.2227560000,12.1730700000,12633952,156773362.8200,2,1.053500,1,0.408200,94.706264,2.591217,1.059024,17.696884,0
2023-12-18,sz.300115,12.2227560000,12.3022536000,11.9246400000,11.9743260000,12.2227560000,11445550,139533446.8200,2,0.954400,1,-2.032500,92.781340,2.538549,1.037499,17.337192,0
2023-12-19,sz.300115,11.9544516000,13.0177320000,11.9246400000,12.7494276000,11.9743260000,34766438,438894706.0200,2,2.899100,1,6.473000,98.787103,2.702871,1.104657,18.459433,0
2023-12-20,sz.300115,12.7891764000,13.0177320000,12.5606208000,12.5904324000,12.7494276000,23808430,305836492.9900,2,1.985300,1,-1.247100,97.555151,2.669164,1.090881,18.229230,0
2023-12-21,sz.300115,12.5407464000,12.7693020000,12.3618768000,12.6003696000,12.5904324000,20136060,254741490.1200,2,1.679100,1,0.078900,97.632148,2.671270,1.091742,18.243617,0
2023-12-22,sz.300115,12.5705580000,12.9680460000,12.3916884000,12.5109348000,12.6003696000,28103219,359925781.4100,2,2.343500,1,-0.709800,96.939176,2.652310,1.083993,18.114128,0
2023-12-25,sz.300115,12.3718140000,13.3854084000,12.3618768000,12.9779832000,12.5109348000,37402826,488329761.4500,2,3.118900,1,3.733100,100.558033,2.751324,1.124460,18.790350,0
2023-12-26,sz.300115,12.8984856000,12.8984856000,12.2823792000,12.7096788000,12.9779832000,29111646,368937908.0600,2,2.427500,1,-2.067400,98.479115,2.694444,1.101213,18.401882,0
2023-12-27,sz.300115,12.6997416000,12.8686740000,12.4215000000,12.6401184000,12.7096788000,18286519,232527744.6500,2,1.524900,1,-0.547300,97.940136,2.679697,1.095186,18.301168,0
2023-12-28,sz.300115,12.5705580000,12.9680460000,12.4016256000,12.6301812000,12.6401184000,28076594,359007910.3300,2,2.341200,1,-0.078600,97.863139,2.677590,1.094325,18.286780,0
2023-12-29,sz.300115,12.5804952000,13.6139640000,12.5407464000,13.1667900000,12.6301812000,55163154,734540986.2000,2,4.599900,1,4.248600,102.020975,2.791351,1.140818,19.063717,0
2024-01-02,sz.300115,13.2661620000,13.3655340000,12.8984856000,13.0177320000,13.1667900000,22940338,301664846.8800,2,1.912900,1,-1.132100,100.866021,2.759751,1.127904,18.847901,0
2024-01-03,sz.300115,12.8686740000,13.0674180000,11.8352052000,12.2128188000,13.0177320000,64103913,787994363.8000,2,5.345500,1,-6.183200,94.642762,2.589479,1.058314,17.685018,0
2024-01-04,sz.300115,12.1929444000,12.2128188000,11.7954564000,11.9842632000,12.2128188000,26225768,315352857.8600,2,2.186900,1,-1.871400,92.858337,2.540656,1.038360,17.351579,0
2024-01-05,sz.300115,12.0538236000,12.3420024000,11.6762100000,11.7656448000,11.9842632000,22358292,269424391.3000,2,1.864400,1,-1.824200,91.164403,2.494309,1.019418,17.035050,0
2024-01-08,sz.300115,11.7159588000,11.8451424000,11.2886592000,11.2985964000,11.7656448000,25010300,287362211.1600,2,2.085500,1,-3.969600,87.545546,2.395295,0.978951,16.358827,0
2024-01-09,sz.300115,11.4079056000,11.6265240000,10.9905432000,11.0501664000,11.2985964000,30155082,341159169.9400,2,2.514600,1,-2.198800,85.620622,2.342628,0.957427,15.999134,0
2024-01-10,sz.300115,11.0104176000,11.0799780000,10.7023644000,11.0104176000,11.0501664000,26002655,285289617.5800,2,2.168300,1,-0.359700,85.312634,2.334202,0.953983,15.941584,0
2024-01-11,sz.300115,10.9806060000,11.3184708000,10.9507944000,11.0998524000,11.0104176000,21441228,240564310.8700,2,1.787900,1,0.812300,86.005607,2.353162,0.961731,16.071073,0
2024-01-12,sz.300115,11.0402292000,11.0601036000,10.7321760000,10.7421132000,11.0998524000,22380371,243915161.5700,2,1.866200,1,-3.222900,83.233716,2.277321,0.930736,15.553115,0
2024-01-15,sz.300115,10.7222388000,11.0203548000,10.6129296000,10.8911712000,10.7421132000,17269698,188379336.0700,2,1.440100,1,1.387600,84.388671,2.308921,0.943651,15.768931,0
2024-01-16,sz.300115,10.9209828000,10.9507944000,10.5831180000,10.7421132000,10.8911712000,13581203,146479686.9300,2,1.132500,1,-1.368600,83.233716,2.277321,0.930736,15.553115,0
2024-01-17,sz.300115,10.7421132000,10.7421132000,10.1458812000,10.1955672000,10.7421132000,23049667,241012821.2200,2,1.922100,1,-5.087900,78.998883,2.161454,0.883381,14.761791,0
2024-01-18,sz.300115,10.1160696000,10.2551904000,9.8775768000,10.2253788000,10.1955672000,21320865,215951775.8900,2,1.777900,1,0.292400,79.229874,2.167774,0.885964,14.804954,0
2024-01-19,sz.300115,10.2253788000,10.3644996000,10.1359440000,10.2551904000,10.2253788000,15657505,162121496.0700,2,1.305600,1,0.291500,79.460865,2.174094,0.888547,14.848118,0
2024-01-22,sz.300115,10.5334320000,10.5930552000,9.5496492000,9.6788328000,10.2551904000,35502869,358232989.5300,2,2.960500,1,-5.620200,74.995041,2.051906,0.838609,14.013630,0
2024-01-23,sz.300115,9.5695236000,9.8378280000,9.4403400000,9.7185816000,9.6788328000,22502458,218914044.0100,2,1.876400,1,0.410700,75.303029,2.060333,0.842053,14.071181,0
2024-01-24,sz.300115,9.7583304000,9.9073884000,9.3210936000,9.7483932000,9.7185816000,20669300,199615270.8300,2,1.723600,1,0.306700,75.544792,2.066948,0.844757,14.116357,0
2024-01-25,sz.300115,9.7185816000,9.9868860000,9.5198376000,9.8974512000,9.7483932000,25072795,247876660.7300,2,2.090800,1,1.529100,76.688975,2.098253,0.857551,14.330160,0
2024-01-26,sz.300115,9.8974512000,9.8974512000,9.5496492000,9.5993352000,9.8974512000,21208572,206517207.9600,2,1.768500,1,-3.012000,74.379066,2.035053,0.831721,13.898529,0
2024-01-29,sz.300115,9.6688956000,9.7782048000,9.1422240000,9.1521612000,9.5993352000,23692009,222249393.1200,2,1.975600,1,-4.658400,70.914202,1.940252,0.792976,13.251082,0
2024-01-30,sz.300115,9.1422240000,9.2614704000,8.8142964000,8.8341708000,9.1521612000,16968385,154173426.6700,2,1.414900,1,-3.474500,68.450300,1.872839,0.765425,12.790675,0
2024-01-31,sz.300115,8.8739196000,8.9732916000,8.3273736000,8.3571852000,8.8341708000,28885385,248602407.9900,2,2.408700,1,-5.399300,64.754445,1.771718,0.724097,12.100065,0
2024-02-01,sz.300115,8.3472480000,8.5857408000,8.1683784000,8.3273736000,8.3571852000,23787773,200407823.6100,2,1.983600,1,-0.356700,64.523454,1.765398,0.721514,12.056902,0
2024-02-02,sz.300115,8.3770596000,8.4764316000,7.5622092000,7.9398228000,8.3273736000,24473335,197900937.6300,2,2.040800,1,-4.653900,61.520573,1.683237,0.687935,11.495781,0
2024-02-05,sz.300115,7.8603252000,7.9100112000,6.8864796000,7.1547840000,7.9398228000,43847969,322427856.1200,2,3.656400,1,-9.887400,55.445719,1.517026,0.620005,10.360629,0
2024-02-06,sz.300115,7.1150352000,7.9298856000,6.9262284000,7.7510160000,7.1547840000,35126442,261326234.0200,2,2.929100,1,8.333300,60.057631,1.643210,0.671576,11.222414,0
2024-02-07,sz.300115,7.7510160000,8.2876248000,7.6615812000,7.9994460000,7.7510160000,43499984,349814632.9200,2,3.627300,1,3.205100,61.982555,1.695877,0.693101,11.582107,0
2024-02-08,sz.300115,8.0789436000,8.7447360000,7.9298856000,8.7248616000,7.9994460000,47541868,400106167.9700,2,3.964400,1,9.068300,67.603333,1.849665,0.755954,12.632410,0
2024-02-19,sz.300115,8.7447360000,8.8838568000,8.4565572000,8.7844848000,8.7248616000,43712536,382736434.2000,2,3.645100,1,0.683400,68.065315,1.862305,0.761120,12.718736,0
2024-02-20,sz.300115,8.7347988000,8.8341708000,8.5261176000,8.7546732000,8.7844848000,25691027,224156506.1800,2,2.142300,1,-0.339400,67.834324,1.855985,0.758537,12.675573,0
2024-02-21,sz.300115,8.6453640000,9.2018472000,8.5956780000,8.8540452000,8.7546732000,26687728,239923591.2000,2,2.225400,1,1.135100,68.604293,1.877052,0.767147,12.819450,0
2024-02-22,sz.300115,8.8937940000,9.2117844000,8.8441080000,9.1620984000,8.8540452000,26561087,242613628.8800,2,2.214900,1,3.479200,70.991199,1.942359,0.793837,13.265469,0
2024-02-23,sz.300115,9.1720356000,9.4602144000,9.0329148000,9.3906540000,9.1620984000,25214042,234441752.6800,2,2.102500,1,2.494600,72.762129,1.990813,0.813640,13.596387,0
2024-02-26,sz.300115,9.5695236000,10.0166976000,9.4105284000,9.7384560000,9.3906540000,32043143,313267146.7700,2,2.672000,1,3.703700,75.457023,2.064546,0.843775,14.099957,0
2024-02-27,sz.300115,9.6987072000,10.0663836000,9.6092724000,10.0663836000,9.7384560000,22988080,228430471.2000,2,1.916900,1,3.367300,77.997923,2.134067,0.872188,14.574751,0
2024-02-28,sz.300115,10.2850020000,10.3843740000,9.2415960000,9.2714076000,10.0663836000,45331309,449636179.6800,2,3.780100,1,-7.897300,71.838166,1.965533,0.803308,13.423734,0
2024-02-29,sz.300115,9.1223496000,9.7980792000,9.1124124000,9.7185816000,9.2714076000,31191905,301040926.3300,2,2.601000,1,4.823200,136.595100,2.060333,0.857885,14.071181,0
2024-03-01,sz.300115,9.7583304000,10.0862580000,9.7384560000,10.0763208000,9.7185816000,34901771,349766931.1100,2,2.910400,1,3.681000,141.623140,2.136174,0.889463,14.589139,0
2024-03-04,sz.300115,10.3346880000,10.4141856000,9.8278908000,10.0862580000,10.0763208000,35564092,360280364.2300,2,2.965600,1,0.098600,141.762808,2.138280,0.890340,14.603526,0
2024-03-05,sz.300115,9.9372000000,10.2154416000,9.7483932000,9.8974512000,10.0862580000,33629044,337345044.0900,2,2.804200,1,-1.871900,139.109120,2.098253,0.873674,14.330160,0
2024-03-06,sz.300115,9.8378280000,10.1856300000,9.6192096000,9.9372000000,9.8974512000,29615506,294610369.1700,2,2.469600,1,0.401600,139.667791,2.106680,0.877183,14.387711,0
2024-03-07,sz.300115,9.9471372000,10.0365720000,9.6688956000,9.6688956000,9.9372000000,23325800,231507323.9500,2,1.945100,1,-2.700000,135.896761,2.049800,0.853499,13.999243,0
2024-03-08,sz.300115,9.7384560000,10.1260068000,9.6390840000,10.0663836000,9.6688956000,30430220,305853658.6500,2,2.537500,1,4.111000,141.483472,2.134067,0.888586,14.574751,0
2024-03-11,sz.300115,10.0564464000,10.2154416000,9.8974512000,10.2154416000,10.0663836000,23837300,241749381.0400,2,1.987700,1,1.480800,143.578489,2.165667,0.901744,14.790567,0
2024-03-12,sz.300115,10.1756928000,10.3446252000,10.0862580000,10.2551904000,10.2154416000,24129946,248136781.8600,2,2.012100,1,0.389100,144.137160,2.174094,0.905253,14.848118,0
2024-03-13,sz.300115,10.2253788000,10.5930552000,10.1359440000,10.4141856000,10.2551904000,30737060,322367301.3000,2,2.563100,1,1.550400,146.371845,2.207801,0.919287,15.078321,0
2024-03-14,sz.300115,10.3247508000,10.3943112000,10.0365720000,10.1856300000,10.4141856000,23229696,238322723.2400,2,1.937100,1,-2.194700,143.159486,2.159347,0.899112,14.747404,0
2024-03-15,sz.300115,10.1856300000,10.4638716000,10.0465092000,10.4340600000,10.1856300000,20803594,215526592.6500,2,1.734800,1,2.439000,146.651181,2.212014,0.921042,15.107096,0
2024-03-18,sz.300115,10.4340600000,10.8911712000,10.4340600000,10.8712968000,10.4340600000,29449758,317409772.8900,2,2.455700,1,4.190500,152.796563,2.304708,0.959638,15.740156,0
2024-03-19,sz.300115,10.8514224000,11.1694128000,10.7818620000,10.8315480000,10.8712968000,37579501,415121849.8800,2,3.131700,1,-0.365600,153.114061,2.261167,0.956265,24.541117,0
2024-03-20,sz.300115,10.7818620000,10.9309200000,10.6526784000,10.8116736000,10.8315480000,25490667,276066664.5400,2,2.124300,1,-0.183500,152.833118,2.257018,0.954511,24.496088,0
2024-03-21,sz.300115,10.9607316000,11.0700408000,10.7520504000,10.8712968000,10.8116736000,31411597,344976726.2100,2,2.617700,1,0.551500,153.675948,2.269465,0.959775,24.631177,0
2024-03-22,sz.300115,10.8017364000,10.9806060000,10.5433692000,10.6725528000,10.8712968000,30796220,332249389.3800,2,2.566400,1,-1.828200,150.866515,2.227976,0.942229,24.180881,0
2024-03-25,sz.300115,10.7321760000,10.8315480000,10.2154416000,10.2253788000,10.6725528000,36040897,382655133.9500,2,3.003500,1,-4.189900,144.545293,2.134625,0.902750,23.167715,0
2024-03-26,sz.300115,10.2353160000,10.4837460000,10.1160696000,10.2651276000,10.2253788000,25292388,262602317.3000,2,2.107800,1,0.388700,145.107179,2.142923,0.906259,23.257775,0
2024-03-27,sz.300115,10.2651276000,10.2750648000,9.6192096000,9.6688956000,10.2651276000,27062349,269058525.9100,2,2.255300,1,-5.808300,136.678882,2.018455,0.853620,21.906887,0
2024-03-28,sz.300115,9.7285188000,10.2154416000,9.6987072000,10.0067604000,9.6688956000,25009817,250920570.1000,2,2.084200,1,3.494300,141.454917,2.088987,0.883449,22.672390,0
2024-03-29,sz.300115,10.0961952000,10.1558184000,9.8179536000,10.1458812000,10.0067604000,16944595,170279711.6000,2,1.412100,1,1.390300,143.421520,2.118029,0.895731,22.987597,0
2024-04-01,sz.300115,10.1955672000,10.4738088000,10.1856300000,10.3446252000,10.1458812000,19557956,203211732.1900,2,1.629900,1,1.958900,146.230952,2.159518,0.913277,23.437893,0
2024-04-02,sz.300115,10.2551904000,10.3346880000,10.0465092000,10.1558184000,10.3446252000,16295256,166294757.1500,2,1.358000,1,-1.825200,143.561991,2.120104,0.896609,23.010112,0
2024-04-03,sz.300115,10.1160696000,10.1260068000,9.7980792000,9.9968232000,10.1558184000,18366380,184442453.2000,2,1.530600,1,-1.565600,141.314446,2.086912,0.882572,22.649875,0
2024-04-08,sz.300115,9.9968232000,9.9968232000,9.5794608000,9.6192096000,9.9968232000,16870167,165942561.0700,2,1.405900,1,-3.777300,135.976524,2.008082,0.849234,21.794313,0
2024-04-09,sz.300115,10.8116736000,11.0004804000,10.1657556000,10.5135576000,9.6192096000,89416267,944779486.3200,2,7.451600,1,9.297500,148.618970,2.194784,0.928192,23.820644,0
2024-04-10,sz.300115,10.4241228000,10.5533064000,9.8080164000,9.9769488000,10.5135576000,71024266,719436311.0400,2,5.918900,1,-5.104000,141.033502,2.082763,0.880817,22.604846,0
2024-04-11,sz.300115,9.8278908000,10.2850020000,9.7980792000,10.0365720000,9.9769488000,43946370,448237853.3500,2,3.662300,1,0.597600,141.876332,2.095210,0.886081,22.739935,0
2024-04-12,sz.300115,10.2154416000,10.6328040000,10.1061324000,10.1359440000,10.0365720000,43587160,454486515.3300,2,3.632400,1,0.990100,143.281048,2.115955,0.894854,22.965082,0
2024-04-15,sz.300115,10.1359440000,10.3744368000,9.7483932000,9.9471372000,10.1359440000,43008465,435053577.3200,2,3.584200,1,-1.862700,140.612088,2.076540,0.878185,22.537301,0
2024-04-16,sz.300115,9.8577024000,9.9272628000,9.2813448000,9.3310308000,9.9471372000,45346300,438391572.8400,2,3.779000,1,-6.193800,131.902847,1.947923,0.823792,21.141385,0
2024-04-17,sz.300115,9.5397120000,9.9073884000,9.5297748000,9.8875140000,9.3310308000,40067180,393860096.8000,2,3.339000,1,5.963800,139.769258,2.064093,0.872921,22.402213,0
2024-04-18,sz.300115,9.8378280000,10.2551904000,9.6788328000,10.0365720000,9.8875140000,39288705,395282528.4300,2,3.274200,1,1.507500,141.876332,2.095210,0.886081,22.739935,0
2024-04-19,sz.300115,9.9173256000,9.9173256000,9.5695236000,9.7384560000,10.0365720000,35392975,346377673.8700,2,2.949500,1,-2.970300,137.662184,2.032976,0.859762,22.064491,0
2024-04-22,sz.300115,9.5794608000,10.0166976000,9.3906540000,9.9570744000,9.7384560000,33082368,324792772.0900,2,2.757000,1,2.244900,140.752559,2.078614,0.879062,22.559816,0
2024-04-23,sz.300115,9.9769488000,9.9868860000,9.6390840000,9.7483932000,9.9570744000,37157408,364922618.5600,2,3.096100,1,-2.095800,24.798930,1.932528,0.806061,84.391278,0
2024-04-24,sz.300115,9.7682676000,9.9769488000,9.6390840000,9.8875140000,9.7483932000,43790205,435160076.7100,2,3.648800,1,1.427100,25.152839,1.960107,0.817565,85.595638,0
2024-04-25,sz.300115,9.9471372000,10.3545624000,9.7980792000,10.2651276000,9.8875140000,61546505,630108205.6500,2,5.128400,1,3.819100,26.113450,2.034966,0.848788,88.864618,0
2024-04-26,sz.300115,10.1458812000,10.4539344000,10.1359440000,10.3545624000,10.2651276000,57693075,598200065.0200,2,4.807300,1,0.871200,26.340963,2.052695,0.856183,89.638849,0
2024-04-29,sz.300115,10.4042484000,10.6824900000,10.3843740000,10.6029924000,10.3545624000,49881392,530550235.1900,2,4.156400,1,2.399200,26.972944,2.101944,0.876725,91.789494,0
2024-04-30,sz.300115,10.5135576000,10.6228668000,10.4340600000,10.5234948000,10.6029924000,34528016,365710170.0200,2,2.877000,1,-0.749800,26.770710,2.086185,0.870152,91.101287,0
2024-05-06,sz.300115,10.7818620000,11.0203548000,10.6824900000,10.9806060000,10.5234948000,55998593,614264107.7800,2,4.666100,1,4.343700,27.933555,2.176803,0.907949,95.058473,0
2024-05-07,sz.300115,10.9607316000,10.9905432000,10.7719248000,10.9110456000,10.9806060000,39324035,430166795.1900,2,3.276700,1,-0.633500,27.756601,2.163013,0.902197,94.456292,0
2024-05-08,sz.300115,10.8911712000,10.8911712000,10.4936832000,10.5234948000,10.9110456000,41300942,441388689.1200,2,3.441400,1,-3.551900,26.770710,2.086185,0.870152,91.101287,0
2024-05-09,sz.300115,10.5533064000,10.7123016000,10.5433692000,10.6328040000,10.5234948000,27475395,294251818.4500,2,2.289400,1,1.038700,27.048782,2.107854,0.879190,92.047571,0
2024-05-10,sz.300115,10.6328040000,10.6924272000,10.3744368000,10.4340600000,10.6328040000,23709062,249908517.8000,2,1.975600,1,-1.869200,26.543197,2.068455,0.862757,90.327056,0
2024-05-13,sz.300115,10.4340600000,10.6626156000,10.1657556000,10.4340600000,10.4340600000,25530078,269060942.0800,2,2.127300,1,0.000000,26.543197,2.068455,0.862757,90.327056,0
2024-05-14,sz.300115,10.5234948000,10.8216108000,10.4738088000,10.5632436000,10.4340600000,32935954,352135715.3200,2,2.744400,1,1.238100,26.871827,2.094064,0.873439,91.445391,0
2024-05-15,sz.300115,10.4539344000,10.7222388000,10.3148136000,10.3545624000,10.5632436000,28688686,303569208.0400,2,2.390500,1,-1.975500,26.340963,2.052695,0.856183,89.638849,0
2024-05-16,sz.300115,10.4638716000,10.7222388000,10.4638716000,10.6129296000,10.3545624000,36084234,384606310.7000,2,3.006700,1,2.495200,26.998224,2.103914,0.877547,91.875519,0
2024-05-17,sz.300115,10.5334320000,10.7123016000,10.4439972000,10.7023644000,10.6129296000,27323278,290546183.9400,2,2.276700,1,0.842700,27.225737,2.121644,0.884942,92.649751,0
2024-05-20,sz.300115,10.6328040000,10.7520504000,10.5533064000,10.6526784000,10.7023644000,27660155,296446426.6200,2,2.304800,1,-0.464300,27.099341,2.111794,0.880834,92.219622,0
2024-05-21,sz.300115,10.6626156000,10.9905432000,10.5533064000,10.8812340000,10.6526784000,50723316,551625951.6100,2,4.226500,1,2.145500,27.680763,2.157103,0.899732,94.198215,0
2024-05-22,sz.300115,10.8812340000,10.9806060000,10.7123016000,10.9209828000,10.8812340000,41497979,452664220.3400,2,3.457800,1,0.365300,27.781880,2.164983,0.903019,94.542318,0
2024-05-23,sz.300115,10.9209828000,10.9309200000,10.6129296000,10.6824900000,10.9209828000,36558895,394808941.7500,2,3.046300,1,-2.183800,27.175178,2.117704,0.883299,92.477700,0
2024-05-24,sz.300115,10.6824900000,10.7520504000,10.3446252000,10.3644996000,10.6824900000,36483368,385576453.2100,2,3.040000,1,-2.976700,26.366243,2.054665,0.857005,89.724875,0
2024-05-27,sz.300115,10.3843740000,10.5533064000,10.1756928000,10.5533064000,10.3644996000,28276035,294679942.9100,2,2.356100,1,1.821700,26.846548,2.092095,0.872617,91.359365,0
2024-05-28,sz.300115,10.4439972000,10.6328040000,10.3048764000,10.3346880000,10.5533064000,22100214,232163645.7300,2,1.841500,1,-2.071600,26.290405,2.048755,0.854540,89.466798,0
2024-05-29,sz.300115,10.3346880000,10.6228668000,10.2949392000,10.4241228000,10.3346880000,25296692,265859406.1900,2,2.107800,1,0.865400,26.517918,2.066485,0.861935,90.241030,0
2024-05-30,sz.300115,10.3446252000,11.2190988000,10.2253788000,10.9507944000,10.4241228000,76378121,836574202.8400,2,6.364200,1,5.052400,27.857718,2.170893,0.905484,94.800395,0
2024-05-31,sz.300115,11.0203548000,11.5867752000,10.9507944000,11.2091616000,10.9507944000,88850327,1011745984.5400,2,7.403400,1,2.359300,28.514978,2.222112,0.926847,97.037065,0
2024-06-03,sz.300115,11.2787220000,11.4178428000,10.9806060000,11.1396012000,11.2091616000,65654212,739142642.9000,2,5.470600,1,-0.620600,28.338023,2.208322,0.921096,96.434885,0
2024-06-04,sz.300115,11.0601036000,11.2190988000,10.8017364000,11.0700408000,11.1396012000,49848147,549892022.0000,2,4.153600,1,-0.624400,28.161068,2.194532,0.915344,95.832705,0
2024-06-05,sz.300115,11.0501664000,11.2389732000,10.9408572000,11.0004804000,11.0700408000,50532900,564119722.4600,2,4.210600,1,-0.628400,27.984114,2.180743,0.909592,95.230524,0
2024-06-06,sz.300115,11.1097896000,11.1694128000,10.6924272000,10.7917992000,11.0004804000,47781149,524989839.8600,2,3.981400,1,-1.897000,27.453250,2.139373,0.892337,93.423983,0
2024-06-07,sz.300115,10.9209828000,10.9806060000,10.4738088000,10.6029924000,10.7917992000,43026618,462169301.3400,2,3.585200,1,-1.749500,26.972944,2.101944,0.876725,91.789494,0
2024-06-11,sz.300115,10.4340600000,10.7619876000,10.1458812000,10.7421132000,10.6029924000,44351288,465538704.9300,2,3.695600,1,1.312100,27.326854,2.129524,0.888229,92.993854,0
2024-06-12,sz.300115,11.1296640000,11.5867752000,11.0501664000,11.0799780000,10.7421132000,88545443,1003929070.0600,2,7.377800,1,3.145200,28.187217,2.196570,0.916194,95.921690,0
2024-06-13,sz.300115,11.1495384000,11.3085336000,10.9607316000,11.0004804000,11.0799780000,55530260,621806816.0600,2,4.626900,1,-0.717500,27.984977,2.180810,0.909620,95.233462,0
2024-06-14,sz.300115,11.0104176000,11.2091616000,10.9110456000,11.1892872000,11.0004804000,59746129,667911758.4900,2,4.978200,1,1.716400,28.465297,2.218240,0.925233,96.868002,0
2024-06-17,sz.300115,11.0799780000,12.0935724000,11.0501664000,11.8749540000,11.1892872000,101739054,1196523120.8100,2,8.477100,1,6.127900,30.209619,2.354171,0.981930,102.803963,0
2024-06-18,sz.300115,11.8252680000,11.9147028000,11.5967124000,11.7755820000,11.8749540000,64154873,758130154.2000,2,5.345500,1,-0.836800,29.956818,2.334471,0.973713,101.943679,0
2024-06-19,sz.300115,11.8252680000,11.9147028000,11.5271520000,11.5867752000,11.7755820000,46713574,547246708.2400,2,3.892300,1,-1.603400,29.476498,2.297041,0.958100,100.309139,0
2024-06-20,sz.300115,11.5271520000,11.6762100000,11.2588476000,11.3184708000,11.5867752000,49325718,569233670.7800,2,4.109900,1,-2.315600,28.793938,2.243850,0.935915,97.986372,0
2024-06-21,sz.300115,11.2290360000,11.5669008000,11.1097896000,11.5172148000,11.3184708000,41055408,471479016.7400,2,3.420800,1,1.755900,29.299538,2.283251,0.952349,99.706940,0
2024-06-24,sz.300115,11.3780940000,11.7060216000,11.0104176000,11.1197268000,11.5172148000,53547988,612532177.6500,2,4.461700,1,-3.451300,28.288337,2.204450,0.919481,96.265803,0
2024-06-25,sz.300115,11.0302920000,11.1594756000,10.7222388000,10.8414852000,11.1197268000,43018458,473355269.7200,2,3.584400,1,-2.502200,30.966580,2.413160,1.006534,105.379920,0
2024-06-26,sz.300115,10.8911712000,11.4973404000,10.7123016000,11.3979684000,10.8414852000,46335715,519217449.0600,2,3.860800,1,5.132900,32.556066,2.537025,1.058198,110.788972,0
2024-06-27,sz.300115,11.3284080000,12.0041376000,11.2787220000,11.4874032000,11.3979684000,85201740,999141736.4200,2,7.099200,1,0.784700,32.811519,2.556932,1.066502,111.658284,0
2024-06-28,sz.300115,11.4277800000,12.0041376000,11.3383452000,11.9147028000,11.4874032000,87401377,1037902565.0300,2,7.282500,1,3.719700,34.032016,2.652043,1.106172,115.811663,0
2024-07-01,sz.300115,11.8749540000,11.8749540000,11.3880312000,11.6861472000,11.9147028000,63802771,745432311.4800,2,5.316200,1,-1.918300,33.379192,2.601170,1.084953,113.590088,0
2024-07-02,sz.300115,11.6861472000,11.8053936000,11.4377172000,11.5370892000,11.6861472000,42788291,498508248.3900,2,3.565200,1,-1.275500,32.953437,2.567991,1.071114,112.141235,0
2024-07-03,sz.300115,11.5370892000,11.7557076000,11.3085336000,11.5072776000,11.5370892000,41626283,481520121.4900,2,3.468400,1,-0.258400,32.868286,2.561356,1.068347,111.851464,0
2024-07-04,sz.300115,11.4377172000,12.0240120000,11.4079056000,11.5867752000,11.5072776000,64571943,761621186.8600,2,5.380300,1,0.690800,33.095355,2.579051,1.075727,112.624186,0
2024-07-05,sz.300115,11.5271520000,11.5967124000,11.1296640000,11.4476544000,11.5867752000,49174300,560536597.6800,2,4.097300,1,-1.200700,32.697984,2.548084,1.062811,111.271923,0
2024-07-08,sz.300115,11.3582196000,11.7457704000,11.3184708000,11.3681568000,11.4476544000,50275820,582175971.0000,2,4.189100,1,-0.694400,32.470915,2.530389,1.055431,110.499201,0
2024-07-09,sz.300115,11.3780940000,12.2625048000,11.3383452000,12.2227560000,11.3681568000,107447313,1286219878.0300,2,8.952800,1,7.517500,34.911910,2.720611,1.134772,118.805959,0
2024-07-10,sz.300115,12.1233840000,12.2724420000,11.9842632000,12.1233840000,12.2227560000,73930329,901814504.8300,2,6.160000,1,-0.813000,34.628073,2.698492,1.125547,117.840057,0
2024-07-11,sz.300115,12.4016256000,13.0773552000,12.2227560000,12.9183600000,12.1233840000,119619269,1525727856.0600,2,9.967000,1,6.557400,36.898767,2.875443,1.199353,125.567274,0
2024-07-12,sz.300115,12.6301812000,12.8587368000,12.4910604000,12.8189880000,12.9183600000,71628224,913383752.4500,2,5.968200,1,-0.769200,36.614930,2.853324,1.190127,124.601372,0
2024-07-15,sz.300115,12.6202440000,12.6202440000,12.0140748000,12.0935724000,12.8189880000,90998878,1116051945.9900,2,7.582200,1,-5.658900,34.542922,2.691857,1.122779,117.550286,0
2024-07-16,sz.300115,12.1730700000,13.3158480000,12.0935724000,13.0972296000,12.0935724000,126767975,1621024822.7700,2,10.562600,1,8.299100,37.409673,2.915256,1.215959,127.305898,0
2024-07-17,sz.300115,12.8686740000,12.9978576000,12.5009976000,12.5109348000,13.0972296000,80994655,1033138581.5200,2,6.748700,1,-4.476500,35.735036,2.784756,1.161527,121.607075,0
2024-07-18,sz.300115,12.1631328000,12.5606208000,11.8550796000,12.5506836000,12.5109348000,80052395,981993696.8100,2,6.670200,1,0.317700,35.848571,2.793603,1.165218,121.993436,0
2024-07-19,sz.300115,12.3022536000,12.7196160000,12.2028816000,12.3022536000,12.5506836000,65038886,813416966.9500,2,5.419200,1,-1.979400,35.138979,2.738306,1.142153,119.578681,0
2024-07-22,sz.300115,12.2525676000,12.6699300000,12.0935724000,12.6699300000,12.3022536000,59152840,737501075.5100,2,4.928800,1,2.988700,36.189175,2.820146,1.176288,123.152519,0
2024-07-23,sz.300115,12.6699300000,12.6699300000,12.1432584000,12.1531956000,12.6699300000,48548963,605005451.1500,2,4.045200,1,-4.078400,34.713224,2.705128,1.128314,118.129828,0
2024-07-24,sz.300115,12.1035096000,12.4711860000,12.0240120000,12.1830072000,12.1531956000,49200127,608430499.2000,2,4.099500,1,0.245300,34.798375,2.711764,1.131082,118.419598,0
2024-07-25,sz.300115,11.9345772000,12.0041376000,11.3582196000,11.5072776000,12.1830072000,61296136,717009852.0100,2,5.107300,1,-5.546500,32.868286,2.561356,1.068347,111.851464,0
2024-07-26,sz.300115,11.5271520000,11.8053936000,11.4675288000,11.5768380000,11.5072776000,38079909,445220175.9200,2,3.172900,1,0.604500,33.066972,2.576839,1.074805,112.527595,0
2024-07-29,sz.300115,11.4874032000,11.7060216000,11.2687848000,11.5072776000,11.5768380000,34489598,398481231.4800,2,2.873800,1,-0.600900,32.868286,2.561356,1.068347,111.851464,0
2024-07-30,sz.300115,11.3582196000,11.4575916000,11.0601036000,11.2985964000,11.5072776000,40442472,457340505.8000,2,3.369800,1,-1.813500,32.272229,2.514906,1.048973,109.823070,0
2024-07-31,sz.300115,11.2389732000,11.8848912000,11.1694128000,11.8352052000,11.2985964000,54228691,636623361.9300,2,4.518500,1,4.749300,33.804947,2.634348,1.098792,115.038941,0
2024-08-01,sz.300115,11.8451424000,11.9345772000,11.6960844000,11.7755820000,11.8352052000,38022427,451805256.5900,2,3.168100,1,-0.503800,33.634645,2.621076,1.093256,114.459400,0
2024-08-02,sz.300115,11.5669008000,11.8650168000,11.1992244000,11.2290360000,11.7755820000,45469639,524054248.6400,2,3.788600,1,-4.641400,32.073543,2.499423,1.042515,109.146938,0
2024-08-05,sz.300115,11.0104176000,11.1793500000,10.2055044000,10.2353160000,11.2290360000,67139560,719667307.5400,2,5.594200,1,-8.849600,29.235177,2.278235,0.950257,99.487917,0
2024-08-06,sz.300115,10.5036204000,10.5632436000,10.1558184000,10.3843740000,10.2353160000,37435682,389547697.0400,2,3.119200,1,1.456300,29.660932,2.311413,0.964095,100.936770,0
2024-08-07,sz.300115,10.3048764000,10.4340600000,10.1657556000,10.1955672000,10.3843740000,30902863,320231708.1000,2,2.574900,1,-1.818200,29.121642,2.269388,0.946566,99.101556,0
2024-08-08,sz.300115,10.0763208000,10.4439972000,9.9471372000,10.3744368000,10.1955672000,34534979,355972258.8000,2,2.877500,1,1.754400,29.632548,2.309202,0.963173,100.840180,0
2024-08-09,sz.300115,10.5036204000,10.5731808000,10.3446252000,10.3446252000,10.3744368000,27061701,284497801.0400,2,2.254800,1,-0.287400,29.547397,2.302566,0.960405,100.550409,0
2024-08-12,sz.300115,10.2651276000,10.4539344000,10.2353160000,10.2850020000,10.3446252000,18460497,191881228.3800,2,1.538200,1,-0.576400,29.377095,2.289295,0.954869,99.970868,0
2024-08-13,sz.300115,10.3247508000,10.6029924000,10.3148136000,10.5433692000,10.2850020000,26957180,283856618.2000,2,2.246100,1,2.512100,30.115070,2.346804,0.978857,102.482214,0
2024-08-14,sz.300115,10.6328040000,10.9309200000,10.4539344000,10.8315480000,10.5433692000,47971393,518217035.4800,2,3.997100,1,2.733300,30.938197,2.410948,1.005611,105.283330,0
2024-08-15,sz.300115,10.7520504000,11.0998524000,10.6526784000,10.7818620000,10.8315480000,43808814,478895129.3600,2,3.650300,1,-0.458700,30.796278,2.399889,1.000998,104.800379,0
2024-08-16,sz.300115,10.7917992000,11.0799780000,10.7818620000,10.8116736000,10.7818620000,37705316,414404417.2100,2,3.141700,1,0.276500,30.881429,2.406524,1.003766,105.090149,0
2024-08-19,sz.300115,10.7421132000,10.9110456000,10.6228668000,10.6526784000,10.8116736000,27712602,299710319.2200,2,2.309100,1,-1.470600,30.427291,2.371134,0.989005,103.544706,0
2024-08-20,sz.300115,10.6526784000,10.9011084000,10.5930552000,10.6824900000,10.6526784000,26636920,287590521.8000,2,2.219500,1,0.279900,30.512442,2.377770,0.991773,103.834477,0
2024-08-21,sz.300115,10.5731808000,10.9806060000,10.5234948000,10.8216108000,10.6824900000,33880693,369033297.3700,2,2.823000,1,1.302300,30.909813,2.408736,1.004689,105.186739,0
2024-08-22,sz.300115,10.7619876000,10.8216108000,10.4141856000,10.5632436000,10.8216108000,28425639,303176823.3300,2,2.368500,1,-2.387500,30.171838,2.351227,0.980702,102.675394,0
2024-08-23,sz.300115,10.5334320000,10.7818620000,10.4539344000,10.7123016000,10.5632436000,22877031,245016331.9700,2,1.906200,1,1.411100,30.597593,2.384405,0.994540,104.124247,0
2024-08-26,sz.300115,10.7023644000,10.9706688000,10.5831180000,10.9507944000,10.7123016000,31946880,348274487.4000,2,2.661900,1,2.226300,31.278801,2.437491,1.016682,106.442412,0
2024-08-27,sz.300115,11.0104176000,11.0104176000,10.5731808000,10.6029924000,10.9507944000,31659182,341961441.0900,2,2.637900,1,-3.176000,30.285372,2.360075,0.984392,103.061755,0
2024-08-28,sz.300115,10.5533064000,10.9408572000,10.5433692000,10.7818620000,10.6029924000,25419646,275207752.5200,2,2.118000,1,1.687000,30.796278,2.399889,1.000998,104.800379,0
2024-08-29,sz.300115,10.7123016000,11.3681568000,10.5731808000,11.3184708000,10.7818620000,56163606,626430324.9200,2,4.679700,1,4.977000,32.328996,2.519330,1.050818,110.016250,0
2024-08-30,sz.300115,11.3284080000,11.8848912000,11.2389732000,11.5967124000,11.3184708000,78726141,923911930.3100,2,6.559500,1,2.458300,24.241999,2.085450,1.017586,10.260439,0
2024-09-02,sz.300115,11.5569636000,11.6762100000,11.3284080000,11.3681568000,11.5967124000,46624842,540038790.4300,2,3.884800,1,-1.970900,23.764222,2.044349,0.997530,10.058220,0
2024-09-03,sz.300115,11.2389732000,11.5669008000,11.2389732000,11.4079056000,11.3681568000,28845320,331736503.4000,2,2.403400,1,0.349700,23.847314,2.051497,1.001018,10.093388,0
2024-09-04,sz.300115,11.2389732000,11.3383452000,11.0004804000,11.2190988000,11.4079056000,33763721,378965440.7900,2,2.813200,1,-1.655100,23.452628,2.017544,0.984451,9.926337,0
2024-09-05,sz.300115,11.1793500000,11.3979684000,11.1197268000,11.2389732000,11.2190988000,25499956,288883086.1800,2,2.124700,1,0.177100,23.494174,2.021118,0.986195,9.943922,0
2024-09-06,sz.300115,11.2091616000,11.2588476000,10.8315480000,10.8514224000,11.2389732000,28524053,314606655.2200,2,2.376600,1,-3.448300,22.684030,1.951424,0.952188,9.601028,0
2024-09-09,sz.300115,10.6924272000,10.8712968000,10.6029924000,10.7222388000,10.8514224000,18659685,200924255.7000,2,1.554700,1,-1.190500,22.413982,1.928193,0.940853,9.486730,0
2024-09-10,sz.300115,10.7222388000,10.8613596000,10.3346880000,10.7818620000,10.7222388000,25709820,273956946.0000,2,2.142200,1,0.556100,22.538620,1.938915,0.946084,9.539483,0
2024-09-11,sz.300115,10.6725528000,10.7123016000,10.4638716000,10.5632436000,10.7818620000,17835190,189989708.0200,2,1.486000,1,-2.027600,22.081615,1.899600,0.926901,9.346055,0
2024-09-12,sz.300115,10.6129296000,10.6924272000,10.3644996000,10.3744368000,10.5632436000,17905961,189649495.2300,2,1.491900,1,-1.787400,21.686930,1.865647,0.910334,9.179005,0
2024-09-13,sz.300115,10.3843740000,10.6328040000,10.3545624000,10.3843740000,10.3744368000,20578981,217243979.4500,2,1.714700,1,0.095800,21.707703,1.867434,0.911206,9.187797,0
2024-09-18,sz.300115,10.4340600000,10.4340600000,9.9670116000,10.1657556000,10.3843740000,18219847,185580041.2700,2,1.518100,1,-2.105300,21.250699,1.828120,0.892022,8.994369,0
2024-09-19,sz.300115,10.2353160000,10.4936832000,10.0961952000,10.3346880000,10.1657556000,19532930,202655166.2300,2,1.627500,1,1.661800,21.603838,1.858499,0.906846,9.143836,0
2024-09-20,sz.300115,10.3346880000,10.4738088000,10.2452532000,10.3843740000,10.3346880000,17893920,186482637.8000,2,1.490900,1,0.480800,21.707703,1.867434,0.911206,9.187797,0
2024-09-23,sz.300115,10.3943112000,10.5930552000,10.2154416000,10.3346880000,10.3843740000,18181600,190889614.0000,2,1.514900,1,-0.478500,21.603838,1.858499,0.906846,9.143836,0
2024-09-24,sz.300115,10.4141856000,10.7123016000,10.2452532000,10.7123016000,10.3346880000,32117592,339738737.9800,2,2.676100,1,3.653800,22.393209,1.926406,0.939981,9.477938,0
2024-09-25,sz.300115,10.7818620000,11.0799780000,10.6924272000,10.7421132000,10.7123016000,38406424,420552992.6500,2,3.200100,1,0.278300,22.455528,1.931767,0.942596,9.504314,0
2024-09-26,sz.300115,10.6924272000,11.0302920000,10.5930552000,11.0302920000,10.7421132000,38237387,416477850.7900,2,3.186000,1,2.682700,23.057943,1.983590,0.967884,9.759286,0
2024-09-27,sz.300115,11.1892872000,11.8451424000,11.0402292000,11.6563356000,11.0302920000,65200675,751522658.6900,2,5.432600,1,5.675700,24.366637,2.096172,1.022817,10.313192,0
2024-09-30,sz.300115,12.0538236000,13.7133360000,11.8848912000,13.6636500000,11.6563356000,105038054,1348457823.1800,2,8.751800,1,17.220800,28.562767,2.457150,1.198955,12.089206,0
2024-10-08,sz.300115,16.3765056000,16.3963800000,14.7070560000,16.3963800000,13.6636500000,134854615,2139389418.1800,2,11.236200,1,20.000000,34.275320,2.948580,1.438746,14.507047,0
2024-10-09,sz.300115,15.5914668000,15.7305876000,14.1108240000,14.2300704000,16.3963800000,113622745,1714846796.0900,2,9.467100,1,-13.212100,29.746823,2.559010,1.248657,12.590359,0
2024-10-10,sz.300115,14.2896936000,15.1343556000,14.1008868000,14.6076840000,14.2300704000,73371829,1082095109.1300,2,6.113400,1,2.653600,30.536194,2.626917,1.281792,12.924460,0
2024-10-11,sz.300115,14.3592540000,14.5778724000,13.4450316000,13.7530848000,14.6076840000,64588237,900211359.0500,2,5.381500,1,-5.850300,28.749723,2.473233,1.206803,12.168336,0
2024-10-14,sz.300115,13.7431476000,14.4586260000,13.5742152000,14.4486888000,13.7530848000,57419851,814130166.9500,2,4.784300,1,5.057800,30.203828,2.598325,1.267840,12.783786,0
2024-10-15,sz.300115,14.4089400000,14.8859256000,14.0512008000,14.2400076000,14.4486888000,59176636,865825147.9700,2,4.930600,1,-1.444300,29.767596,2.560797,1.249529,12.599151,0
2024-10-16,sz.300115,13.8325824000,14.2698192000,13.8127080000,13.9518288000,14.2400076000,39395569,555891051.1400,2,3.282500,1,-2.023700,29.165182,2.508974,1.224242,12.344179,0
2024-10-17,sz.300115,14.0611380000,14.6076840000,14.0611380000,14.1605100000,13.9518288000,53369990,769120447.4700,2,4.446800,1,1.495700,29.601413,2.546501,1.242553,12.528814,0
2024-10-18,sz.300115,14.0611380000,15.4920948000,13.9915776000,14.9554860000,14.1605100000,86156485,1281683349.8400,2,7.178600,1,5.614000,31.263247,2.689463,1.312311,13.232186,0
2024-10-21,sz.300115,15.2039160000,16.0585152000,15.0449208000,15.4125972000,14.9554860000,94470409,1476464667.2900,2,7.871300,1,3.056500,32.218801,2.771665,1.352421,13.636625,0
2024-10-22,sz.300115,15.2039160000,15.6312156000,14.9256744000,15.1343556000,15.4125972000,66781516,1020817769.9400,2,5.564300,1,-1.805300,31.637159,2.721629,1.328006,13.390444,0
2024-10-23,sz.300115,15.1343556000,15.3032880000,14.7964908000,14.9356116000,15.1343556000,49984659,756620129.6100,2,4.164800,1,-1.313200,31.221701,2.685889,1.310567,13.214601,0
2024-10-24,sz.300115,14.7169932000,14.9852976000,14.6374956000,14.8561140000,14.9356116000,31399785,468327705.4800,2,2.616300,1,-0.532300,31.055517,2.671592,1.303591,13.144264,0
2024-10-25,sz.300115,15.0449208000,15.5318436000,14.8859256000,15.5219064000,14.8561140000,61646627,941430960.5700,2,5.136400,1,4.481600,32.447303,2.791323,1.362013,13.733338,0
2024-10-28,sz.300115,16.5355008000,16.6944960000,15.5417808000,15.7703364000,15.5219064000,124696524,2006575245.6200,2,10.385700,1,1.600500,31.639693,2.771242,1.338981,-115.427694,0
2024-10-29,sz.300115,15.7802736000,16.2274476000,15.3529740000,15.7902108000,15.7703364000,102846755,1646238766.3100,2,8.565900,1,0.126000,31.679567,2.774735,1.340669,-115.573160,0
2024-10-30,sz.300115,15.9591432000,18.8608056000,15.8597712000,17.8074624000,15.7902108000,154977481,2711813970.4600,2,12.907700,1,12.775300,35.726736,3.129216,1.511943,-130.338014,0
2024-10-31,sz.300115,18.2546364000,18.4235688000,17.2609164000,17.8372740000,17.8074624000,130134453,2343250038.1500,2,10.838600,1,0.167400,35.786547,3.134455,1.514475,-130.556213,0
2024-11-01,sz.300115,17.8173996000,19.0893612000,17.5192836000,18.6421872000,17.8372740000,147818208,2743791494.9400,2,12.311400,1,4.512500,37.401427,3.275898,1.582816,-136.447608,0
2024-11-04,sz.300115,18.7614336000,19.7551536000,17.9664576000,19.4371632000,18.6421872000,145194232,2770795147.1000,2,12.092900,1,4.264400,38.996371,3.415595,1.650313,-142.266269,0
2024-11-05,sz.300115,19.0396752000,20.7985596000,18.8011824000,19.7849652000,19.4371632000,151486448,2990665130.4600,2,12.617000,1,1.789400,39.694158,3.476713,1.679843,-144.811934,0
2024-11-06,sz.300115,19.5762840000,19.7352792000,18.2943852000,18.5328780000,19.7849652000,143317826,2750992109.1800,2,11.936600,1,-6.328500,37.182122,3.256690,1.573535,-135.647542,0
2024-11-07,sz.300115,18.0658296000,18.4732548000,17.8472112000,18.4036944000,18.5328780000,83780586,1532610855.1800,2,6.977900,1,-0.697100,36.922944,3.233989,1.562567,-134.702010,0
2024-11-08,sz.300115,18.6819360000,19.5365352000,18.6322500000,18.8806800000,18.4036944000,102213888,1961970612.0300,2,8.513200,1,2.591800,37.879910,3.317807,1.603065,-138.193206,0
2024-11-11,sz.300115,18.8608056000,20.7190620000,18.5030664000,20.0930184000,18.8806800000,120169615,2368153107.1800,2,10.008700,1,6.421100,40.312199,3.530845,1.705999,-147.066665,0
2024-11-12,sz.300115,19.8744000000,19.9638348000,18.9800520000,19.1390472000,20.0930184000,93284316,1824562264.3100,2,7.769400,1,-4.747800,38.398267,3.363209,1.625002,-140.084271,0
2024-11-13,sz.300115,19.1489844000,19.2582936000,18.3142596000,18.8309940000,19.1390472000,63893335,1202433786.7900,2,5.321500,1,-1.609600,37.780226,3.309076,1.598846,-137.829540,0
2024-11-14,sz.300115,18.8309940000,18.8409312000,17.6782788000,17.7180276000,18.8309940000,66402857,1213555469.2600,2,5.530500,1,-5.910300,35.547305,3.113500,1.504350,-129.683414,0
2024-11-15,sz.300115,17.7080904000,18.2347620000,17.2807908000,17.3106024000,17.7180276000,61283387,1100509359.9500,2,5.104200,1,-2.299500,34.729897,3.041905,1.469758,-126.701350,0
2024-11-18,sz.300115,17.3205396000,17.4994092000,16.1181384000,16.3168824000,17.3106024000,67304814,1127999363.6800,2,5.605700,1,-5.740500,32.736217,2.867284,1.385386,-119.428024,0
2024-11-19,sz.300115,16.3268196000,17.0721096000,16.3268196000,17.0422980000,16.3168824000,50656488,851351229.0600,2,4.219100,1,4.445800,34.191603,2.994758,1.446977,-124.737552,0
2024-11-20,sz.300115,17.0124864000,17.5192836000,16.8733656000,17.3304768000,17.0422980000,51815389,901009594.4700,2,4.315600,1,1.691000,34.769770,3.045398,1.471445,-126.846817,0
2024-11-21,sz.300115,17.2907280000,17.2907280000,16.7739936000,17.0422980000,17.3304768000,45094093,772565871.6300,2,3.755800,1,-1.662800,34.191603,2.994758,1.446977,-124.737552,0
2024-11-22,sz.300115,17.0721096000,17.2708536000,16.2075732000,16.2671964000,17.0422980000,48585615,822385826.5600,2,4.046600,1,-4.548100,32.636533,2.858553,1.381167,-119.064357,0
2024-11-25,sz.300115,16.2572592000,16.4063172000,15.6113412000,16.0187664000,16.2671964000,42590745,681166213.8500,2,3.547300,1,-1.527200,32.138113,2.814897,1.360074,-117.246026,0
2024-11-26,sz.300115,15.9790176000,16.2075732000,15.7107132000,15.7405248000,16.0187664000,29072180,466473794.7300,2,2.421400,1,-1.737000,31.579883,2.766003,1.336450,-115.209494,0
2024-11-27,sz.300115,15.6709644000,16.3963800000,15.2237904000,16.3765056000,15.7405248000,50784129,809534973.7200,2,4.229700,1,4.040400,32.855838,2.877761,1.390448,-119.864423,0
2024-11-28,sz.300115,16.4460660000,16.4659404000,15.8995200000,15.9492060000,16.3765056000,40625204,661355756.8700,2,3.383600,1,-2.609200,31.998556,2.802674,1.354168,-116.736893,0
2024-11-29,sz.300115,15.9591432000,16.6448100000,15.9094572000,16.4957520000,15.9492060000,49555595,816058034.7900,2,4.127400,1,3.426800,33.095079,2.898716,1.400573,-120.737222,0
2024-12-02,sz.300115,16.5156264000,17.0820468000,16.5056892000,16.8137424000,16.4957520000,50926366,863108760.7000,2,4.241500,1,1.927700,33.733057,2.954595,1.427572,-123.064687,0
2024-12-03,sz.300115,16.7938680000,16.7938680000,16.3168824000,16.5951240000,16.8137424000,40779294,679389836.7400,2,3.396400,1,-1.300200,33.294447,2.916178,1.409010,-121.464555,0
2024-12-04,sz.300115,16.4957520000,16.5851868000,16.1181384000,16.2572592000,16.5951240000,33285357,547669352.8000,2,2.772300,1,-2.035900,32.616596,2.856807,1.380323,-118.991624,0
2024-12-05,sz.300115,16.1976360000,16.8833028000,16.1181384000,16.7739936000,16.2572592000,44875574,750441388.7000,2,3.737600,1,3.178500,33.653310,2.947610,1.424197,-122.773754,0
2024-12-06,sz.300115,17.0522352000,19.3278540000,16.9628004000,18.5825640000,16.7739936000,149638675,2709388542.4600,2,12.463100,1,10.782000,37.281806,3.265421,1.577753,-136.011208,0
2024-12-09,sz.300115,18.4434432000,19.8147768000,18.2943852000,18.9800520000,18.5825640000,133020849,2563539183.5600,2,11.079000,1,2.139000,38.079278,3.335269,1.611502,-138.920539,0
2024-12-10,sz.300115,19.8744000000,20.0731440000,18.4732548000,18.4931292000,18.9800520000,129324602,2486393964.4000,2,10.771200,1,-2.565400,37.102375,3.249705,1.570160,-135.356609,0
2024-12-11,sz.300115,18.2844480000,19.0496124000,18.2745108000,18.6024384000,18.4931292000,84051155,1587472666.4400,2,7.000400,1,0.591100,37.321680,3.268913,1.579441,-136.156675,0
2024-12-12,sz.300115,18.5825640000,18.7713708000,17.9962692000,18.2645736000,18.6024384000,69821042,1280747386.6100,2,5.815200,1,-1.816200,36.643829,3.209542,1.550755,-133.683744,0
2024-12-13,sz.300115,18.0857040000,18.1552644000,17.5093464000,17.5590324000,18.2645736000,58582426,1048271048.1700,2,4.879200,1,-3.862900,35.228316,3.085561,1.490850,-128.519682,0
2024-12-16,sz.300115,17.4000372000,17.5391580000,16.8733656000,17.0224236000,17.5590324000,44373661,766363027.6100,2,3.695800,1,-3.056000,34.151729,2.991265,1.445290,-124.592085,0
2024-12-17,sz.300115,17.0224236000,17.2807908000,16.7640564000,16.8236796000,17.0224236000,43380450,743969212.2500,2,3.613100,1,-1.167500,33.752994,2.956341,1.428415,-123.137420,0
2024-12-18,sz.300115,16.9131144000,17.1814188000,16.4957520000,17.0224236000,16.8236796000,35716288,609602213.7600,2,2.974700,1,1.181300,34.151729,2.991265,1.445290,-124.592085,0
2024-12-19,sz.300115,16.7044332000,17.3106024000,16.6547472000,17.1913560000,17.0224236000,44029147,755891132.3600,2,3.667100,1,0.992400,34.490655,3.020951,1.459633,-125.828551,0
2024-12-20,sz.300115,17.0422980000,17.4199116000,16.7938680000,17.1714816000,17.1913560000,64758405,1119575773.4900,2,5.378800,1,-0.115600,34.534889,3.024825,1.461505,-125.989924,0
2024-12-23,sz.300115,17.1615444000,17.2211676000,16.3665684000,16.4460660000,17.1714816000,52383940,880146934.9500,2,4.351000,1,-4.224500,33.075950,2.897040,1.399763,-120.667433,0
2024-12-24,sz.300115,16.3963800000,16.8534912000,16.3765056000,16.6448100000,16.4460660000,40177156,671429540.9100,2,3.337100,1,1.208500,33.475659,2.932050,1.416679,-122.125650,0
2024-12-25,sz.300115,16.3069452000,16.3665684000,15.3529740000,15.7405248000,16.6448100000,116014716,1831327442.7100,2,8.582300,1,-5.432800,31.656981,2.772756,1.339713,-115.490764,0
2024-12-26,sz.300115,15.7504620000,16.3466940000,15.5616552000,16.1181384000,15.7405248000,63938947,1033040190.9600,2,4.730000,1,2.399000,32.416429,2.839274,1.371852,-118.261376,0
2024-12-27,sz.300115,16.2274476000,17.0621724000,16.1082012000,16.5951240000,16.1181384000,87852470,1476831375.8400,2,6.499000,1,2.959300,33.375732,2.923297,1.412450,-121.761096,0
2024-12-30,sz.300115,16.6448100000,16.8634284000,16.0982640000,16.8634284000,16.5951240000,59437626,996269247.6400,2,4.397000,1,1.616800,33.915339,2.970560,1.435286,-123.729689,0
2024-12-31,sz.300115,16.8534912000,16.8534912000,16.0982640000,16.1380128000,16.8634284000,57481897,950540320.4500,2,4.252300,1,-4.301700,32.456400,2.842775,1.373544,-118.407197,0
2025-01-02,sz.300115,16.1280756000,16.3864428000,15.4225344000,15.7007760000,16.1380128000,54985954,881724767.5600,2,4.067700,1,-2.709400,31.577039,2.765754,1.336330,-115.199121,0
2025-01-03,sz.300115,15.7305876000,16.7640564000,15.6014040000,16.0883268000,15.7007760000,88024044,1433449271.4800,2,6.511700,1,2.468400,32.356473,2.834023,1.369315,-118.042643,0
2025-01-06,sz.300115,16.1976360000,16.3168824000,15.4622832000,15.6908388000,16.0883268000,68667502,1088931423.8100,2,5.079800,1,-2.470700,31.557054,2.764004,1.335484,-115.126210,0
2025-01-07,sz.300115,15.5517180000,16.5553752000,15.5020320000,16.5255636000,15.6908388000,84797400,1384887775.6400,2,6.273000,1,5.319800,33.235833,2.911044,1.406529,-121.250720,0
2025-01-08,sz.300115,16.3963800000,16.7739936000,15.7206504000,16.6249356000,16.5255636000,86157135,1408828778.9500,2,6.373600,1,0.601300,33.435688,2.928549,1.414987,-121.979828,0
2025-01-09,sz.300115,16.4758776000,17.5490952000,16.4758776000,17.4795348000,16.6249356000,127728317,2204395871.0800,2,9.448900,1,5.140500,35.154438,3.079090,1.487724,-128.250160,0
2025-01-10,sz.300115,17.1913560000,18.3241968000,17.0522352000,17.2311048000,17.4795348000,134310945,2370394898.2800,2,9.935800,1,-1.421300,34.654802,3.035328,1.466580,-126.427389,0
2025-01-13,sz.300115,16.8435540000,17.9863320000,16.7441820000,17.6087184000,17.2311048000,100607922,1776914436.8100,2,7.442600,1,2.191500,35.414249,3.101846,1.498719,-129.198001,0
2025-01-14,sz.300115,17.5789068000,18.6620616000,17.3006652000,18.5328780000,17.6087184000,137451901,2504909476.2800,2,10.168200,1,5.248300,37.272898,3.264641,1.577376,-135.978709,0
2025-01-15,sz.300115,18.2446992000,18.4136316000,17.8968972000,18.0062064000,18.5328780000,92439847,1682047958.5100,2,6.838400,1,-2.841800,36.213668,3.171865,1.532550,-132.114435,0
2025-01-16,sz.300115,18.1850760000,18.3540084000,17.3106024000,17.5093464000,18.0062064000,101088003,1808606989.1100,2,7.478100,1,-2.759400,35.214395,3.084341,1.490261,-128.468893,0
2025-01-17,sz.300115,17.4894720000,17.8571484000,17.3901000000,17.5689696000,17.5093464000,66593972,1182684498.4400,2,4.926400,1,0.340500,35.334307,3.094844,1.495336,-128.906358,0
2025-01-20,sz.300115,17.7776508000,18.3738828000,17.7776508000,18.0857040000,17.5689696000,90603762,1649988236.9700,2,6.702500,1,2.941200,36.373552,3.185869,1.539316,-132.697721,0
2025-01-21,sz.300115,18.3540084000,19.3576656000,18.1055784000,19.0893612000,18.0857040000,159858574,3033965718.8100,2,11.825700,1,5.549500,38.392084,3.362667,1.624740,-140.061716,0
2025-01-22,sz.300115,19.3278540000,19.8346512000,18.6322500000,18.9899892000,19.0893612000,191573146,3708797942.3200,2,14.171900,1,-0.520600,38.192229,3.345162,1.616282,-139.332607,0
2025-01-23,sz.300115,19.3974144000,19.5067236000,18.4633176000,18.4633176000,18.9899892000,134976511,2569818931.8500,2,9.985100,1,-2.773400,37.133000,3.252387,1.571456,-135.468333,0
2025-01-24,sz.300115,18.2347620000,19.4272260000,18.1850760000,19.3676028000,18.4633176000,143501891,2744760795.1600,2,10.615700,1,4.897700,38.951677,3.411681,1.648422,-142.103219,0
2025-01-27,sz.300115,19.6557816000,19.6557816000,18.5030664000,18.5030664000,19.3676028000,94045414,1787388305.1900,2,6.957100,1,-4.463800,37.212941,3.259389,1.574839,-135.759976,0
2025-02-05,sz.300115,18.9303660000,20.1327672000,18.9303660000,20.0731440000,18.5030664000,166890153,3298229113.0000,2,12.345900,1,8.485500,40.370645,3.535965,1.708472,-147.279889,0
2025-02-06,sz.300115,19.8545256000,22.4381976000,19.6756560000,21.7823424000,20.0731440000,223747669,4832249790.9600,2,16.552000,1,8.514900,43.808146,3.837047,1.853946,-159.820552,0
2025-02-07,sz.300115,21.7823424000,22.6468788000,21.5835984000,22.1500188000,21.7823424000,253585027,5640598206.2700,2,18.759300,1,1.688000,44.547608,3.901814,1.885240,-162.518253,0
2025-02-10,sz.300115,22.2593280000,22.4481348000,21.5239752000,22.0804584000,22.1500188000,167127381,3691031419.7300,2,12.363500,1,-0.314000,44.407710,3.889561,1.879319,-162.007877,0
2025-02-11,sz.300115,21.9512748000,23.0145552000,21.8717772000,22.5475068000,22.0804584000,179334380,4067652692.2200,2,13.266500,1,2.115200,45.347027,3.971833,1.919071,-165.434687,0
2025-02-12,sz.300115,22.1897676000,22.6766904000,21.5736612000,22.4282604000,22.5475068000,141259473,3154450675.8200,2,10.449900,1,-0.528900,45.107201,3.950828,1.908922,-164.559757,0
2025-02-13,sz.300115,22.4680092000,22.6568160000,21.3053568000,21.5537868000,22.4282604000,132776763,2911554726.2400,2,9.822300,1,-3.899000,43.348480,3.796786,1.834493,-158.143603,0
2025-02-14,sz.300115,21.4345404000,21.9115260000,21.1861104000,21.4246032000,21.5537868000,96867305,2095096304.8300,2,7.165900,1,-0.599400,43.088669,3.774029,1.823498,-157.195762,0
2025-02-17,sz.300115,21.3749172000,24.1970820000,21.1463616000,24.0480240000,21.4246032000,215623595,4894250900.6700,2,15.951000,1,12.244900,48.364833,4.236156,2.046783,-176.444223,0
2025-02-18,sz.300115,23.6008500000,23.8393428000,22.8356856000,23.0344296000,24.0480240000,160941259,3756722850.6600,2,11.905800,1,-4.214900,46.326315,4.057607,1.960514,-169.007318,0
2025-02-19,sz.300115,22.8654972000,24.7436280000,22.8654972000,24.2070192000,23.0344296000,190761373,4650112613.0800,2,14.111800,1,5.090600,48.684600,4.264163,2.060316,-177.610796,0
2025-02-20,sz.300115,24.3163284000,27.8142228000,23.9784636000,26.3335800000,24.2070192000,247441409,6323256175.3800,2,18.304800,1,8.784900,52.961490,4.638765,2.241312,-193.213715,0
2025-02-21,sz.300115,26.6316960000,30.8053200000,26.3335800000,27.6353532000,26.3335800000,323910713,9226579022.1700,2,23.961700,1,4.943400,55.579587,4.868078,2.352109,-202.765035,0
2025-02-24,sz.300115,27.8241600000,28.9371264000,27.2378652000,27.5061696000,27.6353532000,220300025,6171732231.6300,2,16.297000,1,-0.467500,55.319776,4.845322,2.341114,-201.817194,0
2025-02-25,sz.300115,26.9596236000,28.1520876000,26.8403772000,27.1384932000,27.5061696000,172286891,4762039220.8700,2,12.745100,1,-1.336700,54.580313,4.780554,2.309820,-199.119493,0
2025-02-26,sz.300115,27.0987444000,28.6986336000,26.2143336000,27.9235320000,27.1384932000,208842374,5815779789.7400,2,15.449400,1,2.892700,56.159165,4.918842,2.376637,-204.879449,0
2025-02-27,sz.300115,27.3968604000,27.5260440000,25.9460292000,26.7410052000,27.9235320000,168769837,4538861120.1100,2,12.485000,1,-4.234900,53.780894,4.710535,2.275989,-196.203059,0
2025-02-28,sz.300115,26.7211308000,27.0987444000,24.9026232000,25.0715556000,26.7410052000,140428019,3642422665.3900,2,10.388300,1,-6.243000,44.493919,4.416455,2.021840,-183.954039,0
2025-03-03,sz.300115,25.7770968000,26.5820100000,25.2206136000,25.7075364000,25.0715556000,121742107,3168719701.3600,2,9.006000,1,2.536700,45.622579,4.528485,2.073128,-188.620332,0
2025-03-04,sz.300115,25.6975992000,28.1024016000,25.6975992000,27.8241600000,25.7075364000,209189123,5751850208.3100,2,15.475000,1,8.233500,49.378903,4.901337,2.243818,-204.150341,0
2025-03-05,sz.300115,27.3273000000,28.2017736000,27.2279280000,27.7844112000,27.8241600000,146966480,4097548225.7100,2,10.872000,1,-0.142900,49.308362,4.894335,2.240613,-203.858697,0
2025-03-06,sz.300115,28.2713340000,30.9046920000,27.4366092000,29.4836724000,27.7844112000,226239269,6568857783.0900,2,16.736300,1,6.115900,52.324002,5.193667,2.377646,-216.326450,0
2025-03-07,sz.300115,28.9768752000,30.6761364000,28.4700780000,28.7383824000,29.4836724000,167377112,4937967726.6200,2,12.381900,1,-2.527800,51.001353,5.062381,2.317544,-210.858137,0
2025-03-10,sz.300115,28.7383824000,29.2551168000,27.9732180000,28.0030296000,28.7383824000,110674179,3168223947.2400,2,8.187300,1,-2.558800,49.696339,4.932846,2.258243,-205.462736,0
2025-03-11,sz.300115,27.1285560000,27.9831552000,27.1285560000,27.6154788000,28.0030296000,93585443,2586523070.5100,2,6.923100,1,-1.384000,49.008561,4.864577,2.226989,-202.619213,0
2025-03-12,sz.300115,27.7744740000,27.9135948000,27.0291840000,27.0291840000,27.6154788000,91179504,2523650031.9700,2,6.745100,1,-2.123100,47.968077,4.761299,2.179709,-198.317474,0
2025-03-13,sz.300115,26.8503144000,26.9397492000,25.5386040000,25.8466572000,27.0291840000,118352278,3096023960.2900,2,8.755300,1,-4.375000,45.869474,4.552992,2.084347,-189.641084,0
2025-03-14,sz.300115,25.6876620000,27.6055416000,25.5684156000,27.3074256000,25.8466572000,124982810,3357828274.5400,2,9.245800,1,5.651700,48.461866,4.810312,2.202147,-200.358977,0
2025-03-17,sz.300115,27.8042856000,28.7781312000,27.2478024000,28.7185080000,27.3074256000,140660483,3974040187.4300,2,10.405500,1,5.167400,50.966082,5.058880,2.315941,-210.712316,0
2025-03-18,sz.300115,28.4402664000,28.7582568000,28.1322132000,28.6787592000,28.7185080000,96730870,2769037783.1400,2,7.155800,1,-0.138400,50.895541,5.051878,2.312735,-210.420672,0
2025-03-19,sz.300115,28.5197640000,29.0464356000,27.7247880000,28.2117108000,28.6787592000,97606015,2785888960.5000,2,7.220500,1,-1.628600,50.066681,4.969606,2.275071,-206.993863,0
2025-03-20,sz.300115,27.8639088000,28.7681940000,27.7347252000,27.9334692000,28.2117108000,86173693,2450260594.2500,2,6.374800,1,-0.986300,49.572892,4.920592,2.252633,-204.952360,0
2025-03-21,sz.300115,27.7744740000,27.7744740000,26.4329520000,26.4329520000,27.9334692000,94475464,2550541450.8800,2,6.988900,1,-5.371800,46.909958,4.656270,2.131627,-193.942823,0
2025-03-24,sz.300115,26.5422612000,27.1881792000,25.9957152000,26.9894352000,26.4329520000,85651302,2294987336.0000,2,6.336200,1,2.105300,47.897536,4.754297,2.176504,-198.025830,0
2025-03-25,sz.300115,26.9198748000,27.0192468000,24.9026232000,25.0814928000,26.9894352000,100458219,2609448433.1100,2,7.431500,1,-7.069200,44.511554,4.418205,2.022642,-184.026950,0
2025-03-26,sz.300115,24.8430000000,26.1646476000,24.8430000000,25.4690436000,25.0814928000,74096605,1913561332.6900,2,5.481400,1,1.545200,45.199332,4.486474,2.053895,-186.870472,0
2025-03-27,sz.300115,25.3398600000,26.0056524000,25.1411160000,25.3001112000,25.4690436000,56084200,1442297435.6100,2,4.148900,1,-0.663300,44.899531,4.456716,2.040272,-185.630988,0
2025-03-28,sz.300115,25.1411160000,25.4988552000,24.7436280000,25.0218696000,25.3001112000,48116875,1213619693.8300,2,3.559500,1,-1.099800,44.405742,4.407702,2.017834,-183.589485,0
2025-03-31,sz.300115,24.5250096000,24.9125604000,23.8492800000,24.7833768000,25.0218696000,66176819,1620697386.0300,2,4.895500,1,-0.953100,43.982494,4.365691,1.998601,-181.839625,0
2025-04-01,sz.300115,25.0914300000,25.2305508000,24.3063912000,24.3362028000,24.7833768000,46580357,1156274879.6700,2,3.445800,1,-1.804300,43.188905,4.286919,1.962539,-178.558637,0
2025-04-02,sz.300115,24.4355748000,25.1411160000,24.4355748000,24.8529372000,24.3362028000,57090516,1426650673.4800,2,4.223300,1,2.123300,44.105942,4.377944,2.004210,-182.350001,0
2025-04-03,sz.300115,24.1573332000,24.5349468000,23.1238644000,23.1636132000,24.8529372000,104241799,2486187837.2800,2,7.711400,1,-6.797300,41.107937,4.080363,1.867979,-169.955158,0
2025-04-07,sz.300115,19.8644628000,20.8084968000,18.5328780000,18.5328780000,23.1636132000,116929938,2299818969.3300,2,8.650000,1,-19.991400,32.889877,3.264641,1.494543,-135.978709,0
2025-04-08,sz.300115,18.6322500000,19.8048396000,18.2745108000,18.8707428000,18.5328780000,102792748,1961816767.7500,2,7.604200,1,1.823100,33.489477,3.324157,1.521789,-138.457677,0
2025-04-09,sz.300115,18.2844480000,19.7054676000,17.0224236000,19.3974144000,18.8707428000,107865926,2025678292.8800,2,7.979500,1,2.790900,34.424150,3.416932,1.564262,-142.321952,0
2025-04-10,sz.300115,20.6693760000,21.3947916000,20.2122648000,20.2520136000,19.3974144000,126502511,2643220703.8100,2,9.358200,1,4.405700,35.940787,3.567473,1.633179,-148.592284,0
2025-04-11,sz.300115,20.2222020000,21.2357964000,19.8147768000,20.6991876000,20.2520136000,104145205,2148272576.2300,2,7.704300,1,2.208000,36.734377,3.646245,1.669240,-151.873271,0
2025-04-14,sz.300115,22.1003328000,22.1400816000,20.8084968000,20.9973036000,20.6991876000,112406920,2418554816.0200,2,8.315400,1,1.440200,37.263436,3.698759,1.693281,-154.060596,0
2025-04-15,sz.300115,21.2457336000,21.2854824000,20.5103808000,20.8681200000,20.9973036000,58889687,1233591625.7300,2,4.356400,1,-0.615200,37.034177,3.676003,1.682864,-153.112755,0
2025-04-16,sz.300115,20.7190620000,20.8184340000,19.9538976000,20.2619508000,20.8681200000,57162363,1169515829.5700,2,4.228700,1,-2.904800,35.958423,3.569224,1.633980,-148.665194,0
2025-04-17,sz.300115,20.1725160000,20.5401924000,20.0930184000,20.1427044000,20.2619508000,45190464,924274062.1800,2,3.343000,1,-0.588500,35.746799,3.548218,1.624364,-147.790264,0
2025-04-18,sz.300115,20.3811972000,20.8084968000,20.1923904000,20.3911344000,20.1427044000,61364498,1265952529.5500,2,4.538500,1,1.233300,36.065504,3.491008,1.643164,-146.213650,0
2025-04-21,sz.300115,20.3315112000,21.1861104000,20.0333952000,21.0469896000,20.3911344000,68015556,1418216576.6300,2,5.030400,1,3.216400,37.225506,3.603292,1.696015,-150.916428,0
2025-04-22,sz.300115,20.8681200000,20.9376804000,20.4209460000,20.4507576000,21.0469896000,52594438,1090282174.1100,2,3.889800,1,-2.832900,36.170959,3.501216,1.647969,-146.641175,0
2025-04-23,sz.300115,21.0469896000,21.9314004000,20.8184340000,21.5537868000,20.4507576000,124464601,2680248135.6500,2,9.205300,1,5.393600,38.121871,3.690057,1.736854,-154.550393,0
2025-04-24,sz.300115,21.5835984000,21.8618400000,20.9774292000,21.1364244000,21.5537868000,83281179,1792755839.7200,2,6.159400,1,-1.936400,37.383688,3.618603,1.703222,-151.557716,0
2025-04-25,sz.300115,21.2755452000,21.5438496000,20.9575548000,21.2954196000,21.1364244000,69337724,1485503936.9100,2,5.128100,1,0.752200,37.664901,3.645824,1.716034,-152.697783,0
2025-04-28,sz.300115,21.2258592000,21.2457336000,20.7886224000,20.9476176000,21.2954196000,44009744,928278177.0100,2,3.254900,1,-1.633200,37.049748,3.586279,1.688007,-150.203886,0
2025-04-29,sz.300115,20.3513856000,20.7687480000,19.4769120000,20.6296272000,20.9476176000,71892777,1472236178.1800,2,5.317100,1,-1.518000,44.179511,3.460316,1.618865,109.638533,0
2025-04-30,sz.300115,20.6495016000,21.5339124000,20.4308832000,21.3848544000,20.6296272000,71894264,1536609161.9000,2,5.317200,1,3.660900,45.796873,3.586994,1.678130,113.652276,0
2025-05-06,sz.300115,21.6332844000,21.9413376000,21.4643520000,21.9314004000,21.3848544000,79110892,1731061573.4200,2,5.851000,1,2.555800,46.967332,3.678669,1.721019,116.556957,0
2025-05-07,sz.300115,22.2990768000,22.5077580000,21.3252312000,21.6432216000,21.9314004000,75508615,1657697267.2200,2,5.584500,1,-1.314000,46.350181,3.630332,1.698405,115.025398,0
2025-05-08,sz.300115,21.5438496000,22.2593280000,21.4643520000,21.9214632000,21.6432216000,62518427,1379690667.0600,2,4.623800,1,1.285600,46.946051,3.677003,1.720240,116.504145,0
2025-05-09,sz.300115,21.8419656000,21.8817144000,20.9973036000,21.1861104000,21.9214632000,56982582,1220239174.4200,2,4.214400,1,-3.354500,45.371251,3.553658,1.662534,112.596028,0
2025-05-12,sz.300115,21.8419656000,22.7065020000,21.8419656000,22.6766904000,21.1861104000,120860921,2712491655.1000,2,8.938700,1,7.035600,48.563413,3.803681,1.779504,120.517887,0
2025-05-13,sz.300115,23.2530480000,23.3524200000,22.3587000000,22.4183232000,22.6766904000,98087160,2245764558.3100,2,7.254400,1,-1.139400,48.010105,3.760344,1.759230,119.144765,0
2025-05-14,sz.300115,22.4282604000,22.5574440000,22.0108980000,22.2394536000,22.4183232000,63346579,1418716971.8400,2,4.685000,1,-0.797900,47.627045,3.730341,1.745193,118.194142,0
2025-05-15,sz.300115,22.2394536000,22.2593280000,21.4842264000,21.5537868000,22.2394536000,46121695,1006434308.4400,2,3.411100,1,-3.083100,46.158651,3.615330,1.691387,114.550086,0
2025-05-16,sz.300115,21.4842264000,21.9314004000,21.4246032000,21.6233472000,21.5537868000,41872689,916079190.5100,2,3.096900,1,0.322700,46.307619,3.626998,1.696846,114.919773,0
2025-05-19,sz.300115,21.5438496000,21.5537868000,20.8184340000,21.2755452000,21.6233472000,43476894,923736168.2300,2,3.215500,1,-1.608500,45.562781,3.568659,1.669552,113.071339,0
2025-05-20,sz.300115,21.1861104000,21.5239752000,20.9476176000,21.3053568000,21.2755452000,30578238,655253469.7200,2,2.261500,1,0.140100,45.627740,3.573747,1.671933,113.232546,0
2025-05-21,sz.300115,21.1066128000,21.6134100000,20.6991876000,21.3947916000,21.3053568000,53917098,1145731882.3000,2,3.987600,1,0.419800,45.819275,3.588749,1.678951,113.707869,0
2025-05-22,sz.300115,21.1662360000,21.7624680000,21.0469896000,21.2656080000,21.3947916000,42010259,907158050.4200,2,3.107000,1,-0.603800,45.542614,3.567080,1.668814,113.021291,0
2025-05-23,sz.300115,21.1662360000,21.4444776000,20.3613228000,20.4010716000,21.2656080000,52825225,1108341252.5200,2,3.906800,1,-4.065400,43.691115,3.422063,1.600969,108.426500,0
2025-05-26,sz.300115,20.1228300000,20.6495016000,20.0731440000,20.5700040000,20.4010716000,34355406,706489542.5000,2,2.540800,1,0.828100,44.052902,3.450400,1.614226,109.324333,0
2025-05-27,sz.300115,20.6600000000,20.7000000000,20.0900000000,20.1300000000,20.5700000000,28783553,583063112.6100,2,2.128700,1,-2.139000,42.839851,3.355389,1.569776,106.313953,0
2025-05-28,sz.300115,20.2200000000,20.5000000000,19.8900000000,20.0700000000,20.1300000000,28839329,581286992.4600,2,2.132900,1,-0.298100,42.712162,3.345388,1.565098,105.997071,0
2025-05-29,sz.300115,20.2000000000,20.7400000000,20.1300000000,20.6300000000,20.0700000000,39340804,809104566.7800,2,2.909500,1,2.790200,43.903931,3.438732,1.608767,108.954637,0
2025-05-30,sz.300115,20.4200000000,20.4200000000,20.0200000000,20.1500000000,20.6300000000,30652508,617801198.8100,2,2.267000,1,-2.326700,42.882414,3.358722,1.571336,106.419580,0
2025-06-03,sz.300115,20.0000000000,20.2900000000,19.9300000000,20.1400000000,20.1500000000,24356520,491173900.4800,2,1.801300,1,-0.049600,42.861133,3.357056,1.570556,106.366767,0
2025-06-04,sz.300115,20.2600000000,20.6000000000,20.1500000000,20.4600000000,20.1400000000,30269247,618928315.4800,2,2.238600,1,1.588900,43.542144,3.410395,1.595510,108.056805,0
2025-06-05,sz.300115,20.4600000000,21.4300000000,20.4000000000,21.2200000000,20.4600000000,60268866,1265616104.7400,2,4.457300,1,3.714600,45.159545,3.537076,1.654777,112.070645,0
2025-06-06,sz.300115,21.2300000000,21.2500000000,20.7200000000,20.9000000000,21.2200000000,37440802,782268504.1700,2,2.769000,1,-1.508000,44.478534,3.483737,1.629823,110.380607,0
2025-06-09,sz.300115,20.9900000000,21.3000000000,20.9300000000,20.9700000000,20.9000000000,35539395,749598030.8800,2,2.628400,1,0.334900,44.627505,3.495405,1.635281,110.750303,0
2025-06-10,sz.300115,20.9800000000,21.1500000000,20.5100000000,20.8000000000,20.9700000000,38739294,807886380.5000,2,2.865000,1,-0.810700,44.265718,3.467068,1.622024,109.852470,0
2025-06-11,sz.300115,20.7700000000,21.2700000000,20.7700000000,20.8200000000,20.8000000000,35266347,741184563.0000,2,2.608200,1,0.096200,44.308281,3.470402,1.623584,109.958097,0
2025-06-12,sz.300115,20.7600000000,21.1300000000,20.7000000000,20.9500000000,20.8200000000,38624286,810335955.8000,2,2.856500,1,0.624400,44.584942,3.492071,1.633722,110.644675,0
2025-06-13,sz.300115,20.7700000000,21.2800000000,20.4200000000,21.1800000000,20.9500000000,99349182,2079110077.9800,2,7.347600,1,1.097900,45.074419,3.530409,1.651657,111.859390,0
2025-06-16,sz.300115,21.0000000000,21.5600000000,20.7500000000,21.3000000000,21.1800000000,53801757,1143635192.6400,2,3.979000,1,0.566600,45.329798,3.550411,1.661015,112.493154,0
2025-06-17,sz.300115,21.3600000000,21.6200000000,21.0100000000,21.2200000000,21.3000000000,42355381,900528412.3300,2,3.132500,1,-0.375600,45.159545,3.537076,1.654777,112.070645,0
2025-06-18,sz.300115,21.0200000000,21.1600000000,20.7600000000,21.0800000000,21.2200000000,34972932,732849949.7700,2,2.586500,1,-0.659800,44.861603,3.513740,1.643859,111.331253,0
2025-06-19,sz.300115,20.9300000000,21.1400000000,20.2600000000,20.3600000000,21.0800000000,41698443,861124184.0500,2,3.083900,1,-3.415600,43.329328,3.393726,1.587712,107.528668,0
2025-06-20,sz.300115,20.3000000000,20.4700000000,20.0000000000,20.0100000000,20.3600000000,29529160,594703103.0700,2,2.183900,1,-1.719100,42.584472,3.335386,1.560419,105.680189,0
2025-06-23,sz.300115,19.7000000000,20.2200000000,19.6300000000,20.1400000000,20.0100000000,24199923,484746787.5800,2,1.786800,1,0.649700,42.930929,3.362522,1.573114,106.539976,0
2025-06-24,sz.300115,20.1700000000,20.9700000000,20.1700000000,20.8800000000,20.1400000000,44096190,916391508.9600,2,3.255900,1,3.674300,44.508331,3.486071,1.630914,110.454553,0
2025-06-25,sz.300115,21.0000000000,21.2000000000,20.7700000000,21.1800000000,20.8800000000,41883630,879629023.3400,2,3.092500,1,1.436800,45.147819,3.536158,1.654347,112.041544,0
2025-06-26,sz.300115,21.1500000000,21.2700000000,20.7600000000,20.7900000000,21.1800000000,38398902,806776985.0700,2,2.835200,1,-1.841400,44.316485,3.471045,1.623885,109.978456,0
2025-06-27,sz.300115,20.9500000000,21.2800000000,20.7300000000,21.0600000000,20.7900000000,42862410,904105518.9600,2,3.164800,1,1.298700,44.892024,3.516123,1.644974,111.406747,0
2025-06-30,sz.300115,21.2900000000,21.6900000000,21.0200000000,21.4000000000,21.0600000000,62158295,1324492176.7700,2,4.589600,1,1.614400,45.616776,3.572889,1.671531,113.205337,0
2025-07-01,sz.300115,21.1500000000,21.3200000000,20.9000000000,21.2000000000,21.4000000000,41202753,870120866.1000,2,3.042300,1,-0.934600,45.190451,3.539497,1.655909,112.147343,0
2025-07-02,sz.300115,21.0700000000,21.1700000000,20.4500000000,20.5800000000,21.2000000000,37131577,769284427.1800,2,2.741700,1,-2.924500,43.868844,3.435983,1.607482,108.867562,0
2025-07-03,sz.300115,20.5800000000,21.6500000000,20.5800000000,21.4700000000,20.5800000000,86545064,1847087964.5700,2,6.390200,1,4.324600,45.765990,3.584576,1.676999,113.575635,0
2025-07-04,sz.300115,21.4300000000,21.4700000000,20.9100000000,20.9600000000,21.4700000000,49014213,1033559105.3000,2,3.619000,1,-2.375400,44.678861,3.499427,1.637163,110.877750,0
2025-07-07,sz.300115,20.9200000000,20.9500000000,20.4100000000,20.4700000000,20.9600000000,39958950,821055616.4500,2,2.950400,1,-2.337800,43.634365,3.417618,1.598890,108.285666,0
2025-07-08,sz.300115,20.4500000000,21.0800000000,20.4500000000,20.8800000000,20.4700000000,42507091,886578679.4700,2,3.138600,1,2.002900,44.508331,3.486071,1.630914,110.454553,0
2025-07-09,sz.300115,21.2000000000,21.4600000000,20.6300000000,20.6500000000,20.8800000000,41535935,872905136.5700,2,3.066900,1,-1.101500,44.018057,3.447670,1.612949,109.237860,0
2025-07-10,sz.300115,20.6000000000,20.7700000000,20.3500000000,20.5100000000,20.6500000000,32875239,674397099.0800,2,2.427400,1,-0.678000,43.719630,3.424296,1.602014,108.497264,0
2025-07-11,sz.300115,20.4500000000,20.8800000000,20.2600000000,20.6400000000,20.5100000000,33990968,699876719.7900,2,2.509800,1,0.633800,43.996741,3.446001,1.612168,109.184960,0
2025-07-14,sz.300115,20.6500000000,20.9300000000,20.5000000000,20.7900000000,20.6400000000,29840955,619869588.3500,2,2.203400,1,0.726700,44.316485,3.471045,1.623885,109.978456,0
2025-07-15,sz.300115,20.8300000000,21.1000000000,20.6300000000,21.0500000000,20.7900000000,45060358,941314819.6600,2,3.327100,1,1.250600,44.870707,3.514453,1.644193,111.353848,0
2025-07-16,sz.300115,21.0500000000,21.3400000000,20.7800000000,20.9600000000,21.0500000000,44017981,928230407.2100,2,3.250100,1,-0.427600,44.678861,3.499427,1.637163,110.877750,0
2025-07-17,sz.300115,21.0000000000,21.8800000000,20.8500000000,21.6800000000,20.9600000000,91940495,1985817288.8000,2,6.788600,1,3.435100,46.213631,3.619637,1.693402,114.686528,0
2025-07-18,sz.300115,21.7500000000,21.8800000000,21.1800000000,21.3100000000,21.6800000000,57852690,1238236771.8300,2,4.271600,1,-1.706600,45.424930,3.557862,1.664501,112.729239,0
2025-07-21,sz.300115,21.6000000000,22.0100000000,21.4400000000,21.7900000000,21.3100000000,66121159,1437260710.7000,2,4.882200,1,2.252500,46.448110,3.638002,1.701994,115.268425,0
2025-07-22,sz.300115,21.6800000000,21.7300000000,21.2200000000,21.3800000000,21.7900000000,51797987,1111452539.5800,2,3.824600,1,-1.881600,45.574144,3.569549,1.669969,113.099537,0
2025-07-23,sz.300115,21.2300000000,21.3700000000,21.0300000000,21.1100000000,21.3800000000,38528056,816606144.5900,2,2.844800,1,-1.262900,44.998605,3.524471,1.648879,111.671246,0
2025-07-24,sz.300115,21.1000000000,21.3200000000,21.1000000000,21.2900000000,21.1100000000,32339632,686407970.3600,2,2.387800,1,0.852700,45.382297,3.554523,1.662939,112.623440,0
2025-07-25,sz.300115,21.2600000000,21.5000000000,21.1100000000,21.4400000000,21.2900000000,42243479,899695054.3400,2,3.119100,1,0.704600,45.702041,3.579567,1.674655,113.416935,0
2025-07-28,sz.300115,21.4500000000,21.5900000000,21.3000000000,21.3500000000,21.4400000000,34592386,740190253.4600,2,2.554200,1,-0.419800,45.510195,3.564541,1.667626,112.940838,0
2025-07-29,sz.300115,21.3600000000,21.3600000000,20.9300000000,21.3000000000,21.3500000000,37800181,798372372.7700,2,2.791000,1,-0.234200,45.403614,3.556193,1.663720,112.676340,0
2025-07-30,sz.300115,21.2000000000,21.2100000000,20.7000000000,20.8700000000,21.3000000000,39216477,822412504.0300,2,2.895600,1,-2.018800,44.487015,3.484401,1.630133,110.401653,0
2025-07-31,sz.300115,21.1300000000,23.9800000000,21.1300000000,22.7200000000,20.8700000000,209195922,4784384883.6700,2,15.446300,1,8.864400,48.430521,3.793272,1.774635,120.188096,0
2025-08-01,sz.300115,22.4300000000,22.8900000000,22.1400000000,22.3300000000,22.7200000000,90362644,2032654665.3900,2,6.672100,1,-1.716500,47.599187,3.728159,1.744172,118.125008,0
2025-08-04,sz.300115,22.2200000000,22.5500000000,22.1500000000,22.5000000000,22.3300000000,58015717,1296336038.0800,2,4.283700,1,0.761300,47.961564,3.756542,1.757451,119.024303,0
2025-08-05,sz.300115,22.7000000000,23.2000000000,22.5900000000,22.7500000000,22.5000000000,74459255,1699049362.0200,2,5.497800,1,1.111100,48.494470,3.798281,1.776978,120.346795,0
2025-08-06,sz.300115,22.7300000000,24.2500000000,22.5300000000,24.1400000000,22.7500000000,148707218,3504918857.8300,2,10.980000,1,6.109900,51.457429,4.030352,1.885549,127.699852,0
2025-08-07,sz.300115,24.1500000000,24.3000000000,23.5500000000,23.7300000000,24.1400000000,96942255,2305625263.2500,2,7.157900,1,-1.698400,50.583462,3.961899,1.853525,125.530964,0
2025-08-08,sz.300115,23.7700000000,25.6500000000,23.2900000000,25.1300000000,23.7300000000,164903846,4022071127.6100,2,12.175900,1,5.899700,53.567738,4.195640,1.962877,132.936921,0
2025-08-11,sz.300115,25.1500000000,25.9300000000,24.8800000000,25.0800000000,25.1300000000,124785414,3152077472.2300,2,9.213700,1,-0.199000,53.461156,4.187292,1.958972,132.672423,0
2025-08-12,sz.300115,24.8000000000,25.3300000000,24.5600000000,25.1500000000,25.0800000000,97583178,2441099277.7200,2,7.205200,1,0.279100,53.610370,4.198979,1.964439,133.042720,0
2025-08-13,sz.300115,25.0000000000,25.4100000000,24.7200000000,25.1500000000,25.1500000000,88907150,2223969818.4800,2,6.564600,1,0.000000,53.610370,4.198979,1.964439,133.042720,0
2025-08-14,sz.300115,25.1600000000,25.1700000000,23.8900000000,24.1900000000,25.1500000000,105381132,2578581455.4100,2,7.781000,1,-3.817100,51.564010,4.038700,1.889455,127.964350,0
2025-08-15,sz.300115,24.0200000000,24.7500000000,24.0200000000,24.3600000000,24.1900000000,70000646,1709427209.8900,2,5.168600,1,0.702800,51.926386,4.067082,1.902733,128.863645,0
2025-08-18,sz.300115,24.5500000000,25.9900000000,24.3900000000,25.4700000000,24.3600000000,124374740,3150172080.3600,2,9.183400,1,4.556700,54.292490,4.252405,1.989434,134.735511,0
2025-08-19,sz.300115,25.4500000000,25.9800000000,24.8100000000,25.4100000000,25.4700000000,99891856,2532137144.8300,2,7.375700,1,-0.235600,54.164593,4.242388,1.984748,134.418112,0
2025-08-20,sz.300115,25.1500000000,26.2700000000,24.9800000000,26.1700000000,25.4100000000,113893762,2941745157.9200,2,8.409500,1,2.990900,55.784628,4.369275,2.044111,138.438489,0
2025-08-21,sz.300115,26.4000000000,26.6900000000,25.5600000000,25.7600000000,26.1700000000,94833055,2465829999.6800,2,7.002100,1,-1.566700,54.910661,4.300823,2.012086,136.269602,0
2025-08-22,sz.300115,25.6500000000,26.0500000000,25.4400000000,25.8900000000,25.7600000000,75150636,1934230578.2500,2,5.548900,1,0.504700,55.187773,4.322527,2.022240,136.957298,0
2025-08-25,sz.300115,26.1800000000,26.3000000000,25.3700000000,25.6200000000,25.8900000000,92499842,2384133111.8500,2,6.829900,1,-1.042900,54.612234,4.277449,2.001151,135.529006,0
2025-08-26,sz.300115,25.3900000000,27.4500000000,25.1000000000,26.4300000000,25.6200000000,134054920,3522393597.5800,2,9.898200,1,3.161600,56.338850,4.412684,2.064419,139.813881,0
2025-08-27,sz.300115,26.4300000000,26.7400000000,24.7400000000,24.8100000000,26.4300000000,124900478,3226994927.9300,2,9.208200,1,-6.129400,52.384243,4.160476,1.887318,-22.393602,0
2025-08-28,sz.300115,25.0000000000,25.4500000000,24.2900000000,25.4400000000,24.8100000000,92551848,2307664670.1900,2,6.823300,1,2.539300,53.714436,4.266123,1.935243,-22.962242,0
2025-08-29,sz.300115,25.4000000000,27.1700000000,25.0600000000,26.2700000000,25.4400000000,128938717,3373374210.8100,2,9.505900,1,3.262600,55.466911,4.405309,1.998382,-23.711403,0
2025-09-01,sz.300115,26.2700000000,26.6800000000,25.8300000000,26.2900000000,26.2700000000,76190147,1996794318.5000,2,5.617100,1,0.076100,55.509140,4.408662,1.999903,-23.729455,0
2025-09-02,sz.300115,26.5000000000,26.5200000000,24.3200000000,24.9800000000,26.2900000000,106086376,2663178809.1200,2,7.821100,1,-4.982900,52.743184,4.188984,1.900250,-22.547044,0
2025-09-03,sz.300115,25.1800000000,26.2900000000,24.3000000000,24.4300000000,24.9800000000,73466108,1849974115.6500,2,5.416200,1,-2.201800,51.581905,4.096753,1.858411,-22.050612,0
2025-09-04,sz.300115,24.8800000000,25.9000000000,23.7600000000,24.6100000000,24.4300000000,108739193,2712574529.5600,2,8.016700,1,0.736800,51.961960,4.126937,1.872104,-22.213081,0
2025-09-05,sz.300115,24.4200000000,25.0000000000,23.5100000000,24.8600000000,24.6100000000,83418701,2028452811.7000,2,6.150000,1,1.015800,52.489814,4.168861,1.891122,-22.438732,0
2025-09-08,sz.300115,24.8500000000,25.8800000000,24.7500000000,25.6900000000,24.8600000000,89666810,2279264785.2100,2,6.610600,1,3.338700,54.242290,4.308046,1.954260,-23.187893,0
2025-09-09,sz.300115,25.4000000000,25.4000000000,24.8100000000,24.9000000000,25.6900000000,59610644,1491929018.7400,2,4.394800,1,-3.075100,52.574271,4.175568,1.894164,-22.474836,0
2025-09-10,sz.300115,24.9000000000,25.1000000000,24.3400000000,24.4900000000,24.9000000000,48053106,1186695835.2600,2,3.542700,1,-1.646600,51.708590,4.106814,1.862975,-22.104768,0
2025-09-11,sz.300115,24.4000000000,25.9800000000,24.3000000000,25.9600000000,24.4900000000,124763292,3181101163.2300,2,9.198100,1,6.002400,54.812372,4.353324,1.974800,-23.431596,0
2025-09-12,sz.300115,25.8800000000,26.0300000000,25.4300000000,25.5000000000,25.9600000000,73476680,1888287464.6100,2,5.417000,1,-1.772000,53.841121,4.276185,1.939807,-23.016398,0
2025-09-15,sz.300115,25.8600000000,26.5000000000,25.4500000000,25.8300000000,25.5000000000,85590105,2224437324.7000,2,6.310100,1,1.294100,54.537888,4.331523,1.964910,-23.314257,0
2025-09-16,sz.300115,26.5100000000,28.3000000000,26.3900000000,28.1400000000,25.8300000000,200525946,5524655224.1900,2,14.783600,1,8.943100,59.415260,4.718895,2.140634,-25.399272,0
2025-09-17,sz.300115,29.4900000000,32.8600000000,28.8800000000,31.6400000000,28.1400000000,256175100,7884057252.9200,2,18.886300,1,12.437800,66.805218,5.305823,2.406882,-28.558386,0
2025-09-18,sz.300115,32.0000000000,35.3900000000,31.5800000000,34.5000000000,31.6400000000,313909550,10414330646.7400,2,23.142800,1,9.039200,72.843869,5.785426,2.624445,-31.139833,0
2025-09-19,sz.300115,33.1700000000,33.7700000000,31.1900000000,31.4300000000,34.5000000000,206477740,6661295113.1900,2,15.222400,1,-8.898600,66.361820,5.270607,2.390907,-28.368839,0
2025-09-22,sz.300115,32.2600000000,37.7200000000,31.9800000000,37.7200000000,31.4300000000,260964427,8974748504.8600,2,19.239400,1,20.012700,79.642630,6.325399,2.869393,-34.046217,0
2025-09-23,sz.300115,38.0000000000,39.0000000000,35.4300000000,36.4900000000,37.7200000000,218228189,8020928122.1000,2,16.088700,1,-3.260900,77.045588,6.119136,2.775826,-32.936015,0
2025-09-24,sz.300115,37.5100000000,41.2000000000,36.6100000000,39.7500000000,36.4900000000,239507928,9343707121.1200,2,17.657600,1,8.934000,83.928806,6.665817,3.023817,-35.878503,0
2025-09-25,sz.300115,40.7600000000,43.5100000000,39.2200000000,39.4100000000,39.7500000000,233367941,9559589612.0600,2,17.204900,1,-0.855300,83.210924,6.608801,2.997953,-35.571618,0
2025-09-26,sz.300115,39.7200000000,40.3000000000,37.4800000000,37.5300000000,39.4100000000,166496402,6396552089.1500,2,12.274800,1,-4.770400,79.241461,6.293538,2.854939,-33.874723,0
2025-09-29,sz.300115,37.6300000000,42.2000000000,37.4700000000,41.4600000000,37.5300000000,191325421,7671123009.2900,2,14.105300,1,10.471600,87.539328,6.952573,3.153898,-37.421956,0
2025-09-30,sz.300115,41.0000000000,42.5200000000,40.2200000000,41.6800000000,41.4600000000,164608908,6807941539.1200,2,12.135700,1,0.530600,88.003840,6.989466,3.170634,-37.620529,0
2025-10-09,sz.300115,42.0000000000,42.4000000000,40.4300000000,41.2000000000,41.6800000000,132337502,5471278831.2300,2,9.756500,1,-1.151600,86.990360,6.908973,3.134120,-37.187279,0
2025-10-10,sz.300115,41.8500000000,43.3000000000,37.2400000000,37.4000000000,41.2000000000,185750929,7371464421.1200,2,13.694400,1,-9.223300,78.966977,6.271737,2.845050,-33.757384,0
2025-10-13,sz.300115,34.0000000000,36.6800000000,34.0000000000,36.3300000000,37.4000000000,123564354,4430509042.3600,2,9.109700,1,-2.861000,76.707761,6.092305,2.763654,-32.791598,0
2025-10-14,sz.300115,36.5000000000,36.9400000000,33.1000000000,33.3300000000,36.3300000000,124908784,4361415275.3700,2,9.208800,1,-8.257600,70.373512,5.589225,2.535442,-30.083786,0
2025-10-15,sz.300115,33.6600000000,38.8700000000,33.6600000000,38.0600000000,33.3300000000,190712434,6945488029.0400,2,14.054300,1,14.191400,80.393579,6.385041,2.896448,-34.367238,0
2025-10-16,sz.300115,37.2500000000,39.0800000000,36.8700000000,37.8000000000,38.0600000000,117922962,4477835334.3200,2,8.690200,1,-0.683100,79.844385,6.341423,2.876662,-34.132465,0
2025-10-17,sz.300115,37.7400000000,38.0400000000,36.3200000000,36.4700000000,37.8000000000,80971605,2986710772.5600,2,5.967100,1,-3.518500,77.035046,6.118299,2.775446,-32.931508,0
2025-10-20,sz.300115,37.5600000000,38.2000000000,35.7600000000,37.0000000000,36.4700000000,113164555,4215841009.4400,2,8.339500,1,1.453200,78.154557,6.207213,2.815780,-33.410085,0
2025-10-21,sz.300115,37.6300000000,37.8800000000,35.4300000000,36.6000000000,37.0000000000,131513629,4770580734.6700,2,9.691800,1,-1.081100,77.309643,6.140108,2.785339,-33.048895,0
2025-10-22,sz.300115,35.9000000000,37.1000000000,35.5500000000,36.2600000000,36.6000000000,87110275,3166064396.3100,2,6.419500,1,-0.929000,76.591466,6.083069,2.759464,-32.741883,0
2025-10-23,sz.300115,36.2000000000,36.2000000000,34.7200000000,35.2800000000,36.2600000000,64084201,2254575383.7200,2,4.722600,1,-2.702700,74.521426,5.918662,2.684884,-31.856967,0
2025-10-24,sz.300115,35.6800000000,37.3600000000,35.0600000000,36.9600000000,35.2800000000,101585460,3686972226.6200,2,7.486200,1,4.761900,78.070065,6.200503,2.812736,-33.373966,0
2025-10-27,sz.300115,37.3400000000,38.5000000000,36.2000000000,37.7300000000,36.9600000000,139551988,5203130490.3100,2,10.284100,1,2.083300,79.696525,6.329680,2.871335,-34.069257,0
2025-10-28,sz.300115,37.5900000000,39.2400000000,36.8100000000,38.0000000000,37.7300000000,153117690,5818816991.2600,2,11.283800,1,0.715600,80.266842,6.374976,2.891882,-34.313060,0
2025-10-29,sz.300115,37.9300000000,38.2300000000,36.4500000000,37.0300000000,38.0000000000,106344129,3957629016.2800,2,7.836900,1,-2.552600,78.217925,6.212246,2.818063,-33.437174,0
2025-10-30,sz.300115,36.6900000000,37.3000000000,35.7300000000,36.3000000000,37.0300000000,87443956,3187055043.2900,2,6.444100,1,-1.971400,76.556304,5.963040,2.692554,-210.843367,0
2025-10-31,sz.300115,37.2200000000,39.4000000000,37.2200000000,38.0100000000,36.3000000000,160377698,6142117842.8800,2,11.818900,1,4.710700,80.162675,6.243944,2.819393,-220.775658,0
2025-11-03,sz.300115,38.3100000000,38.4000000000,35.6700000000,36.5800000000,38.0100000000,102477193,3737747745.6000,2,7.551900,1,-3.762200,77.146821,6.009036,2.713323,-212.469707,0
2025-11-04,sz.300115,36.6000000000,36.7200000000,34.0300000000,34.6300000000,36.5800000000,85537972,2983553601.4900,2,6.303600,1,-5.330800,73.034292,5.688708,2.568682,-201.143411,0
2025-11-05,sz.300115,33.3000000000,35.7900000000,33.3000000000,34.8600000000,34.6300000000,70447556,2434743230.0900,2,5.191900,1,0.664200,73.519360,5.726490,2.585742,-202.479333,0
2025-11-06,sz.300115,35.2000000000,37.5000000000,35.1000000000,37.3000000000,34.8600000000,117629087,4284249079.5500,2,8.669100,1,6.999400,78.665293,6.127311,2.766729,-216.651725,0
2025-11-07,sz.300115,36.6000000000,37.0900000000,35.5100000000,35.6700000000,37.3000000000,75826681,2731560445.4300,2,5.588300,1,-4.370000,75.227641,5.859550,2.645824,-207.184102,0
2025-11-10,sz.300115,35.6000000000,35.7800000000,34.0000000000,34.4600000000,35.6700000000,60812548,2096714027.7300,2,4.481800,1,-3.392200,72.675764,5.660782,2.556072,-200.155990,0
2025-11-11,sz.300115,34.8400000000,35.1000000000,33.0000000000,33.8500000000,34.4600000000,63457488,2154130878.3000,2,4.676800,1,-1.770200,71.389281,5.560576,2.510825,-196.612892,0
2025-11-12,sz.300115,33.5400000000,34.3200000000,32.8000000000,33.2100000000,33.8500000000,49056213,1639822203.6400,2,3.615400,1,-1.890700,70.039528,5.455443,2.463353,-192.895543,0
2025-11-13,sz.300115,33.0000000000,34.2300000000,33.0000000000,33.2500000000,33.2100000000,56772265,1907245886.0500,2,4.184100,1,0.120400,70.123887,5.462014,2.466320,-193.127878,0
2025-11-14,sz.300115,32.7700000000,33.5800000000,32.0300000000,32.4700000000,33.2500000000,53800523,1762696086.8000,2,3.965000,1,-2.345900,68.478876,5.333882,2.408463,-188.597359,0
2025-11-17,sz.300115,32.3000000000,33.2300000000,32.2900000000,32.6400000000,32.4700000000,38751849,1266211724.9300,2,2.856000,1,0.523600,68.837404,5.361808,2.421073,-189.584780,0
2025-11-18,sz.300115,32.5800000000,32.9000000000,31.4000000000,31.6300000000,32.6400000000,55108840,1761809299.4100,2,4.061500,1,-3.094400,66.707325,5.195894,2.346156,-183.718339,0
2025-11-19,sz.300115,31.5100000000,31.8300000000,31.3600000000,31.5500000000,31.6300000000,35622197,1124371188.8900,2,2.625300,1,-0.252900,66.538606,5.182753,2.340222,-183.253670,0
2025-11-20,sz.300115,32.0000000000,32.6600000000,31.4500000000,31.5700000000,31.5500000000,46499381,1486387339.7600,2,3.427000,1,0.063400,66.580786,5.186038,2.341706,-183.369838,0
2025-11-21,sz.300115,31.2600000000,33.9900000000,30.6900000000,32.6900000000,31.5700000000,113228080,3685802096.7600,2,8.344800,1,3.547700,68.942853,5.370022,2.424782,-189.875198,0
2025-11-24,sz.300115,32.8000000000,34.4400000000,32.5600000000,33.9700000000,32.6900000000,100675183,3390596264.0100,2,7.419700,1,3.915600,71.642359,5.580289,2.519726,-197.309895,0
2025-11-25,sz.300115,34.5000000000,35.3900000000,33.8700000000,34.7200000000,33.9700000000,88857291,3085910659.0300,2,6.548700,1,2.207800,73.224101,5.703492,2.575357,-201.666163,0
2025-11-26,sz.300115,34.7200000000,39.2000000000,34.3000000000,37.9000000000,34.7200000000,168827052,6312046759.9400,2,12.442400,1,9.159000,79.930687,6.225874,2.811234,-220.136739,0
2025-11-27,sz.300115,37.9000000000,40.3500000000,37.4800000000,38.6000000000,37.9000000000,141141179,5465459290.6500,2,10.402000,1,1.847000,81.406979,6.340864,2.863156,-224.202589,0
2025-11-28,sz.300115,39.4500000000,44.4100000000,38.9300000000,42.9200000000,38.6000000000,205795615,8592276953.9800,2,15.166900,1,11.191700,90.517812,7.050515,3.183593,-249.294692,0
2025-12-01,sz.300115,42.5000000000,42.8000000000,40.6800000000,41.9600000000,42.9200000000,162144549,6772946270.7600,2,11.949900,1,-2.236700,88.493182,6.892815,3.112385,-243.718669,0
2025-12-02,sz.300115,41.9400000000,43.6000000000,41.0100000000,42.2200000000,41.9600000000,163296590,6911420115.8900,2,12.034800,1,0.619600,89.041520,6.935525,3.131670,-245.228842,0
2025-12-03,sz.300115,42.8200000000,43.3500000000,39.5000000000,39.5400000000,42.2200000000,154256069,6218896397.7800,2,11.368500,1,-6.347700,83.389429,6.495279,2.932881,-229.662445,0
2025-12-04,sz.300115,41.7000000000,42.8000000000,40.1000000000,40.2200000000,39.5400000000,169593153,6970971655.5100,2,12.498800,1,1.719800,84.823541,6.606983,2.983320,-233.612128,0
2025-12-05,sz.300115,40.0400000000,43.6400000000,39.6000000000,43.3100000000,40.2200000000,180332954,7602805406.5600,2,13.290400,1,7.682700,91.340318,7.114581,3.212521,-251.559951,0
2025-12-08,sz.300115,42.5000000000,45.4700000000,41.5000000000,45.2200000000,43.3100000000,195020110,8429965122.4700,2,14.372800,1,4.410100,95.368487,7.428338,3.354195,-262.653914,0
2025-12-09,sz.300115,43.6700000000,44.6700000000,43.0000000000,43.5000000000,45.2200000000,134077693,5855716647.2600,2,9.881400,1,-3.803600,91.741026,7.145792,3.226614,-252.663539,0
2025-12-10,sz.300115,42.9300000000,43.6000000000,41.8800000000,42.3000000000,43.5000000000,101333360,4328237395.1700,2,7.468200,1,-2.758600,89.210239,6.948667,3.137604,-245.693511,0
2025-12-11,sz.300115,42.7000000000,43.1000000000,40.0100000000,40.2600000000,42.3000000000,134715599,5574828938.4100,2,9.928400,1,-4.822700,84.907901,6.613554,2.986287,-233.844462,0
2025-12-12,sz.300115,40.0100000000,40.8800000000,38.6600000000,38.7100000000,40.2600000000,139238675,5522923717.0100,2,10.261700,1,-3.850000,81.638968,6.358934,2.871316,-224.841508,0
2025-12-15,sz.300115,38.1400000000,38.4900000000,36.5500000000,36.7900000000,38.7100000000,123987544,4626843426.1400,2,9.137800,1,-4.960000,77.589709,6.043533,2.728900,-213.689462,0
2025-12-16,sz.300115,36.6700000000,37.1600000000,35.2500000000,35.6400000000,36.7900000000,72054756,2592359177.0700,2,5.310400,1,-3.125800,75.164371,5.854621,2.643598,-207.009852,0
2025-12-17,sz.300115,35.6600000000,36.5500000000,35.5300000000,36.1900000000,35.6400000000,82730087,2982614167.3600,2,6.097100,1,1.543200,76.324315,5.944971,2.684395,-210.204448,0
2025-12-18,sz.300115,35.4000000000,36.6000000000,35.1600000000,35.4600000000,36.1900000000,64909473,2324741496.4400,2,4.783800,1,-2.017100,74.784753,5.825053,2.630247,-205.964347,0
2025-12-19,sz.300115,36.0000000000,37.1200000000,35.8300000000,36.2000000000,35.4600000000,98505412,3592311877.0400,2,7.259700,1,2.086900,76.345405,5.946613,2.685136,-210.262532,0
2025-12-22,sz.300115,36.3600000000,38.1500000000,36.2900000000,37.7900000000,36.2000000000,125328819,4673882533.0300,2,9.236600,1,4.392300,79.698698,6.207804,2.803075,-219.497820,0
2025-12-23,sz.300115,37.4200000000,37.6200000000,36.3200000000,36.6400000000,37.7900000000,83236405,3073762693.9200,2,6.134400,1,-3.043100,77.273360,6.018892,2.717773,-212.818209,0
2025-12-24,sz.300115,36.3000000000,37.5000000000,36.0300000000,37.0900000000,36.6400000000,64612179,2398294656.8400,2,4.761900,1,1.228200,78.222405,6.092814,2.751152,-215.431970,0
2025-12-25,sz.300115,37.5500000000,40.6500000000,37.5000000000,40.2500000000,37.0900000000,136379264,5346740573.1100,2,10.051000,1,8.519800,84.886811,6.611911,2.985545,-233.786378,0
2025-12-26,sz.300115,39.5300000000,40.9800000000,39.0500000000,40.4600000000,40.2500000000,108168181,4321079721.8000,2,7.971900,1,0.521700,85.329699,6.646408,3.001122,-235.006133,0
2025-12-29,sz.300115,40.5000000000,43.0200000000,39.6000000000,41.2200000000,40.4600000000,128221106,5305995985.8100,2,9.449800,1,1.878400,86.932530,6.771254,3.057495,-239.420485,0
2025-12-30,sz.300115,40.3000000000,47.9900000000,40.0400000000,45.1300000000,41.2200000000,181628538,7939998022.8300,2,13.385800,1,9.485700,95.178678,7.413554,3.347519,-262.131162,0
2025-12-31,sz.300115,44.7000000000,47.3000000000,44.2200000000,46.5000000000,45.1300000000,157746970,7224707381.9400,2,11.625800,1,3.035700,98.067993,7.638605,3.449139,-270.088611,0
2026-01-05,sz.300115,45.1000000000,46.4500000000,44.3300000000,44.4600000000,46.5000000000,142074024,6414848600.4700,2,10.470700,1,-4.387100,93.765655,7.303492,3.297822,-258.239562,0
2026-01-06,sz.300115,44.4700000000,46.0600000000,43.6800000000,44.2800000000,44.4600000000,124038943,5536936463.4400,2,9.141500,1,-0.404900,93.386037,7.273924,3.284471,-257.194058,0
2026-01-07,sz.300115,43.5800000000,45.3900000000,43.4400000000,44.0700000000,44.2800000000,109913603,4876801368.6600,2,8.100500,1,-0.474300,92.943149,7.239427,3.268894,-255.974303,0
2026-01-08,sz.300115,44.0000000000,45.0600000000,43.6800000000,44.3300000000,44.0700000000,89031886,3951011396.3900,2,6.561600,1,0.590000,93.491486,7.282137,3.288179,-257.484476,0
2026-01-09,sz.300115,44.0900000000,46.2800000000,43.9800000000,44.4800000000,44.3300000000,121315337,5471016939.7400,2,8.940800,1,0.338400,93.807835,7.306778,3.299306,-258.355729,0
2026-01-12,sz.300115,44.7000000000,46.2500000000,43.3900000000,45.4500000000,44.4800000000,129766493,5838581908.4700,2,9.563700,1,2.180800,95.853554,7.466121,3.371255,-263.989836,0
2026-01-13,sz.300115,45.0200000000,46.5000000000,43.0500000000,43.3800000000,45.4500000000,121115605,5408986575.0000,2,8.926100,1,-4.554500,91.487947,7.126080,3.217713,-251.966536,0
2026-01-14,sz.300115,43.8600000000,44.0400000000,41.0000000000,41.5900000000,43.3800000000,139813622,5922943879.6600,2,10.304100,1,-4.126300,87.712856,6.832034,3.084940,-241.569577,0
2026-01-15,sz.300115,41.2000000000,41.9000000000,40.8000000000,41.4000000000,41.5900000000,59988802,2474782003.8400,2,4.421100,1,-0.456800,87.312148,6.800823,3.070847,-240.465989,0
2026-01-16,sz.300115,41.8000000000,45.4000000000,41.6800000000,43.5200000000,41.4000000000,139981386,6126014882.6900,2,10.316500,1,5.120800,91.783205,7.149078,3.228098,-252.779707,0
2026-01-19,sz.300115,44.2000000000,45.0000000000,43.0000000000,44.1100000000,43.5200000000,106407012,4686656066.7500,2,7.842100,1,1.355700,93.027509,7.245997,3.271861,-256.206637,0
2026-01-20,sz.300115,42.6700000000,42.9500000000,39.8800000000,40.4900000000,44.1100000000,140737188,5815573960.2500,2,10.372200,1,-8.206800,85.392968,6.651336,3.003347,-235.180384,0
2026-01-21,sz.300115,39.9600000000,42.0000000000,39.6800000000,41.4200000000,40.4900000000,77517747,3190802938.9400,2,5.713000,1,2.296900,87.354328,6.804108,3.072330,-240.582156,0
2026-01-22,sz.300115,40.9000000000,41.6300000000,40.2100000000,40.4900000000,41.4200000000,59301737,2413574832.6100,2,4.370500,1,-2.245300,85.392968,6.651336,3.003347,-235.180384,0
2026-01-23,sz.300115,40.5400000000,41.1800000000,39.7300000000,40.5100000000,40.4900000000,63691195,2571664935.5200,2,4.694000,1,0.049400,85.435148,6.654622,3.004831,-235.296551,0
2026-01-26,sz.300115,41.5200000000,42.6300000000,39.1000000000,39.4500000000,40.5100000000,101895569,4161977945.1900,2,7.509600,1,-2.616600,83.199620,6.480494,2.926205,-229.139693,0
2026-01-27,sz.300115,39.6700000000,40.3800000000,38.8000000000,39.9100000000,39.4500000000,58710484,2326459030.9300,2,4.326900,1,1.166000,84.169755,6.556059,2.960326,-231.811537,0
2026-01-28,sz.300115,39.5000000000,40.2700000000,38.9600000000,39.5700000000,39.9100000000,51311044,2025680169.1900,2,3.781600,1,-0.851900,83.452698,6.500207,2.935106,-229.836695,0
2026-01-29,sz.300115,39.3200000000,39.6600000000,38.4200000000,38.4200000000,39.5700000000,54155631,2107531060.5500,2,3.991200,1,-2.906200,81.027361,6.311295,2.849805,-223.157085,0
2026-01-30,sz.300115,38.1100000000,39.5500000000,37.5200000000,38.6500000000,38.4200000000,60772889,2343605186.0800,2,4.478900,1,0.598600,81.512428,6.349077,2.866865,-224.493007,0
2026-02-02,sz.300115,38.4800000000,39.4500000000,37.5000000000,37.5000000000,38.6500000000,66531872,2558008276.1700,2,4.903300,1,-2.975400,79.087091,6.160166,2.781564,-217.813396,0
2026-02-03,sz.300115,37.9200000000,40.3000000000,37.3800000000,40.0400000000,37.5000000000,84919040,3318359262.8600,2,6.258400,1,6.773300,84.443923,6.577414,2.969969,-232.566623,0
2026-02-04,sz.300115,39.9600000000,40.9200000000,39.0500000000,40.7100000000,40.0400000000,77700570,3120356389.7000,2,5.726500,1,1.673300,85.856946,6.687476,3.019666,-236.458223,0
2026-02-05,sz.300115,39.9400000000,40.2500000000,38.6000000000,39.4600000000,40.7100000000,60482131,2376729579.8100,2,4.457500,1,-3.070500,83.220710,6.482137,2.926947,-229.197776,0
2026-02-06,sz.300115,38.8000000000,41.2500000000,38.5000000000,40.3200000000,39.4600000000,73227434,2957701614.5000,2,5.396800,1,2.179400,85.034440,6.623410,2.990738,-234.192963,0
2026-02-09,sz.300115,41.6000000000,41.6200000000,40.1200000000,40.3500000000,40.3200000000,63225784,2565890771.8200,2,4.659700,1,0.074400,85.097710,6.628338,2.992963,-234.367214,0
2026-02-10,sz.300115,40.2700000000,40.9000000000,39.8300000000,40.3000000000,40.3500000000,58900277,2378822544.0000,2,4.340900,1,-0.123900,84.992260,6.620125,2.989254,-234.076796,0
2026-02-11,sz.300115,39.9000000000,40.1500000000,39.1500000000,39.2000000000,40.3000000000,44715467,1767034878.1600,2,3.295500,1,-2.729500,82.672372,6.439426,2.907662,-227.687603,0
2026-02-12,sz.300115,39.0900000000,40.4200000000,39.0900000000,40.0800000000,39.2000000000,44981984,1796842020.5900,2,3.315100,1,2.244900,84.528283,6.583985,2.972936,-232.798958,0
2026-02-13,sz.300115,40.0800000000,40.7900000000,39.5000000000,40.2200000000,40.0800000000,48242307,1945074664.4400,2,3.555400,1,0.349300,84.823541,6.606983,2.983320,-233.612128,0
2026-02-24,sz.300115,40.5900000000,40.6000000000,39.0500000000,39.1400000000,40.2200000000,46876243,1846844034.6400,2,3.454700,1,-2.685200,82.545833,6.429570,2.903211,-227.339102,0
2026-02-25,sz.300115,39.1400000000,39.4000000000,38.5400000000,38.8600000000,39.1400000000,41267412,1604444322.6800,2,3.041400,1,-0.715400,81.955316,6.383574,2.882442,-225.712762,0
2026-02-26,sz.300115,38.8000000000,40.4000000000,38.4100000000,39.7000000000,38.8600000000,58592613,2314567375.8800,2,4.318200,1,2.161600,83.726867,6.521562,2.944749,-230.591782,0
2026-02-27,sz.300115,39.5100000000,39.5100000000,38.3000000000,38.6900000000,39.7000000000,53650743,2074706611.2900,2,3.954000,1,-2.544100,81.596788,6.355648,2.869832,-224.725341,0
2026-03-02,sz.300115,37.5000000000,37.9900000000,36.8100000000,37.3400000000,38.6900000000,61009608,2281509046.8300,2,4.496300,1,-3.489300,84.747018,6.133882,2.696864,-216.884059,0
2026-03-03,sz.300115,37.4900000000,37.8300000000,35.0500000000,35.0700000000,37.3400000000,59534906,2149134141.7900,2,4.387700,1,-6.079300,79.595016,5.760987,2.532914,-203.699088,0
2026-03-04,sz.300115,34.4500000000,36.0600000000,34.4500000000,35.1000000000,35.0700000000,37440425,1319235980.3100,2,2.759300,1,0.085500,79.663105,5.765915,2.535081,-203.873339,0
2026-03-05,sz.300115,35.7200000000,36.0800000000,35.2000000000,35.4700000000,35.1000000000,31178199,1109359961.7600,2,2.297800,1,1.054100,80.502858,5.826695,2.561804,-206.022431,0
2026-03-06,sz.300115,35.1200000000,35.8500000000,35.0600000000,35.4500000000,35.4700000000,25142912,891229725.9800,2,1.853000,1,-0.056400,80.457466,5.823410,2.560360,-205.906264,0
2026-03-09,sz.300115,34.5900000000,35.1000000000,33.7500000000,34.8500000000,35.4500000000,36886864,1265071866.4500,2,2.718500,1,-1.692500,79.095704,5.724847,2.517025,-202.421249,0
2026-03-10,sz.300115,35.4700000000,36.6000000000,35.4500000000,36.5700000000,34.8500000000,52836319,1909276164.7200,2,3.894000,1,4.935400,82.999423,6.007394,2.641251,-212.411624,0
2026-03-11,sz.300115,37.4300000000,37.8800000000,36.4700000000,36.5000000000,36.5700000000,58145099,2163273660.7900,2,4.285200,1,-0.191400,82.840550,5.995895,2.636195,-212.005039,0
2026-03-12,sz.300115,36.4800000000,36.7300000000,35.5000000000,35.7600000000,36.5000000000,33651273,1210590319.2300,2,2.480100,1,-2.027400,81.161043,5.874334,2.582749,-207.706854,0
2026-03-13,sz.300115,35.1100000000,35.5800000000,34.6800000000,34.7100000000,35.7600000000,27703808,972793059.7000,2,2.041700,1,-2.936200,78.777959,5.701849,2.506913,-201.608079,0
2026-03-16,sz.300115,34.7100000000,34.7500000000,33.8500000000,34.6000000000,34.7100000000,26156715,896676031.4500,2,1.927700,1,-0.316900,78.528302,5.683779,2.498969,-200.969160,0
2026-03-17,sz.300115,34.8000000000,34.9600000000,33.5500000000,33.5500000000,34.6000000000,29444768,1006787101.6500,2,2.170000,1,-3.034700,76.145218,5.511295,2.423133,-194.870385,0
2026-03-18,sz.300115,34.0000000000,34.0600000000,33.3900000000,33.8900000000,33.5500000000,22221979,750660150.4300,2,1.637700,1,1.013400,76.916884,5.567147,2.447689,-196.845226,0
