date,code,open,high,low,close,preclose,volume,amount,adjustflag,turn,tradestatus,pctChg,peTTM,pbMRQ,psTTM,pcfNcfTTM,isST
2023-06-26,sz.300880,25.0213340000,25.0213340000,23.2024754900,23.2409698500,25.6757381200,16666353,415645116.5700,2,19.578300,1,-9.482800,32.603739,5.364142,5.730831,25.392324,0
2023-06-27,sz.300880,23.2505934400,24.7230027100,23.2409698500,23.9434919200,23.2409698500,12667990,315556421.0000,2,14.881400,1,3.022800,33.589277,5.526288,5.904061,26.159876,0
2023-06-28,sz.300880,23.9434919200,23.9434919200,22.0380211000,23.3853237000,23.9434919200,12872314,306834003.4500,2,15.121400,1,-2.331200,32.806247,5.397460,5.766426,25.550040,0
2023-06-29,sz.300880,23.0966160000,24.4824129600,22.6924252200,24.3284355200,23.3853237000,12353983,308523729.0700,2,14.512500,1,4.032900,34.129297,5.615135,5.998981,26.580453,0
2023-06-30,sz.300880,24.0589750000,24.9058509200,23.6740314000,24.5594016800,24.3284355200,12286724,312239623.8900,2,14.431400,1,0.949400,34.453310,5.668443,6.055934,26.832799,0
2023-07-03,sz.300880,24.8481093800,25.0213340000,23.5777955000,24.3091883400,24.5594016800,10552539,267033908.7000,2,12.396300,1,-1.018800,34.102296,5.610693,5.994235,26.559424,0
2023-07-04,sz.300880,24.0108570500,24.9635924600,23.7413965300,24.3476827000,24.3091883400,9637997,244920229.2400,2,11.322000,1,0.158400,34.156298,5.619577,6.003727,26.601482,0
2023-07-05,sz.300880,24.0685985900,26.1761648000,23.8376324300,25.4351483700,24.3476827000,19918477,524666450.1400,2,23.398700,1,4.466400,35.681856,5.870570,6.271878,27.789611,0
2023-07-06,sz.300880,24.9058509200,24.9924632300,23.2890878000,24.4920365500,25.4351483700,13734265,344482031.7300,2,16.133900,1,-3.707900,34.358806,5.652895,6.039322,26.759198,0
2023-07-07,sz.300880,24.1840816700,25.4928899100,23.7317729400,24.6171432200,24.4920365500,13294984,344451118.8500,2,15.617900,1,0.510800,34.534313,5.681770,6.070172,26.895886,0
2023-07-10,sz.300880,24.7614970700,25.4736427300,23.6066662700,24.0204806400,24.6171432200,10532582,266889336.8600,2,12.372900,1,-2.423800,33.697281,5.544057,5.923045,26.243992,0
2023-07-11,sz.300880,23.4815596000,23.4815596000,22.1342570000,22.4807062400,24.0204806400,13238174,310948682.5900,2,15.551200,1,-6.410300,31.537199,5.188669,5.543362,24.561684,0
2023-07-12,sz.300880,22.9522621500,26.4648725000,22.8656498400,24.6171432200,22.4807062400,26284502,673831920.6700,2,30.877000,1,9.503400,34.534313,5.681770,6.070172,26.895886,0
2023-07-13,sz.300880,24.4631657800,27.5234674000,23.8761267900,26.0029401800,24.6171432200,28709489,767887865.8900,2,33.725700,1,5.629400,36.478387,6.001620,6.411886,28.409962,0
2023-07-14,sz.300880,26.5418612200,26.5996027600,25.1079463100,25.2138058000,26.0029401800,18931803,505183916.0000,2,22.239600,1,-3.034800,35.371344,5.819483,6.217299,27.547780,0
2023-07-17,sz.300880,25.5795022200,30.2565669600,25.5410078600,30.2565669600,25.2138058000,25594639,748046199.5700,2,30.066600,1,20.000000,42.445613,6.983380,7.460758,33.057335,0
2023-07-18,sz.300880,31.5653752000,31.5942459700,28.0046469000,29.6117864300,30.2565669600,33730981,1041861841.4200,2,39.624500,1,-2.131000,41.541079,6.834561,7.301766,32.352869,0
2023-07-19,sz.300880,29.4674325800,33.0570316500,29.4674325800,30.2276961900,29.6117864300,32489134,1056796538.0400,2,38.165700,1,2.079900,42.405112,6.976717,7.453639,33.025792,0
2023-07-20,sz.300880,30.4009208100,34.5294409200,29.1979720600,32.3448859900,30.2276961900,34170090,1112250568.4200,2,40.140300,1,7.004100,45.375225,7.465375,7.975702,35.338965,0
2023-07-21,sz.300880,30.9013474900,31.2285495500,27.2732540600,27.7159392000,32.3448859900,26936859,813628461.1000,2,31.643300,1,-14.311200,38.881478,6.396989,6.834282,30.281529,0
2023-07-24,sz.300880,26.4167545500,28.4473320400,25.8200919700,26.8401925100,27.7159392000,17357980,483583730.0500,2,20.390800,1,-3.159700,37.652931,6.194862,6.618338,29.324717,0
2023-07-25,sz.300880,26.9749227700,27.1481473900,25.3100417000,25.7623504300,26.8401925100,20297943,548454271.6200,2,23.844400,1,-4.015800,36.140874,5.946090,6.352560,28.147102,0
2023-07-26,sz.300880,25.5025135000,25.6179965800,23.8087616600,23.9049975600,25.7623504300,18419334,463015301.2100,2,21.637600,1,-7.209600,33.535275,5.517403,5.894569,26.117818,0
2023-07-27,sz.300880,24.0589750000,25.0020868200,23.9146211500,24.0878457700,23.9049975600,17131324,435603484.2900,2,20.124500,1,0.764900,33.791784,5.559606,5.939656,26.317592,0
2023-07-28,sz.300880,23.5777955000,24.0397278200,22.9041442000,22.9233913800,24.0878457700,13956470,337072108.6200,2,16.395000,1,-4.834200,32.158222,5.290843,5.652521,25.045348,0
2023-07-31,sz.300880,22.4422118800,22.9137677900,22.1053862300,22.4229647000,22.9233913800,11946295,278606714.5200,2,14.033600,1,-2.183000,31.456196,5.175342,5.529124,24.498598,0
2023-08-01,sz.300880,23.0581216400,24.5497780900,22.4710826500,24.2610703900,22.4229647000,21504360,529837839.2300,2,25.261600,1,8.197400,34.034794,5.599587,5.982370,26.506852,0
2023-08-02,sz.300880,23.6355370400,24.2514468000,23.2024754900,24.1455873100,24.2610703900,13332394,328011674.7900,2,15.661800,1,-0.476000,33.872787,5.572933,5.953894,26.380679,0
2023-08-03,sz.300880,23.7317729400,25.3100417000,23.5970426800,24.6075196300,24.1455873100,15557780,397124122.9700,2,18.276100,1,1.913100,34.520812,5.679549,6.067799,26.885371,0
2023-08-04,sz.300880,24.7903678400,24.7903678400,23.5874190900,23.9819862800,24.6075196300,11268900,280676760.5800,2,13.237800,1,-2.542000,33.643279,5.535173,5.913553,26.201934,0
2023-08-07,sz.300880,23.7702673000,24.1070929500,23.2120990800,23.2217226700,23.9819862800,9061256,221833945.7000,2,10.644500,1,-3.170100,32.576738,5.359700,5.726085,25.371295,0
2023-08-08,sz.300880,23.0966160000,23.5200539600,22.6443072700,22.8656498400,23.2217226700,8208185,195659472.2700,2,9.642300,1,-1.533400,32.077219,5.277516,5.638283,24.982261,0
2023-08-09,sz.300880,22.8656498400,23.6932785800,22.8560262500,23.2890878000,22.8656498400,8681994,210508542.4400,2,10.198900,1,1.851900,32.671242,5.375248,5.742696,25.444896,0
2023-08-10,sz.300880,23.5777955000,23.6644078100,22.2304929000,22.4807062400,23.2890878000,8382971,197461583.6100,2,9.847700,1,-3.471100,31.537199,5.188669,5.543362,24.561684,0
2023-08-11,sz.300880,22.2112457200,22.4807062400,21.1718980000,21.2777574900,22.4807062400,9563219,214279229.3500,2,11.234100,1,-5.351000,29.849635,4.911022,5.246736,23.247382,0
2023-08-14,sz.300880,21.1718980000,21.4702292900,20.9794262000,21.4509821100,21.2777574900,5355422,118119143.2100,2,6.291100,1,0.814100,30.092644,4.951003,5.289450,23.436641,0
2023-08-15,sz.300880,21.3836169800,21.4702292900,20.4982467000,20.7195892700,21.4509821100,8121444,175552101.0700,2,9.540400,1,-3.409600,29.066605,4.782194,5.109101,22.637546,0
2023-08-16,sz.300880,20.4501287500,20.6907185000,19.8630897600,19.8919605300,20.7195892700,7190980,150356377.8200,2,8.447400,1,-3.994400,27.905561,4.591173,4.905021,21.733305,0
2023-08-17,sz.300880,20.1517974600,20.9986733800,20.0940559200,20.5174938800,19.8919605300,11107709,237581124.9600,2,13.048500,1,3.144700,28.783094,4.735549,5.059267,22.416743,0
2023-08-18,sz.300880,20.5174938800,20.8158251700,20.0651851500,20.1710446400,20.5174938800,9022802,191924786.6200,2,10.599300,1,-1.688600,28.297076,4.655587,4.973839,22.038224,0
2023-08-21,sz.300880,20.1133031000,20.1902918200,19.8149718100,19.8534661700,20.1710446400,5583195,115933392.8800,2,6.558700,1,-1.574400,27.851559,4.582288,4.895529,21.691248,0
2023-08-22,sz.300880,19.9978200200,20.3153984900,19.5358877000,20.1999154100,19.8534661700,5739302,118721044.2200,2,6.742100,1,1.745000,28.337577,4.662250,4.980958,22.069767,0
2023-08-23,sz.300880,20.0844323300,20.5559882400,19.6706179600,19.8342189900,20.1999154100,5384783,112149150.8400,2,6.325600,1,-1.810400,27.824558,4.577846,4.890783,21.670219,0
2023-08-24,sz.300880,19.5455112900,20.0074436100,19.3626630800,19.6032528300,19.8342189900,5336332,109065493.1800,2,6.268700,1,-1.164500,27.500545,4.524537,4.833831,21.417873,0
2023-08-25,sz.300880,19.3819102600,19.4973933400,18.8044948600,18.8044948600,19.6032528300,5690130,112925647.2200,2,6.684300,1,-4.074600,26.380003,4.340180,4.636871,20.545176,0
2023-08-28,sz.300880,20.0844323300,20.1421738700,18.9296015300,19.0162138400,18.8044948600,5063906,101897278.3800,2,5.948700,1,1.125900,26.677014,4.389045,4.689077,20.776493,0
2023-08-29,sz.300880,19.2664271800,20.3057749000,19.1894384600,20.1902918200,19.0162138400,9438293,195760315.2600,2,11.085800,1,6.174100,26.104253,4.904608,4.882701,55.107500,0
2023-08-30,sz.300880,20.1999154100,21.0467913300,20.1999154100,20.8735667100,20.1902918200,9944766,214706193.7500,2,11.680700,1,3.384200,26.987667,5.070589,5.047940,56.972434,0
2023-08-31,sz.300880,20.7773308100,20.7773308100,20.2961513100,20.5078702900,20.8735667100,5047229,107871415.5300,2,5.928300,1,-1.752000,26.514854,4.981754,4.959502,55.974300,0
2023-09-01,sz.300880,20.6426005500,20.6714713200,20.2287861800,20.4116343900,20.5078702900,3514220,74530145.0000,2,4.127600,1,-0.469300,26.390430,4.958376,4.936229,55.711633,0
2023-09-04,sz.300880,20.5848590100,20.9601790200,20.3250220800,20.9409318400,20.4116343900,6741334,145179335.0200,2,7.918100,1,2.593100,27.074764,5.086953,5.064231,57.156301,0
2023-09-05,sz.300880,20.9505554300,21.5760887800,20.7773308100,21.5183472400,20.9409318400,10674523,235701457.7100,2,12.537800,1,2.757400,27.821311,5.227218,5.203870,58.732302,0
2023-09-06,sz.300880,21.1718980000,21.4798528800,21.0082969700,21.4413585200,21.5183472400,7109071,157274717.2200,2,8.350000,1,-0.357800,27.721771,5.208516,5.185252,58.522168,0
2023-09-07,sz.300880,21.1526508200,21.3836169800,20.6907185000,20.7388364500,21.4413585200,5997417,130513450.1200,2,7.044300,1,-3.276500,26.813473,5.037860,5.015358,56.604701,0
2023-09-08,sz.300880,20.6714713200,21.2681339000,20.4501287500,20.9986733800,20.7388364500,5272132,114523425.9200,2,6.192400,1,1.252900,27.149419,5.100979,5.078195,57.313901,0
2023-09-11,sz.300880,21.0949092800,21.2488867200,20.7292128600,21.0564149200,20.9986733800,5323752,116028368.4600,2,6.253000,1,0.275000,27.224074,5.115006,5.092159,57.471501,0
2023-09-12,sz.300880,20.9505554300,21.0467913300,20.6426005500,20.7388364500,21.0564149200,3794315,82074432.0300,2,4.456600,1,-1.508200,26.813473,5.037860,5.015358,56.604701,0
2023-09-13,sz.300880,20.7388364500,20.7677072200,20.0363143800,20.3057749000,20.7388364500,3563553,75185585.4400,2,4.185600,1,-2.088200,26.253563,4.932661,4.910629,55.422700,0
2023-09-14,sz.300880,20.1710446400,20.3827636200,19.8245954000,19.9593256600,20.3057749000,3003828,62528861.5200,2,3.528200,1,-1.706200,25.805635,4.848502,4.826846,54.477099,0
2023-09-15,sz.300880,20.0170672000,20.1229266900,19.6128764200,19.6994887300,19.9593256600,2557100,52665911.0000,2,3.003500,1,-1.301800,25.469689,4.785383,4.764008,53.767899,0
2023-09-18,sz.300880,19.8149718100,20.6233533700,19.6321236000,20.1806682300,19.6994887300,6271131,131951023.3800,2,7.365800,1,2.442600,26.091811,4.902270,4.880374,55.081233,0
2023-09-19,sz.300880,20.0074436100,20.0748087400,19.3530394900,19.4011574400,20.1806682300,4924018,100176099.3400,2,5.783500,1,-3.862700,25.083973,4.712912,4.691862,52.953632,0
2023-09-20,sz.300880,19.3049215400,19.6802415500,19.0258374300,19.0932025600,19.4011574400,2969475,59479315.2000,2,3.487800,1,-1.587300,24.685814,4.638104,4.617388,52.113098,0
2023-09-21,sz.300880,19.0547082000,19.3915338500,19.0258374300,19.1798148700,19.0932025600,2882688,57585585.1700,2,1.492400,1,0.453600,24.797796,4.659144,4.638333,52.349498,0
2023-09-22,sz.300880,19.3626630800,19.8053482200,19.1028261500,19.6802415500,19.1798148700,3438980,69972531.8000,2,1.780400,1,2.609100,25.444804,4.780707,4.759354,53.715366,0
2023-09-25,sz.300880,19.7187359100,20.0074436100,19.3626630800,19.5358877000,19.6802415500,2810200,57180534.0000,2,1.454900,1,-0.733500,25.258167,4.745641,4.724444,53.321365,0
2023-09-26,sz.300880,19.5936292400,19.7283595000,19.4204046200,19.5647584700,19.5358877000,2493601,50711183.8900,2,1.290900,1,0.147800,25.295494,4.752654,4.731426,53.400165,0
2023-09-27,sz.300880,19.5647584700,19.8919605300,19.4396518000,19.6128764200,19.5647584700,2695525,55200038.5000,2,1.395500,1,0.245900,25.357707,4.764343,4.743062,53.531499,0
2023-09-28,sz.300880,19.7283595000,19.9208313000,19.5551348800,19.7957246300,19.6128764200,2775437,56961597.7100,2,1.436900,1,0.932300,25.594113,4.808760,4.787281,54.030566,0
2023-10-09,sz.300880,20.2095390000,20.6907185000,19.7476066800,20.2480333600,19.7957246300,7253182,151839775.7700,2,3.755000,1,2.284900,26.178908,4.918635,4.896665,55.265100,0
2023-10-10,sz.300880,20.1325502800,20.2095390000,19.8245954000,19.9015841200,20.2480333600,4775220,99145213.2200,2,2.472200,1,-1.711000,25.730980,4.834475,4.812882,54.319499,0
2023-10-11,sz.300880,20.0844323300,20.1806682300,19.7091123200,19.9689492500,19.9015841200,3626780,75331224.5600,2,1.877600,1,0.338500,25.818077,4.850840,4.829173,54.503366,0
2023-10-12,sz.300880,20.0844323300,20.1614210500,19.6898651400,20.0459379700,19.9689492500,2929432,60648754.6000,2,1.516600,1,0.385500,25.917617,4.869542,4.847791,54.713499,0
2023-10-13,sz.300880,19.9785728400,20.0170672000,19.6802415500,19.7283595000,20.0459379700,2542481,52256873.1000,2,1.316300,1,-1.584300,25.507016,4.792396,4.770990,53.846699,0
2023-10-16,sz.300880,19.6802415500,19.7379830900,19.2279328200,19.3915338500,19.7283595000,2469980,49812745.8400,2,1.278700,1,-1.707300,25.071530,4.710574,4.689534,52.927365,0
2023-10-17,sz.300880,19.3915338500,19.4396518000,18.9392251200,19.1316969200,19.3915338500,2315693,46036056.0000,2,1.198800,1,-1.340000,24.735584,4.647455,4.626697,52.218165,0
2023-10-18,sz.300880,19.0835789700,19.1894384600,18.4772928000,18.5831522900,19.1316969200,2633099,51133451.4900,2,1.363200,1,-2.867200,24.026365,4.514203,4.494040,50.720964,0
2023-10-19,sz.300880,18.5831522900,18.9392251200,18.4676692100,18.5735287000,18.5831522900,2078740,40362694.0000,2,1.076200,1,-0.051800,24.013922,4.511865,4.491713,50.694697,0
2023-10-20,sz.300880,18.5639051100,18.8814835800,18.2559502300,18.3040681800,18.5735287000,2656446,51054776.8400,2,1.375300,1,-1.450800,23.665534,4.446408,4.426548,49.959230,0
2023-10-23,sz.300880,18.3040681800,18.3521861300,17.6207932900,17.6689112400,18.3040681800,2764004,51369081.0400,2,1.430900,1,-3.470000,22.844332,4.292116,4.272945,48.225629,0
2023-10-24,sz.300880,17.9287481700,18.3810569000,17.7747707300,18.3040681800,17.6689112400,3368762,63627670.0000,2,1.744000,1,3.594800,23.665534,4.446408,4.426548,49.959230,0
2023-10-25,sz.300880,18.5350343400,18.5350343400,18.1308435600,18.2655738200,18.3040681800,2489940,47269633.8000,2,1.289100,1,-0.210300,23.615764,4.437057,4.417239,49.854163,0
2023-10-26,sz.300880,18.3425625400,18.5254107500,17.9095009900,18.4580456200,18.2655738200,2400289,45440052.1400,2,1.242600,1,1.053700,23.864613,4.483812,4.463785,50.379497,0
2023-10-27,sz.300880,18.3714333100,18.5350343400,17.6111697000,17.9672425300,18.4580456200,5277859,98459786.0800,2,2.732400,1,-2.659000,26.018007,4.167863,4.438299,69.877860,0
2023-10-30,sz.300880,17.9095009900,18.2174558700,17.3032148200,18.0827256100,17.9672425300,4022702,74537746.6200,2,2.082600,1,0.642700,26.185236,4.194651,4.466826,70.326994,0
2023-10-31,sz.300880,17.9576189400,18.2655738200,17.7458999600,18.0249840700,18.0827256100,2961844,55317542.7200,2,1.533400,1,-0.319300,26.101622,4.181257,4.452562,70.102427,0
2023-11-01,sz.300880,17.9864897100,18.2078322800,17.8710066300,18.0538548400,18.0249840700,2349218,44074111.0700,2,1.216200,1,0.160200,26.143429,4.187954,4.459694,70.214711,0
2023-11-02,sz.300880,18.1693379200,18.2367030500,17.6400404700,17.6881584200,18.0538548400,2092224,38847726.0800,2,1.083200,1,-2.025600,25.613871,4.103123,4.369359,68.792451,0
2023-11-03,sz.300880,17.6592876500,18.4291748500,17.6592876500,18.3714333100,17.6881584200,3969332,75233863.2400,2,2.054900,1,3.862900,26.603308,4.261623,4.538143,71.449831,0
2023-11-06,sz.300880,18.4869163900,19.0065902500,18.3618097200,18.9777194800,18.3714333100,4017865,78188413.4100,2,2.080100,1,3.300200,27.481259,4.402263,4.687908,73.807787,0
2023-11-07,sz.300880,18.9199779400,19.2952979500,18.6890117800,19.2183092300,18.9777194800,2941160,58322208.8400,2,1.522700,1,1.267700,27.829652,4.458073,4.747339,74.743484,0
2023-11-08,sz.300880,19.2183092300,19.2952979500,18.9103543500,19.1701912800,19.2183092300,2859776,56792042.2400,2,1.480500,1,-0.250400,27.759973,4.446911,4.735453,74.556345,0
2023-11-09,sz.300880,19.1798148700,19.4011574400,18.9777194800,19.0450846100,19.1701912800,2464697,48992764.0100,2,1.276000,1,-0.652600,27.578809,4.417890,4.704549,74.069783,0
2023-11-10,sz.300880,19.0450846100,19.1316969200,18.7948712700,18.9873430700,19.0450846100,1872429,36935592.9900,2,0.969400,1,-0.303200,27.495195,4.404495,4.690286,73.845215,0
2023-11-13,sz.300880,19.0065902500,19.2375564100,18.9488487100,19.2086856400,18.9873430700,2117317,42079941.7100,2,1.096100,1,1.165700,27.815716,4.455840,4.744962,74.706057,0
2023-11-14,sz.300880,19.2183092300,19.3241687200,19.1124497400,19.3049215400,19.2086856400,1995392,39882204.7600,2,1.033000,1,0.501000,27.955074,4.478164,4.768734,75.080335,0
2023-11-15,sz.300880,19.3434159000,19.6321236000,19.3241687200,19.4781461600,19.3049215400,2492380,50415663.9800,2,1.290300,1,0.897300,28.205917,4.518347,4.811525,75.754037,0
2023-11-16,sz.300880,19.4396518000,19.4588989800,19.0835789700,19.0932025600,19.4781461600,1967688,39349783.6300,2,1.018700,1,-1.976300,27.648488,4.429052,4.716435,74.256922,0
2023-11-17,sz.300880,19.0739553800,19.3337923100,18.9584723000,19.2856743600,19.0932025600,2023344,40357593.5200,2,1.047500,1,1.008100,27.927202,4.473699,4.763980,75.005480,0
2023-11-20,sz.300880,19.4877697500,19.6513707800,19.2279328200,19.6513707800,19.2856743600,2622805,53076434.5100,2,1.357800,1,1.896200,28.456760,4.558530,4.854315,76.427739,0
2023-11-21,sz.300880,19.6513707800,19.7283595000,19.1894384600,19.2471800000,19.6513707800,2588495,52149603.5200,2,1.340100,1,-2.056800,27.871459,4.464770,4.754471,74.855768,0
2023-11-22,sz.300880,19.1798148700,19.3722866700,18.8718599900,18.8718599900,19.2471800000,2180818,43151480.8600,2,1.129000,1,-1.950000,27.327966,4.377707,4.661759,73.396081,0
2023-11-23,sz.300880,18.8526128100,19.1798148700,18.7660005000,19.1124497400,18.8718599900,1827239,36171751.6200,2,0.946000,1,1.274900,27.676359,4.433516,4.721190,74.331778,0
2023-11-24,sz.300880,19.1413205100,19.1798148700,18.5061635700,18.5350343400,19.1124497400,2532387,49146466.9400,2,1.311000,1,-3.021100,26.840215,4.299573,4.578556,72.086105,0
2023-11-27,sz.300880,18.5254107500,19.4781461600,18.4195512600,19.1316969200,18.5350343400,4904501,97179092.3600,2,2.539100,1,3.219100,27.704231,4.437981,4.725944,74.406634,0
2023-11-28,sz.300880,18.9777194800,19.8149718100,18.9488487100,19.5840056500,19.1316969200,7086317,143923487.2700,2,3.668600,1,2.364200,28.359210,4.542903,4.837674,76.165744,0
2023-11-29,sz.300880,19.6609943700,20.0170672000,19.3722866700,19.7283595000,19.5840056500,5831744,119416309.9200,2,3.019100,1,0.737100,28.568246,4.576389,4.873333,76.727162,0
2023-11-30,sz.300880,19.6994887300,19.6994887300,19.1316969200,19.3530394900,19.7283595000,4750831,95585961.0300,2,2.459500,1,-1.902400,28.024752,4.489326,4.780621,75.267475,0
2023-12-01,sz.300880,19.5070169300,19.8534661700,19.0739553800,19.2375564100,19.3530394900,3460244,69394993.7000,2,1.791400,1,-0.596700,27.857524,4.462537,4.752094,74.818340,0
2023-12-04,sz.300880,19.2664271800,19.3915338500,19.0547082000,19.1220733300,19.2375564100,2636441,52534209.4600,2,1.364900,1,-0.600300,27.690295,4.435749,4.723567,74.369206,0
2023-12-05,sz.300880,19.1220733300,19.1220733300,18.3810569000,18.3810569000,19.1220733300,2825300,54699589.6100,2,1.462700,1,-3.875200,26.617244,4.263855,4.540520,71.487259,0
2023-12-06,sz.300880,18.3906804900,18.7178825500,18.3040681800,18.4291748500,18.3810569000,2469849,47577362.8000,2,1.278700,1,0.261800,26.686922,4.275017,4.552406,71.674398,0
2023-12-07,sz.300880,18.4484220300,18.6890117800,18.2655738200,18.3810569000,18.4291748500,2105800,40303690.9200,2,1.090200,1,-0.261100,26.617244,4.263855,4.540520,71.487259,0
2023-12-08,sz.300880,18.5254107500,19.0354610200,18.3329389500,18.5254107500,18.3810569000,4108495,79511711.7600,2,2.127000,1,0.785300,26.826280,4.297341,4.576178,72.048677,0
2023-12-11,sz.300880,18.5446579300,18.7275061400,17.9864897100,18.6986353700,18.5254107500,2829606,54426989.9100,2,1.464900,1,0.935100,27.077123,4.337524,4.618969,72.722379,0
2023-12-12,sz.300880,18.6697646000,19.0258374300,18.5735287000,18.8141184500,18.6986353700,2615549,51075652.1200,2,1.354100,1,0.617600,27.244351,4.364312,4.647495,73.171513,0
2023-12-13,sz.300880,18.8141184500,19.2471800000,18.5639051100,18.9680958900,18.8141184500,3783332,74498161.2000,2,1.958700,1,0.818400,27.467323,4.400031,4.685531,73.770359,0
2023-12-14,sz.300880,18.9296015300,19.1798148700,18.7467533200,18.7563769100,18.9680958900,2478180,48821648.2000,2,1.283000,1,-1.116200,27.160737,4.350918,4.633232,72.946946,0
2023-12-15,sz.300880,18.7563769100,18.9392251200,18.3618097200,18.4676692100,18.7563769100,2298600,44277166.0000,2,1.190000,1,-1.539300,26.742665,4.283947,4.561915,71.824110,0
2023-12-18,sz.300880,18.3521861300,18.4676692100,17.9287481700,18.0538548400,18.4676692100,2166296,40752390.2000,2,1.121500,1,-2.240800,26.143429,4.187954,4.459694,70.214711,0
2023-12-19,sz.300880,18.0634784300,18.3233153600,17.8517594500,18.1500907400,18.0538548400,1596554,30006914.8800,2,0.826500,1,0.533000,26.282786,4.210278,4.483466,70.588989,0
2023-12-20,sz.300880,18.1500907400,18.8526128100,18.1500907400,18.2751974100,18.1500907400,2768338,53306628.8800,2,1.433200,1,0.689300,26.463951,4.239299,4.514370,71.075552,0
2023-12-21,sz.300880,18.1885851000,18.5446579300,17.6304168800,18.3906804900,18.2751974100,2795794,52567479.9800,2,1.447400,1,0.631900,26.631179,4.266087,4.542897,71.524686,0
2023-12-22,sz.300880,18.4965399800,18.6120230600,17.8806302200,17.9479953500,18.3906804900,2301236,43120125.0000,2,1.191400,1,-2.407100,25.990136,4.163398,4.433544,69.803004,0
2023-12-25,sz.300880,17.9191245800,18.0923492000,17.7266527800,17.9383717600,17.9479953500,1577760,29367002.3200,2,0.816800,1,-0.053600,25.976200,4.161165,4.431167,69.765576,0
2023-12-26,sz.300880,17.9383717600,17.9383717600,17.3513327700,17.5149338000,17.9383717600,1735454,31596767.5000,2,0.898500,1,-2.360500,25.363028,4.062940,4.326569,68.118749,0
2023-12-27,sz.300880,17.4764394400,17.8325122700,17.3994507200,17.8036415000,17.5149338000,1663304,30515454.7600,2,0.861100,1,1.648400,25.781100,4.129912,4.397886,69.241586,0
2023-12-28,sz.300880,17.8132650900,18.7852476800,17.5438045700,18.6793881900,17.8036415000,3796380,72884022.2800,2,1.965400,1,4.918900,27.049251,4.333059,4.614214,72.647523,0
2023-12-29,sz.300880,18.6312702400,19.1798148700,18.5927758800,19.1701912800,18.6793881900,3697100,73040761.0000,2,1.914000,1,2.627500,27.759973,4.446911,4.735453,74.556345,0
2024-01-02,sz.300880,19.3049215400,19.3049215400,18.9680958900,19.0162138400,19.1701912800,2512772,49785052.4800,2,1.300900,1,-0.803200,27.537002,4.411192,4.697417,73.957499,0
2024-01-03,sz.300880,19.0258374300,19.1605676900,18.7467533200,18.9969666600,19.0162138400,1887116,37081166.0400,2,0.977000,1,-0.101200,27.509130,4.406728,4.692663,73.882643,0
2024-01-04,sz.300880,19.0547082000,19.0739553800,18.6890117800,18.8526128100,18.9969666600,1451184,28377823.7200,2,0.751300,1,-0.759900,27.300094,4.373242,4.657004,73.321225,0
2024-01-05,sz.300880,18.8814835800,19.0739553800,18.3425625400,18.4484220300,18.8526128100,1618168,31388030.9600,2,0.837700,1,-2.144000,26.714794,4.279482,4.557161,71.749254,0
2024-01-08,sz.300880,18.4772928000,18.5350343400,17.9576189400,17.9576189400,18.4484220300,1756644,33178854.6800,2,0.909400,1,-2.660400,26.004072,4.165630,4.435922,69.840432,0
2024-01-09,sz.300880,17.9576189400,18.5061635700,17.9095009900,18.0731020200,17.9576189400,2131358,40276072.1600,2,1.103400,1,0.643100,26.171300,4.192419,4.464448,70.289566,0
2024-01-10,sz.300880,18.1308435600,18.1693379200,17.5726753400,17.6881584200,18.0731020200,1901432,35211327.6800,2,0.984400,1,-2.129900,25.613871,4.103123,4.369359,68.792451,0
2024-01-11,sz.300880,17.6785348300,18.0057368900,17.5341809800,17.9383717600,17.6881584200,1845956,34112054.9200,2,0.955700,1,1.414600,25.976200,4.161165,4.431167,69.765576,0
2024-01-12,sz.300880,17.9961133000,18.3329389500,17.8036415000,17.8036415000,17.9383717600,1530560,28686344.0000,2,0.792400,1,-0.751100,25.781100,4.129912,4.397886,69.241586,0
2024-01-15,sz.300880,17.8325122700,17.8806302200,17.4860630300,17.6689112400,17.8036415000,1498152,27505527.4000,2,0.775600,1,-0.756800,25.586000,4.098659,4.364604,68.717595,0
2024-01-16,sz.300880,17.7266527800,17.8998774000,17.1877317400,17.4283214900,17.6689112400,2521656,45729838.9200,2,1.305500,1,-1.361700,25.237606,4.042849,4.305174,67.781898,0
2024-01-17,sz.300880,17.4090743100,17.6015461100,16.9278948100,16.9278948100,17.4283214900,2811230,50316441.0600,2,1.455400,1,-2.871300,24.512948,3.926765,4.181557,65.835648,0
2024-01-18,sz.300880,16.5910691600,16.9952599400,16.1580076100,16.5140804400,16.9278948100,3149262,53877100.9000,2,1.630400,1,-2.444600,23.913712,3.830772,4.079336,64.226249,0
2024-01-19,sz.300880,16.5525748000,16.7931645500,16.2157491500,16.2253727400,16.5140804400,2117820,36084907.1400,2,1.096400,1,-1.748300,23.495640,3.763801,4.008019,63.103413,0
2024-01-22,sz.300880,16.4370917200,16.4370917200,14.9261880900,15.1090363000,16.2253727400,2939836,47694569.8400,2,1.522000,1,-6.880200,21.879096,3.504844,3.732260,58.761778,0
2024-01-23,sz.300880,14.8876937300,15.2341429700,14.8010814200,15.0416711700,15.1090363000,2611990,40685934.9600,2,1.352200,1,-0.445900,21.781545,3.489218,3.715619,58.499783,0
2024-01-24,sz.300880,15.0512947600,15.3111316900,14.4065142300,15.0994127100,15.0416711700,2712213,41922221.5100,2,1.404100,1,0.383900,21.865160,3.502612,3.729883,58.724350,0
2024-01-25,sz.300880,15.1860250200,15.5420978500,14.9165645000,15.5228506700,15.0994127100,3292260,52291128.0000,2,1.704400,1,2.804300,22.478332,3.600837,3.834481,60.371177,0
2024-01-26,sz.300880,15.5228506700,15.7634404200,15.2148957900,15.2533901500,15.5228506700,2041820,32694287.8000,2,1.057100,1,-1.735900,22.088132,3.538330,3.767918,59.323196,0
2024-01-29,sz.300880,15.3592496400,15.4458619500,14.7240927000,14.7433398800,15.2533901500,1835624,28498749.7600,2,0.950300,1,-3.343800,21.349538,3.420014,3.641925,57.339518,0
2024-01-30,sz.300880,14.4835029500,14.9550588600,14.2236660200,14.2429132000,14.7433398800,2123304,32092102.8400,2,1.099200,1,-3.394300,20.624880,3.303930,3.518309,55.393268,0
2024-01-31,sz.300880,14.2429132000,14.3391491000,13.2805542000,13.3190485600,14.2429132000,2787400,39845230.0000,2,1.443100,1,-6.486500,19.287050,3.089621,3.290094,51.800192,0
2024-02-01,sz.300880,13.2805542000,13.5115203600,12.9148577800,13.2131890700,13.3190485600,2529180,34732696.8000,2,1.309400,1,-0.794800,19.133757,3.065064,3.263944,51.388485,0
2024-02-02,sz.300880,13.2613070200,13.5018967700,11.8562628800,12.3278187900,13.2131890700,4532853,59360004.3000,2,2.346700,1,-6.700700,17.851670,2.859685,3.045239,47.945119,0
2024-02-05,sz.300880,12.1545941700,12.3181952000,10.3646064300,10.7880443900,12.3278187900,5673924,65095776.8000,2,2.937400,1,-12.490200,15.621953,2.502503,2.664881,41.956658,0
2024-02-06,sz.300880,10.4897131000,11.5001900500,9.6620843600,11.3462126100,10.7880443900,7653261,83793609.8500,2,3.961900,1,5.174000,16.430225,2.631982,2.802761,44.127475,0
2024-02-07,sz.300880,11.2018587600,11.4328249200,10.2972413000,10.4223479700,11.3462126100,7352744,82062518.7000,2,3.806400,1,-8.142500,15.092395,2.417673,2.574546,40.534398,0
2024-02-08,sz.300880,10.0855223200,11.9621223700,10.0855223200,11.9524987800,10.4223479700,7745560,89045102.0100,2,3.989300,1,14.681400,17.397009,2.786852,2.967680,46.724014,0
2024-02-19,sz.300880,11.9621223700,12.8667398300,11.9621223700,12.3566895600,11.9524987800,6563482,84471636.4500,2,3.380400,1,3.381600,17.985313,2.881094,3.068036,48.304053,0
2024-02-20,sz.300880,12.2989480200,12.5876557200,12.0102403200,12.5876557200,12.3566895600,3994567,51286865.0700,2,2.057400,1,1.869200,18.321487,2.934946,3.125383,49.206932,0
2024-02-21,sz.300880,12.4529254600,13.3767901000,12.3374423800,12.8763634200,12.5876557200,5890810,79594843.7100,2,3.034000,1,2.293600,18.741705,3.002261,3.197066,50.335532,0
2024-02-22,sz.300880,12.9437285500,13.3960372800,12.8186218800,13.3382957400,12.8763634200,5108736,69720864.0600,2,2.631200,1,3.587400,19.414053,3.109965,3.311759,52.141291,0
2024-02-23,sz.300880,13.4730260000,14.1274301200,13.2613070200,14.0408178100,13.3382957400,5651228,80461226.4200,2,2.910600,1,5.267000,20.436583,3.273766,3.486188,54.887549,0
2024-02-26,sz.300880,14.6278568000,15.7153224700,14.2140424300,15.1186598900,14.0408178100,10536992,161710956.5700,2,5.426900,1,7.676500,22.005395,3.525076,3.753805,59.100987,0
2024-02-27,sz.300880,14.8203286000,15.0994127100,14.5219973100,15.0416711700,15.1186598900,8752631,134634595.6800,2,4.507900,1,-0.509200,21.893337,3.507126,3.734689,58.800027,0
2024-02-28,sz.300880,15.3881204100,15.6672045200,13.8483460100,13.8483460100,15.0416711700,9755643,152540610.3600,2,5.024500,1,-7.933500,20.156438,3.228889,3.438399,54.135150,0
2024-02-29,sz.300880,13.7521101100,14.5412444900,13.7521101100,14.4642557700,13.8483460100,5798304,86033924.7500,2,2.986300,1,4.447500,21.052902,3.372495,3.591323,56.542828,0
2024-03-01,sz.300880,14.4450085900,16.0521481200,14.3872670500,15.4843563100,14.4642557700,9929579,157779544.0300,2,5.114100,1,7.052600,22.537671,3.610342,3.844603,60.530546,0
2024-03-04,sz.300880,15.4169911800,15.5805922100,14.8395757800,15.3592496400,15.4843563100,7341996,115904256.2300,2,3.781400,1,-0.808000,22.355576,3.581172,3.813541,60.041486,0
2024-03-05,sz.300880,15.0994127100,16.3504794100,14.9646824500,16.0617717100,15.3592496400,10000377,163453511.8400,2,5.150600,1,4.573900,23.378106,3.744973,3.987969,62.787745,0
2024-03-06,sz.300880,15.6383337500,17.3128384100,15.5132270800,16.5140804400,16.0617717100,12043937,207509622.3300,2,6.203100,1,2.816100,24.036447,3.850433,4.100273,64.555884,0
2024-03-07,sz.300880,16.5140804400,16.6969286500,15.5613450300,15.7826876000,16.5140804400,7811539,130997052.1200,2,4.023200,1,-4.428900,22.971896,3.679901,3.918676,61.696765,0
2024-03-08,sz.300880,15.9174178600,16.0425245300,15.4362383600,15.7345696500,15.7826876000,4777847,77944073.9400,2,2.460800,1,-0.304900,22.901859,3.668682,3.906729,61.508666,0
2024-03-11,sz.300880,15.8019347800,16.6006927500,15.6864517000,16.2831142800,15.7345696500,6278473,106039089.9100,2,3.233600,1,3.486200,23.700273,3.796581,4.042926,63.653004,0
2024-03-12,sz.300880,16.2638671000,16.8316589100,16.0713953000,16.2349963300,16.2831142800,6057237,102797497.1300,2,3.119700,1,-0.295500,23.630236,3.785362,4.030979,63.464904,0
2024-03-13,sz.300880,16.0906424800,16.4852096700,16.0329009400,16.1483840200,16.2349963300,3963247,66659510.2300,2,2.041200,1,-0.533500,23.504171,3.765167,4.009474,63.126325,0
2024-03-14,sz.300880,16.2446199200,16.2446199200,15.5998393900,15.8308055500,16.1483840200,4106113,67857219.6600,2,2.114800,1,-1.966600,23.041932,3.691121,3.930623,61.884865,0
2024-03-15,sz.300880,15.8211819600,16.1483840200,15.5902158000,16.1387604300,15.8308055500,3117079,51403736.4500,2,1.605400,1,1.945300,23.490164,3.762924,4.007085,63.088705,0
2024-03-18,sz.300880,16.2927378700,16.3601030000,16.0713953000,16.3216086400,16.1387604300,3562375,60089208.5800,2,1.834800,1,1.133000,23.756302,3.805557,4.052484,63.803484,0
2024-03-19,sz.300880,16.3216086400,16.6776814700,16.1483840200,16.4274681300,16.3216086400,4000398,68425497.3800,2,2.060400,1,0.648600,23.910382,3.830239,4.078768,64.217304,0
2024-03-20,sz.300880,16.4948332600,17.0337543000,16.3601030000,16.7450466000,16.4274681300,5424743,93903825.0800,2,2.793900,1,1.933200,24.372621,3.904286,4.157619,65.458763,0
2024-03-21,sz.300880,16.7835409600,16.8701532700,16.1965019700,16.5814455700,16.7450466000,4790514,82243821.3800,2,2.467300,1,-0.977000,24.134498,3.866140,4.116999,64.819224,0
2024-03-22,sz.300880,16.6295635200,16.6969286500,16.1676312000,16.4274681300,16.5814455700,3291891,56158900.2600,2,1.695400,1,-0.928600,23.910382,3.830239,4.078768,64.217304,0
2024-03-25,sz.300880,16.3408558200,16.5525748000,15.8885470900,15.9751594000,16.4274681300,3361912,56819391.8000,2,1.731500,1,-2.753400,23.252041,3.724778,3.966465,62.449165,0
2024-03-26,sz.300880,15.8500527300,16.3408558200,15.7923111900,16.1580076100,15.9751594000,3036067,50652694.6300,2,1.563700,1,1.144600,23.518178,3.767411,4.011864,63.163945,0
2024-03-27,sz.300880,16.2542435100,16.3216086400,15.1956486100,15.1956486100,16.1580076100,3134028,50847540.6400,2,1.614100,1,-5.955900,22.117453,3.543027,3.772920,59.401947,0
2024-03-28,sz.300880,15.1860250200,15.8596763200,15.1860250200,15.6672045200,15.1956486100,2660505,43196595.7000,2,1.370300,1,3.103200,22.803809,3.652975,3.890003,61.245326,0
2024-03-29,sz.300880,15.6672045200,15.9559122200,15.5036034900,15.7249460600,15.6672045200,2199400,35949641.0000,2,1.132800,1,0.368600,22.887852,3.666438,3.904339,61.471046,0
2024-04-01,sz.300880,15.8596763200,16.9567655800,15.8596763200,16.4659624900,15.7249460600,5674389,97473899.5800,2,2.922500,1,4.712400,23.966411,3.839214,4.088326,64.367784,0
2024-04-02,sz.300880,16.4274681300,16.6873050600,16.2446199200,16.3601030000,16.4659624900,3495181,59682303.5800,2,1.800100,1,-0.642900,23.812331,3.814532,4.062042,63.953964,0
2024-04-03,sz.300880,16.3697265900,16.4274681300,15.7923111900,15.9462886300,16.3601030000,2754660,45850653.5300,2,1.418800,1,-2.529400,23.210019,3.718047,3.959296,62.336305,0
2024-04-08,sz.300880,15.9366650400,16.5718219800,15.2052722000,15.2533901500,15.9462886300,5642329,92092133.8600,2,2.906000,1,-4.345200,22.201497,3.556490,3.787257,59.627667,0
2024-04-09,sz.300880,15.3881204100,15.6960752900,15.2245193800,15.4554855400,15.2533901500,2779255,44550219.4600,2,1.431400,1,1.324900,22.495649,3.603611,3.837435,60.417686,0
2024-04-10,sz.300880,15.4458619500,15.5324742600,14.7144691100,14.9165645000,15.4554855400,2712108,42256736.2400,2,1.396800,1,-3.486900,21.711243,3.477956,3.703626,58.310967,0
2024-04-11,sz.300880,15.0512947600,15.4747327200,14.7337162900,15.1764014300,14.9165645000,2837305,44935245.4600,2,1.461300,1,1.741900,22.089439,3.538539,3.768141,59.326707,0
2024-04-12,sz.300880,15.1667778400,15.9366650400,14.8684465500,15.2245193800,15.1764014300,3145751,50258420.0800,2,1.620200,1,0.317100,22.159475,3.549759,3.780088,59.514807,0
2024-04-15,sz.300880,15.0416711700,15.2822609200,13.9157111400,14.1947952500,15.2245193800,3812376,57289241.1200,2,1.963500,1,-6.763600,20.660699,3.309667,3.524419,55.489469,0
2024-04-16,sz.300880,14.1851716600,14.1851716600,12.7512567500,12.9629757300,14.1947952500,4320016,59231385.9200,2,2.225000,1,-8.678000,18.867770,3.022456,3.218571,50.674112,0
2024-04-17,sz.300880,13.2709306100,14.1081829400,13.2709306100,14.0985593500,12.9629757300,4149333,59879176.7200,2,2.137100,1,8.760200,20.520626,3.287229,3.500524,55.113269,0
2024-04-18,sz.300880,14.1466773000,14.3680198700,13.8098516500,14.0504414000,14.0985593500,2625583,38559673.2000,2,1.352300,1,-0.341300,20.450590,3.276010,3.488577,54.925169,0
2024-04-19,sz.300880,13.9734526800,14.1659244800,13.7713572900,13.9157111400,14.0504414000,2073110,29971897.7400,2,1.067700,1,-0.958900,20.254488,3.244596,3.455125,54.398490,0
2024-04-22,sz.300880,13.7617337000,14.0504414000,13.3286721500,13.8964639600,13.9157111400,2200808,31552753.3600,2,1.133500,1,-0.138300,20.226474,3.240108,3.450346,54.323250,0
2024-04-23,sz.300880,13.7521101100,14.0504414000,13.7521101100,13.9926998600,13.8964639600,1803784,26125260.8400,2,0.929000,1,0.692500,20.366546,3.262547,3.474241,54.699449,0
2024-04-24,sz.300880,14.0023234500,14.5027501300,13.9157111400,14.4931265400,13.9926998600,2428064,36192746.2000,2,1.250500,1,3.576300,21.094924,3.379227,3.598491,56.655688,0
2024-04-25,sz.300880,14.3872670500,14.7240927000,14.3487726900,14.6663511600,14.4931265400,2199299,33423044.0700,2,1.132700,1,1.195200,21.347054,3.419616,3.641501,57.332848,0
2024-04-26,sz.300880,15.2533901500,16.4563389000,14.8684465500,15.5902158000,14.6663511600,8120382,132074809.9900,2,4.182300,1,6.299200,18.976911,3.288938,3.165481,-65.166868,0
2024-04-29,sz.300880,15.5036034900,16.5429512100,15.5036034900,16.3504794100,15.5902158000,6964721,117013528.1300,2,3.587100,1,4.876500,19.902328,3.449324,3.319847,-68.344759,0
2024-04-30,sz.300880,16.5621983900,16.6873050600,16.0713953000,16.3793501800,16.3504794100,4082484,69122010.5200,2,2.102600,1,0.176600,19.937471,3.455415,3.325709,-68.465438,0
2024-05-06,sz.300880,16.7450466000,16.8894004500,16.5237040300,16.5718219800,16.3793501800,4071939,70590769.3500,2,2.097200,1,1.175100,20.171754,3.496019,3.364789,-69.269967,0
2024-05-07,sz.300880,16.5718219800,16.7257994200,16.4370917200,16.6006927500,16.5718219800,3251228,56014580.8400,2,1.674500,1,0.174200,20.206896,3.502109,3.370651,-69.390647,0
2024-05-08,sz.300880,16.7257994200,18.2367030500,16.5044568500,17.1107430200,16.6006927500,11058612,200235072.2100,2,5.695600,1,3.072500,20.827746,3.609710,3.474213,-71.522649,0
2024-05-09,sz.300880,16.8605296800,17.8517594500,16.8605296800,17.3224620000,17.1107430200,8697378,157057481.2400,2,4.479500,1,1.237300,21.085457,3.654375,3.517201,-72.407631,0
2024-05-10,sz.300880,17.2743440500,19.0065902500,16.8701532700,18.3521861300,17.3224620000,16734597,316708846.5800,2,8.618900,1,5.944400,22.338870,3.871607,3.726279,-76.711863,0
2024-05-13,sz.300880,18.3521861300,19.2568035900,17.6785348300,19.0547082000,18.3521861300,17039809,327880633.2300,2,8.776100,1,3.828000,23.194003,4.019813,3.868921,-79.648394,0
2024-05-14,sz.300880,18.2848210000,20.9409318400,18.0538548400,19.3337923100,19.0547082000,19342674,391523327.9900,2,9.962200,1,1.464600,23.533713,4.078689,3.925587,-80.814962,0
2024-05-15,sz.300880,18.7756240900,19.8053482200,17.8902538100,17.8902538100,19.3337923100,15720403,303798260.1500,2,8.096600,1,-7.466400,21.776591,3.774157,3.632487,-74.780992,0
2024-05-16,sz.300880,17.5534281600,18.1500907400,17.1684845600,17.3128384100,17.8902538100,11130996,202890635.3800,2,5.732900,1,-3.227500,21.073743,3.652345,3.515247,-72.367405,0
2024-05-17,sz.300880,17.3224620000,17.8902538100,17.2743440500,17.6785348300,17.3128384100,8383839,153365756.3000,2,4.318000,1,2.112300,21.518880,3.729493,3.589499,-73.896010,0
2024-05-20,sz.300880,17.5630517500,18.2751974100,17.3320855900,18.1404671500,17.6785348300,8691040,161316667.0300,2,4.476200,1,2.613000,22.081159,3.826943,3.683291,-75.826880,0
2024-05-21,sz.300880,17.8517594500,17.8998774000,17.5341809800,17.5822989300,18.1404671500,5527535,101433428.4300,2,2.846900,1,-3.076900,21.401739,3.709191,3.569959,-73.493746,0
2024-05-22,sz.300880,17.6207932900,17.8421358600,17.3224620000,17.5630517500,17.5822989300,5496786,100078646.5800,2,2.831000,1,-0.109500,21.378310,3.705130,3.566051,-73.413293,0
2024-05-23,sz.300880,17.4475686700,17.4956866200,17.1396137900,17.2358496900,17.5630517500,4750996,85417640.2400,2,2.446900,1,-1.863000,20.980030,3.636103,3.499615,-72.045593,0
2024-05-24,sz.300880,17.4956866200,20.2095390000,17.4956866200,19.5840056500,17.2358496900,23936184,480779073.7700,2,12.328000,1,13.623700,23.838280,4.131474,3.976391,-81.860850,0
2024-05-27,sz.300880,19.5358877000,19.9785728400,18.9007307600,19.5166405200,19.5840056500,19773189,400366487.2600,2,10.183900,1,-0.344000,23.756281,4.117263,3.962713,-81.579264,0
2024-05-28,sz.300880,19.0643317900,23.2024754900,19.0547082000,22.1342570000,19.5166405200,26708292,570511186.5600,2,13.755800,1,13.412200,26.942528,4.669479,4.494201,-92.520862,0
2024-05-29,sz.300880,20.2095390000,21.6530775000,20.1614210500,20.7677072200,22.1342570000,19741467,428404498.4500,2,10.167600,1,-6.173900,25.279120,4.381190,4.216733,-86.808705,0
2024-05-30,sz.300880,20.4886231100,21.0179205600,19.6128764200,19.6128764200,20.7677072200,13888932,288507101.9800,2,7.153300,1,-5.560700,23.873423,4.137565,3.982253,-81.981529,0
2024-05-31,sz.300880,19.5166405200,20.2865277200,19.1894384600,19.9593256600,19.6128764200,13637652,280300415.6100,2,7.023900,1,1.766400,24.295132,4.210652,4.052597,-83.429682,0
2024-06-03,sz.300880,19.6513707800,19.9785728400,19.0450846100,19.2856743600,19.9593256600,10337395,207260315.8100,2,5.324100,1,-3.375100,23.475142,4.068538,3.915817,-80.613829,0
2024-06-04,sz.300880,19.2856743600,20.5078702900,18.3329389500,20.4982467000,19.2856743600,15920387,325652908.1900,2,8.199600,1,6.287400,24.951124,4.324344,4.162021,-85.682364,0
2024-06-05,sz.300880,19.9689492500,20.1902918200,19.0547082000,19.0547082000,20.4982467000,11447017,232256080.8800,2,5.895600,1,-7.042300,23.194003,4.019813,3.868921,-79.648394,0
2024-06-06,sz.300880,18.9873430700,19.5166405200,18.2367030500,18.3810569000,19.0547082000,8778633,173465920.4200,2,4.521300,1,-3.535400,22.374013,3.877698,3.732141,-76.832542,0
2024-06-07,sz.300880,18.6408938300,18.8429892200,17.3224620000,17.7362763700,18.3810569000,9400226,173603552.5800,2,4.841500,1,-3.507900,21.589165,3.741674,3.601223,-74.137369,0
2024-06-11,sz.300880,17.5438045700,18.1693379200,16.9182712200,18.0731020200,17.7362763700,6205792,113683687.0800,2,3.196200,1,1.899100,21.999160,3.812731,3.669613,-75.545295,0
2024-06-12,sz.300880,18.0634784300,18.6505174200,17.8902538100,18.3040681800,18.0731020200,5859911,111748556.9500,2,3.018100,1,1.278000,22.280299,3.861456,3.716509,-76.510730,0
2024-06-13,sz.300880,18.3136917700,18.9392251200,18.2463266400,18.5735287000,18.3040681800,7662567,148309892.9100,2,3.946500,1,1.472100,22.608295,3.918302,3.771221,-77.637071,0
2024-06-14,sz.300880,18.5735287000,20.1133031000,18.3714333100,19.6706179600,18.5735287000,14287827,290473494.7200,2,7.358800,1,5.906700,23.943708,4.149746,3.993977,-82.222888,0
2024-06-17,sz.300880,19.2279328200,20.1325502800,19.0547082000,19.8630897600,19.6706179600,12245399,251389147.2800,2,6.306800,1,0.978500,24.177991,4.190350,4.033057,-83.027417,0
2024-06-18,sz.300880,19.7379830900,20.1710446400,19.4492753900,20.0074436100,19.8630897600,10558412,216924057.7600,2,5.438000,1,0.726700,24.353703,4.220803,4.062367,-83.630814,0
2024-06-19,sz.300880,19.8534661700,19.8534661700,19.0643317900,19.2183092300,20.0074436100,9061286,182248734.6800,2,4.666900,1,-3.944200,23.393143,4.054326,3.902139,-80.332244,0
2024-06-20,sz.300880,19.0835789700,19.4781461600,18.5927758800,18.7178825500,19.2183092300,6563555,129208763.4500,2,3.380500,1,-2.603900,22.784008,3.948755,3.800531,-78.240468,0
2024-06-21,sz.300880,18.6216466500,18.8237420400,18.2463266400,18.3329389500,18.7178825500,4708144,90277906.4000,2,2.424900,1,-2.056600,22.315442,3.867547,3.722371,-76.631410,0
2024-06-24,sz.300880,18.0923492000,18.5157871600,17.6400404700,17.6977820100,18.3329389500,4766204,89192714.0000,2,2.454800,1,-3.464600,21.542308,3.733553,3.593407,-73.976463,0
2024-06-25,sz.300880,17.8613830400,18.0057368900,17.2454732800,17.5438045700,17.6977820100,3929924,71811518.0400,2,2.024100,1,-0.870000,21.354882,3.701070,3.562143,-73.332840,0
2024-06-26,sz.300880,17.5726753400,17.9479953500,17.2550968700,17.9479953500,17.5438045700,3940555,72444367.7000,2,2.029500,1,2.303900,21.846876,3.786339,3.644211,-75.022351,0
2024-06-27,sz.300880,17.8902538100,18.6408938300,17.5245573900,18.2655738200,17.9479953500,7313848,137282019.1200,2,3.766900,1,1.769400,22.233443,3.853335,3.708693,-76.349824,0
2024-06-28,sz.300880,18.1500907400,19.4204046200,18.0249840700,18.8911071700,18.2655738200,9280360,181182673.4000,2,4.779700,1,3.424700,22.994862,3.985299,3.835703,-78.964544,0
2024-07-01,sz.300880,18.8911071700,19.4588989800,18.8429892200,18.8526128100,18.8911071700,7835620,155592515.0000,2,4.035600,1,-0.203800,22.948006,3.977178,3.827887,-78.803639,0
2024-07-02,sz.300880,18.6697646000,19.2086856400,18.2078322800,18.9584723000,18.8526128100,7148087,139142503.5300,2,3.681500,1,0.561500,23.076861,3.999510,3.849381,-79.246130,0
2024-07-03,sz.300880,18.7082589600,18.8622364000,17.8325122700,17.8613830400,18.9584723000,6016207,113234723.0900,2,3.098600,1,-5.786800,21.741449,3.768067,3.626625,-74.660313,0
2024-07-04,sz.300880,17.9672425300,18.1212199700,17.2166025100,17.3224620000,17.8613830400,4438460,81505088.8000,2,2.286000,1,-3.017200,21.085457,3.654375,3.517201,-72.407631,0
2024-07-05,sz.300880,17.3802035400,17.5534281600,16.5525748000,16.7931645500,17.3224620000,4591260,80471258.8000,2,2.364700,1,-3.055600,20.441179,3.542714,3.409731,-70.195176,0
2024-07-08,sz.300880,16.8509060900,17.2839676400,16.6584342900,16.9375184000,16.7931645500,3969000,69835114.1100,2,2.044200,1,0.859600,20.616891,3.573167,3.439041,-70.798573,0
2024-07-09,sz.300880,16.9471419900,17.5919225200,16.3216086400,17.5053102100,16.9375184000,5339300,94515145.7200,2,2.749900,1,3.352300,21.308026,3.692949,3.554327,-73.171934,0
2024-07-10,sz.300880,17.4668158500,17.6111697000,17.1299902000,17.3032148200,17.5053102100,3147344,56897057.6400,2,1.621000,1,-1.154500,21.062029,3.650315,3.513293,-72.327178,0
2024-07-11,sz.300880,17.7266527800,17.8517594500,17.4090743100,17.7266527800,17.3032148200,4600484,84117324.9200,2,2.369400,1,2.447200,21.577451,3.739644,3.599269,-74.097143,0
2024-07-12,sz.300880,17.9027436000,17.9027436000,17.4233805200,17.5505584800,17.7266510400,3282536,59259933.6000,2,1.690600,1,-0.993400,21.015172,3.642194,3.505477,-72.166272,0
2024-07-15,sz.300880,17.5701243200,17.7657827200,16.7092273600,16.7874907200,17.5505584800,3782312,65691537.6000,2,1.948000,1,-4.347800,20.101469,3.483838,3.353065,-69.028608,0
2024-07-16,sz.300880,16.8755370000,16.9440174400,16.3374764000,16.5820494000,16.7874907200,3170500,53633464.0000,2,1.632900,1,-1.223800,19.855472,3.441203,3.312031,-68.183853,0
2024-07-17,sz.300880,16.6407469200,16.7092273600,15.8483304000,15.9070279200,16.5820494000,4295093,70797265.4800,2,2.212100,1,-4.070800,19.047196,3.301119,3.177205,-65.408227,0
2024-07-18,sz.300880,15.7602841200,15.9265937600,15.4080990000,15.7700670400,15.9070279200,3106592,49676110.6000,2,1.600000,1,-0.861000,18.883198,3.272696,3.149849,-64.845056,0
2024-07-19,sz.300880,15.8385474800,16.1124692400,15.5352769600,15.8874620800,15.7700670400,2636900,43036237.0000,2,1.358100,1,0.744400,19.023768,3.297058,3.173297,-65.327774,0
2024-07-22,sz.300880,15.8678962400,16.3472593200,15.8483304000,16.0733375600,15.8874620800,2591300,42684360.0000,2,1.334600,1,1.170000,19.246337,3.335632,3.210423,-66.092077,0
2024-07-23,sz.300880,16.0733375600,16.2689959600,15.5646257200,15.5841915600,16.0733375600,2357500,38204478.0000,2,1.214200,1,-3.043200,18.660629,3.234122,3.112723,-64.080754,0
2024-07-24,sz.300880,15.5548428000,15.7994158000,15.3396185600,15.3591844000,15.5841915600,2405820,38161015.2000,2,1.239100,1,-1.443800,18.391204,3.187427,3.067781,-63.155545,0
2024-07-25,sz.300880,15.2515722800,15.7113695200,15.0950455600,15.4472306800,15.3591844000,2449096,38615651.4000,2,1.261400,1,0.573200,18.496631,3.205699,3.085367,-63.517583,0
2024-07-26,sz.300880,15.5352769600,15.7798499600,15.4667965200,15.7015866000,15.4472306800,2276732,36455162.7600,2,1.172600,1,1.646600,18.801199,3.258484,3.136171,-64.563471,0
2024-07-29,sz.300880,15.7602841200,16.0048571200,15.6526720000,15.7113695200,15.7015866000,2106132,33930467.2000,2,1.084700,1,0.062300,18.812913,3.260515,3.138125,-64.603698,0
2024-07-30,sz.300880,15.7015866000,15.9168108400,15.4765794400,15.8091987200,15.7113695200,2187860,35203027.0000,2,1.126800,1,0.622700,18.930055,3.280817,3.157665,-65.005962,0
2024-07-31,sz.300880,15.8189816400,16.3570422400,15.6918036800,16.2885618000,15.8091987200,2974637,49050361.0900,2,1.532000,1,3.032200,19.504048,3.380297,3.253411,-66.977059,0
2024-08-01,sz.300880,16.2885618000,16.5135689600,16.1320350800,16.2787788800,16.2885618000,2664451,44432278.0900,2,1.372300,1,-0.060100,19.492334,3.378267,3.251457,-66.936832,0
2024-08-02,sz.300880,16.1907326000,16.4255226800,15.9070279200,15.9461596000,16.2787788800,2761188,45660588.3200,2,1.422100,1,-2.043300,19.094053,3.309240,3.185021,-65.569133,0
2024-08-05,sz.300880,15.7602841200,15.8972450000,14.9874334400,14.9874334400,15.9461596000,3556620,56148708.2000,2,1.831800,1,-6.012300,17.946067,3.110279,2.993529,-61.626939,0
2024-08-06,sz.300880,15.4374477600,15.6428890800,15.1635260000,15.6428890800,14.9874334400,2976088,47009251.4400,2,1.532800,1,4.373400,18.730914,3.246303,3.124447,-64.322112,0
2024-08-07,sz.300880,16.8266224000,18.7734234800,16.8266224000,17.6190389200,15.6428890800,16444257,305671719.0100,2,8.469400,1,12.632900,21.097171,3.656405,3.519155,-72.447858,0
2024-08-08,sz.300880,16.8070565600,17.0222808000,16.3276934800,16.4353056000,17.6190389200,12263244,208139889.6000,2,6.316000,1,-6.718500,19.679760,3.410750,3.282721,-67.580456,0
2024-08-09,sz.300880,16.1418180000,16.6798786000,16.0439888000,16.0439888000,16.4353056000,7514168,124991711.8000,2,3.870100,1,-2.381000,19.211194,3.329542,3.204561,-65.971397,0
2024-08-12,sz.300880,16.3570422400,17.3353342400,16.2396472000,16.9929320400,16.0439888000,10584563,180364468.6600,2,5.451400,1,5.914600,20.347466,3.526472,3.394099,-69.873364,0
2024-08-13,sz.300880,17.7755656400,20.1919468800,17.7364339600,18.8223380800,16.9929320400,21633781,419753760.6000,2,11.142200,1,10.765700,18.461006,3.794126,3.409348,43.656916,0
2024-08-14,sz.300880,18.8712526800,19.7321496400,18.3527579200,18.3723237600,18.8223380800,16562041,318608362.7900,2,8.530100,1,-2.390900,18.019631,3.703414,3.327836,42.613143,0
2024-08-15,sz.300880,18.2940604000,18.4897188000,17.9810069600,18.4016725200,18.3723237600,11198416,208687712.6800,2,5.767600,1,0.159700,18.048416,3.709330,3.333152,42.681215,0
2024-08-16,sz.300880,18.3723237600,18.4408042000,17.9027436000,18.0299215600,18.4016725200,7511160,138680141.2800,2,3.868500,1,-2.020200,17.683802,3.634394,3.265815,41.818969,0
2024-08-19,sz.300880,17.9223094400,18.1277507600,17.7070852000,18.0005728000,18.0299215600,7059124,129168352.2800,2,3.635700,1,-0.162800,17.655017,3.628478,3.260499,41.750896,0
2024-08-20,sz.300880,18.1570995200,18.4408042000,17.5407755600,17.5799072400,18.0005728000,5820112,106248010.8800,2,2.997600,1,-2.337000,17.242426,3.543682,3.184303,40.775196,0
2024-08-21,sz.300880,17.8831777600,18.1864482800,17.5799072400,17.6190389200,17.5799072400,6153844,112279387.8400,2,3.169500,1,0.222600,17.280807,3.551570,3.191391,40.865959,0
2024-08-22,sz.300880,18.0494874000,19.1549573600,17.9614411200,18.3918896000,17.6190389200,15353140,289651333.3600,2,7.907400,1,4.386500,18.038821,3.707358,3.331380,42.658525,0
2024-08-23,sz.300880,17.9125265200,18.0494874000,17.5016438800,17.6288218400,18.3918896000,9675309,174900831.0300,2,4.983100,1,-4.148900,17.290402,3.553542,3.193163,40.888650,0
2024-08-26,sz.300880,17.2962025600,18.0005728000,17.1201100000,17.9125265200,17.6288218400,6624526,119703887.3000,2,3.411900,1,1.609300,17.568660,3.610730,3.244551,41.546680,0
2024-08-27,sz.300880,17.7755656400,17.7951314800,17.2179392000,17.3940317600,17.9125265200,5163380,91914007.8800,2,2.659300,1,-2.894600,17.060119,3.506214,3.150635,40.344073,0
2024-08-28,sz.300880,17.3157684000,17.5603414000,16.9635832800,17.4722951200,17.3940317600,3947318,69755371.8600,2,2.033000,1,0.449900,17.136880,3.521990,3.164811,40.525598,0
2024-08-29,sz.300880,17.4038146800,18.4114554400,17.1494587600,18.1375336800,17.4722951200,7204162,132273784.8200,2,3.710400,1,3.807400,17.789348,3.656086,3.285307,42.068566,0
2024-08-30,sz.300880,18.0984020000,18.8810356000,17.9516582000,18.2842774800,18.1375336800,10892636,205215241.5600,2,5.610100,1,0.809100,17.933275,3.685666,3.311888,42.408927,0
2024-09-02,sz.300880,18.2842774800,18.5973309200,18.0788361600,18.0984020000,18.2842774800,6127332,114937129.7200,2,3.155800,1,-1.016600,17.750968,3.648198,3.278219,41.977804,0
2024-09-03,sz.300880,18.2744945600,18.6658113600,18.0984020000,18.6658113600,18.0984020000,7455213,140646007.7800,2,3.839700,1,3.135100,18.307485,3.762574,3.380996,43.293864,0
2024-09-04,sz.300880,18.5581992400,18.5581992400,18.0788361600,18.2157970400,18.6658113600,6244253,116790051.8500,2,3.216000,1,-2.410900,17.866109,3.671862,3.299484,42.250092,0
2024-09-05,sz.300880,18.0984020000,18.3234091600,18.0103557200,18.0788361600,18.2157970400,4062600,75319351.3600,2,2.092400,1,-0.751900,17.731777,3.644254,3.274675,41.932422,0
2024-09-06,sz.300880,18.0788361600,18.1668824400,17.3353342400,17.3646830000,18.0788361600,6203744,111891052.6400,2,3.195200,1,-3.950200,17.031334,3.500298,3.145319,40.276001,0
2024-09-09,sz.300880,17.3157684000,17.3744659200,16.9831491200,17.1592416800,17.3646830000,3200016,56123698.5600,2,1.648100,1,-1.183100,16.829836,3.458886,3.108106,39.799496,0
2024-09-10,sz.300880,17.2962025600,17.5701243200,16.9929320400,17.5309926400,17.1592416800,3428720,60687751.6000,2,1.765900,1,2.166500,17.194451,3.533822,3.175443,40.661743,0
2024-09-11,sz.300880,17.4038146800,17.9614411200,17.3157684000,17.5994730800,17.5309926400,3989488,72005559.0000,2,2.054700,1,0.390600,17.261617,3.547626,3.187847,40.820578,0
2024-09-12,sz.300880,17.5603414000,18.0299215600,17.5505584800,17.6483876800,17.5994730800,4301971,78409656.9000,2,2.215700,1,0.277900,17.309592,3.557486,3.196707,40.934031,0
2024-09-13,sz.300880,17.8049144000,17.8929606800,17.0320637200,17.0711954000,17.6483876800,3898728,68947446.0000,2,2.008000,1,-3.270500,16.743480,3.441138,3.092158,39.595280,0
2024-09-18,sz.300880,17.0124978800,17.2864196400,16.7287932000,17.1788075200,17.0711954000,2927448,50865351.1200,2,1.507700,1,0.630400,16.849027,3.462830,3.111650,39.844877,0
2024-09-19,sz.300880,17.4722951200,17.6092560000,17.2277221200,17.3549000800,17.1788075200,3629602,64624254.4800,2,1.869400,1,1.025100,17.021739,3.498326,3.143547,40.253310,0
2024-09-20,sz.300880,17.4135976000,17.4527292800,17.0711954000,17.0907612400,17.3549000800,2455844,43155074.6000,2,1.264900,1,-1.522000,16.762671,3.445082,3.095702,39.640661,0
2024-09-23,sz.300880,17.1201100000,17.3549000800,16.9244516000,16.9831491200,17.0907612400,2438724,42601301.3600,2,1.256000,1,-0.629700,16.657124,3.423390,3.076210,39.391063,0
2024-09-24,sz.300880,17.1592416800,17.7168681200,16.8364053200,17.6875193600,16.9831491200,4797364,85232139.4000,2,2.470800,1,4.147500,17.347973,3.565374,3.203795,41.024794,0
2024-09-25,sz.300880,17.9027436000,18.4114554400,17.7266510400,18.0984020000,17.6875193600,6751828,125065809.9600,2,3.477400,1,2.323000,17.750968,3.648198,3.278219,41.977804,0
2024-09-26,sz.300880,17.9810069600,18.5386334000,17.7462168800,18.5190675600,18.0984020000,6398840,119024306.4400,2,3.295600,1,2.324300,18.163558,3.732994,3.354416,42.953504,0
2024-09-27,sz.300880,18.7832064000,19.8691105200,18.4016725200,19.3310499200,18.5190675600,9520772,185430953.4000,2,4.903600,1,4.384600,18.959953,3.896670,3.501493,44.836832,0
2024-09-30,sz.300880,19.9571568000,22.4615843200,19.5658400000,22.0311358400,19.3310499200,16034490,343797567.1300,2,8.258400,1,13.967600,21.608205,4.440941,3.990568,51.099467,0
2024-10-08,sz.300880,26.3551864800,26.3551864800,23.0192107600,25.2594994400,22.0311358400,17194248,430451766.8200,2,8.855700,1,14.653600,24.774594,5.091701,4.575331,58.587399,0
2024-10-09,sz.300880,24.0268515200,24.0659832000,21.6104702800,21.6104702800,25.2594994400,13070868,307859063.5200,2,6.732000,1,-14.446200,21.195615,4.356145,3.914371,50.123766,0
2024-10-10,sz.300880,21.9626554000,22.8822498800,21.7376482400,21.7767799200,21.6104702800,9213896,210308933.2400,2,4.745500,1,0.769600,21.358732,4.389669,3.944495,50.509508,0
2024-10-11,sz.300880,21.7376482400,21.7376482400,20.3191248400,20.6419612000,21.7767799200,6776316,144911142.6800,2,3.490100,1,-5.211100,20.245698,4.160917,3.738942,47.877387,0
2024-10-14,sz.300880,20.7397904000,21.4343777200,20.2506444000,21.3463314400,20.6419612000,6127107,131169602.1000,2,3.155700,1,3.412300,20.936547,4.302901,3.866527,49.511117,0
2024-10-15,sz.300880,21.1604559600,21.6202532000,20.8180537600,20.8571854400,21.3463314400,6185475,133898665.2400,2,3.185700,1,-2.291500,20.456791,4.204301,3.777926,48.376582,0
2024-10-16,sz.300880,20.3289077600,20.9354488000,20.1528152000,20.4952174000,20.8571854400,5176272,108857298.8800,2,2.666000,1,-1.735500,20.101772,4.131337,3.712362,47.537026,0
2024-10-17,sz.300880,20.5245661600,20.9158829600,20.4365198800,20.4365198800,20.4952174000,5079628,107268045.7200,2,2.616200,1,-0.286400,20.044201,4.119505,3.701730,47.400882,0
2024-10-18,sz.300880,20.3484736000,21.7669970000,20.2702102400,21.3071997600,20.4365198800,7689040,165536592.4800,2,3.960100,1,4.260400,20.898166,4.295013,3.859439,49.420355,0
2024-10-21,sz.300880,21.3463314400,22.0604846000,21.1800218000,21.7180824000,21.3071997600,8521112,188185334.0000,2,4.388700,1,1.928400,21.301161,4.377837,3.933863,50.373364,0
2024-10-22,sz.300880,21.6398190400,22.6963744000,21.4343777200,22.5496306000,21.7180824000,9523117,215954151.7300,2,4.904800,1,3.828800,22.116746,4.545457,4.084484,52.302074,0
2024-10-23,sz.300880,22.6181110400,22.6963744000,21.8941749600,22.3050576000,22.5496306000,8888122,202353832.8800,2,4.577700,1,-1.084600,21.876868,4.496157,4.040184,51.734806,0
2024-10-24,sz.300880,22.0311358400,22.1583138000,21.7474311600,21.8648262000,22.3050576000,5565047,124713521.9800,2,2.866200,1,-1.973700,21.445088,4.407417,3.960443,50.713725,0
2024-10-25,sz.300880,21.9137408000,22.5985452000,21.8452603600,22.4322355600,21.8648262000,7260284,165312858.2400,2,3.739300,1,2.595100,22.001605,4.521793,4.063220,52.029786,0
2024-10-28,sz.300880,22.1093992000,22.2267942400,21.5713386000,22.1485308800,22.4322355600,9662909,216376692.8100,2,4.976800,1,-1.264700,19.993573,4.229160,4.040777,22.231838,0
2024-10-29,sz.300880,22.2267942400,22.3539722000,21.4050289600,21.4245948000,22.1485308800,8870434,197740897.8700,2,4.568600,1,-3.268600,19.340073,4.090927,3.908702,21.505179,0
2024-10-30,sz.300880,21.2876339200,21.6789507200,20.6419612000,21.0039292400,21.4245948000,7101192,153058219.0800,2,3.657400,1,-1.963500,18.960336,4.010603,3.831956,21.082931,0
2024-10-31,sz.300880,21.1604559600,21.2876339200,20.8180537600,21.1115413600,21.0039292400,5457384,117548004.4800,2,2.810800,1,0.512300,19.057478,4.031151,3.851589,21.190948,0
2024-11-01,sz.300880,20.8669683600,21.0724096800,20.0941176800,20.1625981200,21.1115413600,6323216,132197899.2000,2,3.256700,1,-4.494900,18.200863,3.849955,3.678464,20.238435,0
2024-11-04,sz.300880,20.1625981200,21.1898047200,20.1625981200,21.0528438400,20.1625981200,6039808,128835255.9200,2,3.110700,1,4.415300,19.004491,4.019943,3.840880,21.132030,0
2024-11-05,sz.300880,21.2093705600,21.5126410800,20.9550146400,21.4343777200,21.0528438400,6848270,148882709.8600,2,3.527100,1,1.812300,19.348904,4.092795,3.910487,21.514999,0
2024-11-06,sz.300880,21.5224240000,21.8941749600,21.1995876400,21.4050289600,21.4343777200,7625736,167903096.0800,2,3.927500,1,-0.136900,19.322410,4.087191,3.905133,21.485539,0
2024-11-07,sz.300880,21.5224240000,22.2170113200,21.3267656000,22.1974454800,21.4050289600,10105903,226381313.4600,2,5.204900,1,3.702000,20.037728,4.238500,4.049701,22.280936,0
2024-11-08,sz.300880,22.4224526400,22.4909330800,21.8256945200,21.8941749600,22.1974454800,8716728,197155998.3200,2,4.489400,1,-1.366200,19.763965,4.180592,3.994372,21.976525,0
2024-11-11,sz.300880,21.9039578800,22.5007160000,21.6985165600,22.5007160000,21.8941749600,8226905,186695862.0700,2,4.237200,1,2.770300,20.311492,4.296408,4.105030,22.585348,0
2024-11-12,sz.300880,22.8431182000,24.0464173600,22.6474598000,23.3713958800,22.5007160000,16110816,385896637.6000,2,8.297700,1,3.869600,21.097458,4.462660,4.263876,23.459302,0
2024-11-13,sz.300880,23.1757374800,23.7529297600,22.5104989200,23.2540008400,23.3713958800,10117732,238141547.4600,2,5.211000,1,-0.502300,20.991485,4.440244,4.242459,23.341466,0
2024-11-14,sz.300880,23.1757374800,23.7724956000,22.4028868000,22.4028868000,23.2540008400,8324644,196626257.2000,2,4.287500,1,-3.660100,20.223181,4.277728,4.087182,22.487150,0
2024-11-15,sz.300880,22.3735380400,22.6083281200,21.7474311600,21.8354774400,22.4028868000,5939384,135108390.8800,2,3.059000,1,-2.532800,19.710978,4.169384,3.983664,21.917607,0
2024-11-18,sz.300880,21.8159116000,21.9235237200,20.8376196000,21.0626267600,21.8354774400,5403840,117230042.0000,2,2.783200,1,-3.539400,19.013323,4.021811,3.842665,21.141849,0
2024-11-19,sz.300880,21.2289364000,21.8061286800,20.9843634000,21.8061286800,21.0626267600,4465018,97937857.8500,2,2.299700,1,3.530000,19.684485,4.163780,3.978309,21.888148,0
2024-11-20,sz.300880,21.7180824000,21.9626554000,21.4245948000,21.9137408000,21.8061286800,5549916,123115871.8000,2,2.858400,1,0.493500,19.781627,4.184328,3.997942,21.996165,0
2024-11-21,sz.300880,21.8452603600,23.2833496000,21.7376482400,22.9507303200,21.9137408000,10452880,242378009.3200,2,5.383600,1,4.732100,20.717722,4.382336,4.187130,23.037055,0
2024-11-22,sz.300880,22.7844206800,23.4790080000,21.9822212400,22.0115700000,22.9507303200,11195435,260769639.9400,2,5.766100,1,-4.092100,19.869938,4.203008,4.015790,22.094362,0
2024-11-25,sz.300880,22.0115700000,24.3007732800,21.4637264800,23.9681540000,22.0115700000,14939375,348774699.2200,2,7.694300,1,8.888900,21.636154,4.576608,4.372749,24.058305,0
2024-11-26,sz.300880,23.4790080000,24.2812074400,23.0876912000,23.5964030400,23.9681540000,11051156,265398832.1800,2,5.691800,1,-1.551000,21.300573,4.505624,4.304927,23.685156,0
2024-11-27,sz.300880,23.2833496000,24.3399049600,22.4028868000,24.1931611600,23.5964030400,14373787,347001156.9300,2,7.403000,1,2.529000,21.839269,4.619572,4.413799,24.284159,0
2024-11-28,sz.300880,23.9485881600,24.0659832000,23.5181396800,23.6159688800,24.1931611600,10042892,243788919.0000,2,5.172500,1,-2.385800,21.318235,4.509360,4.308496,23.704795,0
2024-11-29,sz.300880,23.6159688800,23.7529297600,23.0485595200,23.3420471200,23.6159688800,7972540,190703191.3500,2,4.106200,1,-1.159900,21.070965,4.457056,4.258522,23.429843,0
2024-12-02,sz.300880,23.4887909200,23.9681540000,23.2637837600,23.6257518000,23.3420471200,7513044,180446320.9300,2,3.869500,1,1.215400,21.327066,4.511228,4.310281,23.714615,0
2024-12-03,sz.300880,23.9681540000,25.6410333200,23.5572713600,24.0464173600,23.6257518000,16464544,413625545.4700,2,8.479900,1,1.780500,21.706803,4.591552,4.387027,24.136863,0
2024-12-04,sz.300880,23.3616129600,23.9583710800,22.9898620000,23.2344350000,24.0464173600,9049320,216137698.8400,2,4.660700,1,-3.376700,20.973823,4.436508,4.238889,23.321826,0
2024-12-05,sz.300880,23.0192107600,24.0464173600,22.9898620000,23.6159688800,23.2344350000,7811807,187000041.7900,2,4.023400,1,1.642100,21.318235,4.509360,4.308496,23.704795,0
2024-12-06,sz.300880,23.4790080000,23.6159688800,22.9898620000,23.4300934000,23.6159688800,6354783,151347664.0100,2,3.272900,1,-0.787100,21.150445,4.473868,4.274585,23.518221,0
2024-12-09,sz.300880,23.4203104800,25.0442752000,23.3322642000,25.0247093600,23.4300934000,14760745,366864602.0900,2,7.602300,1,6.805800,22.589911,4.778353,4.565507,25.118834,0
2024-12-10,sz.300880,25.4355920000,26.5704107200,24.5355633600,24.5844779600,25.0247093600,17713477,460335673.4600,2,9.123100,1,-1.759200,22.192513,4.694292,4.485191,24.676947,0
2024-12-11,sz.300880,24.3888195600,24.7507876000,24.1735953200,24.5649121200,24.5844779600,8179371,204276479.4100,2,4.212700,1,-0.079600,22.174850,4.690556,4.481622,24.657308,0
2024-12-12,sz.300880,24.5551292000,24.5551292000,23.8116272800,24.2225099200,24.5649121200,7890320,194736100.1600,2,4.063800,1,-1.393900,21.865762,4.625176,4.419154,24.313618,0
2024-12-13,sz.300880,24.0170686000,24.3203391200,23.3322642000,23.3713958800,24.2225099200,8101014,196467466.0000,2,4.172300,1,-3.513700,21.097458,4.462660,4.263876,23.459302,0
2024-12-16,sz.300880,23.2833496000,23.9583710800,23.0485595200,23.2540008400,23.3713958800,5577977,133646087.9200,2,2.872900,1,-0.502300,20.991485,4.440244,4.242459,23.341466,0
2024-12-17,sz.300880,23.2344350000,23.5572713600,22.2267942400,22.7550719200,23.2540008400,6996563,163107887.7600,2,3.603500,1,-2.145600,20.541100,4.344976,4.151434,22.840660,0
2024-12-18,sz.300880,22.7844206800,23.2735666800,22.4615843200,22.7550719200,22.7550719200,4644989,108869049.8000,2,2.392300,1,0.000000,20.541100,4.344976,4.151434,22.840660,0
2024-12-19,sz.300880,22.3539722000,22.9996449200,22.1583138000,22.9311644800,22.7550719200,4165688,96904459.0000,2,2.145500,1,0.773900,20.700059,4.378600,4.183561,23.017415,0
2024-12-20,sz.300880,22.8920328000,23.2833496000,22.7061573200,22.9409474000,22.9311644800,5451972,128202446.6800,2,2.808000,1,0.042700,20.708891,4.380468,4.185345,23.027235,0
2024-12-23,sz.300880,22.8920328000,23.2833496000,21.9235237200,22.0311358400,22.9409474000,4971640,113669112.9200,2,2.560600,1,-3.965900,19.887600,4.206744,4.019359,22.114001,0
2024-12-24,sz.300880,22.0115700000,23.0876912000,22.0115700000,23.0779082800,22.0311358400,7250027,168279398.1000,2,3.734000,1,4.751300,20.832526,4.406620,4.210333,23.164711,0
2024-12-25,sz.300880,22.9018157200,23.0583424400,21.9137408000,22.4322355600,23.0779082800,5323913,121880444.0900,2,2.742000,1,-2.797800,20.249674,4.283332,4.092536,22.516610,0
2024-12-26,sz.300880,22.5202818400,22.9898620000,22.3833209600,22.6670256400,22.4322355600,4332479,100600475.0500,2,2.231400,1,1.046700,20.461620,4.328164,4.135371,22.752283,0
2024-12-27,sz.300880,22.6963744000,23.3224812800,22.5398476800,22.7061573200,22.6670256400,4997858,117239751.6000,2,2.574100,1,0.172600,20.496945,4.335636,4.142510,22.791562,0
2024-12-30,sz.300880,22.7257231600,23.0192107600,22.1583138000,22.8137694400,22.7061573200,4227930,98280813.4600,2,2.177500,1,0.473900,20.594086,4.356184,4.162143,22.899579,0
2024-12-31,sz.300880,22.7844206800,22.8333352800,21.6691678000,21.7180824000,22.8137694400,5045664,113903286.5600,2,2.598700,1,-4.802700,19.605005,4.146967,3.962246,21.799770,0
2025-01-02,sz.300880,21.6202532000,21.6691678000,20.3973882000,20.5636978400,21.7180824000,4853376,104147786.8800,2,2.499700,1,-5.315300,18.562937,3.926543,3.751640,20.641044,0
2025-01-03,sz.300880,20.8376196000,20.8767512800,19.6147546000,19.7028008800,20.5636978400,4271512,88441348.1600,2,2.200000,1,-4.186500,17.785802,3.762159,3.594578,19.776909,0
2025-01-06,sz.300880,19.5854058400,20.1919468800,19.1843061200,19.8593276000,19.7028008800,3825546,77465214.7800,2,1.970300,1,0.794400,17.927099,3.792047,3.623135,19.934024,0
2025-01-07,sz.300880,20.0060714000,20.4267369600,19.7223667200,20.4169540400,19.8593276000,3299184,67822324.7600,2,1.699200,1,2.807900,18.430471,3.898523,3.724868,20.493748,0
2025-01-08,sz.300880,20.3484736000,20.4169540400,19.4875766400,20.2408614800,20.4169540400,3281700,67174540.0000,2,1.690200,1,-0.862500,18.271512,3.864899,3.692742,20.316993,0
2025-01-09,sz.300880,20.0256372400,20.5050003200,19.9571568000,20.1821639600,20.2408614800,2549800,52971736.0000,2,1.313200,1,-0.290000,18.218525,3.853691,3.682033,20.258075,0
2025-01-10,sz.300880,20.2310785600,20.3778223600,19.5756229200,19.5951887600,20.1821639600,2717852,55721425.8800,2,1.399800,1,-2.908400,17.688660,3.741611,3.574945,19.668892,0
2025-01-13,sz.300880,19.3995303600,19.7321496400,18.9592989600,19.5560570800,19.5951887600,2418220,47965697.6000,2,1.245500,1,-0.199700,17.653336,3.734139,3.567806,19.629613,0
2025-01-14,sz.300880,19.7614984000,20.5147832400,19.6245375200,20.4854344800,19.5560570800,3426704,70786682.0000,2,1.764900,1,4.752400,18.492289,3.911599,3.737362,20.562486,0
2025-01-15,sz.300880,20.5245661600,20.7495733200,20.3289077600,20.5930466000,20.4854344800,3262100,68589924.4600,2,1.671900,1,0.525300,18.680331,3.951375,3.775366,20.771580,0
2025-01-16,sz.300880,20.9843634000,21.6593848800,20.6517441200,21.1898047200,20.5930466000,6472942,140347294.3400,2,3.317600,1,2.897900,19.221661,4.065880,3.884771,21.373512,0
2025-01-17,sz.300880,21.0332780000,21.7278653200,20.8376196000,21.2974168400,21.1898047200,4778462,104235342.6600,2,2.449100,1,0.507800,19.319278,4.086529,3.904500,21.482057,0
2025-01-20,sz.300880,21.3952460400,21.8843920400,21.3952460400,21.7082994800,21.2974168400,4500564,99803942.4600,2,2.306700,1,1.929300,19.691998,4.165369,3.979828,21.896501,0
2025-01-21,sz.300880,21.7180824000,21.9235237200,21.4343777200,21.7865628400,21.7082994800,4063334,89863582.4200,2,2.082600,1,0.360500,19.762992,4.180386,3.994176,21.975443,0
2025-01-22,sz.300880,21.7180824000,21.9920041600,21.2289364000,21.3854631200,21.7865628400,4547421,100302765.8000,2,2.330700,1,-1.841000,19.399147,4.103423,3.920641,21.570866,0
2025-01-23,sz.300880,21.6887336400,21.8648262000,21.3756802000,21.3756802000,21.3854631200,4226240,93490562.9800,2,2.166100,1,-0.045700,19.390272,4.101546,3.918848,21.560999,0
2025-01-24,sz.300880,21.3463314400,21.6202532000,21.1017584400,21.5224240000,21.3756802000,3069452,67344395.4400,2,1.573200,1,0.686500,19.523386,4.129703,3.945751,21.709015,0
2025-01-27,sz.300880,21.7572140800,21.7572140800,21.0528438400,21.0528438400,21.5224240000,2882540,63016797.6800,2,1.477400,1,-2.181800,19.097422,4.039600,3.859661,21.235363,0
2025-02-05,sz.300880,21.1800218000,21.3854631200,20.8571854400,21.0137121600,21.0528438400,3019000,65075226.4000,2,1.547300,1,-0.185900,19.061925,4.032092,3.852487,21.195892,0
2025-02-06,sz.300880,20.9843634000,21.4832923200,20.8376196000,21.4832923200,21.0137121600,3800370,82436126.1600,2,1.947800,1,2.234600,19.487889,4.122194,3.938576,21.669544,0
2025-02-07,sz.300880,21.4832923200,22.2854917600,21.4832923200,21.8843920400,21.4832923200,6687364,150089482.0400,2,3.427500,1,1.867000,19.851734,4.199157,4.012111,22.074121,0
2025-02-10,sz.300880,22.0017870800,22.1093992000,21.7180824000,22.0311358400,21.8843920400,4581392,102588358.7600,2,2.348100,1,0.670500,19.984848,4.227314,4.039014,22.222137,0
2025-02-11,sz.300880,22.0800504400,22.3539722000,21.6985165600,22.1778796400,22.0311358400,5997826,135279008.9200,2,3.074100,1,0.666100,20.117962,4.255471,4.065917,22.370153,0
2025-02-12,sz.300880,22.0115700000,22.9115986400,22.0115700000,22.7257231600,22.1778796400,6958784,160276012.3200,2,3.566600,1,2.470200,20.614921,4.360591,4.166354,22.922746,0
2025-02-13,sz.300880,22.5985452000,22.7942036000,22.2072284000,22.2267942400,22.7257231600,5318484,122234821.2400,2,2.725900,1,-2.195400,20.162334,4.264857,4.074884,22.419491,0
2025-02-14,sz.300880,22.1289650400,22.4420184800,21.9724383200,22.0409187600,22.2267942400,4744921,107566469.9800,2,2.431900,1,-0.836300,19.993723,4.229191,4.040807,22.232004,0
2025-02-17,sz.300880,22.0604846000,22.3931038800,21.8648262000,22.3833209600,22.0409187600,4461136,100911082.5600,2,2.286500,1,1.553500,20.304322,4.294891,4.103581,22.577375,0
2025-02-18,sz.300880,22.5985452000,22.7746377600,21.6398190400,21.7474311600,22.3833209600,5281402,120215411.1000,2,2.706900,1,-2.840900,19.727495,4.172877,3.987002,21.935972,0
2025-02-19,sz.300880,21.5713386000,22.4909330800,21.5517727600,22.4615843200,21.7474311600,5632568,127916381.6000,2,2.886900,1,3.283900,20.375316,4.309908,4.117929,22.656317,0
2025-02-20,sz.300880,22.4615843200,22.5887622800,22.2170113200,22.5496306000,22.4615843200,4695768,107577174.7400,2,2.406700,1,0.392000,20.455184,4.326802,4.134070,22.745127,0
2025-02-21,sz.300880,22.5594135200,23.2637837600,22.4126697200,23.0583424400,22.5496306000,8105314,189086591.2000,2,4.154200,1,2.256000,20.916646,4.424414,4.227334,23.258249,0
2025-02-24,sz.300880,23.0289936800,23.0974741200,22.5594135200,22.8137694400,23.0583424400,5473604,127594596.4800,2,2.805400,1,-1.060700,20.694790,4.377485,4.182496,23.011555,0
2025-02-25,sz.300880,22.5496306000,22.7452890000,22.3833209600,22.5202818400,22.8137694400,3874900,89341936.8000,2,1.986000,1,-1.286400,20.428562,4.321171,4.128690,22.715523,0
2025-02-26,sz.300880,22.4811501600,22.8333352800,22.3931038800,22.7550719200,22.5202818400,4492852,103875342.1600,2,2.302700,1,1.042600,20.641544,4.366222,4.171734,22.952349,0
2025-02-27,sz.300880,22.8333352800,23.1072570400,22.1876625600,22.7746377600,22.7550719200,5282916,122215882.9200,2,2.707700,1,0.086000,20.659293,4.369977,4.175322,22.972084,0
2025-02-28,sz.300880,22.5496306000,22.6963744000,21.9430895600,22.0017870800,22.7746377600,4514330,103008527.7800,2,2.313700,1,-3.393500,19.958226,4.221683,4.033633,22.192533,0
2025-03-03,sz.300880,22.0115700000,22.5887622800,21.8452603600,22.0115700000,22.0017870800,4614544,105125252.6400,2,2.365100,1,0.044500,19.967100,4.223560,4.035427,22.202401,0
2025-03-04,sz.300880,21.7278653200,22.6865914800,21.7278653200,22.5104989200,22.0115700000,4521920,103575994.8400,2,2.317600,1,2.266700,20.419687,4.319294,4.126896,22.705656,0
2025-03-05,sz.300880,22.4126697200,22.9605132400,22.2267942400,22.8431182000,22.5104989200,5601704,129545670.7200,2,2.871100,1,1.477600,20.721412,4.383117,4.187876,23.041159,0
2025-03-06,sz.300880,22.8431182000,23.2442179200,22.6865914800,23.0681253600,22.8431182000,7293964,171633457.6800,2,3.738400,1,0.985000,20.925521,4.426291,4.229127,23.268116,0
2025-03-07,sz.300880,22.8626840400,23.1659545600,22.5496306000,22.6768085600,23.0681253600,4827966,112669271.3800,2,2.474500,1,-1.696400,20.570550,4.351205,4.157386,22.873407,0
2025-03-10,sz.300880,22.6768085600,23.0876912000,22.5300647600,23.0583424400,22.6768085600,4980442,116629211.6600,2,2.552600,1,1.682500,20.916646,4.424414,4.227334,23.258249,0
2025-03-11,sz.300880,22.8137694400,23.1659545600,22.6572427200,23.0387766000,23.0583424400,3931660,92111910.5500,2,2.015100,1,-0.084900,20.898898,4.420659,4.223747,23.238513,0
2025-03-12,sz.300880,23.1561716400,23.5866201200,22.9898620000,23.4692250800,23.0387766000,7601544,181463552.4400,2,3.896000,1,1.868400,21.289366,4.503253,4.302662,23.672694,0
2025-03-13,sz.300880,23.3616129600,24.4083854000,22.9115986400,24.1344636400,23.4692250800,13386119,325063131.8200,2,6.860800,1,2.834500,21.892816,4.630899,4.424621,24.343699,0
2025-03-14,sz.300880,24.2616416000,24.2616416000,23.6551005600,23.9094564800,24.1344636400,8943070,218167185.8600,2,4.583600,1,-0.932300,21.688708,4.587725,4.383370,24.116742,0
2025-03-17,sz.300880,23.9681540000,24.1931611600,23.6942322400,23.9583710800,23.9094564800,6163601,150712782.7900,2,3.159000,1,0.204600,21.733079,4.597110,4.392338,24.166080,0
2025-03-18,sz.300880,24.0953319600,24.8877484800,24.0268515200,24.6823071600,23.9583710800,9715243,243386318.7700,2,4.979400,1,3.021600,22.389775,4.736018,4.525059,24.896293,0
2025-03-19,sz.300880,24.4573000000,25.4942895200,24.3105562000,24.6040438000,24.6823071600,11227984,286719494.9100,2,5.754700,1,-0.317100,22.318780,4.721001,4.510710,24.817351,0
2025-03-20,sz.300880,24.5551292000,24.7312217600,24.0953319600,24.1833782400,24.6040438000,8464128,210015356.3200,2,4.338100,1,-1.709700,21.937187,4.640284,4.433589,24.393038,0
2025-03-21,sz.300880,24.1540294800,24.3594708000,23.6551005600,23.7724956000,24.1833782400,6435553,157794950.7000,2,3.298400,1,-1.699000,21.564468,4.561445,4.358261,23.978593,0
2025-03-24,sz.300880,23.7724956000,24.0757661200,22.6963744000,23.4790080000,23.7724956000,6257181,149692802.7000,2,3.207000,1,-1.234600,21.298240,4.505131,4.304455,23.682561,0
2025-03-25,sz.300880,23.5181396800,23.8996735600,23.1170399600,23.2833496000,23.4790080000,5241717,126076884.0300,2,2.686600,1,-0.833300,21.120754,4.467588,4.268585,23.485207,0
2025-03-26,sz.300880,23.1072570400,23.8116272800,22.9409474000,23.5964030400,23.2833496000,4828627,116114891.2500,2,2.474800,1,1.344500,21.404731,4.527656,4.325977,23.800974,0
2025-03-27,sz.300880,23.5768372000,23.6551005600,23.1170399600,23.3029154400,23.5964030400,3951320,94406394.2000,2,2.025200,1,-1.243800,21.138503,4.471342,4.272172,23.504942,0
2025-03-28,sz.300880,23.2050862400,23.5572713600,22.7550719200,22.7942036000,23.3029154400,3880000,91404966.0000,2,1.988600,1,-2.183000,20.677041,4.373731,4.178909,22.991820,0
2025-03-31,sz.300880,22.8920328000,22.9409474000,22.2267942400,22.9213815600,22.7942036000,3852502,88978256.5200,2,1.974500,1,0.557900,20.792407,4.398134,4.202224,23.120100,0
2025-04-01,sz.300880,22.8920328000,23.7137980800,22.8235523600,23.3126983600,22.9213815600,5278612,126154330.2800,2,2.705500,1,1.707200,21.147377,4.473219,4.273965,23.514810,0
2025-04-02,sz.300880,23.2735666800,23.9583710800,23.2050862400,23.5377055200,23.3126983600,4326440,104520132.0000,2,2.217400,1,0.965200,21.351485,4.516393,4.315216,23.741768,0
2025-04-03,sz.300880,23.1757374800,23.7333639200,22.9409474000,23.4007446400,23.5377055200,4188100,100220155.4000,2,2.146500,1,-0.581900,21.227246,4.490113,4.290107,23.603619,0
2025-04-07,sz.300880,21.2778510000,22.1093992000,18.7832064000,19.3506157600,23.4007446400,8510332,175785238.9200,2,4.361800,1,-17.307700,17.553299,3.712978,3.547588,19.518378,0
2025-04-08,sz.300880,19.6734521200,20.6810928800,19.3995303600,20.0256372400,19.3506157600,5872108,120101861.0800,2,3.009600,1,3.488400,18.165624,3.842501,3.671342,20.199251,0
2025-04-09,sz.300880,19.8104130000,21.3267656000,18.4897188000,20.9941463200,20.0256372400,7057332,144425938.2900,2,3.617100,1,4.836300,19.044176,4.028338,3.848900,21.176157,0
2025-04-10,sz.300880,21.7180824000,22.0017870800,21.2974168400,21.2974168400,20.9941463200,4961424,109537209.0800,2,2.542900,1,1.444500,19.319278,4.086529,3.904500,21.482057,0
2025-04-11,sz.300880,21.2876339200,21.9039578800,21.2876339200,21.5811215200,21.2974168400,3683624,81393162.3600,2,1.888000,1,1.332100,19.576632,4.140966,3.956512,21.768221,0
2025-04-14,sz.300880,21.8941749600,22.3441892800,21.8354774400,22.0604846000,21.5811215200,3658144,82665149.1200,2,1.874900,1,2.221200,20.011471,4.232946,4.044394,22.251740,0
2025-04-15,sz.300880,22.0604846000,22.5985452000,21.8061286800,22.5887622800,22.0604846000,4648695,105877284.7000,2,2.382600,1,2.394700,20.490682,4.334311,4.141245,22.784598,0
2025-04-16,sz.300880,22.5789793600,22.9605132400,22.1680967200,22.4126697200,22.5887622800,4283926,98652482.9200,2,2.195700,1,-0.779600,20.330945,4.300523,4.108961,22.606978,0
2025-04-17,sz.300880,22.2659259200,22.8920328000,22.2659259200,22.7648548400,22.4126697200,4141016,96236596.3000,2,2.122400,1,1.571400,20.650418,4.368099,4.173528,22.962217,0
2025-04-18,sz.300880,22.5398476800,22.8626840400,22.2365771600,22.5789793600,22.7648548400,3107700,71771017.1200,2,1.592800,1,-0.816500,20.481807,4.332434,4.139451,22.774730,0
2025-04-21,sz.300880,22.7648548400,22.8822498800,22.3148405200,22.6181110400,22.5789793600,5380664,124157321.9200,2,2.757800,1,0.173300,20.517304,4.339942,4.146625,22.814201,0
2025-04-22,sz.300880,22.5789793600,22.8137694400,22.3637551200,22.7844206800,22.6181110400,3331772,76867428.9600,2,1.707600,1,0.735300,20.668167,4.371854,4.177115,22.981952,0
2025-04-23,sz.300880,21.5126410800,21.5126410800,20.3093419200,20.6321782800,22.7844206800,13154975,277416765.7900,2,6.742400,1,-9.446100,22.993796,3.794036,4.311835,31.330146,0
2025-04-24,sz.300880,20.4463028000,20.6223953600,20.1136835200,20.2310785600,20.6321782800,5442751,113111801.1300,2,2.789600,1,-1.944000,22.546785,3.720278,4.228011,30.721073,0
2025-04-25,sz.300880,20.5147832400,20.9745804800,20.2310785600,20.4952174000,20.2310785600,5099643,106909318.3000,2,2.613700,1,1.305600,22.841158,3.768850,4.283212,31.122170,0
2025-04-28,sz.300880,20.3876052800,20.8474025200,20.0452030800,20.2017298000,20.4952174000,3481288,72013486.2400,2,1.784300,1,-1.432000,22.514077,3.714881,4.221877,30.676506,0
2025-04-29,sz.300880,20.2212956400,20.4071711200,19.9865055600,20.2017298000,20.2017298000,3140298,64957973.7000,2,1.609500,1,0.000000,22.514077,3.714881,4.221877,30.676506,0
2025-04-30,sz.300880,20.3289077600,20.5343490800,20.1332493600,20.3582565200,20.2017298000,3308876,68806791.1400,2,1.695900,1,0.774800,22.688520,3.743665,4.254589,30.914193,0
2025-05-06,sz.300880,20.8278366800,20.8278366800,20.5245661600,20.7202245600,20.3582565200,3877114,81819016.5200,2,1.987100,1,1.778000,23.091920,3.810227,4.330235,31.463845,0
2025-05-07,sz.300880,20.6419612000,20.8571854400,20.1528152000,20.4267369600,20.7202245600,7093166,148270608.3000,2,3.635500,1,-1.416400,22.764839,3.756257,4.268900,31.018182,0
2025-05-08,sz.300880,20.4267369600,20.8865342000,20.2115127200,20.7495733200,20.4267369600,4659460,98372477.0000,2,2.388100,1,1.580500,23.124628,3.815624,4.336369,31.508411,0
2025-05-09,sz.300880,20.7104416400,20.7397904000,20.1136835200,20.1625981200,20.7495733200,3677900,76359272.0000,2,1.885000,1,-2.828900,22.470466,3.707685,4.213699,30.617084,0
2025-05-12,sz.300880,20.3680394400,20.5245661600,20.1136835200,20.4267369600,20.1625981200,2243697,46688281.1000,2,1.150000,1,1.310000,22.764839,3.756257,4.268900,31.018182,0
2025-05-13,sz.300880,20.6908758000,20.7104416400,20.2506444000,20.4854344800,20.4267369600,3208000,67185694.5200,2,1.644200,1,0.287400,22.830255,3.767051,4.281167,31.107314,0
2025-05-14,sz.300880,20.4463028000,20.6615270400,20.2310785600,20.3191248400,20.4854344800,2640092,54978127.7200,2,1.353100,1,-0.811800,22.644910,3.736469,4.246411,30.854772,0
2025-05-15,sz.300880,20.2995590000,20.2995590000,19.8006300800,19.8006300800,20.3191248400,2745642,56056571.3800,2,1.407200,1,-2.551800,22.067066,3.641123,4.138053,30.067433,0
2025-05-16,sz.300880,19.8593276000,20.0647689200,19.7125838000,19.8495446800,19.8006300800,1850406,37657927.9700,2,0.948400,1,0.247000,22.121580,3.650118,4.148275,30.141710,0
2025-05-19,sz.300880,19.8397617600,19.9865055600,19.5560570800,19.9180251200,19.8495446800,1799424,36437552.0800,2,0.922300,1,0.345000,22.197899,3.662711,4.162587,30.245698,0
2025-05-20,sz.300880,19.9865055600,20.2702102400,19.8006300800,20.2408614800,19.9180251200,2466436,50759814.0800,2,1.264100,1,1.620800,22.557688,3.722077,4.230055,30.735928,0
2025-05-21,sz.300880,20.2408614800,20.2702102400,19.8984592800,20.0549860000,20.2408614800,2021408,41446145.8400,2,1.036000,1,-0.918300,22.350537,3.687896,4.191210,30.453674,0
2025-05-22,sz.300880,19.9962884800,20.3973882000,19.6930179600,19.7223667200,20.0549860000,2644092,54164720.6000,2,1.355200,1,-1.658500,21.979845,3.626731,4.121697,29.948589,0
2025-05-23,sz.300880,19.6930179600,19.9767226400,19.3506157600,19.3603986800,19.7223667200,2147432,43018500.1600,2,1.100600,1,-1.835300,21.576445,3.560169,4.046051,29.398937,0
2025-05-26,sz.300880,19.3506157600,19.8397617600,19.3212670000,19.6343204400,19.3603986800,1707800,34246399.0000,2,0.875300,1,1.414900,21.881721,3.610541,4.103297,29.814890,0
2025-05-27,sz.300880,19.8104130000,19.8104130000,19.4190962000,19.6441033600,19.6343204400,1331540,26648986.4000,2,0.682500,1,0.049800,21.892623,3.612340,4.105341,29.829745,0
2025-05-28,sz.300880,19.8104130000,20.1430322800,19.7321496400,19.9082422000,19.6441033600,2310432,47056928.4400,2,1.184200,1,1.344600,22.186996,3.660912,4.160542,30.230843,0
2025-05-29,sz.300880,19.9375909600,20.0941176800,19.8201959200,20.0060714000,19.9082422000,1965600,40194957.0000,2,1.007400,1,0.491400,22.296023,3.678902,4.180987,30.379397,0
2025-05-30,sz.300880,19.9571568000,20.1821639600,19.8006300800,19.9473738800,20.0060714000,1607780,32828447.4800,2,0.824000,1,-0.293400,22.230607,3.668108,4.168720,30.290264,0
2025-06-03,sz.300880,19.7810642400,20.2017298000,19.7810642400,20.0060714000,19.9473738800,1543240,31525909.2000,2,0.791000,1,0.294300,22.296023,3.678902,4.180987,30.379397,0
2025-06-04,sz.300880,20.1039006000,20.3289077600,19.8691105200,20.1430322800,20.0060714000,1567240,32341760.0000,2,0.803300,1,0.684600,22.448661,3.704087,4.209610,30.587373,0
2025-06-05,sz.300880,21.0430609200,21.8941749600,20.8963171200,20.9158829600,20.1430322800,11278601,246598427.3600,2,5.780700,1,3.836800,23.309974,3.846206,4.371125,31.760954,0
2025-06-06,sz.300880,20.6810928800,20.7593562400,20.3484736000,20.4169540400,20.9158829600,6169828,129205965.2800,2,3.162200,1,-2.385400,22.753937,3.754458,4.266856,31.003326,0
2025-06-09,sz.300880,20.4267369600,20.5441320000,20.3386906800,20.4365198800,20.4169540400,3221000,67262770.1600,2,1.650900,1,0.095800,22.775742,3.758056,4.270945,31.033037,0
2025-06-10,sz.300880,20.4463028000,20.5343490800,20.0060714000,20.2799931600,20.4365198800,3717452,77003323.6800,2,1.905300,1,-0.765900,22.601299,3.729273,4.238233,30.795350,0
2025-06-11,sz.300880,20.3600000000,20.4200000000,20.2300000000,20.3200000000,20.2800000000,2314444,47038146.8400,2,1.186200,1,0.197200,22.154288,3.655515,4.154409,30.186276,0
2025-06-12,sz.300880,20.3800000000,20.3900000000,20.1600000000,20.2300000000,20.3200000000,1988792,40336806.6400,2,1.019300,1,-0.442900,22.056164,3.639324,4.136008,30.052577,0
2025-06-13,sz.300880,20.2500000000,21.0000000000,19.9600000000,20.5500000000,20.2300000000,5353288,109539816.8800,2,2.743700,1,1.581800,22.405050,3.696891,4.201432,30.527952,0
2025-06-16,sz.300880,20.4400000000,20.6300000000,20.2400000000,20.6100000000,20.5500000000,2803720,57403133.6400,2,1.437000,1,0.292000,22.470466,3.707685,4.213699,30.617084,0
2025-06-17,sz.300880,20.5600000000,20.6100000000,20.3200000000,20.6000000000,20.6100000000,2520056,51524751.0000,2,1.291600,1,-0.048500,22.459564,3.705886,4.211655,30.602229,0
2025-06-18,sz.300880,20.4700000000,20.5900000000,20.3200000000,20.3900000000,20.6000000000,1576452,32189083.1200,2,0.808000,1,-1.019400,22.230607,3.668108,4.168720,30.290264,0
2025-06-19,sz.300880,20.4000000000,20.4000000000,19.8600000000,19.9100000000,20.3900000000,1991205,40036175.7500,2,1.020600,1,-2.354100,21.707277,3.581757,4.070585,29.577203,0
2025-06-20,sz.300880,20.0000000000,20.1800000000,19.6100000000,19.6100000000,19.9100000000,1291104,25638511.0400,2,0.661700,1,-1.506800,21.380196,3.527788,4.009250,29.131539,0
2025-06-23,sz.300880,19.6200000000,19.7800000000,19.4000000000,19.7600000000,19.6100000000,1314350,25751523.6200,2,0.673600,1,0.764900,21.543737,3.554772,4.039917,29.354371,0
2025-06-24,sz.300880,19.7000000000,20.1800000000,19.7000000000,20.1700000000,19.7600000000,1950872,39144025.8000,2,0.999900,1,2.074900,21.990748,3.628530,4.123741,29.963445,0
2025-06-25,sz.300880,20.1800000000,20.3000000000,20.0300000000,20.2600000000,20.1700000000,2361772,47688802.4800,2,1.210500,1,0.446200,22.088872,3.644721,4.142142,30.097144,0
2025-06-26,sz.300880,20.3000000000,20.3900000000,20.1000000000,20.1600000000,20.2600000000,2350308,47548955.2400,2,1.204600,1,-0.493600,21.979845,3.626731,4.121697,29.948589,0
2025-06-27,sz.300880,20.2000000000,20.7500000000,20.1300000000,20.4300000000,20.1600000000,3187262,65115529.1200,2,1.633600,1,1.339300,22.274218,3.675304,4.176898,30.349686,0
2025-06-30,sz.300880,20.4600000000,21.4500000000,20.3600000000,21.1800000000,20.4300000000,6765610,142623799.7400,2,3.467600,1,3.671100,23.091920,3.810227,4.330235,31.463845,0
2025-07-01,sz.300880,21.1300000000,21.2000000000,20.7900000000,21.0100000000,21.1800000000,3679468,77241220.1600,2,1.885800,1,-0.802600,22.906574,3.779644,4.295479,31.211302,0
2025-07-02,sz.300880,21.0100000000,21.1500000000,20.7600000000,20.9100000000,21.0100000000,2150944,44973986.0400,2,1.102400,1,-0.476000,22.797547,3.761654,4.275034,31.062748,0
2025-07-03,sz.300880,20.9600000000,20.9900000000,20.7600000000,20.8400000000,20.9100000000,1761168,36735678.4400,2,0.902700,1,-0.334800,22.721228,3.749062,4.260722,30.958760,0
2025-07-04,sz.300880,20.9000000000,20.9700000000,20.6700000000,20.7200000000,20.8400000000,2018624,42011378.2800,2,1.034600,1,-0.575800,22.590396,3.727474,4.236189,30.780494,0
2025-07-07,sz.300880,20.9300000000,21.6000000000,20.8000000000,21.5500000000,20.7200000000,6343091,135074090.6600,2,3.251000,1,4.005800,23.495320,3.876789,4.405881,32.013497,0
2025-07-08,sz.300880,21.4600000000,21.5500000000,21.1900000000,21.3000000000,21.5500000000,4798412,102213253.5600,2,2.459300,1,-1.160100,23.222753,3.831814,4.354769,31.642110,0
2025-07-09,sz.300880,21.3000000000,21.8800000000,21.1300000000,21.1900000000,21.3000000000,4306292,92251498.4400,2,2.207100,1,-0.516400,23.102823,3.812026,4.332280,31.478701,0
2025-07-10,sz.300880,21.1600000000,21.3000000000,20.8000000000,20.9500000000,21.1900000000,4007748,84134613.1200,2,2.054100,1,-1.132600,22.841158,3.768850,4.283212,31.122170,0
2025-07-11,sz.300880,20.7900000000,20.9900000000,20.6900000000,20.9500000000,20.9500000000,3164800,65993979.0000,2,1.622100,1,0.000000,22.841158,3.768850,4.283212,31.122170,0
2025-07-14,sz.300880,20.9000000000,21.1800000000,20.8000000000,21.0100000000,20.9500000000,3436240,72198126.6000,2,1.761200,1,0.286400,22.906574,3.779644,4.295479,31.211302,0
2025-07-15,sz.300880,20.9100000000,21.0300000000,20.4400000000,20.6200000000,21.0100000000,3231168,66842238.8000,2,1.656100,1,-1.856300,22.481369,3.709484,4.215744,30.631940,0
2025-07-16,sz.300880,20.6900000000,20.7900000000,20.4000000000,20.5300000000,20.6200000000,2503544,51509977.2000,2,1.283100,1,-0.436500,22.383245,3.693293,4.197343,30.498241,0
2025-07-17,sz.300880,20.6000000000,20.7500000000,20.4400000000,20.7400000000,20.5300000000,2406760,49559332.8400,2,1.233500,1,1.022900,22.612201,3.731072,4.240278,30.810205,0
2025-07-18,sz.300880,20.7200000000,20.7800000000,20.4600000000,20.6300000000,20.7400000000,2329080,47925038.2000,2,1.193700,1,-0.530400,22.492272,3.711283,4.217788,30.646795,0
2025-07-21,sz.300880,20.7800000000,21.1500000000,20.7300000000,21.0700000000,20.6300000000,3779091,79464791.0800,2,1.936900,1,2.132800,22.971991,3.790438,4.307746,31.300435,0
2025-07-22,sz.300880,21.1000000000,21.2000000000,20.8600000000,21.1200000000,21.0700000000,3284264,69019309.0400,2,1.683300,1,0.237300,23.026504,3.799433,4.317968,31.374712,0
2025-07-23,sz.300880,21.1600000000,21.1600000000,20.5900000000,20.7100000000,21.1200000000,3574028,74378626.1200,2,1.831800,1,-1.941300,22.579493,3.725675,4.234144,30.765639,0
2025-07-24,sz.300880,20.6800000000,20.7800000000,20.5800000000,20.7300000000,20.7100000000,2724928,56390719.2800,2,1.396600,1,0.096600,22.601299,3.729273,4.238233,30.795350,0
2025-07-25,sz.300880,20.7500000000,20.7500000000,20.5800000000,20.7100000000,20.7300000000,2188448,45210056.6000,2,1.121700,1,-0.096500,22.579493,3.725675,4.234144,30.765639,0
2025-07-28,sz.300880,20.7400000000,20.7800000000,20.6000000000,20.7100000000,20.7100000000,2086520,43192303.8000,2,1.069400,1,0.000000,22.579493,3.725675,4.234144,30.765639,0
2025-07-29,sz.300880,20.6500000000,20.6900000000,20.3000000000,20.4400000000,20.7100000000,2767284,56519790.1600,2,1.418300,1,-1.303700,22.285120,3.677103,4.178943,30.364542,0
2025-07-30,sz.300880,20.5000000000,20.5000000000,20.1300000000,20.2900000000,20.4400000000,2402720,48784598.6000,2,1.231500,1,-0.733900,22.121580,3.650118,4.148275,30.141710,0
2025-07-31,sz.300880,20.3700000000,20.3900000000,19.9800000000,20.0300000000,20.2900000000,2200900,44419401.9800,2,1.128000,1,-1.281400,21.838110,3.603345,4.095119,29.755468,0
2025-08-01,sz.300880,19.9400000000,20.2000000000,19.9400000000,20.0900000000,20.0300000000,1757862,35258134.9800,2,0.901000,1,0.299600,21.903526,3.614139,4.107386,29.844601,0
2025-08-04,sz.300880,19.9500000000,20.2500000000,19.8000000000,20.2300000000,20.0900000000,1743132,35070323.9400,2,0.893400,1,0.696900,22.056164,3.639324,4.136008,30.052577,0
2025-08-05,sz.300880,20.2700000000,20.4000000000,20.2100000000,20.3900000000,20.2300000000,1621328,32994808.6400,2,0.831000,1,0.790900,22.230607,3.668108,4.168720,30.290264,0
2025-08-06,sz.300880,20.3800000000,20.7000000000,20.3300000000,20.5700000000,20.3900000000,3065302,62882560.7100,2,1.571100,1,0.882800,22.426856,3.700489,4.205521,30.557663,0
2025-08-07,sz.300880,20.7000000000,20.7000000000,20.3800000000,20.6400000000,20.5700000000,3425928,70486972.2800,2,1.755900,1,0.340300,22.503174,3.713082,4.219833,30.661651,0
2025-08-08,sz.300880,20.5300000000,20.6400000000,20.4500000000,20.4800000000,20.6400000000,1767624,36270879.0400,2,0.906000,1,-0.775200,22.328731,3.684298,4.187121,30.423963,0
2025-08-11,sz.300880,20.5000000000,20.6800000000,20.4300000000,20.6000000000,20.4800000000,2621556,53946142.6000,2,1.343600,1,0.585900,22.459564,3.705886,4.211655,30.602229,0
2025-08-12,sz.300880,20.6000000000,20.6500000000,20.3900000000,20.5000000000,20.6000000000,2134252,43767403.4000,2,1.093900,1,-0.485400,22.350537,3.687896,4.191210,30.453674,0
2025-08-13,sz.300880,20.4800000000,20.5600000000,20.2700000000,20.3600000000,20.5000000000,2990080,60845424.8400,2,1.532500,1,-0.682900,22.197899,3.662711,4.162587,30.245698,0
2025-08-14,sz.300880,20.4000000000,20.4000000000,19.9600000000,19.9900000000,20.3600000000,3711943,74749428.9200,2,1.902500,1,-1.817300,21.794499,3.596149,4.086941,29.696046,0
2025-08-15,sz.300880,19.9800000000,20.3000000000,19.9100000000,20.2500000000,19.9900000000,2223639,44852266.6500,2,1.139700,1,1.300700,22.077969,3.642922,4.140097,30.082288,0
2025-08-18,sz.300880,20.3300000000,20.5600000000,20.2300000000,20.3500000000,20.2500000000,3900381,79404060.8500,2,1.999100,1,0.493800,22.186996,3.660912,4.160542,30.230843,0
2025-08-19,sz.300880,20.3800000000,20.5500000000,20.3100000000,20.5000000000,20.3500000000,3454632,70688768.3600,2,1.770600,1,0.737100,22.350537,3.687896,4.191210,30.453674,0
2025-08-20,sz.300880,20.4300000000,20.7100000000,20.3500000000,20.7100000000,20.5000000000,3548054,72900364.1200,2,1.818500,1,1.024400,22.579493,3.725675,4.234144,30.765639,0
2025-08-21,sz.300880,20.7100000000,20.8700000000,20.5900000000,20.7200000000,20.7100000000,4131985,85622418.1900,2,2.117800,1,0.048300,22.590396,3.727474,4.236189,30.780494,0
2025-08-22,sz.300880,20.7500000000,20.7500000000,20.5600000000,20.7000000000,20.7200000000,3731481,77068026.7800,2,1.912500,1,-0.096500,22.568591,3.723876,4.232100,30.750783,0
2025-08-25,sz.300880,20.7900000000,20.8500000000,20.5300000000,20.7600000000,20.7000000000,4546844,94110142.4600,2,2.330400,1,0.289900,22.634007,3.734670,4.244367,30.839916,0
2025-08-26,sz.300880,20.6600000000,21.0900000000,20.6300000000,20.7800000000,20.7600000000,5318508,111192090.4700,2,2.725900,1,0.096300,22.655812,3.738268,4.248456,30.869627,0
2025-08-27,sz.300880,20.8700000000,21.9000000000,20.7200000000,21.0600000000,20.7800000000,12219765,261378032.0500,2,6.263000,1,1.347400,22.961088,3.788639,4.305701,31.285580,0
2025-08-28,sz.300880,20.9500000000,21.2800000000,20.0700000000,20.7900000000,21.0600000000,7633107,158346216.5100,2,3.912200,1,-1.282100,22.666715,3.740067,4.250500,30.884482,0
2025-08-29,sz.300880,20.5300000000,20.6900000000,20.1000000000,20.1700000000,20.7900000000,5774037,117550599.5500,2,2.959300,1,-2.982200,28.037419,3.764703,4.538907,-72.890735,0
2025-09-01,sz.300880,20.1700000000,20.3400000000,20.0500000000,20.2300000000,20.1700000000,3212740,64948282.2800,2,1.646600,1,0.297500,28.120822,3.775902,4.552409,-73.107564,0
2025-09-02,sz.300880,20.2300000000,20.3200000000,19.6100000000,19.8500000000,20.2300000000,4173096,83176386.8000,2,2.138800,1,-1.878400,27.592601,3.704975,4.466896,-71.734313,0
2025-09-03,sz.300880,19.9200000000,19.9600000000,19.3500000000,19.3600000000,19.8500000000,2599246,50893900.6900,2,1.332200,1,-2.468500,26.911474,3.613518,4.356630,-69.963541,0
2025-09-04,sz.300880,19.5500000000,19.6900000000,19.1100000000,19.3800000000,19.3600000000,2633996,51325214.0700,2,1.350000,1,0.103300,26.939275,3.617251,4.361131,-70.035817,0
2025-09-05,sz.300880,19.2000000000,19.7500000000,19.2000000000,19.7400000000,19.3800000000,2240382,43993208.4100,2,1.148200,1,1.857600,27.439695,3.684444,4.442143,-71.336792,0
2025-09-08,sz.300880,19.7500000000,21.5300000000,19.6500000000,20.7000000000,19.7400000000,7552801,155484901.3300,2,3.870900,1,4.863200,28.774149,3.863627,4.658174,-74.806059,0
2025-09-09,sz.300880,20.5100000000,20.5500000000,20.1500000000,20.2000000000,20.7000000000,4009831,81657702.1400,2,2.055100,1,-2.415500,28.079121,3.770303,4.545658,-72.999149,0
2025-09-10,sz.300880,20.1700000000,20.2100000000,19.9200000000,20.0800000000,20.2000000000,2447216,49095942.0000,2,1.254200,1,-0.594100,27.912314,3.747905,4.518654,-72.565491,0
2025-09-11,sz.300880,20.0700000000,20.2800000000,19.9200000000,20.1900000000,20.0800000000,2813459,56588528.2300,2,1.441900,1,0.547800,28.065220,3.768436,4.543407,-72.963011,0
2025-09-12,sz.300880,20.2600000000,21.1800000000,20.1500000000,20.6000000000,20.1900000000,6659283,137684696.8000,2,3.413000,1,2.030700,28.635143,3.844962,4.635671,-74.444677,0
2025-09-15,sz.300880,20.5400000000,20.5900000000,20.3200000000,20.4000000000,20.6000000000,3413816,69778834.3600,2,1.749600,1,-0.970900,28.357132,3.807632,4.590664,-73.721913,0
2025-09-16,sz.300880,20.4200000000,20.4400000000,20.0800000000,20.3800000000,20.4000000000,2854380,57772797.1600,2,1.462900,1,-0.098000,28.329331,3.803899,4.586163,-73.649637,0
2025-09-17,sz.300880,20.4100000000,20.5900000000,20.3200000000,20.4300000000,20.3800000000,3177376,64960026.3200,2,1.628500,1,0.245300,28.398834,3.813232,4.597415,-73.830328,0
2025-09-18,sz.300880,20.4300000000,20.4500000000,19.7000000000,19.8700000000,20.4300000000,4717920,94648251.7600,2,2.418000,1,-2.741100,27.620402,3.708708,4.471397,-71.806589,0
2025-09-19,sz.300880,19.8700000000,19.9400000000,19.6300000000,19.7200000000,19.8700000000,2073704,40983637.0800,2,1.062800,1,-0.754900,27.411894,3.680711,4.437642,-71.264516,0
2025-09-22,sz.300880,19.7200000000,19.9000000000,19.5200000000,19.6500000000,19.7200000000,1725027,33901145.0600,2,0.884100,1,-0.355000,27.314590,3.667646,4.421890,-71.011549,0
2025-09-23,sz.300880,19.6800000000,20.3900000000,19.1900000000,20.1700000000,19.6500000000,5706426,113911772.8600,2,2.924600,1,2.646300,28.037419,3.764703,4.538907,-72.890735,0
2025-09-24,sz.300880,20.1000000000,20.4700000000,19.7000000000,20.2000000000,20.1700000000,3295356,66289277.0000,2,1.688900,1,0.148700,28.079121,3.770303,4.545658,-72.999149,0
2025-09-25,sz.300880,20.0200000000,20.1700000000,19.8800000000,20.0300000000,20.2000000000,2547348,51014934.5200,2,1.305600,1,-0.841600,27.842811,3.738572,4.507402,-72.384800,0
2025-09-26,sz.300880,19.9900000000,20.3300000000,19.8500000000,19.9300000000,20.0300000000,2704288,54419000.0800,2,1.386000,1,-0.499300,27.703806,3.719907,4.484899,-72.023418,0
2025-09-29,sz.300880,19.9100000000,20.1600000000,19.6000000000,19.9500000000,19.9300000000,2414247,48232137.9500,2,1.237300,1,0.100400,27.731607,3.723640,4.489399,-72.095694,0
2025-09-30,sz.300880,19.9500000000,20.0600000000,19.5800000000,19.7800000000,19.9500000000,2937992,58335445.1200,2,1.505800,1,-0.852100,27.495297,3.691910,4.451144,-71.481345,0
2025-10-09,sz.300880,19.8400000000,19.8800000000,19.6100000000,19.7100000000,19.7800000000,2157340,42532884.0000,2,1.105700,1,-0.353900,27.397994,3.678845,4.435392,-71.228378,0
2025-10-10,sz.300880,19.6400000000,20.1000000000,19.5800000000,19.8300000000,19.7100000000,2797753,55494197.7100,2,1.433900,1,0.608800,27.564800,3.701243,4.462395,-71.662036,0
2025-10-13,sz.300880,19.0100000000,19.5000000000,18.7100000000,19.4000000000,19.8300000000,2651253,50898745.3600,2,1.358800,1,-2.168400,26.967076,3.620984,4.365631,-70.108094,0
2025-10-14,sz.300880,19.4500000000,19.7900000000,19.2400000000,19.3000000000,19.4000000000,2196476,42829604.4000,2,1.125700,1,-0.515500,26.828071,3.602319,4.343128,-69.746712,0
2025-10-15,sz.300880,19.3000000000,19.8800000000,19.1700000000,19.7300000000,19.3000000000,2505824,48992738.6800,2,1.284300,1,2.228000,27.425795,3.682578,4.439892,-71.300654,0
2025-10-16,sz.300880,20.3100000000,20.4000000000,19.7300000000,19.7800000000,19.7300000000,3291709,65863588.9300,2,1.687000,1,0.253400,27.495297,3.691910,4.451144,-71.481345,0
2025-10-17,sz.300880,19.7500000000,19.7700000000,19.0200000000,19.0600000000,19.7800000000,2644628,51072850.3600,2,1.355400,1,-3.640000,26.494458,3.557523,4.289120,-68.879395,0
2025-10-20,sz.300880,19.2200000000,19.3900000000,19.1500000000,19.2200000000,19.0600000000,1426564,27487044.4000,2,0.731100,1,0.839500,26.716866,3.587387,4.325126,-69.457606,0
2025-10-21,sz.300880,19.1800000000,19.3400000000,19.1500000000,19.2800000000,19.2200000000,1406800,27103006.8800,2,0.721000,1,0.312200,26.800270,3.598586,4.338628,-69.674436,0
2025-10-22,sz.300880,19.2400000000,19.2700000000,19.0600000000,19.1400000000,19.2800000000,1458800,27971531.0000,2,0.747700,1,-0.726100,26.605662,3.572455,4.307123,-69.168501,0
2025-10-23,sz.300880,19.1000000000,19.1700000000,18.9300000000,19.1700000000,19.1400000000,1161860,22157748.2400,2,0.595500,1,0.156700,26.647364,3.578054,4.313874,-69.276915,0
2025-10-24,sz.300880,19.2800000000,19.2800000000,19.1200000000,19.1600000000,19.1700000000,1277536,24517118.8000,2,0.654800,1,-0.052200,26.633463,3.576188,4.311624,-69.240777,0
2025-10-27,sz.300880,19.0900000000,19.0900000000,18.6900000000,18.8800000000,19.1600000000,2826316,53268041.8200,2,1.448500,1,-1.461400,41.396957,3.515604,4.973286,-23.871080,0
2025-10-28,sz.300880,18.8700000000,18.8800000000,18.5600000000,18.6500000000,18.8800000000,2865516,53604560.6000,2,1.468600,1,-1.218200,40.892651,3.472776,4.912700,-23.580278,0
2025-10-29,sz.300880,18.7200000000,18.8000000000,18.5000000000,18.5700000000,18.6500000000,2805391,52282362.8600,2,1.437800,1,-0.429000,40.717240,3.457880,4.891627,-23.479129,0
2025-10-30,sz.300880,18.5500000000,18.5700000000,18.1000000000,18.1500000000,18.5700000000,3300864,60391637.4000,2,1.691700,1,-2.261700,39.796333,3.379672,4.780992,-22.948099,0
2025-10-31,sz.300880,18.1700000000,18.5500000000,18.1700000000,18.3800000000,18.1500000000,2256081,41402561.6600,2,1.156300,1,1.267200,40.300639,3.422500,4.841578,-23.238901,0
2025-11-03,sz.300880,18.3800000000,18.5900000000,18.3700000000,18.5300000000,18.3800000000,1830864,33838652.1600,2,0.938300,1,0.816100,40.629535,3.450431,4.881090,-23.428555,0
2025-11-04,sz.300880,18.4900000000,18.8500000000,18.4500000000,18.7500000000,18.5300000000,2907414,54433043.5800,2,1.490100,1,1.187300,41.111914,3.491397,4.939041,-23.706714,0
2025-11-05,sz.300880,18.6000000000,19.4000000000,18.5900000000,19.3400000000,18.7500000000,5343412,102243899.9600,2,2.738600,1,3.146700,42.405569,3.601260,5.094457,-24.452685,0
2025-11-06,sz.300880,19.4700000000,19.5900000000,19.1900000000,19.2100000000,19.3400000000,3900568,75506114.3200,2,1.999100,1,-0.672200,42.120527,3.577053,5.060213,-24.288318,0
2025-11-07,sz.300880,19.1100000000,19.6800000000,19.1000000000,19.2300000000,19.2100000000,2699644,52158214.8000,2,1.383600,1,0.104100,42.164379,3.580777,5.065481,-24.313606,0
2025-11-10,sz.300880,19.2300000000,19.2700000000,18.9900000000,19.2200000000,19.2300000000,2264901,43324831.0100,2,1.160800,1,-0.052000,42.142453,3.578915,5.062847,-24.300962,0
2025-11-11,sz.300880,19.5600000000,21.8500000000,19.5600000000,20.4600000000,19.2200000000,13929062,290613089.0900,2,7.138800,1,6.451600,44.861321,3.809812,5.389482,-25.868766,0
2025-11-12,sz.300880,20.4100000000,20.5500000000,19.7000000000,19.8300000000,20.4600000000,8523605,170553034.7300,2,4.368500,1,-3.079200,43.479961,3.692501,5.223530,-25.072220,0
2025-11-13,sz.300880,19.8000000000,19.9600000000,19.5600000000,19.9000000000,19.8300000000,4812387,95438810.4400,2,2.466400,1,0.353000,43.633445,3.705536,5.241969,-25.160726,0
2025-11-14,sz.300880,19.7100000000,19.9300000000,19.6500000000,19.6800000000,19.9000000000,3721424,73548527.4300,2,1.907300,1,-1.105500,43.151065,3.664570,5.184018,-24.882567,0
2025-11-17,sz.300880,19.6500000000,20.3700000000,19.4200000000,19.9100000000,19.6800000000,4900036,97386057.8000,2,2.511300,1,1.168700,43.655371,3.707398,5.244604,-25.173369,0
2025-11-18,sz.300880,19.7900000000,19.9800000000,19.5000000000,19.5400000000,19.9100000000,2991427,58768669.6800,2,1.533100,1,-1.858400,42.844096,3.638501,5.147140,-24.705557,0
2025-11-19,sz.300880,19.4500000000,19.6000000000,18.9100000000,19.0500000000,19.5400000000,3319364,63651436.2800,2,1.701200,1,-2.507700,41.769705,3.547259,5.018066,-24.086021,0
2025-11-20,sz.300880,19.2300000000,19.2300000000,18.8200000000,18.8600000000,19.0500000000,1759100,33392346.0000,2,0.901600,1,-0.997400,41.353104,3.511880,4.968017,-23.845793,0
2025-11-21,sz.300880,18.8000000000,18.9100000000,18.0000000000,18.0000000000,18.8600000000,3206196,58590505.3600,2,1.643200,1,-4.559900,39.467438,3.351741,4.741480,-22.758445,0
2025-11-24,sz.300880,18.0800000000,18.3800000000,18.0300000000,18.2600000000,18.0000000000,1774028,32293162.4000,2,0.909200,1,1.444400,40.037523,3.400155,4.809968,-23.087178,0
2025-11-25,sz.300880,18.5300000000,18.5600000000,18.2800000000,18.3800000000,18.2600000000,1435760,26463179.9600,2,0.735800,1,0.657200,40.300639,3.422500,4.841578,-23.238901,0
2025-11-26,sz.300880,18.3800000000,18.7800000000,18.3200000000,18.4100000000,18.3800000000,1994864,37050254.6800,2,1.022400,1,0.163200,40.366418,3.428086,4.849480,-23.276832,0
2025-11-27,sz.300880,18.3500000000,18.6800000000,18.3100000000,18.5100000000,18.4100000000,1241615,22994109.5000,2,0.636300,1,0.543200,40.585682,3.446707,4.875822,-23.403268,0
2025-11-28,sz.300880,18.5200000000,18.5900000000,18.3300000000,18.5500000000,18.5100000000,1194816,22080371.2800,2,0.612400,1,0.216100,40.673387,3.454155,4.886358,-23.453842,0
2025-12-01,sz.300880,18.7000000000,18.7200000000,18.5000000000,18.5900000000,18.5500000000,1266486,23563939.2600,2,0.649100,1,0.215600,40.761093,3.461604,4.896895,-23.504416,0
2025-12-02,sz.300880,18.5000000000,18.6600000000,18.3200000000,18.4200000000,18.5900000000,1300895,23921553.7000,2,0.666700,1,-0.914500,40.388345,3.429948,4.852114,-23.289476,0
2025-12-03,sz.300880,18.4900000000,18.4900000000,18.2000000000,18.2800000000,18.4200000000,1053271,19256533.7500,2,0.539800,1,-0.760000,40.081376,3.403879,4.815236,-23.112465,0
2025-12-04,sz.300880,18.2800000000,18.2800000000,18.0300000000,18.2000000000,18.2800000000,924863,16786015.1400,2,0.474000,1,-0.437600,39.905965,3.388983,4.794163,-23.011317,0
2025-12-05,sz.300880,18.2500000000,18.5300000000,18.1100000000,18.5300000000,18.2000000000,1181692,21706012.0000,2,0.605600,1,1.813200,40.629535,3.450431,4.881090,-23.428555,0
2025-12-08,sz.300880,18.6100000000,18.6400000000,18.4800000000,18.5200000000,18.5300000000,1320709,24505130.7500,2,0.676900,1,-0.054000,40.607608,3.448569,4.878456,-23.415911,0
2025-12-09,sz.300880,18.5800000000,18.6300000000,18.3900000000,18.4000000000,18.5200000000,1211005,22386873.3000,2,0.620700,1,-0.647900,40.344492,3.426224,4.846846,-23.264188,0
2025-12-10,sz.300880,18.3700000000,18.4700000000,18.1000000000,18.2200000000,18.4000000000,1257696,22866876.3900,2,0.644600,1,-0.978300,39.949818,3.392707,4.799431,-23.036604,0
2025-12-11,sz.300880,18.2300000000,18.2900000000,17.8200000000,17.8500000000,18.2200000000,1827832,33079418.4000,2,0.936800,1,-2.030700,39.138542,3.323810,4.701967,-22.568791,0
2025-12-12,sz.300880,17.8500000000,18.1100000000,17.7300000000,17.9800000000,17.8500000000,1443612,25932065.2800,2,0.739900,1,0.728300,39.423585,3.348017,4.736212,-22.733158,0
2025-12-15,sz.300880,17.9600000000,18.0900000000,17.7800000000,17.8900000000,17.9800000000,1101171,19751341.0500,2,0.564400,1,-0.500600,39.226248,3.331258,4.712504,-22.619366,0
2025-12-16,sz.300880,17.8500000000,17.9400000000,17.4600000000,17.5100000000,17.8900000000,1460184,25708799.2000,2,0.748400,1,-2.124100,38.393046,3.260499,4.612406,-22.138910,0
2025-12-17,sz.300880,17.5100000000,17.6400000000,17.0000000000,17.5900000000,17.5100000000,1610817,27956455.3000,2,0.825600,1,0.456900,38.568457,3.275396,4.633479,-22.240058,0
2025-12-18,sz.300880,17.5000000000,17.7800000000,17.3900000000,17.6000000000,17.5900000000,1181876,20886065.9600,2,0.605700,1,0.056900,38.590384,3.277258,4.636114,-22.252702,0
2025-12-19,sz.300880,17.7300000000,17.8900000000,17.6500000000,17.8000000000,17.6000000000,1052600,18759010.0000,2,0.539500,1,1.136400,39.028911,3.314500,4.688797,-22.505574,0
2025-12-22,sz.300880,17.8000000000,17.9600000000,17.8000000000,17.8300000000,17.8000000000,781900,13981687.0000,2,0.400700,1,0.168500,39.094690,3.320086,4.696699,-22.543504,0
2025-12-23,sz.300880,17.7900000000,17.8200000000,17.6500000000,17.6800000000,17.8300000000,855696,15177897.1600,2,0.438600,1,-0.841300,38.765794,3.292155,4.657187,-22.353851,0
2025-12-24,sz.300880,17.6800000000,17.9800000000,17.6500000000,17.8800000000,17.6800000000,1341747,23998626.0800,2,0.687700,1,1.131200,39.204321,3.329396,4.709870,-22.606722,0
2025-12-25,sz.300880,17.8800000000,18.0200000000,17.8100000000,18.0100000000,17.8800000000,1510900,27097242.4400,2,0.774400,1,0.727100,39.489364,3.353603,4.744114,-22.771089,0
2025-12-26,sz.300880,18.0000000000,18.0400000000,17.7200000000,17.7800000000,18.0100000000,1600575,28612007.5100,2,0.820300,1,-1.277100,38.985058,3.310775,4.683528,-22.480286,0
2025-12-29,sz.300880,17.7700000000,17.9800000000,17.7200000000,17.9000000000,17.7800000000,1122751,20059814.7600,2,0.575400,1,0.674900,39.248174,3.333120,4.715138,-22.632009,0
2025-12-30,sz.300880,18.0000000000,18.0000000000,17.6000000000,17.6400000000,17.9000000000,1420187,25170822.7300,2,0.727900,1,-1.452500,38.678089,3.284706,4.646650,-22.303276,0
2025-12-31,sz.300880,17.6500000000,17.8200000000,17.4600000000,17.5800000000,17.6400000000,1103350,19380731.2200,2,0.565500,1,-0.340100,38.546531,3.273534,4.630845,-22.227415,0
2026-01-05,sz.300880,17.7900000000,18.0600000000,17.6700000000,17.9300000000,17.5800000000,2183147,39084560.6900,2,1.118900,1,1.990900,39.313953,3.338707,4.723041,-22.669940,0
2026-01-06,sz.300880,17.9300000000,18.2000000000,17.9300000000,18.2000000000,17.9300000000,1789978,32343351.0200,2,0.917400,1,1.505900,39.905965,3.388983,4.794163,-23.011317,0
2026-01-07,sz.300880,18.2000000000,18.3000000000,18.0200000000,18.1000000000,18.2000000000,1625720,29468644.0000,2,0.833200,1,-0.549500,39.686701,3.370362,4.767821,-22.884881,0
2026-01-08,sz.300880,18.1000000000,18.3400000000,18.0500000000,18.3000000000,18.1000000000,1672915,30565810.0700,2,0.857400,1,1.105000,40.125228,3.407603,4.820504,-23.137753,0
2026-01-09,sz.300880,18.3000000000,18.4900000000,18.2500000000,18.4700000000,18.3000000000,2139968,39388459.7200,2,1.096800,1,0.929000,40.497976,3.439259,4.865285,-23.352693,0
2026-01-12,sz.300880,18.4800000000,18.8600000000,18.4400000000,18.8200000000,18.4700000000,2870931,53573458.0100,2,1.471400,1,1.895000,41.265399,3.504432,4.957481,-23.795219,0
2026-01-13,sz.300880,18.7400000000,19.5400000000,18.6000000000,19.2700000000,18.8200000000,5328148,101951686.4600,2,2.730800,1,2.391100,42.252085,3.588225,5.076018,-24.364180,0
2026-01-14,sz.300880,19.4600000000,19.8500000000,18.8100000000,19.1000000000,19.2700000000,5822972,112576281.9000,2,2.984400,1,-0.882200,41.879337,3.556570,5.031237,-24.149239,0
2026-01-15,sz.300880,18.9500000000,19.5300000000,18.9100000000,19.3800000000,19.1000000000,3889823,74689167.5200,2,1.993600,1,1.466000,42.493275,3.608708,5.104993,-24.503259,0
2026-01-16,sz.300880,20.0600000000,21.4800000000,19.5300000000,19.5300000000,19.3800000000,14932299,306737619.8700,2,7.653000,1,0.774000,42.822170,3.636639,5.144506,-24.692913,0
2026-01-19,sz.300880,19.2000000000,20.4800000000,19.0300000000,20.1400000000,19.5300000000,9870511,198307414.7500,2,5.058800,1,3.123400,44.159678,3.750226,5.305189,-25.464171,0
2026-01-20,sz.300880,20.0300000000,20.6600000000,19.7200000000,20.3500000000,20.1400000000,8349285,169035784.0100,2,4.279100,1,1.042700,44.620131,3.789330,5.360506,-25.729687,0
2026-01-21,sz.300880,20.0600000000,20.3500000000,19.6100000000,19.6900000000,20.3500000000,5505111,108799622.8800,2,2.821400,1,-3.243200,43.172992,3.666432,5.186652,-24.895210,0
2026-01-22,sz.300880,19.8500000000,19.8800000000,19.4200000000,19.5400000000,19.6900000000,4272614,83456316.1800,2,2.189800,1,-0.761800,42.844096,3.638501,5.147140,-24.705557,0
2026-01-23,sz.300880,19.6100000000,20.0100000000,19.4500000000,20.0000000000,19.5400000000,5005359,99303467.5500,2,2.565300,1,2.354100,43.852709,3.724157,5.268311,-25.287161,0
2026-01-26,sz.300880,20.1000000000,20.1400000000,19.5100000000,19.6600000000,20.0000000000,3971600,78595348.4400,2,2.035500,1,-1.700000,43.107213,3.660846,5.178750,-24.857280,0
2026-01-27,sz.300880,19.6000000000,19.7700000000,18.9500000000,19.5200000000,19.6600000000,3381292,65203148.6800,2,1.733000,1,-0.712100,42.800244,3.634777,5.141871,-24.680269,0
2026-01-28,sz.300880,19.5000000000,19.6800000000,19.1500000000,19.2200000000,19.5200000000,2688988,52039890.6000,2,1.378100,1,-1.536900,42.142453,3.578915,5.062847,-24.300962,0
2026-01-29,sz.300880,19.2600000000,19.3900000000,18.7500000000,18.9000000000,19.2200000000,2658820,50717639.6800,2,1.362700,1,-1.664900,41.440810,3.519328,4.978554,-23.896367,0
2026-01-30,sz.300880,18.7300000000,19.0900000000,18.5000000000,19.0100000000,18.9000000000,2811466,52963449.7600,2,1.440900,1,0.582000,41.682000,3.539811,5.007530,-24.035447,0
2026-02-02,sz.300880,19.1900000000,19.6500000000,19.0500000000,19.0700000000,19.0100000000,4757236,92042274.5200,2,2.438200,1,0.315600,41.813558,3.550984,5.023334,-24.111308,0
2026-02-03,sz.300880,19.2800000000,19.5100000000,19.0700000000,19.5100000000,19.0700000000,2866655,55387667.9800,2,1.469200,1,2.307300,42.778317,3.632915,5.139237,-24.667626,0
2026-02-04,sz.300880,19.4900000000,19.8100000000,19.2700000000,19.4400000000,19.5100000000,2817260,55041006.4000,2,1.443900,1,-0.358800,42.624833,3.619880,5.120798,-24.579121,0
2026-02-05,sz.300880,19.4400000000,19.4400000000,19.0200000000,19.0800000000,19.4400000000,1966500,37698301.6800,2,1.007900,1,-1.851900,41.835484,3.552846,5.025969,-24.123952,0
2026-02-06,sz.300880,19.1700000000,19.4300000000,18.8500000000,19.1800000000,19.0800000000,2069100,39800366.8000,2,1.060400,1,0.524100,42.054748,3.571466,5.052310,-24.250388,0
2026-02-09,sz.300880,19.4700000000,19.4700000000,19.1800000000,19.3400000000,19.1800000000,1441800,27887436.5600,2,0.738900,1,0.834200,42.405569,3.601260,5.094457,-24.452685,0
2026-02-10,sz.300880,19.4100000000,19.4500000000,19.2500000000,19.3100000000,19.3400000000,1892160,36591502.9200,2,0.969800,1,-0.155100,42.339790,3.595673,5.086554,-24.414754,0
2026-02-11,sz.300880,19.3100000000,19.3700000000,19.1600000000,19.2000000000,19.3100000000,1477100,28411260.6000,2,0.757000,1,-0.569700,42.098600,3.575191,5.057578,-24.275675,0
2026-02-12,sz.300880,19.3600000000,19.6700000000,19.0500000000,19.5200000000,19.2000000000,3007536,58558952.3800,2,1.541400,1,1.666700,42.800244,3.634777,5.141871,-24.680269,0
2026-02-13,sz.300880,19.4000000000,19.4500000000,19.1500000000,19.1900000000,19.5200000000,1898775,36650681.4000,2,0.973100,1,-1.690600,42.076674,3.573328,5.054944,-24.263031,0
2026-02-24,sz.300880,19.3200000000,19.7500000000,19.3200000000,19.6800000000,19.1900000000,3077384,60291511.3600,2,1.577200,1,2.553400,43.151065,3.664570,5.184018,-24.882567,0
2026-02-25,sz.300880,19.7700000000,20.4000000000,19.6100000000,20.0100000000,19.6800000000,6053995,121400432.3800,2,3.102800,1,1.676800,43.874635,3.726019,5.270945,-25.299805,0
2026-02-26,sz.300880,20.0100000000,20.2300000000,19.8000000000,20.2300000000,20.0100000000,4237516,85265861.0400,2,2.171800,1,1.099500,44.357015,3.766985,5.328896,-25.577964,0
2026-02-27,sz.300880,20.1800000000,20.2200000000,19.9800000000,20.0900000000,20.2300000000,2948000,59119803.4000,2,1.510900,1,-0.692000,44.050046,3.740916,5.292018,-25.400954,0
2026-03-02,sz.300880,19.7800000000,20.2600000000,19.5800000000,19.7300000000,20.0900000000,3310432,65753809.6400,2,1.696600,1,-1.791900,43.260697,3.673881,5.197189,-24.945785,0
2026-03-03,sz.300880,19.7400000000,20.3500000000,19.2900000000,19.3500000000,19.7300000000,4264393,84310209.8100,2,2.185600,1,-1.926000,42.427496,3.603122,5.097091,-24.465329,0
2026-03-04,sz.300880,19.1500000000,23.2200000000,19.1500000000,23.2200000000,19.3500000000,27655225,608362566.4600,2,14.173700,1,20.000000,50.912995,4.323746,6.116509,-29.358394,0
2026-03-05,sz.300880,27.5000000000,27.8500000000,23.8100000000,24.4100000000,23.2200000000,46545197,1193097707.9200,2,23.855100,1,5.124900,53.522231,4.545333,6.429973,-30.862980,0
2026-03-06,sz.300880,23.4500000000,25.8000000000,22.6000000000,25.2500000000,24.4100000000,38316707,947593720.9900,2,19.637900,1,3.441200,55.364045,4.701748,6.651243,-31.925041,0
2026-03-09,sz.300880,23.9900000000,28.8800000000,23.9900000000,27.7700000000,25.2500000000,40426325,1081442969.6700,2,20.719100,1,9.980200,60.889486,5.170992,7.315050,-35.111223,0
2026-03-10,sz.300880,26.6000000000,27.4400000000,25.6900000000,27.3500000000,27.7700000000,32614769,860155388.7900,2,16.715500,1,-1.512400,59.968579,5.092784,7.204415,-34.580193,0
2026-03-11,sz.300880,26.6600000000,26.7300000000,25.7300000000,25.9900000000,27.3500000000,21278250,556339284.3300,2,10.905400,1,-4.972600,56.986595,4.839542,6.846170,-32.860666,0
2026-03-12,sz.300880,25.5000000000,25.5000000000,24.4400000000,24.8000000000,25.9900000000,19627477,489148898.9400,2,10.059400,1,-4.578700,54.377359,4.617954,6.532706,-31.356080,0
2026-03-13,sz.300880,24.8000000000,24.8300000000,23.1100000000,23.3800000000,24.8000000000,17889814,424388898.6900,2,9.168800,1,-5.725800,51.263816,4.353539,6.158655,-29.560692,0
2026-03-16,sz.300880,23.1800000000,24.2400000000,22.9500000000,24.1700000000,23.3800000000,14458924,340672107.3700,2,7.410400,1,3.379000,52.995998,4.500644,6.366754,-30.559534,0
2026-03-17,sz.300880,23.9500000000,23.9800000000,22.6800000000,22.7000000000,24.1700000000,11982441,277996813.1800,2,6.141200,1,-6.081900,49.772824,4.226918,5.979533,-28.700928,0
2026-03-18,sz.300880,22.8100000000,23.4800000000,22.8100000000,23.4500000000,22.7000000000,10373149,241077350.1900,2,5.316400,1,3.304000,51.417301,4.366574,6.177095,-29.649197,0
