date,code,open,high,low,close,preclose,volume,amount,adjustflag,turn,tradestatus,pctChg,peTTM,pbMRQ,psTTM,pcfNcfTTM,isST
2023-08-04,sz.301362,57.5800,64.5400,55.3800,55.4300,51.0500,17526698,1023758670.1900,3,72.964300,1,8.579800,22.877601,4.898443,3.866635,46.568095,0
2023-08-07,sz.301362,45.7007771800,48.3795720000,43.7476759400,47.3044704000,49.6607347400,11524583,584747834.3600,2,47.977200,1,-4.744700,21.792122,4.666025,3.683174,44.358568,0
2023-08-08,sz.301362,45.8351648800,51.0583668200,45.7276547200,49.2575716400,47.3044704000,12184985,659184884.2100,2,50.726500,1,4.128800,22.691872,4.858675,3.835244,46.190039,0
2023-08-09,sz.301362,47.4836540000,56.8907930000,46.0233076600,51.8736522000,49.2575716400,13993255,773066046.7900,2,58.254400,1,5.311000,23.897043,5.116721,4.038935,48.643202,0
2023-08-10,sz.301362,50.5656119200,62.6157090200,49.4636327800,53.1279374000,51.8736522000,17886361,1124639224.8300,2,74.461500,1,2.418000,24.474864,5.240441,4.136594,49.819376,0
2023-08-11,sz.301362,49.8847142400,51.6765502400,47.4836540000,47.9405721800,53.1279374000,13959577,766178803.5200,2,58.114200,1,-9.763900,22.085160,4.728769,3.732701,44.955056,0
2023-08-14,sz.301362,46.5877360000,47.0267358200,44.6883898400,44.8048591800,47.9405721800,9619130,491216563.5900,2,40.044800,1,-6.540800,20.640606,4.419468,3.488551,42.014621,0
2023-08-15,sz.301362,44.7242265600,46.1397770000,44.2135533000,45.4320017800,44.8048591800,7495868,378542169.9300,2,31.205600,1,1.399700,20.929517,4.481328,3.537381,42.602708,0
2023-08-16,sz.301362,45.0646754000,46.7669196000,44.9571652400,45.1363488400,45.4320017800,6658227,339551770.3900,2,27.718400,1,-0.650800,20.793316,4.452166,3.514361,42.325467,0
2023-08-17,sz.301362,44.7959000000,44.7959000000,42.3142071400,44.1329206800,45.1363488400,6817391,331732961.7500,2,28.381000,1,-2.223100,20.331059,4.353189,3.436233,41.384527,0
2023-08-18,sz.301362,43.7207984000,47.0267358200,43.6312066000,45.7814098000,44.1329206800,9164871,467642075.4700,2,38.153700,1,3.735300,21.090482,4.515793,3.564586,42.930356,0
2023-08-21,sz.301362,45.4140834200,46.5877360000,44.3479410000,44.6167164000,45.7814098000,5349967,268869084.1300,2,22.272100,1,-2.544000,20.553933,4.400910,3.473902,41.838194,0
2023-08-22,sz.301362,44.3479410000,44.9302877000,41.0330444000,42.2783704200,44.6167164000,6642965,316414729.6600,2,27.654900,1,-5.241000,19.476709,4.170260,3.291836,39.645470,0
2023-08-23,sz.301362,41.9289624000,42.0006358400,40.2087998400,40.2087998400,42.2783704200,4170104,190732718.9500,2,17.360300,1,-4.895100,18.523304,3.966121,3.130697,37.704783,0
2023-08-24,sz.301362,40.2625549200,40.2715141000,38.2556986000,39.3755961000,40.2087998400,3879285,170683939.2400,2,16.149600,1,-2.072200,18.139465,3.883936,3.065823,36.923467,0
2023-08-25,sz.301362,39.0351472600,39.1247390600,36.9386991400,36.9386991400,39.3755961000,3548248,150306389.2100,2,14.771500,1,-6.188900,17.016841,3.643565,2.876084,34.638328,0
2023-08-28,sz.301362,40.2267182000,40.2267182000,37.5837601000,37.5837601000,36.9386991400,4275841,184867447.0100,2,17.800500,1,1.746300,17.314006,3.707192,2.926309,35.243218,0
2023-08-29,sz.301362,37.3776989600,40.4506977000,37.2253929000,40.4327793400,37.5837601000,4715885,208316551.4500,2,19.632400,1,7.580500,18.626486,3.988214,3.148137,37.914814,0
2023-08-30,sz.301362,40.8717791600,41.9289624000,40.5134119600,40.9165750600,40.4327793400,3852816,176717346.3100,2,16.039400,1,1.196500,19.370386,3.798705,3.254036,38.417718,0
2023-08-31,sz.301362,40.9524117800,41.8035338800,40.6746772000,41.4003707800,40.9165750600,2612611,120298214.7100,2,10.876400,1,1.182400,19.599420,3.843621,3.292512,38.871968,0
2023-09-01,sz.301362,41.2032688200,41.9200032200,40.8628199800,41.3197381600,41.4003707800,2154645,99540382.5400,2,8.969900,1,-0.194800,19.561248,3.836135,3.286099,38.796259,0
2023-09-04,sz.301362,41.5526768400,42.5292274600,40.5850854000,42.2246153400,41.3197381600,2997045,139449227.8800,2,12.476800,1,2.189900,19.989627,3.920144,3.358063,39.645874,0
2023-09-05,sz.301362,41.9289624000,42.5561050000,41.3824524200,42.5561050000,42.2246153400,3118512,146402032.6000,2,12.982500,1,0.785100,20.146558,3.950920,3.384426,39.957119,0
2023-09-06,sz.301362,42.5561050000,43.2549210400,41.5885135600,41.7049829000,42.5561050000,3338764,156990612.1200,2,13.899400,1,-2.000000,19.743627,3.871901,3.316737,39.157976,0
2023-09-07,sz.301362,41.8572889600,42.2873296000,40.7463506400,40.8807383400,41.7049829000,2213138,101899449.5300,2,9.213400,1,-1.976400,19.353420,3.795378,3.251186,38.384070,0
2023-09-08,sz.301362,41.3914116000,42.2246153400,41.0867994800,41.6153911000,40.8807383400,2853285,132812046.4000,2,11.878300,1,1.797100,19.701213,3.863584,3.309612,39.073856,0
2023-09-11,sz.301362,41.0151260400,41.6601870000,40.5223711400,40.9972076800,41.6153911000,1852958,84676876.5200,2,7.713900,1,-1.485500,19.408558,3.806191,3.260449,38.493426,0
2023-09-12,sz.301362,40.8628199800,41.6601870000,40.4954936000,41.3376565200,40.9972076800,1676304,77135639.4600,2,6.978500,1,0.830400,19.569730,3.837799,3.287524,38.813083,0
2023-09-13,sz.301362,41.1315953800,41.2122280000,39.6533306800,39.8056367400,41.3376565200,2092389,93824485.1600,2,8.710700,1,-3.706100,18.844454,3.695565,3.165685,37.374627,0
2023-09-14,sz.301362,39.9310652600,40.0654529600,38.6767800600,38.9097187400,39.8056367400,1306563,57142034.8100,2,5.439300,1,-2.250700,18.420316,3.612388,3.094434,36.533425,0
2023-09-15,sz.301362,38.9545146400,40.0385754200,38.9365962800,39.5816572400,38.9097187400,1387419,61241979.6100,2,5.775900,1,1.726900,18.738420,3.674771,3.147872,37.164327,0
2023-09-18,sz.301362,39.5189429800,40.5850854000,39.0709839800,40.1908814800,39.5816572400,1173054,52531117.3900,2,4.883500,1,1.539200,19.026834,3.731332,3.196323,37.736344,0
2023-09-19,sz.301362,40.3431875400,40.4954936000,39.4383103600,39.4562287200,40.1908814800,917895,40755031.3200,2,3.821200,1,-1.827900,18.679040,3.663126,3.137897,37.046558,0
2023-09-20,sz.301362,39.4203920000,40.0923305000,39.0709839800,39.5458205200,39.4562287200,892614,39517178.8100,2,3.716000,1,0.227100,18.721454,3.671444,3.145022,37.130678,0
2023-09-21,sz.301362,39.5368613400,39.8235551000,38.5423923600,38.5603107200,39.5458205200,1033473,45008401.7000,2,4.302400,1,-2.492100,18.254902,3.579949,3.066646,36.205356,0
2023-09-22,sz.301362,38.6499025200,40.7015547400,38.3990454800,40.0833713200,38.5603107200,1679158,74546492.3900,2,6.990400,1,3.949800,18.975937,3.721350,3.187773,37.635400,0
2023-09-25,sz.301362,40.2087998400,40.3611059000,39.5995756000,39.6981265800,40.0833713200,904731,40179745.6500,2,3.766400,1,-0.961100,18.793558,3.685584,3.157135,37.273683,0
2023-09-26,sz.301362,39.8683510000,39.8683510000,39.2053716800,39.5099838000,39.6981265800,693203,30582454.2000,2,2.885800,1,-0.473900,18.704489,3.668117,3.142172,37.097030,0
2023-09-27,sz.301362,39.6891674000,40.0385754200,38.9993105400,39.5189429800,39.5099838000,994607,44048574.8100,2,4.140600,1,0.022700,18.708730,3.668949,3.142885,37.105442,0
2023-09-28,sz.301362,39.6819459400,40.2977315000,39.2291624400,39.7815583100,39.5189438800,1092659,47965641.9700,2,4.548800,1,0.664500,18.632385,3.653977,3.130060,36.954026,0
2023-10-09,sz.301362,39.5732779000,39.9083376900,38.7944902800,39.0027706900,39.7815583100,935738,40569642.3600,2,3.895500,1,-1.957700,18.267627,3.582444,3.068784,36.230592,0
2023-10-10,sz.301362,39.1204944000,39.2834964600,38.3054841000,38.4865975000,39.0027706900,957413,40852262.4000,2,3.985700,1,-1.323400,18.025868,3.535033,3.028171,35.751106,0
2023-10-11,sz.301362,38.6767665700,39.1476614100,38.2692614200,39.0208820300,38.4865975000,997424,42793200.7800,2,4.152300,1,1.388200,18.276109,3.584108,3.070209,36.247416,0
2023-10-12,sz.301362,38.6767665700,39.1657727500,38.5771542000,38.9484366700,39.0208820300,818132,35137861.7000,2,3.405900,1,-0.185700,18.242178,3.577454,3.064509,36.180120,0
2023-10-13,sz.301362,38.8307129600,38.8307129600,37.7168655500,38.0609810100,38.9484366700,1100479,46360252.3000,2,4.581300,1,-2.278500,17.826523,3.495940,2.994683,35.355741,0
2023-10-16,sz.301362,38.4775418300,38.4775418300,37.4270841100,37.5810305000,38.0609810100,756886,31627407.6600,2,3.150900,1,-1.261000,17.601730,3.451856,2.956919,34.909904,0
2023-10-17,sz.301362,37.5810305000,37.7621439000,36.9018552500,37.2459707100,37.5810305000,828952,34062063.1400,2,3.451000,1,-0.891600,17.444799,3.421081,2.930557,34.598659,0
2023-10-18,sz.301362,37.0195789600,37.1191913300,36.0143995900,36.0415666000,37.2459707100,895310,35818159.1300,2,3.727200,1,-3.233600,16.880695,3.310455,2.835793,33.479860,0
2023-10-19,sz.301362,35.8876202100,37.0014676200,35.7698965000,36.3404037100,36.0415666000,896869,36228726.3900,2,3.733700,1,0.829100,17.020661,3.337903,2.859305,33.757456,0
2023-10-20,sz.301362,36.6754635000,37.2188037000,36.0143995900,36.0415666000,36.3404037100,793115,32007667.1600,2,3.301800,1,-0.822300,16.880695,3.310455,2.835793,33.479860,0
2023-10-23,sz.301362,35.8876202100,36.0415666000,34.6017150700,34.9096078500,36.0415666000,824266,31931509.8100,2,3.431400,1,-3.140700,16.350523,3.206483,2.746729,32.428356,0
2023-10-24,sz.301362,34.9820532100,36.2045686600,34.7556614600,36.1955129900,34.9096078500,894254,35256481.9400,2,3.722800,1,3.683500,16.952799,3.324595,2.847905,33.622864,0
2023-10-25,sz.301362,36.4219047400,37.1010799900,36.2317356700,36.7116861800,36.1955129900,981801,39725310.3100,2,4.087300,1,1.426100,18.157306,1.682608,2.861384,5.468334,0
2023-10-26,sz.301362,36.4400160800,37.2369150400,35.7698965000,37.2097480300,36.7116861800,908955,36786340.9000,2,3.784000,1,1.356700,18.403644,1.705436,2.900204,5.542522,0
2023-10-27,sz.301362,36.8022428800,38.0338140000,36.6392408200,37.6081975100,37.2097480300,1117198,46117196.8300,2,4.650900,1,1.070800,18.600714,1.723698,2.931260,5.601873,0
2023-10-30,sz.301362,37.3999171000,37.8255335900,37.1282470000,37.4361397800,37.6081975100,1262078,52338665.4200,2,5.254100,1,-0.457500,18.515615,1.715812,2.917849,5.576244,0
2023-10-31,sz.301362,37.3636944200,37.7078098800,36.9109109200,37.0558016400,37.4361397800,884451,36371238.5100,2,3.682000,1,-1.016000,18.327503,1.698380,2.888205,5.519592,0
2023-11-01,sz.301362,37.2731377200,37.6353645200,36.8656325700,37.4995294700,37.0558016400,929193,38389820.1000,2,3.868300,1,1.197500,18.546967,1.718718,2.922790,5.585686,0
2023-11-02,sz.301362,37.5266964800,37.6625315300,36.5215171100,36.5215171100,37.4995294700,700135,28595207.4100,2,2.914700,1,-2.608100,18.063250,1.673892,2.846561,5.440008,0
2023-11-03,sz.301362,36.5305727800,37.8345892600,36.5305727800,37.4723624600,36.5215171100,983118,40688172.8000,2,4.092800,1,2.603500,18.533531,1.717472,2.920672,5.581640,0
2023-11-06,sz.301362,37.6444201900,38.4322634800,37.6444201900,38.2420944100,37.4723624600,977825,41235181.5600,2,4.070700,1,2.054100,18.914234,1.752752,2.980667,5.696294,0
2023-11-07,sz.301362,38.2149274000,38.6586552300,38.1062593600,38.4503748200,38.2420944100,797994,33817883.6000,2,3.322100,1,0.544600,19.017248,1.762298,2.996901,5.727318,0
2023-11-08,sz.301362,38.2149274000,38.6043212100,38.1062593600,38.4865975000,38.4503748200,989419,41908783.9900,2,4.119000,1,0.094200,19.035163,1.763958,2.999724,5.732714,0
2023-11-09,sz.301362,38.4865975000,38.6314882200,37.9070346200,37.9794799800,38.4865975000,925896,38988096.3700,2,3.854500,1,-1.317600,18.784347,1.740715,2.960198,5.657177,0
2023-11-10,sz.301362,37.9613686400,40.0894510900,37.5448078200,38.4956531700,37.9794799800,3063910,132090102.0600,2,12.755200,1,1.359100,19.039642,1.764373,3.000430,5.734062,0
2023-11-13,sz.301362,38.7129892500,39.0752160500,38.3326511100,38.5862098700,38.4956531700,1994200,85033151.0000,2,8.301900,1,0.235200,19.084431,1.768523,3.007488,5.747551,0
2023-11-14,sz.301362,38.7582676000,38.8307129600,38.0790923500,38.4775418300,38.5862098700,1469668,62337566.0200,2,6.118300,1,-0.281600,19.030684,1.763543,2.999018,5.731365,0
2023-11-15,sz.301362,38.7311005900,39.0933273900,38.3054841000,38.9393810000,38.4775418300,1709051,73166712.5000,2,7.114800,1,1.200300,19.259106,1.784710,3.035015,5.800157,0
2023-11-16,sz.301362,38.9393810000,38.9484366700,38.0881480200,38.1243707000,38.9393810000,1261071,53486986.7800,2,5.249900,1,-2.093000,18.856009,1.747356,2.971491,5.678759,0
2023-11-17,sz.301362,37.9794799800,38.7582676000,37.9432573000,38.7220449200,38.1243707000,1048671,44540797.1400,2,4.365700,1,1.567700,19.151614,1.774749,3.018075,5.767784,0
2023-11-20,sz.301362,38.9303253300,39.1476614100,38.4684861600,39.0933273900,38.7220449200,1157362,49674920.3300,2,4.818100,1,0.958800,19.335247,1.791766,3.047014,5.823088,0
2023-11-21,sz.301362,39.0299377000,39.2382181100,38.4141521400,38.4956531700,39.0933273900,1278520,54704271.6000,2,5.322500,1,-1.528800,19.039642,1.764373,3.000430,5.734062,0
2023-11-22,sz.301362,38.5228201800,38.6677109000,37.7259212200,37.7802552400,38.4956531700,958988,40301611.9400,2,3.992300,1,-1.858400,18.685812,1.731584,2.944670,5.627501,0
2023-11-23,sz.301362,37.7893109100,38.3598181200,37.5991418400,38.2058717300,37.7802552400,934096,39277047.8100,2,3.888700,1,1.126600,18.896318,1.751091,2.977843,5.690899,0
2023-11-24,sz.301362,38.0881480200,38.1243707000,36.9199665900,37.1373026700,38.2058717300,1037042,42735263.8400,2,4.317200,1,-2.796900,18.367813,1.702116,2.894557,5.531731,0
2023-11-27,sz.301362,37.0376903000,37.4361397800,36.8112985500,36.8837439100,37.1373026700,677085,27685642.3700,2,2.818700,1,-0.682800,18.242405,1.690494,2.874794,5.493963,0
2023-11-28,sz.301362,36.8384655600,37.7440325600,36.6573521600,37.5538634900,36.8837439100,809378,33426787.1200,2,3.369500,1,1.816800,18.573840,1.721208,2.927025,5.593780,0
2023-11-29,sz.301362,37.4633067900,37.8074222500,37.0014676200,37.0829686500,37.5538634900,603142,24852999.0800,2,2.510900,1,-1.253900,18.340940,1.699625,2.890322,5.523638,0
2023-11-30,sz.301362,37.0558016400,37.1373026700,36.0325109300,36.3947377300,37.0829686500,813401,32734766.4200,2,3.386200,1,-1.855900,18.000546,1.668082,2.836680,5.421124,0
2023-12-01,sz.301362,36.5849068000,36.6030181400,35.9510099000,36.2317356700,36.3947377300,554174,22137287.3800,2,2.307000,1,-0.447900,17.919926,1.660611,2.823975,5.396844,0
2023-12-04,sz.301362,36.3856820600,36.3856820600,35.8513975300,35.8513975300,36.2317356700,620349,24705131.3400,2,2.582500,1,-1.049700,17.731814,1.643179,2.794331,5.340191,0
2023-12-05,sz.301362,35.7880078400,36.0234552600,35.2084449600,35.2446676400,35.8513975300,733707,28713689.0000,2,3.054400,1,-1.692300,17.431731,1.615370,2.747041,5.249817,0
2023-12-06,sz.301362,35.2446676400,35.7698965000,35.2446676400,35.4438923800,35.2446676400,647171,25382147.2300,2,2.694200,1,0.565300,17.530266,1.624502,2.762569,5.279492,0
2023-12-07,sz.301362,35.4438923800,35.6612284600,34.7556614600,35.1903336200,35.4438923800,835600,32317854.2900,2,3.478600,1,-0.715400,17.404857,1.612880,2.742806,5.241724,0
2023-12-08,sz.301362,35.2627789800,35.4529480500,34.7647171300,34.7647171300,35.1903336200,743200,28745534.6900,2,3.094000,1,-1.209500,17.194351,1.593373,2.709633,5.178326,0
2023-12-11,sz.301362,34.6651047600,35.0635542400,34.2938222900,34.9639418700,34.7647171300,614526,23594257.6300,2,2.558300,1,0.573100,17.292886,1.602504,2.725161,5.208002,0
2023-12-12,sz.301362,34.9548862000,35.0816655800,34.7284944500,34.8462181600,34.9639418700,515725,19869901.1000,2,2.147000,1,-0.336700,17.234661,1.597108,2.715985,5.190466,0
2023-12-13,sz.301362,34.8462181600,34.9005521800,34.3934346600,34.5202140400,34.8462181600,575594,21972548.9800,2,2.396200,1,-0.935600,17.073422,1.582167,2.690576,5.141907,0
2023-12-14,sz.301362,34.6017150700,34.7737728000,34.1398759000,34.1398759000,34.5202140400,596900,22695796.0000,2,2.484900,1,-1.101800,16.885309,1.564734,2.660931,5.085254,0
2023-12-15,sz.301362,34.2485439400,34.4296573400,33.9587625000,34.0130965200,34.1398759000,494192,18623882.0300,2,2.057300,1,-0.371400,16.822605,1.558924,2.651050,5.066370,0
2023-12-18,sz.301362,34.1398759000,34.2032655900,33.3882552900,33.4607006500,34.0130965200,586509,21834916.9500,2,2.441700,1,-1.624100,16.549395,1.533606,2.607995,4.984089,0
2023-12-19,sz.301362,33.3882552900,33.9134841500,33.2795872500,33.7776491000,33.4607006500,420100,15604190.0000,2,1.748900,1,0.947200,16.706155,1.548133,2.632699,5.031299,0
2023-12-20,sz.301362,33.8319831200,35.7246181500,33.8319831200,35.3442800100,33.7776491000,2846886,109922075.0800,2,11.851700,1,4.638100,17.480998,1.619936,2.754805,5.264654,0
2023-12-21,sz.301362,34.8462181600,35.3623913500,34.1308202300,34.6288820800,35.3442800100,2185700,83533004.0000,2,9.099100,1,-2.024100,17.127168,1.587147,2.699046,5.158093,0
2023-12-22,sz.301362,34.5564367200,34.7737728000,33.4335336400,33.6870924000,34.6288820800,1814800,68319818.0000,2,7.555100,1,-2.719700,16.661366,1.543982,2.625641,5.017810,0
2023-12-25,sz.301362,33.3339212700,33.7052037400,32.9626388000,33.0260284900,33.6870924000,952415,34961845.4500,2,3.964900,1,-1.962400,16.334409,1.513683,2.574116,4.919343,0
2023-12-26,sz.301362,32.9716944700,33.0622511700,32.5913563300,32.6909687000,33.0260284900,698447,25278107.6900,2,2.907700,1,-1.014500,16.168692,1.498327,2.548001,4.869434,0
2023-12-27,sz.301362,32.7724697300,33.6689810600,32.4011872600,33.6418140500,32.6909687000,1146442,42129412.3600,2,4.772700,1,2.908600,16.638972,1.541907,2.622112,5.011066,0
2023-12-28,sz.301362,33.6599253900,35.2446676400,33.5422016800,35.0273315600,33.6418140500,2071273,79264629.0500,2,8.622800,1,4.118400,17.324238,1.605409,2.730102,5.217444,0
2023-12-29,sz.301362,35.0544985700,36.2226800000,34.9548862000,35.6431171200,35.0273315600,1798481,70910755.4200,2,7.487100,1,1.758000,17.628800,1.633633,2.778097,5.309167,0
2024-01-02,sz.301362,35.6974511400,35.8242305200,35.2356119700,35.3623913500,35.6431171200,954900,37337374.0000,2,3.975300,1,-0.787600,17.489956,1.620766,2.756217,5.267352,0
2024-01-03,sz.301362,35.3623913500,35.3623913500,34.3843789900,34.6922717700,35.3623913500,905426,34722916.4700,2,3.769300,1,-1.895000,17.158520,1.590052,2.703986,5.167535,0
2024-01-04,sz.301362,35.0363872300,35.2084449600,34.4658800200,35.0092202200,34.6922717700,781140,30134888.2000,2,3.251900,1,0.913600,17.315280,1.604579,2.728690,5.214746,0
2024-01-05,sz.301362,35.1812779500,36.5849068000,35.0273315600,35.4982264000,35.0092202200,2194571,86945690.0700,2,9.136100,1,1.396800,17.557139,1.626992,2.766804,5.287585,0
2024-01-08,sz.301362,35.4529480500,36.3132367000,35.2175006300,35.5344490800,35.4982264000,1715500,67590975.0000,2,7.141700,1,0.102000,17.575054,1.628652,2.769627,5.292981,0
2024-01-09,sz.301362,35.4348367100,36.3132367000,35.0454429000,35.3986140300,35.5344490800,1556907,61371106.5600,2,6.481500,1,-0.382300,17.507871,1.622426,2.759040,5.272748,0
2024-01-10,sz.301362,35.2808903200,35.6793398000,34.3843789900,34.7828284700,35.3986140300,1044500,40354502.0000,2,4.348300,1,-1.739600,17.203309,1.594203,2.711045,5.181024,0
2024-01-11,sz.301362,34.6560490900,35.7698965000,34.5926594000,35.7698965000,34.7828284700,1336972,52112214.3600,2,5.565900,1,2.837800,17.691505,1.639443,2.787979,5.328051,0
2024-01-12,sz.301362,35.8513975300,36.2136243300,35.3442800100,35.3533356800,35.7698965000,1311200,51875923.0000,2,5.458600,1,-1.164600,17.485477,1.620351,2.755511,5.266003,0
2024-01-15,sz.301362,35.1359996000,35.4438923800,34.4387130100,35.3261686700,35.3533356800,1044582,40324608.1000,2,4.348600,1,-0.076800,17.472040,1.619106,2.753394,5.261957,0
2024-01-16,sz.301362,35.5072820700,35.5072820700,34.5111583700,35.1359996000,35.3261686700,1017100,39184868.0000,2,4.234200,1,-0.538300,17.377984,1.610390,2.738571,5.233630,0
2024-01-17,sz.301362,35.1359996000,35.1450552700,34.0493192000,34.0674305400,35.1359996000,831200,31819205.0000,2,3.460300,1,-3.041200,16.849479,1.561414,2.655285,5.074463,0
2024-01-18,sz.301362,34.2757109500,34.4024903300,32.8086924100,33.7052037400,34.0674305400,944800,34914390.7200,2,3.933200,1,-1.063300,16.670324,1.544812,2.627052,5.020508,0
2024-01-19,sz.301362,33.6870924000,33.9315954900,32.7543583900,32.8720821000,33.7052037400,990190,36222358.0000,2,4.122200,1,-2.471800,16.258269,1.506628,2.562117,4.896412,0
2024-01-22,sz.301362,32.6909687000,32.8630264300,30.5176079000,30.9070017100,32.8720821000,944965,33184346.0500,2,3.933900,1,-5.978000,15.286356,1.416562,2.408955,4.603706,0
2024-01-23,sz.301362,30.8798347000,31.4141192300,30.2006594500,30.9794470700,30.9070017100,1166897,39737380.3700,2,4.857800,1,0.234400,15.322187,1.419882,2.414601,4.614497,0
2024-01-24,sz.301362,30.8798347000,31.4684532500,29.7116532700,30.7892780000,30.9794470700,959575,32417122.5000,2,3.994700,1,-0.613900,15.228130,1.411166,2.399779,4.586171,0
2024-01-25,sz.301362,30.7439996500,31.9665151000,30.5085522300,31.7491790200,30.7892780000,820600,28338082.0000,2,3.416200,1,3.117600,15.702890,1.455162,2.474596,4.729152,0
2024-01-26,sz.301362,31.6857893300,32.1747955100,30.9703914000,31.0337810900,31.7491790200,871071,30306605.5800,2,3.626300,1,-2.253300,15.349060,1.422373,2.418836,4.622590,0
2024-01-29,sz.301362,31.3416738700,32.9898058100,30.1010470800,30.2640491400,31.0337810900,1873994,64886520.7200,2,7.801500,1,-2.480300,14.968357,1.387094,2.358842,4.507936,0
2024-01-30,sz.301362,30.1372697600,30.3002718200,28.9238099800,28.9419213200,30.2640491400,990003,32352158.1700,2,4.121400,1,-4.368600,14.314443,1.326496,2.255792,4.311001,0
2024-01-31,sz.301362,28.9056986400,29.1230347200,27.5473481400,27.5473481400,28.9419213200,947801,29488866.3700,2,3.945700,1,-4.818500,13.624698,1.262579,2.147096,4.103274,0
2024-02-01,sz.301362,27.5292368000,27.8190182400,26.8772285600,27.1307873200,27.5473481400,795725,24007331.8800,2,3.312600,1,-1.512200,13.418670,1.243487,2.114629,4.041226,0
2024-02-02,sz.301362,27.1307873200,30.2912161500,26.9949522700,28.4257481300,27.1307873200,2705823,84725709.0900,2,11.264400,1,4.773000,14.059148,1.302839,2.215561,4.234115,0
2024-02-05,sz.301362,27.7827955600,27.8914636000,23.8707461200,24.3506966300,28.4257481300,2946465,82923562.6600,2,11.605900,1,-14.335800,12.043660,1.116067,1.897943,3.627122,0
2024-02-06,sz.301362,24.3506966300,27.0583419600,23.1191255100,25.8086595000,24.3506966300,2616772,73640273.9200,2,10.307300,1,5.987400,12.764756,1.182889,2.011580,3.844290,0
2024-02-07,sz.301362,25.8267708400,25.9988285700,24.8397028100,24.9755378600,25.8086595000,1875741,52592364.3800,2,7.388400,1,-3.228100,12.352701,1.144705,1.946644,3.720194,0
2024-02-08,sz.301362,25.0751502300,28.4257481300,24.8578141500,27.4477357700,24.9755378600,1979101,57855089.7300,2,7.795500,1,9.898500,13.575430,1.258013,2.139332,4.088436,0
2024-02-19,sz.301362,27.4749027800,28.7426965800,27.4749027800,28.2084120500,27.4477357700,2088848,65388836.6900,2,8.227800,1,2.771400,13.951655,1.292877,2.198621,4.201742,0
2024-02-20,sz.301362,27.8914636000,28.6702512200,27.6379048400,28.3985811200,28.2084120500,1414198,44149993.5600,2,5.570400,1,0.674200,14.045711,1.301593,2.213443,4.230068,0
2024-02-21,sz.301362,28.3351914300,29.2860367800,28.1087996800,28.6159172000,28.3985811200,1446933,46091271.4100,2,5.699400,1,0.765300,14.153204,1.311555,2.230383,4.262441,0
2024-02-22,sz.301362,28.8785316300,29.2317027600,28.6611955500,28.9781440000,28.6159172000,1100668,35165113.2600,2,4.335400,1,1.265800,14.332358,1.328157,2.258616,4.316396,0
2024-02-23,sz.301362,29.2317027600,31.5952326300,28.8875873000,30.4994965600,28.9781440000,2172196,72740751.2400,2,8.556100,1,5.250000,15.084807,1.397885,2.377193,4.543007,0
2024-02-26,sz.301362,30.6172202700,31.0518924300,30.0829357400,30.6987213000,30.4994965600,1733867,58613912.2500,2,6.829600,1,0.653200,15.183342,1.407016,2.392721,4.572682,0
2024-02-27,sz.301362,30.5176079000,31.4412862400,30.4089398600,31.4231749000,30.6987213000,1343827,46151786.1500,2,5.293200,1,2.359900,15.541651,1.440220,2.449186,4.680592,0
2024-02-28,sz.301362,31.5861769600,32.4011872600,28.9871996700,29.0868120400,31.4231749000,2380473,81917905.7700,2,9.376500,1,-7.435200,14.386104,1.333137,2.267085,4.332583,0
2024-02-29,sz.301362,29.0958677100,30.0829357400,28.9781440000,30.0648244000,29.0868120400,1309721,42979487.5300,2,5.158900,1,3.362400,14.869822,1.377962,2.343314,4.478261,0
2024-03-01,sz.301362,30.2187707900,32.3106305600,30.0919914100,31.4503419100,30.0648244000,2494531,87041356.0300,2,9.825800,1,4.608400,15.555087,1.441465,2.451304,4.684639,0
2024-03-04,sz.301362,31.2873398500,31.6042883000,30.4813852200,31.1605604700,31.4503419100,1368780,46800137.6600,2,5.391500,1,-0.921400,15.411764,1.428183,2.428718,4.641475,0
2024-03-05,sz.301362,31.0881151100,31.1243377900,30.2097151200,30.2459378000,31.1605604700,956368,32267351.6600,2,3.767100,1,-2.935200,14.959399,1.386263,2.357430,4.505238,0
2024-03-06,sz.301362,30.2640491400,31.5408986100,30.1372697600,31.2601728400,30.2459378000,1623627,55594356.5700,2,6.395300,1,3.353300,15.461031,1.432749,2.436482,4.656312,0
2024-03-07,sz.301362,31.2420615000,31.9665151000,30.6172202700,30.6172202700,31.2601728400,1129092,38985807.4800,2,4.447400,1,-2.056800,15.143032,1.403280,2.386369,4.560542,0
2024-03-08,sz.301362,30.6534429500,31.1515048000,30.4723295500,30.7530553200,30.6172202700,635270,21616690.2300,2,2.502300,1,0.443700,15.210215,1.409506,2.396956,4.580775,0
2024-03-11,sz.301362,30.6262759400,31.3597852100,30.6262759400,31.3416738700,30.7530553200,792192,27197332.0900,2,3.120400,1,1.914000,15.501341,1.436484,2.442834,4.668452,0
2024-03-12,sz.301362,31.3597852100,31.9665151000,31.1243377900,31.8578470600,31.3416738700,996869,34828180.4300,2,3.926600,1,1.646900,15.756636,1.460142,2.483066,4.745338,0
2024-03-13,sz.301362,31.7129563400,32.1476285000,31.6314553100,31.8306800500,31.8578470600,757700,26679270.3800,2,2.984500,1,-0.085300,15.743200,1.458897,2.480948,4.741291,0
2024-03-14,sz.301362,31.6948450000,32.3740202500,31.5318429400,32.0480161300,31.8306800500,1601676,56702124.6400,2,6.308900,1,0.682800,15.850692,1.468858,2.497888,4.773664,0
2024-03-15,sz.301362,31.9031254100,32.2200738600,31.5952326300,32.2200738600,32.0480161300,811785,28646413.8100,2,3.197600,1,0.536900,15.935791,1.476744,2.511298,4.799293,0
2024-03-18,sz.301362,32.2834635500,32.8268037500,32.0570718000,32.7815254000,32.2200738600,1290391,46308976.5400,2,5.082800,1,1.742600,16.213480,1.502477,2.555059,4.882923,0
2024-03-19,sz.301362,32.7543583900,32.9716944700,32.3830759200,32.4102429300,32.7815254000,873743,31477479.0300,2,3.441600,1,-1.132600,16.029847,1.485460,2.526120,4.827619,0
2024-03-20,sz.301362,32.5641893200,32.8720821000,32.4192986000,32.7453027200,32.4102429300,757687,27338267.3800,2,2.984500,1,1.033800,16.195565,1.500817,2.552236,4.877528,0
2024-03-21,sz.301362,32.7362470500,33.0531955000,32.0570718000,32.6185233400,32.7453027200,1012783,36511726.2800,2,3.989300,1,-0.387200,16.132861,1.495006,2.542354,4.858643,0
2024-03-22,sz.301362,32.4645769500,32.7181357100,31.4231749000,31.9302924200,32.6185233400,1270090,44869950.8900,2,5.002800,1,-2.109900,15.792467,1.463463,2.488712,4.756129,0
2024-03-25,sz.301362,31.6948450000,31.9755707700,31.0156697500,31.0156697500,31.9302924200,757045,26322971.6900,2,2.981900,1,-2.864400,15.340102,1.421543,2.417425,4.619893,0
2024-03-26,sz.301362,31.0609481000,31.3326182000,30.4361068700,31.1333934600,31.0156697500,682595,23278330.1700,2,2.688700,1,0.379600,15.398327,1.426938,2.426600,4.637428,0
2024-03-27,sz.301362,30.9885027400,31.1062264500,29.9742677000,29.9742677000,31.1333934600,832000,28020458.7000,2,3.277200,1,-3.723100,14.825033,1.373812,2.336256,4.464772,0
2024-03-28,sz.301362,29.9289893500,31.2601728400,29.8022099700,30.8255006800,29.9742677000,948371,32179598.3800,2,3.735600,1,2.839900,15.246046,1.412827,2.402602,4.591566,0
2024-03-29,sz.301362,30.8255006800,31.1515048000,30.4813852200,31.1062264500,30.8255006800,634179,21636391.7800,2,2.498000,1,0.910700,15.384891,1.425693,2.424483,4.633381,0
2024-04-01,sz.301362,31.1515048000,32.5551336500,31.0700037700,32.5189109700,31.1062264500,882623,31295126.1500,2,3.476600,1,4.541500,16.083593,1.490441,2.534590,4.843806,0
2024-04-02,sz.301362,32.5189109700,32.6909687000,32.2562965400,32.3921315900,32.5189109700,625999,22453968.1400,2,2.465800,1,-0.389900,16.020889,1.484630,2.524709,4.824922,0
2024-04-03,sz.301362,32.3015748900,32.3015748900,31.5318429400,32.1114058200,32.3921315900,644859,22759267.0700,2,2.540100,1,-0.866600,15.882044,1.471764,2.502828,4.783106,0
2024-04-08,sz.301362,32.0661274700,32.1476285000,31.0609481000,31.0790594400,32.1114058200,695343,24107731.3500,2,2.738900,1,-3.214900,15.371454,1.424448,2.422365,4.629335,0
2024-04-09,sz.301362,31.1605604700,31.6857893300,30.8888903700,31.5227872700,31.0790594400,496810,17207769.2800,2,1.956900,1,1.427700,15.590918,1.444785,2.456950,4.695430,0
2024-04-10,sz.301362,31.5046759300,32.3377975700,31.2963955200,31.5046759300,31.5227872700,850872,29802309.1500,2,3.351500,1,-0.057500,15.581961,1.443955,2.455539,4.692732,0
2024-04-11,sz.301362,31.2239501600,32.0932944800,30.9885027400,31.2058388200,31.5046759300,733487,25539268.6000,2,2.889200,1,-0.948500,15.434158,1.430259,2.432247,4.648219,0
2024-04-12,sz.301362,31.1605604700,31.6767336600,31.1605604700,31.3235625300,31.2058388200,563515,19557465.7100,2,2.219600,1,0.377200,15.492383,1.435654,2.441422,4.665754,0
2024-04-15,sz.301362,31.1062264500,31.4412862400,28.9871996700,29.8927666700,31.3235625300,1184386,39462309.6300,2,4.665200,1,-4.567800,14.784723,1.370077,2.329903,4.452632,0
2024-04-16,sz.301362,29.7025976000,29.7025976000,27.8914636000,28.3895254500,29.8927666700,986014,31041003.7700,2,3.883800,1,-5.028800,14.041232,1.301178,2.212737,4.228719,0
2024-04-17,sz.301362,28.6249728700,30.1282140900,28.6249728700,30.1010470800,28.3895254500,963333,31459405.0300,2,3.794500,1,6.028700,14.887737,1.379623,2.346137,4.483656,0
2024-04-18,sz.301362,29.9380450200,31.9665151000,29.5395955400,31.7491790200,30.1010470800,1961861,67677147.0400,2,7.727600,1,5.475300,15.702890,1.455162,2.474596,4.729152,0
2024-04-19,sz.301362,31.7491790200,31.9665151000,30.3364945000,30.9794470700,31.7491790200,1314378,44978737.8400,2,5.177200,1,-2.424400,15.322187,1.419882,2.414601,4.614497,0
2024-04-22,sz.301362,31.6948450000,34.0674305400,31.6857893300,33.1890305500,30.9794470700,3665152,133102270.3300,2,14.436800,1,7.132400,16.665309,1.493811,2.509528,41.077797,0
2024-04-23,sz.301362,32.5279666400,33.3520326100,32.0117934500,32.3196862300,33.1890305500,2124020,76121906.8200,2,8.366400,1,-2.619400,16.228783,1.454683,2.443794,40.001817,0
2024-04-24,sz.301362,32.4645769500,32.7271913800,32.0117934500,32.5823006600,32.3196862300,1311755,46901007.6400,2,5.166900,1,0.812600,16.360650,1.466503,2.463651,40.326852,0
2024-04-25,sz.301362,32.5913563300,32.6909687000,31.7039006700,31.7491790200,32.5823006600,1209177,42737122.8300,2,4.762900,1,-2.557000,15.942312,1.429005,2.400656,39.295704,0
2024-04-26,sz.301362,31.9393480900,31.9846264400,31.5046759300,31.7491790200,31.7491790200,1691619,59315542.9800,2,6.663200,1,0.000000,15.533044,1.414395,2.401652,115.490577,0
2024-04-29,sz.301362,31.7491790200,32.5823006600,31.7039006700,32.4011872600,31.7491790200,1653810,58778609.1500,2,6.514200,1,2.053600,15.852034,1.443441,2.450973,117.862317,0
2024-04-30,sz.301362,32.4192986000,32.5098553000,31.9212367500,32.1838511800,32.4011872600,1029684,36619156.7900,2,4.055800,1,-0.670800,15.745704,1.433759,2.434532,117.071737,0
2024-05-06,sz.301362,32.4917439600,32.9626388000,32.4011872600,32.9354717900,32.1838511800,1349692,48771096.9000,2,5.316300,1,2.335400,16.113429,1.467243,2.491388,119.805826,0
2024-05-07,sz.301362,32.8720821000,32.9626388000,32.6004120000,32.9264161200,32.9354717900,1209773,43814331.5800,2,4.765200,1,-0.027500,16.108998,1.466839,2.490703,119.772885,0
2024-05-08,sz.301362,32.9264161200,35.0907212500,32.8268037500,34.1127088900,32.9264161200,3776608,142110044.8600,2,14.875800,1,3.602900,16.689383,1.519688,2.580440,124.088135,0
2024-05-09,sz.301362,33.8682058000,34.5836037300,33.4878676600,34.5745480600,34.1127088900,2298866,86484879.9600,2,9.055100,1,1.353900,16.915334,1.540262,2.615376,125.768118,0
2024-05-10,sz.301362,34.6832161000,34.7013274400,33.3067542600,33.4697563200,34.5745480600,1896586,70786832.3000,2,7.470500,1,-3.195400,16.374823,1.491045,2.531804,121.749336,0
2024-05-13,sz.301362,33.0984738500,33.8229274500,32.5189109700,33.7142594100,33.4697563200,1310792,48130573.4500,2,5.163100,1,0.730500,16.494444,1.501937,2.550299,122.638738,0
2024-05-14,sz.301362,33.5240903400,33.8863171400,33.5240903400,33.8229274500,33.7142594100,913500,34001548.2400,2,3.598200,1,0.322300,16.547610,1.506778,2.558520,123.034028,0
2024-05-15,sz.301362,33.6961480700,33.7776491000,32.9264161200,32.9535831300,33.8229274500,828265,30404980.7900,2,3.262500,1,-2.570300,16.122289,1.468050,2.492758,119.871708,0
2024-05-16,sz.301362,33.1075295200,33.5784243600,32.6275790100,32.8268037500,32.9535831300,924997,33912436.8800,2,3.643500,1,-0.384700,16.060264,1.462402,2.483168,119.410536,0
2024-05-17,sz.301362,32.8630264300,34.1127088900,32.6909687000,34.0764862100,32.8268037500,1566375,58057098.0800,2,6.169800,1,3.806900,16.671661,1.518074,2.577700,123.956372,0
2024-05-20,sz.301362,34.0583748700,35.8785645400,33.7323707500,35.0273315600,34.0764862100,2658107,102156971.5600,2,10.470100,1,2.790300,17.136855,1.560433,2.649626,127.415160,0
2024-05-21,sz.301362,34.4839913600,34.9548862000,34.1398759000,34.4477686800,35.0273315600,1586235,60355861.0400,2,6.248100,1,-1.654600,16.853308,1.534614,2.605785,125.306946,0
2024-05-22,sz.301362,34.2304326000,34.5926594000,34.1398759000,34.3209893000,34.4477686800,1048859,39758600.2800,2,4.131400,1,-0.368000,16.791282,1.528966,2.596195,124.845774,0
2024-05-23,sz.301362,34.0764862100,34.8009398100,33.6870924000,33.7504820900,34.3209893000,1558753,58991049.5700,2,6.139800,1,-1.662300,16.512166,1.503551,2.553039,122.770502,0
2024-05-24,sz.301362,33.5059790000,34.1942099200,33.5059790000,33.5150346700,33.7504820900,858066,32018007.1000,2,3.379900,1,-0.697600,16.396975,1.493062,2.535229,121.914040,0
2024-05-27,sz.301362,33.4244779700,34.0493192000,33.0622511700,34.0402635300,33.5150346700,933033,34674966.5800,2,3.675100,1,1.567100,16.653940,1.516460,2.574960,123.824608,0
2024-05-28,sz.301362,33.6961480700,34.6832161000,33.6508697200,34.6651047600,34.0402635300,1406579,53240129.4100,2,5.540400,1,1.835600,16.959638,1.544296,2.622226,126.097526,0
2024-05-29,sz.301362,34.6741604300,35.1631666100,34.4930470300,34.9186635200,34.6651047600,1457279,55999501.9900,2,5.740100,1,0.731500,17.083690,1.555592,2.641406,127.019870,0
2024-05-30,sz.301362,34.8552738300,34.8552738300,34.2485439400,34.3391006400,34.9186635200,1112580,42476379.8400,2,4.382400,1,-1.659800,16.800143,1.529773,2.597565,124.911656,0
2024-05-31,sz.301362,34.3300449700,35.0182758900,34.3300449700,35.0182758900,34.3391006400,1333576,51098121.6800,2,5.252900,1,1.977800,17.132425,1.560030,2.648941,127.382219,0
2024-06-03,sz.301362,35.1450552700,35.7698965000,34.8190511500,35.7608408300,35.0182758900,2893418,113376278.2300,2,11.397000,1,2.120500,17.495719,1.593110,2.705112,130.083368,0
2024-06-04,sz.301362,34.8472990400,35.1137448000,33.3913632800,33.7053886400,35.7608273600,2265107,80710773.3400,2,8.922100,1,-5.747700,15.692539,1.428918,2.426312,116.676447,0
2024-06-05,sz.301362,33.8290956000,33.8290956000,32.3541280000,32.3541280000,33.7053886400,1510316,52295627.2400,2,5.949000,1,-4.009000,15.063420,1.371632,2.329041,111.998848,0
2024-06-06,sz.301362,32.2684847200,32.7633125600,31.0028673600,31.8022046400,32.3541280000,1224075,40733007.1900,2,4.821500,1,-1.705900,14.806455,1.348234,2.289310,110.088279,0
2024-06-07,sz.301362,31.8022046400,32.5254145600,31.6499499200,32.0971981600,31.8022046400,706900,23838042.0000,2,2.784400,1,0.927600,14.943798,1.360740,2.310545,111.109445,0
2024-06-11,sz.301362,32.0971981600,32.5729941600,31.7831728000,32.4873508800,32.0971981600,586772,19854497.6500,2,2.311300,1,1.215500,15.125445,1.377280,2.338631,112.460019,0
2024-06-12,sz.301362,32.4207394400,32.7633125600,32.3541280000,32.6681533600,32.4873508800,583691,20020344.6400,2,2.299100,1,0.556500,15.209623,1.384945,2.351646,113.085895,0
2024-06-13,sz.301362,32.6681533600,33.2771722400,32.4683190400,33.1724971200,32.6681533600,849943,29402110.7300,2,3.347900,1,1.543800,15.444436,1.406326,2.387952,114.831760,0
2024-06-14,sz.301362,33.1915289600,33.3628155200,32.8299240000,33.2866881600,33.1724971200,609900,21252776.8000,2,2.402400,1,0.344200,15.497601,1.411167,2.396172,115.227050,0
2024-06-17,sz.301362,33.2866881600,33.5150702400,32.6871852000,32.9250832000,33.2866881600,941233,32728731.3600,2,3.707400,1,-1.086300,15.329245,1.395837,2.370141,113.975298,0
2024-06-18,sz.301362,32.9060513600,33.1629812000,32.7537966400,33.0963697600,32.9250832000,500883,17388553.5700,2,1.972900,1,0.520200,15.408992,1.403099,2.382471,114.568233,0
2024-06-19,sz.301362,33.2391085600,33.4484588000,32.9821787200,33.1058856800,33.0963697600,591499,20643202.1100,2,2.329900,1,0.028800,15.413423,1.403502,2.383156,114.601174,0
2024-06-20,sz.301362,33.3152359200,33.3532996000,32.3731598400,32.3731598400,33.1058856800,669815,23100142.8500,2,2.638400,1,-2.213300,15.072280,1.372439,2.330411,112.064729,0
2024-06-21,sz.301362,32.1638096000,32.4397712800,31.8973638400,32.0781663200,32.3731598400,575029,19452874.5200,2,2.265000,1,-0.911200,14.934938,1.359933,2.309175,111.043563,0
2024-06-24,sz.301362,32.0686504000,32.0686504000,30.2701415200,30.2701415200,32.0781663200,1017128,32917689.9100,2,4.006400,1,-5.636300,14.093158,1.283283,2.179023,104.784804,0
2024-06-25,sz.301362,30.3748166400,31.0218992000,30.3748166400,30.9457718400,30.2701415200,649601,21032649.2600,2,2.558700,1,2.232000,14.407718,1.311926,2.227659,107.123604,0
2024-06-26,sz.301362,30.8886763200,32.2209051200,30.5841668800,32.1162300000,30.9457718400,611139,20268365.8600,2,2.407200,1,3.782300,14.952659,1.361547,2.311915,111.175327,0
2024-06-27,sz.301362,32.1447777600,32.7252488800,32.0115548800,32.1638096000,32.1162300000,692625,23534039.5400,2,2.728200,1,0.148100,14.974811,1.363564,2.315340,111.340031,0
2024-06-28,sz.301362,32.0115548800,32.9536309600,31.8783320000,32.4112235200,32.1638096000,706296,24167640.1600,2,2.782000,1,0.769200,15.090002,1.374053,2.333151,112.196493,0
2024-07-01,sz.301362,32.3350961600,32.5158986400,31.6118862400,31.9639752800,32.4112235200,499465,16735183.3900,2,1.967400,1,-1.379900,14.881773,1.355092,2.300955,110.648273,0
2024-07-02,sz.301362,31.9068797600,32.1162300000,31.6499499200,31.7165613600,31.9639752800,313141,10462574.3000,2,1.233400,1,-0.774000,14.766582,1.344603,2.283145,109.791812,0
2024-07-03,sz.301362,31.6689817600,31.6880136000,31.1456061600,31.2788290400,31.7165613600,399553,13168432.7400,2,1.573800,1,-1.380100,14.562782,1.326045,2.251634,108.276533,0
2024-07-04,sz.301362,31.2788290400,31.4501156000,30.0798231200,30.4509440000,31.2788290400,511444,16433214.0100,2,2.014500,1,-2.646800,14.177336,1.290948,2.192038,105.410680,0
2024-07-05,sz.301362,30.4509440000,31.3739882400,29.9751480000,31.0694788000,30.4509440000,554993,17833198.4800,2,2.186100,1,2.031300,14.465313,1.317170,2.236564,107.551835,0
2024-07-08,sz.301362,31.0218992000,31.0218992000,30.2796574400,30.2891733600,31.0694788000,321500,10326548.0000,2,1.266400,1,-2.511500,14.102019,1.284090,2.180393,104.850686,0
2024-07-09,sz.301362,30.2891733600,31.1931857600,29.9275684000,31.0789947200,30.2891733600,539088,17297497.3900,2,2.123400,1,2.607600,14.469744,1.317574,2.237249,107.584776,0
2024-07-10,sz.301362,30.9648036800,31.3930200800,30.7078738400,30.7744852800,31.0789947200,309991,10097350.6700,2,1.221000,1,-0.979800,14.327970,1.304664,2.215329,106.530669,0
2024-07-11,sz.301362,31.1170584000,31.8117205600,31.1170584000,31.7355932000,30.7744852800,572332,19025257.9500,2,2.254400,1,3.123100,14.775442,1.345410,2.284515,109.857693,0
2024-07-12,sz.301362,31.7451091200,31.8783320000,31.3930200800,31.4881792800,31.7355932000,252571,8376456.2200,2,0.994900,1,-0.779600,14.660252,1.334921,2.266704,109.001232,0
2024-07-15,sz.301362,31.6214021600,31.7355932000,31.0885106400,31.1170584000,31.4881792800,304494,10016055.8800,2,1.199400,1,-1.178600,14.487465,1.319187,2.239989,107.716539,0
2024-07-16,sz.301362,31.4976952000,31.4976952000,30.8220648800,31.1360902400,31.1170584000,243300,7944176.0000,2,0.958300,1,0.061200,14.496326,1.319994,2.241359,107.782421,0
2024-07-17,sz.301362,31.1741539200,31.4215678400,30.8601285600,31.4215678400,31.1360902400,346675,11329517.4600,2,1.365500,1,0.916900,14.629239,1.332097,2.261909,108.770646,0
2024-07-18,sz.301362,31.1075424800,31.3739882400,30.5556191200,31.0789947200,31.4215678400,234647,7604783.1400,2,0.924300,1,-1.090200,14.469744,1.317574,2.237249,107.584776,0
2024-07-19,sz.301362,31.1646380000,31.8307524000,30.8030330400,31.4310837600,31.0789947200,533142,17655239.1800,2,2.100000,1,1.132900,14.633669,1.332500,2.262594,108.803586,0
2024-07-22,sz.301362,31.2217335200,31.5738225600,31.1265743200,31.3264086400,31.4310837600,208400,6859184.0000,2,0.820900,1,-0.333000,14.584935,1.328063,2.255059,108.441237,0
2024-07-23,sz.301362,31.3168927200,31.4976952000,30.5841668800,30.5841668800,31.3264086400,321338,10425779.5400,2,1.265700,1,-2.369400,14.239362,1.296596,2.201628,105.871852,0
2024-07-24,sz.301362,30.5461032000,30.7935171200,29.7657977600,29.8228932800,30.5841668800,355937,11295889.9300,2,1.402000,1,-2.489100,13.884929,1.264322,2.146827,103.236585,0
2024-07-25,sz.301362,29.8038614400,30.2891733600,29.5088679200,29.9941798400,29.8228932800,288900,9094528.0000,2,1.138000,1,0.574300,13.964676,1.271584,2.159158,103.829520,0
2024-07-26,sz.301362,30.1178868000,30.7364216000,30.1178868000,30.7078738400,29.9941798400,302853,9689424.0000,2,1.192900,1,2.379400,14.296957,1.301840,2.210533,106.300083,0
2024-07-29,sz.301362,30.6698101600,30.7269056800,29.8990206400,30.0512753600,30.7078738400,435100,13812120.0000,2,1.713800,1,-2.138200,13.991259,1.274004,2.163268,104.027165,0
2024-07-30,sz.301362,30.0036957600,30.2986892800,29.8704728800,30.1559504800,30.0512753600,173100,5474841.0000,2,0.681800,1,0.348300,14.039993,1.278442,2.170803,104.389514,0
2024-07-31,sz.301362,30.1178868000,30.9267400000,30.0607912800,30.7459375200,30.1559504800,679731,21866309.4400,2,2.677400,1,1.956500,14.314679,1.303454,2.213274,106.431846,0
2024-08-01,sz.301362,30.7269056800,30.9267400000,30.5461032000,30.7364216000,30.7459375200,273500,8830313.0000,2,1.077300,1,-0.031000,14.310249,1.303050,2.212589,106.398905,0
2024-08-02,sz.301362,30.6412624000,30.6888420000,29.9846639200,30.1749823200,30.7364216000,450493,14337020.4700,2,1.774500,1,-1.826600,14.048854,1.279249,2.172173,104.455396,0
2024-08-05,sz.301362,30.0417594400,30.5746509600,29.5183838400,29.5183838400,30.1749823200,404140,12724483.0000,2,1.362100,1,-2.176000,13.743155,1.251413,2.124907,102.182478,0
2024-08-06,sz.301362,29.4993520000,30.0417594400,29.4993520000,29.9180524800,29.5183838400,314035,9849302.4200,2,1.058400,1,1.354000,13.929233,1.268356,2.153677,103.565993,0
2024-08-07,sz.301362,29.9180524800,30.2320778400,29.7467659200,29.7943455200,29.9180524800,184500,5793402.0000,2,0.621800,1,-0.413500,13.871637,1.263112,2.144772,103.137762,0
2024-08-08,sz.301362,29.7467659200,30.3843325600,29.5564475200,30.2796574400,29.7943455200,467135,14790456.5700,2,1.574400,1,1.628900,14.097589,1.283686,2.179708,104.817745,0
2024-08-09,sz.301362,30.2606256000,30.7173897600,30.0798231200,30.0798231200,30.2796574400,320357,10212276.5400,2,1.079700,1,-0.660000,14.004550,1.275214,2.165323,104.125988,0
2024-08-12,sz.301362,30.0322435200,30.7554534400,30.0227276000,30.5746509600,30.0798231200,410182,13148538.1300,2,1.382500,1,1.645000,14.234932,1.296192,2.200943,105.838911,0
2024-08-13,sz.301362,30.5556191200,30.8696444800,30.2415937600,30.5841668800,30.5746509600,508828,16345304.6000,2,1.715000,1,0.031100,14.239362,1.296596,2.201628,105.871852,0
2024-08-14,sz.301362,30.5841668800,30.7840012000,30.0798231200,30.7364216000,30.5841668800,515913,16516068.4300,2,1.738800,1,0.497800,14.310249,1.303050,2.212589,106.398905,0
2024-08-15,sz.301362,30.5461032000,31.0504469600,30.3938484800,31.0028673600,30.7364216000,678049,21989288.6600,2,2.285300,1,0.866900,14.434300,1.314346,2.231769,107.321249,0
2024-08-16,sz.301362,30.9648036800,31.4501156000,30.8981922400,30.9743196000,31.0028673600,436000,14265925.3100,2,1.469500,1,-0.092100,14.421009,1.313136,2.229714,107.222426,0
2024-08-19,sz.301362,30.8125489600,31.0694788000,30.4604599200,30.5556191200,30.9743196000,422040,13599331.2000,2,1.422400,1,-1.351800,14.226071,1.295385,2.199573,105.773029,0
2024-08-20,sz.301362,30.5556191200,30.8601285600,29.9180524800,30.0893390400,30.5556191200,358309,11364039.4100,2,1.207600,1,-1.526000,14.008980,1.275618,2.166008,104.158928,0
2024-08-21,sz.301362,30.5936828000,30.6888420000,29.9180524800,30.5175554400,30.0893390400,229937,7331132.0000,2,0.775000,1,1.423100,14.208349,1.293772,2.196833,105.641266,0
2024-08-22,sz.301362,30.4604599200,30.5461032000,29.8704728800,29.9751480000,30.5175554400,229801,7271754.9800,2,0.774500,1,-1.777400,13.955815,1.270777,2.157788,103.763638,0
2024-08-23,sz.301362,30.1844982400,30.3843325600,29.3470972800,30.3843325600,29.9751480000,370795,11591540.9000,2,1.249700,1,1.365100,14.146323,1.288124,2.187243,105.180094,0
2024-08-26,sz.301362,30.3843325600,30.5270713600,29.6991863200,30.4794917600,30.3843325600,229720,7308682.4000,2,0.774300,1,0.313200,14.190627,1.292158,2.194093,105.509503,0
2024-08-27,sz.301362,30.4223962400,30.4319121600,29.7753136800,29.8609569600,30.4794917600,162494,5128083.6000,2,0.547700,1,-2.029300,13.902650,1.265936,2.149567,103.368348,0
2024-08-28,sz.301362,29.8609569600,30.4509440000,29.6706385600,30.2796574400,29.8609569600,229864,7310319.0800,2,0.774700,1,1.402200,14.097589,1.283686,2.179708,104.817745,0
2024-08-29,sz.301362,30.6602942400,31.5833384800,30.6317464800,31.0885106400,30.2796574400,765174,25019833.5200,2,2.578900,1,2.671300,14.265242,1.387649,2.142622,11.465177,0
2024-08-30,sz.301362,31.0218992000,31.4025360000,30.9457718400,30.9648036800,31.0885106400,780193,25611370.7300,2,2.629600,1,-0.397900,14.208478,1.382128,2.134096,11.419555,0
2024-09-02,sz.301362,30.9552877600,31.0885106400,30.3843325600,30.6127146400,30.9648036800,349768,11273601.3200,2,1.178900,1,-1.137100,14.046919,1.366412,2.109830,11.289707,0
2024-09-03,sz.301362,30.6127146400,30.9362559200,30.3272370400,30.7173897600,30.6127146400,211027,6816662.3200,2,0.711200,1,0.341900,14.094950,1.371084,2.117044,11.328310,0
2024-09-04,sz.301362,30.6888420000,30.8410967200,30.3462688800,30.6222305600,30.7173897600,198897,6385666.9900,2,0.670400,1,-0.309800,14.051285,1.366837,2.110486,11.293216,0
2024-09-05,sz.301362,30.4604599200,30.7935171200,30.4604599200,30.5461032000,30.6222305600,162460,5220935.2000,2,0.547600,1,-0.248600,14.016353,1.363439,2.105239,11.265141,0
2024-09-06,sz.301362,30.5651350400,30.6602942400,29.5945112000,29.6420908000,30.5461032000,346206,10913118.9200,2,1.166900,1,-2.959500,13.601539,1.323088,2.042935,10.931749,0
2024-09-09,sz.301362,29.6801544800,29.7182181600,29.2138744000,29.3851609600,29.6420908000,198062,6126488.0800,2,0.667500,1,-0.866800,13.483645,1.311620,2.025227,10.836996,0
2024-09-10,sz.301362,29.5088679200,30.0607912800,29.2804858400,29.9751480000,29.3851609600,221477,6925423.9200,2,0.746500,1,2.007800,13.754366,1.337954,2.065889,11.054578,0
2024-09-11,sz.301362,29.9466002400,30.1178868000,29.7277340800,29.9751480000,29.9751480000,125327,3946292.2400,2,0.422400,1,0.000000,13.754366,1.337954,2.065889,11.054578,0
2024-09-12,sz.301362,29.9751480000,30.1559504800,29.5945112000,29.5945112000,29.9751480000,155660,4876246.6000,2,0.524600,1,-1.269800,13.579707,1.320964,2.039656,10.914202,0
2024-09-13,sz.301362,30.0703072000,30.0703072000,28.9379127200,28.9474286400,29.5945112000,287744,8831365.4000,2,0.969800,1,-2.186500,13.282787,1.292081,1.995059,10.675564,0
2024-09-18,sz.301362,28.9759764000,29.0330719200,28.1290595200,28.5287281600,28.9474286400,314523,9454416.4900,2,1.060100,1,-1.446400,13.090663,1.273392,1.966202,10.521151,0
2024-09-19,sz.301362,28.5287281600,29.0045241600,28.4240530400,28.8808172000,28.5287281600,271833,8229436.8800,2,0.916200,1,1.234200,13.252222,1.289108,1.990468,10.650998,0
2024-09-20,sz.301362,28.8808172000,29.0425878400,28.4240530400,28.7380784000,28.8808172000,200510,6048450.9000,2,0.675800,1,-0.494200,13.186725,1.282737,1.980630,10.598357,0
2024-09-23,sz.301362,28.7380784000,29.0235560000,28.6524351200,28.7190465600,28.7380784000,130293,3943526.6900,2,0.439100,1,-0.066200,13.177992,1.281887,1.979318,10.591339,0
2024-09-24,sz.301362,28.9474286400,30.1654664000,28.7190465600,30.1654664000,28.7190465600,662612,20561736.8000,2,2.233300,1,5.036400,13.841695,1.346449,2.079006,11.124766,0
2024-09-25,sz.301362,30.1844982400,30.8410967200,29.8990206400,29.9275684000,30.1654664000,852280,27208180.2700,2,2.872500,1,-0.788600,13.732533,1.335830,2.062610,11.037031,0
2024-09-26,sz.301362,29.9466002400,30.5080395200,29.6896704000,30.4890076800,29.9275684000,509800,16161299.0000,2,1.718200,1,1.876000,13.990155,1.360890,2.101304,11.244085,0
2024-09-27,sz.301362,30.7269056800,32.0971981600,30.6507783200,31.7831728000,30.4890076800,1332343,43887057.4800,2,4.490500,1,4.244700,14.583994,1.418656,2.190498,11.721362,0
2024-09-30,sz.301362,32.6967011200,36.7124193600,32.2209051200,36.6838716000,31.7831728000,3265853,118206465.6700,2,11.007300,1,15.419200,16.832724,1.637401,2.528255,13.528698,0
2024-10-08,sz.301362,42.1745574400,42.8026081600,37.4261133600,39.5386476000,36.6838716000,4378609,182836539.4600,2,14.757700,1,7.782100,18.142663,1.764825,2.725006,14.581515,0
2024-10-09,sz.301362,38.1398073600,38.1683551200,35.0851970400,35.4943816000,39.5386476000,2564750,98147912.6300,2,8.644300,1,-10.228600,16.286915,1.584307,2.446275,13.090024,0
2024-10-10,sz.301362,35.8274388000,36.6362920000,35.3992224000,35.6656681600,35.4943816000,1254243,47328743.1100,2,4.227300,1,0.482600,16.365512,1.591953,2.458080,13.153193,0
2024-10-11,sz.301362,35.5800248800,35.9892094400,33.8766752000,34.1145732000,35.6656681600,992084,36098760.8600,2,3.343700,1,-4.349000,15.653778,1.522719,2.351178,12.581163,0
2024-10-14,sz.301362,34.0765095200,34.9043945600,33.6387772000,34.7140761600,34.1145732000,747114,26966406.5200,2,2.518100,1,1.757300,15.928865,1.549478,2.392496,12.802254,0
2024-10-15,sz.301362,34.7045602400,35.1898721600,34.0860254400,34.0860254400,34.7140761600,711700,25901993.0000,2,2.398700,1,-1.809200,15.640678,1.521445,2.349211,12.570634,0
2024-10-16,sz.301362,33.5911976000,34.5713373600,33.4294269600,34.0003821600,34.0860254400,623835,22365208.7000,2,2.102600,1,-0.251300,15.601380,1.517622,2.343308,12.539050,0
2024-10-17,sz.301362,34.1811846400,34.6664965600,33.9623184800,34.0669936000,34.0003821600,598420,21575387.0000,2,2.016900,1,0.195900,15.631946,1.520595,2.347899,12.563616,0
2024-10-18,sz.301362,33.3818473600,35.3040632000,33.3818473600,34.9329423200,34.0669936000,1092424,39871607.2400,2,3.681900,1,2.541900,16.029294,1.559247,2.407581,12.882970,0
2024-10-21,sz.301362,34.9234264000,39.8526729600,34.9234264000,39.4434884000,34.9329423200,4610026,184490556.8500,2,15.537700,1,12.912000,18.098998,1.760577,2.718448,14.546421,0
2024-10-22,sz.301362,39.0628516000,42.8121240800,38.0065844800,40.7662012800,39.4434884000,5183249,220645340.2900,2,17.469700,1,3.353400,18.705937,1.819617,2.809609,15.034226,0
2024-10-23,sz.301362,40.5473351200,41.8700480000,40.0429913600,40.2523416000,40.7662012800,2612628,112626341.2300,2,8.805600,1,-1.260500,18.470148,1.796681,2.774194,14.844719,0
2024-10-24,sz.301362,39.7479978400,40.0620232000,38.0636800000,38.6346352000,40.2523416000,1786352,73091089.2800,2,6.020700,1,-4.018900,17.727849,1.724474,2.662701,14.248123,0
2024-10-25,sz.301362,39.2151063200,39.2626859200,37.9685208000,38.3777053600,38.6346352000,1448195,58381488.0900,2,4.881000,1,-0.665000,17.609954,1.713006,2.644994,14.153369,0
2024-10-28,sz.301362,38.5299600800,38.9010809600,38.1493232800,38.6536670400,38.3777053600,1233986,49984165.5400,2,4.159000,1,0.719100,18.399650,1.697286,2.623158,-26.587026,0
2024-10-29,sz.301362,38.7583421600,39.0152720000,37.8257820000,37.9685208000,38.6536670400,1403900,56530012.0000,2,4.731700,1,-1.772500,18.073512,1.667202,2.576661,-26.115764,0
2024-10-30,sz.301362,37.8828775200,39.0913993600,37.0835402400,38.8154376800,37.9685208000,1565040,62920709.3900,2,5.274800,1,2.230600,18.476655,1.704390,2.634136,-26.698296,0
2024-10-31,sz.301362,38.8154376800,40.3760485600,38.0827118400,39.9478321600,38.8154376800,1925667,79599034.4600,2,6.490300,1,2.917400,19.015690,1.754113,2.710984,-27.477187,0
2024-11-01,sz.301362,39.5005839200,40.0144436000,37.5878840000,37.5878840000,39.9478321600,1280200,51848188.2000,2,4.314800,1,-5.907600,17.892324,1.650488,2.550830,-25.853952,0
2024-11-04,sz.301362,37.5878840000,38.2349665600,37.5878840000,38.2349665600,37.5878840000,527929,21093174.2700,2,1.779300,1,1.721500,18.200343,1.678901,2.594743,-26.299032,0
2024-11-05,sz.301362,39.0057560800,40.0144436000,38.4918964000,39.9668640000,38.2349665600,1739465,71691509.4400,2,5.862700,1,4.529600,19.024749,1.754949,2.712275,-27.490278,0
2024-11-06,sz.301362,40.2904052800,41.4037679200,39.6813864000,41.0992584800,39.9668640000,2439231,104498757.3300,2,8.221200,1,2.833300,19.563784,1.804673,2.789123,-28.269169,0
2024-11-07,sz.301362,41.0040992800,41.6511818400,40.2142779200,41.3752201600,41.0992584800,1611162,69354624.7700,2,5.430300,1,0.671500,19.695145,1.816790,2.807851,-28.458983,0
2024-11-08,sz.301362,41.5845704000,43.6685568800,40.7662012800,42.5456783200,41.3752201600,2787026,123632744.7700,2,9.393400,1,2.828900,20.252298,1.868185,2.887282,-29.264055,0
2024-11-11,sz.301362,42.3458440000,43.5353340000,41.8985957600,42.8597036800,42.5456783200,1960546,88170351.0400,2,6.607800,1,0.738100,20.401779,1.881974,2.908592,-29.480050,0
2024-11-12,sz.301362,42.8121240800,45.7906070400,42.4219713600,43.6590409600,42.8597036800,2378931,110913353.4900,2,8.018000,1,1.865000,20.782274,1.917073,2.962838,-30.029856,0
2024-11-13,sz.301362,43.4496907200,43.6590409600,41.6606977600,42.2602007200,43.6590409600,1721634,76768891.0600,2,5.802600,1,-3.204000,20.116407,1.855650,2.867908,-29.067696,0
2024-11-14,sz.301362,42.2602007200,42.5932579200,40.8328127200,40.9184560000,42.2602007200,1112900,48680370.0000,2,3.750900,1,-3.175000,19.477719,1.796734,2.776853,-28.144808,0
2024-11-15,sz.301362,40.6139465600,42.0413345600,40.5568510400,41.0992584800,40.9184560000,953960,41299768.6000,2,3.215200,1,0.441900,19.563784,1.804673,2.789123,-28.269169,0
2024-11-18,sz.301362,40.9184560000,41.4798952800,38.9296287200,39.3292973600,41.0992584800,1007500,42504580.0000,2,3.395700,1,-4.306600,18.721259,1.726953,2.669008,-27.051742,0
2024-11-19,sz.301362,39.3483292000,41.8415002400,39.3483292000,41.8319843200,39.3292973600,1075039,45887369.9400,2,3.623300,1,6.363400,19.912571,1.836847,2.838848,-28.773157,0
2024-11-20,sz.301362,41.8700480000,42.5171305600,41.4894112000,42.2506848000,41.8319843200,912500,40317329.8200,2,3.075500,1,1.000900,20.111878,1.855232,2.867262,-29.061151,0
2024-11-21,sz.301362,42.1555256000,44.1538688000,42.0413345600,43.6590409600,42.2506848000,1421496,64679126.6300,2,4.791000,1,3.333300,20.782274,1.917073,2.962838,-30.029856,0
2024-11-22,sz.301362,43.5829136000,43.9540344800,40.9374878400,40.9470037600,43.6590409600,1306677,57695294.0500,2,4.404000,1,-6.211900,19.491309,1.797987,2.778791,-28.164444,0
2024-11-25,sz.301362,40.8518445600,43.2879200800,40.8518445600,42.7455126400,40.9470037600,1495251,66469607.1000,2,5.039600,1,4.392300,20.347422,1.876960,2.900843,-29.401507,0
2024-11-26,sz.301362,42.8216400000,43.1832449600,42.2887484800,42.6789012000,42.7455126400,909868,40926125.5400,2,3.066600,1,-0.155800,20.315714,1.874035,2.896322,-29.355690,0
2024-11-27,sz.301362,42.6693852800,43.7256524000,41.6036022400,43.2022768000,42.6789012000,1095125,49370039.5800,2,3.691000,1,1.226300,20.564848,1.897016,2.931840,-29.715681,0
2024-11-28,sz.301362,42.9072832800,43.2498564000,41.8700480000,42.1364937600,43.2022768000,812800,36428374.0000,2,2.739500,1,-2.467000,20.057521,1.850218,2.859513,-28.982607,0
2024-11-29,sz.301362,42.0889141600,43.4592066400,41.7273092000,42.6122897600,42.1364937600,882700,39584973.0000,2,2.975100,1,1.129200,20.284006,1.871110,2.891802,-29.309872,0
2024-12-02,sz.301362,42.7264808000,44.1348369600,42.5456783200,43.9540344800,42.6122897600,1337798,60934384.2400,2,4.508900,1,3.148700,20.922694,1.930026,2.982857,-30.232760,0
2024-12-03,sz.301362,43.7542001600,44.4869260000,43.4401748000,43.5448499200,43.9540344800,879620,40495772.7000,2,2.964700,1,-0.930900,20.727917,1.912059,2.955088,-29.951312,0
2024-12-04,sz.301362,43.8208116000,43.8398434400,42.5171305600,42.6408375200,43.5448499200,982602,44458719.1800,2,3.311800,1,-2.076000,20.297596,1.872363,2.893739,-29.329508,0
2024-12-05,sz.301362,42.6408375200,42.9358310400,41.2990928000,41.6036022400,42.6408375200,1371600,60522182.6200,2,4.622900,1,-2.432500,19.803858,1.826818,2.823349,-28.616070,0
2024-12-06,sz.301362,41.5940863200,43.1737290400,41.3086087200,42.5647101600,41.6036022400,1312649,58454644.8400,2,4.424200,1,2.310200,20.261358,1.869021,2.888573,-29.277146,0
2024-12-09,sz.301362,42.5361624000,42.5361624000,41.2229654400,41.6511818400,42.5647101600,1101793,48398878.1500,2,3.713500,1,-2.146200,19.826507,1.828908,2.826578,-28.648797,0
2024-12-10,sz.301362,42.9167992000,43.2974360000,41.8795639200,41.9842390400,41.6511818400,1162010,52055686.2000,2,3.916400,1,0.799600,19.985046,1.843532,2.849181,-28.877882,0
2024-12-11,sz.301362,41.8034365600,42.2982644000,41.4894112000,41.8700480000,41.9842390400,890000,39167359.0000,2,2.999700,1,-0.272000,19.930690,1.838518,2.841431,-28.799339,0
2024-12-12,sz.301362,41.8415002400,42.1079460000,41.4513475200,41.8415002400,41.8700480000,717100,31438311.0000,2,2.416900,1,-0.068200,19.917101,1.837264,2.839494,-28.779703,0
2024-12-13,sz.301362,41.8415002400,41.8415002400,40.6615261600,40.7281376000,41.8415002400,880300,37958855.7000,2,2.967000,1,-2.660900,19.387125,1.788377,2.763938,-28.013902,0
2024-12-16,sz.301362,41.3942520000,41.5655385600,40.5473351200,40.8613604800,40.7281376000,663600,28655246.0000,2,2.236600,1,0.327100,19.450541,1.794226,2.772979,-28.105536,0
2024-12-17,sz.301362,41.0421629600,41.0421629600,39.2531700000,39.3673610400,40.8613604800,805700,33781116.0000,2,2.715500,1,-3.656300,18.739378,1.728625,2.671591,-27.077924,0
2024-12-18,sz.301362,39.3673610400,39.7575137600,38.8630172800,39.5576794400,39.3673610400,491300,20353395.0000,2,1.655900,1,0.483400,18.829972,1.736982,2.684507,-27.208830,0
2024-12-19,sz.301362,39.4244565600,39.5386476000,38.4918964000,39.3959088000,39.5576794400,594220,24412313.8500,2,2.002800,1,-0.408900,18.752967,1.729878,2.673528,-27.097560,0
2024-12-20,sz.301362,39.4815520800,40.3379848800,39.3102655200,39.9668640000,39.3959088000,617433,25890057.3400,2,2.081000,1,1.449300,19.024749,1.754949,2.712275,-27.490278,0
2024-12-23,sz.301362,39.9668640000,40.2333097600,38.3206098400,38.5204441600,39.9668640000,615600,25230968.0000,2,2.074800,1,-3.619000,18.336234,1.691437,2.614117,-26.495392,0
2024-12-24,sz.301362,38.8630172800,39.5386476000,38.4728645600,39.1389789600,38.5204441600,419520,17218116.8000,2,1.414000,1,1.605700,18.630665,1.718597,2.656092,-26.920836,0
2024-12-25,sz.301362,39.0818834400,39.2626859200,37.9970685600,38.4443168000,39.1389789600,553900,22381441.0000,2,1.866900,1,-1.774900,18.299997,1.688094,2.608950,-26.443029,0
2024-12-26,sz.301362,38.4443168000,39.1580108000,38.2349665600,38.5775396800,38.4443168000,500200,20429231.0000,2,1.685900,1,0.346500,18.363413,1.693944,2.617991,-26.534663,0
2024-12-27,sz.301362,38.7297944000,39.1865585600,38.5394760000,38.6917307200,38.5775396800,381300,15585899.0000,2,1.285100,1,0.296000,18.417769,1.698958,2.625741,-26.613207,0
2024-12-30,sz.301362,38.5204441600,38.9296287200,37.8638456800,38.3967372000,38.6917307200,321322,12976893.6400,2,1.083000,1,-0.762400,18.277348,1.686005,2.605722,-26.410303,0
2024-12-31,sz.301362,38.3967372000,38.6346352000,37.2262790400,37.3214382400,38.3967372000,535700,21324460.0000,2,1.805500,1,-2.800500,17.765492,1.638788,2.532748,-25.670683,0
2025-01-02,sz.301362,37.3214382400,37.9114252800,36.2651711200,36.6267760800,37.3214382400,536300,20868470.0000,2,1.807500,1,-1.861300,17.434824,1.608285,2.485606,-25.192876,0
2025-01-03,sz.301362,36.5887124000,37.0930561600,35.4372860800,35.6751840800,36.6267760800,519240,19771679.7200,2,1.750100,1,-2.598100,16.981854,1.566501,2.421029,-24.538346,0
2025-01-06,sz.301362,35.6561522400,35.8940502400,33.5341020800,35.5324452800,35.6751840800,442400,16409313.0000,2,1.491100,1,-0.400100,16.913908,1.560233,2.411342,-24.440166,0
2025-01-07,sz.301362,35.4943816000,36.2175915200,35.2089040000,36.2175915200,35.5324452800,378840,14266917.6000,2,1.276800,1,1.928200,17.240047,1.590318,2.457838,-24.911428,0
2025-01-08,sz.301362,36.1890437600,36.3317825600,34.9995537600,36.0177572000,36.2175915200,400564,15092616.5200,2,1.350100,1,-0.551800,17.144923,1.581543,2.444277,-24.773977,0
2025-01-09,sz.301362,36.0177572000,36.2746870400,35.5895408000,35.9416298400,36.0177572000,342900,12970011.0000,2,1.155700,1,-0.211400,17.108685,1.578201,2.439110,-24.721614,0
2025-01-10,sz.301362,36.0177572000,36.3603303200,34.9234264000,34.9519741600,35.9416298400,422691,15827762.6700,2,1.424600,1,-2.753500,16.637596,1.534745,2.371949,-24.040902,0
2025-01-13,sz.301362,34.7902035200,35.0566492800,34.0669936000,34.4285985600,34.9519741600,424489,15344319.3400,2,1.430700,1,-1.497400,16.388463,1.511763,2.336431,-23.680911,0
2025-01-14,sz.301362,34.7235920800,35.8559865600,34.4285985600,35.8559865600,34.4285985600,480844,17888013.5200,2,1.620600,1,4.145900,17.067918,1.574440,2.433298,-24.662706,0
2025-01-15,sz.301362,35.9416298400,36.7219352800,35.5324452800,35.8179228800,35.8559865600,577944,21791294.6400,2,1.947900,1,-0.106200,17.049799,1.572769,2.430715,-24.636525,0
2025-01-16,sz.301362,35.8179228800,36.4935532000,35.3992224000,35.8179228800,35.8179228800,446744,16867431.1200,2,1.505700,1,0.000000,17.049799,1.572769,2.430715,-24.636525,0
2025-01-17,sz.301362,35.7893751200,36.2271074400,35.3706746400,35.9892094400,35.8179228800,427425,16094020.2500,2,1.440600,1,0.478200,17.131334,1.580290,2.442339,-24.754341,0
2025-01-20,sz.301362,36.1795278400,37.0074128800,36.0558208800,36.7599989600,35.9892094400,532200,20475856.0000,2,1.793700,1,2.141700,17.498240,1.614135,2.494647,-25.284510,0
2025-01-21,sz.301362,36.7885467200,37.3214382400,36.4269417600,37.0549924800,36.7599989600,397200,15402207.0000,2,1.338700,1,0.802500,17.638660,1.627088,2.514667,-25.487415,0
2025-01-22,sz.301362,37.0549924800,37.0740243200,36.4554895200,36.6267760800,37.0549924800,259000,9984310.0000,2,0.872900,1,-1.155600,17.434824,1.608285,2.485606,-25.192876,0
2025-01-23,sz.301362,36.9978969600,37.3595019200,36.3508144000,36.4459736000,36.6267760800,367400,14233014.0000,2,1.238300,1,-0.493600,17.348759,1.600346,2.473337,-25.068515,0
2025-01-24,sz.301362,36.5316168800,36.7124193600,35.9987253600,36.4269417600,36.4459736000,408953,15625149.6200,2,1.378300,1,-0.052200,17.339700,1.599511,2.472045,-25.055425,0
2025-01-27,sz.301362,36.5411328000,37.0454765600,36.1129164000,36.4364576800,36.4269417600,463676,17824933.2800,2,1.562800,1,0.026100,17.344230,1.599929,2.472691,-25.061970,0
2025-02-05,sz.301362,36.4364576800,36.6362920000,36.0653368000,36.2842029600,36.4364576800,378376,14399761.0000,2,1.275300,1,-0.417900,17.271754,1.593243,2.462358,-24.957245,0
2025-02-06,sz.301362,36.3698462400,36.9027377600,36.1604960000,36.8932218400,36.2842029600,440917,17009225.8200,2,1.486100,1,1.678500,17.561655,1.619985,2.503688,-25.376145,0
2025-02-07,sz.301362,36.9217696000,37.6259476800,36.8551581600,37.3024064000,36.8932218400,511217,20053715.5600,2,1.723000,1,1.109100,17.756433,1.637952,2.531457,-25.657593,0
2025-02-10,sz.301362,37.3880496800,37.5403044000,36.9217696000,37.3404700800,37.3024064000,347375,13580006.0000,2,1.170800,1,0.102000,17.774551,1.639624,2.534040,-25.683774,0
2025-02-11,sz.301362,37.3404700800,37.9590048800,37.1882153600,37.7401387200,37.3404700800,485003,19154936.2800,2,1.634700,1,1.070300,17.964799,1.657173,2.561163,-25.958677,0
2025-02-12,sz.301362,37.7401387200,37.9685208000,37.4070815200,37.8733616000,37.7401387200,388900,15394636.0000,2,1.310800,1,0.353000,18.028215,1.663023,2.570204,-26.050311,0
2025-02-13,sz.301362,37.8543297600,37.9970685600,37.0645084000,37.1216039200,37.8733616000,451600,17738897.0000,2,1.522100,1,-1.984900,17.670368,1.630013,2.519187,-25.533232,0
2025-02-14,sz.301362,37.3690178400,37.4261133600,37.1596676000,37.3404700800,37.1216039200,230800,9046837.0000,2,0.777900,1,0.589600,17.774551,1.639624,2.534040,-25.683774,0
2025-02-17,sz.301362,37.2643427200,37.8733616000,37.1120880000,37.7401387200,37.3404700800,391985,15484466.3500,2,1.321100,1,1.070300,17.964799,1.657173,2.561163,-25.958677,0
2025-02-18,sz.301362,37.8162660800,37.8733616000,36.6838716000,36.7885467200,37.7401387200,381885,14955136.6500,2,1.287100,1,-2.521400,17.511829,1.615389,2.496585,-25.304146,0
2025-02-19,sz.301362,36.7695148800,37.2548268000,36.7029034400,36.8932218400,36.7885467200,663200,25750386.0000,2,2.235300,1,0.284500,17.561655,1.619985,2.503688,-25.376145,0
2025-02-20,sz.301362,37.0835402400,37.1882153600,36.6553238400,37.1216039200,36.8932218400,589377,22854248.7700,2,1.986400,1,0.619000,17.670368,1.630013,2.519187,-25.533232,0
2025-02-21,sz.301362,37.1120880000,37.3214382400,36.8932218400,37.2928904800,37.1216039200,859600,33546079.0000,2,2.897200,1,0.461400,17.751903,1.637535,2.530811,-25.651047,0
2025-02-24,sz.301362,37.2928904800,37.3499860000,36.7124193600,36.9217696000,37.2928904800,650500,25250986.0000,2,2.192500,1,-0.995200,17.575245,1.621239,2.505626,-25.395780,0
2025-02-25,sz.301362,36.5696805600,37.3880496800,36.5696805600,37.0645084000,36.9217696000,586000,22831600.0000,2,1.975100,1,0.386600,17.643190,1.627506,2.515312,-25.493960,0
2025-02-26,sz.301362,37.1406357600,37.3309541600,36.8075785600,37.1120880000,37.0645084000,707349,27546138.7300,2,2.384100,1,0.128400,17.665839,1.629596,2.518541,-25.526687,0
2025-02-27,sz.301362,37.1025720800,37.5403044000,36.4745213600,37.5403044000,37.1120880000,1117174,43547440.6600,2,3.765300,1,1.153800,17.869675,1.648399,2.547601,-25.821225,0
2025-02-28,sz.301362,37.6640113600,39.4910680000,36.7790308000,37.3975656000,37.5403044000,2001700,80043848.9100,2,6.746500,1,-0.380200,17.801730,1.642131,2.537915,-25.723046,0
2025-03-03,sz.301362,37.3975656000,39.8526729600,37.3975656000,39.1484948800,37.3975656000,2276190,92537234.5600,2,7.671700,1,4.681900,18.635195,1.719014,2.656738,-26.927382,0
2025-03-04,sz.301362,38.6346352000,38.7583421600,38.0827118400,38.4348008800,39.1484948800,1185300,47810210.0000,2,3.994900,1,-1.823000,18.295467,1.687676,2.608305,-26.436484,0
2025-03-05,sz.301362,38.2254506400,38.7488262400,38.1302914400,38.5014123200,38.4348008800,637200,25699961.0000,2,2.147600,1,0.173300,18.327175,1.690601,2.612825,-26.482301,0
2025-03-06,sz.301362,38.5394760000,38.9676924000,38.2730302400,38.6346352000,38.5014123200,896374,36354602.1500,2,3.021100,1,0.346000,18.390591,1.696451,2.621866,-26.573935,0
2025-03-07,sz.301362,38.5870556000,39.6623545600,38.2730302400,38.8820491200,38.6346352000,1073595,43997732.6000,2,3.618500,1,0.640400,18.508363,1.707315,2.638656,-26.744113,0
2025-03-10,sz.301362,38.8915650400,39.5386476000,38.1683551200,39.1294630400,38.8820491200,711300,29222559.0000,2,2.397400,1,0.636300,18.626135,1.718179,2.655447,-26.914291,0
2025-03-11,sz.301362,39.1294630400,39.3292973600,38.6251192800,38.8725332000,39.1294630400,722087,29541580.9100,2,2.433700,1,-0.656600,18.503833,1.706897,2.638011,-26.737568,0
2025-03-12,sz.301362,38.9962401600,39.7765456000,38.9010809600,39.2055904000,38.8725332000,858264,35388343.6400,2,2.892700,1,0.856800,18.662373,1.721521,2.660613,-26.966653,0
2025-03-13,sz.301362,39.0152720000,39.5671953600,38.4443168000,38.7678580800,39.2055904000,726000,29640112.0000,2,2.446900,1,-1.116500,18.454007,1.702301,2.630907,-26.665569,0
2025-03-14,sz.301362,38.6346352000,39.0628516000,38.1778710400,39.0057560800,38.7678580800,776984,31532641.9200,2,2.618800,1,0.613600,18.567249,1.712747,2.647051,-26.829202,0
2025-03-17,sz.301362,38.9962401600,39.1580108000,38.6441511200,38.8249536000,39.0057560800,769864,31387225.6800,2,2.594800,1,-0.463500,18.481185,1.704808,2.634782,-26.704841,0
2025-03-18,sz.301362,38.9676924000,39.8336411200,38.8725332000,39.3483292000,38.8249536000,1821074,75364530.1000,2,6.137800,1,1.348000,18.730319,1.727789,2.670300,-27.064833,0
2025-03-19,sz.301362,39.1009152800,39.6338068000,37.9304571200,38.0636800000,39.3483292000,2253993,91489105.2500,2,7.596900,1,-3.264800,18.118809,1.671380,2.583119,-26.181217,0
2025-03-20,sz.301362,38.0636800000,38.5680237600,37.9019093600,37.9875526400,38.0636800000,1027134,41223300.0400,2,3.461900,1,-0.200000,18.082571,1.668037,2.577953,-26.128855,0
2025-03-21,sz.301362,37.9399730400,38.3396416800,37.3785337600,37.5878840000,37.9875526400,726785,28845349.2000,2,2.449600,1,-1.052100,17.892324,1.650488,2.550830,-25.853952,0
2025-03-24,sz.301362,37.7686864800,37.8543297600,35.9416298400,36.5696805600,37.5878840000,930200,36019769.0000,2,3.135200,1,-2.708900,17.407646,1.605778,2.481732,-25.153604,0
2025-03-25,sz.301362,36.5696805600,37.2357949600,36.5601646400,36.8837059200,36.5696805600,667100,25886711.0000,2,2.248400,1,0.858700,17.557126,1.619567,2.503043,-25.369599,0
2025-03-26,sz.301362,36.8837059200,38.0256163200,36.7695148800,37.5117566400,36.8837059200,574500,22653539.0000,2,1.936300,1,1.702800,17.856086,1.647145,2.545664,-25.801589,0
2025-03-27,sz.301362,37.5117566400,37.5688521600,36.7504830400,37.5117566400,37.5117566400,451800,17712287.0000,2,1.522800,1,0.000000,17.856086,1.647145,2.545664,-25.801589,0
2025-03-28,sz.301362,37.7211068800,38.9867242400,37.0264447200,38.3396416800,37.5117566400,1561500,62778159.9600,2,5.262900,1,2.207000,18.250170,1.683498,2.601847,-26.371031,0
2025-03-31,sz.301362,38.3681894400,39.2626859200,37.8448138400,39.2055904000,38.3396416800,2177860,88525188.4000,2,7.340300,1,2.258600,18.662373,1.721521,2.660613,-26.966653,0
2025-04-01,sz.301362,38.0636800000,38.0636800000,36.8170944800,37.5022407200,39.2055904000,2321395,91301312.0100,2,7.824000,1,-4.344700,17.889072,1.618563,2.513801,7.545725,0
2025-04-02,sz.301362,38.0446481600,38.1398073600,37.4070815200,37.4546611200,37.5022407200,1179384,46751806.7200,2,3.975000,1,-0.126900,17.866376,1.616509,2.510612,7.536151,0
2025-04-03,sz.301362,37.2167631200,37.6735272800,36.3603303200,36.7599989600,37.4546611200,1129854,43899314.0200,2,3.808100,1,-1.854700,17.535013,1.586528,2.464048,7.396380,0
2025-04-07,sz.301362,33.6387772000,34.4381144800,29.9561161600,31.4976952000,36.7599989600,1998164,66392126.0400,2,6.734600,1,-14.315300,15.024823,1.359412,2.111312,6.337566,0
2025-04-08,sz.301362,31.2122176000,32.3255802400,31.2122176000,31.6880136000,31.4976952000,1065128,35502432.6600,2,3.589900,1,0.604200,15.115608,1.367626,2.124069,6.375860,0
2025-04-09,sz.301362,30.4890076800,31.8022046400,29.5088679200,31.4405996800,31.6880136000,856500,27861752.0000,2,2.886800,1,-0.780800,14.997588,1.356948,2.107485,6.326078,0
2025-04-10,sz.301362,32.1542936800,32.9060513600,32.1542936800,32.3255802400,31.4405996800,874221,29902309.4500,2,2.946500,1,2.814800,15.419735,1.395143,2.166806,6.504143,0
2025-04-11,sz.301362,32.1257459200,32.9726628000,31.8878479200,32.6205737600,32.3255802400,619600,21218167.0000,2,2.088300,1,0.912600,15.560451,1.407874,2.186579,6.563498,0
2025-04-14,sz.301362,33.0012105600,33.5055543200,32.7347648000,33.3628155200,32.6205737600,538800,18874811.3800,2,1.816000,1,2.275400,15.914511,1.439909,2.236332,6.712842,0
2025-04-15,sz.301362,33.3247518400,33.6578090400,33.0678220000,33.4199110400,33.3628155200,512500,17933152.0000,2,1.727300,1,0.171100,15.941746,1.442373,2.240160,6.724330,0
2025-04-16,sz.301362,33.5721657600,33.6292612800,32.5254145600,33.0583060800,33.4199110400,467200,16253812.0000,2,1.574700,1,-1.082000,15.769255,1.426766,2.215921,6.651573,0
2025-04-17,sz.301362,33.0202424000,33.8386115200,33.0202424000,33.4579747200,33.0583060800,600500,21166206.0000,2,2.023900,1,1.209000,15.959903,1.444016,2.242711,6.731989,0
2025-04-18,sz.301362,33.4199110400,34.5998851200,33.4199110400,34.5142418400,33.4579747200,840001,30174345.2100,2,2.831100,1,3.157000,16.463756,1.489603,2.313513,6.944518,0
2025-04-21,sz.301362,34.4571463200,35.9701776000,34.0669936000,35.8655024800,34.5142418400,804600,29950114.0000,2,2.711800,1,3.915100,17.108326,1.547922,2.404089,7.216401,0
2025-04-22,sz.301362,35.7893751200,36.1034004800,35.2279358400,35.8084069600,35.8655024800,571566,21561209.1200,2,1.926400,1,-0.159200,17.081090,1.545458,2.400262,7.204913,0
2025-04-23,sz.301362,36.5316168800,36.7504830400,36.2461392800,36.5887124000,35.8084069600,669023,25680259.5900,2,2.254900,1,2.179100,17.453307,1.579136,2.452566,7.361916,0
2025-04-24,sz.301362,37.5212725600,37.8352979200,36.5887124000,36.6172601600,36.5887124000,986154,38496804.6200,2,3.323700,1,0.078000,16.783520,1.544590,2.375416,7.281983,0
2025-04-25,sz.301362,37.0549924800,37.2262790400,36.5316168800,36.6933875200,36.6172601600,790300,30541320.0000,2,2.663600,1,0.207900,16.818413,1.547802,2.380355,7.297123,0
2025-04-28,sz.301362,36.9788651200,37.0835402400,36.1509800800,36.7599989600,36.6933875200,1038000,40106681.0000,2,3.498500,1,0.181500,16.848945,1.550612,2.384676,7.310370,0
2025-04-29,sz.301362,36.6400000000,36.8800000000,36.0000000000,36.8200000000,36.7600000000,896388,32777877.2400,2,3.021200,1,0.163200,16.059491,1.477958,2.272942,6.967844,0
2025-04-30,sz.301362,36.6200000000,37.7400000000,36.6200000000,37.2000000000,36.8200000000,786700,29434320.0000,2,2.651500,1,1.032000,16.225233,1.493211,2.296400,7.039755,0
2025-05-06,sz.301362,37.6900000000,38.0500000000,37.1700000000,38.0100000000,37.2000000000,1343900,50781585.0000,2,4.529500,1,2.177400,16.578524,1.525725,2.346403,7.193040,0
2025-05-07,sz.301362,38.2800000000,38.7500000000,37.8500000000,38.4400000000,38.0100000000,1007800,38606987.0000,2,3.396700,1,1.131300,16.766074,1.542985,2.372947,7.274414,0
2025-05-08,sz.301362,38.4000000000,38.8400000000,38.1500000000,38.6000000000,38.4400000000,779500,30107763.0000,2,2.627200,1,0.416200,16.835860,1.549407,2.382824,7.304692,0
2025-05-09,sz.301362,38.6000000000,39.1700000000,38.6000000000,39.0100000000,38.6000000000,777800,30372746.0000,2,2.621500,1,1.062200,17.014686,1.565865,2.408134,7.382281,0
2025-05-12,sz.301362,38.9900000000,39.2500000000,38.6700000000,38.8000000000,39.0100000000,754188,29333835.8800,2,2.541900,1,-0.538300,16.923092,1.557435,2.395170,7.342541,0
2025-05-13,sz.301362,39.2900000000,39.3700000000,38.7200000000,39.0800000000,38.8000000000,856040,33393870.4000,2,2.885200,1,0.721600,17.045218,1.568675,2.412455,7.395528,0
2025-05-14,sz.301362,38.8200000000,39.2400000000,38.7100000000,38.7100000000,39.0800000000,507400,19745194.0000,2,1.710100,1,-0.946800,16.883838,1.553823,2.389614,7.325509,0
2025-05-15,sz.301362,38.8900000000,38.8900000000,38.4600000000,38.6300000000,38.7100000000,358600,13860733.0000,2,1.208600,1,-0.206700,16.848945,1.550612,2.384676,7.310370,0
2025-05-16,sz.301362,38.8300000000,39.1200000000,38.6000000000,38.8000000000,38.6300000000,523951,20362576.5600,2,1.765900,1,0.440100,16.923092,1.557435,2.395170,7.342541,0
2025-05-19,sz.301362,39.0800000000,39.2800000000,38.4800000000,39.2200000000,38.8000000000,551911,21525521.2700,2,1.860200,1,1.082500,17.106280,1.574294,2.421097,7.422022,0
2025-05-20,sz.301362,39.2200000000,40.2000000000,39.0000000000,39.9200000000,39.2200000000,899800,35704883.0000,2,3.032700,1,1.784800,17.411594,1.602392,2.464309,7.554490,0
2025-05-21,sz.301362,40.4100000000,40.4100000000,39.3300000000,39.6400000000,39.9200000000,475847,18882923.2000,2,1.603800,1,-0.701400,17.289469,1.591153,2.447024,7.501503,0
2025-05-22,sz.301362,39.7100000000,40.0800000000,38.8500000000,38.8800000000,39.6400000000,527800,20703628.0000,2,1.778900,1,-1.917300,16.957985,1.560647,2.400109,7.357680,0
2025-05-23,sz.301362,38.9600000000,39.1700000000,38.4000000000,38.4300000000,38.8800000000,506500,19643863.0000,2,1.707100,1,-1.157400,16.761712,1.542584,2.372330,7.272521,0
2025-05-26,sz.301362,38.4000000000,39.2200000000,38.2400000000,38.8500000000,38.4300000000,464045,17999359.2000,2,1.564000,1,1.092900,16.944900,1.559442,2.398257,7.352003,0
2025-05-27,sz.301362,39.3600000000,39.3600000000,38.4100000000,38.8700000000,38.8500000000,319900,12412341.0000,2,1.078200,1,0.051500,16.953624,1.560245,2.399491,7.355787,0
2025-05-28,sz.301362,38.8700000000,39.2700000000,38.5000000000,38.7100000000,38.8700000000,567100,22055553.0000,2,1.911400,1,-0.411600,16.883838,1.553823,2.389614,7.325509,0
2025-05-29,sz.301362,38.9000000000,39.2000000000,38.5400000000,39.0900000000,38.7100000000,477662,18637091.9200,2,1.609900,1,0.981700,17.049579,1.569076,2.413072,7.397420,0
2025-05-30,sz.301362,39.0500000000,39.0900000000,38.5100000000,38.6300000000,39.0900000000,400700,15506636.0000,2,1.350500,1,-1.176800,16.848945,1.550612,2.384676,7.310370,0
2025-06-03,sz.301362,38.7800000000,38.7800000000,38.3100000000,38.3400000000,38.6300000000,554200,21323399.0000,2,1.867900,1,-0.750700,16.722458,1.538971,2.366774,7.255490,0
2025-06-04,sz.301362,38.5000000000,38.9800000000,38.3100000000,38.4800000000,38.3400000000,497600,19236882.0000,2,1.677100,1,0.365200,16.783520,1.544590,2.375416,7.281983,0
2025-06-05,sz.301362,38.9400000000,39.0500000000,38.3600000000,38.7300000000,38.4800000000,455700,17652667.0000,2,1.535900,1,0.649700,16.892561,1.554626,2.390849,7.329294,0
2025-06-06,sz.301362,38.9200000000,39.2100000000,38.5900000000,39.1800000000,38.7300000000,466500,18176402.0000,2,1.572300,1,1.161900,17.088834,1.572689,2.418628,7.414452,0
2025-06-09,sz.301362,39.1900000000,39.3000000000,38.9500000000,39.2400000000,39.1800000000,578700,22633923.0000,2,1.950500,1,0.153100,17.115004,1.575097,2.422332,7.425806,0
2025-06-10,sz.301362,39.1900000000,39.5600000000,38.6000000000,38.9800000000,39.2400000000,450640,17655686.0000,2,1.518800,1,-0.662600,17.001601,1.564661,2.406282,7.376604,0
2025-06-11,sz.301362,39.0900000000,39.6000000000,39.0400000000,39.3300000000,38.9800000000,435839,17180219.0600,2,1.469000,1,0.897900,17.154258,1.578710,2.427888,7.442838,0
2025-06-12,sz.301362,39.4600000000,39.6000000000,39.2000000000,39.2700000000,39.3300000000,342866,13501222.2700,2,1.155600,1,-0.152600,17.128089,1.576301,2.424184,7.431484,0
2025-06-13,sz.301362,39.1700000000,39.3800000000,38.6600000000,38.7100000000,39.2700000000,470100,18311102.0000,2,1.584400,1,-1.426000,16.883838,1.553823,2.389614,7.325509,0
2025-06-16,sz.301362,38.9000000000,39.1800000000,38.4500000000,38.9500000000,38.7100000000,522927,20314925.1100,2,1.762500,1,0.620000,16.988517,1.563456,2.404430,7.370927,0
2025-06-17,sz.301362,39.0300000000,39.7300000000,38.8000000000,39.5100000000,38.9500000000,740118,29109029.2400,2,2.494500,1,1.437700,17.232767,1.585935,2.438999,7.476901,0
2025-06-18,sz.301362,39.5000000000,40.1600000000,39.2100000000,40.0700000000,39.5100000000,1007968,40181545.8900,2,3.397300,1,1.417400,17.477018,1.608413,2.473569,7.582876,0
2025-06-19,sz.301362,40.0900000000,40.3500000000,39.0200000000,39.1700000000,40.0700000000,635142,25174232.0700,2,2.140700,1,-2.246100,17.084472,1.572287,2.418011,7.412560,0
2025-06-20,sz.301362,39.1700000000,40.0800000000,39.0000000000,39.2300000000,39.1700000000,485947,19230884.3400,2,1.637800,1,0.153200,17.110642,1.574696,2.421715,7.423914,0
2025-06-23,sz.301362,39.6600000000,39.6600000000,38.7500000000,39.4000000000,39.2300000000,470600,18429887.0000,2,1.586100,1,0.433300,17.184790,1.581519,2.432209,7.456085,0
2025-06-24,sz.301362,39.8900000000,40.1600000000,39.4900000000,39.9400000000,39.4000000000,1189800,47379868.0000,2,4.010100,1,1.370600,17.420317,1.603195,2.465544,7.558275,0
2025-06-25,sz.301362,40.1700000000,40.3000000000,39.2800000000,40.0000000000,39.9400000000,997947,39678442.2400,2,3.363500,1,0.150200,17.446487,1.605603,2.469248,7.569629,0
2025-06-26,sz.301362,39.9800000000,40.3600000000,39.7100000000,40.0000000000,40.0000000000,793900,31777060.0000,2,2.675800,1,0.000000,17.446487,1.605603,2.469248,7.569629,0
2025-06-27,sz.301362,39.9800000000,40.2900000000,39.7800000000,40.0000000000,40.0000000000,846100,33851467.0000,2,2.851700,1,0.000000,17.446487,1.605603,2.469248,7.569629,0
2025-06-30,sz.301362,40.0000000000,41.0900000000,40.0000000000,40.8100000000,40.0000000000,1445420,58903809.8200,2,4.871700,1,2.025000,17.799778,1.638117,2.519250,7.722914,0
2025-07-01,sz.301362,40.8100000000,41.2800000000,40.3500000000,40.6500000000,40.8100000000,1194705,48599860.7000,2,4.026600,1,-0.392100,17.729992,1.631694,2.509373,7.692636,0
2025-07-02,sz.301362,40.6600000000,40.7500000000,40.0300000000,40.3000000000,40.6500000000,1225620,49427464.8000,2,4.130800,1,-0.861000,17.577336,1.617645,2.487767,7.626402,0
2025-07-03,sz.301362,40.3000000000,41.8700000000,40.0300000000,41.2600000000,40.3000000000,1652200,67822741.0000,2,5.568600,1,2.382100,17.996051,1.656180,2.547029,7.808073,0
2025-07-04,sz.301362,41.2900000000,41.3000000000,40.3600000000,40.5000000000,41.2600000000,980600,39833089.0000,2,3.305000,1,-1.842000,17.664568,1.625673,2.500113,7.664250,0
2025-07-07,sz.301362,40.2700000000,40.7100000000,40.1000000000,40.4700000000,40.5000000000,608700,24560173.0000,2,2.051600,1,-0.074100,17.651483,1.624469,2.498261,7.658573,0
2025-07-08,sz.301362,40.4000000000,41.0600000000,40.2200000000,40.7200000000,40.4700000000,805900,32746142.0000,2,2.716200,1,0.617700,17.760524,1.634504,2.513694,7.705883,0
2025-07-09,sz.301362,40.7200000000,41.4900000000,40.6700000000,41.1000000000,40.7200000000,885257,36454793.7000,2,2.983700,1,0.933200,17.926265,1.649758,2.537152,7.777794,0
2025-07-10,sz.301362,41.1200000000,41.1300000000,40.7500000000,41.0000000000,41.1000000000,714000,29208282.0000,2,2.406500,1,-0.243300,17.882649,1.645744,2.530979,7.758870,0
2025-07-11,sz.301362,41.1200000000,41.1200000000,40.5400000000,40.8600000000,41.0000000000,645700,26345256.5300,2,2.176300,1,-0.341500,17.821586,1.640124,2.522336,7.732376,0
2025-07-14,sz.301362,40.7700000000,41.1000000000,40.6100000000,40.8100000000,40.8600000000,757500,30913219.0000,2,2.553100,1,-0.122400,17.799778,1.638117,2.519250,7.722914,0
2025-07-15,sz.301362,40.7800000000,41.7900000000,40.6500000000,41.6000000000,40.8100000000,1453862,60090561.4000,2,4.900100,1,1.935800,18.144346,1.669828,2.568018,7.872415,0
2025-07-16,sz.301362,41.6200000000,42.2400000000,41.3000000000,41.7500000000,41.6000000000,1047000,43639347.0000,2,3.528800,1,0.360600,18.209771,1.675849,2.577277,7.900801,0
2025-07-17,sz.301362,41.7500000000,41.7500000000,41.4100000000,41.6000000000,41.7500000000,612260,25444734.2100,2,2.063600,1,-0.359300,18.144346,1.669828,2.568018,7.872415,0
2025-07-18,sz.301362,41.6800000000,41.8500000000,41.1200000000,41.4800000000,41.6000000000,672800,27842271.0000,2,2.267600,1,-0.288500,18.092007,1.665011,2.560610,7.849706,0
2025-07-21,sz.301362,42.0300000000,47.9900000000,41.8600000000,44.1100000000,41.4800000000,4850577,218340678.2300,2,16.348400,1,6.340400,19.239113,1.770579,2.722963,8.347409,0
2025-07-22,sz.301362,44.0200000000,45.2000000000,42.6700000000,43.1500000000,44.1100000000,5256328,228717896.3700,2,17.716000,1,-2.176400,18.820398,1.732045,2.663701,8.165738,0
2025-07-23,sz.301362,43.2900000000,47.1400000000,42.1200000000,45.3400000000,43.1500000000,6028575,265803162.8400,2,20.318800,1,5.075300,19.775593,1.819951,2.798892,8.580175,0
2025-07-24,sz.301362,44.5000000000,44.7700000000,43.7600000000,44.3300000000,45.3400000000,4059270,179613587.8700,2,13.681400,1,-2.227600,19.335069,1.779410,2.736544,8.389042,0
2025-07-25,sz.301362,44.3800000000,44.5700000000,43.1000000000,43.2800000000,44.3300000000,2539300,110160700.6800,2,8.558500,1,-2.368600,18.877099,1.737263,2.671726,8.190339,0
2025-07-28,sz.301362,43.3000000000,43.6000000000,43.0100000000,43.5800000000,43.2800000000,1798622,77937192.2200,2,6.062100,1,0.693200,19.007947,1.749305,2.690245,8.247111,0
2025-07-29,sz.301362,43.5900000000,43.5900000000,42.4200000000,42.8500000000,43.5800000000,1724406,73817495.2000,2,5.812000,1,-1.675100,18.689549,1.720003,2.645182,8.108966,0
2025-07-30,sz.301362,42.6000000000,42.9900000000,42.1800000000,42.6600000000,42.8500000000,1327803,56482907.5400,2,4.475200,1,-0.443400,18.606678,1.712376,2.633453,8.073010,0
2025-07-31,sz.301362,42.6900000000,42.9000000000,41.7200000000,41.7900000000,42.6600000000,1363730,57642781.0000,2,4.596300,1,-2.039400,18.227217,1.677454,2.579746,7.908370,0
2025-08-01,sz.301362,41.7800000000,42.3600000000,41.5800000000,42.1800000000,41.7900000000,1110923,46596743.6400,2,3.744300,1,0.933200,18.397320,1.693109,2.603822,7.982174,0
2025-08-04,sz.301362,41.8100000000,42.7600000000,41.7700000000,42.5000000000,42.1800000000,1785230,75692658.4300,2,6.017000,1,0.758700,18.536892,1.705954,2.623576,8.042731,0
2025-08-05,sz.301362,42.4800000000,42.8300000000,42.3000000000,42.5600000000,42.5000000000,1209505,51510175.5000,2,4.076500,1,0.141200,18.563062,1.708362,2.627279,8.054086,0
2025-08-06,sz.301362,42.5600000000,42.7200000000,42.1800000000,42.6900000000,42.5600000000,1278918,54233043.0600,2,4.310500,1,0.305500,18.619763,1.713580,2.635305,8.078687,0
2025-08-07,sz.301362,42.5200000000,43.0100000000,42.5000000000,42.7600000000,42.6900000000,1242210,53053075.6000,2,4.186800,1,0.164000,18.650295,1.716390,2.639626,8.091934,0
2025-08-08,sz.301362,42.7900000000,43.4900000000,42.5700000000,43.2100000000,42.7600000000,1572564,67743652.1100,2,5.300200,1,1.052400,18.846567,1.734453,2.667405,8.177092,0
2025-08-11,sz.301362,43.2200000000,44.9700000000,42.9800000000,44.0800000000,43.2100000000,2253730,99153666.1000,2,7.596000,1,2.013400,19.226029,1.769375,2.721111,8.341732,0
2025-08-12,sz.301362,44.0200000000,44.4100000000,43.6100000000,44.0000000000,44.0800000000,1312220,57625830.6000,2,4.422700,1,-0.181500,19.191136,1.766164,2.716172,8.326592,0
2025-08-13,sz.301362,44.1100000000,44.5900000000,43.8000000000,44.3000000000,44.0000000000,1508200,66699043.0000,2,5.083200,1,0.681800,19.321984,1.778206,2.734692,8.383365,0
2025-08-14,sz.301362,44.4800000000,44.4800000000,43.2400000000,43.2800000000,44.3000000000,1540900,67341658.0700,2,5.193500,1,-2.302500,18.877099,1.737263,2.671726,8.190339,0
2025-08-15,sz.301362,43.1500000000,43.7800000000,43.1500000000,43.5400000000,43.2800000000,1214095,52879498.6000,2,4.092000,1,0.600700,18.990501,1.747699,2.687776,8.239542,0
2025-08-18,sz.301362,43.3300000000,43.9400000000,43.0700000000,43.7000000000,43.5400000000,1593440,69453484.1000,2,5.370500,1,0.367500,19.060287,1.754122,2.697653,8.269820,0
2025-08-19,sz.301362,43.8000000000,44.9300000000,43.5300000000,44.1200000000,43.7000000000,1746320,77340969.0000,2,5.885800,1,0.961100,19.243475,1.770981,2.723580,8.349301,0
2025-08-20,sz.301362,43.8800000000,44.8000000000,43.6800000000,44.7900000000,44.1200000000,1552920,69094460.0000,2,5.234000,1,1.518600,19.535704,1.797874,2.764940,8.476093,0
2025-08-21,sz.301362,44.7400000000,45.8900000000,44.3600000000,45.3800000000,44.7900000000,1829433,82893929.2900,2,6.165900,1,1.317300,19.793039,1.821557,2.801361,8.587745,0
2025-08-22,sz.301362,45.1100000000,45.2900000000,44.7500000000,44.8500000000,45.3800000000,1551724,69712701.6400,2,5.229900,1,-1.167900,19.561873,1.800283,2.768644,8.487447,0
2025-08-25,sz.301362,45.5000000000,49.1700000000,45.5000000000,48.9700000000,44.8500000000,4747682,226919464.9400,2,16.001600,1,9.186200,21.358862,1.965660,3.022976,9.267119,0
2025-08-26,sz.301362,48.6500000000,50.4400000000,47.5800000000,49.3700000000,48.9700000000,3976401,196015358.1700,2,13.402100,1,0.816800,21.533326,1.981716,3.047669,9.342815,0
2025-08-27,sz.301362,50.2800000000,53.3000000000,49.5100000000,49.5900000000,49.3700000000,4713905,241560738.3700,2,15.887800,1,0.445600,21.629282,1.990547,3.061250,9.384448,0
2025-08-28,sz.301362,48.9900000000,52.4400000000,47.9900000000,50.7500000000,49.5900000000,4925707,247310001.5200,2,16.601600,1,2.339200,25.258557,2.162024,3.235307,-25.529525,0
2025-08-29,sz.301362,51.2300000000,53.2000000000,49.6100000000,52.0800000000,50.7500000000,5453336,279719497.4900,2,18.380000,1,2.620700,25.920506,2.218684,3.320094,-26.198575,0
2025-09-01,sz.301362,53.1000000000,53.3500000000,49.2300000000,50.6500000000,52.0800000000,4940769,249289188.1000,2,16.652400,1,-2.745800,25.208787,2.157764,3.228932,-25.479221,0
2025-09-02,sz.301362,50.1500000000,51.0900000000,48.0700000000,50.3500000000,50.6500000000,3443255,170784081.0300,2,11.605200,1,-0.592300,25.059475,2.144983,3.209807,-25.328307,0
2025-09-03,sz.301362,50.0600000000,54.5800000000,47.9800000000,48.5200000000,50.3500000000,7071312,361292959.8200,2,23.833200,1,-3.634600,24.148674,2.067022,3.093145,-24.407735,0
2025-09-04,sz.301362,48.0300000000,48.0400000000,44.8200000000,45.5300000000,48.5200000000,4030897,187281430.2000,2,13.585800,1,-6.162400,22.660534,1.939644,2.902533,-22.903631,0
2025-09-05,sz.301362,45.3000000000,46.0900000000,44.7700000000,45.3900000000,45.5300000000,2091459,94399431.8100,2,7.049100,1,-0.307500,22.590855,1.933680,2.893608,-22.833205,0
2025-09-08,sz.301362,45.3900000000,45.4100000000,44.0700000000,45.2200000000,45.3900000000,1821362,81610145.2200,2,6.138700,1,-0.374500,22.506246,1.926438,2.882770,-22.747687,0
2025-09-09,sz.301362,45.2200000000,45.2200000000,43.7500000000,44.0100000000,45.2200000000,1758050,78039036.2600,2,5.925300,1,-2.675800,21.904022,1.874890,2.805633,-22.139003,0
2025-09-10,sz.301362,43.9900000000,44.1900000000,42.9300000000,43.4700000000,44.0100000000,1721242,74852700.0400,2,5.801300,1,-1.227000,21.635261,1.851885,2.771208,-21.867359,0
2025-09-11,sz.301362,43.2100000000,43.9300000000,42.6900000000,43.7300000000,43.4700000000,1282664,55785788.8800,2,4.323100,1,0.598100,21.764664,1.862961,2.787783,-21.998150,0
2025-09-12,sz.301362,43.7200000000,43.8900000000,42.8500000000,42.9900000000,43.7300000000,1577964,68206500.3600,2,5.318400,1,-1.692200,21.396362,1.831436,2.740608,-21.625897,0
2025-09-15,sz.301362,43.1000000000,43.1600000000,42.4200000000,42.5800000000,42.9900000000,1201807,51213036.6400,2,4.050600,1,-0.953700,21.192303,1.813970,2.714470,-21.419649,0
2025-09-16,sz.301362,42.5000000000,44.3500000000,42.3100000000,44.0400000000,42.5800000000,1980400,86255341.0000,2,6.674800,1,3.428800,21.918953,1.876168,2.807545,-22.154094,0
2025-09-17,sz.301362,44.0500000000,45.3300000000,43.8000000000,44.9000000000,44.0400000000,1939200,86891931.0000,2,6.535900,1,1.952800,22.346980,1.912805,2.862370,-22.586713,0
2025-09-18,sz.301362,44.9000000000,45.3300000000,43.7000000000,44.4800000000,44.9000000000,2036500,90876672.3200,2,6.863800,1,-0.935400,22.137943,1.894913,2.835595,-22.375434,0
2025-09-19,sz.301362,44.1400000000,44.5100000000,43.4800000000,43.6100000000,44.4800000000,977464,42884577.2800,2,3.294500,1,-1.955900,21.704940,1.857849,2.780133,-21.937785,0
2025-09-22,sz.301362,43.7600000000,45.1000000000,43.6400000000,44.3300000000,43.6100000000,1275600,56644180.0000,2,4.299300,1,1.651000,22.063288,1.888522,2.826033,-22.299977,0
2025-09-23,sz.301362,43.8200000000,44.3300000000,42.3800000000,43.3000000000,44.3300000000,1393200,60009287.0000,2,4.695700,1,-2.323500,21.550651,1.844643,2.760370,-21.781841,0
2025-09-24,sz.301362,43.2600000000,44.3200000000,42.5500000000,44.1000000000,43.3000000000,1263100,55225820.0000,2,4.257200,1,1.847600,21.948815,1.878724,2.811370,-22.184277,0
2025-09-25,sz.301362,44.1800000000,44.3400000000,43.2500000000,43.3100000000,44.1000000000,960300,41976851.9300,2,3.236600,1,-1.791400,21.555628,1.845069,2.761008,-21.786872,0
2025-09-26,sz.301362,43.3900000000,43.5500000000,42.5900000000,42.6000000000,43.3100000000,925400,39694511.3700,2,3.119000,1,-1.639300,21.202257,1.814822,2.715745,-21.429710,0
2025-09-29,sz.301362,42.9500000000,44.3000000000,42.3800000000,44.2800000000,42.6000000000,1439000,62980688.0000,2,4.850000,1,3.943700,22.038402,1.886392,2.822845,-22.274825,0
2025-09-30,sz.301362,43.9200000000,44.2000000000,42.0000000000,42.1100000000,44.2800000000,1834800,78514979.0000,2,6.184000,1,-4.900600,20.958381,1.793947,2.684508,-21.183218,0
2025-10-09,sz.301362,42.3800000000,42.9100000000,42.0600000000,42.5000000000,42.1100000000,954780,40617158.0000,2,3.218000,1,0.926100,21.152486,1.810562,2.709370,-21.379405,0
2025-10-10,sz.301362,42.3500000000,43.7500000000,42.3000000000,42.6800000000,42.5000000000,938600,40404338.3000,2,3.163500,1,0.423500,21.242073,1.818230,2.720845,-21.469953,0
2025-10-13,sz.301362,41.6000000000,42.7800000000,40.4100000000,42.7300000000,42.6800000000,1110500,46723962.0000,2,3.742800,1,0.117200,21.266959,1.820360,2.724033,-21.495106,0
2025-10-14,sz.301362,42.7200000000,43.3800000000,42.4300000000,43.2400000000,42.7300000000,1156700,49659810.0000,2,3.898600,1,1.193500,21.520788,1.842087,2.756545,-21.751658,0
2025-10-15,sz.301362,42.9300000000,44.3900000000,42.8300000000,44.3500000000,43.2400000000,1551512,67969678.0000,2,5.229200,1,2.567100,22.073242,1.889374,2.827308,-22.310038,0
2025-10-16,sz.301362,44.5000000000,44.6800000000,43.3500000000,43.5400000000,44.3500000000,788188,34547797.6600,2,2.656500,1,-1.826400,21.670100,1.854867,2.775670,-21.902572,0
2025-10-17,sz.301362,43.5700000000,44.0000000000,42.2700000000,42.3400000000,43.5400000000,969006,41987389.9000,2,3.265900,1,-2.756100,21.072853,1.803745,2.699170,-21.298918,0
2025-10-20,sz.301362,42.8600000000,43.0000000000,42.0000000000,42.3600000000,42.3400000000,564324,23896010.4400,2,1.902000,1,0.047200,21.082808,1.804597,2.700445,-21.308979,0
2025-10-21,sz.301362,42.6300000000,42.9400000000,42.4300000000,42.8800000000,42.3600000000,451600,19290932.0000,2,1.522100,1,1.227600,21.341614,1.826750,2.733595,-21.570562,0
2025-10-22,sz.301362,42.8800000000,43.1500000000,42.2500000000,42.3400000000,42.8800000000,492100,20986400.0000,2,1.658600,1,-1.259300,21.072853,1.803745,2.699170,-21.298918,0
2025-10-23,sz.301362,42.2900000000,42.6900000000,42.0300000000,42.6200000000,42.3400000000,480700,20348122.0000,2,1.620200,1,0.661300,21.212211,1.815674,2.717020,-21.439771,0
2025-10-24,sz.301362,42.7500000000,42.8700000000,42.3200000000,42.4800000000,42.6200000000,492700,21002240.0000,2,1.660600,1,-0.328500,21.142532,1.809710,2.708095,-21.369344,0
2025-10-27,sz.301362,42.6900000000,42.9800000000,42.1300000000,42.7800000000,42.4800000000,672348,28648516.4400,2,2.266100,1,0.706200,23.124199,1.796919,2.729597,-12.629901,0
2025-10-28,sz.301362,42.6400000000,43.1300000000,42.6200000000,42.8000000000,42.7800000000,530220,22733699.0000,2,1.787100,1,0.046800,23.135010,1.797759,2.730873,-12.635806,0
2025-10-29,sz.301362,42.7900000000,43.3400000000,42.4600000000,43.1900000000,42.8000000000,532193,22894218.6000,2,1.793700,1,0.911200,23.345820,1.814140,2.755757,-12.750945,0
2025-10-30,sz.301362,43.1900000000,44.1200000000,42.8100000000,43.6500000000,43.1900000000,1090593,47452597.2400,2,3.675700,1,1.065100,23.594467,1.833462,2.785108,-12.886751,0
2025-10-31,sz.301362,43.3300000000,44.3900000000,43.3300000000,44.2500000000,43.6500000000,1034621,45572057.1500,2,3.487100,1,1.374600,23.918790,1.858664,2.823391,-13.063888,0
2025-11-03,sz.301362,44.3500000000,44.5800000000,43.4200000000,43.5100000000,44.2500000000,1108526,48666906.8000,2,3.736200,1,-1.672300,23.518792,1.827581,2.776175,-12.845419,0
2025-11-04,sz.301362,43.4700000000,43.4900000000,42.3600000000,42.8100000000,43.5100000000,692422,29650438.4000,2,2.333700,1,-1.608800,23.140416,1.798179,2.731511,-12.638758,0
2025-11-05,sz.301362,42.8800000000,43.3700000000,42.5700000000,43.1200000000,42.8100000000,603100,25915722.0000,2,2.032700,1,0.724100,23.307982,1.811200,2.751291,-12.730279,0
2025-11-06,sz.301362,43.0100000000,43.4500000000,42.9200000000,43.0900000000,43.1200000000,509500,22005747.0000,2,1.717200,1,-0.069600,23.291766,1.809940,2.749377,-12.721423,0
2025-11-07,sz.301362,43.0900000000,43.1000000000,42.6800000000,42.7300000000,43.0900000000,408163,17498289.3300,2,1.375700,1,-0.835500,23.097173,1.794819,2.726407,-12.615140,0
2025-11-10,sz.301362,42.9700000000,42.9700000000,42.4100000000,42.4700000000,42.7300000000,557866,23774327.2800,2,1.880200,1,-0.608500,22.956633,1.783898,2.709817,-12.538380,0
2025-11-11,sz.301362,42.4200000000,42.5900000000,41.9000000000,42.1000000000,42.4700000000,532923,22515874.9900,2,1.796200,1,-0.871200,22.756634,1.768356,2.686209,-12.429146,0
2025-11-12,sz.301362,42.1800000000,42.2600000000,41.7600000000,41.8200000000,42.1000000000,432221,18142690.0100,2,1.456800,1,-0.665100,22.605283,1.756595,2.668344,-12.346482,0
2025-11-13,sz.301362,41.9800000000,42.3300000000,41.7000000000,42.2700000000,41.8200000000,445860,18716394.6000,2,1.502700,1,1.076000,22.848525,1.775497,2.697056,-12.479335,0
2025-11-14,sz.301362,42.5600000000,42.8800000000,42.1400000000,42.6400000000,42.2700000000,526105,22399700.7500,2,1.773200,1,0.875300,23.048524,1.791038,2.720664,-12.588569,0
2025-11-17,sz.301362,42.6000000000,43.0000000000,42.1400000000,42.8200000000,42.6400000000,583788,24820872.6300,2,1.967600,1,0.422100,23.145821,1.798599,2.732149,-12.641711,0
2025-11-18,sz.301362,42.9700000000,42.9800000000,42.3700000000,42.8300000000,42.8200000000,454102,19408421.4600,2,1.530500,1,0.023400,23.151226,1.799019,2.732787,-12.644663,0
2025-11-19,sz.301362,42.7900000000,42.9500000000,41.7100000000,41.7300000000,42.8300000000,507563,21485668.8000,2,1.710700,1,-2.568300,22.556635,1.752815,2.662601,-12.319911,0
2025-11-20,sz.301362,42.0000000000,42.3700000000,41.6800000000,42.2600000000,41.7300000000,487100,20456392.0000,2,1.641700,1,1.270100,22.843120,1.775077,2.696418,-12.476382,0
2025-11-21,sz.301362,42.2700000000,42.3000000000,40.4800000000,41.5200000000,42.2600000000,834436,34390735.9200,2,2.812400,1,-1.751100,22.443122,1.743994,2.649202,-12.257913,0
2025-11-24,sz.301362,41.5200000000,42.1600000000,41.2000000000,41.8200000000,41.5200000000,497300,20716536.0000,2,1.676100,1,0.722500,22.605283,1.756595,2.668344,-12.346482,0
2025-11-25,sz.301362,41.8200000000,42.3600000000,41.6300000000,42.3000000000,41.8200000000,631783,26559167.5200,2,2.129400,1,1.147800,22.864741,1.776757,2.698970,-12.488192,0
2025-11-26,sz.301362,42.2900000000,42.6000000000,41.4500000000,41.5000000000,42.3000000000,985531,41416170.9200,2,3.321600,1,-1.891300,22.432311,1.743154,2.647926,-12.252008,0
2025-11-27,sz.301362,41.4200000000,42.1000000000,40.9700000000,42.0000000000,41.5000000000,897932,37206002.9600,2,3.026400,1,1.204800,22.702580,1.764156,2.679829,-12.399623,0
2025-11-28,sz.301362,42.4500000000,42.4500000000,41.0300000000,41.5200000000,42.0000000000,1690244,70459152.4000,2,5.696800,1,-1.142900,22.443122,1.743994,2.649202,-12.257913,0
2025-12-01,sz.301362,41.3400000000,41.6800000000,41.2100000000,41.3400000000,41.5200000000,793427,32861695.3400,2,2.674200,1,-0.433500,22.345825,1.736433,2.637717,-12.204772,0
2025-12-02,sz.301362,41.3200000000,41.3200000000,40.6100000000,40.8000000000,41.3400000000,634294,25927446.5600,2,2.137800,1,-1.306200,22.053935,1.713751,2.603262,-12.045348,0
2025-12-03,sz.301362,40.9000000000,41.1500000000,40.6000000000,40.6400000000,40.8000000000,320400,13080659.0000,2,1.079900,1,-0.392200,21.967449,1.707031,2.593053,-11.998111,0
2025-12-04,sz.301362,40.5000000000,40.6300000000,39.6900000000,40.1000000000,40.6400000000,425300,17046241.0000,2,1.433400,1,-1.328700,21.675559,1.684349,2.558598,-11.838687,0
2025-12-05,sz.301362,40.5800000000,40.9800000000,39.8800000000,40.9000000000,40.1000000000,473500,19243268.0000,2,1.595900,1,1.995000,22.107989,1.717952,2.609643,-12.074871,0
2025-12-08,sz.301362,40.9900000000,42.0000000000,40.9000000000,41.2300000000,40.9000000000,549227,22809169.7700,2,1.851100,1,0.806800,22.286366,1.731813,2.630699,-12.172296,0
2025-12-09,sz.301362,41.3000000000,41.7800000000,41.0600000000,41.0900000000,41.2300000000,358914,14854558.6800,2,1.209700,1,-0.339600,22.210691,1.725932,2.621766,-12.130964,0
2025-12-10,sz.301362,41.2500000000,41.6500000000,41.0000000000,41.4400000000,41.0900000000,291431,12081877.5700,2,0.982200,1,0.851800,22.399879,1.740634,2.644098,-12.234294,0
2025-12-11,sz.301362,41.7000000000,41.7400000000,40.4800000000,40.5000000000,41.4400000000,367100,15015472.0000,2,1.237300,1,-2.268300,21.891774,1.701150,2.584121,-11.956779,0
2025-12-12,sz.301362,40.4800000000,40.9500000000,40.3200000000,40.5500000000,40.5000000000,225721,9185675.1300,2,0.760800,1,0.123500,21.918801,1.703250,2.587311,-11.971541,0
2025-12-15,sz.301362,40.5100000000,41.1200000000,40.3500000000,40.6000000000,40.5500000000,177800,7242567.0000,2,0.599300,1,0.123300,21.945827,1.705351,2.590501,-11.986302,0
2025-12-16,sz.301362,40.5000000000,40.6000000000,39.8700000000,39.8700000000,40.6000000000,273200,10947939.0000,2,0.920800,1,-1.798000,21.551235,1.674688,2.543923,-11.770785,0
2025-12-17,sz.301362,39.7400000000,40.1000000000,39.2300000000,39.8300000000,39.8700000000,398100,15775444.0000,2,1.341800,1,-0.100300,21.529613,1.673008,2.541371,-11.758976,0
2025-12-18,sz.301362,39.8300000000,40.6700000000,39.7900000000,40.5000000000,39.8300000000,445440,17983757.7700,2,1.501300,1,1.682100,21.891774,1.701150,2.584121,-11.956779,0
2025-12-19,sz.301362,40.5000000000,41.1400000000,40.5000000000,41.0000000000,40.5000000000,284100,11629312.0000,2,0.957500,1,1.234600,22.162042,1.722152,2.616023,-12.104394,0
2025-12-22,sz.301362,41.0000000000,41.4100000000,40.8600000000,40.9100000000,41.0000000000,336400,13835117.0000,2,1.133800,1,-0.219500,22.113394,1.718372,2.610281,-12.077823,0
2025-12-23,sz.301362,41.1100000000,41.1900000000,40.6700000000,40.9400000000,40.9100000000,391001,15977651.9300,2,1.317800,1,0.073300,22.129610,1.719632,2.612195,-12.086680,0
2025-12-24,sz.301362,41.4000000000,41.4000000000,40.5600000000,41.1600000000,40.9400000000,410300,16854560.0000,2,1.382900,1,0.537400,22.248529,1.728873,2.626232,-12.151630,0
2025-12-25,sz.301362,41.2900000000,41.4900000000,40.8400000000,41.2800000000,41.1600000000,305500,12614808.0000,2,1.029700,1,0.291500,22.313393,1.733913,2.633889,-12.187058,0
2025-12-26,sz.301362,41.3700000000,41.9900000000,41.2700000000,41.3700000000,41.2800000000,557633,23197275.8900,2,1.879500,1,0.218000,22.362041,1.737694,2.639631,-12.213628,0
2025-12-29,sz.301362,41.3700000000,41.9000000000,41.3000000000,41.6700000000,41.3700000000,514200,21432426.0000,2,1.733100,1,0.725200,22.524203,1.750295,2.658773,-12.302197,0
2025-12-30,sz.301362,41.4300000000,41.8300000000,41.2500000000,41.4000000000,41.6700000000,346400,14388790.0000,2,1.167500,1,-0.647900,22.378258,1.738954,2.641545,-12.222485,0
2025-12-31,sz.301362,41.8000000000,41.8000000000,41.1100000000,41.5900000000,41.4000000000,392758,16267363.4000,2,1.323800,1,0.458900,22.480960,1.746934,2.653669,-12.278579,0
2026-01-05,sz.301362,41.6000000000,42.1500000000,41.6000000000,41.9800000000,41.5900000000,564000,23675721.0000,2,1.900900,1,0.937700,22.691769,1.763316,2.678553,-12.393718,0
2026-01-06,sz.301362,42.4000000000,42.4000000000,41.8200000000,41.8900000000,41.9800000000,593100,24909589.0000,2,1.999000,1,-0.214400,22.643121,1.759535,2.672810,-12.367148,0
2026-01-07,sz.301362,41.9000000000,42.3600000000,41.6800000000,42.2700000000,41.8900000000,653200,27430605.0000,2,2.201600,1,0.907100,22.848525,1.775497,2.697056,-12.479335,0
2026-01-08,sz.301362,42.2600000000,43.6000000000,41.8400000000,42.8500000000,42.2700000000,1061967,45440045.1800,2,3.579300,1,1.372100,23.162037,1.799859,2.734063,-12.650568,0
2026-01-09,sz.301362,42.8000000000,43.0100000000,42.4300000000,42.8600000000,42.8500000000,738181,31535770.0000,2,2.488000,1,0.023300,23.167442,1.800279,2.734701,-12.653520,0
2026-01-12,sz.301362,42.8800000000,43.5000000000,42.6000000000,43.4300000000,42.8600000000,937435,40330894.3200,2,3.159500,1,1.329900,23.475549,1.824221,2.771071,-12.821800,0
2026-01-13,sz.301362,43.4800000000,45.6800000000,43.1400000000,44.8800000000,43.4300000000,2562047,114321802.6200,2,8.635100,1,3.338700,24.259328,1.885127,2.863588,-13.249883,0
2026-01-14,sz.301362,45.4100000000,45.5600000000,43.8000000000,45.0300000000,44.8800000000,1896300,84922327.0000,2,6.391300,1,0.334200,24.340409,1.891427,2.873159,-13.294167,0
2026-01-15,sz.301362,44.8000000000,46.8000000000,44.6000000000,44.9300000000,45.0300000000,1367400,62173882.0000,2,4.608700,1,-0.222100,24.286355,1.887227,2.866779,-13.264644,0
2026-01-16,sz.301362,45.3800000000,45.3800000000,44.4000000000,44.9800000000,44.9300000000,1087200,48754583.0000,2,3.664300,1,0.111300,24.313382,1.889327,2.869969,-13.279406,0
2026-01-19,sz.301362,44.9800000000,44.9800000000,44.9800000000,44.9800000000,44.9800000000,,,2,,0,,24.313382,1.889327,2.869969,-13.279406,0
2026-01-20,sz.301362,44.9800000000,44.9800000000,44.9800000000,44.9800000000,44.9800000000,,,2,,0,,24.313382,1.889327,2.869969,-13.279406,0
2026-01-21,sz.301362,44.9800000000,44.9800000000,44.9800000000,44.9800000000,44.9800000000,,,2,,0,,24.313382,1.889327,2.869969,-13.279406,0
2026-01-22,sz.301362,44.9800000000,44.9800000000,44.9800000000,44.9800000000,44.9800000000,,,2,,0,,24.313382,1.889327,2.869969,-13.279406,0
2026-01-23,sz.301362,44.9800000000,44.9800000000,44.9800000000,44.9800000000,44.9800000000,,,2,,0,,24.313382,1.889327,2.869969,-13.279406,0
2026-01-26,sz.301362,44.9800000000,44.9800000000,44.9800000000,44.9800000000,44.9800000000,,,2,,0,,24.313382,1.889327,2.869969,-13.279406,0
2026-01-27,sz.301362,44.9800000000,44.9800000000,44.9800000000,44.9800000000,44.9800000000,,,2,,0,,24.313382,1.889327,2.869969,-13.279406,0
2026-01-28,sz.301362,44.9800000000,44.9800000000,44.9800000000,44.9800000000,44.9800000000,,,2,,0,,24.313382,1.889327,2.869969,-13.279406,0
2026-01-29,sz.301362,44.9800000000,44.9800000000,44.9800000000,44.9800000000,44.9800000000,,,2,,0,,24.313382,1.889327,2.869969,-13.279406,0
2026-01-30,sz.301362,44.9800000000,44.9800000000,44.9800000000,44.9800000000,44.9800000000,,,2,,0,,24.313382,1.889327,2.869969,-13.279406,0
2026-02-02,sz.301362,53.9800000000,53.9800000000,53.9800000000,53.9800000000,44.9800000000,778450,42020731.0000,2,2.623700,1,20.008900,29.178221,2.267360,3.444218,-15.936468,0
2026-02-03,sz.301362,64.7800000000,64.7800000000,64.7800000000,64.7800000000,53.9800000000,556480,36048774.4000,2,1.875600,1,20.007400,35.016027,2.721000,4.133317,-19.124942,0
2026-02-04,sz.301362,77.7400000000,77.7400000000,77.7400000000,77.7400000000,64.7800000000,5630855,437742667.7000,2,18.978300,1,20.006200,42.021395,3.265368,4.960235,-22.951111,0
2026-02-05,sz.301362,85.6100000000,93.2900000000,85.0000000000,93.2900000000,77.7400000000,17148758,1530373643.3500,2,57.798300,1,20.002600,50.426755,3.918526,5.952410,-27.541924,0
2026-02-06,sz.301362,91.4700000000,97.1200000000,86.0000000000,97.1200000000,93.2900000000,13676863,1247455172.6200,2,46.096600,1,4.105500,52.497014,4.079400,6.196785,-28.672652,0
2026-02-09,sz.301362,94.0000000000,99.8700000000,91.0100000000,92.0000000000,97.1200000000,10156667,962031076.6300,2,34.232100,1,-5.271800,49.729461,3.864341,5.870101,-27.161078,0
2026-02-10,sz.301362,92.0000000000,97.6600000000,88.2000000000,92.8800000000,92.0000000000,9714063,905708293.5800,2,32.740400,1,0.956500,50.205134,3.901305,5.926250,-27.420880,0
2026-02-11,sz.301362,89.9700000000,90.0100000000,80.5100000000,81.4700000000,92.8800000000,9025198,761110077.4800,2,30.418600,1,-12.284700,44.037600,3.422042,5.198230,-24.052316,0
2026-02-12,sz.301362,81.1800000000,85.1200000000,79.0000000000,83.4400000000,81.4700000000,6816662,561486407.2100,2,22.974900,1,2.418100,45.102459,3.504790,5.323926,-24.633917,0
2026-02-13,sz.301362,82.7800000000,83.0100000000,77.1000000000,80.0000000000,83.4400000000,5448927,434418606.1400,2,18.365100,1,-4.122700,43.243010,3.360297,5.104436,-23.618329,0
2026-02-24,sz.301362,83.0000000000,89.4400000000,82.0000000000,87.9800000000,80.0000000000,7685404,658658528.6900,2,25.902900,1,9.975000,47.556500,3.695486,5.613603,-25.974257,0
2026-02-25,sz.301362,90.5500000000,93.5600000000,83.8800000000,91.0900000000,87.9800000000,7818458,688932008.5500,2,26.351400,1,3.534900,49.237572,3.826118,5.812038,-26.892420,0
2026-02-26,sz.301362,90.0500000000,97.5700000000,87.8800000000,90.6600000000,91.0900000000,8276583,772879815.0200,2,27.895500,1,-0.472100,49.005141,3.808056,5.784602,-26.765471,0
2026-02-27,sz.301362,89.0000000000,98.8500000000,87.9000000000,95.9900000000,90.6600000000,8284981,774240854.5100,2,27.923800,1,5.879100,51.886206,4.031936,6.124685,-28.339043,0
2026-03-02,sz.301362,99.2800000000,115.1900000000,96.5100000000,111.0200000000,95.9900000000,12096520,1334959537.9900,2,40.770200,1,15.657900,60.010487,4.663252,7.083681,-32.776336,0
2026-03-03,sz.301362,122.2700000000,126.2000000000,110.0600000000,113.8600000000,111.0200000000,10580331,1241286651.3200,2,35.660000,1,2.558100,61.545614,4.782543,7.264888,-33.614787,0
2026-03-04,sz.301362,113.0000000000,120.0000000000,105.6600000000,118.0900000000,113.8600000000,7878531,902403171.0600,2,26.553900,1,3.715100,63.832088,4.960218,7.534785,-34.863606,0
2026-03-05,sz.301362,120.3000000000,130.8800000000,112.0500000000,112.6000000000,118.0900000000,9637182,1176803996.8600,2,32.481200,1,-4.649000,60.864536,4.729618,7.184493,-33.242798,0
2026-03-06,sz.301362,113.3300000000,118.0000000000,107.5000000000,108.8800000000,112.6000000000,7837552,881779713.2700,2,26.415700,1,-3.303700,58.853736,4.573364,6.947137,-32.144546,0
2026-03-09,sz.301362,107.0000000000,110.0200000000,100.0600000000,108.8800000000,108.8800000000,6393089,670300364.0300,2,21.547300,1,0.000000,58.853736,4.573364,6.947137,-32.144546,0
2026-03-10,sz.301362,110.0100000000,117.9900000000,108.0000000000,113.7800000000,108.8800000000,6532221,738205147.2700,2,22.016200,1,4.500400,61.502371,4.779182,7.259784,-33.591169,0
2026-03-11,sz.301362,113.6600000000,114.5000000000,105.2900000000,106.4200000000,113.7800000000,5984173,648877865.9700,2,20.169100,1,-6.468600,57.524014,4.470035,6.790176,-31.418282,0
2026-03-12,sz.301362,106.4500000000,107.8000000000,102.8000000000,104.0000000000,106.4200000000,4634234,485368422.9200,2,15.619300,1,-2.274000,56.215913,4.368386,6.635766,-30.703828,0
2026-03-13,sz.301362,102.5000000000,106.0000000000,101.1300000000,103.2800000000,104.0000000000,3188793,330687047.5800,2,10.747500,1,-0.692300,55.826726,4.338143,6.589826,-30.491263,0
2026-03-16,sz.301362,106.4000000000,111.8900000000,103.5900000000,110.5000000000,103.2800000000,5920649,639552071.8300,2,19.955000,1,6.990700,59.729407,4.641410,7.050502,-32.622817,0
2026-03-17,sz.301362,111.6000000000,112.0000000000,101.4800000000,101.8200000000,110.5000000000,4775340,498094336.7100,2,16.094800,1,-7.855200,55.037541,4.276818,6.496671,-30.060228,0
2026-03-18,sz.301362,102.6600000000,107.3000000000,100.0000000000,103.0600000000,101.8200000000,3425000,354352059.1400,2,11.543600,1,1.217800,55.707807,4.328902,6.575789,-30.426312,0
