date,code,open,high,low,close,preclose,volume,amount,adjustflag,turn,tradestatus,pctChg,peTTM,pbMRQ,psTTM,pcfNcfTTM,isST
2023-06-26,sz.300570,53.0912720600,58.0643541100,52.0290603600,54.8101237200,55.0611919400,35052519,1997299567.4300,2,18.103400,1,-0.456000,70.505234,9.753025,13.840274,-58.365695,0
2023-06-27,sz.300570,54.0762320000,54.2693614000,50.9765051300,51.6041756800,54.8101237200,27315680,1479156726.2900,2,14.107600,1,-5.849200,66.381250,9.182552,13.030730,-54.951775,0
2023-06-28,sz.300570,50.1557051800,50.2329569400,44.4970137600,46.5634983400,51.6041756800,32514493,1580252510.5700,2,16.792600,1,-9.768000,59.897153,8.285604,11.757893,-49.584105,0
2023-06-29,sz.300570,47.2008253600,50.1363922400,46.8821618500,48.6203264500,46.5634983400,31693162,1586017135.1900,2,16.368400,1,4.417300,62.542962,8.651600,12.277269,-51.774361,0
2023-06-30,sz.300570,47.8478088500,54.8487496000,47.5870841600,52.8305473700,48.6203264500,38534100,2080957672.1100,2,19.878300,1,8.659400,67.958798,9.400775,13.340405,-56.257702,0
2023-07-03,sz.300570,52.8788297200,53.6899732000,48.8810511400,51.2275733500,52.8305473700,28721609,1521187915.2000,2,14.833700,1,-3.034200,65.896806,9.115539,12.935633,-54.550742,0
2023-07-04,sz.300570,51.2661992300,53.8348202500,51.0054745400,51.8359309600,51.2275733500,26512480,1439251014.3200,2,13.692700,1,1.187600,66.679369,9.223791,13.089251,-55.198564,0
2023-07-05,sz.300570,51.7103968500,53.8637896600,48.5527311600,48.8520817300,51.8359309600,30196688,1597377686.3400,2,15.595500,1,-5.756300,62.841082,8.692839,12.335790,-52.021151,0
2023-07-06,sz.300570,48.3306323500,52.5601662100,48.2823500000,50.1750181200,48.8520817300,25109977,1317378483.0500,2,12.968400,1,2.708000,64.542847,8.928245,12.669849,-53.429907,0
2023-07-07,sz.300570,50.3874604600,51.6041756800,46.4089948200,49.1321193600,50.1750181200,23559000,1193703754.1400,2,12.167400,1,-2.078500,63.201309,8.742669,12.406503,-52.319355,0
2023-07-10,sz.300570,48.8006018500,49.2393685000,46.6652708200,47.4257996800,49.1321144300,16947655,827051233.8000,2,8.752900,1,-3.472900,60.418862,8.357772,11.860305,-50.015987,0
2023-07-11,sz.300570,47.6695589300,48.2058292800,45.6317316000,46.2460049100,47.4257996800,18553437,890173950.0300,2,9.582200,1,-2.487700,58.915843,8.149859,11.565260,-48.771757,0
2023-07-12,sz.300570,46.4020108300,46.4800137900,42.8723768900,42.9406294800,46.2460049100,20934500,947177874.1200,2,10.811900,1,-7.147400,54.704907,7.567358,10.738648,-45.285856,0
2023-07-13,sz.300570,43.8376635200,46.0217464000,42.2191021000,44.8614523700,42.9406294800,25183970,1139023951.9000,2,13.006600,1,4.473200,57.151970,7.905861,11.219010,-47.311586,0
2023-07-14,sz.300570,46.0704982500,48.6348455600,45.3977227200,46.8797789600,44.8614523700,27141236,1311764834.0000,2,14.017500,1,4.499000,59.723250,8.261548,11.723755,-49.440145,0
2023-07-17,sz.300570,45.5537286400,49.3076210900,45.5537286400,47.9718204000,46.8797789600,21795670,1069025357.3000,2,11.256700,1,2.329500,61.114474,8.453996,11.996854,-50.591829,0
2023-07-18,sz.300570,47.8255648500,48.3618352000,45.5439782700,45.5732293800,47.9718204000,16452600,783692872.0000,2,8.497200,1,-5.000000,58.058750,8.031296,11.397012,-48.062237,0
2023-07-19,sz.300570,45.6317316000,46.9772826600,44.3836842400,44.5981923800,45.5732293800,11529500,535752802.0000,2,5.954600,1,-2.139500,56.816586,7.859467,11.153173,-47.033948,0
2023-07-20,sz.300570,44.0814227700,44.7151968200,41.9753428500,42.2191021000,44.5981923800,15232579,671754205.7900,2,7.867100,1,-5.334500,53.785706,7.440204,10.558207,-44.524922,0
2023-07-21,sz.300570,42.4141095000,42.8821272600,39.9765170000,40.7272954900,42.2191021000,13810280,578960282.6800,2,7.132500,1,-3.533500,51.885194,7.177305,10.185134,-42.951640,0
2023-07-24,sz.300570,40.7370458600,42.5018628300,40.5907903100,41.7218332300,40.7272954900,11745249,501408756.9000,2,6.066000,1,2.441900,53.152202,7.352571,10.433850,-44.000495,0
2023-07-25,sz.300570,42.3361065400,43.2136398400,40.1812747700,41.1953132500,41.7218332300,14758305,628388468.6300,2,7.622100,1,-1.262000,52.481433,7.259783,10.302177,-43.445219,0
2023-07-26,sz.300570,41.2050636200,41.4293221300,39.3524933200,39.9765170000,41.1953132500,10646753,437645157.9800,2,5.498700,1,-2.958600,50.928728,7.044997,9.997379,-42.159857,0
2023-07-27,sz.300570,39.9960177400,40.2202762500,38.5627133500,39.1769866600,39.9765170000,8623762,348194843.8700,2,4.453900,1,-2.000000,49.910154,6.904097,9.797431,-41.316660,0
2023-07-28,sz.300570,39.1769866600,41.7218332300,38.7674711200,39.4889985000,39.1769866600,14767843,604960013.1400,2,7.627100,1,0.796400,50.307646,6.959082,9.875459,-41.645713,0
2023-07-31,sz.300570,38.2702022500,39.4889985000,37.5779259800,38.6894681600,39.4889985000,13391960,531687420.1600,2,6.916500,1,-2.024700,49.289072,6.818182,9.675512,-40.802516,0
2023-08-01,sz.300570,38.3482052100,40.1715244000,37.8411859700,39.4499970200,38.6894681600,21786438,877087359.5800,2,11.251900,1,1.965700,50.257960,6.952209,9.865706,-41.604581,0
2023-08-02,sz.300570,38.9039763000,39.6840059000,37.8411859700,39.2549896200,39.4499970200,14202719,565678790.0300,2,7.335200,1,-0.494300,50.009527,6.917843,9.816938,-41.398923,0
2023-08-03,sz.300570,38.2507015100,39.8790133000,37.7924341200,38.5139615000,39.2549896200,11579780,460582444.2000,2,5.980500,1,-1.887700,49.065482,6.787253,9.631621,-40.617423,0
2023-08-04,sz.300570,38.0459437400,40.3860325400,38.0459437400,39.9082644100,38.5139615000,21387522,860342717.8800,2,11.045900,1,3.620300,50.841777,7.032969,9.980310,-42.087877,0
2023-08-07,sz.300570,41.9265910000,46.6750211900,41.2830665800,44.5201894200,39.9082644100,40818094,1848416183.8000,2,21.081100,1,11.556300,56.717213,7.845721,11.133666,-46.951685,0
2023-08-08,sz.300570,43.9449175900,46.1972530600,42.7651228200,42.7943739300,44.5201894200,30747313,1402063792.3300,2,15.879900,1,-3.876500,54.518582,7.541583,10.702072,-45.131613,0
2023-08-09,sz.300570,41.9363413700,42.8723768900,39.7717592300,39.9375155200,42.7943739300,22331219,941726498.3800,2,11.533300,1,-6.675800,50.879042,7.038124,9.987625,-42.118726,0
2023-08-10,sz.300570,39.6547547900,41.2928169500,38.4749600200,38.6212155700,39.9375155200,19272962,782948766.4100,2,9.953800,1,-3.295900,49.202120,6.806154,9.658443,-40.730535,0
2023-08-11,sz.300570,39.2939911000,39.8790133000,37.7436822700,37.9874415200,38.6212155700,15167759,604944151.1300,2,7.833600,1,-1.641000,48.394713,6.694465,9.499948,-40.062147,0
2023-08-14,sz.300570,37.6949304200,38.7577207500,37.0514060000,38.6114652000,37.9874415200,14169446,550418107.3900,2,7.318000,1,1.642700,49.189698,6.804436,9.656005,-40.720252,0
2023-08-15,sz.300570,40.1325229200,41.7315836000,38.9429777800,39.2159881400,38.6114652000,23386247,961989322.5600,2,12.078200,1,1.565700,49.959840,6.910970,9.807185,-41.357792,0
2023-08-16,sz.300570,39.2257385100,39.6352540500,37.3634178400,38.0556941100,39.2159881400,16287203,638150275.0800,2,8.411800,1,-2.958700,48.481665,6.706493,9.517017,-40.134128,0
2023-08-17,sz.300570,37.2464134000,39.3622436900,37.2464134000,37.8411859700,38.0556941100,17776429,698718506.6200,2,9.180900,1,-0.563700,48.208389,6.668691,9.463372,-39.907904,0
2023-08-18,sz.300570,36.9149008200,37.0806571100,34.1360453700,34.1457957400,37.8411859700,27033079,977989211.6600,2,13.945400,1,-9.765500,51.461635,6.182448,9.499991,187.505671,0
2023-08-21,sz.300570,34.1457957400,35.6863542000,34.0775431500,35.0135786700,34.1457957400,16168678,579228509.3200,2,8.340800,1,2.541400,52.769484,6.339570,9.741424,192.270949,0
2023-08-22,sz.300570,36.2713764000,36.5443867600,34.0775431500,36.1738727000,35.0135786700,20927100,753793367.0000,2,10.795500,1,3.313800,54.518180,6.549653,10.064239,198.642501,0
2023-08-23,sz.300570,35.1598342200,35.4328445800,33.9312876000,34.0482920400,36.1738727000,14299600,503912863.2000,2,7.376600,1,-5.876000,51.314686,6.164794,9.472863,186.970247,0
2023-08-24,sz.300570,35.0428297800,35.2963394000,34.0287913000,34.1457957400,34.0482920400,15541088,551454832.4500,2,8.017100,1,0.286400,51.461635,6.182448,9.499991,187.505671,0
2023-08-25,sz.300570,33.0342535600,33.9117868600,32.0202150800,32.2542239600,34.1457957400,17559931,589664462.6500,2,9.058500,1,-5.539700,48.610819,5.839960,8.973721,177.118435,0
2023-08-28,sz.300570,34.2237987000,34.2237987000,32.0982180400,32.1079684100,32.2542239600,12928463,436749747.8300,2,6.669300,1,-0.453400,48.390395,5.813479,8.933030,176.315298,0
2023-08-29,sz.300570,31.5814484300,33.9800394500,31.5814484300,33.5022713200,32.1079684100,16661074,563489377.0400,2,8.594800,1,4.342500,50.491770,6.065932,9.320950,183.971869,0
2023-08-30,sz.300570,33.6387765000,34.5943127600,33.0830054100,34.0580424100,33.5022713200,15874057,551310292.5000,2,8.188800,1,1.658900,51.329381,6.166560,9.475576,187.023789,0
2023-08-31,sz.300570,33.6777779800,34.5553112800,33.4925209500,33.5997750200,34.0580424100,14162250,493470744.2700,2,7.305800,1,-1.345500,50.638719,6.083586,9.348078,184.507294,0
2023-09-01,sz.300570,33.4632698400,34.3213024000,33.0537543000,33.3755165100,33.5997750200,11045519,380739506.5400,2,5.698000,1,-0.667400,50.300736,6.042981,9.285685,183.275817,0
2023-09-04,sz.300570,33.6387765000,34.0092905600,33.1122565200,33.9897898200,33.3755165100,8742816,301828192.3500,2,4.510100,1,1.840500,51.226516,6.154202,9.456587,186.648992,0
2023-09-05,sz.300570,33.8045327900,33.9215372300,32.8587469000,33.7362802000,33.9897898200,12203032,418949880.9700,2,6.295100,1,-0.745800,50.844448,6.108301,9.386056,185.256888,0
2023-09-06,sz.300570,33.6192757600,34.5943127600,33.0147528200,34.4870586900,33.7362802000,15688103,547080368.6600,2,8.092900,1,2.225400,51.975958,6.244238,9.594936,189.379657,0
2023-09-07,sz.300570,34.1165446300,34.3993053600,32.8099950500,32.8684972700,34.4870586900,13464414,458796056.7200,2,6.945800,1,-4.693200,49.536600,5.951180,9.144623,180.491610,0
2023-09-08,sz.300570,32.3907291400,32.9562506000,31.8544587900,32.1567202600,32.8684972700,9702556,321551228.5200,2,5.005200,1,-2.165500,48.463870,5.822306,8.946593,176.583011,0
2023-09-11,sz.300570,31.9422121200,35.1013320000,31.9422121200,34.0482920400,32.1567202600,20652559,712878139.8800,2,10.653900,1,5.882400,51.314686,6.164794,9.472863,186.970247,0
2023-09-12,sz.300570,33.8922861200,36.4761341700,33.5022713200,35.5108475400,34.0482920400,31718525,1143329345.4100,2,16.362400,1,4.295500,53.518925,6.429605,9.879773,195.001615,0
2023-09-13,sz.300570,34.6528149800,34.6528149800,32.4687321000,33.1122565200,35.5108475400,22015206,752442206.2500,2,11.356800,1,-6.754500,49.903973,5.995316,9.212441,181.830171,0
2023-09-14,sz.300570,32.9855017100,34.1945475900,32.6637395000,32.7612432000,33.1122565200,14302988,488850671.4400,2,7.378400,1,-1.060100,49.374955,5.931761,9.114783,179.902643,0
2023-09-15,sz.300570,33.3170142900,33.6875283500,31.4936951000,31.6789521300,32.7612432000,14604758,484161292.4700,2,7.534100,1,-3.303600,47.743819,5.735801,8.813669,173.959430,0
2023-09-18,sz.300570,31.6399506500,32.1567202600,30.6746640200,30.7624173500,31.6789521300,12287886,394627905.1700,2,6.338900,1,-2.893200,46.362495,5.569853,8.558672,168.926440,0
2023-09-19,sz.300570,30.7819180900,31.2011840000,29.8458825700,30.2163966300,30.7624173500,9550007,297337440.8800,2,4.926500,1,-1.775000,45.539579,5.470990,8.406759,165.928062,0
2023-09-20,sz.300570,30.5186581000,32.2347232200,30.2748988500,30.7136655000,30.2163966300,16404756,528523742.1300,2,8.462600,1,1.645700,46.289021,5.561026,8.545109,168.658728,0
2023-09-21,sz.300570,30.4406551400,33.4925209500,30.3334010700,31.8544587900,30.7136655000,24158250,799070497.8500,2,12.462400,1,3.714300,48.008327,5.767578,8.862499,174.923195,0
2023-09-22,sz.300570,31.6984528700,38.2214504000,31.6984528700,38.2214504000,31.8544587900,31323997,1143532236.1200,2,16.158900,1,19.987800,57.604115,6.920388,10.633913,209.886417,0
2023-09-25,sz.300570,40.5907903100,41.8875895200,40.3762821700,41.5268258300,38.2214504000,51084386,2153624975.3900,2,26.352600,1,8.648000,62.585695,7.518860,11.553530,228.037308,0
2023-09-26,sz.300570,41.4390725000,44.9882071800,40.7857977100,41.2440651000,41.5268258300,57439388,2485738873.1600,2,29.630900,1,-0.680900,62.159542,7.467663,11.474860,226.484577,0
2023-09-27,sz.300570,40.3957829100,41.7120828600,40.1227725500,40.2007755100,41.2440651000,35214380,1473654917.8100,2,18.165800,1,-2.529600,60.587185,7.278765,11.184598,220.755535,0
2023-09-28,sz.300570,40.6980443800,43.6524064900,40.3860325400,42.7358717100,40.2007755100,40843180,1752536293.5100,2,21.069500,1,6.306100,64.407866,7.737770,11.889908,234.676572,0
2023-10-09,sz.300570,40.4640355000,42.2776043200,39.7815096000,40.6590429000,42.7358717100,32846667,1378814827.1200,2,16.944400,1,-4.859700,61.277846,7.361739,11.312096,223.272030,0
2023-10-10,sz.300570,40.8540503000,42.9601302200,40.7662969700,41.1758125100,40.6590429000,32881937,1402547089.8700,2,16.962600,1,1.271000,62.056678,7.455306,11.455871,226.109780,0
2023-10-11,sz.300570,40.8540503000,44.4226857200,40.4932866100,43.3793961300,41.1758125100,42326868,1846862060.8700,2,21.834900,1,5.351600,65.377731,7.854287,12.068949,238.210374,0
2023-10-12,sz.300570,44.3641835000,45.2222160600,40.8540503000,41.2050636200,43.3793961300,32130725,1386124453.2000,2,16.575100,1,-5.012400,62.100762,7.460602,11.464009,226.270407,0
2023-10-13,sz.300570,40.0155184800,40.7272954900,38.5139615000,38.8747251900,41.2050636200,30445913,1229981678.3500,2,15.705900,1,-5.655500,58.588675,7.038670,10.815666,213.473761,0
2023-10-16,sz.300570,38.3872066900,39.4499970200,37.6851800500,38.3969570600,38.8747251900,18839846,744137249.7600,2,9.718800,1,-1.229000,57.868623,6.952165,10.682742,210.850181,0
2023-10-17,sz.300570,38.2897029900,39.1379851800,36.5248860200,37.7241815300,38.3969570600,22207985,857775194.9400,2,11.456300,1,-1.752200,56.854673,6.830352,10.495564,207.155751,0
2023-10-18,sz.300570,35.5986008700,36.4078815800,34.6333142400,35.8423601200,37.7241815300,20110147,734837981.9900,2,10.374100,1,-4.988400,54.018552,6.489629,9.972006,196.822058,0
2023-10-19,sz.300570,35.2963394000,35.9593645600,34.3213024000,34.6430646100,35.8423601200,17375276,624224948.6500,2,8.963300,1,-3.346000,52.211076,6.272484,9.638340,190.236336,0
2023-10-20,sz.300570,33.9410379700,34.8575727500,32.3029758100,32.4784824700,34.6430646100,16227352,552361324.5400,2,8.371100,1,-6.248200,48.948803,5.880564,9.036113,178.349912,0
2023-10-23,sz.300570,32.0884676700,32.5369846900,30.5479092100,30.9769254900,32.4784824700,13499888,433389838.5000,2,6.964100,1,-4.623200,46.685784,5.608692,8.618353,170.104374,0
2023-10-24,sz.300570,31.7179536100,32.4979832100,30.9184232700,31.6399506500,30.9769254900,17180758,560733307.5500,2,8.862900,1,2.140400,47.685039,5.728739,8.802818,173.745261,0
2023-10-25,sz.300570,31.3279388100,32.1469698900,30.7721677200,30.9379240100,31.6399506500,14510678,465835937.6400,2,7.485500,1,-2.218800,46.627004,5.601630,8.607502,169.890204,0
2023-10-26,sz.300570,30.1091425600,33.4145179900,30.1091425600,32.9855017100,30.9379240100,26889923,889884928.0100,2,13.871500,1,6.618300,57.876167,5.824116,9.121892,-95.803480,0
2023-10-27,sz.300570,33.1317572600,33.7265298300,31.2011840000,31.6789521300,32.9855017100,22051482,729951576.8500,2,11.375500,1,-3.961000,55.583703,5.593424,8.760575,-92.008722,0
2023-10-30,sz.300570,30.9574247500,32.1469698900,30.8111692000,32.1372195200,31.6789521300,16383019,528650248.3800,2,8.451400,1,1.446600,56.387776,5.674339,8.887306,-93.339719,0
2023-10-31,sz.300570,32.1372195200,32.1372195200,30.4991573600,30.8306699400,32.1372195200,14327648,456395427.6100,2,7.391100,1,-4.065500,54.095312,5.443646,8.525989,-89.544961,0
2023-11-01,sz.300570,30.6356625400,31.6399506500,30.5479092100,30.9086729000,30.8306699400,9473099,301772175.8100,2,4.886800,1,0.253000,54.232176,5.457419,8.547560,-89.771514,0
2023-11-02,sz.300570,31.4936951000,31.7959565700,30.0896418200,30.1578944100,30.9086729000,14010997,447624634.7600,2,7.227800,1,-2.429000,52.914864,5.324857,8.339938,-87.590944,0
2023-11-03,sz.300570,29.9433862700,31.9812136000,29.9433862700,31.3376891800,30.1578944100,17238384,551570931.3600,2,8.892600,1,3.912100,54.984925,5.533169,8.666202,-91.017554,0
2023-11-06,sz.300570,31.2401854800,32.4199802500,31.2304351100,32.4199802500,31.3376891800,17757960,582614182.8700,2,9.160700,1,3.453600,56.883907,5.724264,8.965501,-94.160973,0
2023-11-07,sz.300570,32.0787173000,37.5389245000,31.5326965800,35.9593645600,32.4199802500,38218659,1338073130.0500,2,19.715600,1,10.917300,63.094090,6.349199,9.944291,-104.440802,0
2023-11-08,sz.300570,34.9160749700,35.5888505000,34.4675579500,35.0915816300,35.9593645600,26254352,941059467.9100,2,13.543700,1,-2.413200,61.571483,6.195978,9.704312,-101.920403,0
2023-11-09,sz.300570,35.1208327400,36.6418904600,35.0623305200,35.7643571600,35.0915816300,25458524,934991382.1300,2,13.133100,1,1.917200,62.751931,6.314767,9.890363,-103.874421,0
2023-11-10,sz.300570,34.8770734900,36.9831534100,34.8380720100,35.2085860700,35.7643571600,21128467,779009683.2300,2,10.899400,1,-1.554000,61.776778,6.216637,9.736669,-102.260233,0
2023-11-13,sz.300570,35.5888505000,38.7967222300,35.5010971700,37.1294089600,35.2085860700,28190911,1072022514.7600,2,14.542700,1,5.455600,65.147043,6.555789,10.267858,-107.839093,0
2023-11-14,sz.300570,36.5736378700,37.4219200600,36.1153704800,37.3244163600,37.1294089600,21544539,813238922.7500,2,11.114000,1,0.525200,65.489201,6.590221,10.321786,-108.405475,0
2023-11-15,sz.300570,37.3829185800,37.8314356000,35.5595993900,35.8813616000,37.3244163600,20278623,752924022.7400,2,10.461000,1,-3.866200,62.957226,6.335426,9.922720,-104.214250,0
2023-11-16,sz.300570,35.3743423600,36.2226245500,35.2280868100,35.2280868100,35.8813616000,11213246,409776870.6300,2,5.784500,1,-1.820700,61.810994,6.220080,9.742062,-102.316871,0
2023-11-17,sz.300570,35.1013320000,37.3439171000,34.9550764500,36.7588949000,35.2280868100,21778106,806633212.2400,2,11.234500,1,4.345400,64.496941,6.490369,10.165395,-106.762968,0
2023-11-20,sz.300570,36.3201282500,36.8466482300,35.6376023500,36.2518756600,36.7588949000,15018386,557600003.3600,2,7.747400,1,-1.379300,63.607328,6.400847,10.025183,-105.290375,0
2023-11-21,sz.300570,36.4663838000,37.5876763500,35.8911119700,36.1933734400,36.2518756600,17705799,668795576.0900,2,9.133800,1,-0.161400,63.504680,6.390517,10.009004,-105.120461,0
2023-11-22,sz.300570,35.5986008700,35.9301134500,34.6430646100,34.6430646100,36.1933734400,14602174,526408826.2500,2,7.532700,1,-4.283400,60.784517,6.116785,9.580278,-100.617725,0
2023-11-23,sz.300570,34.4870586900,35.3450912500,33.8532846400,35.0623305200,34.6430646100,10590300,376151653.1400,2,5.463100,1,1.210200,61.520159,6.190813,9.696223,-101.835446,0
2023-11-24,sz.300570,34.8965742300,35.0915816300,33.1902594800,33.3072639200,35.0623305200,10955740,380121507.3200,2,5.651700,1,-5.005600,58.440729,5.880928,9.210873,-96.738010,0
2023-11-27,sz.300570,33.3462654000,34.6723157200,32.9855017100,34.3993053600,33.3072639200,11481147,399650388.9000,2,5.922700,1,3.278700,60.356819,6.073746,9.512868,-99.909748,0
2023-11-28,sz.300570,33.7850320500,34.3700542500,33.1122565200,33.7460305700,34.3993053600,9395200,323637309.0900,2,4.846600,1,-1.899100,59.210587,5.958400,9.332210,-98.012369,0
2023-11-29,sz.300570,33.5315224300,33.9800394500,32.9465002300,33.1025061500,33.7460305700,7228117,247802396.2300,2,3.728700,1,-1.907000,58.081463,5.844775,9.154248,-96.143309,0
2023-11-30,sz.300570,33.3755165100,34.0190409300,33.0050024500,33.7167794600,33.1025061500,11401250,392760575.7500,2,5.881500,1,1.855700,59.159263,5.953235,9.324121,-97.927412,0
2023-12-01,sz.300570,33.3267646600,35.9983660400,32.9757513400,35.4523453200,33.7167794600,21594226,770950596.2600,2,11.139700,1,5.147500,62.204477,6.259677,9.804079,-102.968210,0
2023-12-04,sz.300570,35.2768386600,36.9246511900,35.2670882900,35.8911119700,35.4523453200,20428384,757440048.6100,2,10.538300,1,1.237600,62.974334,6.337148,9.925416,-104.242569,0
2023-12-05,sz.300570,35.5888505000,36.2713764000,34.7210675700,34.7308179400,35.8911119700,14287275,519219858.7000,2,7.370300,1,-3.232800,60.938489,6.132280,9.604546,-100.872597,0
2023-12-06,sz.300570,34.1750468500,34.6138135000,33.4145179900,33.5022713200,34.7308179400,12500405,434240726.4000,2,6.448500,1,-3.537300,58.782888,5.915360,9.264800,-97.304392,0
2023-12-07,sz.300570,33.8337839000,40.2007755100,33.8337839000,37.1391593300,33.5022713200,44704129,1727136954.5900,2,23.061200,1,10.855600,65.164151,6.557511,10.270554,-107.867412,0
2023-12-08,sz.300570,37.8021844900,42.9016280000,37.3634178400,41.5268258300,37.1391593300,52697535,2150996460.0700,2,27.184700,1,11.814100,72.862724,7.332223,11.483930,-120.611003,0
2023-12-11,sz.300570,39.9765170000,42.9016280000,39.8790133000,41.6438302700,41.5268258300,35645349,1506192964.0600,2,18.388100,1,0.281800,73.068020,7.352882,11.516287,-120.950832,0
2023-12-12,sz.300570,41.4293221300,42.2386028400,39.4012451700,40.4250340200,41.6438302700,24009875,997268289.4800,2,12.385800,1,-2.926700,70.929527,7.137684,11.179238,-117.410945,0
2023-12-13,sz.300570,40.5810399400,41.4878243500,39.7522584900,39.8887636700,40.4250340200,21874244,912066466.1700,2,11.284100,1,-1.326600,69.988590,7.042997,11.030937,-115.853396,0
2023-12-14,sz.300570,40.0350192200,40.5225377200,38.5237118700,38.8844755600,39.8887636700,18342694,742021157.2900,2,9.462300,1,-2.517700,68.226472,6.865674,10.753208,-112.936529,0
2023-12-15,sz.300570,38.7089689000,39.2354888800,37.0514060000,38.0166926300,38.8844755600,13703828,534065569.1000,2,7.069300,1,-2.231700,66.703865,6.712453,10.513230,-110.416130,0
2023-12-18,sz.300570,37.6461785700,39.1087340700,37.2951652500,38.2799526200,38.0166926300,15203373,598072692.3300,2,7.842900,1,0.692500,67.165780,6.758936,10.586032,-111.180746,0
2023-12-19,sz.300570,38.4749600200,38.6114652000,36.8271474900,37.9094385600,38.2799526200,12519763,482963998.1500,2,6.458500,1,-0.967900,66.515678,6.693516,10.483569,-110.104620,0
2023-12-20,sz.300570,37.9191889300,37.9484400400,36.2421252900,36.4176319500,37.9094385600,11616541,437641999.2900,2,5.992500,1,-3.935200,63.898163,6.430114,10.071021,-105.771800,0
2023-12-21,sz.300570,36.5931386100,38.6114652000,35.3450912500,37.8119348600,36.4176319500,17704173,673633044.3800,2,9.132900,1,3.828600,66.344599,6.676300,10.456605,-109.821429,0
2023-12-22,sz.300570,37.5291741300,38.2117000300,35.2963394000,35.5693497600,37.8119348600,18931230,715062185.1800,2,9.765900,1,-5.930900,62.409772,6.280336,9.836435,-103.308039,0
2023-12-25,sz.300570,36.1738727000,36.5151356500,34.7893201600,35.8911119700,35.5693497600,10414443,382458006.8300,2,5.372400,1,0.904600,62.974334,6.337148,9.925416,-104.242569,0
2023-12-26,sz.300570,35.3743423600,35.8911119700,33.6972787200,33.9605387100,35.8911119700,11877623,418345828.8200,2,6.127200,1,-5.379000,59.586962,5.996275,9.391531,-98.635389,0
2023-12-27,sz.300570,34.5163098000,34.6138135000,33.9117868600,34.3310527700,33.9605387100,9624700,338583598.0000,2,4.965000,1,1.091000,60.237063,6.061695,9.493994,-99.711514,0
2023-12-28,sz.300570,34.1067942600,35.7351060500,33.7557809400,35.3353408800,34.3310527700,11901938,427770699.1600,2,6.139800,1,2.925300,61.999181,6.239018,9.771722,-102.628381,0
2023-12-29,sz.300570,35.4328445800,39.7912599700,35.2768386600,38.0751948500,35.3353408800,24235480,946560723.7900,2,12.502200,1,7.753900,66.806513,6.722783,10.529408,-110.586045,0
2024-01-02,sz.300570,37.5389245000,38.2117000300,36.9344015600,36.9831534100,38.0751948500,14636881,561022384.0300,2,7.550600,1,-2.868100,64.890424,6.529965,10.227412,-107.414307,0
2024-01-03,sz.300570,37.1196585900,38.7869718600,36.6613912000,37.9386896700,36.9831534100,22401239,866497482.6200,2,11.556000,1,2.583700,66.567002,6.698681,10.491658,-110.189578,0
2024-01-04,sz.300570,37.3536674700,39.9765170000,37.3536674700,39.0794829600,37.9386896700,26020299,1035390789.8000,2,13.422900,1,3.006900,68.568631,6.900106,10.807136,-113.502911,0
2024-01-05,sz.300570,38.3287044700,38.6114652000,34.6138135000,35.0233290400,39.0794829600,24781657,914823195.2800,2,12.783900,1,-10.379200,61.451727,6.183927,9.685437,-101.722170,0
2024-01-08,sz.300570,34.7308179400,34.9745771900,33.2877631800,33.3365150300,35.0233290400,11946132,415992064.4800,2,6.162600,1,-4.816300,58.492053,5.886093,9.218962,-96.822967,0
2024-01-09,sz.300570,34.1165446300,34.8770734900,33.6875283500,34.0872935200,33.3365150300,10554896,370830009.7800,2,5.444900,1,2.252100,59.809365,6.018655,9.426584,-99.003537,0
2024-01-10,sz.300570,33.6387765000,35.2963394000,33.4730202100,34.4870586900,34.0872935200,12224354,433729746.3800,2,6.306100,1,1.172800,60.510790,6.089240,9.537136,-100.164620,0
2024-01-11,sz.300570,34.1262950000,35.5693497600,34.1262950000,35.3743423600,34.4870586900,14018448,504563581.9100,2,7.231600,1,2.572800,62.067613,6.245904,9.782508,-102.741657,0
2024-01-12,sz.300570,34.9745771900,35.1988357000,33.1610083700,33.3267646600,35.3743423600,14519258,505691390.7100,2,7.490000,1,-5.788300,58.474945,5.884372,9.216265,-96.794648,0
2024-01-15,sz.300570,32.7904943100,34.0872935200,32.4979832100,33.6387765000,33.3267646600,10880377,375023403.4100,2,5.612800,1,0.936200,59.022399,5.939462,9.302550,-97.700859,0
2024-01-16,sz.300570,33.2975135500,33.7752816800,31.7374543500,32.5369846900,33.6387765000,13259713,440650025.5300,2,6.840200,1,-3.275400,57.089202,5.744923,8.997858,-94.500802,0
2024-01-17,sz.300570,32.7904943100,33.2975135500,32.0689669300,32.0787173000,32.5369846900,10142833,340787590.5900,2,5.232300,1,-1.408500,56.285129,5.664009,8.871127,-93.169805,0
2024-01-18,sz.300570,31.3961914000,34.8088209000,31.0256773400,34.4968090600,32.0787173000,22341576,762076414.4400,2,11.525200,1,7.538000,60.527898,6.090962,9.539832,-100.192939,0
2024-01-19,sz.300570,34.3115520300,35.8618608600,34.3115520300,34.5065594300,34.4968090600,21703746,780654185.2500,2,11.196200,1,0.028300,60.545006,6.092683,9.542529,-100.221258,0
2024-01-22,sz.300570,35.7448564200,36.4761341700,34.2823009200,34.8088209000,34.5065594300,27456278,997727720.8000,2,14.163700,1,0.876000,61.075352,6.146052,9.626117,-101.099150,0
2024-01-23,sz.300570,34.1262950000,37.4511711700,34.1262950000,36.3298786200,34.8088209000,22838957,847822621.8500,2,11.781800,1,4.369700,63.744191,6.414619,10.046754,-105.516928,0
2024-01-24,sz.300570,35.8033586400,36.0763690000,34.1360453700,35.7351060500,36.3298786200,18182575,658171222.1000,2,9.379700,1,-1.637100,62.700607,6.309603,9.882274,-103.789463,0
2024-01-25,sz.300570,35.4620956900,37.9776911500,34.6430646100,37.1879111800,35.7351060500,21998074,832025367.4200,2,11.348000,1,4.065500,65.249690,6.566119,10.284036,-108.009008,0
2024-01-26,sz.300570,36.2811267700,37.1391593300,35.6083512400,35.7351060500,37.1879111800,15183059,565496637.5200,2,7.832400,1,-3.906700,62.700607,6.309603,9.882274,-103.789463,0
2024-01-29,sz.300570,35.2963394000,36.1251208500,31.0354277100,31.0451780800,35.7351060500,17605889,582743972.2600,2,9.082200,1,-13.124100,54.471687,5.481521,8.585310,-90.167981,0
2024-01-30,sz.300570,30.2553981100,31.8349580500,29.7386285000,30.0701410800,31.0451780800,10409676,327628958.7400,2,5.370000,1,-3.140700,52.760893,5.309363,8.315671,-87.336072,0
2024-01-31,sz.300570,29.7873803500,31.1621825200,29.4558677700,29.6996270200,30.0701410800,10733264,332892850.5400,2,5.536900,1,-1.232200,52.110791,5.243943,8.213208,-86.259947,0
2024-02-01,sz.300570,29.0463522300,31.9812136000,27.8568070900,30.9379240100,29.6996270200,18512045,579139368.7800,2,9.549700,1,4.169400,54.283500,5.462584,8.555650,-89.856471,0
2024-02-02,sz.300570,30.3724025500,31.2986877000,28.2955737400,29.2706107400,30.9379240100,14661675,448274904.2000,2,7.563400,1,-5.389200,51.358041,5.168193,8.094567,-85.013907,0
2024-02-05,sz.300570,28.9585989000,29.0171011200,25.7507271700,26.7160138000,29.2706107400,14020786,395101630.8200,2,7.232800,1,-8.727500,46.875761,4.717138,7.388112,-77.594305,0
2024-02-06,sz.300570,26.1992441900,29.7386285000,26.0432382700,29.5241203600,26.7160138000,14702095,425742686.9800,2,7.584300,1,10.510900,51.802848,5.212954,8.164673,-85.750203,0
2024-02-07,sz.300570,29.5241203600,30.8891721600,28.5685841000,28.9488485300,29.5241203600,13951139,425628323.2600,2,7.196900,1,-1.948500,50.793479,5.111381,8.005586,-84.079377,0
2024-02-08,sz.300570,29.5728722100,31.5619476900,29.1731070400,31.2986877000,28.9488485300,18385802,578550660.4800,2,9.484600,1,8.117200,54.916493,5.526282,8.655416,-90.904278,0
2024-02-19,sz.300570,32.8392461600,37.5584252400,32.4199802500,36.6808919400,31.2986877000,27345269,978265475.0200,2,14.106400,1,17.196300,64.360077,6.476596,10.143824,-106.536415,0
2024-02-20,sz.300570,35.2378371800,38.8747251900,35.0135786700,37.4414208000,36.6808919400,27564841,1051834051.1300,2,14.219700,1,2.073400,65.694497,6.610880,10.354142,-108.745304,0
2024-02-21,sz.300570,35.8618608600,38.0264430000,35.7741075300,36.4761341700,37.4414208000,18639029,702382448.1000,2,9.615200,1,-2.578100,64.000811,6.440443,10.087200,-105.941714,0
2024-02-22,sz.300570,38.0264430000,38.4262081700,36.5638875000,37.5876763500,36.4761341700,19421902,746957507.9600,2,10.030700,1,3.047300,65.951116,6.636704,10.394588,-109.170090,0
2024-02-23,sz.300570,38.6894681600,41.4683236100,37.5291741300,38.0459437400,37.5876763500,26303801,1058146885.1800,2,13.585000,1,1.219200,66.755189,6.717618,10.521319,-110.501088,0
2024-02-26,sz.300570,37.2171622900,39.6255036800,36.7588949000,37.5389245000,38.0459437400,20573179,797700364.4900,2,10.625300,1,-1.332600,65.865576,6.628096,10.381106,-109.028495,0
2024-02-27,sz.300570,37.1294089600,40.2397769900,36.8076467500,39.9180147800,37.5389245000,26028415,1030690251.3200,2,13.442700,1,6.337700,70.039914,7.048162,11.039026,-115.938353,0
2024-02-28,sz.300570,39.1769866600,39.9375155200,36.2713764000,36.3103778800,39.9180147800,21871602,863631253.2700,2,11.295900,1,-9.037600,63.709976,6.411176,10.041361,-105.460290,0
2024-02-29,sz.300570,36.0666186300,38.9917296300,35.8131090100,38.3189541000,36.3103778800,16523460,642269015.8200,2,8.533800,1,5.531700,67.234212,6.765822,10.596818,-111.294022,0
2024-03-01,sz.300570,38.9039763000,43.8766650000,38.7089689000,41.7120828600,38.3189541000,29054756,1239091498.8400,2,15.005700,1,8.855000,73.187775,7.364933,11.535162,-121.149065,0
2024-03-04,sz.300570,41.9558421100,43.8766650000,40.0447695900,42.1801006200,41.7120828600,28858966,1239217716.5900,2,14.904600,1,1.122000,74.008957,7.447569,11.664589,-122.508382,0
2024-03-05,sz.300570,41.1270606600,44.6566946000,40.8345495600,41.7803354500,42.1801006200,27686116,1210337223.3000,2,14.298900,1,-0.947800,73.307531,7.376984,11.554037,-121.347299,0
2024-03-06,sz.300570,40.7565466000,41.9070902600,39.9277651500,40.9320532600,41.7803354500,16465466,690224469.2600,2,8.503800,1,-2.030300,71.819140,7.227207,11.319451,-118.883538,0
2024-03-07,sz.300570,41.0393073300,41.7705850800,38.6309659400,38.8454740800,40.9320532600,17216286,708261669.6500,2,8.891600,1,-5.097700,68.158040,6.858788,10.742423,-112.823253,0
2024-03-08,sz.300570,39.7815096000,41.1953132500,38.7089689000,40.8052984500,38.8454740800,16699646,686291600.9700,2,8.624800,1,5.045200,71.596737,7.204826,11.284397,-118.515390,0
2024-03-11,sz.300570,39.2939911000,41.1075599200,38.8064726000,41.0490577000,40.8052984500,17795385,724421293.8300,2,9.190700,1,0.597400,72.024435,7.247866,11.351807,-119.223367,0
2024-03-12,sz.300570,40.9515540000,42.1410991400,39.7620088600,40.9320532600,41.0490577000,17205041,719789923.3300,2,8.885800,1,-0.285000,71.819140,7.227207,11.319451,-118.883538,0
2024-03-13,sz.300570,41.7803354500,41.9265910000,39.1282348100,39.5084992400,40.9320532600,18881306,781440839.3100,2,9.751500,1,-3.477800,69.321380,6.975855,10.925777,-114.748951,0
2024-03-14,sz.300570,38.8162229700,40.7857977100,38.7187192700,39.5475007200,39.5084992400,15194842,618341136.6900,2,7.847600,1,0.098700,69.389812,6.982742,10.936563,-114.862227,0
2024-03-15,sz.300570,39.0014800000,41.4585732400,38.3189541000,41.1368110300,39.5475007200,22644465,934142371.9300,2,11.695100,1,4.018700,72.178407,7.263360,11.376075,-119.478239,0
2024-03-18,sz.300570,40.9515540000,42.2678539500,40.5615392000,41.6048287900,41.1368110300,23081461,983378142.2500,2,11.920700,1,1.137700,72.999588,7.345996,11.505502,-120.837555,0
2024-03-19,sz.300570,40.7565466000,45.6317316000,40.1715244000,43.6621568600,41.6048287900,37700500,1662143020.2100,2,19.470900,1,4.944900,76.609364,7.709250,12.074440,-126.812883,0
2024-03-20,sz.300570,43.3306442800,44.1204242500,42.1313487700,42.6871198600,43.6621568600,24943981,1099407149.3400,2,12.882700,1,-2.233100,74.898569,7.537092,11.804801,-123.980974,0
2024-03-21,sz.300570,42.3653576500,44.2276783200,42.1801006200,43.0673842900,42.6871198600,20828994,924875468.9700,2,10.757400,1,0.890800,75.565779,7.604233,11.909960,-125.085419,0
2024-03-22,sz.300570,42.5506146800,43.6816576000,41.4683236100,42.6578687500,43.0673842900,19808988,865937373.1600,2,10.230600,1,-0.950900,74.847246,7.531927,11.796712,-123.896017,0
2024-03-25,sz.300570,42.1215984000,43.6816576000,41.2538154700,41.4195717600,42.6578687500,14754325,642396828.3400,2,7.620100,1,-2.902900,72.674537,7.313286,11.454270,-120.299493,0
2024-03-26,sz.300570,40.7077947500,41.6828317500,36.2713764000,37.8606867100,41.4195717600,25231415,1006323051.8400,2,13.109500,1,-8.592300,65.601214,6.601493,10.339440,-108.590891,0
2024-03-27,sz.300570,37.5584252400,38.1531978100,34.9258253400,35.0135786700,37.8606867100,16320730,603010348.4300,2,8.479700,1,-7.520000,60.668029,6.105063,9.561918,-100.424900,0
2024-03-28,sz.300570,34.9160749700,36.7003926800,34.9160749700,35.8813616000,35.0135786700,13273913,487616860.3000,2,6.896700,1,2.478400,62.171637,6.256372,9.798903,-102.913849,0
2024-03-29,sz.300570,36.2713764000,39.0014800000,36.1056201100,37.3439171000,35.8813616000,15043809,578081340.0700,2,7.816300,1,4.076100,56.089783,6.376050,9.831825,75.886508,0
2024-04-01,sz.300570,37.0904074800,38.7869718600,37.0904074800,38.5919644600,37.3439171000,12836725,501546596.7900,2,6.669600,1,3.342000,57.964324,6.589140,10.160408,78.422663,0
2024-04-02,sz.300570,38.1824489200,38.7089689000,37.0806571100,37.4219200600,38.5919644600,10011106,387633536.0200,2,5.201500,1,-3.031800,56.206942,6.389368,9.852361,76.045017,0
2024-04-03,sz.300570,37.0611563700,37.4901726500,35.6083512400,35.6376023500,37.4219200600,9156528,339185020.7800,2,4.757400,1,-4.768100,53.526934,6.084716,9.382590,72.419109,0
2024-04-08,sz.300570,35.5498490200,36.7881460100,35.3840927300,35.9691149300,35.6376023500,8411086,312073893.0800,2,4.370100,1,0.930200,54.024859,6.141318,9.469870,73.092775,0
2024-04-09,sz.300570,36.1348712200,36.5151356500,34.3993053600,35.0623305200,35.9691149300,11003398,394396904.7800,2,5.717000,1,-2.521000,52.662888,5.986495,9.231134,71.250100,0
2024-04-10,sz.300570,35.2378371800,35.3450912500,33.8142831600,33.9800394500,35.0623305200,8087463,284424989.1700,2,4.202000,1,-3.086800,51.037309,5.801706,8.946190,69.050778,0
2024-04-11,sz.300570,33.9507883400,34.7698194200,33.8922861200,34.0970438900,33.9800394500,7670055,270578425.2400,2,3.985100,1,0.344300,51.213048,5.821683,8.976995,69.288542,0
2024-04-12,sz.300570,34.4188061000,35.9301134500,34.3018016600,34.7893201600,34.0970438900,13500306,484725201.5000,2,7.014300,1,2.030300,52.252832,5.939882,9.159256,70.695316,0
2024-04-15,sz.300570,34.2335490700,35.3060897700,32.9562506000,33.4827705800,34.7893201600,11257804,392630340.2600,2,5.849200,1,-3.755600,50.290422,5.716803,8.815271,68.040279,0
2024-04-16,sz.300570,33.0342535600,33.5315224300,31.6009491700,31.6789521300,33.4827705800,10384187,344830848.9100,2,5.395300,1,-5.387300,47.581124,5.408822,8.340365,64.374742,0
2024-04-17,sz.300570,32.4297306200,38.0166926300,32.4297306200,37.8509363400,31.6789521300,30897491,1138826413.8600,2,16.053400,1,19.482900,56.851316,6.462618,9.965312,76.916821,0
2024-04-18,sz.300570,37.3926689500,40.4932866100,36.9344015600,38.9137266700,37.8509363400,29429350,1161570111.6800,2,15.290600,1,2.807800,58.447605,6.644077,10.245121,79.076515,0
2024-04-19,sz.300570,39.0112303700,39.4889985000,37.2659141400,38.3969570600,38.9137266700,15988997,627866566.0700,2,8.307400,1,-1.328000,57.671427,6.555845,10.109067,78.026388,0
2024-04-22,sz.300570,36.3688801000,37.5486748700,34.7113172000,37.2464134000,38.3969570600,13078758,487155255.6200,2,6.795300,1,-2.996400,55.943335,6.359402,9.806154,75.688371,0
2024-04-23,sz.300570,38.2019496600,39.3134918400,36.9344015600,38.9527281500,37.2464134000,19097203,747712563.1500,2,9.922300,1,4.581200,58.506184,6.650736,10.255389,79.155770,0
2024-04-24,sz.300570,39.8595125600,40.9515540000,38.2019496600,40.6980443800,38.9527281500,24032130,989274505.1300,2,12.486400,1,4.480600,61.127613,6.948729,10.714892,82.702424,0
2024-04-25,sz.300570,39.7815096000,40.5420384600,39.5084992400,39.7815096000,40.6980443800,14319669,586116734.2300,2,7.440100,1,-2.252000,59.750996,6.792241,10.473589,80.839935,0
2024-04-26,sz.300570,40.8540503000,42.0435954400,40.4445347600,41.5658273100,39.7815096000,21281482,902500248.2600,2,11.057200,1,4.485300,62.431004,7.096893,10.943360,84.465844,0
2024-04-29,sz.300570,40.9515540000,41.5658273100,38.8942259300,39.9667666300,41.5658273100,27713503,1135745870.2400,2,14.399100,1,-3.847100,58.854399,6.662690,10.140726,63.342934,0
2024-04-30,sz.300570,39.6547547900,40.1617740300,38.6309659400,38.6992185300,39.9667666300,15865530,639608631.3700,2,8.243200,1,-3.171500,56.987829,6.451383,9.819113,61.334009,0
2024-05-06,sz.300570,39.4012451700,39.5865022000,38.2409511400,38.3872066900,38.6992185300,13050900,517200365.0000,2,6.780800,1,-0.806200,56.528366,6.399369,9.739946,60.839505,0
2024-05-07,sz.300570,38.8747251900,39.0209807400,37.5584252400,38.9624785200,38.3872066900,15543244,612522610.0800,2,8.075800,1,1.498600,57.375501,6.495270,9.885909,61.751247,0
2024-05-08,sz.300570,38.5237118700,38.7479703800,36.7686452700,37.2464134000,38.9624785200,13963103,539340968.7600,2,7.254800,1,-4.404400,54.848452,6.209192,9.450494,59.031473,0
2024-05-09,sz.300570,36.8563986000,37.2171622900,36.5346363900,36.6711415700,37.2464134000,13607120,513531457.3800,2,7.069800,1,-1.544500,54.001316,6.113291,9.304531,58.119730,0
2024-05-10,sz.300570,36.5443867600,36.6613912000,35.5108475400,35.9886156700,36.6711415700,11459020,423245760.3000,2,5.953800,1,-1.861200,52.996240,5.999510,9.131354,57.038001,0
2024-05-13,sz.300570,36.0763690000,37.2074119200,35.9301134500,36.4858845400,35.9886156700,12619357,473816941.3000,2,6.556600,1,1.381700,53.728510,6.082407,9.257526,57.826118,0
2024-05-14,sz.300570,36.5833882400,37.0806571100,35.5205979100,36.2713764000,36.4858845400,10175432,378429753.7400,2,5.286800,1,-0.587900,53.412629,6.046648,9.203099,57.486146,0
2024-05-15,sz.300570,35.8813616000,36.7393941600,35.7351060500,35.8618608600,36.2713764000,7743028,287284997.3400,2,4.023000,1,-1.129000,52.809583,5.978379,9.099193,56.837109,0
2024-05-16,sz.300570,36.5151356500,37.0026541500,36.3688801000,36.9051504500,35.8618608600,13937182,525287849.5100,2,7.241300,1,2.909200,54.345914,6.152301,9.363906,58.490608,0
2024-05-17,sz.300570,36.0861193700,37.7144311600,36.0763690000,37.6169274600,36.9051504500,16176415,614243096.7100,2,8.404800,1,1.928700,55.394065,6.270959,9.544504,59.618697,0
2024-05-20,sz.300570,37.0514060000,37.8801874500,36.7686452700,37.7631830100,37.6169274600,12861800,493663289.0000,2,6.682600,1,0.388800,55.609439,6.295340,9.581613,59.850496,0
2024-05-21,sz.300570,37.6851800500,37.9289393000,36.2713764000,36.5541371300,37.7631830100,11013800,418257615.2800,2,5.722400,1,-3.201700,53.829018,6.093785,9.274843,57.934291,0
2024-05-22,sz.300570,36.3201282500,36.4761341700,35.8911119700,36.3591297300,36.5541371300,7841900,290904872.0000,2,4.074400,1,-0.533500,53.541853,6.061277,9.225364,57.625225,0
2024-05-23,sz.300570,36.9246511900,37.3146659900,36.1348712200,36.4371326900,36.3591297300,11629900,437970891.2900,2,6.042500,1,0.214500,53.656719,6.074280,9.245156,57.748852,0
2024-05-24,sz.300570,36.7491445300,37.4901726500,35.8521104900,35.9496141900,36.4371326900,14099400,532741039.0000,2,7.325600,1,-1.338000,52.938807,5.993008,9.121458,56.976188,0
2024-05-27,sz.300570,35.5108475400,36.0568682600,33.0927557800,33.7362802000,35.9496141900,16897840,587986725.2000,2,8.779600,1,-6.156800,49.679488,5.624032,8.559871,53.468297,0
2024-05-28,sz.300570,33.5900246500,34.0287913000,32.8782476400,33.1707587400,33.7362802000,9937220,339479502.2300,2,5.163100,1,-1.676300,48.846711,5.529757,8.416382,52.572008,0
2024-05-29,sz.300570,33.5315224300,33.5412728000,32.4979832100,32.7417424600,33.1707587400,9060208,305951758.5900,2,4.707400,1,-1.293400,48.214948,5.458237,8.307528,51.892064,0
2024-05-30,sz.300570,32.4979832100,33.0342535600,32.1372195200,32.8684972700,32.7417424600,6776608,227678991.9500,2,3.520900,1,0.387100,48.401605,5.479368,8.339690,52.092957,0
2024-05-31,sz.300570,32.8587469000,34.1165446300,32.6149876500,33.1610083700,32.8684972700,9370774,321544316.6500,2,4.868800,1,0.889900,48.832352,5.528131,8.413908,52.556555,0
2024-06-03,sz.300570,33.2487617000,34.3115520300,33.2390113300,33.9897898200,33.1610083700,12502751,434060826.2400,2,6.496000,1,2.499300,50.052802,5.666294,8.624194,53.870082,0
2024-06-04,sz.300570,33.6387765000,33.9897898200,32.8782476400,33.4047676200,33.9897898200,8202237,280518290.9000,2,4.261600,1,-1.721200,49.191308,5.568767,8.475757,52.942886,0
2024-06-05,sz.300570,33.3755165100,33.4242683600,32.4199802500,32.4687321000,33.4047676200,6334800,213908325.6300,2,3.291400,1,-2.802100,47.812918,5.412725,8.238258,51.459373,0
2024-06-06,sz.300570,32.9074987500,33.5802742800,32.1762210000,32.1859713700,32.4687321000,10504426,354966113.9600,2,5.457800,1,-0.870900,47.396529,5.365587,8.166513,51.011228,0
2024-06-07,sz.300570,32.4979832100,32.5954869100,31.0061766000,31.3766906600,32.1859713700,9774806,316147417.1500,2,5.078700,1,-2.514400,46.204796,5.230675,7.961175,49.728607,0
2024-06-11,sz.300570,31.0841795600,31.9812136000,30.7916684600,31.9617128600,31.3766906600,6153522,199251828.5500,2,3.197200,1,1.864500,47.066290,5.328202,8.109612,50.655803,0
2024-06-12,sz.300570,32.7807439400,32.8782476400,32.1859713700,32.4979832100,31.9617128600,6605000,219882208.6500,2,3.431800,1,1.677900,47.855992,5.417601,8.245680,51.505732,0
2024-06-13,sz.300570,32.8684972700,33.8337839000,32.6637395000,33.0830054100,32.4979832100,11369832,388190181.3200,2,5.907400,1,1.800200,48.717487,5.515128,8.394117,52.432928,0
2024-06-14,sz.300570,33.3852668800,34.9745771900,32.5662358000,34.5065594300,33.0830054100,18936640,661574854.4000,2,9.838900,1,4.303000,50.813789,5.752442,8.755313,54.689105,0
2024-06-17,sz.300570,33.9897898200,34.6625653500,33.8922861200,34.0287913000,34.5065594300,10846200,379565394.0000,2,5.635400,1,-1.384600,50.110235,5.672796,8.634090,53.931895,0
2024-06-18,sz.300570,34.0287913000,35.5498490200,33.9020364900,34.5163098000,34.0287913000,13029073,464960475.0100,2,6.769500,1,1.432700,50.828147,5.754068,8.757787,54.704558,0
2024-06-19,sz.300570,34.6040631300,34.8965742300,33.9410379700,34.3115520300,34.5163098000,10688850,376768635.0000,2,5.553600,1,-0.593200,50.526624,5.719934,8.705834,54.380040,0
2024-06-20,sz.300570,34.1165446300,34.5553112800,33.1317572600,33.1512580000,34.3115520300,8780770,303533542.0000,2,4.562200,1,-3.381600,48.817994,5.526506,8.411434,52.541101,0
2024-06-21,sz.300570,32.6637395000,33.8142831600,32.4687321000,33.1415076300,33.1512580000,7151900,242829679.7600,2,3.715900,1,-0.029400,48.803636,5.524880,8.408960,52.525648,0
2024-06-24,sz.300570,32.6539891300,33.1317572600,31.5814484300,31.6106995400,33.1415076300,7067853,234222374.9100,2,3.672200,1,-4.619000,46.549393,5.269686,8.020550,50.099485,0
2024-06-25,sz.300570,31.3571899200,32.1372195200,30.2553981100,30.4504055100,31.6106995400,8546400,270989502.5200,2,4.440400,1,-3.670600,44.840763,5.076258,7.726150,48.260547,0
2024-06-26,sz.300570,31.1816832600,31.9422121200,30.6064114300,31.8837099000,30.4504055100,8364857,267762002.0600,2,4.346100,1,4.707000,46.951424,5.315198,8.089821,50.532177,0
2024-06-27,sz.300570,32.0592165600,32.4979832100,31.3571899200,31.4449432500,31.8837099000,8097445,265171363.3500,2,4.207200,1,-1.376100,46.305303,5.242053,7.978493,49.836780,0
2024-06-28,sz.300570,31.0939299300,32.4297306200,31.0061766000,31.8447084200,31.4449432500,8306900,272892094.0000,2,4.316000,1,1.271300,46.893991,5.308697,8.079925,50.470364,0
2024-07-01,sz.300570,31.7179536100,32.4297306200,31.4449432500,32.2737247000,31.8447084200,7032750,230922742.5000,2,3.654000,1,1.347200,47.525753,5.380216,8.188779,51.150307,0
2024-07-02,sz.300570,32.6637395000,32.6734898700,31.5911988000,31.8057069400,32.2737247000,6694509,220395672.8700,2,3.478300,1,-1.450200,46.836558,5.302195,8.070029,50.408551,0
2024-07-03,sz.300570,31.6594513900,31.6594513900,30.7136655000,30.9671751200,31.8057069400,4779253,152513276.9400,2,2.483200,1,-2.636400,45.601750,5.162407,7.857269,49.079570,0
2024-07-04,sz.300570,31.2986877000,31.3961914000,30.1286433000,30.1578944100,30.9671751200,5246778,165108357.8300,2,2.726100,1,-2.613400,44.410016,5.027495,7.651931,47.796949,0
2024-07-05,sz.300570,30.1773951500,30.4796566200,29.5728722100,30.2943995900,30.1578944100,4592786,141764521.5600,2,2.386300,1,0.452600,44.611032,5.050251,7.686567,48.013295,0
2024-07-08,sz.300570,30.0311396000,30.4991573600,29.6216240600,29.7971307200,30.2943995900,4424050,136417034.0000,2,2.298600,1,-1.641500,43.878762,4.967354,7.560395,47.225178,0
2024-07-09,sz.300570,29.8169504000,34.2974230000,29.5790492000,33.1773048500,29.7971253000,17908652,576906374.9700,2,9.304800,1,11.344000,48.057008,5.440357,8.280315,51.722078,0
2024-07-10,sz.300570,32.9988789500,33.9703088500,32.9294911000,33.3359056500,33.1773048500,13438838,452541362.2700,2,6.982400,1,0.478000,48.286740,5.466365,8.319898,51.969330,0
2024-07-11,sz.300570,33.7224951000,33.8910084500,32.8601032500,33.5341566500,33.3359056500,10347361,348450458.5300,2,5.376200,1,0.594700,48.573904,5.498873,8.369377,52.278396,0
2024-07-12,sz.300570,33.1277421000,33.4052935000,32.6222020500,33.0682668000,33.5341566500,6965636,231616014.1700,2,3.619100,1,-1.389300,47.899067,5.422478,8.253101,51.552092,0
2024-07-15,sz.300570,32.9691413000,33.0682668000,32.2356126000,32.3545632000,33.0682668000,4948761,162293298.6500,2,2.571200,1,-2.158300,46.865274,5.305446,8.074977,50.439457,0
2024-07-16,sz.300570,32.3149130000,32.8601032500,31.8291980500,32.5924644000,32.3545632000,6729600,219984509.3600,2,3.496500,1,0.735300,47.209872,5.344456,8.134352,50.810336,0
2024-07-17,sz.300570,32.4239510500,32.5627267500,31.3335705500,31.4624337000,32.5924644000,6410700,205831205.8400,2,3.330800,1,-3.467200,45.573033,5.159156,7.852321,49.048663,0
2024-07-18,sz.300570,30.9965438500,31.6012094000,30.1638896500,31.5119964500,31.4624337000,6822355,212164402.1000,2,3.544700,1,0.157500,45.644825,5.167283,7.864691,49.125930,0
2024-07-19,sz.300570,31.8192855000,31.9084984500,31.0262815000,31.1452321000,31.5119964500,7143360,225923115.4000,2,3.711500,1,-1.163900,45.113570,5.107142,7.773155,48.554159,0
2024-07-22,sz.300570,30.9271560000,31.4326960500,30.7784677500,31.0262815000,31.1452321000,4979200,156410189.0000,2,2.587000,1,-0.381900,44.941271,5.087636,7.743467,48.368720,0
2024-07-23,sz.300570,31.3335705500,31.4029584000,30.0152014000,30.0152014000,31.0262815000,5179470,160218309.2000,2,2.691100,1,-3.258800,43.476731,4.921841,7.491124,46.792487,0
2024-07-24,sz.300570,29.7178249000,31.2939203500,29.6979998000,30.2035398500,30.0152014000,7155600,220267780.0000,2,3.717800,1,0.627500,43.749538,4.952725,7.538129,47.086099,0
2024-07-25,sz.300570,29.6186994000,29.8268629500,28.9347334500,29.4303609500,30.2035398500,6130755,181550952.7500,2,3.185400,1,-2.559900,42.629595,4.825940,7.345161,45.880744,0
2024-07-26,sz.300570,29.4303609500,30.2035398500,29.4303609500,30.0845892500,29.4303609500,4964200,149736615.0000,2,2.579200,1,2.223000,43.577239,4.933219,7.508442,46.900660,0
2024-07-29,sz.300570,30.4216159500,30.8280305000,30.0052888500,30.1837147500,30.0845892500,5861150,180071916.4200,2,3.045300,1,0.329500,43.720821,4.949474,7.533182,47.055192,0
2024-07-30,sz.300570,29.6484370500,30.8775932500,29.5096613500,30.5504791000,30.1837147500,6300083,192593456.3000,2,3.273300,1,1.215100,44.252076,5.009615,7.624718,47.626963,0
2024-07-31,sz.300570,31.6805098000,32.7114150000,31.2840078000,32.3446506500,30.5504791000,13104541,424503730.4600,2,6.808700,1,5.872800,46.850916,5.303820,8.072503,50.424004,0
2024-08-01,sz.300570,32.7114150000,32.9988789500,31.6606847000,31.7498976500,32.3446506500,9279812,300633341.2800,2,4.821500,1,-1.838800,45.989422,5.206294,7.924066,49.496808,0
2024-08-02,sz.300570,31.0560191500,31.4426086000,30.2332775000,30.3522281000,31.7498976500,8586143,267027233.0700,2,4.461100,1,-4.402100,43.964911,4.977106,7.575239,47.317898,0
2024-08-05,sz.300570,29.7376500000,30.4711787000,28.6175318500,28.6373569500,30.3522281000,8161500,242438320.0000,2,4.240500,1,-5.649900,41.480937,4.695905,7.147245,44.644483,0
2024-08-06,sz.300570,29.3213229000,29.5195739000,28.6472695000,29.3114103500,28.6373569500,4886300,143182885.6500,2,2.538800,1,2.353800,42.457297,4.806435,7.315474,45.695305,0
2024-08-07,sz.300570,31.5219090000,32.2257000500,30.4910038000,31.2740952500,29.3114103500,16058260,507839591.0000,2,8.343400,1,6.696000,45.300227,5.128272,7.805316,48.755051,0
2024-08-08,sz.300570,30.4910038000,33.2070425000,30.4910038000,31.0262815000,31.2740952500,19384598,628274832.8000,2,10.071600,1,-0.792400,44.941271,5.087636,7.743467,48.368720,0
2024-08-09,sz.300570,30.7189924500,30.9866313000,29.5592241000,29.5592241000,31.0262815000,13635698,413978692.9200,2,7.084700,1,-4.728400,42.816253,4.847071,7.377323,46.081636,0
2024-08-12,sz.300570,29.2420225000,29.6385245000,28.8455205000,29.0635966000,29.5592241000,6365676,187260701.0000,2,3.307400,1,-1.676700,42.098341,4.765799,7.253625,45.308973,0
2024-08-13,sz.300570,29.0635966000,29.5294864500,28.9942087500,29.4898362500,29.0635966000,4870098,143817303.8000,2,2.530400,1,1.466600,42.715745,4.835693,7.360005,45.973464,0
2024-08-14,sz.300570,30.0350265000,30.0350265000,29.0635966000,29.0834217000,29.4898362500,4682726,139151002.1200,2,2.433000,1,-1.378200,42.127057,4.769050,7.258573,45.339880,0
2024-08-15,sz.300570,28.9446460000,29.6682621500,28.8554330500,29.5393990000,29.0834217000,5478498,162280794.8600,2,2.846500,1,1.567800,42.787536,4.843820,7.372375,46.050730,0
2024-08-16,sz.300570,29.7178249000,30.2035398500,29.5493115500,29.5493115500,29.5393990000,7448398,224766627.4600,2,3.870000,1,0.033600,42.801894,4.845445,7.374849,46.066183,0
2024-08-19,sz.300570,29.4204484000,30.1143269000,29.1627221000,29.8466880500,29.5493115500,5443284,163157324.2000,2,2.828200,1,1.006400,43.232641,4.894209,7.449067,46.529781,0
2024-08-20,sz.300570,30.1341520000,30.1638896500,29.1230719000,29.2420225000,29.8466880500,4583100,136474250.0400,2,2.381200,1,-2.025900,42.356789,4.795057,7.298156,45.587132,0
2024-08-21,sz.300570,29.0437715000,29.5889617500,29.0437715000,29.4799237000,29.2420225000,3746757,111154359.6700,2,1.946700,1,0.813600,42.701387,4.834067,7.357531,45.958010,0
2024-08-22,sz.300570,29.7475625500,30.1341520000,29.3510605500,29.4402735000,29.4799237000,6820004,204716719.7400,2,3.546600,1,-0.134500,41.399329,5.032381,6.717238,122.755606,0
2024-08-23,sz.300570,29.4799237000,29.8367755000,28.9149083500,29.5988743000,29.4402735000,5514685,163461169.1100,2,2.867800,1,0.538700,41.622355,5.059491,6.753426,123.416915,0
2024-08-26,sz.300570,29.7178249000,29.8070378500,27.7650525500,28.2408549500,29.5988743000,9142648,264123136.7200,2,4.754500,1,-4.588100,39.712689,4.827358,6.443573,117.754451,0
2024-08-27,sz.300570,28.0029537500,28.3498930000,27.5568890000,27.7452274500,28.2408549500,4924600,138512010.0000,2,2.561000,1,-1.755000,39.015731,4.742638,6.330488,115.687859,0
2024-08-28,sz.300570,27.6461019500,28.1318169000,27.5568890000,27.9533910000,27.7452274500,3570200,100441806.0000,2,1.856600,1,0.750300,39.308454,4.778220,6.377984,116.555827,0
2024-08-29,sz.300570,27.6461019500,28.2507675000,27.2297748500,28.0426039500,27.9533910000,5653900,158444304.0000,2,2.940200,1,0.319100,39.433906,4.793470,6.398339,116.927814,0
2024-08-30,sz.300570,27.9434784500,29.2122848500,27.9434784500,28.8653456000,28.0426039500,7504200,217914491.0000,2,3.902400,1,2.933900,40.590857,4.934105,6.586060,120.358358,0
2024-09-02,sz.300570,28.6968322500,29.0041213000,27.6659270500,27.6758396000,28.8653456000,5664000,161464200.0000,2,2.945500,1,-4.120900,38.918157,4.730777,6.314657,115.398536,0
2024-09-03,sz.300570,27.6064517500,28.0822541500,27.3685505500,27.6758396000,27.6758396000,5559022,155301407.5800,2,2.890900,1,0.000000,38.918157,4.730777,6.314657,115.398536,0
2024-09-04,sz.300570,26.8630105000,27.4379384000,26.7440599000,27.2793376000,27.6758396000,5945500,162323008.0000,2,3.091900,1,-1.432700,38.360590,4.663001,6.224189,113.745261,0
2024-09-05,sz.300570,27.2495999500,27.7848776500,27.1702995500,27.2991627000,27.2793376000,4966400,137682513.0000,2,2.582700,1,0.072700,38.388469,4.666389,6.228712,113.827925,0
2024-09-06,sz.300570,27.3586380000,27.5568890000,26.6746720500,26.7143222500,27.2991627000,4825800,131322963.0000,2,2.509600,1,-2.142300,37.566058,4.566420,6.095272,111.389346,0
2024-09-09,sz.300570,26.3673830000,26.8332728500,26.3673830000,26.7539724500,26.7143222500,3982800,107199534.0000,2,2.071200,1,0.148400,37.621814,4.573197,6.104319,111.554673,0
2024-09-10,sz.300570,26.9720485500,28.0128663000,26.5259838000,27.7353149000,26.7539724500,9501022,261664674.4600,2,4.940900,1,3.668000,39.001792,4.740943,6.328227,115.646527,0
2024-09-11,sz.300570,27.4577635000,27.9335659000,27.3586380000,27.7254023500,27.7353149000,5379813,149873117.8400,2,2.797700,1,-0.035700,38.987853,4.739249,6.325965,115.605195,0
2024-09-12,sz.300570,28.0326914000,28.1912922000,27.2297748500,27.2793376000,27.7254023500,4671016,130301882.8200,2,2.429100,1,-1.608900,38.360590,4.663001,6.224189,113.745261,0
2024-09-13,sz.300570,27.5073262500,27.9732161000,27.0116987500,27.0116987500,27.2793376000,7422903,206027818.6400,2,3.860200,1,-0.981100,37.984233,4.617252,6.163123,112.629301,0
2024-09-18,sz.300570,27.2099497500,27.3189878000,26.3673830000,26.7539724500,27.0116987500,4314900,116478632.0000,2,2.243900,1,-0.954100,37.621814,4.573197,6.104319,111.554673,0
2024-09-19,sz.300570,26.8630105000,27.2297748500,26.6151967500,26.9720485500,26.7539724500,5008700,136220563.0000,2,2.604700,1,0.815100,37.928476,4.610474,6.154076,112.463974,0
2024-09-20,sz.300570,27.0017862000,27.2099497500,26.6944971500,26.9224858000,26.9720485500,3715967,100728312.4200,2,1.932400,1,-0.183800,37.858780,4.602002,6.142768,112.257315,0
2024-09-23,sz.300570,26.8134477500,27.5370639000,26.7242348000,27.2297748500,26.9224858000,5617200,154525501.0000,2,2.921100,1,1.141400,38.290894,4.654529,6.212880,113.538602,0
2024-09-24,sz.300570,27.3784631000,28.8455205000,26.8035352000,28.4985812500,27.2297748500,11379666,320137786.6200,2,5.917800,1,4.659600,40.075108,4.871412,6.502377,118.829079,0
2024-09-25,sz.300570,28.7463950000,30.7289050000,28.4787561500,29.7277374500,28.4985812500,17538300,522785726.0000,2,9.120500,1,4.313000,41.803565,5.081518,6.782828,123.954229,0
2024-09-26,sz.300570,29.4600986000,30.8775932500,29.4600986000,30.8775932500,29.7277374500,17085133,525468476.7000,2,8.884900,1,3.868000,43.420508,5.278069,7.045184,128.748724,0
2024-09-27,sz.300570,30.7388175500,32.5627267500,30.6793422500,31.8490231500,30.8775932500,20107205,638377948.6000,2,10.456400,1,3.146100,44.786547,5.444121,7.266831,132.799246,0
2024-09-30,sz.300570,32.8601032500,37.1720625000,32.5825518500,36.7160852000,31.8490231500,23881060,836630790.5900,2,12.419000,1,15.281700,51.630678,6.276073,8.377324,153.093186,0
2024-10-08,sz.300570,43.6152200000,44.0612847500,38.3615685000,44.0513722000,36.7160852000,31794706,1338810865.2300,2,16.534300,1,19.978400,61.945662,7.529933,10.050979,183.678758,0
2024-10-09,sz.300570,41.5831472500,41.9796492500,37.1720625000,37.1720625000,44.0513722000,24740320,990895774.8500,2,12.865800,1,-15.616600,52.271880,6.354016,8.481362,154.994451,0
2024-10-10,sz.300570,38.1534049500,39.3429109500,36.8052981500,36.8350358000,37.1720625000,16365703,627085841.5500,2,8.510700,1,-0.906700,51.797948,6.296406,8.404464,153.589168,0
2024-10-11,sz.300570,36.6764350000,37.0729370000,34.1189971000,34.7831379500,36.8350358000,13508200,479331081.2000,2,7.024700,1,-5.570500,48.912540,5.945665,7.936293,145.033475,0
2024-10-14,sz.300570,34.8921760000,36.5773095000,33.8216206000,36.5673969500,34.7831379500,13955369,497141784.9700,2,7.257300,1,5.129700,51.421591,6.250657,8.343398,152.473208,0
2024-10-15,sz.300570,36.4583589000,37.7965531500,35.5761419500,35.6257047000,36.5673969500,16034300,595476209.0000,2,8.338400,1,-2.575200,50.097370,6.089689,8.128537,148.546682,0
2024-10-16,sz.300570,34.5650618500,36.0816820000,34.5650618500,34.8921760000,35.6257047000,10176861,362324050.5900,2,5.292300,1,-2.059000,49.065871,5.964303,7.961172,145.488125,0
2024-10-17,sz.300570,35.4869290000,36.7656479500,35.0805144500,35.7942180500,34.8921760000,12685661,459301596.5200,2,6.597000,1,2.585200,50.334335,6.118494,8.166986,149.249324,0
2024-10-18,sz.300570,35.6356172500,40.4432040000,35.6356172500,38.9563215000,35.7942180500,26778242,1029188779.2800,2,13.925600,1,8.834100,54.780930,6.659009,8.888467,162.434185,0
2024-10-21,sz.300570,40.7405805000,46.7475858000,40.7405805000,46.7475858000,38.9563215000,45022667,2011426388.0400,2,23.413300,1,20.000000,65.737116,7.990811,10.666161,194.921022,0
2024-10-22,sz.300570,52.5365150000,54.2910363500,48.5913201000,49.6519629500,46.7475858000,65121296,3326464635.5400,2,33.865300,1,6.212900,69.821292,8.487271,11.328838,207.031255,0
2024-10-23,sz.300570,49.8105637500,59.5843380500,49.8006512000,59.5843380500,49.6519629500,43131788,2486792768.0100,2,22.430000,1,20.004000,83.788338,10.185064,13.595057,248.445773,0
2024-10-24,sz.300570,60.4467299000,69.0805609500,54.9948274000,66.0671457500,59.5843380500,69759333,4383197826.5100,2,36.277300,1,10.880100,92.904554,11.293204,15.074207,275.476805,0
2024-10-25,sz.300570,65.2245790000,71.1721090000,62.4788026500,66.5726858000,66.0671457500,50942237,3407048235.8800,2,26.491700,1,0.765200,93.615452,11.379619,15.189553,277.584729,0
2024-10-28,sz.300570,64.8280770000,74.9983533000,64.4315750000,70.1709414500,66.5726858000,42471259,2986736795.1100,2,22.086500,1,5.405000,98.675370,11.994688,16.010549,292.588192,0
2024-10-29,sz.300570,69.3878500000,71.3703600000,66.6618987500,68.1091310500,70.1709414500,32296293,2239439979.3000,2,16.795200,1,-2.938300,95.776023,11.642252,15.540116,283.991167,0
2024-10-30,sz.300570,71.3703600000,77.3178900000,71.3703600000,73.3528700000,68.1091310500,34491872,2584412392.8200,2,17.937000,1,7.699000,85.721125,11.887306,14.272547,366.704399,0
2024-10-31,sz.300570,70.6764815000,73.8484975000,67.0782258500,70.0817285000,73.3528700000,25031453,1792642265.1100,2,13.017200,1,-4.459500,81.898426,11.357197,13.636069,350.351365,0
2024-11-01,sz.300570,67.9009675000,69.3878500000,63.7376965000,66.3149595000,70.0817285000,19897073,1344978652.6300,2,10.347200,1,-5.374800,77.496531,10.746767,12.903154,331.520599,0
2024-11-04,sz.300570,65.3534421500,72.0939761500,65.2245790000,69.0508233000,66.3149595000,14011808,971658865.4900,2,7.286600,1,4.125600,80.693697,11.190132,13.435481,345.197682,0
2024-11-05,sz.300570,68.0595683000,76.9213880000,67.4053400000,75.4146804000,69.0508233000,20219602,1492181753.4400,2,10.514900,1,9.216200,88.130584,12.221436,14.673721,377.011766,0
2024-11-06,sz.300570,76.3266350000,80.6683319000,71.1820215500,73.3528700000,75.4146804000,17807252,1351336142.7100,2,9.260400,1,-2.734000,85.721125,11.887306,14.272547,366.704399,0
2024-11-07,sz.300570,71.3703600000,78.8047725000,71.0630709500,75.0380035000,73.3528700000,16484694,1239435584.7200,2,8.572600,1,2.297300,87.690394,12.160393,14.600430,375.128690,0
2024-11-08,sz.300570,74.5423760000,85.1091543000,74.3441250000,78.8543352500,75.0380035000,17822251,1442779878.4600,2,9.268200,1,5.085900,92.150209,12.778854,15.342988,394.207229,0
2024-11-11,sz.300570,79.3004000000,82.6211042500,75.7913573000,76.8123499500,78.8543352500,19106607,1516552354.3600,2,9.936100,1,-2.589600,89.763919,12.447937,14.945671,383.998972,0
2024-11-12,sz.300570,74.3441250000,77.9225555500,73.3528700000,76.8718252500,76.8123499500,15708884,1194468836.9600,2,8.169200,1,0.077400,89.833422,12.457576,14.957244,384.296300,0
2024-11-13,sz.300570,75.8111824000,82.0759140000,73.8484975000,79.2706623500,76.8718252500,15938396,1252367468.9400,2,8.288500,1,3.120600,92.636735,12.846323,15.423994,396.288525,0
2024-11-14,sz.300570,77.6648292500,79.8951530000,73.8484975000,73.8484975000,79.2706623500,14666569,1132281899.1500,2,7.627100,1,-6.840100,86.300322,11.967626,14.368983,369.182132,0
2024-11-15,sz.300570,73.8484975000,75.4642431500,68.5056330500,68.9913480000,73.8484975000,16893801,1224722093.6200,2,8.785400,1,-6.577200,80.624193,11.180493,13.423909,344.900354,0
2024-11-18,sz.300570,69.3878500000,71.5487859000,65.0659782000,66.7213740500,68.9913480000,15953332,1086001346.9500,2,8.296300,1,-3.290200,77.971472,10.812629,12.982232,333.552340,0
2024-11-19,sz.300570,67.6135035500,72.7382919000,67.0385756500,70.0420783000,66.7213740500,15851891,1108561155.8100,2,8.243500,1,4.977000,81.852090,11.350771,13.628354,350.153147,0
2024-11-20,sz.300570,69.8438273000,72.1435389000,69.6059261000,70.6764815000,70.0420783000,13078361,932634506.9000,2,6.801200,1,0.905700,82.593462,11.453580,13.751792,353.324644,0
2024-11-21,sz.300570,69.6852265000,70.9441203500,67.9009675000,68.9913480000,70.6764815000,11615511,810928138.9300,2,6.040500,1,-2.384300,80.624193,11.180493,13.423909,344.900354,0
2024-11-22,sz.300570,68.7930970000,70.8648199500,65.4228300000,66.2753093000,68.9913480000,9968402,688924955.9400,2,5.183900,1,-3.936800,77.450195,10.740342,12.895439,331.322380,0
2024-11-25,sz.300570,66.4239975500,66.6718113000,62.1616010500,63.9458600500,66.2753093000,15728838,1007528661.3200,2,8.179500,1,-3.514800,74.727970,10.362839,12.442189,319.677038,0
2024-11-26,sz.300570,63.8368220000,67.8613173000,62.4490650000,65.6309935500,63.9458600500,16141312,1066511725.3400,2,8.394000,1,2.635300,76.697239,10.635926,12.770072,328.101328,0
2024-11-27,sz.300570,65.2344915500,70.7756070000,63.9359475000,68.8723974000,65.6309935500,16829390,1146538575.2000,2,8.751900,1,4.938800,80.485186,11.161217,13.400764,344.305698,0
2024-11-28,sz.300570,68.8723974000,69.2887245000,64.4315750000,66.0671457500,68.8723974000,12774787,855271563.5800,2,6.643300,1,-4.073100,77.206932,10.706608,12.854936,330.281733,0
2024-11-29,sz.300570,66.7312866000,70.9738580000,66.0770583000,69.0409107500,66.0671457500,15108559,1042978474.7900,2,7.857000,1,4.501100,80.682113,11.188525,13.433553,345.148127,0
2024-12-02,sz.300570,69.2788119500,72.2129267500,68.5849334500,70.3890175500,69.0409107500,14823886,1055012477.8400,2,7.708900,1,1.952600,82.257528,11.406995,13.695859,351.887560,0
2024-12-03,sz.300570,70.2601544000,71.6280863000,68.5948460000,69.7248767000,70.3890175500,8814181,620776080.9700,2,4.583700,1,-0.943500,81.481404,11.299366,13.566635,348.567398,0
2024-12-04,sz.300570,69.1895990000,70.9540329000,66.8006744500,67.4648153000,69.7248767000,7960960,548886985.3000,2,4.140000,1,-3.241400,78.840267,10.933109,13.126886,337.268938,0
2024-12-05,sz.300570,68.1785189000,72.2624895000,68.1785189000,69.8834775000,67.4648153000,13667209,974737823.2400,2,7.107400,1,3.585100,81.666747,11.325069,13.597494,349.360272,0
2024-12-06,sz.300570,69.8834775000,70.7656944500,68.4065075500,68.6444087500,69.8834775000,8274899,577082678.7600,2,4.303200,1,-1.773000,80.218755,11.124270,13.356404,343.165941,0
2024-12-09,sz.300570,67.9108800500,68.3965950000,65.1948413500,66.2951344000,68.6444087500,11089804,742006615.0200,2,5.767100,1,-3.422400,77.473363,10.743555,12.899297,331.421490,0
2024-12-10,sz.300570,68.3371197000,68.5551958000,63.9755977000,65.0758907500,66.2951344000,13806997,910661381.2100,2,7.180100,1,-1.839100,76.048539,10.545968,12.662064,325.326268,0
2024-12-11,sz.300570,65.0758907500,66.6916364000,63.6484835500,66.4140850000,65.0758907500,12029126,797542058.9200,2,6.255600,1,2.056400,77.612370,10.762831,12.922441,332.016145,0
2024-12-12,sz.300570,66.7610242500,70.3791050000,65.9184575000,68.0000930000,66.4140850000,15895330,1103801876.3000,2,8.266100,1,2.388100,79.465800,11.019854,13.231037,339.944889,0
2024-12-13,sz.300570,67.8514047500,70.6764815000,67.0584007500,68.5353707000,68.0000930000,13015046,903475150.2200,2,6.768300,1,0.787200,80.091332,11.106599,13.335188,342.620840,0
2024-12-16,sz.300570,69.8735649500,71.0333333000,65.0659782000,69.0111731000,68.5353707000,15177280,1050783495.2700,2,7.892700,1,0.694200,80.647361,11.183706,13.427767,344.999463,0
2024-12-17,sz.300570,69.0111731000,71.3505349000,65.9977579000,66.3942599000,69.0111731000,15242377,1060485023.1100,2,7.926600,1,-3.792000,77.589202,10.759618,12.918584,331.917036,0
2024-12-18,sz.300570,65.7301190500,67.2368266500,63.9855102500,66.9196250500,66.3942599000,10477050,693822612.0000,2,5.448400,1,0.791300,78.203151,10.844757,13.020806,334.543433,0
2024-12-19,sz.300570,66.4041724500,75.0875662500,65.7499441500,73.5412084500,66.9196250500,25268983,1833023020.1000,2,13.140700,1,9.894800,85.941220,11.917828,14.309193,367.645938,0
2024-12-20,sz.300570,72.6292538500,75.8706577000,70.3791050000,74.6415015000,73.5412084500,27004327,1997148005.7100,2,14.043200,1,1.496200,87.227037,12.096137,14.523281,373.146504,0
2024-12-23,sz.300570,73.3528700000,75.2164294000,68.1487812500,68.6047585500,74.6415015000,19362379,1391478134.4100,2,10.069100,1,-8.087600,80.172420,11.117844,13.348689,342.967723,0
2024-12-24,sz.300570,68.0893059500,68.8823099500,65.1551911500,67.1079635000,68.6047585500,14550684,979191534.1700,2,7.566900,1,-2.181800,78.423245,10.875279,13.057452,335.484971,0
2024-12-25,sz.300570,66.7015489500,68.0694808500,65.7102939500,66.7709368000,67.1079635000,9788403,659204960.9000,2,5.090300,1,-0.502200,78.029392,10.820661,12.991875,333.800113,0
2024-12-26,sz.300570,67.1377011500,76.6240115000,66.2951344000,76.5447111000,66.7709368000,28662686,2114435028.8200,2,14.905600,1,14.637800,89.451152,12.404565,14.893596,382.660996,0
2024-12-27,sz.300570,75.5336310000,75.7120569000,73.1149688000,73.5511210000,76.5447111000,18190384,1358765736.5600,2,9.459600,1,-3.910900,85.952804,11.919434,14.311122,367.695492,0
2024-12-30,sz.300570,74.2449995000,80.5394687500,71.4496604000,77.9820308500,73.5511210000,27249588,2062471658.5300,2,14.170700,1,6.024300,91.130823,12.637492,15.173260,389.846420,0
2024-12-31,sz.300570,79.3004000000,79.4788259000,71.9651130000,72.0642385000,77.9820308500,24406650,1841667250.9700,2,12.692300,1,-7.588700,84.215213,11.678475,14.021813,360.262295,0
2025-01-02,sz.300570,71.3802725500,84.2467624500,70.1709414500,79.6473392500,72.0642385000,34313935,2687632468.4000,2,17.844400,1,10.522700,93.076924,12.907366,15.497286,398.171601,0
2025-01-03,sz.300570,81.1540468500,82.9383058500,75.3452925500,76.0689087000,79.6473392500,25347300,1984525169.7500,2,13.181500,1,-4.492800,88.895123,12.327458,14.801017,380.282373,0
2025-01-06,sz.300570,76.4257605000,83.0671690000,73.3528700000,76.4753232500,76.0689087000,26576993,2105756089.1100,2,13.821000,1,0.534300,89.370065,12.393320,14.880095,382.314114,0
2025-01-07,sz.300570,77.0502511500,91.7703879000,76.3266350000,91.7703879000,76.4753232500,34651486,2888504733.9200,2,18.020000,1,20.000000,107.244078,14.871984,17.856114,458.776937,0
2025-01-08,sz.300570,92.1371522500,105.5290073000,88.2216950000,98.7686482000,91.7703879000,43160019,4099076163.5900,2,22.444700,1,7.625800,115.422336,16.006097,19.217792,493.762518,0
2025-01-09,sz.300570,99.5913898500,100.1167550000,93.2077076500,95.4975067000,98.7686482000,28836981,2793493674.5000,2,14.996200,1,-3.311900,111.599638,15.475988,18.581313,477.409484,0
2025-01-10,sz.300570,95.5371569000,96.7266629000,88.7173225000,88.8858358500,95.4975067000,25402376,2371824067.5500,2,13.210100,1,-6.923400,103.873152,14.404524,17.294855,444.356534,0
2025-01-13,sz.300570,89.8077030000,95.9336589000,89.2129500000,90.4520187500,88.8858358500,24806047,2312227624.1400,2,12.900000,1,1.762000,105.703414,14.658334,17.599593,452.186168,0
2025-01-14,sz.300570,90.6007070000,95.3785561000,86.3383105000,93.9412363500,90.4520187500,27827788,2581030023.2000,2,14.471400,1,3.857500,109.780960,15.223784,18.278504,469.629405,0
2025-01-15,sz.300570,93.8619359500,102.3768164000,90.2240301000,98.3424085500,93.9412363500,28252873,2732663633.6800,2,14.692500,1,4.685000,114.924227,15.937022,19.134857,491.631669,0
2025-01-16,sz.300570,99.0858498000,116.9680900000,95.1703925500,106.1832356000,98.3424085500,32179139,3325566146.4400,2,16.734300,1,7.973000,124.087120,17.207679,20.660476,530.829396,0
2025-01-17,sz.300570,104.2899385500,107.0555400000,100.5826448500,104.0024746000,106.1832356000,21166615,2220070295.2500,2,11.007400,1,-2.053800,121.538654,16.854273,20.236157,519.927373,0
2025-01-20,sz.300570,105.0730300000,111.8135640000,104.3593264000,105.3704065000,104.0024746000,20558226,2227942250.1600,2,10.691000,1,1.315300,123.137238,17.075955,20.502321,526.765914,0
2025-01-21,sz.300570,109.9103544000,110.6339705500,105.0928551000,109.7021908500,105.3704065000,19866432,2162626326.5000,2,10.331200,1,4.111000,128.199418,17.777948,21.345173,548.421296,0
2025-01-22,sz.300570,111.8928644000,118.8514745000,111.8928644000,112.1307656000,109.7021908500,20176539,2350439918.4600,2,10.492500,1,2.213800,131.037482,18.171515,21.817710,560.562185,0
2025-01-23,sz.300570,114.5989905500,130.1914317000,112.6462182000,117.8403944000,112.1307656000,23760244,2893891889.7000,2,12.356100,1,5.091900,137.709829,19.096797,22.928654,589.105662,0
2025-01-24,sz.300570,118.9506000000,128.1296213000,117.1663410000,123.6094985000,117.8403944000,20235031,2506878886.2900,2,10.522900,1,4.895700,144.451679,20.031717,24.051171,617.946468,0
2025-01-27,sz.300570,115.9768350000,121.6071634000,113.0030700000,117.7214438000,123.6094985000,18145100,2137172083.8000,2,9.436100,1,-4.763400,137.570822,19.077520,22.905509,588.511007,0
2025-02-05,sz.300570,108.2450460000,110.1284305000,94.1791375500,94.9126662500,117.7214438000,34972047,3474462227.9400,2,18.186700,1,-19.375200,110.916185,15.381210,18.467519,474.485760,0
2025-02-06,sz.300570,98.4217089500,100.9989719500,95.1803051000,99.9185040000,94.9126662500,24155514,2389712902.7400,2,12.561700,1,5.274200,116.766073,16.192439,19.441524,499.510858,0
2025-02-07,sz.300570,98.9371615500,106.7978137000,98.4712717000,102.8922690000,99.9185040000,19968751,2080831388.5300,2,10.384400,1,2.976200,120.241254,16.674357,20.020140,514.377252,0
2025-02-10,sz.300570,101.1080100000,102.6741929000,97.2024653000,99.6706902500,102.8922690000,21896071,2198822262.2100,2,11.386700,1,-3.131000,116.476474,16.152279,19.393305,498.271991,0
2025-02-11,sz.300570,99.2543631500,106.9365894000,98.8182109500,103.9429993000,99.6706902500,21001495,2201379208.7800,2,10.921500,1,4.286400,121.469151,16.844634,20.224585,519.630045,0
2025-02-12,sz.300570,102.0992650000,106.4607870000,100.4835193500,105.5983951500,103.9429993000,14519715,1523003192.5500,2,7.550800,1,1.592600,123.403668,17.112902,20.546682,527.905671,0
2025-02-13,sz.300570,105.5091822000,113.9943250000,104.2800260000,107.5214298500,105.5983951500,22252499,2461876791.8900,2,11.572100,1,1.821100,125.650952,17.424542,20.920854,537.519273,0
2025-02-14,sz.300570,107.5214298500,113.4392222000,100.9394966500,104.5674899500,107.5214298500,17788150,1906322020.2200,2,9.250500,1,-2.747300,122.198939,16.945837,20.346094,522.751988,0
2025-02-17,sz.300570,102.1488277500,113.0823704000,101.9010140000,110.8421341000,104.5674899500,17275745,1903146480.8400,2,8.984000,1,6.000600,129.531570,17.962683,21.566976,554.120080,0
2025-02-18,sz.300570,109.7418410500,115.4217322000,109.0380500000,110.5051074000,110.8421341000,15430948,1751034846.7400,2,8.024600,1,-0.304100,129.137716,17.908066,21.501399,552.435222,0
2025-02-19,sz.300570,108.9686621500,119.5750906500,106.0642850000,117.1465159000,110.5051074000,16090100,1839898641.0000,2,8.367400,1,6.010000,136.898953,18.984349,22.793643,585.636837,0
2025-02-20,sz.300570,116.5517629000,120.6357335000,113.4986975000,116.8788770500,117.1465159000,12843059,1514507208.3800,2,6.678800,1,-0.228500,136.586187,18.940977,22.741568,584.298861,0
2025-02-21,sz.300570,115.9768350000,121.9045399000,113.4986975000,115.1045306000,116.8788770500,16467373,1951925907.4100,2,8.563600,1,-1.518100,134.512663,18.653432,22.396327,575.428579,0
2025-02-24,sz.300570,111.7540887000,114.7873290000,108.7803237000,111.7045259500,115.1045306000,16606735,1866196820.8000,2,8.636100,1,-2.953800,130.539373,18.102440,21.734775,558.431335,0
2025-02-25,sz.300570,107.6403804500,112.4479672000,107.4322169000,110.0293050000,111.7045259500,10843340,1202477169.2000,2,5.638900,1,-1.499700,128.581687,17.830959,21.408821,550.056599,0
2025-02-26,sz.300570,110.9511721500,111.1989859000,103.0806074500,107.0555400000,110.0293050000,18358905,1965877274.2400,2,9.547300,1,-2.702700,125.106507,17.349041,20.830204,535.190205,0
2025-02-27,sz.300570,105.1027676500,106.5202623000,95.9435714500,98.3523211000,107.0555400000,21874638,2201915933.3800,2,11.375600,1,-8.129600,114.935811,15.938629,19.136785,491.681223,0
2025-02-28,sz.300570,93.1779700000,94.1692250000,85.6246069000,86.4374360000,98.3523211000,26324528,2357934522.7600,2,13.689700,1,-12.114500,101.011920,14.007745,16.818461,432.116536,0
2025-03-03,sz.300570,87.5872918000,88.1027444000,81.3622104000,82.4823285500,86.4374360000,19838320,1660160457.7000,2,10.316600,1,-4.575700,96.389930,13.366794,16.048901,412.344231,0
2025-03-04,sz.300570,79.8753279000,86.3680481500,79.8753279000,84.9307284000,82.4823285500,16535611,1403267957.7100,2,8.599100,1,2.968400,99.251162,13.763573,16.525295,424.584229,0
2025-03-05,sz.300570,84.9208158500,94.1692250000,84.3657130500,93.1977951000,84.9307284000,25417129,2312205622.8600,2,13.217800,1,9.733900,108.912164,15.103304,18.133850,465.912806,0
2025-03-06,sz.300570,91.1954600000,93.1779700000,89.1237370500,92.3453158000,93.1977951000,18274630,1684535787.3500,2,9.503400,1,-0.914700,107.915946,14.965155,17.967979,461.651106,0
2025-03-07,sz.300570,91.1954600000,91.1954600000,87.6665922000,88.6181970000,92.3453158000,12658560,1139110308.3400,2,6.582900,1,-4.036100,103.560386,14.361151,17.242780,443.018558,0
2025-03-10,sz.300570,89.7085775000,95.9435714500,89.7085775000,94.9919666500,88.6181970000,18443285,1728328300.3000,2,9.591100,1,7.192400,111.008857,15.394062,18.482948,474.882197,0
2025-03-11,sz.300570,92.7517303500,93.9015861500,89.8671783000,91.8100381000,94.9919666500,15305430,1410336698.3500,2,7.959400,1,-3.349700,107.290413,14.878409,17.863828,458.975155,0
2025-03-12,sz.300570,92.6625174000,94.7838031000,91.8893385000,93.1878825500,91.8100381000,15599515,1470077082.1200,2,8.112300,1,1.500800,108.900580,15.101698,18.131921,465.863251,0
2025-03-13,sz.300570,95.4975067000,98.0648571500,92.4840915000,92.8905060500,93.1878825500,20917484,2014398244.3900,2,10.877800,1,-0.319100,108.553062,15.053506,18.074059,464.376612,0
2025-03-14,sz.300570,92.3155781500,101.5045120000,91.4531863000,99.0759372500,92.8905060500,24139069,2370155693.3200,2,12.553100,1,6.658800,115.781438,16.055895,19.277582,495.298713,0
2025-03-17,sz.300570,98.2432830500,100.9791468500,96.1616475500,97.6485300500,99.0759372500,16176740,1597930423.4300,2,8.412500,1,-1.440700,114.113352,15.824575,18.999846,488.162843,0
2025-03-18,sz.300570,96.5482370000,97.6485300500,91.9884640000,94.9622290000,97.6485300500,20784359,1970738131.5500,2,10.808600,1,-2.751000,110.974105,15.389242,18.477162,474.733533,0
2025-03-19,sz.300570,91.3243231500,91.8893385000,85.9517210500,87.1709647000,94.9622290000,22989026,2039684450.5600,2,11.955100,1,-8.204600,101.869131,14.126618,16.961186,435.783580,0
2025-03-20,sz.300570,87.2304400000,87.7260675000,85.8525955500,86.2391850000,87.1709647000,10228763,894318645.4500,2,5.319300,1,-1.068900,100.780241,13.975617,16.779886,431.125443,0
2025-03-21,sz.300570,85.4759186500,87.5972043500,85.1686296000,85.6642571000,86.2391850000,8815110,765562752.5000,2,4.584200,1,-0.666700,100.108373,13.882446,16.668020,428.251273,0
2025-03-24,sz.300570,85.3470555000,86.5960368000,82.7697925000,85.8823332000,85.6642571000,11600970,989558619.9600,2,6.032900,1,0.254600,100.363220,13.917787,16.710452,429.341475,0
2025-03-25,sz.300570,86.7447250500,88.6578472000,81.9074006500,82.4922411000,85.8823332000,12273224,1051620697.2000,2,6.382500,1,-3.947400,96.401514,13.368400,16.050829,412.393785,0
2025-03-26,sz.300570,82.5120662000,83.8403479000,81.8776630000,82.0957391000,82.4922411000,8226321,687206652.4200,2,4.278000,1,-0.480700,95.938156,13.304145,15.973680,410.411600,0
2025-03-27,sz.300570,80.4601683500,82.5715415000,79.6076890500,81.0945715500,82.0957391000,10136496,827456148.4200,2,5.271300,1,-1.219500,94.768179,13.141899,15.778879,405.406580,0
2025-03-28,sz.300570,81.5307237500,82.0957391000,79.0030235000,79.3202251000,81.0945715500,7546432,612660000.5700,2,3.924400,1,-2.188000,92.694654,12.854355,15.433638,396.536298,0
2025-03-31,sz.300570,79.3995255000,82.7896176000,79.1219741000,82.7697925000,79.3202251000,11669800,950680834.0000,2,6.071900,1,4.348900,72.591796,12.294151,13.764582,201.344966,0
2025-04-01,sz.300570,83.3645455000,83.7610475000,80.7674574000,81.4315982500,82.7697925000,9897791,818856902.5400,2,5.149900,1,-1.616800,71.418156,12.095384,13.542041,198.089688,0
2025-04-02,sz.300570,82.2741650000,85.0992417500,81.4910735500,82.7896176000,81.4315982500,12406986,1042368144.5500,2,6.455500,1,1.667700,72.609183,12.297096,13.767879,201.393193,0
2025-04-03,sz.300570,80.0240161500,80.9855335000,77.1989394000,78.1901944000,82.7896176000,13774910,1098169480.0800,2,7.167200,1,-5.555600,68.575339,11.613924,13.002997,190.204682,0
2025-04-07,sz.300570,64.6397385500,68.9219601500,62.5481905000,62.5481905000,78.1901944000,14937070,969266430.6500,2,7.771900,1,-20.005100,54.856794,9.290550,10.401738,152.154100,0
2025-04-08,sz.300570,61.9137873000,63.8070843500,59.1779235000,61.4974602000,62.5481905000,18624372,1150490908.5800,2,9.690500,1,-1.679900,53.935269,9.134481,10.227002,149.598104,0
2025-04-09,sz.300570,58.5732579500,62.8951297500,54.2117359500,61.5569355000,61.4974602000,18281012,1097489568.0800,2,9.511800,1,0.096700,53.987431,9.143315,10.236893,149.742783,0
2025-04-10,sz.300570,68.6741464000,71.2514094000,66.6222485500,66.6222485500,61.5569355000,23841008,1662017727.2300,2,12.404700,1,8.228700,58.429875,9.895687,11.079252,162.064613,0
2025-04-11,sz.300570,66.8799748500,68.8823099500,65.7499441500,67.7919294500,66.6222485500,13757942,935566005.5200,2,7.158400,1,1.755700,59.455723,10.069425,11.273770,164.909967,0
2025-04-14,sz.300570,71.3703600000,71.6677365000,67.6035910000,67.8712298500,67.7919294500,12299854,860088163.9000,2,6.399700,1,0.117000,59.525272,10.081204,11.286958,165.102872,0
2025-04-15,sz.300570,67.7820169000,68.3668573500,66.6024234500,67.2566517500,67.8712298500,7500779,509372232.5600,2,3.902700,1,-0.905500,58.986267,9.989918,11.184753,163.607856,0
2025-04-16,sz.300570,66.2356591000,66.9097125000,63.4403200000,65.3336170500,67.2566517500,9234429,607623930.6800,2,4.804800,1,-2.859200,57.299704,9.704282,10.864954,158.929901,0
2025-04-17,sz.300570,65.7301190500,66.4933854000,64.3423620500,64.3919248000,65.3336170500,7950237,523308958.0600,2,4.136600,1,-1.441400,56.473809,9.564408,10.708351,156.639150,0
2025-04-18,sz.300570,64.0945483000,65.5219555000,64.0945483000,64.6298260000,64.3919248000,7078576,462617415.5200,2,3.683100,1,0.369500,56.682456,9.599744,10.747913,157.217866,0
2025-04-21,sz.300570,66.9097125000,69.2788119500,65.7995069000,68.6543213000,64.6298260000,15247616,1042018176.6200,2,7.933500,1,6.227000,60.212069,10.197520,11.417185,167.007813,0
2025-04-22,sz.300570,68.8525723000,68.9516978000,67.0088380000,67.0484882000,68.6543213000,8749610,595887130.7000,2,4.552500,1,-2.339000,58.803701,9.958999,11.150136,163.101479,0
2025-04-23,sz.300570,68.7038840500,71.0630709500,68.3172946000,69.6852265000,67.0484882000,16881160,1189306529.3800,2,8.783400,1,3.932600,61.116206,10.350645,11.588624,169.515582,0
2025-04-24,sz.300570,68.9913480000,70.3791050000,67.8712298500,68.1388687000,69.6852265000,9209717,639323763.1900,2,4.791900,1,-2.219100,59.760000,10.120958,11.331466,165.753928,0
2025-04-25,sz.300570,68.6444087500,73.9476230000,68.5849334500,72.4508279500,68.1388687000,23177262,1681529483.8700,2,12.059400,1,6.328200,63.541729,10.761431,12.048543,176.243157,0
2025-04-28,sz.300570,72.3517024500,73.2140943000,70.3890175500,71.9056377000,72.4508279500,16111801,1164322038.8300,2,8.383100,1,-0.752500,63.063579,10.680452,11.957878,174.916932,0
2025-04-29,sz.300570,70.3791050000,70.3791050000,66.2653967500,67.9505302500,71.9056377000,21266948,1451911937.6200,2,11.065400,1,-5.500400,50.406912,9.528771,10.208926,98.636648,0
2025-04-30,sz.300570,67.8018420000,69.2688994000,66.4140850000,68.7336217000,67.9505302500,14483619,997586965.8700,2,7.536000,1,1.152400,50.987823,9.638585,10.326578,99.773380,0
2025-05-06,sz.300570,70.2601544000,74.5820262000,70.2601544000,73.4222578500,68.7336217000,21565098,1596231010.5400,2,11.220500,1,6.821500,54.465937,10.296077,11.031001,106.579380,0
2025-05-07,sz.300570,75.3254674500,76.1283840000,73.0158433000,74.4729881500,73.4222578500,14081212,1056071461.0300,2,7.326600,1,1.431100,55.245388,10.443422,11.188863,108.104615,0
2025-05-08,sz.300570,74.4729881500,80.7872825000,74.4729881500,78.9038980000,74.4729881500,27811913,2187929044.2300,2,14.470800,1,5.949700,58.532315,11.064773,11.854566,114.536502,0
2025-05-09,sz.300570,77.4764908000,78.3983579500,75.8310075000,77.3377151000,78.9038980000,15643911,1216556908.3000,2,8.139700,1,-1.984900,57.370493,10.845146,11.619262,112.263038,0
2025-05-12,sz.300570,79.8753279000,80.0934040000,76.1283840000,78.1108940000,77.3377151000,17712764,1383566410.6800,2,9.216100,1,0.999700,57.944051,10.953569,11.735424,113.385381,0
2025-05-13,sz.300570,79.7167271000,80.9062331000,75.4146804000,76.0391710500,78.1108940000,18379831,1458652963.0700,2,9.563200,1,-2.652300,56.407210,10.663050,11.424168,110.378078,0
2025-05-14,sz.300570,78.1208065500,80.4899060000,77.0403386000,77.5657037500,76.0391710500,19407687,1540517707.0800,2,10.098000,1,2.007600,57.539619,10.877117,11.653515,112.593986,0
2025-05-15,sz.300570,76.9412131000,77.3178900000,73.8286724000,73.9079728000,77.5657037500,13500771,1017053992.8700,2,7.024600,1,-4.715700,54.826249,10.364190,11.103975,107.284442,0
2025-05-16,sz.300570,73.1744441000,76.3266350000,72.5697785500,74.8397525000,73.9079728000,12014355,911979804.9400,2,6.251200,1,1.260700,55.517460,10.494854,11.243966,108.637009,0
2025-05-19,sz.300570,70.0321657500,70.1412038000,67.0980509500,69.5861010000,74.8397525000,18757088,1301949806.0300,2,9.759500,1,-7.019900,51.620208,9.758129,10.454655,101.010834,0
2025-05-20,sz.300570,69.3779374500,70.2403293000,68.6444087500,70.1511163500,69.5861010000,12041827,842974992.8200,2,6.265500,1,0.812000,52.039346,9.837362,10.539543,101.831008,0
2025-05-21,sz.300570,69.8834775000,70.5377058000,68.9120476000,69.1598613500,70.1511163500,7251251,507438484.5300,2,3.772900,1,-1.413000,51.304016,9.698357,10.390616,100.392107,0
2025-05-22,sz.300570,68.7633593500,70.1610289000,68.3073820500,68.5849334500,69.1598613500,8068597,564481623.4200,2,4.198200,1,-0.831300,50.877524,9.617734,10.304239,99.557545,0
2025-05-23,sz.300570,68.7435342500,69.5365382500,67.1773513500,67.1773513500,68.5849334500,7238034,498836090.9200,2,3.766000,1,-2.052300,49.833354,9.420348,10.092763,97.514306,0
2025-05-26,sz.300570,67.1575262500,68.8525723000,66.9890129000,68.6245836500,67.1773513500,6917600,473959342.3300,2,3.599300,1,2.154300,50.906937,9.623295,10.310196,99.615101,0
2025-05-27,sz.300570,68.4957205000,68.8922225000,66.0770583000,66.5330356000,68.6245836500,7212471,485591932.6200,2,3.752700,1,-3.047800,49.355390,9.329995,9.995960,96.579020,0
2025-05-28,sz.300570,67.4549027500,68.2776444000,66.4339101000,67.4549027500,66.5330356000,9031321,613815819.5100,2,4.699100,1,1.385600,50.039247,9.459269,10.134462,97.917198,0
2025-05-29,sz.300570,67.3954274500,70.0619034000,67.3954274500,69.3878500000,67.4549027500,12841102,896849333.5600,2,6.681400,1,2.865500,51.473142,9.730328,10.424869,100.723054,0
2025-05-30,sz.300570,69.0607358500,69.0706484000,67.4053400000,67.6234161000,69.3878500000,6664851,457105579.7600,2,3.467800,1,-2.542900,50.164253,9.482900,10.159780,98.161811,0
2025-06-03,sz.300570,66.9791003500,69.5068006000,66.9791003500,67.5044655000,67.6234161000,6639289,456557175.5100,2,3.454500,1,-0.175900,50.076013,9.466219,10.141909,97.989143,0
2025-06-04,sz.300570,68.2974695000,80.9954460500,68.2974695000,77.5458786500,67.5044655000,31642671,2424024014.2400,2,16.464000,1,14.875200,57.524912,10.874337,11.650536,112.565208,0
2025-06-05,sz.300570,76.8520001500,83.5528839500,76.8520001500,82.0759140000,77.5458786500,33219736,2700666289.6600,2,17.284600,1,5.841700,60.885373,11.509588,12.331131,119.140984,0
2025-06-06,sz.300570,80.8071076000,88.1919573500,80.8071076000,88.1225695000,82.0759140000,32973555,2837889300.7500,2,17.156500,1,7.367100,65.370890,12.357517,13.239584,127.918279,0
2025-06-09,sz.300570,88.2216950000,93.7429853500,87.2304400000,90.6800074000,88.1225695000,31533680,2867153547.5600,2,16.407300,1,2.902100,67.268043,12.716149,13.623815,131.630643,0
2025-06-10,sz.300570,89.9500000000,90.8000000000,87.7000000000,89.1500000000,90.6800000000,22671418,2021010240.2400,2,11.796200,1,-1.687300,65.554722,12.392268,13.276816,128.278004,0
2025-06-11,sz.300570,89.0300000000,91.8600000000,86.5000000000,89.8600000000,89.1500000000,18936526,1700071762.6100,2,9.852900,1,0.796400,66.076807,12.490961,13.382554,129.299624,0
2025-06-12,sz.300570,90.0100000000,94.0000000000,88.7100000000,90.0200000000,89.8600000000,27264787,2499338163.8800,2,14.186100,1,0.178100,66.194460,12.513202,13.406382,129.529848,0
2025-06-13,sz.300570,87.1400000000,90.7000000000,87.0000000000,88.3200000000,90.0200000000,17335584,1537874319.1400,2,9.019900,1,-1.888500,64.944398,12.276894,13.153207,127.083716,0
2025-06-16,sz.300570,89.8000000000,98.8000000000,89.0500000000,94.7300000000,88.3200000000,26467245,2518650384.5000,2,13.771200,1,7.257700,69.657867,13.167914,14.107827,136.307070,0
2025-06-17,sz.300570,94.1200000000,95.5500000000,93.0000000000,93.5800000000,94.7300000000,14961155,1402826658.7500,2,7.784400,1,-1.214000,68.812237,13.008059,13.936561,134.652335,0
2025-06-18,sz.300570,93.5800000000,96.1300000000,89.7500000000,95.4200000000,93.5800000000,25560374,2387983427.8000,2,13.299300,1,1.966200,70.165245,13.263827,14.210586,137.299912,0
2025-06-19,sz.300570,94.7000000000,98.6800000000,94.3800000000,96.3800000000,95.4200000000,24043169,2328251389.7400,2,12.509900,1,1.006100,70.871163,13.397272,14.353556,138.681257,0
2025-06-20,sz.300570,96.0100000000,97.0200000000,93.1300000000,94.0000000000,96.3800000000,15709800,1484532385.0000,2,8.174000,1,-2.469400,69.121076,13.066441,13.999110,135.256673,0
2025-06-23,sz.300570,92.8200000000,94.7700000000,90.0100000000,91.8500000000,94.0000000000,19357134,1779537932.1500,2,10.071700,1,-2.287200,67.540115,12.767581,13.678918,132.163036,0
2025-06-24,sz.300570,92.1200000000,93.7200000000,89.7800000000,90.5100000000,91.8500000000,14610644,1333842123.2100,2,7.602100,1,-1.458900,66.554772,12.581314,13.479356,130.234909,0
2025-06-25,sz.300570,91.7700000000,92.7000000000,88.8800000000,90.4300000000,90.5100000000,15295001,1381852358.8900,2,7.958100,1,-0.088400,66.495946,12.570194,13.467442,130.119797,0
2025-06-26,sz.300570,92.1700000000,93.5500000000,90.2200000000,91.0800000000,90.4300000000,22250607,2045202798.2300,2,11.577200,1,0.718800,66.973911,12.660547,13.564244,131.055083,0
2025-06-27,sz.300570,89.7700000000,96.2700000000,88.3500000000,94.3600000000,91.0800000000,25732241,2399643418.2800,2,13.388700,1,3.601200,69.385795,13.116482,14.052724,135.774677,0
2025-06-30,sz.300570,95.5200000000,98.2500000000,93.6000000000,96.3800000000,94.3600000000,24031921,2309137881.6200,2,12.504100,1,2.140700,70.871163,13.397272,14.353556,138.681257,0
2025-07-01,sz.300570,95.0100000000,98.2500000000,94.3000000000,95.8400000000,96.3800000000,16265899,1561304895.6600,2,8.463300,1,-0.560300,70.474084,13.322209,14.273135,137.904250,0
2025-07-02,sz.300570,94.5000000000,94.7300000000,89.6600000000,91.4400000000,95.8400000000,17685624,1614146989.5400,2,9.202000,1,-4.591000,67.238630,12.710589,13.617858,131.573087,0
2025-07-03,sz.300570,92.3200000000,93.7700000000,91.2100000000,91.9000000000,91.4400000000,13374686,1237276716.3600,2,6.959000,1,0.503100,67.576882,12.774531,13.686364,132.234981,0
2025-07-04,sz.300570,92.2000000000,92.8800000000,88.5000000000,88.6800000000,91.9000000000,17722972,1593675809.0300,2,9.221400,1,-3.503800,65.209117,12.326936,13.206820,127.601721,0
2025-07-07,sz.300570,87.7700000000,94.0800000000,86.9800000000,92.0800000000,88.6800000000,18155441,1647097426.1900,2,9.446500,1,3.834000,67.709241,12.799552,13.713171,132.493983,0
2025-07-08,sz.300570,91.0500000000,99.9000000000,90.3500000000,98.0100000000,92.0800000000,28563709,2767433278.6900,2,14.862000,1,6.440100,72.069752,13.623849,14.596306,141.026665,0
2025-07-09,sz.300570,98.0000000000,99.8500000000,97.0700000000,98.3000000000,98.0100000000,15506006,1525848732.6200,2,8.067900,1,0.295900,72.282997,13.664161,14.639495,141.443946,0
2025-07-10,sz.300570,99.0000000000,103.0000000000,97.2000000000,102.3200000000,98.3000000000,29979105,3016299573.2000,2,15.598400,1,4.089500,75.239026,14.222960,15.238180,147.228327,0
2025-07-11,sz.300570,102.0200000000,104.8300000000,98.7600000000,99.0100000000,102.3200000000,22637976,2282624745.2600,2,11.778800,1,-3.234900,72.805082,13.762854,14.745233,142.465566,0
2025-07-14,sz.300570,98.0100000000,99.9000000000,96.6000000000,98.2000000000,99.0100000000,12747750,1254722186.5200,2,6.632800,1,-0.818100,72.209464,13.650260,14.624602,141.300056,0
2025-07-15,sz.300570,99.9900000000,108.0000000000,99.2200000000,107.0000000000,98.2000000000,30715709,3228049823.9000,2,15.981700,1,8.961300,78.680374,14.873502,15.935157,153.962383,0
2025-07-16,sz.300570,106.5000000000,106.5000000000,99.9300000000,99.9400000000,107.0000000000,25403288,2620133500.8100,2,13.217600,1,-6.598100,73.488940,13.892129,14.883735,143.803743,0
2025-07-17,sz.300570,99.9400000000,106.9800000000,98.9500000000,105.0000000000,99.9400000000,20503313,2128797254.6500,2,10.668100,1,5.063000,77.209712,14.595492,15.637304,151.084581,0
2025-07-18,sz.300570,106.2100000000,108.7000000000,102.3000000000,102.4600000000,105.0000000000,18839856,1983817370.7200,2,9.802600,1,-2.419000,75.341973,14.242420,15.259030,147.429773,0
2025-07-21,sz.300570,101.6200000000,103.1100000000,98.0000000000,99.0400000000,102.4600000000,16381836,1635022464.2900,2,8.523600,1,-3.337900,72.827142,13.767024,14.749701,142.508733,0
2025-07-22,sz.300570,98.4000000000,115.9700000000,98.4000000000,110.1300000000,99.0400000000,34323054,3767184727.4100,2,17.858600,1,11.197500,80.981958,15.308586,16.401298,158.466142,0
2025-07-23,sz.300570,108.1200000000,114.8800000000,106.8000000000,113.9900000000,110.1300000000,24164277,2700827678.7200,2,12.572900,1,3.504900,83.820334,15.845144,16.976155,164.020299,0
2025-07-24,sz.300570,114.5000000000,115.7400000000,103.4600000000,104.2600000000,113.9900000000,30532459,3257818722.6300,2,15.886400,1,-8.535800,76.665568,14.492629,15.527098,150.019795,0
2025-07-25,sz.300570,103.8000000000,104.9900000000,102.0000000000,102.9800000000,104.2600000000,13178283,1360702599.0300,2,6.856800,1,-1.227700,75.724345,14.314703,15.336472,148.178002,0
2025-07-28,sz.300570,102.3000000000,106.7000000000,100.8000000000,105.6500000000,102.9800000000,18851870,1960182578.5100,2,9.808800,1,2.592700,77.687677,14.685845,15.734106,152.019867,0
2025-07-29,sz.300570,104.9400000000,111.6800000000,104.6500000000,111.2100000000,105.6500000000,24084783,2634945938.8800,2,12.531600,1,5.262700,81.776115,15.458711,16.562139,160.020155,0
2025-07-30,sz.300570,120.3700000000,125.0000000000,116.6000000000,118.3100000000,111.2100000000,34113191,4098632230.1900,2,17.749400,1,6.384300,86.996963,16.445645,17.619518,170.236351,0
2025-07-31,sz.300570,120.7000000000,124.3900000000,113.1800000000,114.0200000000,118.3100000000,29857080,3544672742.7400,2,15.534900,1,-3.626100,83.842394,15.849315,16.980623,164.063466,0
2025-08-01,sz.300570,114.0000000000,114.8800000000,109.3200000000,111.0700000000,114.0200000000,16876137,1893146331.7000,2,8.780800,1,-2.587300,81.673169,15.439251,16.541289,159.818709,0
2025-08-04,sz.300570,109.1900000000,118.9200000000,107.9200000000,114.8300000000,111.0700000000,21691637,2487786435.2300,2,11.286400,1,3.385300,84.438012,15.961908,17.101254,165.228976,0
2025-08-05,sz.300570,119.5400000000,125.6600000000,114.9000000000,120.1100000000,114.8300000000,26692012,3203870557.6600,2,13.888100,1,4.598100,88.320558,16.695853,17.887587,172.826372,0
2025-08-06,sz.300570,118.1000000000,120.5800000000,116.8000000000,117.4700000000,120.1100000000,13996364,1653800760.4600,2,7.282500,1,-2.198000,86.379285,16.328881,17.494420,169.027674,0
2025-08-07,sz.300570,117.9000000000,127.5000000000,115.6000000000,125.2100000000,117.4700000000,30664947,3759339236.8800,2,15.955300,1,6.588900,92.070744,17.404777,18.647113,180.164766,0
2025-08-08,sz.300570,122.7100000000,124.8300000000,116.5000000000,117.2600000000,125.2100000000,20366367,2455085133.9100,2,10.596800,1,-6.349300,86.224866,16.299690,17.463145,168.725505,0
2025-08-11,sz.300570,117.2800000000,126.8800000000,116.3700000000,121.9800000000,117.2600000000,20656625,2495634254.3300,2,10.747900,1,4.025200,89.695626,16.955792,18.166079,175.517117,0
2025-08-12,sz.300570,121.7600000000,128.0000000000,118.5800000000,126.6000000000,121.9800000000,23011678,2826049475.5000,2,11.973200,1,3.787500,93.092853,17.597994,18.854121,182.164838,0
2025-08-13,sz.300570,125.8200000000,135.8900000000,124.6800000000,135.0000000000,126.6000000000,26759983,3482907371.1700,2,13.923500,1,6.635100,99.269630,18.765633,20.105105,194.251605,0
2025-08-14,sz.300570,132.2200000000,139.9600000000,127.6700000000,136.1900000000,135.0000000000,22291706,2958063719.7900,2,11.598600,1,0.881500,100.144674,18.931048,20.282328,195.963897,0
2025-08-15,sz.300570,117.0000000000,122.5000000000,110.2100000000,119.7000000000,136.1900000000,40411555,4732948334.1800,2,21.026500,1,-12.108100,76.562046,17.348805,16.025888,-2911.358834,0
2025-08-18,sz.300570,117.1200000000,123.8800000000,114.2700000000,120.5600000000,119.7000000000,32323250,3863290533.5700,2,16.818100,1,0.718500,77.112116,17.473449,16.141028,-2932.275865,0
2025-08-19,sz.300570,121.0000000000,135.0000000000,120.6200000000,128.1400000000,120.5600000000,31458244,4012852793.0900,2,16.368000,1,6.287300,81.960406,18.572062,17.155867,-3116.637602,0
2025-08-20,sz.300570,126.0000000000,128.0000000000,121.9600000000,124.4000000000,128.1400000000,19115608,2364971562.9800,2,9.946000,1,-2.918700,79.568242,18.030002,16.655142,-3025.672840,0
2025-08-21,sz.300570,126.9600000000,128.3900000000,116.6800000000,118.5000000000,124.4000000000,21374959,2595649644.8700,2,11.121600,1,-4.742800,75.794507,17.174882,15.865227,-2882.172279,0
2025-08-22,sz.300570,118.5000000000,122.2000000000,115.6000000000,120.9700000000,118.5000000000,21686654,2577320993.8600,2,11.283800,1,2.084400,77.374358,17.532873,16.195920,-2942.247938,0
2025-08-25,sz.300570,123.0000000000,128.0000000000,119.2300000000,126.1900000000,120.9700000000,30219306,3755416311.9700,2,15.723400,1,4.315100,80.713154,18.289437,16.894794,-3069.209451,0
2025-08-26,sz.300570,124.0000000000,124.8000000000,119.0000000000,119.0000000000,126.1900000000,24705498,2987438870.9500,2,12.854500,1,-5.697800,76.114315,17.247350,15.932169,-2894.333344,0
2025-08-27,sz.300570,119.0000000000,132.5500000000,118.0000000000,124.0600000000,119.0000000000,39653638,4954759443.5100,2,20.632200,1,4.252100,79.350772,17.980724,16.609621,-3017.403316,0
2025-08-28,sz.300570,121.2400000000,137.3400000000,121.2400000000,136.2400000000,124.0600000000,43184993,5659800852.3700,2,22.469600,1,9.817800,87.141296,19.746041,18.240326,-3313.646846,0
2025-08-29,sz.300570,137.8000000000,145.5000000000,133.3300000000,139.6900000000,136.2400000000,36981085,5169773301.9600,2,19.241600,1,2.532300,89.347972,20.246069,18.702225,-3397.558191,0
2025-09-01,sz.300570,138.8200000000,147.6600000000,130.3300000000,142.1500000000,139.6900000000,35443579,4902314945.2000,2,18.441700,1,1.761000,90.921427,20.602611,19.031579,-3457.390629,0
2025-09-02,sz.300570,142.8000000000,143.8000000000,123.7700000000,126.9000000000,142.1500000000,32813812,4365477002.4000,2,17.073400,1,-10.728100,81.167282,18.392342,16.989851,-3086.478162,0
2025-09-03,sz.300570,125.3800000000,129.3900000000,122.9500000000,127.4600000000,126.9000000000,20808833,2625003656.0300,2,10.827000,1,0.441300,81.525467,18.473506,17.064826,-3100.098554,0
2025-09-04,sz.300570,127.3000000000,127.9800000000,104.2100000000,107.8500000000,127.4600000000,27888080,3187507856.7000,2,14.510500,1,-15.385200,68.982595,15.631316,14.439365,-2623.141606,0
2025-09-05,sz.300570,107.0000000000,114.5000000000,103.0300000000,112.0200000000,107.8500000000,25185739,2724347483.8600,2,13.104400,1,3.866500,71.649794,16.235698,14.997661,-2724.564884,0
2025-09-08,sz.300570,110.3300000000,110.5000000000,102.5500000000,106.2000000000,112.0200000000,22082535,2336990076.5600,2,11.489800,1,-5.195500,67.927229,15.392172,14.218457,-2583.010093,0
2025-09-09,sz.300570,105.0500000000,108.8300000000,103.8500000000,105.3800000000,106.2000000000,14756760,1566084942.2200,2,7.678100,1,-0.772100,67.402744,15.273325,14.108672,-2563.065947,0
2025-09-10,sz.300570,107.9300000000,111.8800000000,104.9000000000,109.2700000000,105.3800000000,23191530,2518635319.2000,2,12.066800,1,3.691400,69.890850,15.837125,14.629480,-2657.679029,0
2025-09-11,sz.300570,111.0000000000,125.0500000000,108.8000000000,122.3500000000,109.2700000000,29891279,3480066994.7300,2,15.552700,1,11.970300,78.257029,17.732884,16.380680,-2975.812476,0
2025-09-12,sz.300570,118.6300000000,119.8800000000,115.2300000000,117.0000000000,122.3500000000,17267641,2031428946.4600,2,8.984500,1,-4.372700,74.835083,16.957478,15.664402,-2845.689086,0
2025-09-15,sz.300570,116.0000000000,116.7500000000,113.2000000000,114.9100000000,117.0000000000,11685562,1343840838.5200,2,6.080100,1,-1.786300,73.498285,16.654562,15.384585,-2794.855836,0
2025-09-16,sz.300570,114.9000000000,115.9800000000,110.2000000000,113.4000000000,114.9100000000,15190592,1714582304.3900,2,7.903800,1,-1.314100,72.532465,16.435710,15.182420,-2758.129422,0
2025-09-17,sz.300570,113.2500000000,116.0000000000,111.8500000000,113.5900000000,113.4000000000,12516203,1425530646.2900,2,6.512300,1,0.167500,72.653992,16.463247,15.207858,-2762.750626,0
2025-09-18,sz.300570,113.0000000000,120.0000000000,111.5000000000,116.1900000000,113.5900000000,21396864,2489899291.6400,2,11.133000,1,2.288900,74.316993,16.840080,15.555956,-2825.988161,0
2025-09-19,sz.300570,118.0000000000,119.9800000000,114.5000000000,116.9900000000,116.1900000000,15842351,1859544466.1400,2,8.242900,1,0.688500,74.828686,16.956029,15.663063,-2845.445864,0
2025-09-22,sz.300570,116.0000000000,118.9900000000,110.5000000000,116.4600000000,116.9900000000,13284586,1533778560.6000,2,6.912100,1,-0.453000,74.489690,16.879213,15.592104,-2832.555136,0
2025-09-23,sz.300570,120.8000000000,122.5000000000,112.0100000000,116.5200000000,116.4600000000,15090202,1756369570.1900,2,7.851600,1,0.051500,74.528067,16.887909,15.600138,-2834.014464,0
2025-09-24,sz.300570,113.0500000000,114.6600000000,112.0800000000,113.3800000000,116.5200000000,11427124,1295746128.3400,2,5.945600,1,-2.694800,72.519672,16.432811,15.179742,-2757.642979,0
2025-09-25,sz.300570,113.2900000000,116.0000000000,110.3000000000,113.9800000000,113.3800000000,12485426,1421263641.6900,2,6.496300,1,0.529200,72.903442,16.519772,15.260073,-2772.236256,0
2025-09-26,sz.300570,112.3300000000,114.4900000000,106.0000000000,106.0200000000,113.9800000000,15043992,1648261216.6700,2,7.827500,1,-6.983700,67.812098,15.366084,14.194358,-2578.632110,0
2025-09-29,sz.300570,106.3100000000,109.4500000000,105.3400000000,108.9100000000,106.0200000000,9461032,1023026778.7800,2,4.922700,1,2.725900,69.660588,15.784948,14.581282,-2648.923063,0
2025-09-30,sz.300570,108.9600000000,110.9900000000,104.9000000000,105.2800000000,108.9100000000,12049739,1286436983.7300,2,6.269600,1,-3.333000,67.338782,15.258832,14.095284,-2560.633735,0
2025-10-09,sz.300570,105.5100000000,109.8700000000,105.4400000000,108.1500000000,105.2800000000,11249135,1214609419.6700,2,5.853000,1,2.726100,69.174480,15.674797,14.479530,-2630.438245,0
2025-10-10,sz.300570,107.6100000000,108.3600000000,101.1600000000,101.8900000000,108.1500000000,12353807,1286673317.1100,2,6.427800,1,-5.788300,65.170483,14.767500,13.641418,-2478.181717,0
2025-10-13,sz.300570,94.0200000000,101.8900000000,94.0000000000,100.0800000000,101.8900000000,9896064,980251052.5500,2,5.149000,1,-1.776400,64.012778,14.505166,13.399088,-2434.158664,0
2025-10-14,sz.300570,101.5100000000,101.9000000000,95.2300000000,96.0000000000,100.0800000000,10186144,1002421325.3300,2,5.300000,1,-4.076700,61.403145,13.913828,12.852842,-2334.924378,0
2025-10-15,sz.300570,96.0000000000,97.7000000000,94.6900000000,97.6200000000,96.0000000000,6985249,672746686.6100,2,3.634500,1,1.687500,62.439323,14.148624,13.069734,-2374.326227,0
2025-10-16,sz.300570,97.0000000000,100.3800000000,96.3000000000,97.9400000000,97.6200000000,9221691,909518170.7500,2,4.798100,1,0.327800,62.644000,14.195003,13.112577,-2382.109308,0
2025-10-17,sz.300570,97.6500000000,98.1700000000,94.6600000000,94.9900000000,97.9400000000,7765481,746077300.4400,2,4.040500,1,-3.012000,60.757132,13.767443,12.717620,-2310.359028,0
2025-10-20,sz.300570,96.9000000000,100.3300000000,96.9000000000,97.7600000000,94.9900000000,10497174,1034552504.9600,2,5.461800,1,2.916100,62.528869,14.168915,13.088478,-2377.731325,0
2025-10-21,sz.300570,97.5600000000,102.9600000000,96.1300000000,101.8500000000,97.7600000000,14149762,1419622181.2600,2,7.362300,1,4.183700,65.144899,14.761702,13.636063,-2477.208832,0
2025-10-22,sz.300570,100.3300000000,105.2700000000,100.2700000000,103.1200000000,101.8500000000,13646335,1410557902.2200,2,7.100300,1,1.246900,65.957211,14.945770,13.806095,-2508.097936,0
2025-10-23,sz.300570,102.1600000000,103.0300000000,99.0000000000,101.0300000000,103.1200000000,8184175,821841501.5200,2,4.258300,1,-2.026800,64.620414,14.642855,13.526278,-2457.264687,0
2025-10-24,sz.300570,101.9800000000,108.7000000000,100.5000000000,108.3000000000,101.0300000000,18105881,1914603004.0900,2,9.420700,1,7.195900,69.270423,15.696537,14.499613,-2634.086564,0
2025-10-27,sz.300570,110.7100000000,111.9800000000,108.1000000000,111.6500000000,108.3000000000,17089010,1889514814.5900,2,8.891600,1,3.093300,71.413136,16.182072,14.948124,-2715.565696,0
2025-10-28,sz.300570,106.0000000000,113.4000000000,105.0100000000,110.3200000000,111.6500000000,19696893,2157584276.3600,2,10.248500,1,-1.191200,66.678252,15.091279,14.948211,267.141107,0
2025-10-29,sz.300570,111.7700000000,113.2500000000,107.6000000000,109.0000000000,110.3200000000,14993617,1652110162.1400,2,7.801300,1,-1.196500,65.880434,14.910709,14.769352,263.944712,0
2025-10-30,sz.300570,107.5300000000,108.5700000000,102.3000000000,102.3500000000,109.0000000000,15387613,1607314545.0000,2,8.006300,1,-6.100900,61.861123,14.001019,13.868286,247.841663,0
2025-10-31,sz.300570,102.4600000000,103.5000000000,99.7600000000,100.2800000000,102.3500000000,9442821,955382194.5000,2,4.913200,1,-2.022500,60.609999,13.717852,13.587804,242.829135,0
2025-11-03,sz.300570,100.9300000000,100.9700000000,97.3900000000,98.4000000000,100.2800000000,7329226,722182936.3900,2,3.813500,1,-1.874800,59.473713,13.460677,13.333067,238.276694,0
2025-11-04,sz.300570,98.4100000000,99.2200000000,96.2400000000,97.0500000000,98.4000000000,6812689,665647475.6400,2,3.544700,1,-1.372000,58.657762,13.276003,13.150144,235.007654,0
2025-11-05,sz.300570,94.9400000000,96.0000000000,93.2900000000,95.3000000000,97.0500000000,8260548,781203724.6500,2,4.298000,1,-1.803200,57.600049,13.036611,12.913021,230.770010,0
2025-11-06,sz.300570,96.0100000000,100.9700000000,96.0100000000,98.2100000000,95.3000000000,9668692,950696329.2700,2,5.030700,1,3.053500,59.358875,13.434686,13.307322,237.816607,0
2025-11-07,sz.300570,97.0000000000,102.5700000000,95.7500000000,99.8100000000,98.2100000000,13162115,1313043996.3900,2,6.848400,1,1.629200,60.325927,13.653558,13.524120,241.691025,0
2025-11-10,sz.300570,99.0000000000,99.4400000000,95.0900000000,96.9400000000,99.8100000000,9953248,962051127.3400,2,5.178800,1,-2.875500,58.591277,13.260955,13.135239,234.741288,0
2025-11-11,sz.300570,98.7000000000,100.9600000000,96.1100000000,96.3800000000,96.9400000000,9119019,899282419.5400,2,4.744700,1,-0.577700,58.252809,13.184350,13.059360,233.385242,0
2025-11-12,sz.300570,95.0000000000,95.0100000000,91.3100000000,93.9300000000,96.3800000000,11026523,1024592895.9300,2,5.737200,1,-2.542000,56.772010,12.849201,12.727388,227.452539,0
2025-11-13,sz.300570,93.4500000000,93.7800000000,91.9200000000,92.8000000000,93.9300000000,9490626,879609860.0600,2,4.938100,1,-1.203000,56.089030,12.694622,12.574274,224.716232,0
2025-11-14,sz.300570,91.0000000000,91.0900000000,88.8100000000,88.9000000000,92.8000000000,10806576,970413937.2900,2,5.622800,1,-4.202600,53.731840,12.161119,12.045830,215.272339,0
2025-11-17,sz.300570,88.8000000000,91.1500000000,88.8000000000,90.9000000000,88.9000000000,7574520,682495714.8000,2,3.941100,1,2.249700,54.940655,12.434710,12.316827,220.115361,0
2025-11-18,sz.300570,90.0000000000,92.2000000000,89.1100000000,89.8100000000,90.9000000000,8527364,772346695.1700,2,4.436900,1,-1.199100,54.281851,12.285603,12.169133,217.475914,0
2025-11-19,sz.300570,89.6200000000,93.0000000000,89.2000000000,90.5600000000,89.8100000000,9934783,907577580.4600,2,5.169200,1,0.835100,54.735157,12.388200,12.270757,219.292047,0
2025-11-20,sz.300570,94.5100000000,94.9800000000,89.1500000000,91.1300000000,90.5600000000,13000099,1185240556.5000,2,6.764100,1,0.629400,55.079669,12.466173,12.347992,220.672308,0
2025-11-21,sz.300570,88.2000000000,90.9900000000,86.0200000000,87.0000000000,91.1300000000,11014371,967495873.5500,2,5.730900,1,-4.532000,52.583465,11.901208,11.788382,210.671467,0
2025-11-24,sz.300570,88.0600000000,90.5500000000,87.1500000000,88.8800000000,87.0000000000,11314331,1007041788.0400,2,5.887000,1,2.160900,53.719752,12.158384,12.043120,215.223908,0
2025-11-25,sz.300570,90.0000000000,99.9000000000,89.9000000000,97.0600000000,88.8800000000,27041587,2595085976.7300,2,14.070000,1,9.203400,58.663806,13.277371,13.151499,235.031869,0
2025-11-26,sz.300570,96.0000000000,102.6000000000,95.4500000000,99.9900000000,97.0600000000,28413747,2843040476.7900,2,14.784000,1,3.018800,60.434721,13.678182,13.548510,242.126897,0
2025-11-27,sz.300570,99.0000000000,113.2200000000,98.0000000000,107.5000000000,99.9900000000,39534626,4245085391.5400,2,20.570300,1,7.510800,64.973822,14.705516,14.566104,260.312445,0
2025-11-28,sz.300570,107.7000000000,109.9900000000,104.4500000000,106.4000000000,107.5000000000,26177834,2783903530.3600,2,13.620600,1,-1.023300,64.308974,14.555041,14.417056,257.648783,0
2025-12-01,sz.300570,107.0000000000,107.5000000000,103.7000000000,104.7600000000,106.4000000000,17399938,1823684318.8300,2,9.053400,1,-1.541400,63.317745,14.330696,14.194838,253.677505,0
2025-12-02,sz.300570,103.0300000000,103.7600000000,100.5000000000,102.3300000000,104.7600000000,14782213,1511339593.9200,2,7.691300,1,-2.319600,61.849035,13.998283,13.865576,247.793233,0
2025-12-03,sz.300570,102.3300000000,105.7900000000,102.0000000000,103.3000000000,102.3300000000,18854465,1954172190.9700,2,9.810200,1,0.947900,62.435310,14.130975,13.997010,250.142099,0
2025-12-04,sz.300570,102.0200000000,104.4900000000,100.0000000000,102.8500000000,103.3000000000,14946048,1530900740.1300,2,7.776600,1,-0.435600,62.163327,14.069417,13.936036,249.052419,0
2025-12-05,sz.300570,103.0900000000,115.8600000000,103.0900000000,112.3600000000,102.8500000000,40885806,4523333384.2700,2,21.273300,1,9.246500,67.911243,15.370342,15.224628,272.080989,0
2025-12-08,sz.300570,112.2000000000,122.9500000000,112.2000000000,119.7500000000,112.3600000000,39241591,4668693736.4500,2,20.417800,1,6.577100,72.377816,16.381260,16.225963,289.975957,0
2025-12-09,sz.300570,119.7900000000,133.5800000000,119.7900000000,127.8800000000,119.7500000000,34937497,4490176899.7900,2,18.178300,1,6.789100,77.291650,17.493408,17.327567,309.662842,0
2025-12-10,sz.300570,125.5800000000,129.7000000000,125.0000000000,128.2400000000,127.8800000000,23622375,3008383834.9400,2,12.291000,1,0.281500,77.509237,17.542654,17.376346,310.534586,0
2025-12-11,sz.300570,127.0000000000,128.0000000000,119.0600000000,119.3400000000,128.2400000000,25485312,3124416749.2100,2,13.260300,1,-6.940100,72.130009,16.325174,16.170408,288.983137,0
2025-12-12,sz.300570,121.5600000000,124.4700000000,116.4100000000,121.7100000000,119.3400000000,25669305,3102693068.7100,2,13.356000,1,1.985900,73.562455,16.649380,16.491540,294.722118,0
2025-12-15,sz.300570,117.0000000000,120.5400000000,114.0100000000,114.3100000000,121.7100000000,19046530,2201430456.7800,2,9.910100,1,-6.080000,69.089838,15.637093,15.488850,276.802936,0
2025-12-16,sz.300570,114.3200000000,117.8000000000,110.1600000000,111.1800000000,114.3100000000,14799907,1673013750.8400,2,7.700500,1,-2.738200,67.198042,15.208923,15.064739,269.223606,0
2025-12-17,sz.300570,111.7500000000,120.9900000000,110.5000000000,120.8000000000,111.1800000000,27017101,3152928836.9100,2,14.057300,1,8.652600,73.012444,16.524896,16.368236,292.518543,0
2025-12-18,sz.300570,118.5000000000,122.7400000000,117.4400000000,118.2500000000,120.8000000000,17996160,2156078958.0100,2,9.363600,1,-2.110900,71.471204,16.176067,16.022715,286.343690,0
2025-12-19,sz.300570,120.0000000000,121.0400000000,115.2000000000,115.8000000000,118.2500000000,14952443,1755556314.8200,2,7.779900,1,-2.071900,69.990406,15.840918,15.690743,280.410988,0
2025-12-22,sz.300570,117.7000000000,121.5200000000,116.7900000000,119.4400000000,115.8000000000,18893634,2256575567.2200,2,9.830600,1,3.143400,72.190450,16.338854,16.183958,289.225288,0
2025-12-23,sz.300570,118.9700000000,121.4400000000,117.0000000000,118.8000000000,119.4400000000,16428876,1947803595.5200,2,8.548100,1,-0.535800,71.803629,16.251305,16.097239,287.675521,0
2025-12-24,sz.300570,118.8100000000,121.8000000000,115.6100000000,121.4800000000,118.8000000000,24574266,2923899156.5300,2,12.786200,1,2.255900,73.423441,16.617917,16.460376,294.165171,0
2025-12-25,sz.300570,121.4800000000,123.5000000000,117.6300000000,120.0000000000,121.4800000000,17358444,2083228653.1100,2,9.031800,1,-1.218300,72.528918,16.415459,16.259838,290.581334,0
2025-12-26,sz.300570,118.0300000000,120.5500000000,115.1100000000,117.2500000000,120.0000000000,14738804,1729440818.6300,2,7.668800,1,-2.291700,70.866797,16.039272,15.887216,283.922179,0
2025-12-29,sz.300570,117.0100000000,123.8300000000,117.0100000000,119.2600000000,117.2500000000,21109891,2542640017.0600,2,10.983700,1,1.714300,72.081656,16.314231,16.159569,288.789416,0
2025-12-30,sz.300570,117.4700000000,123.8000000000,116.8500000000,120.0000000000,119.2600000000,19758749,2375404470.9000,2,10.280700,1,0.620500,72.528918,16.415459,16.259838,290.581334,0
2025-12-31,sz.300570,119.2500000000,120.6100000000,113.8800000000,115.5500000000,120.0000000000,18162944,2117126934.2100,2,9.450400,1,-3.708300,69.839304,15.806719,15.656869,279.805610,0
2026-01-05,sz.300570,116.9000000000,123.0000000000,116.0100000000,120.3700000000,115.5500000000,23121018,2784224259.5900,2,12.030100,1,4.171400,72.752549,16.466074,16.309972,291.477293,0
2026-01-06,sz.300570,119.0700000000,120.0000000000,112.7200000000,116.1300000000,120.3700000000,23738535,2735334131.4000,2,12.351400,1,-3.522500,70.189860,15.886061,15.735458,281.210086,0
2026-01-07,sz.300570,117.5000000000,122.0400000000,115.6900000000,118.8800000000,116.1300000000,22701255,2709910506.2200,2,11.811700,1,2.368000,71.851981,16.262248,16.108079,287.869242,0
2026-01-08,sz.300570,117.2200000000,120.3400000000,114.9100000000,115.9900000000,118.8800000000,16666707,1956789650.3000,2,8.671900,1,-2.431000,70.105243,15.866909,15.716488,280.871075,0
2026-01-09,sz.300570,114.8000000000,116.4900000000,110.5500000000,115.5400000000,115.9900000000,17610504,2005069537.4200,2,9.162900,1,-0.388000,69.833260,15.805351,15.655514,279.781395,0
2026-01-12,sz.300570,113.6900000000,114.8300000000,109.7800000000,113.2000000000,115.5400000000,19656010,2207113587.7700,2,10.227200,1,-2.025300,68.418946,15.485250,15.338447,274.115059,0
2026-01-13,sz.300570,112.2800000000,116.5800000000,106.8500000000,107.7100000000,113.2000000000,23168159,2567829931.4700,2,12.054600,1,-4.849800,65.100748,14.734243,14.594559,260.820963,0
2026-01-14,sz.300570,108.0000000000,109.0000000000,104.1700000000,106.8000000000,107.7100000000,22672888,2415856751.4200,2,11.796900,1,-0.844900,64.550737,14.609759,14.471255,258.617388,0
2026-01-15,sz.300570,105.0900000000,107.9900000000,104.8000000000,107.6200000000,106.8000000000,14227556,1517580995.7900,2,7.402700,1,0.767800,65.046351,14.721931,14.582364,260.603027,0
2026-01-16,sz.300570,108.5000000000,114.9000000000,108.5000000000,113.9900000000,107.6200000000,27623442,3091344177.0200,2,14.372800,1,5.919000,68.896428,15.593318,15.445491,276.028053,0
2026-01-19,sz.300570,111.5000000000,112.5000000000,108.0000000000,108.3800000000,113.9900000000,16754055,1830102031.1700,2,8.717300,1,-4.921500,65.505701,14.825896,14.685343,262.443375,0
2026-01-20,sz.300570,108.3000000000,108.5000000000,101.6000000000,102.5800000000,108.3800000000,16424469,1705984899.6000,2,8.545800,1,-5.351500,62.000137,14.032482,13.899451,248.398611,0
2026-01-21,sz.300570,101.1500000000,110.0000000000,101.1100000000,107.4500000000,102.5800000000,17796812,1888208928.3000,2,9.259900,1,4.747500,64.943602,14.698676,14.559330,260.191370,0
2026-01-22,sz.300570,107.5000000000,108.5000000000,105.0000000000,107.0000000000,107.4500000000,12236215,1302710187.2700,2,6.366600,1,-0.418800,64.671618,14.637118,14.498355,259.101690,0
2026-01-23,sz.300570,106.0300000000,106.5000000000,101.6000000000,102.1800000000,107.0000000000,20582238,2120382374.3700,2,10.709100,1,-4.504700,61.758374,13.977764,13.845252,247.430006,0
2026-01-26,sz.300570,101.9600000000,104.3600000000,101.3800000000,102.7500000000,102.1800000000,12247936,1254667567.4800,2,6.372700,1,0.557800,62.102886,14.055737,13.922486,248.810268,0
2026-01-27,sz.300570,101.8800000000,105.9700000000,100.1800000000,105.0400000000,102.7500000000,18664546,1944015720.4100,2,9.711400,1,2.228700,63.486979,14.368999,14.232778,254.355528,0
2026-01-28,sz.300570,120.0000000000,123.0000000000,111.5200000000,113.0500000000,105.0400000000,46638211,5477791743.9000,2,24.266300,1,7.625700,68.328285,15.464731,15.318122,273.751832,0
2026-01-29,sz.300570,110.1800000000,114.7000000000,106.8000000000,110.8000000000,113.0500000000,29876904,3285474978.1400,2,15.545300,1,-1.990300,66.968367,15.156941,15.013250,268.303432,0
2026-01-30,sz.300570,108.8800000000,125.5200000000,108.4000000000,125.1000000000,110.8000000000,48917636,5810504009.1700,2,25.452300,1,12.906100,75.611397,17.113116,16.950881,302.931041,0
2026-02-02,sz.300570,121.0100000000,123.6800000000,115.0500000000,115.5600000000,125.1000000000,29698956,3536054209.1200,2,15.452700,1,-7.625900,69.845348,15.808087,15.658224,279.829825,0
2026-02-03,sz.300570,119.0000000000,126.8300000000,118.5500000000,125.7500000000,115.5600000000,39916953,4939872212.5500,2,20.769200,1,8.817900,76.004262,17.202033,17.038955,304.505023,0
2026-02-04,sz.300570,123.0100000000,132.2800000000,123.0000000000,129.8900000000,125.7500000000,41358502,5324058835.9300,2,21.519300,1,3.292200,78.506509,17.768367,17.599919,314.530079,0
2026-02-05,sz.300570,126.0000000000,128.4000000000,114.4000000000,116.5200000000,129.8900000000,32887204,3922528915.4900,2,17.111500,1,-10.293300,70.425579,15.939411,15.788302,282.154476,0
2026-02-06,sz.300570,113.9000000000,125.0400000000,113.9000000000,120.7600000000,116.5200000000,31158709,3749093740.8500,2,16.212200,1,3.638900,72.988268,16.519424,16.362817,292.421683,0
2026-02-09,sz.300570,127.0100000000,142.0000000000,123.3800000000,137.7400000000,120.7600000000,44827043,6010206888.1300,2,23.324000,1,14.060900,83.251110,18.842211,18.663584,333.538942,0
2026-02-10,sz.300570,139.0500000000,146.9900000000,137.2800000000,137.4600000000,137.7400000000,32827749,4629942554.0400,2,17.080600,1,-0.203300,83.081875,18.803909,18.625644,332.860919,0
2026-02-11,sz.300570,135.0100000000,139.2600000000,132.2500000000,133.4400000000,137.4600000000,21063027,2846486644.6800,2,10.959300,1,-2.924500,80.652157,18.253991,18.080939,323.126444,0
2026-02-12,sz.300570,135.6700000000,158.1000000000,135.5900000000,154.0500000000,133.4400000000,41450853,6236078664.7900,2,21.567300,1,15.445100,93.108998,21.073346,20.873566,373.033788,0
2026-02-13,sz.300570,153.3300000000,155.9600000000,141.9800000000,143.2400000000,154.0500000000,26273847,3829564459.8000,2,13.670600,1,-7.017200,86.575352,19.594587,19.408826,346.857253,0
2026-02-24,sz.300570,146.0000000000,153.2400000000,146.0000000000,147.9700000000,143.2400000000,29239837,4383630748.2400,2,15.213800,1,3.302200,89.434200,20.241629,20.049735,358.311000,0
2026-02-25,sz.300570,149.0000000000,150.0000000000,135.6600000000,139.3100000000,147.9700000000,31375384,4374723661.2500,2,16.324900,1,-5.852500,84.200030,19.056980,18.876316,337.340714,0
2026-02-26,sz.300570,140.8300000000,148.9700000000,138.5000000000,143.7000000000,139.3100000000,33737875,4818452558.3200,2,17.554200,1,3.151200,86.853379,19.657513,19.471155,347.971148,0
2026-02-27,sz.300570,139.0100000000,139.6800000000,132.9200000000,135.8600000000,143.7000000000,24429417,3309955301.5300,2,12.710900,1,-5.455800,82.114823,18.585036,18.408846,328.986501,0
2026-03-02,sz.300570,133.0000000000,147.9800000000,133.0000000000,139.2300000000,135.8600000000,31285939,4401581492.8900,2,16.278400,1,2.480500,84.151677,19.046037,18.865476,337.146993,0
2026-03-03,sz.300570,142.9200000000,145.5000000000,135.5000000000,135.7500000000,139.2300000000,22388952,3143164423.6600,2,11.649200,1,-2.499500,82.048338,18.569988,18.393941,328.720135,0
2026-03-04,sz.300570,132.0000000000,135.7200000000,130.0000000000,131.9900000000,135.7500000000,15563774,2067691799.1200,2,8.098000,1,-2.769800,79.775766,18.055637,17.884466,319.615253,0
2026-03-05,sz.300570,135.6900000000,135.7000000000,127.2100000000,128.9900000000,131.9900000000,22769877,2980533698.9700,2,11.847400,1,-2.272900,77.962543,17.645251,17.477970,312.350719,0
2026-03-06,sz.300570,130.0000000000,131.2700000000,124.1000000000,127.7000000000,128.9900000000,16271955,2074423656.4600,2,8.466500,1,-1.000100,77.182857,17.468785,17.303177,309.226970,0
2026-03-09,sz.300570,123.4600000000,123.8800000000,115.5400000000,120.7800000000,127.7000000000,19946437,2361788094.5900,2,10.378300,1,-5.419000,73.000356,16.522160,16.365526,292.470113,0
2026-03-10,sz.300570,124.7100000000,130.9300000000,124.1000000000,130.0600000000,120.7800000000,22037963,2822174675.3100,2,11.466600,1,7.683400,78.609259,17.791622,17.622954,314.941736,0
2026-03-11,sz.300570,131.0000000000,136.5000000000,128.9000000000,129.8000000000,130.0600000000,21874751,2898327420.1200,2,11.381700,1,-0.199900,78.452113,17.756055,17.587724,314.312143,0
2026-03-12,sz.300570,130.1900000000,136.8000000000,127.8700000000,132.3700000000,129.8000000000,26197152,3473265588.1800,2,13.630600,1,1.980000,80.005440,18.107620,17.935956,320.535427,0
2026-03-13,sz.300570,129.0100000000,131.9200000000,127.0000000000,127.9000000000,132.3700000000,15833238,2043374442.3500,2,8.238200,1,-3.376900,77.303738,17.496144,17.330277,309.711272,0
2026-03-16,sz.300570,126.5600000000,128.4100000000,124.0000000000,126.1100000000,127.9000000000,15256415,1921581315.9600,2,7.938100,1,-1.399500,76.221849,17.251280,17.087734,305.376767,0
2026-03-17,sz.300570,126.1200000000,126.2000000000,112.8000000000,113.8400000000,126.1100000000,28934044,3393718462.6500,2,15.054700,1,-9.729600,68.805767,15.572799,15.425166,275.664826,0
2026-03-18,sz.300570,115.7900000000,117.9600000000,113.5800000000,117.5000000000,113.8400000000,16586945,1917760749.5600,2,8.630400,1,3.215000,71.017899,16.073471,15.921091,284.527557,0
