date,code,open,high,low,close,preclose,volume,amount,adjustflag,turn,tradestatus,pctChg,peTTM,pbMRQ,psTTM,pcfNcfTTM,isST
2023-06-26,sz.301225,34.8191157600,36.4067028000,34.5251181600,35.3091117600,35.0445139200,5763906,209390974.7000,2,24.382800,1,0.755000,35.791016,7.113154,5.121588,445.278030,0
2023-06-27,sz.301225,34.6819168800,36.2597040000,33.5843258400,35.0347140000,35.3091117600,5550481,198855489.0300,2,23.479900,1,-0.777100,35.512873,7.057876,5.081786,441.817641,0
2023-06-28,sz.301225,34.1821209600,34.7603162400,33.6823250400,34.6819168800,35.0347140000,4845063,169525594.3000,2,20.495800,1,-1.007000,35.155261,6.986803,5.030613,437.368568,0
2023-06-29,sz.301225,34.3291197600,35.9461065600,34.2997200000,34.9759144800,34.6819168800,4372757,156460732.0400,2,18.497900,1,0.847700,35.453271,7.046030,5.073257,441.076128,0
2023-06-30,sz.301225,34.8485155200,35.5247100000,34.6035175200,35.1719128800,34.9759144800,3401437,121817720.4600,2,14.388900,1,0.560400,35.651945,7.085515,5.101687,443.547836,0
2023-07-03,sz.301225,35.6521089600,36.2695039200,34.5349180800,34.6231173600,35.1719128800,3912437,140992816.9800,2,16.550600,1,-1.560300,35.095659,6.974958,5.022084,436.627056,0
2023-07-04,sz.301225,34.2507204000,35.9167068000,34.1037216000,35.3973110400,34.6231173600,4999429,180179406.1100,2,21.148800,1,2.236100,35.880419,7.130922,5.134381,446.390299,0
2023-07-05,sz.301225,35.2699120800,36.2597040000,35.1817128000,35.6325091200,35.3973110400,4625945,169231782.7400,2,19.568900,1,0.664500,36.118827,7.178304,5.168496,449.356347,0
2023-07-06,sz.301225,35.3385115200,35.8971069600,34.3683194400,35.8971069600,35.6325091200,3970314,141691589.9500,2,16.795400,1,0.742600,36.387036,7.231608,5.206876,452.693152,0
2023-07-07,sz.301225,35.5443098400,37.5336936000,35.2895119200,36.1813046400,35.8971069600,6446953,239503620.8900,2,27.272200,1,0.791700,36.675113,7.288861,5.248099,456.277127,0
2023-07-10,sz.301225,35.8481073600,37.6316928000,35.7991077600,37.4454943200,36.1813046400,6802116,255949108.7500,2,28.774700,1,3.494000,37.956556,7.543536,5.431470,472.219638,0
2023-07-11,sz.301225,37.6120929600,37.6120929600,36.2107044000,36.8084995200,37.4454943200,5526146,207122814.8100,2,23.377000,1,-1.701100,37.310868,7.415211,5.339074,464.186590,0
2023-07-12,sz.301225,36.3969028800,38.6802842400,36.3969028800,37.5238936800,36.8084995200,7784580,299323733.3700,2,32.930700,1,1.943600,38.036026,7.559330,5.442842,473.208320,0
2023-07-13,sz.301225,36.8476992000,37.1906964000,35.4267108000,36.2499040800,37.5238936800,5792365,213708534.5300,2,24.503200,1,-3.395100,36.744649,7.302680,5.258049,457.142224,0
2023-07-14,sz.301225,35.9265067200,36.8084995200,35.4855103200,35.7305083200,36.2499040800,4525173,166790094.6600,2,19.142600,1,-1.432800,36.218164,7.198046,5.182711,450.592201,0
2023-07-17,sz.301225,35.3679112800,35.5247100000,34.8191157600,35.2699120800,35.7305083200,3236981,115995708.7500,2,13.693200,1,-1.289100,35.751281,7.105257,5.115902,444.783689,0
2023-07-18,sz.301225,35.5247100000,36.7986996000,35.0935135200,36.3185035200,35.2699120800,4866541,179153392.8200,2,20.586700,1,2.973000,36.814184,7.316500,5.268000,458.007322,0
2023-07-19,sz.301225,35.7697080000,36.1323050400,34.9661145600,36.0637056000,36.3185035200,3818942,138406167.7800,2,16.155100,1,-0.701600,36.555909,7.265170,5.231041,454.794103,0
2023-07-20,sz.301225,35.9657064000,36.6223010400,35.1719128800,35.2307124000,36.0637056000,3904763,143063150.7200,2,16.518100,1,-2.309800,35.711547,7.097360,5.110216,444.289348,0
2023-07-21,sz.301225,35.1817128000,35.2013126400,33.6529252800,33.7215247200,35.2307124000,4238630,148281191.4400,2,17.930500,1,-4.283700,34.181761,6.793329,4.891308,425.257203,0
2023-07-24,sz.301225,33.7803242400,34.0645219200,33.5451261600,33.7117248000,33.7215247200,1244668,42918380.0400,2,5.265300,1,-0.029100,34.171828,6.791354,4.889887,425.133618,0
2023-07-25,sz.301225,34.1135215200,34.7015167200,33.9077232000,34.4075191200,33.7117248000,2343408,82086111.9700,2,9.913200,1,2.064000,34.877118,6.931525,4.990812,433.908178,0
2023-07-26,sz.301225,34.8387156000,34.8485155200,33.6627252000,33.6627252000,34.4075191200,2427188,84259869.6400,2,10.267600,1,-2.164600,34.122159,6.781483,4.882779,424.515691,0
2023-07-27,sz.301225,34.0645219200,35.6521089600,34.0547220000,35.2013126400,33.6627252000,5700139,203948163.4600,2,24.113000,1,4.570600,35.681746,7.091438,5.105951,443.918592,0
2023-07-28,sz.301225,36.5243018400,37.8472910400,35.6521089600,35.7305083200,35.2013126400,8866073,331904621.3400,2,37.505700,1,1.503300,36.218164,7.198046,5.182711,450.592201,0
2023-07-31,sz.301225,34.4957184000,36.6419008800,34.4957184000,35.8677072000,35.7305083200,5676882,206716401.5100,2,24.014600,1,0.384000,36.357235,7.225685,5.202612,452.322396,0
2023-08-01,sz.301225,35.2797120000,36.2107044000,34.6231173600,34.7603162400,35.8677072000,4427706,158764426.3900,2,18.730300,1,-3.087400,35.234731,7.002597,5.041985,438.357251,0
2023-08-02,sz.301225,34.3095199200,35.0445139200,33.9763226400,34.6035175200,34.7603162400,2807352,98551718.5600,2,11.875800,1,-0.451100,35.075792,6.971009,5.019241,436.379885,0
2023-08-03,sz.301225,34.4761185600,34.5447180000,33.7117248000,33.8391237600,34.6035175200,2889907,100196434.8100,2,12.225000,1,-2.209000,34.300965,6.817019,4.908366,426.740227,0
2023-08-04,sz.301225,34.0547220000,34.4173190400,33.9371229600,34.0841217600,33.8391237600,2080965,72487711.9900,2,8.803000,1,0.724000,34.549307,6.866375,4.943903,429.829861,0
2023-08-07,sz.301225,33.8097240000,34.2703202400,33.5647260000,34.2605203200,34.0841217600,1866605,64746857.8800,2,7.896200,1,0.517500,34.728113,6.901911,4.969489,432.054398,0
2023-08-08,sz.301225,34.3095199200,37.7982914400,34.1135215200,37.0534975200,34.2605203200,7886836,289659095.4000,2,33.363300,1,8.152200,37.559210,7.464567,5.374611,467.276223,0
2023-08-09,sz.301225,36.0637056000,37.1710965600,35.6717088000,36.6811005600,37.0534975200,6101115,227154094.0800,2,25.809300,1,-1.005000,37.181730,7.389546,5.320595,462.579980,0
2023-08-10,sz.301225,36.0637056000,38.0922890400,35.9853062400,37.0436976000,36.6811005600,6912853,262959447.8500,2,29.243100,1,0.988500,37.549276,7.462593,5.373189,467.152638,0
2023-08-11,sz.301225,36.8476992000,37.7786916000,36.1421049600,37.0926972000,37.0436976000,6176542,233579523.1700,2,26.128300,1,0.132300,37.598944,7.472464,5.380297,467.770565,0
2023-08-14,sz.301225,36.2597040000,37.9844899200,35.9755063200,37.8864907200,37.0926972000,6251086,238329663.2400,2,26.443700,1,2.140000,38.403572,7.632377,5.495436,477.780979,0
2023-08-15,sz.301225,37.3180953600,39.1506804000,36.8476992000,38.6116848000,37.8864907200,7821334,303759471.6800,2,33.086200,1,1.914100,39.138663,7.778470,5.600626,486.926295,0
2023-08-16,sz.301225,38.1118888800,38.6900841600,37.1514967200,37.5826932000,38.6116848000,4945688,190185575.6400,2,20.921500,1,-2.665000,38.095628,7.571176,5.451371,473.949833,0
2023-08-17,sz.301225,37.2396960000,37.5826932000,36.0539056800,37.2396960000,37.5826932000,4805277,180294455.0800,2,20.327500,1,-0.912600,37.747949,7.502078,5.401619,469.624345,0
2023-08-18,sz.301225,37.0436976000,38.6410845600,36.8378992800,37.4552942400,37.2396960000,6162368,237870719.0600,2,26.068400,1,0.578900,37.966490,7.545511,5.432891,472.343223,0
2023-08-21,sz.301225,36.7594999200,37.9158904800,36.2793038400,36.4067028000,37.4552942400,4051476,152744218.5700,2,17.138800,1,-2.799600,36.903587,7.334268,5.280793,459.119590,0
2023-08-22,sz.301225,36.5733014400,36.8182994400,33.8489236800,34.7897160000,36.4067028000,5315170,189608152.4900,2,22.484500,1,-4.441500,35.264532,7.008520,5.046249,438.728007,0
2023-08-23,sz.301225,34.6721169600,35.7697080000,33.8685235200,34.8681153600,34.7897160000,3474376,123625872.7700,2,14.697500,1,0.225400,35.344001,7.024314,5.057621,439.716690,0
2023-08-24,sz.301225,34.3487196000,34.3977192000,32.4279352800,33.4079272800,34.8681153600,3655435,124841183.6800,2,15.463400,1,-4.187700,33.863884,6.730153,4.845821,421.302472,0
2023-08-25,sz.301225,32.9277312000,33.3099280800,31.1735455200,31.3793438400,33.4079272800,3159819,103762173.8500,2,13.366800,1,-6.072200,31.340040,2.418763,4.335564,3.967639,0
2023-08-28,sz.301225,34.2997200000,34.2997200000,31.2323450400,31.4479432800,31.3793438400,2632670,86746152.7700,2,11.136900,1,0.218600,31.408553,2.424051,4.345042,3.976313,0
2023-08-29,sz.301225,31.3597440000,33.5941257600,31.1637456000,33.3687276000,31.4479432800,3772332,126900281.6400,2,15.957900,1,6.107800,33.326932,2.572107,4.610429,4.219179,0
2023-08-30,sz.301225,33.3491277600,34.3977192000,33.2217288000,33.7607244000,33.3687276000,2449681,84631681.3700,2,10.362800,1,1.174700,33.718438,2.602323,4.664590,4.268744,0
2023-08-31,sz.301225,33.4275271200,34.4663186400,33.3687276000,34.4565187200,33.7607244000,2211415,77229843.7500,2,9.354800,1,2.061000,34.413360,2.655956,4.760725,4.356721,0
2023-09-01,sz.301225,34.4565187200,35.5345099200,34.1821209600,34.9857144000,34.4565187200,2374710,84542791.8500,2,10.045600,1,1.535800,34.941893,2.696747,4.833842,4.423633,0
2023-09-04,sz.301225,35.0347140000,35.5737096000,34.5937176000,34.7897160000,34.9857144000,1562627,55610220.8600,2,6.610300,1,-0.560200,34.746140,2.681639,4.806762,4.398851,0
2023-09-05,sz.301225,34.7897160000,34.9857144000,33.8979232800,34.2409204800,34.7897160000,1633504,57174132.2700,2,6.910100,1,-1.577500,34.198032,2.639337,4.730937,4.329460,0
2023-09-06,sz.301225,34.1723210400,34.7309164800,34.1233214400,34.3193198400,34.2409204800,1236901,43458757.1700,2,5.232400,1,0.229000,34.276333,2.645380,4.741769,4.339373,0
2023-09-07,sz.301225,34.2115207200,34.3781193600,33.1923290400,33.2021289600,34.3193198400,1379400,47260193.7200,2,5.835200,1,-3.255300,33.160542,2.559266,4.587411,4.198114,0
2023-09-08,sz.301225,33.1139296800,34.1821209600,33.1139296800,33.8489236800,33.2021289600,1040591,35802297.5100,2,4.402000,1,1.948100,33.806526,2.609121,4.676776,4.279896,0
2023-09-11,sz.301225,33.6235255200,34.4957184000,33.1237296000,34.2017208000,33.8489236800,1124791,39000757.3500,2,4.758100,1,1.042300,34.158882,2.636315,4.725521,4.324504,0
2023-09-12,sz.301225,34.2507204000,34.7799160800,34.1331213600,34.1527212000,34.2017208000,1014492,35585031.3800,2,4.291600,1,-0.143300,34.109943,2.632539,4.718751,4.318308,0
2023-09-13,sz.301225,34.1037216000,34.2017208000,32.8689316800,33.2609284800,34.1527212000,1131238,38509027.6500,2,4.785400,1,-2.611200,33.219268,2.563798,4.595535,4.205549,0
2023-09-14,sz.301225,33.1237296000,33.1237296000,32.1829372800,32.2907364000,33.2609284800,956253,31703325.0200,2,4.045200,1,-2.916900,32.250291,2.489014,4.461487,4.082877,0
2023-09-15,sz.301225,32.4181353600,32.7611325600,31.6831413600,31.8105403200,32.2907364000,880085,28642478.0500,2,3.723000,1,-1.487100,31.770696,2.452000,4.395140,4.022160,0
2023-09-18,sz.301225,31.7517408000,37.0926972000,31.5557424000,34.8681153600,31.8105403200,6665042,238832631.8500,2,28.194800,1,9.611800,34.824442,2.687682,4.817594,4.408763,0
2023-09-19,sz.301225,33.8587236000,35.5737096000,33.8587236000,35.2111125600,34.8681153600,4694956,166369265.8300,2,19.860800,1,0.983700,35.167009,2.714121,4.864984,4.452132,0
2023-09-20,sz.301225,34.1037216000,35.7599080800,34.1037216000,34.5153182400,35.2111125600,2690233,95529348.8900,2,11.380400,1,-1.976100,34.472086,2.660488,4.768849,4.364155,0
2023-09-21,sz.301225,34.3193198400,36.4949020800,34.3193198400,35.7795079200,34.5153182400,4695364,169688559.9100,2,19.862600,1,3.662700,35.734693,2.757933,4.943517,4.524001,0
2023-09-22,sz.301225,35.5737096000,36.0637056000,34.7407164000,35.4561105600,35.7795079200,4152983,149679785.0300,2,17.568200,1,-0.903900,35.411700,2.733006,4.898835,4.483110,0
2023-09-25,sz.301225,34.8583154400,35.8579072800,34.5447180000,35.8187076000,35.4561105600,3934800,141717832.0800,2,16.645200,1,1.022700,35.773843,2.760955,4.948933,4.528957,0
2023-09-26,sz.301225,36.4753022400,37.3278952800,34.3781193600,35.8677072000,35.8187076000,6822855,251322643.7800,2,28.862400,1,0.136800,35.822781,2.764732,4.955704,4.535153,0
2023-09-27,sz.301225,34.6427172000,35.1719128800,33.0159304800,33.1335295200,35.8677072000,6252316,216164378.0500,2,26.448900,1,-7.623000,33.092028,2.553978,4.577933,4.189440,0
2023-09-28,sz.301225,33.2119288800,39.7582754400,33.2119288800,39.7582754400,33.1335295200,12231561,482502837.8200,2,51.742600,1,19.994100,39.708477,3.064622,5.493248,5.027081,0
2023-10-09,sz.301225,45.1580313600,47.7060105600,44.5896360000,47.7060105600,39.7582754400,11977860,567518356.8000,2,50.669400,1,19.990100,47.646257,3.677245,6.591357,6.032001,0
2023-10-10,sz.301225,48.0196080000,48.0686076000,41.2772630400,41.3654623200,47.7060105600,16661455,746348783.2600,2,70.482100,1,-13.290900,41.313650,3.188506,5.715307,5.230295,0
2023-10-11,sz.301225,40.3560705600,41.1596640000,38.9056824000,39.2584795200,41.3654623200,11373789,461682388.8000,2,48.114000,1,-5.093600,39.209307,3.026097,5.424194,4.963886,0
2023-10-12,sz.301225,39.7876752000,40.0424731200,38.7292838400,39.2094799200,39.2584795200,7705339,310523728.3400,2,32.595500,1,-0.124800,39.160368,3.022320,5.417424,4.957690,0
2023-10-13,sz.301225,38.4744859200,39.9836736000,38.2294879200,38.8076832000,39.2094799200,6967367,279036782.2400,2,29.473700,1,-1.024700,38.759075,2.991349,5.361909,4.906887,0
2023-10-16,sz.301225,38.4254863200,41.3556624000,38.0824891200,39.5524771200,38.8076832000,8240225,334448749.5200,2,34.858200,1,1.919200,39.502936,3.048759,5.464814,5.001059,0
2023-10-17,sz.301225,38.3176872000,38.5136856000,37.0632974400,37.5238936800,39.5524771200,5701776,218862738.1200,2,24.119900,1,-5.128800,37.476893,2.892393,5.184533,4.744563,0
2023-10-18,sz.301225,37.1220969600,40.0718728800,37.0730973600,38.4744859200,37.5238936800,8121003,321749533.2800,2,34.353900,1,2.533300,38.426295,2.965666,5.315872,4.864757,0
2023-10-19,sz.301225,37.4650941600,39.4642778400,37.1906964000,37.8276912000,38.4744859200,5856512,228438664.7300,2,24.774500,1,-1.681100,37.780310,2.915810,5.226507,4.782975,0
2023-10-20,sz.301225,39.5328772800,44.2074391200,39.2486796000,39.7484755200,37.8276912000,11708386,494037109.4400,2,49.529400,1,5.077700,39.698689,3.063867,5.491894,5.025842,0
2023-10-23,sz.301225,37.9942898400,40.1600721600,35.9167068000,36.4557024000,39.7484755200,9226791,356539911.4300,2,39.031600,1,-8.284000,36.410040,2.810055,5.036945,4.609500,0
2023-10-24,sz.301225,37.2396960000,37.9746900000,35.9657064000,36.7497000000,36.4557024000,7123413,268033916.7500,2,30.133800,1,0.806500,36.703669,2.832717,5.077565,4.646673,0
2023-10-25,sz.301225,36.2597040000,38.4744859200,36.0441057600,37.8374911200,36.7497000000,6501079,248774487.0600,2,27.501200,1,2.960000,38.141104,2.860749,5.198361,6.491082,0
2023-10-26,sz.301225,38.2000881600,40.5520689600,37.6120929600,39.9738736800,37.8374911200,9149600,363959888.1700,2,38.705100,1,5.646200,40.294629,3.022273,5.491871,6.857581,0
2023-10-27,sz.301225,39.3760785600,39.9640737600,38.4450861600,38.6998840800,39.9738736800,7200255,286694167.7100,2,30.458900,1,-3.187100,39.010417,2.925952,5.316842,6.639027,0
2023-10-30,sz.301225,37.8864907200,38.8174831200,37.2984955200,38.4548860800,38.6998840800,4793284,186711171.1800,2,20.276800,1,-0.633100,38.763453,2.907428,5.283183,6.596997,0
2023-10-31,sz.301225,38.5038856800,38.5038856800,36.3773030400,37.1416968000,38.4548860800,4901224,185732764.1800,2,20.733400,1,-3.414900,37.439726,2.808143,5.102768,6.371717,0
2023-11-01,sz.301225,36.6517008000,37.6904923200,36.3675031200,37.1416968000,37.1416968000,3384076,128458372.8000,2,14.315500,1,0.000000,37.439726,2.808143,5.102768,6.371717,0
2023-11-02,sz.301225,37.2494959200,37.7002922400,36.3675031200,36.4165027200,37.1416968000,3542426,133678297.3200,2,14.985400,1,-1.952500,36.708713,2.753314,5.003136,6.247309,0
2023-11-03,sz.301225,36.6517008000,37.4552942400,36.4949020800,36.9260985600,36.4165027200,2967703,112056301.7000,2,12.554100,1,1.399400,37.222398,2.791843,5.073148,6.334731,0
2023-11-06,sz.301225,37.0730973600,38.5920849600,37.0730973600,38.4548860800,36.9260985600,4514132,174763237.5000,2,19.095900,1,4.140100,38.763453,2.907428,5.283183,6.596997,0
2023-11-07,sz.301225,38.4450861600,39.5034775200,38.0530893600,38.9350821600,38.4548860800,5071982,201596227.3200,2,21.455800,1,1.248700,39.247502,2.943734,5.349155,6.679375,0
2023-11-08,sz.301225,38.7096840000,39.1898800800,38.2686876000,38.6214847200,38.9350821600,3898706,153828575.3800,2,16.492500,1,-0.805400,38.931388,2.920024,5.306071,6.625577,0
2023-11-09,sz.301225,38.6116848000,38.6900841600,37.1024971200,37.4258944800,38.6214847200,3664751,140052576.4100,2,15.502800,1,-3.095700,37.726204,2.829630,5.141813,6.420472,0
2023-11-10,sz.301225,37.2690957600,37.4846940000,36.2205043200,36.6321009600,37.4258944800,2857398,106689414.5300,2,12.087500,1,-2.121000,36.926041,2.769614,5.032757,6.284295,0
2023-11-13,sz.301225,36.3675031200,37.3180953600,36.3675031200,37.3180953600,36.6321009600,2371000,89474580.0000,2,10.029900,1,1.872700,37.617540,2.821480,5.127003,6.401978,0
2023-11-14,sz.301225,37.4258944800,37.7296920000,36.9946980000,37.6904923200,37.3180953600,2427278,92500010.1500,2,10.268000,1,0.997900,37.992925,2.849635,5.178165,6.465864,0
2023-11-15,sz.301225,37.9158904800,38.9644819200,37.3866948000,38.7194839200,37.6904923200,4368264,170915316.2500,2,18.478900,1,2.730100,39.030174,2.927434,5.319535,6.642389,0
2023-11-16,sz.301225,39.1702802400,39.1702802400,37.6904923200,38.2490877600,38.7194839200,3494388,136576036.0200,2,14.782100,1,-1.214900,38.556003,2.891869,5.254909,6.561692,0
2023-11-17,sz.301225,38.1314887200,39.6896760000,38.0334895200,39.4152782400,38.2490877600,5603213,224085493.9300,2,23.703000,1,3.048900,39.731551,2.980040,5.415128,6.761754,0
2023-11-20,sz.301225,39.1996800000,39.3760785600,38.4254863200,39.1506804000,39.4152782400,3279882,130375093.3900,2,13.874700,1,-0.671300,39.464830,2.960035,5.378775,6.716361,0
2023-11-21,sz.301225,39.1996800000,39.3564787200,38.0922890400,38.6312846400,39.1506804000,2942203,115951895.1600,2,12.446300,1,-1.326700,38.941267,2.920765,5.307417,6.627258,0
2023-11-22,sz.301225,38.8566828000,39.0232814400,37.3474951200,37.3670949600,38.6312846400,2841114,109733261.2900,2,12.018600,1,-3.272500,37.666933,2.825185,5.133735,6.410384,0
2023-11-23,sz.301225,37.0436976000,38.6508844800,37.0436976000,38.3176872000,37.3670949600,2756895,107413966.1300,2,11.662400,1,2.543900,38.625153,2.897055,5.264333,6.573460,0
2023-11-24,sz.301225,38.4940857600,38.5136856000,36.4557024000,36.6517008000,38.3176872000,3060656,115709548.4800,2,12.947300,1,-4.347800,36.945799,2.771096,5.035449,6.287657,0
2023-11-27,sz.301225,36.8084995200,37.5336936000,36.3479032800,37.1612966400,36.6517008000,2165058,81711262.3000,2,9.158700,1,1.390400,37.459483,2.809625,5.105461,6.375079,0
2023-11-28,sz.301225,37.1710965600,39.5230773600,36.9946980000,39.1408804800,37.1612966400,5373890,211870398.3300,2,22.732900,1,5.327000,39.454952,2.959294,5.377429,6.714680,0
2023-11-29,sz.301225,39.7876752000,40.0816728000,38.1314887200,38.4842858400,39.1408804800,4069033,161615802.4400,2,17.213000,1,-1.677500,38.793088,2.909651,5.287222,6.602040,0
2023-11-30,sz.301225,38.1804883200,38.8762826400,36.8280993600,37.4356944000,38.4842858400,3332634,127515951.4600,2,14.097900,1,-2.724700,37.736083,2.830371,5.143159,6.422153,0
2023-12-01,sz.301225,37.2396960000,37.2396960000,35.5737096000,36.4557024000,37.4356944000,3953378,145979484.0100,2,16.723800,1,-2.617800,36.748227,2.756278,5.008522,6.254034,0
2023-12-04,sz.301225,36.3185035200,37.0926972000,35.9559064800,36.5537016000,36.4557024000,2206174,82245444.7000,2,9.332700,1,0.268800,36.847013,2.763687,5.021986,6.270846,0
2023-12-05,sz.301225,36.5831013600,36.5831013600,35.1425131200,35.1719128800,36.5537016000,2365700,85919761.3300,2,10.007500,1,-3.780200,35.454137,2.659215,4.832146,6.033797,0
2023-12-06,sz.301225,35.1621129600,36.1519048800,34.9465147200,34.9563146400,35.1719128800,1785248,64611142.6400,2,7.552000,1,-0.613000,35.236808,2.642915,4.802526,5.996811,0
2023-12-07,sz.301225,34.9269148800,34.9269148800,34.2997200000,34.3683194400,34.9563146400,1802494,63435467.8300,2,7.625000,1,-1.682100,34.644095,2.598459,4.721744,5.895940,0
2023-12-08,sz.301225,34.5447180000,34.8387156000,33.8881233600,33.9763226400,34.3683194400,1579320,55109041.8600,2,6.680900,1,-1.140600,34.248953,2.568821,4.667888,5.828692,0
2023-12-11,sz.301225,33.9665227200,34.4173190400,33.5059264800,34.3781193600,33.9763226400,1485617,51684759.2600,2,6.284500,1,1.182600,34.653974,2.599199,4.723090,5.897621,0
2023-12-12,sz.301225,34.4173190400,34.4957184000,34.0645219200,34.3291197600,34.3781193600,1065400,37256482.0000,2,4.506900,1,-0.142500,34.604581,2.595495,4.716358,5.889215,0
2023-12-13,sz.301225,34.3683194400,34.8583154400,34.0253222400,34.1821209600,34.3291197600,1499266,52547845.3200,2,6.342300,1,-0.428200,34.456402,2.584381,4.696162,5.863997,0
2023-12-14,sz.301225,34.2017208000,34.4761185600,33.4177272000,33.6235255200,34.1821209600,1663491,57313026.7400,2,7.037000,1,-1.634200,33.893325,2.542147,4.619419,5.768169,0
2023-12-15,sz.301225,33.6235255200,34.0057224000,33.4373270400,33.9567228000,33.6235255200,1289926,44473005.4300,2,5.456700,1,0.991000,34.229196,2.567339,4.665196,5.825330,0
2023-12-18,sz.301225,33.9469228800,34.4957184000,33.2217288000,34.4859184800,33.9567228000,2573725,89186257.2300,2,10.302300,1,1.558400,34.762638,2.607350,4.737900,5.916114,0
2023-12-19,sz.301225,34.5251181600,35.0837136000,33.9273230400,34.2605203200,34.4859184800,2577061,90688637.2700,2,10.315700,1,-0.653600,34.535431,2.590308,4.706933,5.877447,0
2023-12-20,sz.301225,34.2311205600,34.9465147200,33.7215247200,33.8097240000,34.2605203200,2116465,74413245.2800,2,8.472000,1,-1.315800,34.081017,2.556225,4.645000,5.800112,0
2023-12-21,sz.301225,33.9567228000,34.6133174400,32.8787316000,34.5937176000,33.8097240000,1857735,64446124.8300,2,7.436300,1,2.318800,34.871302,2.615500,4.752710,5.934607,0
2023-12-22,sz.301225,34.8191157600,35.5737096000,34.1037216000,34.2507204000,34.5937176000,2839458,101028676.4500,2,11.366000,1,-0.991500,34.525552,2.589567,4.705587,5.875765,0
2023-12-25,sz.301225,34.1527212000,34.8779152800,33.5255263200,34.8779152800,34.2507204000,1950731,68170631.6500,2,7.808600,1,1.831200,35.157780,2.636987,4.791755,5.983362,0
2023-12-26,sz.301225,34.6427172000,36.8378992800,34.1821209600,35.4561105600,34.8779152800,4429234,160465739.4200,2,17.729700,1,1.657800,35.740615,2.680702,4.871191,6.082552,0
2023-12-27,sz.301225,35.4561105600,36.1225051200,34.0351221600,34.4565187200,35.4561105600,3460519,121937082.9200,2,13.852100,1,-2.819200,34.733002,2.605127,4.733861,5.911070,0
2023-12-28,sz.301225,34.0841217600,35.0151141600,32.8885315200,34.7897160000,34.4565187200,3249251,113340390.5800,2,13.006400,1,0.967000,35.068873,2.630319,4.779638,5.968231,0
2023-12-29,sz.301225,34.6917168000,35.4561105600,34.4075191200,35.0837136000,34.7897160000,2539010,90986218.1200,2,10.163400,1,0.845100,35.365230,2.652547,4.820029,6.018667,0
2024-01-02,sz.301225,35.1327132000,35.7109084800,34.7015167200,34.7015167200,35.0837136000,2029953,72822167.4800,2,8.125700,1,-1.089400,34.979966,2.623650,4.767520,5.953100,0
2024-01-03,sz.301225,34.4663186400,34.6427172000,33.6529252800,33.8881233600,34.7015167200,1820926,63324292.9000,2,7.289000,1,-2.344000,34.160046,2.562153,4.655771,5.813561,0
2024-01-04,sz.301225,33.8097240000,34.2507204000,33.5353262400,33.8881233600,33.8881233600,1269573,43919719.8700,2,5.082000,1,0.000000,34.160046,2.562153,4.655771,5.813561,0
2024-01-05,sz.301225,33.8881233600,34.2507204000,32.9081313600,33.1237296000,33.8881233600,1798503,61412103.1700,2,7.199200,1,-2.255600,33.389518,2.504360,4.550754,5.682428,0
2024-01-08,sz.301225,33.1335295200,33.2021289600,32.3103362400,32.3397360000,33.1237296000,1254236,41825406.9600,2,5.020600,1,-2.366900,32.599234,2.445085,4.443044,5.547933,0
2024-01-09,sz.301225,32.3397360000,33.1433294400,32.2221369600,32.4475351200,32.3397360000,1084015,36104979.4500,2,4.339200,1,0.333300,32.707898,2.453235,4.457854,5.566426,0
2024-01-10,sz.301225,32.4867348000,32.5063346400,31.7517408000,31.9085395200,32.4475351200,1027063,33631372.2200,2,4.111200,1,-1.661100,32.164578,2.412484,4.383803,5.473961,0
2024-01-11,sz.301225,31.8399400800,32.8003322400,31.6047420000,32.5749340800,31.9085395200,1117155,36885398.5700,2,4.471800,1,2.088500,32.836319,2.462867,4.475357,5.588282,0
2024-01-12,sz.301225,32.5063346400,32.8983314400,32.1437376000,32.1633374400,32.5749340800,1101118,36536901.3400,2,4.407700,1,-1.263500,32.421420,2.431748,4.418809,5.517672,0
2024-01-15,sz.301225,32.0065387200,32.2025371200,31.6341417600,31.8203402400,32.1633374400,842356,27426978.8600,2,3.371900,1,-1.066400,32.075671,2.405815,4.371686,5.458830,0
2024-01-16,sz.301225,31.8301401600,32.1241377600,31.3303442400,31.7615407200,31.8203402400,900051,29130908.1600,2,3.602800,1,-0.184800,32.016399,2.401370,4.363607,5.448743,0
2024-01-17,sz.301225,31.7419408800,31.8987396000,30.5757504000,30.5953502400,31.7615407200,968733,30761343.2100,2,3.877700,1,-3.671700,30.840851,2.313199,4.203388,5.248681,0
2024-01-18,sz.301225,30.7717488000,30.7717488000,29.1253622400,29.9583554400,30.5953502400,1638373,49719310.4400,2,6.558200,1,-2.082000,30.198745,2.265038,4.115874,5.139403,0
2024-01-19,sz.301225,30.0171549600,30.0857544000,29.1449620800,29.1939616800,29.9583554400,1254737,37701050.5200,2,5.022600,1,-2.551500,29.428218,2.207245,4.010857,5.008270,0
2024-01-22,sz.301225,29.2331613600,29.3507604000,26.8223810400,27.2927772000,29.1939616800,1557697,44784112.8300,2,6.235300,1,-6.512300,27.511778,2.063504,3.749659,4.682119,0
2024-01-23,sz.301225,27.0477792000,27.6553742400,26.9497800000,27.2241777600,27.2927772000,1187459,33065637.1400,2,4.753300,1,-0.251300,27.442628,2.058317,3.740235,4.670351,0
2024-01-24,sz.301225,27.4985755200,27.7239736800,26.3225851200,27.4299760800,27.2241777600,1202477,33266953.6200,2,4.813400,1,0.755900,27.650078,2.073877,3.768509,4.705656,0
2024-01-25,sz.301225,27.5867748000,28.1257704000,26.9497800000,28.0277712000,27.4299760800,1489159,42002153.5200,2,5.960900,1,2.179300,28.252669,2.119074,3.850638,4.808209,0
2024-01-26,sz.301225,27.9689716800,28.2825691200,27.6749740800,27.8023730400,28.0277712000,1173431,33545249.6300,2,4.697100,1,-0.804200,28.025463,2.102032,3.819671,4.769541,0
2024-01-29,sz.301225,27.9787716000,28.4785675200,27.0575791200,27.0673790400,27.8023730400,1168982,32880260.2000,2,4.679300,1,-2.643600,27.284571,2.046462,3.718693,4.643452,0
2024-01-30,sz.301225,26.1069868800,27.2045779200,25.9109884800,25.9207884000,27.0673790400,1080156,29171814.0600,2,4.323700,1,-4.236100,26.128780,1.959773,3.561167,4.446752,0
2024-01-31,sz.301225,26.1265867200,26.2931853600,24.4998000000,24.4998000000,25.9207884000,1276136,32885746.2000,2,5.108200,1,-5.482000,24.696389,1.852337,3.365942,4.202980,0
2024-02-01,sz.301225,24.8525971200,24.8525971200,23.7746059200,24.4802001600,24.4998000000,1113557,27724974.0500,2,4.457400,1,-0.080000,24.676632,1.850855,3.363249,4.199617,0
2024-02-02,sz.301225,24.5193998400,25.0877952000,22.2164186400,23.0298120000,24.4802001600,1617933,39034214.3800,2,6.476400,1,-5.924700,23.214606,1.741197,3.163986,3.950801,0
2024-02-05,sz.301225,22.6280152800,22.6476151200,19.6978392000,20.4524330400,23.0298120000,2142198,45626725.6900,2,8.575000,1,-11.191500,20.616546,1.546331,2.809888,3.508647,0
2024-02-06,sz.301225,20.5798320000,21.6088236000,18.7178472000,21.0208284000,20.4524330400,1957142,40273708.5700,2,7.834200,1,2.779100,21.189502,1.589305,2.887978,3.606156,0
2024-02-07,sz.301225,20.9228292000,21.4618248000,19.8154382400,20.0114366400,21.0208284000,1997098,42073713.3900,2,7.994200,1,-4.801900,20.172011,1.512989,2.749301,3.432994,0
2024-02-08,sz.301225,20.0898360000,22.0792197600,19.8546379200,22.0302201600,20.0114366400,1854137,39847238.8800,2,7.421900,1,10.088100,22.206993,1.665622,3.026655,3.779319,0
2024-02-19,sz.301225,22.3830172800,23.2944098400,22.1282193600,22.6868148000,22.0302201600,1727542,40022263.2400,2,6.915200,1,2.980400,22.868857,1.715264,3.116862,3.891959,0
2024-02-20,sz.301225,22.6868148000,23.0984114400,22.1772189600,22.9808124000,22.6868148000,1460288,33827753.0100,2,5.845400,1,1.295900,23.165213,1.737492,3.157254,3.942395,0
2024-02-21,sz.301225,22.8632133600,24.6663986400,22.5790156800,23.6570068800,22.9808124000,2469929,60323369.5300,2,9.886800,1,2.942400,23.846834,1.788617,3.250154,4.058397,0
2024-02-22,sz.301225,25.1661945600,26.0677872000,24.8133974400,25.6561905600,23.6570068800,3419182,88477713.4000,2,13.686600,1,8.450700,25.862059,1.939767,3.524815,4.401360,0
2024-02-23,sz.301225,25.6463906400,26.1265867200,25.0387956000,26.1265867200,25.6561905600,2995282,77982146.1100,2,11.989800,1,1.833500,26.336230,1.975332,3.589441,4.482057,0
2024-02-26,sz.301225,26.0383874400,27.2143778400,25.8815887200,26.4107844000,26.1265867200,2891874,78371837.7700,2,11.575800,1,1.087800,26.622708,1.996819,3.628486,4.530812,0
2024-02-27,sz.301225,26.5577832000,30.7031493600,26.5577832000,29.3017608000,26.4107844000,3923211,114926509.9700,2,15.704200,1,10.946200,29.536882,2.215395,4.025667,5.026764,0
2024-02-28,sz.301225,28.8705643200,29.3213606400,25.9893878400,26.0383874400,29.3017608000,3855350,110753313.0200,2,15.432500,1,-11.137100,26.247323,1.968664,3.577323,4.466927,0
2024-02-29,sz.301225,25.6561905600,30.1837536000,25.6561905600,29.5075591200,26.0383874400,4586994,133261645.4900,2,18.361200,1,13.323300,29.744331,2.230955,4.053941,5.062069,0
2024-03-01,sz.301225,29.3997600000,30.0367548000,28.3511685600,29.3311605600,29.5075591200,3922499,116951560.2900,2,15.701300,1,-0.597800,29.566517,2.217618,4.029706,5.031807,0
2024-03-04,sz.301225,28.9097640000,29.2429612800,28.0277712000,28.6941657600,29.3311605600,2491922,72638063.9100,2,9.974900,1,-2.171700,28.924411,2.169457,3.942191,4.922530,0
2024-03-05,sz.301225,28.3707684000,29.7427572000,27.5475751200,28.5275671200,28.6941657600,2264748,65883185.3800,2,9.065500,1,-0.580600,28.756476,2.156861,3.919303,4.893949,0
2024-03-06,sz.301225,28.1649700800,29.2037616000,27.8513726400,28.8313646400,28.5275671200,1927974,56691793.7100,2,7.717500,1,1.064900,29.062711,2.179830,3.961041,4.946066,0
2024-03-07,sz.301225,28.9685635200,29.8407564000,28.2727692000,29.7917568000,28.8313646400,3525719,105002220.7600,2,14.113100,1,3.331100,30.030809,2.252442,4.092986,5.110823,0
2024-03-08,sz.301225,29.5075591200,29.6349580800,28.8215647200,29.2723610400,29.7917568000,2071174,61605296.7200,2,8.290700,1,-1.743400,29.507246,2.213172,4.021628,5.021720,0
2024-03-11,sz.301225,29.2037616000,29.8799560800,29.0469628800,29.8407564000,29.2723610400,2088622,62947416.4500,2,8.360500,1,1.941700,30.080202,2.256147,4.099717,5.119229,0
2024-03-12,sz.301225,30.3111525600,30.3111525600,29.1057624000,29.4781593600,29.8407564000,2146800,65000227.6500,2,8.593400,1,-1.215100,29.714696,2.228732,4.049901,5.057025,0
2024-03-13,sz.301225,29.4487596000,29.8407564000,29.2233614400,29.2821609600,29.4781593600,1638186,49290972.4600,2,6.557500,1,-0.664900,29.517125,2.213913,4.022974,5.023401,0
2024-03-14,sz.301225,29.0273630400,29.9877552000,28.4883674400,28.9979632800,29.2821609600,1612764,47986077.5300,2,6.455700,1,-0.970500,29.230646,2.192426,3.983929,4.974647,0
2024-03-15,sz.301225,29.0077632000,29.3409604800,28.5961665600,29.2919608800,28.9979632800,1266169,37568212.7600,2,5.068300,1,1.013900,29.527003,2.214654,4.024320,5.025082,0
2024-03-18,sz.301225,29.4781593600,30.0269548800,29.4781593600,29.9583554400,29.2919608800,1964392,59732536.8000,2,7.863200,1,2.275000,30.198745,2.265038,4.115874,5.139403,0
2024-03-19,sz.301225,29.8701561600,30.3405523200,29.6251581600,29.8113566400,29.9583554400,1634552,49956172.7700,2,6.542900,1,-0.490700,30.050567,2.253924,4.095678,5.114186,0
2024-03-20,sz.301225,29.7721569600,30.0759544800,29.5761585600,29.9191557600,29.8113566400,1361968,41441029.1100,2,5.451800,1,0.361600,30.159231,2.262074,4.110488,5.132679,0
2024-03-21,sz.301225,29.9387556000,29.9975551200,28.9097640000,29.5369588800,29.9191557600,1782464,53661008.8000,2,7.135000,1,-1.277400,29.773967,2.233178,4.057980,5.067112,0
2024-03-22,sz.301225,29.5271589600,29.5271589600,28.6745659200,28.8705643200,29.5369588800,1329443,39338792.2300,2,5.321600,1,-2.256100,29.102225,2.182794,3.966426,4.952791,0
2024-03-25,sz.301225,29.1351621600,29.1351621600,27.7631733600,27.7729732800,28.8705643200,1406405,40799282.5800,2,5.629700,1,-3.801800,27.995827,2.099809,3.815632,4.764498,0
2024-03-26,sz.301225,28.1159704800,28.8999640800,27.7141737600,28.5667668000,27.7729732800,1543310,44592483.0600,2,6.177700,1,2.858200,28.795990,2.159825,3.924688,4.900674,0
2024-03-27,sz.301225,28.4785675200,28.5079672800,26.8713806400,26.8713806400,28.5667668000,1298832,36665709.9500,2,5.199100,1,-5.934800,27.087000,2.031643,3.691765,4.609828,0
2024-03-28,sz.301225,27.0967788000,27.9787716000,27.0281793600,27.6749740800,26.8713806400,1038888,29207906.7700,2,4.158600,1,2.990500,27.897041,2.092400,3.802168,4.747686,0
2024-03-29,sz.301225,28.0375711200,28.6843658400,27.4985755200,27.8121729600,27.6749740800,912525,26071440.5100,2,3.652700,1,0.495800,28.035341,2.102773,3.821017,4.771222,0
2024-04-01,sz.301225,28.0375711200,28.6941657600,27.9297720000,28.4491677600,27.8121729600,1094381,31663926.3600,2,4.380700,1,2.290300,28.677447,2.150934,3.908532,4.880500,0
2024-04-02,sz.301225,28.5667668000,29.3507604000,28.3805683200,28.5471669600,28.4491677600,1600290,47202166.1100,2,6.405800,1,0.344500,28.776233,2.158343,3.921996,4.897312,0
2024-04-03,sz.301225,28.4001681600,28.4295679200,27.2241777600,27.5279752800,28.5471669600,1502590,42351510.3100,2,6.014700,1,-3.570200,27.748863,2.081286,3.781972,4.722468,0
2024-04-08,sz.301225,27.4789756800,27.8219728800,26.2931853600,26.3225851200,27.5279752800,1255511,34382105.3000,2,5.025700,1,-4.378800,26.533801,1.990151,3.616368,4.515681,0
2024-04-09,sz.301225,26.2931853600,27.1065787200,26.2931853600,27.0771789600,26.3225851200,889307,24307720.5500,2,3.559800,1,2.866700,27.294450,2.047203,3.720039,4.645133,0
2024-04-10,sz.301225,27.0673790400,27.0673790400,25.5777912000,25.9697880000,27.0771789600,891206,23840587.1800,2,3.567400,1,-4.089800,26.178173,1.963477,3.567899,4.455158,0
2024-04-11,sz.301225,25.9795879200,26.3225851200,25.7247900000,25.9991877600,25.9697880000,718908,19103895.2000,2,2.877700,1,0.113200,26.207808,1.965700,3.571938,4.460202,0
2024-04-12,sz.301225,25.9991877600,26.3911845600,25.7541897600,25.8423890400,25.9991877600,649120,17251139.7700,2,2.598400,1,-0.603100,26.049752,1.953845,3.550396,4.433303,0
2024-04-15,sz.301225,25.8521889600,26.0187876000,23.5296079200,24.4900000800,25.8423890400,1049247,26451693.4000,2,4.200000,1,-5.233200,24.686511,1.851596,3.364596,4.201298,0
2024-04-16,sz.301225,24.5585995200,24.5585995200,22.5398160000,22.6280152800,24.4900000800,1288560,30429260.2800,2,5.158000,1,-7.603000,22.809585,1.710819,3.108784,3.881872,0
2024-04-17,sz.301225,23.3532093600,24.4704002400,23.0396119200,24.4508004000,22.6280152800,1281002,31400564.3000,2,5.127700,1,8.055400,24.646997,1.848632,3.359210,4.194574,0
2024-04-18,sz.301225,24.4998000000,24.8721969600,23.7942057600,24.2058024000,24.4508004000,863976,21427279.4800,2,3.458400,1,-1.002000,24.400033,1.830109,3.325551,4.152544,0
2024-04-19,sz.301225,23.8824050400,24.7643978400,23.8824050400,24.6957984000,24.2058024000,1112161,27744735.4300,2,4.451900,1,2.024300,24.893960,1.867156,3.392870,4.236603,0
2024-04-22,sz.301225,24.7153982400,25.3425931200,24.1666027200,24.5291997600,24.6957984000,968555,24398933.6600,2,3.877000,1,-0.674600,22.555519,1.807928,3.294517,4.995334,0
2024-04-23,sz.301225,24.3724010400,24.9897960000,24.3724010400,24.8427972000,24.5291997600,813800,20551467.6500,2,3.257600,1,1.278500,22.843884,1.831041,3.336637,5.059198,0
2024-04-24,sz.301225,24.7545979200,25.7247900000,24.7545979200,25.5679912800,24.8427972000,1167078,30166991.8200,2,4.671700,1,2.919100,23.510727,1.884492,3.434037,5.206882,0
2024-04-25,sz.301225,25.4699920800,26.2343858400,25.4699920800,25.8129892800,25.5679912800,998699,26347029.7400,2,3.997700,1,0.958200,23.736012,1.902550,3.466943,5.256776,0
2024-04-26,sz.301225,26.0383874400,26.4205843200,25.7247900000,26.4009844800,25.8129892800,1137954,30414437.3500,2,4.555100,1,2.277900,24.276696,1.945888,3.545917,5.376520,0
2024-04-29,sz.301225,26.4009844800,26.7635815200,25.9991877600,26.6753822400,26.4009844800,1295817,35092164.6400,2,5.187000,1,1.039300,24.305896,1.994686,3.538003,5.065243,0
2024-04-30,sz.301225,26.8223810400,27.3417768000,26.3519848800,26.6949820800,26.6753822400,1088115,29741049.6100,2,4.355600,1,0.073500,24.323755,1.996152,3.540603,5.068965,0
2024-05-06,sz.301225,26.9497800000,27.4397760000,26.8321809600,27.1849780800,26.6949820800,924205,25540867.6200,2,3.699500,1,1.835500,24.770226,2.032792,3.605592,5.162008,0
2024-05-07,sz.301225,27.1849780800,27.7239736800,26.7831813600,27.4593758400,27.1849780800,1083627,30067868.4600,2,4.337600,1,1.009400,25.020250,2.053310,3.641985,5.214112,0
2024-05-08,sz.301225,27.3123770400,27.7827732000,26.6655823200,26.8419808800,27.4593758400,1068966,29662751.0000,2,4.279000,1,-2.248400,24.457697,2.007144,3.560099,5.096878,0
2024-05-09,sz.301225,26.9497800000,27.4201761600,26.7341817600,27.3711765600,26.8419808800,782534,21782836.0300,2,3.132400,1,1.971500,24.939886,2.046715,3.630287,5.197364,0
2024-05-10,sz.301225,27.4201761600,29.2331613600,26.9007804000,27.8807724000,27.3711765600,2767826,79323646.5400,2,11.079300,1,1.861800,25.404216,2.084821,3.697876,5.294128,0
2024-05-13,sz.301225,27.5965747200,27.9297720000,26.6459824800,26.7831813600,27.8807724000,1573842,43641099.9500,2,6.299900,1,-3.936700,24.404120,2.002747,3.552301,5.085713,0
2024-05-14,sz.301225,26.8125811200,27.8317728000,26.8125811200,27.6847740000,26.7831813600,1403552,39283473.2900,2,5.618300,1,3.366300,25.225627,2.070165,3.671880,5.256911,0
2024-05-15,sz.301225,27.6553742400,27.7043738400,26.7537816000,26.7733814400,27.6847740000,1235342,34198876.7900,2,4.944900,1,-3.292000,24.395191,2.002014,3.551001,5.083852,0
2024-05-16,sz.301225,27.0183794400,27.2339776800,26.3813846400,26.4205843200,26.7733814400,849200,23150531.0000,2,3.399300,1,-1.317700,24.073731,1.975633,3.504209,5.016861,0
2024-05-17,sz.301225,26.9399800800,26.9399800800,26.3715847200,26.8713806400,26.4205843200,668100,18246215.2900,2,2.674300,1,1.706200,24.484485,2.009342,3.563999,5.102461,0
2024-05-20,sz.301225,26.8713806400,26.9203802400,26.3225851200,26.4793838400,26.8713806400,846100,22946808.2900,2,3.386800,1,-1.458800,24.127308,1.980030,3.512007,5.028026,0
2024-05-21,sz.301225,26.3029852800,26.6067828000,25.8717888000,26.2637856000,26.4793838400,744652,19843865.1700,2,2.980800,1,-0.814200,23.930860,1.963908,3.483412,4.987088,0
2024-05-22,sz.301225,26.2049860800,26.6165827200,26.0285875200,26.4597840000,26.2637856000,549181,14798345.6500,2,2.198300,1,0.746300,24.109449,1.978564,3.509408,5.024305,0
2024-05-23,sz.301225,26.4597840000,26.6263826400,26.0089876800,26.0677872000,26.4597840000,580144,15558386.2700,2,2.322300,1,-1.481500,23.752272,1.949252,3.457417,4.949871,0
2024-05-24,sz.301225,25.7639896800,26.2637856000,25.6365907200,25.6757904000,26.0677872000,615461,16251656.5700,2,2.463600,1,-1.503800,23.395095,1.919940,3.405425,4.875436,0
2024-05-27,sz.301225,26.0971869600,26.0971869600,25.1759944800,25.9599880800,25.6757904000,628552,16380097.8100,2,2.516000,1,1.106900,23.654048,1.941191,3.443119,4.929401,0
2024-05-28,sz.301225,25.7051901600,25.8619888800,25.4405923200,25.5091917600,25.9599880800,418686,10966698.7500,2,1.676000,1,-1.736500,23.243295,1.907483,3.383329,4.843802,0
2024-05-29,sz.301225,25.4013926400,29.6349580800,25.4013926400,28.0669708800,25.5091917600,4449702,126336282.5200,2,17.811700,1,10.026900,25.573875,2.098744,3.722572,5.329485,0
2024-05-30,sz.301225,27.2437776000,28.1453702400,27.1457784000,27.9297720000,28.0669708800,3566751,100140796.3500,2,14.277300,1,-0.488800,25.448863,2.088485,3.704375,5.303433,0
2024-05-31,sz.301225,27.9199720800,28.4197680000,27.5377752000,27.9101721600,27.9297720000,2819586,80401339.7400,2,11.286500,1,-0.070200,25.431004,2.087019,3.701775,5.299711,0
2024-06-03,sz.301225,28.3315687200,28.6255663200,26.8027812000,27.0085795200,27.9101721600,2140767,60157390.5300,2,8.569300,1,-3.230300,24.609497,2.019601,3.582196,5.128512,0
2024-06-04,sz.301225,27.0183794400,27.0379792800,25.6267908000,26.0971869600,27.0085795200,1586844,42244261.2800,2,6.352000,1,-3.374500,23.779060,1.951451,3.461316,4.955453,0
2024-06-05,sz.301225,26.1069868800,26.2441857600,25.0191957600,25.0387956000,26.0971869600,1274524,33222457.9200,2,5.101800,1,-4.055600,22.814682,1.872308,3.320940,4.754481,0
2024-06-06,sz.301225,25.0093958400,25.1955943200,23.6766067200,23.7158064000,25.0387956000,1520842,37446551.1800,2,6.087800,1,-5.283800,21.609210,1.773380,3.145469,4.503266,0
2024-06-07,sz.301225,23.7746059200,24.6467988000,23.7746059200,24.5487996000,23.7158064000,1094641,27240055.9800,2,4.381700,1,3.512400,22.368211,1.835668,3.255951,4.661438,0
2024-06-11,sz.301225,24.6565987200,25.3621929600,23.3924090400,25.2739936800,24.5487996000,1054270,26527305.8300,2,4.220100,1,2.954100,23.028988,1.889895,3.352134,4.799141,0
2024-06-12,sz.301225,25.3621929600,25.9207884000,25.3033934400,25.3817928000,25.2739936800,787259,20562305.1900,2,3.151300,1,0.426500,23.127212,1.897956,3.366432,4.819611,0
2024-06-13,sz.301225,25.8129892800,26.9497800000,25.5973910400,26.0775871200,25.3817928000,1278816,34080697.8900,2,5.119000,1,2.741300,23.761201,1.949985,3.458716,4.951731,0
2024-06-14,sz.301225,25.8325891200,25.8521889600,25.3033934400,25.5777912000,26.0775871200,788594,20631230.2200,2,3.156700,1,-1.916600,23.305801,1.912612,3.392428,4.856828,0
2024-06-17,sz.301225,25.5777912000,25.7541897600,25.2935935200,25.4601921600,25.5777912000,522590,13573763.3000,2,1.731600,1,-0.459800,23.198648,1.903819,3.376830,4.834498,0
2024-06-18,sz.301225,25.6071909600,26.1461865600,25.1955943200,25.5287916000,25.4601921600,1081693,28386176.7200,2,3.584100,1,0.269400,23.261154,1.908948,3.385929,4.847524,0
2024-06-19,sz.301225,25.4895919200,25.6463906400,25.0877952000,25.1563946400,25.5287916000,799301,20644373.3900,2,2.648400,1,-1.458700,22.921835,1.881102,3.336537,4.776811,0
2024-06-20,sz.301225,25.1563946400,25.9697880000,24.7545979200,25.2347940000,25.1563946400,1663732,42957602.4800,2,5.512700,1,0.311600,22.993271,1.886964,3.346935,4.791698,0
2024-06-21,sz.301225,25.0387956000,25.4993918400,24.6075991200,25.3229932800,25.2347940000,1116009,28611231.9700,2,3.697800,1,0.349500,23.073636,1.893559,3.358633,4.808446,0
2024-06-24,sz.301225,24.9113966400,25.2347940000,23.9608044000,24.0098040000,25.3229932800,912336,22769185.8500,2,3.023000,1,-5.185800,21.877093,1.795364,3.184463,4.559091,0
2024-06-25,sz.301225,25.3425931200,27.3613766400,24.7545979200,26.1853862400,24.0098040000,3281406,87313172.0300,2,10.872800,1,9.061200,23.859425,1.958046,3.473014,4.972201,0
2024-06-26,sz.301225,25.8373178400,29.7357892000,25.8373178400,27.8462240000,26.1853956400,4179164,115662891.8000,2,13.847500,1,6.342600,25.002392,2.051845,3.639386,5.210390,0
2024-06-27,sz.301225,26.8517160000,27.5379265200,26.5036382000,27.0406725200,27.8462240000,2920857,79519986.8700,2,9.678100,1,-2.892900,24.279108,1.992488,3.534104,5.059661,0
2024-06-28,sz.301225,26.7622102800,28.3136427600,26.7622102800,28.2440272000,27.0406725200,3228490,89663094.5900,2,10.697400,1,4.450200,25.359569,2.081157,3.691377,5.284824,0
2024-07-01,sz.301225,27.6473224000,29.2982056800,27.3986954000,28.6915558000,28.2440272000,3365976,95855122.7700,2,11.153000,1,1.584500,25.761393,2.114133,3.749867,5.368563,0
2024-07-02,sz.301225,28.2639173600,28.6418304000,27.5478716000,27.7368281200,28.6915558000,2351155,66080222.2500,2,7.790400,1,-3.327600,24.904168,2.043784,3.625088,5.189921,0
2024-07-03,sz.301225,27.4086404800,28.2440272000,26.7522652000,27.3489700000,27.7368281200,1515433,42086545.5200,2,5.021300,1,-1.398400,24.555920,2.015204,3.574397,5.117347,0
2024-07-04,sz.301225,27.4285306400,27.9954002000,26.5235283600,26.7522652000,27.3489700000,1580132,43146802.1500,2,5.235700,1,-2.181800,24.020155,1.971236,3.496410,5.005696,0
2024-07-05,sz.301225,26.4837480400,27.0705077600,26.1555604000,26.9909471200,26.7522652000,1251549,33572685.7800,2,4.146900,1,0.892200,24.234461,1.988824,3.527605,5.050357,0
2024-07-08,sz.301225,26.9113864800,27.5379265200,25.3997343200,25.5290203600,26.9909471200,1757657,46101080.0900,2,5.823900,1,-5.416400,22.921835,1.881102,3.336537,4.776811,0
2024-07-09,sz.301225,25.9069334000,26.5931439200,25.1709974800,26.5931439200,25.5290203600,1583048,41557302.7600,2,5.245400,1,4.168300,23.877284,1.959512,3.475614,4.975922,0
2024-07-10,sz.301225,26.2947915200,28.3434780000,26.2947915200,27.7268830400,26.5931439200,2318599,64183839.2800,2,7.682600,1,4.263300,24.895238,2.043051,3.623789,5.188060,0
2024-07-11,sz.301225,27.8760592400,28.3434780000,27.4981462000,28.1346313200,27.7268830400,2151166,60528765.5000,2,7.127800,1,1.470600,25.261345,2.073096,3.677080,5.264355,0
2024-07-12,sz.301225,27.8860043200,28.0650157600,27.5578166800,27.7567182800,28.1346313200,1451671,40553761.0600,2,4.810000,1,-1.343200,24.922027,2.045249,3.627688,5.193642,0
2024-07-15,sz.301225,27.6572674800,27.7666633600,27.1600134800,27.5478716000,27.7567182800,1124808,31038352.3600,2,3.727000,1,-0.752400,24.734509,2.029860,3.600392,5.154564,0
2024-07-16,sz.301225,27.3390249200,27.6473224000,27.2495192000,27.6373773200,27.5478716000,900145,24856264.4400,2,2.982600,1,0.324900,24.814874,2.036456,3.612091,5.171312,0
2024-07-17,sz.301225,27.8163887600,27.8163887600,26.5931439200,26.5931439200,27.6373773200,1221900,33312238.0000,2,4.048700,1,-3.778300,23.877284,1.959512,3.475614,4.975922,0
2024-07-18,sz.301225,26.7522652000,26.7522652000,25.3698990800,26.1058350000,26.5931439200,1007790,26248593.2800,2,3.339300,1,-1.832500,23.439742,1.923604,3.411924,4.884741,0
2024-07-19,sz.301225,26.1157800800,27.4484208000,25.8671530800,26.6826496400,26.1058350000,1102764,29501640.9600,2,3.654000,1,2.209500,23.957649,1.966107,3.487312,4.992670,0
2024-07-22,sz.301225,26.4539128000,26.8517160000,26.0362194400,26.2550112000,26.6826496400,814524,21513158.7600,2,2.698900,1,-1.602700,23.573683,1.934596,3.431421,4.912653,0
2024-07-23,sz.301225,26.3644070800,26.3743521600,25.5588556000,25.5588556000,26.2550112000,726600,18969219.0000,2,2.407600,1,-2.651500,22.948624,1.883300,3.340436,4.782394,0
2024-07-24,sz.301225,25.5389654400,26.2052858000,24.7632492000,25.0019311200,25.5588556000,836100,21180063.0000,2,2.770400,1,-2.179000,22.448576,1.842263,3.267649,4.678186,0
2024-07-25,sz.301225,24.7632492000,25.5190752800,24.6041279200,25.2406130400,25.0019311200,550200,13923294.0000,2,1.823100,1,0.954700,22.662882,1.859851,3.298843,4.722846,0
2024-07-26,sz.301225,25.5588556000,26.0063842000,25.3102286000,25.8572080000,25.2406130400,626424,16194102.7400,2,2.075600,1,2.442900,23.216506,1.905284,3.379430,4.838219,0
2024-07-29,sz.301225,25.8671530800,26.1157800800,25.4892400400,25.8572080000,25.8572080000,615720,16002287.0700,2,2.040200,1,0.000000,23.216506,1.905284,3.379430,4.838219,0
2024-07-30,sz.301225,25.8671530800,25.9566588000,25.4096794000,25.7975375200,25.8572080000,526853,13612717.2100,2,1.745700,1,-0.230800,23.162930,1.900887,3.371631,4.827054,0
2024-07-31,sz.301225,25.5688006800,26.3942423200,25.5588556000,26.3146816800,25.7975375200,724100,19073831.0000,2,2.399300,1,2.004600,23.627260,1.938993,3.439220,4.923819,0
2024-08-01,sz.301225,26.3146816800,26.7522652000,25.9566588000,26.4638578800,26.3146816800,754865,20125594.3200,2,2.501200,1,0.566900,23.761201,1.949985,3.458716,4.951731,0
2024-08-02,sz.301225,26.8517160000,27.2196839600,25.5489105200,25.5588556000,26.4638578800,1140252,30022760.2400,2,3.778200,1,-3.419800,22.948624,1.883300,3.340436,4.782394,0
2024-08-05,sz.301225,25.2306679600,25.6980867200,24.4947320400,24.4947320400,25.5588556000,927029,23340416.3200,2,3.071700,1,-4.163400,21.993175,1.804890,3.201360,4.583282,0
2024-08-06,sz.301225,24.8627000000,24.9919860400,24.4350615600,24.9820409600,24.4947320400,538091,13372617.4500,2,1.782900,1,1.989400,22.430717,1.840798,3.265049,4.674464,0
2024-08-07,sz.301225,24.9621508000,25.2505581200,24.6637984000,25.0417114400,24.9820409600,432543,10887601.9000,2,1.433200,1,0.238900,22.484294,1.845194,3.272848,4.685629,0
2024-08-08,sz.301225,25.0019311200,25.0019311200,24.2461050400,24.3555009200,25.0417114400,628882,15472584.3600,2,2.083800,1,-2.740300,21.868163,1.794631,3.183163,4.557230,0
2024-08-09,sz.301225,24.7135238000,24.8030295200,24.3853361600,24.4748418800,24.3555009200,440600,10886190.0000,2,1.459900,1,0.490000,21.975316,1.803425,3.198760,4.579561,0
2024-08-12,sz.301225,24.4748418800,24.9621508000,24.1466542400,24.5046771200,24.4748418800,338000,8324652.9600,2,1.119900,1,0.121900,22.002105,1.805623,3.202660,4.585143,0
2024-08-13,sz.301225,24.4648968000,24.9621508000,24.4151714000,24.8925352400,24.5046771200,428743,10671004.2600,2,1.420600,1,1.582800,22.350352,1.834202,3.253351,4.657717,0
2024-08-14,sz.301225,25.0417114400,25.1610524000,24.7632492000,24.7632492000,24.8925352400,262427,6566249.2900,2,0.869500,1,-0.519400,22.234270,1.824676,3.236454,4.633525,0
2024-08-15,sz.301225,24.7831393600,25.0218212800,24.5444574400,24.8129746000,24.7632492000,414233,10339291.3700,2,1.372500,1,0.200800,22.278917,1.828340,3.242953,4.642830,0
2024-08-16,sz.301225,25.0218212800,25.1013819200,24.7035787200,24.9323155600,24.8129746000,450533,11302226.3300,2,1.492800,1,0.481000,22.386070,1.837134,3.258550,4.665160,0
2024-08-19,sz.301225,25.0814917600,25.1113270000,24.3654460000,24.3753910800,24.9323155600,494800,12286516.0000,2,1.639500,1,-2.233700,21.886022,1.796097,3.185762,4.560952,0
2024-08-20,sz.301225,24.3753910800,24.6140730000,23.9775878800,24.1764894800,24.3753910800,340200,8268711.0000,2,1.127200,1,-0.816000,21.707434,1.781441,3.159767,4.523735,0
2024-08-21,sz.301225,24.2560501200,24.2560501200,23.8284116800,23.9477526400,24.1764894800,320264,7708894.8400,2,1.061200,1,-0.946100,21.502057,1.764586,3.129872,4.480935,0
2024-08-22,sz.301225,23.9179174000,24.0670936000,23.1322560800,23.2317068800,23.9477526400,401566,9511584.0900,2,1.330600,1,-2.990000,20.859138,1.711825,3.036288,4.346954,0
2024-08-23,sz.301225,22.8935741600,23.2615421200,22.6350020800,22.8736840000,23.2317068800,318198,7324378.9200,2,1.054300,1,-1.541100,20.537679,1.685444,2.989496,4.279963,0
2024-08-26,sz.301225,22.8736840000,23.4604437200,22.8438487600,23.1322560800,22.8736840000,297333,6911170.9500,2,0.985200,1,1.130400,20.769844,1.704497,3.023290,4.328345,0
2024-08-27,sz.301225,23.1521462400,23.2217618000,22.7145627200,22.8239586000,23.1322560800,389000,8971791.0000,2,1.288900,1,-1.332800,19.654974,1.700557,2.913352,-3.479056,0
2024-08-28,sz.301225,22.6151119200,23.3609929200,22.5554414400,22.9830798800,22.8239586000,428418,9928799.4800,2,1.419500,1,0.697200,19.792002,1.712413,2.933663,-3.503311,0
2024-08-29,sz.301225,22.8736840000,23.5002240400,22.7742332000,23.3709380000,22.9830798800,522031,12197738.5500,2,1.729700,1,1.687600,20.126008,1.741311,2.983171,-3.562432,0
2024-08-30,sz.301225,23.5201142000,23.9179174000,23.3013224400,23.5598945200,23.3709380000,618206,14739101.4900,2,2.048400,1,0.808500,20.288729,1.755390,3.007291,-3.591235,0
2024-09-02,sz.301225,23.7488510400,23.7985764400,23.3112675200,23.3212126000,23.5598945200,398971,9466490.9900,2,1.322000,1,-1.013100,20.083187,1.737606,2.976824,-3.554853,0
2024-09-03,sz.301225,23.3311576800,23.7190158000,23.2615421200,23.4803338800,23.3212126000,345900,8162041.0000,2,1.146100,1,0.682300,20.220215,1.749462,2.997135,-3.579108,0
2024-09-04,sz.301225,23.3709380000,23.5201142000,23.0825306800,23.3510478400,23.4803338800,389355,9135291.9000,2,1.290100,1,-0.550600,20.108880,1.739829,2.980632,-3.559401,0
2024-09-05,sz.301225,23.4504986400,23.5996748400,23.2714872000,23.4206634000,23.3510478400,332624,7836729.8000,2,1.102100,1,0.298100,20.168829,1.745016,2.989519,-3.570012,0
2024-09-06,sz.301225,23.4803338800,23.5499494400,22.7046176400,22.7046176400,23.4206634000,392200,9078771.3200,2,1.299500,1,-3.057300,19.552203,1.691665,2.898119,-3.460865,0
2024-09-09,sz.301225,22.7145627200,22.8736840000,22.2769792000,22.6648373200,22.7046176400,293624,6680975.4400,2,0.972900,1,-0.175200,19.517946,1.688702,2.893041,-3.454801,0
2024-09-10,sz.301225,22.4261554000,23.1819814800,22.3465947600,23.1819814800,22.6648373200,506133,11552353.5000,2,1.677000,1,2.281700,19.963287,1.727233,2.959052,-3.533630,0
2024-09-11,sz.301225,22.7642881200,23.2416519600,22.6747824000,22.7344528800,23.1819814800,344924,7943012.3200,2,1.142900,1,-1.930500,19.577895,1.693888,2.901928,-3.465413,0
2024-09-12,sz.301225,22.8438487600,22.9532446400,22.5057160400,22.5057160400,22.7344528800,285724,6529725.1600,2,0.946700,1,-1.006100,19.380918,1.676846,2.872731,-3.430547,0
2024-09-13,sz.301225,22.4957709600,22.5256062000,22.0581874400,22.0581874400,22.5057160400,363400,8118575.0000,2,1.204100,1,-1.988500,18.995526,1.643502,2.815606,-3.362330,0
2024-09-18,sz.301225,22.0482423600,22.2670341200,21.2924162800,22.1278030000,22.0581874400,523801,11392488.0400,2,1.735600,1,0.315600,19.055476,1.648688,2.824492,-3.372941,0
2024-09-19,sz.301225,22.0780776000,22.5355512800,21.7101096400,22.1775284000,22.1278030000,576676,12852818.6700,2,1.910800,1,0.224700,19.098297,1.652393,2.830839,-3.380521,0
2024-09-20,sz.301225,22.2173087200,22.2272538000,21.7996153600,21.9388464800,22.1775284000,338957,7473915.6400,2,1.123100,1,-1.076200,18.892755,1.634610,2.800373,-3.344139,0
2024-09-23,sz.301225,21.8791760000,22.3565398400,21.7498899600,22.1775284000,21.9388464800,478307,10599882.7500,2,1.584800,1,1.087900,19.098297,1.652393,2.830839,-3.380521,0
2024-09-24,sz.301225,22.1576382400,22.6548922400,21.8592858400,22.6548922400,22.1775284000,770799,17325123.4700,2,2.554000,1,2.152500,19.509381,1.687961,2.891772,-3.453286,0
2024-09-25,sz.301225,23.2118167200,23.4107183200,22.7642881200,22.9333544800,22.6548922400,866964,20142797.8800,2,2.872600,1,1.229100,19.749181,1.708708,2.927316,-3.495732,0
2024-09-26,sz.301225,22.8040684400,24.0173682000,22.8040684400,23.8582469200,22.9333544800,1161301,27515136.7400,2,3.847900,1,4.033000,20.545657,1.777620,3.045374,-3.636713,0
2024-09-27,sz.301225,23.8681920000,25.4196244800,23.8582469200,24.9323155600,23.8582469200,1887297,46673622.8100,2,6.253500,1,4.501900,21.470597,1.857646,3.182473,-3.800433,0
2024-09-30,sz.301225,25.7776473600,28.6119951600,25.3599540000,28.0351805200,24.9323155600,2955499,80247130.2700,2,9.792900,1,12.445200,24.142645,2.088833,3.578536,-4.273403,0
2024-10-08,sz.301225,32.8187640000,32.8187640000,28.8705672400,30.5811210000,28.0351805200,3587582,109585386.7600,2,11.887300,1,9.081200,26.335096,2.278524,3.903511,-4.661481,0
2024-10-09,sz.301225,29.8352400000,29.8352400000,26.6627594800,26.6627594800,30.5811210000,2277400,64768084.6700,2,7.546100,1,-12.813000,22.960778,1.986577,3.403354,-4.064205,0
2024-10-10,sz.301225,27.4285306400,28.1744116400,26.7025398000,27.1301782400,26.6627594800,1291832,35503197.3600,2,4.280400,1,1.753100,23.363298,2.021403,3.463018,-4.135453,0
2024-10-11,sz.301225,27.1500684000,27.6871027200,26.2052858000,26.3047366000,27.1301782400,1290301,34896938.7200,2,4.275400,1,-3.042500,22.652464,1.959901,3.357655,-4.009631,0
2024-10-14,sz.301225,26.0362194400,26.6428693200,25.6583064000,26.5633086800,26.3047366000,1254491,33091694.7400,2,4.156700,1,0.983000,22.875135,1.979167,3.390660,-4.049045,0
2024-10-15,sz.301225,26.4439677200,26.8218807600,25.9765489600,26.0163292800,26.5633086800,1034476,27470356.5600,2,3.427700,1,-2.059200,22.404101,1.938413,3.320841,-3.965669,0
2024-10-16,sz.301225,25.7577572000,26.2450661200,25.5886908400,25.8969883200,26.0163292800,631120,16465925.5200,2,2.091200,1,-0.458700,22.301330,1.929521,3.305608,-3.947478,0
2024-10-17,sz.301225,26.1058350000,26.3942423200,25.7080318000,25.8572080000,25.8969883200,847698,22241360.2000,2,2.808800,1,-0.153600,22.267073,1.926557,3.300530,-3.941415,0
2024-10-18,sz.301225,25.7577572000,27.1997938000,25.7577572000,26.7821004400,25.8572080000,1792583,47667169.5100,2,5.939600,1,3.576900,23.063549,1.995469,3.418587,-4.082396,0
2024-10-21,sz.301225,26.7821004400,27.9357297200,26.6528144000,27.4782560400,26.7821004400,1774472,48500744.5200,2,5.879600,1,2.599300,23.663047,2.047338,3.507448,-4.188511,0
2024-10-22,sz.301225,27.2992446000,27.7964986000,27.0108372800,27.4882011200,27.4782560400,1216498,33547133.6200,2,4.030800,1,0.036200,23.671611,2.048079,3.508717,-4.190027,0
2024-10-23,sz.301225,27.5677617600,27.7666633600,27.2594642800,27.3290798400,27.4882011200,1019539,28213600.6200,2,3.378200,1,-0.578900,23.534583,2.036223,3.488406,-4.165772,0
2024-10-24,sz.301225,27.5080912800,27.8263338400,27.3489700000,27.8263338400,27.3290798400,1618733,44966744.1800,2,5.363600,1,1.819500,23.617633,2.031816,3.483008,-5.449884,0
2024-10-25,sz.301225,27.5578166800,27.9456748000,27.2395741200,27.6174871600,27.8263338400,1685728,46745354.0000,2,5.585600,1,-0.750500,23.440374,2.016567,3.456867,-5.408981,0
2024-10-28,sz.301225,27.5478716000,29.8352400000,27.3688601600,29.3081507600,27.6174871600,3806289,110928602.0200,2,12.612000,1,6.121700,24.875326,2.140015,3.668486,-5.740103,0
2024-10-29,sz.301225,29.0097983600,30.4021095600,28.5523246800,29.6263933200,29.3081507600,4335636,128631622.8800,2,14.365900,1,1.085900,25.145435,2.163252,3.708320,-5.802432,0
2024-10-30,sz.301225,29.1987548800,29.3280409200,27.9456748000,28.7015008800,29.6263933200,2543894,72970413.4700,2,8.429100,1,-3.121900,24.360432,2.095719,3.592552,-5.621289,0
2024-10-31,sz.301225,28.5523246800,28.7810615200,28.0749608400,28.3434780000,28.7015008800,1776110,50669936.2400,2,5.885100,1,-1.247400,24.056559,2.069577,3.547738,-5.551168,0
2024-11-01,sz.301225,28.3235878400,28.3235878400,26.6627594800,26.7423201200,28.3434780000,1811362,49676753.6700,2,6.001900,1,-5.649100,22.697575,1.952664,3.347322,-5.237576,0
2024-11-04,sz.301225,26.5633086800,27.6672125600,26.5633086800,27.4583658800,26.7423201200,1114400,30695251.0000,2,3.692500,1,2.677600,23.305319,2.004948,3.436949,-5.377816,0
2024-11-05,sz.301225,27.2992446000,27.9854551200,27.2992446000,27.8661141600,27.4583658800,1462992,40772178.6400,2,4.847600,1,1.485000,23.651396,2.034721,3.487987,-5.457675,0
2024-11-06,sz.301225,27.8760592400,28.2838075200,27.5975970000,27.7865535200,27.8661141600,1747105,49044253.1800,2,5.788900,1,-0.285500,23.583869,2.028911,3.478029,-5.442093,0
2024-11-07,sz.301225,27.5777068400,28.5224894400,27.4882011200,28.4230386400,27.7865535200,1954992,55464495.5100,2,6.477800,1,2.290600,24.124087,2.075386,3.557697,-5.566751,0
2024-11-08,sz.301225,28.7114459600,28.9899082000,28.2937526000,28.7412812000,28.4230386400,2034992,58507272.0800,2,6.742800,1,1.119700,24.394195,2.098624,3.597531,-5.629080,0
2024-11-11,sz.301225,29.1191942400,30.7302972000,29.1191942400,30.7004619600,28.7412812000,4166302,124754733.1700,2,13.804800,1,6.816600,26.057052,2.241678,3.842761,-6.012792,0
2024-11-12,sz.301225,30.7601324400,31.0982651600,29.5368876000,29.8252949200,30.7004619600,3184493,97046821.9300,2,10.551700,1,-2.850700,25.314253,2.177776,3.733217,-5.841387,0
2024-11-13,sz.301225,29.5567777600,29.9148006400,28.7313361200,29.7556793600,29.8252949200,1972402,58176623.1500,2,6.535500,1,-0.233400,25.255167,2.172693,3.724503,-5.827753,0
2024-11-14,sz.301225,29.5667228400,29.6363384000,28.8407320000,28.9600729600,29.7556793600,1571848,46020903.0000,2,5.208200,1,-2.673800,24.579895,2.114599,3.624917,-5.671931,0
2024-11-15,sz.301225,29.0595237600,29.0893590000,28.0152903600,28.0152903600,28.9600729600,1275363,36702553.5900,2,4.225900,1,-3.262400,23.778010,2.045613,3.506659,-5.486892,0
2024-11-18,sz.301225,28.0053452800,28.5821599200,26.9213315600,27.1799036400,28.0152903600,1114924,30845264.5600,2,3.694200,1,-2.981900,23.068974,1.984615,3.402094,-5.323278,0
2024-11-19,sz.301225,27.2594642800,28.2241370400,27.1898487200,28.2042468800,27.1799036400,1243300,34604692.0000,2,4.119600,1,3.768800,23.938387,2.059410,3.530311,-5.523900,0
2024-11-20,sz.301225,28.1545214800,28.8108967600,27.9257846400,28.6617205600,28.2042468800,1209353,34702981.9600,2,4.007100,1,1.622000,24.326668,2.092814,3.587573,-5.613497,0
2024-11-21,sz.301225,28.8208418400,28.8307869200,28.1843567200,28.6617205600,28.6617205600,864964,24834119.0800,2,2.866000,1,0.000000,24.326668,2.092814,3.587573,-5.613497,0
2024-11-22,sz.301225,28.6617205600,28.6617205600,26.9014414000,26.9611118800,28.6617205600,1071741,29929527.5500,2,3.551200,1,-5.933400,22.883274,1.968640,3.374708,-5.280427,0
2024-11-25,sz.301225,27.0307274400,28.2937526000,27.0008922000,28.2937526000,26.9611118800,1212200,33797973.0000,2,4.016600,1,4.942800,24.014355,2.065946,3.541514,-5.541430,0
2024-11-26,sz.301225,28.4727640400,28.4727640400,27.4185855600,27.5180363600,28.2937526000,626516,17489594.8000,2,2.075900,1,-2.741700,23.355965,2.009305,3.444418,-5.389503,0
2024-11-27,sz.301225,27.4185855600,27.7766084400,26.4738029600,27.7169379600,27.5180363600,948500,25841485.2000,2,3.142800,1,0.722800,23.524783,2.023828,3.469315,-5.428458,0
2024-11-28,sz.301225,27.6771576400,27.8163887600,27.3489700000,27.5080912800,27.7169379600,695233,19277731.4000,2,2.303600,1,-0.753500,23.347524,2.008579,3.443174,-5.387555,0
2024-11-29,sz.301225,27.5279814400,28.3434780000,27.2196839600,28.0849059200,27.5080912800,1103604,30933535.8400,2,3.656700,1,2.096900,23.837096,2.050696,3.515373,-5.500526,0
2024-12-02,sz.301225,28.0451256000,28.5324345200,28.0451256000,28.4031484800,28.0849059200,1165176,33128299.9900,2,3.860800,1,1.133100,24.107205,2.073934,3.555207,-5.562855,0
2024-12-03,sz.301225,28.4230386400,28.9899082000,28.2440272000,28.5622697600,28.4031484800,1290229,37129382.9600,2,4.275100,1,0.560200,24.242259,2.085552,3.575124,-5.594020,0
2024-12-04,sz.301225,28.6418304000,29.0396336000,28.3534230800,28.6418304000,28.5622697600,1451534,41885801.1200,2,4.809600,1,0.278600,24.309786,2.091362,3.585083,-5.609602,0
2024-12-05,sz.301225,28.5423796000,30.1833178000,28.5125443600,29.5368876000,28.6418304000,3295557,97941324.5700,2,10.919700,1,3.125000,25.069467,2.156717,3.697117,-5.784902,0
2024-12-06,sz.301225,29.4573269600,29.4871622000,28.7213910400,29.0495786800,29.5368876000,1985236,57825175.0800,2,6.578000,1,-1.649800,24.655863,2.121135,3.636121,-5.689461,0
2024-12-09,sz.301225,28.8606221600,29.6960088800,28.6517754800,29.1390844000,29.0495786800,1598567,46818240.7800,2,5.296800,1,0.308100,24.731831,2.127670,3.647324,-5.706991,0
2024-12-10,sz.301225,29.7855146000,29.7855146000,28.8506770800,28.9501278800,29.1390844000,1563634,46092700.7600,2,5.181000,1,-0.648500,24.571454,2.113873,3.623673,-5.669983,0
2024-12-11,sz.301225,28.9202926400,29.0495786800,28.5622697600,28.9998532800,28.9501278800,1048800,30360704.0000,2,3.475100,1,0.171800,24.613659,2.117504,3.629897,-5.679722,0
2024-12-12,sz.301225,28.7910066000,29.4076015600,28.6418304000,29.0396336000,28.9998532800,1043834,30411921.2800,2,3.458700,1,0.137200,24.647422,2.120409,3.634876,-5.687513,0
2024-12-13,sz.301225,28.8407320000,29.1589745600,28.4727640400,28.8407320000,29.0396336000,1275251,36850359.9400,2,4.225500,1,-0.684900,24.478604,2.105885,3.609979,-5.648557,0
2024-12-16,sz.301225,28.8407320000,29.9346908000,28.5423796000,29.1291393200,28.8407320000,1848724,54512956.8400,2,6.125700,1,1.000000,24.723390,2.126944,3.646079,-5.705043,0
2024-12-17,sz.301225,29.3180958400,29.3180958400,27.8462240000,28.1943018000,29.1291393200,1465465,41963644.7500,2,4.855700,1,-3.209300,23.929946,2.058684,3.529066,-5.521952,0
2024-12-18,sz.301225,28.4429288000,29.1390844000,27.5180363600,28.6119951600,28.1943018000,1161524,33368569.5800,2,3.848700,1,1.481500,24.284464,2.089183,3.581349,-5.603758,0
2024-12-19,sz.301225,28.4429288000,28.5324345200,27.7069928800,28.2639173600,28.6119951600,893956,25273576.8500,2,2.962100,1,-1.216500,23.989032,2.063767,3.537780,-5.535586,0
2024-12-20,sz.301225,28.2539722800,28.9899082000,28.0948510000,28.8407320000,28.2639173600,1062332,30681497.6800,2,3.520000,1,2.040800,24.478604,2.105885,3.609979,-5.648557,0
2024-12-23,sz.301225,28.9401828000,29.0296885200,27.2594642800,27.4185855600,28.8407320000,1271200,35688747.0000,2,4.212100,1,-4.931000,23.271556,2.002043,3.431970,-5.370025,0
2024-12-24,sz.301225,27.4285306400,28.4031484800,27.3091896800,27.7964986000,27.4185855600,1097836,30744951.2000,2,3.637600,1,1.378300,23.592310,2.029638,3.479273,-5.444041,0
2024-12-25,sz.301225,27.5876519200,27.7964986000,26.7522652000,26.8318258400,27.7964986000,979424,26634473.5600,2,3.245300,1,-3.470500,22.773543,1.959199,3.358526,-5.255106,0
2024-12-26,sz.301225,26.8517160000,27.8064436800,26.7423201200,27.4981462000,26.8318258400,862000,23870244.0000,2,2.856200,1,2.483300,23.339083,2.007853,3.441929,-5.385607,0
2024-12-27,sz.301225,27.6473224000,27.7666633600,27.2694093600,27.3788052400,27.4981462000,624685,17302687.0000,2,2.069900,1,-0.434000,23.237792,1.999139,3.426991,-5.362234,0
2024-12-30,sz.301225,27.1500684000,27.3191347600,26.4936931200,27.0406725200,27.3788052400,580900,15766993.0000,2,1.924800,1,-1.235000,22.950802,1.974449,3.384667,-5.296010,0
2024-12-31,sz.301225,27.0705077600,27.2395741200,26.2351210400,26.3942423200,27.0406725200,759985,20332795.7000,2,2.518200,1,-2.390600,22.402143,1.927248,3.303754,-5.169404,0
2025-01-02,sz.301225,26.3743521600,26.6428693200,25.2903384400,25.5489105200,26.3942423200,777000,20212230.0000,2,2.574600,1,-3.202700,21.684667,1.865524,3.197944,-5.003843,0
2025-01-03,sz.301225,25.6881416400,26.0063842000,24.2858853600,24.3753910800,25.5489105200,824400,20751205.0000,2,2.731600,1,-4.593200,20.688641,1.779836,3.051055,-4.774005,0
2025-01-06,sz.301225,24.0074231200,24.9422606400,23.6891805600,24.5046771200,24.3753910800,500932,12275605.6000,2,1.659800,1,0.530400,20.798373,1.789276,3.067238,-4.799326,0
2025-01-07,sz.301225,24.5742926800,25.0417114400,24.3654460000,25.0019311200,24.5046771200,638241,15884455.8500,2,2.114800,1,2.029200,21.220418,1.825585,3.129479,-4.896715,0
2025-01-08,sz.301225,24.8627000000,25.1113270000,24.0173682000,24.9522057200,25.0019311200,785748,19524694.8800,2,2.603500,1,-0.198900,21.178213,1.821954,3.123255,-4.886976,0
2025-01-09,sz.301225,24.9522057200,25.1908876400,24.7632492000,24.9720958800,24.9522057200,424800,10693185.0000,2,1.407600,1,0.079700,21.195095,1.823406,3.125744,-4.890872,0
2025-01-10,sz.301225,24.8129746000,25.3002835200,24.3057755200,24.3057755200,24.9720958800,526656,13126259.6400,2,1.745000,1,-2.668300,20.629555,1.774753,3.042341,-4.760370,0
2025-01-13,sz.301225,24.3455558400,25.0616016000,23.7190158000,24.8428098400,24.3057755200,829500,20388422.7800,2,2.748500,1,2.209500,21.085363,1.813966,3.109562,-4.865550,0
2025-01-14,sz.301225,25.2306679600,25.8373178400,24.7831393600,25.8373178400,24.8428098400,858456,21996320.4000,2,2.844500,1,4.003200,21.929453,1.886583,3.234044,-5.060328,0
2025-01-15,sz.301225,25.6583064000,26.3544620000,25.2505581200,26.0660546800,25.8373178400,774800,20365198.0000,2,2.567300,1,0.885300,22.123594,1.903285,3.262675,-5.105127,0
2025-01-16,sz.301225,26.1058350000,26.5036382000,25.6085810000,25.7378670400,26.0660546800,644200,16814304.0000,2,2.134500,1,-1.259100,21.845044,1.879321,3.221595,-5.040851,0
2025-01-17,sz.301225,25.7378670400,25.9765489600,25.4693498800,25.9367686400,25.7378670400,554500,14363645.0000,2,1.837300,1,0.772800,22.013862,1.893844,3.246492,-5.079806,0
2025-01-20,sz.301225,26.0660546800,26.6229791600,25.9467137200,26.5533636000,25.9367686400,725700,19235929.0000,2,2.404600,1,2.377300,22.537198,1.938867,3.323671,-5.200568,0
2025-01-21,sz.301225,27.2097388800,27.2097388800,26.0362194400,26.5633086800,26.5533636000,661600,17634231.0000,2,2.192200,1,0.037500,22.545639,1.939593,3.324916,-5.202516,0
2025-01-22,sz.301225,26.5831988400,26.6627594800,26.0362194400,26.2649562800,26.5633086800,470400,12452434.0000,2,1.558600,1,-1.123200,22.292412,1.917808,3.287571,-5.144083,0
2025-01-23,sz.301225,26.6030890000,26.9113864800,26.3146816800,26.3544620000,26.2649562800,695300,18621947.0000,2,2.303800,1,0.340800,22.368380,1.924343,3.298774,-5.161613,0
2025-01-24,sz.301225,26.3544620000,26.9511668000,26.2649562800,26.9213315600,26.3544620000,654824,17530066.2800,2,2.169700,1,2.150900,22.849511,1.965735,3.369729,-5.272636,0
2025-01-27,sz.301225,26.9611118800,27.3091896800,26.8318258400,26.9312766400,26.9213315600,627500,17083971.0000,2,2.079200,1,0.036900,22.857952,1.966461,3.370974,-5.274584,0
2025-02-05,sz.301225,26.9511668000,27.1500684000,26.6030890000,26.7025398000,26.9312766400,486424,13097702.3600,2,1.611700,1,-0.849300,22.663811,1.949759,3.342343,-5.229785,0
2025-02-06,sz.301225,26.5831988400,27.8760592400,26.5831988400,27.7666633600,26.7025398000,1342182,36826009.8500,2,4.447300,1,3.985100,23.566987,2.027459,3.475539,-5.438197,0
2025-02-07,sz.301225,27.7766084400,27.9257846400,27.3489700000,27.6373773200,27.7666633600,1326724,36889759.8000,2,4.396000,1,-0.465600,23.457256,2.018019,3.459356,-5.412876,0
2025-02-10,sz.301225,27.6771576400,27.7666633600,27.1301782400,27.7666633600,27.6373773200,812584,22444075.1200,2,2.692500,1,0.467800,23.566987,2.027459,3.475539,-5.438197,0
2025-02-11,sz.301225,27.7666633600,28.0152903600,27.4086404800,27.5677617600,27.7666633600,644799,17915000.2300,2,2.136500,1,-0.716300,23.398169,2.012936,3.450642,-5.399242,0
2025-02-12,sz.301225,27.5777068400,27.6970478000,27.4086404800,27.5975970000,27.5677617600,585600,16228032.0000,2,1.940400,1,0.108200,23.423492,2.015114,3.454377,-5.405085,0
2025-02-13,sz.301225,27.6572674800,27.6970478000,27.0207823600,27.0705077600,27.5975970000,658600,18054312.0000,2,2.182200,1,-1.909900,22.976124,1.976627,3.388401,-5.301853,0
2025-02-14,sz.301225,26.9611118800,27.5876519200,26.9014414000,27.1898487200,27.0705077600,572400,15718996.0000,2,1.896600,1,0.440900,23.077415,1.985341,3.403339,-5.325226,0
2025-02-17,sz.301225,27.4285306400,27.9058944800,27.2594642800,27.8263338400,27.1898487200,991800,27583659.0000,2,3.286300,1,2.340900,23.617633,2.031816,3.483008,-5.449884,0
2025-02-18,sz.301225,27.8362789200,27.9357297200,27.1799036400,27.1898487200,27.8263338400,834000,23073891.0000,2,2.763400,1,-2.287300,23.077415,1.985341,3.403339,-5.325226,0
2025-02-19,sz.301225,27.2992446000,28.2241370400,27.1600134800,28.2141919600,27.1898487200,1698299,47812921.2800,2,5.627200,1,3.767400,23.946828,2.060137,3.531556,-5.525847,0
2025-02-20,sz.301225,28.3235878400,28.7015008800,27.9058944800,28.5722148400,28.2141919600,1525700,43514344.9600,2,5.055300,1,1.268900,24.250700,2.086279,3.576369,-5.595967,0
2025-02-21,sz.301225,28.5722148400,28.6517754800,28.1246862400,28.4329837200,28.5722148400,1122302,32004320.7600,2,3.718700,1,-0.487300,24.132527,2.076112,3.558942,-5.568698,0
2025-02-24,sz.301225,28.4628189600,28.8009516800,28.0948510000,28.4727640400,28.4329837200,982400,28123717.0000,2,3.255100,1,0.139900,24.166291,2.079017,3.563921,-5.576490,0
2025-02-25,sz.301225,28.1445764000,29.1191942400,28.0749608400,28.7711164400,28.4727640400,1248232,36056161.8000,2,4.136000,1,1.047900,24.419518,2.100802,3.601266,-5.634923,0
2025-02-26,sz.301225,28.7810615200,29.7556793600,28.5224894400,29.3976564800,28.7711164400,1748227,51648894.5900,2,5.792700,1,2.177700,24.951295,2.146551,3.679689,-5.757633,0
2025-02-27,sz.301225,29.3976564800,30.3126038400,29.1390844000,30.0440866800,29.3976564800,1939200,58009743.9500,2,6.425400,1,2.198900,25.499953,2.193751,3.760603,-5.884239,0
2025-02-28,sz.301225,30.0241965200,30.1634276400,29.0595237600,29.1589745600,30.0440866800,1624442,48131113.1800,2,5.382500,1,-2.946000,24.748713,2.129123,3.649814,-5.710886,0
2025-03-03,sz.301225,29.0893590000,31.0286496000,29.0396336000,29.6860638000,29.1589745600,1942399,58311521.8500,2,6.436000,1,1.807600,25.196081,2.167609,3.715789,-5.814119,0
2025-03-04,sz.301225,29.2385352000,30.7402422800,29.1390844000,29.7457342800,29.6860638000,2218303,67114983.7800,2,7.350200,1,0.201000,25.246726,2.171966,3.723258,-5.825805,0
2025-03-05,sz.301225,29.3678212400,30.7899676800,29.3678212400,30.6706267200,29.7457342800,2471476,75572839.9800,2,8.189100,1,3.109300,26.031729,2.239500,3.839026,-6.006949,0
2025-03-06,sz.301225,30.5313956000,31.7645855200,30.5313956000,31.1977159600,30.6706267200,2714000,85308650.3600,2,8.992700,1,1.718500,26.479097,2.277987,3.905002,-6.110181,0
2025-03-07,sz.301225,30.9888692800,37.4332811200,30.9888692800,37.4332811200,31.1977159600,12152675,435663419.7800,2,40.267300,1,19.987200,31.771540,2.733294,4.685504,-7.331438,0
2025-03-10,sz.301225,37.4332811200,44.9219263600,36.3094870800,44.9219263600,37.4332811200,13287851,557729708.9100,2,44.028700,1,20.005300,38.127536,3.280098,5.622854,-8.798115,0
2025-03-11,sz.301225,42.1273588800,44.6434641200,40.1781232000,42.5450522400,44.9219263600,9300234,393167772.3100,2,30.815900,1,-5.291100,36.110162,3.106544,5.325342,-8.332596,0
2025-03-12,sz.301225,42.6643932000,45.3396197200,40.7648829200,45.3396197200,42.5450522400,10275769,443000166.9700,2,34.048300,1,6.568500,38.482054,3.310597,5.675137,-8.879922,0
2025-03-13,sz.301225,43.7583520000,47.7363840000,42.1870293600,46.4335785200,45.3396197200,9301915,421937680.3300,2,30.821500,1,2.412800,39.410553,3.390475,5.812067,-9.094177,0
2025-03-14,sz.301225,43.8578028000,52.7586494000,42.7638440000,48.8701231200,46.4335785200,9984221,483968636.0500,2,33.082200,1,5.247400,41.478573,3.568386,6.117048,-9.571383,0
2025-03-17,sz.301225,47.2391300000,49.0292444000,45.7473680000,47.5374824000,48.8701231200,6658886,315603010.9900,2,22.063900,1,-2.726900,40.347492,3.471080,5.950242,-9.310381,0
2025-03-18,sz.301225,46.3241826400,47.3186906400,43.5594504000,45.4490156000,47.5374824000,7515249,339785244.8600,2,24.901400,1,-4.393300,38.574904,3.318585,5.688830,-8.901347,0
2025-03-19,sz.301225,44.0865396400,45.2302238400,42.6643932000,43.1914824400,45.4490156000,6253974,276190894.7500,2,20.722200,1,-4.967200,36.658820,3.153745,5.406255,-8.459202,0
2025-03-20,sz.301225,43.1218668800,47.5076471600,42.5649424000,47.2888554000,43.1914824400,9664080,442369128.8000,2,32.021500,1,9.486500,40.136470,3.452926,5.919122,-9.261686,0
2025-03-21,sz.301225,46.4136883600,46.4136883600,38.8952078800,40.3770248000,47.2888554000,7889122,338386065.5000,2,26.140200,1,-14.616200,34.270046,2.948239,5.053971,-7.907980,0
2025-03-24,sz.301225,40.5460911600,43.3406586400,40.5460911600,42.0378531600,40.3770248000,5945072,250626316.9000,2,19.698700,1,4.113300,35.679676,3.069509,5.261856,-8.233259,0
2025-03-25,sz.301225,42.1174138000,44.0169240800,39.1139996400,39.3526815600,42.0378531600,5646593,231111392.1700,2,18.709700,1,-6.387500,33.400633,2.873444,4.925755,-7.707359,0
2025-03-26,sz.301225,39.2830660000,41.2521918400,38.3084481600,40.3969149600,39.3526815600,4491882,182273050.0200,2,14.883600,1,2.653500,34.286928,2.949692,5.056461,-7.911876,0
2025-03-27,sz.301225,40.0687273200,41.1328508800,39.0543291600,39.6908142800,40.3969149600,3219100,129101894.0000,2,10.666300,1,-1.747900,33.687624,2.898134,4.968079,-7.773584,0
2025-03-28,sz.301225,40.3571346400,40.3571346400,38.3183932400,38.3979538800,39.6908142800,2468800,96777800.0000,2,8.180300,1,-3.257300,32.590307,2.803732,4.806252,-7.520372,0
2025-03-31,sz.301225,38.2587227600,39.9891666800,36.8067410800,39.3825168000,38.3979538800,4012353,154964256.6400,2,13.294700,1,2.564100,33.425956,2.875623,4.929489,-7.713203,0
2025-04-01,sz.301225,39.6709241200,39.7803200000,38.3979538800,38.9847136000,39.3825168000,2822400,110232104.0000,2,9.351900,1,-1.010100,33.088320,2.846576,4.879696,-7.635291,0
2025-04-02,sz.301225,38.7360866000,40.6355968800,38.4377342000,39.9294962000,38.9847136000,3925175,157637772.2500,2,13.005900,1,2.423500,33.890206,2.915562,4.997954,-7.820330,0
2025-04-03,sz.301225,39.2830660000,39.8797708000,37.5924024000,38.2487776800,39.9294962000,2748875,106908747.5000,2,9.108300,1,-4.209200,32.463694,2.792839,4.787580,-7.491156,0
2025-04-07,sz.301225,33.4651942000,35.8022880000,30.6010111600,30.6010111600,38.2487776800,4120158,134488098.8700,2,13.651900,1,-19.994800,25.972643,2.234417,3.830313,-5.993314,0
2025-04-08,sz.301225,30.3921644800,32.5999722400,30.3921644800,31.4363978800,30.6010111600,3681543,116702131.7900,2,12.198600,1,2.729900,26.681679,2.295415,3.934878,-6.156928,0
2025-04-09,sz.301225,31.0485397600,32.8287090800,28.2440272000,32.1424985600,31.4363978800,3605860,113284813.0000,2,11.947800,1,2.246100,27.280982,2.346973,4.023260,-6.295220,0
2025-04-10,sz.301225,34.3005809200,37.1945992000,33.8132720000,34.9370660400,32.1424985600,4826131,171775451.8600,2,15.991200,1,8.694300,29.652875,2.551026,4.373054,-6.842546,0
2025-04-11,sz.301225,34.9967365200,36.7769058400,34.1712948800,35.8520134000,34.9370660400,3599300,128799465.0000,2,11.926100,1,2.618800,30.429437,2.617833,4.487578,-7.021741,0
2025-04-14,sz.301225,36.9559172800,39.3228463200,36.7967960000,38.3681186400,35.8520134000,4663740,178898859.8000,2,15.453100,1,7.018000,32.564985,2.801553,4.802518,-7.514529,0
2025-04-15,sz.301225,38.0399310000,39.9891666800,37.8808097200,38.1990522800,38.3681186400,3361600,130825343.2700,2,11.138500,1,-0.440600,32.421489,2.789209,4.781356,-7.481417,0
2025-04-16,sz.301225,38.2985030800,38.6863612000,36.2597616800,36.7072902800,38.1990522800,2931900,109826392.0000,2,9.714700,1,-3.905200,31.155355,2.680284,4.594633,-7.189250,0
2025-04-17,sz.301225,36.4188829600,38.0598211600,36.4188829600,37.2940500000,36.7072902800,2441800,91868777.0000,2,8.090800,1,1.598500,31.653368,2.723127,4.668077,-7.304169,0
2025-04-18,sz.301225,36.9161369600,38.2089973600,36.5083886800,37.8609195600,37.2940500000,2237200,84215591.0000,2,7.412900,1,1.520000,32.134499,2.764519,4.739032,-7.415192,0
2025-04-21,sz.301225,37.9006998800,41.7693360000,37.3935008000,41.2422467600,37.8609195600,4472912,178843841.2400,2,14.820800,1,8.930900,35.004404,3.011416,5.162271,-8.077437,0
2025-04-22,sz.301225,41.2919721600,43.1815373600,40.3770248000,42.7638440000,41.2422467600,5474752,232371882.8400,2,18.140300,1,3.689400,33.922179,3.030921,5.138469,-9.616327,0
2025-04-23,sz.301225,41.2422467600,51.3166128000,41.2422467600,51.3166128000,42.7638440000,9821110,469367928.8100,2,32.541800,1,20.000000,40.706614,3.637106,6.166163,-11.539593,0
2025-04-24,sz.301225,50.7199080000,54.6780498400,46.8413268000,47.0700636400,51.3166128000,12318011,624060334.3900,2,40.815100,1,-8.275200,37.338063,3.336128,5.655901,-10.584669,0
2025-04-25,sz.301225,49.5762238000,52.9277157600,46.5429744000,49.9143565200,47.0700636400,9247548,464963280.3000,2,30.641300,1,6.042700,39.594282,3.537720,5.997669,-11.224267,0
2025-04-28,sz.301225,49.7254000000,55.2449194000,49.3077066400,53.9222237600,49.9143565200,9386201,496925523.1300,2,31.100700,1,8.029500,42.773500,3.821780,6.479251,-12.125518,0
2025-04-29,sz.301225,54.2006860000,59.5710292000,53.2559034000,55.0957432000,53.9222237600,8817190,494026759.4000,2,29.215300,1,2.176300,42.574841,3.818873,6.391083,-11.312603,0
2025-04-30,sz.301225,54.9962924000,57.2041001600,53.0470567200,55.6924480000,55.0957432000,7261490,402234091.6000,2,24.060600,1,1.083000,43.035940,3.860233,6.460300,-11.435122,0
2025-05-06,sz.301225,55.2051390800,64.7723060400,55.2051390800,61.6793861600,55.6924480000,7311342,432845392.6200,2,24.225800,1,10.750000,47.662303,4.275208,7.154783,-12.664398,0
2025-05-07,sz.301225,62.6540040000,67.5967087600,60.1677340000,61.5501001200,61.6793861600,6921300,438696809.0000,2,22.933400,1,-0.209600,47.562399,4.266247,7.139786,-12.637852,0
2025-05-08,sz.301225,62.1567500000,67.5270932000,60.3964708400,61.5501001200,61.5501001200,5847979,369795261.5600,2,19.377000,1,0.000000,47.562399,4.266247,7.139786,-12.637852,0
2025-05-09,sz.301225,59.9489422400,64.3446676000,59.1732260000,64.0463152000,61.5501001200,5719300,351997297.0000,2,18.950600,1,4.055600,49.491331,4.439268,7.429345,-13.150390,0
2025-05-12,sz.301225,64.1855463200,74.4687590400,63.2308186400,71.1073220000,64.0463152000,6235300,436486652.5500,2,20.660400,1,11.024800,54.947673,4.928690,8.248419,-14.600200,0
2025-05-13,sz.301225,71.0078712000,72.0918849200,66.7314868000,69.3868231600,71.1073220000,5643365,392077063.0200,2,18.699000,1,-2.419600,53.618170,4.809437,8.048842,-14.246937,0
2025-05-14,sz.301225,68.6210520000,68.9194044000,63.3501596000,63.4993358000,69.3868231600,6307418,416700713.3000,2,20.899300,1,-8.485000,49.068656,4.401355,7.365896,-13.038081,0
2025-05-15,sz.301225,62.5843884400,63.4297202400,60.1080635200,60.7644388000,63.4993358000,6105686,376020989.3300,2,20.230900,1,-4.307000,46.955284,4.211790,7.048649,-12.476535,0
2025-05-16,sz.301225,60.4461962400,61.6296607600,58.7256974000,60.0483930400,60.7644388000,5977100,361766044.0000,2,19.804800,1,-1.178400,46.401965,4.162158,6.965588,-12.329512,0
2025-05-19,sz.301225,59.9688324000,59.9688324000,56.8261871200,58.0195967200,60.0483930400,3911700,226754188.0000,2,12.961200,1,-3.378600,44.834227,4.021536,6.730249,-11.912947,0
2025-05-20,sz.301225,58.0195967200,58.1886630800,56.6173404400,57.3134960400,58.0195967200,3064500,176105701.0000,2,10.154100,1,-1.217000,44.288593,3.972593,6.648341,-11.767966,0
2025-05-21,sz.301225,57.4825624000,58.7953129600,56.0405258000,56.3687134400,57.3134960400,3923600,225591622.0000,2,13.000700,1,-1.648400,43.558519,3.907107,6.538747,-11.573977,0
2025-05-22,sz.301225,56.2394274000,56.9057477600,55.6228324400,55.7819537200,56.3687134400,2173700,122676543.0000,2,7.202500,1,-1.040900,43.105105,3.866437,6.470683,-11.453500,0
2025-05-23,sz.301225,55.7918988000,60.4859765600,55.2449194000,58.1787180000,55.7819537200,7033479,412499441.8900,2,23.305100,1,4.296700,44.957187,4.032565,6.748707,-11.945618,0
2025-05-26,sz.301225,56.6869560000,57.5223427200,54.3697523600,55.7421734000,58.1787180000,4817899,270086928.5800,2,15.963900,1,-4.188000,43.074365,3.863680,6.466069,-11.445332,0
2025-05-27,sz.301225,55.2051390800,60.6649880000,55.2051390800,58.1389376800,55.7421734000,7124517,417053361.2600,2,23.606700,1,4.299700,44.926447,4.029808,6.744092,-11.937450,0
2025-05-28,sz.301225,58.7157523200,66.2939032800,56.4880544000,63.6485120000,58.1389376800,7888005,488909600.9900,2,26.136500,1,9.476600,49.183931,4.411695,7.383200,-13.068711,0
2025-05-29,sz.301225,65.6474730800,69.6056149200,63.6485120000,67.6265440000,63.6485120000,7679065,518196290.7900,2,25.444200,1,6.250000,52.257927,4.687426,7.844650,-13.885505,0
2025-05-30,sz.301225,68.0243472000,73.1560084800,65.8364296000,70.3713860800,67.6265440000,6238555,429236680.4500,2,20.671200,1,4.058800,54.378984,4.877680,8.163051,-14.449093,0
2025-06-03,sz.301225,71.8134226800,84.4436742800,71.8134226800,82.3949878000,70.3713860800,8768808,716492891.2700,2,29.055000,1,17.085900,63.670136,5.711077,9.557784,-16.917854,0
2025-06-04,sz.301225,78.8744294800,80.5551480000,75.7218391200,75.7218391200,82.3949878000,6908883,537373079.6900,2,22.892300,1,-8.099000,58.513508,5.248538,8.783701,-15.547682,0
2025-06-05,sz.301225,75.5826080000,87.5167040000,74.6676606400,84.6624660400,75.7218391200,6803310,557459291.4400,2,22.542400,1,11.807200,65.422314,5.868244,9.820810,-17.383427,0
2025-06-06,sz.301225,83.9265301200,84.3840038000,79.5606400000,81.6789420400,84.6624660400,5147693,421897210.4100,2,17.056600,1,-3.524000,63.116817,5.661445,9.474723,-16.770831,0
2025-06-09,sz.301225,79.5606400000,82.4248230400,77.1837658800,79.7595416000,81.6789420400,4164400,335055878.3800,2,13.798500,1,-2.349900,61.633614,5.528405,9.252073,-16.376728,0
2025-06-10,sz.301225,79.6302555600,83.0414180000,78.7650336000,80.2468505200,79.7595416000,4215460,342073104.7200,2,13.967700,1,0.611000,62.010178,5.562182,9.308601,-16.476785,0
2025-06-11,sz.301225,80.3860816400,86.3332394800,80.3860816400,86.1045026400,80.2468505200,4680877,394485526.4400,2,15.509900,1,7.299500,66.536637,5.968196,9.988086,-17.679515,0
2025-06-12,sz.301225,83.5187818400,89.9830838400,81.5596010800,87.4968138400,86.1045026400,4832595,416833650.6600,2,16.012600,1,1.617000,67.612536,6.064702,10.149593,-17.965393,0
2025-06-13,sz.301225,90.0526994000,91.1367131200,84.5331800000,87.4570335200,87.4968138400,4079720,355327276.6300,2,13.518000,1,-0.045500,67.581796,6.061945,10.144979,-17.957225,0
2025-06-16,sz.301225,85.5276880000,88.5112120000,80.5551480000,80.7540496000,87.4570335200,3649478,304354543.9100,2,12.092400,1,-7.664300,62.402113,5.597338,9.367436,-16.580927,0
2025-06-17,sz.301225,83.5386720000,85.1895552800,77.5716240000,79.1827269600,80.7540496000,4538718,371603979.1500,2,15.038800,1,-1.945800,61.187885,5.488424,9.185163,-16.258293,0
2025-06-18,sz.301225,78.1782738800,80.1175644800,76.3384340800,77.6312944800,79.1827269600,3174693,248469038.2700,2,10.519200,1,-1.959300,59.989026,5.380889,9.005197,-15.939743,0
2025-06-19,sz.301225,77.9694272000,83.4690564400,76.3881594800,79.3716834800,77.6312944800,5018185,404982167.9500,2,16.627500,1,2.241900,61.333899,5.501521,9.207082,-16.297091,0
2025-06-20,sz.301225,78.5661320000,80.3661914800,74.7571663600,77.2235462000,79.3716834800,3447147,267171192.6000,2,11.422000,1,-2.706400,59.673942,5.352627,8.957899,-15.856022,0
2025-06-23,sz.301225,77.6810198800,78.8545393200,75.2743105200,78.8247040800,77.2235462000,2234080,173033197.2000,2,7.402500,1,2.073400,60.911225,5.463608,9.143632,-16.184781,0
2025-06-24,sz.301225,81.5596010800,83.2403196000,79.0932212400,81.5894363200,78.8247040800,3422367,280260413.5200,2,11.339900,1,3.507400,63.047652,5.655241,9.464340,-16.752454,0
2025-06-25,sz.301225,82.8126811600,83.1905942000,74.3891984000,78.3672304000,81.5894363200,4663500,365345163.0000,2,15.452300,1,-3.949300,60.557715,5.431899,9.090566,-16.090850,0
2025-06-26,sz.301225,80.5551480000,85.7763150000,77.6312944800,79.2523425200,78.3672304000,3553685,292324772.0000,2,11.775000,1,1.129400,61.241679,5.493250,9.193238,-16.272587,0
2025-06-27,sz.301225,79.3617384000,80.3761365600,73.5935920000,74.2400222000,79.2523425200,3595185,272805747.3500,2,11.912500,1,-6.324500,57.368445,5.145829,8.611811,-15.243426,0
2025-06-30,sz.301225,73.4700000000,76.5800000000,73.4200000000,75.7100000000,74.2400000000,2115700,159717868.0000,2,7.010300,1,1.980100,58.183054,5.218897,8.734095,-15.459876,0
2025-07-01,sz.301225,75.7200000000,76.3200000000,74.6000000000,75.4000000000,75.7100000000,1564300,117851999.6700,2,5.183200,1,-0.409500,57.944819,5.197528,8.698333,-15.396575,0
2025-07-02,sz.301225,74.6900000000,75.1700000000,71.7200000000,72.3600000000,75.4000000000,1869900,136258712.6900,2,6.195800,1,-4.031800,55.608582,4.987973,8.347631,-14.775811,0
2025-07-03,sz.301225,72.7000000000,74.0400000000,71.8400000000,72.6000000000,72.3600000000,1652800,120266608.0000,2,5.476500,1,0.331700,55.793022,5.004516,8.375318,-14.824819,0
2025-07-04,sz.301225,73.0000000000,74.3000000000,71.1000000000,74.2500000000,72.6000000000,1824300,132660160.0000,2,6.044700,1,2.272700,57.061045,5.118255,8.565666,-15.161746,0
2025-07-07,sz.301225,73.7900000000,73.8000000000,70.0700000000,71.1500000000,74.2500000000,2211100,157760016.0000,2,7.326400,1,-4.175100,54.678699,4.904564,8.208042,-14.528731,0
2025-07-08,sz.301225,71.4000000000,73.2800000000,70.1300000000,72.3300000000,71.1500000000,2247200,162148956.0000,2,7.446000,1,1.658500,55.585527,4.985905,8.344170,-14.769685,0
2025-07-09,sz.301225,73.4800000000,74.9900000000,71.4300000000,72.9300000000,72.3300000000,2023800,147868024.0000,2,6.705800,1,0.829500,56.046627,5.027264,8.413388,-14.892204,0
2025-07-10,sz.301225,72.1000000000,74.9000000000,71.3300000000,74.2600000000,72.9300000000,1664560,121549405.2000,2,5.515400,1,1.823700,57.068730,5.118945,8.566820,-15.163788,0
2025-07-11,sz.301225,74.6500000000,83.1100000000,73.2000000000,82.3700000000,74.2600000000,4285450,338569940.0000,2,14.199600,1,10.921100,63.301257,5.677989,9.502410,-16.819839,0
2025-07-14,sz.301225,82.2400000000,83.5100000000,78.9400000000,83.2000000000,82.3700000000,3410800,276512230.7200,2,11.301500,1,1.007600,63.939111,5.735203,9.598161,-16.989324,0
2025-07-15,sz.301225,82.7800000000,86.8100000000,80.0000000000,81.8600000000,83.2000000000,3303859,275670256.4700,2,10.947200,1,-1.610600,62.909322,5.642834,9.443575,-16.715698,0
2025-07-16,sz.301225,81.0000000000,91.0100000000,81.0000000000,89.3300000000,81.8600000000,4487119,391245842.1200,2,14.867900,1,9.125300,68.650009,6.157761,10.305333,-18.241061,0
2025-07-17,sz.301225,88.8100000000,94.5000000000,86.4700000000,89.8000000000,89.3300000000,3609972,326540798.6000,2,11.961500,1,0.526100,69.011204,6.190159,10.359553,-18.337035,0
2025-07-18,sz.301225,88.9000000000,88.9100000000,84.3400000000,84.5000000000,89.8000000000,3016500,259248985.0000,2,9.995000,1,-5.902000,64.938159,5.824816,9.748132,-17.254782,0
2025-07-21,sz.301225,83.5000000000,84.9800000000,81.1200000000,83.0100000000,84.5000000000,2374570,196381174.9100,2,7.868000,1,-1.763300,63.793096,5.722106,9.576242,-16.950526,0
2025-07-22,sz.301225,82.7200000000,83.9300000000,80.3800000000,80.8400000000,83.0100000000,2064826,168819559.1000,2,6.841700,1,-2.614100,62.125453,5.572522,9.325905,-16.507415,0
2025-07-23,sz.301225,80.4000000000,87.3800000000,79.5900000000,87.0000000000,80.8400000000,3459300,292169065.4200,2,11.462200,1,7.620000,66.859407,5.997148,10.036538,-17.765279,0
2025-07-24,sz.301225,85.5000000000,87.8000000000,83.6500000000,84.0100000000,87.0000000000,1933100,165016662.0000,2,6.405200,1,-3.436800,64.561595,5.791039,9.691604,-17.154725,0
2025-07-25,sz.301225,84.0000000000,89.8000000000,82.4000000000,86.0500000000,84.0100000000,2476547,211628215.8000,2,8.205900,1,2.428300,66.129333,5.931662,9.926944,-17.571290,0
2025-07-28,sz.301225,85.8800000000,87.2300000000,83.2200000000,84.3900000000,86.0500000000,2146400,182956292.0000,2,7.112000,1,-1.929100,64.853624,5.817233,9.735442,-17.232320,0
2025-07-29,sz.301225,83.5500000000,86.0000000000,80.0100000000,84.4500000000,84.3900000000,2561895,214708906.3000,2,8.488700,1,0.071100,64.899734,5.821369,9.742364,-17.244572,0
2025-07-30,sz.301225,83.7900000000,84.3000000000,81.5900000000,81.9200000000,84.4500000000,1511800,124712454.0000,2,5.009300,1,-2.995900,62.955432,5.646969,9.450497,-16.727950,0
2025-07-31,sz.301225,81.8100000000,85.6000000000,80.3900000000,81.6700000000,81.9200000000,2268348,188345881.0600,2,7.516100,1,-0.305200,62.763307,5.629736,9.421656,-16.676900,0
2025-08-01,sz.301225,81.6700000000,83.8000000000,78.8800000000,78.9700000000,81.6700000000,2093148,169303874.4800,2,6.935500,1,-3.306000,60.688360,5.443618,9.110177,-16.125564,0
2025-08-04,sz.301225,79.9400000000,80.4200000000,76.0000000000,80.0800000000,78.9700000000,2449341,193859332.8600,2,8.115800,1,1.405600,61.541394,5.520133,9.238230,-16.352224,0
2025-08-05,sz.301225,81.5900000000,85.8800000000,76.3000000000,81.5300000000,80.0800000000,3284400,263515798.8300,2,10.882700,1,1.810700,62.655717,5.620086,9.405505,-16.648312,0
2025-08-06,sz.301225,80.5800000000,84.6200000000,79.1800000000,82.2300000000,81.5300000000,3025101,247879556.5700,2,10.023500,1,0.858600,63.193667,5.668339,9.486259,-16.791251,0
2025-08-07,sz.301225,83.8500000000,89.0000000000,80.5000000000,81.6800000000,82.2300000000,3923339,330743779.5500,2,12.999800,1,-0.668900,62.770992,5.630426,9.422810,-16.678942,0
2025-08-08,sz.301225,80.1300000000,80.4400000000,78.2000000000,78.3000000000,81.6800000000,2943298,232208794.5800,2,9.752500,1,-4.138100,60.173466,5.397433,9.032884,-15.988751,0
2025-08-11,sz.301225,78.3200000000,85.5000000000,77.6000000000,84.2400000000,78.3000000000,4283372,353679179.0300,2,14.192800,1,7.586200,64.738350,5.806893,9.718138,-17.201691,0
2025-08-12,sz.301225,84.4900000000,84.8300000000,82.2500000000,83.2900000000,84.2400000000,1881009,156808903.9200,2,6.232600,1,-1.127700,64.008276,5.741407,9.608543,-17.007702,0
2025-08-13,sz.301225,83.2900000000,83.8000000000,81.7000000000,82.1600000000,83.2900000000,1751300,144353365.0000,2,5.802800,1,-1.356700,63.139872,5.663513,9.478184,-16.776957,0
2025-08-14,sz.301225,83.4500000000,83.4500000000,79.3500000000,79.6500000000,82.1600000000,1933800,155159460.0000,2,6.407600,1,-3.055000,61.210939,5.490492,9.188624,-16.264419,0
2025-08-15,sz.301225,79.2100000000,85.9900000000,78.8800000000,85.5000000000,79.6500000000,3561864,297806546.8400,2,11.802100,1,7.344600,65.706658,5.893749,9.863494,-17.458981,0
2025-08-18,sz.301225,85.3000000000,87.7600000000,83.8100000000,86.5500000000,85.5000000000,2721574,232998170.1800,2,9.017800,1,1.228100,66.513582,5.966128,9.984625,-17.673389,0
2025-08-19,sz.301225,86.5500000000,89.4500000000,83.1800000000,83.8700000000,86.5500000000,2157468,183425925.4800,2,7.148700,1,-3.096500,64.454005,5.781388,9.675453,-17.126137,0
2025-08-20,sz.301225,83.2100000000,88.2000000000,82.3300000000,87.1400000000,83.8700000000,2842669,243044734.0800,2,9.419000,1,3.898900,66.966996,6.006798,10.052689,-17.793866,0
2025-08-21,sz.301225,87.1000000000,88.9200000000,82.6100000000,83.0000000000,87.1400000000,2362478,200542261.4400,2,7.828000,1,-4.751000,63.785411,5.721417,9.575088,-16.948484,0
2025-08-22,sz.301225,83.0000000000,84.6100000000,81.4800000000,83.1000000000,83.0000000000,1687005,140416211.2000,2,5.589800,1,0.120500,63.862261,5.728310,9.586624,-16.968904,0
2025-08-25,sz.301225,83.3900000000,85.4800000000,80.0000000000,80.8000000000,83.1000000000,3307286,268929968.0000,2,10.958500,1,-2.767700,62.094713,5.569765,9.321291,-16.499247,0
2025-08-26,sz.301225,80.0100000000,81.2600000000,77.8700000000,78.9500000000,80.8000000000,2321115,183635117.7500,2,7.690900,1,-2.289600,60.672990,5.442239,9.107870,-16.121480,0
2025-08-27,sz.301225,78.7800000000,79.3900000000,75.9800000000,76.3900000000,78.9500000000,1831246,142799882.7900,2,6.067700,1,-3.242600,58.705633,5.265771,8.812542,-15.598731,0
2025-08-28,sz.301225,76.1000000000,76.5600000000,72.0000000000,74.2600000000,76.3900000000,2136310,157480842.4000,2,7.078600,1,-2.788300,55.047653,5.152526,8.200470,96.645649,0
2025-08-29,sz.301225,73.6000000000,75.4500000000,73.6000000000,75.0000000000,74.2600000000,1307519,97497515.4900,2,4.332400,1,0.996500,55.596202,5.203871,8.282187,97.608722,0
2025-09-01,sz.301225,75.0100000000,78.2800000000,74.0000000000,77.8900000000,75.0000000000,2070217,159433855.1300,2,6.859600,1,3.853300,57.738509,5.404393,8.601328,101.369911,0
2025-09-02,sz.301225,77.8900000000,86.0000000000,74.3000000000,81.3900000000,77.8900000000,5775947,463524052.6000,2,19.138300,1,4.493500,60.332999,5.647240,8.987830,105.924985,0
2025-09-03,sz.301225,80.9000000000,81.4300000000,73.5000000000,74.3300000000,81.3900000000,3699338,282443099.3100,2,12.257600,1,-8.674300,55.099543,5.157383,8.208200,96.736750,0
2025-09-04,sz.301225,74.3300000000,75.3300000000,69.5500000000,71.2000000000,74.3300000000,1986274,143814841.9800,2,6.581400,1,-4.211000,52.779328,4.940208,7.862557,92.663213,0
2025-09-05,sz.301225,70.9700000000,85.4400000000,70.2000000000,85.4400000000,71.2000000000,7594323,617561092.6900,2,25.163400,1,20.000000,63.335194,5.928249,9.435068,111.195856,0
2025-09-08,sz.301225,86.0000000000,98.2300000000,85.9500000000,94.2000000000,85.4400000000,8642770,801967537.7400,2,28.637400,1,10.252800,69.828830,6.536062,10.402427,122.596554,0
2025-09-09,sz.301225,94.0200000000,101.6600000000,92.0000000000,98.2500000000,94.2000000000,5539100,533635486.1800,2,18.353500,1,4.299400,72.831025,6.817071,10.849665,127.867425,0
2025-09-10,sz.301225,97.2700000000,98.2100000000,93.8800000000,96.0000000000,98.2500000000,3362651,323189252.8200,2,11.142000,1,-2.290100,71.163139,6.660954,10.601200,124.939164,0
2025-09-11,sz.301225,95.9900000000,101.5000000000,95.6800000000,99.2800000000,96.0000000000,3287105,325048229.9600,2,11.000300,1,3.416700,73.594546,6.888537,10.963407,129.207918,0
2025-09-12,sz.301225,99.3000000000,102.1600000000,95.6700000000,95.9000000000,99.2800000000,3069457,300669452.6600,2,10.271900,1,-3.404500,71.089011,6.654016,10.590157,124.809019,0
2025-09-15,sz.301225,96.0100000000,98.8800000000,93.5000000000,94.2100000000,95.9000000000,2692797,257237899.5000,2,9.011400,1,-1.762300,69.836243,6.536755,10.403532,122.609569,0
2025-09-16,sz.301225,94.7900000000,108.0800000000,93.5000000000,103.7600000000,94.2100000000,5779991,577327295.7600,2,19.342700,1,10.136900,76.915493,7.199382,11.458130,135.038413,0
2025-09-17,sz.301225,102.6300000000,106.7800000000,101.0200000000,104.7300000000,103.7600000000,4307367,448621637.8800,2,14.414600,1,0.934800,77.634537,7.266685,11.565246,136.300819,0
2025-09-18,sz.301225,106.0000000000,109.3100000000,95.0000000000,96.1500000000,104.7300000000,5620693,572828666.7900,2,18.809600,1,-8.192500,71.274332,6.671362,10.617764,125.134381,0
2025-09-19,sz.301225,96.1700000000,96.8700000000,90.5000000000,91.4200000000,96.1500000000,3164266,292492347.8000,2,10.589200,1,-4.919400,67.768064,6.343171,10.095434,118.978524,0
2025-09-22,sz.301225,91.0400000000,92.5800000000,89.8900000000,90.5200000000,91.4200000000,2484416,225976786.3600,2,8.314100,1,-0.984500,67.100910,6.280725,9.996048,117.807220,0
2025-09-23,sz.301225,97.6900000000,99.5400000000,91.5800000000,94.6800000000,90.5200000000,5747817,547623442.0000,2,19.235000,1,4.595700,70.184646,6.569366,10.455433,123.221250,0
2025-09-24,sz.301225,94.6300000000,95.2300000000,91.5800000000,93.2300000000,94.6800000000,2715763,254774652.0700,2,9.088300,1,-1.531500,69.109786,6.468758,10.295311,121.334148,0
2025-09-25,sz.301225,92.3000000000,95.0000000000,92.0200000000,92.2900000000,93.2300000000,1930553,179945717.1600,2,6.460600,1,-1.008300,68.412980,6.403536,10.191508,120.110785,0
2025-09-26,sz.301225,91.5400000000,92.4000000000,88.3700000000,88.6800000000,92.2900000000,1975666,178231850.2400,2,6.611600,1,-3.911600,65.736950,6.153057,9.792858,115.412552,0
2025-09-29,sz.301225,88.5500000000,91.6500000000,88.5500000000,90.3400000000,88.6800000000,1479957,133718026.6200,2,4.952700,1,1.871900,66.967479,6.268236,9.976171,117.572959,0
2025-09-30,sz.301225,90.8200000000,91.2800000000,87.3700000000,88.9800000000,90.3400000000,1703547,151091275.7800,2,5.700900,1,-1.505400,65.959335,6.173872,9.825987,115.802987,0
2025-10-09,sz.301225,91.5900000000,97.9800000000,91.5900000000,95.4900000000,88.9800000000,3507006,333168979.7600,2,11.736200,1,7.316300,70.785085,6.625568,10.544881,124.275424,0
2025-10-10,sz.301225,94.9900000000,95.9900000000,89.5100000000,90.6400000000,95.4900000000,2170427,200654178.2900,2,7.263300,1,-5.079100,67.189864,6.289051,10.009299,117.963394,0
2025-10-13,sz.301225,80.1700000000,87.7700000000,80.1700000000,86.8400000000,90.6400000000,1990365,169863914.1700,2,6.660700,1,-4.192400,64.372990,6.025388,9.589669,113.017885,0
2025-10-14,sz.301225,86.8700000000,88.0000000000,80.0000000000,81.5500000000,86.8400000000,2292129,190369485.6300,2,7.670600,1,-6.091700,60.451604,5.658342,9.005498,106.133217,0
2025-10-15,sz.301225,82.2000000000,83.1800000000,79.9900000000,81.6900000000,81.5500000000,1618200,131926577.6200,2,5.415300,1,0.171700,60.555384,5.668056,9.020958,106.315420,0
2025-10-16,sz.301225,81.5000000000,83.0300000000,80.5100000000,80.9600000000,81.6900000000,1051932,85931679.3600,2,3.520300,1,-0.893600,60.014247,5.617405,8.940345,105.365361,0
2025-10-17,sz.301225,81.7600000000,81.7600000000,79.2800000000,79.3200000000,80.9600000000,871700,70004966.0000,2,2.917100,1,-2.025700,58.798544,5.503614,8.759241,103.230984,0
2025-10-20,sz.301225,80.2100000000,86.2500000000,80.1400000000,84.6400000000,79.3200000000,2051232,171855417.1800,2,6.864400,1,6.707000,62.742168,5.872742,9.346725,110.154696,0
2025-10-21,sz.301225,86.1600000000,93.4500000000,84.2400000000,92.1300000000,84.6400000000,2729282,245403729.8700,2,9.133500,1,8.849200,68.294375,6.392435,10.173839,119.902554,0
2025-10-22,sz.301225,92.5000000000,92.5100000000,89.7300000000,91.3400000000,92.1300000000,1759980,160833185.4900,2,5.889800,1,-0.857500,67.708762,6.337621,10.086600,118.874408,0
2025-10-23,sz.301225,90.8800000000,92.2500000000,88.0000000000,89.5800000000,91.3400000000,1384815,123458681.2000,2,4.634300,1,-1.926900,66.404104,6.215503,9.892245,116.583857,0
2025-10-24,sz.301225,89.8300000000,94.0000000000,89.2600000000,92.4000000000,89.5800000000,2173179,200025891.6700,2,7.272500,1,3.148000,68.494521,6.411169,10.203655,120.253945,0
2025-10-27,sz.301225,93.1200000000,100.8800000000,93.1200000000,96.1000000000,92.4000000000,3057347,297875274.9900,2,10.231400,1,4.004300,71.237267,6.667893,10.612243,125.069309,0
2025-10-28,sz.301225,95.8000000000,96.9800000000,92.8600000000,93.4800000000,96.1000000000,1341454,126507399.5600,2,4.489200,1,-2.726300,69.295107,6.486104,10.322918,121.659511,0
2025-10-29,sz.301225,92.0100000000,96.4100000000,91.4900000000,95.0900000000,93.4800000000,2397356,225110903.3600,2,8.022700,1,1.722300,70.488572,6.597814,10.500709,123.754844,0
2025-10-30,sz.301225,94.8900000000,98.2800000000,94.2200000000,95.3300000000,95.0900000000,2794700,269769245.0000,2,9.352500,1,0.252400,71.034858,6.425318,10.032539,51.157220,0
2025-10-31,sz.301225,94.9300000000,100.8000000000,94.0000000000,99.0900000000,95.3300000000,3026599,297800040.7600,2,10.128500,1,3.944200,73.836611,6.678744,10.428242,53.174960,0
2025-11-03,sz.301225,97.5400000000,103.8800000000,97.4200000000,102.5100000000,99.0900000000,2722200,276765497.3000,2,9.109800,1,3.451400,76.385013,6.909255,10.788163,55.010245,0
2025-11-04,sz.301225,100.2900000000,101.9900000000,96.0000000000,97.1000000000,102.5100000000,2546115,250528561.4500,2,8.520600,1,-5.277500,72.353768,6.544617,10.218814,52.107061,0
2025-11-05,sz.301225,96.2300000000,100.5500000000,94.5900000000,94.9700000000,97.1000000000,1919215,186985778.2500,2,6.422600,1,-2.193600,70.766605,6.401053,9.994653,50.964032,0
2025-11-06,sz.301225,96.4300000000,98.7000000000,93.9200000000,97.2400000000,94.9700000000,1578731,152154670.4300,2,5.283200,1,2.390200,72.458089,6.554053,10.233548,52.182189,0
2025-11-07,sz.301225,96.2200000000,96.2200000000,92.0000000000,93.5000000000,97.2400000000,1924903,180773393.8200,2,6.441700,1,-3.846200,69.671239,6.301974,9.839950,50.175182,0
2025-11-10,sz.301225,93.3100000000,97.3100000000,88.0000000000,88.4500000000,93.5000000000,2226228,203144174.8700,2,7.450100,1,-5.401100,65.908247,5.961600,9.308487,47.465186,0
2025-11-11,sz.301225,88.4500000000,91.5000000000,87.3400000000,90.1000000000,88.4500000000,1708241,153413626.5700,2,5.716600,1,1.865500,67.137740,6.072811,9.482133,48.350630,0
2025-11-12,sz.301225,90.0900000000,90.6500000000,83.5000000000,85.3500000000,90.1000000000,1961000,168652115.0000,2,6.562500,1,-5.271900,63.598292,5.752658,8.982243,45.801623,0
2025-11-13,sz.301225,86.3500000000,88.0000000000,84.5800000000,87.1600000000,85.3500000000,1077319,92698347.0600,2,3.605200,1,2.120700,64.947008,5.874653,9.172727,46.772929,0
2025-11-14,sz.301225,86.9900000000,87.1600000000,84.8100000000,84.9200000000,87.1600000000,762499,65286892.8300,2,2.551700,1,-2.570000,63.277879,5.723675,8.936990,45.570871,0
2025-11-17,sz.301225,84.9500000000,86.9000000000,83.0000000000,85.0800000000,84.9200000000,1182536,100326732.8200,2,3.957400,1,0.188400,63.397102,5.734459,8.953828,45.656732,0
2025-11-18,sz.301225,84.9900000000,84.9900000000,82.0500000000,82.3100000000,85.0800000000,1002298,83528517.4000,2,3.354200,1,-3.255800,61.333045,5.547759,8.662313,44.170259,0
2025-11-19,sz.301225,82.2900000000,83.9000000000,81.0000000000,82.8100000000,82.3100000000,1010889,83211986.4200,2,3.382900,1,0.607500,61.705619,5.581460,8.714933,44.438576,0
2025-11-20,sz.301225,83.5800000000,88.0000000000,81.5000000000,81.8700000000,82.8100000000,1553470,130568288.0100,2,5.198700,1,-1.135100,61.005180,5.518103,8.616007,43.934141,0
2025-11-21,sz.301225,81.6300000000,89.9900000000,78.7700000000,86.0000000000,81.8700000000,4588605,391148316.1700,2,15.355700,1,5.044600,64.082637,5.796468,9.050649,46.150435,0
2025-11-24,sz.301225,86.0000000000,92.5000000000,83.4400000000,91.6800000000,86.0000000000,3624802,322126552.5600,2,12.130400,1,6.604700,68.315072,6.179305,9.648413,49.198510,0
2025-11-25,sz.301225,93.9700000000,93.9800000000,89.6600000000,90.6300000000,91.6800000000,2286276,209079006.2900,2,7.651000,1,-1.145300,67.532668,6.108534,9.537911,48.635045,0
2025-11-26,sz.301225,90.0000000000,101.9900000000,87.1000000000,94.8000000000,90.6300000000,4491892,428811435.6500,2,15.032100,1,4.601100,70.639931,6.389595,9.976762,50.872805,0
2025-11-27,sz.301225,95.3900000000,98.4000000000,93.5000000000,96.5100000000,94.8000000000,2647365,254267831.8900,2,8.859400,1,1.803800,71.914132,6.504850,10.156722,51.790447,0
2025-11-28,sz.301225,95.4200000000,102.0200000000,93.3100000000,100.0000000000,96.5100000000,3949248,389737418.3000,2,13.216100,1,3.616200,74.514695,6.740079,10.524010,53.663296,0
2025-12-01,sz.301225,100.1600000000,104.0000000000,98.2300000000,100.7900000000,100.0000000000,2828193,284910418.5700,2,9.464500,1,0.790000,75.103361,6.793326,10.607150,54.087236,0
2025-12-02,sz.301225,99.5900000000,100.3600000000,96.8000000000,98.9700000000,100.7900000000,1952314,191930387.6600,2,6.533400,1,-1.805700,73.747193,6.670656,10.415613,53.110564,0
2025-12-03,sz.301225,99.6500000000,101.4900000000,97.8500000000,99.5500000000,98.9700000000,1779050,176496175.9000,2,5.953600,1,0.586000,74.179378,6.709749,10.476652,53.421811,0
2025-12-04,sz.301225,102.4900000000,105.9000000000,98.0000000000,98.5400000000,99.5500000000,3019528,305536359.5400,2,10.104800,1,-1.014600,73.426780,6.641674,10.370360,52.879812,0
2025-12-05,sz.301225,97.3100000000,109.0800000000,97.0000000000,106.2600000000,98.5400000000,3932997,410366561.9600,2,13.161800,1,7.834400,79.179315,7.162008,11.182813,57.022619,0
2025-12-08,sz.301225,103.1700000000,104.0000000000,98.0700000000,102.8100000000,106.2600000000,3115278,316183826.7200,2,10.425300,1,-3.246800,76.608558,6.929475,10.819735,55.171235,0
2025-12-09,sz.301225,102.8000000000,107.8800000000,102.5200000000,104.3700000000,102.8100000000,1756769,184391347.6800,2,5.879000,1,1.517400,77.770987,7.034621,10.983910,56.008382,0
2025-12-10,sz.301225,104.8600000000,111.0000000000,104.0000000000,110.0000000000,104.3700000000,2994167,325071912.2400,2,10.020000,1,5.394300,81.966164,7.414087,11.576411,59.029626,0
2025-12-11,sz.301225,109.8000000000,110.0100000000,102.5200000000,102.7400000000,110.0000000000,2041170,214939133.6700,2,6.830800,1,-6.600000,76.556397,6.924757,10.812368,55.133671,0
2025-12-12,sz.301225,101.7100000000,103.2400000000,100.5000000000,101.2300000000,102.7400000000,1416158,143739045.2600,2,4.739200,1,-1.469700,75.431225,6.822982,10.653456,54.323355,0
2025-12-15,sz.301225,101.3600000000,102.2400000000,81.0000000000,96.8300000000,101.2300000000,1624651,158819414.9700,2,5.436900,1,-4.346500,72.152579,6.526419,10.190399,51.962170,0
2025-12-16,sz.301225,97.0000000000,99.5600000000,96.0000000000,97.6500000000,96.8300000000,1461660,143058734.4000,2,4.891400,1,0.846800,72.763599,6.581687,10.276696,52.402209,0
2025-12-17,sz.301225,97.6500000000,101.6600000000,97.6500000000,100.8800000000,97.6500000000,1439500,143613520.0000,2,4.817300,1,3.307700,75.170424,6.799392,10.616622,54.135533,0
2025-12-18,sz.301225,100.0100000000,103.4300000000,98.2000000000,98.4600000000,100.8800000000,1223351,123196921.1000,2,4.093900,1,-2.398900,73.367168,6.636282,10.361941,52.836881,0
2025-12-19,sz.301225,100.7500000000,100.7500000000,96.0000000000,96.8000000000,98.4600000000,1095487,107294626.4700,2,3.666000,1,-1.686000,72.130224,6.524397,10.187242,51.946071,0
2025-12-22,sz.301225,96.9100000000,100.6000000000,96.2000000000,98.6900000000,96.8000000000,1085175,106698376.8000,2,3.631500,1,1.952500,73.538552,6.651784,10.386146,52.960307,0
2025-12-23,sz.301225,98.6900000000,100.1000000000,97.4600000000,99.4700000000,98.6900000000,640060,63432431.8000,2,2.142000,1,0.790400,74.119767,6.704357,10.468233,53.378881,0
2025-12-24,sz.301225,99.4600000000,100.9800000000,97.5500000000,99.1500000000,99.4700000000,703205,69987648.0600,2,2.353300,1,-0.321700,73.881320,6.682789,10.434556,53.207158,0
2025-12-25,sz.301225,99.1600000000,114.9400000000,99.1500000000,109.7700000000,99.1500000000,2909016,308830172.1600,2,9.735000,1,10.711000,81.794780,7.398585,11.552206,58.906200,0
2025-12-26,sz.301225,109.6100000000,118.5600000000,109.0200000000,115.9100000000,109.7700000000,2492679,284736283.0600,2,8.341700,1,5.593500,86.369983,7.812426,12.198380,62.201127,0
2025-12-29,sz.301225,113.0300000000,139.0900000000,112.1300000000,139.0900000000,115.9100000000,3554406,458137155.4500,2,11.894800,1,19.998300,103.642489,9.374776,14.637846,74.640279,0
2025-12-30,sz.301225,145.3700000000,162.3100000000,137.1000000000,155.7100000000,139.0900000000,4614162,682250444.2400,2,15.441300,1,11.949100,116.026831,10.494977,16.386937,83.559119,0
2025-12-31,sz.301225,149.0700000000,173.2000000000,145.3500000000,165.5000000000,155.7100000000,4429929,711457588.4200,2,14.824700,1,6.287300,123.321820,11.154831,17.417237,88.812755,0
2026-01-05,sz.301225,163.4800000000,163.9400000000,153.6100000000,156.3600000000,165.5000000000,3804187,600157626.5200,2,12.730700,1,-5.522700,116.511177,10.538788,16.455343,83.907930,0
2026-01-06,sz.301225,154.0200000000,155.8800000000,146.2200000000,154.3900000000,156.3600000000,3219075,487239688.7000,2,10.772600,1,-1.259900,115.043237,10.406008,16.248020,82.850763,0
2026-01-07,sz.301225,152.8600000000,155.1900000000,149.4300000000,152.3500000000,154.3900000000,2254712,342932763.6000,2,7.545400,1,-1.321300,113.523137,10.268511,16.033330,81.756032,0
2026-01-08,sz.301225,151.7800000000,152.3400000000,146.4000000000,147.7900000000,152.3500000000,2182424,322789362.1700,2,7.303500,1,-2.993100,110.125267,9.961163,15.553435,79.308985,0
2026-01-09,sz.301225,148.6200000000,153.9900000000,146.4400000000,151.0000000000,147.7900000000,2625501,395654438.4900,2,8.786200,1,2.172000,112.517189,10.177520,15.891256,81.031577,0
2026-01-12,sz.301225,146.5000000000,155.0000000000,144.1800000000,152.1300000000,151.0000000000,2609348,391419314.9600,2,8.732200,1,0.748300,113.359205,10.253682,16.010177,81.637973,0
2026-01-13,sz.301225,150.6100000000,163.0000000000,148.2300000000,153.1900000000,152.1300000000,2523131,393647899.0500,2,8.443600,1,0.696800,114.149061,10.325127,16.121731,82.206803,0
2026-01-14,sz.301225,151.2100000000,154.8900000000,145.2700000000,149.2000000000,153.1900000000,1918218,288437699.2500,2,6.419300,1,-2.604600,111.175924,10.056198,15.701823,80.065638,0
2026-01-15,sz.301225,147.0000000000,152.0000000000,142.0000000000,144.3500000000,149.2000000000,1476556,213912606.6500,2,4.941300,1,-3.250700,107.561962,9.729304,15.191409,77.462968,0
2026-01-16,sz.301225,145.0000000000,159.7800000000,144.0000000000,154.2000000000,144.3500000000,3059539,465877404.0700,2,10.238700,1,6.823700,114.901659,10.393202,16.228024,82.748803,0
2026-01-19,sz.301225,154.2100000000,176.8600000000,151.3200000000,173.0000000000,154.2000000000,3747558,624140229.1800,2,12.541200,1,12.192000,128.910422,11.660337,18.206538,92.837502,0
2026-01-20,sz.301225,168.3000000000,173.9900000000,161.5200000000,164.7500000000,173.0000000000,2692555,449603282.9200,2,9.010600,1,-4.768800,122.762959,11.104280,17.338307,88.410281,0
2026-01-21,sz.301225,166.4000000000,173.7300000000,161.7100000000,169.6000000000,164.7500000000,2175106,368314241.7500,2,7.279000,1,2.943900,126.376922,11.431174,17.848722,91.012950,0
2026-01-22,sz.301225,167.9000000000,179.9900000000,164.0000000000,167.0500000000,169.6000000000,2276342,390363254.1900,2,7.617800,1,-1.503500,124.476797,11.259302,17.580359,89.644536,0
2026-01-23,sz.301225,166.2600000000,174.7400000000,162.5000000000,166.0000000000,167.0500000000,2041316,342792136.8100,2,6.831300,1,-0.628600,123.694393,11.188531,17.469857,89.081072,0
2026-01-26,sz.301225,165.2400000000,169.8500000000,160.0000000000,163.2000000000,166.0000000000,1653734,271791105.4700,2,5.534200,1,-1.686700,121.607982,10.999809,17.175185,87.578499,0
2026-01-27,sz.301225,161.5700000000,163.5700000000,156.0000000000,162.4000000000,163.2000000000,1669069,266209794.8100,2,5.585500,1,-0.490200,121.011864,10.945889,17.090993,87.149193,0
2026-01-28,sz.301225,164.0000000000,164.0000000000,152.0000000000,154.4500000000,162.4000000000,1878491,293367477.4600,2,6.286400,1,-4.895300,115.087946,10.410052,16.254334,82.882961,0
2026-01-29,sz.301225,155.0000000000,158.5000000000,145.3900000000,147.5600000000,154.4500000000,1453983,219366960.0000,2,4.865700,1,-4.461000,109.953883,9.945661,15.529230,79.185560,0
2026-01-30,sz.301225,151.7600000000,152.0000000000,144.5000000000,146.8600000000,147.5600000000,1046989,154277907.5800,2,3.503700,1,-0.474400,109.432281,9.898480,15.455562,78.809917,0
2026-02-02,sz.301225,145.9900000000,150.4400000000,140.1000000000,142.2200000000,146.8600000000,1886356,273354655.2100,2,6.312700,1,-3.159500,105.974799,9.585741,14.967248,76.319940,0
2026-02-03,sz.301225,143.4200000000,146.6800000000,141.0000000000,145.0500000000,142.2200000000,1157365,167047992.1500,2,3.873100,1,1.989900,108.083565,9.776485,15.265077,77.838611,0
2026-02-04,sz.301225,144.0400000000,145.3900000000,140.2000000000,142.8100000000,145.0500000000,1306637,186196508.2400,2,4.372700,1,-1.544300,106.414435,9.625507,15.029339,76.636553,0
2026-02-05,sz.301225,142.0000000000,144.5000000000,140.6700000000,141.4900000000,142.8100000000,738300,105216036.0000,2,2.470700,1,-0.924300,105.430841,9.536538,14.890422,75.928198,0
2026-02-06,sz.301225,140.0000000000,148.5000000000,139.0900000000,142.3000000000,141.4900000000,1452643,209178460.5000,2,4.861300,1,0.572500,106.034410,9.591133,14.975667,76.362871,0
2026-02-09,sz.301225,144.1600000000,144.1600000000,137.1600000000,140.8000000000,142.3000000000,1297459,180856468.3800,2,4.341900,1,-1.054100,104.916690,9.490032,14.817807,75.557921,0
2026-02-10,sz.301225,141.2900000000,144.0800000000,139.0500000000,142.4900000000,140.8000000000,1114730,157836563.7800,2,3.730400,1,1.200300,106.175988,9.603939,14.995662,76.464831,0
2026-02-11,sz.301225,142.1800000000,142.7400000000,138.0000000000,138.9200000000,142.4900000000,846278,118698463.2800,2,2.832100,1,-2.505400,103.515814,9.363318,14.619955,74.549051,0
2026-02-12,sz.301225,138.9200000000,143.1800000000,135.3100000000,135.8500000000,138.9200000000,1410501,194549653.5100,2,4.720200,1,-2.209900,101.228213,9.156398,14.296868,72.901588,0
2026-02-13,sz.301225,136.1200000000,139.2300000000,133.1100000000,133.7800000000,135.8500000000,1137683,154581305.2400,2,3.807300,1,-1.523700,99.685758,9.016878,14.079021,71.790758,0
2026-02-24,sz.301225,134.1700000000,136.1600000000,128.0000000000,128.2800000000,133.7800000000,1054500,137022080.0000,2,3.528900,1,-4.111200,95.587450,8.646174,13.500200,68.839276,0
2026-02-25,sz.301225,128.0900000000,131.6000000000,127.2000000000,131.0000000000,128.2800000000,1102200,143192544.0000,2,3.688500,1,2.120400,97.614250,8.829504,13.786454,70.298918,0
2026-02-26,sz.301225,131.0200000000,137.2900000000,130.9500000000,134.8200000000,131.0000000000,1442873,194075507.3000,2,4.828600,1,2.916000,100.460711,9.086975,14.188471,72.348856,0
2026-02-27,sz.301225,134.5700000000,138.8000000000,133.5100000000,134.9100000000,134.8200000000,1259400,171566195.2800,2,4.214600,1,0.066800,100.527775,9.093041,14.197942,72.397153,0
2026-03-02,sz.301225,134.9000000000,135.7500000000,128.2800000000,133.4900000000,134.9100000000,1801282,237990662.5200,2,6.028000,1,-1.052600,99.469666,8.997332,14.048501,71.635134,0
2026-03-03,sz.301225,132.1200000000,138.9000000000,128.8800000000,129.0800000000,133.4900000000,1320500,175234214.6500,2,4.419000,1,-3.303600,96.183568,8.700094,13.584393,69.268583,0
2026-03-04,sz.301225,126.0900000000,128.0900000000,122.0000000000,124.5600000000,129.0800000000,2688889,333660585.8000,2,8.998400,1,-3.501700,92.815504,8.395443,13.108707,66.843002,0
2026-03-05,sz.301225,125.4400000000,126.6200000000,122.0300000000,122.4000000000,124.5600000000,1447258,179449970.5700,2,4.843200,1,-1.734100,91.205986,8.249857,12.881389,65.683875,0
2026-03-06,sz.301225,122.4000000000,125.2000000000,120.2800000000,121.4900000000,122.4000000000,1134757,138694927.0800,2,3.797500,1,-0.743500,90.527902,8.188522,12.785620,65.195539,0
2026-03-09,sz.301225,119.3200000000,120.9800000000,116.2800000000,119.1800000000,121.4900000000,1340800,158714768.0000,2,4.487000,1,-1.901400,88.806613,8.032826,12.542516,63.955916,0
2026-03-10,sz.301225,121.0100000000,123.8000000000,118.8100000000,123.2900000000,119.1800000000,1342342,162457514.6000,2,4.492100,1,3.448600,91.869167,8.309844,12.975052,66.161478,0
2026-03-11,sz.301225,123.2900000000,125.0000000000,120.0600000000,120.8700000000,123.2900000000,1506149,183560504.6000,2,5.040300,1,-1.962900,90.065911,8.146734,12.720371,64.862826,0
2026-03-12,sz.301225,120.6600000000,123.5000000000,117.5500000000,118.2800000000,120.8700000000,1025500,123011892.0000,2,3.431800,1,-2.142800,88.135981,7.972166,12.447799,63.472947,0
2026-03-13,sz.301225,118.9900000000,118.9900000000,114.8700000000,115.0700000000,118.2800000000,941034,109607939.6700,2,3.149200,1,-2.713900,85.744059,7.755809,12.109979,61.750355,0
2026-03-16,sz.301225,115.0700000000,116.0400000000,111.2900000000,112.2300000000,115.0700000000,1380787,156054920.4400,2,4.620800,1,-2.468100,83.627842,7.564391,11.811097,60.226317,0
2026-03-17,sz.301225,113.0100000000,113.5800000000,106.0100000000,106.2000000000,112.2300000000,1890552,205869207.3800,2,6.326700,1,-5.372900,79.134606,7.157964,11.176499,56.990421,0
2026-03-18,sz.301225,106.6500000000,106.8800000000,104.0500000000,106.0300000000,106.2000000000,1443514,151860299.4600,2,4.830700,1,-0.160100,79.007931,7.146506,11.158608,56.899193,0
