date,code,open,high,low,close,preclose,volume,amount,adjustflag,turn,tradestatus,pctChg,peTTM,pbMRQ,psTTM,pcfNcfTTM,isST
2023-06-26,sz.300505,16.5741670000,16.8861513200,16.4961709200,16.7301591600,16.7009106300,1990067,34118379.5200,2,1.206400,1,0.175100,13.241279,2.113619,1.484778,44.094839,0
2023-06-27,sz.300505,16.6326640600,17.1883861300,16.6326640600,17.0811415200,16.7301591600,2530942,44178521.4500,2,1.534300,1,2.097900,13.519068,2.157961,1.515927,45.019906,0
2023-06-28,sz.300505,17.1396385800,17.1493880900,16.6716621000,16.8374037700,17.0811415200,1954218,33794640.0400,2,1.184700,1,-1.426900,13.326159,2.127168,1.494295,44.377498,0
2023-06-29,sz.300505,16.7984057300,17.1006405400,16.7301591600,16.9738969100,16.8374037700,1897690,32968927.0800,2,1.150400,1,0.810700,13.434188,2.144412,1.506409,44.737246,0
2023-06-30,sz.300505,17.0323939700,17.6466131000,16.9153998500,17.3248792700,16.9738969100,4191599,74868137.1400,2,2.541000,1,2.067800,13.711977,2.188753,1.537558,45.662313,0
2023-07-03,sz.300505,17.4028753500,17.7636072200,17.2761317200,17.2761317200,17.3248792700,3007258,53913724.0600,2,1.823100,1,-0.281400,13.673395,2.182595,1.533232,45.533831,0
2023-07-04,sz.300505,17.2956307400,17.4126248600,17.1688871100,17.3541278000,17.2761317200,2525050,44810841.5000,2,1.530700,1,0.451500,13.735126,2.192449,1.540154,45.739402,0
2023-07-05,sz.300505,17.3151297600,17.5296189800,17.1786366200,17.3346287800,17.3541278000,2487567,44338516.0200,2,1.508000,1,-0.112400,13.719693,2.189985,1.538423,45.688009,0
2023-07-06,sz.300505,17.3541278000,17.4126248600,16.8666523000,16.9056503400,17.3346287800,4082017,71085455.2700,2,2.474600,1,-2.474700,13.380173,2.135790,1.500352,44.557372,0
2023-07-07,sz.300505,16.8666523000,16.9641474000,16.1159400300,16.2914312100,16.9056503400,5562600,93325543.5500,2,3.372200,1,-3.633200,12.894043,2.058192,1.445841,42.938506,0
2023-07-10,sz.300505,16.2914312100,17.2078851500,16.2621826800,16.9153998500,16.2914312100,6501310,112549954.2000,2,3.941300,1,3.830000,13.387890,2.137022,1.501217,44.583069,0
2023-07-11,sz.300505,16.8959008300,17.0226444600,16.5156699400,16.7984057300,16.9153998500,3076327,52612814.8500,2,1.864900,1,-0.691600,13.295293,2.122241,1.490834,44.274713,0
2023-07-12,sz.300505,16.7106601400,17.6368635900,16.5449184700,17.1883861300,16.7984057300,8392103,147414381.0300,2,5.087500,1,2.321500,13.603948,2.171510,1.525445,45.302565,0
2023-07-13,sz.300505,17.0616425000,18.3095797800,17.0616425000,18.0853410500,17.1883861300,15904684,293190655.9800,2,9.641800,1,5.218400,14.313853,2.284827,1.605048,47.666624,0
2023-07-14,sz.300505,17.9488479100,17.9488479100,17.4711219200,17.6076150600,18.0853410500,7999959,144603967.8700,2,4.849800,1,-2.641500,13.935752,2.224473,1.562651,46.407505,0
2023-07-17,sz.300505,17.5783665300,17.9098498700,17.2273841700,17.5686170200,17.6076150600,5051648,90618021.1500,2,3.062400,1,-0.221500,13.904886,2.219546,1.559190,46.304720,0
2023-07-18,sz.300505,17.5588675100,20.2789808000,17.4711219200,19.3917753900,17.5686170200,19997293,388398573.3400,2,12.122800,1,10.377400,15.347846,2.449877,1.720992,51.109927,0
2023-07-19,sz.300505,19.0212940100,20.9614465000,18.9432979300,19.6940102000,19.3917753900,23354203,478129575.5700,2,14.157900,1,1.558600,15.587053,2.488060,1.747815,51.906512,0
2023-07-20,sz.300505,19.9182489300,21.2831803300,19.8695013800,20.4544719800,19.6940102000,23858707,502706791.3000,2,14.463700,1,3.861400,16.188930,2.584133,1.815305,53.910823,0
2023-07-21,sz.300505,20.0449925600,21.1856852300,19.4502724500,19.6940102000,20.4544719800,19264746,400658309.2200,2,11.678800,1,-3.717800,15.587053,2.488060,1.747815,51.906512,0
2023-07-24,sz.300505,19.2065347000,19.3137793100,18.3290788000,18.6800611600,19.6940102000,13933858,266527703.5600,2,8.447000,1,-5.148500,14.784551,2.359962,1.657829,49.234098,0
2023-07-25,sz.300505,19.1090396000,19.1772861700,18.2608322300,18.4948204700,18.6800611600,11607175,221650869.8300,2,7.036600,1,-0.991600,14.637941,2.336559,1.641389,48.745868,0
2023-07-26,sz.300505,18.5240690000,20.9029494400,18.5240690000,20.2789808000,18.4948204700,25034267,506718680.9800,2,15.176400,1,9.646800,16.050035,2.561962,1.799730,53.448290,0
2023-07-27,sz.300505,19.6550121600,19.9182489300,19.3820258800,19.7232587300,20.2789808000,14486308,291749241.6700,2,8.782000,1,-2.740400,15.610202,2.491755,1.750411,51.983601,0
2023-07-28,sz.300505,19.8110043200,20.4934700200,19.3137793100,20.2887303100,19.7232587300,17273221,356425912.8000,2,10.471400,1,2.867000,19.643655,3.135589,2.202692,65.415418,0
2023-07-31,sz.300505,20.3374778600,20.9224484600,19.8500023600,20.4934700200,20.2887303100,14553081,303687516.1500,2,8.822400,1,1.009100,19.841885,3.167231,2.224920,66.075544,0
2023-08-01,sz.300505,20.4642214900,20.4642214900,19.2650317600,19.9572469700,20.4934700200,13650060,276598306.6900,2,8.275000,1,-2.616600,19.322711,3.084358,2.166704,64.346641,0
2023-08-02,sz.300505,20.1619866800,20.5617165900,19.3332783300,19.3625268600,19.9572469700,8355832,169433865.4200,2,5.065500,1,-2.980000,18.746900,2.992445,2.102137,62.429130,0
2023-08-03,sz.300505,19.3625268600,19.5477675500,18.9725464600,19.2260337200,19.3625268600,6606927,130450998.1100,2,4.005300,1,-0.704900,18.614746,2.971351,2.087318,61.989045,0
2023-08-04,sz.300505,19.2260337200,19.3722763700,18.7190592000,18.7190592000,19.2260337200,7997458,155763216.8100,2,4.848300,1,-2.636900,18.123891,2.892999,2.032277,60.354446,0
2023-08-07,sz.300505,18.6215641000,19.4015249000,18.5045699800,19.1480376400,18.7190592000,7895067,153206069.9100,2,4.786200,1,2.291700,18.539230,2.959296,2.078850,61.737569,0
2023-08-08,sz.300505,19.0017949900,19.6647616700,18.5143194900,19.4307734300,19.1480376400,10345783,203460308.8000,2,6.271900,1,1.476600,18.812976,3.002993,2.109546,62.649172,0
2023-08-09,sz.300505,19.1382881300,19.3527773500,18.6800611600,18.7775562600,19.4307734300,6044005,117786702.4200,2,3.664000,1,-3.361800,18.180528,2.902039,2.038628,60.543053,0
2023-08-10,sz.300505,18.5825660600,18.9627969500,18.5728165500,18.6703116500,18.7775562600,4137769,79746042.9100,2,2.508400,1,-0.571100,18.076693,2.885465,2.026985,60.197273,0
2023-08-11,sz.300505,17.4418733900,17.8611023200,17.0616425000,17.1688871100,18.6703116500,9784375,175064495.0400,2,5.931500,1,-8.041800,16.623006,2.653422,1.863979,55.356343,0
2023-08-14,sz.300505,16.8666523000,17.0031454400,16.6229145500,16.8959008300,17.1688871100,4431432,76368824.9100,2,2.686400,1,-1.590000,16.358699,2.611233,1.834342,54.476174,0
2023-08-15,sz.300505,16.7009106300,16.9738969100,16.6424135700,16.7496581800,16.8959008300,2864937,49281683.8500,2,1.736800,1,-0.865600,16.217106,2.588631,1.818465,54.004655,0
2023-08-16,sz.300505,16.7496581800,16.7496581800,16.3889263100,16.3889263100,16.7496581800,3396075,57428777.6500,2,2.058800,1,-2.153700,15.867844,2.532880,1.779301,52.841575,0
2023-08-17,sz.300505,16.3791768000,16.6229145500,16.2134351300,16.5449184700,16.3889263100,2873030,48425857.2000,2,1.741700,1,0.951800,16.018876,2.556989,1.796237,53.344528,0
2023-08-18,sz.300505,16.4571728800,16.6229145500,16.2426836600,16.2426836600,16.5449184700,2942176,49533412.4800,2,1.783600,1,-1.826800,15.726251,2.510279,1.763424,52.370056,0
2023-08-21,sz.300505,16.0769419900,16.5741670000,15.9989459100,16.2329341500,16.2426836600,1934850,32405706.3000,2,1.173000,1,-0.060000,15.716812,2.508772,1.762365,52.338621,0
2023-08-22,sz.300505,16.1256895400,16.4279243500,15.6967111000,16.0476934600,16.2329341500,3476020,56892279.0000,2,2.107200,1,-1.141100,15.537461,2.480144,1.742254,51.741363,0
2023-08-23,sz.300505,16.1451885600,16.4669223900,15.9112003200,15.9404488500,16.0476934600,3216120,53511046.3200,2,1.949700,1,-0.668300,15.433626,2.463569,1.730611,51.395583,0
2023-08-24,sz.300505,15.7064606100,15.8527032600,15.4139753100,15.7064606100,15.9404488500,3840246,61674645.0200,2,2.328100,1,-1.467900,15.207077,2.427407,1.705207,50.641152,0
2023-08-25,sz.300505,15.6967111000,15.6967111000,14.9849968700,15.0337444200,15.7064606100,3699099,58006060.2700,2,2.242500,1,-4.283100,14.555750,2.323439,1.632173,48.472164,0
2023-08-28,sz.300505,15.9891964000,16.1744370900,15.0922414800,15.2189851100,15.0337444200,3886450,61831870.0000,2,2.356100,1,1.232200,14.735101,2.352068,1.652284,49.069422,0
2023-08-29,sz.300505,15.2189851100,15.5992160000,15.1994860900,15.5699674700,15.2189851100,3004705,47667715.3000,2,1.821500,1,2.306200,38.317771,2.457124,1.716596,-60.086654,0
2023-08-30,sz.300505,15.5992160000,15.8429537500,15.4529733500,15.6284645300,15.5699674700,2669300,42898079.0000,2,1.618200,1,0.375700,38.461733,2.466356,1.723046,-60.312402,0
2023-08-31,sz.300505,15.5504684500,15.6772120800,15.3262297200,15.3652277600,15.6284645300,2282500,36135312.5000,2,1.383700,1,-1.684300,37.813906,2.424814,1.694024,-59.296535,0
2023-09-01,sz.300505,15.4822218800,15.9209498300,15.3847267800,15.8137052200,15.3652277600,4509630,72848065.8000,2,2.733800,1,2.918800,38.917611,2.495589,1.743469,-61.027271,0
2023-09-04,sz.300505,15.8429537500,16.7399086700,15.7649576700,16.7009106300,15.8137052200,8591292,144919893.9000,2,5.208300,1,5.610400,41.101028,2.635601,1.841283,-64.451120,0
2023-09-05,sz.300505,16.4864214100,16.6131650400,16.3401787600,16.4279243500,16.7009106300,4338845,73313232.6000,2,2.630300,1,-1.634600,40.429208,2.592520,1.811187,-63.397628,0
2023-09-06,sz.300505,16.4279243500,16.5741670000,16.2329341500,16.4571728800,16.4279243500,2995895,50332230.8000,2,1.816200,1,0.178000,40.501189,2.597136,1.814411,-63.510502,0
2023-09-07,sz.300505,16.4766719000,16.5254194500,15.8527032600,15.8722022800,16.4571728800,3225776,53204839.8400,2,1.955500,1,-3.554500,39.061573,2.504821,1.749918,-61.253020,0
2023-09-08,sz.300505,15.8722022800,16.0574429700,15.7844566900,15.8234547300,15.8722022800,1841845,30031780.8500,2,1.116600,1,-0.307100,38.941605,2.497128,1.744543,-61.064896,0
2023-09-11,sz.300505,16.1841866000,16.9543978900,16.1549380700,16.3694272900,15.8234547300,7104749,120641037.1300,2,4.307100,1,3.450400,40.285246,2.583289,1.804737,-63.171880,0
2023-09-12,sz.300505,16.0476934600,16.3401787600,15.9891964000,16.0379439500,16.3694272900,4199899,69298328.5900,2,2.546100,1,-2.025000,39.469464,2.530977,1.768191,-61.892640,0
2023-09-13,sz.300505,15.9306993400,16.0671924800,15.5504684500,15.7357091400,16.0379439500,2944375,47642978.3100,2,1.785000,1,-1.884500,38.725663,2.483280,1.734869,-60.726274,0
2023-09-14,sz.300505,15.7162101200,15.7162101200,15.4627228600,15.5504684500,15.7357091400,1689511,26950164.9500,2,1.024200,1,-1.177200,38.269784,2.454047,1.714447,-60.011404,0
2023-09-15,sz.300505,15.5699674700,15.7942062000,15.3359792300,15.4139753100,15.5504684500,1811217,28718399.3500,2,1.098000,1,-0.877700,37.933874,2.432507,1.699398,-59.484658,0
2023-09-18,sz.300505,15.3554782500,15.7259596300,15.1604880500,15.5212199200,15.4139753100,1738009,27676192.8000,2,1.053600,1,0.695800,38.197803,2.449432,1.711222,-59.898530,0
2023-09-19,sz.300505,15.5212199200,15.5894664900,15.2579831500,15.3262297200,15.5212199200,1326150,20889583.0000,2,0.803900,1,-1.256300,37.717932,2.418660,1.689724,-59.146036,0
2023-09-20,sz.300505,15.2384841300,15.3457287400,15.0629929500,15.0727424600,15.3262297200,1652900,25707974.0000,2,1.002000,1,-1.653900,37.094098,2.378657,1.661777,-58.167794,0
2023-09-21,sz.300505,15.0142454000,15.1702375600,14.8680027500,14.9070007900,15.0727424600,1677900,25775626.5000,2,1.017200,1,-1.099600,36.686207,2.352501,1.643504,-57.528174,0
2023-09-22,sz.300505,14.7802571600,15.2384841300,14.7705076500,15.2287346200,14.9070007900,1674200,25913626.0000,2,1.014900,1,2.158300,37.477996,2.403274,1.678975,-58.769789,0
2023-09-25,sz.300505,15.1604880500,15.2384841300,14.9557483400,15.0239949100,15.2287346200,1326950,20502584.0000,2,0.804400,1,-1.344400,36.974130,2.370964,1.656403,-57.979670,0
2023-09-26,sz.300505,14.9752473600,15.1117405000,14.7705076500,14.7705076500,15.0239949100,1630960,24906868.2000,2,0.988700,1,-1.687200,36.350297,2.330960,1.628456,-57.001428,0
2023-09-27,sz.300505,14.7802571600,15.1604880500,14.6730125500,14.8777522600,14.7705076500,1922200,29443041.5000,2,1.165300,1,0.726100,36.614226,2.347885,1.640279,-57.415300,0
2023-09-28,sz.300505,14.9947463800,15.2677326600,14.9167503000,15.0434939300,14.8777522600,1824450,28211064.1000,2,1.106000,1,1.114000,37.022117,2.374041,1.658552,-58.054920,0
2023-10-09,sz.300505,15.0434939300,15.1117405000,14.9167503000,14.9459988300,15.0434939300,1487000,22857978.5000,2,0.901500,1,-0.648100,36.782181,2.358655,1.647804,-57.678673,0
2023-10-10,sz.300505,15.1604880500,15.3067307000,14.9264998100,14.9849968700,14.9459988300,2211628,34263629.8400,2,1.340700,1,0.260900,36.878156,2.364809,1.652103,-57.829171,0
2023-10-11,sz.300505,15.1117405000,15.1117405000,14.7412591200,14.8387542200,14.9849968700,2242700,34181070.5000,2,1.359600,1,-0.975900,36.518252,2.341730,1.635980,-57.264801,0
2023-10-12,sz.300505,14.8582532400,15.2092356000,14.7900066700,15.2092356000,14.8387542200,2794839,43179527.5600,2,1.694300,1,2.496700,37.430008,2.400197,1.676826,-58.694540,0
2023-10-13,sz.300505,15.1117405000,15.1117405000,14.8290047100,14.8875017700,15.2092356000,2535353,38791759.6300,2,1.537000,1,-2.115400,36.638220,2.349423,1.641354,-57.452924,0
2023-10-16,sz.300505,14.9459988300,14.9947463800,14.5072708800,14.5755174500,14.8875017700,2076600,31179472.5000,2,1.258900,1,-2.095600,35.870425,2.300189,1.606958,-56.248934,0
2023-10-17,sz.300505,14.8680027500,14.8680027500,14.4975213700,14.6047659800,14.5755174500,1298028,19428851.8800,2,0.786900,1,0.200700,35.942405,2.304804,1.610182,-56.361808,0
2023-10-18,sz.300505,14.6047659800,14.6242650000,14.1660380300,14.1660380300,14.6047659800,1874197,27496714.9900,2,1.136200,1,-3.004000,34.862694,2.235568,1.561812,-54.668696,0
2023-10-19,sz.300505,14.1660380300,14.3805272500,14.0197953800,14.0490439100,14.1660380300,1608645,23372561.9000,2,0.975200,1,-0.825900,34.574771,2.217105,1.548914,-54.217200,0
2023-10-20,sz.300505,14.0392944000,14.3512787200,14.0295448900,14.0490439100,14.0490439100,1934245,28083732.9000,2,1.172600,1,0.000000,34.574771,2.217105,1.548914,-54.217200,0
2023-10-23,sz.300505,14.2245350900,14.2245350900,13.4835723300,13.6103159600,14.0490439100,2518035,35358992.6400,2,1.526500,1,-3.122800,33.495059,2.147868,1.500544,-52.524088,0
2023-10-24,sz.300505,13.6200654700,14.1172904800,13.6200654700,13.9905468500,13.6103159600,2764390,39583277.0100,2,1.675800,1,2.793700,34.430809,2.207873,1.542464,-53.991452,0
2023-10-25,sz.300505,14.0685429300,14.3025311700,14.0490439100,14.0490439100,13.9905468500,2081850,30243877.0000,2,1.262100,1,0.418100,34.574771,2.217105,1.548914,-54.217200,0
2023-10-26,sz.300505,13.7468091000,13.8930517500,12.9668483000,13.3373296800,14.0490439100,5594890,76735123.9000,2,3.391800,1,-5.065900,-85.326887,1.580961,1.432259,4.968663,0
2023-10-27,sz.300505,13.2788326200,13.9905468500,13.2300850700,13.9028012600,13.3373296800,4334458,60831788.5200,2,2.627700,1,4.239800,-88.944548,1.647990,1.492983,5.179322,0
2023-10-30,sz.300505,13.8735527300,14.2537836200,13.8735527300,14.2050360700,13.9028012600,3125610,45146977.5800,2,1.894800,1,2.173900,-90.878125,1.683816,1.525440,5.291916,0
2023-10-31,sz.300505,14.1562885200,14.3805272500,13.9710478300,14.0685429300,14.2050360700,1877750,27149133.0000,2,1.138300,1,-0.960900,-90.004897,1.667636,1.510782,5.241067,0
2023-11-01,sz.300505,14.1855370500,14.2537836200,14.0197953800,14.1660380300,14.0685429300,1751600,25440580.0000,2,1.061900,1,0.693000,-90.628631,1.679193,1.521252,5.277388,0
2023-11-02,sz.300505,14.2342846000,14.3512787200,13.9807973400,14.0002963600,14.1660380300,1687490,24470107.8000,2,1.023000,1,-1.170000,-89.568282,1.659546,1.503453,5.215643,0
2023-11-03,sz.300505,14.1465390100,14.2342846000,14.0490439100,14.1367895000,14.0002963600,1650300,23961489.0000,2,1.000500,1,0.974900,-90.441511,1.675726,1.518111,5.266492,0
2023-11-06,sz.300505,14.2342846000,14.4975213700,14.1465390100,14.4292748000,14.1367895000,2233477,32957389.3300,2,1.354000,1,2.069000,-92.312714,1.710396,1.549520,5.375454,0
2023-11-07,sz.300505,14.4097757800,14.6925115700,14.1465390100,14.5462689200,14.4292748000,3109599,46016046.8300,2,1.885100,1,0.810800,-93.061196,1.724264,1.562084,5.419038,0
2023-11-08,sz.300505,14.6047659800,15.0044958900,14.4682728400,14.6145154900,14.5462689200,4433370,66719046.8500,2,2.687600,1,0.469200,-93.497810,1.732354,1.569412,5.444463,0
2023-11-09,sz.300505,14.6047659800,14.8875017700,14.5072708800,14.6535135300,14.6145154900,3795511,57128121.1400,2,2.300900,1,0.266800,-93.747304,1.736976,1.573600,5.458991,0
2023-11-10,sz.300505,14.5560184300,14.6925115700,14.4000262700,14.5560184300,14.6535135300,1963140,29242184.8000,2,1.190100,1,-0.665300,-93.123569,1.725420,1.563131,5.422670,0
2023-11-13,sz.300505,14.6632630400,14.7315096100,14.4975213700,14.6925115700,14.5560184300,1788442,26774128.3100,2,1.084200,1,0.937700,-93.996798,1.741599,1.577788,5.473519,0
2023-11-14,sz.300505,14.7705076500,14.7705076500,14.4975213700,14.6145154900,14.6925115700,1997535,29871529.8000,2,1.211000,1,-0.530900,-93.497810,1.732354,1.569412,5.444463,0
2023-11-15,sz.300505,14.6730125500,14.9167503000,14.6437640200,14.8095056900,14.6145154900,2959750,44932216.7500,2,1.794300,1,1.334200,-94.745279,1.755467,1.590352,5.517104,0
2023-11-16,sz.300505,14.7997561800,14.7997561800,14.5170203900,14.5170203900,14.8095056900,2144050,32077160.0000,2,1.299800,1,-1.975000,-92.874076,1.720797,1.558943,5.408142,0
2023-11-17,sz.300505,14.4682728400,14.7120105900,14.4390243100,14.6047659800,14.5170203900,1733995,25990070.6500,2,1.051200,1,0.604400,-93.435437,1.731198,1.568365,5.440831,0
2023-11-20,sz.300505,14.6632630400,14.7802571600,14.4097757800,14.7412591200,14.6047659800,2479121,37192788.6900,2,1.502900,1,0.934600,-94.308665,1.747378,1.583023,5.491680,0
2023-11-21,sz.300505,14.7315096100,14.8192552000,14.6437640200,14.6632630400,14.7412591200,2072450,31338590.5000,2,1.256400,1,-0.529100,-93.809677,1.738132,1.574647,5.462623,0
2023-11-22,sz.300505,14.6730125500,14.7120105900,14.4390243100,14.4390243100,14.6632630400,2150580,32037809.5000,2,1.303700,1,-1.529300,-92.375088,1.711552,1.550567,5.379086,0
2023-11-23,sz.300505,14.4097757800,14.6242650000,14.4097757800,14.5365194100,14.4390243100,1470580,21934837.1000,2,0.891500,1,0.675200,-92.998823,1.723108,1.561037,5.415406,0
2023-11-24,sz.300505,14.5560184300,14.5950164700,14.2537836200,14.2635331300,14.5365194100,2040105,30034744.8000,2,1.236800,1,-1.877900,-91.252366,1.690750,1.531721,5.313709,0
2023-11-27,sz.300505,14.2440341100,14.4097757800,14.0685429300,14.2147855800,14.2635331300,1777610,25869426.1000,2,1.077600,1,-0.341800,-90.940498,1.684971,1.526486,5.295548,0
2023-11-28,sz.300505,14.2147855800,14.3902767600,14.0002963600,14.3415292100,14.2147855800,1558619,22802577.1000,2,0.944900,1,0.891600,-91.751353,1.699995,1.540097,5.342765,0
2023-11-29,sz.300505,14.3805272500,14.4585233300,14.1855370500,14.2245350900,14.3415292100,1243197,18229890.3000,2,0.753700,1,-0.815800,-91.002872,1.686127,1.527533,5.299180,0
2023-11-30,sz.300505,14.3805272500,14.3805272500,13.7760576300,13.8833022400,14.2245350900,2256210,32252856.3300,2,1.367800,1,-2.398900,-88.819801,1.645678,1.490889,5.172058,0
2023-12-01,sz.300505,13.8930517500,14.0880419500,13.7468091000,13.9320497900,13.8833022400,1716945,24444224.1000,2,1.040900,1,0.351100,-89.131668,1.651457,1.496124,5.190218,0
2023-12-04,sz.300505,13.8638032200,14.2830321500,13.8345546900,13.9223002800,13.9320497900,2734334,39327398.0000,2,1.657600,1,-0.070000,-89.069295,1.650301,1.495077,5.186586,0
2023-12-05,sz.300505,13.9223002800,14.1367895000,13.7663081200,13.7663081200,13.9223002800,2303190,32895030.0000,2,1.396200,1,-1.120400,-88.071320,1.631810,1.478326,5.128473,0
2023-12-06,sz.300505,13.6493140000,14.1757875400,13.6395644900,13.9125507700,13.7663081200,2753830,39587163.5000,2,1.669400,1,1.062300,-89.006921,1.649145,1.494030,5.182954,0
2023-12-07,sz.300505,13.8248051800,14.0295448900,13.5810674300,13.7078110600,13.9125507700,2044685,28731571.4000,2,1.239500,1,-1.471600,-87.697079,1.624876,1.472044,5.106681,0
2023-12-08,sz.300505,13.7468091000,13.7955566500,13.4738228200,13.5420693900,13.7078110600,1703090,23729050.4000,2,1.032500,1,-1.209100,-86.636730,1.605230,1.454245,5.044936,0
2023-12-11,sz.300505,13.3763277200,13.5810674300,13.2398345800,13.4835723300,13.5420693900,2219600,30557471.5000,2,1.345600,1,-0.432000,-86.262489,1.598296,1.447964,5.023143,0
2023-12-12,sz.300505,13.4933218400,13.6005664500,13.2593336000,13.3860772300,13.4835723300,1803100,24705511.0000,2,1.093100,1,-0.723100,-85.638755,1.586739,1.437494,4.986823,0
2023-12-13,sz.300505,13.3860772300,13.3860772300,13.0935919300,13.0935919300,13.3860772300,1516873,20549164.7600,2,0.919600,1,-2.185000,-83.767551,1.552069,1.406085,4.877861,0
2023-12-14,sz.300505,13.1715880100,13.3860772300,13.1130909500,13.1130909500,13.0935919300,1337135,18123862.5500,2,0.810600,1,0.148900,-83.892298,1.554380,1.408179,4.885125,0
2023-12-15,sz.300505,13.1520889900,13.3373296800,13.1228404600,13.1618385000,13.1130909500,1447920,19645415.2000,2,0.877800,1,0.371700,-84.204165,1.560159,1.413413,4.903285,0
2023-12-18,sz.300505,13.1618385000,13.2300850700,12.7913571200,12.8303551600,13.1618385000,1749080,23187978.2000,2,1.060300,1,-2.518500,-82.083468,1.520866,1.377816,4.779795,0
2023-12-19,sz.300505,12.8303551600,12.9083512400,12.6938620200,12.8693532000,12.8303551600,1350861,17751555.9800,2,0.818900,1,0.304000,-82.332962,1.525488,1.382004,4.794323,0
2023-12-20,sz.300505,12.8693532000,13.1715880100,12.8498541800,12.9570987900,12.8693532000,1998950,26771568.9000,2,1.211800,1,0.681800,-82.894323,1.535889,1.391427,4.827012,0
2023-12-21,sz.300505,13.1228404600,13.1228404600,12.7718581000,13.0643434000,12.9570987900,2123115,28238628.0000,2,1.287100,1,0.827700,-83.580431,1.548602,1.402944,4.866965,0
2023-12-22,sz.300505,13.0643434000,13.1910870300,12.8011066300,12.9668483000,13.0643434000,2580695,34378378.0500,2,1.564500,1,-0.746300,-82.956696,1.537045,1.392474,4.830644,0
2023-12-25,sz.300505,13.1033414400,13.1033414400,12.6743630000,12.8108561400,12.9668483000,1996990,26201898.7000,2,1.210600,1,-1.203000,-81.958721,1.518554,1.375722,4.772531,0
2023-12-26,sz.300505,12.7621085900,15.3749772700,12.7231105500,15.3749772700,12.8108561400,15500906,237750886.5600,2,9.397000,1,20.015200,-98.362940,1.822496,1.651076,5.727764,0
2023-12-27,sz.300505,15.8137052200,16.9446483800,15.6869615900,16.4961709200,15.3749772700,36170860,607050236.5400,2,21.927700,1,7.292300,-105.535887,1.955399,1.771478,6.145451,0
2023-12-28,sz.300505,15.8137052200,16.4571728800,15.1214900100,16.1744370900,16.4961709200,27714867,448700176.2700,2,16.801400,1,-1.950400,-103.477563,1.917261,1.736928,6.025593,0
2023-12-29,sz.300505,15.9404488500,16.9933959300,15.7942062000,16.3304292500,16.1744370900,28291028,471693015.2600,2,17.150700,1,0.964400,-104.475538,1.935752,1.753680,6.083706,0
2024-01-02,sz.300505,15.8039557100,17.2761317200,15.7357091400,16.8569027900,16.3304292500,27596361,470468152.0200,2,16.729600,1,3.223900,-107.843705,1.998159,1.810216,6.279837,0
2024-01-03,sz.300505,16.3889263100,19.4210239200,16.3791768000,17.5198694700,16.8569027900,40946495,747742371.3500,2,24.822800,1,3.932900,-112.085100,2.076744,1.881410,6.526818,0
2024-01-04,sz.300505,17.1981356400,19.0407930300,16.9641474000,17.6856111400,17.5198694700,33698485,622947598.2700,2,20.428800,1,0.946000,-113.145449,2.096391,1.899209,6.588563,0
2024-01-05,sz.300505,16.9153998500,17.4906209400,15.9599478700,16.3791768000,17.6856111400,27181653,461701315.6400,2,16.478200,1,-7.387000,-104.787406,1.941531,1.758914,6.101866,0
2024-01-08,sz.300505,16.1549380700,16.7496581800,15.9891964000,16.0866915000,16.3791768000,17940754,299729181.8000,2,10.876100,1,-1.785700,-102.916202,1.906860,1.727505,5.992904,0
2024-01-09,sz.300505,15.8917013000,16.2524331700,15.4822218800,15.7649576700,16.0866915000,16787551,272573927.9100,2,10.177000,1,-2.000000,-100.857878,1.868723,1.692955,5.873046,0
2024-01-10,sz.300505,15.7454586500,16.0086954200,15.2579831500,15.8722022800,15.7649576700,13376237,215501169.5400,2,8.109000,1,0.680300,-101.543986,1.881436,1.704472,5.912999,0
2024-01-11,sz.300505,15.5504684500,16.2134351300,15.2189851100,16.0281944400,15.8722022800,15052368,244663572.6500,2,9.125100,1,0.982800,-102.541961,1.899926,1.721223,5.971112,0
2024-01-12,sz.300505,15.8917013000,16.5644174900,15.7844566900,15.7844566900,16.0281944400,16338219,269700844.9400,2,9.904600,1,-1.520700,-100.982625,1.871035,1.695049,5.880310,0
2024-01-15,sz.300505,15.7844566900,15.8624527700,15.2189851100,15.3359792300,15.7844566900,12302474,194541305.6100,2,7.458100,1,-2.841300,-98.113446,1.817874,1.646888,5.713235,0
2024-01-16,sz.300505,15.2092356000,15.2774821700,14.5950164700,14.9362493200,15.3359792300,11503088,175366087.7200,2,6.973500,1,-2.606500,-95.556134,1.770491,1.603962,5.564321,0
2024-01-17,sz.300505,14.8387542200,14.9557483400,14.0977914600,14.1660380300,14.9362493200,8095388,119799696.3400,2,4.907600,1,-5.156700,-90.628631,1.679193,1.521252,5.277388,0
2024-01-18,sz.300505,13.9417993000,14.0392944000,13.2593336000,13.8345546900,14.1660380300,9561976,133741903.0500,2,5.796700,1,-2.340000,-88.507934,1.639900,1.485655,5.153898,0
2024-01-19,sz.300505,13.8248051800,14.4000262700,13.8150556700,13.9028012600,13.8345546900,7632328,110011714.1700,2,4.626900,1,0.493300,-88.944548,1.647990,1.492983,5.179322,0
2024-01-22,sz.300505,13.8345546900,13.9417993000,12.7621085900,12.8596036900,13.9028012600,7772016,106199690.6500,2,4.711600,1,-7.503500,-82.270588,1.524333,1.380957,4.790691,0
2024-01-23,sz.300505,12.8888522200,13.1130909500,12.5573688800,12.9181007500,12.8596036900,6226608,82212688.6200,2,3.774700,1,0.454900,-82.644829,1.531267,1.387239,4.812484,0
2024-01-24,sz.300505,12.9181007500,13.1813375200,12.4111262300,13.0350948700,12.9181007500,7220274,95042511.4100,2,4.377100,1,0.905700,-83.393310,1.545135,1.399803,4.856069,0
2024-01-25,sz.300505,12.9570987900,13.3178306600,12.7718581000,13.2885821300,13.0350948700,6912832,93083027.6600,2,4.209700,1,1.944700,-85.015020,1.575182,1.427024,4.950502,0
2024-01-26,sz.300505,13.0838424200,13.5420693900,12.9570987900,12.9668483000,13.2885821300,6925911,93743807.4500,2,4.217700,1,-2.421100,-82.956696,1.537045,1.392474,4.830644,0
2024-01-29,sz.300505,12.4013767200,12.4696232900,11.3971771900,11.6994120000,12.9668483000,21392548,259751587.2200,2,9.978400,1,-9.774400,-74.848147,1.386808,1.256367,4.358476,0
2024-01-30,sz.300505,11.5044218000,11.6896624900,11.1729384600,11.1729384600,11.6994120000,10763509,125844048.3800,2,5.020600,1,-4.500000,-71.479980,1.324401,1.199831,4.162344,0
2024-01-31,sz.300505,11.1046918900,11.2704335600,10.4709737400,10.5099717800,11.1729384600,8866737,98361486.0900,2,4.135800,1,-5.933700,-67.238585,1.245815,1.128637,3.915364,0
2024-02-01,sz.300505,10.5002222700,10.6367154100,10.0712438300,10.1784884400,10.5099717800,8371169,88052258.8900,2,3.904700,1,-3.154000,-65.117888,1.206523,1.093040,3.791874,0
2024-02-02,sz.300505,10.1687389300,10.3149815800,9.0182967500,9.4960227400,10.1784884400,11210527,111423412.3800,2,5.229100,1,-6.705000,-60.751746,1.125625,1.019752,3.537630,0
2024-02-05,sz.300505,9.7690090200,9.9445002000,8.4138271300,8.4723241900,9.4960227400,16715549,152659561.8600,2,7.796800,1,-10.780300,-54.202533,1.004280,0.909819,3.156263,0
2024-02-06,sz.300505,7.8581050600,8.8428055700,7.4876236800,8.4625746800,8.4723241900,19564226,161594092.8700,2,9.125600,1,-0.115100,-54.140160,1.003124,0.908772,3.152631,0
2024-02-07,sz.300505,8.6185668400,8.6868134100,7.7606099600,7.8971031000,8.4625746800,17499378,146315918.8400,2,8.162500,1,-6.682000,-50.522499,0.936095,0.848048,2.941971,0
2024-02-08,sz.300505,8.0725942800,8.6478153700,7.7898584900,8.6185668400,7.8971031000,18295856,155470326.0500,2,8.534000,1,9.135800,-55.138135,1.021615,0.925524,3.210744,0
2024-02-19,sz.300505,8.6770639000,9.2132869500,8.6770639000,9.0962928300,8.6185668400,15440609,142645627.8100,2,7.202200,1,5.543000,-58.194434,1.078243,0.976826,3.388715,0
2024-02-20,sz.300505,9.0962928300,9.3985276400,8.8135570400,9.3010325400,9.0962928300,11668605,110051981.5100,2,5.442700,1,2.250800,-59.504277,1.102512,0.998812,3.464988,0
2024-02-21,sz.300505,9.2327859700,10.1687389300,9.1157918500,9.6715139200,9.3010325400,17741074,178380343.8200,2,8.275200,1,3.983200,-61.874468,1.146428,1.038597,3.603007,0
2024-02-22,sz.300505,9.6715139200,9.9347506900,9.5545198000,9.9250011800,9.6715139200,11855066,119103997.4300,2,5.529700,1,2.621000,-63.496178,1.176475,1.065818,3.697440,0
2024-02-23,sz.300505,9.9445002000,10.4417252100,9.8762536300,10.4124766800,9.9250011800,13973805,145876938.8200,2,6.518000,1,4.911600,-66.614851,1.234259,1.118167,3.879044,0
2024-02-26,sz.300505,10.3344806000,10.7927075700,10.1687389300,10.5294708000,10.4124766800,14570580,156418078.7700,2,6.796300,1,1.123600,-67.363332,1.248127,1.130731,3.922628,0
2024-02-27,sz.300505,10.6172163900,10.8414551200,10.3832281500,10.8414551200,10.5294708000,10848388,118873434.6600,2,5.060100,1,2.963000,-69.359283,1.285108,1.164234,4.038854,0
2024-02-28,sz.300505,10.8219561000,11.2801830700,9.8762536300,9.9347506900,10.8414551200,19718717,216963950.0100,2,9.197600,1,-8.363300,-63.558551,1.177631,1.066865,3.701072,0
2024-02-29,sz.300505,9.9152516700,10.4319757000,9.7397604900,10.4319757000,9.9347506900,13533348,141724753.3700,2,6.312500,1,5.004900,-66.739598,1.236570,1.120261,3.886308,0
2024-03-01,sz.300505,10.5392203100,10.6464649200,10.3539796200,10.5879678600,10.4319757000,9801655,105675419.6100,2,4.571900,1,1.495300,-67.737573,1.255061,1.137013,3.944421,0
2024-03-04,sz.300505,10.5782183500,10.7244610000,10.2174864800,10.3929776600,10.5879678600,8819474,94283228.6200,2,4.113800,1,-1.841600,-66.490104,1.231947,1.116073,3.871779,0
2024-03-05,sz.300505,10.3637291300,10.3929776600,9.9542497100,10.0224962800,10.3929776600,8940777,92851775.6500,2,4.170400,1,-3.564700,-64.119912,1.188032,1.076288,3.733761,0
2024-03-06,sz.300505,9.9445002000,10.4124766800,9.8957526500,10.2467350100,10.0224962800,7588631,79539066.5300,2,3.539700,1,2.237400,-65.554502,1.214612,1.100369,3.817298,0
2024-03-07,sz.300505,10.2174864800,11.1631889500,10.2174864800,10.5489698200,10.2467350100,21230209,233480842.9400,2,9.902700,1,2.949600,-67.488079,1.250438,1.132825,3.929892,0
2024-03-08,sz.300505,10.2857330500,10.5002222700,10.0614943200,10.2857330500,10.5489698200,14025994,147469692.4100,2,6.542300,1,-2.495400,-65.803996,1.219235,1.104556,3.831827,0
2024-03-11,sz.300505,10.3637291300,10.7927075700,10.2467350100,10.7244610000,10.2857330500,17586853,190684634.7500,2,8.203300,1,4.265400,-68.610801,1.271240,1.151670,3.995270,0
2024-03-12,sz.300505,10.7147114900,10.8512046300,10.5294708000,10.8219561000,10.7244610000,15746356,173159338.3400,2,7.344800,1,0.909100,-69.234536,1.282797,1.162140,4.031590,0
2024-03-13,sz.300505,10.8707036500,10.9779482600,10.5489698200,10.6367154100,10.8219561000,13419109,147058144.0500,2,6.259200,1,-1.711700,-68.049440,1.260839,1.142247,3.962581,0
2024-03-14,sz.300505,10.6659639400,10.8707036500,10.3637291300,10.5684688400,10.6367154100,14741052,161178878.2600,2,6.875900,1,-0.641600,-67.612826,1.252750,1.134919,3.937157,0
2024-03-15,sz.300505,10.4807232500,10.9097016900,10.3442301100,10.8122065900,10.5684688400,14979620,164243023.9800,2,6.987100,1,2.306300,-69.172162,1.281641,1.161093,4.027958,0
2024-03-18,sz.300505,10.9486997300,11.1436899300,10.7732085500,10.9779482600,10.8122065900,13316849,148621759.4600,2,6.211500,1,1.532900,-70.232511,1.301288,1.178891,4.089703,0
2024-03-19,sz.300505,10.9779482600,11.2801830700,10.8804531600,11.1631889500,10.9779482600,14506506,165049921.2900,2,6.766400,1,1.687400,-71.417607,1.323246,1.198784,4.158712,0
2024-03-20,sz.300505,11.1534394400,11.2509345400,10.9876977700,11.1631889500,11.1631889500,10960180,124777105.4800,2,5.112300,1,0.000000,-71.417607,1.323246,1.198784,4.158712,0
2024-03-21,sz.300505,11.1241909100,11.2899325800,10.9681987500,11.1924374800,11.1631889500,11735160,133706090.7500,2,5.473800,1,0.262000,-71.604727,1.326713,1.201925,4.169609,0
2024-03-22,sz.300505,11.1339404200,11.1826879700,10.7342105100,10.8122065900,11.1924374800,10892714,121671191.3800,2,5.080800,1,-3.397200,-69.172162,1.281641,1.161093,4.027958,0
2024-03-25,sz.300505,10.7244610000,10.8414551200,10.3539796200,10.3832281500,10.8122065900,7947985,86370045.9700,2,3.707300,1,-3.967500,-66.427730,1.230792,1.115026,3.868147,0
2024-03-26,sz.300505,10.4319757000,10.9584492400,10.1589894200,10.7732085500,10.3832281500,13836522,150252072.2200,2,6.453900,1,3.755900,-68.922669,1.277019,1.156905,4.013430,0
2024-03-27,sz.300505,10.6757134500,11.5824178800,10.5099717800,11.0364453200,10.7732085500,25278730,286602500.9800,2,11.791100,1,2.443400,-70.606752,1.308222,1.185173,4.111496,0
2024-03-28,sz.300505,10.7829580600,12.1186409300,10.7244610000,11.8846526900,11.0364453200,32698341,381959152.6500,2,15.251900,1,7.685500,-76.033243,1.408765,1.276260,4.427485,0
2024-03-29,sz.300505,11.6506644500,12.5768679000,11.4849227800,11.6994120000,11.8846526900,32569667,401863621.4700,2,15.191900,1,-1.558700,-74.848147,1.386808,1.256367,4.358476,0
2024-04-01,sz.300505,11.7384100400,12.4988718200,11.5921673900,12.3136311300,11.6994120000,26600305,330421860.4700,2,12.407500,1,5.250000,-78.777675,1.459615,1.322327,4.587296,0
2024-04-02,sz.300505,12.0991419100,13.4543238000,12.0991419100,13.0643434000,12.3136311300,40517533,534658422.1500,2,18.899100,1,6.096600,-83.580431,1.548602,1.402944,4.866965,0
2024-04-03,sz.300505,12.7816076100,14.0295448900,12.5281203500,13.7078110600,13.0643434000,39982178,543790852.3000,2,18.649400,1,4.925400,-87.697079,1.624876,1.472044,5.106681,0
2024-04-08,sz.300505,13.3860772300,13.7273100800,12.4111262300,12.5476193700,13.7078110600,31312645,425841238.6800,2,14.605500,1,-8.463700,-80.274638,1.487351,1.347454,4.674465,0
2024-04-09,sz.300505,12.5378698600,12.9960968300,12.1966370100,12.7231105500,12.5476193700,23619859,305890822.5800,2,11.017300,1,1.398600,-81.397360,1.508153,1.366300,4.739843,0
2024-04-10,sz.300505,12.6646134900,13.2885821300,12.2843826000,12.7231105500,12.7231105500,22563836,296524993.2800,2,10.524700,1,0.000000,-81.397360,1.508153,1.366300,4.739843,0
2024-04-11,sz.300505,12.3331301500,12.5378698600,11.6409149400,11.7676585700,12.7231105500,22681047,280475515.7400,2,10.579400,1,-7.509600,-75.284761,1.394897,1.263696,4.383900,0
2024-04-12,sz.300505,12.2746330900,12.8206056500,12.0601438700,12.2453845600,11.7676585700,22694735,288700589.4600,2,10.441000,1,4.059700,-37.747176,1.439191,1.273295,7.743810,0
2024-04-15,sz.300505,12.3623786800,13.1130909500,11.5629188600,12.5963669200,12.2453845600,24524009,315193566.9900,2,11.282600,1,2.866200,-38.829102,1.480441,1.309791,7.965766,0
2024-04-16,sz.300505,12.1868875000,12.3233806400,10.6464649200,10.8024570800,12.5963669200,23100246,272092745.8000,2,10.627600,1,-14.241500,-33.299261,1.269604,1.123257,6.831323,0
2024-04-17,sz.300505,11.1144414000,11.7871575900,11.0169463000,11.5531693500,10.8024570800,17598785,206753433.2700,2,8.096600,1,6.949500,-35.613379,1.357835,1.201317,7.306062,0
2024-04-18,sz.300505,11.5141713100,11.9139012200,11.0266958100,11.4069267000,11.5531693500,18413255,218224869.0700,2,8.471300,1,-1.265800,-35.162577,1.340647,1.186111,7.213581,0
2024-04-19,sz.300505,11.2801830700,13.6883120400,11.2801830700,13.6883120400,11.4069267000,38331691,509134754.0200,2,17.635000,1,20.000000,-42.195092,1.608777,1.423333,8.656297,0
2024-04-22,sz.300505,13.2788326200,14.9264998100,13.1130909500,13.9417993000,13.6883120400,63027500,906179743.3200,2,28.996700,1,1.851900,-42.976483,1.638569,1.449691,8.816599,0
2024-04-23,sz.300505,13.3080811500,14.0295448900,13.3080811500,13.5713179200,13.9417993000,33086419,460449125.0100,2,15.221900,1,-2.657300,-41.834450,1.595027,1.411168,8.582311,0
2024-04-24,sz.300505,13.3568287000,13.6200654700,12.8108561400,13.2105860500,13.5713179200,31547274,427804093.0700,2,14.513800,1,-2.658000,-40.722471,1.552630,1.373658,8.354190,0
2024-04-25,sz.300505,13.2203355600,14.4195252900,13.0643434000,14.2537836200,13.2105860500,47207667,673771362.5000,2,21.718500,1,7.896700,-43.938194,1.675236,1.482132,9.013893,0
2024-04-26,sz.300505,13.6590635100,15.4822218800,13.5323198800,14.3415292100,14.2537836200,53877502,788664110.3500,2,24.787100,1,0.615600,-53.868901,1.670373,1.458345,16.880576,0
2024-04-29,sz.300505,13.9417993000,14.9947463800,13.8930517500,14.6730125500,14.3415292100,43624216,645988261.3200,2,20.069900,1,2.311400,-55.114001,1.708981,1.492053,17.270746,0
2024-04-30,sz.300505,14.5267699000,15.4724723700,14.2537836200,14.8680027500,14.6730125500,45417420,696258010.1000,2,20.894900,1,1.328900,-55.846413,1.731692,1.511881,17.500257,0
2024-05-06,sz.300505,14.8387542200,17.0421434800,14.4097757800,16.2524331700,14.8680027500,56709062,915780212.6100,2,26.089800,1,9.311500,-61.046538,1.892938,1.652659,19.129790,0
2024-05-07,sz.300505,15.9112003200,18.5143194900,15.7747071800,17.5588675100,16.2524331700,63799404,1086394600.9000,2,29.351800,1,8.038400,-65.953698,2.045100,1.785506,20.667517,0
2024-05-08,sz.300505,16.6326640600,17.4613724100,16.5936660200,16.6911611200,17.5588675100,45131381,787165744.4100,2,20.763300,1,-4.941700,-62.694465,1.944037,1.697272,19.646191,0
2024-05-09,sz.300505,16.7399086700,17.9098498700,16.4571728800,16.9836464200,16.6911611200,46470939,819403813.2700,2,21.379600,1,1.752300,-63.793083,1.978103,1.727014,19.990458,0
2024-05-10,sz.300505,16.6521630800,17.4808714300,15.6967111000,15.8819517900,16.9836464200,42909195,725059789.8600,2,19.741000,1,-6.486800,-59.654955,1.849788,1.614986,18.693718,0
2024-05-13,sz.300505,15.5699674700,15.8527032600,14.9459988300,15.3067307000,15.8819517900,28920174,453973548.2700,2,13.305100,1,-3.621900,-57.494340,1.782791,1.556493,18.016658,0
2024-05-14,sz.300505,15.4139753100,15.7064606100,14.6827620600,14.8680027500,15.3067307000,28845488,444584172.4800,2,13.270800,1,-2.866200,-55.846413,1.731692,1.511881,17.500257,0
2024-05-15,sz.300505,14.8095056900,15.7942062000,14.7412591200,15.5212199200,14.8680027500,35133487,553266327.0600,2,16.163600,1,4.393400,-58.299993,1.807773,1.578304,18.269121,0
2024-05-16,sz.300505,15.7454586500,16.4766719000,15.6967111000,15.8722022800,15.5212199200,39958298,658902757.9400,2,18.383400,1,2.261300,-59.618335,1.848652,1.613995,18.682242,0
2024-05-17,sz.300505,15.5894664900,16.2426836600,15.1312395200,15.9696973800,15.8722022800,34355665,554744752.9400,2,15.805800,1,0.614300,-59.984541,1.860008,1.623908,18.796998,0
2024-05-20,sz.300505,15.6869615900,16.5351689600,15.6869615900,16.5351689600,15.9696973800,36829395,611873601.7800,2,16.943900,1,3.540900,-62.108535,1.925869,1.681410,19.462581,0
2024-05-21,sz.300505,16.5839165100,17.0031454400,16.0671924800,16.2816817000,16.5351689600,30781168,520675350.1200,2,14.161300,1,-1.533000,-61.156400,1.896345,1.655633,19.164216,0
2024-05-22,sz.300505,16.0086954200,16.2036856200,15.5017209000,15.6187150200,16.2816817000,23081568,372721988.9700,2,10.619000,1,-4.071900,-58.666199,1.819128,1.588218,18.383877,0
2024-05-23,sz.300505,15.4724723700,15.4724723700,14.2537836200,14.4487738200,15.6187150200,25037534,378618041.3400,2,11.518900,1,-7.490600,-54.271727,1.682864,1.469251,17.006808,0
2024-05-24,sz.300505,14.5560184300,14.9849968700,14.3220301900,14.4487738200,14.4487738200,18235645,274382929.2100,2,8.389600,1,0.000000,-54.271727,1.682864,1.469251,17.006808,0
2024-05-27,sz.300505,14.2537836200,14.8680027500,14.2537836200,14.6925115700,14.4487738200,13143013,196733236.2400,2,6.046600,1,1.686900,-55.187242,1.711252,1.494035,17.293697,0
2024-05-28,sz.300505,14.6340145100,14.7705076500,13.6883120400,13.7760576300,14.6925115700,22458739,324017728.7600,2,10.332400,1,-6.237600,-51.744906,1.604512,1.400844,16.214993,0
2024-05-29,sz.300505,13.7273100800,13.9515488100,13.6005664500,13.7468091000,13.7760576300,14084429,198371316.6500,2,6.479700,1,-0.212300,-51.635044,1.601106,1.397870,16.180566,0
2024-05-30,sz.300505,13.7468091000,14.7802571600,13.6493140000,14.2147855800,13.7468091000,26446622,389834413.4000,2,12.167100,1,3.404300,-53.392833,1.655611,1.445457,16.731394,0
2024-05-31,sz.300505,13.9417993000,14.0977914600,13.6590635100,13.7663081200,14.2147855800,17680599,249795637.9900,2,8.134200,1,-3.155000,-51.708285,1.603377,1.399853,16.203517,0
2024-06-03,sz.300505,13.5810674300,13.7370595900,13.2495840900,13.4543238000,13.7663081200,14570991,200596901.4400,2,6.703600,1,-2.266300,-50.536426,1.567039,1.368128,15.836299,0
2024-06-04,sz.300505,13.3080811500,13.7175605700,13.1813375200,13.5810674300,13.4543238000,11851565,164422874.6000,2,5.452500,1,0.942000,-51.012494,1.581801,1.381016,15.985481,0
2024-06-05,sz.300505,13.5030713500,13.5030713500,12.8791027100,12.9375997700,13.5810674300,13838315,185476138.8200,2,6.366500,1,-4.738000,-48.595534,1.506856,1.315584,15.228093,0
2024-06-06,sz.300505,12.8888522200,13.1910870300,12.2551340700,12.4403747600,12.9375997700,15735411,203811366.5700,2,7.239300,1,-3.843300,-46.727884,1.448944,1.265023,14.642838,0
2024-06-07,sz.300505,12.5963669200,12.8206056500,12.5183708400,12.7036115300,12.4403747600,11103700,144592944.5000,2,5.108400,1,2.116000,-47.716640,1.479603,1.291790,14.952679,0
2024-06-11,sz.300505,12.5378698600,12.9083512400,12.4013767200,12.8986017300,12.7036115300,9661500,125764195.4800,2,4.444900,1,1.534900,-48.449052,1.502314,1.311618,15.182191,0
2024-06-12,sz.300505,12.8206056500,13.2690831100,12.7913571200,13.1910870300,12.8986017300,10973400,147781799.0000,2,5.048500,1,2.267600,-49.547670,1.536380,1.341360,15.526458,0
2024-06-13,sz.300505,13.2008365400,13.2593336000,12.7231105500,12.7913571200,13.1910870300,9874077,131066998.8200,2,4.542700,1,-3.030300,-48.046225,1.489823,1.300713,15.055959,0
2024-06-14,sz.300505,12.8596036900,12.8791027100,12.5573688800,12.6451144700,12.7913571200,8499100,110355554.4500,2,3.910100,1,-1.143300,-47.496916,1.472790,1.285842,14.883825,0
2024-06-17,sz.300505,12.6353649600,12.7816076100,12.4891223100,12.5086213300,12.6451144700,6998730,90400306.6500,2,3.219900,1,-1.079400,-46.984228,1.456892,1.271963,14.723167,0
2024-06-18,sz.300505,12.5768679000,13.3080811500,12.5573688800,13.0350948700,12.5086213300,15266833,202935738.5800,2,7.023700,1,4.208900,-48.961740,1.518211,1.325498,15.342849,0
2024-06-19,sz.300505,13.1130909500,13.2300850700,12.9278502600,13.0935919300,13.0350948700,11973317,160625452.4100,2,5.508500,1,0.448800,-49.181464,1.525025,1.331446,15.411702,0
2024-06-20,sz.300505,13.0641098700,13.3295206800,12.6217585200,12.6905687300,13.0935999600,12814409,168520079.2700,2,5.895400,1,-3.078100,-47.277193,1.465977,1.279894,14.814972,0
2024-06-21,sz.300505,12.6315885500,12.9166594200,12.4644780400,12.5136281900,12.6905687300,8197600,105377847.9100,2,3.771400,1,-1.394300,-46.618022,1.445537,1.262049,14.608412,0
2024-06-24,sz.300505,12.6414185800,12.7298888500,11.9238263900,11.9828065700,12.5136281900,9633045,118736796.9500,2,4.431800,1,-4.241900,-44.640510,1.384218,1.208513,13.988730,0
2024-06-25,sz.300505,12.1105969600,12.3661777400,11.9828065700,12.1007669300,11.9828065700,7386050,91225071.5000,2,3.398100,1,0.984400,-45.079957,1.397845,1.220410,14.126437,0
2024-06-26,sz.300505,12.1007669300,12.4251579200,11.8255260900,12.4054978600,12.1007669300,7210900,89381996.4000,2,3.317500,1,2.518300,-46.215195,1.433046,1.251143,14.482180,0
2024-06-27,sz.300505,12.3465176800,12.3858378000,11.9041663300,11.9139963600,12.4054978600,5957180,73603612.8000,2,2.740700,1,-3.962000,-44.384166,1.376269,1.201573,13.908401,0
2024-06-28,sz.300505,11.9926366000,12.1990672300,11.8255260900,11.9828065700,11.9139963600,5107750,62749087.5000,2,2.349900,1,0.577600,-44.640510,1.384218,1.208513,13.988730,0
2024-07-01,sz.300505,12.0319567200,13.3491807400,11.9729765400,12.9658095700,11.9828065700,22706912,293389503.2200,2,10.446600,1,8.203400,-48.302570,1.497772,1.307653,15.136288,0
2024-07-02,sz.300505,12.7986990600,12.9658095700,12.5824384000,12.6709086700,12.9658095700,15273580,197992429.0000,2,7.026800,1,-2.274500,-47.203952,1.463706,1.277911,14.792021,0
2024-07-03,sz.300505,12.6610786400,12.9461495100,12.4153278900,12.4743080700,12.6709086700,12598600,161803874.5000,2,5.796200,1,-1.551600,-46.471540,1.440995,1.258083,14.562509,0
2024-07-04,sz.300505,12.5234582200,12.5234582200,11.8943363000,11.9336564200,12.4743080700,9586764,118483172.0200,2,4.410500,1,-4.334100,-44.457407,1.378540,1.203556,13.931352,0
2024-07-05,sz.300505,11.9139963600,12.2973675300,11.6584155800,12.2285573200,11.9336564200,8724374,107056995.1300,2,4.013800,1,2.471200,-45.556025,1.412607,1.233298,14.275620,0
2024-07-08,sz.300505,12.4054978600,12.5627783400,11.7960360000,11.9926366000,12.2285573200,9108446,111994457.9000,2,4.190500,1,-1.929300,-44.677130,1.385354,1.209504,14.000206,0
2024-07-09,sz.300505,12.0614468100,12.4841381000,11.8550161800,12.4841381000,11.9926366000,13648650,170054201.5000,2,6.279200,1,4.098400,-46.508160,1.442130,1.259074,14.573985,0
2024-07-10,sz.300505,12.2875375000,13.0051296900,12.2383873500,12.6807387000,12.4841381000,19683736,253819794.5000,2,9.055800,1,1.574800,-47.240572,1.464841,1.278902,14.803496,0
2024-07-11,sz.300505,12.7692089700,13.0247897500,12.7200588200,12.9854696300,12.6807387000,17754000,233036253.0000,2,8.168000,1,2.403100,-48.375811,1.500043,1.309636,15.159239,0
2024-07-12,sz.300505,12.9559795400,13.0247897500,12.6709086700,12.7102287900,12.9854696300,10729000,139335126.5000,2,4.936000,1,-2.119600,-47.350434,1.468248,1.281876,14.837923,0
2024-07-15,sz.300505,12.7790390000,13.0247897500,12.6905687300,12.7102287900,12.7102287900,11827464,154623316.5200,2,5.441400,1,0.000000,-47.350434,1.468248,1.281876,14.837923,0
2024-07-16,sz.300505,12.5037981600,12.5824384000,12.1499170800,12.2777074700,12.7102287900,12178381,152433922.1500,2,5.602800,1,-3.402900,-45.739128,1.418284,1.238255,14.332998,0
2024-07-17,sz.300505,12.1990672300,12.3170275900,12.0122966600,12.1204269900,12.2777074700,8107798,100182345.7700,2,3.730100,1,-1.281000,-45.153198,1.400116,1.222393,14.149388,0
2024-07-18,sz.300505,12.4644780400,12.5726083700,12.0909369000,12.2088972600,12.1204269900,10994925,137353592.7500,2,5.058400,1,0.729900,-45.482783,1.410335,1.231315,14.252669,0
2024-07-19,sz.300505,11.9926366000,12.1597471100,11.8943363000,11.9926366000,12.2088972600,9656489,117908130.2400,2,4.442600,1,-1.771300,-44.677130,1.385354,1.209504,14.000206,0
2024-07-22,sz.300505,11.9041663300,12.0319567200,11.7567158800,11.9238263900,11.9926366000,6160145,74383017.7500,2,2.834100,1,-0.573800,-44.420786,1.377405,1.202565,13.919877,0
2024-07-23,sz.300505,11.8648462100,12.0909369000,11.4814750400,11.5109651300,11.9238263900,8347800,100235669.0000,2,3.840500,1,-3.462500,-42.882721,1.329712,1.160926,13.437903,0
2024-07-24,sz.300505,11.4028348000,11.4913050700,10.9113333000,10.9703134800,11.5109651300,10059404,113753870.9300,2,4.628000,1,-4.696800,-40.868588,1.267258,1.106399,12.806746,0
2024-07-25,sz.300505,10.9604834500,11.2357242900,10.8326930600,11.0391236900,10.9703134800,5828100,65429707.0000,2,2.681300,1,0.627200,-41.124932,1.275207,1.113339,12.887075,0
2024-07-26,sz.300505,11.0391236900,11.3536846500,11.0391236900,11.2455543200,11.0391236900,6109800,69688360.0000,2,2.810900,1,1.870000,-41.893965,1.299053,1.134158,13.128062,0
2024-07-29,sz.300505,11.2455543200,11.3045345000,11.0686137800,11.2652143800,11.2455543200,4841050,55176152.0000,2,2.227200,1,0.174800,-41.967206,1.301324,1.136141,13.151013,0
2024-07-30,sz.300505,11.1669140800,11.4913050700,11.1374239900,11.3438546200,11.2652143800,5843652,67415205.7600,2,2.688500,1,0.698100,-42.260171,1.310408,1.144072,13.242818,0
2024-07-31,sz.300505,11.3438546200,11.8943363000,11.2062342000,11.8255260900,11.3438546200,9342200,110854803.5000,2,4.298000,1,4.246100,-44.054580,1.366050,1.192651,13.805121,0
2024-08-01,sz.300505,11.7370558200,12.1302570200,11.7370558200,11.9041663300,11.8255260900,8017935,97291793.7500,2,3.688800,1,0.665000,-44.347545,1.375134,1.200582,13.896926,0
2024-08-02,sz.300505,11.8648462100,12.1007669300,11.7075657300,11.7272257900,11.9041663300,7888730,95699766.8000,2,3.629300,1,-1.486400,-43.688374,1.354694,1.182737,13.690365,0
2024-08-05,sz.300505,11.6682456100,11.8746762400,11.3045345000,11.3143645300,11.7272257900,7518300,88726057.5700,2,3.458900,1,-3.520500,-42.150309,1.307002,1.141098,13.208391,0
2024-08-06,sz.300505,11.5207951600,11.7567158800,11.4028348000,11.5207951600,11.3143645300,5631400,65928220.5000,2,2.590800,1,1.824500,-42.919342,1.330848,1.161917,13.449378,0
2024-08-07,sz.300505,11.4814750400,11.6387555200,11.3241945600,11.5109651300,11.5207951600,5752350,67302311.5000,2,2.646400,1,-0.085300,-42.882721,1.329712,1.160926,13.437903,0
2024-08-08,sz.300505,11.5109651300,11.7665459100,11.3930047700,11.6387555200,11.5109651300,8167050,96516939.5000,2,3.757400,1,1.110200,-43.358789,1.344474,1.173814,13.587085,0
2024-08-09,sz.300505,11.5994354000,11.7763759400,11.4519849500,11.4519849500,11.6387555200,5689100,67263459.0000,2,2.617300,1,-1.604700,-42.662997,1.322899,1.154978,13.369049,0
2024-08-12,sz.300505,11.4028348000,11.5011351000,11.2652143800,11.3635146800,11.4519849500,3853430,44639365.4800,2,1.772800,1,-0.772500,-42.333412,1.312679,1.146055,13.265769,0
2024-08-13,sz.300505,11.3733447100,11.5896053700,11.2160642300,11.5797753400,11.3635146800,4974600,57994342.6200,2,2.288600,1,1.903100,-43.139065,1.337661,1.167866,13.518232,0
2024-08-14,sz.300505,11.5994354000,11.6879056700,11.2652143800,11.3045345000,11.5797753400,5158450,59975251.5000,2,2.373200,1,-2.376900,-42.113688,1.305866,1.140107,13.196915,0
2024-08-15,sz.300505,11.2455543200,11.4519849500,11.1669140800,11.3438546200,11.3045345000,5478094,63141288.9300,2,2.520300,1,0.347800,-42.260171,1.310408,1.144072,13.242818,0
2024-08-16,sz.300505,11.3733447100,11.4519849500,11.1079339000,11.1374239900,11.3438546200,6867522,78797569.5000,2,3.159500,1,-1.819800,289.809756,1.278980,1.058451,8.586443,0
2024-08-19,sz.300505,11.0587837500,11.2553843500,11.0292936600,11.0489537200,11.1374239900,4587800,51888884.0000,2,2.110700,1,-0.794400,287.507649,1.268820,1.050043,8.518236,0
2024-08-20,sz.300505,11.0686137800,11.2455543200,10.7638828500,10.8818432100,11.0489537200,5666690,63394906.6000,2,2.607000,1,-1.512500,283.159224,1.249630,1.034161,8.389402,0
2024-08-21,sz.300505,10.8818432100,11.0391236900,10.7343927600,10.9506534200,10.8818432100,4232840,47134091.3000,2,1.947400,1,0.632300,284.949752,1.257532,1.040701,8.442451,0
2024-08-22,sz.300505,10.9113333000,10.9899735400,10.6950726400,10.6950726400,10.9506534200,4366030,47872557.4800,2,2.008700,1,-2.333900,278.299219,1.228182,1.016412,8.245410,0
2024-08-23,sz.300505,10.7245627300,10.8720131800,10.4984720400,10.5181321000,10.6950726400,5042457,54530700.9400,2,2.319900,1,-1.654400,273.695004,1.207863,0.999596,8.108997,0
2024-08-26,sz.300505,10.5181321000,10.9015032700,10.5181321000,10.8621831500,10.5181321000,5606295,61531484.4500,2,2.579300,1,3.271000,282.647644,1.247372,1.032293,8.374245,0
2024-08-27,sz.300505,10.8916732400,10.8916732400,10.6557525200,10.6950726400,10.8621831500,4524845,49385162.8000,2,2.081700,1,-1.538500,278.299219,1.228182,1.016412,8.245410,0
2024-08-28,sz.300505,10.6459224900,11.7960360000,10.6066023700,11.1669140800,10.6950726400,19179069,221576081.2000,2,8.823600,1,4.411800,290.577126,1.282366,1.061253,8.609178,0
2024-08-29,sz.300505,10.9211633300,11.2553843500,10.8916732400,11.1669140800,11.1669140800,14822231,166835959.6900,2,6.819200,1,0.000000,290.577126,1.282366,1.061253,8.609178,0
2024-08-30,sz.300505,11.1079339000,11.4814750400,11.0096336000,11.3045345000,11.1669140800,12788471,146785180.4900,2,5.883500,1,1.232400,294.158182,1.298170,1.074332,8.715277,0
2024-09-02,sz.300505,11.3241945600,11.6190954600,11.1865741400,11.1964041700,11.3045345000,11430587,132977078.6400,2,5.258800,1,-0.956500,291.344495,1.285753,1.064056,8.631914,0
2024-09-03,sz.300505,11.1767441100,11.9828065700,11.1177639300,11.5896053700,11.1964041700,15683073,184815584.1300,2,7.215200,1,3.511900,301.576084,1.330907,1.101424,8.935054,0
2024-09-04,sz.300505,11.5011351000,11.5994354000,11.3143645300,11.4028348000,11.5896053700,10920800,127236757.0000,2,5.024300,1,-1.611500,296.716079,1.309459,1.083674,8.791062,0
2024-09-05,sz.300505,11.3635146800,11.5207951600,11.1669140800,11.2455543200,11.4028348000,8133736,93225182.6200,2,3.742000,1,-1.379300,292.623443,1.291397,1.068727,8.669806,0
2024-09-06,sz.300505,11.2455543200,11.4028348000,11.0194636300,11.0292936600,11.2455543200,7801132,89149387.5600,2,3.589000,1,-1.923100,286.996069,1.266563,1.048174,8.503079,0
2024-09-09,sz.300505,10.9309933600,11.1964041700,10.9113333000,11.1079339000,11.0292936600,5799208,65331651.8200,2,2.668000,1,0.713000,289.042387,1.275593,1.055648,8.563707,0
2024-09-10,sz.300505,11.1374239900,11.1964041700,10.8228630300,11.0292936600,11.1079339000,5841207,65290040.3500,2,2.687300,1,-0.708000,286.996069,1.266563,1.048174,8.503079,0
2024-09-11,sz.300505,10.9899735400,11.2258942600,10.9506534200,10.9998035700,11.0292936600,5224955,58936470.2500,2,2.403800,1,-0.267400,286.228700,1.263176,1.045372,8.480344,0
2024-09-12,sz.300505,10.9998035700,11.1177639300,10.7737128800,10.7933729400,10.9998035700,5186796,57671480.4000,2,2.386300,1,-1.876700,280.857116,1.239470,1.025754,8.321195,0
2024-09-13,sz.300505,10.8130330000,10.8523531200,10.5181321000,10.5279621300,10.7933729400,4201900,45452160.0000,2,1.933100,1,-2.459000,273.950794,1.208992,1.000530,8.116576,0
2024-09-18,sz.300505,10.5967723400,10.6164324000,10.1052708400,10.2428912600,10.5279621300,5353350,56024630.5000,2,2.462900,1,-2.707700,266.532892,1.176255,0.973438,7.896799,0
2024-09-19,sz.300505,10.3903417100,10.6950726400,10.2035711400,10.6164324000,10.2428912600,6370349,68332242.6700,2,2.930800,1,3.646800,276.252901,1.219151,1.008938,8.184782,0
2024-09-20,sz.300505,10.6950726400,10.7049026700,10.3805116800,10.4689819500,10.6164324000,4127814,43976333.9600,2,1.899100,1,-1.388900,272.416055,1.202218,0.994925,8.071105,0
2024-09-23,sz.300505,10.3805116800,10.5967723400,10.2920414100,10.4886420100,10.4689819500,3528664,37559369.9600,2,1.623400,1,0.187800,272.927635,1.204476,0.996793,8.086262,0
2024-09-24,sz.300505,10.5083020700,10.9998035700,10.5083020700,10.9998035700,10.4886420100,8683160,95377545.5400,2,3.994800,1,4.873500,286.228700,1.263176,1.045372,8.480344,0
2024-09-25,sz.300505,11.0882738400,11.5207951600,11.0882738400,11.1570840500,10.9998035700,10354914,118880601.8200,2,4.763900,1,1.429800,290.321336,1.281238,1.060319,8.601600,0
2024-09-26,sz.300505,11.1865741400,11.4519849500,11.1079339000,11.4421549200,11.1570840500,7958091,91368534.7400,2,3.661200,1,2.555100,297.739238,1.313974,1.087411,8.821376,0
2024-09-27,sz.300505,11.6977357000,12.3956678300,11.5797753400,12.0909369000,11.4421549200,15091335,183517018.2100,2,6.943000,1,5.670100,314.621360,1.388478,1.149068,9.321557,0
2024-09-30,sz.300505,12.6610786400,14.1650732300,12.5824384000,13.9979627200,12.0909369000,27312257,371661731.7400,2,12.565400,1,15.772400,364.244566,1.607473,1.330303,10.791787,0
2024-10-08,sz.300505,16.6127507000,16.6127507000,14.3518438000,15.5609374900,13.9979627200,31853192,498836669.0000,2,14.654500,1,11.165700,404.915132,1.786960,1.478841,11.996768,0
2024-10-09,sz.300505,15.5805975500,17.5171134600,14.9711356900,15.6690678200,15.5609374900,46682963,773823121.7100,2,21.477100,1,0.694900,407.728819,1.799377,1.489118,12.080132,0
2024-10-10,sz.300505,15.5314474000,15.9443086600,14.5582744300,14.7647050600,15.6690678200,32171503,494689093.0500,2,14.800900,1,-5.771600,384.196164,1.695523,1.403171,11.382910,0
2024-10-11,sz.300505,14.4992942500,14.5582744300,13.6637417000,13.8505122700,14.7647050600,18904570,270435348.2600,2,8.697300,1,-6.191700,360.407720,1.590541,1.316290,10.678109,0
2024-10-14,sz.300505,13.9389825400,14.1847332900,13.5162912500,14.1749032600,13.8505122700,15228488,215714190.5200,2,7.006100,1,2.342100,368.848781,1.627793,1.347119,10.928200,0
2024-10-15,sz.300505,14.1749032600,15.0301158700,13.9881326900,14.0667729300,14.1749032600,22044888,322679088.9100,2,10.142100,1,-0.762800,366.035094,1.615375,1.336843,10.844836,0
2024-10-16,sz.300505,13.7620420000,14.7155549100,13.7227218800,14.3321837400,14.0667729300,19126503,279595638.1600,2,8.799400,1,1.886800,372.941417,1.645854,1.362066,11.049456,0
2024-10-17,sz.300505,14.4009939500,14.4108239800,13.8603423000,13.9193224800,14.3321837400,16511490,237609796.9500,2,7.596300,1,-2.880700,362.198248,1.598443,1.322830,10.731159,0
2024-10-18,sz.300505,13.7915320900,14.7057248800,13.7915320900,14.3616738300,13.9193224800,19152769,277278729.9700,2,8.811500,1,3.178000,373.708786,1.649241,1.364869,11.072191,0
2024-10-21,sz.300505,14.3616738300,14.8335152700,14.3518438000,14.6074245800,14.3616738300,19200664,284931701.9500,2,8.833500,1,1.711200,380.103529,1.677462,1.388224,11.261654,0
2024-10-22,sz.300505,14.5877645200,14.8433453000,14.4501441000,14.8138552100,14.6074245800,17445224,260312263.4300,2,8.025900,1,1.413200,385.475113,1.701167,1.407842,11.420802,0
2024-10-23,sz.300505,14.8138552100,17.1927224700,14.6270846400,16.2785296800,14.8138552100,46006730,732467020.1000,2,21.166000,1,9.887200,423.587782,1.869365,1.547038,12.549999,0
2024-10-24,sz.300505,15.7477080600,16.1212492000,14.9711356900,15.1185861400,16.2785296800,32248755,504488326.0200,2,14.836500,1,-7.125600,393.404594,1.736162,1.436802,11.655736,0
2024-10-25,sz.300505,14.9416456000,16.4063200700,14.9416456000,15.7477080600,15.1185861400,36956053,591185856.4400,2,17.002100,1,4.161200,34.649369,1.775468,1.469426,-11.241977,0
2024-10-28,sz.300505,15.7477080600,16.9076516000,15.5707675200,16.4751302800,15.7477080600,35347226,582836538.0100,2,16.262000,1,4.619200,36.249902,1.857481,1.537302,-11.761269,0
2024-10-29,sz.300505,16.4849603100,16.6717308800,15.5314474000,15.5412774300,16.4751302800,29764292,484762019.1000,2,13.693500,1,-5.668300,34.195164,1.752194,1.450164,-11.094610,0
2024-10-30,sz.300505,15.6100876400,16.6127507000,15.3545068600,16.1409092600,15.5412774300,32487564,530582733.3800,2,14.946300,1,3.858300,35.514522,1.819800,1.506116,-11.522676,0
2024-10-31,sz.300505,15.9934588100,16.2588696200,15.6887278800,15.8754984500,16.1409092600,26772713,434519175.2300,2,12.317200,1,-1.644300,34.930544,1.789876,1.481350,-11.333204,0
2024-11-01,sz.300505,15.6887278800,16.2195495000,14.9613056600,15.1382462000,15.8754984500,21029294,330804749.8200,2,9.674800,1,-4.644000,33.308382,1.706755,1.412557,-10.806894,0
2024-11-04,sz.300505,15.1873963500,15.5707675200,14.8924954500,15.5314474000,15.1382462000,14994995,233738135.6000,2,6.898700,1,2.597400,34.173535,1.751086,1.449247,-11.087593,0
2024-11-05,sz.300505,15.3839969500,16.1015891400,15.2955266800,15.8754984500,15.5314474000,19828502,318769760.0700,2,9.122400,1,2.215200,34.930544,1.789876,1.481350,-11.333204,0
2024-11-06,sz.300505,15.7575380900,16.0426089600,15.5314474000,15.6002576100,15.8754984500,23641952,379672501.1500,2,10.876800,1,-1.733700,34.324937,1.758844,1.455668,-11.136715,0
2024-11-07,sz.300505,15.5216173700,16.3178498000,15.3839969500,16.1998894400,15.6002576100,26256241,429365508.7500,2,12.079500,1,3.843700,35.644295,1.826449,1.511619,-11.564780,0
2024-11-08,sz.300505,16.4063200700,16.4063200700,15.6297477000,15.7477080600,16.1998894400,23533770,381341602.2600,2,10.827000,1,-2.791300,34.649369,1.775468,1.469426,-11.241977,0
2024-11-11,sz.300505,15.6690678200,15.9836287800,15.5412774300,15.9737987500,15.7477080600,16249366,260820842.9300,2,7.475700,1,1.435700,35.146832,1.800959,1.490523,-11.403379,0
2024-11-12,sz.300505,16.0327789300,17.1042522000,15.9344786300,16.5144504000,15.9737987500,39711164,666982638.1600,2,18.269700,1,3.384600,36.336417,1.861914,1.540971,-11.789339,0
2024-11-13,sz.300505,16.2392095600,16.8093513000,15.7378780300,16.1605693200,16.5144504000,24968999,411126176.9200,2,11.487300,1,-2.142900,35.557780,1.822016,1.507950,-11.536711,0
2024-11-14,sz.300505,16.4849603100,17.4483032500,16.0622690200,16.1703993500,16.1605693200,38554162,658278322.6000,2,17.737400,1,0.060800,35.579408,1.823125,1.508868,-11.543728,0
2024-11-15,sz.300505,15.7477080600,16.4161501000,15.2758666200,15.2758666200,16.1703993500,28000085,448522307.8500,2,12.881800,1,-5.531900,33.611186,1.722271,1.425398,-10.905139,0
2024-11-18,sz.300505,15.1775663200,15.5904275800,14.5189543100,14.6565747300,15.2758666200,18345696,278265092.0900,2,8.440200,1,-4.054100,32.248570,1.652449,1.367612,-10.463039,0
2024-11-19,sz.300505,14.6074245800,15.2856966500,14.5287843400,15.2562065600,14.6565747300,13655645,206816692.7500,2,6.282500,1,4.091200,33.567928,1.720054,1.423564,-10.891104,0
2024-11-20,sz.300505,15.2168864400,18.3035158600,15.1873963500,18.3035158600,15.2562065600,48676910,865504401.8900,2,22.394500,1,19.974200,40.272862,2.063622,1.707910,-13.066518,0
2024-11-21,sz.300505,18.6868870300,18.7655272700,17.4188131600,17.7825242700,18.3035158600,69289408,1260211976.7800,2,31.877500,1,-2.846400,39.126535,2.004883,1.659296,-12.694592,0
2024-11-22,sz.300505,17.4483032500,17.7530341800,16.5832606100,16.5930906400,17.7825242700,44459052,768239999.6400,2,20.454000,1,-6.688800,36.509448,1.870781,1.548309,-11.845479,0
2024-11-25,sz.300505,16.4161501000,16.7012209700,15.8361783300,16.4456401900,16.5930906400,30403032,502699967.3400,2,13.987300,1,-0.888600,36.185015,1.854156,1.534551,-11.740217,0
2024-11-26,sz.300505,16.3276798300,16.7896912400,15.7771981500,15.9541386900,16.4456401900,31943608,528521561.3300,2,14.696100,1,-2.988600,35.103574,1.798742,1.488688,-11.389344,0
2024-11-27,sz.300505,15.7870281800,16.2097194700,15.2758666200,16.1802293800,15.9541386900,22314913,358344904.1400,2,10.266300,1,1.417100,35.601037,1.824233,1.509785,-11.550745,0
2024-11-28,sz.300505,16.0229489000,17.0256119600,15.8558383900,16.5144504000,16.1802293800,33798963,565810959.9400,2,15.549700,1,2.065600,36.336417,1.861914,1.540971,-11.789339,0
2024-11-29,sz.300505,16.2392095600,16.7110510000,15.9836287800,16.5144504000,16.5144504000,27102088,450804437.1000,2,12.468700,1,0.000000,36.336417,1.861914,1.540971,-11.789339,0
2024-12-02,sz.300505,16.4259801300,17.6449038500,16.3571699200,17.0256119600,16.5144504000,35757975,615706006.0500,2,16.450900,1,3.095200,37.461116,1.919545,1.588668,-12.154247,0
2024-12-03,sz.300505,16.7208810300,16.9862918400,16.4751302800,16.5930906400,17.0256119600,25370398,431408078.3800,2,11.672000,1,-2.540400,36.509448,1.870781,1.548309,-11.845479,0
2024-12-04,sz.300505,16.6029206700,16.6913909400,15.7477080600,15.8361783300,16.5930906400,21475230,353248473.8500,2,9.880000,1,-4.561600,34.844029,1.785443,1.477681,-11.305134,0
2024-12-05,sz.300505,15.7477080600,16.2686996500,15.6199176700,16.2097194700,15.8361783300,15426608,251755915.3300,2,7.097200,1,2.358800,35.665924,1.827558,1.512537,-11.571798,0
2024-12-06,sz.300505,16.1703993500,16.4456401900,15.8853284800,16.1507392900,16.2097194700,12723400,208857873.0000,2,5.853600,1,-0.363900,35.536151,1.820908,1.507033,-11.529693,0
2024-12-09,sz.300505,16.1900594100,16.5537705200,15.9344786300,16.0032888400,16.1507392900,14166754,234321206.4700,2,6.517600,1,-0.913000,35.211718,1.804284,1.493275,-11.424431,0
2024-12-10,sz.300505,16.5046203700,16.5930906400,16.0327789300,16.0622690200,16.0032888400,15650400,259867385.2000,2,7.200200,1,0.368600,35.341491,1.810933,1.498778,-11.466536,0
2024-12-11,sz.300505,16.0720990500,16.2293795300,15.8951585100,16.1114191700,16.0622690200,11611253,189638122.2000,2,5.341900,1,0.306000,35.449635,1.816475,1.503364,-11.501623,0
2024-12-12,sz.300505,16.1212492000,16.2293795300,15.8853284800,16.0819290800,16.1114191700,11595800,189293595.5000,2,5.334800,1,-0.183000,35.384749,1.813150,1.500612,-11.480571,0
2024-12-13,sz.300505,16.0229489000,16.0229489000,15.5609374900,15.6100876400,16.0819290800,11965817,191662779.1500,2,5.505000,1,-2.934000,34.346566,1.759952,1.456585,-11.143733,0
2024-12-16,sz.300505,15.6002576100,15.6985579100,15.3151867400,15.4724672200,15.6100876400,8224395,129661695.9400,2,3.783700,1,-0.881600,34.043762,1.744436,1.443743,-11.045488,0
2024-12-17,sz.300505,15.4528071600,15.5117873400,14.8630053600,14.9219855400,15.4724672200,8959958,138037126.5400,2,4.122200,1,-3.557800,32.832548,1.682373,1.392378,-10.652510,0
2024-12-18,sz.300505,15.0301158700,15.1185861400,14.7843651200,14.9711356900,14.9219855400,7198853,109653853.5100,2,3.311900,1,0.329400,32.940692,1.687914,1.396964,-10.687597,0
2024-12-19,sz.300505,14.7450450000,15.0202858400,14.6467447000,14.9809657200,14.9711356900,6845122,103184917.8000,2,3.149200,1,0.065700,32.962321,1.689022,1.397881,-10.694615,0
2024-12-20,sz.300505,14.9711356900,15.2562065600,14.8728353900,15.0989260800,14.9809657200,7648062,117669824.8700,2,3.518600,1,0.787400,33.221867,1.702322,1.408888,-10.778824,0
2024-12-23,sz.300505,14.9416456000,15.1480762300,14.3911639200,14.4796341900,15.0989260800,7835300,117372771.7500,2,3.604700,1,-4.101600,31.859251,1.632500,1.351102,-10.336724,0
2024-12-24,sz.300505,14.4796341900,14.6958948500,14.3518438000,14.6172546100,14.4796341900,5209753,77109978.1900,2,2.396800,1,0.950400,32.162055,1.648016,1.363943,-10.434969,0
2024-12-25,sz.300505,14.5189543100,14.6369146700,13.9193224800,14.1355831400,14.6172546100,7514567,108187519.4400,2,3.457200,1,-3.295200,31.102243,1.593710,1.318998,-10.091113,0
2024-12-26,sz.300505,14.1454131700,14.4698041600,14.1355831400,14.3223537100,14.1355831400,5182078,75613634.9000,2,2.384100,1,1.321300,31.513190,1.614767,1.336426,-10.224445,0
2024-12-27,sz.300505,14.3223537100,14.8630053600,14.2535435000,14.7745350900,14.3223537100,8928203,133247247.2100,2,4.107500,1,3.157200,32.508116,1.665748,1.378619,-10.547248,0
2024-12-30,sz.300505,14.9809657200,14.9809657200,14.4796341900,14.5582744300,14.7745350900,5687550,84768344.0000,2,2.616600,1,-1.463700,32.032282,1.641366,1.358440,-10.392864,0
2024-12-31,sz.300505,14.5582744300,14.6664047600,14.1060930500,14.1552432000,14.5582744300,5244673,76685280.7500,2,2.412900,1,-2.768400,31.145500,1.595927,1.320833,-10.105148,0
2025-01-02,sz.300505,14.2437134700,14.7253849400,14.0372828400,14.2535435000,14.1552432000,9290451,135854261.9300,2,4.274200,1,0.694400,31.361789,1.607009,1.330005,-10.175323,0
2025-01-03,sz.300505,14.3026936500,14.3911639200,13.4278209800,13.4474810400,14.2535435000,8686506,122006674.4000,2,3.996300,1,-5.655200,29.588225,1.516130,1.254791,-9.599891,0
2025-01-06,sz.300505,13.4769711300,13.7423819400,13.0051296900,13.5556113700,13.4474810400,6517643,89197418.9600,2,2.998500,1,0.804100,29.826142,1.528321,1.264881,-9.677083,0
2025-01-07,sz.300505,13.5457813400,13.8210221800,13.4376510100,13.8210221800,13.5556113700,5448290,75603216.1500,2,2.506600,1,1.957900,30.410121,1.558245,1.289646,-9.866554,0
2025-01-08,sz.300505,13.7030618200,13.8603423000,13.3196906500,13.7227218800,13.8210221800,6012800,83406431.9400,2,2.766300,1,-0.711200,30.193832,1.547162,1.280474,-9.796379,0
2025-01-09,sz.300505,13.6735717300,13.9389825400,13.6145915500,13.7522119700,13.7227218800,5579689,78406461.3500,2,2.567000,1,0.214900,30.258719,1.550487,1.283225,-9.817432,0
2025-01-10,sz.300505,13.6834017600,13.8111921500,13.2508804400,13.2508804400,13.7522119700,5673944,78011907.8800,2,2.610400,1,-3.645500,29.155649,1.493965,1.236446,-9.459541,0
2025-01-13,sz.300505,13.0051296900,13.4671411000,12.9264894500,13.4376510100,13.2508804400,4840844,65356102.7800,2,2.227100,1,1.409500,29.566597,1.515022,1.253874,-9.592873,0
2025-01-14,sz.300505,13.4573110700,14.0569429000,13.4573110700,14.0372828400,13.4376510100,7235902,101881530.3800,2,3.329000,1,4.462300,30.885955,1.582627,1.309826,-10.020938,0
2025-01-15,sz.300505,14.3518438000,15.2660365900,14.2633735300,14.5484444000,14.0372828400,19612373,293519868.1000,2,9.022900,1,3.641500,32.010653,1.640258,1.357522,-10.385846,0
2025-01-16,sz.300505,14.5582744300,15.0989260800,14.4698041600,14.6762347900,14.5484444000,15667839,235423349.5000,2,7.208200,1,0.878400,32.291828,1.654666,1.369446,-10.477073,0
2025-01-17,sz.300505,14.6369146700,15.6100876400,14.5975945500,15.1579062600,14.6762347900,22202400,343189816.1000,2,10.214500,1,3.282000,33.351640,1.708971,1.414391,-10.820929,0
2025-01-20,sz.300505,15.2168864400,15.5314474000,14.9613056600,15.1579062600,15.1579062600,18344725,282708154.2000,2,8.439700,1,0.000000,33.351640,1.708971,1.414391,-10.820929,0
2025-01-21,sz.300505,15.1579062600,15.2168864400,14.6565747300,14.8924954500,15.1579062600,11552150,174346988.0000,2,5.314700,1,-1.751000,32.767662,1.679048,1.389626,-10.631458,0
2025-01-22,sz.300505,14.7843651200,15.0006257800,14.6270846400,14.7450450000,14.8924954500,8266175,124717776.2000,2,3.803000,1,-0.990100,32.443230,1.662424,1.375867,-10.526196,0
2025-01-23,sz.300505,14.7745350900,14.9613056600,14.6172546100,14.6172546100,14.7450450000,9806700,147720349.0000,2,4.511700,1,-0.866700,32.162055,1.648016,1.363943,-10.434969,0
2025-01-24,sz.300505,14.5681044600,14.7548750300,14.4992942500,14.6172546100,14.6172546100,8796883,130776564.0400,2,4.047100,1,0.000000,32.162055,1.648016,1.363943,-10.434969,0
2025-01-27,sz.300505,14.6172546100,15.2267164700,14.6172546100,14.9121555100,14.6172546100,12845750,196106945.0000,2,5.909900,1,2.017500,32.810919,1.681264,1.391460,-10.645493,0
2025-02-05,sz.300505,14.9514756300,15.1873963500,14.6565747300,15.0596059600,14.9121555100,10245600,155846589.0000,2,4.713600,1,0.988800,33.135352,1.697889,1.405219,-10.750755,0
2025-02-06,sz.300505,15.0399459000,15.2168864400,14.8826654200,15.2168864400,15.0596059600,10970205,167945682.5000,2,5.047000,1,1.044400,33.481413,1.715621,1.419895,-10.863034,0
2025-02-07,sz.300505,15.1480762300,15.3545068600,14.9809657200,15.2168864400,15.2168864400,13205455,204263348.5000,2,6.075300,1,0.000000,33.481413,1.715621,1.419895,-10.863034,0
2025-02-10,sz.300505,15.2267164700,15.2365465000,15.0104558100,15.1382462000,15.2168864400,9619125,147743548.1500,2,4.425400,1,-0.516800,33.308382,1.706755,1.412557,-10.806894,0
2025-02-11,sz.300505,15.1382462000,15.2168864400,14.8924954500,15.0596059600,15.1382462000,8229155,125814669.4500,2,3.785900,1,-0.519500,33.135352,1.697889,1.405219,-10.750755,0
2025-02-12,sz.300505,15.0497759300,15.2660365900,15.0202858400,15.1972263800,15.0596059600,8741178,134698247.3300,2,4.021500,1,0.913800,33.438155,1.713405,1.418060,-10.848999,0
2025-02-13,sz.300505,15.1677362900,15.5707675200,15.0694359900,15.5117873400,15.1972263800,17587668,275701035.8900,2,8.091400,1,2.069900,34.130277,1.748870,1.447412,-11.073558,0
2025-02-14,sz.300505,15.3643368900,15.5511074600,15.1185861400,15.1775663200,15.5117873400,13610015,211577362.8000,2,6.261500,1,-2.154600,33.394898,1.711188,1.416226,-10.834964,0
2025-02-17,sz.300505,15.0792660200,15.2168864400,14.9023254800,15.1284161700,15.1775663200,10602050,162411408.8000,2,4.877600,1,-0.323800,33.286754,1.705647,1.411640,-10.799877,0
2025-02-18,sz.300505,15.1382462000,15.1382462000,14.5681044600,14.6074245800,15.1284161700,10584535,159956912.0000,2,4.869600,1,-3.443800,32.140426,1.646908,1.363026,-10.427951,0
2025-02-19,sz.300505,14.8924954500,15.2758666200,14.8826654200,15.0792660200,14.6074245800,10126245,155020504.6500,2,4.658700,1,3.230100,33.178609,1.700105,1.407054,-10.764789,0
2025-02-20,sz.300505,15.1677362900,15.5609374900,15.0792660200,15.4921272800,15.0792660200,16888630,263892234.5900,2,7.769800,1,2.737900,34.087020,1.746653,1.445578,-11.059523,0
2025-02-21,sz.300505,15.4134870400,15.4626371900,15.1873963500,15.4134870400,15.4921272800,13039930,203077878.7100,2,5.999200,1,-0.507600,33.913989,1.737787,1.438240,-11.003383,0
2025-02-24,sz.300505,15.8263483000,16.2195495000,15.4921272800,15.6002576100,15.4134870400,24148156,390145958.0400,2,11.109700,1,1.211700,34.324937,1.758844,1.455668,-11.136715,0
2025-02-25,sz.300505,15.1873963500,15.3643368900,15.0301158700,15.0596059600,15.6002576100,14129950,217582546.4000,2,6.500700,1,-3.465700,33.135352,1.697889,1.405219,-10.750755,0
2025-02-26,sz.300505,15.1284161700,15.3839969500,15.0989260800,15.3053567100,15.0596059600,10646975,165239814.0000,2,4.898300,1,1.631900,33.676072,1.725596,1.428150,-10.926191,0
2025-02-27,sz.300505,15.3151867400,15.3250167700,14.9514756300,15.2168864400,15.3053567100,10126115,156122275.6000,2,4.658700,1,-0.578000,33.481413,1.715621,1.419895,-10.863034,0
2025-02-28,sz.300505,15.0792660200,16.0032888400,15.0301158700,15.6887278800,15.2168864400,25119036,398709237.5700,2,11.556400,1,3.100800,34.519596,1.768819,1.463923,-11.199872,0
2025-03-03,sz.300505,15.7083879400,16.3964900400,15.7083879400,16.0327789300,15.6887278800,27893427,457583155.6900,2,12.832800,1,2.193000,35.276605,1.807609,1.496026,-11.445483,0
2025-03-04,sz.300505,15.7280480000,16.0524389900,15.6592377900,16.0426089600,16.0327789300,14803934,239680086.4200,2,6.810800,1,0.061300,35.298234,1.808717,1.496944,-11.452501,0
2025-03-05,sz.300505,15.9443086600,16.0622690200,15.3348468000,15.5904275800,16.0426089600,15574417,246431488.6500,2,7.165200,1,-2.818600,34.303308,1.757736,1.454750,-11.129698,0
2025-03-06,sz.300505,15.5805975500,15.7771981500,15.4429771300,15.6788978500,15.5904275800,12401491,197290518.2500,2,5.705500,1,0.567500,34.497967,1.767710,1.463005,-11.192855,0
2025-03-07,sz.300505,15.5805975500,16.3866600100,15.5117873400,16.3669999500,15.6788978500,25057692,409512427.5500,2,11.528100,1,4.388700,36.011985,1.845290,1.527213,-11.684077,0
2025-03-10,sz.300505,16.2686996500,16.4554702200,16.0229489000,16.1114191700,16.3669999500,17280049,284347747.4200,2,7.949900,1,-1.561600,35.449635,1.816475,1.503364,-11.501623,0
2025-03-11,sz.300505,15.8460083600,16.6815609100,15.7280480000,16.6225807300,16.1114191700,24711916,410113806.1600,2,11.369100,1,3.172700,36.574334,1.874105,1.551061,-11.866531,0
2025-03-12,sz.300505,16.5439404900,17.1828924400,16.3473398900,17.0256119600,16.6225807300,29734021,506256053.4500,2,13.679500,1,2.424600,37.461116,1.919545,1.588668,-12.154247,0
2025-03-13,sz.300505,16.7110510000,16.9568017500,16.3178498000,16.6029206700,17.0256119600,22959286,389803073.7600,2,10.562700,1,-2.482700,26.369530,1.827183,1.447403,-13.421428,0
2025-03-14,sz.300505,16.5144504000,16.6422407900,16.1310792300,16.4456401900,16.6029206700,15832817,264181763.2000,2,7.284100,1,-0.947300,26.119730,1.809874,1.433692,-13.294286,0
2025-03-17,sz.300505,16.4161501000,16.8781615100,16.1703993500,16.7012209700,16.4456401900,20103025,338301276.8500,2,9.248700,1,1.554100,26.525655,1.838001,1.455973,-13.500892,0
2025-03-18,sz.300505,16.5537705200,16.5832606100,16.2490395900,16.2785296800,16.7012209700,13758470,229630766.6000,2,6.329800,1,-2.530900,25.854317,1.791483,1.419124,-13.159198,0
2025-03-19,sz.300505,16.2195495000,16.3669999500,15.9639687200,16.1212492000,16.2785296800,9286248,152612807.2400,2,4.272300,1,-0.966200,25.604517,1.774174,1.405412,-13.032056,0
2025-03-20,sz.300505,16.0819290800,16.2981897400,16.0229489000,16.1310792300,16.1212492000,7380763,121029484.6300,2,3.395600,1,0.061000,25.620129,1.775256,1.406269,-13.040002,0
2025-03-21,sz.300505,15.9737987500,16.1703993500,15.4724672200,15.4724672200,16.1310792300,11951251,191245212.2700,2,5.498300,1,-4.082900,24.574091,1.702775,1.348853,-12.507595,0
2025-03-24,sz.300505,15.4134870400,17.6449038500,15.4134870400,16.9568017500,15.4724672200,44995663,764119322.7800,2,20.700900,1,9.593400,26.931580,1.866129,1.478254,-13.707498,0
2025-03-25,sz.300505,16.7307110600,17.9594648100,16.6324107600,17.4483032500,16.9568017500,57433572,1011642298.2500,2,26.423100,1,2.898600,27.712206,1.920219,1.521102,-14.104816,0
2025-03-26,sz.300505,17.1632323800,17.5760936400,17.1042522000,17.2517026500,17.4483032500,38678457,679974877.3900,2,17.794600,1,-1.126800,27.399955,1.898583,1.503962,-13.945889,0
2025-03-27,sz.300505,17.2615326800,18.5099464900,17.2517026500,17.7235440900,17.2517026500,58428975,1060310548.6000,2,26.881000,1,2.735000,28.149356,1.950510,1.545097,-14.327315,0
2025-03-28,sz.300505,17.0551020500,17.3008528000,16.2293795300,16.2392095600,17.7235440900,43899807,745417317.1800,2,20.196700,1,-8.374900,25.791867,1.787156,1.415696,-13.127412,0
2025-03-31,sz.300505,16.1212492000,16.1998894400,15.0202858400,15.3839969500,16.2392095600,29006791,455347446.9600,2,13.345000,1,-5.266300,24.433578,1.693038,1.341140,-12.436078,0
2025-04-01,sz.300505,15.3938269800,15.7771981500,15.3938269800,15.6100876400,15.3839969500,18038740,286624754.5500,2,8.299000,1,1.469600,24.792666,1.717920,1.360850,-12.618844,0
2025-04-02,sz.300505,15.6100876400,15.9344786300,15.5019573100,15.5805975500,15.6100876400,14003406,223630806.2600,2,6.442500,1,-0.188900,24.745829,1.714675,1.358280,-12.595005,0
2025-04-03,sz.300505,15.4331471000,16.1409092600,15.4331471000,15.8066882400,15.5805975500,19619612,314621338.8400,2,9.026300,1,1.451100,25.104916,1.739556,1.377990,-12.777772,0
2025-04-07,sz.300505,14.7450450000,15.2267164700,13.0346197800,13.8111921500,15.8066882400,29146364,421498593.1700,2,13.409200,1,-12.624400,21.935577,1.519948,1.204027,-11.164658,0
2025-04-08,sz.300505,14.1552432000,15.0301158700,14.0667729300,15.0301158700,13.8111921500,26203909,388541542.6800,2,12.055500,1,8.825600,23.871528,1.654093,1.310290,-12.150008,0
2025-04-09,sz.300505,14.6467447000,15.0006257800,13.8603423000,14.8236852400,15.0301158700,26349495,389267417.3100,2,12.122400,1,-1.373400,23.543665,1.631375,1.292294,-11.983134,0
2025-04-10,sz.300505,14.9809657200,15.4626371900,14.9711356900,15.0497759300,14.8236852400,22547517,348937167.5200,2,10.373300,1,1.525200,23.902753,1.656257,1.312004,-12.165901,0
2025-04-11,sz.300505,14.8236852400,15.1873963500,14.7057248800,14.7450450000,15.0497759300,17033054,258224877.4600,2,7.836300,1,-2.024800,23.418765,1.622721,1.285438,-11.919563,0
2025-04-14,sz.300505,15.5216173700,15.8853284800,15.2267164700,15.5904275800,14.7450450000,24042629,382096645.0300,2,11.061100,1,5.733300,24.761441,1.715757,1.359136,-12.602952,0
2025-04-15,sz.300505,15.5904275800,15.9934588100,15.5019573100,15.7477080600,15.5904275800,22218550,355844856.5300,2,10.221900,1,1.008800,25.011241,1.733066,1.372848,-12.730094,0
2025-04-16,sz.300505,15.5314474000,15.7771981500,15.0989260800,15.3348468000,15.7477080600,15445489,241800926.4800,2,7.105900,1,-2.621700,24.355516,1.687629,1.336856,-12.396346,0
2025-04-17,sz.300505,15.2365465000,15.7968582100,15.0890960500,15.6494077600,15.3348468000,19415710,308807359.9000,2,8.932500,1,2.051300,24.855116,1.722247,1.364278,-12.650630,0
2025-04-18,sz.300505,15.9246486000,17.0157819300,15.4429771300,16.6619008500,15.6494077600,40883223,678397446.1500,2,18.808900,1,6.469800,20.461266,1.781245,1.392004,-23.366062,0
2025-04-21,sz.300505,16.3964900400,16.9174816300,16.3964900400,16.5734305800,16.6619008500,27930649,471130708.3000,2,12.849900,1,-0.531000,20.352622,1.771787,1.384613,-23.241994,0
2025-04-22,sz.300505,16.7110510000,17.0944221700,16.2785296800,16.8879915400,16.5734305800,31143723,528825606.8700,2,14.328100,1,1.898000,20.738911,1.805415,1.410892,-23.683123,0
2025-04-23,sz.300505,16.7110510000,16.7503711200,16.3669999500,16.5242804300,16.8879915400,21939433,368980675.1800,2,10.093500,1,-2.153700,20.292264,1.766532,1.380507,-23.173068,0
2025-04-24,sz.300505,16.4849603100,16.9666317800,16.2195495000,16.5930906400,16.5242804300,23187055,393289834.3500,2,10.667500,1,0.416400,20.376765,1.773889,1.386255,-23.269565,0
2025-04-25,sz.300505,16.5930906400,17.2418726200,16.3473398900,17.0747621100,16.5930906400,29495230,507704034.4000,2,13.569700,1,2.902800,20.968270,1.825382,1.426496,-23.945044,0
2025-04-28,sz.300505,16.9273116600,17.3794930400,16.4161501000,16.8585014500,17.0747621100,25154645,432236547.6500,2,11.572700,1,-1.266600,20.702696,1.802262,1.408429,-23.641767,0
2025-04-29,sz.300505,16.6029206700,17.5269434900,16.6029206700,17.0157819300,16.8585014500,24584306,428581114.6600,2,11.310300,1,0.932900,20.895841,1.819077,1.421569,-23.862332,0
2025-04-30,sz.300505,17.0157819300,17.2811927400,16.4849603100,16.5341104600,17.0157819300,23924301,409071283.1000,2,11.006700,1,-2.830700,20.304336,1.767583,1.381328,-23.186853,0
2025-05-06,sz.300505,16.7012209700,16.9568017500,16.6127507000,16.9568017500,16.5341104600,24446904,417572624.2900,2,11.247100,1,2.556500,20.823412,1.812771,1.416641,-23.779620,0
2025-05-07,sz.300505,17.0649320800,19.2078786200,16.9961218700,18.4804564000,16.9568017500,56033507,1016361853.9100,2,25.779000,1,8.985500,22.694501,1.975658,1.543934,-25.916340,0
2025-05-08,sz.300505,17.9791248700,18.1462353800,17.6842239700,18.0086149600,18.4804564000,37296907,680182925.9800,2,17.159000,1,-2.553200,22.115067,1.925216,1.504514,-25.254646,0
2025-05-09,sz.300505,17.8513344800,18.1167452900,17.2320425900,17.3598329800,18.0086149600,24540580,437110476.6000,2,11.290200,1,-3.602600,21.318345,1.855857,1.450312,-24.344817,0
2025-05-12,sz.300505,17.3401729200,17.5367735200,17.2418726200,17.4384732200,17.3598329800,20715836,366117157.5500,2,9.530600,1,0.453000,21.414917,1.864264,1.456882,-24.455099,0
2025-05-13,sz.300505,17.4483032500,18.0675951400,17.0256119600,17.8808245700,17.4384732200,35654106,637324178.0900,2,16.403200,1,2.536600,21.958137,1.911554,1.493838,-25.075437,0
2025-05-14,sz.300505,17.5564335800,18.2543657100,17.4286431900,17.7530341800,17.8808245700,30591037,554944395.5800,2,14.073800,1,-0.714700,21.801207,1.897893,1.483162,-24.896228,0
2025-05-15,sz.300505,17.7137140600,19.1685585000,17.7038840300,17.8415044500,17.7530341800,49424420,934476883.5700,2,22.738400,1,0.498300,21.909851,1.907351,1.490553,-25.020296,0
2025-05-16,sz.300505,17.8021843300,18.6377368800,17.2320425900,18.4706263700,17.8415044500,42185846,768963808.6500,2,19.408200,1,3.526200,22.682430,1.974607,1.543112,-25.902554,0
2025-05-19,sz.300505,18.1855555000,19.5617597000,17.9398047500,19.2471987400,18.4706263700,49267737,943305281.4500,2,22.666300,1,4.204400,23.636081,2.057627,1.607990,-26.991592,0
2025-05-20,sz.300505,18.8834876300,19.9353008400,18.6279068500,18.7753573000,19.2471987400,41786680,810625865.5500,2,19.224500,1,-2.451500,23.056647,2.007184,1.568571,-26.329898,0
2025-05-21,sz.300505,18.4804564000,19.6502299700,18.3919861300,18.9719579000,18.7753573000,42775592,830732340.6400,2,19.679500,1,1.047100,23.298078,2.028202,1.584996,-26.605604,0
2025-05-22,sz.300505,18.5984167600,18.7851873300,17.6350738200,17.7137140600,18.9719579000,34629612,635169995.7800,2,15.931800,1,-6.632100,21.752921,1.893689,1.479877,-24.841087,0
2025-05-23,sz.300505,17.6940540000,18.0675951400,17.2811927400,17.3401729200,17.7137140600,23594145,423500811.5500,2,10.854800,1,-2.108800,21.294202,1.853756,1.448670,-24.317246,0
2025-05-26,sz.300505,17.4089831300,17.6055837300,17.1534023500,17.5957537000,17.3401729200,15815758,279702013.3000,2,7.276300,1,1.473900,21.608062,1.881079,1.470022,-24.675664,0
2025-05-27,sz.300505,17.4286431900,17.9889549000,17.2123825300,17.8906546000,17.5957537000,21107835,378529028.6000,2,9.710900,1,1.676000,21.970208,1.912605,1.494659,-25.089223,0
2025-05-28,sz.300505,17.7137140600,17.9103146600,17.2222125600,17.3500029500,17.8906546000,18062950,321183522.6000,2,8.310100,1,-3.022000,21.306274,1.854807,1.449491,-24.331032,0
2025-05-29,sz.300505,17.3100000000,17.5200000000,17.0200000000,17.3400000000,17.3500000000,14386745,248918754.3500,2,6.618800,1,-0.057600,20.932056,1.822229,1.424032,-23.903688,0
2025-05-30,sz.300505,17.2600000000,17.6300000000,17.0900000000,17.2600000000,17.3400000000,12990960,225562895.8000,2,5.976700,1,-0.461400,20.835483,1.813822,1.417462,-23.793406,0
2025-06-03,sz.300505,17.1800000000,17.5400000000,17.0500000000,17.3400000000,17.2600000000,11071585,191692596.0000,2,5.093600,1,0.463500,20.932056,1.822229,1.424032,-23.903688,0
2025-06-04,sz.300505,17.2600000000,17.8200000000,17.1300000000,17.8000000000,17.3400000000,19801728,348092585.0700,2,9.110100,1,2.652800,21.487347,1.870570,1.461809,-24.537811,0
2025-06-05,sz.300505,17.7200000000,17.9800000000,17.6000000000,17.7500000000,17.8000000000,15999820,284042143.3500,2,7.360900,1,-0.280900,21.426989,1.865315,1.457703,-24.468885,0
2025-06-06,sz.300505,17.7700000000,18.3300000000,17.6300000000,18.1900000000,17.7500000000,21674800,392096940.1000,2,9.971800,1,2.478900,21.958137,1.911554,1.493838,-25.075437,0
2025-06-09,sz.300505,18.1100000000,18.2800000000,17.9800000000,18.2100000000,18.1900000000,16651100,301618739.0000,2,7.660600,1,0.110000,21.982280,1.913656,1.495480,-25.103008,0
2025-06-10,sz.300505,18.1400000000,18.7200000000,17.7300000000,17.9300000000,18.2100000000,25417955,464845239.4200,2,11.693900,1,-1.537600,21.644277,1.884231,1.472486,-24.717020,0
2025-06-11,sz.300505,17.8200000000,18.0700000000,17.6500000000,17.7500000000,17.9300000000,16095240,286887910.5500,2,7.404800,1,-1.003900,21.426989,1.865315,1.457703,-24.468885,0
2025-06-12,sz.300505,17.7400000000,17.9200000000,17.4900000000,17.8300000000,17.7500000000,15043446,266295639.9400,2,6.920900,1,0.450700,21.523561,1.873722,1.464273,-24.579167,0
2025-06-13,sz.300505,17.6600000000,17.8300000000,17.2400000000,17.2800000000,17.8300000000,14294081,249834157.4300,2,6.576200,1,-3.084700,20.859626,1.815924,1.419105,-23.820976,0
2025-06-16,sz.300505,17.4400000000,18.1600000000,17.4000000000,17.6600000000,17.2800000000,14823581,262795609.4100,2,6.819800,1,2.199100,21.318345,1.855857,1.450312,-24.344817,0
2025-06-17,sz.300505,17.6100000000,18.8000000000,17.6000000000,18.2500000000,17.6600000000,25924868,473146065.5600,2,11.927100,1,3.340900,22.030566,1.917859,1.498765,-25.158149,0
2025-06-18,sz.300505,18.1000000000,18.5300000000,18.0100000000,18.3100000000,18.2500000000,19783125,360553749.7500,2,9.101500,1,0.328800,22.102995,1.924165,1.503693,-25.240861,0
2025-06-19,sz.300505,18.1800000000,18.6000000000,17.8500000000,17.9800000000,18.3100000000,25906435,474291119.3000,2,11.918600,1,-1.802300,21.704635,1.889486,1.476592,-24.785946,0
2025-06-20,sz.300505,17.9500000000,18.8700000000,17.8300000000,18.5700000000,17.9800000000,30170918,559781563.5900,2,13.880500,1,3.281400,22.416856,1.951488,1.525045,-25.599278,0
2025-06-23,sz.300505,18.4600000000,18.8300000000,18.3500000000,18.7000000000,18.5700000000,25469051,473540059.0100,2,11.717400,1,0.700100,22.573786,1.965149,1.535721,-25.778487,0
2025-06-24,sz.300505,18.6000000000,19.2500000000,18.3900000000,19.1400000000,18.7000000000,32339634,610497121.4200,2,14.878300,1,2.352900,23.104934,2.011388,1.571856,-26.385040,0
2025-06-25,sz.300505,19.0300000000,19.1000000000,18.7000000000,18.9700000000,19.1400000000,24696647,465864906.7400,2,11.362000,1,-0.888200,22.899717,1.993523,1.557895,-26.150690,0
2025-06-26,sz.300505,18.9000000000,18.9400000000,18.3900000000,18.6500000000,18.9700000000,20673848,384486876.3800,2,9.511300,1,-1.686900,22.513428,1.959895,1.531615,-25.709560,0
2025-06-27,sz.300505,18.5500000000,18.8600000000,18.5500000000,18.7000000000,18.6500000000,17897400,334663258.2500,2,8.233900,1,0.268100,22.573786,1.965149,1.535721,-25.778487,0
2025-06-30,sz.300505,18.6900000000,18.7000000000,18.4500000000,18.7000000000,18.7000000000,14430600,268196522.6000,2,6.639000,1,0.000000,22.573786,1.965149,1.535721,-25.778487,0
2025-07-01,sz.300505,18.7300000000,19.2400000000,18.7300000000,19.0300000000,18.7000000000,24787570,471148551.5800,2,11.403900,1,1.764700,22.972147,1.999828,1.562822,-26.233401,0
2025-07-02,sz.300505,18.9400000000,18.9500000000,18.3100000000,18.4600000000,19.0300000000,17502712,324803680.5400,2,8.052400,1,-2.995300,22.284069,1.939928,1.516011,-25.447640,0
2025-07-03,sz.300505,18.4600000000,18.6200000000,18.3200000000,18.5300000000,18.4600000000,9547980,176317538.1000,2,4.392700,1,0.379200,22.368569,1.947284,1.521760,-25.544137,0
2025-07-04,sz.300505,18.4600000000,18.5000000000,18.0400000000,18.0500000000,18.5300000000,14286995,259791125.9000,2,6.572900,1,-2.590400,21.789135,1.896842,1.482340,-24.882443,0
2025-07-07,sz.300505,18.0300000000,18.2300000000,18.0000000000,18.1900000000,18.0500000000,6664730,120911174.4000,2,3.066200,1,0.775600,21.958137,1.911554,1.493838,-25.075437,0
2025-07-08,sz.300505,20.0200000000,21.8300000000,20.0200000000,20.6200000000,18.1900000000,86899542,1826704236.3900,2,39.979300,1,13.359000,24.891522,2.166918,1.693399,-28.425262,0
2025-07-09,sz.300505,20.3100000000,20.6600000000,19.6800000000,19.8500000000,20.6200000000,57920365,1161881298.5300,2,26.647100,1,-3.734200,23.962013,2.086001,1.630164,-27.363795,0
2025-07-10,sz.300505,19.9900000000,20.0700000000,19.5700000000,19.9500000000,19.8500000000,36303487,718809458.1600,2,16.701900,1,0.503800,24.082729,2.096509,1.638376,-27.501648,0
2025-07-11,sz.300505,19.8900000000,20.1400000000,19.7100000000,19.9800000000,19.9500000000,28475505,566990265.0500,2,13.100500,1,0.150400,24.118943,2.099662,1.640840,-27.543004,0
2025-07-14,sz.300505,19.8100000000,20.0000000000,19.6700000000,19.9100000000,19.9800000000,18998953,376585597.6400,2,8.740700,1,-0.350400,24.034442,2.092306,1.635091,-27.446507,0
2025-07-15,sz.300505,19.8200000000,20.0500000000,19.4000000000,19.4500000000,19.9100000000,20513200,403163941.0000,2,9.437400,1,-2.310400,23.479151,2.043965,1.597314,-26.812383,0
2025-07-16,sz.300505,19.4400000000,19.7000000000,19.3800000000,19.4600000000,19.4500000000,13638720,265766222.4000,2,6.274700,1,0.051400,23.491223,2.045016,1.598135,-26.826169,0
2025-07-17,sz.300505,19.4600000000,19.5800000000,19.3400000000,19.5400000000,19.4600000000,12962306,252196145.3400,2,5.963500,1,0.411100,23.587795,2.053423,1.604705,-26.936451,0
2025-07-18,sz.300505,19.5800000000,20.1000000000,19.4700000000,19.9300000000,19.5400000000,28832620,571861661.2700,2,13.264800,1,1.995900,24.058585,2.094408,1.636734,-27.474077,0
2025-07-21,sz.300505,19.8900000000,20.0700000000,19.7500000000,19.9700000000,19.9300000000,20700640,412033769.7000,2,9.523600,1,0.200700,24.106872,2.098611,1.640019,-27.529218,0
2025-07-22,sz.300505,19.9000000000,20.3600000000,19.7000000000,20.3300000000,19.9700000000,25817121,516369737.9900,2,11.877500,1,1.802700,24.541447,2.136443,1.669583,-28.025489,0
2025-07-23,sz.300505,20.4100000000,20.8400000000,19.7900000000,19.8000000000,20.3300000000,28166939,571271776.3300,2,12.958600,1,-2.607000,23.901655,2.080746,1.626058,-27.294868,0
2025-07-24,sz.300505,19.7500000000,20.0800000000,19.5700000000,19.9800000000,19.8000000000,20906728,413974931.3200,2,9.618400,1,0.909100,24.118943,2.099662,1.640840,-27.543004,0
2025-07-25,sz.300505,19.9300000000,20.4500000000,19.6700000000,19.6900000000,19.9800000000,19038657,380707511.7400,2,8.759000,1,-1.451500,23.768868,2.069186,1.617024,-27.143230,0
2025-07-28,sz.300505,19.7000000000,20.0500000000,19.5300000000,20.0400000000,19.6900000000,14087944,279547304.2800,2,6.481400,1,1.777600,24.191372,2.105967,1.645767,-27.625715,0
2025-07-29,sz.300505,20.1200000000,20.8400000000,19.6500000000,20.7100000000,20.0400000000,33962554,689564284.9900,2,15.624900,1,3.343300,25.000166,2.176376,1.700791,-28.549330,0
2025-07-30,sz.300505,20.7000000000,21.0900000000,20.4800000000,20.7700000000,20.7100000000,28413048,591873705.4300,2,13.071800,1,0.289700,25.072595,2.182682,1.705718,-28.632041,0
2025-07-31,sz.300505,20.5300000000,21.0700000000,20.3500000000,20.7900000000,20.7700000000,24486652,509103949.8400,2,11.265400,1,0.096300,25.096738,2.184783,1.707361,-28.659612,0
2025-08-01,sz.300505,21.0700000000,22.6600000000,20.9000000000,21.6000000000,20.7900000000,44154412,971665417.6100,2,20.313800,1,3.896100,26.074533,2.269905,1.773881,-29.776220,0
2025-08-04,sz.300505,21.2100000000,22.0600000000,21.1700000000,21.8800000000,21.6000000000,29042196,629261435.1100,2,13.361300,1,1.296300,26.412536,2.299330,1.796876,-30.162208,0
2025-08-05,sz.300505,22.2900000000,22.3000000000,21.5000000000,21.7200000000,21.8800000000,24647657,536421313.8000,2,11.339500,1,-0.731300,26.219392,2.282515,1.783736,-29.941644,0
2025-08-06,sz.300505,21.9000000000,22.0400000000,21.5000000000,21.6500000000,21.7200000000,18951669,410215558.7600,2,8.719000,1,-0.322300,26.134891,2.275159,1.777987,-29.845147,0
2025-08-07,sz.300505,21.6500000000,21.6500000000,21.1500000000,21.4100000000,21.6500000000,18836126,402235816.7400,2,8.665800,1,-1.108500,25.845174,2.249938,1.758278,-29.514300,0
2025-08-08,sz.300505,21.3600000000,21.6300000000,21.3000000000,21.4200000000,21.4100000000,13566962,291238774.4200,2,6.241700,1,0.046700,25.857245,2.250989,1.759099,-29.528085,0
2025-08-11,sz.300505,21.6900000000,22.0400000000,21.4400000000,22.0300000000,21.4200000000,20793172,453243968.7500,2,9.566200,1,2.847800,26.593609,2.315093,1.809194,-30.368987,0
2025-08-12,sz.300505,21.9200000000,22.0700000000,21.6500000000,21.7300000000,22.0300000000,14821884,322986730.2200,2,6.819000,1,-1.361800,26.231463,2.283566,1.784557,-29.955429,0
2025-08-13,sz.300505,21.8200000000,21.9600000000,21.3800000000,21.4500000000,21.7300000000,15023737,323052296.3400,2,6.911900,1,-1.288500,25.893460,2.254142,1.761562,-29.569441,0
2025-08-14,sz.300505,21.6700000000,22.4800000000,21.1600000000,22.4700000000,21.4500000000,30830733,671469667.6800,2,14.184100,1,4.755200,27.124757,2.361332,1.845329,-30.975540,0
2025-08-15,sz.300505,22.0000000000,22.4000000000,21.7000000000,22.0800000000,22.4700000000,27722067,608683108.1100,2,12.753900,1,-1.735600,21.150216,2.298669,1.691462,-19.507117,0
2025-08-18,sz.300505,22.0800000000,22.3300000000,21.9000000000,22.0900000000,22.0800000000,20019364,441639942.5400,2,9.210200,1,0.045300,21.159795,2.299710,1.692228,-19.515952,0
2025-08-19,sz.300505,22.2200000000,22.3900000000,21.6500000000,21.6700000000,22.0900000000,18024084,394771662.7500,2,8.292200,1,-1.901300,20.757481,2.255985,1.660054,-19.144893,0
2025-08-20,sz.300505,21.5800000000,22.0300000000,21.4300000000,21.8500000000,21.6700000000,12581065,273973571.0100,2,5.788100,1,0.830600,20.929901,2.274724,1.673843,-19.303918,0
2025-08-21,sz.300505,21.8500000000,22.4200000000,21.6000000000,21.7300000000,21.8500000000,20951352,459628914.4600,2,9.639000,1,-0.549200,20.814955,2.262232,1.664650,-19.197901,0
2025-08-22,sz.300505,21.6000000000,21.7300000000,21.1600000000,21.3400000000,21.7300000000,19153103,409171536.0400,2,8.811600,1,-1.794800,20.441377,2.221630,1.634774,-18.853346,0
2025-08-25,sz.300505,21.5700000000,21.7700000000,21.3400000000,21.5000000000,21.3400000000,16471031,354768305.6400,2,7.577700,1,0.749800,20.594640,2.238287,1.647031,-18.994702,0
2025-08-26,sz.300505,21.4900000000,21.9800000000,21.2600000000,21.3900000000,21.5000000000,22526271,486445310.6000,2,10.363500,1,-0.511600,20.489272,2.226835,1.638604,-18.897520,0
2025-08-27,sz.300505,21.4100000000,21.4600000000,20.6300000000,20.6800000000,21.3900000000,19490493,412063233.6900,2,8.966900,1,-3.319300,19.809170,2.152920,1.584214,-18.270253,0
2025-08-28,sz.300505,20.6800000000,20.9800000000,19.9900000000,20.6500000000,20.6800000000,16947946,346831619.2000,2,7.797100,1,-0.145100,19.780433,2.149797,1.581916,-18.243749,0
2025-08-29,sz.300505,20.6400000000,20.8700000000,20.4100000000,20.5900000000,20.6500000000,11267315,232663472.9000,2,5.183700,1,-0.290600,19.722960,2.143550,1.577319,-18.190740,0
2025-09-01,sz.300505,20.5900000000,21.0900000000,20.4900000000,20.9500000000,20.5900000000,13222708,276263385.3500,2,6.083300,1,1.748400,20.067800,2.181029,1.604897,-18.508791,0
2025-09-02,sz.300505,20.9500000000,20.9700000000,20.1000000000,20.2600000000,20.9500000000,11680622,238144103.7700,2,5.373800,1,-3.293600,19.406856,2.109195,1.552039,-17.899194,0
2025-09-03,sz.300505,20.4400000000,20.4400000000,19.5800000000,19.6800000000,20.2600000000,9208117,183673482.1000,2,4.236300,1,-2.862800,18.851280,2.048813,1.507608,-17.386779,0
2025-09-04,sz.300505,19.7000000000,19.9600000000,19.3200000000,19.6800000000,19.6800000000,9265913,182561740.6800,2,4.262900,1,0.000000,18.851280,2.048813,1.507608,-17.386779,0
2025-09-05,sz.300505,19.7400000000,20.0800000000,19.6100000000,20.0300000000,19.6800000000,9075391,181208834.7400,2,4.175300,1,1.778500,19.186541,2.085251,1.534420,-17.695995,0
2025-09-08,sz.300505,20.0100000000,20.6700000000,19.8800000000,20.6300000000,20.0300000000,12087683,246868262.8300,2,5.561100,1,2.995500,19.761275,2.147715,1.580383,-18.226079,0
2025-09-09,sz.300505,20.5700000000,21.0800000000,20.4100000000,20.5200000000,20.6300000000,13791195,285884733.8000,2,6.344800,1,-0.533200,19.655907,2.136263,1.571957,-18.128897,0
2025-09-10,sz.300505,20.5300000000,20.6300000000,20.0600000000,20.3100000000,20.5200000000,9430160,191339980.5000,2,4.338500,1,-1.023400,19.454750,2.114400,1.555869,-17.943368,0
2025-09-11,sz.300505,20.2700000000,20.5000000000,20.1000000000,20.5000000000,20.3100000000,8165068,165793323.4100,2,3.756500,1,0.935500,19.636750,2.134181,1.570425,-18.111228,0
2025-09-12,sz.300505,20.5000000000,20.7100000000,20.2200000000,20.3500000000,20.5000000000,10140330,206830340.9100,2,4.665200,1,-0.731700,19.493066,2.118565,1.558934,-17.978707,0
2025-09-15,sz.300505,20.3500000000,20.4800000000,20.1200000000,20.1800000000,20.3500000000,7137545,144537381.4900,2,3.283700,1,-0.835400,19.330225,2.100867,1.545911,-17.828516,0
2025-09-16,sz.300505,20.1700000000,20.3000000000,19.6600000000,20.0000000000,20.1800000000,9087208,180859201.0900,2,4.180700,1,-0.892000,19.157804,2.082127,1.532122,-17.669490,0
2025-09-17,sz.300505,20.0000000000,20.0400000000,19.8200000000,19.8700000000,20.0000000000,7491150,149217769.1800,2,3.446400,1,-0.650000,19.033279,2.068594,1.522163,-17.554639,0
2025-09-18,sz.300505,19.8900000000,20.0100000000,19.5200000000,19.6100000000,19.8700000000,12163768,239934606.8500,2,5.596100,1,-1.308500,18.784227,2.041526,1.502245,-17.324935,0
2025-09-19,sz.300505,19.6200000000,19.7600000000,19.4000000000,19.5400000000,19.6100000000,6672417,130679625.2700,2,3.069700,1,-0.357000,18.717175,2.034239,1.496883,-17.263092,0
2025-09-22,sz.300505,19.6400000000,19.6400000000,19.1700000000,19.3600000000,19.5400000000,6134950,118516553.5000,2,2.822500,1,-0.921200,18.544755,2.015499,1.483094,-17.104067,0
2025-09-23,sz.300505,19.3600000000,19.4000000000,18.7400000000,19.1600000000,19.3600000000,8702653,165451031.1400,2,4.003800,1,-1.033100,18.353177,1.994678,1.467772,-16.927372,0
2025-09-24,sz.300505,19.0600000000,19.5100000000,19.0600000000,19.4600000000,19.1600000000,6987087,135139193.2600,2,3.214500,1,1.565800,18.640544,2.025910,1.490754,-17.192414,0
2025-09-25,sz.300505,19.4600000000,20.2100000000,19.3600000000,19.5400000000,19.4600000000,14377098,285037275.7500,2,6.614400,1,0.411100,18.717175,2.034239,1.496883,-17.263092,0
2025-09-26,sz.300505,19.5500000000,20.2100000000,19.4300000000,20.1100000000,19.5400000000,18593775,372079984.2500,2,8.554300,1,2.917100,19.263172,2.093579,1.540548,-17.766673,0
2025-09-29,sz.300505,19.9800000000,20.5600000000,19.8600000000,20.5100000000,20.1100000000,17265846,348960462.2500,2,7.943400,1,1.989100,19.646328,2.135222,1.571191,-18.120062,0
2025-09-30,sz.300505,20.4000000000,21.2300000000,20.3000000000,21.1300000000,20.5100000000,23843209,496492902.1600,2,10.969400,1,3.022900,20.240220,2.199768,1.618686,-18.667817,0
2025-10-09,sz.300505,21.1100000000,21.6500000000,20.9100000000,21.5900000000,21.1300000000,21192667,451796831.1900,2,9.750000,1,2.177000,20.680850,2.247657,1.653925,-19.074215,0
2025-10-10,sz.300505,21.4700000000,21.7700000000,21.3100000000,21.5000000000,21.5900000000,17337224,373234402.7100,2,7.976200,1,-0.416900,20.594640,2.238287,1.647031,-18.994702,0
2025-10-13,sz.300505,21.3500000000,22.0000000000,21.0000000000,21.8800000000,21.5000000000,33323023,720313483.9100,2,15.330700,1,1.767400,20.958638,2.277847,1.676141,-19.330423,0
2025-10-14,sz.300505,21.8800000000,22.3500000000,21.5400000000,21.6300000000,21.8800000000,28999355,637752186.1500,2,13.341500,1,-1.142600,20.719166,2.251821,1.656989,-19.109554,0
2025-10-15,sz.300505,21.6400000000,23.4000000000,21.5500000000,22.3300000000,21.6300000000,36915810,834600560.2100,2,16.983600,1,3.236200,21.389689,2.324695,1.710614,-19.727986,0
2025-10-16,sz.300505,22.0200000000,22.1600000000,21.7300000000,21.8500000000,22.3300000000,23557035,516050688.5300,2,10.837700,1,-2.149600,20.929901,2.274724,1.673843,-19.303918,0
2025-10-17,sz.300505,21.7500000000,22.3500000000,21.3900000000,21.4400000000,21.8500000000,14694835,319359017.8600,2,6.760600,1,-1.876400,20.537166,2.232041,1.642434,-18.941694,0
2025-10-20,sz.300505,21.6500000000,22.4500000000,21.4400000000,22.1500000000,21.4400000000,28852800,632410608.9000,2,13.274100,1,3.311600,21.217268,2.305956,1.696825,-19.568961,0
2025-10-21,sz.300505,21.4400000000,21.6600000000,21.0100000000,21.5400000000,22.1500000000,27342049,586066870.4300,2,12.579100,1,-2.754000,16.000815,2.141126,1.552317,62.113002,0
2025-10-22,sz.300505,21.4800000000,21.4800000000,20.8200000000,20.9500000000,21.5400000000,16572679,348827847.3900,2,7.624500,1,-2.739100,15.562538,2.082479,1.509797,60.411671,0
2025-10-23,sz.300505,20.9800000000,21.1900000000,20.4500000000,21.1000000000,20.9500000000,14160631,295215732.4300,2,6.514800,1,0.716000,15.673964,2.097389,1.520607,60.844213,0
2025-10-24,sz.300505,21.0900000000,21.2900000000,20.6500000000,20.7600000000,21.1000000000,14041490,293010242.1800,2,6.460000,1,-1.611400,15.421398,2.063593,1.496104,59.863785,0
2025-10-27,sz.300505,20.8100000000,21.5300000000,20.8100000000,21.2500000000,20.7600000000,16872123,357919747.4500,2,7.762300,1,2.360300,15.785391,2.112300,1.531417,61.276754,0
2025-10-28,sz.300505,21.2000000000,21.5800000000,21.0800000000,21.3600000000,21.2500000000,12382296,264474030.2000,2,5.696600,1,0.517600,15.867103,2.123234,1.539344,61.593952,0
2025-10-29,sz.300505,21.3300000000,21.8400000000,21.2700000000,21.7300000000,21.3600000000,16924664,365260768.5600,2,7.786400,1,1.732200,16.141955,2.160013,1.566009,62.660888,0
2025-10-30,sz.300505,21.6300000000,21.8200000000,21.2100000000,21.5100000000,21.7300000000,13862822,298352884.5200,2,6.377800,1,-1.012400,15.978529,2.138144,1.550155,62.026494,0
2025-10-31,sz.300505,21.5000000000,22.1400000000,21.4600000000,21.7800000000,21.5100000000,18287747,400006140.6600,2,8.413500,1,1.255200,16.179097,2.164983,1.569613,62.805069,0
2025-11-03,sz.300505,21.7300000000,21.9600000000,21.3300000000,21.6800000000,21.7800000000,11966322,257802939.0600,2,5.505300,1,-0.459100,16.104813,2.155043,1.562406,62.516708,0
2025-11-04,sz.300505,21.5500000000,21.7300000000,20.9500000000,21.1100000000,21.6800000000,10962427,232936517.1900,2,5.043400,1,-2.629200,15.681393,2.098383,1.521328,60.873049,0
2025-11-05,sz.300505,21.0700000000,22.7500000000,20.8500000000,22.5500000000,21.1100000000,36736664,810233043.1400,2,16.901200,1,6.821400,16.751085,2.241523,1.625104,65.025450,0
2025-11-06,sz.300505,22.2700000000,24.6000000000,22.2700000000,23.9100000000,22.5500000000,58522193,1389942743.4800,2,26.923900,1,6.031000,17.761350,2.376710,1.723115,68.947162,0
2025-11-07,sz.300505,23.7200000000,24.9100000000,23.6000000000,24.2200000000,23.9100000000,53415949,1298967832.0600,2,24.574700,1,1.296500,17.991631,2.407525,1.745455,69.841082,0
2025-11-10,sz.300505,24.4500000000,25.9200000000,24.0600000000,24.6500000000,24.2200000000,51459908,1284496315.0900,2,23.674800,1,1.775400,18.311053,2.450268,1.776444,71.081035,0
2025-11-11,sz.300505,24.4900000000,25.8200000000,24.4100000000,25.3500000000,24.6500000000,45634095,1146766644.3700,2,20.994600,1,2.839800,18.831042,2.519849,1.826891,73.099564,0
2025-11-12,sz.300505,25.0000000000,25.1800000000,24.0000000000,24.6000000000,25.3500000000,31019315,758976954.7800,2,14.270900,1,-2.958600,18.273911,2.445298,1.772841,70.936855,0
2025-11-13,sz.300505,24.5100000000,25.8500000000,24.5100000000,25.4100000000,24.6000000000,35940469,910295615.8400,2,16.534900,1,3.292700,18.875613,2.525814,1.831215,73.272580,0
2025-11-14,sz.300505,25.0000000000,25.4100000000,24.6500000000,24.7200000000,25.4100000000,22798101,567397630.2000,2,10.488600,1,-2.715500,18.363052,2.457226,1.781489,71.282888,0
2025-11-17,sz.300505,24.6100000000,25.3300000000,24.2200000000,24.4300000000,24.7200000000,19240920,472582484.2000,2,8.852000,1,-1.173100,18.147628,2.428399,1.760589,70.446641,0
2025-11-18,sz.300505,24.2000000000,24.5800000000,23.1500000000,23.4600000000,24.4300000000,21115487,498563712.9400,2,9.714500,1,-3.970500,17.427071,2.331979,1.690685,67.649537,0
2025-11-19,sz.300505,23.3800000000,23.8200000000,22.7900000000,22.9800000000,23.4600000000,14079690,326130666.0000,2,6.477600,1,-2.046000,17.070507,2.284266,1.656093,66.265403,0
2025-11-20,sz.300505,22.9800000000,24.4600000000,22.9000000000,23.5300000000,22.9800000000,27972324,666327820.4300,2,12.869000,1,2.393400,17.479070,2.338937,1.695729,67.851390,0
2025-11-21,sz.300505,23.2100000000,23.4500000000,21.5300000000,21.5700000000,23.5300000000,24663373,545236251.7100,2,11.346700,1,-8.329800,16.023100,2.144109,1.554479,62.199510,0
2025-11-24,sz.300505,21.9200000000,21.9800000000,20.6200000000,21.0500000000,21.5700000000,18029723,381233770.4500,2,8.294800,1,-2.410800,15.636822,2.092419,1.517004,60.700032,0
2025-11-25,sz.300505,21.2700000000,21.7800000000,20.9600000000,21.5500000000,21.0500000000,14424659,308070594.6400,2,6.636300,1,2.375300,16.008243,2.142120,1.553037,62.141838,0
2025-11-26,sz.300505,21.5500000000,21.8600000000,21.1700000000,21.2200000000,21.5500000000,13573853,291284189.1600,2,6.244800,1,-1.531300,15.763105,2.109318,1.529255,61.190246,0
2025-11-27,sz.300505,21.2200000000,22.5600000000,21.1100000000,22.1100000000,21.2200000000,24110555,532963899.3000,2,11.092400,1,4.194200,16.424235,2.197786,1.593395,63.756661,0
2025-11-28,sz.300505,22.2600000000,25.3900000000,22.2500000000,23.9900000000,22.1100000000,47411582,1145676515.9300,2,21.812300,1,8.502900,17.820777,2.384662,1.728880,69.177851,0
2025-12-01,sz.300505,24.3300000000,24.4900000000,23.3200000000,23.4400000000,23.9900000000,25559760,605973954.0300,2,11.759100,1,-2.292600,17.412214,2.329991,1.689243,67.591865,0
2025-12-02,sz.300505,23.3300000000,23.4400000000,22.9300000000,23.2200000000,23.4400000000,13590715,315173165.9300,2,6.252600,1,-0.938600,17.248789,2.308122,1.673389,66.957470,0
2025-12-03,sz.300505,23.3900000000,23.8400000000,22.8800000000,22.9900000000,23.2200000000,15783804,367291954.8000,2,7.261600,1,-0.990500,17.077935,2.285260,1.656813,66.294239,0
2025-12-04,sz.300505,22.7900000000,23.2600000000,22.4200000000,22.4700000000,22.9900000000,11355475,257089708.5000,2,5.224200,1,-2.261900,16.691658,2.233571,1.619339,64.794761,0
2025-12-05,sz.300505,22.4700000000,22.9100000000,22.2100000000,22.7000000000,22.4700000000,11065758,250399146.7200,2,5.091000,1,1.023600,16.862511,2.256433,1.635914,65.457992,0
2025-12-08,sz.300505,22.7000000000,22.7500000000,22.1500000000,22.4100000000,22.7000000000,12691703,283591283.4200,2,5.839000,1,-1.277500,16.647087,2.227606,1.615015,64.621744,0
2025-12-09,sz.300505,22.2100000000,22.8900000000,21.9300000000,22.3000000000,22.4100000000,14990261,335243425.6700,2,6.896500,1,-0.490900,16.565375,2.216672,1.607087,64.304547,0
2025-12-10,sz.300505,22.2400000000,22.4500000000,22.0200000000,22.1200000000,22.3000000000,11975193,265947342.6500,2,5.509400,1,-0.807200,16.431663,2.198780,1.594115,63.785497,0
2025-12-11,sz.300505,22.2000000000,22.5600000000,21.6700000000,21.7000000000,22.1200000000,12619828,278468961.7900,2,5.805900,1,-1.898700,16.119669,2.157031,1.563847,62.574380,0
2025-12-12,sz.300505,21.7300000000,21.9300000000,21.4100000000,21.6200000000,21.7000000000,12052248,261194040.0600,2,5.544800,1,-0.368700,16.060242,2.149079,1.558082,62.343691,0
2025-12-15,sz.300505,21.4000000000,21.8300000000,21.3600000000,21.5800000000,21.6200000000,9251833,199807195.1400,2,4.256400,1,-0.185000,16.030528,2.145103,1.555199,62.228346,0
2025-12-16,sz.300505,21.5100000000,21.5200000000,20.7100000000,20.8000000000,21.5800000000,12890654,270047473.1800,2,5.930500,1,-3.614500,15.451112,2.067569,1.498987,59.979129,0
2025-12-17,sz.300505,20.8400000000,21.7700000000,20.7600000000,21.7600000000,20.8000000000,15336090,326981327.6000,2,7.055600,1,4.615400,16.164240,2.162995,1.568171,62.747397,0
2025-12-18,sz.300505,21.4800000000,22.2700000000,21.3700000000,21.6700000000,21.7600000000,13710800,299947796.0000,2,6.307800,1,-0.413600,16.097384,2.154049,1.561685,62.487871,0
2025-12-19,sz.300505,21.6800000000,22.2400000000,21.5300000000,22.1700000000,21.6700000000,11452204,251373389.1100,2,5.268700,1,2.307300,16.468805,2.203750,1.597719,63.929677,0
2025-12-22,sz.300505,22.2000000000,22.6600000000,22.1000000000,22.1300000000,22.1700000000,10515585,233914688.2700,2,4.837800,1,-0.180400,16.439091,2.199774,1.594836,63.814333,0
2025-12-23,sz.300505,22.1000000000,22.9800000000,22.0100000000,22.5800000000,22.1300000000,16170600,364854214.0700,2,7.439500,1,2.033400,16.773370,2.244505,1.627266,65.111958,0
2025-12-24,sz.300505,22.5800000000,22.5800000000,22.2700000000,22.3200000000,22.5800000000,13389969,299500005.4300,2,6.160200,1,-1.151500,16.580231,2.218660,1.608529,64.362219,0
2025-12-25,sz.300505,22.2700000000,22.7200000000,21.9600000000,22.6200000000,22.3200000000,14733314,330606584.2100,2,6.778300,1,1.344100,16.803084,2.248481,1.630149,65.227303,0
2025-12-26,sz.300505,22.6200000000,23.2500000000,22.5100000000,22.9800000000,22.6200000000,19805041,453963152.6700,2,9.111600,1,1.591500,17.070507,2.284266,1.656093,66.265403,0
2025-12-29,sz.300505,23.0000000000,23.0500000000,22.4600000000,22.6000000000,22.9800000000,11398880,258320902.4400,2,5.244200,1,-1.653600,16.788227,2.246493,1.628707,65.169631,0
2025-12-30,sz.300505,22.4700000000,23.1000000000,22.2300000000,22.8300000000,22.6000000000,12202874,277651063.5400,2,5.614100,1,1.017700,16.959081,2.269355,1.645283,65.832861,0
2025-12-31,sz.300505,22.7700000000,22.8500000000,22.3100000000,22.3900000000,22.8300000000,10407671,233767993.8300,2,4.788200,1,-1.927300,16.632230,2.225618,1.613573,64.564072,0
2026-01-05,sz.300505,22.5500000000,23.1200000000,22.5500000000,22.9400000000,22.3900000000,15132078,345736993.2300,2,6.961700,1,2.456500,17.040793,2.280290,1.653210,66.150059,0
2026-01-06,sz.300505,22.9800000000,24.0900000000,22.9300000000,23.9100000000,22.9400000000,25298113,598805420.4700,2,11.638700,1,4.228400,17.761350,2.376710,1.723115,68.947162,0
2026-01-07,sz.300505,23.6800000000,24.0900000000,23.4100000000,23.6900000000,23.9100000000,18243260,431336760.9400,2,8.393100,1,-0.920100,17.597925,2.354842,1.707260,68.312768,0
2026-01-08,sz.300505,25.5000000000,28.2800000000,25.0600000000,26.1000000000,23.6900000000,76108826,2026368745.7900,2,35.014900,1,10.173100,19.388174,2.594401,1.880941,75.262272,0
2026-01-09,sz.300505,25.8200000000,26.0600000000,25.2700000000,25.3500000000,26.1000000000,43519615,1112260515.4700,2,20.021800,1,-2.873600,18.831042,2.519849,1.826891,73.099564,0
2026-01-12,sz.300505,25.5600000000,25.9400000000,25.2100000000,25.6900000000,25.3500000000,34596107,886468618.7900,2,15.916400,1,1.341200,19.083609,2.553646,1.851393,74.079992,0
2026-01-13,sz.300505,25.6800000000,27.3900000000,25.6000000000,25.9700000000,25.6900000000,43922538,1162865593.2900,2,20.207200,1,1.089900,19.291604,2.581479,1.871572,74.887403,0
2026-01-14,sz.300505,25.9900000000,26.9500000000,25.9800000000,26.5200000000,25.9700000000,38761922,1025784977.4100,2,17.833000,1,2.117800,19.700167,2.636150,1.911209,76.473390,0
2026-01-15,sz.300505,26.5200000000,29.9200000000,26.2600000000,27.8200000000,26.5200000000,55031459,1549156923.2500,2,25.318000,1,4.902000,20.665862,2.765373,2.004895,80.222085,0
2026-01-16,sz.300505,28.1900000000,28.2800000000,26.8000000000,26.8500000000,27.8200000000,37286354,1016914191.1200,2,17.154100,1,-3.486700,19.945305,2.668953,1.934991,77.424981,0
2026-01-19,sz.300505,26.9000000000,27.9200000000,26.9000000000,27.5800000000,26.8500000000,28682580,788488420.9800,2,13.195800,1,2.718800,20.487580,2.741517,1.987599,79.530018,0
2026-01-20,sz.300505,27.3500000000,29.3500000000,27.3500000000,28.8900000000,27.5800000000,48880310,1391369493.2100,2,22.488100,1,4.749800,21.460703,2.871734,2.082007,83.307550,0
2026-01-21,sz.300505,28.2700000000,29.4200000000,27.8800000000,28.9700000000,28.8900000000,41983923,1204761392.0300,2,19.315300,1,0.276900,21.520130,2.879686,2.087772,83.538239,0
2026-01-22,sz.300505,28.6900000000,30.3500000000,28.5900000000,29.0800000000,28.9700000000,42003922,1233838335.4500,2,19.324500,1,0.379700,21.601843,2.890620,2.095699,83.855436,0
2026-01-23,sz.300505,29.1000000000,29.3800000000,28.5000000000,28.7600000000,29.0800000000,33579976,966541773.2000,2,15.448900,1,-1.100400,21.364133,2.858811,2.072638,82.932680,0
2026-01-26,sz.300505,28.7700000000,30.2000000000,28.6100000000,29.0300000000,28.7600000000,37094513,1091070435.5500,2,17.065800,1,0.938800,21.564701,2.885650,2.092096,83.711256,0
2026-01-27,sz.300505,28.6600000000,29.4800000000,28.2600000000,28.8700000000,29.0300000000,27606194,794021779.8700,2,12.700600,1,-0.551200,21.445846,2.869746,2.080565,83.249878,0
2026-01-28,sz.300505,28.5700000000,30.1500000000,28.5700000000,30.1000000000,28.8700000000,39584421,1167108724.1000,2,18.211400,1,4.260500,22.359541,2.992011,2.169207,86.796720,0
2026-01-29,sz.300505,29.5800000000,29.9700000000,28.7700000000,28.8700000000,30.1000000000,31740929,925791940.3300,2,14.602800,1,-4.086400,21.445846,2.869746,2.080565,83.249878,0
2026-01-30,sz.300505,28.5700000000,29.0000000000,27.2700000000,28.7000000000,28.8700000000,29320965,824137549.6100,2,13.489500,1,-0.588800,21.319563,2.852847,2.068314,82.759664,0
2026-02-02,sz.300505,28.2100000000,28.4100000000,27.3000000000,27.3300000000,28.7000000000,18328451,508831746.1800,2,8.432300,1,-4.773500,20.301869,2.716666,1.969583,78.809115,0
2026-02-03,sz.300505,27.6400000000,28.1000000000,27.1900000000,28.0500000000,27.3300000000,14314358,397712543.0900,2,6.585500,1,2.634500,20.836716,2.788236,2.021471,80.885316,0
2026-02-04,sz.300505,28.0200000000,28.8700000000,27.8700000000,28.5600000000,28.0500000000,15201552,432577230.2600,2,6.993700,1,1.818200,21.215565,2.838931,2.058225,82.355958,0
2026-02-05,sz.300505,28.4100000000,28.5900000000,27.1900000000,27.3200000000,28.5600000000,13287437,367133167.4800,2,6.113100,1,-4.341700,20.294441,2.715672,1.968862,78.780279,0
2026-02-06,sz.300505,27.0000000000,28.3100000000,26.9000000000,27.7800000000,27.3200000000,14339337,400288542.1900,2,6.597000,1,1.683700,20.636148,2.761397,2.002013,80.106741,0
2026-02-09,sz.300505,27.8700000000,28.2200000000,27.3500000000,27.6100000000,27.7800000000,15690152,433900205.0700,2,7.218500,1,-0.612000,20.509865,2.744499,1.989761,79.616527,0
2026-02-10,sz.300505,27.5000000000,27.7100000000,27.1700000000,27.3700000000,27.6100000000,8229099,225696842.3700,2,3.785900,1,-0.869300,20.331583,2.720642,1.972465,78.924460,0
2026-02-11,sz.300505,27.3800000000,27.9800000000,27.2700000000,27.2800000000,27.3700000000,12586631,347703851.7000,2,5.790700,1,-0.328800,20.264727,2.711696,1.965979,78.664935,0
2026-02-12,sz.300505,27.2800000000,28.2800000000,27.1100000000,28.0100000000,27.2800000000,15895328,442010608.2600,2,7.312900,1,2.676000,20.807002,2.784260,2.018588,80.769971,0
2026-02-13,sz.300505,27.7600000000,27.8300000000,27.2600000000,27.3600000000,28.0100000000,10244890,282232266.7000,2,4.713300,1,-2.320600,20.324155,2.719648,1.971745,78.895624,0
2026-02-24,sz.300505,28.0100000000,31.7000000000,28.0000000000,31.0800000000,27.3600000000,53461098,1607567390.2300,2,24.595500,1,13.596500,23.087526,3.089425,2.239833,89.622660,0
2026-02-25,sz.300505,32.0100000000,37.3000000000,32.0100000000,37.3000000000,31.0800000000,92718068,3246657926.3700,2,42.656200,1,20.012900,27.708003,3.707707,2.688088,107.558727,0
2026-02-26,sz.300505,36.6000000000,39.9900000000,35.8400000000,36.5700000000,37.3000000000,102153582,3816571502.4400,2,46.997200,1,-1.957100,27.165729,3.635144,2.635479,105.453690,0
2026-02-27,sz.300505,36.0100000000,38.4000000000,35.9900000000,36.7700000000,36.5700000000,60107196,2219283412.4100,2,27.653100,1,0.546900,27.314297,3.655024,2.649892,106.030412,0
2026-03-02,sz.300505,37.2800000000,37.7000000000,34.2200000000,34.8100000000,36.7700000000,55520535,1942395559.1300,2,25.543000,1,-5.330400,25.858327,3.460196,2.508641,100.378533,0
2026-03-03,sz.300505,34.4500000000,35.3500000000,32.3600000000,32.5000000000,34.8100000000,44702966,1495519692.8700,2,20.566200,1,-6.636000,24.142362,3.230576,2.342167,93.717389,0
2026-03-04,sz.300505,31.9200000000,36.8800000000,31.9200000000,34.2200000000,32.5000000000,61822515,2142476342.1900,2,28.442300,1,5.292300,25.420050,3.401548,2.466122,98.677202,0
2026-03-05,sz.300505,34.8900000000,35.0000000000,33.2100000000,33.5500000000,34.2200000000,38092064,1278909544.4400,2,17.524800,1,-1.957900,24.922346,3.334949,2.417837,96.745182,0
2026-03-06,sz.300505,33.2000000000,36.8300000000,33.1900000000,36.1200000000,33.5500000000,69405019,2471836722.4300,2,31.930700,1,7.660200,26.831450,3.590413,2.603049,104.156064,0
2026-03-09,sz.300505,36.9600000000,38.8800000000,34.8100000000,35.1200000000,36.1200000000,61596564,2232886451.1100,2,28.338300,1,-2.768500,26.088608,3.491010,2.530982,101.272452,0
2026-03-10,sz.300505,33.9800000000,35.0900000000,33.5200000000,34.2200000000,35.1200000000,45510647,1562240667.2500,2,20.937800,1,-2.562600,25.420050,3.401548,2.466122,98.677202,0
2026-03-11,sz.300505,34.1700000000,35.3000000000,33.8100000000,34.6500000000,34.2200000000,48932174,1687864601.8200,2,22.511900,1,1.256600,25.739472,3.444291,2.497111,99.917155,0
2026-03-12,sz.300505,35.0000000000,35.5300000000,33.2900000000,33.8800000000,34.6500000000,54358025,1866445397.5100,2,25.008200,1,-2.222200,25.167484,3.367751,2.441619,97.696774,0
2026-03-13,sz.300505,34.5600000000,40.6600000000,34.3100000000,38.9000000000,33.8800000000,103716263,3994203318.2800,2,47.716100,1,14.817000,28.896550,3.866751,2.803394,112.172506,0
2026-03-16,sz.300505,37.6200000000,40.9800000000,36.0000000000,36.3300000000,38.9000000000,89540257,3410696922.8300,2,41.194200,1,-6.606700,26.987447,3.611287,2.618183,104.761623,0
2026-03-17,sz.300505,36.4000000000,39.3600000000,35.6000000000,37.5900000000,36.3300000000,82776737,3084392103.8800,2,38.082600,1,3.468200,27.923427,3.736534,2.708987,108.394974,0
2026-03-18,sz.300505,35.7900000000,36.0000000000,34.0300000000,35.4200000000,37.5900000000,62230498,2169207648.3200,2,28.630000,1,-5.772800,26.311460,3.520831,2.552602,102.137536,0
