date,code,open,high,low,close,preclose,volume,amount,adjustflag,turn,tradestatus,pctChg,peTTM,pbMRQ,psTTM,pcfNcfTTM,isST
2023-06-26,sz.300756,18.5380551000,19.0532763000,17.8841205000,17.9534772000,18.6074118000,4034006,74545444.1400,2,4.378300,1,-3.514400,6300.184221,2.330991,5.592891,49.251565,0
2023-06-27,sz.300756,18.0228339000,19.1226330000,17.9336610000,18.7857576000,17.9534772000,5654040,106869949.0800,2,6.136700,1,4.635800,6592.245741,2.439050,5.852164,51.534750,0
2023-06-28,sz.300756,18.6470442000,18.8055738000,17.9832015000,18.7064928000,18.7857576000,4281576,79391050.3600,2,4.647000,1,-0.421900,6564.430358,2.428759,5.827471,51.317304,0
2023-06-29,sz.300756,18.8551143000,19.2415302000,18.6668604000,18.9244710000,18.7064928000,4423902,84804127.1100,2,4.801500,1,1.165300,6640.922661,2.457060,5.895376,51.915281,0
2023-06-30,sz.300756,18.9244710000,19.0235520000,18.6767685000,18.9442872000,18.9244710000,3252876,61972694.4600,2,3.278600,1,0.104700,6647.876507,2.459633,5.901549,51.969643,0
2023-07-03,sz.300756,18.8452062000,19.4892327000,18.7758495000,19.2910707000,18.9442872000,6186571,119850218.9600,2,6.714600,1,1.830500,6769.568807,2.504657,6.009580,52.920970,0
2023-07-04,sz.300756,19.1919897000,19.3901517000,18.8551143000,19.2415302000,19.2910707000,3852964,74164021.0000,2,4.181800,1,-0.256800,6752.184193,2.498225,5.994147,52.785066,0
2023-07-05,sz.300756,19.1721735000,19.3009788000,18.9740115000,19.0235520000,19.2415302000,2566333,49489282.9300,2,2.785400,1,-1.132900,6675.691890,2.469924,5.926242,52.187089,0
2023-07-06,sz.300756,18.8848386000,19.3901517000,18.7461252000,19.2018978000,19.0235520000,3082296,59463526.3800,2,3.345400,1,0.937500,6738.276501,2.493080,5.981800,52.676343,0
2023-07-07,sz.300756,19.0730925000,19.2217140000,18.7758495000,18.7758495000,19.2018978000,3251087,62170610.6700,2,3.528600,1,-2.218800,6588.768818,2.437764,5.849077,51.507570,0
2023-07-10,sz.300756,18.7758495000,19.3108869000,18.7758495000,18.9145629000,18.7758495000,3306566,63657950.6200,2,3.588800,1,0.738800,6637.445738,2.455774,5.892289,51.888100,0
2023-07-11,sz.300756,18.9442872000,19.2613464000,18.5677794000,19.2613464000,18.9145629000,3699571,70578507.6700,2,4.015400,1,1.833400,6759.138039,2.500798,6.000320,52.839428,0
2023-07-12,sz.300756,19.2613464000,19.4198760000,18.9839196000,19.2018978000,19.2613464000,4088300,79130537.8000,2,4.437300,1,-0.308600,6738.276501,2.493080,5.981800,52.676343,0
2023-07-13,sz.300756,19.3108869000,19.4991408000,18.7362171000,19.4991408000,19.2018978000,4534060,87874555.6000,2,4.921100,1,1.548000,6842.584187,2.531672,6.074398,53.491766,0
2023-07-14,sz.300756,20.0936268000,20.2224321000,19.0136439000,19.0730925000,19.4991408000,7715636,151961302.5000,2,8.374200,1,-2.185000,6693.076504,2.476356,5.941675,52.322993,0
2023-07-17,sz.300756,18.9839196000,19.3009788000,18.8551143000,19.2217140000,19.0730925000,3392400,65355657.1200,2,3.682000,1,0.779200,6745.230347,2.495653,5.987973,52.730705,0
2023-07-18,sz.300756,19.3604274000,19.4396922000,18.9046548000,18.9839196000,19.2217140000,3108837,59966832.1200,2,3.374200,1,-1.237100,6661.784199,2.464779,5.913895,52.078366,0
2023-07-19,sz.300756,18.9541953000,19.1721735000,18.8848386000,18.9343791000,18.9839196000,1725715,33075291.6000,2,1.873000,1,-0.261000,6644.399584,2.458346,5.898463,51.942462,0
2023-07-20,sz.300756,19.0136439000,19.0136439000,18.4984227000,18.5578713000,18.9343791000,2704048,51187702.8000,2,2.934900,1,-1.988500,6512.276516,2.409463,5.781172,50.909593,0
2023-07-21,sz.300756,18.5380551000,18.9244710000,18.3894336000,18.4290660000,18.5578713000,1899014,35673791.7000,2,2.061100,1,-0.694100,6467.076518,2.392739,5.741047,50.556242,0
2023-07-24,sz.300756,18.4587903000,18.9046548000,18.3299850000,18.6767685000,18.4290660000,1986840,37544463.8000,2,2.156400,1,1.344100,6553.999590,2.424900,5.818211,51.235762,0
2023-07-25,sz.300756,18.9938277000,19.8855567000,18.7362171000,19.8459243000,18.6767685000,6551558,128481189.0500,2,7.110800,1,6.259900,6964.276487,2.576697,6.182428,54.443093,0
2023-07-26,sz.300756,19.7369352000,19.9053729000,19.2910707000,19.3505193000,19.8459243000,3700968,72798618.1600,2,4.016900,1,-2.496300,6790.430344,2.512376,6.028099,53.084055,0
2023-07-27,sz.300756,19.2613464000,19.4991408000,18.7064928000,19.0235520000,19.3505193000,4133751,79198973.9100,2,4.486600,1,-1.689700,6675.691890,2.469924,5.926242,52.187089,0
2023-07-28,sz.300756,18.7064928000,19.0532763000,18.4092498000,18.7461252000,19.0235520000,3995764,75107890.4800,2,4.336800,1,-1.458300,6578.338050,2.433904,5.839817,51.426027,0
2023-07-31,sz.300756,18.8551143000,19.9945458000,18.6767685000,19.7171190000,18.7461252000,6984969,137551934.3100,2,7.581200,1,5.179700,6919.076490,2.559974,6.142303,54.089743,0
2023-08-01,sz.300756,19.6576704000,19.6973028000,19.1523573000,19.2811626000,19.7171190000,3376998,66038474.9600,2,3.665300,1,-2.211100,6766.091884,2.503371,6.006493,52.893789,0
2023-08-02,sz.300756,19.2712545000,19.2712545000,18.4885146000,18.6866766000,19.2811626000,4123250,77964135.5600,2,4.475200,1,-3.083200,6557.476513,2.426186,5.821298,51.262943,0
2023-08-03,sz.300756,18.6668604000,18.8848386000,18.2705364000,18.3993417000,18.6866766000,3825017,71412647.0400,2,3.855300,1,-1.537600,6456.645750,2.388880,5.731787,50.474700,0
2023-08-04,sz.300756,18.4587903000,18.4587903000,17.9336610000,17.9633853000,18.3993417000,3188606,58271303.7200,2,3.213800,1,-2.369400,6303.661144,2.332277,5.595977,49.278746,0
2023-08-07,sz.300756,17.9039367000,18.3299850000,17.8444881000,18.2408121000,17.9633853000,2031692,37338831.5200,2,2.047800,1,1.544400,7123.717833,2.635688,6.323970,55.689523,0
2023-08-08,sz.300756,18.1615473000,18.3498012000,17.9732934000,18.1120068000,18.2408121000,1452040,26502914.8800,2,1.463500,1,-0.706100,7073.414556,2.617077,6.279314,55.296278,0
2023-08-09,sz.300756,18.0327420000,18.0723744000,17.6562342000,17.7354990000,18.1120068000,1536800,27594309.0000,2,1.548900,1,-2.078800,6926.374210,2.562674,6.148781,54.146793,0
2023-08-10,sz.300756,17.7255909000,18.2309040000,17.7255909000,18.0624663000,17.7354990000,1934148,35124260.4000,2,1.949400,1,1.843600,7054.067142,2.609918,6.262139,55.145030,0
2023-08-11,sz.300756,18.0723744000,18.9046548000,17.8940286000,17.8940286000,18.0624663000,3615234,66965260.4000,2,3.643800,1,-0.932500,6988.285935,2.585580,6.203742,54.630787,0
2023-08-14,sz.300756,17.6859585000,18.2110878000,17.6066937000,18.0129258000,17.8940286000,2307420,41781698.6000,2,2.325700,1,0.664500,7034.719728,2.602760,6.244963,54.993782,0
2023-08-15,sz.300756,17.8841205000,18.0624663000,17.3391750000,17.4778884000,18.0129258000,2846248,50614220.5200,2,2.868700,1,-2.970300,6825.767657,2.525450,6.059469,53.360303,0
2023-08-16,sz.300756,17.3589912000,17.7354990000,17.1806454000,17.1806454000,17.4778884000,2241780,39389833.4000,2,2.259500,1,-1.700700,6709.683173,2.482501,5.956417,52.452815,0
2023-08-17,sz.300756,17.1410130000,17.5571532000,17.1410130000,17.5175208000,17.1806454000,1852300,32562388.0000,2,1.866900,1,1.960800,6841.245588,2.531177,6.073209,53.481302,0
2023-08-18,sz.300756,17.5175208000,17.6760504000,17.2797264000,17.2995426000,17.5175208000,1166048,20569247.6800,2,1.175300,1,-1.244300,6756.116967,2.499680,5.997638,52.815810,0
2023-08-21,sz.300756,17.2896345000,17.6760504000,17.2599102000,17.5274289000,17.2995426000,2001356,35440833.2000,2,2.017200,1,1.317300,6845.115071,2.532609,6.076645,53.511551,0
2023-08-22,sz.300756,17.4977046000,17.6364180000,17.1905535000,17.5967856000,17.5274289000,1948460,34377974.4000,2,1.963900,1,0.395700,6872.201451,2.542630,6.100690,53.723299,0
2023-08-23,sz.300756,17.4679803000,17.6859585000,17.2400940000,17.4580722000,17.5967856000,1231456,21724265.5600,2,1.241200,1,-0.788300,6818.028692,2.522587,6.052599,53.299804,0
2023-08-24,sz.300756,17.3391750000,17.6364180000,17.2400940000,17.3391750000,17.4580722000,1258976,22160532.5000,2,1.268900,1,-0.681000,6771.594898,2.505407,6.011378,52.936809,0
2023-08-25,sz.300756,17.3986236000,17.4481641000,16.9032186000,16.9329429000,17.3391750000,2145576,37099751.5800,2,2.162500,1,-2.342900,6612.946103,2.446709,5.870540,51.696575,0
2023-08-28,sz.300756,17.6463261000,17.7057747000,17.2301859000,17.3688993000,16.9329429000,3687280,65184192.6000,2,3.716400,1,2.574600,6783.203346,2.509702,6.021683,53.027558,0
2023-08-29,sz.300756,17.4382560000,17.9633853000,17.0914725000,17.8048557000,17.3688993000,3409940,60769935.2000,2,3.436900,1,2.510000,72.468212,2.477783,4.473846,49.745669,0
2023-08-30,sz.300756,17.7850395000,18.3101688000,17.7652233000,18.2209959000,17.8048557000,3117212,57054830.9600,2,3.141900,1,2.337200,74.161960,2.535695,4.578410,50.908339,0
2023-08-31,sz.300756,18.2110878000,18.2408121000,17.8940286000,17.9336610000,18.2209959000,2073956,37706601.0000,2,2.090400,1,-1.576900,72.992467,2.495708,4.506211,50.105544,0
2023-09-01,sz.300756,17.9435691000,18.2507202000,17.8841205000,18.0129258000,17.9336610000,2153871,39292732.2200,2,2.170900,1,0.442000,73.315086,2.506739,4.526128,50.327004,0
2023-09-04,sz.300756,18.0129258000,18.2507202000,17.9534772000,18.0822825000,18.0129258000,2270240,41424833.6000,2,2.288200,1,0.385000,73.597377,2.516391,4.543556,50.520783,0
2023-09-05,sz.300756,18.0129258000,18.2507202000,18.0129258000,18.1318230000,18.0822825000,1723015,31538711.3500,2,1.736600,1,0.274000,73.799014,2.523285,4.556004,50.659196,0
2023-09-06,sz.300756,18.1912716000,18.2804445000,17.9832015000,18.2507202000,18.1318230000,1396306,25631992.1600,2,1.407300,1,0.655700,74.282942,2.539831,4.585879,50.991387,0
2023-09-07,sz.300756,18.2507202000,18.7560333000,18.1318230000,18.4389741000,18.2507202000,3629320,67929985.7800,2,3.658000,1,1.031500,75.049161,2.566029,4.633182,51.517357,0
2023-09-08,sz.300756,18.2309040000,18.5677794000,18.0327420000,18.4786065000,18.4389741000,2535841,46708252.2700,2,2.555900,1,0.214900,75.210470,2.571545,4.643140,51.628088,0
2023-09-11,sz.300756,18.6074118000,18.8055738000,18.4290660000,18.7263090000,18.4786065000,3011450,56701861.4000,2,3.035300,1,1.340500,76.218654,2.606016,4.705381,52.320153,0
2023-09-12,sz.300756,18.6074118000,19.0433682000,18.5776875000,18.9442872000,18.7263090000,3451913,65829360.0500,2,3.479200,1,1.164000,77.105855,2.636350,4.760153,52.929171,0
2023-09-13,sz.300756,18.7956657000,19.0334601000,18.2804445000,18.5776875000,18.9442872000,3998960,75021816.0000,2,4.030600,1,-1.935100,75.613744,2.585333,4.668037,51.904914,0
2023-09-14,sz.300756,18.5677794000,18.5776875000,17.9832015000,18.1120068000,18.5776875000,2737560,50151805.8000,2,2.759200,1,-2.506700,73.718359,2.520527,4.551025,50.603831,0
2023-09-15,sz.300756,18.2408121000,18.7064928000,18.0426501000,18.2705364000,18.1120068000,2587660,47850699.4000,2,2.608100,1,0.875300,74.363596,2.542589,4.590858,51.046753,0
2023-09-18,sz.300756,18.1318230000,18.6272280000,18.0921906000,18.5182389000,18.2705364000,3171982,59067564.3400,2,3.197100,1,1.355700,75.371780,2.577060,4.653099,51.738818,0
2023-09-19,sz.300756,18.3696174000,18.4686984000,17.8246719000,17.9237529000,18.5182389000,2999626,54523187.0000,2,3.023300,1,-3.210300,72.952140,2.494329,4.503722,50.077861,0
2023-09-20,sz.300756,17.9237529000,17.9534772000,17.3391750000,17.4382560000,17.9237529000,2141600,37938646.2000,2,2.158500,1,-2.708700,70.976101,2.426766,4.381730,48.721412,0
2023-09-21,sz.300756,17.3391750000,17.6166018000,17.2004616000,17.2995426000,17.4382560000,1602300,28135834.0000,2,1.615000,1,-0.795500,70.411518,2.407462,4.346876,48.333856,0
2023-09-22,sz.300756,17.2004616000,17.5868775000,17.1311049000,17.5868775000,17.2995426000,1490760,26233663.8000,2,1.502500,1,1.660900,71.581011,2.447449,4.419075,49.136652,0
2023-09-25,sz.300756,17.5769694000,17.7949476000,17.4679803000,17.6265099000,17.5868775000,1437200,25564817.0000,2,1.448600,1,0.225400,71.742320,2.452964,4.429033,49.247382,0
2023-09-26,sz.300756,17.4977046000,18.2408121000,17.4877965000,17.9633853000,17.6265099000,2727820,49466887.6000,2,2.749400,1,1.911200,73.113449,2.499845,4.513680,50.188591,0
2023-09-27,sz.300756,18.0129258000,18.1516392000,17.7255909000,17.9336610000,17.9633853000,1797720,32457085.8000,2,1.811900,1,-0.165500,72.992467,2.495708,4.506211,50.105544,0
2023-09-28,sz.300756,17.9138448000,18.3200769000,17.8543962000,18.3101688000,17.9336610000,2569369,47231405.4400,2,2.589700,1,2.099400,74.524906,2.548104,4.600817,51.157483,0
2023-10-09,sz.300756,18.1615473000,18.2110878000,17.4977046000,17.6661423000,18.3101688000,2892100,51714240.0000,2,2.915000,1,-3.517300,71.903629,2.458479,4.438992,49.358113,0
2023-10-10,sz.300756,17.7553152000,17.9534772000,17.6364180000,17.6859585000,17.6661423000,1531100,27443343.0000,2,1.543200,1,0.112200,71.984284,2.461237,4.443971,49.413478,0
2023-10-11,sz.300756,17.6463261000,17.7949476000,17.3391750000,17.5769694000,17.6859585000,1481600,26279582.0000,2,1.493300,1,-0.616200,71.540683,2.446070,4.416585,49.108969,0
2023-10-12,sz.300756,17.6562342000,17.7354990000,17.3589912000,17.5670613000,17.5769694000,1344720,23744535.2000,2,1.355400,1,-0.056400,71.500356,2.444691,4.414095,49.081287,0
2023-10-13,sz.300756,17.5274289000,17.6166018000,17.0914725000,17.3788074000,17.5670613000,1683220,29324913.8000,2,1.696500,1,-1.071600,70.734137,2.418493,4.366793,48.555317,0
2023-10-16,sz.300756,17.3292669000,17.5175208000,16.9032186000,16.9923915000,17.3788074000,1604600,27595568.0000,2,1.617300,1,-2.223500,69.161371,2.364718,4.269698,47.475695,0
2023-10-17,sz.300756,16.8635862000,17.1707373000,16.8635862000,17.0122077000,16.9923915000,1116064,19182719.1200,2,1.124900,1,0.116600,69.242026,2.367476,4.274677,47.531060,0
2023-10-18,sz.300756,17.0815644000,17.1707373000,16.6456080000,16.6753323000,17.0122077000,1412237,23913925.4100,2,1.423400,1,-1.980200,67.870896,2.320595,4.190030,46.589851,0
2023-10-19,sz.300756,16.5168027000,17.0320239000,16.4870784000,16.6257918000,16.6753323000,1382155,23349449.5700,2,1.393100,1,-0.297100,67.669260,2.313701,4.177582,46.451438,0
2023-10-20,sz.300756,16.5762513000,16.9428510000,16.5465270000,16.5762513000,16.6257918000,1331420,22439967.8000,2,1.341900,1,-0.298000,67.467623,2.306806,4.165134,46.313024,0
2023-10-23,sz.300756,16.4672622000,16.6555161000,16.0511220000,16.0511220000,16.5762513000,1460702,24059374.5800,2,1.472200,1,-3.168000,65.330275,2.233728,4.033184,44.845846,0
2023-10-24,sz.300756,16.1700192000,16.8635862000,16.1700192000,16.7744133000,16.0511220000,1920900,32244855.0000,2,1.936100,1,4.506200,68.274170,2.334383,4.214926,46.866677,0
2023-10-25,sz.300756,16.7744133000,17.2698183000,16.5564351000,17.0716563000,16.7744133000,1477900,25376245.0000,2,1.489600,1,1.772000,69.483990,2.375749,4.289614,47.697156,0
2023-10-26,sz.300756,16.5465270000,17.0320239000,15.9520410000,16.2988245000,17.0716563000,3652356,59910206.1600,2,3.681200,1,-4.527000,46.015813,1.804023,3.616337,81.328872,0
2023-10-27,sz.300756,16.2492840000,16.5762513000,15.9619491000,16.5068946000,16.2988245000,2745631,45170396.1500,2,2.767300,1,1.276600,46.603249,1.827053,3.662503,82.367113,0
2023-10-30,sz.300756,16.3285488000,16.5960675000,16.1700192000,16.4771703000,16.5068946000,2030690,33623958.0400,2,2.046700,1,-0.180100,46.519330,1.823763,3.655908,82.218793,0
2023-10-31,sz.300756,16.4771703000,16.6356999000,16.1105706000,16.1601111000,16.4771703000,1749718,28774641.3600,2,1.763600,1,-1.924200,45.624189,1.788670,3.585560,80.636711,0
2023-11-01,sz.300756,16.3186407000,16.7942295000,16.1601111000,16.4078136000,16.1601111000,2933981,48877556.7800,2,2.957200,1,1.532800,46.323518,1.816087,3.640519,81.872713,0
2023-11-02,sz.300756,16.3681812000,16.6456080000,16.2492840000,16.2790083000,16.4078136000,1726300,28702508.0200,2,1.739900,1,-0.785000,45.959867,1.801830,3.611940,81.229992,0
2023-11-03,sz.300756,16.2889164000,16.5861594000,16.2691002000,16.4969865000,16.2790083000,1771600,29446991.0000,2,1.785600,1,1.339000,46.575276,1.825957,3.660305,82.317673,0
2023-11-06,sz.300756,16.6753323000,16.9824834000,16.5168027000,16.9329429000,16.4969865000,1902611,32296449.2200,2,1.917700,1,2.642600,47.806094,1.874210,3.757033,84.493035,0
2023-11-07,sz.300756,17.0122077000,17.0617482000,16.8041376000,17.0022996000,16.9329429000,1426542,24394046.3600,2,1.437800,1,0.409600,48.001906,1.881887,3.772422,84.839115,0
2023-11-08,sz.300756,17.0022996000,17.2995426000,16.8140457000,17.1112887000,17.0022996000,1737700,30011094.0000,2,1.751400,1,0.641000,48.309611,1.893950,3.796604,85.382956,0
2023-11-09,sz.300756,17.1608292000,17.2301859000,16.9329429000,17.1707373000,17.1112887000,2405571,41532491.6300,2,2.424600,1,0.347400,48.477450,1.900530,3.809794,85.679596,0
2023-11-10,sz.300756,17.1311049000,17.1410130000,16.8536781000,17.0320239000,17.1707373000,1362780,23413154.2000,2,1.373600,1,-0.807800,48.085826,1.885177,3.779017,84.987435,0
2023-11-13,sz.300756,17.0518401000,17.1608292000,16.9131267000,17.0122077000,17.0320239000,1664700,28600303.2000,2,1.677900,1,-0.116300,48.029879,1.882983,3.774620,84.888555,0
2023-11-14,sz.300756,17.0815644000,17.0815644000,16.9131267000,17.0122077000,17.0122077000,1312116,22489668.4600,2,1.322500,1,0.000000,48.029879,1.882983,3.774620,84.888555,0
2023-11-15,sz.300756,17.0716563000,17.1608292000,16.9329429000,17.0914725000,17.0122077000,1276000,21969114.0000,2,1.286100,1,0.465900,48.253665,1.891757,3.792207,85.284076,0
2023-11-16,sz.300756,17.0815644000,17.1211968000,16.9131267000,16.9626672000,17.0914725000,1255900,21572242.2000,2,1.265800,1,-0.753600,47.890014,1.877500,3.763628,84.641355,0
2023-11-17,sz.300756,16.9032186000,17.2202778000,16.9032186000,17.1410130000,16.9626672000,1918485,33093122.2200,2,1.933700,1,1.051400,48.393530,1.897240,3.803199,85.531276,0
2023-11-20,sz.300756,17.3193588000,17.3193588000,17.0419320000,17.2103697000,17.1410130000,1410500,24431408.6000,2,1.421700,1,0.404600,48.589342,1.904917,3.818588,85.877356,0
2023-11-21,sz.300756,17.2301859000,17.3688993000,17.0716563000,17.1013806000,17.2103697000,1306140,22695455.2000,2,1.316500,1,-0.633300,48.281638,1.892853,3.794406,85.333516,0
2023-11-22,sz.300756,17.0617482000,17.2797264000,16.9626672000,16.9626672000,17.1013806000,1351981,23342511.7200,2,1.362700,1,-0.811100,47.890014,1.877500,3.763628,84.641355,0
2023-11-23,sz.300756,16.9428510000,17.1112887000,16.8734943000,17.0815644000,16.9626672000,1161200,19932106.3800,2,1.170400,1,0.700900,48.225691,1.890660,3.790009,85.234636,0
2023-11-24,sz.300756,17.0815644000,17.0914725000,16.7843214000,16.8536781000,17.0815644000,1093500,18641689.0000,2,1.102100,1,-1.334100,47.582309,1.865437,3.739446,84.097515,0
2023-11-27,sz.300756,16.9329429000,17.0419320000,16.6654242000,16.8437700000,16.8536781000,1291024,21917184.0000,2,1.301200,1,-0.058800,47.554336,1.864340,3.737248,84.048074,0
2023-11-28,sz.300756,16.9131267000,17.1013806000,16.6852404000,16.9923915000,16.8437700000,1434230,24564189.9200,2,1.445600,1,0.882400,47.973933,1.880790,3.770224,84.789675,0
2023-11-29,sz.300756,16.9923915000,17.0716563000,16.7545971000,16.7942295000,16.9923915000,1361912,23187736.2400,2,1.372700,1,-1.166200,47.414470,1.858857,3.726256,83.800874,0
2023-11-30,sz.300756,16.7942295000,16.9032186000,16.5960675000,16.7645052000,16.7942295000,1823800,30763072.0000,2,1.838200,1,-0.177000,47.330551,1.855567,3.719661,83.652554,0
2023-12-01,sz.300756,16.7843214000,16.7843214000,16.4474460000,16.6356999000,16.7645052000,1952800,32724037.0000,2,1.968200,1,-0.768300,46.966900,1.841310,3.691082,83.009834,0
2023-12-04,sz.300756,16.6356999000,16.7942295000,16.5068946000,16.6158837000,16.6356999000,1628700,27332494.0000,2,1.641600,1,-0.119100,46.910954,1.839117,3.686685,82.910953,0
2023-12-05,sz.300756,16.6456080000,16.6456080000,16.1997435000,16.1997435000,16.6158837000,1625760,26776156.2000,2,1.638600,1,-2.504500,45.736082,1.793056,3.594353,80.834472,0
2023-12-06,sz.300756,16.2492840000,16.4771703000,16.0610301000,16.3681812000,16.1997435000,1849400,30462340.0000,2,1.864000,1,1.039800,46.211625,1.811700,3.631726,81.674952,0
2023-12-07,sz.300756,16.2889164000,16.4276298000,16.1402949000,16.2393759000,16.3681812000,1282020,21004433.4000,2,1.292200,1,-0.786900,45.847975,1.797443,3.603147,81.032232,0
2023-12-08,sz.300756,16.2988245000,16.3384569000,15.8529600000,15.9025005000,16.2393759000,1769540,28637814.2000,2,1.783500,1,-2.074400,44.896888,1.760156,3.528402,79.351270,0
2023-12-11,sz.300756,15.6845223000,16.0511220000,15.5557170000,15.8529600000,15.9025005000,2331100,37099273.0000,2,2.349500,1,-0.311500,44.757022,1.754673,3.517410,79.104070,0
2023-12-12,sz.300756,15.8529600000,15.9916734000,15.7142466000,15.9124086000,15.8529600000,1641121,26272267.5000,2,1.654100,1,0.375000,44.924861,1.761253,3.530600,79.400710,0
2023-12-13,sz.300756,15.9124086000,15.9520410000,15.6547980000,15.7538790000,15.9124086000,1317220,21005525.4000,2,1.327600,1,-0.996300,44.477291,1.743706,3.495426,78.609670,0
2023-12-14,sz.300756,15.7538790000,16.0015815000,15.7538790000,15.8133276000,15.7538790000,1583320,25428594.2000,2,1.595800,1,0.377400,44.645130,1.750286,3.508616,78.906310,0
2023-12-15,sz.300756,15.8430519000,16.0114896000,15.7836033000,15.8925924000,15.8133276000,1516865,24355246.4200,2,1.528900,1,0.501300,44.868915,1.759060,3.526203,79.301830,0
2023-12-18,sz.300756,15.8925924000,15.9817653000,15.4269117000,15.5061765000,15.8925924000,1679520,26503764.0000,2,1.692800,1,-2.431400,43.777962,1.716290,3.440466,77.373669,0
2023-12-19,sz.300756,15.4863603000,16.9428510000,15.4070955000,16.5960675000,15.5061765000,6634420,109349671.6800,2,6.686900,1,7.028800,46.855008,1.836923,3.682288,82.812073,0
2023-12-20,sz.300756,16.3979055000,16.5465270000,15.9817653000,16.0907544000,16.5960675000,4099033,67161847.5400,2,4.131400,1,-3.044800,45.428378,1.780993,3.570171,80.290631,0
2023-12-21,sz.300756,16.0907544000,16.1006625000,15.5557170000,15.9718572000,16.0907544000,2814740,45110292.8800,2,2.837000,1,-0.738900,45.092700,1.767833,3.543790,79.697351,0
2023-12-22,sz.300756,15.9718572000,16.0412139000,15.5755332000,15.6250737000,15.9718572000,2463940,39104200.0000,2,2.483400,1,-2.171200,44.113640,1.729450,3.466847,77.966949,0
2023-12-25,sz.300756,15.5755332000,15.7340628000,15.1296687000,15.1792092000,15.6250737000,2351417,36302251.7000,2,2.370000,1,-2.853500,42.854849,1.680099,3.367920,75.742147,0
2023-12-26,sz.300756,15.2584740000,15.3476469000,14.8918743000,15.0603120000,15.1792092000,1728252,26288473.7000,2,1.741900,1,-0.783300,42.519171,1.666939,3.341539,75.148867,0
2023-12-27,sz.300756,15.0404958000,15.2386578000,14.9116905000,15.0603120000,15.0603120000,1314164,19978852.5000,2,1.324600,1,0.000000,42.519171,1.666939,3.341539,75.148867,0
2023-12-28,sz.300756,15.0603120000,15.6547980000,15.0107715000,15.6349818000,15.0603120000,2295760,35715770.6000,2,2.313900,1,3.815800,44.141613,1.730546,3.469045,78.016389,0
2023-12-29,sz.300756,15.6151656000,16.1601111000,15.6052575000,16.0511220000,15.6349818000,2148946,34728120.7400,2,2.165900,1,2.661600,45.316485,1.776606,3.561377,80.092871,0
2024-01-02,sz.300756,16.0709382000,16.1997435000,16.0015815000,16.1006625000,16.0511220000,2021934,32830379.7800,2,2.037900,1,0.308600,45.456351,1.782090,3.572369,80.340071,0
2024-01-03,sz.300756,16.0015815000,16.1997435000,15.9223167000,16.1204787000,16.1006625000,1569832,25449650.6400,2,1.582200,1,0.123100,45.512297,1.784283,3.576766,80.438951,0
2024-01-04,sz.300756,16.1204787000,16.1601111000,15.9124086000,16.0610301000,16.1204787000,1355358,21973495.8600,2,1.366100,1,-0.368800,45.344458,1.777703,3.563576,80.142311,0
2024-01-05,sz.300756,16.1006625000,16.3780893000,15.8727762000,15.9520410000,16.0610301000,2007860,32641616.5800,2,2.023700,1,-0.678600,45.036754,1.765640,3.539394,79.598471,0
2024-01-08,sz.300756,15.9223167000,15.9322248000,15.5259927000,15.5755332000,15.9520410000,2067786,32808746.8500,2,2.084100,1,-2.360200,43.973774,1.723966,3.455855,77.719749,0
2024-01-09,sz.300756,15.6349818000,16.2492840000,15.6349818000,16.0114896000,15.5755332000,2380252,38453174.2400,2,2.399100,1,2.799000,45.204592,1.772220,3.552584,79.895111,0
2024-01-10,sz.300756,15.9619491000,16.0114896000,15.5557170000,15.7142466000,16.0114896000,2277662,36176213.4200,2,2.295700,1,-1.856400,44.365398,1.739320,3.486632,78.411909,0
2024-01-11,sz.300756,15.6250737000,16.0709382000,15.6250737000,16.0412139000,15.7142466000,1985004,31796823.4200,2,2.000700,1,2.080700,45.288512,1.775510,3.559179,80.043431,0
2024-01-12,sz.300756,15.9223167000,16.1898354000,15.6746142000,15.7142466000,16.0412139000,1695204,27102055.5400,2,1.708600,1,-2.038300,44.365398,1.739320,3.486632,78.411909,0
2024-01-15,sz.300756,15.6647061000,16.2096516000,15.5259927000,16.0709382000,15.7142466000,3541339,57244624.4300,2,3.569300,1,2.269900,45.372431,1.778800,3.565774,80.191751,0
2024-01-16,sz.300756,15.9421329000,17.1311049000,15.9322248000,16.5366189000,16.0709382000,8120390,136315289.6800,2,8.184600,1,2.897700,46.687169,1.830343,3.669098,82.515433,0
2024-01-17,sz.300756,16.6158837000,16.6654242000,15.9124086000,15.9817653000,16.5366189000,5225730,85700133.5000,2,5.267000,1,-3.355300,45.120673,1.768930,3.545989,79.746791,0
2024-01-18,sz.300756,15.8232357000,15.9322248000,15.1593930000,15.6547980000,15.9817653000,4328334,67848839.6600,2,4.362600,1,-2.045900,44.197559,1.732740,3.473442,78.115269,0
2024-01-19,sz.300756,15.7538790000,15.9916734000,15.3575550000,15.7142466000,15.6547980000,3218545,50939901.9000,2,3.244000,1,0.379700,44.365398,1.739320,3.486632,78.411909,0
2024-01-22,sz.300756,15.5557170000,15.6151656000,14.1784911000,14.3172045000,15.7142466000,3649273,54735703.3800,2,3.678100,1,-8.890300,40.421186,1.584689,3.176661,71.440863,0
2024-01-23,sz.300756,14.2181235000,14.2775721000,13.5146484000,13.9506048000,14.3172045000,3357944,46936276.7800,2,3.384500,1,-2.560600,39.386179,1.544112,3.095321,69.611582,0
2024-01-24,sz.300756,14.0298696000,14.3568369000,13.4551998000,14.1289506000,13.9506048000,2439402,34276249.6600,2,2.458700,1,1.278400,39.889696,1.563852,3.134891,70.501502,0
2024-01-25,sz.300756,14.0893182000,14.4063774000,13.4551998000,14.3568369000,14.1289506000,4870236,68349337.0800,2,4.908700,1,1.612900,40.533078,1.589076,3.185454,71.638623,0
2024-01-26,sz.300756,14.2181235000,14.6838042000,14.1388587000,14.2577559000,14.3568369000,2791956,40480214.5600,2,2.814000,1,-0.690100,40.253347,1.578109,3.163470,71.144223,0
2024-01-29,sz.300756,14.2577559000,14.2874802000,13.5443727000,13.6335456000,14.2577559000,2644277,36768434.5500,2,2.665200,1,-4.378000,38.491039,1.509019,3.024972,68.029500,0
2024-01-30,sz.300756,13.2273135000,13.2867621000,12.7814490000,12.8012652000,13.6335456000,3532591,46445229.6500,2,3.560500,1,-6.104700,36.141295,1.416898,2.840308,63.876537,0
2024-01-31,sz.300756,12.9300705000,12.9498867000,11.8897200000,12.0086172000,12.8012652000,3681486,46045962.4100,2,3.710600,1,-6.192000,33.903444,1.329165,2.664438,59.921333,0
2024-02-01,sz.300756,11.9491686000,11.9689848000,11.5429365000,11.8005471000,12.0086172000,3642626,43248565.3000,2,3.671400,1,-1.732700,33.316008,1.306135,2.618272,58.883092,0
2024-02-02,sz.300756,11.7906390000,12.1770549000,10.6908399000,11.1367044000,11.8005471000,3500790,40106604.0700,2,3.419600,1,-5.625500,31.441808,1.232658,2.470980,55.570609,0
2024-02-05,sz.300756,11.1168882000,11.1168882000,9.3730626000,9.6207651000,11.1367044000,5159983,51687002.6900,2,5.040300,1,-13.612100,27.161918,1.064867,2.134628,48.006283,0
2024-02-06,sz.300756,9.3235221000,9.8387433000,8.4615174000,9.4325112000,9.6207651000,6030620,54875844.0300,2,5.890700,1,-1.956700,26.630428,1.044030,2.092859,47.066922,0
2024-02-07,sz.300756,9.3235221000,9.5910408000,8.7191280000,8.9569224000,9.4325112000,6521369,59857429.4500,2,5.509600,1,-5.042000,25.287718,0.991390,1.987337,44.693800,0
2024-02-08,sz.300756,8.9172900000,10.4530455000,8.7092199000,10.2350673000,8.9569224000,6859789,65753852.8400,2,5.795500,1,14.269900,28.896252,1.132861,2.270928,51.071565,0
2024-02-19,sz.300756,10.2647916000,11.0376234000,10.2350673000,10.7701047000,10.2350673000,8016763,86241641.5900,2,6.773000,1,5.227500,30.406802,1.192081,2.389640,53.741328,0
2024-02-20,sz.300756,10.6809318000,10.9781748000,10.4431374000,10.8989100000,10.7701047000,4620321,49895531.6200,2,3.903500,1,1.196000,30.770453,1.206338,2.418219,54.384048,0
2024-02-21,sz.300756,10.8493695000,11.5231203000,10.7304723000,11.1466125000,10.8989100000,4557122,51633809.0900,2,3.850100,1,2.272700,31.469781,1.233754,2.473179,55.620049,0
2024-02-22,sz.300756,11.0970720000,11.9689848000,11.0574396000,11.9491686000,11.1466125000,5735799,67686936.5200,2,4.845900,1,7.200000,33.735605,1.322585,2.651248,59.624693,0
2024-02-23,sz.300756,11.9689848000,12.1374225000,11.6321094000,12.0581577000,11.9491686000,4164103,49864546.8400,2,3.518100,1,0.912100,34.043310,1.334648,2.675430,60.168533,0
2024-02-26,sz.300756,12.0482496000,12.6625518000,12.0086172000,12.2761359000,12.0581577000,4495360,55838602.8000,2,3.797900,1,1.807700,34.658719,1.358775,2.723794,61.256214,0
2024-02-27,sz.300756,12.2166873000,12.7616328000,12.0185253000,12.7418166000,12.2761359000,3336730,42367217.3000,2,2.819100,1,3.793400,35.973457,1.410318,2.827118,63.579896,0
2024-02-28,sz.300756,12.7616328000,13.0291515000,11.6420175000,11.6420175000,12.7418166000,6334516,78918303.0400,2,5.351800,1,-8.631400,32.868438,1.288588,2.583098,58.092051,0
2024-02-29,sz.300756,11.5033041000,12.3256764000,11.4537636000,12.2959521000,11.6420175000,4345054,52535152.8600,2,3.670900,1,5.617000,34.714665,1.360968,2.728191,61.355094,0
2024-03-01,sz.300756,12.2662278000,12.6229194000,12.0581577000,12.3851250000,12.2959521000,3640490,45116137.9000,2,3.075700,1,0.725200,34.966424,1.370838,2.747976,61.800055,0
2024-03-04,sz.300756,12.4049412000,12.4842060000,11.9491686000,12.1968711000,12.3851250000,2359776,28975051.1600,2,1.993700,1,-1.520000,34.434934,1.350002,2.706207,60.860694,0
2024-03-05,sz.300756,12.3653088000,12.4346655000,12.0581577000,12.1076982000,12.1968711000,3020998,37335745.7800,2,2.552300,1,-0.731100,34.183176,1.340131,2.686422,60.415734,0
2024-03-06,sz.300756,11.9788929000,12.2464116000,11.7906390000,12.1176063000,12.1076982000,2505800,30349958.0000,2,2.117000,1,0.081800,34.211149,1.341228,2.688620,60.465174,0
2024-03-07,sz.300756,12.1869630000,12.5634708000,12.1275144000,12.5634708000,12.1176063000,4155935,51948310.2000,2,3.511200,1,3.679500,35.469940,1.390578,2.787547,62.689976,0
2024-03-08,sz.300756,12.6823680000,13.1777730000,12.6823680000,12.9895191000,12.5634708000,5679239,73781468.5800,2,4.798100,1,3.391200,36.672785,1.437735,2.882078,64.815897,0
2024-03-11,sz.300756,12.7021842000,12.8210814000,12.4842060000,12.7517247000,12.9895191000,3631740,46256474.9600,2,3.068300,1,-1.830700,36.001430,1.411415,2.829316,63.629336,0
2024-03-12,sz.300756,12.7319085000,12.9498867000,12.5832870000,12.8805300000,12.7517247000,3081494,39728856.3400,2,2.603400,1,1.010100,36.365081,1.425672,2.857895,64.272057,0
2024-03-13,sz.300756,12.8805300000,12.9003462000,12.6427356000,12.7319085000,12.8805300000,2360334,30425786.4200,2,1.994100,1,-1.153800,35.945483,1.409222,2.824920,63.530456,0
2024-03-14,sz.300756,12.7814490000,13.8317076000,12.7021842000,13.3759350000,12.7319085000,6335160,85030869.2000,2,5.352300,1,5.058400,37.763737,1.480505,2.967814,66.744059,0
2024-03-15,sz.300756,13.2372216000,13.4750160000,12.9994272000,13.2966702000,13.3759350000,3098756,41139869.6400,2,2.618000,1,-0.592600,37.539952,1.471732,2.950227,66.348539,0
2024-03-18,sz.300756,13.3462107000,13.8515238000,13.3462107000,13.6830861000,13.2966702000,4299020,59098050.7200,2,3.632100,1,2.906100,38.630905,1.514502,3.035964,68.276701,0
2024-03-19,sz.300756,13.6929942000,14.1091344000,13.5641889000,13.9208805000,13.6830861000,3136639,44056496.5700,2,2.650000,1,1.737900,39.302260,1.540822,3.088725,69.463262,0
2024-03-20,sz.300756,13.9704210000,14.2280316000,13.7128104000,13.9208805000,13.9208805000,2842140,39888648.4700,2,2.401200,1,0.000000,39.302260,1.540822,3.088725,69.463262,0
2024-03-21,sz.300756,13.9406967000,14.1190425000,13.7029023000,13.9406967000,13.9208805000,3104776,43536805.7600,2,2.623100,1,0.142300,39.358206,1.543016,3.093122,69.562142,0
2024-03-22,sz.300756,13.8713400000,13.9902372000,13.5740970000,13.5939132000,13.9406967000,2394400,33136322.2000,2,2.022900,1,-2.487600,38.379147,1.504632,3.016179,67.831740,0
2024-03-25,sz.300756,13.5939132000,13.7029023000,13.1480487000,13.2074973000,13.5939132000,2257297,30651252.2000,2,1.907100,1,-2.842600,37.288194,1.461862,2.930442,65.903578,0
2024-03-26,sz.300756,13.2174054000,13.3164864000,12.9399786000,13.2372216000,13.2074973000,1832884,24320964.3600,2,1.548500,1,0.225100,37.372114,1.465152,2.937037,66.051899,0
2024-03-27,sz.300756,13.3957512000,13.4155674000,12.8012652000,12.8508057000,13.2372216000,1989554,26299634.6400,2,1.680900,1,-2.919200,36.281161,1.422382,2.851300,64.123737,0
2024-03-28,sz.300756,12.7220004000,13.3164864000,12.6526437000,13.1381406000,12.8508057000,2214036,29237373.2800,2,1.870500,1,2.235900,37.092382,1.454185,2.915053,65.557498,0
2024-03-29,sz.300756,13.1579568000,13.4651079000,13.0886001000,13.4155674000,13.1381406000,1985364,26615985.7200,2,1.677300,1,2.111600,37.875630,1.484892,2.976608,66.941819,0
2024-04-01,sz.300756,13.3363026000,13.7821671000,13.3363026000,13.7722590000,13.4155674000,2079600,28511930.0000,2,1.757000,1,2.658800,38.882663,1.524372,3.055750,68.721661,0
2024-04-02,sz.300756,13.7227185000,14.0695020000,13.6236375000,13.8317076000,13.7722590000,2336236,32565084.2600,2,1.973800,1,0.431700,39.050502,1.530952,3.068940,69.018301,0
2024-04-03,sz.300756,13.8812481000,13.8812481000,12.9895191000,13.1579568000,13.8317076000,4435880,59907429.0000,2,3.747700,1,-4.871100,37.148328,1.456379,2.919450,65.656378,0
2024-04-08,sz.300756,13.3660269000,13.3660269000,12.1671468000,12.2464116000,13.1579568000,6484594,82716654.1900,2,5.478600,1,-6.927700,34.574800,1.355485,2.717199,61.107894,0
2024-04-09,sz.300756,12.1176063000,12.9201624000,12.1176063000,12.8706219000,12.2464116000,5017336,64002227.7600,2,4.238900,1,5.097100,36.337107,1.424575,2.855697,64.222617,0
2024-04-10,sz.300756,12.7319085000,12.9102543000,12.2067792000,12.4544817000,12.8706219000,3738075,47148171.9500,2,3.158100,1,-3.233300,35.162236,1.378515,2.763365,62.146135,0
2024-04-11,sz.300756,12.4346655000,12.7319085000,12.1968711000,12.5535627000,12.4544817000,3025426,38263614.4800,2,2.556100,1,0.795500,35.441967,1.389482,2.785349,62.640536,0
2024-04-12,sz.300756,12.5337465000,14.4856422000,12.5337465000,13.9406967000,12.5535627000,12785833,177213292.7300,2,10.802200,1,11.049700,39.358206,1.543016,3.093122,69.562142,0
2024-04-15,sz.300756,13.5542808000,13.8515238000,12.9399786000,13.2273135000,13.9406967000,10723578,144285306.4800,2,9.059900,1,-5.117300,37.344140,1.464055,2.934839,66.002459,0
2024-04-16,sz.300756,12.9003462000,12.9003462000,11.3249583000,11.6222013000,13.2273135000,8149554,97482424.3800,2,6.885200,1,-12.134800,32.812492,1.286395,2.578701,57.993171,0
2024-04-17,sz.300756,11.8599957000,12.4643898000,11.8401795000,12.2265954000,11.6222013000,6036840,74383802.6000,2,5.100300,1,5.200300,34.518853,1.353292,2.712802,61.009014,0
2024-04-18,sz.300756,12.1076982000,14.3667450000,11.9987091000,13.3957512000,12.2265954000,12136624,163016509.3600,2,10.253700,1,9.562400,37.819684,1.482699,2.972211,66.842939,0
2024-04-19,sz.300756,12.8805300000,13.8416157000,12.5733789000,13.6830861000,13.3957512000,10949949,144407649.6500,2,9.251100,1,2.145000,38.630905,1.514502,3.035964,68.276701,0
2024-04-22,sz.300756,13.5641889000,15.7538790000,13.2768540000,15.2089335000,13.6830861000,15761227,229817234.1900,2,13.316000,1,11.151300,42.938768,1.683389,3.374515,75.890467,0
2024-04-23,sz.300756,14.6639880000,15.1395768000,14.3469288000,14.6540799000,15.2089335000,11268421,166649235.5800,2,9.520200,1,-3.648200,41.372272,1.621976,3.251406,73.121825,0
2024-04-24,sz.300756,14.2676640000,15.6250737000,14.2577559000,15.1990254000,14.6540799000,10524242,159303917.8200,2,8.891500,1,3.718700,42.910795,1.682293,3.372317,75.841027,0
2024-04-25,sz.300756,14.3172045000,14.8819662000,13.7722590000,14.0001453000,15.1990254000,11085623,158366519.6700,2,9.365800,1,-7.887900,79.606848,1.593344,3.287996,12.386849,0
2024-04-26,sz.300756,13.9109724000,14.3469288000,13.6038213000,13.8416157000,14.0001453000,7620484,107256447.2800,2,6.438200,1,-1.132300,78.705426,1.575302,3.250765,12.246588,0
2024-04-29,sz.300756,13.7029023000,14.1487668000,13.4750160000,13.9506048000,13.8416157000,6222100,87216920.7900,2,5.256800,1,0.787400,79.325153,1.587706,3.276362,12.343018,0
2024-04-30,sz.300756,14.2082154000,14.2082154000,13.3858431000,13.4750160000,13.9506048000,5640882,77826703.7600,2,4.765700,1,-3.409100,76.620887,1.533579,3.164667,11.922233,0
2024-05-06,sz.300756,13.5443727000,13.6236375000,13.1876811000,13.2768540000,13.4750160000,4178178,56096597.2400,2,3.530000,1,-1.470600,75.494109,1.511027,3.118128,11.746906,0
2024-05-07,sz.300756,13.3065783000,13.4155674000,13.0786920000,13.3065783000,13.2768540000,3147718,42179801.8000,2,2.659400,1,0.223900,75.663126,1.514410,3.125109,11.773205,0
2024-05-08,sz.300756,13.3561188000,13.3561188000,12.9796110000,13.1084163000,13.3065783000,2543800,33681430.0000,2,2.149100,1,-1.489200,74.536348,1.491857,3.078570,11.597878,0
2024-05-09,sz.300756,13.4750160000,13.4750160000,13.1975892000,13.4155674000,13.1084163000,4349644,58711075.9600,2,3.674800,1,2.343200,76.282853,1.526814,3.150706,11.869635,0
2024-05-10,sz.300756,13.3263945000,14.4162855000,13.2768540000,13.8416157000,13.4155674000,7935332,110772188.7200,2,6.704200,1,3.175800,78.705426,1.575302,3.250765,12.246588,0
2024-05-13,sz.300756,13.4750160000,13.6533618000,13.0291515000,13.2074973000,13.8416157000,4889398,65799025.1600,2,4.130800,1,-4.581200,75.099737,1.503133,3.101839,11.685542,0
2024-05-14,sz.300756,13.2074973000,14.0397777000,13.1678649000,13.5641889000,13.2074973000,4786421,65971848.4900,2,4.043800,1,2.700700,77.127937,1.543728,3.185610,12.001130,0
2024-05-15,sz.300756,13.5542808000,13.7326266000,13.2372216000,13.3561188000,13.5641889000,3085574,41848865.0800,2,2.606900,1,-1.534000,75.944820,1.520048,3.136744,11.817037,0
2024-05-16,sz.300756,13.3462107000,14.0695020000,13.2867621000,13.7821671000,13.3561188000,5200609,72228235.3300,2,4.393800,1,3.189900,78.367392,1.568536,3.236803,12.193990,0
2024-05-17,sz.300756,13.7722590000,14.3667450000,13.5939132000,14.3667450000,13.7821671000,7920317,112895964.1700,2,6.691500,1,4.241600,81.691387,1.635066,3.374094,12.711204,0
2024-05-20,sz.300756,15.0206796000,16.4276298000,14.8621500000,15.3179226000,14.3667450000,17466852,273661343.6900,2,14.757000,1,6.620700,87.099920,1.743319,3.597482,13.552774,0
2024-05-21,sz.300756,15.0305877000,16.1303868000,14.5748151000,14.7630690000,15.3179226000,13108932,201177702.7100,2,11.075200,1,-3.622300,83.944942,1.680171,3.467172,13.061858,0
2024-05-22,sz.300756,14.5252746000,14.6639880000,14.0199615000,14.1685830000,14.7630690000,9639696,138405821.6600,2,8.144200,1,-4.026800,80.564609,1.612514,3.327555,12.535877,0
2024-05-23,sz.300756,13.9208805000,13.9803291000,13.4155674000,13.5245565000,14.1685830000,6872938,94433034.7600,2,5.806600,1,-4.545500,76.902581,1.539217,3.176302,11.966065,0
2024-05-24,sz.300756,13.4155674000,13.8515238000,13.3363026000,13.7524428000,13.5245565000,4917540,67947746.6000,2,4.154600,1,1.685000,78.198376,1.565153,3.229822,12.167691,0
2024-05-27,sz.300756,14.9215986000,15.4170036000,14.1883992000,14.5252746000,13.7524428000,9022095,134140157.3500,2,7.622400,1,5.619600,82.592809,1.653108,3.411325,12.851466,0
2024-05-28,sz.300756,14.1190425000,15.3476469000,14.1190425000,14.7927933000,14.5252746000,9636770,142899040.8800,2,8.141700,1,1.841700,84.113959,1.683554,3.474153,13.088157,0
2024-05-29,sz.300756,14.6540799000,15.4170036000,14.6441718000,15.2386578000,14.7927933000,9617212,147169374.4000,2,8.125200,1,3.014100,86.649209,1.734298,3.578867,13.482643,0
2024-05-30,sz.300756,15.0404958000,15.0404958000,14.5847232000,14.6342637000,15.2386578000,5848940,86841472.4400,2,4.941500,1,-3.966200,83.212537,1.665512,3.436922,12.947896,0
2024-05-31,sz.300756,14.7135285000,14.9017824000,14.3964693000,14.4361017000,14.6342637000,3997300,58889920.0000,2,3.377100,1,-1.354100,82.085759,1.642960,3.390383,12.772569,0
2024-06-03,sz.300756,14.3766531000,14.5549989000,14.0001453000,14.2577559000,14.4361017000,3812700,54849913.0000,2,3.221200,1,-1.235400,81.071659,1.622662,3.348497,12.614775,0
2024-06-04,sz.300756,14.1784911000,14.7432528000,13.8515238000,14.5649070000,14.2577559000,4876172,70987724.0600,2,4.119700,1,2.154300,82.818164,1.657619,3.420633,12.886531,0
2024-06-05,sz.300756,14.3964693000,14.7234366000,14.2676640000,14.3370207000,14.5649070000,3454506,50605792.0200,2,2.918600,1,-1.564600,81.522370,1.631683,3.367113,12.684905,0
2024-06-06,sz.300756,14.1983073000,14.4162855000,13.4750160000,13.7524428000,14.3370207000,4969882,69329456.3200,2,4.198800,1,-4.077400,78.198376,1.565153,3.229822,12.167691,0
2024-06-07,sz.300756,13.7724000000,14.0917600000,13.7724000000,14.0318800000,13.7524400000,2476900,34631967.0000,2,2.092600,1,2.031900,79.212476,1.585450,3.271708,12.325485,0
2024-06-11,sz.300756,13.8023400000,14.0518400000,13.6726000000,13.9819800000,14.0318800000,2297400,31979172.0000,2,1.941000,1,-0.355600,78.930781,1.579812,3.260073,12.281653,0
2024-06-12,sz.300756,13.8522400000,14.4410600000,13.8522400000,14.4410600000,13.9819800000,3025005,43000806.3500,2,2.555700,1,3.283400,81.522370,1.631683,3.367113,12.684905,0
2024-06-13,sz.300756,14.2714000000,14.5209000000,14.2314800000,14.2714000000,14.4410600000,2200200,31584431.0000,2,1.858900,1,-1.174800,80.564609,1.612514,3.327555,12.535877,0
2024-06-14,sz.300756,14.1815800000,14.6706000000,14.1117200000,14.3811800000,14.2714000000,2933900,42431339.0000,2,2.478700,1,0.769200,81.184337,1.624918,3.353151,12.632307,0
2024-06-17,sz.300756,14.1516400000,14.4111200000,14.1516400000,14.2813800000,14.3811800000,2110900,30164640.0000,2,1.783400,1,-0.694000,80.620948,1.613641,3.329882,12.544644,0
2024-06-18,sz.300756,14.2514400000,14.4211000000,14.2115200000,14.3512400000,14.2813800000,1834100,26315501.0000,2,1.549600,1,0.489200,81.015320,1.621535,3.346170,12.606008,0
2024-06-19,sz.300756,14.3712000000,14.7504400000,14.2015400000,14.6207000000,14.3512400000,3551764,51642375.3200,2,3.000700,1,1.877600,82.536470,1.651981,3.408998,12.842700,0
2024-06-20,sz.300756,14.5708000000,14.7504400000,14.2714000000,14.5807800000,14.6207000000,3172700,46128401.0000,2,2.680500,1,-0.273000,82.311114,1.647470,3.399690,12.807634,0
2024-06-21,sz.300756,14.4909600000,14.8801800000,14.4410600000,14.5408600000,14.5807800000,3015500,44350819.0000,2,2.547700,1,-0.273800,82.085759,1.642960,3.390383,12.772569,0
2024-06-24,sz.300756,14.0418600000,14.4510400000,13.6526400000,13.7823800000,14.5408600000,4362500,60905151.0000,2,3.685700,1,-5.216200,77.804003,1.557260,3.213534,12.106326,0
2024-06-25,sz.300756,13.9620200000,14.3512400000,13.7724000000,14.1815800000,13.7823800000,3387140,47896638.0000,2,2.861600,1,2.896500,80.057559,1.602365,3.306612,12.456980,0
2024-06-26,sz.300756,14.1217000000,14.3013400000,13.8322800000,14.2015400000,14.1815800000,2771000,39012894.0000,2,2.341100,1,0.140700,80.170237,1.604620,3.311266,12.474513,0
2024-06-27,sz.300756,14.1716000000,14.7704000000,14.0318800000,14.4211000000,14.2015400000,3943300,57136529.0000,2,3.331500,1,1.546000,81.409692,1.629428,3.362459,12.667373,0
2024-06-28,sz.300756,14.3213000000,14.9201000000,14.2813800000,14.8901600000,14.4211000000,5931180,87130119.1800,2,5.011000,1,3.252600,84.057620,1.682427,3.471826,13.079391,0
2024-07-01,sz.300756,15.1696000000,15.1696000000,14.6107200000,14.6905600000,14.8901600000,3973392,58840001.0100,2,3.356900,1,-1.340500,82.930842,1.659874,3.425287,12.904064,0
2024-07-02,sz.300756,14.8901600000,14.8901600000,14.4211000000,14.4909600000,14.6905600000,3346558,49027487.1600,2,2.827400,1,-1.358700,81.804064,1.637321,3.378748,12.728737,0
2024-07-03,sz.300756,14.3312800000,14.8502400000,14.2714000000,14.5408600000,14.4909600000,3228300,47003139.0000,2,2.727500,1,0.344400,82.085759,1.642960,3.390383,12.772569,0
2024-07-04,sz.300756,14.3412600000,14.4011400000,13.8722000000,13.9221000000,14.5408600000,2933901,41242045.0800,2,2.478700,1,-4.255300,78.592748,1.573046,3.246111,12.229055,0
2024-07-05,sz.300756,13.7923600000,14.0518400000,13.7324800000,13.9620200000,13.9221000000,1389880,19372753.8000,2,1.174200,1,0.286700,78.818103,1.577557,3.255419,12.264121,0
2024-07-08,sz.300756,13.9121200000,14.0518400000,13.1237000000,13.3532400000,13.9620200000,3666937,49478802.4800,2,3.098000,1,-4.360300,75.381431,1.508771,3.113474,11.729373,0
2024-07-09,sz.300756,13.4131200000,13.4231000000,12.8941600000,13.3732000000,13.3532400000,2179000,28865261.0000,2,1.840900,1,0.149500,75.494109,1.511027,3.118128,11.746906,0
2024-07-10,sz.300756,13.1736000000,13.3732000000,12.9241000000,12.9540400000,13.3732000000,1583583,20850427.5000,2,1.337900,1,-3.134300,73.127876,1.463666,3.020396,11.378719,0
2024-07-11,sz.300756,13.1736000000,13.4330800000,13.0837800000,13.4031400000,12.9540400000,1730500,23042523.0000,2,1.462000,1,3.466900,75.663126,1.514410,3.125109,11.773205,0
2024-07-12,sz.300756,13.4630200000,13.8622200000,13.3332800000,13.3732000000,13.4031400000,2043987,27892895.3200,2,1.726900,1,-0.223400,75.494109,1.511027,3.118128,11.746906,0
2024-07-15,sz.300756,13.2534400000,13.3532400000,12.9340800000,12.9939600000,13.3732000000,1526320,19991463.4000,2,1.289500,1,-2.835800,73.353231,1.468177,3.029704,11.413785,0
2024-07-16,sz.300756,12.9740000000,13.0937600000,12.8941600000,13.0239000000,12.9939600000,937896,12211578.1600,2,0.792400,1,0.230400,73.522248,1.471560,3.036685,11.440084,0
2024-07-17,sz.300756,13.0338800000,13.2135200000,12.8742000000,12.9141200000,13.0239000000,1023349,13363136.8100,2,0.864600,1,-0.842900,72.902520,1.459156,3.011088,11.343654,0
2024-07-18,sz.300756,12.8742000000,12.8941600000,12.4750000000,12.7145200000,12.9141200000,1343300,17037591.0000,2,1.134900,1,-1.545600,71.775742,1.436603,2.964549,11.168327,0
2024-07-19,sz.300756,12.7145200000,12.9041400000,12.4949600000,12.7544400000,12.7145200000,973940,12455609.0000,2,0.822800,1,0.314000,72.001098,1.441114,2.973857,11.203393,0
2024-07-22,sz.300756,12.8342800000,12.8841800000,12.6746000000,12.8243000000,12.7544400000,710000,9105418.0000,2,0.599800,1,0.547700,72.395470,1.449007,2.990145,11.264757,0
2024-07-23,sz.300756,12.8243000000,13.0239000000,12.4750000000,12.5249000000,12.8243000000,995716,12746598.6400,2,0.841200,1,-2.334600,70.705304,1.415178,2.920336,11.001767,0
2024-07-24,sz.300756,12.3352800000,12.5947600000,12.1456600000,12.1456600000,12.5249000000,1070100,13239902.0000,2,0.904100,1,-3.027900,68.564426,1.372328,2.831912,10.668645,0
2024-07-25,sz.300756,12.1456600000,12.4251000000,11.9859800000,12.2754000000,12.1456600000,995367,12253961.7800,2,0.840900,1,1.068200,69.296831,1.386987,2.862162,10.782608,0
2024-07-26,sz.300756,12.3752000000,12.5648200000,12.3352800000,12.5648200000,12.2754000000,860516,10753130.0000,2,0.727000,1,2.357700,70.930659,1.419689,2.929644,11.036832,0
2024-07-29,sz.300756,12.1656200000,12.6546400000,12.1656200000,12.4949600000,12.5648200000,650116,8151502.4800,2,0.549300,1,-0.556000,70.536287,1.411795,2.913356,10.975467,0
2024-07-30,sz.300756,12.3652200000,12.6147200000,12.3652200000,12.5149200000,12.4949600000,590700,7396498.8000,2,0.499100,1,0.159700,70.648965,1.414050,2.918010,10.993000,0
2024-07-31,sz.300756,12.5149200000,13.1336800000,12.5149200000,13.0538400000,12.5149200000,1870520,24253207.0000,2,1.580300,1,4.306200,73.691265,1.474942,3.043665,11.466383,0
2024-08-01,sz.300756,13.0538400000,13.1636200000,12.9041400000,12.9041400000,13.0538400000,1516596,19735132.0000,2,1.281300,1,-1.146800,72.846181,1.458028,3.008761,11.334888,0
2024-08-02,sz.300756,12.8742000000,13.0039400000,12.7344800000,12.7843800000,12.9041400000,921236,11899564.1600,2,0.778300,1,-0.928100,72.170115,1.444496,2.980837,11.229692,0
2024-08-05,sz.300756,12.9241000000,13.1636200000,12.4251000000,12.4949600000,12.7843800000,1813000,23389123.0000,2,1.531700,1,-2.263900,70.536287,1.411795,2.913356,10.975467,0
2024-08-06,sz.300756,12.5049400000,12.8742000000,12.5049400000,12.7744000000,12.4949600000,1116800,14238384.0000,2,0.943500,1,2.236400,72.113776,1.443369,2.978510,11.220925,0
2024-08-07,sz.300756,12.7245000000,12.8542400000,12.6546400000,12.8143200000,12.7744000000,759980,9731958.6000,2,0.642100,1,0.312500,72.339131,1.447879,2.987818,11.255991,0
2024-08-08,sz.300756,12.7145200000,13.1436600000,12.6746000000,12.8542400000,12.8143200000,1704396,22108454.0800,2,1.440000,1,0.311500,72.564487,1.452390,2.997126,11.291056,0
2024-08-09,sz.300756,12.7444600000,13.4730000000,12.7444600000,12.9041400000,12.8542400000,2561032,33555095.2800,2,2.163700,1,0.388200,72.846181,1.458028,3.008761,11.334888,0
2024-08-12,sz.300756,12.6546400000,12.7544400000,12.3053400000,12.3752000000,12.9041400000,2049136,25579946.8000,2,1.731200,1,-4.099000,69.860220,1.398264,2.885432,10.870271,0
2024-08-13,sz.300756,12.3752000000,12.4051400000,12.1157200000,12.2853800000,12.3752000000,999296,12246251.1600,2,0.844300,1,-0.725800,69.353170,1.388115,2.864489,10.791374,0
2024-08-14,sz.300756,12.2654200000,12.4251000000,12.1756000000,12.3752000000,12.2853800000,885800,10922855.0000,2,0.748400,1,0.731100,69.860220,1.398264,2.885432,10.870271,0
2024-08-15,sz.300756,12.3352800000,12.5249000000,12.0758000000,12.4750000000,12.3752000000,1464900,18127363.0000,2,1.237600,1,0.806500,70.423609,1.409540,2.908702,10.957935,0
2024-08-16,sz.300756,12.4750000000,12.5348800000,12.1955600000,12.2255000000,12.4750000000,1112100,13702782.0000,2,0.939600,1,-2.000000,69.015137,1.381349,2.850528,10.738776,0
2024-08-19,sz.300756,12.2055400000,12.3352800000,12.0957600000,12.1257000000,12.2255000000,752456,9218829.9200,2,0.635700,1,-0.816300,68.451748,1.370073,2.827258,10.651113,0
2024-08-20,sz.300756,12.2853800000,12.2853800000,11.7364800000,11.8362800000,12.1257000000,1174800,14015698.0000,2,0.992500,1,-2.386800,66.817920,1.337371,2.759776,10.396889,0
2024-08-21,sz.300756,11.8562400000,11.9660200000,11.7863800000,11.7963600000,11.8362800000,654240,7782520.4000,2,0.552700,1,-0.337300,66.592565,1.332861,2.750468,10.361823,0
2024-08-22,sz.300756,11.7364800000,11.8662200000,11.3772000000,11.4171200000,11.7963600000,1078936,12507854.0400,2,0.911500,1,-3.214900,64.451687,1.290011,2.662044,10.028702,0
2024-08-23,sz.300756,11.3672200000,11.4171200000,11.0678200000,11.1676200000,11.4171200000,1218949,13702983.5100,2,1.029800,1,-2.185300,63.043215,1.261820,2.603870,9.809543,0
2024-08-26,sz.300756,11.2175200000,11.5468600000,11.0877800000,11.5069400000,11.1676200000,1216370,13902232.5000,2,1.027700,1,3.038400,64.958737,1.300160,2.682986,10.107599,0
2024-08-27,sz.300756,11.4670200000,11.5568400000,11.2474600000,11.3372800000,11.5069400000,863497,9855986.5500,2,0.729500,1,-1.474400,64.000976,1.280990,2.643428,9.958571,0
2024-08-28,sz.300756,11.3372800000,11.7265000000,10.9979600000,11.4670200000,11.3372800000,1120670,12881423.9000,2,0.854000,1,1.144400,-218.557669,1.305225,2.964525,14.061253,0
2024-08-29,sz.300756,11.4470600000,11.7664200000,11.3073400000,11.6965600000,11.4670200000,1098183,12723206.9700,2,0.836800,1,2.001700,-222.932627,1.331352,3.023867,14.342723,0
2024-08-30,sz.300756,11.6965600000,12.1955600000,11.6566400000,11.9360800000,11.6965600000,1227320,14748968.2000,2,0.935200,1,2.047800,-227.497800,1.358615,3.085789,14.636430,0
2024-09-02,sz.300756,11.9261000000,12.0558400000,11.8462600000,11.8762000000,11.9360800000,929900,11124544.0000,2,0.708600,1,-0.501700,-226.356507,1.351800,3.070308,14.563003,0
2024-09-03,sz.300756,11.8762000000,12.0758000000,11.8063400000,11.9261000000,11.8762000000,663469,7940389.6700,2,0.505600,1,0.420200,-227.307585,1.357480,3.083209,14.624192,0
2024-09-04,sz.300756,11.8861800000,12.0259000000,11.8063400000,11.8462600000,11.9261000000,792300,9449370.0000,2,0.603700,1,-0.669500,-225.785860,1.348392,3.062568,14.526290,0
2024-09-05,sz.300756,11.9161200000,12.0957600000,11.8662200000,12.0259000000,11.8462600000,1126800,13537414.4400,2,0.858600,1,1.516400,-229.209740,1.368839,3.109010,14.746571,0
2024-09-06,sz.300756,12.1756000000,12.1756000000,11.7863800000,11.8462600000,12.0259000000,1110639,13314649.9300,2,0.846300,1,-1.493800,-225.785860,1.348392,3.062568,14.526290,0
2024-09-09,sz.300756,11.8263000000,12.1756000000,11.6865800000,11.9460600000,11.8462600000,1492820,17958070.2000,2,1.137600,1,0.842500,-227.688016,1.359751,3.088369,14.648668,0
2024-09-10,sz.300756,11.9560400000,11.9760000000,11.6766000000,11.8462600000,11.9460600000,1168600,13821541.0000,2,0.890500,1,-0.835400,-225.785860,1.348392,3.062568,14.526290,0
2024-09-11,sz.300756,11.8462600000,11.9460600000,11.7564400000,11.8263000000,11.8462600000,693680,8232538.6000,2,0.528600,1,-0.168500,-225.405429,1.346120,3.057408,14.501814,0
2024-09-12,sz.300756,11.8662200000,12.0358800000,11.7664200000,11.8063400000,11.8263000000,929056,11101147.8900,2,0.708000,1,-0.168800,-225.024998,1.343848,3.052248,14.477339,0
2024-09-13,sz.300756,11.8163200000,11.8861800000,11.5169200000,11.5269000000,11.8063400000,1050460,12326363.8000,2,0.800500,1,-2.366900,-219.698963,1.312041,2.980005,14.134680,0
2024-09-18,sz.300756,11.6366800000,11.6366800000,11.1975600000,11.4770000000,11.5269000000,1222364,13968870.6400,2,0.931500,1,-0.432900,-218.747885,1.306361,2.967105,14.073491,0
2024-09-19,sz.300756,11.5967600000,11.9261000000,11.4271000000,11.8263000000,11.4770000000,1022837,12040256.6800,2,0.779400,1,3.043500,-225.405429,1.346120,3.057408,14.501814,0
2024-09-20,sz.300756,11.7664200000,11.8263000000,11.4969600000,11.5967600000,11.8263000000,1124100,13137707.0000,2,0.856600,1,-1.940900,-221.030472,1.319993,2.998066,14.220344,0
2024-09-23,sz.300756,11.6566400000,11.7464600000,11.3871800000,11.4570400000,11.5967600000,1469500,16959372.0000,2,1.119800,1,-1.204800,-218.367454,1.304089,2.961944,14.049015,0
2024-09-24,sz.300756,11.4869800000,11.8462600000,11.4869800000,11.7863800000,11.4570400000,1621314,19024336.6200,2,1.235500,1,2.874600,-224.644567,1.341576,3.047087,14.452863,0
2024-09-25,sz.300756,11.8861800000,12.2155200000,11.7963600000,12.0458600000,11.7863800000,1746900,21123698.0000,2,1.331200,1,2.201500,-229.590171,1.371111,3.114170,14.771046,0
2024-09-26,sz.300756,12.1356800000,12.5049400000,11.9959600000,12.5049400000,12.0458600000,2496720,30737035.6000,2,1.902500,1,3.811100,-238.340087,1.423366,3.232854,15.333986,0
2024-09-27,sz.300756,12.6446600000,13.1736000000,12.3951600000,13.0039400000,12.5049400000,4577401,58593833.0100,2,3.488100,1,3.990400,-247.850864,1.480164,3.361859,15.945877,0
2024-09-30,sz.300756,13.4730000000,15.1496400000,13.0837800000,15.1097200000,13.0039400000,8845954,126006250.5200,2,6.740800,1,16.193400,-287.986346,1.719853,3.906258,18.528056,0
2024-10-08,sz.300756,17.0658000000,17.4550200000,14.5708000000,15.8981400000,15.1097200000,11666101,188057547.3600,2,8.889800,1,5.218000,-303.013375,1.809594,4.110085,19.494844,0
2024-10-09,sz.300756,14.9700000000,15.0797800000,13.3632200000,13.3831800000,15.8981400000,6857064,97448518.2500,2,5.225200,1,-15.819200,-255.079055,1.523331,3.459902,16.410914,0
2024-10-10,sz.300756,13.6526400000,14.2714000000,13.1736000000,13.7923600000,13.3831800000,4471480,61183735.4000,2,3.407400,1,3.057400,-262.877893,1.569905,3.565686,16.912664,0
2024-10-11,sz.300756,13.5229000000,13.5628200000,13.0338800000,13.1736000000,13.7923600000,3115578,41587726.6800,2,2.374100,1,-4.486300,-251.084529,1.499475,3.405720,16.153920,0
2024-10-14,sz.300756,13.1536400000,13.3732000000,12.8043400000,13.2933600000,13.1736000000,2558647,33774613.9800,2,1.949700,1,0.909100,-253.367115,1.513107,3.436681,16.300773,0
2024-10-15,sz.300756,13.2933600000,13.4829800000,13.0438600000,13.1037400000,13.2933600000,2457224,32713928.1200,2,1.872500,1,-1.426400,-249.753020,1.491524,3.387660,16.068255,0
2024-10-16,sz.300756,12.9839800000,13.2634200000,12.9839800000,13.1636200000,13.1037400000,1921740,25276040.6000,2,1.464400,1,0.457000,-250.894313,1.498339,3.403140,16.141682,0
2024-10-17,sz.300756,13.2235000000,13.4730000000,13.1636200000,13.2135200000,13.1636200000,2569800,34253819.0000,2,1.958200,1,0.379100,-251.845391,1.504019,3.416041,16.202871,0
2024-10-18,sz.300756,13.1137200000,13.7225000000,13.1137200000,13.5129200000,13.2135200000,3656492,49282905.9500,2,2.786300,1,2.265900,-257.551858,1.538098,3.493443,16.570005,0
2024-10-21,sz.300756,13.5728000000,14.5508400000,13.5129200000,14.0518400000,13.5129200000,4335078,60772243.5400,2,3.303400,1,3.988200,-267.823497,1.599440,3.632768,17.230848,0
2024-10-22,sz.300756,14.0518400000,14.7404600000,13.8322800000,14.4710000000,14.0518400000,5682971,81835033.2500,2,4.330500,1,2.983000,-275.812551,1.647151,3.741132,17.744836,0
2024-10-23,sz.300756,14.3712000000,15.1097200000,14.3213000000,14.5009400000,14.4710000000,5428553,79582982.5700,2,4.136700,1,0.206900,-276.383197,1.650559,3.748872,17.781549,0
2024-10-24,sz.300756,14.4710000000,14.7903600000,14.2714000000,14.5009400000,14.5009400000,3458000,50209986.6000,2,2.635100,1,0.000000,-276.383197,1.650559,3.748872,17.781549,0
2024-10-25,sz.300756,14.4610200000,14.6506400000,14.1716000000,14.4510400000,14.5009400000,4731640,68312079.6000,2,3.605600,1,-0.344100,-275.432120,1.644879,3.735972,17.720360,0
2024-10-28,sz.300756,14.4310800000,15.2394600000,14.3712000000,15.0897600000,14.4510400000,5801975,86385084.3400,2,4.421200,1,4.419900,-287.605915,1.717581,3.901098,18.503581,0
2024-10-29,sz.300756,15.3492400000,15.9280800000,14.8901600000,15.0897600000,15.0897600000,8481163,131109081.3200,2,6.462800,1,0.000000,-72.205297,1.715547,4.507760,10.844521,0
2024-10-30,sz.300756,14.9300800000,15.8482400000,14.5109200000,15.7484400000,15.0897600000,7988449,122473017.7200,2,6.087300,1,4.365100,-75.357116,1.790432,4.704527,11.317893,0
2024-10-31,sz.300756,15.5887600000,16.1975400000,15.3292800000,15.5488400000,15.7484400000,6787299,106667809.1000,2,5.172000,1,-1.267400,-74.402019,1.767740,4.644900,11.174447,0
2024-11-01,sz.300756,15.5488400000,15.6686000000,14.7803800000,14.8402600000,15.5488400000,4224340,63964971.4000,2,3.219000,1,-4.557100,-71.011426,1.687181,4.433227,10.665213,0
2024-11-04,sz.300756,14.8402600000,15.1197000000,14.4710000000,14.7604200000,14.8402600000,3044964,44752759.8400,2,2.320300,1,-0.538000,-70.629388,1.678105,4.409376,10.607835,0
2024-11-05,sz.300756,14.7105200000,15.0498400000,14.5708000000,14.8302800000,14.7604200000,3897286,57888368.6600,2,2.969800,1,0.473300,-70.963672,1.686047,4.430245,10.658041,0
2024-11-06,sz.300756,14.9201000000,15.0598200000,14.4809800000,14.6506400000,14.8302800000,4210700,62109610.2400,2,3.208600,1,-1.211300,-70.104085,1.665624,4.376581,10.528940,0
2024-11-07,sz.300756,14.6306800000,15.4690000000,14.3811800000,15.4191000000,14.6506400000,6535711,99452563.3200,2,4.980300,1,5.245200,-73.781206,1.752990,4.606143,11.081207,0
2024-11-08,sz.300756,15.4191000000,15.5288800000,14.9001400000,15.2494400000,15.4191000000,5460692,82899257.6200,2,4.161200,1,-1.100300,-72.969374,1.733701,4.555461,10.959278,0
2024-11-11,sz.300756,15.0698000000,15.4989400000,14.9899600000,15.4590200000,15.2494400000,3595880,55173465.1200,2,2.740100,1,1.374300,-73.972226,1.757528,4.618069,11.109896,0
2024-11-12,sz.300756,15.3093200000,17.2654000000,15.3093200000,16.8562200000,15.4590200000,13147062,215259141.2400,2,10.018300,1,9.038100,-80.657901,1.916375,5.035454,12.114018,0
2024-11-13,sz.300756,16.4969400000,16.4969400000,15.3093200000,15.6286800000,16.8562200000,10183576,159556125.3400,2,7.760100,1,-7.282400,-74.784058,1.776817,4.668751,11.231825,0
2024-11-14,sz.300756,15.4889600000,15.8282800000,14.8502400000,14.9101200000,15.6286800000,5909692,90101361.8000,2,4.503300,1,-4.597700,-71.345710,1.695124,4.454096,10.715419,0
2024-11-15,sz.300756,14.7704000000,15.3292800000,14.7105200000,14.7105200000,14.9101200000,3972800,59750929.4000,2,3.027300,1,-1.338700,-70.390614,1.672431,4.394469,10.571973,0
2024-11-18,sz.300756,14.8602200000,14.9600200000,14.2813800000,14.3911600000,14.7105200000,3619056,52891119.5600,2,2.757800,1,-2.171000,-68.862459,1.636124,4.299067,10.342460,0
2024-11-19,sz.300756,14.4710000000,14.8203000000,14.3811800000,14.8103200000,14.3911600000,1894200,27691023.6000,2,1.443400,1,2.912600,-70.868162,1.683778,4.424283,10.643696,0
2024-11-20,sz.300756,14.7903600000,15.5288800000,14.7105200000,15.3193000000,14.8103200000,3031364,46170957.6400,2,2.310000,1,3.436700,-73.303658,1.741643,4.576330,11.009484,0
2024-11-21,sz.300756,15.3193000000,15.8482400000,15.2494400000,15.5288800000,15.3193000000,3025700,47098131.0000,2,2.305600,1,1.368100,-74.306509,1.765470,4.638938,11.160102,0
2024-11-22,sz.300756,15.4690000000,15.6187000000,14.6805800000,14.7404600000,15.5288800000,3041400,46303504.2000,2,2.317600,1,-5.077100,-70.533878,1.675835,4.403413,10.593490,0
2024-11-25,sz.300756,14.8203000000,17.1755800000,14.8203000000,16.5368600000,14.7404600000,11027322,178726441.5500,2,8.403000,1,12.186900,-79.129747,1.880067,4.940051,11.884505,0
2024-11-26,sz.300756,16.6666000000,17.2454400000,16.2175000000,16.5268800000,16.5368600000,12734642,214575755.3200,2,9.704000,1,-0.060400,-79.081992,1.878932,4.937070,11.877332,0
2024-11-27,sz.300756,16.3173000000,16.5468400000,15.8183000000,16.5069200000,16.5268800000,5846735,95413814.1600,2,4.455300,1,-0.120800,-78.986482,1.876663,4.931107,11.862988,0
2024-11-28,sz.300756,16.4470400000,16.8262800000,16.2474400000,16.3173000000,16.5069200000,3649016,60265486.2200,2,2.780600,1,-1.148700,-78.079141,1.855105,4.874462,11.726714,0
2024-11-29,sz.300756,16.3173000000,16.7564200000,16.1177000000,16.5767800000,16.3173000000,3929060,64850660.4000,2,2.994000,1,1.590200,-79.320766,1.884606,4.951977,11.913194,0
2024-12-02,sz.300756,16.5169000000,17.2454400000,16.4969400000,16.8961400000,16.5767800000,7169845,122096373.5800,2,5.463600,1,1.926600,-80.848921,1.920913,5.047379,12.142708,0
2024-12-03,sz.300756,16.8462400000,17.1157000000,16.7863600000,16.9061200000,16.8961400000,4066760,69065283.9100,2,3.098900,1,0.059100,-80.896676,1.922048,5.050360,12.149880,0
2024-12-04,sz.300756,16.7963400000,16.9560200000,16.2674000000,16.3871600000,16.9061200000,3469098,57826644.5200,2,2.643500,1,-3.069700,-78.413425,1.863048,4.895332,11.776920,0
2024-12-05,sz.300756,16.4270800000,16.9161000000,16.1775800000,16.8163000000,16.3871600000,4308405,71495416.0000,2,3.283100,1,2.618800,-80.466882,1.911836,5.023528,12.085329,0
2024-12-06,sz.300756,16.8362600000,16.9360600000,16.3572200000,16.6765800000,16.8163000000,3150304,52503363.4000,2,2.400600,1,-0.830900,-79.798315,1.895952,4.981790,11.984917,0
2024-12-09,sz.300756,16.6366600000,16.6765800000,16.1376600000,16.4570200000,16.6765800000,3295300,54175707.0000,2,2.511100,1,-1.316600,-78.747708,1.870990,4.916201,11.827126,0
2024-12-10,sz.300756,16.8662000000,16.9759800000,16.5268800000,16.5767800000,16.4570200000,3961880,66683646.2400,2,3.019000,1,0.727700,-79.320766,1.884606,4.951977,11.913194,0
2024-12-11,sz.300756,16.4969400000,16.8163000000,16.3173000000,16.6266800000,16.5767800000,3265040,54022771.2000,2,2.488000,1,0.301000,-79.559540,1.890279,4.966883,11.949055,0
2024-12-12,sz.300756,16.6167000000,17.1556200000,16.3472400000,16.9759800000,16.6266800000,7129318,120649380.6200,2,5.432700,1,2.100800,-81.230959,1.929990,5.071230,12.200086,0
2024-12-13,sz.300756,16.8362600000,17.6546200000,16.7564200000,17.0857600000,16.9759800000,12782759,220181005.1600,2,9.740700,1,0.646700,-81.756262,1.942471,5.104024,12.278981,0
2024-12-16,sz.300756,17.2654000000,17.4151000000,16.6067200000,16.7664000000,17.0857600000,8702354,148034614.8200,2,6.631400,1,-1.869200,-80.228108,1.906163,5.008622,12.049468,0
2024-12-17,sz.300756,16.5767800000,16.6266800000,15.5089200000,15.5688000000,16.7664000000,8502584,134645727.0400,2,6.479100,1,-7.142900,-74.497529,1.770009,4.650863,11.188791,0
2024-12-18,sz.300756,15.5787800000,16.0179000000,15.1296800000,15.7983400000,15.5688000000,3999318,62941011.0800,2,3.047600,1,1.474400,-75.595890,1.796105,4.719434,11.353754,0
2024-12-19,sz.300756,15.5388600000,16.0079200000,15.3492400000,15.8482400000,15.7983400000,3044335,47888384.1500,2,2.319800,1,0.315900,-75.834664,1.801778,4.734340,11.389616,0
2024-12-20,sz.300756,15.7584200000,16.3572200000,15.7484400000,15.9380600000,15.8482400000,3386530,54205595.9800,2,2.580600,1,0.566800,-76.264457,1.811990,4.761172,11.454167,0
2024-12-23,sz.300756,15.8382600000,15.8482400000,15.1995400000,15.2294800000,15.9380600000,4574714,70949251.2000,2,3.486000,1,-4.445800,-72.873865,1.731432,4.549498,10.944933,0
2024-12-24,sz.300756,15.2793800000,15.6486400000,15.0797800000,15.4989400000,15.2294800000,2790260,42891767.6400,2,2.126200,1,1.769300,-74.163245,1.762066,4.629994,11.138585,0
2024-12-25,sz.300756,15.4290800000,15.5089200000,14.8702000000,15.0897600000,15.4989400000,2640300,39944086.0000,2,2.012000,1,-2.640100,-72.205297,1.715547,4.507760,10.844521,0
2024-12-26,sz.300756,15.0698000000,15.9680000000,14.9300800000,15.4690000000,15.0897600000,3911263,61105154.7100,2,2.980500,1,2.513200,-74.019981,1.758663,4.621050,11.117068,0
2024-12-27,sz.300756,15.4889600000,15.9580200000,15.3692000000,15.4789800000,15.4690000000,3007140,47226285.4000,2,2.291500,1,0.064500,-74.067735,1.759797,4.624031,11.124241,0
2024-12-30,sz.300756,15.3292800000,15.4091200000,14.8602200000,15.1895600000,15.4789800000,2290600,34689594.0000,2,1.745500,1,-1.869800,-72.682845,1.726893,4.537573,10.916244,0
2024-12-31,sz.300756,15.2195000000,15.4290800000,14.8602200000,14.8602200000,15.1895600000,2630914,39880818.6000,2,2.004800,1,-2.168200,-71.106936,1.689451,4.439189,10.679558,0
2025-01-02,sz.300756,14.8402600000,15.1596200000,14.2614200000,14.4610200000,14.8602200000,2616064,38634626.5600,2,1.993500,1,-2.686400,-69.196743,1.644066,4.319936,10.392666,0
2025-01-03,sz.300756,14.5109200000,14.5907600000,13.5827800000,13.5827800000,14.4610200000,2878707,40186413.2400,2,2.193600,1,-6.073200,-64.994318,1.544219,4.057580,9.761503,0
2025-01-06,sz.300756,13.4929600000,13.8921600000,13.0139200000,13.8223000000,13.5827800000,2305700,31421704.9200,2,1.757000,1,1.763400,-66.140434,1.571450,4.129132,9.933639,0
2025-01-07,sz.300756,13.8023400000,14.4610200000,13.8023400000,14.4011400000,13.8223000000,1940880,27609294.8000,2,1.479000,1,4.187700,-68.910214,1.637258,4.302048,10.349632,0
2025-01-08,sz.300756,14.4011400000,14.7504400000,14.1616200000,14.5109200000,14.4011400000,1916600,27840702.0000,2,1.460500,1,0.762300,-69.435517,1.649739,4.334843,10.428527,0
2025-01-09,sz.300756,14.5109200000,14.6506400000,14.3113200000,14.5408600000,14.5109200000,1232152,17898280.0000,2,0.938900,1,0.206300,-69.578782,1.653143,4.343787,10.450044,0
2025-01-10,sz.300756,14.4410600000,14.6406600000,14.0817800000,14.0817800000,14.5408600000,1431900,20647759.9000,2,1.091100,1,-3.157200,-67.382060,1.600950,4.206646,10.120118,0
2025-01-13,sz.300756,13.9720000000,14.3612200000,13.7624200000,14.2514400000,14.0817800000,1152715,16310073.3000,2,0.878400,1,1.204800,-68.193892,1.620239,4.257329,10.242048,0
2025-01-14,sz.300756,14.5209000000,15.2494400000,14.4809800000,15.1995400000,14.2514400000,3099628,46546028.3200,2,2.362000,1,6.652700,-72.730600,1.728028,4.540554,10.923416,0
2025-01-15,sz.300756,15.2294800000,15.4390600000,15.0498400000,15.1995400000,15.1995400000,2799986,42848458.4800,2,2.133600,1,0.000000,-72.730600,1.728028,4.540554,10.923416,0
2025-01-16,sz.300756,15.2694000000,15.4091200000,15.0698000000,15.2494400000,15.1995400000,2420700,37041335.0000,2,1.844600,1,0.328300,-72.969374,1.733701,4.555461,10.959278,0
2025-01-17,sz.300756,15.1696000000,15.6486400000,15.1696000000,15.4191000000,15.2494400000,3635100,56207969.0000,2,2.770000,1,1.112600,-73.781206,1.752990,4.606143,11.081207,0
2025-01-20,sz.300756,15.7783800000,16.0079200000,15.3692000000,15.7684000000,15.4191000000,3831521,60667194.0300,2,2.919700,1,2.265400,-75.452625,1.792701,4.710490,11.332237,0
2025-01-21,sz.300756,15.8682000000,15.9181000000,15.5688000000,15.6686000000,15.7684000000,2637216,41518877.9600,2,2.009600,1,-0.632900,-74.975077,1.781355,4.680676,11.260514,0
2025-01-22,sz.300756,15.6486400000,15.6486400000,15.1895600000,15.2694000000,15.6686000000,3377600,51875166.0000,2,2.573800,1,-2.547800,-73.064884,1.735970,4.561423,10.973622,0
2025-01-23,sz.300756,15.3692000000,15.6386600000,15.1696000000,15.2893600000,15.2694000000,2783884,43046995.2000,2,2.121400,1,0.130700,-73.160394,1.738239,4.567386,10.987967,0
2025-01-24,sz.300756,15.2993400000,16.1276800000,15.2993400000,16.1077200000,15.2893600000,5330889,84841536.4000,2,4.062200,1,5.352500,-77.076289,1.831278,4.811855,11.576096,0
2025-01-27,sz.300756,16.1276800000,16.8163000000,16.1276800000,16.6067200000,16.1077200000,5550464,92278519.0400,2,4.229600,1,3.097900,-79.464031,1.888009,4.960921,11.934711,0
2025-02-05,sz.300756,16.6067200000,16.7664000000,16.1476400000,16.2574200000,16.6067200000,2982179,48787644.0300,2,2.272500,1,-2.103400,-77.792612,1.848298,4.856574,11.683680,0
2025-02-06,sz.300756,16.2574200000,16.5468400000,16.1276800000,16.4969400000,16.2574200000,2890292,47307252.3300,2,2.202500,1,1.473300,-78.938728,1.875529,4.928126,11.855816,0
2025-02-07,sz.300756,16.4869600000,16.9460400000,16.3272800000,16.5468400000,16.4969400000,3231770,54035372.1200,2,2.462700,1,0.302500,-79.177502,1.881202,4.943033,11.891677,0
2025-02-10,sz.300756,16.4670000000,16.7963400000,16.4670000000,16.7564200000,16.5468400000,2571216,43037099.8000,2,1.959300,1,1.266600,-80.180353,1.905029,5.005640,12.042295,0
2025-02-11,sz.300756,16.7763800000,16.9660000000,16.6666000000,16.8362600000,16.7564200000,2749034,46343350.3400,2,2.094800,1,0.476500,-80.562392,1.914106,5.029491,12.099674,0
2025-02-12,sz.300756,16.8163000000,17.3951400000,16.8163000000,17.3252800000,16.8362600000,4063366,69984983.8500,2,3.096400,1,2.904600,-82.902378,1.969702,5.175576,12.451117,0
2025-02-13,sz.300756,17.3252800000,17.4949400000,16.6167000000,16.7065200000,17.3252800000,4478880,76458637.2000,2,3.413000,1,-3.571400,-79.941579,1.899356,4.990734,12.006434,0
2025-02-14,sz.300756,16.7065200000,16.9560200000,16.5069200000,16.8262800000,16.7065200000,3209726,53892315.2600,2,2.445900,1,0.716800,-80.514637,1.912971,5.026510,12.092501,0
2025-02-17,sz.300756,16.7963400000,16.9460400000,16.5767800000,16.8562200000,16.8262800000,3419418,57278862.0100,2,2.605700,1,0.177900,-80.657901,1.916375,5.035454,12.114018,0
2025-02-18,sz.300756,16.7863600000,16.9759800000,16.3771800000,16.4869600000,16.8562200000,2356700,39336289.0000,2,1.795800,1,-2.190600,-78.890973,1.874394,4.925145,11.848643,0
2025-02-19,sz.300756,16.4869600000,16.7065200000,16.3971400000,16.4869600000,16.4869600000,2446674,40475275.3100,2,1.864400,1,0.000000,-78.890973,1.874394,4.925145,11.848643,0
2025-02-20,sz.300756,16.3672000000,16.7364600000,16.3672000000,16.6167000000,16.4869600000,2706311,44973809.8400,2,2.062300,1,0.786900,-79.511786,1.889144,4.963902,11.941883,0
2025-02-21,sz.300756,16.6266800000,17.0458400000,16.4670000000,16.6765800000,16.6167000000,2918258,48738569.8900,2,2.223800,1,0.360400,-79.798315,1.895952,4.981790,11.984917,0
2025-02-24,sz.300756,16.7564200000,18.3133000000,16.4769800000,16.9759800000,16.6765800000,9594084,167892061.4800,2,7.310900,1,1.795300,-81.230959,1.929990,5.071230,12.200086,0
2025-02-25,sz.300756,16.9061200000,18.0837600000,16.6865600000,17.6945400000,16.9759800000,8616573,150542729.3700,2,6.566000,1,4.232800,-84.669307,2.011683,5.285885,12.716492,0
2025-02-26,sz.300756,17.7045200000,18.1336600000,17.5947400000,17.8642000000,17.6945400000,8465132,151954978.9900,2,6.450600,1,0.958800,-85.481139,2.030972,5.336567,12.838421,0
2025-02-27,sz.300756,17.8542200000,18.2634000000,17.4550200000,17.5348600000,17.8642000000,5471345,97559111.6400,2,4.169300,1,-1.843600,-83.905230,1.993529,5.238184,12.601735,0
2025-02-28,sz.300756,17.4550200000,17.7145000000,17.2654000000,17.4550200000,17.5348600000,4496553,78560296.7200,2,3.426500,1,-0.455300,-83.523191,1.984452,5.214333,12.544357,0
2025-03-03,sz.300756,17.5747800000,18.4630000000,17.4749800000,17.5747800000,17.4550200000,9510618,171864418.2800,2,7.247300,1,0.686100,-84.096249,1.998068,5.250109,12.630424,0
2025-03-04,sz.300756,17.6646000000,18.0238800000,17.5149000000,17.7943400000,17.5747800000,4154885,73894040.2000,2,3.166100,1,1.249300,-85.146855,2.023029,5.315698,12.788215,0
2025-03-05,sz.300756,17.6646000000,17.7943400000,17.3751800000,17.6745800000,17.7943400000,3325520,58616646.2000,2,2.534100,1,-0.673000,-84.573797,2.009414,5.279922,12.702147,0
2025-03-06,sz.300756,17.7145000000,17.8143000000,17.5448400000,17.6147000000,17.6745800000,2909820,51487520.8800,2,2.217300,1,-0.338800,-84.287268,2.002606,5.262034,12.659113,0
2025-03-07,sz.300756,17.5149000000,17.7544200000,17.2454400000,17.4151000000,17.6147000000,3191544,55767658.0000,2,2.432000,1,-1.133100,-83.332172,1.979914,5.202408,12.515667,0
2025-03-10,sz.300756,17.4151000000,17.5847600000,17.2654000000,17.4350600000,17.4151000000,2040806,35646943.4000,2,1.555100,1,0.114600,-83.427681,1.982183,5.208370,12.530012,0
2025-03-11,sz.300756,17.3153000000,17.5149000000,17.1656000000,17.4749800000,17.4350600000,1987684,34601646.6400,2,1.514700,1,0.229000,-83.618701,1.986721,5.220296,12.558701,0
2025-03-12,sz.300756,17.4749800000,17.5648000000,17.2454400000,17.3053200000,17.4749800000,2279300,39616396.0000,2,1.736900,1,-0.970900,-82.806869,1.967433,5.169613,12.436772,0
2025-03-13,sz.300756,17.3252800000,17.3252800000,16.5568200000,16.7963400000,17.3053200000,4433922,74707748.4000,2,3.378700,1,-2.941200,-80.371372,1.909567,5.017566,12.070985,0
2025-03-14,sz.300756,16.8662000000,17.2354600000,16.4769800000,17.1556200000,16.7963400000,3462442,58752273.1200,2,2.638400,1,2.139000,-82.090546,1.950414,5.124893,12.329187,0
2025-03-17,sz.300756,17.1755800000,17.5248800000,17.0358600000,17.1955400000,17.1556200000,2626011,45357289.8500,2,2.001100,1,0.232700,-82.281565,1.954952,5.136819,12.357877,0
2025-03-18,sz.300756,17.1656000000,17.3851600000,17.0658000000,17.2155000000,17.1955400000,1983869,34145149.5500,2,1.511700,1,0.116100,-82.377075,1.957221,5.142781,12.372221,0
2025-03-19,sz.300756,17.1356600000,17.2853600000,16.9360600000,17.0159000000,17.2155000000,1947820,33386410.0000,2,1.484300,1,-1.159400,-81.421979,1.934529,5.083155,12.228775,0
2025-03-20,sz.300756,16.8662000000,17.1755800000,16.7364600000,16.7763800000,17.0159000000,2486559,42223153.7400,2,1.894800,1,-1.407600,-80.275863,1.907298,5.011603,12.056640,0
2025-03-21,sz.300756,16.6765800000,17.4051200000,16.3472400000,16.6865600000,16.7763800000,4851138,81065278.1600,2,3.696700,1,-0.535400,-79.846069,1.897086,4.984771,11.992089,0
2025-03-24,sz.300756,16.8362600000,17.1456400000,16.2474400000,16.5967400000,16.6865600000,5679574,94917978.1200,2,4.327900,1,-0.538300,-79.416276,1.886875,4.957939,11.927539,0
2025-03-25,sz.300756,16.4570200000,17.0558200000,16.2773800000,16.8861600000,16.5967400000,5073778,84587775.4600,2,3.866300,1,1.743800,-80.801166,1.919779,5.044398,12.135535,0
2025-03-26,sz.300756,16.7863600000,17.4849600000,16.7564200000,17.2953400000,16.8861600000,4316722,74633925.4400,2,3.289400,1,2.423200,-82.759114,1.966298,5.166632,12.429600,0
2025-03-27,sz.300756,17.2853600000,17.5348600000,17.0258800000,17.3652000000,17.2953400000,4619170,80106564.8000,2,3.519900,1,0.403900,-83.093397,1.974241,5.187501,12.479806,0
2025-03-28,sz.300756,17.2753800000,17.3552200000,16.7664000000,16.8163000000,17.3652000000,3568604,60593479.5200,2,2.719300,1,-3.160900,-80.466882,1.911836,5.023528,12.085329,0
2025-03-31,sz.300756,16.6167000000,17.1057200000,16.4670000000,17.0159000000,16.8163000000,3520900,59167682.5600,2,2.683000,1,1.186900,-81.421979,1.934529,5.083155,12.228775,0
2025-04-01,sz.300756,17.0957400000,17.6546200000,17.0159000000,17.4250800000,17.0159000000,4250282,74159193.1800,2,3.238800,1,2.404700,-83.379926,1.981048,5.205389,12.522840,0
2025-04-02,sz.300756,17.4051200000,17.5947400000,17.1755800000,17.2654000000,17.4250800000,2440600,42423304.0000,2,1.859800,1,-0.916400,-82.615849,1.962894,5.157688,12.408083,0
2025-04-03,sz.300756,17.1356600000,17.5548200000,16.9660000000,17.1157000000,17.2654000000,3215774,55599966.7000,2,2.450500,1,-0.867100,-81.899527,1.945875,5.112968,12.300498,0
2025-04-07,sz.300756,16.1975400000,16.1975400000,14.3013400000,14.7205000000,17.1157000000,7230221,110792158.6500,2,5.509600,1,-13.994200,-70.438369,1.673566,4.397451,10.579146,0
2025-04-08,sz.300756,15.0897600000,15.6087200000,14.8602200000,15.5588200000,14.7205000000,4713444,72176775.8000,2,3.591700,1,5.694900,-74.449774,1.768874,4.647882,11.181619,0
2025-04-09,sz.300756,15.1696000000,17.2354600000,14.7903600000,17.0957400000,15.5588200000,8702162,141731322.2600,2,6.631200,1,9.878100,-81.804017,1.943606,5.107005,12.286154,0
2025-04-10,sz.300756,17.0857600000,17.9739800000,16.9161000000,17.6945400000,17.0957400000,8323337,146774936.8200,2,6.342500,1,3.502600,-84.669307,2.011683,5.285885,12.716492,0
2025-04-11,sz.300756,17.7544200000,17.9640000000,17.5747800000,17.7644000000,17.6945400000,5408948,96229930.1000,2,4.121700,1,0.394800,-85.003591,2.019625,5.306754,12.766698,0
2025-04-14,sz.300756,17.8642000000,18.4131000000,17.7544200000,17.8442400000,17.7644000000,6791534,123176048.1100,2,5.175300,1,0.449400,-85.385629,2.028702,5.330605,12.824076,0
2025-04-15,sz.300756,17.9540200000,18.5328600000,17.6646000000,17.7544200000,17.8442400000,4063300,73042165.2000,2,3.096300,1,-0.503400,-84.955836,2.018491,5.303773,12.759526,0
2025-04-16,sz.300756,17.8342600000,17.8741800000,17.1855600000,17.4650000000,17.7544200000,4125471,72397505.4400,2,3.143700,1,-1.630100,-83.570946,1.985587,5.217314,12.551529,0
2025-04-17,sz.300756,17.3352600000,18.1137000000,17.2753800000,17.9240800000,17.4650000000,4973953,89092321.4800,2,3.790200,1,2.628600,-85.767668,2.037779,5.354455,12.881455,0
2025-04-18,sz.300756,17.7743800000,18.1935400000,16.8761800000,16.8861600000,17.9240800000,5817606,101181600.1200,2,4.433100,1,-5.790600,-80.801166,1.919779,5.044398,12.135535,0
2025-04-21,sz.300756,16.9161000000,17.2254800000,16.4869600000,16.5668000000,16.8861600000,6006013,100817209.5600,2,4.576700,1,-1.891300,-79.273011,1.883471,4.948995,11.906022,0
2025-04-22,sz.300756,16.6167000000,16.6266800000,16.3372600000,16.5568200000,16.5668000000,4113195,67931624.2000,2,3.134300,1,-0.060200,-79.225257,1.882336,4.946014,11.898849,0
2025-04-23,sz.300756,16.6566200000,16.8861600000,16.5368600000,16.6566200000,16.5568200000,3375360,56624877.6000,2,2.572100,1,0.602800,-79.702805,1.893683,4.975827,11.970572,0
2025-04-24,sz.300756,16.2474400000,16.9859600000,16.1276800000,16.8163000000,16.6566200000,4989473,83073116.4000,2,3.802100,1,0.958700,-873.937481,1.923525,4.434539,119.833487,0
2025-04-25,sz.300756,16.7963400000,17.6047200000,16.5468400000,17.5548200000,16.8163000000,5978100,103506300.0000,2,4.555400,1,4.391700,-912.318118,2.008001,4.629290,125.096203,0
2025-04-28,sz.300756,17.4650000000,17.7145000000,17.1855600000,17.5648000000,17.5548200000,3961500,69315516.0000,2,3.018700,1,0.056900,-912.836775,2.009142,4.631922,125.167321,0
2025-04-29,sz.300756,17.3751800000,18.0338600000,17.3751800000,18.0039200000,17.5648000000,4255470,76149508.0000,2,3.242700,1,2.500000,-935.657695,2.059371,4.747720,128.296504,0
2025-04-30,sz.300756,17.9440400000,18.0937400000,17.7544200000,17.7743800000,18.0039200000,4746660,85249548.6000,2,3.617000,1,-1.274900,-923.728578,2.033115,4.687189,126.660795,0
2025-05-06,sz.300756,17.8143000000,18.5029200000,17.3552200000,18.5029200000,17.7743800000,8981346,162691617.3000,2,6.844000,1,4.098800,-961.590558,2.116449,4.879309,131.852394,0
2025-05-07,sz.300756,18.5628000000,18.7624000000,18.1536200000,18.6725800000,18.5029200000,13072513,242022860.9200,2,9.961500,1,0.916900,-970.407731,2.135855,4.924049,133.061397,0
2025-05-08,sz.300756,18.6127000000,20.1196800000,18.5129000000,19.3911400000,18.6725800000,12323726,240775917.9900,2,9.390900,1,3.848200,-1007.751054,2.218047,5.113536,138.181878,0
2025-05-09,sz.300756,19.5907400000,20.1596000000,19.1416400000,19.8402400000,19.3911400000,10251640,202902724.0000,2,7.811900,1,2.316000,-1031.090630,2.269417,5.231966,141.382179,0
2025-05-12,sz.300756,19.9600000000,21.8362400000,19.7604000000,20.9380400000,19.8402400000,11812715,248549246.7200,2,9.001500,1,5.533200,-1088.142929,2.394989,5.521461,149.205136,0
2025-05-13,sz.300756,21.1077000000,21.6965200000,20.9879400000,21.2374400000,20.9380400000,7545494,160500240.4900,2,5.749800,1,1.429900,-1103.702647,2.429236,5.600415,151.338670,0
2025-05-14,sz.300756,21.1875400000,21.5568000000,21.0977200000,21.3871400000,21.2374400000,8115416,173507533.8400,2,6.184100,1,0.704900,-1111.482505,2.446359,5.639891,152.405437,0
2025-05-15,sz.300756,21.5368400000,22.8342400000,21.3073000000,22.4051000000,21.3871400000,10328165,228511370.6200,2,7.870300,1,4.759700,-1164.385546,2.562798,5.908332,159.659452,0
2025-05-16,sz.300756,22.0757600000,23.3033000000,21.8462200000,22.9540000000,22.4051000000,9281808,212397753.8000,2,7.072900,1,2.449900,-1192.911695,2.625584,6.053080,163.570931,0
2025-05-19,sz.300756,22.8242600000,23.8222600000,22.6246600000,23.6925200000,22.9540000000,8892612,206338537.3100,2,6.776300,1,3.217400,-1231.292332,2.710059,6.247831,168.833648,0
2025-05-20,sz.300756,23.7623800000,27.4450000000,23.4530000000,26.5168600000,23.6925200000,17461689,447585512.4700,2,13.306100,1,11.920800,-1378.072336,3.033120,6.992623,188.959984,0
2025-05-21,sz.300756,25.8482000000,26.9460000000,24.9100800000,25.3192600000,26.5168600000,15496703,402480273.6900,2,11.808800,1,-4.516400,-1315.833465,2.896133,6.676810,180.425849,0
2025-05-22,sz.300756,25.1795400000,25.6985000000,24.5308400000,25.0997000000,25.3192600000,10239958,257886631.1600,2,7.803000,1,-0.867200,-1304.423006,2.871019,6.618911,178.861257,0
2025-05-23,sz.300756,25.1795400000,26.0777400000,24.4510000000,25.4190600000,25.0997000000,8757806,222350870.3600,2,6.673600,1,1.272400,-1321.020038,2.907548,6.703128,181.137027,0
2025-05-26,sz.300756,25.3292400000,25.4290400000,24.6106800000,24.9500000000,25.4190600000,8256193,206199574.9000,2,6.291400,1,-1.845300,-1296.643147,2.853895,6.579434,177.794490,0
2025-05-27,sz.300756,25.0100000000,25.2700000000,24.3300000000,24.9100000000,24.9500000000,6018803,149526682.8600,2,4.586400,1,-0.160300,-1291.975232,2.843621,6.555748,177.154430,0
2025-05-28,sz.300756,24.6500000000,25.0800000000,24.1000000000,24.8200000000,24.9100000000,6471499,159341241.6400,2,4.931400,1,-0.361300,-1287.307316,2.833347,6.532062,176.514370,0
2025-05-29,sz.300756,24.9500000000,25.3300000000,24.6900000000,25.2400000000,24.8200000000,5455960,136836843.0600,2,4.157500,1,1.692200,-1309.090921,2.881293,6.642597,179.501317,0
2025-05-30,sz.300756,25.0000000000,25.2600000000,24.6600000000,24.7500000000,25.2400000000,4184916,104188314.1600,2,3.189000,1,-1.941400,-1283.676715,2.825356,6.513640,176.016545,0
2025-06-03,sz.300756,24.7300000000,25.4500000000,24.4800000000,25.1800000000,24.7500000000,3344707,84095638.4000,2,2.548700,1,1.737400,-1305.978978,2.874443,6.626806,179.074611,0
2025-06-04,sz.300756,25.1700000000,25.4500000000,24.6300000000,25.4400000000,25.1800000000,5514873,138720222.8400,2,4.202400,1,1.032600,-1319.464066,2.904124,6.695232,180.923673,0
2025-06-05,sz.300756,25.5500000000,26.5800000000,25.2600000000,25.8500000000,25.4400000000,9045799,233428405.6900,2,6.893100,1,1.611600,-1340.729014,2.950928,6.803135,183.839503,0
2025-06-06,sz.300756,26.1000000000,26.6800000000,25.3700000000,25.4400000000,25.8500000000,6045490,156203703.6300,2,4.606800,1,-1.586100,-1319.464066,2.904124,6.695232,180.923673,0
2025-06-09,sz.300756,25.9000000000,28.7900000000,25.6500000000,27.7800000000,25.4400000000,12111724,328861858.9900,2,9.229400,1,9.198100,-1440.829865,3.171248,7.311067,197.565238,0
2025-06-10,sz.300756,27.8000000000,28.2700000000,27.2000000000,27.5000000000,27.7800000000,8681015,240121605.7400,2,6.615100,1,-1.007900,-1426.307462,3.139285,7.237378,195.573939,0
2025-06-11,sz.300756,27.4600000000,27.8000000000,26.6900000000,26.9200000000,27.5000000000,5370837,145098008.7400,2,4.092700,1,-2.109100,-1396.225341,3.073074,7.084735,191.449107,0
2025-06-12,sz.300756,26.9200000000,27.2300000000,26.6600000000,26.7100000000,26.9200000000,3533900,95136800.8800,2,2.692900,1,-0.780100,-1385.333538,3.049102,7.029468,189.955634,0
2025-06-13,sz.300756,26.4100000000,26.9400000000,26.2300000000,26.4800000000,26.7100000000,3511462,93368231.8600,2,2.675800,1,-0.861100,-1373.404421,3.022846,6.968937,188.319924,0
2025-06-16,sz.300756,26.2200000000,26.7500000000,26.1000000000,26.4800000000,26.4800000000,2863047,75677082.6800,2,2.181700,1,0.000000,-1373.404421,3.022846,6.968937,188.319924,0
2025-06-17,sz.300756,26.5200000000,27.2800000000,26.3500000000,26.9200000000,26.4800000000,4456551,119312949.8000,2,3.396000,1,1.661600,-1396.225341,3.073074,7.084735,191.449107,0
2025-06-18,sz.300756,26.8000000000,27.2500000000,26.6500000000,27.1800000000,26.9200000000,2846556,76972969.5800,2,2.169100,1,0.965800,-1409.710429,3.102755,7.153161,193.298170,0
2025-06-19,sz.300756,27.2000000000,27.8800000000,26.7400000000,26.8100000000,27.1800000000,4155752,113365822.2400,2,3.166800,1,-1.361300,-1390.520111,3.060517,7.055785,190.666811,0
2025-06-20,sz.300756,26.1500000000,27.1000000000,26.1500000000,26.4300000000,26.8100000000,3600138,95949141.0300,2,2.743400,1,-1.417400,-1370.811135,3.017138,6.955778,187.964335,0
2025-06-23,sz.300756,26.2400000000,27.3600000000,26.2400000000,27.2700000000,26.4300000000,3458881,93176947.8600,2,2.635700,1,3.178200,-1414.378345,3.113029,7.176847,193.938230,0
2025-06-24,sz.300756,27.4900000000,28.1400000000,27.0400000000,27.9000000000,27.2700000000,3814126,105291206.5700,2,2.906400,1,2.310200,-1447.053752,3.184947,7.342649,198.418651,0
2025-06-25,sz.300756,27.9000000000,28.2200000000,27.6600000000,28.0000000000,27.9000000000,2839904,79486388.9500,2,2.164100,1,0.358400,-1452.240324,3.196363,7.368966,199.129829,0
2025-06-26,sz.300756,28.2200000000,29.6600000000,28.1500000000,28.7300000000,28.0000000000,6629205,191798728.9600,2,5.051600,1,2.607100,-1490.102304,3.279696,7.561086,204.321428,0
2025-06-27,sz.300756,28.7400000000,29.9900000000,28.3200000000,29.4700000000,28.7300000000,5598820,162123812.8000,2,4.266400,1,2.575700,-1528.482942,3.364172,7.755837,209.584145,0
2025-06-30,sz.300756,28.8900000000,29.5000000000,28.5000000000,28.6900000000,29.4700000000,4021294,116632841.7300,2,3.064300,1,-2.646800,-1488.027675,3.275130,7.550559,204.036957,0
2025-07-01,sz.300756,28.5600000000,28.8600000000,27.7800000000,28.0800000000,28.6900000000,3463066,97512825.6100,2,2.638900,1,-2.126200,-1456.389583,3.205495,7.390021,199.698772,0
2025-07-02,sz.300756,28.0800000000,28.3700000000,24.8100000000,25.1000000000,28.0800000000,10727900,283270987.3300,2,8.174900,1,-10.612500,-1301.829719,2.865311,6.605752,178.505668,0
2025-07-03,sz.300756,24.8500000000,25.3000000000,24.5200000000,25.1300000000,25.1000000000,6509532,162219037.4400,2,4.960400,1,0.119500,-1303.385691,2.868735,6.613647,178.719022,0
2025-07-04,sz.300756,25.1300000000,26.8700000000,25.0000000000,26.2000000000,25.1300000000,4895924,128417415.0200,2,3.730800,1,4.257900,-1358.882018,2.990882,6.895247,186.328626,0
2025-07-07,sz.300756,26.0000000000,26.6000000000,25.9000000000,26.1900000000,26.2000000000,3335880,87443327.0000,2,2.542000,1,-0.038200,-1358.363361,2.989741,6.892615,186.257508,0
2025-07-08,sz.300756,26.1900000000,26.9500000000,26.0100000000,26.5000000000,26.1900000000,2589988,68337894.7600,2,1.973600,1,1.183700,-1374.441736,3.025129,6.974200,188.462160,0
2025-07-09,sz.300756,26.6600000000,26.6600000000,26.3000000000,26.3400000000,26.5000000000,1831528,48468063.0800,2,1.395700,1,-0.603800,-1366.143220,3.006864,6.932092,187.324275,0
2025-07-10,sz.300756,26.3400000000,26.4900000000,25.9400000000,26.0200000000,26.3400000000,1719417,44976544.3000,2,1.310200,1,-1.214900,-1349.546187,2.970334,6.847875,185.048506,0
2025-07-11,sz.300756,25.9200000000,26.9000000000,25.9200000000,26.5900000000,26.0200000000,1918784,50836924.0000,2,1.462100,1,2.190600,-1379.109651,3.035403,6.997886,189.102220,0
2025-07-14,sz.300756,26.9200000000,26.9900000000,26.4800000000,26.8900000000,26.5900000000,1765810,47221178.7000,2,1.345600,1,1.128200,-1394.669369,3.069650,7.076840,191.235754,0
2025-07-15,sz.300756,27.0300000000,27.1500000000,26.3000000000,26.5900000000,26.8900000000,1990799,53001201.3000,2,1.517000,1,-1.115700,-1379.109651,3.035403,6.997886,189.102220,0
2025-07-16,sz.300756,26.6600000000,27.0000000000,26.3200000000,26.8100000000,26.5900000000,1550293,41434990.4600,2,1.181400,1,0.827400,-1390.520111,3.060517,7.055785,190.666811,0
2025-07-17,sz.300756,26.6600000000,27.1900000000,26.4500000000,26.7100000000,26.8100000000,1611787,43041973.8600,2,1.228200,1,-0.373000,-1385.333538,3.049102,7.029468,189.955634,0
2025-07-18,sz.300756,26.8800000000,27.1100000000,26.5800000000,26.6100000000,26.7100000000,1587460,42536393.7100,2,1.209700,1,-0.374400,-1380.146966,3.037686,7.003150,189.244456,0
2025-07-21,sz.300756,25.6000000000,26.3500000000,24.0100000000,26.2100000000,26.6100000000,5507722,141314365.0100,2,4.197000,1,-1.503200,-1359.400675,2.992024,6.897879,186.399744,0
2025-07-22,sz.300756,26.1700000000,27.6000000000,26.1700000000,27.5400000000,26.2100000000,4217475,114458213.3900,2,3.213800,1,5.074400,-1428.382091,3.143851,7.247905,195.858411,0
2025-07-23,sz.300756,27.6200000000,28.4800000000,26.9200000000,26.9800000000,27.5400000000,3560248,98081262.4400,2,2.713000,1,-2.033400,-1399.337284,3.079924,7.100526,191.875814,0
2025-07-24,sz.300756,26.9800000000,27.2900000000,25.9600000000,26.0900000000,26.9800000000,3473762,91938048.7600,2,2.647100,1,-3.298700,-1353.176788,2.978325,6.866298,185.546330,0
2025-07-25,sz.300756,26.1100000000,26.6500000000,25.9500000000,26.0700000000,26.0900000000,2418856,63505951.7600,2,1.843200,1,-0.076700,-1352.139474,2.976042,6.861034,185.404095,0
2025-07-28,sz.300756,26.0700000000,26.3700000000,25.6500000000,25.7600000000,26.0700000000,2788700,72068174.0000,2,2.125000,1,-1.189100,-1336.061099,2.940654,6.779449,183.199443,0
2025-07-29,sz.300756,25.8900000000,26.2800000000,25.4600000000,26.0000000000,25.7600000000,2273200,58949469.5500,2,1.732200,1,0.931700,-1348.508873,2.968051,6.842612,184.906270,0
2025-07-30,sz.300756,25.8900000000,26.3000000000,25.8400000000,26.0000000000,26.0000000000,2258706,58679470.7000,2,1.721200,1,0.000000,-1348.508873,2.968051,6.842612,184.906270,0
2025-07-31,sz.300756,26.0000000000,27.6800000000,25.9700000000,26.5600000000,26.0000000000,5896034,158521311.4500,2,4.492900,1,2.153800,-1377.553679,3.031978,6.989991,188.888867,0
2025-08-01,sz.300756,26.6800000000,26.7800000000,25.9300000000,26.3800000000,26.5600000000,2896034,76010934.8100,2,2.206800,1,-0.677700,-1368.217849,3.011430,6.942619,187.608746,0
2025-08-04,sz.300756,26.1100000000,28.3100000000,26.1100000000,27.8000000000,26.3800000000,5730006,156728855.3800,2,4.366400,1,5.382900,-1441.867179,3.173531,7.316331,197.707473,0
2025-08-05,sz.300756,27.7800000000,28.6700000000,27.5300000000,27.5900000000,27.8000000000,4521207,126558380.2500,2,3.445200,1,-0.755400,-1430.975377,3.149559,7.261064,196.214000,0
2025-08-06,sz.300756,27.6500000000,28.9600000000,27.5000000000,28.6900000000,27.5900000000,5370641,152611256.9500,2,4.092500,1,3.987000,-1488.027675,3.275130,7.550559,204.036957,0
2025-08-07,sz.300756,28.5700000000,28.9200000000,28.3000000000,28.8800000000,28.6900000000,3956939,113490881.9700,2,3.015300,1,0.662300,-1497.882163,3.296820,7.600563,205.388195,0
2025-08-08,sz.300756,28.7500000000,29.1800000000,28.6000000000,28.8900000000,28.8800000000,2905126,83883538.8600,2,2.213800,1,0.034600,-1498.400821,3.297961,7.603194,205.459313,0
2025-08-11,sz.300756,29.0000000000,31.1800000000,28.9300000000,30.5800000000,28.8900000000,9583773,290647935.2500,2,7.303000,1,5.849800,-1586.053897,3.490885,8.047964,217.478221,0
2025-08-12,sz.300756,30.5800000000,32.8000000000,30.5600000000,32.6400000000,30.5800000000,9402722,301043609.2200,2,7.165100,1,6.736400,-1692.897293,3.726046,8.590110,232.128487,0
2025-08-13,sz.300756,32.3700000000,33.0000000000,31.5200000000,31.9600000000,32.6400000000,6336571,202797222.1400,2,4.828600,1,-2.083300,-1657.628599,3.648420,8.411149,227.292476,0
2025-08-14,sz.300756,32.0500000000,32.5200000000,31.1700000000,31.6800000000,31.9600000000,5410263,172127156.0700,2,4.122700,1,-0.876100,-1643.106196,3.616456,8.337459,225.301178,0
2025-08-15,sz.300756,31.4900000000,32.2000000000,31.4100000000,32.0800000000,31.6800000000,4602043,146845170.6100,2,3.506800,1,1.262600,-1663.852486,3.662118,8.442730,228.145890,0
2025-08-18,sz.300756,32.5700000000,33.7700000000,31.9100000000,32.0700000000,32.0800000000,5674803,185339119.1800,2,4.324300,1,-0.031200,-1663.333829,3.660977,8.440098,228.074772,0
2025-08-19,sz.300756,32.9900000000,32.9900000000,31.5000000000,32.1500000000,32.0700000000,3404508,109629865.2900,2,2.594300,1,0.249500,-1667.483087,3.670109,8.461153,228.643715,0
2025-08-20,sz.300756,32.2600000000,32.5100000000,31.8100000000,32.1500000000,32.1500000000,2548244,82011796.3200,2,1.941800,1,0.000000,-1667.483087,3.670109,8.461153,228.643715,0
2025-08-21,sz.300756,32.1500000000,32.6800000000,32.0100000000,32.3600000000,32.1500000000,2938353,94846447.4900,2,2.239100,1,0.653200,-1678.374889,3.694082,8.516420,230.137188,0
2025-08-22,sz.300756,32.3800000000,33.5000000000,32.2800000000,33.4300000000,32.3600000000,4595118,151599003.3800,2,3.501600,1,3.306600,-1733.871216,3.816229,8.798020,237.746793,0
2025-08-25,sz.300756,34.0400000000,36.5000000000,33.0300000000,35.0500000000,33.4300000000,7758953,270943822.0000,2,5.912500,1,4.845900,-1817.893692,4.001161,9.224367,249.267876,0
2025-08-26,sz.300756,34.9700000000,35.7500000000,34.5100000000,35.5300000000,35.0500000000,5264228,185544234.6200,2,4.011400,1,1.369500,-1842.789240,4.055956,9.350692,252.681530,0
2025-08-27,sz.300756,35.5300000000,36.1200000000,34.3000000000,34.4000000000,35.5300000000,6755277,237944002.1400,2,5.147600,1,-3.180400,-1784.180970,3.926960,9.053302,244.645219,0
2025-08-28,sz.300756,35.0000000000,35.3900000000,33.4500000000,34.4100000000,34.4000000000,5615374,192212200.2600,2,4.279000,1,0.029100,197.243115,3.848265,9.418742,93.395321,0
2025-08-29,sz.300756,34.3500000000,37.4300000000,34.3500000000,36.6500000000,34.4100000000,9741864,352864143.6400,2,7.423500,1,6.509700,210.083121,4.098777,10.031877,99.475110,0
2025-09-01,sz.300756,36.7100000000,38.8000000000,36.1100000000,38.4100000000,36.6500000000,6692146,254191070.3400,2,5.099500,1,4.802200,220.171696,4.295608,10.513626,104.252086,0
2025-09-02,sz.300756,38.4100000000,38.7800000000,37.5900000000,38.1800000000,38.4100000000,5104212,194624040.1600,2,3.889500,1,-0.598800,218.853303,4.269886,10.450670,103.627822,0
2025-09-03,sz.300756,38.2100000000,38.7900000000,37.5100000000,37.8000000000,38.1800000000,3378427,128319223.3800,2,2.574400,1,-0.995300,216.675088,4.227388,10.346656,102.596429,0
2025-09-04,sz.300756,38.1300000000,38.5100000000,36.1300000000,36.6000000000,37.8000000000,5559884,207023995.5000,2,4.236700,1,-3.174600,209.796513,4.093185,10.018191,99.339400,0
2025-09-05,sz.300756,36.7600000000,38.9900000000,35.5100000000,38.8900000000,36.6000000000,6274974,236601766.2600,2,4.781600,1,6.256800,222.923126,4.349289,10.645012,105.554898,0
2025-09-08,sz.300756,38.8800000000,40.2400000000,38.7100000000,38.9000000000,38.8900000000,4545960,178651085.9700,2,3.464100,1,0.025700,222.980447,4.350407,10.647749,105.582040,0
2025-09-09,sz.300756,39.0000000000,39.2900000000,37.2500000000,37.5000000000,38.9000000000,3925538,148735801.1000,2,2.991300,1,-3.599000,214.955444,4.193837,10.264540,101.782172,0
2025-09-10,sz.300756,37.5400000000,38.9400000000,37.5400000000,38.7000000000,37.5000000000,5523716,211607329.8200,2,4.209200,1,3.200000,221.834018,4.328040,10.593005,105.039202,0
2025-09-11,sz.300756,38.8500000000,41.7700000000,38.5100000000,40.0900000000,38.7000000000,8447978,339184646.7900,2,6.437500,1,3.591700,229.801700,4.483492,10.973477,108.811927,0
2025-09-12,sz.300756,40.3800000000,40.5000000000,38.9800000000,39.9300000000,40.0900000000,5717640,226442142.4400,2,4.356900,1,-0.399100,228.884557,4.465598,10.929682,108.377657,0
2025-09-15,sz.300756,39.9300000000,41.9600000000,39.7000000000,41.3900000000,39.9300000000,7864464,322408705.4700,2,5.992900,1,3.656400,237.253489,4.628878,11.329315,112.340376,0
2025-09-16,sz.300756,41.4400000000,41.6700000000,40.1800000000,40.6200000000,41.3900000000,5603577,227719005.2300,2,4.270000,1,-1.860400,232.839737,4.542765,11.118550,110.250449,0
2025-09-17,sz.300756,41.0000000000,41.1400000000,39.5800000000,40.9800000000,40.6200000000,5717741,231425859.2800,2,4.357000,1,0.886300,234.903309,4.583026,11.217089,111.227558,0
2025-09-18,sz.300756,40.9800000000,43.3000000000,40.0100000000,40.3000000000,40.9800000000,6742152,280918116.2600,2,5.137600,1,-1.659300,231.005450,4.506977,11.030959,109.381908,0
2025-09-19,sz.300756,40.3000000000,41.8200000000,40.0300000000,41.2900000000,40.3000000000,4342252,178102069.7600,2,3.308900,1,2.456600,236.680274,4.617695,11.301943,112.068957,0
2025-09-22,sz.300756,41.0000000000,42.9500000000,40.7000000000,42.3600000000,41.2900000000,5550960,231983693.0500,2,4.229900,1,2.591400,242.813670,4.737359,11.594824,114.973142,0
2025-09-23,sz.300756,42.3600000000,43.3100000000,41.1700000000,43.2000000000,42.3600000000,5778650,244520042.7700,2,4.403400,1,1.983000,247.628671,4.831301,11.824750,117.253062,0
2025-09-24,sz.300756,44.2800000000,44.8400000000,42.3200000000,42.9400000000,43.2000000000,4899034,209764196.9700,2,3.733200,1,-0.601900,246.138314,4.802223,11.753582,116.547373,0
2025-09-25,sz.300756,42.8800000000,45.4500000000,42.4300000000,44.3500000000,42.9400000000,6348720,280537463.7300,2,4.837800,1,3.283700,254.220638,4.959912,12.139529,120.374382,0
2025-09-26,sz.300756,44.3500000000,46.1300000000,43.5000000000,44.4300000000,44.3500000000,6448285,287992318.2700,2,4.913700,1,0.180400,254.679210,4.968859,12.161427,120.591518,0
2025-09-29,sz.300756,44.0000000000,45.2800000000,43.7800000000,45.2300000000,44.4300000000,4843273,215653145.9600,2,3.690700,1,1.800600,259.264926,5.058327,12.380404,122.762871,0
2025-09-30,sz.300756,45.2800000000,46.9600000000,45.2800000000,46.8000000000,45.2300000000,4452726,205792013.3000,2,3.393100,1,3.471100,268.264394,5.233909,12.810146,127.024151,0
2025-10-09,sz.300756,46.6200000000,51.4600000000,46.1000000000,51.4000000000,46.8000000000,8906127,442952383.9200,2,6.786600,1,9.829100,294.632262,5.748353,14.069263,139.509431,0
2025-10-10,sz.300756,51.3900000000,54.3000000000,50.6800000000,53.4700000000,51.4000000000,8123491,429109185.9100,2,6.190300,1,4.027200,306.497802,5.979853,14.635865,145.127806,0
2025-10-13,sz.300756,50.0000000000,55.5400000000,50.0000000000,54.9300000000,53.4700000000,7678217,410707826.0000,2,5.850900,1,2.730500,314.866734,6.143133,15.035498,149.090526,0
2025-10-14,sz.300756,54.6700000000,59.0000000000,54.3800000000,58.6600000000,54.9300000000,8860686,507369172.5400,2,6.752000,1,6.790500,336.247636,6.560280,16.056478,159.214459,0
2025-10-15,sz.300756,58.9300000000,60.2700000000,55.7200000000,58.5500000000,58.6600000000,7899350,458931827.9900,2,6.019500,1,-0.187500,335.617100,6.547978,16.026368,158.915898,0
2025-10-16,sz.300756,58.6600000000,58.6600000000,55.6800000000,57.1300000000,58.5500000000,6352207,363521884.8000,2,4.840500,1,-2.425300,327.477454,6.389172,15.637684,155.061746,0
2025-10-17,sz.300756,57.0000000000,57.4200000000,52.5800000000,52.9000000000,57.1300000000,8474200,462280781.4800,2,6.457500,1,-7.404200,303.230480,5.916107,14.479844,143.580717,0
2025-10-20,sz.300756,53.2000000000,53.6000000000,50.8000000000,52.3600000000,52.9000000000,7067295,367870624.9000,2,5.385400,1,-1.020800,300.135121,5.855715,14.332035,142.115054,0
2025-10-21,sz.300756,52.6000000000,53.2800000000,51.3900000000,53.0500000000,52.3600000000,5141487,269059440.3700,2,3.917900,1,1.317800,304.090301,5.932882,14.520902,143.987846,0
2025-10-22,sz.300756,53.1000000000,55.7700000000,53.1000000000,54.5200000000,53.0500000000,6613060,361020475.7900,2,5.039300,1,2.771000,312.516555,6.097281,14.923272,147.977707,0
2025-10-23,sz.300756,54.2800000000,55.1500000000,52.5000000000,55.0300000000,54.5200000000,4605537,248657378.1900,2,3.509500,1,0.935400,315.439949,6.154317,15.062870,149.361945,0
2025-10-24,sz.300756,55.1000000000,56.4300000000,54.7300000000,55.4000000000,55.0300000000,3961201,219267191.4400,2,3.018500,1,0.672400,317.560843,6.195696,15.164147,150.366196,0
2025-10-27,sz.300756,55.4100000000,59.2500000000,55.4100000000,59.0900000000,55.4000000000,6423107,373945685.5100,2,4.894500,1,6.660600,338.712458,6.608369,16.174178,160.381561,0
2025-10-28,sz.300756,59.1800000000,60.1800000000,57.0000000000,57.3800000000,59.0900000000,5399564,315520006.3600,2,4.114600,1,-2.893900,328.910490,6.417131,15.706115,155.740294,0
2025-10-29,sz.300756,57.2700000000,59.3500000000,56.8000000000,59.2700000000,57.3800000000,4403240,254643057.8000,2,3.355400,1,3.293800,339.744244,6.628500,16.223447,160.870116,0
2025-10-30,sz.300756,59.3500000000,59.3900000000,53.2300000000,55.2800000000,59.2700000000,6884152,384371782.8400,2,5.245900,1,-6.731900,106.876135,5.950036,12.696118,-62.351950,0
2025-10-31,sz.300756,55.2000000000,56.7100000000,54.0000000000,55.3000000000,55.2800000000,4283608,237405249.6400,2,3.264200,1,0.036200,106.914803,5.952189,12.700711,-62.374509,0
2025-11-03,sz.300756,56.0000000000,56.0000000000,53.8700000000,55.3300000000,55.3000000000,3309760,181162117.2000,2,2.522100,1,0.054200,106.972803,5.955418,12.707601,-62.408347,0
2025-11-04,sz.300756,55.3500000000,57.6000000000,55.1100000000,56.7900000000,55.3300000000,3777485,211569725.7200,2,2.878500,1,2.638700,109.795509,6.112564,13.042918,-64.055124,0
2025-11-05,sz.300756,56.1100000000,56.9900000000,55.1600000000,55.8500000000,56.7900000000,2731317,153138091.5600,2,2.081300,1,-1.655200,107.978150,6.011388,12.827029,-62.994870,0
2025-11-06,sz.300756,55.8000000000,56.3900000000,54.6000000000,55.2200000000,55.8500000000,2254400,124440103.4000,2,1.717900,1,-1.128000,106.760134,5.943578,12.682337,-62.284274,0
2025-11-07,sz.300756,55.1900000000,55.6200000000,54.2400000000,55.1900000000,55.2200000000,2112297,116271502.2600,2,1.609600,1,-0.054300,106.702133,5.940349,12.675447,-62.250436,0
2025-11-10,sz.300756,55.1000000000,57.7400000000,55.0100000000,55.7200000000,55.1900000000,3474600,196189911.1400,2,2.647700,1,0.960300,107.726814,5.997395,12.797172,-62.848239,0
2025-11-11,sz.300756,55.7200000000,56.3800000000,53.6200000000,54.0500000000,55.7200000000,2718672,149144683.4000,2,2.071700,1,-2.997100,104.498103,5.817646,12.413624,-60.964597,0
2025-11-12,sz.300756,54.0700000000,54.4700000000,52.4300000000,53.7000000000,54.0500000000,4741870,252874453.0400,2,3.613400,1,-0.647500,103.821427,5.779973,12.333240,-60.569821,0
2025-11-13,sz.300756,53.6900000000,56.3900000000,53.4300000000,55.9700000000,53.7000000000,4114288,228746640.3800,2,3.135200,1,4.227200,108.210154,6.024304,12.854589,-63.130222,0
2025-11-14,sz.300756,55.9600000000,57.5600000000,55.3000000000,56.6000000000,55.9700000000,2877400,162835901.3200,2,2.192600,1,1.125600,109.428170,6.092114,12.999281,-63.840817,0
2025-11-17,sz.300756,56.6000000000,57.4800000000,54.8100000000,56.1200000000,56.6000000000,3134100,174904644.0600,2,2.388200,1,-0.848100,108.500158,6.040449,12.889040,-63.299411,0
2025-11-18,sz.300756,56.9800000000,57.3800000000,54.7000000000,56.0100000000,56.1200000000,2652343,148983275.2500,2,2.021100,1,-0.196000,108.287488,6.028609,12.863776,-63.175339,0
2025-11-19,sz.300756,57.1800000000,57.1800000000,55.2000000000,56.6500000000,56.0100000000,2830197,159486564.9200,2,2.156700,1,1.142700,109.524838,6.097495,13.010765,-63.897214,0
2025-11-20,sz.300756,57.1700000000,58.9800000000,55.5600000000,55.7700000000,56.6500000000,4401464,252097901.5200,2,3.354000,1,-1.553400,107.823482,6.002777,12.808656,-62.904636,0
2025-11-21,sz.300756,55.1500000000,55.7500000000,51.6900000000,52.4500000000,55.7700000000,3806093,202882761.9700,2,2.900300,1,-5.953000,101.404727,5.645430,12.046154,-59.159909,0
2025-11-24,sz.300756,53.0000000000,55.2600000000,52.9500000000,54.1900000000,52.4500000000,3732640,201916436.8000,2,2.844300,1,3.317400,104.768773,5.832714,12.445778,-61.122507,0
2025-11-25,sz.300756,54.8500000000,57.5000000000,54.8000000000,57.2100000000,54.1900000000,4367540,247462854.4000,2,3.328100,1,5.573000,110.607520,6.157771,13.139379,-64.528854,0
2025-11-26,sz.300756,57.7900000000,58.8700000000,56.6400000000,57.6800000000,57.2100000000,4186556,243038499.1200,2,3.190200,1,0.821500,111.516199,6.208359,13.247324,-65.058981,0
2025-11-27,sz.300756,57.6200000000,62.5000000000,57.6200000000,60.8900000000,57.6800000000,7996080,484656973.5100,2,6.093200,1,5.565200,117.722284,6.553866,13.984562,-68.679635,0
2025-11-28,sz.300756,60.8900000000,63.9200000000,58.5000000000,59.2400000000,60.8900000000,7861288,478462584.3600,2,5.990400,1,-2.709800,114.532241,6.376269,13.605608,-66.818552,0
2025-12-01,sz.300756,59.5300000000,59.9900000000,56.0800000000,56.5500000000,59.2400000000,6059364,347529511.8000,2,4.617300,1,-4.540900,109.331502,6.086732,12.987798,-63.784421,0
2025-12-02,sz.300756,56.0400000000,56.4800000000,53.7000000000,54.1000000000,56.5500000000,4384921,239908525.2400,2,3.341400,1,-4.332400,104.594771,5.823027,12.425108,-61.020993,0
2025-12-03,sz.300756,54.1700000000,55.1600000000,53.6000000000,54.1200000000,54.1000000000,3104240,168229478.4800,2,2.365500,1,0.037000,104.633438,5.825180,12.429701,-61.043552,0
2025-12-04,sz.300756,54.7400000000,54.8000000000,53.2500000000,53.4000000000,54.1200000000,2182000,117644676.0000,2,1.662700,1,-1.330400,103.241419,5.747683,12.264339,-60.231442,0
2025-12-05,sz.300756,52.9900000000,53.8800000000,52.6100000000,53.7200000000,53.4000000000,1775792,94787409.1600,2,1.353200,1,0.599300,103.860094,5.782126,12.337834,-60.592380,0
2025-12-08,sz.300756,54.0200000000,55.6000000000,54.0200000000,55.0900000000,53.7200000000,2562400,140811041.0000,2,1.952600,1,2.550300,106.508797,5.929585,12.652480,-62.137644,0
2025-12-09,sz.300756,55.2400000000,57.8500000000,54.8100000000,56.9900000000,55.0900000000,3751877,212676469.1200,2,2.859000,1,3.448900,110.182181,6.134091,13.088852,-64.280710,0
2025-12-10,sz.300756,56.5200000000,57.0500000000,55.6600000000,56.8200000000,56.9900000000,3244697,182955711.5700,2,2.472500,1,-0.298300,109.853510,6.115793,13.049808,-64.088962,0
2025-12-11,sz.300756,56.6000000000,57.8800000000,56.0000000000,56.1100000000,56.8200000000,2108460,119721246.0000,2,1.606700,1,-1.249600,108.480824,6.039373,12.886743,-63.288132,0
2025-12-12,sz.300756,56.3300000000,56.3300000000,54.2000000000,54.7900000000,56.1100000000,2613242,143335155.4800,2,1.991300,1,-2.352500,105.928789,5.897295,12.583580,-61.799265,0
2025-12-15,sz.300756,54.7100000000,56.0000000000,54.3600000000,54.9900000000,54.7900000000,2358150,130387963.9400,2,1.797000,1,0.365000,106.315461,5.918822,12.629514,-62.024851,0
2025-12-16,sz.300756,55.4000000000,55.9800000000,54.0000000000,55.6500000000,54.9900000000,2945200,162226456.0000,2,2.244300,1,1.200200,107.591478,5.989861,12.781095,-62.769284,0
2025-12-17,sz.300756,56.3400000000,56.5000000000,54.9100000000,56.0400000000,55.6500000000,2534893,141231874.9900,2,1.931600,1,0.700800,108.345489,6.031838,12.870666,-63.209177,0
2025-12-18,sz.300756,56.3800000000,56.8800000000,55.1200000000,55.1200000000,56.0400000000,2995200,167538870.0000,2,2.282400,1,-1.641700,106.566798,5.932815,12.659371,-62.171481,0
2025-12-19,sz.300756,55.1200000000,56.5100000000,54.5600000000,56.5100000000,55.1200000000,2298704,127514908.6500,2,1.751700,1,2.521800,109.254168,6.082426,12.978611,-63.739304,0
2025-12-22,sz.300756,56.0400000000,58.7000000000,56.0400000000,57.6600000000,56.5100000000,3562389,205137743.8600,2,2.714600,1,2.035000,111.477532,6.206206,13.242731,-65.036423,0
2025-12-23,sz.300756,57.8700000000,57.8900000000,56.0400000000,56.4000000000,57.6600000000,3002584,170463079.2400,2,2.288000,1,-2.185200,109.041498,6.070587,12.953347,-63.615231,0
2025-12-24,sz.300756,56.4000000000,59.6900000000,56.0000000000,58.4000000000,56.4000000000,4287444,249565412.2800,2,3.267100,1,3.546100,112.908218,6.285856,13.412686,-65.871091,0
2025-12-25,sz.300756,58.3400000000,61.9800000000,57.8600000000,61.3000000000,58.4000000000,4801728,289005534.4400,2,3.659000,1,4.965800,118.514962,6.597996,14.078727,-69.142087,0
2025-12-26,sz.300756,61.7400000000,61.8200000000,56.9100000000,57.7000000000,61.3000000000,5384097,319429286.0700,2,4.102800,1,-5.872800,111.554866,6.210512,13.251917,-65.081540,0
2025-12-29,sz.300756,58.2800000000,59.3800000000,58.0000000000,59.3500000000,57.7000000000,3070000,180524987.7200,2,2.339400,1,2.859600,114.744910,6.388109,13.630872,-66.942624,0
2025-12-30,sz.300756,59.3000000000,59.6300000000,58.3900000000,58.8400000000,59.3500000000,2050874,120808451.1600,2,1.562800,1,-0.859300,113.758897,6.333215,13.513740,-66.367380,0
2025-12-31,sz.300756,59.5700000000,59.5700000000,56.7800000000,56.8800000000,58.8400000000,3047399,176168056.6700,2,2.322200,1,-3.331100,109.969511,6.122251,13.063589,-64.156638,0
2026-01-05,sz.300756,56.8900000000,57.8900000000,56.5000000000,56.5400000000,56.8800000000,3008800,172367157.6900,2,2.292800,1,-0.597700,109.312169,6.085656,12.985501,-63.773142,0
2026-01-06,sz.300756,56.7700000000,58.2800000000,56.5000000000,57.0600000000,56.5400000000,4057392,233796575.4800,2,3.091800,1,0.919700,110.317516,6.141625,13.104929,-64.359665,0
2026-01-07,sz.300756,57.0700000000,57.1400000000,54.4300000000,54.7000000000,57.0600000000,4297438,237841719.2800,2,3.274700,1,-4.136000,105.754787,5.887608,12.562909,-61.697751,0
2026-01-08,sz.300756,54.7000000000,55.0800000000,52.7100000000,54.9000000000,54.7000000000,5172443,279248483.9700,2,3.941500,1,0.365600,106.141459,5.909135,12.608843,-61.923337,0
2026-01-09,sz.300756,55.3000000000,55.4400000000,53.8000000000,54.7600000000,54.9000000000,3772243,206776484.6400,2,2.874500,1,-0.255000,105.870788,5.894066,12.576690,-61.765427,0
2026-01-12,sz.300756,55.0000000000,56.8800000000,54.0600000000,55.8600000000,54.7600000000,5401918,299666620.7800,2,4.116400,1,2.008800,107.997484,6.012464,12.829326,-63.006149,0
2026-01-13,sz.300756,55.9100000000,56.7000000000,54.5900000000,54.8100000000,55.8600000000,3499646,194461796.3300,2,2.666800,1,-1.879700,105.967456,5.899448,12.588173,-61.821823,0
2026-01-14,sz.300756,54.7700000000,54.8900000000,52.6500000000,53.7100000000,54.8100000000,4205304,226187727.7200,2,3.204500,1,-2.006900,103.840760,5.781050,12.335537,-60.581101,0
2026-01-15,sz.300756,53.8000000000,54.6500000000,53.5400000000,54.0900000000,53.7100000000,2196940,118709803.0000,2,1.674100,1,0.707500,104.575437,5.821951,12.422811,-61.009714,0
2026-01-16,sz.300756,53.9000000000,54.4100000000,53.0200000000,53.6400000000,54.0900000000,2386165,127715166.9500,2,1.818300,1,-0.831900,103.705425,5.773515,12.319460,-60.502146,0
2026-01-19,sz.300756,53.6300000000,55.6600000000,53.4400000000,54.9200000000,53.6400000000,3333792,183500328.6000,2,2.540400,1,2.386300,106.180126,5.911288,12.613437,-61.945895,0
2026-01-20,sz.300756,54.9300000000,55.6800000000,53.7300000000,54.1600000000,54.9200000000,2804500,153324123.0000,2,2.137100,1,-1.383800,104.710772,5.829485,12.438888,-61.088669,0
2026-01-21,sz.300756,53.3400000000,55.2000000000,53.3400000000,53.4400000000,54.1600000000,3091464,167485759.8800,2,2.355800,1,-1.329400,103.318753,5.751989,12.273526,-60.276560,0
2026-01-22,sz.300756,52.9100000000,54.6900000000,52.9100000000,54.0500000000,53.4400000000,2894360,155941972.2000,2,2.205600,1,1.141500,104.498103,5.817646,12.413624,-60.964597,0
2026-01-23,sz.300756,54.0200000000,54.8000000000,53.0000000000,53.3200000000,54.0500000000,3466509,186103006.4100,2,2.641500,1,-1.350600,103.086750,5.739072,12.245966,-60.141208,0
2026-01-26,sz.300756,53.2900000000,54.2800000000,52.4000000000,52.8500000000,53.3200000000,3860800,204930686.0000,2,2.942000,1,-0.881500,102.178071,5.688484,12.138021,-59.611081,0
2026-01-27,sz.300756,52.5900000000,53.1700000000,50.8000000000,51.8400000000,52.8500000000,3703857,190729674.2800,2,2.822400,1,-1.911100,100.225377,5.579773,11.906055,-58.471872,0
2026-01-28,sz.300756,51.3700000000,52.4600000000,49.5300000000,50.9100000000,51.8400000000,4389547,223308065.0900,2,3.344900,1,-1.794000,98.427353,5.479673,11.692463,-57.422898,0
2026-01-29,sz.300756,50.4300000000,50.4700000000,47.7000000000,47.7200000000,50.9100000000,5608510,274809831.3000,2,4.273800,1,-6.266000,92.259934,5.136319,10.959818,-53.824802,0
2026-01-30,sz.300756,48.2000000000,49.5000000000,47.7100000000,49.1000000000,47.7200000000,3918383,190908406.9400,2,2.985900,1,2.891900,94.927971,5.284855,11.276762,-55.381345,0
2026-02-02,sz.300756,48.9900000000,50.2000000000,48.5200000000,49.2900000000,49.1000000000,3545200,175249799.0000,2,2.701500,1,0.387000,95.295310,5.305305,11.320399,-55.595652,0
2026-02-03,sz.300756,49.5700000000,50.5700000000,48.9000000000,49.3900000000,49.2900000000,2675000,132584938.0000,2,2.038400,1,0.202900,95.488646,5.316069,11.343366,-55.708445,0
2026-02-04,sz.300756,49.1700000000,49.7800000000,48.3900000000,48.5900000000,49.3900000000,2509600,122823193.0000,2,1.912400,1,-1.619800,93.941958,5.229961,11.159630,-54.806101,0
2026-02-05,sz.300756,48.1000000000,48.6800000000,47.3800000000,48.0000000000,48.5900000000,2527100,121136002.0000,2,1.925700,1,-1.214200,92.801275,5.166457,11.024125,-54.140622,0
2026-02-06,sz.300756,48.6100000000,49.5000000000,47.3700000000,48.8800000000,48.0000000000,2453740,119425580.6000,2,1.869800,1,1.833300,94.502632,5.261175,11.226234,-55.133201,0
2026-02-09,sz.300756,48.9000000000,49.9800000000,48.8000000000,49.3300000000,48.8800000000,2416540,119461924.0000,2,1.841400,1,0.920600,95.372644,5.309611,11.329585,-55.640769,0
2026-02-10,sz.300756,49.3400000000,49.7100000000,48.9100000000,49.1900000000,49.3300000000,1554152,76516762.6400,2,1.184300,1,-0.283800,95.101974,5.294542,11.297432,-55.482859,0
2026-02-11,sz.300756,49.4000000000,50.1700000000,48.8600000000,49.3500000000,49.1900000000,2111817,104560764.3300,2,1.609200,1,0.325300,95.411311,5.311763,11.334179,-55.663327,0
2026-02-12,sz.300756,49.2400000000,49.5000000000,48.6900000000,49.3900000000,49.3500000000,1901100,93530729.0000,2,1.448700,1,0.081100,95.488646,5.316069,11.343366,-55.708445,0
2026-02-13,sz.300756,49.4800000000,50.1800000000,49.2000000000,49.8900000000,49.3900000000,2506489,124576944.9000,2,1.910000,1,1.012400,96.455325,5.369886,11.458200,-56.272409,0
2026-02-24,sz.300756,50.0000000000,50.0800000000,48.1100000000,48.3500000000,49.8900000000,3130132,151840404.0400,2,2.385200,1,-3.086800,93.477951,5.204129,11.104510,-54.535398,0
2026-02-25,sz.300756,48.3500000000,49.5000000000,48.0800000000,49.4200000000,48.3500000000,2173538,106427112.8100,2,1.656300,1,2.213000,95.546646,5.319298,11.350256,-55.742283,0
2026-02-26,sz.300756,49.4000000000,49.7000000000,48.5900000000,49.0900000000,49.4200000000,1526800,74959674.0000,2,1.163500,1,-0.667700,94.908638,5.283778,11.274465,-55.370066,0
2026-02-27,sz.300756,48.6600000000,49.0100000000,48.2100000000,48.3900000000,49.0900000000,1518267,73666955.4200,2,1.156900,1,-1.426000,93.555286,5.208434,11.113696,-54.580515,0
2026-03-02,sz.300756,48.2000000000,48.2000000000,45.8000000000,45.8900000000,48.3900000000,3557100,165618211.0000,2,2.710600,1,-5.166400,88.721886,4.939348,10.539523,-51.760691,0
2026-03-03,sz.300756,45.9400000000,46.7700000000,44.0500000000,44.1500000000,45.8900000000,3173945,143505966.4900,2,2.418600,1,-3.791700,85.357840,4.752064,10.139899,-49.798093,0
2026-03-04,sz.300756,44.0200000000,44.2600000000,43.3700000000,43.7800000000,44.1500000000,2372329,103956520.0900,2,1.807800,1,-0.838100,84.642496,4.712239,10.054921,-49.380759,0
2026-03-05,sz.300756,44.0100000000,44.7300000000,43.2500000000,43.7000000000,43.7800000000,1799284,79102624.8000,2,1.371100,1,-0.182700,84.487828,4.703628,10.036547,-49.290525,0
2026-03-06,sz.300756,43.9400000000,46.2200000000,43.3800000000,45.3200000000,43.7000000000,3447675,154639258.3500,2,2.627200,1,3.707100,87.619871,4.877996,10.408612,-51.117771,0
2026-03-09,sz.300756,45.3000000000,46.7800000000,43.5100000000,44.1700000000,45.3200000000,2684064,120095988.8800,2,2.045300,1,-2.537500,85.396507,4.754217,10.144492,-49.820652,0
2026-03-10,sz.300756,44.7800000000,45.2000000000,44.4100000000,44.7500000000,44.1700000000,1549466,69444845.1400,2,1.180700,1,1.313100,86.517856,4.816645,10.277700,-50.474851,0
2026-03-11,sz.300756,44.8800000000,45.4400000000,43.5900000000,43.8000000000,44.7500000000,2594778,115037279.2200,2,1.977300,1,-2.122900,84.681164,4.714392,10.059514,-49.403318,0
2026-03-12,sz.300756,43.8300000000,43.8400000000,42.6500000000,42.9900000000,43.8000000000,2418360,103958930.7900,2,1.842800,1,-1.849300,83.115142,4.627208,9.873482,-48.489695,0
2026-03-13,sz.300756,43.0700000000,43.7800000000,42.3000000000,42.5100000000,42.9900000000,2506584,107082127.8800,2,1.910100,1,-1.116500,82.187129,4.575543,9.763241,-47.948289,0
2026-03-16,sz.300756,42.5200000000,42.6400000000,41.1800000000,41.4300000000,42.5100000000,2548900,106125433.0000,2,1.942300,1,-2.540600,80.099101,4.459298,9.515198,-46.730125,0
2026-03-17,sz.300756,41.6500000000,42.2100000000,39.8900000000,40.0700000000,41.4300000000,3298798,135109041.9000,2,2.513700,1,-3.282600,77.469731,4.312915,9.202848,-45.196140,0
2026-03-18,sz.300756,40.4200000000,40.8500000000,39.2800000000,40.0600000000,40.0700000000,3427369,136254214.6300,2,2.611700,1,-0.025000,77.450398,4.311839,9.200551,-45.184861,0
